/**
 * generated by fontconvert.py
 * name: sarabun_12_bold
 * size: 12
 * mode: 2-bit  compressed: true
 * Command used: fontconvert.py sarabun_12_bold 12 ../builtinFonts/source/Sarabun/Sarabun-Bold.ttf --2bit --compress --pnum --zopfli --additional-intervals 0x0E00,0x0E7F
 */
#pragma once
#include "EpdFontData.h"

static const uint8_t sarabun_12_boldBitmaps[14911] = {
    0x9D, 0x97, 0x31, 0xAC, 0xE6, 0xC6, 0x71, 0x80, 0x3F, 0xFE, 0xBC, 0xDC, 0xEF, 0x84, 0xC5, 0xBA,
    0x31, 0x02, 0x04, 0x01, 0xD8, 0xA4, 0x89, 0x11, 0x9B, 0x29, 0x5D, 0x48, 0x1E, 0x22, 0x29, 0x5C,
    0xA4, 0xD0, 0x15, 0x7A, 0x52, 0xA1, 0x42, 0x69, 0x8D, 0x00, 0x79, 0x4D, 0x4A, 0xE9, 0x96, 0x80,
    0x7B, 0xE8, 0x8A, 0xA4, 0x89, 0x0A, 0xA7, 0x48, 0x1D, 0xB7, 0x2A, 0x7C, 0x3F, 0x57, 0x71, 0xE1,
    0x22, 0x45, 0x68, 0x18, 0x42, 0x0A, 0x17, 0x66, 0x8C, 0xF3, 0xB9, 0x50, 0xA1, 0x75, 0xC4, 0x48,
    0x3C, 0x6B, 0xB8, 0x93, 0xDD, 0x9F, 0xEF, 0x4E, 0x77, 0x7A, 0xCF, 0xCF, 0x8A, 0xB9, 0xF3, 0xCD,
    0xFB, 0x77, 0x66, 0x96, 0xBB, 0xF3, 0xEF, 0xFC, 0xE4, 0x3E, 0xE1, 0xE6, 0x06, 0x20, 0x58, 0xB0,
    0x20, 0xE8, 0x4D, 0x52, 0xAF, 0xC7, 0x78, 0x66, 0x69, 0xCE, 0x1C, 0xA3, 0x9B, 0xCD, 0x4C, 0x0B,
    0x6F, 0xFE, 0xEF, 0xE5, 0x23, 0x37, 0xB7, 0xE1, 0xCC, 0xD4, 0x85, 0xA7, 0xF6, 0xCB, 0x0F, 0xFC,
    0x3F, 0x76, 0x41, 0xFA, 0x82, 0x0C, 0x9E, 0x02, 0x02, 0xF8, 0x81, 0xA3, 0xAD, 0xB4, 0x96, 0x90,
    0xF0, 0x16, 0x02, 0x48, 0x0F, 0xDD, 0x0C, 0x2E, 0x41, 0x6D, 0x13, 0x8C, 0x2B, 0x34, 0x09, 0x30,
    0x40, 0xF8, 0xD3, 0x8C, 0x1F, 0x46, 0xC4, 0x12, 0xCE, 0x94, 0x83, 0xCD, 0x20, 0x9C, 0x69, 0x16,
    0x5C, 0x44, 0x8C, 0x2E, 0xE0, 0xC7, 0x3C, 0x15, 0x5B, 0x1B, 0x46, 0x50, 0xF7, 0xFE, 0x56, 0xF4,
    0x8F, 0x94, 0x6C, 0xF9, 0x71, 0x24, 0x7B, 0x5F, 0x99, 0x5F, 0x45, 0xAC, 0xFB, 0xB1, 0xF5, 0xCD,
    0x2A, 0xAF, 0x9C, 0x27, 0xEA, 0xFE, 0x23, 0x52, 0x6D, 0xF2, 0xD7, 0x91, 0x7A, 0x95, 0x3A, 0x72,
    0x8C, 0x45, 0xBB, 0x59, 0xBE, 0x13, 0xE9, 0x42, 0xFB, 0xD1, 0x8C, 0xF4, 0x8D, 0x05, 0x8C, 0x2A,
    0xC1, 0x38, 0x50, 0x5B, 0xA4, 0xF9, 0x54, 0x71, 0x53, 0x26, 0x64, 0xFE, 0x5B, 0x73, 0x7F, 0xC9,
    0xF6, 0x19, 0x67, 0x3D, 0x62, 0x7C, 0xD7, 0xFB, 0xB0, 0x25, 0xF7, 0x6B, 0xD5, 0xA3, 0xE9, 0x56,
    0xD9, 0x32, 0xE2, 0xA3, 0x3C, 0x36, 0x6D, 0xCD, 0x72, 0x77, 0xFE, 0x07, 0x00, 0xDD, 0xAF, 0xC3,
    0xD2, 0xCC, 0x2E, 0x74, 0x83, 0xE0, 0x39, 0xB1, 0x9D, 0x9B, 0xA2, 0xE7, 0xBF, 0x27, 0x3C, 0x42,
    0x37, 0xB8, 0xD0, 0xCC, 0x87, 0xC5, 0xD3, 0x0E, 0x6E, 0xCA, 0x9B, 0x10, 0x0F, 0x6B, 0xA5, 0xBC,
    0xD0, 0x2A, 0x3D, 0xAC, 0x75, 0xD9, 0x96, 0xA9, 0x1D, 0x3C, 0x40, 0xEB, 0x7A, 0xF7, 0x26, 0xC7,
    0x8D, 0xD7, 0xB7, 0x7B, 0x66, 0x31, 0x4B, 0xAD, 0x34, 0xFF, 0x56, 0xEC, 0x77, 0xFF, 0x10, 0x84,
    0x6B, 0x98, 0x59, 0x28, 0x5C, 0xF8, 0x7F, 0xEA, 0x6F, 0xF2, 0xBB, 0x20, 0xB3, 0xC4, 0x36, 0xD6,
    0x73, 0x93, 0x97, 0xFB, 0x4D, 0xEE, 0x70, 0xF1, 0xAA, 0xA9, 0xE9, 0xDB, 0x66, 0x6F, 0x43, 0x1B,
    0xF6, 0x5D, 0xF4, 0xC0, 0x09, 0x50, 0x38, 0xAC, 0x50, 0x47, 0x68, 0xE6, 0x32, 0x18, 0xBA, 0x01,
    0xE4, 0x77, 0xBB, 0xFF, 0x1C, 0xA8, 0xC6, 0x07, 0x34, 0xA5, 0x46, 0x1E, 0x6F, 0x48, 0xEF, 0xF1,
    0x59, 0x9F, 0x72, 0xC4, 0x46, 0x1B, 0x14, 0xF7, 0x02, 0xC5, 0x56, 0x7C, 0x25, 0xA6, 0xC4, 0x96,
    0x31, 0x65, 0x6C, 0xB9, 0x07, 0x3F, 0xE4, 0xA8, 0x88, 0x32, 0x2A, 0x0F, 0x95, 0xBF, 0x55, 0xF8,
    0xED, 0xF2, 0x75, 0xFB, 0x17, 0xB1, 0x98, 0xA5, 0xB2, 0x07, 0xB4, 0xB6, 0x22, 0xF9, 0x4E, 0xDF,
    0xE4, 0xC4, 0x57, 0x10, 0x38, 0xE3, 0x81, 0x04, 0x95, 0x42, 0xBD, 0x42, 0x13, 0xA1, 0x9D, 0xC0,
    0x0F, 0x54, 0x06, 0x8D, 0x42, 0xF7, 0xE4, 0xA2, 0x17, 0xB3, 0x50, 0xB8, 0x6B, 0xF9, 0x63, 0x1C,
    0xDF, 0xD5, 0x6F, 0x95, 0x01, 0x4A, 0xD6, 0xC7, 0xF5, 0x60, 0x73, 0x16, 0xDE, 0x50, 0x48, 0xE0,
    0x41, 0xC0, 0xBF, 0x44, 0xCA, 0x61, 0x62, 0xCB, 0x5D, 0x1B, 0x38, 0x28, 0xD4, 0x19, 0x97, 0x69,
    0x33, 0x92, 0x39, 0x95, 0xD1, 0x4A, 0xBD, 0x28, 0x4D, 0xDC, 0x33, 0x97, 0x41, 0xF1, 0xE8, 0xB3,
    0x7D, 0x2B, 0x80, 0xF2, 0x94, 0xD6, 0xD2, 0xCE, 0x07, 0x17, 0x74, 0x81, 0x9D, 0x01, 0xE4, 0x07,
    0x13, 0x52, 0xB2, 0xFB, 0xD5, 0x86, 0xF4, 0xE3, 0x0B, 0x9B, 0xFC, 0x55, 0x3C, 0x2F, 0x93, 0xF0,
    0xEF, 0x2A, 0x9D, 0x45, 0x72, 0x06, 0xC0, 0x1D, 0xCE, 0x6B, 0xEA, 0x32, 0xF6, 0x88, 0x3A, 0x81,
    0x5B, 0xF6, 0xC4, 0xC5, 0x06, 0xBC, 0x2D, 0x8C, 0x1F, 0x2A, 0x46, 0x62, 0xC3, 0xA3, 0xC8, 0x99,
    0x87, 0x78, 0x3C, 0x89, 0x2E, 0xFB, 0x9C, 0x2D, 0x54, 0x36, 0x60, 0xE7, 0xEB, 0xE2, 0xF5, 0x44,
    0xB3, 0xE2, 0x22, 0xDD, 0x84, 0x04, 0x7C, 0x8F, 0x41, 0xA2, 0xD2, 0x22, 0x87, 0x95, 0x3A, 0xCB,
    0x72, 0x96, 0x58, 0xA4, 0xEC, 0xA4, 0xB3, 0x95, 0xEE, 0xF1, 0xBE, 0x62, 0x39, 0x37, 0x8F, 0xBC,
    0xBF, 0x15, 0x7B, 0x66, 0xC9, 0xD9, 0x28, 0x23, 0x27, 0xB6, 0xAB, 0xD9, 0xB7, 0xCC, 0xC8, 0x78,
    0xCE, 0xB2, 0xCD, 0xFE, 0x83, 0x0D, 0x99, 0xBE, 0xB5, 0x28, 0x1F, 0xEA, 0xC8, 0xB6, 0x71, 0x5F,
    0x91, 0x0D, 0x7F, 0x62, 0xF4, 0x7F, 0x65, 0x9D, 0xA5, 0xA3, 0x6D, 0xBC, 0xA6, 0x1C, 0x17, 0xBA,
    0x78, 0xD7, 0x82, 0x24, 0xBA, 0x85, 0x3F, 0x81, 0xBD, 0xBE, 0xD9, 0x3F, 0xB4, 0xBD, 0x04, 0x09,
    0x6D, 0xCF, 0xB3, 0xAB, 0xE5, 0x6C, 0x09, 0xCD, 0xE0, 0x7A, 0xE1, 0x25, 0xEE, 0x00, 0x55, 0x0F,
    0x6E, 0x80, 0xB1, 0xA7, 0xD9, 0x60, 0x9C, 0x39, 0x26, 0xF0, 0x33, 0x58, 0x7F, 0xEE, 0x9E, 0xCD,
    0x8C, 0x13, 0xB8, 0x0D, 0xAA, 0x62, 0x6D, 0x87, 0x32, 0xEE, 0xD9, 0x8F, 0xF0, 0xE2, 0xE2, 0xD9,
    0x1C, 0xE5, 0xF3, 0x53, 0xFB, 0x00, 0x2C, 0xEC, 0xF7, 0xE9, 0x16, 0x38, 0x5A, 0xBF, 0xDF, 0xB8,
    0x4C, 0xB0, 0x3F, 0x9D, 0x8A, 0xA3, 0xA4, 0x7A, 0xF6, 0xDB, 0x00, 0x2B, 0x30, 0x40, 0xB6, 0x0D,
    0x25, 0xFD, 0x77, 0xD7, 0x6F, 0x54, 0x7A, 0x07, 0x85, 0xF3, 0x77, 0x7D, 0x8C, 0xB8, 0x80, 0xF4,
    0x9C, 0x60, 0x03, 0xDD, 0x53, 0x05, 0x2B, 0x52, 0x3E, 0x34, 0x56, 0x32, 0xB1, 0x95, 0x3A, 0xFD,
    0xB3, 0xE1, 0xE6, 0x7B, 0xDD, 0xD0, 0x7D, 0x27, 0x1D, 0xC3, 0xCB, 0xAD, 0x7D, 0x6F, 0x7E, 0xEB,
    0x1B, 0xCD, 0xFB, 0xF1, 0x3D, 0xEA, 0x10, 0x73, 0xE9, 0x86, 0x18, 0xDB, 0xA2, 0x5E, 0xAE, 0xDF,
    0x8F, 0xCB, 0x4B, 0xF5, 0x8F, 0xE6, 0xF7, 0x5E, 0x76, 0x1F, 0x86, 0xB7, 0xDA, 0x64, 0xBD, 0xDC,
    0x9D, 0xDF, 0xA3, 0x0D, 0x40, 0x93, 0xFE, 0x6E, 0xA2, 0x32, 0x9B, 0xA0, 0x4D, 0x80, 0x8B, 0x3B,
    0xED, 0x02, 0xA2, 0x3B, 0x7E, 0x83, 0xE4, 0x41, 0x85, 0x4A, 0xA5, 0xAF, 0xD7, 0x2E, 0xD4, 0x4B,
    0x1B, 0xCA, 0xE3, 0xCD, 0x99, 0xC5, 0x42, 0x6B, 0xB6, 0x48, 0xA8, 0x55, 0x86, 0x83, 0xFA, 0x9E,
    0xCD, 0xEC, 0x01, 0x66, 0x2B, 0xE9, 0x8D, 0x0D, 0x65, 0xCC, 0x48, 0xC6, 0x67, 0x4E, 0xA4, 0xD7,
    0x15, 0xB3, 0x98, 0x51, 0xB4, 0x4A, 0x57, 0x76, 0xB9, 0x62, 0x24, 0xBD, 0x96, 0x8A, 0x2F, 0x33,
    0xC1, 0xE5, 0xCA, 0xC1, 0x6C, 0x70, 0x4F, 0xC6, 0xA9, 0x0B, 0xC7, 0x41, 0xA8, 0xB8, 0x0F, 0x3C,
    0x04, 0x36, 0x40, 0xAF, 0xD8, 0xAE, 0x6C, 0xC5, 0x57, 0x62, 0x4A, 0x6C, 0x19, 0x53, 0xC6, 0x96,
    0x7B, 0x3C, 0x5B, 0xCF, 0x6B, 0x4F, 0xE7, 0xEB, 0x06, 0xBD, 0x7A, 0x7A, 0xDD, 0x4C, 0xFB, 0xF4,
    0x37, 0x9D, 0x73, 0x48, 0x65, 0x6C, 0x66, 0xC8, 0xA4, 0x2C, 0xE9, 0xE2, 0x55, 0x85, 0x67, 0x92,
    0xBB, 0x66, 0x9A, 0x45, 0xE1, 0x9A, 0x3D, 0x9D, 0xA5, 0x5C, 0xE9, 0xE2, 0xE2, 0x0B, 0x01, 0xFB,
    0xA8, 0xFD, 0x6E, 0xD7, 0x85, 0xCB, 0x27, 0x25, 0xF7, 0xE0, 0x9E, 0x5C, 0xC6, 0x2E, 0x1C, 0x82,
    0xC0, 0x8B, 0xB9, 0xD7, 0x16, 0x0B, 0x5B, 0xF5, 0x7A, 0xDC, 0xA8, 0xE3, 0x29, 0x23, 0x85, 0x50,
    0x47, 0xF7, 0xE4, 0x07, 0xB1, 0x36, 0x8B, 0xF8, 0x5F, 0x46, 0xA5, 0xFE, 0xAD, 0xA4, 0x8B, 0x37,
    0xA2, 0x99, 0x15, 0x4A, 0xFF, 0x76, 0xAE, 0x5D, 0xD9, 0xF8, 0x25, 0xE5, 0x5B, 0x2E, 0x8E, 0x36,
    0x79, 0x0B, 0xCD, 0x86, 0xE2, 0x83, 0x62, 0x68, 0xAD, 0x68, 0xB3, 0xA0, 0xED, 0x8C, 0x4A, 0x40,
    0x0D, 0x52, 0x66, 0xFF, 0x9E, 0x03, 0xF6, 0xF3, 0x19, 0xCB, 0xFE, 0xAD, 0xC4, 0x1D, 0xCA, 0x38,
    0xCB, 0xF8, 0x41, 0x91, 0xB2, 0x3F, 0xB3, 0xC2, 0x97, 0x17, 0x7B, 0x7A, 0x25, 0xE8, 0x82, 0x81,
    0x04, 0xEB, 0xF1, 0xC1, 0x06, 0xC6, 0x50, 0x26, 0x0B, 0x36, 0x55, 0x59, 0xC5, 0xFA, 0x4A, 0xA5,
    0xB5, 0xF9, 0x28, 0xA8, 0xBA, 0xFF, 0x0C, 0xFA, 0xB0, 0x7D, 0x27, 0xE8, 0xFD, 0xEE, 0x95, 0xA0,
    0x22, 0x2E, 0x68, 0x77, 0xCA, 0xCA, 0xE9, 0x53, 0x75, 0x5C, 0xB2, 0xAA, 0xA3, 0x0B, 0x65, 0x0F,
    0xAC, 0x30, 0x64, 0xA6, 0x4C, 0xCC, 0xAC, 0x99, 0xAD, 0x8E, 0x6A, 0x19, 0xFF, 0xBD, 0xA8, 0xDD,
    0x4F, 0xA3, 0xBA, 0x4F, 0xA3, 0x1E, 0x2D, 0xEA, 0x21, 0x43, 0xC1, 0x67, 0xBA, 0x8C, 0xCB, 0x1C,
    0x23, 0x97, 0x0B, 0xB5, 0x19, 0xB9, 0x7E, 0x43, 0x17, 0x9A, 0xB2, 0xA7, 0xCB, 0x89, 0xC3, 0xBA,
    0x51, 0xE9, 0x06, 0xAA, 0x57, 0x6C, 0x85, 0x6C, 0x2B, 0xBE, 0x12, 0x53, 0x62, 0xCB, 0x98, 0x32,
    0xB6, 0xDC, 0xC3, 0x6C, 0x30, 0x5B, 0xF2, 0x2F, 0x50, 0x49, 0x8A, 0x57, 0xE4, 0xAC, 0x4F, 0x5A,
    0x6D, 0x66, 0xAB, 0xD9, 0x94, 0x5E, 0xBD, 0xB1, 0xEA, 0xAE, 0xCF, 0x7E, 0xFF, 0x3C, 0x3B, 0xAA,
    0x5F, 0x98, 0x3D, 0x51, 0xE9, 0x58, 0x66, 0xEF, 0x8F, 0x8B, 0x4C, 0x6D, 0x74, 0x96, 0xF3, 0x36,
    0xEB, 0xF7, 0xF3, 0xA2, 0xFD, 0x2B, 0x8C, 0x0A, 0x77, 0xD7, 0xEB, 0x4F, 0x03, 0xFF, 0xDC, 0x13,
    0x21, 0x65, 0xBB, 0x62, 0x16, 0xCF, 0x68, 0xB3, 0xEE, 0x95, 0x51, 0x6D, 0xC5, 0x77, 0x15, 0x2F,
    0x7D, 0x66, 0xA8, 0xC6, 0x89, 0xC6, 0xF4, 0xEA, 0x1C, 0xF2, 0x67, 0x08, 0x20, 0x01, 0xBA, 0x05,
    0x9C, 0xF5, 0x1C, 0x2D, 0x82, 0x29, 0xB4, 0x09, 0x2A, 0x03, 0x3C, 0x77, 0x10, 0xBE, 0x8D, 0xC7,
    0xE7, 0x31, 0xAD, 0xAD, 0x1C, 0xCE, 0x6B, 0xB1, 0x58, 0xB8, 0xB8, 0xFC, 0xE0, 0x1E, 0x2E, 0xF0,
    0xFB, 0xA2, 0x59, 0xFD, 0x7F, 0xD8, 0x32, 0x27, 0xBA, 0xE0, 0x07, 0x3F, 0x88, 0x19, 0xCE, 0x94,
    0x92, 0x93, 0xEF, 0x49, 0x39, 0xBB, 0x4D, 0xC2, 0x41, 0xDB, 0x50, 0xAF, 0x6E, 0xCA, 0x45, 0x15,
    0xF7, 0x73, 0x7D, 0xBD, 0xB8, 0xA9, 0x5E, 0xDB, 0x50, 0xA9, 0x0C, 0x6C, 0xD2, 0x73, 0xF2, 0xE0,
    0x4F, 0x20, 0x0A, 0x5D, 0xA6, 0x5D, 0xC1, 0x45, 0x68, 0x22, 0x7E, 0x90, 0xA1, 0x0B, 0x32, 0x48,
    0x28, 0xCD, 0x87, 0xD2, 0x1B, 0x27, 0x19, 0xDA, 0x60, 0xB3, 0xEF, 0xDB, 0xE9, 0xB3, 0xE8, 0x71,
    0x3F, 0xF9, 0x24, 0x8E, 0xB8, 0x5F, 0xFC, 0x7A, 0x49, 0x34, 0x1F, 0xC7, 0x75, 0xE3, 0xF8, 0x71,
    0xD4, 0x8D, 0xFA, 0xD3, 0xF9, 0xA1, 0x52, 0xDB, 0xE4, 0x8B, 0x0E, 0xB2, 0x72, 0xC8, 0xFA, 0x7C,
    0x4E, 0xE8, 0x16, 0xB0, 0xBE, 0x8D, 0x60, 0xB8, 0x5D, 0xCF, 0x48, 0xA8, 0xD5, 0xC5, 0xE3, 0xDA,
    0xE4, 0x95, 0xD6, 0xDA, 0x4D, 0x65, 0xF5, 0xD8, 0x08, 0x92, 0xF6, 0x75, 0xB9, 0x65, 0x5F, 0x9B,
    0x6C, 0xE0, 0x0D, 0xCC, 0xF7, 0x87, 0x1C, 0x73, 0x5C, 0xDB, 0xB9, 0xE4, 0xD6, 0xCE, 0xB5, 0xE6,
    0x7C, 0x37, 0xDF, 0x1F, 0x57, 0x09, 0xB9, 0x3F, 0xB9, 0x6C, 0xEF, 0xC2, 0x71, 0x29, 0x6F, 0x98,
    0x71, 0xAF, 0xF5, 0x51, 0x41, 0x16, 0xE8, 0x22, 0xB8, 0xE9, 0xD6, 0xBD, 0x78, 0x7A, 0xCA, 0xFB,
    0xDA, 0xC5, 0xD8, 0x83, 0xB1, 0x9F, 0xDB, 0xF6, 0xEF, 0x66, 0x3F, 0x1C, 0x05, 0xC8, 0xAE, 0x2A,
    0x41, 0xAD, 0xD0, 0x5C, 0xB9, 0x64, 0x02, 0xFF, 0xC1, 0xE7, 0xAF, 0x74, 0x5B, 0x6D, 0x4D, 0xF7,
    0x94, 0xDB, 0x5A, 0x89, 0xB9, 0xB8, 0xE7, 0x01, 0xE9, 0xA1, 0x0D, 0xFB, 0xE2, 0x8E, 0x11, 0xEA,
    0x05, 0x2A, 0x05, 0x36, 0xE0, 0xCB, 0x05, 0x00, 0xDD, 0x00, 0x7F, 0xD4, 0x8F, 0x71, 0x8C, 0x7F,
    0x1C, 0xEB, 0x5B, 0x5B, 0x89, 0xF9, 0x5A, 0xA9, 0xD9, 0xAB, 0x9C, 0x22, 0xF8, 0x05, 0x36, 0xA5,
    0x5A, 0x1F, 0x72, 0x58, 0xEE, 0x53, 0x47, 0xA1, 0x99, 0xDA, 0xC1, 0x05, 0x17, 0xBA, 0xA1, 0x99,
    0x24, 0x5B, 0xCE, 0x27, 0x96, 0x90, 0x45, 0x28, 0x8E, 0x7A, 0x3A, 0xC4, 0xFD, 0x30, 0xEC, 0xDF,
    0x5D, 0xBF, 0x5A, 0x29, 0xAF, 0x69, 0x6B, 0xEA, 0x4D, 0x0D, 0xDD, 0xB2, 0x1C, 0x74, 0xFC, 0xBE,
    0x8A, 0x69, 0xB3, 0xFE, 0x50, 0x80, 0x6B, 0xB4, 0x8F, 0x10, 0xDB, 0x90, 0x27, 0x86, 0x94, 0x6A,
    0xEB, 0xDB, 0x20, 0x14, 0xDC, 0xFE, 0xB7, 0xF4, 0xB3, 0xF5, 0xEC, 0x1F, 0x37, 0xA4, 0x9D, 0x4B,
    0x15, 0x39, 0x5B, 0xE4, 0xB1, 0x7A, 0xFE, 0x32, 0xC1, 0x06, 0x7A, 0xD6, 0x09, 0xB2, 0x25, 0xDB,
    0xB3, 0x37, 0xC7, 0xDC, 0x30, 0x19, 0x87, 0x24, 0xB4, 0x66, 0xC8, 0xCF, 0x8C, 0x11, 0x63, 0xC3,
    0xBF, 0x70, 0xAC, 0x2C, 0x7D, 0xCF, 0x78, 0xF6, 0xB7, 0x36, 0x72, 0xD8, 0xA4, 0x4C, 0xB7, 0x1F,
    0x43, 0x1F, 0x2B, 0x9E, 0xFB, 0xE7, 0x38, 0x33, 0x3B, 0x93, 0x5F, 0xC3, 0x24, 0xC0, 0xF3, 0x17,
    0xD9, 0x9F, 0xF6, 0x1F, 0xA1, 0x3D, 0x80, 0x71, 0x38, 0xDA, 0xE4, 0x3E, 0x19, 0xDC, 0x84, 0x0B,
    0xEC, 0x5F, 0xD8, 0x9B, 0xBF, 0xEC, 0x5D, 0xE0, 0x16, 0xB9, 0xBB, 0x49, 0x9E, 0x54, 0x3E, 0xB4,
    0x11, 0xDB, 0xF0, 0x1B, 0xA2, 0xC8, 0x56, 0xC4, 0x8F, 0x8C, 0xF2, 0x5F, 0xD6, 0x9A, 0x1D, 0x92,
    0x87, 0x2C, 0x23, 0x6C, 0xDD, 0xF9, 0xFF, 0x8A, 0xC6, 0x06, 0x85, 0x17, 0xE4, 0x72, 0x4A, 0xB6,
    0xDA, 0xAF, 0x36, 0x63, 0xBC, 0xBA, 0xCF, 0x4D, 0x72, 0x3E, 0xFD, 0xCA, 0xF3, 0x17, 0x6F, 0x63,
    0x58, 0xD6, 0x20, 0xB7, 0x36, 0xFF, 0xF5, 0x24, 0x2A, 0xD7, 0xDE, 0x9A, 0xB5, 0xAA, 0x8B, 0x2A,
    0x41, 0x0D, 0x53, 0x6C, 0xC3, 0x0C, 0xF3, 0xC3, 0xD6, 0x86, 0x62, 0xAF, 0x17, 0x3D, 0xA8, 0x92,
    0x94, 0xDB, 0x5A, 0xBA, 0x37, 0xC6, 0x6E, 0xFE, 0x76, 0x3B, 0x77, 0xB3, 0x8C, 0x9B, 0xA9, 0x7C,
    0x62, 0x8F, 0x37, 0x09, 0xE3, 0x30, 0x4A, 0xEF, 0xF1, 0xE7, 0xF9, 0xBF, 0x8C, 0x6A, 0x66, 0xC4,
    0x2B, 0xF2, 0x9B, 0x84, 0x04, 0x8F, 0xF4, 0xC2, 0xEF, 0x6A, 0x65, 0xE7, 0x9C, 0x29, 0xF2, 0xD8,
    0x28, 0x23, 0xD2, 0x73, 0xFF, 0x96, 0x96, 0xBF, 0xA5, 0x5F, 0xEC, 0xC5, 0xBF, 0xEF, 0xF4, 0x54,
    0x0A, 0x72, 0x2F, 0xCC, 0xDF, 0xDC, 0x52, 0xC0, 0xC5, 0xFE, 0xC4, 0xF6, 0x42, 0xEF, 0x66, 0x04,
    0x6E, 0xE2, 0xF6, 0xFD, 0xB7, 0x5C, 0x93, 0xD9, 0x9B, 0x63, 0xE0, 0x8B, 0x92, 0x93, 0x15, 0x99,
    0x25, 0xF5, 0x12, 0x91, 0x80, 0x0C, 0x48, 0xCF, 0xF5, 0xB8, 0x43, 0xA2, 0xB5, 0x20, 0x3F, 0x9B,
    0x4A, 0x77, 0xC2, 0x6D, 0x1C, 0x2C, 0xD0, 0x45, 0xEA, 0xF8, 0x95, 0x3A, 0xCA, 0xF7, 0x63, 0x67,
    0xE1, 0x6E, 0x02, 0xB8, 0xFB, 0xAC, 0x2A, 0x6F, 0x2F, 0xDE, 0x89, 0xE6, 0xC9, 0x83, 0xDA, 0x66,
    0xC6, 0x49, 0xD1, 0x1B, 0x65, 0xAB, 0x34, 0xD5, 0xEA, 0x3F, 0x52, 0xD9, 0xB4, 0x59, 0x1E, 0x7A,
    0xBA, 0x41, 0x90, 0xBE, 0xEB, 0x3D, 0x6D, 0x38, 0xE1, 0x82, 0xD2, 0xFC, 0x44, 0xA9, 0xFF, 0x67,
    0xA1, 0xFE, 0x38, 0x52, 0x7D, 0x36, 0x83, 0x4D, 0x30, 0x06, 0xF0, 0x03, 0x08, 0x8C, 0x87, 0xC5,
    0x05, 0x5F, 0x5E, 0x5C, 0x72, 0xD4, 0x76, 0x90, 0xBF, 0xD1, 0xAE, 0xEF, 0xDE, 0x79, 0x28, 0xB4,
    0xEF, 0xFC, 0xBD, 0xE0, 0x7E, 0xDE, 0xDE, 0xC7, 0x7D, 0xE4, 0x4E, 0x34, 0xC9, 0x6D, 0x1C, 0xB7,
    0x46, 0xA9, 0xF5, 0x98, 0xD5, 0x5A, 0xAF, 0x1C, 0x96, 0x7A, 0x41, 0xFA, 0x91, 0x36, 0x6C, 0x34,
    0xBF, 0x58, 0xA9, 0x3F, 0x8B, 0x54, 0xE7, 0x09, 0x06, 0xF0, 0x3D, 0x58, 0xE0, 0x60, 0x33, 0xC7,
    0x8F, 0x17, 0x5C, 0x5E, 0x48, 0x17, 0x12, 0xBE, 0x8C, 0x28, 0x9A, 0x13, 0xD2, 0x5F, 0x95, 0xC0,
    0xBF, 0xAF, 0x34, 0x3F, 0x8D, 0x79, 0x91, 0x99, 0xBC, 0xC8, 0xCA, 0x02, 0x14, 0xC6, 0x1E, 0x3C,
    0x70, 0x1F, 0xD8, 0xA0, 0x56, 0xB0, 0x65, 0xCF, 0xE1, 0xBB, 0x80, 0x59, 0xCC, 0x72, 0xF1, 0xE6,
    0x44, 0x37, 0xE0, 0x41, 0x39, 0x2C, 0x1C, 0x67, 0x5C, 0xA0, 0xEB, 0xF1, 0x4F, 0x8F, 0xFB, 0x55,
    0x3A, 0x26, 0xF7, 0xC8, 0x85, 0xCF, 0x9B, 0x0F, 0x23, 0x12, 0xDC, 0xF3, 0xED, 0xD1, 0x31, 0x55,
    0x49, 0x6F, 0xBC, 0x36, 0xAC, 0xBF, 0x7C, 0x3E, 0x76, 0x6A, 0xD6, 0x5A, 0x9B, 0xD5, 0x4D, 0x9F,
    0xDB, 0x2E, 0x83, 0x0D, 0x1B, 0x55, 0xFF, 0x07, 0x7D, 0xB7, 0xB4, 0x61, 0x34, 0x1F, 0x52, 0x6B,
    0xBD, 0x56, 0x1B, 0xFF, 0x07, 0xAD, 0x98, 0x01, 0xA4, 0x26, 0x59, 0x76, 0xC7, 0x7F, 0x55, 0x77,
    0xA6, 0x2B, 0x3B, 0xB5, 0xC9, 0x1D, 0x6C, 0x24, 0x93, 0x1D, 0x53, 0x83, 0x20, 0x98, 0x9D, 0x1A,
    0x0C, 0x82, 0xAF, 0xFB, 0x56, 0xB2, 0x64, 0xD8, 0x20, 0x8D, 0x7E, 0x09, 0x16, 0x03, 0x03, 0x01,
    0x0F, 0x84, 0x45, 0xBF, 0x57, 0x95, 0x69, 0x40, 0x42, 0x3A, 0x48, 0xA0, 0x31, 0x03, 0x00, 0x04,
    0x82, 0x47, 0xFA, 0xBD, 0xBA, 0xD9, 0x41, 0x10, 0x4C, 0xAD, 0x35, 0x82, 0x60, 0x4A, 0xE8, 0x5D,
    0x04, 0x7D, 0xB3, 0x5B, 0xB3, 0x53, 0x93, 0x39, 0x55, 0x27, 0xF7, 0xD6, 0xD7, 0xEF, 0x79, 0x3D,
    0x3D, 0x93, 0xEE, 0x7D, 0xBA, 0xEE, 0xF9, 0x9F, 0x7B, 0xEB, 0xDE, 0x73, 0xFE, 0xF7, 0x7C, 0xDF,
    0xAD, 0x7B, 0xEA, 0x2A, 0x87, 0x7A, 0xF5, 0x0E, 0x70, 0xDF, 0x50, 0xD8, 0x6D, 0x72, 0x44, 0xA9,
    0x63, 0xAD, 0xD2, 0x76, 0x73, 0xCF, 0xCB, 0x0B, 0xC8, 0x26, 0x0B, 0xC4, 0xDB, 0xD8, 0x19, 0x87,
    0xA2, 0x01, 0x47, 0xE7, 0xF6, 0xED, 0x90, 0xAB, 0x14, 0x5F, 0x9C, 0xD8, 0x11, 0xEB, 0x37, 0x19,
    0x28, 0x47, 0x9C, 0x86, 0x28, 0xBF, 0xF3, 0xD9, 0x4D, 0x13, 0x88, 0x52, 0x84, 0xD4, 0xEF, 0x3E,
    0xB9, 0xA5, 0x2A, 0x51, 0x5E, 0xCC, 0x9A, 0x9B, 0x75, 0xBF, 0x46, 0x32, 0x9D, 0xED, 0x54, 0x85,
    0xCA, 0x9B, 0xA9, 0x6E, 0xF2, 0xD9, 0x81, 0x6C, 0x68, 0x32, 0xA9, 0xBB, 0x7C, 0xAE, 0x86, 0x62,
    0xB2, 0x5F, 0x1C, 0x46, 0x2A, 0x15, 0x7B, 0x38, 0x4F, 0x00, 0xCE, 0xE7, 0x52, 0x8D, 0x66, 0xB6,
    0xA1, 0x08, 0xC5, 0x6C, 0x47, 0x23, 0x95, 0x67, 0xA9, 0x3B, 0x7A, 0x07, 0x6E, 0xC5, 0xAA, 0x86,
    0x84, 0x17, 0x7F, 0xF8, 0xD9, 0x4D, 0x4C, 0x78, 0xE2, 0xFE, 0x1C, 0x72, 0x71, 0x71, 0xA9, 0x9D,
    0xF5, 0x77, 0xB1, 0x2A, 0xD4, 0x3F, 0x5B, 0x70, 0xCD, 0xEB, 0x11, 0x50, 0x0F, 0x60, 0x17, 0xA8,
    0x74, 0xC0, 0x1D, 0x0A, 0xEE, 0xFB, 0x2B, 0x6E, 0x6C, 0x63, 0x9F, 0x23, 0x57, 0x85, 0x7A, 0x21,
    0x36, 0x80, 0x96, 0x6F, 0xE1, 0xA8, 0xBB, 0x9E, 0x5A, 0x17, 0x0A, 0x0D, 0xF0, 0xDB, 0x70, 0xF2,
    0x26, 0xE2, 0x92, 0x26, 0xBB, 0x05, 0xB4, 0x3A, 0x24, 0xB7, 0x99, 0x72, 0xCA, 0x94, 0xEA, 0xFD,
    0xA5, 0xEA, 0x6E, 0x58, 0x7D, 0xC7, 0xDF, 0xAE, 0xEE, 0xDD, 0x19, 0xE7, 0x1B, 0x59, 0x16, 0xA6,
    0x1D, 0x84, 0x70, 0xA1, 0xA6, 0xEB, 0x10, 0x4E, 0xEA, 0xE2, 0x8F, 0xC3, 0x6D, 0xAB, 0x77, 0x06,
    0x57, 0xAC, 0xD6, 0xDB, 0xE1, 0xA6, 0x6B, 0x8A, 0xF5, 0x87, 0x0B, 0xA8, 0x4E, 0xF0, 0xDD, 0xB5,
    0xA1, 0x1A, 0xDB, 0xF9, 0xAF, 0xEE, 0xB3, 0xAB, 0xE5, 0x64, 0x17, 0x76, 0xD3, 0x7D, 0xB7, 0x00,
    0xAB, 0x1D, 0x72, 0xA9, 0xBB, 0x22, 0xF4, 0xD8, 0x9F, 0x2C, 0xB8, 0x3B, 0x73, 0xC2, 0xD6, 0x4E,
    0x7D, 0x69, 0x2C, 0xD9, 0x1C, 0x1C, 0x1C, 0x34, 0xAA, 0xEA, 0x13, 0xC0, 0x3E, 0x81, 0x83, 0x5B,
    0x2A, 0x2A, 0xF4, 0x5D, 0xF1, 0xF7, 0xFF, 0xFC, 0x2A, 0xAF, 0xBE, 0xAD, 0x3F, 0x78, 0xEB, 0x5F,
    0xFF, 0xED, 0x2D, 0xBD, 0xF3, 0xD6, 0xC7, 0xC5, 0xDB, 0x1F, 0xFD, 0xE0, 0xD5, 0xBF, 0xFE, 0xDB,
    0xB2, 0xF9, 0x51, 0xA6, 0x03, 0xB0, 0x91, 0xF8, 0x6A, 0x68, 0xA7, 0xB0, 0x4B, 0xA5, 0x9D, 0xAA,
    0x01, 0x07, 0x97, 0x71, 0x3E, 0xD3, 0x41, 0xFB, 0x0F, 0xCD, 0x57, 0xC7, 0x2E, 0x47, 0x52, 0x2C,
    0x38, 0xED, 0x6E, 0x1C, 0xFA, 0x17, 0xAC, 0x27, 0x4A, 0xDD, 0xD1, 0xC2, 0x82, 0x99, 0xA8, 0x1E,
    0xDC, 0xDC, 0x3F, 0x63, 0x65, 0xB2, 0xF1, 0xDF, 0x7B, 0xD7, 0x53, 0x79, 0xA3, 0x8D, 0xD1, 0x2E,
    0x7B, 0x77, 0xA4, 0x08, 0x2F, 0x14, 0xE1, 0xC6, 0xBB, 0x63, 0x1C, 0x2A, 0x57, 0x4C, 0x28, 0xBD,
    0xED, 0x6A, 0xAE, 0x23, 0xC8, 0xD7, 0xCA, 0x92, 0xC9, 0x6A, 0x44, 0x3F, 0x10, 0x5D, 0x65, 0x9D,
    0x17, 0x81, 0xAF, 0x48, 0xD6, 0x8B, 0x95, 0x9D, 0x93, 0x5D, 0x2B, 0xBB, 0xFE, 0x5C, 0xDA, 0xAD,
    0xA7, 0x92, 0x5D, 0x2E, 0x3B, 0xBE, 0xFD, 0xCD, 0x02, 0x47, 0xAA, 0x47, 0x85, 0xB7, 0x4D, 0xD5,
    0xD9, 0x40, 0x70, 0xA1, 0xEE, 0xF2, 0x50, 0x87, 0x3E, 0xFC, 0x4B, 0xF8, 0x7E, 0x30, 0xFB, 0x12,
    0x77, 0x8B, 0x53, 0xA7, 0xE5, 0x84, 0x5B, 0x38, 0x6D, 0x99, 0x2C, 0xC1, 0x26, 0x7D, 0xBF, 0xA6,
    0x5D, 0xA8, 0x66, 0x00, 0x77, 0x67, 0x8A, 0x6B, 0x27, 0x8F, 0xD6, 0xCE, 0x6D, 0x6B, 0x97, 0x90,
    0xDA, 0xFB, 0x35, 0x96, 0xCD, 0xE6, 0x5A, 0xB7, 0xFD, 0x5F, 0x9E, 0xAA, 0x41, 0x3D, 0x8E, 0xA4,
    0x8F, 0xE0, 0x03, 0x8F, 0x90, 0x86, 0xA6, 0xA4, 0xF3, 0x90, 0xB4, 0x19, 0x5E, 0xEA, 0xAC, 0x2F,
    0xBD, 0xF3, 0x55, 0x8C, 0xB0, 0xF7, 0x1A, 0xEA, 0x4C, 0xA3, 0xBE, 0x6E, 0xD4, 0xC3, 0x49, 0xF9,
    0xB1, 0x87, 0x60, 0xAD, 0x27, 0x1B, 0xDD, 0xE1, 0x80, 0xF1, 0x4E, 0x03, 0x45, 0x97, 0xB4, 0xDD,
    0xB8, 0x5E, 0x83, 0x97, 0x3A, 0x7E, 0x17, 0x00, 0xF8, 0xD6, 0xD6, 0xF7, 0x3D, 0x68, 0x3D, 0x3B,
    0x50, 0xCF, 0x09, 0x3C, 0xF4, 0x84, 0x6D, 0xC6, 0x31, 0x69, 0xE3, 0x93, 0x2E, 0xBB, 0x97, 0xA3,
    0xB6, 0x66, 0x8D, 0xFA, 0x4D, 0xAB, 0x9D, 0x86, 0xDD, 0x6F, 0x55, 0x5E, 0xC3, 0x49, 0xF2, 0x27,
    0x50, 0x75, 0x64, 0x23, 0x0E, 0x8C, 0xE7, 0x14, 0x8A, 0x2E, 0x9F, 0xC0, 0x52, 0x3E, 0xB8, 0xC9,
    0x6B, 0x58, 0x0D, 0xEC, 0x36, 0xFD, 0x23, 0x80, 0x72, 0xC2, 0x04, 0xDA, 0x95, 0x62, 0xE0, 0xA8,
    0xDF, 0x08, 0x1C, 0x55, 0x43, 0x76, 0x86, 0x83, 0x72, 0xE6, 0x28, 0xEA, 0x05, 0x01, 0xDA, 0x7C,
    0xCA, 0x3F, 0xC4, 0x99, 0x60, 0xC3, 0xF5, 0xBE, 0x1C, 0xAA, 0xD0, 0xAE, 0xD6, 0xBB, 0x50, 0x4E,
    0x75, 0xF3, 0x65, 0x00, 0x97, 0xFF, 0x32, 0xC0, 0xA9, 0xF9, 0x28, 0xC0, 0x6C, 0xFF, 0x63, 0x26,
    0x0F, 0x56, 0x05, 0x33, 0x26, 0x5D, 0xFA, 0x2D, 0xA5, 0x74, 0x44, 0x86, 0xDF, 0x03, 0xC8, 0x26,
    0x8C, 0x24, 0x89, 0x0D, 0xC0, 0x4C, 0x9B, 0x04, 0xCA, 0x2D, 0x1D, 0xBA, 0x8E, 0x16, 0x4E, 0x41,
    0x92, 0x74, 0x6B, 0x1E, 0xDA, 0x87, 0xC1, 0xA9, 0x2F, 0xD6, 0xAD, 0x17, 0x07, 0x29, 0xC8, 0x44,
    0x0B, 0x80, 0x0D, 0x7B, 0x54, 0x13, 0x38, 0xD9, 0xA3, 0x5D, 0x60, 0x6D, 0x41, 0x1C, 0x99, 0xB8,
    0xC6, 0xCC, 0xB5, 0x37, 0x53, 0xE5, 0x8B, 0x60, 0x87, 0xF3, 0xD4, 0x56, 0xA9, 0x4E, 0xCE, 0x1B,
    0x71, 0x5D, 0x2E, 0x6D, 0xC3, 0x02, 0xC7, 0x80, 0xB0, 0x05, 0x65, 0xC6, 0xE7, 0xCB, 0x9D, 0xA5,
    0x78, 0x03, 0xD4, 0x33, 0x1C, 0x1D, 0xC1, 0x7B, 0xAF, 0x3C, 0x5F, 0xFE, 0xEF, 0xBC, 0x08, 0xFD,
    0x9F, 0x81, 0xAE, 0x64, 0xFF, 0x35, 0x3F, 0xE2, 0x1E, 0xA1, 0x0A, 0x50, 0x27, 0xEE, 0x19, 0x5A,
    0x81, 0xB3, 0x05, 0x96, 0xB3, 0xC8, 0xDB, 0x92, 0x27, 0xEE, 0x29, 0x25, 0xB9, 0xCA, 0x97, 0x7B,
    0xEE, 0x31, 0xF2, 0x86, 0x3A, 0x71, 0x77, 0x66, 0x6E, 0x9B, 0x5C, 0x7A, 0xB2, 0x65, 0xCB, 0xC1,
    0xE2, 0xD8, 0x6A, 0x80, 0xF2, 0x52, 0xCC, 0xF5, 0xFC, 0x28, 0xEE, 0x53, 0x38, 0x3B, 0x86, 0xC5,
    0x41, 0xE4, 0x4D, 0x09, 0x32, 0xC5, 0x6C, 0x22, 0x6F, 0x19, 0x79, 0x1F, 0xC5, 0x3D, 0xD5, 0xDE,
    0xCC, 0xCE, 0xA7, 0x6D, 0x17, 0x79, 0x8B, 0x00, 0xBF, 0xF9, 0x06, 0x7C, 0xFB, 0x55, 0x28, 0x26,
    0x80, 0x7D, 0x6D, 0xE7, 0x08, 0x81, 0x2A, 0xC2, 0xAD, 0x11, 0x3D, 0xB4, 0x0E, 0x56, 0xD7, 0xB1,
    0xD4, 0x3E, 0x13, 0xEB, 0xF3, 0xF4, 0x0A, 0x9B, 0xCA, 0x50, 0x44, 0xDE, 0xC8, 0x3F, 0x47, 0x6E,
    0xA9, 0x52, 0xCA, 0xF6, 0x2C, 0xAE, 0x43, 0xA1, 0x57, 0x05, 0x8D, 0x2A, 0xD3, 0x07, 0x07, 0x18,
    0xF5, 0xEC, 0x55, 0xF9, 0xD0, 0x83, 0x4D, 0x9B, 0xB3, 0xFE, 0xF8, 0xC1, 0x2D, 0xDC, 0xDF, 0xA9,
    0xD0, 0xDA, 0xA8, 0x34, 0x6D, 0xD5, 0x25, 0xAA, 0x5C, 0xA2, 0x32, 0xAA, 0x9E, 0x32, 0x29, 0xFB,
    0xD9, 0xBB, 0x0F, 0x0E, 0xAA, 0xF4, 0xEF, 0x38, 0x1F, 0x15, 0xF5, 0x42, 0xAE, 0x3A, 0x94, 0xF1,
    0x05, 0x5B, 0xF9, 0x7C, 0x70, 0xC0, 0x31, 0x70, 0x0A, 0xC8, 0x25, 0x2C, 0xC0, 0x0A, 0xB4, 0x80,
    0xEB, 0xF0, 0xF5, 0x58, 0x6E, 0x2B, 0x97, 0x27, 0xCE, 0xC3, 0x15, 0xCC, 0x00, 0xA5, 0x8F, 0x98,
    0x81, 0xDB, 0xF0, 0xDA, 0x0C, 0xD5, 0xF6, 0xFC, 0x17, 0x23, 0x79, 0x80, 0x19, 0x40, 0x75, 0x8D,
    0xB2, 0x1E, 0xDC, 0x12, 0xB8, 0x90, 0x78, 0xAB, 0x2A, 0x51, 0x04, 0x9E, 0xE8, 0x4F, 0xF6, 0x94,
    0x23, 0x95, 0xC7, 0xC1, 0x11, 0x57, 0x27, 0x79, 0x0F, 0x56, 0x8C, 0x76, 0xF6, 0xDF, 0x87, 0x97,
    0xB2, 0xBB, 0x57, 0xE6, 0x29, 0xDF, 0x1F, 0xED, 0x47, 0x21, 0xEA, 0x2B, 0x33, 0x38, 0x6C, 0x57,
    0x7A, 0x33, 0x80, 0x09, 0x4F, 0x2F, 0xD6, 0x57, 0xCD, 0x0D, 0x6E, 0x03, 0xF2, 0x0C, 0x85, 0xBB,
    0x5B, 0x6E, 0x12, 0x6A, 0xC7, 0x1F, 0xBC, 0x04, 0x60, 0xC2, 0x55, 0xE4, 0xE2, 0xB8, 0x72, 0x65,
    0x06, 0xAB, 0x73, 0x84, 0x76, 0xF6, 0x93, 0x76, 0xB0, 0x69, 0xB7, 0x7B, 0x33, 0x59, 0x9F, 0xCD,
    0x11, 0x62, 0x3D, 0xA2, 0xEA, 0x37, 0x1C, 0x7E, 0xF2, 0x47, 0x62, 0xCF, 0x77, 0xC1, 0x66, 0x53,
    0x06, 0xFB, 0x49, 0x3F, 0x44, 0xDF, 0x26, 0x71, 0x70, 0xF3, 0x3B, 0xE4, 0xCB, 0x8E, 0x22, 0xB6,
    0x8B, 0xBF, 0x19, 0x01, 0x58, 0x30, 0x41, 0x13, 0xBA, 0x88, 0x21, 0x22, 0x44, 0xCC, 0x11, 0x8B,
    0x09, 0xA2, 0x11, 0xED, 0x9D, 0x20, 0xF5, 0x4F, 0x83, 0xD8, 0xCF, 0x83, 0x14, 0x1A, 0x24, 0x8F,
    0x20, 0xA1, 0x8D, 0xA8, 0x23, 0x6C, 0x44, 0x11, 0x10, 0xB8, 0xC8, 0xC1, 0xB6, 0xE3, 0xE2, 0x3A,
    0x9C, 0x30, 0xAA, 0xD8, 0x2F, 0x7A, 0x5F, 0xC7, 0x78, 0x1C, 0x66, 0x3A, 0x23, 0x9F, 0x17, 0x32,
    0x59, 0x40, 0x64, 0x8F, 0xAD, 0x9D, 0xFA, 0xD2, 0x58, 0xB2, 0x49, 0xB6, 0xC9, 0x27, 0xF9, 0x26,
    0x0E, 0x58, 0x20, 0x9B, 0xC1, 0x04, 0x28, 0xFC, 0xF3, 0xE7, 0xBF, 0xD6, 0x40, 0x35, 0x80, 0x9B,
    0x40, 0xEE, 0x93, 0x7D, 0xF8, 0xCA, 0xF3, 0xE5, 0x3F, 0xB3, 0x64, 0xBA, 0x92, 0xFF, 0xF7, 0xFC,
    0xFC, 0x63, 0xBF, 0x9C, 0x87, 0x9F, 0xE0, 0x6E, 0x7D, 0x3D, 0x44, 0x6E, 0x6F, 0xA6, 0xBE, 0xC9,
    0x67, 0x05, 0xF9, 0x3A, 0xA4, 0xB1, 0x64, 0x93, 0x6C, 0x93, 0xCF, 0x05, 0x37, 0xF0, 0x06, 0x25,
    0x2D, 0x75, 0x8C, 0xB1, 0xC7, 0xFE, 0x62, 0xC1, 0xE8, 0x04, 0x3A, 0x40, 0xEB, 0xC9, 0x74, 0xA4,
    0xF8, 0x72, 0xC6, 0x8E, 0x2B, 0xAE, 0x6B, 0xBB, 0x63, 0xAA, 0xEE, 0x37, 0xB8, 0x06, 0x87, 0x9A,
    0x38, 0x7C, 0x8C, 0x73, 0x8C, 0x7E, 0xC1, 0xA1, 0xF3, 0x71, 0xFE, 0x2B, 0x39, 0x35, 0xFF, 0x23,
    0x4B, 0x39, 0x88, 0x58, 0x2F, 0x52, 0x37, 0xB2, 0x38, 0x64, 0x39, 0xCD, 0xA4, 0x97, 0x7C, 0x6E,
    0x27, 0x33, 0xB9, 0x50, 0x86, 0xEA, 0x8B, 0x7E, 0x9F, 0x50, 0xFB, 0x89, 0xEB, 0x80, 0x09, 0x90,
    0x4F, 0x80, 0x00, 0x37, 0xB8, 0xB8, 0x04, 0xEB, 0x7F, 0x1D, 0x2C, 0x11, 0x67, 0xD4, 0xBE, 0x8D,
    0x71, 0x3A, 0x55, 0xAC, 0x0A, 0x59, 0x3F, 0x80, 0x99, 0xA0, 0x18, 0xC1, 0x7A, 0xA8, 0x9B, 0xE7,
    0xCF, 0xFF, 0x0A, 0xD0, 0x36, 0xA0, 0x03, 0xE6, 0x17, 0x81, 0x6B, 0xCD, 0x7B, 0xCF, 0x95, 0x3F,
    0x1F, 0x4F, 0x30, 0x41, 0x52, 0xFD, 0xDC, 0x63, 0xBF, 0x74, 0xEE, 0xB9, 0xD8, 0x77, 0x6D, 0x53,
    0xCC, 0xCE, 0x97, 0xA1, 0x1A, 0xEC, 0x68, 0x43, 0xED, 0x8B, 0x29, 0x9D, 0x45, 0xFA, 0xFD, 0x53,
    0xDB, 0x0B, 0xB8, 0x09, 0xEA, 0x00, 0x76, 0x88, 0xF0, 0xDF, 0x84, 0xF3, 0x64, 0x7E, 0x0B, 0xD5,
    0x4E, 0x35, 0x48, 0x31, 0x4B, 0x26, 0x42, 0x92, 0xD4, 0x28, 0xE6, 0xD8, 0x19, 0x87, 0xA2, 0x81,
    0xC0, 0x85, 0xE4, 0xDA, 0x51, 0x69, 0xC0, 0xFD, 0xE7, 0xCC, 0x59, 0x26, 0x2C, 0x11, 0x62, 0x66,
    0xC4, 0x06, 0xA4, 0xEE, 0x10, 0x47, 0x44, 0xAC, 0xEB, 0x09, 0x29, 0x14, 0xA1, 0xED, 0x84, 0xCA,
    0xCB, 0xEB, 0x95, 0x5F, 0xD6, 0xD8, 0xEE, 0x15, 0xA9, 0x66, 0xAC, 0xC7, 0x8C, 0x64, 0x01, 0x04,
    0xE0, 0x9A, 0x36, 0x4E, 0x43, 0x7B, 0x6F, 0x7E, 0x39, 0xF2, 0xFD, 0xB9, 0x54, 0x2A, 0xAD, 0x8A,
    0x22, 0x4B, 0x94, 0x5C, 0xFA, 0x0F, 0xC4, 0xA9, 0x94, 0xF3, 0x7D, 0xCA, 0x01, 0xDB, 0x51, 0xC3,
    0xF5, 0x5F, 0xC7, 0xEB, 0x3E, 0x99, 0x52, 0x7C, 0xEA, 0xED, 0x9D, 0xF1, 0xD9, 0xBD, 0xCC, 0x10,
    0xB7, 0x62, 0xA8, 0xFA, 0xE1, 0x35, 0xDB, 0x3D, 0xE6, 0x85, 0x70, 0xF0, 0xB8, 0x57, 0x26, 0xFD,
    0xBD, 0xBD, 0xD7, 0xE9, 0xE5, 0xB7, 0xEA, 0xDE, 0xAB, 0xD6, 0xE0, 0xEE, 0xCD, 0x2F, 0x3C, 0x2D,
    0xC2, 0xFC, 0x4F, 0xC9, 0x0B, 0x58, 0x00, 0x9E, 0x29, 0xC8, 0x55, 0xCA, 0x49, 0xAE, 0xAD, 0x7F,
    0xB2, 0xE2, 0x54, 0x75, 0x38, 0xBE, 0xA7, 0xF7, 0xC2, 0xCB, 0xF9, 0x92, 0xCF, 0xE4, 0x82, 0x94,
    0xB1, 0x4F, 0x5C, 0x52, 0xFA, 0x8F, 0xCB, 0xC1, 0xAD, 0xE8, 0x03, 0x8B, 0x59, 0xF8, 0xB0, 0x3F,
    0xD4, 0x7B, 0x93, 0xD3, 0x87, 0x3A, 0x96, 0xCB, 0xB5, 0xB5, 0xC9, 0xB4, 0xB3, 0x3A, 0xBB, 0x9F,
    0x49, 0xCB, 0xDB, 0x67, 0xB0, 0x80, 0x24, 0x9D, 0xA4, 0xE7, 0x75, 0xD7, 0xA5, 0x99, 0x0B, 0x1D,
    0xB9, 0x01, 0xB7, 0xA1, 0x6D, 0x28, 0x3C, 0x0F, 0x3D, 0xDB, 0x51, 0x06, 0x13, 0x80, 0x19, 0xB8,
    0x0F, 0x00, 0x91, 0x0C, 0xAB, 0x13, 0x91, 0x8E, 0x96, 0x63, 0x16, 0x1C, 0xAA, 0xBA, 0x61, 0x3D,
    0x38, 0x60, 0x05, 0x5A, 0xDE, 0x88, 0xE3, 0xEB, 0xFE, 0x11, 0xD7, 0xBB, 0x50, 0x04, 0xB0, 0x1E,
    0xAA, 0x06, 0x1C, 0x57, 0xE7, 0xB9, 0x01, 0x68, 0x83, 0xF9, 0x7C, 0xA0, 0xFC, 0x71, 0xB8, 0x32,
    0x4F, 0x5A, 0xBA, 0xB8, 0x82, 0x5B, 0x7D, 0x7E, 0x65, 0x7D, 0x47, 0xA9, 0x13, 0x55, 0xE4, 0x71,
    0x1C, 0xC7, 0xE2, 0x68, 0x55, 0x37, 0x1C, 0x47, 0x9E, 0x63, 0xC0, 0xF1, 0x87, 0x71, 0x7C, 0xA1,
    0xD4, 0x39, 0xDA, 0xDF, 0xC5, 0x51, 0xA5, 0xC3, 0xD1, 0x08, 0xFF, 0xEF, 0x91, 0xA8, 0x73, 0x4F,
    0x39, 0x12, 0x99, 0x40, 0x29, 0xD4, 0xC7, 0x1C, 0x95, 0x0D, 0x5C, 0xE5, 0xD8, 0xF3, 0xEC, 0x5E,
    0xC0, 0xEF, 0xE7, 0xDE, 0x7D, 0x3A, 0x7C, 0x57, 0x29, 0x56, 0x6A, 0xED, 0xDE, 0xB4, 0x03, 0x7F,
    0x11, 0x4A, 0x9D, 0x6A, 0x95, 0xF6, 0x1D, 0x89, 0x3B, 0x7E, 0x41, 0x84, 0xA4, 0xCF, 0xF2, 0xD9,
    0xDD, 0x0B, 0x95, 0x0E, 0xF9, 0x0A, 0xD3, 0x0E, 0xB3, 0xDE, 0xC6, 0x3C, 0x9C, 0x28, 0x3E, 0x1A,
    0x01, 0x70, 0xE5, 0x88, 0x6B, 0x05, 0xF7, 0xBF, 0x2B, 0xCE, 0xB7, 0xB8, 0xC6, 0xF1, 0xB4, 0xF2,
    0xD8, 0xBB, 0xE6, 0x3A, 0x00, 0xDB, 0xA2, 0x58, 0x95, 0xB8, 0x48, 0x4A, 0x62, 0x59, 0xA9, 0xBB,
    0x85, 0x6A, 0xCB, 0x9B, 0xA9, 0x4E, 0xF7, 0xA9, 0x3F, 0x8D, 0xEF, 0x17, 0x71, 0x60, 0x23, 0x2A,
    0x1E, 0xE5, 0xBF, 0x9A, 0xAB, 0xF3, 0x38, 0xA0, 0xEF, 0xC8, 0x3F, 0x1F, 0x29, 0x7E, 0x32, 0x5D,
    0x99, 0x27, 0x4B, 0xFF, 0xCF, 0x72, 0x9B, 0xF2, 0xE1, 0x84, 0x7D, 0x67, 0xBC, 0x32, 0x4F, 0xD9,
    0x9D, 0x60, 0xBD, 0x6C, 0x35, 0x70, 0x65, 0x9E, 0xFD, 0x66, 0xF3, 0x1B, 0xB6, 0x36, 0xF0, 0xF8,
    0x47, 0x33, 0xBE, 0xC6, 0x66, 0x47, 0xA6, 0xB2, 0x9F, 0xEB, 0xE7, 0x4A, 0x6B, 0xB4, 0x59, 0xCB,
    0x7F, 0xEA, 0x16, 0x5B, 0x79, 0x79, 0x33, 0xCE, 0x75, 0xBB, 0xF2, 0x67, 0x53, 0xED, 0xDB, 0x10,
    0xE7, 0xFA, 0xD5, 0x36, 0x57, 0xC4, 0x5D, 0x2A, 0xA0, 0xBC, 0xC8, 0xF6, 0x27, 0xC0, 0x53, 0xBE,
    0x5B, 0xB5, 0x0F, 0xC5, 0x2D, 0x52, 0x4E, 0xA7, 0xC9, 0xED, 0x22, 0xDB, 0x3F, 0xBB, 0xD7, 0x96,
    0xED, 0xCD, 0xA7, 0xBE, 0x7C, 0x7F, 0x78, 0x76, 0xAF, 0xCB, 0x79, 0xFB, 0xD9, 0xBD, 0x30, 0x01,
    0xCA, 0x01, 0x6C, 0x77, 0xF1, 0x9C, 0xF5, 0xB4, 0x38, 0xCE, 0x70, 0xCD, 0xA3, 0x55, 0xF8, 0xF1,
    0x4C, 0xF9, 0xD3, 0x80, 0xF9, 0x65, 0xC4, 0x97, 0x23, 0x99, 0x7A, 0x48, 0xE8, 0x1B, 0x68, 0x81,
    0x63, 0x60, 0x01, 0x23, 0x70, 0x7E, 0xB4, 0xFB, 0x4B, 0x40, 0x1E, 0x97, 0xA5, 0x6F, 0x54, 0xC7,
    0x98, 0xBB, 0xD7, 0x3C, 0x46, 0xF1, 0x78, 0x44, 0xF9, 0xAC, 0xF7, 0x82, 0xEA, 0xB0, 0xAC, 0x8D,
    0x3C, 0xE1, 0xF8, 0x95, 0x5F, 0x76, 0xC6, 0x99, 0x63, 0x71, 0x8D, 0x54, 0xEF, 0xCF, 0xB1, 0x3F,
    0x46, 0x56, 0xFC, 0x7C, 0x34, 0x5F, 0xFA, 0x5C, 0x3D, 0xDA, 0xA1, 0x5C, 0x7C, 0xE4, 0x29, 0x66,
    0x34, 0xA0, 0x3E, 0x45, 0xF3, 0x7F, 0xAD, 0x99, 0x01, 0x84, 0x27, 0x59, 0x7E, 0xC7, 0x3F, 0x55,
    0x75, 0x3B, 0x95, 0xD9, 0x8A, 0x7D, 0x17, 0xB2, 0x5C, 0xB8, 0xBB, 0x82, 0x45, 0x48, 0x32, 0xB5,
    0x80, 0xC5, 0xDC, 0xBC, 0xBA, 0x04, 0x87, 0xC0, 0x60, 0xFB, 0x82, 0xC5, 0x1D, 0x16, 0x17, 0x48,
    0x1F, 0x16, 0x83, 0x9D, 0xA9, 0x3A, 0x07, 0x80, 0x6D, 0x48, 0xE0, 0xB0, 0x8B, 0x00, 0xC1, 0xC2,
    0x62, 0x30, 0xD3, 0xF5, 0x72, 0x10, 0x1C, 0xD4, 0xEE, 0x18, 0x27, 0x06, 0xFB, 0x4F, 0x62, 0x66,
    0x24, 0x8B, 0x79, 0x73, 0x5B, 0x32, 0xD5, 0x99, 0x5F, 0xD5, 0x2F, 0xEF, 0xA9, 0xEA, 0xE9, 0xF4,
    0xFF, 0x76, 0xBA, 0x7B, 0x3A, 0xFD, 0xEA, 0xF7, 0xFD, 0x55, 0xD5, 0x7B, 0xBF, 0xF7, 0xDE, 0xB7,
    0xBF, 0x55, 0xFF, 0x5F, 0x55, 0xBF, 0x42, 0xD5, 0xB1, 0xB8, 0x9D, 0x9D, 0x9A, 0xA5, 0xE4, 0x03,
    0x50, 0x8C, 0x80, 0x11, 0xA0, 0x9C, 0x80, 0x6A, 0x06, 0x6C, 0x07, 0x34, 0xB6, 0x86, 0xB9, 0x6A,
    0x61, 0x2A, 0x1D, 0x89, 0x98, 0x9E, 0x6C, 0x34, 0x9E, 0x6C, 0xC8, 0x3D, 0xB9, 0xEA, 0x80, 0x51,
    0x95, 0xC5, 0x55, 0x8E, 0x09, 0xEB, 0x50, 0x6C, 0x4B, 0x87, 0x55, 0x1F, 0xEC, 0xCD, 0x9D, 0xEB,
    0xC0, 0x25, 0xAD, 0xC3, 0xF1, 0xAD, 0xF7, 0xC6, 0x6F, 0x27, 0xC2, 0x8F, 0xA5, 0x54, 0x69, 0x54,
    0x14, 0x99, 0x82, 0xA5, 0xD2, 0x7D, 0x2C, 0x56, 0xA5, 0x18, 0xEF, 0xE0, 0x0D, 0xCC, 0x0D, 0x34,
    0x13, 0x94, 0x03, 0x00, 0x14, 0x1E, 0x4C, 0x40, 0x39, 0x42, 0x25, 0x60, 0x03, 0x9A, 0x7D, 0xD8,
    0x6F, 0x60, 0xB2, 0x24, 0x62, 0xDB, 0x74, 0xAC, 0x5C, 0x36, 0x18, 0x97, 0x7B, 0xB3, 0x31, 0xAA,
    0x3E, 0xA2, 0x54, 0x1D, 0xAD, 0x4B, 0x43, 0x6B, 0x22, 0x4D, 0xCD, 0x6C, 0xF0, 0xE6, 0xB7, 0x3E,
    0xD7, 0x3E, 0xD1, 0x7A, 0x61, 0x54, 0xA9, 0x6F, 0x7E, 0x35, 0xFE, 0x31, 0x02, 0x52, 0x68, 0xA4,
    0xD0, 0x2D, 0x8C, 0x12, 0xE9, 0x7E, 0xB5, 0x30, 0xBA, 0x49, 0xEE, 0x8F, 0xCB, 0x13, 0x5D, 0x35,
    0x1D, 0xC9, 0x03, 0xEC, 0xDB, 0xFA, 0x85, 0x3C, 0x8E, 0x54, 0xA2, 0x46, 0x43, 0x11, 0xE5, 0x51,
    0x4F, 0xF1, 0x42, 0xA3, 0xB2, 0x4F, 0x0E, 0x35, 0x6A, 0x51, 0x80, 0x1B, 0x40, 0xB2, 0x01, 0x32,
    0x17, 0xDD, 0xA3, 0xE8, 0x14, 0xE0, 0xEE, 0x2A, 0x58, 0xA4, 0x97, 0x08, 0x48, 0xBE, 0xD0, 0xFB,
    0x87, 0x43, 0xC1, 0x56, 0x7A, 0x1F, 0xC2, 0x67, 0xA4, 0x7D, 0xEC, 0x9F, 0xFD, 0x27, 0xD9, 0x4C,
    0x0C, 0x9E, 0x20, 0x19, 0x21, 0xF3, 0x90, 0xF7, 0xBC, 0x28, 0xBB, 0x23, 0xA9, 0x6A, 0x6B, 0x0E,
    0xBA, 0xBE, 0x72, 0x79, 0x6B, 0x49, 0xB8, 0x45, 0x9C, 0x0A, 0x26, 0x40, 0x56, 0x4C, 0x6B, 0x5D,
    0x6C, 0x8B, 0x31, 0x31, 0x36, 0xF6, 0x89, 0x7D, 0xD9, 0x5D, 0xC6, 0x2D, 0x7A, 0x4C, 0x4B, 0x05,
    0x90, 0x84, 0x11, 0x75, 0xB0, 0x8F, 0xA4, 0xE1, 0xED, 0x19, 0x26, 0x58, 0x18, 0xCC, 0x10, 0x6A,
    0x42, 0x7D, 0x68, 0x0D, 0x31, 0xA4, 0x35, 0x98, 0x1E, 0xEC, 0x00, 0x77, 0xEE, 0xC0, 0x27, 0x7F,
    0x72, 0xB1, 0xAC, 0xAE, 0x81, 0xB6, 0xE9, 0xB3, 0x3E, 0xFF, 0xE7, 0xE1, 0x55, 0x58, 0x6D, 0x16,
    0x9D, 0xE2, 0xFE, 0xB0, 0x54, 0x07, 0x91, 0x51, 0x6F, 0x0E, 0x76, 0x7D, 0xE5, 0xD2, 0xDE, 0x42,
    0x7D, 0x3A, 0x23, 0xEA, 0x18, 0x1B, 0xFB, 0xC4, 0xBE, 0x71, 0x0C, 0xAE, 0x80, 0x25, 0x7A, 0xB6,
    0x74, 0xFA, 0xF9, 0x36, 0x23, 0x7E, 0x7E, 0xC4, 0x28, 0xEA, 0x12, 0xF5, 0xB1, 0xC3, 0xA2, 0x57,
    0x5A, 0x5F, 0xA8, 0x4E, 0xF9, 0x17, 0x43, 0x10, 0x89, 0xAE, 0xE5, 0x1A, 0xA7, 0xE9, 0xF4, 0x81,
    0xFD, 0xAF, 0x95, 0xD5, 0xA5, 0xFA, 0x13, 0xF2, 0x7B, 0x9E, 0x54, 0x1D, 0x74, 0xC0, 0x77, 0x00,
    0x40, 0x75, 0x2F, 0x60, 0x64, 0xFE, 0xF1, 0x8C, 0xD0, 0x04, 0x54, 0xAD, 0x50, 0x3A, 0xC1, 0xBC,
    0x04, 0xB1, 0xCD, 0xB6, 0x31, 0x76, 0x7E, 0x6F, 0x26, 0xF6, 0x8D, 0xC4, 0x80, 0x04, 0xC0, 0x38,
    0xB0, 0x47, 0x2E, 0x8B, 0x2E, 0xAF, 0xC1, 0x26, 0xA4, 0xB3, 0x85, 0x52, 0x15, 0xEC, 0x03, 0x85,
    0x0E, 0x85, 0x89, 0x26, 0x3A, 0x0B, 0x82, 0x5D, 0x8E, 0x96, 0xBA, 0x86, 0x6E, 0x8D, 0x2B, 0xB5,
    0x83, 0x74, 0xB2, 0x60, 0x74, 0xC4, 0x44, 0x05, 0xEF, 0x37, 0x7D, 0x4C, 0x14, 0xC6, 0xC5, 0x84,
    0x91, 0x8C, 0x01, 0x62, 0x1C, 0xA2, 0xEA, 0x22, 0x64, 0xF7, 0xFE, 0x0F, 0x65, 0xA9, 0x4B, 0xC7,
    0x25, 0xA6, 0xF0, 0xE6, 0x7E, 0xD7, 0x1B, 0xD5, 0x3A, 0x8E, 0xC1, 0x9B, 0x5D, 0x8D, 0x55, 0x17,
    0x01, 0x96, 0x88, 0x48, 0x2E, 0x72, 0x8B, 0x53, 0x76, 0x68, 0x24, 0x11, 0x60, 0x91, 0x80, 0x29,
    0x82, 0x26, 0x72, 0x8A, 0xED, 0x91, 0x51, 0x24, 0x74, 0x2C, 0x3B, 0xAA, 0xCE, 0xC1, 0xE6, 0x9D,
    0x77, 0x05, 0x5E, 0x58, 0x38, 0x55, 0x95, 0x60, 0x02, 0x5B, 0xF5, 0x4B, 0xBC, 0x51, 0x21, 0xE2,
    0xB5, 0x9D, 0x77, 0x59, 0x2F, 0x26, 0x46, 0x07, 0xC2, 0xE5, 0xA4, 0xE1, 0x16, 0x33, 0x16, 0x55,
    0x8D, 0x08, 0x9D, 0x76, 0x50, 0xA0, 0xA9, 0xBF, 0x1B, 0xDA, 0xE7, 0xD8, 0x8F, 0x44, 0xF7, 0x30,
    0x89, 0x37, 0x0F, 0xD6, 0xA4, 0x78, 0x7E, 0x22, 0xB5, 0x37, 0x8F, 0xD7, 0x41, 0x8E, 0x6E, 0xAA,
    0xC7, 0xD2, 0xB0, 0x3F, 0x61, 0x35, 0x16, 0x9D, 0x21, 0x58, 0xC3, 0x3B, 0xF6, 0xD1, 0x64, 0x74,
    0x4C, 0x75, 0x8F, 0xDB, 0x20, 0x44, 0x7F, 0xDE, 0x79, 0xB9, 0x02, 0x58, 0x08, 0xFB, 0xA3, 0xD2,
    0x6D, 0xC8, 0x55, 0x28, 0x1F, 0x29, 0xB6, 0xAD, 0x5A, 0x8B, 0x71, 0x8D, 0xEA, 0x82, 0xF0, 0xD0,
    0x6B, 0x00, 0xDB, 0xBE, 0x41, 0x79, 0xD0, 0xD5, 0x85, 0xCE, 0x31, 0x3E, 0xCE, 0x1E, 0x11, 0x07,
    0x46, 0xE0, 0x18, 0x62, 0x9D, 0xAA, 0x44, 0x20, 0xF0, 0x92, 0xF6, 0xA5, 0x3F, 0xDC, 0x58, 0xF2,
    0x79, 0xE6, 0x02, 0x1E, 0x05, 0x68, 0x0D, 0xFB, 0x2F, 0x11, 0x64, 0x67, 0x67, 0x3A, 0x26, 0x48,
    0x8F, 0xA9, 0x89, 0x36, 0x93, 0x4F, 0x70, 0xFD, 0xF5, 0x64, 0xCF, 0xFC, 0xA6, 0xCF, 0xB4, 0x65,
    0x86, 0xF7, 0xCF, 0xAF, 0x52, 0xF1, 0x6B, 0x4F, 0xF6, 0xDC, 0x41, 0x24, 0xF3, 0x03, 0xB6, 0x6E,
    0x95, 0x89, 0x86, 0x5B, 0x4C, 0xFF, 0xF7, 0x56, 0x81, 0x08, 0x1A, 0xAE, 0x1E, 0xBB, 0x55, 0x96,
    0x14, 0xBE, 0x01, 0x3B, 0x82, 0xDC, 0x24, 0x79, 0x91, 0xC2, 0x63, 0xC2, 0x54, 0xB7, 0x26, 0x4C,
    0x67, 0xE1, 0x78, 0x6A, 0xCA, 0xD4, 0x47, 0x4C, 0xC9, 0xDF, 0xF8, 0x89, 0xCC, 0xEF, 0x07, 0xD8,
    0x08, 0x97, 0x79, 0x73, 0xF0, 0xA9, 0xCF, 0x54, 0x3D, 0xCD, 0x43, 0x4F, 0x18, 0x52, 0xC9, 0xBE,
    0x72, 0xE6, 0x97, 0x1B, 0xE0, 0xD2, 0x64, 0x4B, 0xED, 0xEC, 0x57, 0xDA, 0xA1, 0x13, 0xCD, 0x84,
    0x15, 0xEC, 0x14, 0xAD, 0xE9, 0xE8, 0xEC, 0x6F, 0xB5, 0x54, 0x4D, 0xE7, 0x06, 0x1A, 0xE8, 0x60,
    0xAA, 0xE2, 0x23, 0x71, 0x28, 0x62, 0x0A, 0xBD, 0x0C, 0x43, 0x05, 0xDD, 0xBC, 0x70, 0x4D, 0xEA,
    0x6D, 0x9E, 0x9B, 0xCA, 0x65, 0xE7, 0xE6, 0xB9, 0xF5, 0x93, 0x39, 0x91, 0xA7, 0x86, 0xFA, 0x97,
    0xF2, 0x2C, 0x5A, 0x30, 0x8E, 0xB8, 0x07, 0xCE, 0xA6, 0x65, 0xAE, 0x3E, 0xE2, 0x54, 0x2D, 0x8F,
    0x7E, 0x5B, 0xC0, 0xF9, 0xB5, 0xBC, 0xB0, 0x6B, 0x0B, 0x90, 0x00, 0xC6, 0x2D, 0xC8, 0x03, 0xB2,
    0xB8, 0xAF, 0x97, 0x7A, 0xE0, 0x0F, 0xE1, 0xCF, 0xE1, 0x2A, 0xD8, 0xA3, 0x07, 0xE7, 0xF9, 0x89,
    0xBF, 0x0E, 0x58, 0x07, 0xEA, 0x49, 0xFD, 0x48, 0xBA, 0xF7, 0x33, 0x00, 0x84, 0xCC, 0xBF, 0x0C,
    0xAA, 0x7A, 0x88, 0x78, 0x7E, 0x22, 0x92, 0x3D, 0x72, 0x4F, 0x29, 0x5C, 0xB3, 0xBC, 0xFF, 0x7A,
    0x0D, 0x00, 0xB2, 0x65, 0xBB, 0xFD, 0xAC, 0xA3, 0x3E, 0x9E, 0x94, 0x6E, 0x25, 0xFF, 0x4D, 0x66,
    0x1C, 0xC2, 0x91, 0xD3, 0x50, 0x9C, 0x46, 0xB7, 0x7B, 0x7F, 0x67, 0xAE, 0x97, 0x86, 0xFB, 0x3B,
    0xC1, 0xA9, 0x1E, 0x3A, 0xC7, 0x99, 0xDC, 0xEE, 0x7D, 0x50, 0x5D, 0x60, 0xDC, 0x8A, 0x7F, 0x19,
    0x31, 0x4F, 0x14, 0x33, 0x75, 0xAD, 0xF1, 0x95, 0x33, 0xBD, 0x71, 0xA7, 0x6D, 0xAF, 0x25, 0x75,
    0x75, 0xCF, 0x59, 0x6D, 0x6F, 0xEC, 0x03, 0x64, 0xFE, 0x3C, 0x66, 0xFE, 0xCA, 0xD9, 0xC7, 0xEE,
    0x96, 0xD6, 0x1F, 0xDC, 0x7A, 0x85, 0x41, 0x54, 0x5D, 0xB0, 0x90, 0xB7, 0x4F, 0xE8, 0x72, 0xE1,
    0x23, 0x78, 0xC3, 0xDC, 0xD0, 0x4C, 0x94, 0x03, 0xE7, 0x9E, 0x77, 0x38, 0xD7, 0x20, 0xC6, 0x9D,
    0xBE, 0x7D, 0x9F, 0x1B, 0x78, 0x0E, 0xDA, 0xAE, 0xAF, 0xDA, 0xB2, 0xB6, 0xCE, 0xBA, 0xB2, 0x86,
    0xD3, 0xE3, 0x35, 0xC4, 0xDF, 0x96, 0xDB, 0xC8, 0x29, 0x05, 0x2C, 0xFF, 0x7F, 0x97, 0xD7, 0x8A,
    0x18, 0x9D, 0xA2, 0x1B, 0x91, 0xA4, 0xEB, 0xB9, 0x99, 0x0C, 0x9A, 0x49, 0xB0, 0x70, 0x00, 0x58,
    0xE4, 0x2C, 0xC6, 0x62, 0x89, 0xF0, 0x4F, 0x23, 0xEA, 0xD1, 0x96, 0xCB, 0x60, 0x6B, 0xD4, 0x65,
    0xBF, 0xDB, 0xA4, 0xED, 0x4F, 0x5F, 0xE9, 0x1A, 0xBD, 0x63, 0x7C, 0xA7, 0x7D, 0xA3, 0xAE, 0x98,
    0xE0, 0x0E, 0xA9, 0x52, 0x7C, 0xE9, 0x8A, 0xBF, 0xEC, 0x01, 0xE4, 0xD5, 0xEC, 0xCF, 0x84, 0x66,
    0xA0, 0xE9, 0x11, 0x1A, 0x27, 0x28, 0x92, 0x4D, 0x48, 0x31, 0x20, 0xE5, 0x06, 0xB1, 0x0E, 0xE9,
    0x60, 0x56, 0x50, 0x6D, 0x03, 0x7A, 0xF4, 0x4B, 0x8F, 0xFE, 0x68, 0x60, 0xCA, 0x04, 0x49, 0x66,
    0x04, 0x8D, 0x7D, 0x5B, 0xA1, 0x72, 0x82, 0xF1, 0x1C, 0x96, 0x2B, 0x80, 0x5D, 0x61, 0x80, 0xEF,
    0x2F, 0xE9, 0xF1, 0x9B, 0x38, 0x66, 0xA3, 0x98, 0x8D, 0xD8, 0x56, 0x66, 0x54, 0x88, 0x36, 0xA3,
    0x4D, 0x3D, 0x95, 0x2E, 0xD6, 0xE7, 0x3E, 0x06, 0x30, 0xB1, 0x94, 0xCF, 0x0E, 0xBB, 0x5D, 0x85,
    0x0F, 0x20, 0x2A, 0x87, 0x64, 0x22, 0x85, 0x97, 0xB2, 0x97, 0xD0, 0x6B, 0x46, 0x27, 0x54, 0x23,
    0x63, 0x2D, 0xFB, 0x29, 0xD4, 0x67, 0x83, 0xA4, 0x22, 0xCC, 0xC6, 0x51, 0xD6, 0x58, 0xF8, 0x90,
    0x57, 0x96, 0x4A, 0x0F, 0x8B, 0x71, 0x65, 0x6B, 0xD7, 0x11, 0x40, 0x4E, 0xDC, 0xE6, 0xEB, 0x9D,
    0xAF, 0x36, 0xE7, 0x9B, 0x87, 0xA5, 0xDC, 0x3E, 0xFA, 0x73, 0xB9, 0x01, 0x6F, 0x9F, 0x71, 0xD2,
    0x1E, 0x12, 0x4C, 0x6B, 0x5C, 0xE1, 0xB2, 0xB6, 0x00, 0x84, 0xCF, 0x04, 0x89, 0xC6, 0x3B, 0xF1,
    0x98, 0x6F, 0x9F, 0x85, 0x84, 0x5C, 0x41, 0x2C, 0x52, 0x21, 0x06, 0xF9, 0x1E, 0xF2, 0xAD, 0x13,
    0xA8, 0x87, 0x89, 0xE9, 0x3C, 0x55, 0xFF, 0x92, 0x80, 0xB2, 0x16, 0xEB, 0xA2, 0x95, 0xF5, 0x37,
    0xCF, 0xC5, 0xB1, 0xED, 0xA6, 0xA8, 0x68, 0xF0, 0xC7, 0xFE, 0x2A, 0xE3, 0xE0, 0xF7, 0x71, 0x1D,
    0xF3, 0x60, 0x83, 0xD1, 0x88, 0x96, 0x66, 0x80, 0xCE, 0xC1, 0xEE, 0x76, 0x9C, 0xAA, 0x7F, 0x01,
    0xC7, 0xB6, 0xFD, 0x2B, 0x66, 0xA6, 0x1A, 0xB1, 0x8E, 0x6A, 0xAB, 0xE9, 0x21, 0x85, 0x92, 0x4E,
    0x90, 0x08, 0x64, 0x1E, 0x8A, 0x1E, 0x4C, 0x0B, 0xC0, 0x44, 0xE6, 0x35, 0xA2, 0x0D, 0xE8, 0x03,
    0x7C, 0xC0, 0x18, 0x30, 0x65, 0x5E, 0x34, 0xA0, 0xF9, 0xA5, 0x97, 0xEA, 0x9E, 0x17, 0xF3, 0xCC,
    0x4B, 0xAE, 0x5E, 0xD2, 0x00, 0x22, 0x9A, 0x80, 0x2A, 0xC0, 0x04, 0xE4, 0x7E, 0x5D, 0xEA, 0x58,
    0xA9, 0x02, 0x80, 0x2D, 0x36, 0xD8, 0x46, 0xB0, 0xFF, 0x33, 0x63, 0x5D, 0x83, 0xAD, 0x2D, 0xA7,
    0x6D, 0x13, 0x89, 0x68, 0x84, 0x0B, 0xD8, 0x04, 0x0C, 0x01, 0x92, 0xC8, 0xAC, 0x89, 0x88, 0xFE,
    0x42, 0xC4, 0x7E, 0x2E, 0x52, 0x3E, 0x15, 0x29, 0x26, 0x91, 0x4C, 0x45, 0x88, 0x68, 0x02, 0xAA,
    0x00, 0x13, 0x90, 0x05, 0x24, 0xC2, 0x61, 0x29, 0xEA, 0x23, 0x09, 0xB3, 0x16, 0xF2, 0x1A, 0x2E,
    0x9D, 0x9F, 0xDF, 0x59, 0xF2, 0x43, 0x7C, 0xD1, 0x49, 0xFD, 0x08, 0xBA, 0x01, 0xEB, 0xE0, 0x75,
    0x2E, 0x54, 0xEB, 0xEC, 0xDF, 0x06, 0x78, 0xD6, 0x43, 0xD3, 0x42, 0x75, 0xFE, 0xBF, 0xE5, 0x36,
    0x20, 0x2B, 0xAE, 0x02, 0x1F, 0x00, 0x7F, 0x24, 0xBB, 0x6D, 0x32, 0xA9, 0x47, 0xBF, 0x1A, 0xD1,
    0x44, 0x38, 0xC3, 0x76, 0x61, 0xF7, 0x10, 0xD9, 0x82, 0x78, 0xFC, 0xAD, 0xC2, 0x53, 0x76, 0x3D,
    0x56, 0x5B, 0x8A, 0xE9, 0x9C, 0xD7, 0xEA, 0x08, 0xBC, 0xA6, 0x60, 0xA6, 0x80, 0x81, 0x4C, 0x35,
    0x82, 0x64, 0x67, 0x07, 0x00, 0x76, 0x97, 0x3A, 0x73, 0xD0, 0xB9, 0xCA, 0x15, 0xDE, 0x92, 0x0D,
    0xFB, 0xA4, 0xE3, 0x44, 0x22, 0x13, 0x88, 0xAC, 0x98, 0x22, 0x48, 0x24, 0xB6, 0xC5, 0x98, 0x18,
    0x1B, 0xFB, 0xC4, 0xBE, 0x71, 0x8C, 0xDF, 0x5F, 0x0C, 0xD8, 0x8B, 0xE7, 0xD8, 0x47, 0x4A, 0x64,
    0x3C, 0x53, 0xB5, 0xD3, 0xBA, 0x34, 0x13, 0xF7, 0xF1, 0x3C, 0xD6, 0xC7, 0xF6, 0x18, 0x97, 0x68,
    0xCF, 0x4B, 0xFE, 0x73, 0x3A, 0x81, 0x23, 0x22, 0x5B, 0x1C, 0x67, 0x12, 0xE9, 0x22, 0xC7, 0x3A,
    0x1F, 0xAA, 0x4D, 0x19, 0x33, 0xC6, 0x11, 0xC7, 0xDA, 0x63, 0x1E, 0x7B, 0x72, 0xED, 0x49, 0xB4,
    0x3E, 0x3F, 0xCF, 0xEA, 0x23, 0x87, 0xAD, 0x6A, 0xEE, 0x5C, 0x83, 0xF1, 0x0E, 0xC0, 0x85, 0x6A,
    0xC9, 0xCD, 0x5B, 0x20, 0x42, 0xF2, 0x74, 0x20, 0xFB, 0x8F, 0xCD, 0xF9, 0x79, 0x76, 0x1F, 0xAB,
    0xB6, 0x85, 0x6A, 0xF0, 0xE5, 0xA3, 0xE8, 0x6D, 0xDD, 0x38, 0x68, 0xA8, 0x1C, 0xEC, 0x53, 0x3A,
    0x98, 0x30, 0x0E, 0x04, 0xF3, 0xF0, 0xDD, 0xE8, 0x75, 0x3E, 0xF2, 0x6B, 0xEB, 0x1A, 0xB9, 0xF6,
    0x5A, 0x46, 0x08, 0xA3, 0x3D, 0xDC, 0x61, 0x19, 0x39, 0x89, 0xB3, 0xB4, 0xA9, 0xFE, 0xB0, 0x6B,
    0x4B, 0x7D, 0xAE, 0x83, 0x7D, 0xA0, 0x8F, 0xA4, 0x43, 0xEB, 0xFD, 0x09, 0xC5, 0x4E, 0x74, 0xAA,
    0x12, 0x5D, 0x38, 0x8A, 0x6B, 0x0E, 0x0A, 0x5D, 0x50, 0xFF, 0x4F, 0x63, 0xDC, 0x14, 0x7B, 0x8C,
    0xB1, 0xEF, 0x1E, 0x45, 0x4F, 0x9C, 0x07, 0x0B, 0xDC, 0xDD, 0x5A, 0xDF, 0x7B, 0x6F, 0x42, 0xE8,
    0x02, 0x9A, 0x00, 0xBB, 0xEE, 0xE7, 0x50, 0x2F, 0xA8, 0xFA, 0x08, 0xA4, 0x18, 0x91, 0x4C, 0x90,
    0x64, 0x8A, 0x6D, 0x6B, 0xBC, 0xAD, 0x03, 0x5A, 0xAA, 0x9A, 0x6B, 0x70, 0x87, 0x64, 0x58, 0xF3,
    0x85, 0xB5, 0x1B, 0x3B, 0xD7, 0xD6, 0x63, 0x5D, 0x6C, 0xB7, 0x35, 0x96, 0x6D, 0xBB, 0xB0, 0xD9,
    0x0F, 0xCB, 0x76, 0xCE, 0xB9, 0x01, 0xBC, 0x0D, 0x67, 0xA7, 0x74, 0x94, 0x7E, 0x97, 0x53, 0x03,
    0x6F, 0x1C, 0x66, 0xDE, 0xCB, 0xC9, 0x1E, 0x61, 0xBD, 0x86, 0x4C, 0x6B, 0x92, 0x19, 0x78, 0xFF,
    0x62, 0x35, 0xBC, 0x66, 0xDA, 0xB2, 0x21, 0x17, 0x52, 0x7F, 0x76, 0xC2, 0xC7, 0x1F, 0xB9, 0x96,
    0x17, 0x25, 0xE9, 0x7A, 0x0A, 0x8D, 0xCB, 0x64, 0x13, 0xB6, 0x7E, 0x0B, 0x0B, 0x58, 0x07, 0xD5,
    0x00, 0x46, 0x6B, 0x72, 0xF5, 0xA0, 0x02, 0xE5, 0x0C, 0x89, 0x02, 0x0D, 0xDF, 0xC2, 0x72, 0x8D,
    0x86, 0x26, 0xF4, 0x29, 0x75, 0x24, 0xAE, 0xE1, 0xB1, 0xBC, 0x17, 0x5E, 0x83, 0x0F, 0x01, 0xD2,
    0x99, 0x52, 0x9D, 0x7D, 0xD0, 0x5B, 0xB0, 0x3D, 0x66, 0x22, 0x55, 0x47, 0xE5, 0xC9, 0xFC, 0x1F,
    0x64, 0xDE, 0x7E, 0xEC, 0x2B, 0x75, 0x97, 0x66, 0xF8, 0x0E, 0xD0, 0x40, 0xA2, 0x2E, 0xFE, 0xC0,
    0x88, 0xEB, 0xCB, 0x17, 0xCA, 0x6A, 0x8C, 0x4C, 0xF2, 0x2F, 0xEB, 0xF2, 0x47, 0xEE, 0xCC, 0xAC,
    0x4E, 0x9D, 0x3D, 0x53, 0x0F, 0x8D, 0x40, 0x3E, 0x03, 0x1D, 0x60, 0xF9, 0x6E, 0x40, 0xD3, 0x76,
    0x58, 0x8D, 0x73, 0x08, 0xA9, 0x6E, 0xE0, 0x07, 0xC0, 0x1D, 0xA0, 0x6B, 0x21, 0x77, 0x24, 0x4F,
    0x5A, 0x92, 0x79, 0xA5, 0xD1, 0xAF, 0x34, 0x1C, 0xE5, 0x44, 0xAE, 0x2D, 0xDD, 0x86, 0x22, 0x32,
    0xB9, 0x52, 0x78, 0xAB, 0x7D, 0xA1, 0x35, 0x23, 0x78, 0x98, 0xA0, 0x24, 0x8B, 0xA9, 0x34, 0xCA,
    0x13, 0x65, 0x8A, 0x72, 0x41, 0xC3, 0x22, 0x1F, 0x9C, 0x9D, 0x70, 0x31, 0x03, 0x7A, 0x44, 0xB8,
    0x8E, 0x84, 0x27, 0x8C, 0x8E, 0x31, 0xAF, 0x11, 0x54, 0x0A, 0x5A, 0x05, 0x7A, 0xDC, 0xE6, 0xEC,
    0x72, 0x1D, 0x2E, 0x95, 0xEC, 0xEC, 0xDE, 0xBF, 0x8E, 0x71, 0x9C, 0x1B, 0x6F, 0x00, 0xDF, 0x63,
    0x39, 0xCE, 0x02, 0x6C, 0x44, 0x0D, 0x70, 0xC9, 0x61, 0x56, 0x5B, 0xFF, 0x8F, 0xFF, 0xC9, 0xC3,
    0xDA, 0x38, 0xB6, 0xAD, 0xC7, 0x1C, 0x5C, 0xCF, 0x75, 0x93, 0x68, 0xCF, 0x87, 0x30, 0x45, 0xE9,
    0xC9, 0x5D, 0xFA, 0x69, 0x9B, 0xCC, 0x24, 0x9F, 0xBC, 0x05, 0x32, 0x82, 0xF5, 0x50, 0x3A, 0xB8,
    0x04, 0xC0, 0xC5, 0xF1, 0x27, 0x01, 0x4C, 0x1B, 0x4F, 0x8A, 0xB0, 0x19, 0x97, 0xB5, 0xE1, 0x08,
    0xE3, 0x92, 0x48, 0x3A, 0x82, 0x40, 0xFB, 0xE5, 0x43, 0xF4, 0x50, 0x1C, 0xFC, 0x74, 0xB9, 0x5A,
    0xDD, 0xE6, 0x54, 0x5E, 0x46, 0xD5, 0x45, 0xBC, 0xB6, 0x7B, 0xBF, 0x3E, 0x99, 0xD7, 0x4B, 0xF4,
    0x8B, 0x74, 0x50, 0x8D, 0x76, 0xA8, 0x5F, 0x20, 0xB0, 0x97, 0xE9, 0x86, 0xAE, 0x4F, 0xC7, 0xAB,
    0xE4, 0x3A, 0x52, 0x7C, 0xBA, 0xE1, 0xB0, 0x08, 0xC6, 0xBD, 0x0A, 0xA6, 0x80, 0x7D, 0x2A, 0xD7,
    0xB4, 0x4D, 0x6B, 0x75, 0x7D, 0x1E, 0x76, 0x3D, 0x59, 0xEF, 0x8B, 0x03, 0x6F, 0xBA, 0xDE, 0x98,
    0x16, 0x10, 0xE4, 0x1B, 0x6D, 0x4A, 0x64, 0xCE, 0xA4, 0x79, 0x22, 0x76, 0x92, 0x62, 0xB8, 0xBB,
    0xFD, 0x66, 0x73, 0x51, 0x6C, 0x8E, 0x3E, 0xC0, 0x9C, 0x99, 0x4A, 0xDA, 0xBE, 0x45, 0xD6, 0xC7,
    0x55, 0x83, 0xF5, 0x05, 0xFB, 0xB5, 0x8B, 0x15, 0x68, 0x6B, 0x69, 0xF9, 0x8C, 0xAC, 0x68, 0x80,
    0xCF, 0xDD, 0x82, 0xA6, 0xBE, 0xF0, 0xCB, 0x46, 0x03, 0x5F, 0xB8, 0x38, 0xFA, 0x32, 0xF8, 0x59,
    0x89, 0xDD, 0x64, 0xDF, 0x82, 0xDC, 0x25, 0xF5, 0x23, 0xD9, 0x17, 0xFE, 0xE2, 0x89, 0x8D, 0x92,
    0xFE, 0x6E, 0xC8, 0xEE, 0x6D, 0x8A, 0xDF, 0xB8, 0xB3, 0xCB, 0x75, 0xBE, 0xD9, 0x4B, 0xD7, 0xD4,
    0x61, 0xF6, 0xE7, 0x71, 0xF6, 0x98, 0x10, 0x3D, 0x5C, 0x01, 0x6E, 0x00, 0x1E, 0x18, 0x6B, 0x88,
    0x8C, 0xAA, 0x16, 0xC1, 0x9E, 0x80, 0x86, 0x89, 0x8E, 0xFD, 0x44, 0x69, 0x9E, 0x28, 0x56, 0x1B,
    0x8A, 0xD1, 0x02, 0xB7, 0x21, 0x7D, 0xF1, 0xE5, 0xA8, 0x26, 0xD3, 0x16, 0xF6, 0x81, 0xCB, 0x00,
    0xD8, 0x16, 0xA0, 0xDB, 0x00, 0xE9, 0xD3, 0x01, 0x48, 0xF6, 0xDE, 0x67, 0x2D, 0x81, 0x55, 0x5B,
    0x39, 0xDB, 0x5A, 0x17, 0xB7, 0xC6, 0xC5, 0xB3, 0xAE, 0xB7, 0x6D, 0xE9, 0x74, 0xD3, 0xD4, 0x65,
    0xFF, 0xDC, 0x37, 0x98, 0xCF, 0xFF, 0xDB, 0x77, 0x98, 0x7F, 0x7F, 0x3A, 0xCC, 0x14, 0x5F, 0xFB,
    0x71, 0x22, 0xFF, 0xDA, 0xCB, 0x44, 0xF6, 0x6C, 0x73, 0x57, 0xC8, 0xB4, 0x6F, 0xA2, 0x77, 0x76,
    0x24, 0x0D, 0x7E, 0x20, 0xD1, 0xB6, 0x1A, 0x40, 0xEB, 0xD2, 0x83, 0x62, 0x16, 0xBF, 0x81, 0x74,
    0x00, 0x72, 0x01, 0xCA, 0x5D, 0xE0, 0x2F, 0x8A, 0x16, 0x00, 0xBA, 0x74, 0x30, 0xAE, 0xC9, 0xC6,
    0xD2, 0xD9, 0x5C, 0xCA, 0xD6, 0xFE, 0xB5, 0x54, 0x75, 0xF5, 0xD1, 0x5D, 0x4B, 0xF9, 0xD1, 0xDF,
    0x59, 0xCC, 0x97, 0xE5, 0x2D, 0xCC, 0x13, 0xB3, 0x4F, 0x31, 0x9B, 0x89, 0x7C, 0x2A, 0x84, 0x4C,
    0xF2, 0xE0, 0xC6, 0x6C, 0x24, 0x1D, 0xB2, 0x01, 0x0A, 0x07, 0xD5, 0x06, 0x6E, 0x8E, 0xF0, 0x8F,
    0x3F, 0x03, 0xA0, 0xA9, 0xF3, 0xD1, 0xBA, 0xC2, 0x97, 0xBD, 0xD9, 0xC4, 0xB5, 0xEA, 0x7C, 0xB0,
    0x75, 0x36, 0x76, 0x24, 0x32, 0x41, 0x27, 0x60, 0x07, 0xA8, 0x3C, 0x98, 0xFE, 0xE4, 0x0C, 0x7D,
    0x0D, 0xD0, 0x96, 0xEC, 0x59, 0x4F, 0xFE, 0x8B, 0xCD, 0x42, 0x98, 0x06, 0xCB, 0x3E, 0xB6, 0x5E,
    0xDF, 0xE2, 0x7F, 0x3D, 0x52, 0xDC, 0xF3, 0x64, 0x5F, 0x07, 0x3C, 0x5F, 0x9F, 0xB5, 0x11, 0x5D,
    0x0D, 0x0D, 0x70, 0x0B, 0x98, 0x20, 0x13, 0xD0, 0x21, 0xA0, 0x87, 0xBF, 0x05, 0xB8, 0x7D, 0x05,
    0xC4, 0x2E, 0x7B, 0xC0, 0xBA, 0x54, 0xCA, 0x3E, 0x1B, 0x8D, 0x2F, 0x7C, 0x36, 0x98, 0x4D, 0x2A,
    0x95, 0x43, 0x6C, 0xCB, 0x7E, 0x03, 0x76, 0x86, 0x52, 0xC0, 0x8C, 0x90, 0x7B, 0xC8, 0x4E, 0x40,
    0x54, 0x3A, 0xDB, 0x2C, 0xBA, 0x98, 0x1A, 0x00, 0xAB, 0xEA, 0x22, 0xDE, 0xDC, 0x89, 0xA4, 0x14,
    0x52, 0x81, 0x6C, 0x04, 0xE3, 0xA1, 0xEC, 0xC1, 0x2E, 0x7C, 0x93, 0x79, 0xE1, 0x59, 0xAC, 0x4D,
    0xB6, 0x87, 0xE6, 0xFE, 0x4E, 0xAD, 0xAA, 0x2E, 0x62, 0x5D, 0xC9, 0xBB, 0x03, 0x23, 0x80, 0xAA,
    0x0F, 0xB6, 0xF3, 0x93, 0x9E, 0xAA, 0xA5, 0x01, 0x89, 0x73, 0xE7, 0x1B, 0x8C, 0xA3, 0xAA, 0x69,
    0x0E, 0xBF, 0x2F, 0x6E, 0x7F, 0x6D, 0x3D, 0x62, 0xA3, 0x0B, 0x9B, 0x4C, 0x20, 0x5F, 0xA7, 0xAC,
    0x56, 0x36, 0xCA, 0x11, 0x9B, 0x61, 0x65, 0xE3, 0x8E, 0xB3, 0xD9, 0xFA, 0x56, 0x75, 0xC4, 0xC6,
    0xB4, 0x58, 0xB8, 0x4B, 0x32, 0x92, 0x79, 0x4C, 0x4F, 0xE5, 0x68, 0xFE, 0x7E, 0x65, 0x13, 0x7F,
    0x00, 0xE9, 0x53, 0x0F, 0x5D, 0x9C, 0xA9, 0x85, 0xCB, 0x5C, 0xA8, 0x46, 0xD6, 0xB4, 0xA6, 0x8B,
    0x11, 0x7C, 0xF2, 0x0A, 0x1A, 0xFD, 0x2F, 0xBD, 0x94, 0x01, 0x84, 0x1D, 0x47, 0x18, 0xC7, 0x7F,
    0xBB, 0xD3, 0xBC, 0x57, 0x5D, 0xED, 0x04, 0x81, 0xD0, 0x76, 0xA1, 0x08, 0x2A, 0x0B, 0x50, 0x34,
    0x99, 0x2D, 0x14, 0x0A, 0xC1, 0x5D, 0x0B, 0x48, 0x11, 0x00, 0x0E, 0x8A, 0xE2, 0xEE, 0xF6, 0x69,
    0x01, 0xD0, 0x03, 0x85, 0x43, 0x02, 0x00, 0x04, 0xA0, 0xB8, 0xBB, 0x1D, 0x02, 0x28, 0xB2, 0x41,
    0x15, 0x85, 0x07, 0x97, 0xA2, 0xB8, 0x69, 0xBB, 0x4D, 0xF7, 0xF8, 0xE6, 0x7D, 0x9D, 0xF1, 0xEE,
    0x9A, 0xA4, 0xA2, 0xE4, 0x34, 0x5D, 0xDF, 0xEF, 0xBF, 0x66, 0x66, 0xBE, 0xCF, 0xF7, 0xDE, 0xFE,
    0x67, 0xD8, 0x9A, 0x10, 0xA3, 0xDA, 0x8A, 0x3D, 0xED, 0x1F, 0x49, 0xE3, 0xAB, 0xDF, 0x47, 0x87,
    0xD1, 0xE5, 0x11, 0xA5, 0x2E, 0x22, 0x85, 0x10, 0x41, 0x90, 0x73, 0x59, 0x0F, 0xF3, 0x02, 0x69,
    0xCB, 0x84, 0xC3, 0x8C, 0xA4, 0xB4, 0x40, 0x2A, 0xE0, 0x31, 0xAA, 0xC0, 0xD6, 0x08, 0x85, 0x0E,
    0xCE, 0xAA, 0x38, 0xF7, 0x58, 0x5D, 0x87, 0x3B, 0x5A, 0xD1, 0x48, 0xA4, 0x1E, 0x05, 0xEB, 0xD3,
    0xDB, 0xA7, 0xF1, 0xA2, 0xC3, 0xB5, 0x69, 0x9D, 0xB4, 0x2F, 0xEF, 0x47, 0xB0, 0x0F, 0xC2, 0x73,
    0xF2, 0xFD, 0x32, 0xC9, 0x89, 0x4F, 0xA2, 0x24, 0x19, 0xB3, 0xF8, 0x17, 0x4A, 0xCC, 0x72, 0x44,
    0xE3, 0xE9, 0x16, 0xDD, 0x02, 0xA7, 0x4A, 0xAE, 0x0B, 0x45, 0x3F, 0x80, 0xE0, 0xDC, 0x33, 0xEC,
    0x26, 0x24, 0x11, 0x12, 0x0B, 0xA1, 0x23, 0xD2, 0x73, 0x54, 0x28, 0xDD, 0x89, 0xE2, 0xB4, 0xA3,
    0x9A, 0x1C, 0xDC, 0xB9, 0x0A, 0x3B, 0x3B, 0xD0, 0x4C, 0x50, 0x05, 0x28, 0x5A, 0x00, 0xB0, 0x61,
    0x4D, 0x3D, 0x82, 0x93, 0x35, 0x5D, 0x84, 0x55, 0x07, 0xE2, 0x28, 0xC4, 0xB5, 0x66, 0x6A, 0xBC,
    0x19, 0x6B, 0x3F, 0x0F, 0x76, 0xB0, 0xAA, 0x21, 0x53, 0xAB, 0x8E, 0xCE, 0x1B, 0x71, 0x8B, 0x52,
    0xBA, 0x96, 0x68, 0xBF, 0x5E, 0x9A, 0x93, 0x45, 0xA1, 0xB0, 0x0D, 0x30, 0xD3, 0xD6, 0x69, 0xE8,
    0xF6, 0xA7, 0x2B, 0x85, 0x50, 0x48, 0xA5, 0xE2, 0x54, 0x7A, 0x24, 0xA6, 0x28, 0xA5, 0xBF, 0x9B,
    0x87, 0xD5, 0x74, 0x70, 0xED, 0x0D, 0x1A, 0x87, 0x15, 0xCC, 0x08, 0x7B, 0x00, 0x26, 0x5C, 0x24,
    0x76, 0xEA, 0xB6, 0xDE, 0x65, 0x3E, 0x51, 0x2E, 0x5F, 0xA2, 0x48, 0x71, 0xEF, 0x2A, 0xC8, 0x01,
    0xB8, 0x11, 0xEA, 0x01, 0x66, 0x2D, 0xB0, 0xFE, 0xE4, 0x46, 0x95, 0x6C, 0x82, 0xEC, 0x86, 0x6C,
    0x8B, 0xEC, 0x8F, 0x6C, 0x94, 0x08, 0x22, 0x67, 0x44, 0x32, 0x85, 0xE4, 0xB5, 0xBC, 0x27, 0xEF,
    0xCD, 0x39, 0x39, 0x37, 0xD7, 0x98, 0x3F, 0x1A, 0x29, 0xFF, 0x5C, 0x42, 0xBF, 0x80, 0xEB, 0x00,
    0x50, 0xE8, 0x1E, 0x56, 0x85, 0xEC, 0x94, 0xEC, 0x98, 0xEC, 0x9C, 0xEC, 0xA0, 0x7F, 0x73, 0xD2,
    0xAC, 0xBD, 0x83, 0xF9, 0x2D, 0x80, 0x0E, 0xD0, 0xB5, 0x70, 0x15, 0x00, 0x72, 0xCE, 0xCB, 0x10,
    0x13, 0xD9, 0x54, 0xD9, 0x53, 0x4E, 0xCF, 0xEA, 0xF7, 0x43, 0x72, 0xE7, 0x90, 0xBE, 0x1D, 0x2B,
    0xF8, 0x12, 0x40, 0x90, 0x17, 0x46, 0x2C, 0x64, 0x65, 0xA4, 0x3B, 0x11, 0x17, 0xA5, 0x1A, 0x0F,
    0x8D, 0x06, 0x32, 0x00, 0xE5, 0xF2, 0x3B, 0x4C, 0x10, 0xF2, 0x1B, 0xFE, 0xDB, 0xEE, 0x8C, 0x86,
    0x14, 0x40, 0xF5, 0xD5, 0x32, 0x9D, 0xA3, 0xA4, 0xF0, 0x12, 0x6D, 0x52, 0xB4, 0x30, 0xF7, 0x60,
    0x79, 0xE5, 0xAD, 0x72, 0x09, 0xDE, 0x85, 0x0F, 0xB9, 0x70, 0xB7, 0xC5, 0xDE, 0xE7, 0xF0, 0x64,
    0x09, 0x6E, 0x01, 0x97, 0x5E, 0x6D, 0xB7, 0xB3, 0x8F, 0xF6, 0xCC, 0x8F, 0x1E, 0x85, 0x2B, 0x17,
    0xEC, 0x96, 0x0D, 0x60, 0x1B, 0xB8, 0xFE, 0x3F, 0xFC, 0xB7, 0xB7, 0x60, 0x84, 0xED, 0x8B, 0xFF,
    0xB7, 0xEB, 0xE3, 0xBE, 0x03, 0x6E, 0x02, 0xBB, 0x84, 0xF2, 0xFC, 0xB8, 0x9F, 0x52, 0xAA, 0x7A,
    0x7B, 0xBA, 0x15, 0x1A, 0x5F, 0x7A, 0x07, 0xEC, 0x02, 0x87, 0x40, 0x04, 0xC4, 0x68, 0xC8, 0xC4,
    0xE2, 0xB3, 0x10, 0x31, 0xE1, 0x28, 0xE1, 0x32, 0xDE, 0xA4, 0xE3, 0x7E, 0x3F, 0x18, 0xD5, 0x40,
    0x77, 0x1C, 0xEC, 0x83, 0x74, 0x05, 0x7A, 0xFE, 0xBE, 0x02, 0xA3, 0xAB, 0xB5, 0x77, 0xBF, 0x68,
    0x8F, 0x46, 0xBA, 0x88, 0x13, 0x5C, 0xCC, 0xD1, 0xF5, 0x68, 0x9A, 0xAF, 0x55, 0xCB, 0x55, 0x07,
    0x29, 0x7A, 0x88, 0xCD, 0xBE, 0x38, 0x1D, 0x2B, 0x5D, 0xAC, 0xF3, 0x27, 0xE0, 0x16, 0x00, 0xCC,
    0x03, 0xBC, 0xF9, 0x7E, 0xE2, 0x6D, 0x98, 0x8F, 0x00, 0xEB, 0xB7, 0x9D, 0x12, 0x02, 0x75, 0x04,
    0xB7, 0x4A, 0xF4, 0xD0, 0x39, 0x58, 0xB9, 0x05, 0xB1, 0xF6, 0x85, 0x58, 0x5F, 0x4E, 0x76, 0x69,
    0xC6, 0x2A, 0xCC, 0x55, 0x43, 0xA5, 0x3A, 0x59, 0x55, 0xA9, 0x87, 0x42, 0x1A, 0x4F, 0x74, 0x0B,
    0x94, 0x06, 0x6E, 0xC0, 0x06, 0x00, 0x07, 0x94, 0x9F, 0x50, 0xCE, 0x21, 0x02, 0xCF, 0xDD, 0xE2,
    0x97, 0x0B, 0xE1, 0x53, 0xA9, 0x55, 0x3A, 0x15, 0x7D, 0xF6, 0x16, 0x5F, 0x49, 0x35, 0x0A, 0xB0,
    0x0B, 0x20, 0x00, 0x23, 0xD9, 0x07, 0x00, 0x00, 0xBD, 0x2A, 0x68, 0x92, 0x42, 0x8F, 0x37, 0x31,
    0xEA, 0x59, 0x4B, 0x75, 0xE2, 0xC1, 0x3E, 0xF4, 0xD0, 0x3C, 0x3C, 0xDE, 0xC0, 0x7D, 0xA3, 0x42,
    0x67, 0x93, 0xA8, 0xF5, 0x14, 0x31, 0x49, 0x29, 0x49, 0x8C, 0xAA, 0xA7, 0xCA, 0x62, 0xFF, 0xB8,
    0x7D, 0xBC, 0x59, 0x0F, 0x56, 0xD5, 0xF9, 0x24, 0x90, 0x56, 0xA1, 0x6E, 0x01, 0x07, 0xB0, 0x7D,
    0xDE, 0xF2, 0xEA, 0xE3, 0x15, 0x4E, 0x55, 0x87, 0xDD, 0x7D, 0xDD, 0x0F, 0x97, 0xCB, 0x58, 0x4E,
    0x94, 0x82, 0x54, 0xAA, 0x2A, 0x2E, 0x8B, 0x7E, 0x1B, 0x37, 0x37, 0x52, 0xFF, 0x10, 0x4D, 0xE4,
    0x5E, 0xBF, 0xA5, 0xFB, 0xA3, 0xD3, 0x13, 0x5D, 0x56, 0x71, 0xB6, 0x6A, 0x21, 0x42, 0x31, 0x81,
    0x09, 0x30, 0xF7, 0x70, 0xFE, 0x6C, 0xA9, 0x37, 0x9A, 0x5D, 0xD2, 0x2F, 0x1B, 0xDF, 0x07, 0x87,
    0x4E, 0xBB, 0xE5, 0x13, 0x39, 0x34, 0xBF, 0x4A, 0xAC, 0x06, 0x49, 0xED, 0x8A, 0x34, 0xAD, 0x44,
    0x87, 0xC4, 0xC3, 0x42, 0x7A, 0x29, 0xA7, 0x6E, 0x34, 0xA3, 0x0B, 0x55, 0xA8, 0x4F, 0xFB, 0xDC,
    0x34, 0x4D, 0x3F, 0x72, 0x03, 0xCE, 0x6A, 0x0F, 0x60, 0x3D, 0x34, 0x00, 0xD7, 0x28, 0x54, 0xB0,
    0x09, 0xF7, 0xB3, 0xD2, 0x19, 0x6D, 0x57, 0xD5, 0xFD, 0x45, 0xB4, 0xB5, 0x97, 0xEB, 0xD6, 0xC7,
    0xED, 0xDA, 0x1F, 0x8D, 0x8D, 0xEF, 0x82, 0x6B, 0xDD, 0x13, 0xCD, 0xFB, 0x12, 0x7B, 0xD4, 0x40,
    0x3E, 0x1B, 0x95, 0x0A, 0xF5, 0xE3, 0x88, 0x6B, 0xDF, 0xC3, 0x01, 0x2E, 0x97, 0x1D, 0xC1, 0x6A,
    0xCB, 0x5C, 0x03, 0xA8, 0x40, 0xBD, 0x82, 0x42, 0x81, 0x8E, 0xD7, 0x70, 0xDC, 0xA4, 0xA3, 0x4B,
    0x39, 0xB5, 0x4E, 0x94, 0xBA, 0x07, 0x40, 0x5A, 0x00, 0x77, 0x46, 0x0D, 0xBC, 0x05, 0xBC, 0xB3,
    0x9E, 0x2F, 0x57, 0xD4, 0xEA, 0xDD, 0x4F, 0x83, 0x03, 0x37, 0x60, 0x23, 0xA5, 0x7A, 0x9A, 0x80,
    0x09, 0xAF, 0x9B, 0xE0, 0xEE, 0x86, 0x46, 0xFD, 0x6C, 0x05, 0xC0, 0x65, 0x10, 0x72, 0x1C, 0xC0,
    0x07, 0xF0, 0x45, 0x9E, 0x51, 0xD5, 0x90, 0xD9, 0xDC, 0xFA, 0xE1, 0x16, 0xD6, 0x73, 0x61, 0xCE,
    0x9F, 0xAA, 0x7D, 0x3A, 0x67, 0x12, 0xF3, 0x16, 0x66, 0x9C, 0x3F, 0x33, 0x8F, 0x3D, 0x0F, 0x55,
    0x9F, 0xE2, 0xF6, 0x71, 0x9B, 0x87, 0xFF, 0x88, 0x81, 0xEA, 0x74, 0xCF, 0xE8, 0x92, 0x7E, 0x38,
    0xFB, 0xFD, 0x37, 0xC1, 0x81, 0x7B, 0x7A, 0x91, 0xFF, 0x05, 0x1C, 0xCD, 0x01, 0x06, 0xC3, 0x30,
    0x14, 0xC6, 0xF1, 0xAF, 0xAA, 0x8A, 0xE2, 0x1D, 0x21, 0x37, 0x58, 0x8A, 0x61, 0x98, 0x26, 0x37,
    0x18, 0xE8, 0x3D, 0x86, 0x21, 0x30, 0xCD, 0x51, 0x76, 0x83, 0x0D, 0x50, 0x6C, 0xDB, 0x03, 0x60,
    0xD0, 0x23, 0x04, 0x80, 0x41, 0x10, 0x18, 0xE9, 0xB2, 0xB4, 0xDE, 0xF3, 0x07, 0xFC, 0xBE, 0x07,
    0x14, 0x84, 0x6E, 0xB8, 0x76, 0xC4, 0x42, 0x77, 0x28, 0x02, 0xCA, 0x08, 0xBA, 0x42, 0x11, 0x57,
    0x85, 0x96, 0x1F, 0x56, 0xC9, 0x9A, 0x27, 0xFA, 0x5E, 0xA7, 0xC4, 0xF9, 0x03, 0xE1, 0x37, 0x60,
    0x98, 0x21, 0x02, 0xC6, 0x38, 0x8E, 0x1B, 0x44, 0x85, 0xDC, 0x0A, 0xCA, 0xBD, 0xFC, 0xD1, 0x17,
    0xBE, 0x66, 0xB2, 0x64, 0x77, 0x97, 0xB6, 0xDD, 0xDE, 0x04, 0x03, 0xF4, 0x9E, 0xE4, 0xC1, 0x76,
    0x0A, 0xF7, 0xF3, 0xA2, 0x66, 0xBB, 0x8C, 0xEB, 0x8E, 0x5F, 0xAE, 0x71, 0x82, 0x07, 0x9C, 0x56,
    0xAB, 0xB1, 0x91, 0x38, 0xD7, 0xC4, 0xB8, 0x37, 0x2D, 0x6A, 0x4B, 0x20, 0x07, 0xAF, 0xBC, 0x64,
    0x01, 0x03, 0x8F, 0xAF, 0x4D, 0x93, 0xD4, 0x81, 0x30, 0xFF, 0x07, 0x75, 0x02, 0xC2, 0x5D, 0x00,
    0xAD, 0x96, 0x01, 0x84, 0x25, 0xD9, 0x7A, 0xC7, 0xFF, 0x75, 0x4F, 0x76, 0xAE, 0xB7, 0xF5, 0xF2,
    0xCE, 0x83, 0x17, 0xC9, 0x2E, 0x29, 0x08, 0x6C, 0x92, 0x4D, 0x4D, 0xC8, 0xC4, 0x8A, 0x3B, 0x7B,
    0x2A, 0x6F, 0x10, 0x3C, 0x74, 0x10, 0x08, 0x89, 0x7D, 0xD8, 0x10, 0x90, 0x7E, 0x04, 0xF6, 0xD1,
    0xDB, 0x55, 0xAB, 0x11, 0x2C, 0xB6, 0x11, 0x20, 0x18, 0x58, 0xF6, 0xC9, 0x62, 0xB2, 0xEC, 0x8B,
    0x15, 0xDD, 0xF7, 0x9C, 0x68, 0x0C, 0x16, 0x5D, 0x6F, 0x1B, 0x41, 0xC8, 0xD4, 0xBC, 0x1E, 0x36,
    0xD9, 0x26, 0xF7, 0xBB, 0x73, 0x6B, 0x72, 0x6B, 0xBA, 0xBF, 0xAA, 0x2F, 0xDF, 0xB9, 0xB7, 0x67,
    0xA6, 0x77, 0x5E, 0xBF, 0x9D, 0x9D, 0x6C, 0xBE, 0x73, 0x7E, 0xFF, 0xEE, 0xAA, 0xAA, 0xEF, 0xDC,
    0x73, 0xBE, 0xF3, 0x9D, 0x53, 0x27, 0x91, 0x0A, 0x56, 0x5A, 0xB8, 0x93, 0x1E, 0x53, 0x08, 0x7A,
    0x38, 0x08, 0x39, 0xD8, 0xC6, 0x21, 0x2F, 0x1C, 0xBE, 0xAA, 0xA4, 0x83, 0x21, 0x27, 0x07, 0xE4,
    0x6F, 0x2D, 0x48, 0x6E, 0x2F, 0x68, 0x7E, 0xBC, 0x20, 0x5A, 0x1E, 0x53, 0x79, 0xE7, 0x80, 0x5E,
    0xC8, 0x76, 0x08, 0xCE, 0x3C, 0xC5, 0x8C, 0x90, 0x49, 0x8D, 0x2B, 0x03, 0xA2, 0xD9, 0x37, 0x6E,
    0xA8, 0xFF, 0x31, 0xED, 0x7D, 0xA0, 0xFE, 0x3B, 0x0B, 0x7A, 0x70, 0xEE, 0xFF, 0xD1, 0xEC, 0x80,
    0xF2, 0x59, 0xF4, 0xBF, 0x71, 0xB9, 0xFF, 0x68, 0x40, 0x22, 0x0D, 0xAC, 0x0C, 0x70, 0x5F, 0x48,
    0xE1, 0x91, 0x87, 0x1E, 0x36, 0xB0, 0xDB, 0x08, 0xFD, 0xFF, 0x1C, 0x06, 0x3F, 0x57, 0x64, 0x23,
    0x94, 0x95, 0x0D, 0xAE, 0x50, 0xF0, 0x65, 0x50, 0x7C, 0x17, 0x69, 0xD3, 0xC3, 0x89, 0x14, 0x65,
    0xB9, 0x19, 0xFA, 0x5F, 0x51, 0x5F, 0x28, 0xB9, 0x7D, 0xEC, 0x5F, 0xAA, 0xBF, 0xBB, 0xC4, 0x1F,
    0x6A, 0xE9, 0x1B, 0x05, 0x3B, 0x69, 0x78, 0xFF, 0x03, 0x62, 0xD9, 0x21, 0x7E, 0x70, 0x4C, 0x4C,
    0xCB, 0x86, 0x3F, 0x9A, 0x69, 0x13, 0xB3, 0x82, 0xE1, 0xC0, 0x90, 0x9A, 0x47, 0xD2, 0xB3, 0xB9,
    0x2D, 0xCA, 0xA1, 0xFE, 0xBF, 0xC3, 0x98, 0x82, 0x91, 0x36, 0xC8, 0x3B, 0x4C, 0xB6, 0x62, 0xCD,
    0xF5, 0x92, 0xBF, 0x0D, 0x76, 0xE0, 0x2C, 0xF0, 0x98, 0x38, 0x61, 0x46, 0xC9, 0xEB, 0xFB, 0x18,
    0x31, 0xFC, 0x3D, 0x8C, 0x65, 0x40, 0x76, 0x2A, 0x95, 0x0B, 0xF9, 0xAA, 0x33, 0x80, 0x0D, 0xA3,
    0xD6, 0x06, 0xFB, 0x97, 0xCA, 0x6F, 0xDA, 0x90, 0x0E, 0x7A, 0x2D, 0x7A, 0x3F, 0x57, 0xB2, 0x59,
    0x80, 0x95, 0x0A, 0xA3, 0x1E, 0x5F, 0xF2, 0x2D, 0xB2, 0xF0, 0x3A, 0xD6, 0xBE, 0xB1, 0x5C, 0x27,
    0x1B, 0x26, 0x4A, 0x46, 0x65, 0x65, 0xEE, 0x4B, 0x30, 0x72, 0xB7, 0x31, 0xD2, 0x90, 0x61, 0xA9,
    0x0D, 0xE5, 0x15, 0x90, 0x74, 0xE3, 0xE1, 0xFB, 0x9D, 0x93, 0xCF, 0xE2, 0xE4, 0x36, 0x72, 0xFB,
    0x2C, 0xCC, 0x8F, 0x97, 0x0D, 0x2D, 0x74, 0x72, 0xFF, 0xFD, 0x19, 0x93, 0x3B, 0x1A, 0xA0, 0x36,
    0xB5, 0x6F, 0x54, 0xFB, 0x4E, 0xEE, 0xF2, 0xDE, 0x07, 0x4B, 0x9D, 0xDC, 0xA5, 0x4E, 0xEE, 0xFC,
    0x42, 0x90, 0x2A, 0x86, 0x2B, 0x14, 0x3C, 0x21, 0x3F, 0xE9, 0x60, 0x85, 0x30, 0x92, 0x2A, 0x91,
    0x5D, 0x43, 0x56, 0x3A, 0x43, 0x9A, 0x96, 0x86, 0xF6, 0x31, 0x18, 0xEA, 0x51, 0x1A, 0x12, 0x72,
    0xFA, 0xA0, 0x51, 0x71, 0x45, 0x14, 0xAC, 0xA4, 0xD4, 0x34, 0xFA, 0x99, 0x2C, 0xE9, 0x9F, 0x16,
    0x07, 0x42, 0xB4, 0x38, 0x98, 0x91, 0xFF, 0xB9, 0xFC, 0x40, 0xC7, 0x31, 0x35, 0xA4, 0xAD, 0x81,
    0x33, 0xE9, 0xC0, 0xDA, 0x14, 0x78, 0x8A, 0x01, 0x3C, 0x14, 0x25, 0xD8, 0xAB, 0x23, 0xDB, 0x5A,
    0xC5, 0xE1, 0xB1, 0xAC, 0x2E, 0x3B, 0x95, 0xEB, 0x13, 0x97, 0xF0, 0x64, 0xE2, 0x4E, 0x38, 0xEF,
    0x32, 0xA1, 0xB4, 0x89, 0xED, 0xAC, 0xCD, 0x56, 0x0C, 0x5C, 0xBB, 0xAB, 0x72, 0xF5, 0x7E, 0x07,
    0xFC, 0xD1, 0x11, 0x61, 0x35, 0xEE, 0x55, 0x56, 0x6F, 0x76, 0x30, 0x22, 0x85, 0x3D, 0xF5, 0x3A,
    0x5D, 0xDA, 0xD1, 0x7A, 0x4C, 0xBF, 0xC3, 0xDA, 0x0B, 0x1D, 0xCA, 0xA3, 0x92, 0x2B, 0x5E, 0x99,
    0x9F, 0xE3, 0x9B, 0x18, 0x72, 0x43, 0x80, 0x32, 0xBA, 0x41, 0x57, 0x66, 0x37, 0x28, 0xD3, 0xB4,
    0xBA, 0x9E, 0x2D, 0x69, 0xF2, 0xAA, 0xA7, 0x9C, 0x33, 0xFD, 0xFD, 0x31, 0x21, 0x7B, 0x08, 0x88,
    0x54, 0x66, 0xF0, 0x75, 0xDA, 0xA4, 0x64, 0xEF, 0x19, 0x7A, 0x51, 0xD4, 0xA7, 0x7F, 0xD2, 0x76,
    0xDA, 0x1A, 0x72, 0x6C, 0xE8, 0x0F, 0xB6, 0x0C, 0x5D, 0x55, 0x5C, 0x67, 0xD4, 0xF7, 0xBC, 0xED,
    0x17, 0x14, 0xAB, 0xD7, 0xFA, 0xBE, 0xEB, 0xFF, 0x96, 0x26, 0x4E, 0x94, 0x3B, 0x94, 0xCD, 0xFF,
    0x8E, 0x70, 0x6E, 0x23, 0x91, 0x2A, 0x13, 0x29, 0xDC, 0xE9, 0xFB, 0x70, 0xB2, 0xAB, 0x30, 0xB0,
    0x29, 0x48, 0x1B, 0x8F, 0xBC, 0x73, 0xD0, 0x88, 0xC0, 0xB1, 0x43, 0xAA, 0x20, 0x32, 0x08, 0xE0,
    0x07, 0x20, 0x6B, 0xF1, 0xD8, 0x26, 0xDB, 0xFA, 0xEE, 0x1D, 0x48, 0xEB, 0xD1, 0xF5, 0x37, 0x51,
    0x7E, 0xEA, 0x11, 0x2D, 0xB5, 0xC5, 0x14, 0x4E, 0x8E, 0xA4, 0x7A, 0xFB, 0x64, 0x39, 0x0B, 0xB2,
    0x73, 0x76, 0x18, 0x1E, 0x7C, 0xAE, 0xCB, 0x8C, 0xCE, 0x66, 0x36, 0x7C, 0x34, 0xFB, 0x6F, 0x1B,
    0xF2, 0xD9, 0xDB, 0x36, 0xC0, 0x6D, 0x45, 0xF9, 0x24, 0x0A, 0x3D, 0x96, 0x3A, 0x4A, 0x88, 0x52,
    0xA9, 0x44, 0x1B, 0x37, 0x7B, 0xE0, 0x6C, 0x10, 0xB0, 0xF3, 0x52, 0xF1, 0xF4, 0x3B, 0x59, 0x60,
    0x86, 0x55, 0xC9, 0xA2, 0xFC, 0xE1, 0x61, 0xE0, 0xFD, 0xDF, 0x57, 0x99, 0xBA, 0xF7, 0x02, 0x97,
    0x99, 0xAD, 0xD9, 0xED, 0x95, 0x3D, 0x3B, 0x22, 0x61, 0x17, 0x68, 0xC9, 0xAE, 0xF0, 0x9F, 0xB1,
    0x43, 0x5E, 0xB1, 0xE6, 0x1B, 0xD8, 0x5E, 0x48, 0x12, 0x1F, 0x93, 0xC4, 0x5D, 0x96, 0x24, 0x49,
    0x4C, 0x92, 0xB4, 0x73, 0x9D, 0x2B, 0x07, 0x4D, 0x12, 0xB1, 0x1A, 0x92, 0x99, 0xD5, 0xD8, 0xDC,
    0x1E, 0xD2, 0xC6, 0x8D, 0xBA, 0xC4, 0xD7, 0xB0, 0xD2, 0xC7, 0x7D, 0x09, 0x1E, 0xAE, 0xEA, 0x91,
    0x85, 0xD8, 0xA1, 0x5E, 0xFB, 0x33, 0xD5, 0xEE, 0x94, 0xDA, 0x9B, 0x72, 0xC3, 0x06, 0xB7, 0xA7,
    0x90, 0x12, 0x9E, 0xEC, 0x31, 0x50, 0x1B, 0x35, 0x6F, 0xC5, 0x25, 0x8B, 0x38, 0xA6, 0xE9, 0x8B,
    0xEA, 0x0B, 0xAB, 0xFE, 0x8A, 0xFA, 0xC7, 0xE1, 0x4C, 0xA3, 0xBF, 0x5E, 0xBB, 0xAD, 0x5F, 0xF4,
    0x7F, 0x7A, 0x2F, 0x8F, 0x43, 0x88, 0x23, 0x88, 0x03, 0x78, 0x5C, 0x6A, 0xA5, 0x73, 0xD0, 0xBE,
    0x63, 0xA2, 0xC4, 0x59, 0x4D, 0x9B, 0x18, 0x05, 0x9D, 0xE3, 0xC6, 0x75, 0x73, 0xDA, 0xE6, 0x39,
    0x75, 0xEC, 0x89, 0x38, 0x9F, 0x13, 0x9B, 0x45, 0xAD, 0x04, 0x36, 0xCB, 0x8A, 0xCD, 0x19, 0xD8,
    0x88, 0xD2, 0x2B, 0xAC, 0x74, 0x4A, 0x0B, 0x5E, 0x67, 0xCE, 0xAD, 0x22, 0x13, 0x59, 0xFD, 0x76,
    0xF9, 0xF7, 0x40, 0x29, 0xF7, 0xF0, 0x92, 0x0C, 0x40, 0x22, 0x70, 0x4F, 0x97, 0xA2, 0x5C, 0xC5,
    0xC7, 0x0A, 0xAB, 0x5F, 0x8D, 0x98, 0xFD, 0xBE, 0x59, 0xAF, 0x06, 0x51, 0x72, 0xE5, 0xCB, 0x25,
    0x55, 0xCA, 0xDA, 0x2C, 0xA4, 0x35, 0xC2, 0x13, 0x23, 0x5B, 0x13, 0xC3, 0x79, 0x1B, 0x73, 0xFB,
    0x99, 0xBE, 0x4F, 0x97, 0xE1, 0x16, 0x25, 0x12, 0x7F, 0x74, 0x80, 0x1A, 0x5F, 0x46, 0x5E, 0x81,
    0x7D, 0x03, 0x8D, 0x03, 0x58, 0x94, 0x5C, 0x31, 0xBF, 0x8C, 0x36, 0x61, 0x6D, 0x93, 0x21, 0x42,
    0xC8, 0x86, 0x22, 0xD7, 0xF4, 0xF4, 0x8D, 0x0D, 0x44, 0x36, 0xB4, 0x8A, 0x34, 0x8A, 0xCE, 0x0F,
    0x43, 0xF9, 0x6D, 0xA5, 0xD4, 0x6F, 0x94, 0xDC, 0x09, 0xB2, 0x90, 0x20, 0x3F, 0x53, 0x2A, 0x1F,
    0x04, 0x2E, 0xC4, 0x3C, 0x01, 0xEC, 0xA5, 0x7C, 0x93, 0x36, 0xF3, 0xEA, 0x13, 0x07, 0xDF, 0xB0,
    0xC3, 0x9C, 0xA2, 0xCC, 0x7B, 0xBD, 0xBC, 0x3F, 0x38, 0xE4, 0x8B, 0x43, 0x07, 0xB3, 0x92, 0xE5,
    0xBB, 0x25, 0xCC, 0x99, 0xF1, 0x30, 0x62, 0x04, 0x66, 0x18, 0xA9, 0xF4, 0x89, 0x0A, 0xE3, 0x91,
    0x74, 0x28, 0xA1, 0xE6, 0x7E, 0xB9, 0xFC, 0xFF, 0xFD, 0xD0, 0x37, 0xDA, 0x45, 0x1F, 0xC5, 0x6A,
    0x4E, 0x6B, 0xBC, 0x92, 0x2B, 0xE6, 0x02, 0xA9, 0x52, 0x0E, 0xBA, 0xF1, 0x88, 0xE8, 0xE6, 0x23,
    0xFA, 0x4E, 0xB9, 0x8A, 0x71, 0x56, 0xB9, 0x1F, 0x37, 0x8E, 0xC8, 0xB5, 0xE4, 0x24, 0xB8, 0x7D,
    0x38, 0xC7, 0xB1, 0xFA, 0xF7, 0x1D, 0x23, 0xD6, 0x1E, 0xA5, 0x3F, 0x19, 0x9C, 0xF0, 0x15, 0xD9,
    0x05, 0x90, 0x0A, 0x3B, 0x69, 0xFD, 0x3F, 0xEE, 0x4A, 0x07, 0x91, 0x2A, 0xF1, 0x0D, 0xC6, 0x04,
    0xB3, 0xAA, 0x19, 0xC1, 0x13, 0xE6, 0x04, 0x22, 0xE8, 0xFD, 0xBC, 0x5A, 0x2F, 0xCE, 0xEE, 0xFF,
    0xB4, 0x38, 0x81, 0xCB, 0x19, 0x89, 0xB6, 0x2C, 0x3D, 0xBC, 0x1E, 0x82, 0x06, 0xE4, 0x01, 0x7F,
    0x6E, 0xC3, 0x58, 0x66, 0xC1, 0x8A, 0x68, 0xE0, 0xCA, 0xE0, 0x90, 0x05, 0xA7, 0xC1, 0x70, 0x9D,
    0x7E, 0xF3, 0x27, 0x6B, 0x72, 0xFD, 0x3F, 0xD5, 0x7B, 0x17, 0x82, 0x5C, 0x3F, 0xFF, 0xA7, 0xEA,
    0x72, 0x46, 0xB2, 0x6B, 0x45, 0xF7, 0xD0, 0xA1, 0x2C, 0xCA, 0x6D, 0x38, 0x5C, 0xAC, 0x89, 0x20,
    0x15, 0xD8, 0x0C, 0xD6, 0x22, 0x1D, 0x30, 0xEA, 0x00, 0xDB, 0x24, 0xEB, 0xCE, 0x56, 0xAB, 0x53,
    0x5C, 0x22, 0xA1, 0x4F, 0x67, 0x81, 0xCB, 0xF7, 0x42, 0x3F, 0x7F, 0xF6, 0x29, 0x2E, 0xAE, 0x52,
    0xF8, 0x46, 0x65, 0x4E, 0x8F, 0xC4, 0xCF, 0x5B, 0x2E, 0xF2, 0x05, 0x0F, 0xBA, 0x57, 0xFC, 0x85,
    0xA8, 0x88, 0x14, 0x86, 0x84, 0x61, 0xE8, 0xA5, 0x28, 0x50, 0x69, 0x13, 0x95, 0xE1, 0xC3, 0x0E,
    0x89, 0x08, 0x01, 0xF9, 0x50, 0x00, 0x48, 0xEB, 0x91, 0x76, 0x25, 0x17, 0x29, 0xCA, 0x18, 0x4B,
    0x23, 0xE1, 0xCF, 0xB2, 0x8D, 0x00, 0x7F, 0x33, 0xA4, 0x31, 0x96, 0xF5, 0x57, 0xC7, 0x52, 0x37,
    0x4F, 0x4D, 0xBA, 0x5C, 0x63, 0x34, 0xB9, 0xAA, 0xFC, 0xC8, 0x53, 0x46, 0x39, 0xB9, 0x66, 0x15,
    0xBD, 0xF9, 0x82, 0xCC, 0xE2, 0x88, 0xCC, 0x72, 0x87, 0x8C, 0xC4, 0x0D, 0x48, 0x61, 0xA5, 0x55,
    0xB4, 0x00, 0xB8, 0x52, 0x01, 0x89, 0xD7, 0x56, 0xC6, 0x52, 0xF8, 0x26, 0xCD, 0xA0, 0x89, 0x6B,
    0x55, 0x52, 0x81, 0xA7, 0x91, 0x20, 0xA7, 0x37, 0x1D, 0x0C, 0xB1, 0xCA, 0xFD, 0x5E, 0x65, 0x31,
    0x53, 0x59, 0x1E, 0x96, 0x30, 0xF2, 0x03, 0xB9, 0xB8, 0x96, 0xCE, 0x57, 0x90, 0x5F, 0x1D, 0xFE,
    0x52, 0x19, 0x90, 0x9F, 0x1F, 0xFE, 0xBE, 0x07, 0x1B, 0x46, 0xDD, 0xFA, 0xB0, 0x68, 0x37, 0xCE,
    0x19, 0x94, 0x56, 0xD1, 0x92, 0xEA, 0x4A, 0x33, 0x22, 0x40, 0xD9, 0xE1, 0xE5, 0x61, 0xB3, 0xF0,
    0x22, 0x18, 0x3E, 0x64, 0x78, 0x61, 0xBD, 0x56, 0x8A, 0x18, 0x6A, 0x46, 0x4B, 0x6B, 0xA4, 0x51,
    0x2A, 0x06, 0x27, 0x7A, 0x5F, 0xDF, 0x73, 0x42, 0x18, 0x4B, 0x85, 0xFC, 0x9D, 0x1E, 0xFE, 0x58,
    0x40, 0x67, 0x82, 0x53, 0x71, 0xF0, 0xBD, 0x43, 0xB6, 0x4A, 0xE0, 0x67, 0x93, 0x57, 0xCE, 0x37,
    0x25, 0xD1, 0x94, 0xE6, 0xEC, 0xA5, 0x73, 0xD2, 0x8C, 0x07, 0xA8, 0xBD, 0x54, 0xBC, 0x5E, 0xD6,
    0x8F, 0xEE, 0x9F, 0xAD, 0xEF, 0x17, 0xC0, 0x2B, 0x79, 0x55, 0xFA, 0x66, 0x9B, 0xA8, 0x3F, 0xFD,
    0x79, 0x57, 0x4A, 0x93, 0x0E, 0xC5, 0x15, 0x29, 0x72, 0xA1, 0xF2, 0xA4, 0x1B, 0x12, 0x66, 0x30,
    0xBE, 0xB2, 0x66, 0x35, 0x00, 0xDF, 0xAA, 0xD0, 0x6B, 0x6B, 0x39, 0xBF, 0xD4, 0x07, 0x5F, 0xB6,
    0x97, 0x7B, 0x15, 0x2F, 0x21, 0x7E, 0xE3, 0x1A, 0x98, 0x6E, 0x4C, 0x38, 0x9F, 0xB8, 0xE7, 0x94,
    0x91, 0x14, 0x99, 0xD0, 0x75, 0xB0, 0xFF, 0xAF, 0xB7, 0x45, 0x06, 0xBC, 0xE0, 0x81, 0x04, 0xB0,
    0x21, 0xF1, 0x37, 0xD7, 0x6B, 0xB6, 0x28, 0x83, 0x3B, 0x7D, 0x23, 0x94, 0x22, 0x01, 0xC9, 0x66,
    0x00, 0x50, 0x00, 0x79, 0x31, 0x92, 0x9F, 0x86, 0x4C, 0x4E, 0xC3, 0xEB, 0xF0, 0xBA, 0xD6, 0xFF,
    0x06, 0x22, 0x82, 0x95, 0xB7, 0xBA, 0xAF, 0xCC, 0x1C, 0x22, 0x91, 0x43, 0x58, 0x11, 0x38, 0x78,
    0xB8, 0x2F, 0x36, 0x51, 0x5E, 0x78, 0x27, 0x6D, 0xAE, 0xF1, 0x55, 0xBE, 0xC6, 0x19, 0x23, 0x96,
    0x9F, 0x64, 0x81, 0xAF, 0x11, 0x5F, 0x25, 0xCE, 0x89, 0x13, 0x62, 0x48, 0x87, 0xCD, 0x46, 0xBB,
    0xF4, 0x36, 0x7E, 0x02, 0x80, 0x01, 0x19, 0x0A, 0x88, 0x74, 0x4A, 0x0F, 0x4E, 0x04, 0x8C, 0x52,
    0x71, 0xCA, 0x74, 0x95, 0x17, 0x22, 0xA4, 0xC4, 0xF9, 0x1F, 0x2E, 0x3C, 0x8B, 0x78, 0x7D, 0x3E,
    0x40, 0x84, 0x95, 0x06, 0x60, 0xAC, 0xE0, 0x5F, 0x28, 0x43, 0x21, 0x75, 0x4B, 0x2D, 0xE9, 0xB2,
    0xA9, 0xD8, 0x10, 0x9E, 0xC5, 0x70, 0xE3, 0x21, 0xE4, 0x48, 0x8A, 0x76, 0x71, 0x14, 0x22, 0x7A,
    0xC2, 0xAF, 0xF2, 0x6A, 0x8A, 0x71, 0xFB, 0x5B, 0x99, 0xEC, 0xBB, 0x19, 0xBB, 0x11, 0x95, 0x35,
    0x36, 0x19, 0x89, 0x00, 0xEE, 0x6B, 0xD6, 0x1A, 0xAE, 0xD3, 0xDD, 0x36, 0xD6, 0xBC, 0x43, 0x1A,
    0x33, 0x2E, 0x97, 0x50, 0xDE, 0x22, 0xB9, 0x41, 0x72, 0x44, 0xB4, 0xA0, 0x9F, 0x9E, 0xD4, 0xEE,
    0x30, 0xC0, 0x7E, 0x9D, 0xDA, 0xC2, 0xF6, 0xB0, 0xDF, 0x59, 0xED, 0x70, 0x3D, 0x46, 0xDD, 0x75,
    0x43, 0x78, 0xDD, 0x12, 0x5C, 0x4E, 0xC8, 0x4B, 0x42, 0x76, 0xA6, 0x2C, 0x08, 0xF6, 0x60, 0x75,
    0xD0, 0x07, 0xCC, 0xF3, 0xF2, 0x50, 0x91, 0x02, 0xE6, 0x28, 0xAC, 0x18, 0x49, 0x05, 0x4C, 0xF1,
    0x8C, 0xBC, 0x7F, 0x76, 0x8D, 0xB3, 0x8E, 0xF1, 0x3B, 0x9D, 0xF6, 0x50, 0xE0, 0xC4, 0x57, 0x7B,
    0xAF, 0x66, 0x41, 0x8A, 0xF5, 0x49, 0xA3, 0xA5, 0x35, 0x65, 0xB3, 0x3E, 0x89, 0x00, 0xCF, 0xC3,
    0x8B, 0x15, 0x40, 0x48, 0x28, 0x95, 0xA6, 0x94, 0xAA, 0x03, 0xE8, 0x4F, 0xEA, 0xE5, 0x7F, 0xFC,
    0xC8, 0x0F, 0x57, 0x27, 0x79, 0x0D, 0x80, 0x57, 0x96, 0x55, 0x7F, 0x7D, 0xAD, 0xD9, 0xBB, 0x4A,
    0x5D, 0x7E, 0x4C, 0xA9, 0xEE, 0xC3, 0x03, 0x5C, 0x8D, 0x6F, 0xFD, 0x86, 0xAD, 0x9C, 0x6C, 0x54,
    0xFF, 0xF2, 0xF9, 0x61, 0xC5, 0x66, 0x86, 0x33, 0x33, 0x60, 0x69, 0x3B, 0x6C, 0x9F, 0xAF, 0x50,
    0x1B, 0x6E, 0xFD, 0xA7, 0xB0, 0x70, 0xDC, 0xC0, 0xF0, 0x2D, 0x94, 0x69, 0x57, 0x56, 0x67, 0xD5,
    0x22, 0xF8, 0xCA, 0x21, 0xAB, 0x7D, 0x4B, 0xAF, 0xD1, 0x6B, 0xBE, 0xCD, 0x6A, 0xDD, 0xF8, 0xD8,
    0xC2, 0x56, 0x79, 0xF3, 0x31, 0x5A, 0x88, 0x0E, 0x22, 0xF1, 0xBB, 0x48, 0xA5, 0x43, 0x5E, 0x6C,
    0x63, 0xAB, 0xDC, 0xC0, 0x3F, 0xCB, 0xBF, 0x55, 0x8B, 0x3F, 0x5E, 0x54, 0x0B, 0x2C, 0x42, 0xFC,
    0x1B, 0xAF, 0xF5, 0xFE, 0xEA, 0x79, 0x7C, 0x4F, 0xDF, 0x8F, 0xFB, 0x10, 0xC6, 0xD2, 0x23, 0x13,
    0xA9, 0x5C, 0x9D, 0xD7, 0x53, 0xA4, 0xC4, 0x30, 0x2B, 0x7A, 0x8C, 0xA9, 0x2C, 0x6C, 0xE3, 0x4E,
    0x25, 0xA4, 0x22, 0xFA, 0xFE, 0x3D, 0xE0, 0xD7, 0xFE, 0x14, 0x23, 0x19, 0x60, 0x45, 0x6A, 0x57,
    0x67, 0xE4, 0xED, 0x4E, 0xD7, 0x5F, 0xBF, 0xCB, 0x3C, 0x21, 0xEE, 0x15, 0x6F, 0x89, 0xCB, 0x93,
    0xCF, 0xBA, 0x5C, 0x76, 0x68, 0xDC, 0xDB, 0xFA, 0x15, 0xA8, 0xB9, 0x2A, 0x4A, 0x50, 0xB1, 0x6B,
    0xF9, 0xE1, 0x9B, 0x9A, 0x2D, 0xBD, 0xC0, 0xDE, 0x16, 0xA9, 0xEC, 0xE1, 0xBB, 0x59, 0xB0, 0x87,
    0x0F, 0xAC, 0xCA, 0x96, 0xCA, 0xA7, 0x13, 0x95, 0xA3, 0x36, 0x0B, 0x29, 0xA9, 0xA7, 0x91, 0x0F,
    0x05, 0x89, 0x08, 0x03, 0x2F, 0xCB, 0x2E, 0x92, 0xF7, 0xAF, 0x14, 0x56, 0x1C, 0x39, 0x91, 0xAE,
    0x4C, 0x1F, 0xF0, 0xBE, 0x21, 0xE6, 0x73, 0xE4, 0x40, 0x59, 0x10, 0x7F, 0xAC, 0x38, 0x25, 0xDB,
    0x21, 0x06, 0x90, 0xE3, 0x91, 0x38, 0x05, 0xFB, 0x3A, 0x66, 0x5D, 0xEB, 0x63, 0x91, 0x16, 0xB9,
    0x48, 0x85, 0xB2, 0x06, 0x30, 0x4D, 0x1B, 0xA0, 0x7F, 0xF5, 0x2D, 0x80, 0x27, 0x13, 0xA0, 0xCF,
    0x5A, 0xC0, 0x8F, 0x7B, 0xC4, 0x13, 0x7D, 0x83, 0x4C, 0x84, 0x31, 0x8A, 0xA2, 0xF6, 0xDD, 0xF3,
    0xF6, 0x4C, 0xA3, 0x62, 0xD9, 0xA9, 0x4C, 0xF6, 0x55, 0xFC, 0xEA, 0x95, 0x76, 0x15, 0x4A, 0xB8,
    0x55, 0xA3, 0xE3, 0xD8, 0xE8, 0xAF, 0xC6, 0x46, 0xBF, 0xFD, 0x1A, 0xD0, 0x5B, 0x02, 0xFC, 0xE8,
    0xE1, 0xE5, 0x8D, 0x3A, 0xD5, 0xBC, 0xC0, 0x93, 0x03, 0xF3, 0xBF, 0xFE, 0x15, 0xD2, 0x99, 0xD4,
    0xA9, 0x48, 0x97, 0xDE, 0x1B, 0xAD, 0x76, 0x6B, 0xFC, 0x18, 0x6E, 0x24, 0x85, 0x33, 0xB7, 0x43,
    0x69, 0x0E, 0x42, 0x3F, 0x92, 0x7F, 0xE8, 0x20, 0xB1, 0xAD, 0x01, 0x6A, 0xA3, 0xF6, 0xA9, 0xAD,
    0x39, 0xD9, 0x7D, 0xC5, 0x50, 0xF6, 0x50, 0xE7, 0xC2, 0x89, 0x1C, 0x51, 0x99, 0xBD, 0xBB, 0xA0,
    0xDE, 0x1A, 0x8D, 0xCD, 0xB9, 0x2C, 0x1B, 0x09, 0xE3, 0x59, 0xFD, 0x90, 0x52, 0x09, 0x1F, 0x93,
    0xD5, 0xA6, 0x29, 0xEB, 0x91, 0x55, 0xB1, 0xE3, 0x00, 0x3F, 0x21, 0x51, 0xC6, 0x5D, 0x22, 0x42,
    0x59, 0x9C, 0x79, 0x19, 0x0A, 0x5F, 0x00, 0x3D, 0xD2, 0x86, 0x7F, 0xFD, 0xD5, 0xB7, 0x78, 0x6B,
    0x32, 0x19, 0xE4, 0xF7, 0xF6, 0xBC, 0xDC, 0xE9, 0xDC, 0x6D, 0x21, 0x5B, 0xF8, 0x0A, 0x40, 0x76,
    0x8E, 0x5D, 0xF1, 0xE6, 0x0B, 0x36, 0x95, 0x5B, 0x37, 0x73, 0x91, 0xA1, 0xFC, 0x3E, 0x7F, 0x32,
    0x05, 0xAB, 0xFF, 0xBE, 0xAA, 0x03, 0x6F, 0x67, 0xD5, 0x54, 0xDE, 0xAB, 0xDD, 0xC1, 0x41, 0x9B,
    0xC9, 0x3B, 0xDD, 0x68, 0xC0, 0x0F, 0x01, 0xC4, 0x0F, 0xAF, 0x25, 0x7F, 0x2C, 0x19, 0xD3, 0x99,
    0x94, 0x7C, 0x2A, 0xAE, 0x63, 0xDF, 0xBB, 0x86, 0xB3, 0xC6, 0x15, 0x0C, 0x38, 0x7C, 0x7D, 0x79,
    0x13, 0x6A, 0xA9, 0x14, 0xAA, 0xB9, 0xD4, 0xAA, 0xE5, 0x8D, 0xE3, 0x06, 0x98, 0x26, 0x8B, 0xFB,
    0x77, 0x8B, 0x3E, 0x5F, 0x2C, 0x17, 0x81, 0x65, 0x71, 0x76, 0xD6, 0xF0, 0xFC, 0x73, 0x11, 0xE9,
    0xE5, 0x53, 0xD9, 0x2E, 0xA7, 0xF9, 0xC6, 0xCD, 0xDF, 0xFD, 0x5E, 0x59, 0xB8, 0xE8, 0xF5, 0x45,
    0xAF, 0x6A, 0xA5, 0x55, 0x4D, 0xA4, 0x52, 0xFD, 0x5F, 0xBD, 0xD9, 0x01, 0xA4, 0x25, 0xD7, 0x19,
    0xC0, 0xF1, 0xFF, 0x99, 0x93, 0xBB, 0x53, 0x19, 0xED, 0xA9, 0xF6, 0x81, 0x4A, 0x32, 0x00, 0xD9,
    0xDA, 0xEC, 0x40, 0x11, 0xBC, 0xDD, 0x33, 0x6D, 0xB0, 0x40, 0xFB, 0xD0, 0x2D, 0x14, 0x8A, 0xA0,
    0x8B, 0x4A, 0x50, 0x2C, 0xDD, 0xF7, 0x66, 0xDA, 0x22, 0x40, 0x2D, 0x28, 0x04, 0x5D, 0x14, 0x80,
    0x06, 0x29, 0x8B, 0xB7, 0x77, 0x8E, 0x0D, 0x8A, 0xC0, 0x44, 0x50, 0x40, 0x47, 0x93, 0x26, 0x08,
    0xF6, 0x90, 0x91, 0x4E, 0xEC, 0x99, 0x39, 0x3D, 0xC7, 0xDC, 0xBC, 0xFB, 0x9E, 0x97, 0xF7, 0xBA,
    0xB9, 0x7B, 0xDF, 0x9E, 0x37, 0xDF, 0xCC, 0xBB, 0x6F, 0x66, 0xC6, 0xEF, 0xFB, 0xCE, 0xCC, 0xB9,
    0xC7, 0x3C, 0x94, 0x81, 0xBC, 0x03, 0x6D, 0x41, 0xF7, 0x50, 0x0D, 0xE0, 0x1D, 0x8C, 0x23, 0xC2,
    0x4D, 0xC8, 0xA1, 0x41, 0xF6, 0x55, 0x99, 0x5A, 0x5D, 0x2B, 0xAB, 0x8D, 0xEA, 0x8A, 0x36, 0xF7,
    0xBE, 0xD3, 0xDE, 0xDB, 0x10, 0x71, 0xCF, 0xE0, 0x91, 0x8E, 0xE3, 0x2D, 0xAB, 0x41, 0x99, 0xB8,
    0xE5, 0x92, 0x2F, 0xB5, 0xB7, 0xD5, 0xDB, 0xC3, 0xAB, 0x89, 0x43, 0x38, 0x70, 0x99, 0x77, 0xDA,
    0x3B, 0xFF, 0x67, 0x37, 0x0A, 0xE7, 0x7F, 0xE9, 0x2A, 0xEF, 0xB2, 0xE1, 0x90, 0xA3, 0x76, 0x1F,
    0x1C, 0x71, 0x2D, 0x4A, 0x50, 0x03, 0x14, 0x0E, 0x5E, 0xD8, 0x9D, 0xF7, 0x24, 0x36, 0xC4, 0x5D,
    0x00, 0xC8, 0x2C, 0xA8, 0x1E, 0xF2, 0xD5, 0x31, 0x7A, 0x84, 0x6A, 0x09, 0x8D, 0x86, 0x51, 0x97,
    0xC2, 0x15, 0x75, 0xE2, 0x72, 0x23, 0x07, 0xD5, 0xA6, 0x56, 0x75, 0x59, 0x00, 0xAB, 0x00, 0x0E,
    0xF8, 0xA1, 0x30, 0x89, 0xD3, 0xB5, 0x18, 0xAB, 0x92, 0x89, 0x1D, 0xF0, 0xA5, 0xF4, 0x26, 0x79,
    0xCB, 0x44, 0x70, 0x01, 0xD7, 0x80, 0x35, 0xFC, 0xBB, 0xC2, 0xF1, 0x0B, 0x97, 0xFB, 0x28, 0xF5,
    0xB8, 0x31, 0x2C, 0x89, 0x6B, 0xFE, 0xE2, 0x74, 0x84, 0xDF, 0x01, 0xF6, 0x20, 0x69, 0x11, 0xAF,
    0x19, 0xB2, 0x0E, 0x8A, 0x01, 0xF6, 0xF7, 0xE1, 0xAF, 0x3F, 0x00, 0x00, 0x65, 0xE7, 0xC8, 0x7B,
    0xD0, 0x6E, 0x8E, 0x6A, 0x84, 0xA9, 0x02, 0xA7, 0x11, 0x4E, 0x97, 0x32, 0x80, 0x64, 0x9F, 0x9B,
    0xC0, 0x6C, 0xD5, 0xCC, 0xB4, 0x81, 0xD9, 0x6B, 0x23, 0x03, 0x33, 0x71, 0x81, 0x39, 0xC2, 0x02,
    0x76, 0xE1, 0x36, 0x87, 0x08, 0x4F, 0xFA, 0xBE, 0x51, 0x3F, 0xE9, 0x9E, 0x98, 0x79, 0x08, 0x0B,
    0x20, 0xAB, 0x2F, 0x9E, 0xB9, 0x07, 0x3D, 0xEC, 0x6E, 0xCA, 0x14, 0x3D, 0x48, 0x07, 0xE2, 0x0A,
    0xF0, 0x26, 0xD2, 0xDE, 0x43, 0x39, 0x28, 0x34, 0xDC, 0x7A, 0xBE, 0x04, 0x40, 0xF6, 0x90, 0x0D,
    0xA0, 0x5C, 0x88, 0x11, 0x8A, 0x09, 0x74, 0x03, 0x5A, 0x97, 0x34, 0x45, 0xCD, 0x94, 0x1B, 0x9C,
    0x32, 0x89, 0xCB, 0x3A, 0x39, 0xA4, 0x56, 0x06, 0x66, 0xE6, 0xFD, 0x10, 0xB8, 0x4E, 0xB5, 0xC2,
    0x15, 0x86, 0x49, 0x1B, 0x1A, 0x38, 0x00, 0x7C, 0x09, 0x37, 0x42, 0x7C, 0x07, 0x0E, 0x77, 0x23,
    0x99, 0xF4, 0x5F, 0x06, 0xF5, 0xC7, 0x0E, 0x66, 0x36, 0xC1, 0x4D, 0x80, 0x13, 0xE5, 0x81, 0x4E,
    0xB0, 0x13, 0xF0, 0x78, 0x1C, 0x63, 0x8C, 0xC4, 0x11, 0x12, 0x40, 0x7B, 0xC7, 0xD1, 0x9D, 0x5C,
    0xFC, 0x14, 0x7E, 0x17, 0xAB, 0xB1, 0x07, 0x49, 0x0D, 0xCA, 0x5E, 0x60, 0xC9, 0x91, 0x1F, 0xB7,
    0x59, 0x63, 0x16, 0x0B, 0x80, 0xB9, 0xF0, 0x21, 0x89, 0x98, 0xC3, 0x93, 0x17, 0xFE, 0x52, 0x09,
    0xAA, 0x05, 0x6D, 0xE1, 0xF0, 0x10, 0xEE, 0x5D, 0xE6, 0xA2, 0x87, 0x06, 0x0E, 0x49, 0xA2, 0xB4,
    0x56, 0x37, 0x3A, 0xD8, 0x7C, 0xA4, 0x80, 0x3D, 0xC0, 0x42, 0xD2, 0xC2, 0xDE, 0x02, 0x7A, 0x05,
    0xCB, 0x0A, 0xF4, 0x18, 0x8B, 0x7B, 0x6C, 0xB4, 0xB0, 0xC7, 0x46, 0x0B, 0x07, 0xD5, 0x72, 0x3E,
    0x6E, 0xD4, 0x88, 0x58, 0xCE, 0x58, 0xEC, 0x5E, 0xC5, 0x62, 0x77, 0xC7, 0x8A, 0x3D, 0xE8, 0x79,
    0xB4, 0x88, 0xC5, 0x9E, 0x58, 0x40, 0x0E, 0xBB, 0x00, 0x0A, 0xAB, 0xFE, 0x69, 0x53, 0xDF, 0x0A,
    0x5F, 0xCE, 0xFE, 0xC2, 0x47, 0xFF, 0x0E, 0x6B, 0x7C, 0x33, 0x57, 0x5A, 0xB8, 0xE6, 0xED, 0xB9,
    0xD2, 0xFB, 0x2C, 0x00, 0x05, 0xA4, 0xF5, 0x85, 0x6B, 0xC5, 0x1E, 0x58, 0xB8, 0xBD, 0xB9, 0x96,
    0xA4, 0x9D, 0x25, 0xCF, 0xFD, 0x76, 0x55, 0x63, 0x73, 0x52, 0x5D, 0x6D, 0xA2, 0xCE, 0x4F, 0xAB,
    0xD7, 0x37, 0xF4, 0xC4, 0x6F, 0xC0, 0xC3, 0x5B, 0x25, 0x0A, 0xAE, 0xC0, 0xCE, 0xA6, 0xF6, 0xE7,
    0x04, 0xE8, 0x3F, 0xC1, 0xDF, 0x1D, 0x00, 0xDC, 0x7B, 0x7E, 0xE5, 0x6E, 0xE6, 0x6A, 0x67, 0xDB,
    0xAD, 0x36, 0xE5, 0x9E, 0xEC, 0xBB, 0xAC, 0x30, 0xB0, 0x79, 0xC1, 0xF9, 0xD5, 0x57, 0xC8, 0x6A,
    0x8D, 0x4C, 0xED, 0xBC, 0x55, 0x03, 0xE4, 0x0E, 0x8A, 0x11, 0xF4, 0x04, 0x55, 0x05, 0x93, 0x2E,
    0x19, 0x63, 0xE9, 0x02, 0x70, 0xC8, 0xDB, 0x80, 0xEC, 0x32, 0xAB, 0xD6, 0x5F, 0x75, 0xDE, 0xBB,
    0x80, 0x9C, 0x81, 0xC7, 0x5B, 0xD2, 0x81, 0xB4, 0x71, 0x4B, 0x94, 0xFE, 0xD8, 0x66, 0x9F, 0x75,
    0xD2, 0x1B, 0x31, 0xAD, 0xA5, 0x57, 0x84, 0x83, 0xB8, 0xA4, 0xF3, 0x83, 0x58, 0x3A, 0x87, 0xF3,
    0x6F, 0xBB, 0x6A, 0x96, 0x9E, 0x7A, 0x10, 0xBD, 0x9F, 0xC2, 0x32, 0xDD, 0xFC, 0xB9, 0x83, 0xE3,
    0x4B, 0x20, 0x84, 0xE5, 0xE4, 0xDF, 0x09, 0x1F, 0xE7, 0xE3, 0x4F, 0x5F, 0x47, 0x34, 0x35, 0x99,
    0xB7, 0xE4, 0x9F, 0x38, 0x74, 0xFD, 0x80, 0x2A, 0xFE, 0xA0, 0xA9, 0x6E, 0x86, 0xAD, 0xF7, 0x31,
    0xD0, 0x40, 0xFE, 0x9F, 0x07, 0x64, 0xDE, 0x21, 0x9A, 0xBB, 0x9C, 0x68, 0x57, 0x01, 0xBD, 0xDA,
    0xEE, 0x10, 0xEA, 0x9F, 0x7A, 0x23, 0x6F, 0x18, 0xB2, 0x1A, 0x0D, 0xB7, 0x80, 0x53, 0xD6, 0xB5,
    0x29, 0x5A, 0x1D, 0x7C, 0xBD, 0xF5, 0x39, 0x20, 0xE8, 0x84, 0x37, 0xF0, 0x61, 0x88, 0xB4, 0x86,
    0x1C, 0xB8, 0x0A, 0xC0, 0x4A, 0xDE, 0xCF, 0xF2, 0xF2, 0x60, 0x56, 0xCF, 0xE2, 0xA0, 0xBF, 0x49,
    0x05, 0xE8, 0xF2, 0x4A, 0xD8, 0x3F, 0x1D, 0xC9, 0x45, 0xB9, 0x97, 0xF5, 0x36, 0xF7, 0xDD, 0x8B,
    0x45, 0xBD, 0x31, 0x4C, 0xB6, 0x36, 0xFB, 0xD2, 0xAA, 0xA6, 0x55, 0x59, 0x0D, 0x08, 0x5F, 0x2B,
    0xDF, 0xEB, 0x4F, 0x5D, 0xC5, 0x72, 0x44, 0x7B, 0x1F, 0xDB, 0x74, 0xF3, 0xE6, 0x08, 0x15, 0xAF,
    0xEA, 0x4F, 0x46, 0xE5, 0x87, 0xC4, 0xDF, 0x85, 0x05, 0xBC, 0xC2, 0xEB, 0xBB, 0x4C, 0x48, 0x5F,
    0x66, 0xEF, 0xB7, 0xCF, 0x27, 0xF7, 0x36, 0x36, 0xC0, 0x02, 0x78, 0x09, 0xD8, 0x3D, 0xFA, 0x6E,
    0x95, 0x9F, 0xB6, 0x64, 0x7F, 0xB0, 0x30, 0xA3, 0x08, 0x2A, 0x74, 0x28, 0x4E, 0xC5, 0x01, 0x01,
    0x46, 0x60, 0xC5, 0x20, 0xD8, 0x98, 0x80, 0x8A, 0x2B, 0x61, 0xFF, 0x84, 0x8A, 0xC5, 0x89, 0x40,
    0xF6, 0xE0, 0xFE, 0xF6, 0x84, 0x7B, 0xC0, 0x1D, 0xE0, 0x95, 0x2D, 0x0A, 0xAF, 0xCF, 0x17, 0x42,
    0xCE, 0xD3, 0x88, 0xF1, 0x05, 0x12, 0x5F, 0x12, 0xA8, 0x44, 0x2B, 0xB3, 0x36, 0x46, 0x84, 0xE0,
    0xE0, 0x44, 0xC4, 0xBF, 0x05, 0x72, 0x0C, 0x1C, 0x9C, 0xB1, 0x7F, 0x3E, 0x1F, 0x8A, 0x12, 0x1A,
    0x03, 0xDF, 0x0F, 0x91, 0xC1, 0xB5, 0x17, 0xE7, 0x1C, 0x1E, 0xB7, 0x64, 0x0F, 0x9F, 0x26, 0x07,
    0xE4, 0xC7, 0x9D, 0x6A, 0xCC, 0xB7, 0x16, 0xF0, 0x6B, 0xB6, 0x54, 0x6B, 0x48, 0xFA, 0x77, 0x48,
    0x9B, 0x96, 0xC5, 0xA2, 0x04, 0x80, 0x6B, 0xCC, 0xDE, 0xFF, 0x3E, 0xA5, 0xF7, 0x75, 0x18, 0x8F,
    0x8C, 0x77, 0xB7, 0x35, 0xEE, 0x70, 0x1D, 0x68, 0x6A, 0x92, 0xC0, 0x4B, 0x3F, 0xB0, 0x00, 0x5B,
    0x1D, 0x8B, 0x44, 0x99, 0xF7, 0xDA, 0xBD, 0x7C, 0x87, 0x77, 0x65, 0x97, 0xD4, 0xA0, 0xCC, 0xFF,
    0xFF, 0x11, 0x14, 0x9D, 0xB6, 0x3F, 0xB2, 0xA2, 0x4B, 0xCD, 0xA5, 0xF2, 0xBC, 0x73, 0xDC, 0xA9,
    0x06, 0xDC, 0x77, 0xF7, 0xF7, 0xBD, 0xDF, 0x47, 0x1F, 0x6F, 0x51, 0xA3, 0xAF, 0xF2, 0x46, 0x8F,
    0xF4, 0x1E, 0xF5, 0x65, 0x63, 0x0A, 0x93, 0x59, 0x8D, 0xEC, 0x97, 0x24, 0xC3, 0x88, 0x70, 0x23,
    0x38, 0xB7, 0x8A, 0x31, 0x06, 0xC2, 0xC5, 0x7D, 0xF1, 0x98, 0x78, 0x6C, 0x3C, 0x27, 0x9E, 0x1B,
    0xAF, 0x71, 0xD6, 0xF4, 0x2E, 0x76, 0x94, 0xF2, 0x0E, 0xFD, 0x89, 0xA7, 0x42, 0x97, 0x13, 0x45,
    0x3D, 0x92, 0x1B, 0x87, 0x32, 0x71, 0x1B, 0x3F, 0xC7, 0xBF, 0xC7, 0xFD, 0x73, 0xC7, 0xB6, 0x67,
    0x56, 0x8E, 0xAC, 0x03, 0xED, 0xE0, 0xDA, 0x21, 0x70, 0x1B, 0x84, 0x05, 0xD9, 0x02, 0xB0, 0xB5,
    0x3C, 0xCE, 0x1F, 0xDB, 0x37, 0xCC, 0x47, 0x94, 0x20, 0x0D, 0x97, 0x6E, 0x94, 0x47, 0xD3, 0x6B,
    0xE7, 0x10, 0xF6, 0xFA, 0x76, 0xED, 0x47, 0xB3, 0xCA, 0x57, 0x40, 0x03, 0xBE, 0x26, 0xF9, 0xBC,
    0x23, 0x35, 0xFD, 0xA6, 0xF6, 0xF5, 0x35, 0x2F, 0xBD, 0x56, 0x5F, 0xAC, 0x7D, 0x07, 0xD8, 0x05,
    0x5E, 0xDA, 0xA2, 0x3D, 0xFD, 0x6A, 0xDE, 0xFA, 0x0E, 0x88, 0x16, 0xF5, 0xB0, 0x8E, 0x7E, 0x1E,
    0x38, 0x44, 0xBF, 0x6D, 0x7F, 0x5E, 0x42, 0x65, 0xE0, 0x7B, 0x21, 0xD2, 0x12, 0xAD, 0x56, 0xA3,
    0x48, 0x47, 0xFA, 0xC1, 0xD3, 0xE4, 0x00, 0x1C, 0x7C, 0x1B, 0x1E, 0x3B, 0xA8, 0xF7, 0xE0, 0x52,
    0xC9, 0xC5, 0xF6, 0x03, 0x88, 0xE1, 0x4D, 0xE4, 0x23, 0x4B, 0x22, 0x4A, 0x00, 0xD0, 0x6C, 0x25,
    0x97, 0xB5, 0xBD, 0x07, 0x77, 0x88, 0xB8, 0x77, 0x99, 0x8B, 0x1E, 0x7F, 0xB8, 0x7E, 0xCA, 0xBE,
    0xDD, 0x31, 0x89, 0x11, 0x10, 0x03, 0x20, 0x2D, 0x90, 0x1A, 0x8E, 0xB7, 0x37, 0x06, 0x5C, 0x20,
    0x96, 0x2E, 0x58, 0x3F, 0x70, 0x01, 0xFD, 0x79, 0xAF, 0x91, 0xBE, 0x0B, 0x69, 0xF8, 0x3A, 0xE6,
    0xC3, 0x08, 0x0E, 0xB7, 0x5A, 0xAD, 0x3E, 0xC6, 0x1D, 0xC4, 0x4C, 0x89, 0xA9, 0x12, 0x73, 0x25,
    0x26, 0x4B, 0xCC, 0x76, 0x95, 0xAE, 0xB4, 0xAB, 0xDB, 0xDB, 0x40, 0x01, 0x40, 0x74, 0xEA, 0xE0,
    0xD5, 0xC1, 0xAD, 0x2B, 0xF4, 0x72, 0xA2, 0x70, 0x23, 0x79, 0x7F, 0x6E, 0x5E, 0x0E, 0xE0, 0x01,
    0x80, 0x06, 0x50, 0xF5, 0xB3, 0xF1, 0x47, 0x7E, 0xD2, 0x03, 0x0E, 0xB8, 0xB6, 0xB9, 0x9F, 0xAC,
    0x03, 0xB4, 0x63, 0xF5, 0xAD, 0xC0, 0x6D, 0x40, 0x58, 0x40, 0xB6, 0x17, 0x9E, 0xC4, 0xF9, 0x5F,
    0x16, 0x1B, 0x26, 0xB4, 0x54, 0xF1, 0xC4, 0x09, 0x92, 0xCF, 0x86, 0x67, 0xD3, 0x17, 0xA2, 0xDF,
    0x45, 0x8E, 0x77, 0xC8, 0x1E, 0xF5, 0xCC, 0x6F, 0x61, 0x40, 0x34, 0x1B, 0xD0, 0x2F, 0x4C, 0x08,
    0xA7, 0x1F, 0xF0, 0x00, 0x99, 0x7F, 0x3B, 0xB3, 0xCC, 0x9B, 0x3C, 0xCF, 0xF1, 0x9C, 0x6F, 0x12,
    0x63, 0x88, 0x65, 0x30, 0x57, 0x75, 0x55, 0x6B, 0xBF, 0xBA, 0x7E, 0x73, 0xDE, 0xF5, 0xDD, 0xD7,
    0x2E, 0xA3, 0x70, 0x93, 0x74, 0xD5, 0x23, 0xA7, 0x47, 0x97, 0xF5, 0x0F, 0x4E, 0x9C, 0xAB, 0xE3,
    0x9A, 0xA2, 0x06, 0x6F, 0x11, 0x5F, 0x58, 0x10, 0x1D, 0x64, 0x06, 0x54, 0x09, 0x6C, 0x0F, 0xBD,
    0x7E, 0x0B, 0xFE, 0x0F, 0x43, 0x56, 0x72, 0x15, 0x5E, 0x86, 0x27, 0x47, 0xCB, 0x1E, 0x48, 0xBB,
    0x55, 0xDF, 0x50, 0x94, 0xAC, 0x5B, 0x44, 0xBE, 0x67, 0x4F, 0xAC, 0xDE, 0xEF, 0xC2, 0xEA, 0x51,
    0x14, 0x79, 0xC2, 0xAA, 0x27, 0xDA, 0xBE, 0x76, 0x15, 0xC1, 0x44, 0x31, 0x91, 0x4C, 0x34, 0x47,
    0x34, 0xB3, 0x1A, 0x69, 0x41, 0xB5, 0x90, 0xD7, 0xA0, 0x01, 0xC0, 0xA1, 0xF5, 0xB1, 0x38, 0x08,
    0xE1, 0x42, 0xD8, 0x10, 0xB5, 0xA3, 0x62, 0xA4, 0x61, 0x29, 0x3C, 0xD5, 0x23, 0x8F, 0xF6, 0x15,
    0xD9, 0xA0, 0x91, 0x96, 0xD5, 0xA0, 0x84, 0x03, 0xB8, 0xCE, 0xB3, 0xF1, 0x67, 0xED, 0x9C, 0x82,
    0x18, 0x80, 0xC3, 0xCD, 0xFD, 0x14, 0x35, 0xE0, 0x2D, 0xF3, 0x4D, 0x82, 0xE8, 0x80, 0xCC, 0x00,
    0xAA, 0xBC, 0xF0, 0x24, 0xD8, 0x01, 0x7C, 0x89, 0xF4, 0x86, 0x78, 0xFB, 0x90, 0xD5, 0x50, 0x00,
    0x97, 0x37, 0x4F, 0x28, 0x19, 0x76, 0x21, 0xF5, 0x03, 0x64, 0x7F, 0xEB, 0x9E, 0x4D, 0x5F, 0xC8,
    0xD6, 0x92, 0x7D, 0x69, 0x51, 0xE1, 0x83, 0x52, 0xF5, 0xC6, 0xF4, 0x8B, 0x13, 0xC2, 0xE9, 0xC1,
    0x05, 0x3D, 0xFF, 0xB6, 0x99, 0xF5, 0xCC, 0xB9, 0x8D, 0x03, 0xAE, 0x03, 0xC5, 0xFA, 0x16, 0x8A,
    0xAF, 0xF3, 0xB5, 0xC9, 0x6C, 0xDE, 0xAA, 0x4E, 0xD9, 0xC2, 0xA4, 0xBD, 0x2E, 0xE5, 0xD0, 0xCC,
    0xB3, 0xB5, 0xC6, 0x81, 0xEE, 0xA1, 0x58, 0x3D, 0x8F, 0xCA, 0x9C, 0x19, 0x69, 0x07, 0x89, 0x05,
    0x06, 0x60, 0x1F, 0x00, 0x1A, 0x2A, 0x34, 0x4B, 0x74, 0xB9, 0x9A, 0x8D, 0x3D, 0x1C, 0xC8, 0x3E,
    0xB4, 0xC8, 0xCF, 0x43, 0x3C, 0xEE, 0x10, 0xDE, 0x40, 0x8C, 0xA6, 0x84, 0x0A, 0x38, 0x00, 0x46,
    0x90, 0x0E, 0x7C, 0x0F, 0xBE, 0x85, 0x5B, 0x5B, 0x34, 0x9E, 0x35, 0xA7, 0x5C, 0x52, 0x55, 0x3C,
    0xD0, 0xA5, 0x2B, 0x7E, 0xEF, 0xD4, 0xC3, 0x3E, 0x74, 0x6F, 0xFA, 0x91, 0x0D, 0x6F, 0x33, 0xE4,
    0x63, 0x13, 0x89, 0xBE, 0xA4, 0x81, 0x0A, 0xF6, 0xC1, 0x21, 0x07, 0xBC, 0xBD, 0xEF, 0x8D, 0xBB,
    0xC5, 0x7D, 0x44, 0xB9, 0xFE, 0x47, 0xCF, 0xCB, 0x77, 0x80, 0x77, 0x41, 0xC6, 0x4A, 0xD4, 0xAB,
    0xE2, 0x26, 0xA3, 0x8E, 0x2F, 0x70, 0xE7, 0x97, 0xB7, 0x6D, 0x3A, 0xE4, 0x46, 0x3A, 0x5D, 0x8A,
    0xE9, 0x60, 0x05, 0x1F, 0x9E, 0x0C, 0x7E, 0x6C, 0x5E, 0x22, 0xDE, 0x3B, 0x36, 0x2F, 0xB9, 0x7C,
    0x4E, 0xA1, 0x3F, 0xFA, 0xAA, 0xD0, 0xED, 0xC9, 0x42, 0xEB, 0xB3, 0x0B, 0xCD, 0xCE, 0x02, 0x9A,
    0x9F, 0x81, 0x9F, 0x10, 0xFF, 0x1E, 0x56, 0x39, 0x04, 0xB1, 0x09, 0xF2, 0x36, 0x64, 0x10, 0xBA,
    0x20, 0xB5, 0x31, 0xA3, 0x0A, 0xE1, 0xA6, 0x6F, 0x56, 0xFC, 0x38, 0x29, 0x99, 0xEE, 0x20, 0x1F,
    0xF5, 0xA4, 0xAB, 0x7F, 0xC4, 0xE9, 0xB2, 0xA8, 0x8B, 0x5A, 0x97, 0xB9, 0xA9, 0x50, 0xED, 0x92,
    0xB4, 0x73, 0x48, 0xEB, 0x48, 0xBE, 0xE8, 0x11, 0x8F, 0x2D, 0x78, 0x0B, 0x55, 0x0B, 0xDA, 0x40,
    0x51, 0xC7, 0x13, 0xA0, 0x02, 0xB1, 0xEA, 0xF7, 0xA6, 0x83, 0x1F, 0x96, 0xF0, 0x3F, 0x9D, 0x8C,
    0x81, 0x86, 0x1D, 0x31, 0x14, 0x86, 0xFF, 0xB9, 0xD9, 0x1A, 0x0C, 0x52, 0x28, 0x80, 0x00, 0x14,
    0x6C, 0xDE, 0xE0, 0x9E, 0x50, 0x14, 0x70, 0x61, 0xE7, 0x6D, 0xBA, 0x12, 0x7D, 0x81, 0x82, 0xBE,
    0xCD, 0xED, 0x4E, 0xAA, 0x58, 0x5C, 0x74, 0x1E, 0x21, 0xDA, 0x07, 0x68, 0x6A, 0x42, 0x07, 0x99,
    0x39, 0x4D, 0xE6, 0xB6, 0x76, 0x5B, 0xB7, 0xCA, 0x9E, 0xF1, 0x8D, 0xFF, 0x9C, 0xEF, 0x97, 0xFE,
    0x86, 0x33, 0xE7, 0xBE, 0xEF, 0x79, 0x9B, 0xC7, 0xE1, 0x1C, 0x2F, 0xAE, 0x0D, 0xA4, 0xD3, 0x6E,
    0x8F, 0x23, 0xD8, 0xB0, 0x1F, 0x3C, 0x41, 0x7A, 0x0A, 0x14, 0x55, 0x14, 0xA1, 0xF3, 0xDA, 0x5D,
    0xE3, 0xEA, 0xC2, 0xA5, 0xC1, 0x73, 0xE9, 0x66, 0xFD, 0x76, 0xDE, 0x8B, 0x70, 0xEC, 0x3C, 0x1F,
    0x12, 0x7F, 0xCE, 0xC3, 0x29, 0x93, 0x88, 0xD2, 0x67, 0xFA, 0xBA, 0xD2, 0xC4, 0xEA, 0x3B, 0x8B,
    0xB0, 0xEF, 0xFC, 0xB1, 0xD4, 0xAE, 0x77, 0xE1, 0x0A, 0xE6, 0x1F, 0x2A, 0x16, 0x05, 0x02, 0x1E,
    0xF3, 0xC2, 0xBE, 0xC7, 0xC0, 0xEC, 0x2A, 0x75, 0x7F, 0x02, 0xFF, 0x7D, 0xE7, 0xF7, 0xBD, 0x76,
    0xFE, 0x76, 0x6A, 0xB4, 0x89, 0x73, 0xFD, 0x6C, 0x52, 0xE3, 0x6D, 0x93, 0xDA, 0x91, 0x45, 0x96,
    0x71, 0xFB, 0x6D, 0x6B, 0x97, 0x20, 0x23, 0x6A, 0x9B, 0xA1, 0x7D, 0x0D, 0x76, 0x30, 0xE4, 0x6A,
    0x58, 0x94, 0x1F, 0x50, 0x27, 0xCB, 0x8F, 0xCB, 0xAF, 0xF0, 0x29, 0xE3, 0xAC, 0xEE, 0x23, 0xCE,
    0xE5, 0x43, 0xB8, 0xC1, 0x33, 0x03, 0x62, 0x7D, 0xCF, 0xC6, 0x26, 0x74, 0x33, 0x1D, 0x78, 0xE4,
    0xDA, 0x1B, 0xF4, 0x69, 0x9A, 0xEF, 0x80, 0x66, 0xA1, 0x57, 0x53, 0x24, 0x40, 0xCC, 0x24, 0x7E,
    0xD4, 0xD0, 0x46, 0x12, 0xDB, 0x45, 0x06, 0x7A, 0x3D, 0x25, 0x0B, 0x68, 0xAF, 0xBE, 0x7D, 0x59,
    0x56, 0x80, 0x4C, 0xC7, 0x9E, 0x33, 0xC0, 0x68, 0x56, 0xE8, 0x50, 0x0C, 0x79, 0x32, 0x16, 0x77,
    0xC8, 0xD0, 0xA7, 0x48, 0xEF, 0x02, 0x49, 0x6F, 0x95, 0xFB, 0xA0, 0x4D, 0x26, 0x60, 0xDD, 0xE5,
    0x36, 0xCA, 0x91, 0x1C, 0x39, 0x39, 0xB6, 0x71, 0x97, 0xB1, 0x3E, 0xA4, 0x07, 0x0B, 0xC8, 0x82,
    0x02, 0xB0, 0x2F, 0xBC, 0x29, 0xCC, 0x40, 0x13, 0x01, 0x11, 0x80, 0xD6, 0x17, 0x5D, 0x50, 0x06,
    0x20, 0x00, 0xB7, 0x85, 0x5C, 0x74, 0x2A, 0x3A, 0x16, 0x3D, 0xFE, 0xA9, 0x5F, 0x16, 0x7E, 0x02,
    0x8C, 0x90, 0x81, 0x66, 0x03, 0x41, 0x10, 0x86, 0xFF, 0xE6, 0xC2, 0xE2, 0xB0, 0x80, 0x22, 0xB8,
    0x02, 0x0A, 0xB5, 0x4F, 0xD0, 0x9B, 0xA5, 0x2F, 0x10, 0x08, 0x80, 0x3C, 0xC2, 0x3D, 0x41, 0x3B,
    0xF7, 0x26, 0x7D, 0x90, 0x36, 0xD9, 0x79, 0x84, 0x7B, 0x84, 0x83, 0x02, 0xB0, 0xB8, 0x92, 0x92,
    0xCD, 0x74, 0x96, 0x08, 0x05, 0x7A, 0xF3, 0x61, 0xC6, 0x7F, 0xF3, 0x19, 0xEB, 0x4E, 0x08, 0x0A,
    0xE6, 0x78, 0xEC, 0xA4, 0x78, 0x39, 0x57, 0x6A, 0x63, 0x23, 0xF3, 0x68, 0x91, 0xFD, 0x00, 0x06,
    0x14, 0x2B, 0x45, 0xA3, 0xF0, 0x09, 0x1D, 0xE1, 0x99, 0xF0, 0x49, 0x50, 0xCD, 0xC6, 0x8E, 0xB7,
    0x20, 0x90, 0x8A, 0xD1, 0xEF, 0xD0, 0x17, 0xB0, 0x46, 0x1E, 0xE4, 0xD1, 0x0B, 0xBC, 0x3C, 0x78,
    0x79, 0x65, 0x49, 0x8A, 0x8D, 0x79, 0x42, 0x95, 0xF8, 0x05, 0x61, 0x02, 0x5F, 0x90, 0x34, 0x5E,
    0x82, 0x94, 0xAE, 0x92, 0xD2, 0x48, 0x8A, 0xF6, 0x04, 0x55, 0x31, 0x76, 0x1C, 0x71, 0x04, 0xCE,
    0x58, 0x2D, 0x68, 0x32, 0x5C, 0x46, 0x3B, 0xC3, 0x4F, 0x57, 0x36, 0x3F, 0x60, 0xDB, 0x1D, 0xEA,
    0xA2, 0x35, 0x41, 0x91, 0x86, 0xD1, 0x6E, 0x36, 0xD2, 0x20, 0xA4, 0xD1, 0x3C, 0x06, 0x29, 0x12,
    0x8F, 0x57, 0x3F, 0x0B, 0xA9, 0xB4, 0x1A, 0xA1, 0x68, 0x0B, 0x68, 0x41, 0x88, 0xB0, 0xCF, 0x4B,
    0x88, 0x84, 0x37, 0x1C, 0x50, 0xAE, 0x75, 0xB0, 0x89, 0x2C, 0xF5, 0x42, 0x96, 0xFA, 0xC9, 0xCD,
    0x2E, 0x37, 0xB7, 0x72, 0xB3, 0x9F, 0x6A, 0xD2, 0x33, 0x48, 0x47, 0x7A, 0x17, 0xF2, 0x7F, 0xF8,
    0xCF, 0x73, 0xAE, 0x72, 0xC8, 0x29, 0x7F, 0xE4, 0x97, 0x9B, 0xF5, 0xFE, 0x9B, 0x94, 0xD4, 0x95,
    0xEA, 0xEC, 0x07, 0x59, 0x7B, 0x81, 0x11, 0x46, 0x30, 0x50, 0xD0, 0x2C, 0xE8, 0xBE, 0xB6, 0xA4,
    0xD9, 0xA8, 0xB7, 0xAB, 0x3C, 0xED, 0x05, 0x9D, 0x34, 0x1A, 0x1B, 0x1D, 0xEF, 0xF6, 0x33, 0x5C,
    0x5E, 0xBB, 0xDC, 0xEF, 0x67, 0x8B, 0xDA, 0xDF, 0xFD, 0xC3, 0x8C, 0xAE, 0xD1, 0xE8, 0x02, 0x00,
    0x62, 0x60, 0x3E, 0x0D, 0xA8, 0x93, 0x0C, 0x20, 0xE3, 0x08, 0xA2, 0x30, 0xFC, 0xDF, 0x6D, 0xD3,
    0xC3, 0xD1, 0x29, 0xC4, 0xA1, 0x6A, 0x01, 0xA8, 0xB0, 0x00, 0x45, 0x98, 0xA1, 0x00, 0x68, 0x70,
    0x05, 0x70, 0x00, 0x80, 0x40, 0x51, 0x60, 0x8E, 0x00, 0x40, 0x00, 0xA8, 0x4A, 0x01, 0x04, 0x40,
    0x50, 0x68, 0x66, 0xE2, 0x10, 0x80, 0x25, 0x89, 0xA2, 0xC8, 0xD2, 0x1E, 0x14, 0xCD, 0xA4, 0xBD,
    0xD3, 0x3B, 0x9D, 0xDD, 0xBF, 0x6F, 0xA6, 0x71, 0x84, 0x76, 0x67, 0xBE, 0xFF, 0xEE, 0x9F, 0xF7,
    0xF6, 0x3D, 0x3B, 0x9E, 0xC1, 0xE0, 0x1A, 0x20, 0x31, 0x20, 0x7D, 0xF9, 0xBD, 0xAA, 0xF5, 0x3B,
    0x6D, 0xEC, 0xCE, 0x2E, 0x4E, 0x77, 0xDF, 0xA0, 0x7D, 0x7E, 0x82, 0xF8, 0x3A, 0x20, 0x9E, 0x08,
    0xB7, 0x0D, 0xDA, 0x1F, 0x35, 0xDC, 0x17, 0x0F, 0x7B, 0xE1, 0xA1, 0xCF, 0x0F, 0x4C, 0xC5, 0xA3,
    0x5A, 0x91, 0x5E, 0xDE, 0x35, 0x43, 0xBB, 0xC0, 0xF0, 0x29, 0xF0, 0x68, 0x07, 0x80, 0xAD, 0xFB,
    0x8C, 0x83, 0xF5, 0x07, 0xD5, 0x3C, 0x50, 0x35, 0x94, 0x87, 0xA8, 0x66, 0x90, 0xFD, 0x64, 0xB9,
    0x27, 0xFB, 0xEF, 0xFF, 0x61, 0x93, 0x42, 0xFA, 0x6A, 0x4C, 0x46, 0xD9, 0xC5, 0x42, 0x6C, 0x11,
    0x93, 0x74, 0x49, 0x68, 0x92, 0xF8, 0x24, 0x41, 0x79, 0xC7, 0x85, 0xEA, 0xDC, 0xCF, 0xA8, 0xBA,
    0xD1, 0x2D, 0xD5, 0x65, 0x11, 0xDC, 0x4B, 0x3F, 0x0A, 0xFA, 0xFA, 0xD2, 0x85, 0x92, 0x9D, 0x0B,
    0x43, 0x76, 0x45, 0x90, 0xF4, 0x22, 0xF4, 0x92, 0xC0, 0x25, 0xD1, 0x49, 0x4A, 0xAF, 0xB8, 0x82,
    0x22, 0xA7, 0x6A, 0xEE, 0x6A, 0xE5, 0x4B, 0xA9, 0xA6, 0x02, 0xEF, 0x9E, 0xC9, 0x7C, 0xB2, 0x54,
    0xBE, 0x6A, 0x24, 0x2E, 0x79, 0xD2, 0x78, 0xBE, 0x27, 0xCD, 0xF1, 0x4F, 0xB0, 0xED, 0x0C, 0x34,
    0x7D, 0x06, 0x1A, 0x89, 0x7E, 0xA7, 0x51, 0x92, 0xD0, 0x9F, 0x09, 0x07, 0xA2, 0x85, 0x15, 0x34,
    0xA2, 0xD0, 0x66, 0xAC, 0x2C, 0x97, 0xE3, 0x25, 0x1D, 0xFA, 0xAD, 0x46, 0x7A, 0xB6, 0x5E, 0x8D,
    0xA1, 0x18, 0x33, 0x78, 0xC8, 0x29, 0x2C, 0x17, 0x3D, 0xBE, 0x8D, 0xC5, 0x0A, 0x27, 0x83, 0x00,
    0x4C, 0xE6, 0x63, 0x90, 0x31, 0x73, 0xD7, 0x7F, 0xE3, 0x27, 0xCB, 0x31, 0x24, 0xE7, 0x71, 0xCA,
    0x85, 0xBC, 0x03, 0xCD, 0x45, 0xAA, 0x51, 0xB0, 0x03, 0x0A, 0xB2, 0xC1, 0x68, 0xBD, 0xBF, 0x36,
    0x2E, 0xDD, 0x87, 0xBB, 0xBB, 0x8F, 0x08, 0xB9, 0x99, 0x08, 0x17, 0xFA, 0xE9, 0x6C, 0x40, 0x3F,
    0x22, 0x97, 0x46, 0x92, 0xA7, 0x28, 0xD6, 0x63, 0x48, 0x14, 0xFF, 0x17, 0x51, 0x9F, 0x41, 0xD5,
    0xA2, 0x4F, 0xFA, 0xA1, 0x34, 0x29, 0x7F, 0x9D, 0x37, 0xFA, 0xC0, 0x4F, 0xAD, 0x9C, 0x9F, 0x0A,
    0xAD, 0x10, 0x8B, 0x6F, 0xEF, 0x63, 0xC1, 0xD0, 0x66, 0x66, 0xE1, 0x54, 0xB0, 0x82, 0x9E, 0xCD,
    0x82, 0xFA, 0x7D, 0x23, 0x7D, 0x19, 0xE0, 0xD6, 0x01, 0x92, 0xBB, 0x61, 0x50, 0x03, 0xAE, 0xCB,
    0x13, 0xA8, 0x78, 0xD3, 0x54, 0xB3, 0x99, 0xD7, 0xF7, 0x6A, 0x6E, 0xC8, 0xFE, 0xA3, 0x60, 0x05,
    0xFD, 0xE2, 0xCC, 0x54, 0x17, 0xE7, 0x69, 0x02, 0x9B, 0xFC, 0x1D, 0xB6, 0xDD, 0xD4, 0x7C, 0x76,
    0x7C, 0x7C, 0x68, 0xA5, 0x57, 0x02, 0x3D, 0x02, 0x70, 0x66, 0xE3, 0xE1, 0x80, 0x5E, 0x07, 0xCB,
    0x28, 0x04, 0x6C, 0x4F, 0x1A, 0x60, 0xB0, 0x00, 0x8A, 0x28, 0xE7, 0x2D, 0x00, 0x0A, 0xD6, 0x00,
    0xDA, 0xDF, 0x9B, 0x80, 0x4F, 0x0D, 0x14, 0x1B, 0x54, 0x9D, 0x01, 0x6B, 0x80, 0xFE, 0x10, 0xEA,
    0x46, 0xCE, 0xC4, 0xB8, 0x55, 0xF2, 0x5B, 0xE6, 0xC8, 0x2B, 0x59, 0x95, 0x57, 0x67, 0x34, 0x79,
    0x9A, 0xB8, 0x12, 0x0E, 0x85, 0xAF, 0xC8, 0xFE, 0xCA, 0x99, 0x1C, 0xBF, 0xB7, 0x4A, 0xC1, 0x4E,
    0x49, 0x82, 0x92, 0xBF, 0x7F, 0x65, 0x52, 0x3F, 0xF9, 0x85, 0xF8, 0x4C, 0xF2, 0x99, 0x3F, 0x63,
    0x66, 0x60, 0x60, 0x90, 0x05, 0xE2, 0x7D, 0xAB, 0x56, 0x2D, 0xF9, 0xFF, 0xFF, 0xFF, 0x1F, 0x1D,
    0x20, 0x9B, 0x8B, 0x01, 0x02, 0xD8, 0x18, 0xF8, 0x1B, 0xEC, 0x2F, 0xCC, 0x36, 0xE0, 0x66, 0xC0,
    0x02, 0x81, 0xF2, 0x4C, 0x40, 0xCC, 0x78, 0x60, 0xD5, 0xAA, 0x55, 0x5F, 0x80, 0x3A, 0x7F, 0x00,
    0x39, 0x0F, 0x18, 0x18, 0x98, 0x1D, 0x40, 0x3A, 0xD9, 0xB1, 0xEA, 0x98, 0xAD, 0x60, 0xFF, 0x40,
    0xFE, 0x00, 0x37, 0x03, 0x00, 0xA5, 0x92, 0x2F, 0x8C, 0xD5, 0x30, 0x1C, 0xC7, 0x3F, 0xDD, 0x72,
    0x4C, 0x4C, 0xCC, 0x07, 0x31, 0x8F, 0xA9, 0x37, 0xD7, 0x12, 0x04, 0x5E, 0x9C, 0x37, 0x08, 0x02,
    0x09, 0xE7, 0x05, 0x59, 0xBD, 0xF7, 0x39, 0x09, 0x43, 0x60, 0x11, 0xBC, 0xD7, 0x26, 0xE7, 0x93,
    0x79, 0xF5, 0xBC, 0xB9, 0x89, 0x89, 0xE6, 0xEE, 0xB7, 0x95, 0x36, 0xE5, 0xF9, 0x10, 0x9A, 0x7E,
    0xDB, 0xA5, 0xDF, 0x3F, 0xFD, 0x66, 0x29, 0x5F, 0x68, 0xD2, 0xD2, 0xA5, 0x75, 0x78, 0xDC, 0xBA,
    0x77, 0x91, 0x46, 0xF2, 0x54, 0x5E, 0xFA, 0x24, 0xFA, 0x51, 0xA6, 0x36, 0x9E, 0xBA, 0x4D, 0xFA,
    0x55, 0x86, 0x55, 0xF4, 0xE2, 0x93, 0x33, 0x07, 0xFD, 0x06, 0xCA, 0x42, 0xB7, 0xC0, 0xB0, 0x56,
    0xE8, 0x08, 0x46, 0xE0, 0x7C, 0x06, 0x31, 0x28, 0xD1, 0xB6, 0xDD, 0xC6, 0xD0, 0xAD, 0xC3, 0xD2,
    0x5F, 0xF2, 0x1A, 0xDA, 0x55, 0xBB, 0x26, 0x1A, 0x8B, 0x4C, 0xF3, 0x7C, 0xA4, 0xBF, 0x03, 0x20,
    0x6F, 0xA1, 0x40, 0x18, 0xFE, 0x1B, 0xBF, 0x19, 0xDC, 0x9B, 0x79, 0xFE, 0x66, 0x52, 0x92, 0x82,
    0x71, 0x85, 0x2E, 0x82, 0x3A, 0x00, 0xEF, 0x40, 0x97, 0xCE, 0x1B, 0xB4, 0x02, 0x6A, 0xAF, 0x7B,
    0xE9, 0x6F, 0x02, 0x78, 0x4B, 0xB3, 0x57, 0xFD, 0x78, 0x81, 0xEC, 0x3F, 0x0A, 0x72, 0xDE, 0xF7,
    0x6B, 0xC7, 0xBB, 0xBB, 0x3B, 0x0B, 0xCD, 0x03, 0xF4, 0x25, 0xC8, 0x81, 0x01, 0xBE, 0x02, 0x02,
    0x4D, 0xC9, 0xBD, 0xC0, 0x10, 0x60, 0xAC, 0x14, 0x27, 0x20, 0x42, 0x5B, 0x7A, 0x54, 0x0A, 0x6D,
    0xE1, 0x16, 0xD0, 0xE4, 0xCC, 0xE0, 0x83, 0x06, 0x98, 0x04, 0xF0, 0x02, 0x14, 0xA8, 0x48, 0x8D,
    0x2B, 0xC6, 0xEA, 0x2C, 0x17, 0x4E, 0x21, 0xFB, 0xA7, 0x65, 0x70, 0xF9, 0x1A, 0x6D, 0x33, 0x67,
    0x8A, 0xEA, 0xB6, 0xE8, 0x4F, 0x80, 0x08, 0x70, 0x8A, 0xC0, 0xB4, 0x01, 0x66, 0x2D, 0x4B, 0xB1,
    0xDE, 0x58, 0xE8, 0x23, 0xDE, 0x99, 0xF4, 0x3E, 0xAD, 0xDE, 0x3F, 0xBD, 0xC4, 0xBD, 0x4B, 0x6F,
    0x45, 0xD4, 0x81, 0xE4, 0x2F, 0x2B, 0xFE, 0xE7, 0xD3, 0x8B, 0x98, 0xC2, 0x76, 0x91, 0xC9, 0x65,
    0x47, 0xB1, 0xA7, 0x85, 0x1D, 0xE4, 0xDF, 0xE6, 0x6B, 0x41, 0x6F, 0x98, 0x05, 0x65, 0x6F, 0xAC,
    0x8E, 0x43, 0x98, 0x92, 0x77, 0xC7, 0x7D, 0x42, 0x1A, 0x01, 0xA0, 0x5F, 0x86, 0x60, 0xF6, 0xD1,
    0xF9, 0x94, 0xEC, 0xDE, 0x27, 0x3E, 0xF2, 0x01, 0x00, 0x94, 0x40, 0xBB, 0xF1, 0xE9, 0xC7, 0x73,
    0xE1, 0x42, 0x01, 0xC6, 0x82, 0x01, 0xCE, 0x70, 0x3D, 0xFB, 0xFC, 0x3C, 0xBB, 0xBE, 0xFE, 0xCB,
    0x3A, 0x68, 0x02, 0xDC, 0x07, 0xFA, 0xE4, 0x94, 0xDF, 0x18, 0x0F, 0xF0, 0x0B, 0x4C, 0x91, 0xF2,
    0xB4, 0xC9, 0x07, 0x16, 0xE5, 0x03, 0x74, 0x19, 0xD8, 0x6B, 0x0E, 0xC0, 0x03, 0xE0, 0x6D, 0xD5,
    0xBE, 0xAA, 0x5A, 0x20, 0x6B, 0xBB, 0x9A, 0xA5, 0x6B, 0x16, 0xBF, 0x00, 0x0B, 0x5C, 0xBD, 0x7F,
    0x00, 0x63, 0xD8, 0xDF, 0x7E, 0x81, 0xFD, 0xFF, 0xF9, 0x0F, 0xFC, 0xDF, 0xFA, 0x3F, 0xF0, 0x5F,
    0x60, 0xBF, 0xC0, 0x7F, 0x80, 0x81, 0xE1, 0xFF, 0xFF, 0xC3, 0x1F, 0x40, 0x38, 0xFE, 0xA9, 0xF3,
    0x07, 0xFE, 0x03, 0xCC, 0x44, 0x61, 0x86, 0xFD, 0xFD, 0x07, 0x18, 0x80, 0x06, 0x1D, 0x60, 0x00,
    0x9A, 0x04, 0x24, 0x40, 0x06, 0xF1, 0x1F, 0x00, 0x12, 0xFF, 0x81, 0x62, 0x10, 0x22, 0xFE, 0xA9,
    0x3F, 0x44, 0x8C, 0x30, 0xF1, 0x14, 0x48, 0x70, 0xFF, 0x07, 0x12, 0x4C, 0xFF, 0x18, 0x00,
};

static const EpdGlyph sarabun_12_boldGlyphs[] = {
    { 0, 0, 0, 0, 0, 0, 0 }, // U+0000
    { 0, 0, 93, 0, 0, 0, 0 }, // U+000D
    { 0, 0, 93, 0, 0, 0, 0 }, // U+0020
    { 5, 18, 102, 1, 18, 23, 0 }, // !
    { 9, 7, 162, 1, 18, 16, 23 }, // "
    { 15, 18, 283, 1, 18, 68, 39 }, // #
    { 13, 21, 216, 0, 19, 69, 107 }, // $
    { 23, 18, 387, 1, 18, 104, 176 }, // %
    { 16, 19, 279, 1, 18, 76, 280 }, // &
    { 4, 7, 82, 1, 18, 7, 356 }, // '
    { 7, 21, 142, 1, 19, 37, 363 }, // (
    { 8, 21, 142, 0, 19, 42, 400 }, // )
    { 10, 11, 179, 1, 20, 28, 442 }, // *
    { 13, 13, 247, 1, 13, 43, 470 }, // +
    { 6, 9, 116, 0, 4, 14, 513 }, // ,
    { 7, 3, 136, 1, 9, 6, 527 }, // -
    { 4, 4, 116, 2, 4, 4, 533 }, // .
    { 14, 20, 187, -1, 18, 70, 537 }, // /
    { 13, 18, 226, 1, 18, 59, 607 }, // 0
    { 10, 18, 226, 2, 18, 45, 666 }, // 1
    { 13, 18, 226, 0, 18, 59, 711 }, // 2
    { 12, 18, 226, 1, 18, 54, 770 }, // 3
    { 13, 18, 226, 1, 18, 59, 824 }, // 4
    { 13, 18, 226, 1, 18, 59, 883 }, // 5
    { 13, 19, 226, 1, 19, 62, 942 }, // 6
    { 12, 18, 226, 1, 18, 54, 1004 }, // 7
    { 13, 18, 226, 1, 18, 59, 1058 }, // 8
    { 12, 18, 226, 1, 18, 54, 1117 }, // 9
    { 4, 13, 116, 2, 13, 13, 1171 }, // :
    { 5, 18, 116, 1, 13, 23, 1184 }, // ;
    { 13, 15, 247, 1, 15, 49, 1207 }, // <
    { 13, 8, 247, 1, 10, 26, 1256 }, // =
    { 13, 15, 247, 1, 15, 49, 1282 }, // >
    { 12, 18, 188, 0, 18, 54, 1331 }, // ?
    { 19, 19, 322, 1, 15, 91, 1385 }, // @
    { 16, 18, 256, 0, 18, 72, 1476 }, // A
    { 13, 18, 242, 2, 18, 59, 1548 }, // B
    { 14, 18, 248, 1, 18, 63, 1607 }, // C
    { 14, 18, 257, 2, 18, 63, 1670 }, // D
    { 12, 18, 228, 2, 18, 54, 1733 }, // E
    { 12, 18, 230, 2, 18, 54, 1787 }, // F
    { 15, 18, 261, 1, 18, 68, 1841 }, // G
    { 14, 18, 277, 2, 18, 63, 1909 }, // H
    { 4, 18, 129, 2, 18, 18, 1972 }, // I
    { 11, 18, 197, 0, 18, 50, 1990 }, // J
    { 14, 18, 262, 2, 18, 63, 2040 }, // K
    { 12, 18, 226, 2, 18, 54, 2103 }, // L
    { 17, 18, 326, 2, 18, 77, 2157 }, // M
    { 14, 18, 280, 2, 18, 63, 2234 }, // N
    { 16, 18, 276, 1, 18, 72, 2297 }, // O
    { 12, 18, 236, 2, 18, 54, 2369 }, // P
    { 16, 21, 276, 1, 18, 84, 2423 }, // Q
    { 13, 18, 238, 2, 18, 59, 2507 }, // R
    { 13, 18, 220, 0, 18, 59, 2566 }, // S
    { 14, 18, 236, 1, 18, 63, 2625 }, // T
    { 14, 18, 265, 1, 18, 63, 2688 }, // U
    { 16, 18, 259, 0, 18, 72, 2751 }, // V
    { 22, 18, 350, 0, 18, 99, 2823 }, // W
    { 16, 18, 262, 0, 18, 72, 2922 }, // X
    { 15, 18, 251, 0, 18, 68, 2994 }, // Y
    { 13, 18, 237, 1, 18, 59, 3062 }, // Z
    { 7, 21, 133, 1, 18, 37, 3121 }, // [
    { 14, 20, 154, -1, 18, 70, 3158 }, // <backslash>
    { 7, 21, 133, 0, 18, 37, 3228 }, // ]
    { 15, 12, 240, 0, 18, 45, 3265 }, // ^
    { 9, 3, 143, 0, -5, 7, 3310 }, // _
    { 7, 5, 160, 1, 19, 9, 3317 }, // `
    { 12, 13, 212, 1, 13, 39, 3326 }, // a
    { 13, 18, 223, 0, 18, 59, 3365 }, // b
    { 12, 13, 197, 1, 13, 39, 3424 }, // c
    { 13, 18, 223, 1, 18, 59, 3463 }, // d
    { 13, 13, 217, 1, 13, 43, 3522 }, // e
    { 10, 18, 151, 1, 18, 45, 3565 }, // f
    { 12, 19, 222, 1, 13, 57, 3610 }, // g
    { 12, 18, 227, 1, 18, 54, 3667 }, // h
    { 4, 18, 109, 1, 18, 18, 3721 }, // i
    { 8, 24, 112, -2, 18, 48, 3739 }, // j
    { 12, 18, 213, 1, 18, 54, 3787 }, // k
    { 7, 18, 120, 1, 18, 32, 3841 }, // l
    { 20, 13, 338, 0, 13, 65, 3873 }, // m
    { 13, 13, 225, 0, 13, 43, 3938 }, // n
    { 13, 13, 232, 1, 13, 43, 3981 }, // o
    { 13, 19, 226, 0, 13, 62, 4024 }, // p
    { 12, 19, 226, 1, 13, 57, 4086 }, // q
    { 10, 13, 159, 0, 13, 33, 4143 }, // r
    { 11, 13, 176, 0, 13, 36, 4176 }, // s
    { 10, 18, 168, 1, 18, 45, 4212 }, // t
    { 12, 13, 224, 1, 13, 39, 4257 }, // u
    { 13, 13, 211, 0, 13, 43, 4296 }, // v
    { 18, 13, 283, 0, 13, 59, 4339 }, // w
    { 13, 13, 208, 0, 13, 43, 4398 }, // x
    { 13, 18, 202, 0, 13, 59, 4441 }, // y
    { 11, 13, 190, 1, 13, 36, 4500 }, // z
    { 8, 21, 140, 0, 18, 42, 4536 }, // {
    { 4, 22, 103, 2, 18, 22, 4578 }, // |
    { 7, 21, 140, 1, 18, 37, 4600 }, // }
    { 13, 5, 247, 1, 10, 17, 4637 }, // ~
    { 0, 0, 93, 0, 0, 0, 0 }, // U+00A0
    { 5, 17, 102, 1, 13, 22, 0 }, // U+00A1
    { 12, 18, 196, 1, 17, 54, 22 }, // U+00A2
    { 12, 18, 220, 1, 18, 54, 76 }, // U+00A3
    { 16, 15, 252, 0, 16, 60, 130 }, // U+00A4
    { 16, 18, 255, 0, 18, 72, 190 }, // U+00A5
    { 4, 22, 103, 2, 18, 22, 262 }, // U+00A6
    { 13, 21, 218, 0, 18, 69, 284 }, // U+00A7
    { 9, 3, 160, 1, 17, 7, 353 }, // U+00A8
    { 19, 19, 324, 1, 19, 91, 360 }, // U+00A9
    { 8, 10, 145, 1, 17, 20, 451 }, // U+00AA
    { 14, 10, 234, 0, 12, 35, 471 }, // U+00AB
    { 14, 8, 246, 1, 11, 28, 506 }, // U+00AC
    { 7, 3, 136, 1, 9, 6, 534 }, // U+00AD
    { 12, 12, 212, 0, 18, 36, 540 }, // U+00AE
    { 9, 2, 160, 1, 17, 5, 576 }, // U+00AF
    { 7, 7, 129, 1, 18, 13, 581 }, // U+00B0
    { 13, 14, 247, 1, 14, 46, 594 }, // U+00B1
    { 10, 12, 172, 0, 17, 30, 640 }, // U+00B2
    { 10, 12, 172, 0, 17, 30, 670 }, // U+00B3
    { 7, 5, 160, 2, 19, 9, 700 }, // U+00B4
    { 12, 19, 224, 1, 13, 57, 709 }, // U+00B5
    { 11, 21, 218, 1, 18, 58, 766 }, // U+00B6
    { 4, 4, 116, 2, 8, 4, 824 }, // U+00B7
    { 7, 7, 160, 1, 0, 13, 828 }, // U+00B8
    { 8, 12, 172, 1, 17, 24, 841 }, // U+00B9
    { 9, 10, 156, 1, 17, 23, 865 }, // U+00BA
    { 14, 10, 234, 0, 12, 35, 888 }, // U+00BB
    { 22, 20, 409, 2, 19, 110, 923 }, // U+00BC
    { 22, 20, 409, 2, 19, 110, 1033 }, // U+00BD
    { 23, 20, 409, 1, 19, 115, 1143 }, // U+00BE
    { 11, 19, 188, 1, 13, 53, 1258 }, // U+00BF
    { 16, 23, 256, 0, 23, 92, 1311 }, // U+00C0
    { 16, 23, 256, 0, 23, 92, 1403 }, // U+00C1
    { 16, 24, 256, 0, 24, 96, 1495 }, // U+00C2
    { 16, 23, 256, 0, 23, 92, 1591 }, // U+00C3
    { 16, 22, 256, 0, 22, 88, 1683 }, // U+00C4
    { 16, 23, 256, 0, 23, 92, 1771 }, // U+00C5
    { 20, 18, 331, -1, 18, 90, 1863 }, // U+00C6
    { 15, 24, 248, 1, 18, 90, 1953 }, // U+00C7
    { 12, 23, 228, 2, 23, 69, 2043 }, // U+00C8
    { 12, 23, 228, 2, 23, 69, 2112 }, // U+00C9
    { 12, 24, 228, 2, 24, 72, 2181 }, // U+00CA
    { 12, 22, 228, 2, 22, 66, 2253 }, // U+00CB
    { 7, 23, 129, -1, 23, 41, 2319 }, // U+00CC
    { 6, 23, 129, 2, 23, 35, 2360 }, // U+00CD
    { 9, 24, 129, -1, 24, 54, 2395 }, // U+00CE
    { 9, 22, 129, 0, 22, 50, 2449 }, // U+00CF
    { 15, 18, 259, 1, 18, 68, 2499 }, // U+00D0
    { 14, 23, 280, 2, 23, 81, 2567 }, // U+00D1
    { 16, 24, 276, 1, 24, 96, 2648 }, // U+00D2
    { 16, 24, 276, 1, 24, 96, 2744 }, // U+00D3
    { 16, 24, 276, 1, 24, 96, 2840 }, // U+00D4
    { 16, 23, 276, 1, 23, 92, 2936 }, // U+00D5
    { 16, 23, 276, 1, 23, 92, 3028 }, // U+00D6
    { 14, 14, 247, 1, 14, 49, 3120 }, // U+00D7
    { 16, 19, 276, 1, 18, 76, 3169 }, // U+00D8
    { 14, 24, 265, 1, 24, 84, 3245 }, // U+00D9
    { 14, 24, 265, 1, 24, 84, 3329 }, // U+00DA
    { 14, 24, 265, 1, 24, 84, 3413 }, // U+00DB
    { 14, 23, 265, 1, 23, 81, 3497 }, // U+00DC
    { 15, 23, 251, 0, 23, 87, 3578 }, // U+00DD
    { 12, 18, 230, 2, 18, 54, 3665 }, // U+00DE
    { 13, 18, 230, 1, 18, 59, 3719 }, // U+00DF
    { 12, 18, 212, 1, 18, 54, 3778 }, // U+00E0
    { 12, 18, 212, 1, 18, 54, 3832 }, // U+00E1
    { 12, 18, 212, 1, 18, 54, 3886 }, // U+00E2
    { 12, 18, 212, 1, 18, 54, 3940 }, // U+00E3
    { 12, 18, 212, 1, 18, 54, 3994 }, // U+00E4
    { 12, 19, 212, 1, 19, 57, 4048 }, // U+00E5
    { 19, 13, 329, 1, 13, 62, 4105 }, // U+00E6
    { 12, 19, 197, 1, 13, 57, 4167 }, // U+00E7
    { 13, 18, 217, 1, 18, 59, 4224 }, // U+00E8
    { 13, 18, 217, 1, 18, 59, 4283 }, // U+00E9
    { 13, 18, 217, 1, 18, 59, 4342 }, // U+00EA
    { 13, 18, 217, 0, 18, 59, 4401 }, // U+00EB
    { 7, 18, 112, -1, 18, 32, 4460 }, // U+00EC
    { 6, 18, 112, 2, 18, 27, 4492 }, // U+00ED
    { 9, 18, 112, -1, 18, 41, 4519 }, // U+00EE
    { 9, 18, 112, -1, 18, 41, 4560 }, // U+00EF
    { 12, 19, 205, 1, 19, 57, 4601 }, // U+00F0
    { 13, 18, 225, 0, 18, 59, 4658 }, // U+00F1
    { 13, 18, 232, 1, 18, 59, 4717 }, // U+00F2
    { 13, 18, 232, 1, 18, 59, 4776 }, // U+00F3
    { 13, 18, 232, 1, 18, 59, 4835 }, // U+00F4
    { 13, 18, 232, 1, 18, 59, 4894 }, // U+00F5
    { 13, 18, 232, 1, 18, 59, 4953 }, // U+00F6
    { 13, 13, 247, 1, 13, 43, 5012 }, // U+00F7
    { 13, 15, 232, 1, 14, 49, 5055 }, // U+00F8
    { 12, 18, 224, 1, 18, 54, 5104 }, // U+00F9
    { 12, 18, 224, 1, 18, 54, 5158 }, // U+00FA
    { 12, 18, 224, 1, 18, 54, 5212 }, // U+00FB
    { 12, 18, 224, 1, 18, 54, 5266 }, // U+00FC
    { 13, 23, 202, 0, 18, 75, 5320 }, // U+00FD
    { 12, 24, 217, 1, 18, 72, 5395 }, // U+00FE
    { 12, 23, 202, 1, 18, 69, 5467 }, // U+00FF
    { 17, 22, 256, 0, 22, 94, 0 }, // U+0100
    { 12, 17, 212, 1, 17, 51, 94 }, // U+0101
    { 16, 23, 256, 0, 23, 92, 145 }, // U+0102
    { 12, 18, 212, 1, 18, 54, 237 }, // U+0103
    { 17, 24, 256, 0, 18, 102, 291 }, // U+0104
    { 12, 19, 212, 1, 13, 57, 393 }, // U+0105
    { 14, 24, 248, 1, 24, 84, 450 }, // U+0106
    { 12, 18, 197, 1, 18, 54, 534 }, // U+0107
    { 14, 24, 248, 1, 24, 84, 588 }, // U+0108
    { 12, 18, 197, 1, 18, 54, 672 }, // U+0109
    { 15, 23, 248, 1, 23, 87, 726 }, // U+010A
    { 12, 18, 197, 1, 18, 54, 813 }, // U+010B
    { 14, 24, 248, 1, 24, 84, 867 }, // U+010C
    { 12, 18, 197, 1, 18, 54, 951 }, // U+010D
    { 14, 24, 257, 2, 24, 84, 1005 }, // U+010E
    { 18, 20, 297, 1, 20, 90, 1089 }, // U+010F
    { 15, 18, 259, 1, 18, 68, 1179 }, // U+0110
    { 13, 18, 234, 1, 18, 59, 1247 }, // U+0111
    { 12, 22, 228, 2, 22, 66, 1306 }, // U+0112
    { 13, 17, 217, 1, 17, 56, 1372 }, // U+0113
    { 12, 23, 228, 2, 23, 69, 1428 }, // U+0114
    { 12, 18, 217, 1, 18, 54, 1497 }, // U+0115
    { 12, 22, 228, 2, 22, 66, 1551 }, // U+0116
    { 13, 18, 217, 0, 18, 59, 1617 }, // U+0117
    { 13, 24, 228, 2, 18, 78, 1676 }, // U+0118
    { 12, 18, 217, 1, 13, 54, 1754 }, // U+0119
    { 12, 24, 228, 2, 24, 72, 1808 }, // U+011A
    { 13, 18, 217, 1, 18, 59, 1880 }, // U+011B
    { 15, 24, 261, 1, 24, 90, 1939 }, // U+011C
    { 12, 24, 222, 1, 18, 72, 2029 }, // U+011D
    { 15, 24, 261, 1, 24, 90, 2101 }, // U+011E
    { 12, 24, 222, 1, 18, 72, 2191 }, // U+011F
    { 15, 23, 261, 1, 23, 87, 2263 }, // U+0120
    { 12, 24, 222, 1, 18, 72, 2350 }, // U+0121
    { 15, 26, 261, 1, 18, 98, 2422 }, // U+0122
    { 12, 27, 222, 1, 21, 81, 2520 }, // U+0123
    { 14, 24, 277, 2, 24, 84, 2601 }, // U+0124
    { 12, 25, 227, 1, 25, 75, 2685 }, // U+0125
    { 17, 18, 284, 1, 18, 77, 2760 }, // U+0126
    { 14, 18, 227, 0, 18, 63, 2837 }, // U+0127
    { 9, 23, 129, -1, 23, 52, 2900 }, // U+0128
    { 9, 18, 112, -1, 18, 41, 2952 }, // U+0129
    { 9, 22, 129, 0, 22, 50, 2993 }, // U+012A
    { 9, 17, 112, -1, 17, 39, 3043 }, // U+012B
    { 9, 23, 129, 0, 23, 52, 3082 }, // U+012C
    { 9, 18, 112, 0, 18, 41, 3134 }, // U+012D
    { 6, 24, 129, 1, 18, 36, 3175 }, // U+012E
    { 6, 24, 109, 1, 18, 36, 3211 }, // U+012F
    { 4, 22, 129, 2, 22, 22, 3247 }, // U+0130
    { 4, 13, 112, 2, 13, 13, 3269 }, // U+0131
    { 17, 18, 326, 2, 18, 77, 3282 }, // U+0132
    { 11, 24, 220, 1, 18, 66, 3359 }, // U+0133
    { 11, 24, 197, 0, 24, 66, 3425 }, // U+0134
    { 10, 24, 111, -2, 18, 60, 3491 }, // U+0135
    { 15, 27, 262, 2, 18, 102, 3551 }, // U+0136
    { 12, 27, 213, 1, 18, 81, 3653 }, // U+0137
    { 12, 13, 213, 1, 13, 39, 3734 }, // U+0138
    { 12, 23, 226, 2, 23, 69, 3773 }, // U+0139
    { 7, 25, 120, 1, 25, 44, 3842 }, // U+013A
    { 12, 27, 226, 2, 18, 81, 3886 }, // U+013B
    { 7, 26, 120, 1, 18, 46, 3967 }, // U+013C
    { 12, 18, 226, 2, 18, 54, 4013 }, // U+013D
    { 9, 18, 155, 1, 18, 41, 4067 }, // U+013E
    { 12, 18, 226, 2, 18, 54, 4108 }, // U+013F
    { 8, 18, 164, 1, 18, 36, 4162 }, // U+0140
    { 14, 18, 226, 0, 18, 63, 4198 }, // U+0141
    { 9, 18, 130, 0, 18, 41, 4261 }, // U+0142
    { 14, 23, 280, 2, 23, 81, 4302 }, // U+0143
    { 13, 18, 225, 0, 18, 59, 4383 }, // U+0144
    { 15, 27, 280, 2, 18, 102, 4442 }, // U+0145
    { 13, 22, 225, 0, 13, 72, 4544 }, // U+0146
    { 14, 24, 280, 2, 24, 84, 4616 }, // U+0147
    { 13, 18, 225, 0, 18, 59, 4700 }, // U+0148
    { 16, 18, 273, 1, 18, 72, 4759 }, // U+0149
    { 14, 25, 280, 2, 18, 88, 4831 }, // U+014A
    { 13, 19, 225, 0, 13, 62, 4919 }, // U+014B
    { 16, 22, 276, 1, 22, 88, 4981 }, // U+014C
    { 13, 17, 232, 1, 17, 56, 5069 }, // U+014D
    { 16, 24, 276, 1, 24, 96, 5125 }, // U+014E
    { 13, 18, 232, 1, 18, 59, 5221 }, // U+014F
    { 16, 24, 276, 1, 24, 96, 5280 }, // U+0150
    { 13, 18, 232, 1, 18, 59, 5376 }, // U+0151
    { 21, 18, 354, 1, 18, 95, 5435 }, // U+0152
    { 20, 13, 345, 1, 13, 65, 5530 }, // U+0153
    { 13, 23, 238, 2, 23, 75, 5595 }, // U+0154
    { 10, 18, 159, 0, 18, 45, 5670 }, // U+0155
    { 13, 27, 238, 2, 18, 88, 5715 }, // U+0156
    { 10, 22, 159, 0, 13, 55, 5803 }, // U+0157
    { 13, 24, 238, 2, 24, 78, 5858 }, // U+0158
    { 10, 18, 159, 0, 18, 45, 5936 }, // U+0159
    { 13, 24, 220, 0, 24, 78, 5981 }, // U+015A
    { 11, 18, 176, 0, 18, 50, 6059 }, // U+015B
    { 13, 24, 220, 0, 24, 78, 6109 }, // U+015C
    { 11, 18, 176, 0, 18, 50, 6187 }, // U+015D
    { 13, 24, 220, 0, 18, 78, 6237 }, // U+015E
    { 11, 19, 176, 0, 13, 53, 6315 }, // U+015F
    { 13, 24, 220, 0, 24, 78, 6368 }, // U+0160
    { 11, 18, 176, 0, 18, 50, 6446 }, // U+0161
    { 14, 24, 236, 1, 18, 84, 6496 }, // U+0162
    { 10, 24, 168, 1, 18, 60, 6580 }, // U+0163
    { 14, 24, 236, 1, 24, 84, 6640 }, // U+0164
    { 13, 20, 216, 1, 20, 65, 6724 }, // U+0165
    { 14, 18, 236, 1, 18, 63, 6789 }, // U+0166
    { 10, 18, 168, 1, 18, 45, 6852 }, // U+0167
    { 14, 23, 265, 1, 23, 81, 6897 }, // U+0168
    { 12, 18, 224, 1, 18, 54, 6978 }, // U+0169
    { 14, 22, 265, 1, 22, 77, 7032 }, // U+016A
    { 12, 17, 224, 1, 17, 51, 7109 }, // U+016B
    { 14, 24, 265, 1, 24, 84, 7160 }, // U+016C
    { 12, 18, 224, 1, 18, 54, 7244 }, // U+016D
    { 14, 24, 265, 1, 24, 84, 7298 }, // U+016E
    { 12, 19, 224, 1, 19, 57, 7382 }, // U+016F
    { 14, 24, 265, 1, 24, 84, 7439 }, // U+0170
    { 12, 18, 224, 1, 18, 54, 7523 }, // U+0171
    { 14, 24, 265, 1, 18, 84, 7577 }, // U+0172
    { 13, 19, 224, 1, 13, 62, 7661 }, // U+0173
    { 22, 24, 350, 0, 24, 132, 7723 }, // U+0174
    { 18, 18, 283, 0, 18, 81, 7855 }, // U+0175
    { 15, 23, 251, 0, 23, 87, 7936 }, // U+0176
    { 13, 23, 202, 0, 18, 75, 8023 }, // U+0177
    { 16, 22, 251, 0, 22, 88, 8098 }, // U+0178
    { 13, 23, 237, 1, 23, 75, 8186 }, // U+0179
    { 11, 18, 190, 1, 18, 50, 8261 }, // U+017A
    { 13, 22, 237, 1, 22, 72, 8311 }, // U+017B
    { 11, 18, 190, 1, 18, 50, 8383 }, // U+017C
    { 13, 24, 237, 1, 24, 78, 8433 }, // U+017D
    { 11, 18, 190, 1, 18, 50, 8511 }, // U+017E
    { 19, 18, 295, 1, 18, 86, 0 }, // U+01A0
    { 16, 13, 260, 1, 13, 52, 86 }, // U+01A1
    { 19, 18, 297, 1, 18, 86, 138 }, // U+01AF
    { 16, 13, 260, 1, 13, 52, 224 }, // U+01B0
    { 16, 24, 256, 0, 24, 96, 276 }, // U+01CD
    { 12, 18, 212, 1, 18, 54, 372 }, // U+01CE
    { 9, 24, 129, -1, 24, 54, 426 }, // U+01CF
    { 9, 18, 112, -1, 18, 41, 480 }, // U+01D0
    { 16, 24, 276, 1, 24, 96, 521 }, // U+01D1
    { 13, 18, 232, 1, 18, 59, 617 }, // U+01D2
    { 14, 24, 265, 1, 24, 84, 676 }, // U+01D3
    { 12, 18, 224, 1, 18, 54, 760 }, // U+01D4
    { 14, 26, 265, 1, 26, 91, 814 }, // U+01D5
    { 12, 21, 224, 1, 21, 63, 905 }, // U+01D6
    { 14, 27, 265, 1, 27, 95, 968 }, // U+01D7
    { 12, 22, 224, 1, 22, 66, 1063 }, // U+01D8
    { 14, 27, 265, 1, 27, 95, 1129 }, // U+01D9
    { 12, 22, 224, 1, 22, 66, 1224 }, // U+01DA
    { 14, 27, 265, 1, 27, 95, 1290 }, // U+01DB
    { 12, 22, 224, 1, 22, 66, 1385 }, // U+01DC
    { 15, 24, 261, 1, 24, 90, 1451 }, // U+01E6
    { 12, 24, 222, 1, 18, 72, 1541 }, // U+01E7
    { 16, 27, 256, 0, 27, 108, 1613 }, // U+01FA
    { 12, 23, 212, 1, 23, 69, 1721 }, // U+01FB
    { 20, 23, 331, -1, 23, 115, 1790 }, // U+01FC
    { 19, 18, 329, 1, 18, 86, 1905 }, // U+01FD
    { 16, 25, 276, 1, 24, 100, 1991 }, // U+01FE
    { 13, 19, 232, 1, 18, 62, 2091 }, // U+01FF
    { 13, 26, 220, 0, 18, 85, 2153 }, // U+0218
    { 11, 21, 176, 0, 13, 58, 2238 }, // U+0219
    { 14, 27, 236, 1, 18, 95, 2296 }, // U+021A
    { 10, 26, 168, 1, 18, 65, 2391 }, // U+021B
    { 6, 4, 0, -4, 18, 6, 0 }, // U+0300
    { 6, 4, 0, -2, 18, 6, 6 }, // U+0301
    { 10, 4, 0, -5, 18, 10, 12 }, // U+0302
    { 9, 4, 0, -5, 18, 9, 22 }, // U+0303
    { 9, 3, 0, -4, 18, 7, 31 }, // U+0304
    { 9, 4, 0, -4, 18, 9, 38 }, // U+0306
    { 4, 3, 0, -2, 17, 3, 47 }, // U+0307
    { 9, 3, 0, -4, 17, 7, 50 }, // U+0308
    { 7, 7, 0, -3, 21, 13, 57 }, // U+0309
    { 6, 6, 0, -3, 19, 9, 70 }, // U+030A
    { 10, 4, 0, -4, 18, 10, 79 }, // U+030B
    { 10, 4, 0, -5, 18, 10, 89 }, // U+030C
    { 7, 7, 0, -3, 15, 13, 99 }, // U+031B
    { 4, 3, 0, -2, -2, 3, 112 }, // U+0323
    { 9, 3, 0, -4, -2, 7, 115 }, // U+0324
    { 4, 7, 0, -2, -2, 7, 122 }, // U+0326
    { 7, 6, 0, -3, 0, 11, 129 }, // U+0327
    { 6, 6, 0, -3, 0, 9, 140 }, // U+0328
    { 9, 4, 0, -4, -2, 9, 149 }, // U+032E
    { 9, 3, 0, -4, -1, 7, 158 }, // U+0331
    { 13, 15, 239, 1, 15, 49, 0 }, // U+0E01
    { 14, 15, 253, 1, 15, 53, 49 }, // U+0E02
    { 15, 16, 262, 1, 16, 60, 102 }, // U+0E03
    { 14, 15, 250, 1, 15, 53, 162 }, // U+0E04
    { 14, 15, 251, 1, 15, 53, 215 }, // U+0E05
    { 15, 16, 272, 1, 16, 60, 268 }, // U+0E06
    { 11, 15, 193, -1, 15, 42, 328 }, // U+0E07
    { 13, 15, 228, 0, 15, 49, 370 }, // U+0E08
    { 14, 15, 238, 0, 15, 53, 419 }, // U+0E09
    { 15, 16, 260, 1, 16, 60, 472 }, // U+0E0A
    { 16, 16, 267, 1, 16, 64, 532 }, // U+0E0B
    { 19, 15, 333, 1, 15, 72, 596 }, // U+0E0C
    { 19, 22, 340, 1, 15, 105, 668 }, // U+0E0D
    { 14, 23, 249, 1, 15, 81, 773 }, // U+0E0E
    { 15, 24, 249, 0, 15, 90, 854 }, // U+0E0F
    { 13, 24, 229, 1, 16, 78, 944 }, // U+0E10
    { 18, 15, 304, 1, 15, 68, 1022 }, // U+0E11
    { 20, 16, 350, 1, 16, 80, 1090 }, // U+0E12
    { 20, 15, 354, 1, 15, 75, 1170 }, // U+0E13
    { 13, 15, 246, 1, 15, 49, 1245 }, // U+0E14
    { 14, 16, 251, 1, 16, 56, 1294 }, // U+0E15
    { 13, 15, 239, 1, 15, 49, 1350 }, // U+0E16
    { 15, 15, 271, 1, 15, 57, 1399 }, // U+0E17
    { 13, 16, 234, 1, 16, 52, 1456 }, // U+0E18
    { 15, 15, 260, 1, 15, 57, 1508 }, // U+0E19
    { 15, 15, 260, 1, 15, 57, 1565 }, // U+0E1A
    { 15, 21, 268, 1, 21, 79, 1622 }, // U+0E1B
    { 13, 15, 260, 2, 15, 49, 1701 }, // U+0E1C
    { 13, 21, 260, 2, 21, 69, 1750 }, // U+0E1D
    { 17, 15, 296, 1, 15, 64, 1819 }, // U+0E1E
    { 17, 21, 296, 1, 21, 90, 1883 }, // U+0E1F
    { 14, 15, 252, 1, 15, 53, 1973 }, // U+0E20
    { 14, 15, 252, 1, 15, 53, 2026 }, // U+0E21
    { 12, 15, 235, 1, 15, 45, 2079 }, // U+0E22
    { 12, 16, 199, 1, 16, 48, 2124 }, // U+0E23
    { 13, 21, 239, 1, 15, 69, 2172 }, // U+0E24
    { 13, 15, 240, 1, 15, 49, 2241 }, // U+0E25
    { 14, 21, 249, 1, 15, 74, 2290 }, // U+0E26
    { 12, 15, 214, 0, 15, 45, 2364 }, // U+0E27
    { 14, 16, 250, 1, 16, 56, 2409 }, // U+0E28
    { 18, 15, 287, 1, 15, 68, 2465 }, // U+0E29
    { 14, 16, 240, 1, 16, 56, 2533 }, // U+0E2A
    { 15, 15, 258, 1, 15, 57, 2589 }, // U+0E2B
    { 18, 17, 296, 1, 17, 77, 2646 }, // U+0E2C
    { 14, 15, 240, 0, 15, 53, 2723 }, // U+0E2D
    { 13, 15, 234, 1, 15, 49, 2776 }, // U+0E2E
    { 13, 15, 230, 1, 15, 49, 2825 }, // U+0E2F
    { 12, 15, 219, 1, 15, 45, 2874 }, // U+0E30
    { 12, 7, 0, -10, 24, 21, 2919 }, // U+0E31
    { 11, 15, 204, 1, 15, 42, 2940 }, // U+0E32
    { 18, 23, 204, -6, 23, 104, 2982 }, // U+0E33
    { 12, 7, 0, -14, 23, 21, 3086 }, // U+0E34
    { 14, 8, 0, -14, 24, 28, 3107 }, // U+0E35
    { 13, 8, 0, -14, 24, 26, 3135 }, // U+0E36
    { 13, 9, 0, -14, 25, 30, 3161 }, // U+0E37
    { 8, 8, 0, -8, -1, 16, 3191 }, // U+0E38
    { 11, 7, 0, -12, -2, 20, 3207 }, // U+0E39
    { 4, 4, 0, -5, -1, 4, 3227 }, // U+0E3A
    { 13, 22, 241, 2, 20, 72, 3231 }, // U+0E3F
    { 6, 15, 130, 2, 15, 23, 3303 }, // U+0E40
    { 13, 15, 246, 2, 15, 49, 3326 }, // U+0E41
    { 12, 26, 164, -2, 26, 78, 3375 }, // U+0E42
    { 12, 26, 170, -2, 26, 78, 3453 }, // U+0E43
    { 13, 26, 180, -2, 26, 85, 3531 }, // U+0E44
    { 11, 22, 122, -5, 15, 61, 3616 }, // U+0E45
    { 13, 23, 266, 2, 16, 75, 3677 }, // U+0E46
    { 11, 10, 0, -13, 27, 28, 3752 }, // U+0E47
    { 4, 6, 0, -5, 24, 6, 3780 }, // U+0E48
    { 12, 7, 0, -10, 25, 21, 3786 }, // U+0E49
    { 13, 8, 0, -12, 25, 26, 3807 }, // U+0E4A
    { 7, 6, 0, -7, 24, 11, 3833 }, // U+0E4B
    { 8, 8, 0, -8, 26, 16, 3844 }, // U+0E4C
    { 7, 6, 0, -6, 23, 11, 3860 }, // U+0E4D
    { 8, 9, 0, -8, 26, 18, 3871 }, // U+0E4E
    { 13, 13, 250, 1, 13, 43, 3889 }, // U+0E4F
    { 15, 12, 266, 1, 12, 45, 3932 }, // U+0E50
    { 16, 12, 276, 1, 12, 48, 3977 }, // U+0E51
    { 18, 16, 286, 0, 16, 72, 4025 }, // U+0E52
    { 16, 12, 284, 1, 12, 48, 4097 }, // U+0E53
    { 17, 17, 275, 1, 16, 73, 4145 }, // U+0E54
    { 17, 17, 275, 1, 16, 73, 4218 }, // U+0E55
    { 16, 16, 269, 0, 16, 64, 4291 }, // U+0E56
    { 19, 16, 317, 1, 16, 76, 4355 }, // U+0E57
    { 15, 16, 274, 1, 16, 60, 4431 }, // U+0E58
    { 16, 17, 280, 1, 16, 68, 4491 }, // U+0E59
    { 19, 15, 332, 1, 15, 72, 4559 }, // U+0E5A
    { 24, 14, 422, 2, 14, 84, 4631 }, // U+0E5B
    { 16, 24, 256, 0, 18, 96, 0 }, // U+1EA0
    { 12, 19, 212, 1, 13, 57, 96 }, // U+1EA1
    { 16, 26, 256, 0, 26, 104, 153 }, // U+1EA2
    { 12, 21, 212, 1, 21, 63, 257 }, // U+1EA3
    { 16, 26, 256, 0, 26, 104, 320 }, // U+1EA4
    { 12, 21, 212, 1, 21, 63, 424 }, // U+1EA5
    { 16, 26, 256, 0, 26, 104, 487 }, // U+1EA6
    { 12, 21, 212, 1, 21, 63, 591 }, // U+1EA7
    { 16, 27, 256, -1, 27, 108, 654 }, // U+1EA8
    { 13, 22, 212, 1, 22, 72, 762 }, // U+1EA9
    { 16, 28, 256, 0, 28, 112, 834 }, // U+1EAA
    { 12, 23, 212, 1, 23, 69, 946 }, // U+1EAB
    { 16, 29, 256, 0, 23, 116, 1015 }, // U+1EAC
    { 12, 24, 212, 1, 18, 72, 1131 }, // U+1EAD
    { 16, 27, 256, 0, 27, 108, 1203 }, // U+1EAE
    { 12, 22, 212, 1, 22, 66, 1311 }, // U+1EAF
    { 16, 27, 256, 0, 27, 108, 1377 }, // U+1EB0
    { 12, 22, 212, 1, 22, 66, 1485 }, // U+1EB1
    { 16, 29, 256, 0, 29, 116, 1551 }, // U+1EB2
    { 12, 24, 212, 1, 24, 72, 1667 }, // U+1EB3
    { 16, 28, 256, 0, 28, 112, 1739 }, // U+1EB4
    { 12, 23, 212, 1, 23, 69, 1851 }, // U+1EB5
    { 16, 29, 256, 0, 23, 116, 1920 }, // U+1EB6
    { 12, 24, 212, 1, 18, 72, 2036 }, // U+1EB7
    { 12, 24, 228, 2, 18, 72, 2108 }, // U+1EB8
    { 13, 19, 217, 0, 13, 62, 2180 }, // U+1EB9
    { 12, 26, 228, 2, 26, 78, 2242 }, // U+1EBA
    { 13, 21, 217, 0, 21, 69, 2320 }, // U+1EBB
    { 12, 23, 228, 2, 23, 69, 2389 }, // U+1EBC
    { 12, 18, 217, 1, 18, 54, 2458 }, // U+1EBD
    { 12, 26, 228, 2, 26, 78, 2512 }, // U+1EBE
    { 13, 21, 217, 1, 21, 69, 2590 }, // U+1EBF
    { 12, 26, 228, 2, 26, 78, 2659 }, // U+1EC0
    { 13, 21, 217, 1, 21, 69, 2737 }, // U+1EC1
    { 13, 27, 228, 2, 27, 88, 2806 }, // U+1EC2
    { 13, 22, 217, 1, 22, 72, 2894 }, // U+1EC3
    { 12, 28, 228, 2, 28, 84, 2966 }, // U+1EC4
    { 13, 23, 217, 1, 23, 75, 3050 }, // U+1EC5
    { 12, 29, 228, 2, 23, 87, 3125 }, // U+1EC6
    { 13, 24, 217, 0, 18, 78, 3212 }, // U+1EC7
    { 7, 26, 129, 0, 26, 46, 3290 }, // U+1EC8
    { 7, 21, 112, 0, 21, 37, 3336 }, // U+1EC9
    { 4, 24, 129, 2, 18, 24, 3373 }, // U+1ECA
    { 4, 24, 109, 1, 18, 24, 3397 }, // U+1ECB
    { 16, 24, 276, 1, 18, 96, 3421 }, // U+1ECC
    { 13, 19, 232, 1, 13, 62, 3517 }, // U+1ECD
    { 16, 25, 276, 1, 25, 100, 3579 }, // U+1ECE
    { 13, 21, 232, 1, 21, 69, 3679 }, // U+1ECF
    { 16, 26, 276, 1, 26, 104, 3748 }, // U+1ED0
    { 13, 21, 232, 1, 21, 69, 3852 }, // U+1ED1
    { 16, 26, 276, 1, 26, 104, 3921 }, // U+1ED2
    { 13, 21, 232, 1, 21, 69, 4025 }, // U+1ED3
    { 16, 27, 276, 1, 27, 108, 4094 }, // U+1ED4
    { 13, 22, 232, 1, 22, 72, 4202 }, // U+1ED5
    { 16, 28, 276, 1, 28, 112, 4274 }, // U+1ED6
    { 13, 23, 232, 1, 23, 75, 4386 }, // U+1ED7
    { 16, 29, 276, 1, 23, 116, 4461 }, // U+1ED8
    { 13, 24, 232, 1, 18, 78, 4577 }, // U+1ED9
    { 19, 24, 295, 1, 24, 114, 4655 }, // U+1EDA
    { 16, 18, 260, 1, 18, 72, 4769 }, // U+1EDB
    { 19, 24, 295, 1, 24, 114, 4841 }, // U+1EDC
    { 16, 18, 260, 1, 18, 72, 4955 }, // U+1EDD
    { 19, 25, 295, 1, 25, 119, 5027 }, // U+1EDE
    { 16, 21, 260, 1, 21, 84, 5146 }, // U+1EDF
    { 19, 23, 295, 1, 23, 110, 5230 }, // U+1EE0
    { 16, 18, 260, 1, 18, 72, 5340 }, // U+1EE1
    { 19, 24, 295, 1, 18, 114, 5412 }, // U+1EE2
    { 16, 19, 260, 1, 13, 76, 5526 }, // U+1EE3
    { 14, 24, 265, 1, 18, 84, 5602 }, // U+1EE4
    { 12, 19, 224, 1, 13, 57, 5686 }, // U+1EE5
    { 14, 25, 265, 1, 25, 88, 5743 }, // U+1EE6
    { 12, 21, 224, 1, 21, 63, 5831 }, // U+1EE7
    { 19, 24, 297, 1, 24, 114, 5894 }, // U+1EE8
    { 16, 18, 260, 1, 18, 72, 6008 }, // U+1EE9
    { 19, 24, 297, 1, 24, 114, 6080 }, // U+1EEA
    { 16, 18, 260, 1, 18, 72, 6194 }, // U+1EEB
    { 19, 25, 297, 1, 25, 119, 6266 }, // U+1EEC
    { 16, 21, 260, 1, 21, 84, 6385 }, // U+1EED
    { 19, 23, 297, 1, 23, 110, 6469 }, // U+1EEE
    { 16, 18, 260, 1, 18, 72, 6579 }, // U+1EEF
    { 19, 24, 297, 1, 18, 114, 6651 }, // U+1EF0
    { 16, 19, 260, 1, 13, 76, 6765 }, // U+1EF1
    { 15, 23, 251, 0, 23, 87, 6841 }, // U+1EF2
    { 13, 23, 202, 0, 18, 75, 6928 }, // U+1EF3
    { 15, 24, 251, 0, 18, 90, 7003 }, // U+1EF4
    { 12, 19, 202, 1, 13, 57, 7093 }, // U+1EF5
    { 16, 26, 251, 0, 26, 104, 7150 }, // U+1EF6
    { 13, 26, 202, 1, 21, 85, 7254 }, // U+1EF7
    { 16, 23, 251, 0, 23, 92, 7339 }, // U+1EF8
    { 13, 23, 202, 0, 18, 75, 7431 }, // U+1EF9
    { 0, 0, 226, 0, 0, 0, 0 }, // U+2007
    { 7, 3, 136, 1, 9, 6, 0 }, // U+2010
    { 12, 3, 216, 1, 9, 9, 6 }, // U+2012
    { 12, 3, 216, 1, 9, 9, 15 }, // U+2013
    { 20, 3, 334, 1, 9, 15, 24 }, // U+2014
    { 20, 3, 334, 1, 9, 15, 39 }, // U+2015
    { 6, 9, 131, 2, 19, 14, 54 }, // U+2018
    { 6, 9, 131, 1, 18, 14, 68 }, // U+2019
    { 6, 9, 131, 1, 4, 14, 82 }, // U+201A
    { 12, 9, 226, 2, 19, 27, 96 }, // U+201C
    { 12, 9, 226, 1, 18, 27, 123 }, // U+201D
    { 12, 9, 226, 1, 4, 27, 150 }, // U+201E
    { 13, 18, 219, 0, 18, 59, 177 }, // U+2020
    { 13, 18, 219, 0, 18, 59, 236 }, // U+2021
    { 7, 7, 147, 1, 11, 13, 295 }, // U+2022
    { 18, 4, 320, 1, 4, 18, 308 }, // U+2026
    { 33, 18, 551, 1, 18, 149, 326 }, // U+2030
    { 6, 6, 118, 1, 18, 9, 475 }, // U+2032
    { 11, 6, 195, 1, 18, 17, 484 }, // U+2033
    { 8, 10, 141, 0, 12, 20, 501 }, // U+2039
    { 8, 10, 141, 0, 12, 20, 521 }, // U+203A
    { 13, 20, 90, -4, 18, 65, 541 }, // U+2044
    { 10, 12, 172, 1, 17, 30, 0 }, // U+2070
    { 10, 12, 172, 1, 17, 30, 30 }, // U+2074
    { 10, 12, 172, 1, 17, 30, 60 }, // U+2075
    { 9, 12, 172, 1, 17, 27, 90 }, // U+2076
    { 9, 12, 172, 1, 17, 27, 117 }, // U+2077
    { 10, 12, 172, 1, 17, 30, 144 }, // U+2078
    { 9, 13, 172, 1, 17, 30, 174 }, // U+2079
    { 6, 14, 108, 1, 18, 21, 204 }, // U+207D
    { 7, 14, 108, 0, 18, 25, 225 }, // U+207E
    { 9, 8, 156, 0, 17, 18, 250 }, // U+207F
    { 10, 12, 172, 1, 8, 30, 268 }, // U+2080
    { 8, 12, 172, 1, 8, 24, 298 }, // U+2081
    { 10, 12, 172, 0, 8, 30, 322 }, // U+2082
    { 10, 12, 172, 0, 8, 30, 352 }, // U+2083
    { 10, 12, 172, 1, 8, 30, 382 }, // U+2084
    { 10, 12, 172, 1, 8, 30, 412 }, // U+2085
    { 9, 12, 172, 1, 8, 27, 442 }, // U+2086
    { 9, 12, 172, 1, 8, 27, 469 }, // U+2087
    { 10, 12, 172, 1, 8, 30, 496 }, // U+2088
    { 9, 13, 172, 1, 8, 30, 526 }, // U+2089
    { 6, 14, 108, 1, 9, 21, 556 }, // U+208D
    { 7, 14, 108, 0, 9, 25, 577 }, // U+208E
    { 14, 22, 246, 1, 20, 77, 0 }, // U+20A1
    { 12, 18, 220, 1, 18, 54, 77 }, // U+20A4
    { 20, 18, 324, 0, 18, 90, 131 }, // U+20A6
    { 16, 18, 267, 1, 18, 72, 221 }, // U+20A7
    { 13, 22, 234, 1, 18, 72, 293 }, // U+20AB
    { 16, 18, 270, 1, 18, 72, 365 }, // U+20AC
    { 17, 18, 285, 0, 18, 77, 437 }, // U+20B1
    { 15, 22, 258, 1, 20, 83, 514 }, // U+20B2
    { 14, 22, 246, 1, 20, 77, 597 }, // U+20B5
    { 14, 18, 253, 1, 18, 63, 674 }, // U+20B9
    { 14, 18, 238, 1, 18, 63, 737 }, // U+20BA
    { 14, 18, 229, 1, 18, 63, 800 }, // U+20BD
    { 15, 7, 360, 4, 10, 27, 0 }, // U+2190
    { 7, 15, 200, 3, 15, 27, 27 }, // U+2191
    { 15, 7, 360, 4, 10, 27, 54 }, // U+2192
    { 7, 15, 200, 3, 15, 27, 81 }, // U+2193
    { 11, 18, 210, 1, 18, 50, 0 }, // U+2202
    { 16, 18, 262, 0, 18, 72, 50 }, // U+2206
    { 13, 21, 272, 2, 18, 69, 122 }, // U+220F
    { 16, 21, 262, 0, 18, 84, 191 }, // U+2211
    { 14, 3, 247, 1, 8, 11, 275 }, // U+2212
    { 14, 18, 104, -4, 18, 63, 286 }, // U+2215
    { 6, 5, 118, 1, 11, 8, 349 }, // U+2219
    { 20, 20, 251, 0, 18, 100, 357 }, // U+221A
    { 20, 9, 344, 1, 12, 45, 457 }, // U+221E
    { 11, 23, 141, -1, 18, 64, 502 }, // U+222B
    { 13, 11, 247, 1, 13, 36, 566 }, // U+2248
    { 13, 14, 247, 1, 14, 46, 602 }, // U+2260
    { 14, 15, 247, 1, 15, 53, 648 }, // U+2264
    { 14, 15, 247, 1, 15, 53, 701 }, // U+2265
    { 14, 18, 246, 1, 18, 63, 0 }, // U+FB01
    { 17, 18, 261, 1, 18, 77, 63 }, // U+FB02
};

static const EpdUnicodeInterval sarabun_12_boldIntervals[] = {
    { 0x0, 0x0, 0x0 },
    { 0xD, 0xD, 0x1 },
    { 0x20, 0x7E, 0x2 },
    { 0xA0, 0x17E, 0x61 },
    { 0x1A0, 0x1A1, 0x140 },
    { 0x1AF, 0x1B0, 0x142 },
    { 0x1CD, 0x1DC, 0x144 },
    { 0x1E6, 0x1E7, 0x154 },
    { 0x1FA, 0x1FF, 0x156 },
    { 0x218, 0x21B, 0x15C },
    { 0x300, 0x304, 0x160 },
    { 0x306, 0x30C, 0x165 },
    { 0x31B, 0x31B, 0x16C },
    { 0x323, 0x324, 0x16D },
    { 0x326, 0x328, 0x16F },
    { 0x32E, 0x32E, 0x172 },
    { 0x331, 0x331, 0x173 },
    { 0xE01, 0xE3A, 0x174 },
    { 0xE3F, 0xE5B, 0x1AE },
    { 0x1EA0, 0x1EF9, 0x1CB },
    { 0x2007, 0x2007, 0x225 },
    { 0x2010, 0x2010, 0x226 },
    { 0x2012, 0x2015, 0x227 },
    { 0x2018, 0x201A, 0x22B },
    { 0x201C, 0x201E, 0x22E },
    { 0x2020, 0x2022, 0x231 },
    { 0x2026, 0x2026, 0x234 },
    { 0x2030, 0x2030, 0x235 },
    { 0x2032, 0x2033, 0x236 },
    { 0x2039, 0x203A, 0x238 },
    { 0x2044, 0x2044, 0x23A },
    { 0x2070, 0x2070, 0x23B },
    { 0x2074, 0x2079, 0x23C },
    { 0x207D, 0x2089, 0x242 },
    { 0x208D, 0x208E, 0x24F },
    { 0x20A1, 0x20A1, 0x251 },
    { 0x20A4, 0x20A4, 0x252 },
    { 0x20A6, 0x20A7, 0x253 },
    { 0x20AB, 0x20AC, 0x255 },
    { 0x20B1, 0x20B2, 0x257 },
    { 0x20B5, 0x20B5, 0x259 },
    { 0x20B9, 0x20BA, 0x25A },
    { 0x20BD, 0x20BD, 0x25C },
    { 0x2190, 0x2193, 0x25D },
    { 0x2202, 0x2202, 0x261 },
    { 0x2206, 0x2206, 0x262 },
    { 0x220F, 0x220F, 0x263 },
    { 0x2211, 0x2212, 0x264 },
    { 0x2215, 0x2215, 0x266 },
    { 0x2219, 0x221A, 0x267 },
    { 0x221E, 0x221E, 0x269 },
    { 0x222B, 0x222B, 0x26A },
    { 0x2248, 0x2248, 0x26B },
    { 0x2260, 0x2260, 0x26C },
    { 0x2264, 0x2265, 0x26D },
    { 0xFB01, 0xFB02, 0x26F },
};

static const EpdFontGroup sarabun_12_boldGroups[] = {
    { 0, 2309, 5182, 97, 0 },
    { 2309, 2289, 6002, 96, 97 },
    { 4598, 2913, 9569, 127, 193 },
    { 7511, 1043, 2646, 32, 320 },
    { 8554, 166, 201, 20, 352 },
    { 8720, 2505, 5222, 87, 372 },
    { 11225, 1957, 7919, 90, 459 },
    { 13182, 338, 679, 22, 549 },
    { 13520, 288, 742, 22, 571 },
    { 13808, 543, 946, 12, 593 },
    { 14351, 70, 116, 4, 605 },
    { 14421, 412, 822, 14, 609 },
    { 14833, 78, 162, 2, 623 },
};

static const uint16_t sarabun_12_boldKernLeftCodepoints[] = {
    0x002C, 0x002E, 0x0041, 0x0042, 0x0044, 0x0046, 0x004B, 0x004C, 0x004F, 0x0050, 0x0051, 0x0053,
    0x0054, 0x0055, 0x0056, 0x0057, 0x0058, 0x0059, 0x005A, 0x0061, 0x0062, 0x0063, 0x0065, 0x0066,
    0x0067, 0x006B, 0x006C, 0x006D, 0x006E, 0x006F, 0x0070, 0x0072, 0x0073, 0x0074, 0x0075, 0x0076,
    0x0078, 0x0079, 0x007A, 0x00C0, 0x00C1, 0x00C2, 0x00C3, 0x00C4, 0x00C5, 0x00D0, 0x00D2, 0x00D3,
    0x00D4, 0x00D5, 0x00D6, 0x00D8, 0x00D9, 0x00DA, 0x00DB, 0x00DC, 0x00DD, 0x00E0, 0x00E1, 0x00E2,
    0x00E3, 0x00E4, 0x00E5, 0x00E6, 0x00E7, 0x00E8, 0x00E9, 0x00EA, 0x00EB, 0x00F1, 0x00F2, 0x00F3,
    0x00F4, 0x00F5, 0x00F6, 0x00FD, 0x00FE, 0x00FF, 0x0100, 0x0101, 0x0102, 0x0103, 0x0104, 0x0105,
    0x0107, 0x0109, 0x010B, 0x010D, 0x010E, 0x0110, 0x0113, 0x0115, 0x0117, 0x0119, 0x011B, 0x0125,
    0x0127, 0x0132, 0x0134, 0x0136, 0x0137, 0x0138, 0x0139, 0x013B, 0x013D, 0x013F, 0x0141, 0x0144,
    0x0146, 0x0148, 0x0149, 0x014B, 0x014C, 0x014D, 0x014E, 0x014F, 0x0150, 0x0151, 0x0153, 0x0154,
    0x0155, 0x0156, 0x0157, 0x0158, 0x0159, 0x015A, 0x015B, 0x015C, 0x015D, 0x015E, 0x015F, 0x0160,
    0x0161, 0x0162, 0x0163, 0x0164, 0x0165, 0x0166, 0x0167, 0x0168, 0x016A, 0x016C, 0x016E, 0x0170,
    0x0172, 0x0174, 0x0175, 0x0176, 0x0177, 0x0178, 0x01A0, 0x01CD, 0x01CE, 0x01D1, 0x01D2, 0x01D3,
    0x01D5, 0x01D7, 0x01D9, 0x01DB, 0x01FA, 0x01FB, 0x01FD, 0x01FE, 0x01FF, 0x0218, 0x0219, 0x021A,
    0x021B, 0x1EA0, 0x1EA1, 0x1EA2, 0x1EA3, 0x1EA4, 0x1EA5, 0x1EA6, 0x1EA7, 0x1EA8, 0x1EA9, 0x1EAA,
    0x1EAB, 0x1EAC, 0x1EAD, 0x1EAE, 0x1EAF, 0x1EB0, 0x1EB1, 0x1EB2, 0x1EB3, 0x1EB4, 0x1EB5, 0x1EB6,
    0x1EB7, 0x1EB9, 0x1EBB, 0x1EBD, 0x1EBF, 0x1EC1, 0x1EC3, 0x1EC5, 0x1EC7, 0x1ECC, 0x1ECD, 0x1ECE,
    0x1ECF, 0x1ED0, 0x1ED1, 0x1ED2, 0x1ED3, 0x1ED4, 0x1ED5, 0x1ED6, 0x1ED7, 0x1ED8, 0x1ED9, 0x1EDA,
    0x1EDB, 0x1EDC, 0x1EDD, 0x1EDE, 0x1EDF, 0x1EE0, 0x1EE1, 0x1EE2, 0x1EE3, 0x1EE4, 0x1EE6, 0x1EF2,
    0x1EF3, 0x1EF4, 0x1EF5, 0x1EF6, 0x1EF7, 0x1EF8, 0x1EF9, 0x2018, 0x201C, 0x2026,
};

static const uint8_t sarabun_12_boldKernLeftClassIds[] = {
      1,   1,   2,   3,   4,   5,   6,   7,   8,   9,   8,  10,  11,  12,  13,  14,
     15,  16,  17,  18,  19,  20,  21,  22,  23,  24,  25,  26,  26,  27,  28,  29,
     30,  31,  32,  33,  34,  35,  36,  37,  37,  37,  37,  37,  37,  38,  39,  39,
     39,  39,  39,  40,  12,  12,  12,  12,  16,  18,  18,  18,  18,  18,  18,  41,
     42,  41,  41,  41,  41,  43,  27,  27,  27,  27,  27,  35,  44,  35,  37,  18,
     37,  18,  37,  18,  42,  42,  42,  42,  45,  38,  41,  41,  41,  41,  41,  46,
     46,  47,  47,  48,  49,  49,  50,  50,  50,  50,  51,  43,  43,  43,  43,  43,
     39,  27,  39,  27,  39,  27,  41,  52,  53,  52,  53,  52,  53,  54,  55,  54,
     55,  54,  55,  54,  55,  56,  57,  56,  57,  56,  57,  12,  12,  12,  12,  12,
     12,  58,  59,  16,  35,  16,  40,  37,  18,  39,  27,  12,  12,  12,  12,  12,
     37,  18,  41,  39,  27,  54,  55,  56,  57,  37,  18,  37,  18,  37,  18,  37,
     18,  37,  18,  37,  18,  37,  18,  37,  18,  37,  18,  37,  18,  37,  18,  37,
     18,  41,  41,  41,  41,  41,  41,  41,  41,  39,  27,  39,  27,  39,  27,  39,
     27,  39,  27,  39,  27,  39,  27,  40,  27,  40,  27,  40,  27,  40,  27,  40,
     27,  12,  12,  16,  35,  16,  35,  16,  35,  16,  35,  60,  60,  61,
};

static const uint16_t sarabun_12_boldKernRightCodepoints[] = {
    0x002C, 0x002E, 0x0041, 0x0043, 0x0047, 0x004A, 0x004F, 0x0051, 0x0053, 0x0054, 0x0055, 0x0056,
    0x0057, 0x0058, 0x0059, 0x0061, 0x0063, 0x0064, 0x0065, 0x0066, 0x0067, 0x006A, 0x006D, 0x006E,
    0x006F, 0x0070, 0x0071, 0x0072, 0x0073, 0x0074, 0x0075, 0x0076, 0x0077, 0x0078, 0x0079, 0x007A,
    0x00C0, 0x00C1, 0x00C2, 0x00C3, 0x00C4, 0x00C5, 0x00C6, 0x00C7, 0x00D2, 0x00D3, 0x00D4, 0x00D5,
    0x00D6, 0x00D8, 0x00D9, 0x00DA, 0x00DB, 0x00DC, 0x00DD, 0x00DF, 0x00E0, 0x00E1, 0x00E2, 0x00E3,
    0x00E4, 0x00E5, 0x00E6, 0x00E7, 0x00E8, 0x00E9, 0x00EA, 0x00EB, 0x00F0, 0x00F1, 0x00F2, 0x00F3,
    0x00F4, 0x00F5, 0x00F6, 0x00F8, 0x00F9, 0x00FA, 0x00FB, 0x00FC, 0x00FD, 0x00FF, 0x0100, 0x0101,
    0x0102, 0x0103, 0x0104, 0x0105, 0x0106, 0x0107, 0x0108, 0x0109, 0x010A, 0x010B, 0x010C, 0x010D,
    0x010F, 0x0111, 0x0113, 0x0115, 0x0117, 0x0119, 0x011B, 0x011C, 0x011D, 0x011E, 0x011F, 0x0120,
    0x0121, 0x0122, 0x0123, 0x0134, 0x0135, 0x0144, 0x0146, 0x0148, 0x0149, 0x014B, 0x014C, 0x014D,
    0x014E, 0x014F, 0x0150, 0x0151, 0x0153, 0x0155, 0x0157, 0x0159, 0x015A, 0x015B, 0x015C, 0x015D,
    0x015E, 0x015F, 0x0160, 0x0161, 0x0162, 0x0163, 0x0164, 0x0165, 0x0166, 0x0167, 0x0168, 0x0169,
    0x016A, 0x016B, 0x016C, 0x016D, 0x016E, 0x016F, 0x0170, 0x0171, 0x0172, 0x0173, 0x0174, 0x0175,
    0x0176, 0x0177, 0x0178, 0x017A, 0x017C, 0x017E, 0x01A0, 0x01A1, 0x01AF, 0x01B0, 0x01CD, 0x01CE,
    0x01D1, 0x01D2, 0x01D3, 0x01D4, 0x01D5, 0x01D6, 0x01D7, 0x01D8, 0x01D9, 0x01DA, 0x01DB, 0x01DC,
    0x01E6, 0x01E7, 0x01FA, 0x01FB, 0x01FC, 0x01FD, 0x01FE, 0x01FF, 0x0218, 0x0219, 0x021A, 0x021B,
    0x1EA0, 0x1EA1, 0x1EA2, 0x1EA3, 0x1EA4, 0x1EA5, 0x1EA6, 0x1EA7, 0x1EA8, 0x1EA9, 0x1EAA, 0x1EAB,
    0x1EAC, 0x1EAD, 0x1EAE, 0x1EAF, 0x1EB0, 0x1EB1, 0x1EB2, 0x1EB3, 0x1EB4, 0x1EB5, 0x1EB6, 0x1EB7,
    0x1EB9, 0x1EBB, 0x1EBD, 0x1EBF, 0x1EC1, 0x1EC3, 0x1EC5, 0x1EC7, 0x1ECC, 0x1ECD, 0x1ECE, 0x1ECF,
    0x1ED0, 0x1ED1, 0x1ED2, 0x1ED3, 0x1ED4, 0x1ED5, 0x1ED6, 0x1ED7, 0x1ED8, 0x1ED9, 0x1EDA, 0x1EDB,
    0x1EDC, 0x1EDD, 0x1EDE, 0x1EDF, 0x1EE0, 0x1EE1, 0x1EE2, 0x1EE3, 0x1EE4, 0x1EE5, 0x1EE6, 0x1EE7,
    0x1EE8, 0x1EE9, 0x1EEA, 0x1EEB, 0x1EEC, 0x1EED, 0x1EEE, 0x1EEF, 0x1EF0, 0x1EF1, 0x1EF2, 0x1EF3,
    0x1EF4, 0x1EF5, 0x1EF6, 0x1EF7, 0x1EF8, 0x1EF9, 0x2019, 0x201D, 0x2026, 0xFB01, 0xFB02,
};

static const uint8_t sarabun_12_boldKernRightClassIds[] = {
      1,   2,   3,   4,   5,   6,   7,   8,   9,  10,  11,  12,  13,  14,  15,  16,
     17,  18,  19,  20,  21,  22,  23,  24,  25,  26,  27,  28,  29,  30,  31,  32,
     33,  34,  35,  36,  37,  37,  37,  37,  37,  37,  37,  38,  39,  39,  39,  39,
     39,  40,  41,  41,  41,  41,  42,  43,  44,  44,  44,  44,  44,  44,  44,  45,
     46,  46,  46,  46,  47,  48,  49,  49,  49,  49,  49,  50,  51,  51,  51,  51,
     52,  52,  37,  44,  37,  44,  37,  44,  38,  45,  38,  45,  38,  45,  38,  45,
     53,  47,  46,  46,  46,  46,  46,  54,  55,  54,  55,  54,  55,  54,  55,  56,
     22,  48,  48,  48,  48,  48,  39,  49,  39,  49,  39,  49,  57,  58,  58,  58,
     59,  60,  59,  60,  59,  60,  59,  60,  61,  62,  61,  62,  61,  62,  41,  51,
     41,  51,  41,  51,  41,  51,  41,  51,  41,  51,  63,  64,  42,  52,  42,  65,
     65,  65,  39,  50,  41,  66,  37,  44,  39,  49,  41,  51,  41,  51,  41,  51,
     41,  51,  41,  51,  54,  55,  37,  44,  37,  44,  39,  49,  59,  60,  61,  62,
     37,  44,  37,  44,  37,  44,  37,  44,  37,  44,  37,  44,  37,  44,  37,  44,
     37,  44,  37,  44,  37,  44,  37,  44,  46,  46,  46,  46,  46,  46,  46,  46,
     39,  49,  39,  49,  39,  49,  39,  49,  39,  49,  39,  49,  39,  49,  39,  49,
     39,  49,  39,  49,  39,  49,  39,  49,  41,  51,  41,  51,  41,  51,  41,  51,
     41,  51,  41,  51,  41,  51,  42,  52,  42,  52,  42,  52,  42,  52,  67,  68,
     69,  43,  43,
};

static const uint16_t sarabun_12_boldKernRowOffsets[] = {
        0,    12,    49,    55,    62,    69,    81,   118,   127,   151,   156,   193,   197,   249,   269,   300,
      344,   355,   360,   368,   372,   388,   407,   410,   431,   448,   454,   467,   478,   483,   493,   496,
      502,   529,   540,   562,   568,   606,   611,   621,   627,   646,   651,   658,   663,   672,   677,   681,
      717,   739,   776,   787,   792,   794,   799,   810,   849,   854,   899,   915,   918,   923,
};

static const uint8_t sarabun_12_boldKernSparseCols[] = {
      9,  11,  14,  17,  20,  24,  26,  31,  32,  48,  52,  56,   3,   6,   7,   8,
      9,  10,  11,  12,  14,  15,  16,  17,  18,  20,  24,  26,  30,  31,  34,  37,
     38,  40,  41,  43,  44,  45,  48,  50,  51,  52,  56,  58,  60,  62,  63,  66,
     67,   2,  11,  13,  14,  36,  41,   2,  11,  14,  36,  41,  55,  62,   0,   1,
      2,   5,  36,  55,  68,  15,  16,  17,  18,  20,  26,  34,  43,  44,  45,  51,
     52,   3,   4,   6,   7,   9,  10,  11,  12,  14,  15,  16,  17,  18,  20,  24,
     26,  29,  31,  32,  34,  37,  38,  40,  41,  43,  44,  45,  48,  51,  52,  53,
     56,  60,  62,  63,  66,  67,   2,  11,  12,  13,  14,  36,  41,  55,  62,   0,
      1,   2,   5,  11,  13,  14,  15,  16,  17,  20,  24,  26,  28,  36,  41,  43,
     44,  48,  52,  55,  56,  59,  68,   2,  11,  14,  36,  41,   0,   1,   2,   3,
     15,  16,  17,  18,  20,  22,  23,  24,  26,  28,  30,  31,  32,  33,  34,  35,
     36,  37,  43,  44,  45,  47,  48,  50,  51,  52,  54,  55,  56,  57,  59,  63,
     64,   0,   1,   2,  36,   0,   1,   2,   3,   4,   5,   6,   7,   8,  15,  16,
     17,  18,  20,  21,  22,  23,  24,  25,  26,  28,  30,  31,  33,  34,  36,  37,
     38,  39,  42,  43,  44,  45,  46,  47,  48,  49,  50,  51,  52,  53,  54,  55,
     56,  57,  58,  59,  61,  63,  64,  65,  68,   0,   1,   2,   6,   7,  15,  16,
     17,  18,  20,  24,  26,  36,  38,  43,  44,  45,  48,  52,  56,   3,   4,   6,
      7,  15,  16,  17,  18,  20,  24,  26,  30,  31,  34,  37,  38,  39,  43,  44,
     45,  46,  48,  49,  50,  51,  52,  53,  56,  61,  63,  65,   0,   1,   2,   3,
      4,   5,   6,   7,   8,  15,  16,  17,  18,  20,  22,  23,  24,  26,  28,  30,
     31,  33,  34,  36,  37,  38,  43,  44,  45,  47,  48,  50,  51,  52,  53,  54,
     55,  56,  57,  58,  59,  61,  63,  64,  16,  17,  18,  20,  24,  26,  44,  45,
     48,  52,  56,  11,  14,  41,  62,  63,   0,   1,  11,  14,  34,  41,  51,  62,
     11,  14,  41,  62,   0,   1,   2,  11,  13,  14,  28,  31,  34,  36,  41,  51,
     54,  59,  62,  63,   0,   1,  15,  16,  17,  18,  20,  24,  26,  43,  44,  45,
     46,  48,  49,  52,  54,  56,  68,  11,  14,  41,   9,  11,  14,  15,  16,  17,
     18,  20,  24,  26,  34,  41,  43,  44,  45,  48,  51,  52,  56,  60,  62,  16,
     17,  18,  20,  24,  26,  28,  31,  32,  34,  44,  45,  48,  51,  52,  56,  59,
      9,  11,  14,  41,  60,  62,   0,   1,   2,   9,  11,  14,  31,  34,  36,  41,
     51,  60,  62,   0,   1,   9,  11,  12,  13,  31,  34,  51,  60,  62,   0,   1,
     24,  48,  56,   1,   9,  11,  13,  14,  18,  41,  45,  60,  62,  24,  48,  56,
      9,  11,  14,  41,  60,  62,   0,   1,   2,   9,  11,  13,  14,  15,  16,  17,
     18,  20,  24,  26,  36,  41,  43,  44,  45,  46,  48,  52,  55,  56,  60,  62,
     68,   9,  11,  14,  17,  20,  26,  41,  46,  52,  60,  62,   0,   1,   2,   9,
     13,  14,  15,  17,  18,  20,  24,  26,  36,  41,  43,  45,  48,  52,  55,  56,
     60,  62,   9,  11,  14,  41,  60,  62,   3,   6,   7,   8,   9,  10,  11,  12,
     14,  15,  16,  17,  18,  20,  24,  26,  30,  31,  32,  34,  37,  38,  40,  41,
     43,  44,  45,  48,  50,  51,  52,  56,  58,  60,  62,  63,  66,  67,   2,   5,
     11,  12,  14,   2,   5,  11,  12,  13,  14,  36,  41,  55,  62,   2,   5,  11,
     12,  13,  14,   0,   1,   2,  11,  12,  13,  14,  20,  28,  31,  32,  34,  36,
     41,  51,  54,  59,  62,  63,  11,  12,  14,  41,  62,   9,  11,  12,  14,  41,
     60,  62,   0,   1,  31,  34,  51,   2,   5,  11,  12,  14,  36,  41,  55,  62,
     11,  12,  14,  41,  62,   2,   5,  36,  55,   3,   4,   6,   7,   8,  11,  12,
     14,  15,  16,  17,  18,  20,  24,  26,  29,  30,  31,  32,  34,  37,  38,  41,
     43,  44,  45,  48,  50,  51,  52,  53,  56,  58,  61,  62,  63,   9,  11,  12,
     14,  15,  16,  17,  18,  20,  24,  26,  34,  41,  43,  44,  45,  48,  51,  52,
     56,  60,  62,   3,   4,   6,   7,   9,  10,  11,  12,  14,  15,  16,  17,  18,
     20,  24,  26,  29,  31,  32,  34,  37,  38,  40,  41,  43,  44,  45,  48,  51,
     52,  53,  56,  60,  62,  63,  66,  67,   3,   4,   6,   9,  11,  12,  14,  31,
     32,  34,  66,  11,  12,  14,  41,  62,  18,  45,   2,  11,  14,  36,  41,   1,
      9,  11,  12,  13,  14,  18,  41,  45,  60,  62,   0,   1,   2,   3,   5,  15,
     16,  17,  18,  20,  22,  23,  24,  26,  27,  28,  30,  31,  32,  33,  34,  35,
     36,  37,  43,  44,  45,  47,  48,  50,  51,  52,  54,  55,  56,  57,  59,  63,
     64,  11,  12,  14,  41,  62,   0,   2,   3,   4,   5,   6,   7,  15,  16,  17,
     18,  19,  20,  21,  22,  23,  24,  26,  28,  29,  30,  31,  32,  33,  34,  35,
     36,  37,  38,  43,  44,  45,  47,  48,  50,  51,  52,  53,  54,  55,  56,  59,
     61,  63,  64,   2,   9,  14,  15,  17,  18,  20,  26,  36,  41,  43,  45,  52,
     55,  60,  62,   2,   5,  36,   9,  11,  14,  31,  32,
};

static const int8_t sarabun_12_boldKernSparseValues[] = {
     -40,  -40,  -40,  -12,  -12,  -12,  -12,  -24,  -24,  -12,  -12,  -12,  -12,  -12,  -12,  -16,
     -24,  -24,  -20,  -12,  -24,  -12,  -12,  -12,  -12,  -12,  -12,  -12,  -16,  -16,  -16,  -12,
     -12,  -24,  -24,  -12,  -12,  -12,  -12,  -16,  -16,  -12,  -12,  -16,  -24,  -40,  -32,  -32,
     -52,   -8,  -12,  -16,  -16,   -8,  -16,  -16,  -24,  -20,  -16,  -20,  -20,  -24,  -40,  -40,
     -40,  -36,  -72,  -40,  -40,  -12,   -8,   -8,   -8,   -8,   -8,  -16,  -12,   -8,   -8,  -16,
      -8,  -12,  -12,  -20,  -20,  -44,  -12,  -40,  -32,  -40,   -8,   -8,   -8,   -8,   -8,   -8,
      -8,  -12,  -24,  -16,  -32,  -12,  -20,  -12,  -40,   -8,   -8,   -8,   -8,  -32,   -8,  -12,
      -8,  -44,  -32,  -32,  -56,  -32,  -12,  -12,   -4,  -16,  -16,  -12,  -16,  -16,  -16,  -40,
     -40,  -32,  -40,  -12,  -24,  -12,  -12,  -12,  -12,  -12,  -12,  -12,   -8,  -64,  -24,  -12,
     -12,  -12,  -12,  -48,  -12,   -8,  -40,  -12,  -12,  -12,  -12,  -12,  -40,  -40,  -24,  -16,
     -32,  -24,  -32,  -32,  -32,  -24,  -24,  -32,  -32,  -28,  -24,  -24,  -16,  -20,  -16,  -20,
     -24,  -16,  -32,  -24,  -32,  -24,  -32,  -24,  -16,  -32,  -24,  -24,  -32,  -16,  -28,  -16,
      -8,  -16,  -16,  -24,  -24,  -40,  -40,  -20,  -16,  -16,  -28,  -12,  -12,  -12,  -32,  -32,
     -32,  -32,  -32,  -32,  -20,  -20,  -24,  -20,  -32,  -20,  -20,  -24,  -20,  -20,  -80,  -32,
     -32,  -20,  -16,  -64,  -64,  -64,  -32,  -40,  -48,  -24,  -40,  -40,  -64,  -40,  -64,  -48,
     -24,  -40,  -24,  -40,  -40,  -40,  -32,  -20,  -40,  -32,  -32,  -12,   -4,   -4,   -8,   -8,
      -8,   -8,   -8,   -8,   -8,  -12,   -4,   -8,   -8,   -8,   -8,   -8,   -8,  -16,  -12,  -16,
     -16,  -20,  -12,  -12,  -16,  -12,  -12,  -12,  -12,  -20,  -28,  -32,  -32,  -16,  -40,  -32,
     -36,  -20,  -36,  -24,  -24,  -56,  -32,  -28,  -12,  -24,  -40,  -12,  -40,  -40,  -24,  -20,
     -24,  -28,  -16,  -16,  -12,  -24,  -24,  -24,  -24,  -24,  -24,  -24,  -24,  -24,  -24,  -24,
     -24,  -32,  -24,  -24,  -20,  -16,  -24,  -24,  -24,  -24,  -24,  -24,  -24,  -24,  -24,  -32,
     -32,  -24,  -24,  -12,  -24,  -24,  -32,  -20,   -8,   -8,   -8,   -8,   -8,   -8,   -8,   -8,
      -8,   -8,   -8,  -24,  -32,  -32,  -24,  -24,  -12,  -12,  -32,  -32,   -8,  -32,  -24,  -24,
     -16,  -24,  -24,  -16,  -12,  -12,  -16,  -32,  -20,  -32,    8,  -12,   -8,  -16,  -32,   -8,
       8,    8,  -24,   -8,  -24,  -24,  -16,  -16,  -16,  -12,  -16,  -16,  -16,  -32,  -32,  -28,
     -16,  -32,  -16,  -32,  -32,  -16,  -24,  -16,  -24,  -48,  -24,  -36,  -24,  -16,  -16,  -16,
      -8,  -16,   -8,  -16,  -12,  -24,  -16,  -16,   -8,   -8,  -12,  -16,   -8,  -24,  -28,   -8,
      -8,  -12,   -8,  -12,   -8,   -8,  -12,   -8,  -12,   -8,  -12,  -12,  -12,   -8,  -12,   -8,
     -24,  -28,  -32,  -32,  -24,  -28,  -12,  -12,  -16,  -24,  -24,  -28,   -4,   -4,  -16,  -28,
      -4,  -24,  -24,  -12,  -12,  -24,  -24,  -24,  -20,   -8,   -4,   -4,  -24,  -24,  -24,  -24,
      -4,   -4,   -4,  -12,  -24,  -20,  -16,  -24,    8,  -24,    8,  -24,  -16,  -12,  -12,  -12,
     -32,  -20,  -24,  -48,  -64,  -40,  -24,  -24,  -40,  -16,  -24,  -20,  -24,  -12,  -12,   -8,
      -8,   -8,   -4,   -8,  -80,  -48,  -28,  -28,  -20,  -16,   -4,  -24,  -64,   -4,  -32,  -40,
     -24,  -16,  -20,  -32,  -12,  -12,  -12,  -64,  -16,  -28,  -32,  -40,  -16,  -16,  -32,  -16,
     -24,  -24,  -12,   -4,   -4,   -4,   -4,   -4,  -32,  -24,  -12,   -4,   -4,   -4,  -32,   -4,
     -16,  -20,   -8,  -16,  -16,  -32,  -16,  -32,  -36,  -32,  -12,  -32,  -64,  -48,  -80,  -52,
     -72,  -28,  -28,  -28,  -28,  -12,  -28,  -12,  -32,  -56,  -32,  -48,  -12,  -12,  -24,  -24,
     -12,  -12,  -12,  -12,  -16,  -16,  -12,  -12,  -16,  -24,  -40,  -32,  -64,  -52,  -16,  -20,
     -24,  -24,  -20,  -32,  -16,  -32,  -20,  -32,  -36,  -12,  -16,  -16,  -16,  -20,  -16,  -20,
     -16,  -16,  -20,  -12,  -12,  -16,  -64,  -24,  -40,  -64,    8,   16,  -24,   -8,  -20,  -16,
     -32,   -8,    8,    8,  -24,   -8,  -32,  -16,  -48,  -24,  -16,  -48,  -56,  -28,  -64,  -32,
     -24,  -28,  -12,  -12,   -8,   -4,   -4,  -32,  -20,  -48,  -24,  -40,  -16,  -20,  -20,  -24,
     -64,  -24,  -64,  -32,  -24,  -48,  -16,  -24,  -16,  -40,  -40,  -40,  -20,  -32,  -40,  -20,
     -40,  -32,  -48,  -48,  -48,  -24,  -48,  -24,  -24,  -32,  -80,  -40,  -80,  -20,  -20,  -20,
     -16,  -24,  -24,  -24,  -16,  -40,  -24,  -20,  -24,  -16,  -24,  -20,  -40,  -48,  -72,  -28,
     -48,  -32,  -32,  -32,  -24,  -16,  -24,  -16,  -24,  -24,  -16,  -16,   -8,   -8,  -12,  -16,
      -8,  -24,  -28,  -24,  -24,  -32,  -20,  -88,  -12,  -80,  -64,  -80,   -8,   -8,   -8,   -8,
      -8,   -8,   -8,  -12,  -64,  -48,  -64,  -12,  -20,  -12,  -40,   -8,   -8,   -8,   -8,  -32,
      -8,  -12,   -8,  -44,  -32,  -32,  -56,  -32,  -12,  -12,  -12,  -44,  -40,  -32,  -40,  -40,
     -32,  -32,  -24,  -48,  -16,  -48,  -24,  -16,  -16,  -16,  -28,  -24,  -24,  -12,  -12,  -12,
     -48,  -40,  -16,  -32,  -48,   16,  -24,    8,  -24,  -16,  -40,  -40,  -64,  -32,  -24,  -56,
     -48,  -56,  -56,  -56,  -48,  -24,  -56,  -32,  -16,  -52,  -48,  -40,  -32,  -36,  -32,  -28,
     -24,  -16,  -32,  -24,  -32,  -24,  -32,  -24,  -16,  -32,  -24,  -24,  -32,  -16,  -28,  -16,
      -8,  -48,  -24,  -64,  -32,  -24,  -40,  -80,  -32,  -32,  -24,  -32,  -16,  -48,  -48,  -48,
     -48,  -16,  -48,  -16,  -32,  -16,  -48,  -24,  -32,  -16,  -40,  -40,  -20,  -40,  -40,  -16,
     -40,  -16,  -16,  -24,  -24,  -24,  -16,  -24,  -20,  -20,  -24,  -16,  -24,  -24,  -24,  -16,
     -16,  -20,  -16,  -32,  -16,  -32,  -16,  -16,   -8,  -16,  -16,  -32,  -32,  -16,   -8,  -16,
     -28,  -16,  -20,  -20,  -32,  -20,  -40,  -40,  -40,  -24,  -24,
};

static const EpdLigaturePair sarabun_12_boldLigaturePairs[] = {
    { 0x00660069, 0xFB01 }, // f i -> U+FB01
    { 0x0066006C, 0xFB02 }, // f l -> U+FB02
};

static const EpdFontData sarabun_12_bold = {
    sarabun_12_boldBitmaps,
    sarabun_12_boldGlyphs,
    sarabun_12_boldIntervals,
    56,
    33,
    27,
    -6,
    true,
    sarabun_12_boldGroups,
    13,
    nullptr,
    nullptr,  // kernLeftClasses: built-in fonts use the split arrays below
    nullptr,  // kernRightClasses
    sarabun_12_boldKernLeftCodepoints,
    sarabun_12_boldKernLeftClassIds,
    sarabun_12_boldKernRightCodepoints,
    sarabun_12_boldKernRightClassIds,
    nullptr,  // kernMatrix: built-in fonts use the sparse form below
    sarabun_12_boldKernRowOffsets,
    sarabun_12_boldKernSparseCols,
    sarabun_12_boldKernSparseValues,
    238,
    275,
    61,
    69,
    sarabun_12_boldLigaturePairs,
    2,
};
