/**
 * generated by fontconvert.py
 * name: sarabun_16_bolditalic
 * size: 16
 * mode: 2-bit  compressed: true
 * Command used: fontconvert.py sarabun_16_bolditalic 16 ../builtinFonts/source/Sarabun/Sarabun-BoldItalic.ttf --2bit --compress --pnum --zopfli --additional-intervals 0x0E00,0x0E7F
 */
#pragma once
#include "EpdFontData.h"

static const uint8_t sarabun_16_bolditalicBitmaps[24478] = {
    0xBD, 0x99, 0x37, 0xB0, 0xEC, 0xCA, 0x56, 0x86, 0x7B, 0xB6, 0xB8, 0x4F, 0x14, 0x13, 0x08, 0xEF,
    0x9E, 0x69, 0x5C, 0x82, 0x15, 0x19, 0x9E, 0x16, 0xDE, 0x9B, 0x18, 0x1B, 0x63, 0x4F, 0xFA, 0x22,
    0x24, 0x7C, 0xF8, 0x4C, 0x5E, 0x75, 0xC9, 0x13, 0xF2, 0xC2, 0xB4, 0xF0, 0xA9, 0xF0, 0x1E, 0x1A,
    0xEF, 0xA1, 0xA1, 0x04, 0xE8, 0xD4, 0x95, 0xB4, 0xF8, 0xBF, 0xEA, 0xDD, 0x35, 0x7B, 0xEE, 0x3E,
    0xF7, 0x3E, 0xA2, 0x37, 0x5B, 0xFA, 0x35, 0x33, 0x6A, 0xAD, 0xF5, 0x2F, 0xDB, 0xBD, 0x7B, 0x5C,
    0x5C, 0x9C, 0xCD, 0x1C, 0x36, 0x5D, 0x38, 0x86, 0x07, 0x73, 0x3A, 0x9A, 0xD3, 0x35, 0x07, 0x47,
    0xBB, 0x73, 0x5C, 0x37, 0xD7, 0xAD, 0xAE, 0xCB, 0x4E, 0x2F, 0xBF, 0xB8, 0x31, 0xBB, 0xB8, 0x3A,
    0x13, 0x66, 0xD7, 0x4F, 0xBA, 0x15, 0x67, 0x9F, 0xE3, 0xE4, 0xB3, 0x4D, 0x7D, 0xB2, 0xA1, 0x5F,
    0xCC, 0x85, 0x59, 0xE7, 0xAF, 0x9C, 0x3A, 0x0F, 0x37, 0xFE, 0xC4, 0xE1, 0x9C, 0x44, 0xF7, 0x19,
    0xD1, 0x21, 0x21, 0x3D, 0x2C, 0x48, 0x8F, 0xB3, 0xBB, 0xEE, 0xCE, 0x24, 0x62, 0xD7, 0xFD, 0xAB,
    0xE9, 0xB5, 0x81, 0xB6, 0x76, 0x60, 0xD6, 0x30, 0x69, 0x77, 0xE3, 0xAC, 0x51, 0x1A, 0xDC, 0x6D,
    0x4E, 0x83, 0xC5, 0x44, 0x54, 0x25, 0x6C, 0x64, 0xCC, 0x14, 0xC1, 0x01, 0x30, 0xA8, 0x5A, 0x11,
    0x39, 0xB8, 0x6E, 0xBB, 0x98, 0xD8, 0xE6, 0x07, 0x61, 0x9F, 0xA5, 0x52, 0x9A, 0x75, 0x5F, 0xAF,
    0x6B, 0x16, 0x74, 0x40, 0x7C, 0xA9, 0x4F, 0xA6, 0x47, 0x02, 0xCA, 0xD0, 0x7E, 0xB1, 0xE4, 0xD3,
    0x83, 0x0D, 0xCD, 0xC0, 0x73, 0xE2, 0x3B, 0x41, 0x3D, 0xE9, 0xAD, 0x1D, 0x82, 0xD1, 0x16, 0xC9,
    0x34, 0xF1, 0x68, 0xA4, 0x8E, 0xCF, 0x13, 0x12, 0x66, 0x06, 0x09, 0xA4, 0xFD, 0x01, 0xA2, 0x7E,
    0xD2, 0xBB, 0xB8, 0xB6, 0x36, 0xC0, 0x51, 0x0F, 0xD8, 0xCE, 0x03, 0x12, 0xD3, 0xBF, 0x2C, 0x2E,
    0x14, 0x30, 0xBE, 0x5F, 0x45, 0x2B, 0xEB, 0xE1, 0x93, 0x67, 0x5D, 0x6B, 0x04, 0x00, 0xEE, 0x36,
    0xB5, 0xD2, 0xD7, 0xA7, 0x30, 0xFB, 0x4D, 0x43, 0x66, 0xFD, 0x89, 0xB0, 0x70, 0x42, 0x4F, 0x98,
    0xE2, 0x57, 0x6B, 0x18, 0x5E, 0xD6, 0x30, 0x5D, 0xFF, 0xF0, 0xF4, 0x5B, 0x9F, 0x5C, 0x6F, 0x7B,
    0xF8, 0x4F, 0x11, 0xED, 0x2C, 0xD9, 0x6F, 0x99, 0x22, 0x79, 0x7E, 0xB5, 0x7D, 0xC7, 0x7F, 0x33,
    0xB2, 0x3D, 0xFA, 0x34, 0x4E, 0xD2, 0xBA, 0x85, 0x99, 0x6B, 0xC8, 0xE5, 0x6A, 0xC2, 0x71, 0x70,
    0x52, 0x3A, 0x4E, 0x91, 0x61, 0x6E, 0x9C, 0x8C, 0x61, 0x92, 0x79, 0x30, 0x4C, 0xAE, 0xD9, 0x18,
    0x86, 0x4C, 0xC2, 0x27, 0x99, 0xF8, 0xF0, 0x9D, 0xA0, 0xC3, 0x75, 0x18, 0x96, 0xE5, 0x84, 0xA3,
    0xCF, 0x78, 0x15, 0xBF, 0xFA, 0xEC, 0x33, 0x18, 0x92, 0x50, 0xC9, 0xA1, 0xEF, 0x4F, 0xC3, 0xF1,
    0xB6, 0x63, 0x33, 0x3E, 0xBC, 0xE8, 0xD1, 0xD7, 0xBE, 0x53, 0xF6, 0x26, 0x3D, 0xB2, 0x07, 0x91,
    0xEF, 0x57, 0x7F, 0x86, 0x25, 0x64, 0x7D, 0x27, 0x5B, 0x1F, 0xCC, 0x50, 0x1E, 0x0F, 0x17, 0x8E,
    0x4B, 0x34, 0x3D, 0xA4, 0xD7, 0xDC, 0x81, 0x93, 0x14, 0xAE, 0xBF, 0xEC, 0xDC, 0x8B, 0x73, 0xF8,
    0x64, 0xE5, 0x1E, 0xCA, 0xF4, 0xF4, 0x82, 0x8F, 0x1E, 0x6D, 0x1A, 0xC8, 0x2D, 0xDD, 0x22, 0xE4,
    0x84, 0x83, 0xAF, 0xE0, 0xCE, 0xD7, 0x64, 0x87, 0xFC, 0x0B, 0x31, 0xF2, 0x02, 0x13, 0xCB, 0xB0,
    0x71, 0x79, 0x72, 0xCE, 0xF7, 0x9F, 0xB9, 0xCF, 0x38, 0xCC, 0xE2, 0x59, 0xF2, 0x08, 0x79, 0xE8,
    0x40, 0x28, 0x1F, 0x50, 0x42, 0x7A, 0xA2, 0x90, 0x93, 0x27, 0x9F, 0x9F, 0xF5, 0x9E, 0x71, 0x4E,
    0xEE, 0x02, 0x57, 0x88, 0x9D, 0x95, 0xD8, 0x23, 0xA9, 0x32, 0x94, 0x0C, 0x46, 0x97, 0xF4, 0x96,
    0xD7, 0x7B, 0x3B, 0xF7, 0xB0, 0x87, 0xD9, 0xED, 0xA3, 0x73, 0x3F, 0xB6, 0x43, 0x8A, 0x2A, 0xC8,
    0xB1, 0x9C, 0x89, 0x72, 0x7E, 0xF8, 0xDF, 0xEC, 0xAE, 0xFF, 0xB5, 0x39, 0xFF, 0x2B, 0x2A, 0xDD,
    0x81, 0xCC, 0xE5, 0xF5, 0x39, 0x83, 0xC3, 0x2C, 0x60, 0x12, 0x44, 0x3E, 0xC2, 0xF9, 0x06, 0xE8,
    0x0A, 0x14, 0xDD, 0x08, 0x44, 0xC0, 0x35, 0x52, 0x51, 0xA0, 0xDD, 0x88, 0xDF, 0x5A, 0x4C, 0x16,
    0xE4, 0x0A, 0xDF, 0xD9, 0x1E, 0x9D, 0x79, 0xF3, 0xE7, 0xF5, 0x78, 0xD8, 0x9B, 0xB5, 0xCB, 0x8A,
    0x82, 0xFB, 0x64, 0x84, 0x22, 0x6E, 0x57, 0xF6, 0x8C, 0xB6, 0xB6, 0xC9, 0xAF, 0x61, 0xD3, 0x5F,
    0xEE, 0x66, 0x6E, 0x28, 0x55, 0x2B, 0x1D, 0xBC, 0x56, 0x93, 0x0A, 0x53, 0x51, 0xF0, 0x61, 0x1D,
    0x12, 0x52, 0xF5, 0x0F, 0x4E, 0x88, 0x8B, 0xBE, 0x27, 0x4D, 0xE5, 0x05, 0xB9, 0xE4, 0xB7, 0x6D,
    0x6E, 0x4C, 0x81, 0xBB, 0xEE, 0x1A, 0xA7, 0xF1, 0x21, 0xF7, 0x59, 0x10, 0x92, 0x60, 0x5C, 0x2A,
    0xC4, 0x59, 0x77, 0x6D, 0xD6, 0xB8, 0x0A, 0x71, 0x16, 0x98, 0x6A, 0xF5, 0x62, 0x7A, 0xDF, 0x9C,
    0xFA, 0xB6, 0x93, 0x88, 0x75, 0x5C, 0x25, 0xDD, 0x16, 0xC5, 0x1C, 0x36, 0xE3, 0xDF, 0xA2, 0xB3,
    0x9F, 0xDD, 0x83, 0x46, 0xF7, 0xB4, 0x5F, 0x35, 0x9E, 0x72, 0xBA, 0xE6, 0x77, 0xCD, 0xBD, 0x56,
    0x53, 0xA3, 0x25, 0x6F, 0x6B, 0xEE, 0x72, 0x6E, 0xCF, 0x73, 0x98, 0x73, 0x4C, 0x84, 0x70, 0x1E,
    0xCB, 0x49, 0xAA, 0x6D, 0x54, 0x9D, 0x4D, 0x98, 0x93, 0x1C, 0x31, 0x55, 0x47, 0x13, 0x89, 0x8D,
    0xCE, 0xF3, 0x69, 0x00, 0x02, 0xAA, 0x17, 0x22, 0x7D, 0x4C, 0x83, 0x49, 0x49, 0x14, 0xF1, 0x3D,
    0x23, 0x28, 0xD8, 0x06, 0xC2, 0xFE, 0x60, 0xD4, 0x2A, 0x42, 0x08, 0xEF, 0x19, 0x25, 0x7D, 0x92,
    0x28, 0x18, 0xA2, 0xC0, 0xA9, 0x2C, 0x5F, 0x3E, 0xAA, 0x0C, 0x55, 0xA5, 0x3B, 0x07, 0xA9, 0xFC,
    0xC2, 0x9B, 0x36, 0x78, 0xD2, 0x5A, 0x25, 0xF4, 0x40, 0x32, 0x02, 0xED, 0xA4, 0xAB, 0xA0, 0x84,
    0xDA, 0x80, 0x0B, 0xB0, 0x00, 0xF3, 0x75, 0x50, 0x77, 0xED, 0xFF, 0xF6, 0x6A, 0x03, 0xDA, 0xE8,
    0x05, 0x3B, 0x2A, 0x28, 0x5A, 0x29, 0x83, 0x2A, 0xBC, 0xC2, 0xCE, 0xE0, 0x1D, 0xC9, 0x94, 0x28,
    0xD0, 0x21, 0x3A, 0xD0, 0x9E, 0x6C, 0xD4, 0xE4, 0x73, 0x84, 0xAC, 0x44, 0x96, 0xA9, 0x3E, 0x13,
    0xB7, 0x59, 0x3A, 0x08, 0xCF, 0xC3, 0x21, 0x95, 0xCA, 0x6D, 0x9B, 0xBC, 0x49, 0x74, 0x0F, 0xA0,
    0x68, 0x03, 0xD6, 0xE2, 0x0D, 0xC2, 0x20, 0xA1, 0x00, 0xC1, 0xF0, 0x26, 0xE6, 0x3D, 0x10, 0x20,
    0x03, 0x14, 0xC6, 0x06, 0x94, 0x49, 0xE3, 0xC5, 0x2A, 0x26, 0x44, 0x52, 0xA0, 0x2C, 0xFA, 0x19,
    0x23, 0x8B, 0x62, 0xBA, 0x7C, 0x27, 0xE6, 0x17, 0x8F, 0xF3, 0x0E, 0x2B, 0x5F, 0xE3, 0x41, 0x3F,
    0x28, 0x0D, 0x42, 0xF2, 0xCA, 0xB7, 0x47, 0xE9, 0x2B, 0x56, 0xCE, 0x65, 0x9A, 0xE2, 0x85, 0x73,
    0xFA, 0x05, 0xDB, 0x04, 0xC1, 0xE8, 0x0F, 0xE7, 0xE0, 0xAE, 0x7C, 0xEA, 0x0F, 0x04, 0x65, 0xF4,
    0x96, 0x96, 0xFC, 0x7E, 0x12, 0x6D, 0x83, 0xE8, 0x09, 0x3D, 0x53, 0x1F, 0x65, 0x3A, 0xCA, 0x8A,
    0x6F, 0x4C, 0xA4, 0x66, 0xCD, 0xCF, 0x41, 0x73, 0x96, 0x89, 0x43, 0x2B, 0xBD, 0x6B, 0x8F, 0x41,
    0xE5, 0xB1, 0x24, 0x35, 0x18, 0x32, 0xE2, 0x42, 0x4C, 0xA8, 0x91, 0x06, 0xEC, 0x96, 0x20, 0xB9,
    0xC4, 0x89, 0x56, 0x56, 0x5C, 0x45, 0x96, 0x32, 0x83, 0xD4, 0x9B, 0xE3, 0xF2, 0xD4, 0x2F, 0xD2,
    0xC5, 0xB0, 0x47, 0x3F, 0x32, 0x16, 0x41, 0x00, 0x0F, 0xF8, 0x9A, 0x22, 0x3C, 0xF7, 0xE6, 0xC9,
    0x79, 0xD5, 0x44, 0x1C, 0x36, 0x4D, 0x55, 0x5E, 0xA0, 0xA1, 0x02, 0x0D, 0x55, 0x8D, 0x2E, 0x2E,
    0x9A, 0x0D, 0xB4, 0x1B, 0xE6, 0x15, 0x53, 0x98, 0xE4, 0x05, 0xC9, 0x1B, 0x17, 0xE6, 0xAF, 0x85,
    0x6A, 0x4D, 0x23, 0xCD, 0x51, 0x49, 0x20, 0x3B, 0xB6, 0xB6, 0x18, 0x83, 0x87, 0x0E, 0x7C, 0x95,
    0x98, 0x4C, 0x1C, 0xD5, 0xCF, 0x84, 0x45, 0x4E, 0x22, 0x8F, 0xE0, 0xCD, 0xAD, 0xFD, 0xB8, 0x2D,
    0x4A, 0xAF, 0x31, 0x53, 0xBF, 0xD9, 0xD7, 0x16, 0x00, 0x8C, 0x59, 0x19, 0x6D, 0xC9, 0x6F, 0x17,
    0x0D, 0x39, 0xDF, 0xC9, 0x60, 0x39, 0x07, 0x06, 0xD4, 0x06, 0x02, 0xFD, 0x5E, 0xA2, 0x22, 0x25,
    0x8B, 0x74, 0x18, 0x19, 0xBE, 0xE3, 0xCE, 0x24, 0x60, 0x40, 0x78, 0xBF, 0xE0, 0xA3, 0x75, 0xAA,
    0x9D, 0x53, 0x7A, 0x4D, 0x39, 0x34, 0x90, 0x27, 0xEF, 0x5E, 0x6D, 0xC2, 0xA7, 0x81, 0x03, 0xBF,
    0xD2, 0x48, 0xFD, 0x44, 0x02, 0x59, 0x39, 0xE4, 0xA7, 0xFB, 0x07, 0x68, 0xCE, 0x74, 0xBA, 0xEE,
    0x94, 0x4D, 0xCE, 0x9F, 0x74, 0x90, 0x87, 0xDD, 0x35, 0x6A, 0x41, 0x72, 0x08, 0xC3, 0x6B, 0x9F,
    0xAE, 0xAF, 0xF7, 0xE0, 0x83, 0xA3, 0xF0, 0x16, 0x1B, 0x9A, 0x0B, 0x13, 0xE7, 0xFD, 0x1B, 0x68,
    0x8B, 0x02, 0x8E, 0x1A, 0x08, 0x27, 0xC1, 0xC2, 0x96, 0x92, 0x95, 0xCC, 0xD8, 0x84, 0x8D, 0x0A,
    0x00, 0xE0, 0xA8, 0x51, 0x1A, 0xC9, 0x7B, 0x82, 0xE8, 0x81, 0x5E, 0xC0, 0x83, 0xCF, 0x5E, 0x11,
    0xA7, 0x47, 0xC0, 0x80, 0xD2, 0x94, 0x17, 0x44, 0x1C, 0x40, 0x91, 0x8B, 0xF6, 0xFE, 0x99, 0xF6,
    0xC4, 0xE3, 0x3B, 0xB7, 0x04, 0x37, 0xD2, 0x7C, 0x3F, 0xD2, 0x43, 0x6F, 0x4E, 0x4F, 0xB8, 0xDB,
    0xE1, 0x1F, 0x80, 0xD8, 0x2B, 0x09, 0x16, 0x11, 0xCB, 0xE1, 0x6F, 0xC7, 0xCD, 0xCB, 0xCF, 0x1F,
    0x79, 0xD7, 0x5E, 0xC7, 0x05, 0x63, 0xA8, 0x7E, 0xBE, 0x66, 0x72, 0x2E, 0x73, 0x77, 0x61, 0xA5,
    0xB3, 0xD0, 0xDC, 0x5C, 0x19, 0xC2, 0x49, 0x5F, 0x5B, 0x6F, 0x66, 0x95, 0x4A, 0x85, 0x11, 0x8C,
    0xC9, 0xAC, 0x83, 0x81, 0xC3, 0xD5, 0x0A, 0x1D, 0x3A, 0xD1, 0x57, 0xC5, 0xA9, 0x5F, 0x1E, 0x0E,
    0x6F, 0xB9, 0x4B, 0xCD, 0x1A, 0xBE, 0x7A, 0xBF, 0xE6, 0x6B, 0xFE, 0x2C, 0xB7, 0xB7, 0x99, 0x58,
    0xFF, 0x62, 0x9B, 0xFB, 0xF9, 0x1D, 0xB6, 0xB7, 0x29, 0x0C, 0xC1, 0xB6, 0x6B, 0x0A, 0xEE, 0xFC,
    0xAA, 0xAD, 0x5B, 0xC2, 0xC3, 0x7A, 0x59, 0xBB, 0x79, 0x6C, 0xF2, 0x43, 0x0E, 0x83, 0x2E, 0x4D,
    0x8E, 0x6E, 0x6C, 0x36, 0xFF, 0x86, 0xF2, 0xF5, 0xAB, 0xED, 0x64, 0x11, 0x3D, 0x8F, 0x29, 0x4E,
    0x65, 0x2E, 0x2C, 0x16, 0x0C, 0xB8, 0xE3, 0xFD, 0xDF, 0x3D, 0x17, 0x2A, 0xB8, 0x77, 0x34, 0x23,
    0x50, 0xEF, 0x30, 0xA6, 0xA4, 0x52, 0xAA, 0xDC, 0x04, 0x1B, 0xC2, 0xA0, 0x90, 0x82, 0x1D, 0x58,
    0x56, 0x70, 0x64, 0x31, 0x03, 0x5F, 0x4F, 0x58, 0xE7, 0x49, 0xF2, 0xB3, 0x13, 0xB6, 0x3B, 0xD8,
    0x6D, 0xCC, 0xAE, 0x3E, 0xA3, 0x2D, 0x24, 0xAA, 0x7C, 0x9C, 0x5B, 0x21, 0xBD, 0xB5, 0xD8, 0x2F,
    0xB9, 0xE0, 0x55, 0x78, 0xD2, 0x01, 0x94, 0xF4, 0x3D, 0x1D, 0x53, 0xC9, 0x0D, 0x46, 0xF9, 0x9C,
    0x9A, 0xC6, 0x6F, 0x23, 0xAD, 0x30, 0x96, 0x1E, 0xAB, 0x60, 0xA9, 0xD0, 0x04, 0x53, 0x73, 0x6A,
    0x40, 0x7B, 0x08, 0xBA, 0x9D, 0xC7, 0x56, 0x04, 0xCE, 0x80, 0x03, 0x16, 0x75, 0x81, 0x98, 0x95,
    0xF3, 0x7E, 0x93, 0xFA, 0x6E, 0xEF, 0x2A, 0x6C, 0xE2, 0xE4, 0xD7, 0x52, 0xC9, 0xB4, 0x94, 0xD2,
    0xDC, 0x60, 0x21, 0xC0, 0xA4, 0xCF, 0x95, 0x4A, 0x44, 0xB0, 0x16, 0xE3, 0x6B, 0x54, 0xD3, 0x0E,
    0xD6, 0x07, 0xE9, 0x93, 0x4B, 0xBE, 0x9C, 0x10, 0xD7, 0xEA, 0x86, 0x74, 0xED, 0x74, 0x54, 0x23,
    0xB8, 0x80, 0xB1, 0xE0, 0xFC, 0x04, 0x97, 0xDB, 0x98, 0xB0, 0xBA, 0x76, 0xA2, 0x98, 0xC6, 0x2C,
    0xA7, 0xA2, 0x17, 0xCE, 0x13, 0xBA, 0x4A, 0x01, 0xA9, 0x31, 0x14, 0xE3, 0x8B, 0xF5, 0x70, 0x38,
    0x40, 0x33, 0x9A, 0xA9, 0x68, 0x08, 0x2F, 0x1C, 0xBC, 0xC1, 0x53, 0x91, 0x36, 0x2E, 0x6C, 0xAC,
    0xA2, 0x9C, 0x71, 0x82, 0x34, 0x5A, 0x9B, 0xE4, 0x89, 0x8B, 0x10, 0xEF, 0x0F, 0xC5, 0xDD, 0x38,
    0x43, 0xAE, 0xDF, 0x28, 0x18, 0xBF, 0x52, 0xEF, 0x3D, 0x4C, 0xCA, 0x94, 0x0E, 0xEE, 0x0E, 0x1C,
    0x1C, 0x17, 0xAE, 0xA3, 0xB0, 0x72, 0xA8, 0x4C, 0x6A, 0xB2, 0x48, 0x78, 0x41, 0x86, 0xC3, 0x04,
    0x17, 0x56, 0xBB, 0x16, 0x50, 0x63, 0x5B, 0x90, 0x3E, 0x54, 0x3B, 0x3F, 0x1C, 0x6E, 0xB8, 0x81,
    0x7E, 0x05, 0x7B, 0x46, 0x16, 0x26, 0x4F, 0x70, 0xB8, 0x31, 0x01, 0x9F, 0x33, 0x01, 0x5F, 0xC9,
    0xA4, 0xF2, 0xC9, 0x05, 0x61, 0x22, 0x6E, 0x57, 0xB8, 0x7D, 0x28, 0x26, 0x19, 0x0C, 0x4F, 0x31,
    0x81, 0xBA, 0x73, 0xCB, 0x13, 0x9A, 0xDA, 0x2D, 0x4F, 0xA4, 0xBA, 0x11, 0x87, 0x2F, 0x7E, 0x9B,
    0x3C, 0x51, 0xCC, 0x59, 0x13, 0xDA, 0xA9, 0xAC, 0xF0, 0x56, 0xFE, 0x13, 0x2E, 0xB8, 0x83, 0x9D,
    0x70, 0x01, 0xC7, 0x04, 0x99, 0xB0, 0x42, 0xC6, 0x9F, 0x5F, 0x65, 0x19, 0xCE, 0xC2, 0x8B, 0x81,
    0xFA, 0xEA, 0x3B, 0x12, 0x84, 0x98, 0x4C, 0xC7, 0xA5, 0x3E, 0x5C, 0xD1, 0x84, 0x1B, 0xD1, 0xF1,
    0x50, 0x12, 0x03, 0x30, 0x64, 0xF9, 0x44, 0x88, 0x1F, 0x2C, 0x3D, 0xC1, 0xA5, 0x05, 0x67, 0xA2,
    0x23, 0xDC, 0xC1, 0x0E, 0x9C, 0x24, 0x43, 0x0F, 0x16, 0x14, 0x8D, 0x32, 0xED, 0x36, 0x14, 0x6A,
    0xC5, 0xB3, 0x50, 0x20, 0xF5, 0x51, 0x6D, 0xE5, 0x78, 0xB2, 0x9D, 0xA0, 0xE3, 0xE4, 0xD0, 0x18,
    0x8A, 0xB1, 0x1C, 0x94, 0x21, 0x07, 0xF3, 0xA9, 0x8E, 0xC4, 0x21, 0x01, 0x77, 0x6B, 0x23, 0x3E,
    0xD7, 0x95, 0xD5, 0xFD, 0xF2, 0x8A, 0xF6, 0x5F, 0xC0, 0x3D, 0x5B, 0xA2, 0x3D, 0x5F, 0x5A, 0x7C,
    0x04, 0xFE, 0xF7, 0x43, 0xCC, 0xA4, 0x4E, 0x22, 0x52, 0x33, 0x73, 0x34, 0x8F, 0xA3, 0x06, 0xE5,
    0x1B, 0xCA, 0xB8, 0xB7, 0x10, 0xBC, 0x38, 0x13, 0x3C, 0x56, 0x0B, 0x28, 0x64, 0x90, 0xFD, 0x04,
    0x4D, 0xDF, 0xBE, 0x85, 0x87, 0xAC, 0xDF, 0x50, 0x1A, 0x73, 0x4D, 0x00, 0xE1, 0xEE, 0xC8, 0xAA,
    0x03, 0xFC, 0x07, 0xA3, 0x84, 0x7F, 0xD2, 0xE8, 0xF1, 0x64, 0x63, 0x8D, 0x05, 0x41, 0xF5, 0x2B,
    0xD6, 0x62, 0x33, 0x6F, 0xD4, 0x9D, 0xC0, 0x6E, 0x87, 0xC2, 0x55, 0xA2, 0xC3, 0xCD, 0x6A, 0xC1,
    0xB3, 0x45, 0x25, 0x70, 0x6F, 0x75, 0x81, 0x9B, 0xD5, 0xCF, 0x4C, 0xBF, 0x5B, 0x5A, 0x11, 0xE1,
    0x70, 0x07, 0x13, 0xFA, 0x99, 0xB0, 0x46, 0xF2, 0xE9, 0x70, 0xD8, 0x14, 0x94, 0x41, 0xF4, 0x1C,
    0xD1, 0xC6, 0x7C, 0x2E, 0xAC, 0xAA, 0x79, 0xD7, 0x90, 0xDE, 0x2C, 0xBF, 0x95, 0x46, 0x6C, 0x34,
    0xE4, 0x46, 0x97, 0x9E, 0x8B, 0x92, 0x20, 0xA6, 0xE6, 0x8C, 0xCE, 0xC6, 0xA5, 0x3D, 0xE2, 0xE5,
    0xD0, 0x65, 0x1F, 0x9B, 0x3D, 0x2A, 0x99, 0xC2, 0x37, 0xAC, 0x64, 0x53, 0xF8, 0x8E, 0xAC, 0xCB,
    0x16, 0x5E, 0x5F, 0xC8, 0xAA, 0xDE, 0x7E, 0x9C, 0x84, 0xF2, 0x76, 0x21, 0xA3, 0xFC, 0x49, 0x13,
    0xCF, 0xDD, 0xDE, 0x18, 0x97, 0x8D, 0xA4, 0x4A, 0xD7, 0xAC, 0x4B, 0x49, 0x31, 0xF8, 0xC9, 0xC2,
    0xB8, 0x61, 0x5D, 0xDC, 0x41, 0x26, 0x0E, 0xA1, 0xB1, 0xD7, 0x63, 0x88, 0x12, 0xCE, 0xAC, 0x0B,
    0xE3, 0xD2, 0x8B, 0x50, 0xC8, 0x41, 0xE8, 0xC1, 0x53, 0x4A, 0x53, 0x7B, 0x5C, 0xF7, 0x71, 0xB9,
    0x1E, 0xE2, 0xB8, 0x5C, 0x35, 0x65, 0xC0, 0xC8, 0x81, 0x9B, 0x70, 0x12, 0x8E, 0x36, 0x11, 0x1D,
    0x63, 0xA7, 0xCA, 0xC3, 0x42, 0xF6, 0x81, 0xD7, 0xBA, 0x6B, 0x55, 0x6A, 0x9E, 0x30, 0x67, 0xBD,
    0xBD, 0x75, 0x64, 0xD5, 0x7C, 0x4B, 0x53, 0x1E, 0x9C, 0x2D, 0x1D, 0x5F, 0x26, 0x6A, 0x9E, 0xF9,
    0x05, 0x0C, 0x19, 0x54, 0x3A, 0x83, 0x8B, 0x30, 0x45, 0xE1, 0xB8, 0x94, 0xBD, 0x00, 0xDE, 0x9B,
    0x90, 0xD9, 0x16, 0x13, 0x99, 0xC9, 0x88, 0x43, 0xAF, 0xE9, 0x4B, 0x45, 0x52, 0x7B, 0x16, 0x91,
    0x47, 0xA1, 0x96, 0x90, 0xB7, 0xB9, 0x61, 0xE4, 0x66, 0x99, 0x18, 0xB9, 0x27, 0xE3, 0x8D, 0x89,
    0x51, 0x0E, 0x05, 0xE8, 0x42, 0x14, 0xDF, 0x49, 0xAF, 0x3F, 0x04, 0xE3, 0x8E, 0xA0, 0xDC, 0x0A,
    0x96, 0x2B, 0xBC, 0x05, 0x7F, 0xFB, 0xEA, 0x3C, 0xC9, 0xA8, 0xB8, 0x41, 0xBA, 0x6B, 0x78, 0x24,
    0xCA, 0xCD, 0x78, 0x4D, 0x1C, 0x57, 0xF4, 0xA9, 0xDC, 0x67, 0x32, 0x38, 0x26, 0x24, 0x8E, 0xA9,
    0x1A, 0x7F, 0xE7, 0x02, 0x8C, 0x7F, 0x3B, 0x17, 0x0C, 0x1A, 0xD3, 0xE0, 0x02, 0x32, 0xB2, 0x57,
    0x52, 0x6E, 0x72, 0xC1, 0xBF, 0xD0, 0xB0, 0x6F, 0x2E, 0x40, 0xFB, 0xE2, 0x60, 0xF2, 0x72, 0xA0,
    0x58, 0xC8, 0x51, 0xDD, 0x5F, 0x1D, 0xCE, 0xC9, 0x6F, 0x31, 0x6D, 0x9E, 0xA8, 0x50, 0x20, 0xF1,
    0x0F, 0x9C, 0x41, 0x3C, 0x44, 0xF0, 0x54, 0x34, 0x28, 0x7D, 0xB1, 0x0B, 0x6F, 0xEE, 0x2E, 0xC5,
    0x8C, 0x9F, 0x84, 0xF2, 0xDC, 0x20, 0x4F, 0xE9, 0x39, 0xBC, 0xF4, 0x88, 0xB3, 0x9C, 0x25, 0xC4,
    0x5B, 0x71, 0xC1, 0x53, 0x63, 0x02, 0x39, 0x78, 0x03, 0xB7, 0xB7, 0xDC, 0x60, 0x7C, 0x78, 0xB6,
    0xC1, 0x18, 0xCF, 0xBA, 0xA8, 0x62, 0x9F, 0x0C, 0xD2, 0x58, 0x6A, 0x13, 0x83, 0x4A, 0x17, 0xB8,
    0xDC, 0xED, 0x2D, 0x96, 0x7F, 0xC3, 0xC8, 0xC2, 0x92, 0x90, 0xAC, 0x63, 0xD1, 0x63, 0x67, 0x00,
    0xB8, 0x7B, 0x94, 0x16, 0xD9, 0x7C, 0xA8, 0x16, 0x09, 0xDC, 0xC7, 0xFF, 0x4D, 0x49, 0x90, 0x80,
    0x57, 0xF7, 0xE3, 0xB2, 0x4C, 0x93, 0x49, 0xDC, 0x44, 0x49, 0x2C, 0x78, 0xBF, 0xF8, 0xD8, 0x71,
    0x39, 0xC8, 0xE2, 0x43, 0xAC, 0xD0, 0xA5, 0x61, 0xBE, 0xE0, 0x0A, 0xB1, 0x3E, 0x43, 0x8A, 0x72,
    0x03, 0x61, 0x54, 0x11, 0x3A, 0xC2, 0x51, 0x7E, 0x3D, 0xE8, 0xD7, 0xBE, 0x2C, 0x23, 0x84, 0xF8,
    0xC6, 0xB6, 0x9A, 0x9A, 0x36, 0x63, 0xAF, 0xD8, 0x91, 0xEB, 0x8B, 0xE4, 0x80, 0x48, 0x48, 0x45,
    0x02, 0x07, 0xB1, 0x9A, 0x41, 0xA6, 0xC5, 0x0C, 0xEB, 0x6E, 0x6D, 0x4E, 0xB0, 0xEC, 0xBF, 0xE1,
    0x83, 0xEB, 0xD6, 0x67, 0x9C, 0x83, 0xC5, 0xED, 0x8E, 0xB5, 0xCD, 0x6E, 0x03, 0xDE, 0x2B, 0x8E,
    0x3C, 0x08, 0x1C, 0x31, 0x22, 0xF7, 0x41, 0xBC, 0x2F, 0xF5, 0x8B, 0x00, 0xB9, 0xF8, 0x80, 0xB5,
    0xE9, 0x89, 0x43, 0xA6, 0xEE, 0x28, 0x17, 0x7A, 0x8F, 0x4D, 0x7E, 0x63, 0xDA, 0x9F, 0xE8, 0x04,
    0xBD, 0xCD, 0x5C, 0x82, 0xCD, 0xE3, 0xA2, 0xBF, 0x9F, 0x9F, 0xF5, 0x79, 0xB1, 0x7E, 0xD6, 0xDD,
    0xE5, 0xEC, 0x7F, 0xD5, 0x5C, 0xF8, 0x9D, 0xC3, 0xFF, 0x9A, 0x2E, 0xBF, 0xBB, 0xFB, 0xDF, 0x95,
    0x4F, 0xFE, 0x74, 0xF5, 0x7F, 0x2A, 0x63, 0xFE, 0x32, 0x77, 0x7F, 0xB9, 0xB9, 0xF0, 0x1F, 0xA9,
    0xFB, 0x0F, 0x59, 0xC4, 0xA6, 0x28, 0x97, 0xA9, 0x93, 0xFA, 0x20, 0xEF, 0x92, 0x6C, 0x72, 0x2F,
    0x7D, 0x9D, 0xFE, 0x3C, 0xD0, 0xCC, 0xC9, 0xFB, 0xB0, 0xE1, 0x10, 0x5C, 0x80, 0xA1, 0x5C, 0xF9,
    0xB6, 0x67, 0xF5, 0x47, 0xF8, 0xF9, 0x3F, 0x9F, 0x01, 0x96, 0xB0, 0xB0, 0x29, 0x69, 0xA7, 0x11,
    0x58, 0xF7, 0x3A, 0x0F, 0x38, 0xC3, 0x56, 0xEA, 0x2A, 0x09, 0xD1, 0xC8, 0xA5, 0x37, 0x50, 0xFD,
    0x0A, 0x44, 0x71, 0x19, 0x39, 0xE0, 0x27, 0x82, 0x44, 0x32, 0x47, 0x2E, 0x7E, 0x2F, 0xBB, 0x1E,
    0x2B, 0x09, 0x25, 0x2D, 0x7E, 0x63, 0x04, 0x1D, 0x18, 0x1E, 0x30, 0xF3, 0x14, 0x21, 0x23, 0x08,
    0x22, 0x05, 0x75, 0x3D, 0x29, 0x28, 0x4F, 0x06, 0xF0, 0xAD, 0x42, 0x18, 0x13, 0x35, 0x68, 0xB3,
    0x90, 0xA1, 0xED, 0xD1, 0x1D, 0x48, 0xE9, 0x37, 0xC8, 0x8E, 0x19, 0xAE, 0xE8, 0x84, 0x40, 0x2D,
    0x28, 0xCC, 0x07, 0xD7, 0xA7, 0xEB, 0xB7, 0x67, 0x6B, 0xF5, 0x19, 0xB4, 0xA7, 0x78, 0x5B, 0x42,
    0x52, 0x62, 0xB8, 0xB8, 0x22, 0x7E, 0x16, 0x4E, 0xB5, 0x9C, 0x44, 0xE6, 0x26, 0x1B, 0x49, 0xF0,
    0xAF, 0x15, 0x46, 0x86, 0x57, 0x95, 0x88, 0x86, 0xEE, 0xED, 0x99, 0x1E, 0x56, 0x98, 0x5A, 0x17,
    0xAD, 0x6D, 0x11, 0x68, 0x65, 0x53, 0x09, 0x1C, 0x85, 0x9B, 0x8B, 0x42, 0xDA, 0x29, 0xBA, 0x25,
    0x65, 0xE4, 0x5C, 0xEE, 0x76, 0x92, 0x39, 0xE1, 0x4B, 0x46, 0x73, 0xD6, 0xAD, 0xC3, 0xE6, 0x80,
    0x09, 0xD9, 0x7C, 0xBF, 0x7D, 0xE8, 0xD7, 0xE7, 0xDB, 0x87, 0x55, 0x74, 0xE4, 0x9C, 0xCA, 0xBE,
    0x69, 0xE0, 0x4C, 0x8F, 0x5B, 0xDF, 0x9C, 0x1B, 0x72, 0xA8, 0x88, 0xA7, 0x3B, 0xDF, 0x9C, 0x03,
    0x7C, 0x1E, 0x1F, 0x5A, 0x24, 0xB8, 0x3E, 0x44, 0x5E, 0x6D, 0x22, 0x51, 0x1F, 0x38, 0x65, 0x6C,
    0x7D, 0xE0, 0x07, 0x87, 0x3B, 0xA5, 0x97, 0x62, 0x04, 0xE7, 0xBD, 0x11, 0x27, 0x46, 0x20, 0xE3,
    0xAD, 0xF6, 0x40, 0xEF, 0xF6, 0xF2, 0xD1, 0x5F, 0xFD, 0x53, 0x45, 0x5B, 0xF1, 0xEF, 0x56, 0x7D,
    0xDF, 0x03, 0xE3, 0x21, 0x30, 0x16, 0x74, 0x87, 0x61, 0x92, 0x61, 0x63, 0x1C, 0x9C, 0x4F, 0xE3,
    0x24, 0xCB, 0x83, 0x1E, 0x1D, 0x04, 0xE6, 0xFA, 0x45, 0xD4, 0x7D, 0xD6, 0xE3, 0xFC, 0xC2, 0x21,
    0x9B, 0x64, 0x1D, 0x46, 0xE1, 0x33, 0x9B, 0x1F, 0xCF, 0x89, 0xC1, 0xFD, 0xDC, 0x2D, 0xD7, 0xDC,
    0x66, 0x65, 0x6F, 0xBB, 0x4A, 0xFB, 0x9F, 0xE6, 0x4B, 0x99, 0x73, 0xBF, 0xDE, 0x32, 0x0B, 0xF3,
    0xE4, 0xB3, 0xE8, 0xF5, 0x09, 0xF1, 0x0B, 0x20, 0x8A, 0x40, 0x9C, 0x46, 0x96, 0xCC, 0x68, 0x1B,
    0x42, 0x6A, 0xA4, 0x72, 0xFB, 0x7E, 0xCA, 0x98, 0xED, 0x2C, 0x7B, 0xC9, 0xB4, 0xFA, 0x01, 0x01,
    0xCE, 0xD5, 0xD0, 0xE2, 0xBD, 0x0A, 0x64, 0x0F, 0x80, 0x67, 0x01, 0xFC, 0xEC, 0x37, 0x41, 0xD9,
    0x4A, 0x66, 0x61, 0xF2, 0xDB, 0x31, 0xA9, 0x9A, 0x42, 0x96, 0xF3, 0x7C, 0xEE, 0x56, 0x20, 0x0B,
    0xC4, 0xA5, 0x87, 0x50, 0x48, 0x10, 0x62, 0xA3, 0x2C, 0xAA, 0x25, 0xC9, 0xFB, 0xE1, 0x78, 0xE7,
    0x49, 0xEA, 0x89, 0xF0, 0x0B, 0xD3, 0xB7, 0x5F, 0x4F, 0x7B, 0xA5, 0xF5, 0x96, 0x45, 0xB3, 0x19,
    0x92, 0x3F, 0x60, 0xF4, 0xF2, 0xCF, 0x7F, 0xBA, 0x62, 0x58, 0x00, 0x38, 0x8E, 0x15, 0xCA, 0x47,
    0x49, 0x56, 0x0F, 0x7E, 0xF9, 0xCE, 0x0D, 0x8B, 0xD6, 0xC7, 0xD6, 0xC0, 0x4E, 0xF1, 0x9B, 0x68,
    0x03, 0xBB, 0xA0, 0xAD, 0x50, 0xBC, 0x2C, 0xC6, 0xED, 0x29, 0x18, 0xED, 0x2F, 0x8B, 0x3B, 0x9B,
    0xE7, 0xEE, 0x5C, 0xEE, 0xDD, 0x39, 0xBF, 0x9D, 0x3B, 0xAD, 0xB8, 0x53, 0x16, 0x91, 0xA8, 0x74,
    0x72, 0x6E, 0x60, 0x11, 0x73, 0x54, 0x98, 0xBB, 0x2C, 0xE8, 0x81, 0xFB, 0xB5, 0x32, 0x92, 0xAB,
    0x95, 0xD9, 0xBD, 0x57, 0x2D, 0xEB, 0x93, 0xE8, 0xB1, 0xF5, 0xD7, 0xBD, 0x62, 0x11, 0x53, 0xBA,
    0xB7, 0x2C, 0xB2, 0x8B, 0x36, 0x27, 0x07, 0x11, 0x20, 0x3C, 0x78, 0x73, 0xE0, 0x8C, 0x68, 0x3A,
    0xB0, 0x13, 0x0B, 0x31, 0x90, 0x13, 0x1B, 0x49, 0xBE, 0x72, 0x7A, 0xF2, 0xB9, 0xE4, 0x71, 0x39,
    0x4B, 0x5D, 0x21, 0xFB, 0xC7, 0x77, 0x09, 0xFF, 0x9F, 0x1D, 0x71, 0xFB, 0x45, 0x71, 0xDD, 0xB0,
    0x6D, 0x6B, 0x77, 0x26, 0xB0, 0x8D, 0xEC, 0x5C, 0x81, 0x4C, 0x84, 0x6B, 0x70, 0x97, 0x2E, 0x03,
    0x2C, 0x58, 0xBA, 0xF3, 0x1B, 0xEA, 0x36, 0x25, 0xA0, 0x27, 0x63, 0x4D, 0x21, 0x22, 0x00, 0x21,
    0xFF, 0xFE, 0x17, 0x5B, 0xD9, 0x09, 0x19, 0x19, 0xC1, 0x8E, 0x10, 0x75, 0x7A, 0x9F, 0x77, 0xEE,
    0xAD, 0xF2, 0xEE, 0x9D, 0x8F, 0x79, 0x87, 0x0E, 0xF2, 0xCE, 0x16, 0xF2, 0x8E, 0x15, 0x61, 0x9F,
    0xBA, 0x15, 0x20, 0xDB, 0x6E, 0x35, 0x20, 0x50, 0xBC, 0x96, 0x5A, 0x03, 0x02, 0x79, 0x09, 0x90,
    0x32, 0xD3, 0x05, 0x05, 0xFD, 0x44, 0x8B, 0xC4, 0x9B, 0x0A, 0xEE, 0x50, 0x54, 0x5F, 0x0C, 0x8D,
    0x3A, 0x9A, 0x03, 0x4F, 0x36, 0xF5, 0x67, 0xEA, 0xAB, 0xCC, 0xD7, 0x81, 0xFD, 0x1C, 0xE8, 0x58,
    0x38, 0xCA, 0x76, 0x1C, 0x95, 0xEF, 0x39, 0xF1, 0x79, 0x42, 0xD2, 0xAB, 0xFD, 0x8C, 0xA5, 0x9C,
    0x36, 0xA0, 0x8B, 0x13, 0x85, 0xA8, 0x43, 0xDF, 0x5D, 0xF8, 0x38, 0x6B, 0xF8, 0x98, 0xA7, 0x4C,
    0xB6, 0x98, 0x08, 0xBF, 0xBC, 0xFD, 0xF0, 0xF6, 0xFF, 0xAB, 0x58, 0x37, 0xE6, 0x66, 0x57, 0xEE,
    0x34, 0xFB, 0xF5, 0x94, 0xD4, 0xB0, 0x4A, 0xAC, 0x84, 0x75, 0x6F, 0xD0, 0x94, 0xEC, 0x00, 0x4C,
    0xCC, 0x99, 0xDA, 0xFC, 0x61, 0x2C, 0x61, 0x46, 0x2C, 0x0B, 0x58, 0x88, 0x3F, 0xF9, 0x37, 0x86,
    0x1F, 0xCA, 0xA5, 0xAC, 0x39, 0x05, 0x0F, 0x38, 0x89, 0xE3, 0x99, 0x93, 0x38, 0x8A, 0x93, 0xBA,
    0x7B, 0x27, 0x51, 0x3C, 0x3A, 0x26, 0xF8, 0x4A, 0x8D, 0x09, 0xE9, 0x02, 0xB8, 0xAB, 0xD9, 0x7A,
    0xB6, 0xBF, 0x9A, 0x97, 0x76, 0xF6, 0x96, 0xDA, 0x37, 0xCC, 0x22, 0xCB, 0xFE, 0x9F, 0xB5, 0xAD,
    0xDF, 0x58, 0x35, 0x2C, 0xDD, 0x4E, 0x82, 0x49, 0xBF, 0x24, 0x53, 0x45, 0x12, 0x6D, 0xC3, 0x75,
    0xF3, 0xBA, 0x94, 0x76, 0x69, 0x5C, 0x96, 0x8B, 0x2E, 0x39, 0x2C, 0xE2, 0xE4, 0x73, 0x98, 0x9B,
    0x03, 0x33, 0xE6, 0x86, 0xEC, 0xE0, 0x22, 0x12, 0x71, 0x6A, 0xA9, 0x40, 0x65, 0x90, 0xB2, 0x50,
    0x5F, 0x29, 0xA1, 0xDA, 0x4D, 0x46, 0xA3, 0x72, 0xBE, 0xAA, 0x42, 0x67, 0x12, 0x4A, 0xEA, 0x80,
    0x15, 0xC0, 0x76, 0x0F, 0xD4, 0x5C, 0x8A, 0x13, 0x70, 0xCB, 0x25, 0x7D, 0x2B, 0xB5, 0x71, 0x12,
    0xD8, 0x80, 0xB7, 0x2F, 0x51, 0x39, 0xDD, 0xE3, 0x4E, 0xB2, 0x54, 0x65, 0xAF, 0xEE, 0x08, 0x93,
    0x6E, 0x85, 0x63, 0x16, 0x48, 0x40, 0x85, 0x19, 0xC2, 0xB8, 0x3B, 0xE0, 0xA3, 0x90, 0x65, 0xA4,
    0x3F, 0xDE, 0x69, 0xEE, 0x5A, 0x96, 0xD7, 0x96, 0xEA, 0x9E, 0xF8, 0xAF, 0xB2, 0xE4, 0xFA, 0x4B,
    0xCB, 0xA5, 0x6F, 0x8E, 0xC7, 0x3B, 0x0F, 0x17, 0xE9, 0x3C, 0x11, 0xED, 0x36, 0x08, 0x08, 0x87,
    0x2E, 0x02, 0xA2, 0x42, 0x5C, 0x0E, 0xDD, 0x6F, 0xF9, 0xDF, 0xC2, 0xAB, 0x8E, 0xFF, 0x2E, 0xF2,
    0xAF, 0x19, 0x06, 0x9A, 0xC4, 0x6F, 0x2F, 0xD6, 0x37, 0xFF, 0xD6, 0xEA, 0x81, 0xBE, 0xAC, 0xC5,
    0x81, 0x85, 0xFC, 0x9A, 0x04, 0xEA, 0x8E, 0xDF, 0xB0, 0x49, 0xEF, 0xBF, 0xAC, 0x77, 0x93, 0xCD,
    0x98, 0xFC, 0x4A, 0x6F, 0xCF, 0x10, 0x7F, 0x3E, 0xE3, 0xE0, 0xA6, 0xD2, 0x1D, 0x87, 0xFE, 0xA5,
    0xB7, 0xDA, 0x1D, 0x4F, 0xBA, 0xE3, 0x07, 0xEF, 0xFA, 0x31, 0x70, 0xD7, 0x8F, 0x05, 0x85, 0xDC,
    0x47, 0xFD, 0x9C, 0xEE, 0xB5, 0x6B, 0xB3, 0x2B, 0x7B, 0x0F, 0x34, 0x1F, 0xC3, 0x95, 0x2D, 0x35,
    0x92, 0xF6, 0x60, 0xE0, 0x7D, 0x43, 0xE3, 0x2C, 0x85, 0x76, 0x5F, 0x6C, 0x7A, 0x60, 0x10, 0x7F,
    0xE8, 0xEF, 0xEA, 0xED, 0xAB, 0x34, 0x0F, 0x4D, 0x6D, 0xD0, 0x76, 0x12, 0x2D, 0xD6, 0xF6, 0x99,
    0x1A, 0x43, 0xF3, 0xC3, 0xD0, 0x65, 0xA5, 0x4C, 0xEA, 0x8D, 0xF5, 0xAF, 0x95, 0x88, 0xBA, 0x41,
    0xE3, 0x6E, 0x42, 0x49, 0x61, 0xCE, 0xFA, 0x8B, 0x68, 0x34, 0xA3, 0x32, 0x6A, 0xF5, 0x72, 0xDE,
    0xAA, 0xF7, 0x69, 0x03, 0xE6, 0x7A, 0x7C, 0xBC, 0xDC, 0xB1, 0xCB, 0x1B, 0x1B, 0xB2, 0xF5, 0xFD,
    0xB3, 0x4C, 0x13, 0xDC, 0x65, 0x1A, 0x80, 0xEA, 0x92, 0x69, 0x02, 0xC5, 0xD7, 0xA6, 0x56, 0x30,
    0x77, 0x64, 0x42, 0xA4, 0x67, 0xBF, 0xA1, 0x4C, 0xB7, 0xBF, 0x91, 0xDC, 0x93, 0x64, 0x27, 0xA1,
    0x10, 0x80, 0x28, 0x73, 0x3E, 0xE9, 0x89, 0x4E, 0x4D, 0x40, 0x40, 0x91, 0xD2, 0xC0, 0xAF, 0x24,
    0x61, 0xBB, 0x49, 0x6C, 0xB3, 0xD9, 0x40, 0x6B, 0xC5, 0x27, 0x7B, 0xFD, 0x11, 0xC4, 0x32, 0x90,
    0x80, 0x59, 0x40, 0x2F, 0x87, 0x66, 0x73, 0xD0, 0x12, 0xDA, 0x5D, 0xD2, 0xD7, 0x6E, 0x0B, 0xCB,
    0xB8, 0xCA, 0x5B, 0x4B, 0xDC, 0xFA, 0xD4, 0x2F, 0xA7, 0x3E, 0xF7, 0xBF, 0xF3, 0x72, 0x17, 0xFF,
    0xDF, 0xCD, 0x7B, 0x1C, 0xFC, 0x9F, 0xE6, 0x5D, 0xBA, 0xFF, 0x63, 0x39, 0x54, 0x92, 0x36, 0x9B,
    0xB4, 0xDB, 0x60, 0x9B, 0xD0, 0xD9, 0xCA, 0x06, 0x66, 0xCC, 0x75, 0x37, 0x92, 0xFE, 0x82, 0x27,
    0xC6, 0x09, 0x1F, 0xB7, 0x07, 0x7D, 0x7D, 0xA3, 0x8E, 0xA9, 0x98, 0x38, 0xBB, 0x16, 0x76, 0x8D,
    0x1D, 0xF5, 0xDF, 0x22, 0xBB, 0xFD, 0xA6, 0xAC, 0x77, 0x2D, 0x64, 0x3D, 0xB4, 0xC3, 0xEF, 0x32,
    0xE1, 0xFE, 0xA4, 0xD2, 0x9F, 0x42, 0x60, 0x1F, 0x67, 0xEA, 0x57, 0x64, 0x93, 0x8F, 0x93, 0xA4,
    0x5E, 0x8C, 0x4C, 0x21, 0x56, 0x58, 0x41, 0x54, 0x4A, 0x6C, 0xE4, 0xFB, 0xE2, 0x91, 0xE2, 0x12,
    0x87, 0x4F, 0x84, 0x62, 0x2E, 0x14, 0x73, 0x7C, 0xB3, 0x3D, 0xF9, 0x7F, 0xEC, 0xB6, 0xE8, 0x26,
    0x0F, 0x40, 0x40, 0xF1, 0xAF, 0x29, 0xFC, 0xD1, 0x23, 0x03, 0x59, 0x81, 0x82, 0x02, 0x7E, 0x92,
    0x47, 0x00, 0x65, 0xF8, 0x00, 0x3C, 0xEE, 0xBC, 0xC0, 0xA5, 0x3C, 0xD2, 0xE7, 0x62, 0x94, 0x54,
    0x91, 0xB6, 0x7B, 0xFD, 0x6A, 0xAC, 0x3F, 0x81, 0xCA, 0x2F, 0xF5, 0xD7, 0xCF, 0xB2, 0x31, 0x53,
    0x81, 0xDB, 0xB8, 0x15, 0x4D, 0xF8, 0x13, 0x5B, 0xCB, 0xE2, 0x80, 0xF3, 0x7E, 0xD5, 0x8E, 0xDC,
    0x71, 0x65, 0x98, 0x4E, 0xFC, 0xB6, 0xDE, 0x72, 0x14, 0x2F, 0xF4, 0x9C, 0xB7, 0xC5, 0x6E, 0xB9,
    0xE2, 0x35, 0xC3, 0xD1, 0xAE, 0xBC, 0xFC, 0xAB, 0xBA, 0x7B, 0xAC, 0xDD, 0x5D, 0xA3, 0x6E, 0xD3,
    0x03, 0x07, 0xD3, 0x03, 0xC7, 0xF3, 0xE9, 0x81, 0xA3, 0x08, 0xA0, 0xDB, 0xC0, 0x85, 0x8E, 0x17,
    0xE0, 0x8C, 0xC5, 0x95, 0x7F, 0xB5, 0xE1, 0xE9, 0x2C, 0xC9, 0x7B, 0xC3, 0xCE, 0x99, 0x2B, 0x99,
    0xC4, 0xF3, 0xF7, 0xFC, 0x8B, 0x0D, 0x90, 0x63, 0x58, 0x4F, 0xC9, 0x22, 0x7E, 0x75, 0xBC, 0xC8,
    0xEA, 0x76, 0x55, 0xF2, 0x28, 0xFC, 0x76, 0xBE, 0xC8, 0xE1, 0x0F, 0x28, 0xE7, 0x69, 0xB4, 0x61,
    0x64, 0x35, 0xFF, 0x7F, 0x6C, 0x94, 0x31, 0x88, 0xE5, 0xC8, 0x11, 0x86, 0x3F, 0x49, 0x66, 0x1E,
    0x58, 0xB0, 0x9D, 0x1A, 0x0F, 0xB7, 0x4A, 0x1C, 0x1D, 0xB7, 0x56, 0xE2, 0x60, 0x82, 0x99, 0x6B,
    0xED, 0x0D, 0xF8, 0x02, 0xE7, 0xB1, 0xF3, 0xE8, 0x12, 0x07, 0x17, 0xAC, 0xAF, 0xB5, 0xBB, 0x39,
    0x38, 0x70, 0x8E, 0x43, 0x67, 0x4E, 0xEC, 0xCC, 0x8C, 0x9A, 0x73, 0x0E, 0xB2, 0x73, 0x38, 0x19,
    0x0C, 0x4E, 0xFB, 0x40, 0x81, 0x86, 0x93, 0xF4, 0x5B, 0xD5, 0xF2, 0x63, 0x17, 0xEC, 0x52, 0xF5,
    0x57, 0xF0, 0x54, 0xD5, 0xAF, 0xAB, 0x54, 0xD5, 0xF8, 0x0E, 0xC5, 0x52, 0x63, 0xA5, 0xB1, 0x54,
    0xE4, 0x89, 0x53, 0xCA, 0x8D, 0xEA, 0xD0, 0x95, 0xCB, 0x4A, 0x7D, 0xE8, 0x82, 0x3B, 0x74, 0xA6,
    0x99, 0x69, 0x13, 0xFE, 0xD4, 0x89, 0x30, 0x31, 0x8C, 0x28, 0x02, 0x9F, 0x73, 0xC5, 0x6F, 0x81,
    0x5A, 0x23, 0x0C, 0x5A, 0x29, 0x25, 0x51, 0xEF, 0xC5, 0x6E, 0xA1, 0xBF, 0xB0, 0x18, 0x08, 0xE6,
    0x3F, 0x18, 0xD4, 0x1B, 0x3A, 0xAE, 0xE8, 0xF3, 0x8B, 0x32, 0x12, 0x52, 0x93, 0x68, 0xA5, 0x44,
    0x2D, 0xF5, 0x14, 0x5A, 0x80, 0x06, 0xA0, 0x35, 0x78, 0x03, 0x37, 0xE6, 0xEF, 0xB5, 0x50, 0xE8,
    0x40, 0xA5, 0x5F, 0x26, 0x3B, 0x2B, 0xB8, 0xC5, 0x30, 0x5F, 0xD1, 0x64, 0x24, 0xA8, 0xA4, 0xED,
    0xC4, 0x45, 0x5A, 0xA1, 0xBD, 0xBE, 0xA0, 0x35, 0xE4, 0xB3, 0x29, 0x42, 0xA9, 0x0E, 0xDC, 0x0E,
    0x04, 0x69, 0x67, 0xB0, 0x08, 0x19, 0x4C, 0x0A, 0x78, 0xD3, 0x6E, 0xAE, 0xB3, 0xC4, 0x14, 0x4F,
    0xA2, 0xB9, 0x11, 0x85, 0xBA, 0x4A, 0x56, 0xB6, 0x42, 0x56, 0x36, 0x94, 0xFF, 0x5E, 0x9D, 0x4B,
    0x20, 0x9A, 0x2B, 0x0B, 0xA3, 0xB9, 0xB9, 0xD9, 0xDC, 0xDC, 0x4A, 0xB3, 0x50, 0xEB, 0xB5, 0x72,
    0xC2, 0x5A, 0x08, 0x07, 0x57, 0x9A, 0x5A, 0xEF, 0x27, 0x7E, 0x04, 0x74, 0x5C, 0x76, 0x08, 0xA9,
    0x12, 0xF9, 0x5B, 0x75, 0x95, 0xBA, 0x42, 0x7D, 0xBD, 0x83, 0x62, 0xB3, 0xC2, 0x30, 0xFA, 0x04,
    0x3E, 0x0D, 0xE3, 0xC1, 0xEF, 0xD5, 0x43, 0xF3, 0x83, 0x38, 0xA8, 0x0D, 0x5C, 0xDE, 0xD3, 0x38,
    0x67, 0xA6, 0x33, 0x3F, 0x23, 0xE0, 0x25, 0x4D, 0x1F, 0x71, 0x84, 0x7A, 0x03, 0xCE, 0x42, 0xE2,
    0x3E, 0xE6, 0x62, 0x6C, 0x92, 0x69, 0x3B, 0xE1, 0xC7, 0xAC, 0x91, 0x70, 0x68, 0xCF, 0xD0, 0xA3,
    0x0E, 0x81, 0x28, 0x04, 0x57, 0xA9, 0xD6, 0x6B, 0x13, 0x2D, 0xA6, 0x6E, 0xC6, 0xA5, 0xFF, 0xB3,
    0x07, 0xB4, 0x7B, 0x47, 0x29, 0x25, 0x9C, 0x25, 0xEF, 0x9F, 0x6F, 0x17, 0xC2, 0x48, 0x7F, 0xB6,
    0xC9, 0x90, 0xBB, 0x66, 0x01, 0xBC, 0x7A, 0x08, 0x9A, 0x29, 0x24, 0x51, 0x6E, 0x8D, 0x62, 0xB5,
    0x15, 0x9A, 0x2A, 0x75, 0x3E, 0x95, 0x9A, 0x5D, 0x42, 0xFA, 0xF5, 0x44, 0x2B, 0x45, 0xDB, 0xAF,
    0x83, 0xD6, 0x70, 0xB1, 0xB8, 0x42, 0xB1, 0x00, 0xF5, 0x17, 0x2B, 0x62, 0xFB, 0x7C, 0x2B, 0x73,
    0x5B, 0xA9, 0x2D, 0x79, 0xBE, 0x7A, 0x86, 0x96, 0xBF, 0x0E, 0xEF, 0x76, 0x3D, 0x6E, 0xDF, 0x14,
    0x0B, 0x57, 0xB9, 0xD1, 0xB3, 0x99, 0x21, 0x17, 0xE7, 0x92, 0xAB, 0x49, 0xBB, 0xD1, 0xEC, 0x56,
    0x78, 0x0A, 0x51, 0xEC, 0x85, 0xA2, 0xEF, 0xAB, 0xA5, 0x56, 0x6A, 0x62, 0x9D, 0xBC, 0x16, 0x37,
    0xBA, 0x38, 0xBC, 0x9D, 0xDD, 0xD8, 0xF4, 0x1B, 0xD4, 0xA3, 0x7F, 0xBD, 0x66, 0x53, 0xCE, 0xD9,
    0x54, 0x33, 0xB8, 0xF8, 0x5F, 0x13, 0xAA, 0xA5, 0xA0, 0xED, 0x7D, 0xB9, 0xD5, 0xD1, 0xE3, 0x5F,
    0x4B, 0xF1, 0x09, 0x1F, 0x07, 0x95, 0x2B, 0xCD, 0xD4, 0x2E, 0xF5, 0x9C, 0x4B, 0x1F, 0x26, 0x2E,
    0xFA, 0xFD, 0x6D, 0x1E, 0x86, 0xB3, 0x17, 0xDB, 0x7C, 0x6E, 0xCA, 0x7C, 0xBE, 0x62, 0xF8, 0x9D,
    0xD3, 0xEC, 0x1E, 0x57, 0xCA, 0xF5, 0x46, 0x8B, 0xD7, 0x1C, 0x1E, 0xE7, 0xA7, 0x4B, 0x7A, 0x72,
    0x29, 0x28, 0x35, 0xFF, 0x9E, 0x70, 0x73, 0x93, 0xF0, 0x63, 0x18, 0xD1, 0x5B, 0x75, 0xD5, 0x7E,
    0xD9, 0x70, 0x8B, 0x9B, 0xF1, 0x93, 0x9F, 0x18, 0xA2, 0x22, 0x61, 0x1C, 0x22, 0x6D, 0xF2, 0x13,
    0x6E, 0x69, 0x66, 0xEA, 0xB5, 0x5E, 0xA9, 0xF6, 0xDC, 0xD0, 0x5F, 0x88, 0x2C, 0xAD, 0xA4, 0xD5,
    0x5F, 0xB1, 0x00, 0xF5, 0x39, 0x67, 0x86, 0x74, 0xC5, 0x39, 0x53, 0x13, 0xF0, 0xD3, 0x1E, 0xF0,
    0xE6, 0xBD, 0x04, 0xCD, 0xDC, 0xEC, 0xE0, 0x35, 0x15, 0xCF, 0xC5, 0x72, 0xF9, 0x6E, 0x79, 0x70,
    0xCD, 0xF6, 0xF2, 0xD5, 0x27, 0x2F, 0x5F, 0xDC, 0xBF, 0x7A, 0xE1, 0xEE, 0x3E, 0x7B, 0xF5, 0xE2,
    0xCE, 0x2F, 0x9F, 0xDC, 0x7D, 0x3E, 0xDD, 0xDF, 0xDF, 0xA5, 0xAF, 0x1F, 0x7E, 0xF3, 0x97, 0xD4,
    0xF4, 0xB7, 0xF1, 0x22, 0xC1, 0xF0, 0x2F, 0x4C, 0xBC, 0xD4, 0xDB, 0x2A, 0x86, 0xAE, 0xD6, 0xD8,
    0x7E, 0x99, 0x1E, 0x8A, 0xF4, 0xE6, 0xD0, 0x72, 0xFA, 0xA6, 0x8E, 0x5E, 0x5D, 0xBD, 0x00, 0x37,
    0x7F, 0xF8, 0x70, 0x0C, 0xC3, 0x04, 0xB4, 0x23, 0xE0, 0x47, 0x6A, 0x49, 0x72, 0x92, 0x76, 0xC3,
    0x06, 0x43, 0xCF, 0x81, 0x0E, 0x10, 0x27, 0x3E, 0x6E, 0xDF, 0xEB, 0x80, 0x04, 0xC3, 0x70, 0x60,
    0xA4, 0xB1, 0x6A, 0xC8, 0x4E, 0x35, 0x5E, 0xA6, 0x30, 0x15, 0xBD, 0x9F, 0xF2, 0xCE, 0x0C, 0x31,
    0x47, 0x56, 0xDB, 0x59, 0x8D, 0x60, 0xAD, 0xD1, 0xE1, 0xB6, 0xBC, 0x45, 0x17, 0x24, 0x06, 0x09,
    0x6E, 0x3F, 0xC4, 0x97, 0x53, 0xF8, 0x10, 0xEB, 0x05, 0x7E, 0x85, 0x20, 0x28, 0xD4, 0xC3, 0x90,
    0x57, 0xF3, 0x85, 0x3A, 0xAF, 0x9D, 0x56, 0xCB, 0x79, 0xDD, 0x29, 0x5F, 0xCD, 0x0B, 0x6E, 0xA2,
    0x8D, 0x04, 0xC0, 0x47, 0xD4, 0x65, 0x42, 0xC8, 0x1C, 0xFA, 0x22, 0xB3, 0xDC, 0x41, 0x9D, 0xF1,
    0x7A, 0x2D, 0x55, 0x2B, 0x27, 0xCB, 0x9D, 0x8B, 0x7D, 0x5C, 0xDC, 0x62, 0x6C, 0x0E, 0x0A, 0x3F,
    0x73, 0xD1, 0x3B, 0xA5, 0x83, 0x3A, 0x6F, 0xDE, 0xEF, 0x12, 0xEE, 0x87, 0xDD, 0x1D, 0x9C, 0xB9,
    0x56, 0x95, 0x26, 0xB3, 0x9D, 0xAE, 0xCC, 0x39, 0x5C, 0xBF, 0x35, 0xDC, 0x68, 0x27, 0x68, 0x2F,
    0xB5, 0x3E, 0xD4, 0x5A, 0xEF, 0x1B, 0x2D, 0xF7, 0x5E, 0xCB, 0x1B, 0xAF, 0xF9, 0xEB, 0xA0, 0xF4,
    0xE7, 0x63, 0xCD, 0xC7, 0x4A, 0x41, 0x53, 0xF2, 0xFA, 0x7B, 0x6A, 0xF5, 0x8F, 0xA9, 0xD6, 0xB7,
    0x23, 0x7F, 0xFA, 0x5B, 0xA4, 0x3A, 0xD6, 0xE5, 0xFD, 0xB1, 0xBE, 0xEC, 0xA9, 0x7F, 0xD5, 0xE3,
    0x5C, 0x77, 0x2C, 0x78, 0xE1, 0xE0, 0x65, 0x03, 0xAF, 0x5E, 0xC2, 0x67, 0x3F, 0x87, 0xFB, 0x07,
    0xB8, 0xBB, 0xA7, 0xE9, 0xC3, 0x24, 0x7B, 0xA2, 0xEF, 0x58, 0xAB, 0x54, 0x4F, 0x6E, 0xBB, 0x11,
    0xE1, 0x67, 0x4F, 0x61, 0xB5, 0x79, 0x99, 0xF3, 0xAD, 0x99, 0x2E, 0x4A, 0xB5, 0xA6, 0x1F, 0x7F,
    0x7C, 0x63, 0x0D, 0x11, 0x9D, 0x37, 0x16, 0x3E, 0x4F, 0x8B, 0x57, 0x62, 0xB0, 0x11, 0x5B, 0x69,
    0xFE, 0xB9, 0xE3, 0xFB, 0x80, 0x3D, 0x03, 0x81, 0xA7, 0xE3, 0x19, 0xD8, 0x08, 0x8F, 0x0B, 0xE6,
    0x56, 0xAB, 0xC3, 0xA4, 0x50, 0x29, 0x50, 0xAF, 0xFE, 0x7F, 0x27, 0xC7, 0xAD, 0x5C, 0x27, 0x6C,
    0xC1, 0xDB, 0x0B, 0x45, 0xF5, 0xA5, 0xAA, 0xDD, 0x5E, 0x2E, 0xA7, 0x2F, 0x37, 0x1D, 0x34, 0xF1,
    0xFC, 0xD6, 0xBE, 0xE3, 0xA2, 0x0E, 0x76, 0x70, 0x87, 0x2D, 0x56, 0x68, 0x04, 0xD5, 0x0C, 0x3F,
    0x11, 0xB8, 0x89, 0xFC, 0xAE, 0x8D, 0x50, 0xEC, 0xD9, 0x9D, 0x62, 0xCB, 0x3F, 0x51, 0xAE, 0xA6,
    0x9F, 0x76, 0xD5, 0x6A, 0xEE, 0xEA, 0x0F, 0xEB, 0xEC, 0x46, 0x0C, 0xEA, 0xDB, 0x58, 0x8B, 0x41,
    0x7D, 0xA0, 0xC9, 0x76, 0xE7, 0x73, 0x9D, 0x11, 0xAB, 0x45, 0x5E, 0x52, 0xF5, 0xFD, 0x06, 0xB8,
    0xB1, 0xFE, 0x76, 0xC5, 0x76, 0x6F, 0x1E, 0xCD, 0x86, 0xDC, 0xB4, 0x58, 0xD2, 0x92, 0xB9, 0x9B,
    0x35, 0xF7, 0x63, 0xCD, 0xE6, 0x7E, 0xCE, 0x7D, 0xDB, 0x93, 0xE5, 0xD3, 0xCC, 0x33, 0x9F, 0xC0,
    0x99, 0xCF, 0x46, 0xCE, 0xA7, 0x5A, 0xCE, 0x7C, 0x2C, 0xB4, 0xD1, 0x19, 0x6A, 0xF9, 0xF8, 0xFE,
    0xCC, 0x67, 0xE0, 0xCC, 0x67, 0x33, 0x6B, 0x9D, 0x7D, 0x9E, 0xAE, 0x4E, 0xB7, 0xCF, 0x58, 0x1E,
    0xE3, 0x20, 0xCB, 0xCB, 0xBF, 0x93, 0x62, 0x50, 0x3F, 0x94, 0x73, 0x88, 0x83, 0xDE, 0xAE, 0xF4,
    0xFE, 0xB0, 0xEF, 0x97, 0x73, 0xA7, 0x3A, 0x9D, 0x3B, 0x35, 0xD1, 0x36, 0xC9, 0xBF, 0xD9, 0x39,
    0x19, 0xA0, 0x19, 0xC9, 0xC5, 0x0C, 0x5D, 0x2E, 0x66, 0xB9, 0x91, 0xDD, 0x9D, 0x94, 0xDD, 0x5B,
    0xB3, 0xBE, 0x3B, 0xEC, 0x79, 0x98, 0x2C, 0x7F, 0xE4, 0x94, 0xAF, 0xA6, 0xFF, 0x34, 0x6B, 0x06,
    0x10, 0x97, 0x63, 0x57, 0x1C, 0xBF, 0x49, 0x8C, 0x68, 0xAF, 0x6E, 0x3E, 0x18, 0xA5, 0x8B, 0x00,
    0x94, 0xAA, 0x00, 0x2C, 0xD6, 0x26, 0x0B, 0x5D, 0xC0, 0x16, 0x00, 0x28, 0x00, 0x85, 0x02, 0x2C,
    0xA6, 0x9B, 0x14, 0x14, 0xC5, 0xCE, 0x14, 0xA0, 0xD8, 0x62, 0xD0, 0x02, 0x00, 0x8B, 0x6E, 0xEF,
    0xDD, 0x81, 0xA2, 0xD8, 0x0C, 0xB4, 0x28, 0x1A, 0x3A, 0x05, 0x30, 0x17, 0x77, 0xBA, 0x19, 0x9B,
    0x9B, 0xD3, 0xFF, 0xFF, 0xE4, 0xE5, 0xE5, 0x33, 0xDF, 0xC7, 0x56, 0x79, 0xEB, 0x65, 0x5E, 0x7E,
    0x99, 0x79, 0xDE, 0x7B, 0xFF, 0xFF, 0x39, 0x93, 0x7B, 0xEE, 0xC9, 0x4D, 0xD4, 0x70, 0x2E, 0x49,
    0x63, 0xB5, 0x22, 0x1A, 0x5F, 0xF1, 0x5C, 0xD4, 0x70, 0x66, 0xE4, 0x64, 0x38, 0x69, 0x7C, 0xC6,
    0xCD, 0x1A, 0x9F, 0x91, 0xB0, 0xC5, 0x27, 0xB3, 0xA6, 0x83, 0x43, 0x2D, 0x99, 0x87, 0x1D, 0x02,
    0x2B, 0xF0, 0x8E, 0x7F, 0xAB, 0x5C, 0x6C, 0xC8, 0x10, 0x0F, 0x27, 0x8A, 0x82, 0x25, 0x2D, 0xB4,
    0x03, 0x92, 0x64, 0xA5, 0x73, 0xA6, 0xD1, 0x6A, 0x94, 0xCC, 0x23, 0xC1, 0x01, 0x53, 0x43, 0x14,
    0x35, 0x5C, 0x4C, 0xAB, 0xC6, 0x57, 0x7D, 0xB1, 0x6A, 0x7C, 0x9C, 0xE0, 0x68, 0x98, 0xE5, 0x10,
    0xF1, 0xF1, 0xA8, 0xC9, 0x66, 0xD2, 0x18, 0x1F, 0xFF, 0xCE, 0xF8, 0x74, 0xFB, 0x41, 0x07, 0x70,
    0xFB, 0x78, 0x2B, 0x2E, 0x85, 0xEE, 0x2A, 0xA3, 0x5B, 0x86, 0x80, 0x8B, 0x74, 0xFA, 0x2E, 0xBF,
    0x17, 0xF6, 0x02, 0xA6, 0xAD, 0x47, 0xCD, 0x2C, 0x6F, 0x6F, 0x19, 0xF1, 0xDC, 0xB3, 0x41, 0xBC,
    0xF5, 0x12, 0x7B, 0x96, 0x46, 0xCF, 0xDC, 0xE5, 0xF2, 0x98, 0x81, 0xCE, 0xDB, 0xA4, 0x4F, 0x66,
    0x89, 0x34, 0xAB, 0xB2, 0x37, 0x6F, 0x6E, 0x32, 0x00, 0xB9, 0xB2, 0x10, 0x0F, 0x5A, 0x65, 0xA5,
    0x6C, 0x44, 0x0B, 0xB6, 0x4C, 0xA0, 0x7C, 0x0A, 0x66, 0x42, 0x4F, 0x05, 0x4A, 0x11, 0xB3, 0x49,
    0x72, 0xEE, 0xA2, 0xD3, 0x8A, 0xE6, 0x26, 0xBB, 0xB0, 0xF8, 0x95, 0xA0, 0x88, 0x76, 0x9D, 0xDA,
    0xEA, 0x29, 0x2D, 0xB8, 0x1A, 0x0E, 0x48, 0x61, 0xC7, 0x97, 0x0B, 0x62, 0x21, 0x9D, 0x06, 0xA8,
    0xA7, 0xAF, 0x52, 0x88, 0x3C, 0x91, 0x65, 0x24, 0xAB, 0x89, 0x6C, 0xFC, 0xF5, 0x3A, 0xE7, 0x78,
    0xE3, 0xE4, 0x46, 0xBA, 0x40, 0x57, 0xEB, 0x36, 0x25, 0x27, 0x7D, 0xBB, 0xBF, 0x5E, 0xE7, 0xBA,
    0xE5, 0x73, 0xC5, 0xB1, 0xBB, 0x92, 0xB5, 0x08, 0x3D, 0xD4, 0x7A, 0x76, 0xE7, 0xF1, 0x6A, 0x9D,
    0xDB, 0xB1, 0x01, 0x9B, 0xA9, 0xF7, 0x24, 0x0B, 0x5D, 0x35, 0xBC, 0x77, 0xBD, 0x79, 0xB6, 0x8F,
    0x75, 0xF4, 0x45, 0x32, 0x7E, 0x04, 0x64, 0xD3, 0xBB, 0x64, 0xF8, 0x4C, 0x7D, 0x06, 0xB2, 0x1D,
    0xAE, 0xD0, 0xF9, 0x7E, 0xAD, 0xC2, 0x13, 0x43, 0x05, 0xDB, 0xD3, 0x51, 0xDB, 0x30, 0x4A, 0x8B,
    0x1A, 0x2E, 0x4E, 0x47, 0xBB, 0x1D, 0xD9, 0xAE, 0xE8, 0xB1, 0xFD, 0x2A, 0xE9, 0xB1, 0xFF, 0x3B,
    0x94, 0xE9, 0xF7, 0xAF, 0x7A, 0xCC, 0xA5, 0xD2, 0xB6, 0xB5, 0x5C, 0xE9, 0xD0, 0xC0, 0x00, 0xFD,
    0x1A, 0x58, 0xA8, 0xF5, 0xD8, 0x4E, 0x4D, 0xE0, 0xF1, 0x24, 0x9E, 0xEB, 0x51, 0x55, 0x54, 0xBC,
    0xD2, 0x89, 0x30, 0xA2, 0x22, 0xD2, 0x47, 0xA0, 0x67, 0x3D, 0xBA, 0x69, 0xFF, 0xC6, 0x8F, 0xD6,
    0x4E, 0x3F, 0x1E, 0xD5, 0xF9, 0xBA, 0xF9, 0xED, 0x72, 0x89, 0xB9, 0x74, 0xBC, 0x08, 0x79, 0x57,
    0x2F, 0x2C, 0x6F, 0x4C, 0xBD, 0x6C, 0xB2, 0x64, 0x1B, 0xC8, 0x7E, 0x52, 0x8E, 0xA4, 0xBB, 0x4D,
    0x7F, 0xB0, 0x1F, 0x4F, 0x9F, 0xCF, 0xF0, 0xDD, 0xD9, 0x58, 0x8F, 0x34, 0xBD, 0xEF, 0xB6, 0x86,
    0x8D, 0xC5, 0x59, 0x93, 0xF0, 0xB6, 0xBC, 0x00, 0xB3, 0xA8, 0xE9, 0x99, 0x48, 0x3B, 0x93, 0x85,
    0x6C, 0x99, 0x21, 0x6E, 0x1C, 0xD9, 0x6E, 0x26, 0xA6, 0xED, 0x7D, 0x7F, 0x14, 0x93, 0x2A, 0x90,
    0xA5, 0x52, 0x67, 0xB8, 0x37, 0x5B, 0xE2, 0xCE, 0xF4, 0x2A, 0xE6, 0x6E, 0x51, 0xFC, 0xF9, 0x0C,
    0xCA, 0x36, 0xEE, 0xD7, 0x99, 0x7B, 0x06, 0x95, 0xA3, 0xD2, 0x9B, 0x92, 0xFC, 0xA6, 0xAB, 0xCD,
    0x48, 0x36, 0xFC, 0xA4, 0xCA, 0x0E, 0x3B, 0xD5, 0x02, 0x25, 0x9E, 0x92, 0x76, 0xAF, 0xD7, 0xE7,
    0x30, 0x1C, 0x91, 0x2D, 0x57, 0xEC, 0xFC, 0x87, 0x84, 0xD9, 0x14, 0x54, 0xB3, 0x7A, 0xE9, 0x69,
    0xF1, 0x37, 0x01, 0x5C, 0x8B, 0x78, 0xB5, 0xCE, 0xB7, 0x6B, 0x63, 0x29, 0x16, 0x8A, 0x91, 0xE6,
    0xF3, 0xFC, 0x5A, 0xDD, 0xE6, 0x69, 0x6F, 0x32, 0xDB, 0xEE, 0x98, 0xC9, 0xFB, 0x51, 0xFB, 0xFF,
    0xED, 0x35, 0x64, 0x1C, 0x9E, 0xF4, 0x50, 0xE0, 0xB5, 0xF2, 0x55, 0x26, 0xCA, 0x55, 0x7C, 0x51,
    0xA5, 0xBE, 0xBD, 0xEC, 0x35, 0xF1, 0xD5, 0x8F, 0xDB, 0xE5, 0x8E, 0x96, 0x4E, 0xED, 0x8F, 0x8F,
    0xBE, 0xD8, 0x1C, 0x22, 0x54, 0x31, 0xB2, 0xEF, 0x03, 0xA3, 0xA5, 0x0E, 0x77, 0x8A, 0x51, 0x8A,
    0x3B, 0xF5, 0x34, 0xBE, 0x6A, 0xDF, 0x67, 0xC6, 0xA5, 0x3B, 0x65, 0xA9, 0x4B, 0x55, 0xDD, 0x55,
    0x3A, 0x7B, 0xAC, 0x43, 0x54, 0xC7, 0x2F, 0x2B, 0xEA, 0xD2, 0xE3, 0x9F, 0xF4, 0x72, 0x79, 0xED,
    0x22, 0x58, 0x5F, 0xC5, 0x76, 0xE4, 0x5E, 0x8E, 0x75, 0xF7, 0x6D, 0x68, 0x6A, 0x93, 0xAB, 0xE4,
    0x3A, 0xC8, 0x51, 0x55, 0xA1, 0x57, 0x42, 0xEA, 0xFC, 0x72, 0x9E, 0x67, 0x95, 0x1B, 0xA9, 0xDB,
    0x8F, 0x54, 0x75, 0xBE, 0x15, 0x19, 0x95, 0xDE, 0xF9, 0x1E, 0x14, 0x6F, 0x57, 0x9A, 0x83, 0x7E,
    0x2E, 0x1D, 0x58, 0x08, 0x3D, 0xD8, 0x95, 0x2E, 0x9A, 0x05, 0xCC, 0x64, 0x3E, 0x4D, 0x3A, 0x0D,
    0x38, 0x90, 0x49, 0xC5, 0x75, 0x2A, 0xBD, 0xDD, 0xB9, 0x54, 0x6B, 0xDD, 0xED, 0x9D, 0x4B, 0x5B,
    0x27, 0xF0, 0xBD, 0x3B, 0x23, 0x21, 0x30, 0xE2, 0x3E, 0x30, 0x66, 0x37, 0x33, 0x6A, 0xB7, 0x90,
    0x02, 0x3D, 0x50, 0x54, 0x4F, 0xBA, 0x3A, 0x82, 0xBE, 0x8E, 0xB9, 0xB8, 0xB1, 0x09, 0x85, 0xB4,
    0xA1, 0x05, 0x6B, 0x12, 0x13, 0x55, 0x3B, 0x95, 0xC9, 0x2E, 0xFD, 0x68, 0x53, 0xB1, 0xBA, 0xD1,
    0x2E, 0xB9, 0x88, 0xC7, 0xB7, 0xC9, 0x19, 0x1C, 0xC0, 0x5E, 0x86, 0x3A, 0xC2, 0x64, 0xD7, 0x04,
    0x18, 0xA2, 0x6C, 0xA5, 0xB4, 0xE0, 0x44, 0x0B, 0x7B, 0x61, 0xAC, 0xBF, 0xB1, 0xBE, 0xEF, 0x5B,
    0xC3, 0x99, 0xAC, 0xD4, 0x59, 0x4D, 0x53, 0xB0, 0x8D, 0xE1, 0x5C, 0x22, 0x72, 0xCE, 0x2B, 0x3B,
    0x19, 0x2B, 0xBE, 0x39, 0xD5, 0x0B, 0xC3, 0xE4, 0x4C, 0x46, 0xD7, 0x64, 0x3F, 0x29, 0x47, 0x70,
    0x72, 0xA0, 0x5E, 0x1D, 0x1B, 0xE7, 0xF9, 0x77, 0x21, 0x73, 0x19, 0x98, 0x12, 0x5D, 0x71, 0xA8,
    0x13, 0x94, 0x32, 0xB7, 0x9C, 0x26, 0xFC, 0x42, 0x73, 0x6E, 0x28, 0xC8, 0x99, 0x6C, 0xCB, 0x79,
    0xB1, 0xEC, 0xA6, 0xF7, 0x00, 0xDA, 0xEE, 0xB8, 0xB6, 0x78, 0x7A, 0xC5, 0xCE, 0xFF, 0x4C, 0xE4,
    0xD2, 0x9D, 0x3B, 0xA9, 0xE6, 0xCB, 0x09, 0x74, 0x1F, 0x04, 0xF0, 0x8F, 0xD9, 0xD3, 0xAB, 0x75,
    0x5E, 0x8F, 0x8F, 0xC0, 0x3E, 0x2E, 0xA0, 0xC8, 0x0C, 0xBE, 0x76, 0x10, 0xCA, 0x7E, 0xFF, 0xDD,
    0xEE, 0x5A, 0x3D, 0x1F, 0x33, 0x13, 0x79, 0x67, 0x66, 0xBA, 0x4E, 0xCF, 0xDC, 0xDE, 0x31, 0xE6,
    0xA3, 0x6C, 0x35, 0x59, 0x62, 0x45, 0x4A, 0x46, 0x3C, 0x04, 0xDB, 0x20, 0x7E, 0x5B, 0xC6, 0xB7,
    0xB2, 0xB0, 0x7C, 0x42, 0x37, 0x17, 0xCF, 0x7F, 0xAA, 0xE9, 0x99, 0x2D, 0x2D, 0x9B, 0xE9, 0xAD,
    0x7E, 0x89, 0xD7, 0x69, 0xA9, 0x1E, 0x4C, 0xDD, 0x3D, 0x30, 0xE6, 0x3B, 0x66, 0x1F, 0x30, 0x56,
    0x3E, 0x65, 0x47, 0xAD, 0x13, 0x29, 0xD8, 0x9D, 0xA6, 0x4A, 0x97, 0x0A, 0x99, 0x32, 0x19, 0xAD,
    0x84, 0x42, 0x3A, 0xFC, 0x1C, 0x0C, 0xF7, 0x1F, 0xCE, 0x88, 0x7A, 0xAD, 0x96, 0x6A, 0x29, 0xB0,
    0xD7, 0xB3, 0x0D, 0x60, 0xAC, 0xC7, 0x6A, 0x6E, 0x62, 0x3B, 0xD4, 0x73, 0x13, 0xD8, 0xAB, 0x37,
    0xFF, 0x59, 0x98, 0x13, 0x89, 0xCC, 0x0F, 0x7F, 0xC4, 0x57, 0x32, 0x94, 0x32, 0x58, 0x19, 0x7E,
    0x21, 0x1A, 0xE3, 0xA2, 0x9C, 0x18, 0x35, 0x05, 0x9F, 0xC9, 0x0B, 0x1D, 0xB0, 0x77, 0xBB, 0xCC,
    0x89, 0xB4, 0x81, 0x2C, 0xEE, 0xFD, 0x8F, 0x62, 0x25, 0x6F, 0xA7, 0x5C, 0x98, 0xE7, 0x02, 0x74,
    0x1B, 0x3D, 0x0B, 0x9A, 0xF8, 0x32, 0x9D, 0x2A, 0x79, 0x76, 0x62, 0x57, 0xB1, 0xAA, 0xEB, 0x9A,
    0xA6, 0x98, 0x7A, 0x63, 0x64, 0xF5, 0x6B, 0xB4, 0x00, 0xB3, 0x1E, 0x2A, 0xAB, 0xE5, 0xA0, 0xE6,
    0x9A, 0x15, 0xBA, 0x4D, 0x39, 0x3C, 0xD7, 0xE7, 0x54, 0x31, 0xDF, 0x32, 0xEF, 0x27, 0x0B, 0xCB,
    0xE5, 0xAD, 0x2A, 0xD4, 0x78, 0xB2, 0x3F, 0xAA, 0x50, 0xF6, 0xF4, 0x8A, 0x9D, 0x7F, 0x4E, 0xD0,
    0xCB, 0x51, 0x85, 0x46, 0xD0, 0xE9, 0x04, 0xF0, 0x07, 0x5A, 0xBF, 0x46, 0xE7, 0x6F, 0xF6, 0x9A,
    0x9A, 0xFF, 0x3F, 0xE5, 0xE1, 0xDA, 0xCF, 0x93, 0x9F, 0x13, 0xD9, 0x7A, 0x4C, 0x5C, 0xF6, 0xCE,
    0xC4, 0x75, 0x6C, 0x6E, 0x64, 0xEF, 0xD1, 0xE3, 0x07, 0x55, 0xA5, 0x8D, 0x14, 0x72, 0x13, 0x44,
    0x33, 0xF1, 0x20, 0xE3, 0x28, 0x13, 0xAB, 0x51, 0x21, 0xCD, 0x4C, 0xAD, 0x9E, 0x65, 0x98, 0xE2,
    0xAC, 0x24, 0x1D, 0xE8, 0x54, 0xAA, 0x5D, 0x94, 0x51, 0x19, 0x94, 0xD3, 0x9D, 0xCB, 0x4A, 0x4F,
    0xCA, 0x2D, 0x1E, 0x5D, 0x38, 0x3F, 0xBF, 0x7F, 0xD0, 0x29, 0x18, 0x14, 0x2B, 0x16, 0x11, 0x32,
    0xF9, 0x55, 0x1F, 0xF1, 0xC1, 0x7A, 0xCE, 0x85, 0xB6, 0x76, 0xCC, 0x7A, 0xF7, 0x40, 0x93, 0x66,
    0x53, 0x26, 0x81, 0x19, 0xF1, 0x3A, 0xF0, 0x01, 0x2D, 0x7C, 0x8F, 0x99, 0xDB, 0xFD, 0x16, 0xEB,
    0x81, 0x69, 0x0B, 0x1F, 0x1A, 0x96, 0x61, 0xB0, 0x4F, 0x33, 0xEE, 0x05, 0xDC, 0x42, 0x23, 0xE4,
    0xAB, 0x69, 0xA6, 0x02, 0x3F, 0x3A, 0x16, 0xC8, 0xC3, 0x50, 0x2E, 0xC8, 0x91, 0x9D, 0x91, 0x19,
    0x1B, 0x5B, 0x64, 0x25, 0xF6, 0x40, 0x60, 0xD2, 0x42, 0x9B, 0x80, 0x4A, 0x86, 0x86, 0xD5, 0x8C,
    0xCB, 0xFB, 0x53, 0xEB, 0xF1, 0xDD, 0xF6, 0x8B, 0xA1, 0x9D, 0xFA, 0x2F, 0xFF, 0xED, 0xBC, 0xFB,
    0x44, 0x64, 0x70, 0xBF, 0x96, 0xD5, 0x48, 0xE7, 0xA6, 0xD3, 0x12, 0x65, 0xB1, 0x9C, 0x17, 0x28,
    0xE5, 0xEE, 0xF2, 0xA4, 0x5D, 0x79, 0xE7, 0x40, 0xFE, 0x11, 0x32, 0x46, 0x5E, 0xCA, 0x4F, 0x04,
    0x85, 0x90, 0xD5, 0x2E, 0xC0, 0x10, 0x6F, 0x5B, 0x7A, 0x0A, 0x79, 0x08, 0xF5, 0x84, 0x1B, 0x60,
    0x47, 0x86, 0x16, 0xE8, 0xDA, 0x89, 0xEB, 0x19, 0xF3, 0xCF, 0x44, 0x8B, 0x9F, 0x29, 0xE5, 0x35,
    0x9B, 0xD5, 0x27, 0x00, 0x0E, 0x03, 0xB0, 0xEE, 0xEA, 0x36, 0xEC, 0xE7, 0xC4, 0xC3, 0xEE, 0xA2,
    0xBA, 0x95, 0xDF, 0x73, 0x2E, 0x33, 0xB4, 0x5F, 0x2F, 0xAC, 0x61, 0x8E, 0xB2, 0x0F, 0x2F, 0xAA,
    0xCB, 0x2D, 0x4F, 0x50, 0xAF, 0x44, 0xBA, 0xAD, 0x4B, 0x6E, 0xCB, 0xF9, 0xE2, 0x79, 0xD6, 0x05,
    0xBA, 0x3A, 0xF4, 0x5E, 0x97, 0xE7, 0xB8, 0x3A, 0x77, 0x69, 0x49, 0xAE, 0xB2, 0xED, 0x43, 0x2F,
    0x3E, 0x02, 0xC2, 0xBB, 0xC0, 0xF4, 0x0E, 0x10, 0xE2, 0x7E, 0xF7, 0xBA, 0xE9, 0x2E, 0xE9, 0x80,
    0x73, 0xAF, 0x8E, 0xD6, 0xAF, 0x84, 0x73, 0x31, 0xB7, 0xB1, 0x78, 0x6D, 0x25, 0xF6, 0x21, 0x1F,
    0x0A, 0xF1, 0x55, 0xD4, 0xFA, 0x6F, 0x71, 0x28, 0x56, 0x1C, 0x32, 0x27, 0xD8, 0x62, 0x25, 0x7A,
    0x68, 0x49, 0xC1, 0x78, 0x62, 0x85, 0x85, 0x62, 0xA5, 0x87, 0xAE, 0x4E, 0xE6, 0x2D, 0xE3, 0x9E,
    0x3B, 0x79, 0x02, 0x13, 0xC2, 0xCD, 0x34, 0x7A, 0x27, 0x97, 0x8B, 0xFD, 0x7A, 0x43, 0x9D, 0x85,
    0x70, 0xBB, 0x73, 0xC2, 0x01, 0x5F, 0xC8, 0x13, 0xBD, 0xA2, 0xFA, 0xF1, 0xED, 0x01, 0x3F, 0x12,
    0x7E, 0x47, 0x4F, 0xB4, 0x8A, 0xC9, 0x4C, 0x88, 0xA5, 0x9C, 0x19, 0x4B, 0x64, 0x2F, 0x36, 0x42,
    0xF3, 0x7C, 0xBE, 0x36, 0xDD, 0xFE, 0xE5, 0x26, 0x02, 0x39, 0xF1, 0x41, 0x50, 0x45, 0xA2, 0xDB,
    0x47, 0x51, 0x9E, 0xCE, 0x33, 0xB0, 0xBB, 0x5B, 0x5E, 0x73, 0x19, 0x0D, 0x3D, 0xAB, 0x3F, 0x43,
    0x7F, 0xAC, 0xFF, 0xAD, 0xAF, 0x02, 0xD0, 0x10, 0x0C, 0xFD, 0x36, 0xFC, 0xD9, 0x73, 0x30, 0x1F,
    0x99, 0x3A, 0x7D, 0x3F, 0x19, 0xAD, 0x63, 0xC5, 0xFE, 0x8C, 0x00, 0xB7, 0x7E, 0x00, 0xB6, 0xDB,
    0x68, 0xFB, 0xCD, 0x82, 0xEA, 0x18, 0xC8, 0x87, 0x6E, 0xDA, 0x75, 0xDF, 0xFF, 0x5F, 0x75, 0x6F,
    0xA8, 0xFB, 0xD9, 0xFD, 0xBA, 0xD4, 0xB8, 0x3D, 0x90, 0x97, 0x64, 0x58, 0x04, 0x8D, 0x79, 0xD0,
    0x3D, 0xBC, 0x64, 0xBC, 0xA5, 0x76, 0x95, 0xA1, 0xF5, 0x00, 0xEB, 0xAE, 0x6F, 0x2F, 0x9D, 0xE2,
    0x66, 0xAC, 0x82, 0x0D, 0xC5, 0xCC, 0xF4, 0x32, 0xD0, 0x62, 0xC1, 0x04, 0x30, 0xDB, 0x58, 0xC5,
    0x2A, 0xD4, 0xF8, 0x83, 0xF2, 0x3E, 0x72, 0x84, 0xF4, 0xBE, 0x1F, 0xDC, 0xC0, 0xFB, 0x5E, 0x89,
    0xA7, 0x76, 0x3D, 0x71, 0x3D, 0xC6, 0xDD, 0xF7, 0xE4, 0x49, 0xBC, 0xEF, 0xC9, 0x13, 0xFF, 0xE6,
    0xD3, 0x2B, 0xA6, 0xF6, 0x3A, 0x5F, 0x66, 0x3C, 0x21, 0x5F, 0x2D, 0xA8, 0xCE, 0xEB, 0x11, 0xA8,
    0x6C, 0x7B, 0x86, 0x3D, 0x5F, 0xB1, 0xA7, 0xE3, 0x96, 0x59, 0xB9, 0xED, 0x54, 0xA2, 0x0E, 0x85,
    0xB8, 0x53, 0x8A, 0xA6, 0xA8, 0x47, 0xC1, 0x3B, 0x8F, 0x97, 0xFC, 0x7F, 0x26, 0x75, 0xBB, 0x31,
    0xDF, 0xE3, 0xEA, 0x13, 0x82, 0x75, 0x5C, 0xF0, 0xAE, 0x65, 0x3A, 0x2D, 0xD8, 0x37, 0x02, 0x51,
    0xF9, 0x64, 0x46, 0xA7, 0x44, 0x4B, 0x37, 0x85, 0x56, 0x07, 0x36, 0x46, 0x40, 0xAE, 0x65, 0x23,
    0x95, 0x02, 0xA5, 0x5C, 0x20, 0x91, 0x09, 0x45, 0x00, 0x9F, 0x09, 0x54, 0xF2, 0x04, 0xC0, 0x50,
    0x3B, 0xC2, 0x4C, 0x1B, 0x7B, 0x18, 0xD9, 0xBA, 0x9C, 0x75, 0x2F, 0x63, 0xD9, 0x52, 0x72, 0x5D,
    0xEE, 0x43, 0xAD, 0xEA, 0x83, 0xA9, 0x7F, 0x27, 0x58, 0x08, 0x33, 0x4F, 0xF7, 0x68, 0xDE, 0x9E,
    0x31, 0xBF, 0x8A, 0x74, 0xE5, 0xD7, 0x22, 0xDE, 0xCA, 0x13, 0x60, 0xC5, 0xAF, 0x55, 0x0B, 0x11,
    0x09, 0x9E, 0x11, 0x35, 0x81, 0xF8, 0x7A, 0x96, 0x3A, 0x37, 0x28, 0xB4, 0xC0, 0xF5, 0x80, 0xE9,
    0xE9, 0xC5, 0x0D, 0x80, 0x74, 0x7B, 0xA6, 0x11, 0xD2, 0x31, 0xC4, 0x87, 0x3B, 0x77, 0xE5, 0x32,
    0xF7, 0x82, 0x91, 0x8B, 0x9E, 0x84, 0xBE, 0x40, 0xC1, 0x9A, 0x6C, 0x42, 0x01, 0x62, 0x3E, 0x63,
    0x13, 0x00, 0x68, 0xEC, 0x60, 0xEB, 0x00, 0x34, 0x81, 0xE9, 0xE5, 0x93, 0x53, 0xE2, 0xEB, 0xF4,
    0xB6, 0x30, 0x4B, 0x09, 0x19, 0xD2, 0x92, 0x06, 0xD9, 0xFD, 0x2C, 0x75, 0xDD, 0x3E, 0x6B, 0xCF,
    0xFB, 0xAC, 0xFD, 0xA0, 0xBB, 0xA8, 0x6E, 0x49, 0x8D, 0x9A, 0x6A, 0x3D, 0xFB, 0xDE, 0xE4, 0xD8,
    0xB4, 0xA0, 0xB0, 0x3D, 0xF8, 0xE9, 0xC3, 0xEE, 0x92, 0xBA, 0x5B, 0xDB, 0x5A, 0x72, 0xF5, 0xF5,
    0xE5, 0xE9, 0xFF, 0xB7, 0x7A, 0x96, 0x2E, 0x9E, 0xE7, 0x3C, 0xF0, 0x36, 0xC6, 0xDC, 0x4C, 0xDB,
    0x37, 0xCB, 0xA9, 0x1E, 0x2E, 0x2C, 0x09, 0x76, 0x80, 0xF8, 0x33, 0xA8, 0xF8, 0xF1, 0x9B, 0x2B,
    0xD8, 0xB1, 0x07, 0x82, 0x23, 0x6E, 0x17, 0x3C, 0x2D, 0xF7, 0xCB, 0x19, 0x11, 0xB0, 0x13, 0x80,
    0xC3, 0x08, 0xBB, 0x2F, 0x3D, 0xED, 0x76, 0x27, 0xBB, 0xBF, 0x15, 0xD8, 0x2D, 0x04, 0x76, 0xAB,
    0x7F, 0xC2, 0x6E, 0xF3, 0x21, 0x9C, 0xF6, 0xB4, 0xBB, 0x00, 0xCF, 0x22, 0xEC, 0xFE, 0x65, 0x82,
    0xDD, 0x97, 0x1E, 0x76, 0x85, 0x76, 0xD7, 0xDD, 0xAE, 0x96, 0x43, 0xFB, 0x92, 0x83, 0xBB, 0x3B,
    0xDF, 0xE3, 0xD8, 0x1F, 0x8F, 0xC0, 0x96, 0x08, 0x47, 0xEC, 0x5B, 0x15, 0xEE, 0x0C, 0x30, 0xE2,
    0xF6, 0x00, 0x23, 0x58, 0x4D, 0x74, 0x80, 0x11, 0xF9, 0x8A, 0xE0, 0x4B, 0xC0, 0x57, 0xC9, 0xB8,
    0xC9, 0xF1, 0xFE, 0xD6, 0xD7, 0x0B, 0x22, 0xF8, 0x17, 0xCA, 0xD2, 0x5A, 0xA8, 0x92, 0x50, 0x33,
    0x9D, 0x67, 0xBA, 0x49, 0xC7, 0xE0, 0xE5, 0x75, 0x59, 0x8C, 0x59, 0x8D, 0xB5, 0x1C, 0x1B, 0xFB,
    0x6A, 0xE1, 0xC4, 0xB0, 0x5E, 0x5C, 0xD7, 0xFA, 0x86, 0x23, 0x5F, 0x06, 0xA2, 0x43, 0xF2, 0x7F,
    0xF9, 0x2D, 0xA4, 0x78, 0xA3, 0x8D, 0xF7, 0x2F, 0x70, 0x1E, 0x1B, 0x64, 0x68, 0x8C, 0x75, 0x9B,
    0x17, 0x48, 0x3C, 0x39, 0x42, 0xB9, 0xD0, 0x57, 0x15, 0xC9, 0x3A, 0xF0, 0x57, 0xDA, 0x91, 0x15,
    0xA3, 0xF7, 0x3C, 0x5F, 0xA4, 0x03, 0x93, 0xD6, 0x2F, 0xA1, 0x48, 0x2E, 0x33, 0x98, 0x6D, 0xA7,
    0xB4, 0x4C, 0x4A, 0xAF, 0xEC, 0x94, 0x44, 0x91, 0xCE, 0xF7, 0x57, 0x6E, 0xFA, 0x40, 0x59, 0xF1,
    0x4A, 0xC0, 0xF4, 0x2F, 0x48, 0x63, 0xEF, 0x79, 0xF6, 0xAF, 0x3E, 0xA3, 0x99, 0xD4, 0x2C, 0xF1,
    0xB7, 0x55, 0x2F, 0xEE, 0xA6, 0xED, 0xC6, 0xA9, 0x7B, 0x5D, 0x2F, 0xC6, 0x8D, 0xF0, 0x2C, 0x43,
    0x01, 0x74, 0xD0, 0x12, 0x84, 0x9F, 0x11, 0xFA, 0x50, 0x5A, 0xB1, 0x9E, 0x2E, 0x2A, 0x63, 0xC1,
    0x15, 0xEC, 0x52, 0x9E, 0xEB, 0xD3, 0x72, 0xD2, 0x59, 0xBD, 0x9E, 0x7C, 0xE5, 0x1E, 0xDF, 0xFB,
    0xA0, 0x21, 0x71, 0x74, 0x9B, 0x3C, 0x98, 0x05, 0xC4, 0x64, 0x7B, 0x2C, 0x06, 0x66, 0xF1, 0x4A,
    0xB3, 0xF9, 0x5F, 0xCD, 0x9B, 0x31, 0xAC, 0xE5, 0xC6, 0x75, 0x86, 0x0F, 0x49, 0x69, 0x09, 0x84,
    0xC5, 0xB8, 0xB0, 0x10, 0x44, 0x0B, 0x84, 0x29, 0x52, 0xC4, 0x09, 0x12, 0xB6, 0x01, 0x62, 0x68,
    0x28, 0x38, 0xF6, 0x16, 0x29, 0xA2, 0x26, 0xB5, 0x5A, 0x59, 0xCD, 0xB6, 0x6E, 0x24, 0x32, 0x71,
    0x91, 0xC2, 0x45, 0x56, 0x40, 0xFA, 0xB8, 0x50, 0x61, 0x57, 0x69, 0x5C, 0xA4, 0x50, 0x96, 0x63,
    0xA5, 0x74, 0xE1, 0x91, 0x54, 0xAA, 0x10, 0x1D, 0x0B, 0x70, 0xB9, 0xE3, 0x88, 0x48, 0xF8, 0xBC,
    0x43, 0x9E, 0x9C, 0xFF, 0x0C, 0xE6, 0x5D, 0xEE, 0xDB, 0xA7, 0xCD, 0x0A, 0xD1, 0x95, 0xEE, 0xEC,
    0xE5, 0x37, 0xEF, 0xDE, 0xB7, 0x8F, 0x73, 0xCE, 0x3F, 0x87, 0x9C, 0x99, 0x33, 0xBC, 0x44, 0x1D,
    0xB3, 0x53, 0x8E, 0x44, 0x16, 0xBC, 0xAD, 0xE8, 0xC7, 0xA5, 0xB2, 0x62, 0x27, 0x6C, 0x94, 0x46,
    0xD9, 0xB1, 0x17, 0x5A, 0x9E, 0x85, 0xFC, 0x2F, 0xC2, 0x82, 0xDB, 0x40, 0x54, 0xED, 0x46, 0x58,
    0x47, 0xD0, 0xAC, 0x66, 0x21, 0x6A, 0x83, 0x59, 0x89, 0xEC, 0xDC, 0x44, 0xA2, 0xC1, 0xD5, 0x42,
    0x66, 0x8E, 0x54, 0x0A, 0x37, 0xAA, 0x94, 0x8D, 0x70, 0x27, 0x13, 0xE5, 0x2D, 0x75, 0x0B, 0x95,
    0x4C, 0x36, 0x80, 0x93, 0xA7, 0x82, 0x7B, 0x42, 0x51, 0x8B, 0x15, 0x37, 0xED, 0x6D, 0xF6, 0x7A,
    0xA1, 0x81, 0x3F, 0x0E, 0x05, 0x33, 0x87, 0x9A, 0xBF, 0xC7, 0xC1, 0x44, 0x9A, 0x66, 0xB1, 0xC6,
    0xFA, 0x6E, 0x26, 0xEB, 0xAC, 0x07, 0x1C, 0x0D, 0xC0, 0x34, 0x0E, 0x8E, 0x78, 0xB4, 0x82, 0xDE,
    0xCE, 0x68, 0x70, 0x7D, 0x9D, 0xC9, 0x30, 0x33, 0xD5, 0x7C, 0xB5, 0x13, 0x4D, 0xEF, 0x08, 0xC8,
    0x38, 0xE3, 0x40, 0x3B, 0x4A, 0x0B, 0xBF, 0x63, 0x95, 0x20, 0x0A, 0xE5, 0xC4, 0x97, 0x2A, 0x93,
    0x71, 0xAD, 0x23, 0xF3, 0x3B, 0xF9, 0xA9, 0xE6, 0x1D, 0x96, 0x7E, 0x4A, 0xE7, 0x95, 0xE9, 0x79,
    0x9D, 0x7F, 0xA4, 0xCE, 0xBF, 0xAE, 0xCE, 0x1B, 0x38, 0xBF, 0x1D, 0x9C, 0x5F, 0xD4, 0xF9, 0xB9,
    0x81, 0xF3, 0xEA, 0xF6, 0xC0, 0x7C, 0xAB, 0xF3, 0x51, 0x44, 0x13, 0xAD, 0xD4, 0xF9, 0x70, 0x4B,
    0x8C, 0x14, 0xAB, 0xBA, 0xE9, 0xC0, 0x16, 0x20, 0xFB, 0x5D, 0xE5, 0x7E, 0xA2, 0x59, 0x6E, 0x13,
    0x62, 0xFE, 0xBF, 0x85, 0xE8, 0x21, 0x04, 0x3D, 0x21, 0xC4, 0x7E, 0x2D, 0xC4, 0x8A, 0xD6, 0xE1,
    0xA9, 0x81, 0x1D, 0x16, 0x0D, 0x0D, 0x7F, 0x0D, 0x6C, 0x19, 0xAD, 0x06, 0x4D, 0xB1, 0x83, 0x55,
    0x04, 0x9B, 0x00, 0xB6, 0x1E, 0xB4, 0x3D, 0xF8, 0x7D, 0xE0, 0x58, 0xFE, 0x6C, 0xEF, 0x21, 0x2A,
    0xAF, 0x1A, 0xFC, 0x68, 0x89, 0x99, 0xFB, 0x92, 0x97, 0x92, 0xFB, 0x5A, 0x14, 0xFF, 0x36, 0x19,
    0x3D, 0x61, 0x1B, 0xC1, 0x6E, 0x01, 0x6D, 0x00, 0x87, 0x59, 0xE9, 0xC1, 0x29, 0xD1, 0x1D, 0xE8,
    0x4F, 0xFF, 0xC7, 0x2E, 0x54, 0x8F, 0xD4, 0xED, 0x34, 0x04, 0xED, 0xDC, 0x59, 0xD5, 0x1E, 0xD1,
    0xD6, 0xA6, 0x9D, 0xF9, 0x20, 0x29, 0xE9, 0x04, 0x13, 0x5C, 0xC0, 0xA7, 0x15, 0x1C, 0x36, 0xB3,
    0xE0, 0x45, 0x58, 0x8E, 0x52, 0x22, 0xC0, 0x3B, 0x18, 0x09, 0x1B, 0x2B, 0x7E, 0x87, 0x7B, 0x11,
    0xF5, 0xCF, 0xA9, 0x5D, 0x60, 0x1A, 0x8C, 0xB2, 0x3E, 0x9F, 0x67, 0xB8, 0x86, 0x55, 0xCC, 0x34,
    0x53, 0x77, 0x75, 0x77, 0x85, 0x01, 0x0B, 0xDA, 0x97, 0x4F, 0xEF, 0x5F, 0xD1, 0x49, 0x19, 0x76,
    0x1A, 0x5D, 0x68, 0xD0, 0x7C, 0xB6, 0xE0, 0xE3, 0xF7, 0xE1, 0xF2, 0x9B, 0xF4, 0xC6, 0xC5, 0x2A,
    0xD6, 0xCC, 0xB9, 0x81, 0x29, 0x8A, 0x3A, 0xDB, 0x2E, 0x1F, 0x2D, 0xE2, 0xCD, 0x8B, 0xAF, 0xBD,
    0xD4, 0x9F, 0x55, 0xB1, 0x4E, 0xC9, 0xFD, 0x89, 0x6F, 0x03, 0x28, 0x17, 0xAB, 0x95, 0x47, 0x33,
    0x01, 0xAD, 0x68, 0x17, 0x8F, 0xA4, 0xE5, 0x9C, 0x32, 0x75, 0x6E, 0x12, 0x9A, 0xFF, 0x84, 0x6F,
    0xF5, 0xE3, 0xA0, 0xED, 0xA8, 0xF5, 0x0C, 0xD0, 0x9F, 0x5C, 0xAC, 0x58, 0xD5, 0xD2, 0x7A, 0x2A,
    0xE3, 0x20, 0xE6, 0xEC, 0xF8, 0x74, 0x50, 0x19, 0xFC, 0xF9, 0x2F, 0xC5, 0x97, 0x7B, 0xDC, 0x9F,
    0xDA, 0x9F, 0x6F, 0xD0, 0xED, 0x37, 0x0B, 0x4C, 0x61, 0xAF, 0xAD, 0x69, 0xBB, 0x1B, 0x70, 0x28,
    0x96, 0xA1, 0xD8, 0x80, 0xB3, 0x40, 0xAB, 0x4D, 0xC9, 0xB8, 0x94, 0x45, 0x2E, 0x61, 0x81, 0x57,
    0xFA, 0xA1, 0x17, 0x2D, 0x4A, 0x26, 0x61, 0x75, 0x4D, 0x76, 0xD5, 0x0E, 0xD6, 0x9B, 0x70, 0x6C,
    0x36, 0x2A, 0x84, 0x11, 0x8D, 0xA5, 0xD1, 0x4F, 0x68, 0x74, 0x30, 0xE8, 0xA2, 0xF8, 0x55, 0xF0,
    0x42, 0x9D, 0x2A, 0x66, 0xA1, 0x18, 0x18, 0x09, 0xBC, 0x96, 0x24, 0x00, 0x7B, 0x13, 0xB5, 0x32,
    0xA8, 0xAA, 0x2D, 0x55, 0xB1, 0x86, 0x2F, 0x75, 0x2C, 0x83, 0x56, 0x3A, 0x7C, 0x34, 0x6B, 0xD3,
    0xC3, 0x4D, 0xFD, 0xCD, 0xAE, 0xD5, 0xC0, 0x9F, 0x04, 0x22, 0x1D, 0x31, 0xE0, 0xF9, 0xF7, 0x50,
    0xE9, 0xA8, 0x81, 0xC8, 0x55, 0x41, 0xBB, 0x19, 0x95, 0x1C, 0x90, 0x12, 0xC7, 0xA0, 0x95, 0x76,
    0xB4, 0x0E, 0xA5, 0xFA, 0x0E, 0x26, 0xE9, 0x28, 0x42, 0x18, 0x47, 0x50, 0x19, 0xD5, 0x05, 0x63,
    0x09, 0xAA, 0x3C, 0xAC, 0x5A, 0xF8, 0x01, 0xAE, 0x68, 0x3B, 0x47, 0x1C, 0xA4, 0xAA, 0xD9, 0xD1,
    0xF5, 0x6B, 0x52, 0x15, 0x27, 0x0F, 0x15, 0x07, 0x9F, 0x54, 0xB4, 0xCC, 0x5E, 0xE9, 0x26, 0x37,
    0x08, 0xD9, 0x35, 0x3B, 0x51, 0xD6, 0xAF, 0xC9, 0xFA, 0x35, 0x59, 0x3F, 0xB3, 0x16, 0xBC, 0x52,
    0xAB, 0xFA, 0x75, 0xD0, 0x0F, 0xDC, 0xD0, 0x38, 0x22, 0x4E, 0x15, 0x03, 0x2B, 0x0D, 0x42, 0x8D,
    0x08, 0x73, 0x20, 0xD5, 0x69, 0xD8, 0x05, 0xA1, 0x18, 0x04, 0x0B, 0x49, 0xAF, 0x24, 0x97, 0xAA,
    0x35, 0x27, 0xB1, 0x92, 0x56, 0x2A, 0x95, 0x4B, 0x4A, 0xA9, 0x50, 0xCA, 0x69, 0x4C, 0x32, 0x25,
    0x95, 0x54, 0xA4, 0xAC, 0x11, 0x24, 0xCA, 0x0A, 0x65, 0x81, 0x60, 0x22, 0x1A, 0x88, 0x99, 0x4F,
    0x17, 0x0B, 0xC5, 0xA0, 0x1E, 0x64, 0x39, 0x50, 0xCD, 0x46, 0x4B, 0xF8, 0xD3, 0xC4, 0x5E, 0x23,
    0x59, 0xDD, 0x84, 0x0E, 0x4A, 0xAF, 0x74, 0x54, 0x2B, 0x9B, 0x4D, 0xDD, 0x8C, 0xA0, 0x39, 0x72,
    0x05, 0xDB, 0x05, 0x84, 0x7A, 0x2E, 0xC7, 0x60, 0x66, 0x0E, 0x42, 0x28, 0xEC, 0x12, 0x3A, 0xE0,
    0x78, 0x8B, 0x43, 0xF8, 0xC0, 0x07, 0x98, 0x87, 0x0B, 0x16, 0x7D, 0x65, 0x9D, 0x09, 0x82, 0x0E,
    0xC0, 0x69, 0x8E, 0x70, 0xD7, 0x17, 0x71, 0xA0, 0x1F, 0x50, 0xBB, 0xFD, 0xFE, 0x06, 0x8D, 0x22,
    0x0C, 0x9E, 0xF3, 0x05, 0xFB, 0xEF, 0x04, 0xFB, 0x1E, 0x16, 0xE0, 0xF0, 0x68, 0x51, 0xF3, 0x66,
    0x0D, 0xE8, 0xFE, 0x52, 0x65, 0x6A, 0x9C, 0x71, 0x98, 0x6C, 0x8F, 0x38, 0x65, 0x9E, 0xC0, 0x9E,
    0x59, 0x26, 0x7A, 0xEF, 0x18, 0xE2, 0x60, 0xB1, 0x5E, 0x6E, 0x1C, 0x35, 0x2E, 0x8F, 0x92, 0xEA,
    0x57, 0x3B, 0x9E, 0x5D, 0xA0, 0xE7, 0x72, 0xBE, 0x57, 0xAA, 0x0D, 0x37, 0xDD, 0xCE, 0xCE, 0x1F,
    0xDC, 0x06, 0x8F, 0x6E, 0x3F, 0xDB, 0xF9, 0x5E, 0x49, 0x28, 0xFF, 0x06, 0x54, 0x1E, 0x34, 0x0E,
    0x6C, 0x3F, 0x00, 0x3B, 0x6D, 0xBF, 0x55, 0xD6, 0xEB, 0x39, 0x84, 0xD0, 0x53, 0xC7, 0x1C, 0x1B,
    0xE5, 0xF6, 0x47, 0x02, 0x8C, 0x6C, 0x05, 0x40, 0xC3, 0xA8, 0xB3, 0xF7, 0x9F, 0x08, 0xED, 0x0F,
    0x57, 0x98, 0xF2, 0xCB, 0x19, 0x6E, 0xAA, 0x38, 0x95, 0x46, 0x56, 0x11, 0xE9, 0x62, 0x2F, 0xBA,
    0xD0, 0x39, 0xAA, 0x56, 0xCC, 0x87, 0xF6, 0x28, 0x98, 0x42, 0x9E, 0x0D, 0xBC, 0x78, 0xE6, 0x2B,
    0xCF, 0x2A, 0x93, 0x4A, 0xEC, 0x75, 0x5E, 0x11, 0x92, 0x86, 0xAA, 0xE7, 0xBB, 0x37, 0x24, 0xEB,
    0x4E, 0x73, 0x30, 0x0C, 0x56, 0xA7, 0x39, 0x98, 0x48, 0x54, 0xF1, 0x48, 0x7F, 0xF9, 0x8C, 0x39,
    0x98, 0x61, 0xA6, 0xC1, 0x1B, 0xDE, 0x69, 0xF2, 0x2D, 0x6F, 0x34, 0x41, 0x34, 0x65, 0x04, 0x8D,
    0xD0, 0x83, 0xC3, 0x0C, 0xD1, 0xEC, 0x02, 0xD1, 0xDA, 0xFD, 0x55, 0x0E, 0x18, 0xF1, 0x84, 0x85,
    0x52, 0x3E, 0xFA, 0xDB, 0x19, 0xD6, 0x86, 0x2C, 0xB1, 0xDD, 0x20, 0xDB, 0x80, 0x25, 0x91, 0x1D,
    0x65, 0x72, 0xFF, 0x62, 0x9F, 0x15, 0xFB, 0xFB, 0x48, 0x2D, 0xFF, 0x77, 0xD4, 0xD5, 0x6C, 0xC1,
    0x1F, 0x4C, 0xAB, 0xAE, 0x1C, 0xEB, 0x48, 0x66, 0x69, 0x56, 0x32, 0xC1, 0x2C, 0x40, 0xA0, 0x16,
    0xE8, 0xD2, 0xE2, 0xD3, 0x28, 0x56, 0x62, 0x67, 0xF6, 0x7B, 0xEC, 0xD0, 0xB9, 0x63, 0x01, 0x50,
    0xB7, 0x4E, 0x38, 0x33, 0xE7, 0x5B, 0x95, 0x9C, 0xA7, 0x7D, 0x70, 0x5F, 0x2C, 0x85, 0x9E, 0x03,
    0xFE, 0xC7, 0x1D, 0xD6, 0x9B, 0xE5, 0x1F, 0xD0, 0xB7, 0x54, 0xD9, 0xB7, 0xC1, 0x57, 0xA3, 0x76,
    0x3C, 0xE4, 0x34, 0x0C, 0xC3, 0x8B, 0x9F, 0xD2, 0xA5, 0x8A, 0x5A, 0x85, 0x26, 0xA4, 0x09, 0x67,
    0xA1, 0x61, 0xF9, 0xF2, 0x3F, 0x93, 0x96, 0xAF, 0x57, 0xCF, 0xBC, 0x7A, 0x62, 0xA0, 0x00, 0x31,
    0xB0, 0xE6, 0x72, 0xA1, 0xE1, 0x59, 0x03, 0x26, 0x64, 0x34, 0xFE, 0x22, 0x94, 0xBC, 0x1C, 0x7D,
    0x0E, 0xA5, 0x9A, 0x41, 0xB3, 0x1E, 0xB8, 0x80, 0x55, 0x00, 0x6B, 0x0F, 0x9A, 0x11, 0xBC, 0x03,
    0xE4, 0xF2, 0xB3, 0xBC, 0xA6, 0xA8, 0xFD, 0xB5, 0xD4, 0x2B, 0x6C, 0x07, 0xF4, 0x6D, 0xD1, 0x5F,
    0x46, 0xF8, 0xDE, 0xE9, 0xC1, 0xCE, 0x83, 0x53, 0x50, 0x53, 0x60, 0x63, 0x13, 0xB6, 0xBC, 0x0A,
    0x3E, 0x16, 0x3B, 0x63, 0xA0, 0x1E, 0x7C, 0xD6, 0x35, 0x93, 0x85, 0x2B, 0xEE, 0xD4, 0x2D, 0x7A,
    0x8B, 0x3A, 0xA5, 0x0D, 0x25, 0x93, 0xB0, 0x62, 0x29, 0xF3, 0x81, 0xBE, 0x06, 0x1D, 0x46, 0x25,
    0x61, 0x04, 0x0D, 0x38, 0x9A, 0x15, 0xC3, 0x59, 0x62, 0xAB, 0xF9, 0xCB, 0x0E, 0xD7, 0x3C, 0xD9,
    0x6B, 0xEE, 0xC9, 0x84, 0x3C, 0xC0, 0xDB, 0x59, 0x80, 0x31, 0xB6, 0xBA, 0x8A, 0xC8, 0x38, 0xED,
    0x58, 0x87, 0xE2, 0x06, 0x87, 0xF2, 0x66, 0x0F, 0x9F, 0x46, 0x01, 0x67, 0x31, 0x14, 0x45, 0x96,
    0x25, 0xA1, 0xDA, 0xEE, 0xAE, 0x02, 0xC6, 0x42, 0x9D, 0xA1, 0xE2, 0x07, 0xEC, 0x1B, 0xB4, 0x63,
    0xA2, 0x08, 0x6D, 0x16, 0x40, 0x84, 0x3E, 0xA4, 0xFF, 0x04, 0x83, 0xB3, 0x3E, 0xA7, 0xFF, 0x04,
    0xDC, 0x0F, 0x80, 0x34, 0xC6, 0x52, 0xA1, 0x81, 0xA4, 0x48, 0x92, 0x04, 0xEE, 0xC0, 0x93, 0x8E,
    0x51, 0x72, 0x65, 0xC1, 0x1D, 0x2E, 0x21, 0x2C, 0xB5, 0xF2, 0xEA, 0x1A, 0xC2, 0x56, 0x05, 0x22,
    0x73, 0xA8, 0xC6, 0x54, 0xF5, 0x88, 0xA1, 0x02, 0x95, 0xEA, 0x43, 0x49, 0xA0, 0xA4, 0x4D, 0xAE,
    0xB2, 0x46, 0xA9, 0x9F, 0x72, 0xA5, 0x3D, 0x95, 0x0D, 0xBB, 0xA9, 0x8E, 0xD1, 0x06, 0xF4, 0xF4,
    0xC0, 0xB9, 0xD5, 0x41, 0xD9, 0x2A, 0x5F, 0xF1, 0x3D, 0xD7, 0xF0, 0x23, 0x67, 0x7E, 0xC1, 0xBD,
    0x79, 0x75, 0xA3, 0x5C, 0x60, 0x32, 0xEC, 0x25, 0xCE, 0xC7, 0x08, 0x9F, 0xE1, 0xB0, 0x1E, 0x15,
    0x8E, 0x5D, 0x0F, 0x38, 0xAA, 0xEE, 0x99, 0x7C, 0xAC, 0x04, 0x6D, 0x70, 0x40, 0x1C, 0x48, 0x02,
    0x3D, 0xF4, 0xC0, 0x69, 0xCB, 0xC5, 0x8C, 0x66, 0xEF, 0xFA, 0x0E, 0x5D, 0xF0, 0x7A, 0xA4, 0x6F,
    0x15, 0x0F, 0x48, 0x0B, 0xA7, 0xA3, 0xE0, 0xE4, 0x79, 0xB9, 0xC1, 0xF9, 0x94, 0x8D, 0xAD, 0xF5,
    0xD0, 0x45, 0xAC, 0x5E, 0xFF, 0x26, 0xA4, 0xA3, 0xC5, 0x81, 0x64, 0x0A, 0xCE, 0xEF, 0x55, 0xC5,
    0x59, 0x0E, 0x8F, 0x83, 0xB4, 0x9C, 0xDF, 0x1F, 0x24, 0x02, 0xD2, 0xA1, 0x51, 0xFE, 0xA5, 0xF9,
    0x52, 0xCD, 0xF5, 0x5C, 0x05, 0xE3, 0xAA, 0x5D, 0x6F, 0x2A, 0x44, 0xF7, 0x97, 0xAF, 0xC4, 0x9F,
    0x57, 0xE8, 0x6D, 0xFB, 0xEA, 0x66, 0x79, 0x35, 0x3C, 0x63, 0x3A, 0x02, 0xAB, 0xF1, 0xAA, 0x23,
    0x4C, 0x6E, 0x16, 0x18, 0x8D, 0xFB, 0x20, 0x5E, 0x30, 0xF6, 0x98, 0x25, 0x18, 0x46, 0x44, 0x34,
    0x74, 0xC8, 0xD6, 0x54, 0x7A, 0x1C, 0x2D, 0x39, 0x58, 0xB3, 0xE2, 0xB8, 0x61, 0x49, 0xC8, 0x96,
    0xDC, 0x70, 0x72, 0xBC, 0x76, 0xB2, 0x58, 0xD3, 0x90, 0xD9, 0xF6, 0x69, 0x03, 0xC1, 0x72, 0xDA,
    0x3C, 0x68, 0x54, 0x9F, 0x87, 0x29, 0xE3, 0x55, 0xE9, 0xA1, 0xE9, 0x70, 0x2D, 0xD5, 0x41, 0xF5,
    0xDB, 0x94, 0xEF, 0xA0, 0x3C, 0x7A, 0x13, 0x87, 0x26, 0x84, 0xF4, 0x80, 0x3B, 0xEA, 0xCF, 0x6D,
    0xED, 0xEE, 0x38, 0x72, 0x16, 0xCA, 0x53, 0x52, 0xC4, 0xB8, 0x53, 0x17, 0x4D, 0xD7, 0x89, 0xA0,
    0xB1, 0xC0, 0x48, 0x0A, 0x45, 0x2A, 0x79, 0xED, 0x78, 0xD5, 0x1B, 0x84, 0x30, 0xE9, 0xB5, 0xEA,
    0x80, 0xB8, 0x40, 0x06, 0x8B, 0xAB, 0x19, 0xAF, 0xC1, 0x8B, 0xD5, 0x55, 0xAC, 0x63, 0xB3, 0x36,
    0x8B, 0x59, 0x4C, 0x68, 0xE5, 0x5F, 0x37, 0x5B, 0x8F, 0xAD, 0x8F, 0xC1, 0x0D, 0xE3, 0x34, 0x6A,
    0x52, 0x49, 0x05, 0x84, 0x4E, 0xDD, 0x42, 0x8C, 0x2A, 0x68, 0x65, 0xA5, 0x1A, 0x21, 0x26, 0x34,
    0x93, 0xAA, 0x64, 0x35, 0x4A, 0xAB, 0x94, 0xC3, 0xD3, 0x24, 0xDE, 0xA1, 0x1A, 0xC5, 0x24, 0x28,
    0xDC, 0x44, 0xD5, 0xD0, 0x68, 0x45, 0xA8, 0x2A, 0x86, 0x89, 0xB0, 0xBA, 0x5D, 0xD0, 0x8F, 0x52,
    0x15, 0xF8, 0x45, 0x17, 0x1A, 0x6F, 0xA3, 0x34, 0xD5, 0x32, 0x2F, 0xD2, 0x86, 0x65, 0x86, 0xE9,
    0x86, 0xD5, 0xB0, 0x62, 0x82, 0x32, 0xDD, 0x58, 0x8A, 0x79, 0x1E, 0x83, 0x94, 0x6F, 0x05, 0xAE,
    0x5D, 0x69, 0xE8, 0x9B, 0x39, 0x5F, 0x28, 0xDD, 0x5C, 0x00, 0xE5, 0x2E, 0xDA, 0x03, 0xAE, 0xDA,
    0x80, 0x48, 0x03, 0x30, 0x8D, 0x35, 0xD0, 0xAC, 0x24, 0x76, 0x2D, 0xC4, 0x64, 0x14, 0xA1, 0x60,
    0x11, 0xBB, 0xDC, 0x05, 0xD5, 0x46, 0xDD, 0x2C, 0xB0, 0xBE, 0x8A, 0x02, 0x74, 0x32, 0x29, 0x9A,
    0x35, 0xCF, 0x16, 0x06, 0x04, 0x15, 0x23, 0xA2, 0xB8, 0x17, 0xAC, 0x94, 0x13, 0xA2, 0xAA, 0x82,
    0x51, 0x99, 0x7E, 0xE9, 0x89, 0xB8, 0x09, 0x54, 0xFC, 0xA4, 0xF8, 0xF1, 0x8D, 0x21, 0x57, 0x30,
    0x28, 0x7C, 0x4E, 0x0B, 0xF3, 0x09, 0xA3, 0x4A, 0xA6, 0x82, 0x01, 0xF9, 0xA4, 0xAA, 0x68, 0xAD,
    0xD8, 0xF2, 0xD2, 0xCF, 0x28, 0x56, 0x7A, 0x01, 0x3D, 0xD5, 0xF6, 0x53, 0xA0, 0x01, 0x7A, 0x4D,
    0x29, 0xE3, 0xB4, 0xE3, 0xCF, 0x55, 0x95, 0x3A, 0xE4, 0x99, 0xCA, 0x80, 0x0E, 0xD9, 0x06, 0xF9,
    0x68, 0xE9, 0xC6, 0x27, 0x8C, 0x72, 0x19, 0x03, 0x90, 0x87, 0x91, 0x0C, 0x39, 0x0A, 0xC5, 0x61,
    0x18, 0x01, 0x22, 0x70, 0x10, 0x08, 0x80, 0x40, 0x46, 0xA1, 0xCD, 0x02, 0xE9, 0xB6, 0xE6, 0xA0,
    0x17, 0x4E, 0xBE, 0x1E, 0xB5, 0xB0, 0x2B, 0x7E, 0x0D, 0xB3, 0x7D, 0x85, 0xCC, 0xA6, 0x33, 0x3B,
    0xA4, 0xB0, 0x3A, 0xD6, 0xC2, 0x7E, 0xFE, 0x07, 0xBD, 0x4E, 0xFF, 0x46, 0xFD, 0xE9, 0x56, 0xE8,
    0x31, 0x05, 0x90, 0x57, 0x25, 0x2E, 0x44, 0xE6, 0x0D, 0xFC, 0x0D, 0x63, 0x11, 0xFE, 0x43, 0xA1,
    0xD9, 0x0B, 0x1E, 0x4F, 0x13, 0x99, 0xC9, 0x23, 0xD0, 0x6C, 0xD0, 0xEB, 0x41, 0x7F, 0x68, 0x57,
    0xD0, 0x44, 0x98, 0xD0, 0xC0, 0xA1, 0x63, 0x79, 0x8D, 0xB2, 0x5F, 0x87, 0x95, 0x76, 0xFE, 0xA4,
    0x58, 0xC0, 0x2A, 0x29, 0x7B, 0x10, 0xF1, 0x4F, 0xFB, 0x67, 0x08, 0x57, 0x1E, 0x85, 0x1B, 0x42,
    0x15, 0x4B, 0x1E, 0xAB, 0xD8, 0xEC, 0x22, 0x9C, 0x5D, 0x44, 0x38, 0xF6, 0x64, 0x1E, 0xC3, 0x6E,
    0xDE, 0x00, 0xA6, 0x34, 0x6C, 0xB7, 0x1B, 0xBA, 0x32, 0x88, 0x40, 0xD6, 0x43, 0x2B, 0x8F, 0x51,
    0xD9, 0x19, 0x91, 0xCC, 0x35, 0x08, 0xE3, 0x6A, 0x17, 0x94, 0x4C, 0x87, 0xF2, 0x62, 0xEE, 0xCE,
    0x43, 0x64, 0x0D, 0x63, 0xDE, 0x21, 0x7D, 0x0B, 0xF8, 0x01, 0x80, 0x82, 0x28, 0x0F, 0x15, 0x44,
    0xAA, 0x63, 0xC5, 0xD8, 0x9F, 0x5D, 0xC5, 0x16, 0x69, 0xC8, 0x2C, 0x50, 0xEF, 0xF1, 0x7E, 0xB4,
    0x25, 0x6D, 0xC7, 0x6F, 0xB0, 0x65, 0x51, 0x5B, 0xBA, 0x27, 0x6D, 0xA9, 0x61, 0x8B, 0xC6, 0xEA,
    0xEF, 0x3D, 0xB8, 0x36, 0xA1, 0x3F, 0x6E, 0x20, 0x36, 0xE1, 0xE6, 0x85, 0x90, 0xAF, 0x01, 0xC5,
    0x8D, 0x6B, 0x00, 0x38, 0x5E, 0x03, 0x19, 0xA7, 0x6B, 0xE0, 0xE6, 0x85, 0x90, 0xD1, 0x2E, 0x39,
    0xFD, 0x61, 0x8F, 0xC0, 0x19, 0xDF, 0x4C, 0x31, 0x5C, 0xC5, 0x64, 0x4D, 0xEB, 0x74, 0xC7, 0x31,
    0x97, 0xE2, 0x30, 0xC4, 0xE6, 0xE1, 0xF5, 0x79, 0x6E, 0xF4, 0xF6, 0xE6, 0x8D, 0x7E, 0x3C, 0xDC,
    0xE8, 0x51, 0xEF, 0x29, 0xF4, 0xDB, 0xF5, 0x6B, 0x72, 0xFB, 0xE4, 0x61, 0x9F, 0x2F, 0xCC, 0xEE,
    0x1A, 0x06, 0xA8, 0xAF, 0xB3, 0x8B, 0x7F, 0x78, 0x50, 0xA3, 0x60, 0x68, 0x51, 0x6D, 0xC7, 0x21,
    0x1B, 0xAF, 0x34, 0x64, 0x9B, 0xE3, 0x90, 0xED, 0x6F, 0x0E, 0xD9, 0x2C, 0xDC, 0xE1, 0x36, 0xBC,
    0x46, 0xC1, 0xE9, 0xAD, 0x87, 0xD7, 0x83, 0xC3, 0xCF, 0x9D, 0x86, 0xE3, 0x1F, 0x27, 0x49, 0xA2,
    0x48, 0x82, 0x68, 0x56, 0xB8, 0x72, 0x83, 0x24, 0x91, 0x78, 0x2C, 0x83, 0x48, 0x52, 0xB9, 0x2F,
    0x5B, 0x92, 0x82, 0x71, 0xE2, 0x26, 0x62, 0x6F, 0xA8, 0xDA, 0xCC, 0x5A, 0xC5, 0x72, 0xA9, 0x62,
    0x35, 0xD7, 0xD1, 0x8C, 0xCD, 0x5A, 0x7E, 0xC5, 0x3D, 0x5D, 0xAE, 0x54, 0x71, 0xB3, 0x09, 0x0C,
    0x86, 0x72, 0xB3, 0x89, 0x5B, 0xD8, 0xB0, 0xD9, 0xEA, 0xF9, 0x8B, 0xBA, 0xF5, 0xBC, 0x01, 0xFC,
    0x90, 0xCC, 0x7F, 0x71, 0xDF, 0x7E, 0xC6, 0x7D, 0xF7, 0x6B, 0xEE, 0xED, 0x47, 0x4C, 0xF6, 0x83,
    0xF5, 0xF9, 0xDC, 0x3A, 0x98, 0x10, 0x32, 0x2C, 0x70, 0x1C, 0xD9, 0xE4, 0x1E, 0x33, 0x7D, 0xBC,
    0x10, 0x31, 0x07, 0x40, 0xFC, 0xE0, 0x2B, 0xD8, 0x3C, 0x02, 0x3D, 0xD1, 0x5F, 0x1D, 0xBB, 0xF1,
    0xD8, 0x97, 0xBA, 0x7E, 0x37, 0x4F, 0x60, 0x3E, 0x4D, 0x08, 0xA7, 0xEB, 0xE8, 0x4A, 0xE1, 0xF9,
    0x42, 0xC9, 0xEF, 0x55, 0xBC, 0xD6, 0x1C, 0xBA, 0xBD, 0xC7, 0xCC, 0x21, 0xDE, 0x12, 0x9E, 0x5D,
    0xE8, 0x3B, 0x76, 0x86, 0x5D, 0xBD, 0x9F, 0xEE, 0xD4, 0xC4, 0x40, 0x19, 0xC1, 0x7A, 0x01, 0xCD,
    0x0C, 0xDA, 0x11, 0xCC, 0x25, 0xAF, 0xC0, 0x86, 0x00, 0xEB, 0xA6, 0x55, 0xD7, 0xC9, 0x51, 0x08,
    0x49, 0x8C, 0x90, 0x75, 0x37, 0x0D, 0xAB, 0x5B, 0xA1, 0x6B, 0x97, 0x92, 0x27, 0xDF, 0x85, 0x8A,
    0x6D, 0xB0, 0xC2, 0x16, 0xDC, 0xCD, 0x6A, 0xE7, 0x7A, 0x6B, 0xE2, 0xE0, 0x9B, 0xAD, 0xDA, 0x27,
    0x2F, 0x61, 0xC7, 0xBA, 0x42, 0x06, 0x57, 0xE1, 0x28, 0x1C, 0x78, 0xC4, 0x10, 0xC5, 0xBD, 0xE8,
    0xD9, 0xB2, 0x0E, 0x4E, 0xCA, 0x46, 0x38, 0x27, 0x7D, 0xA0, 0x41, 0xB2, 0xBB, 0x84, 0x52, 0xD5,
    0x72, 0xF3, 0xA1, 0x8C, 0x2A, 0xCA, 0xDA, 0xAE, 0x5E, 0xB1, 0xB6, 0x7B, 0x8C, 0xF5, 0x38, 0xBF,
    0x23, 0xC0, 0x3C, 0xC8, 0x44, 0x60, 0x01, 0x70, 0xD3, 0x6E, 0x81, 0xBC, 0xAC, 0x9B, 0x46, 0xE0,
    0xB4, 0xAC, 0x93, 0x4F, 0x0B, 0x96, 0x0F, 0x04, 0xDC, 0x97, 0xFB, 0x65, 0x29, 0x70, 0x28, 0xDF,
    0x3C, 0x3C, 0x60, 0xC3, 0x27, 0x16, 0xDB, 0x61, 0x93, 0x27, 0x28, 0x3D, 0x78, 0x46, 0x81, 0x6E,
    0x19, 0x7C, 0xF3, 0x65, 0x90, 0xDF, 0x9A, 0x31, 0xA7, 0xBF, 0xBF, 0x0D, 0xA4, 0x72, 0xE7, 0xC1,
    0xCB, 0x9A, 0x8E, 0x9F, 0x84, 0xD5, 0x95, 0xDA, 0xCD, 0x0B, 0x38, 0x79, 0xD0, 0xF6, 0x97, 0x1A,
    0x89, 0xF5, 0xD2, 0x3D, 0xFB, 0x99, 0x84, 0xF3, 0x08, 0xDD, 0xBA, 0xE3, 0x4D, 0xE6, 0x20, 0xEC,
    0x2B, 0xFA, 0x08, 0x87, 0xFD, 0x39, 0x76, 0x94, 0xFF, 0x49, 0x24, 0x1C, 0x26, 0x16, 0x71, 0xAE,
    0x5A, 0x01, 0x66, 0xF2, 0xEC, 0x80, 0x1E, 0x10, 0xC3, 0x0A, 0xA0, 0xC4, 0xCC, 0x4B, 0x3E, 0x68,
    0xD6, 0x04, 0xA4, 0xE5, 0x6A, 0x41, 0x10, 0xB4, 0xA1, 0x59, 0x05, 0x9A, 0x0A, 0x79, 0x6E, 0xD1,
    0x41, 0x15, 0x7D, 0x48, 0xA2, 0xCF, 0xCF, 0x16, 0x7D, 0x12, 0xD1, 0x8B, 0x2F, 0x1A, 0xFC, 0x89,
    0xF5, 0xCD, 0xBD, 0x9F, 0x74, 0x57, 0xFE, 0x74, 0x48, 0x93, 0x62, 0xAF, 0xD3, 0xE1, 0x5E, 0x37,
    0x53, 0xFF, 0x3F, 0xFD, 0xC0, 0xCF, 0x0A, 0xF8, 0x4A, 0xB1, 0xE5, 0x89, 0x3F, 0x0C, 0x30, 0x9A,
    0x6F, 0x65, 0x27, 0x50, 0x03, 0x99, 0x51, 0x3D, 0x73, 0xBB, 0x5E, 0x33, 0xC4, 0xB0, 0x16, 0x83,
    0xEB, 0xE9, 0x91, 0x91, 0x92, 0x97, 0x1A, 0x89, 0xA9, 0x9E, 0xD8, 0x1B, 0x7C, 0x38, 0xB7, 0x11,
    0xD1, 0xDF, 0x2D, 0xA0, 0x0D, 0xE0, 0x30, 0x2B, 0xBD, 0x70, 0x9E, 0x84, 0x83, 0x9F, 0x1C, 0x46,
    0x58, 0xFC, 0xCC, 0x60, 0xC9, 0x23, 0x3A, 0x8D, 0x35, 0x37, 0xBC, 0x49, 0x4B, 0xC5, 0x14, 0x49,
    0x47, 0x14, 0x88, 0xC4, 0x63, 0x36, 0xF0, 0x2E, 0x3F, 0xC8, 0xD6, 0x20, 0xD9, 0x03, 0xF8, 0x84,
    0x53, 0x29, 0xA0, 0x64, 0xC7, 0x8C, 0xBF, 0x61, 0x57, 0xF1, 0x3B, 0xD3, 0xDC, 0xC8, 0x29, 0x35,
    0x85, 0xBB, 0x74, 0x41, 0x60, 0xFD, 0x35, 0x1C, 0x99, 0x20, 0xE8, 0x82, 0xD5, 0x49, 0x7B, 0xC0,
    0x02, 0x75, 0xBB, 0xCB, 0xD4, 0xA0, 0xBD, 0x92, 0x79, 0x86, 0xDB, 0x1A, 0xAF, 0xF4, 0x86, 0x4E,
    0xC8, 0x21, 0xCD, 0x50, 0x82, 0x96, 0x03, 0xC4, 0x64, 0xAF, 0x1B, 0x37, 0x17, 0x2B, 0x56, 0x35,
    0x37, 0x88, 0x48, 0x39, 0x47, 0xA9, 0x81, 0x76, 0x7F, 0xA5, 0xB3, 0x8B, 0x55, 0x6E, 0xB8, 0xDA,
    0xEB, 0x05, 0xB7, 0x4A, 0xF3, 0xAB, 0x4D, 0x37, 0x0D, 0x17, 0xE1, 0x43, 0x33, 0x5F, 0x78, 0x64,
    0xB5, 0xBF, 0x46, 0x13, 0x3F, 0x0A, 0x44, 0x93, 0xF1, 0x54, 0x44, 0xDB, 0x53, 0x15, 0x1E, 0x9E,
    0x55, 0xAC, 0x69, 0x85, 0x35, 0xF8, 0x3C, 0x3F, 0x22, 0xA5, 0x35, 0x7F, 0x3A, 0x48, 0xED, 0x2B,
    0xEE, 0x5B, 0x4E, 0xC9, 0x04, 0x83, 0x1A, 0x13, 0x4D, 0xD4, 0xED, 0x82, 0x85, 0x30, 0x9C, 0x3F,
    0xD5, 0xCC, 0xBA, 0xC5, 0x92, 0x6A, 0xBD, 0x2E, 0x56, 0x9A, 0x52, 0xBE, 0xF9, 0x58, 0x43, 0x3F,
    0xD4, 0x50, 0x10, 0xF5, 0x80, 0x1A, 0xAB, 0x7A, 0xD4, 0x78, 0xAE, 0x67, 0x46, 0x7D, 0xD5, 0x32,
    0xF3, 0xA2, 0x52, 0xA1, 0x86, 0x58, 0xDA, 0x41, 0xC3, 0x55, 0xAA, 0xEF, 0xF0, 0x83, 0x3B, 0x90,
    0xCF, 0xF2, 0x3A, 0xE8, 0x16, 0x0E, 0x4A, 0xD4, 0xA7, 0x89, 0xF6, 0x7B, 0xBB, 0xDE, 0x74, 0x97,
    0x42, 0x13, 0x36, 0x93, 0x38, 0x23, 0x3A, 0x60, 0x9C, 0x64, 0x5D, 0x52, 0x30, 0x4B, 0xED, 0xAE,
    0x6B, 0xCD, 0xC3, 0xDB, 0xB4, 0x68, 0x90, 0xBA, 0xE2, 0x51, 0xED, 0xA8, 0xD9, 0x15, 0x9E, 0xBA,
    0xB5, 0xE3, 0xA5, 0x0D, 0xB0, 0xE3, 0x11, 0x64, 0xA9, 0x99, 0xEF, 0x69, 0x1C, 0x0F, 0x4B, 0x7E,
    0xFE, 0xA4, 0x78, 0x17, 0x6C, 0x16, 0xB0, 0x3D, 0xCC, 0x0A, 0x27, 0xA0, 0x88, 0xCF, 0xF3, 0xE4,
    0x9B, 0x26, 0x31, 0xA0, 0x2B, 0x63, 0x4D, 0x5C, 0x70, 0x62, 0x2F, 0x2C, 0x99, 0x74, 0xAA, 0x4F,
    0xF7, 0xE1, 0xDB, 0x29, 0x6C, 0x34, 0x89, 0xA1, 0x9D, 0x26, 0x8C, 0xC8, 0x37, 0x62, 0x88, 0x18,
    0x21, 0x32, 0x27, 0x3A, 0x6A, 0x17, 0x50, 0x3D, 0x87, 0xD8, 0xC3, 0x0C, 0xE2, 0x35, 0x83, 0x69,
    0x6E, 0xDF, 0xF9, 0x64, 0xEE, 0x9E, 0x66, 0xB7, 0x85, 0x26, 0x33, 0xF4, 0xB1, 0xB7, 0x2A, 0x0E,
    0xA1, 0xDA, 0x38, 0xD4, 0xBC, 0xF5, 0x0D, 0x7B, 0xED, 0x76, 0xB3, 0xC9, 0xB1, 0x1E, 0x17, 0x39,
    0x87, 0x85, 0x8E, 0xC3, 0x91, 0xF3, 0x96, 0x97, 0xE5, 0xE9, 0x8D, 0x35, 0x2D, 0x1C, 0x00, 0xBB,
    0x03, 0xCD, 0x61, 0x4B, 0xAF, 0x1D, 0x41, 0x2C, 0x6D, 0x73, 0xE1, 0x62, 0x23, 0x46, 0xFE, 0x70,
    0xC0, 0x40, 0xFC, 0x5A, 0xC9, 0xD8, 0x7E, 0x71, 0x29, 0xCF, 0xBB, 0x3F, 0xDF, 0xB2, 0xFF, 0x38,
    0xEB, 0xB3, 0xD0, 0xC8, 0xCB, 0x91, 0x34, 0xD3, 0xA4, 0xEE, 0x2B, 0xC7, 0x5C, 0x0B, 0x7D, 0xBF,
    0xD0, 0xE7, 0x45, 0xBE, 0xB3, 0xC2, 0x40, 0x7D, 0x5E, 0xC4, 0xF0, 0x98, 0x93, 0x7A, 0x54, 0xAE,
    0x17, 0x1B, 0x55, 0x7B, 0xBD, 0xD2, 0x60, 0x66, 0x5D, 0xBC, 0x19, 0xCC, 0xFE, 0xD6, 0x2F, 0x37,
    0xAA, 0x72, 0x42, 0xC2, 0x09, 0x86, 0x5E, 0xB0, 0xE7, 0x84, 0x51, 0xF9, 0x80, 0x8E, 0x65, 0xB8,
    0x52, 0x4F, 0x1C, 0x59, 0xF8, 0xC7, 0xCC, 0x6B, 0xC1, 0x73, 0x3B, 0x97, 0xDC, 0x97, 0x7D, 0xC9,
    0xF9, 0x5B, 0x09, 0x05, 0x43, 0xDB, 0x69, 0xCF, 0x5F, 0xC2, 0x68, 0x38, 0xE2, 0x3D, 0x0B, 0x5A,
    0xFC, 0x1E, 0xBD, 0x0C, 0x19, 0x0B, 0x74, 0x56, 0x3B, 0xE2, 0xA6, 0xBE, 0xD4, 0x3C, 0x0E, 0x90,
    0x48, 0xC7, 0x8A, 0x34, 0x6C, 0xDC, 0xDF, 0x09, 0x85, 0xF3, 0x22, 0xB1, 0x4E, 0xAB, 0xAD, 0x7C,
    0x2F, 0x78, 0x29, 0x1B, 0xD5, 0xB0, 0x76, 0x13, 0xF6, 0x04, 0xD3, 0xCD, 0x6A, 0xC1, 0xC4, 0x08,
    0x41, 0xA4, 0x06, 0x79, 0x21, 0xE3, 0xC7, 0x8E, 0x1D, 0xDE, 0xC3, 0xD3, 0x7C, 0xA9, 0x96, 0xBD,
    0x6E, 0xFD, 0x0E, 0x90, 0x36, 0xED, 0x0A, 0xA6, 0x11, 0x21, 0x87, 0x43, 0xB3, 0xE9, 0xDF, 0xC1,
    0xFA, 0x61, 0xA4, 0x72, 0x33, 0x9E, 0xCA, 0x77, 0xEF, 0x3C, 0xF8, 0x9A, 0x25, 0xE9, 0x46, 0x44,
    0xBA, 0xBA, 0xD2, 0x7C, 0xB6, 0x52, 0xE7, 0x37, 0x7A, 0xA9, 0xFF, 0xBB, 0xAC, 0x05, 0xA4, 0x80,
    0x12, 0x10, 0x02, 0x3A, 0x40, 0x06, 0x55, 0x01, 0x22, 0x40, 0x03, 0x95, 0x00, 0x0A, 0x98, 0x05,
    0xFE, 0xC3, 0x7D, 0x78, 0x0F, 0xE7, 0x93, 0xEF, 0xF7, 0x3F, 0xD7, 0xA5, 0xEA, 0xA6, 0x4B, 0x49,
    0xD9, 0x81, 0x3D, 0xFC, 0x88, 0xF8, 0x0D, 0xE3, 0x3D, 0x7E, 0x5F, 0xC3, 0xA5, 0x82, 0x93, 0x5F,
    0x77, 0x80, 0x6E, 0x94, 0xB7, 0xD3, 0xD5, 0x5D, 0xEE, 0x2D, 0x33, 0xC6, 0x3E, 0xF4, 0xD9, 0x84,
    0x8B, 0xCC, 0x8C, 0x70, 0x4B, 0xE5, 0xF4, 0xF9, 0xEE, 0x81, 0xC5, 0x75, 0x71, 0x4F, 0xA7, 0xD4,
    0x1E, 0xF9, 0x94, 0xFE, 0xF3, 0xDD, 0xAB, 0xD4, 0xBD, 0x2D, 0xA5, 0xB8, 0x6B, 0x1D, 0xD1, 0xD4,
    0xBD, 0x02, 0x1B, 0xFC, 0xAE, 0x0B, 0x96, 0xD9, 0x23, 0x83, 0xAA, 0x1B, 0xF1, 0xB6, 0x4F, 0x49,
    0x58, 0x9C, 0x90, 0x5D, 0xDA, 0x00, 0x32, 0xB8, 0x68, 0xC6, 0xD4, 0xDD, 0x5A, 0x36, 0x04, 0xDB,
    0xD4, 0xE2, 0x62, 0xC1, 0x84, 0xA7, 0xDD, 0x74, 0x34, 0xBA, 0x84, 0x0B, 0xC2, 0xF8, 0xA1, 0xA7,
    0xE6, 0xB7, 0x48, 0x2D, 0x3D, 0x86, 0x42, 0x1A, 0xDF, 0x53, 0x7F, 0xEE, 0x0B, 0xC2, 0x62, 0x44,
    0x57, 0xC0, 0xAA, 0x2D, 0x6D, 0x8E, 0x54, 0xCF, 0xB1, 0x39, 0x02, 0x1C, 0xF2, 0x55, 0xC0, 0x31,
    0x5F, 0x05, 0xDC, 0xBA, 0x13, 0x93, 0x53, 0xE5, 0x6B, 0x4E, 0xDB, 0x17, 0x50, 0x4A, 0x57, 0xA0,
    0x2F, 0xE0, 0x02, 0x68, 0x55, 0xBD, 0xC3, 0x3D, 0x5B, 0xEC, 0xE9, 0x9E, 0xDA, 0xE2, 0x83, 0xDD,
    0x6E, 0x90, 0x63, 0x62, 0x1E, 0xAB, 0xCF, 0xC9, 0xC9, 0x99, 0xE3, 0xE8, 0x82, 0x7A, 0xFB, 0x26,
    0x19, 0x8E, 0xA2, 0xFA, 0x4A, 0x05, 0x2F, 0x9A, 0xCA, 0x28, 0x16, 0x38, 0x09, 0x31, 0x46, 0x35,
    0x02, 0x36, 0xB4, 0x0C, 0x0B, 0x72, 0x1A, 0xA1, 0x0E, 0x43, 0x4F, 0xE5, 0x06, 0xF7, 0x79, 0xCD,
    0x2B, 0xE4, 0xE3, 0x1E, 0xCF, 0xD7, 0xA1, 0x61, 0xDE, 0x4B, 0x81, 0xBB, 0x7A, 0xC6, 0x5E, 0xD0,
    0xB9, 0x3A, 0x62, 0x45, 0xB9, 0x60, 0xBB, 0x60, 0xC6, 0x36, 0xDC, 0x28, 0x28, 0x54, 0x2B, 0x1A,
    0x00, 0xA8, 0x45, 0xD5, 0x33, 0x77, 0x99, 0x8C, 0x62, 0x01, 0x42, 0xFE, 0x09, 0xC2, 0xA9, 0x72,
    0x90, 0xEE, 0x8B, 0x04, 0xCE, 0x76, 0x74, 0x1A, 0xFF, 0x39, 0x43, 0xEF, 0x59, 0xEB, 0xB3, 0x13,
    0x9D, 0xB7, 0x38, 0xFD, 0x0D, 0xA2, 0xE6, 0xE9, 0x9C, 0xB1, 0x61, 0x0E, 0xAD, 0x1C, 0x9D, 0xCE,
    0xC5, 0x73, 0x8C, 0xA0, 0xC1, 0x2D, 0x1D, 0x1C, 0xE9, 0x18, 0x23, 0x5A, 0xF3, 0x77, 0xE5, 0xC0,
    0x18, 0xBF, 0xEB, 0x8D, 0x11, 0x9D, 0xFF, 0x1E, 0x9A, 0x5D, 0xA0, 0x04, 0x33, 0x2E, 0xC1, 0xAB,
    0x69, 0x16, 0xFE, 0x58, 0x62, 0xE0, 0x58, 0x0A, 0xEE, 0x75, 0x8F, 0x16, 0x26, 0xC2, 0xD5, 0x29,
    0xF1, 0xC9, 0x6F, 0x59, 0x44, 0x2A, 0x12, 0x75, 0x73, 0xB6, 0x64, 0x91, 0x15, 0xBA, 0xB4, 0x89,
    0x0B, 0xCC, 0xE9, 0x02, 0xA4, 0xC1, 0x5A, 0x40, 0x69, 0xE2, 0x89, 0xDD, 0x02, 0x0E, 0x81, 0xEC,
    0x86, 0x8D, 0xC6, 0x36, 0x3D, 0x99, 0x2A, 0xD4, 0x1B, 0xF1, 0x9A, 0x57, 0x61, 0xA9, 0xD4, 0x6B,
    0xDB, 0x93, 0xE1, 0x09, 0xFE, 0x8A, 0x09, 0xAF, 0x34, 0xCB, 0xC1, 0x58, 0x13, 0x9E, 0xCA, 0x43,
    0x00, 0xC7, 0x7C, 0x10, 0x40, 0x03, 0x30, 0x8D, 0x05, 0x50, 0xEE, 0xD8, 0x60, 0x16, 0x38, 0xB3,
    0xD1, 0x34, 0x4F, 0x91, 0x06, 0x7E, 0x1C, 0xA9, 0x63, 0x59, 0x6F, 0xD5, 0x3B, 0x04, 0x3C, 0x26,
    0x1F, 0x4A, 0x25, 0xCA, 0x45, 0xAB, 0x64, 0x99, 0x47, 0xA0, 0x57, 0x9C, 0x5D, 0xA0, 0x37, 0xE4,
    0x5F, 0xFE, 0xDE, 0xC0, 0x54, 0xAD, 0x87, 0x14, 0x84, 0xD3, 0x14, 0xC4, 0xC5, 0x8A, 0x65, 0xC6,
    0x6E, 0xC4, 0x17, 0x5F, 0x31, 0xDA, 0x6C, 0x79, 0x84, 0x3B, 0xB3, 0x58, 0xF4, 0x90, 0x4E, 0x5F,
    0x79, 0xFD, 0x0E, 0x68, 0x2A, 0xE5, 0x3D, 0xB0, 0x61, 0x95, 0x68, 0xBD, 0xDC, 0xF8, 0xBA, 0x3B,
    0x0A, 0x86, 0x20, 0x08, 0x3F, 0x13, 0xCB, 0xB0, 0x43, 0x53, 0x7A, 0xFC, 0xF4, 0x2B, 0x7C, 0xC6,
    0x5E, 0xF0, 0x17, 0xFD, 0x59, 0x15, 0xAC, 0x34, 0x89, 0xD3, 0x2C, 0x13, 0x42, 0xEC, 0xC3, 0x4D,
    0x68, 0xFF, 0x71, 0x11, 0xEE, 0xC6, 0x5F, 0xF8, 0xB5, 0x39, 0xFC, 0x68, 0x11, 0x33, 0xDB, 0x99,
    0xAA, 0x68, 0x47, 0x6A, 0x82, 0x98, 0xD0, 0xBE, 0x1F, 0xCF, 0x1C, 0x73, 0x5F, 0xA9, 0x02, 0x9D,
    0x28, 0xE0, 0x55, 0x81, 0x11, 0x0A, 0xEC, 0xD0, 0x9F, 0x17, 0x84, 0xCD, 0x95, 0x80, 0x1A, 0x0F,
    0xDA, 0xC3, 0xE3, 0xD0, 0x9B, 0x92, 0x23, 0x38, 0x29, 0xBB, 0xF9, 0x5C, 0x42, 0xA0, 0xFD, 0x9C,
    0xE6, 0xC7, 0xBB, 0x22, 0x7E, 0xE3, 0xFA, 0xFB, 0x18, 0x01, 0xED, 0x8F, 0xA7, 0x27, 0x5F, 0xA9,
    0xF3, 0x5A, 0x4D, 0x01, 0xC4, 0x9C, 0x3B, 0x3F, 0xFD, 0x7A, 0xCB, 0xE3, 0xAF, 0xD0, 0x54, 0x84,
    0xAB, 0x77, 0x08, 0x3C, 0x9A, 0x2D, 0x55, 0xC8, 0xD4, 0xF3, 0xD8, 0xAE, 0x83, 0x37, 0x3C, 0x22,
    0x17, 0xD8, 0xB1, 0x43, 0x65, 0xD9, 0x0D, 0x5E, 0xFE, 0xFD, 0xAB, 0x93, 0xF7, 0x9E, 0x3B, 0xC7,
    0xE2, 0xD5, 0xDE, 0xBD, 0xCF, 0x64, 0x3F, 0xDC, 0xDA, 0xFF, 0x90, 0xEA, 0xA3, 0xD8, 0x7E, 0x24,
    0x1A, 0x7F, 0xBC, 0xB4, 0x1F, 0x8B, 0xBC, 0x9F, 0x04, 0xF3, 0xC9, 0x8A, 0x2F, 0xC3, 0x9B, 0x47,
    0xA2, 0x05, 0xD6, 0x38, 0xA8, 0x46, 0xC3, 0x5E, 0xAA, 0xDE, 0xE8, 0xBC, 0x5D, 0x93, 0x00, 0x76,
    0x23, 0x83, 0xBE, 0x4E, 0x99, 0x38, 0xBB, 0xA2, 0xA3, 0xB4, 0xBF, 0x52, 0x88, 0x29, 0x6B, 0x06,
    0x5B, 0x86, 0x93, 0xC3, 0xEB, 0x58, 0xDC, 0x6C, 0x37, 0x9E, 0xA7, 0x80, 0xEE, 0xD5, 0x86, 0x67,
    0x44, 0xEA, 0x68, 0xBD, 0x5D, 0xCC, 0x6A, 0xFD, 0xB0, 0x98, 0xD0, 0xF9, 0x69, 0xED, 0xE6, 0xCE,
    0xEF, 0xF2, 0xBE, 0xFB, 0xF0, 0x2A, 0x4A, 0x87, 0x7C, 0x14, 0xE2, 0xD4, 0xB7, 0x1F, 0x87, 0xC8,
    0xD4, 0x3E, 0xF2, 0xDB, 0x8E, 0x3B, 0x3E, 0x47, 0x18, 0xC1, 0xAB, 0x90, 0x90, 0xA6, 0xDB, 0x21,
    0x61, 0x7A, 0xD0, 0x5A, 0x1F, 0xF2, 0x40, 0xD7, 0x0E, 0xE3, 0xB5, 0xCE, 0xD6, 0x81, 0x2A, 0x7F,
    0xA5, 0x81, 0x62, 0x7E, 0x1B, 0xF5, 0xE3, 0xFD, 0xA6, 0xC0, 0x48, 0x27, 0x0E, 0x33, 0xB5, 0x1A,
    0x70, 0x76, 0x41, 0xCC, 0x4D, 0xB3, 0xA6, 0x21, 0x9C, 0x10, 0x21, 0x5D, 0x6F, 0x46, 0x27, 0x3B,
    0xDD, 0x8A, 0x1E, 0x1B, 0x82, 0x06, 0x1F, 0xCE, 0xCF, 0xDC, 0xE7, 0xA5, 0x0B, 0xD4, 0x01, 0x17,
    0x65, 0x50, 0xCE, 0x4F, 0x7D, 0xDF, 0x36, 0x19, 0xA5, 0xBC, 0xF9, 0x7D, 0x25, 0x94, 0x01, 0x28,
    0xF5, 0x5D, 0xA3, 0xBF, 0xEF, 0x7E, 0x11, 0xF2, 0xD8, 0x77, 0x2C, 0xBA, 0xFF, 0xA1, 0x8F, 0xBA,
    0x21, 0xAC, 0x71, 0xBD, 0x41, 0x54, 0x44, 0xB7, 0x59, 0xC0, 0x36, 0xE8, 0xB7, 0xBB, 0x3D, 0xE6,
    0x35, 0x83, 0x43, 0xB6, 0x82, 0x7B, 0xE1, 0xB6, 0xAB, 0x1A, 0x31, 0x07, 0x1E, 0xC2, 0x53, 0x8D,
    0x98, 0x0F, 0x06, 0xF5, 0x4A, 0xA0, 0xDA, 0x40, 0xB3, 0x62, 0xCA, 0x08, 0xA7, 0x11, 0x23, 0x4A,
    0x35, 0x35, 0xA5, 0x22, 0x8D, 0xB3, 0x6A, 0x0F, 0xF7, 0x99, 0x6D, 0xFF, 0xD6, 0x05, 0x2B, 0x4C,
    0x3F, 0x05, 0xCA, 0xED, 0xF6, 0x6D, 0xF5, 0x9B, 0x97, 0x5F, 0xC7, 0xAC, 0xD7, 0x44, 0xA6, 0x07,
    0x0F, 0xDF, 0xA2, 0x32, 0x31, 0xDB, 0xA2, 0x2D, 0xE7, 0xBE, 0xC3, 0xAD, 0x2F, 0x2F, 0xBF, 0xEC,
    0x49, 0xDB, 0x8A, 0x4F, 0x7F, 0xD3, 0x9D, 0x36, 0x52, 0x8B, 0x43, 0x9A, 0xCD, 0x68, 0x4A, 0xD9,
    0x2A, 0x07, 0xD6, 0x74, 0xB6, 0x30, 0xFD, 0xDF, 0x51, 0xB7, 0x93, 0xF3, 0x6A, 0x25, 0xA4, 0xE5,
    0x5E, 0x2E, 0x2A, 0x18, 0xBB, 0x12, 0xA8, 0xD4, 0xC6, 0x64, 0xA2, 0xC9, 0xCB, 0x03, 0xB5, 0xAF,
    0xE4, 0xBC, 0x74, 0xC2, 0x47, 0x90, 0x0C, 0xCA, 0xC0, 0xE0, 0x6C, 0xAF, 0x45, 0xCB, 0x53, 0xC6,
    0xE1, 0x4B, 0x51, 0xFD, 0x89, 0x6F, 0x5D, 0xAE, 0x4A, 0x66, 0x7C, 0xE2, 0xDB, 0xE4, 0x5D, 0x7F,
    0x7E, 0x81, 0x8E, 0xDF, 0x43, 0x6F, 0xFE, 0x67, 0x51, 0x0F, 0xE6, 0x6B, 0x83, 0xE9, 0xE1, 0xC5,
    0x8A, 0xD5, 0x60, 0xB7, 0xA6, 0x5A, 0x18, 0xFF, 0x1D, 0xE7, 0x9D, 0x72, 0xF2, 0xF0, 0xBC, 0x8A,
    0xFD, 0x2F, 0xDD, 0x98, 0x31, 0xAC, 0xE6, 0x46, 0x15, 0x85, 0x8F, 0x6D, 0x11, 0x4B, 0x58, 0x62,
    0x9A, 0xD0, 0x90, 0xC2, 0x0D, 0x05, 0x54, 0x6E, 0x53, 0x20, 0xC6, 0x50, 0x84, 0x32, 0x7D, 0x05,
    0x05, 0x7D, 0x5A, 0x0A, 0x82, 0x9D, 0x9A, 0x82, 0xB7, 0xF4, 0x52, 0x52, 0xD0, 0xD3, 0x50, 0x6E,
    0xB0, 0xB5, 0x5B, 0x6C, 0x41, 0xE3, 0x85, 0x82, 0x82, 0x22, 0x83, 0xB2, 0xFD, 0x0E, 0x62, 0x94,
    0x78, 0x15, 0xDB, 0x87, 0x7B, 0xEF, 0xFC, 0x96, 0xDF, 0x2E, 0x69, 0x57, 0x59, 0xB8, 0x7A, 0xF7,
    0xBB, 0x6F, 0xF5, 0xEB, 0xDF, 0xB9, 0x73, 0x66, 0xE6, 0xD8, 0xF3, 0x80, 0xEE, 0xE8, 0xB1, 0xA3,
    0x26, 0xA3, 0x94, 0x8E, 0xDC, 0x8B, 0x0D, 0x13, 0xC9, 0x72, 0x2D, 0x99, 0x6A, 0x3E, 0x96, 0xEC,
    0xC1, 0xCF, 0x82, 0xDB, 0x81, 0x89, 0x63, 0xBB, 0x01, 0xFE, 0x40, 0x97, 0xA4, 0x44, 0xFD, 0xD1,
    0x1C, 0x42, 0x2E, 0x8B, 0x94, 0x80, 0x49, 0xCA, 0x20, 0x65, 0x86, 0xFE, 0xAA, 0xFF, 0xE2, 0xAC,
    0xA5, 0xE4, 0x88, 0x21, 0xA2, 0x26, 0xE0, 0x13, 0xDA, 0x43, 0xC7, 0x2E, 0xA6, 0x0D, 0x70, 0xD4,
    0xD1, 0x51, 0x49, 0x19, 0x01, 0x90, 0xBB, 0x10, 0xEF, 0xF0, 0x4E, 0x4B, 0x31, 0x3D, 0xC3, 0x04,
    0xED, 0x4C, 0x0B, 0xC9, 0xF9, 0x40, 0xC5, 0x07, 0xD3, 0x3F, 0x37, 0x34, 0xD2, 0xF0, 0xBF, 0x57,
    0xB8, 0x04, 0xC7, 0x88, 0x2E, 0x4A, 0x99, 0xE1, 0x17, 0xB8, 0x03, 0x56, 0xB4, 0xC7, 0x19, 0x2E,
    0x5A, 0xE9, 0xB4, 0x2C, 0xFA, 0xA3, 0xAD, 0x72, 0x06, 0xDA, 0xFD, 0x1D, 0x02, 0x68, 0xF2, 0x78,
    0x25, 0x19, 0x00, 0xED, 0x49, 0x59, 0xB0, 0x87, 0x0F, 0x47, 0x49, 0xC8, 0xAC, 0xF6, 0x4A, 0xCA,
    0xF4, 0x74, 0xB3, 0xF2, 0x68, 0xAB, 0x0E, 0x80, 0x4F, 0x52, 0xBD, 0x4B, 0xF9, 0x38, 0x34, 0x1B,
    0x0A, 0x72, 0xB4, 0xB2, 0xC3, 0x6D, 0x28, 0xA5, 0x6F, 0xB7, 0xA2, 0x22, 0xD0, 0xDE, 0x4A, 0x42,
    0x75, 0x40, 0x3B, 0xA8, 0x77, 0x1B, 0xBD, 0xC9, 0xC5, 0x6D, 0xF7, 0xCA, 0x29, 0xE9, 0xA0, 0x7D,
    0xEE, 0xA5, 0x36, 0xD3, 0xEA, 0x6C, 0xAD, 0x41, 0xE6, 0x06, 0x57, 0x20, 0x2F, 0x18, 0x74, 0x56,
    0xFE, 0xAF, 0x9B, 0xF2, 0xD1, 0xD6, 0x0A, 0x1F, 0xAF, 0x5D, 0xC0, 0xF0, 0x24, 0x09, 0xA7, 0xDF,
    0x45, 0x2F, 0xBA, 0xFF, 0x71, 0xF6, 0x33, 0xC8, 0x5E, 0xB9, 0x63, 0x10, 0x2E, 0x98, 0xC6, 0x82,
    0x10, 0x96, 0x3A, 0x85, 0xB1, 0x56, 0xCE, 0xB6, 0xB0, 0x41, 0xD7, 0x61, 0xE0, 0x57, 0xC2, 0x8E,
    0x9F, 0x0B, 0xEB, 0xA3, 0x12, 0x02, 0x6F, 0xDD, 0x7D, 0xAF, 0x07, 0xEA, 0x38, 0x08, 0xAB, 0x17,
    0xB6, 0x30, 0x4C, 0xCA, 0x69, 0x51, 0xFA, 0x1E, 0xAF, 0x84, 0x2D, 0x61, 0x69, 0xAC, 0x38, 0x0B,
    0x1B, 0xA3, 0x33, 0x76, 0x5C, 0x84, 0x9E, 0x01, 0xA6, 0x9D, 0xEA, 0xDC, 0xEA, 0xCA, 0x1F, 0x4E,
    0x58, 0x6F, 0x4A, 0xB7, 0xEA, 0xBA, 0xB5, 0xD1, 0xAD, 0x80, 0x57, 0x75, 0xA5, 0xF5, 0x5A, 0x48,
    0x52, 0xB5, 0xD5, 0xC5, 0xAA, 0x8C, 0x8D, 0xF0, 0x50, 0xF1, 0x2A, 0xAA, 0x76, 0x25, 0xE1, 0xA3,
    0x72, 0x5A, 0x6C, 0xF5, 0x9A, 0xE8, 0x67, 0x54, 0x89, 0x3A, 0xC6, 0xA6, 0xFD, 0x46, 0x81, 0x9F,
    0x05, 0xDF, 0xC5, 0x2D, 0x9A, 0xA3, 0x4E, 0x18, 0xF8, 0x8F, 0x58, 0x90, 0x8C, 0x35, 0xDF, 0x63,
    0x74, 0x1B, 0xA6, 0xA0, 0x7A, 0x2E, 0x5D, 0x80, 0x9F, 0xFD, 0xA2, 0x98, 0x31, 0x28, 0xA6, 0x51,
    0x45, 0x1C, 0xBD, 0xA0, 0xF7, 0x41, 0x47, 0x5D, 0x7F, 0x4E, 0xDB, 0xBC, 0xA8, 0xF9, 0xE2, 0x00,
    0xA6, 0x07, 0x07, 0xCA, 0x4F, 0xDE, 0xBA, 0xAB, 0xB6, 0x6E, 0xC6, 0x3E, 0x01, 0x43, 0x5E, 0x59,
    0xB8, 0x19, 0x67, 0xD8, 0x21, 0xD1, 0xA3, 0xC1, 0x33, 0x47, 0x6B, 0xB7, 0x24, 0x2C, 0x2B, 0xCD,
    0xC3, 0xD2, 0x76, 0x8B, 0x0A, 0xE0, 0xCE, 0x5C, 0x6D, 0x2F, 0x59, 0xDA, 0x76, 0xD6, 0x0C, 0x39,
    0xED, 0xEC, 0x7D, 0x74, 0xA0, 0x7D, 0xBC, 0xA2, 0xE1, 0x82, 0x8A, 0x3D, 0x8A, 0xFD, 0x1A, 0xB6,
    0xDA, 0x72, 0xAA, 0x94, 0xCD, 0x2A, 0x99, 0x00, 0xA7, 0x19, 0x55, 0xEC, 0x9C, 0x5D, 0x40, 0x3E,
    0x1F, 0x73, 0xCE, 0x41, 0x73, 0x04, 0x26, 0x49, 0xF6, 0xD6, 0xFC, 0x4F, 0x77, 0x61, 0xF7, 0x24,
    0x09, 0xDD, 0xF3, 0x45, 0x58, 0xDB, 0x07, 0x65, 0x1E, 0xE9, 0x0F, 0x78, 0x25, 0x6C, 0xAF, 0x9A,
    0xB7, 0x98, 0xB5, 0xC0, 0x9C, 0x05, 0x66, 0x2C, 0xB3, 0xF9, 0xCA, 0x92, 0x77, 0x5F, 0x6B, 0x42,
    0x75, 0x49, 0x99, 0x3D, 0x25, 0x5B, 0x4A, 0x76, 0x14, 0x33, 0x94, 0xC5, 0xFC, 0x64, 0xCE, 0x76,
    0x92, 0xDD, 0xC4, 0xCC, 0xC4, 0xBC, 0x64, 0xCF, 0x56, 0x92, 0x9D, 0xE4, 0x34, 0x12, 0x1D, 0xF0,
    0xB4, 0x91, 0x6A, 0x75, 0x01, 0xC5, 0xE6, 0x75, 0x36, 0x07, 0x00, 0xBF, 0x0A, 0xDA, 0x20, 0xF8,
    0x56, 0x2F, 0x38, 0x8D, 0x46, 0xBB, 0xCC, 0x26, 0xA3, 0x16, 0x13, 0xD4, 0x60, 0xA2, 0xDA, 0x4B,
    0xEA, 0xA2, 0xC0, 0x2F, 0x27, 0xCC, 0x56, 0xCC, 0x54, 0xCC, 0x52, 0xCC, 0x50, 0xD4, 0x4E, 0xCC,
    0x4C, 0xCC, 0x4A, 0x4E, 0x23, 0x19, 0xCA, 0x4D, 0xE8, 0x7F, 0x1B, 0x4D, 0xB1, 0xD9, 0x14, 0xB3,
    0xF5, 0xC8, 0x8A, 0x7D, 0x62, 0xB4, 0xB8, 0x6C, 0x27, 0xBB, 0x8E, 0xB9, 0x4D, 0xE6, 0x6C, 0x96,
    0x33, 0x9B, 0xE3, 0x64, 0xA7, 0xC9, 0xEC, 0xCD, 0x6E, 0x6E, 0x6E, 0xD3, 0x66, 0x9A, 0xD7, 0x98,
    0xD5, 0x64, 0xA7, 0xC9, 0x0E, 0x73, 0xB1, 0x4B, 0xD9, 0x65, 0xB2, 0xC9, 0x64, 0x8F, 0xC9, 0x16,
    0x63, 0x0E, 0x73, 0x19, 0x4C, 0x18, 0x46, 0xD4, 0xFF, 0xDA, 0xA1, 0xCB, 0x05, 0xC0, 0x4E, 0xAE,
    0xBA, 0xC0, 0x19, 0x66, 0x41, 0x8B, 0x62, 0x6E, 0x15, 0xEA, 0x3F, 0x8A, 0x69, 0x54, 0xF7, 0xC9,
    0xC7, 0x44, 0x61, 0xD6, 0x63, 0xCE, 0x63, 0xC6, 0x63, 0xBE, 0x63, 0xB6, 0x63, 0xAE, 0x63, 0xA6,
    0x63, 0x9E, 0x73, 0x5A, 0x8E, 0xE7, 0xC5, 0xFB, 0xF1, 0x61, 0x91, 0x54, 0xA0, 0x7A, 0x3B, 0x89,
    0xAD, 0x8A, 0xD0, 0x78, 0x63, 0x35, 0xB4, 0xA8, 0xA9, 0x6E, 0xA4, 0xB8, 0xC2, 0x8D, 0x5E, 0x8F,
    0x9A, 0x76, 0x3A, 0x13, 0xE8, 0xFA, 0x4F, 0x5F, 0xBF, 0xAE, 0x68, 0x82, 0xB2, 0x1D, 0x95, 0x1E,
    0xAF, 0xC4, 0x6F, 0x8A, 0x55, 0xC8, 0xEA, 0x52, 0xF7, 0x61, 0xF9, 0xA6, 0xAB, 0x5B, 0x6C, 0x02,
    0xDB, 0x03, 0xCD, 0x82, 0x7B, 0xD1, 0xCC, 0x9D, 0xA9, 0x3B, 0x66, 0x89, 0xDB, 0xFE, 0xC3, 0xD7,
    0xAF, 0x6E, 0x3B, 0xEF, 0x3A, 0xF2, 0xE7, 0x49, 0x58, 0xD1, 0xDA, 0xA1, 0x02, 0x3F, 0xF8, 0x1F,
    0x55, 0xB7, 0x4A, 0xDD, 0x08, 0x6C, 0x7F, 0x06, 0xE0, 0x93, 0x4D, 0xF0, 0x1B, 0x54, 0xB7, 0x5C,
    0xA1, 0xB1, 0x19, 0x1F, 0xFE, 0x3F, 0xEC, 0x5D, 0x6F, 0xE8, 0xED, 0x40, 0x7E, 0xD3, 0x7B, 0xD7,
    0x8F, 0x87, 0xD0, 0xFD, 0x6D, 0xD5, 0xF1, 0x19, 0x84, 0x15, 0x47, 0x61, 0x71, 0x40, 0xE3, 0x97,
    0x5F, 0xFB, 0x54, 0xAF, 0x6C, 0x3A, 0xAD, 0x4D, 0x6D, 0x12, 0xF6, 0x25, 0x93, 0x68, 0xA6, 0xDF,
    0x7C, 0x17, 0xCE, 0xBE, 0xD9, 0x6E, 0xCA, 0x2E, 0x29, 0x7D, 0x54, 0x0E, 0xC1, 0x91, 0xA2, 0xBE,
    0xE3, 0x21, 0xEA, 0xB7, 0x94, 0x8E, 0x44, 0x9E, 0xCC, 0x4D, 0xE9, 0x84, 0x8B, 0x72, 0x08, 0x2A,
    0xBC, 0x4F, 0x2A, 0x79, 0x7B, 0xFC, 0x84, 0x51, 0x55, 0x14, 0x16, 0x46, 0xB4, 0xC7, 0xFB, 0xE1,
    0xF6, 0x54, 0xC7, 0xFE, 0xF2, 0x53, 0xDD, 0xC5, 0xFB, 0x4F, 0xF5, 0x92, 0x1F, 0x6D, 0x68, 0xF9,
    0x85, 0x4E, 0x9B, 0x5B, 0xC1, 0xA7, 0xD3, 0x6A, 0x6F, 0x6E, 0xF5, 0x06, 0x97, 0x9A, 0x15, 0x2E,
    0xBA, 0xA4, 0x88, 0x68, 0x15, 0x5D, 0x68, 0x4D, 0x63, 0xC3, 0xAA, 0xA2, 0x1D, 0x3F, 0xE3, 0x5C,
    0x93, 0x1C, 0x0B, 0x05, 0xBA, 0x75, 0xEA, 0x6F, 0x67, 0xBB, 0x3C, 0x04, 0xF5, 0x86, 0xF6, 0xEE,
    0x83, 0x15, 0x9E, 0x0C, 0x3A, 0xC4, 0x88, 0xB7, 0xF8, 0x0C, 0xB8, 0xDE, 0x8D, 0x77, 0x45, 0x95,
    0xEE, 0xAD, 0xF0, 0x9D, 0x72, 0x48, 0xCA, 0xF4, 0x2B, 0x41, 0x11, 0xDE, 0x55, 0xC6, 0x3F, 0x09,
    0xC1, 0xA8, 0xF4, 0xE3, 0x9B, 0xF7, 0x42, 0x0D, 0x0C, 0x97, 0xE7, 0x5E, 0x93, 0x39, 0xFD, 0x21,
    0xFD, 0x5A, 0x10, 0x7F, 0x24, 0xB0, 0xE9, 0xD8, 0x6C, 0xA6, 0x20, 0xE8, 0xFA, 0xD7, 0xF8, 0xBA,
    0x6D, 0xF1, 0xED, 0xBB, 0x5C, 0xBB, 0x45, 0x79, 0xBD, 0xA5, 0x1C, 0xB9, 0x54, 0x5B, 0xAE, 0xF5,
    0xD7, 0x79, 0xC2, 0x79, 0xFB, 0xCC, 0x5B, 0x39, 0x98, 0x98, 0xB9, 0x4E, 0x52, 0x17, 0x15, 0x94,
    0xD0, 0xA8, 0x6E, 0xB5, 0xB9, 0x55, 0xF7, 0xD5, 0x61, 0xD5, 0x7F, 0xB9, 0x5B, 0x1D, 0xFE, 0x4E,
    0xEA, 0x40, 0xFC, 0x8B, 0xD5, 0x92, 0xCE, 0x0E, 0x48, 0x7D, 0x38, 0x21, 0xE0, 0x36, 0x97, 0xF2,
    0x69, 0x68, 0xAD, 0xFA, 0xD0, 0x45, 0xAD, 0xB7, 0xC1, 0xCB, 0x5B, 0xAD, 0xF2, 0xE0, 0x76, 0x02,
    0xC8, 0xA4, 0xB6, 0x33, 0x91, 0x76, 0xD1, 0xB6, 0x3A, 0x85, 0xF3, 0x1B, 0xEA, 0x12, 0x56, 0xA6,
    0xFE, 0xDE, 0x64, 0xAB, 0xD5, 0x4A, 0x13, 0x95, 0xD7, 0x29, 0xB0, 0xBE, 0x47, 0xD9, 0xA6, 0x20,
    0xBF, 0x24, 0xC7, 0x9A, 0x1A, 0x4B, 0xF5, 0xA2, 0x61, 0x1A, 0x62, 0x39, 0x56, 0x9C, 0xB5, 0xBD,
    0x92, 0x68, 0xA4, 0x54, 0x87, 0x94, 0x62, 0xA2, 0x44, 0x72, 0xB4, 0xE2, 0xAD, 0xC4, 0x21, 0x98,
    0xBD, 0x4E, 0xA3, 0xB3, 0xD2, 0xB7, 0x3B, 0xBE, 0x83, 0xE9, 0xE9, 0xC4, 0x07, 0xB2, 0x5A, 0xD4,
    0x40, 0xC7, 0xCD, 0x73, 0xD5, 0x5B, 0x70, 0xCD, 0x11, 0x1A, 0xBC, 0x16, 0xA1, 0x4E, 0x4A, 0xB7,
    0x5C, 0x7B, 0xFC, 0x87, 0x78, 0xD9, 0xDF, 0xD0, 0xF0, 0x63, 0xDD, 0x6F, 0xA7, 0x6F, 0xF6, 0xE8,
    0xEC, 0xF7, 0x69, 0xAF, 0x18, 0x0A, 0x2E, 0x0D, 0x63, 0xC5, 0xBE, 0xE3, 0x5A, 0x13, 0xC3, 0xFB,
    0xAB, 0xDB, 0x71, 0x88, 0xB4, 0x5B, 0x25, 0xD9, 0xAE, 0x4D, 0x14, 0xA6, 0x56, 0x4E, 0x6E, 0x97,
    0xFC, 0xD8, 0xAE, 0x5D, 0xD4, 0x9D, 0xDC, 0x7D, 0xA1, 0xD6, 0xDC, 0x31, 0xE9, 0x5E, 0xD3, 0xFF,
    0x64, 0x76, 0xAA, 0xC0, 0xA8, 0x8A, 0xD0, 0x14, 0xDF, 0x8C, 0x01, 0x2E, 0x0F, 0xF8, 0x88, 0xCF,
    0xF2, 0xE9, 0xBD, 0x64, 0x36, 0x91, 0x8F, 0x53, 0xE0, 0xE6, 0xB2, 0x98, 0x46, 0x9A, 0x9D, 0x9E,
    0xCF, 0xDA, 0x65, 0x7F, 0xBB, 0x38, 0xFC, 0x9E, 0xA1, 0x91, 0x6E, 0xC5, 0x58, 0xDC, 0x67, 0xA9,
    0x8B, 0xDD, 0xFB, 0xC9, 0x2F, 0x83, 0x13, 0x6C, 0x82, 0x47, 0xC9, 0x45, 0xFF, 0x44, 0x16, 0xDF,
    0x3F, 0x97, 0xED, 0xEE, 0x09, 0xCE, 0xED, 0x71, 0x5E, 0x1C, 0x2A, 0x6D, 0xA2, 0x79, 0x7E, 0x00,
    0x6D, 0x1E, 0x7D, 0x78, 0x61, 0x1B, 0x6E, 0x86, 0xD7, 0x45, 0x27, 0xB9, 0x16, 0x0C, 0x6D, 0x28,
    0xD9, 0x97, 0x7D, 0xC9, 0xD3, 0x17, 0x8A, 0xBC, 0x5F, 0x8F, 0xD3, 0x09, 0x1A, 0xDA, 0xEA, 0x50,
    0xD0, 0xEA, 0xE7, 0xA5, 0x59, 0x05, 0xE7, 0x02, 0x98, 0xE6, 0x76, 0x04, 0xE7, 0x29, 0xD5, 0xB4,
    0x05, 0xCB, 0xD7, 0xB2, 0x7C, 0x43, 0xFB, 0xE0, 0xC0, 0xFD, 0x68, 0xC7, 0x73, 0xF2, 0xC3, 0x09,
    0xB4, 0xE6, 0x39, 0xF6, 0x36, 0xAE, 0xF8, 0xBE, 0xA2, 0x61, 0x8F, 0x41, 0xBD, 0x9F, 0x5B, 0xC5,
    0xF7, 0x52, 0xB5, 0xA3, 0xAF, 0x0E, 0x1D, 0x74, 0x01, 0x78, 0xA8, 0x45, 0xCD, 0x28, 0x79, 0xBB,
    0xAE, 0xBA, 0x54, 0xF6, 0x2E, 0x76, 0x61, 0x08, 0x1D, 0x75, 0x1D, 0x98, 0xAF, 0x5D, 0x67, 0xFC,
    0x38, 0xFB, 0x5D, 0xCE, 0x1E, 0xF0, 0xB7, 0x91, 0x54, 0xF4, 0x5F, 0xE4, 0xA3, 0x79, 0x18, 0x06,
    0xE6, 0x8B, 0x96, 0x3D, 0x88, 0x70, 0xC2, 0x0C, 0xD9, 0xB0, 0x0B, 0xD4, 0xEA, 0xE0, 0x2E, 0xAC,
    0x02, 0x3B, 0x7C, 0x9D, 0x21, 0x0A, 0xBC, 0x21, 0x9C, 0xB0, 0x39, 0x4E, 0x59, 0xAC, 0x13, 0x57,
    0xBC, 0x2D, 0x59, 0x64, 0xD1, 0xCF, 0x11, 0x8B, 0xE3, 0x7C, 0x21, 0x29, 0x92, 0x22, 0xE0, 0x0C,
    0xF4, 0x40, 0x67, 0x77, 0xE8, 0xF3, 0xFE, 0x6C, 0xE9, 0xC9, 0x79, 0x90, 0x9C, 0xC8, 0xD1, 0xAE,
    0xF9, 0xFB, 0x7F, 0x5F, 0xCD, 0xDD, 0x7A, 0x5D, 0xCD, 0xAD, 0xEE, 0x6F, 0xC3, 0x71, 0x43, 0xCD,
    0xF5, 0x65, 0xB5, 0x1E, 0xBE, 0xFC, 0x27, 0x03, 0x7C, 0x6A, 0x4A, 0x65, 0x77, 0x1E, 0x81, 0xFF,
    0x00, 0x24, 0xCB, 0x01, 0x46, 0x04, 0x51, 0x1C, 0xC7, 0xF1, 0xEF, 0xEE, 0xD0, 0xE0, 0x61, 0x02,
    0x14, 0x34, 0xDD, 0xE0, 0x0F, 0x20, 0x76, 0xF7, 0xFF, 0x12, 0x9D, 0x24, 0x08, 0x74, 0x82, 0xF6,
    0x3D, 0x9D, 0x25, 0xE8, 0x0E, 0xAD, 0xF7, 0xBA, 0xC1, 0xA4, 0x03, 0x34, 0x47, 0x18, 0x0C, 0x26,
    0xBD, 0xDE, 0xBF, 0x56, 0x3F, 0x3F, 0xF0, 0xE1, 0x1B, 0xA2, 0xE6, 0x7E, 0x70, 0x53, 0x33, 0xF1,
    0x42, 0x53, 0x68, 0x67, 0xBA, 0x11, 0x8D, 0x24, 0xE0, 0x1C, 0x42, 0x5C, 0xD9, 0xD0, 0x7E, 0x4F,
    0xFD, 0xC7, 0x12, 0xAE, 0x8B, 0xFB, 0x0A, 0x62, 0x35, 0x58, 0x39, 0x3C, 0x8C, 0x00, 0xC1, 0x8C,
    0x64, 0x86, 0x59, 0xA5, 0x50, 0x6A, 0xBB, 0x24, 0x9B, 0xD4, 0x06, 0x57, 0xE9, 0xB2, 0x0E, 0x9A,
    0xC5, 0x8B, 0x3F, 0x84, 0x37, 0x4B, 0x4F, 0x75, 0xC7, 0x02, 0xB8, 0x1F, 0xD4, 0xFC, 0x56, 0x22,
    0xEA, 0x49, 0xAC, 0x17, 0xDA, 0x89, 0x93, 0xC8, 0x7A, 0xEE, 0xEA, 0xB6, 0xDF, 0x74, 0x9B, 0x0B,
    0x2D, 0x6E, 0xC4, 0xBA, 0xA9, 0x29, 0x9A, 0xDD, 0x9C, 0xE8, 0xDF, 0x0B, 0x7A, 0x33, 0x73, 0xBF,
    0x7A, 0x0E, 0xED, 0x2C, 0x9F, 0x43, 0x67, 0xB1, 0xAD, 0xC7, 0x12, 0xC9, 0xE8, 0xDF, 0x23, 0x01,
    0x2A, 0x4D, 0xA1, 0x9F, 0x8E, 0x70, 0xC5, 0x71, 0xE2, 0x43, 0x4E, 0x71, 0x47, 0x97, 0x05, 0x1D,
    0x2C, 0x6A, 0x36, 0x2F, 0x7E, 0xFF, 0xEF, 0x39, 0xE4, 0x3E, 0x0A, 0xAF, 0x5C, 0xC2, 0x1D, 0x2C,
    0x34, 0x23, 0xAE, 0xB0, 0x36, 0x50, 0x4E, 0x13, 0x5A, 0x90, 0x91, 0xD5, 0xE2, 0x06, 0x61, 0x4F,
    0x3A, 0x4B, 0x25, 0x14, 0x19, 0x1F, 0x39, 0x84, 0xDB, 0xA2, 0xB6, 0x88, 0x8D, 0x6D, 0xF5, 0x00,
    0x62, 0xBF, 0x03, 0x9A, 0x0C, 0xC1, 0x0E, 0x00, 0xC5, 0x98, 0x31, 0x90, 0xDE, 0xC6, 0x75, 0xC7,
    0x1F, 0x3E, 0x38, 0xC2, 0x24, 0x28, 0xB6, 0x89, 0x92, 0x4C, 0x38, 0xF1, 0xD6, 0xF1, 0x44, 0xDC,
    0x7E, 0xE6, 0x8E, 0x0B, 0x4B, 0x9E, 0xB0, 0x60, 0x71, 0x2A, 0x6C, 0x27, 0x63, 0x17, 0xEC, 0xED,
    0x19, 0xB3, 0x71, 0xA1, 0xE2, 0x48, 0x80, 0x62, 0xA1, 0x82, 0x05, 0x95, 0xC2, 0x71, 0xE1, 0x42,
    0x2E, 0xD2, 0x38, 0x0D, 0x53, 0x24, 0x33, 0xCC, 0xCC, 0x91, 0x00, 0xC9, 0x82, 0x05, 0x0B, 0xC1,
    0xBC, 0x42, 0x85, 0x0A, 0x42, 0x24, 0x6D, 0x15, 0x2A, 0xB8, 0x94, 0x20, 0x1B, 0x27, 0x02, 0x78,
    0xF9, 0xFF, 0x77, 0x6F, 0xEE, 0x23, 0x65, 0xCB, 0xA3, 0x14, 0x99, 0x40, 0x87, 0xDF, 0xEA, 0xFB,
    0x3E, 0xEE, 0xBE, 0xB7, 0x6F, 0xFF, 0xFB, 0xDE, 0x02, 0x22, 0xED, 0x24, 0x62, 0x54, 0x2B, 0xA9,
    0x55, 0xFB, 0x4C, 0x7F, 0xAB, 0x21, 0x5F, 0xC4, 0x8D, 0xE5, 0x28, 0x66, 0x32, 0x6B, 0x05, 0x68,
    0x6F, 0x46, 0x69, 0x81, 0xCD, 0x2A, 0x26, 0x14, 0xB3, 0xD8, 0x50, 0x4E, 0x00, 0xBE, 0x75, 0x83,
    0x09, 0xE2, 0x7B, 0x4B, 0x10, 0x9D, 0x1B, 0xA4, 0xEE, 0x7C, 0x2F, 0x6D, 0x44, 0xE3, 0x3B, 0xE1,
    0xC8, 0x53, 0xA6, 0x85, 0xEA, 0xEB, 0xAB, 0x55, 0xBD, 0xBB, 0xF8, 0xA3, 0xF6, 0x70, 0xA9, 0x67,
    0x77, 0x38, 0xDF, 0xBA, 0xE4, 0xEE, 0xCD, 0x37, 0xAC, 0xBB, 0x3F, 0x1D, 0x9C, 0xF1, 0xE7, 0x26,
    0x3F, 0xAF, 0x66, 0xB4, 0x8F, 0x66, 0x0C, 0x59, 0x8E, 0x80, 0x0D, 0x36, 0xC0, 0x02, 0x86, 0xF4,
    0x3D, 0x81, 0x21, 0x89, 0x4E, 0xFC, 0xEF, 0x14, 0x50, 0x15, 0xB1, 0xBA, 0x88, 0x6C, 0x74, 0x90,
    0xE3, 0xEB, 0xC0, 0x55, 0x6D, 0x03, 0x53, 0xBD, 0x56, 0x46, 0x35, 0xA8, 0xF8, 0xBB, 0x7B, 0x60,
    0x3D, 0x96, 0xCF, 0x54, 0xDA, 0xD9, 0x7C, 0xBA, 0xCA, 0xBC, 0x4B, 0x8E, 0xAF, 0xF9, 0xC3, 0x45,
    0x6E, 0xEC, 0xB7, 0x57, 0x66, 0xF1, 0x47, 0x9A, 0x63, 0x52, 0x87, 0x33, 0xA6, 0x26, 0xE5, 0x54,
    0x32, 0x20, 0x63, 0x24, 0xA7, 0xC8, 0x89, 0x06, 0xD2, 0x92, 0x47, 0xED, 0x10, 0xC3, 0xD5, 0x89,
    0xC0, 0x0C, 0x4D, 0xB6, 0x23, 0x90, 0xB5, 0x47, 0x74, 0x46, 0x31, 0x67, 0xD5, 0x69, 0xA3, 0xBF,
    0x69, 0xE7, 0x62, 0x91, 0x72, 0x31, 0x93, 0xE4, 0xAB, 0x09, 0xA7, 0xDF, 0x58, 0xED, 0x33, 0x3D,
    0x5C, 0xEC, 0xC7, 0x1F, 0x3D, 0x9E, 0xED, 0xD3, 0xDB, 0x80, 0xDE, 0xF9, 0x18, 0xD0, 0xFB, 0x93,
    0x59, 0x6E, 0x95, 0x93, 0x99, 0x60, 0x12, 0xC6, 0x0C, 0xAC, 0xD0, 0xD4, 0x00, 0xB8, 0x01, 0x93,
    0xE7, 0x94, 0x7B, 0xDF, 0x01, 0x12, 0xAF, 0xA2, 0x2F, 0xF1, 0xCD, 0x54, 0x8F, 0xA2, 0xAA, 0x73,
    0xBE, 0xD6, 0xCF, 0xD7, 0x62, 0x36, 0x6F, 0xAF, 0xE8, 0xBB, 0x81, 0x21, 0xC0, 0xC2, 0xDA, 0x62,
    0x3F, 0x8A, 0xD6, 0x1E, 0x45, 0x6B, 0x34, 0x74, 0xF8, 0xC1, 0x6C, 0xA2, 0xB5, 0xF9, 0x52, 0x32,
    0x34, 0xC2, 0x90, 0x39, 0x36, 0x44, 0xF8, 0x9E, 0xD6, 0xB6, 0x86, 0xE4, 0xC0, 0x57, 0xBE, 0x67,
    0x28, 0x7D, 0xC7, 0x50, 0x62, 0x55, 0xEF, 0xED, 0x81, 0x35, 0x56, 0xA6, 0x6D, 0x10, 0xCA, 0xA0,
    0x15, 0x42, 0x89, 0x40, 0x23, 0x94, 0x9D, 0x32, 0x94, 0x99, 0x4A, 0x7D, 0xB4, 0x6C, 0x94, 0xA1,
    0x84, 0x54, 0xB0, 0x88, 0x50, 0x92, 0xB4, 0x2B, 0x98, 0xAB, 0x1E, 0xCE, 0x52, 0x3E, 0x52, 0x9D,
    0xC5, 0xDC, 0x8E, 0xBC, 0x3C, 0x29, 0x26, 0xFD, 0xC1, 0xE8, 0x47, 0x29, 0x74, 0xB0, 0xA3, 0x64,
    0x5A, 0x31, 0xD0, 0x02, 0x9F, 0x44, 0x67, 0xC9, 0xC6, 0x59, 0x36, 0xFD, 0x4D, 0xC9, 0x3F, 0x42,
    0x8B, 0xCF, 0x58, 0xBE, 0x4C, 0x10, 0xA9, 0xCA, 0x8C, 0xF0, 0x68, 0x74, 0x81, 0xAB, 0x63, 0x21,
    0x47, 0x17, 0x36, 0x8A, 0x29, 0x68, 0x8B, 0xC0, 0x68, 0x27, 0x16, 0x77, 0x89, 0x3B, 0xD7, 0x46,
    0x04, 0xF7, 0x29, 0x7D, 0x17, 0x43, 0x2B, 0x56, 0x43, 0x55, 0x2B, 0xBB, 0xFE, 0x42, 0x3B, 0x1F,
    0xA8, 0xCF, 0x06, 0x4A, 0xE5, 0xFA, 0x75, 0x9B, 0x05, 0x4A, 0x35, 0x2A, 0x5A, 0x39, 0xD3, 0xA8,
    0xEC, 0x12, 0x67, 0xEC, 0x65, 0xC5, 0x50, 0x6F, 0xAF, 0x52, 0x12, 0xE2, 0xAF, 0x2C, 0xC4, 0x0C,
    0x7C, 0x48, 0xE8, 0xC4, 0xF5, 0x86, 0xBB, 0xAF, 0x68, 0x05, 0xC0, 0x86, 0xB4, 0xBA, 0x52, 0x13,
    0xDA, 0x58, 0xFD, 0x57, 0xDA, 0xE0, 0xC2, 0x35, 0x29, 0x9E, 0xBE, 0x2B, 0xA3, 0x7E, 0x67, 0x98,
    0xBC, 0xB1, 0x03, 0x6B, 0x23, 0x50, 0x8D, 0x07, 0xA2, 0x90, 0x0F, 0x84, 0xE2, 0x42, 0x8D, 0x88,
    0x3C, 0x56, 0x9A, 0x9C, 0x9D, 0x38, 0x9D, 0xAC, 0xB8, 0x65, 0xBE, 0x24, 0x1E, 0x3F, 0x70, 0x6B,
    0x45, 0x81, 0x73, 0xAC, 0x7A, 0xC4, 0x38, 0x54, 0x5E, 0x0B, 0x33, 0xFA, 0xB6, 0x0A, 0x76, 0xD3,
    0xFB, 0x18, 0x76, 0x76, 0x0F, 0x83, 0x60, 0x3F, 0x3D, 0x9C, 0xE4, 0x86, 0xC5, 0xAE, 0x12, 0xEC,
    0xA8, 0x37, 0xD0, 0x75, 0x5E, 0x29, 0xED, 0x47, 0x49, 0xDA, 0xA1, 0xA4, 0xD7, 0x24, 0x37, 0xEE,
    0xC8, 0x01, 0x4D, 0x00, 0x3B, 0x1B, 0xE9, 0xC8, 0xCF, 0xDB, 0x1E, 0x8C, 0x02, 0x37, 0xAA, 0x94,
    0xB6, 0x3E, 0x01, 0x85, 0x1D, 0xE5, 0xE0, 0x34, 0x3A, 0xE6, 0x27, 0x9A, 0x50, 0x81, 0x26, 0x7E,
    0x0F, 0xEB, 0xA3, 0x79, 0x3E, 0x73, 0x7B, 0x7D, 0x16, 0xB7, 0xD7, 0x23, 0xE5, 0xF6, 0xBA, 0xB3,
    0x52, 0x13, 0x88, 0x1D, 0xB7, 0xD7, 0x42, 0x4D, 0xE4, 0x71, 0x7B, 0x91, 0x66, 0x2C, 0xC8, 0xE4,
    0x4F, 0x62, 0xDA, 0x6A, 0x4B, 0x1D, 0xA2, 0xDD, 0x3E, 0x6E, 0xAF, 0x46, 0x62, 0x7A, 0xE2, 0xF6,
    0x7A, 0x22, 0x1C, 0x43, 0x95, 0x4D, 0xAB, 0xDA, 0xE5, 0x33, 0x53, 0xD5, 0x50, 0xCC, 0xF8, 0xEC,
    0x21, 0x82, 0x72, 0xE4, 0x40, 0x4C, 0x58, 0x1C, 0xC9, 0x68, 0xCF, 0x46, 0xDA, 0x9E, 0x09, 0x0A,
    0x5A, 0x64, 0x76, 0x82, 0x49, 0xCF, 0xCF, 0x13, 0xA7, 0xCA, 0xE9, 0x33, 0x51, 0x99, 0x25, 0xD7,
    0x09, 0x01, 0x50, 0x18, 0xAD, 0xBB, 0x5D, 0x73, 0xBE, 0xC4, 0xE0, 0xFB, 0xE6, 0x27, 0xC5, 0x53,
    0x6D, 0x2E, 0x3A, 0x77, 0xFE, 0x9E, 0x36, 0x7E, 0x31, 0x0A, 0x6D, 0x96, 0x63, 0x31, 0x89, 0xA6,
    0xB5, 0xC6, 0x50, 0xAD, 0xCE, 0x68, 0x36, 0xAA, 0xCA, 0x94, 0xA1, 0xBF, 0x50, 0xE8, 0x12, 0x22,
    0xD6, 0x06, 0xD2, 0xEC, 0xD9, 0x04, 0x7F, 0xC4, 0x45, 0x0A, 0x5E, 0x2B, 0x36, 0x9B, 0xA8, 0xAF,
    0xA1, 0xE4, 0x18, 0xF4, 0x26, 0x63, 0xE3, 0x7B, 0x36, 0x70, 0x63, 0xB3, 0xD2, 0x9B, 0x99, 0x93,
    0xEB, 0x6A, 0x65, 0xD3, 0xB4, 0xE7, 0xDF, 0x58, 0xD0, 0xE5, 0xA6, 0x79, 0x03, 0x83, 0xCB, 0x2D,
    0x9B, 0x53, 0xC3, 0x1E, 0x5F, 0x29, 0xA6, 0xFA, 0x04, 0xB2, 0xAE, 0xE4, 0xCB, 0xD7, 0xE6, 0x89,
    0xCC, 0x68, 0xCC, 0xB2, 0x61, 0xB3, 0x7B, 0x3A, 0x67, 0xEC, 0x76, 0x4E, 0x97, 0x81, 0x9F, 0xF6,
    0xA3, 0x88, 0xDC, 0xAA, 0x14, 0xBD, 0xD1, 0x55, 0x62, 0x5C, 0x07, 0x36, 0x29, 0x81, 0x7A, 0x7E,
    0x97, 0x29, 0xC3, 0x5E, 0xC0, 0x64, 0x27, 0x31, 0x80, 0xDC, 0x8E, 0x7E, 0xA0, 0x61, 0x66, 0x08,
    0xED, 0x40, 0x78, 0xE5, 0xB1, 0xBF, 0x28, 0x66, 0x29, 0x10, 0xC6, 0x46, 0x60, 0xA1, 0x8D, 0xD4,
    0x6A, 0xA3, 0xA0, 0x94, 0x91, 0xE6, 0x1C, 0xA7, 0x69, 0x8B, 0x01, 0xD3, 0xB3, 0xE7, 0x3B, 0xD0,
    0x68, 0x83, 0xC9, 0xF1, 0x8F, 0x1E, 0x4A, 0xB1, 0xA5, 0x2D, 0x27, 0xB8, 0x73, 0x93, 0xA9, 0x49,
    0x17, 0xD0, 0x5F, 0xD6, 0x6B, 0x41, 0xFC, 0xE6, 0xB9, 0x82, 0x48, 0x1C, 0x03, 0x8C, 0x37, 0x70,
    0xB7, 0x3C, 0xDA, 0xA6, 0xA8, 0x24, 0x8F, 0xE3, 0xF2, 0x15, 0xEB, 0x97, 0xC4, 0x02, 0x26, 0xB1,
    0x82, 0xD1, 0xB7, 0x38, 0x5C, 0x15, 0x19, 0x40, 0xA9, 0xA3, 0xE0, 0x95, 0x5A, 0xCE, 0x16, 0x12,
    0x91, 0x72, 0x03, 0xC9, 0x72, 0x05, 0x76, 0x1B, 0x25, 0xF3, 0x07, 0x9C, 0x5D, 0x71, 0x79, 0xC2,
    0xBC, 0x8A, 0x0F, 0x02, 0x98, 0xC3, 0x03, 0xAD, 0x32, 0x18, 0x52, 0xDA, 0x4D, 0xCC, 0xC8, 0xFD,
    0xCD, 0x0A, 0x4E, 0x60, 0xA1, 0x21, 0xAA, 0x74, 0x38, 0xC4, 0x18, 0xC5, 0x67, 0xD8, 0x19, 0xBB,
    0x85, 0xEA, 0x8C, 0x64, 0xD2, 0xFA, 0x09, 0xA1, 0xFF, 0x07, 0x08, 0xA4, 0x1C, 0xBF, 0x51, 0x8E,
    0x27, 0xEE, 0xBB, 0xF5, 0xE7, 0x41, 0x28, 0xA2, 0x40, 0xBD, 0x33, 0xE6, 0x47, 0x3F, 0xC6, 0x68,
    0x8E, 0xF9, 0x44, 0xBC, 0xB2, 0x71, 0x1C, 0x81, 0xB2, 0xC3, 0xF7, 0x05, 0x94, 0xC6, 0x4E, 0x1B,
    0x70, 0xDF, 0xD3, 0xEE, 0x0D, 0x47, 0xDE, 0xBC, 0xC4, 0x4C, 0xEB, 0xB9, 0xD7, 0xE5, 0xD4, 0x42,
    0xE6, 0x73, 0x41, 0xEA, 0x85, 0x49, 0x38, 0x3E, 0x15, 0xC0, 0xE1, 0xB9, 0xC5, 0xE4, 0xE5, 0x2B,
    0x1B, 0x6A, 0x04, 0x2F, 0x1F, 0x3E, 0x64, 0x49, 0xBB, 0x73, 0xBF, 0x67, 0xC2, 0x8B, 0xE5, 0xB5,
    0x01, 0x6F, 0xBA, 0xDF, 0xBE, 0xD7, 0x49, 0x3D, 0x51, 0x14, 0xAE, 0xFF, 0x69, 0x7B, 0xA2, 0xB9,
    0x9F, 0x9E, 0x96, 0x53, 0x63, 0x0E, 0x31, 0xD5, 0xAC, 0x2B, 0x1F, 0xE9, 0xE2, 0xEF, 0x9D, 0x7F,
    0xFC, 0x7C, 0x45, 0x26, 0xF8, 0xF8, 0xF1, 0xD2, 0xCE, 0xF6, 0xE1, 0xDD, 0x65, 0xDE, 0x75, 0x0F,
    0xAF, 0xCC, 0xE3, 0x6B, 0x75, 0x5B, 0xCC, 0x37, 0xF6, 0xF5, 0x52, 0x39, 0xD7, 0x5F, 0x2C, 0x73,
    0x39, 0xD9, 0xC3, 0x85, 0x15, 0xA8, 0xFC, 0x82, 0x75, 0xD5, 0xFC, 0xBE, 0x27, 0x9F, 0x77, 0x16,
    0xE4, 0x06, 0x11, 0xAB, 0x02, 0xBA, 0x39, 0xEA, 0x8D, 0x7B, 0x55, 0x7C, 0x88, 0xE4, 0xC9, 0x62,
    0x1B, 0xB8, 0xA6, 0xC6, 0x62, 0x48, 0xA6, 0x8F, 0xB4, 0x47, 0xCB, 0xE0, 0x05, 0xEA, 0x6B, 0xD2,
    0xF7, 0x46, 0xAE, 0xFE, 0xF0, 0x9A, 0x99, 0xD0, 0xFA, 0x2E, 0x66, 0x1C, 0xB4, 0xFF, 0x1D, 0x73,
    0x4E, 0x7D, 0x57, 0x51, 0xDA, 0xD1, 0x5E, 0x3D, 0x77, 0x8D, 0x79, 0xA7, 0xBE, 0x56, 0xBC, 0x47,
    0x61, 0xD4, 0xEF, 0x9F, 0x8F, 0x65, 0xBE, 0xBE, 0xB7, 0xA6, 0x23, 0xCD, 0x9D, 0xC9, 0x0F, 0x16,
    0xED, 0x7D, 0x4C, 0x8D, 0x67, 0x0F, 0x3D, 0xAB, 0x7A, 0x1D, 0xED, 0x62, 0xAE, 0x50, 0x66, 0x75,
    0x30, 0xF9, 0x27, 0xDA, 0xF1, 0x54, 0x74, 0xF5, 0x01, 0xDB, 0xA6, 0x64, 0xBC, 0xA8, 0xFF, 0x85,
    0x1B, 0x22, 0x66, 0x09, 0xAA, 0xA3, 0xD6, 0x85, 0xED, 0x46, 0x15, 0x58, 0xD3, 0xC6, 0x82, 0x5F,
    0x30, 0x19, 0x5B, 0x87, 0xA1, 0x3A, 0xFA, 0x77, 0xC4, 0xB4, 0x8E, 0x96, 0x5B, 0x0B, 0x7E, 0x6D,
    0x54, 0x6A, 0xB6, 0x25, 0x05, 0x68, 0x98, 0xDB, 0x50, 0x2F, 0xE8, 0x57, 0xCF, 0x2C, 0x92, 0xDA,
    0x8C, 0xAB, 0xB4, 0x64, 0x6A, 0xE8, 0x0F, 0x3E, 0xD5, 0x8A, 0x0A, 0x60, 0x5E, 0x57, 0x7D, 0x10,
    0x84, 0x59, 0x43, 0x6F, 0xE3, 0xB3, 0xCB, 0xF5, 0x3E, 0xF4, 0xEB, 0x91, 0xE6, 0x72, 0x16, 0xC7,
    0x27, 0xC5, 0x9C, 0xAD, 0x51, 0x4E, 0x03, 0x9D, 0x5B, 0xA3, 0x67, 0x5D, 0x89, 0x8A, 0x35, 0x58,
    0x04, 0x3B, 0xF8, 0x78, 0x16, 0xB8, 0xBD, 0x98, 0x50, 0xDF, 0x53, 0xE0, 0xFD, 0xF2, 0x3C, 0x71,
    0x61, 0xA8, 0xDF, 0xBF, 0xEE, 0x06, 0x7F, 0x6F, 0xF1, 0x3D, 0x63, 0xD3, 0xF9, 0xFB, 0x7D, 0xDD,
    0xC1, 0x5B, 0x60, 0x86, 0x8B, 0x35, 0xB7, 0x7E, 0xDB, 0x13, 0x8D, 0x68, 0xDC, 0x28, 0xB0, 0x21,
    0x7F, 0x0E, 0x1B, 0x1D, 0x0A, 0xAC, 0x62, 0x17, 0xB3, 0xFC, 0x8E, 0x36, 0xB4, 0x7B, 0x93, 0xEB,
    0xFF, 0xA6, 0x9C, 0xE2, 0xCA, 0xD4, 0xB7, 0x17, 0xE0, 0x1D, 0xDD, 0x1B, 0xEB, 0x6B, 0x67, 0xAF,
    0xC1, 0x50, 0xB1, 0x07, 0x5C, 0x87, 0x07, 0x77, 0x67, 0x5A, 0x1B, 0x61, 0xED, 0x69, 0x03, 0xAC,
    0x08, 0x4F, 0x3D, 0x72, 0xB0, 0x9E, 0x68, 0x60, 0x92, 0x3B, 0xB1, 0x4A, 0xF3, 0xF0, 0xBA, 0xA6,
    0xC4, 0x15, 0xC3, 0x9B, 0xF2, 0x7E, 0x0F, 0xC1, 0x20, 0xAA, 0x18, 0x05, 0x01, 0xEB, 0x37, 0xCC,
    0xB6, 0xE5, 0x94, 0x4A, 0x1D, 0xF3, 0x7E, 0x42, 0xDB, 0x78, 0xE6, 0xD8, 0x5A, 0x81, 0x5B, 0xA6,
    0x52, 0xC4, 0xED, 0xDB, 0x8A, 0xA0, 0x31, 0x2B, 0x2F, 0x4C, 0x5A, 0x4F, 0xB0, 0x46, 0x58, 0xD1,
    0x62, 0x12, 0x8B, 0x61, 0xB4, 0x3A, 0x03, 0xDD, 0x69, 0xB3, 0x63, 0x3A, 0x28, 0x7F, 0xC7, 0x5D,
    0x9E, 0x30, 0x80, 0x5E, 0x09, 0xDA, 0x18, 0x3D, 0x3B, 0xD0, 0x21, 0xD3, 0x51, 0x93, 0xF6, 0x32,
    0xE9, 0xB9, 0xEE, 0xEB, 0x45, 0x0C, 0x93, 0xAF, 0xC8, 0xEC, 0xE0, 0x18, 0x19, 0xB0, 0xDE, 0x85,
    0x76, 0x05, 0xD9, 0x80, 0xA5, 0x72, 0x99, 0xCD, 0x1A, 0x93, 0xD5, 0x1C, 0x89, 0x8F, 0x41, 0xD2,
    0x65, 0x99, 0x21, 0xA8, 0xEE, 0x3C, 0x2E, 0xD4, 0xFA, 0x83, 0x15, 0x39, 0xA2, 0x8A, 0x69, 0xA1,
    0x11, 0xCF, 0xDC, 0xF0, 0xEA, 0xF5, 0x58, 0xA7, 0x4F, 0xA9, 0xD8, 0x34, 0x4F, 0x58, 0x4C, 0xA0,
    0xC2, 0x28, 0xAF, 0x84, 0xB6, 0x2B, 0x81, 0xCF, 0xDB, 0x89, 0xDD, 0x82, 0x58, 0x0E, 0x90, 0xE1,
    0x13, 0x27, 0x28, 0xCA, 0x09, 0x66, 0x3C, 0xF7, 0x34, 0x20, 0x26, 0x88, 0xFE, 0xBB, 0x8E, 0xC9,
    0xDA, 0x2B, 0x59, 0x6A, 0xC5, 0xB4, 0xA2, 0x4C, 0xD6, 0x19, 0x49, 0x52, 0xA8, 0xD1, 0x6D, 0x2A,
    0x39, 0x80, 0x99, 0xB2, 0x2E, 0x58, 0x1D, 0xA4, 0x58, 0x8E, 0x73, 0x5A, 0x3F, 0xA2, 0xEF, 0xF3,
    0x6E, 0x14, 0x84, 0xE8, 0x30, 0x08, 0xEB, 0x6D, 0xCF, 0x2E, 0xB7, 0x8E, 0xED, 0x56, 0xB0, 0x0B,
    0xC2, 0xAE, 0x44, 0xBB, 0x99, 0xD2, 0x2E, 0xBD, 0x57, 0x92, 0x76, 0xA3, 0x7B, 0x39, 0x2D, 0x92,
    0xC9, 0x3A, 0x7F, 0x9A, 0x68, 0x37, 0x91, 0x3E, 0x20, 0x74, 0x81, 0x3F, 0xD9, 0x48, 0x07, 0x42,
    0xD5, 0xBD, 0xC4, 0xB8, 0x89, 0xA8, 0xAE, 0x31, 0x48, 0xBF, 0x14, 0x5E, 0xEC, 0xB0, 0x65, 0x20,
    0x6D, 0xA4, 0x1B, 0xB6, 0xF4, 0x7D, 0x24, 0xCE, 0x87, 0x24, 0xFD, 0xAC, 0xBB, 0x33, 0x96, 0x9B,
    0x1D, 0x7E, 0x82, 0xF0, 0x93, 0xA5, 0x50, 0x41, 0x29, 0x93, 0xE4, 0x55, 0xC0, 0xB8, 0xEE, 0x24,
    0xC5, 0xB3, 0x92, 0xFC, 0x9B, 0xC9, 0x02, 0x9C, 0x49, 0xAE, 0xFB, 0x44, 0xDA, 0x91, 0x7E, 0xB6,
    0x21, 0xFA, 0x09, 0x83, 0x60, 0x45, 0x3F, 0x79, 0xE8, 0x2A, 0xE3, 0x46, 0xAF, 0x99, 0xBE, 0x64,
    0xD9, 0x05, 0xB3, 0xF1, 0x34, 0x7C, 0xD8, 0x4C, 0x17, 0x63, 0x41, 0x9A, 0x22, 0x07, 0x79, 0x79,
    0x69, 0xCA, 0x89, 0xF2, 0x33, 0x63, 0x7D, 0x67, 0x05, 0xF5, 0x31, 0xF8, 0x99, 0x7E, 0xC6, 0xB2,
    0xF4, 0x99, 0xCE, 0xE0, 0xAF, 0x41, 0xA7, 0x0D, 0xE8, 0x55, 0x6A, 0x88, 0x01, 0xFF, 0x33, 0xF2,
    0xCF, 0x8D, 0x52, 0x0F, 0x0C, 0xC6, 0xB6, 0x32, 0x97, 0xD3, 0xD7, 0x89, 0xD5, 0xFF, 0x97, 0x9F,
    0x3C, 0xB7, 0xE7, 0x0B, 0xD6, 0x45, 0xF3, 0xF9, 0x8C, 0xBB, 0x0C, 0xEE, 0x98, 0xBB, 0x5A, 0xCC,
    0x3B, 0xEE, 0x1D, 0x45, 0x82, 0xD1, 0xAB, 0x7A, 0x6E, 0x34, 0xBA, 0xF7, 0x70, 0x6F, 0x14, 0xB5,
    0x7B, 0x7B, 0x41, 0xD4, 0x9B, 0x6B, 0x21, 0xD3, 0x8B, 0xE6, 0x3D, 0xD4, 0x8A, 0x03, 0xF3, 0x14,
    0xE7, 0x92, 0xA9, 0x7C, 0xDA, 0xE7, 0x4C, 0x4E, 0xE0, 0x50, 0x68, 0x97, 0x6B, 0x07, 0x16, 0xD0,
    0x3C, 0xB3, 0x22, 0x1F, 0x22, 0xCC, 0x0A, 0x56, 0x66, 0x4E, 0x64, 0x66, 0x8E, 0x57, 0xDD, 0x91,
    0x98, 0x19, 0x89, 0xA9, 0xBD, 0xD4, 0x44, 0x66, 0xC7, 0xCD, 0x4A, 0x52, 0x08, 0xC9, 0x5F, 0x49,
    0x0E, 0x4B, 0xF2, 0x58, 0x92, 0xCB, 0x92, 0x7C, 0x96, 0xE8, 0xF4, 0x24, 0xC7, 0x5E, 0x1F, 0xBB,
    0x9D, 0xFC, 0x96, 0xE4, 0xB8, 0x24, 0xCF, 0x25, 0xB9, 0x2E, 0xC9, 0x77, 0x49, 0xCE, 0x4B, 0xF2,
    0x5E, 0x92, 0xFB, 0x92, 0xFC, 0x97, 0x34, 0x01, 0x49, 0x33, 0x90, 0x93, 0x29, 0x94, 0xDA, 0x80,
    0xAA, 0x53, 0x3C, 0x6A, 0xAF, 0xCC, 0x34, 0x3F, 0xC4, 0xEF, 0x3C, 0x92, 0x36, 0x52, 0x57, 0x02,
    0xEA, 0x28, 0x2D, 0xA8, 0x64, 0xB1, 0x08, 0x7B, 0x07, 0x4E, 0xCE, 0xF6, 0xA4, 0xEB, 0xB2, 0xC8,
    0xB8, 0x4B, 0x49, 0x17, 0x4B, 0xDA, 0xAE, 0x63, 0xB2, 0x79, 0xCB, 0x36, 0xE0, 0xC5, 0x5A, 0x58,
    0xD4, 0xE2, 0x5E, 0xB5, 0x23, 0x29, 0x35, 0x73, 0xF7, 0x46, 0x03, 0x58, 0x1C, 0x8E, 0x18, 0xB3,
    0x7C, 0x1B, 0x94, 0xF2, 0xDE, 0x18, 0xCB, 0x78, 0x00, 0x33, 0x96, 0x72, 0x0A, 0x0B, 0xA3, 0x25,
    0xC2, 0x2B, 0x8C, 0x96, 0x4A, 0x64, 0x62, 0xA1, 0x4C, 0xE7, 0x2E, 0x1E, 0x15, 0x2F, 0x39, 0x7D,
    0x38, 0xCA, 0x81, 0x65, 0xC6, 0x99, 0xEC, 0x53, 0xF0, 0x66, 0x7D, 0x16, 0x84, 0xDD, 0x16, 0x42,
    0x79, 0x22, 0xAE, 0xA7, 0x5D, 0x33, 0xC2, 0xAC, 0x09, 0xE5, 0x10, 0x6C, 0x30, 0x1D, 0x60, 0x1F,
    0x04, 0x37, 0x58, 0xED, 0x7D, 0xEF, 0x56, 0x94, 0x5D, 0x1E, 0x74, 0x3B, 0xA3, 0x63, 0xDD, 0xC1,
    0x8D, 0xB6, 0xB1, 0x84, 0xFF, 0xCD, 0x9B, 0xAC, 0x71, 0xA2, 0xB2, 0xAD, 0x6B, 0x08, 0xEE, 0x2A,
    0x7A, 0x74, 0x61, 0x96, 0x3A, 0x9E, 0xC5, 0x55, 0xFB, 0xF4, 0xFC, 0x9F, 0xAE, 0xFA, 0xA8, 0xAE,
    0xD2, 0x63, 0x81, 0x2A, 0x16, 0xFB, 0xE8, 0x02, 0x86, 0xFD, 0x3C, 0x9E, 0xE6, 0x46, 0x61, 0x8F,
    0x4A, 0x5E, 0x6D, 0xB5, 0xA3, 0x3C, 0x7A, 0x7E, 0xBB, 0x45, 0x97, 0x54, 0x95, 0x16, 0xC6, 0x13,
    0x78, 0x04, 0x17, 0x19, 0x3D, 0x4F, 0x97, 0x35, 0x50, 0xCF, 0x00, 0xBC, 0x94, 0xAF, 0xA8, 0x7A,
    0xF5, 0xCB, 0x55, 0xCF, 0x7F, 0x8D, 0xAA, 0x27, 0x2F, 0x56, 0x3D, 0x04, 0x7D, 0x5B, 0xF5, 0x78,
    0x84, 0x24, 0x88, 0x82, 0x28, 0x27, 0xC0, 0x8C, 0x27, 0x08, 0x80, 0x05, 0x4A, 0x7D, 0x42, 0x37,
    0xD6, 0x74, 0x80, 0xB5, 0x3C, 0x49, 0xF8, 0x20, 0x2E, 0x7C, 0xAB, 0xE1, 0xCF, 0xA7, 0x16, 0x37,
    0xD0, 0xC9, 0xA1, 0x00, 0x7A, 0x03, 0x89, 0x75, 0x6E, 0x14, 0x7D, 0xE1, 0x15, 0x51, 0xBD, 0x00,
    0xDB, 0x0A, 0x7C, 0x40, 0xBC, 0x50, 0x81, 0x07, 0x00, 0xF9, 0xF0, 0x0F, 0xC5, 0x7A, 0x41, 0x45,
    0x38, 0xC5, 0x8A, 0x62, 0x05, 0x75, 0x8C, 0x54, 0x92, 0x62, 0xA5, 0x8B, 0x59, 0x14, 0x6B, 0x14,
    0x53, 0x97, 0x18, 0x4B, 0x19, 0x05, 0xEA, 0x48, 0x8A, 0xB5, 0x88, 0x62, 0x2D, 0x27, 0x8A, 0x15,
    0xF4, 0xB1, 0xA0, 0xD9, 0x71, 0x9B, 0xE9, 0x12, 0xBF, 0x5C, 0x15, 0x12, 0x3B, 0xB2, 0x3E, 0xE1,
    0xA9, 0x15, 0x02, 0xE1, 0x8E, 0xD4, 0x19, 0x0E, 0x2E, 0x3E, 0xE4, 0x6B, 0x0D, 0xC3, 0x3F, 0xAA,
    0x68, 0x9C, 0x41, 0x85, 0xC9, 0x78, 0xC3, 0x28, 0x8D, 0xD1, 0x54, 0xA6, 0x23, 0x75, 0x2F, 0xE6,
    0x6C, 0x10, 0x9B, 0x43, 0xAF, 0x7B, 0x3D, 0x1F, 0x93, 0x98, 0x2D, 0x78, 0xFD, 0xED, 0xBB, 0x64,
    0x1D, 0x25, 0xA6, 0x0D, 0xD5, 0xA6, 0x22, 0x2D, 0xEB, 0x7E, 0x7C, 0xCB, 0x24, 0xC5, 0x2A, 0x88,
    0xA0, 0x99, 0x36, 0x0A, 0xC7, 0x83, 0x41, 0x1A, 0xB5, 0x41, 0xEF, 0x42, 0x78, 0x8F, 0x7F, 0xF7,
    0x78, 0x16, 0xFB, 0x49, 0xF7, 0x19, 0xC8, 0x97, 0x4D, 0xA0, 0xDE, 0x9F, 0x84, 0xAF, 0x9B, 0xD2,
    0x09, 0x03, 0x8C, 0xB3, 0xB4, 0xE9, 0x6F, 0x20, 0xDD, 0xC0, 0x3F, 0xDF, 0xC7, 0xBF, 0x0E, 0xA4,
    0x1B, 0x68, 0x2C, 0x33, 0x43, 0x87, 0xD3, 0x0F, 0xA6, 0xC9, 0xE2, 0x07, 0x3A, 0x6E, 0x64, 0xE4,
    0xAB, 0x80, 0x2D, 0xAC, 0x17, 0x66, 0xBD, 0x28, 0xBA, 0xBF, 0xA3, 0x6B, 0xA6, 0x6F, 0xED, 0xEA,
    0x8C, 0x5C, 0xF5, 0x5F, 0xDC, 0xC5, 0x5E, 0xB5, 0x61, 0x8A, 0x66, 0x09, 0xE4, 0x93, 0x55, 0xBE,
    0xAD, 0x7F, 0xF8, 0xA3, 0x1B, 0x85, 0xFE, 0xAC, 0x1D, 0x63, 0xF1, 0x1B, 0x5E, 0x2E, 0x7E, 0x12,
    0xF3, 0x54, 0x0A, 0xDB, 0x5F, 0xE8, 0x27, 0x73, 0x9C, 0x75, 0x7A, 0x4C, 0x62, 0x80, 0x7E, 0xAE,
    0x70, 0x75, 0x2C, 0x95, 0xA5, 0xC7, 0x3D, 0x0D, 0x22, 0xD9, 0xC2, 0xF5, 0x71, 0x2B, 0xB8, 0x89,
    0xFF, 0xA6, 0x04, 0x3B, 0xB1, 0xD3, 0x06, 0xF4, 0x83, 0x90, 0xD4, 0x1B, 0x74, 0x45, 0x46, 0xC5,
    0x25, 0xF9, 0x27, 0xCD, 0x25, 0xD1, 0x49, 0x4D, 0xD5, 0x25, 0xD9, 0x6D, 0x4F, 0x7E, 0x76, 0x15,
    0xCC, 0xFD, 0x8C, 0x43, 0xB6, 0xC6, 0xF4, 0x05, 0x73, 0xDF, 0x3F, 0xCD, 0x2D, 0xEA, 0x31, 0x05,
    0xAD, 0x6A, 0x66, 0xEA, 0x4C, 0x27, 0xC9, 0x34, 0xD7, 0x19, 0x34, 0xF7, 0x79, 0x30, 0x72, 0xF1,
    0x68, 0x72, 0xD1, 0x8C, 0xE0, 0x6C, 0x02, 0x4F, 0x7E, 0x60, 0xA1, 0xBD, 0x25, 0x1B, 0xD6, 0x4D,
    0x15, 0xD0, 0x2C, 0x74, 0xCC, 0x70, 0x9B, 0x8A, 0x09, 0xA4, 0x6C, 0x15, 0xE6, 0xB4, 0xE1, 0x0A,
    0xA8, 0xD2, 0x8D, 0xCD, 0xB3, 0x99, 0x7E, 0xE4, 0xDD, 0x4C, 0x47, 0x62, 0x83, 0x4F, 0x8F, 0xA6,
    0x78, 0x56, 0xD2, 0x89, 0xBE, 0x48, 0x4B, 0x67, 0xF2, 0x89, 0xEA, 0xD5, 0x02, 0x66, 0xE9, 0xCE,
    0x62, 0x59, 0x36, 0x52, 0x68, 0x56, 0xEF, 0x5D, 0x0F, 0x8F, 0x16, 0xEF, 0xD1, 0xAC, 0x93, 0x6B,
    0x59, 0x36, 0x82, 0x8D, 0x65, 0x63, 0x30, 0xE9, 0xE5, 0x19, 0xF4, 0xC7, 0xC1, 0x4A, 0x66, 0x7C,
    0x6E, 0xEC, 0x54, 0x3D, 0xD2, 0x29, 0xF3, 0x5D, 0x86, 0x97, 0xF3, 0x56, 0x15, 0x8F, 0xFD, 0xDC,
    0xD4, 0x8C, 0xAD, 0x36, 0x69, 0x1B, 0x50, 0xEE, 0x08, 0x2F, 0x06, 0xD0, 0xCA, 0x9D, 0xED, 0x54,
    0x7C, 0x4E, 0x9C, 0x43, 0xA9, 0xAF, 0x95, 0x3F, 0x4D, 0x04, 0xCF, 0x74, 0xF1, 0xEC, 0x0B, 0x09,
    0x4F, 0x52, 0x1F, 0x1F, 0x47, 0x3B, 0x8C, 0x7C, 0x14, 0x6D, 0xFC, 0x0B, 0xC4, 0x02, 0x23, 0xE5,
    0xD1, 0x2B, 0x3A, 0x72, 0x17, 0xF7, 0xB4, 0xD6, 0xE5, 0x84, 0x5C, 0x38, 0x6A, 0xBB, 0x6C, 0x4D,
    0x4F, 0x5C, 0x6D, 0xE3, 0xAE, 0x76, 0x5A, 0x25, 0x1B, 0x65, 0x43, 0x1B, 0x99, 0x1E, 0xDB, 0x60,
    0x96, 0x86, 0x0D, 0x2C, 0x36, 0x53, 0xB5, 0x3F, 0xB1, 0x11, 0x53, 0xF5, 0x06, 0x06, 0x2A, 0xA3,
    0x57, 0xB4, 0x73, 0x7B, 0xF7, 0xB5, 0xDF, 0x2D, 0x9F, 0xB6, 0xFD, 0x19, 0xBB, 0xFA, 0xCE, 0xEB,
    0x5C, 0x77, 0x4E, 0x87, 0xBA, 0x33, 0xF1, 0x59, 0xE6, 0xCD, 0x54, 0xD3, 0x13, 0x70, 0x67, 0x27,
    0x80, 0x8D, 0x28, 0xCE, 0x84, 0x6D, 0xA2, 0xDC, 0x66, 0x4B, 0x87, 0x19, 0x66, 0x1A, 0xCA, 0x31,
    0xFF, 0x1C, 0xB3, 0x28, 0xFA, 0xC9, 0x0E, 0x45, 0x37, 0xA2, 0x7C, 0x3D, 0x78, 0xC6, 0x02, 0x9D,
    0xD2, 0x77, 0x2C, 0x0A, 0x0D, 0xC6, 0x7C, 0x53, 0x78, 0x45, 0xD1, 0x79, 0x1A, 0xAF, 0x1B, 0x7F,
    0x1E, 0x41, 0xDC, 0x2D, 0x6F, 0xF3, 0x95, 0xE4, 0x3B, 0xF8, 0xB6, 0xBE, 0x3E, 0x72, 0x1E, 0x43,
    0x7A, 0xDF, 0xC1, 0x77, 0x62, 0xBC, 0x5E, 0x79, 0x77, 0x33, 0x8B, 0x19, 0xAC, 0x8A, 0xED, 0xCE,
    0x18, 0xF1, 0x0D, 0x04, 0xAA, 0xE2, 0x6F, 0x95, 0xE8, 0xC1, 0xE1, 0x8D, 0x6A, 0x73, 0xFC, 0x8F,
    0x1D, 0x1F, 0xF7, 0x62, 0x30, 0x47, 0xB7, 0x5E, 0x98, 0xFC, 0x50, 0x62, 0xB2, 0xC5, 0xFC, 0xA3,
    0x8A, 0xDE, 0xA6, 0x74, 0x84, 0x3B, 0xA4, 0xDB, 0xE2, 0x76, 0x03, 0xEF, 0xA4, 0x45, 0xDF, 0xA5,
    0xBB, 0xC6, 0xDD, 0x36, 0xB8, 0x99, 0xD4, 0x70, 0x59, 0x6D, 0x40, 0xBF, 0xD7, 0x81, 0xFB, 0x45,
    0x0F, 0x1E, 0x14, 0x1D, 0x78, 0xD1, 0x92, 0x5E, 0x01, 0x8A, 0xFB, 0xAB, 0xAE, 0x76, 0x02, 0x4A,
    0x4E, 0x88, 0xEE, 0xA2, 0x7B, 0x1B, 0x5F, 0xB1, 0x6B, 0xE3, 0x28, 0x5D, 0xB1, 0xE0, 0xAF, 0xFE,
    0xE8, 0xA9, 0xFC, 0xCB, 0xF9, 0xB7, 0x6D, 0xB6, 0xD4, 0x8A, 0xFC, 0xF2, 0x8B, 0x1A, 0x2E, 0x19,
    0xB9, 0x20, 0x68, 0x5F, 0xF0, 0xDF, 0xEA, 0x20, 0x79, 0xD4, 0x32, 0x05, 0xE3, 0x3A, 0xA9, 0xC5,
    0xEB, 0x17, 0x75, 0x55, 0xA7, 0x34, 0xF4, 0x83, 0x38, 0xB1, 0x82, 0x88, 0x57, 0x19, 0xD0, 0xCD,
    0x0C, 0xE8, 0xF6, 0x74, 0xC8, 0x63, 0x35, 0x63, 0x6A, 0x61, 0xB7, 0x8E, 0xDD, 0x3A, 0x76, 0x6B,
    0x4E, 0xBA, 0x45, 0x0F, 0xA2, 0xB9, 0x01, 0xB0, 0x13, 0xFA, 0xEE, 0xEC, 0xA0, 0xEF, 0xBC, 0x83,
    0xBE, 0xCB, 0x0D, 0xF6, 0x0D, 0xEC, 0x5B, 0xFD, 0x09, 0x93, 0xC5, 0x21, 0x4C, 0xEA, 0x5D, 0x9A,
    0x7C, 0xFC, 0xB5, 0x4D, 0x96, 0x83, 0x9F, 0xFF, 0xF3, 0x66, 0xB8, 0x18, 0x96, 0x76, 0x76, 0xF3,
    0x66, 0xDE, 0x4C, 0xF9, 0x98, 0xFD, 0xB2, 0x0C, 0x45, 0xF0, 0x73, 0x19, 0x7E, 0x7A, 0x50, 0x0E,
    0xFF, 0x71, 0x60, 0xFA, 0x7A, 0x36, 0xBD, 0x9B, 0x6C, 0x97, 0x4D, 0xA8, 0x8C, 0x1C, 0x44, 0x55,
    0x78, 0xB2, 0x2E, 0x7B, 0x17, 0xF8, 0x16, 0xC0, 0x52, 0x92, 0xFF, 0x46, 0x5D, 0x4F, 0xC4, 0x28,
    0xF2, 0xEA, 0x0F, 0xA7, 0xF4, 0x8E, 0x8D, 0x98, 0x98, 0x8C, 0x17, 0xD1, 0xCE, 0xAE, 0x40, 0x01,
    0x60, 0xBB, 0x65, 0x5A, 0x15, 0x0B, 0x60, 0xE6, 0x8D, 0x7E, 0xAF, 0x0D, 0x74, 0xB8, 0x21, 0x2A,
    0x62, 0xC0, 0x4E, 0xAC, 0xF9, 0xEA, 0xC5, 0x4E, 0x80, 0x99, 0x0D, 0x41, 0x4C, 0x66, 0x82, 0x61,
    0x3B, 0x4A, 0x1D, 0xDC, 0xD1, 0xF7, 0x75, 0xF0, 0xDC, 0xE5, 0xC0, 0x9A, 0xB4, 0xCE, 0xB0, 0x47,
    0x50, 0xE9, 0x92, 0x1E, 0xA6, 0x5E, 0x7A, 0x86, 0xFA, 0x52, 0x1D, 0x73, 0x27, 0xAF, 0x2B, 0xB5,
    0xAA, 0x4D, 0x73, 0xB1, 0x6C, 0x6A, 0x1B, 0x4F, 0xA0, 0x4C, 0xC3, 0x2F, 0x3D, 0x12, 0xA3, 0x7B,
    0xDB, 0x00, 0x0A, 0xF9, 0x03, 0x18, 0x44, 0x31, 0x52, 0x06, 0x04, 0xC0, 0xA2, 0x7A, 0x01, 0xF1,
    0x5D, 0x12, 0xE0, 0x07, 0xF4, 0xF1, 0x4B, 0x41, 0xD7, 0xCE, 0x69, 0xA8, 0xCD, 0xD5, 0x21, 0x5C,
    0x2C, 0xAF, 0x75, 0xA1, 0xB6, 0xE5, 0x83, 0xE0, 0x57, 0x9E, 0x47, 0x47, 0x1E, 0xF5, 0x2F, 0x3C,
    0xF9, 0x7B, 0x79, 0xF1, 0xF8, 0xD7, 0x8E, 0xE8, 0x9B, 0x55, 0x69, 0x23, 0x38, 0xED, 0xC1, 0x36,
    0x00, 0xF6, 0x0F, 0x4F, 0x52, 0x09, 0x6E, 0xF8, 0xE3, 0xC7, 0xC2, 0x04, 0xEA, 0xFB, 0x8F, 0xA5,
    0xA4, 0xCD, 0x36, 0x25, 0x45, 0x68, 0x4F, 0x60, 0xF8, 0x22, 0x4C, 0x40, 0x7F, 0x03, 0x78, 0x16,
    0xF8, 0xDD, 0xC0, 0x51, 0xD8, 0xD7, 0x1D, 0xD1, 0xD1, 0xCE, 0xA8, 0x22, 0xF0, 0xF5, 0xE8, 0xB1,
    0x10, 0x75, 0x5B, 0x8E, 0x07, 0xD6, 0x84, 0x7D, 0xE7, 0x06, 0xBF, 0xF8, 0xAE, 0x1C, 0x14, 0xE3,
    0xBF, 0x70, 0x76, 0x29, 0x70, 0x7F, 0x39, 0x59, 0xD8, 0x74, 0x6F, 0x13, 0x45, 0xFF, 0x42, 0xA2,
    0xE8, 0x92, 0xCB, 0x3A, 0xE1, 0xC6, 0x18, 0xF3, 0x69, 0xC9, 0x26, 0xDC, 0xF3, 0xC5, 0xF4, 0x9D,
    0xEB, 0xA5, 0x15, 0x6D, 0xDA, 0x0D, 0x4E, 0x7F, 0x25, 0xDF, 0x72, 0xE3, 0xF6, 0xB8, 0xD7, 0x55,
    0xF8, 0x2C, 0xA8, 0x87, 0xB8, 0xAF, 0xCC, 0xF2, 0x93, 0xE2, 0xE5, 0x33, 0xD3, 0x4B, 0xB6, 0x5D,
    0xF8, 0xEA, 0x24, 0xA5, 0x4D, 0x0A, 0x14, 0xA7, 0x11, 0xEF, 0x20, 0xF1, 0x18, 0x32, 0xED, 0x4B,
    0x1E, 0x76, 0xA0, 0xEB, 0x83, 0xF8, 0x9D, 0xD4, 0x0D, 0xB3, 0x23, 0xCF, 0xED, 0x43, 0xA9, 0x3A,
    0xE1, 0xF0, 0x36, 0xFB, 0xA1, 0x98, 0x3D, 0x94, 0xF2, 0xAD, 0x26, 0xFF, 0x13, 0xC6, 0xED, 0x57,
    0x18, 0xE7, 0x80, 0xED, 0xD6, 0x78, 0x72, 0x80, 0x2B, 0xC4, 0x3B, 0xC5, 0x33, 0xFB, 0x2E, 0xF7,
    0xEC, 0x6B, 0xE8, 0xF3, 0x51, 0xDC, 0x7F, 0xCA, 0x2D, 0xCE, 0x72, 0x51, 0x1B, 0x94, 0x8B, 0x6F,
    0x98, 0xD1, 0x51, 0x8F, 0x5E, 0x3B, 0x13, 0xFC, 0xB9, 0xDE, 0x86, 0x33, 0x45, 0x87, 0x55, 0xB1,
    0x80, 0x53, 0xD8, 0x2B, 0xA6, 0x68, 0x8C, 0xD8, 0x6A, 0x83, 0xF8, 0x5F, 0x96, 0xAB, 0x32, 0x62,
    0x02, 0xE4, 0x12, 0xEE, 0x45, 0x5E, 0xFD, 0xA7, 0x39, 0x67, 0x0C, 0x54, 0x83, 0x57, 0xD6, 0xA1,
    0xB2, 0x69, 0xFF, 0xCE, 0x87, 0x5B, 0xED, 0x8D, 0x50, 0xEB, 0x18, 0xFC, 0x3B, 0x3A, 0x7C, 0x33,
    0x29, 0x48, 0x6C, 0xEF, 0x7A, 0xDF, 0xE1, 0xBF, 0xA6, 0x6E, 0x50, 0x0F, 0x46, 0xF9, 0xAE, 0x59,
    0xB2, 0xF9, 0xF4, 0x37, 0xF3, 0xE9, 0xB5, 0xD3, 0x65, 0x70, 0x8B, 0x45, 0x85, 0x69, 0x9B, 0xCD,
    0xF3, 0x55, 0x2C, 0x9F, 0x25, 0xB5, 0x91, 0x54, 0xB4, 0xE8, 0x54, 0x78, 0xAB, 0x64, 0xAC, 0x91,
    0x86, 0xAE, 0x5F, 0xDF, 0xEB, 0xEA, 0xEF, 0xD8, 0xEB, 0x4D, 0x3B, 0xD8, 0x5A, 0x60, 0x61, 0x91,
    0x10, 0xB0, 0x6F, 0xDA, 0x5F, 0x6B, 0x27, 0xEE, 0x75, 0x1E, 0x09, 0x7E, 0xC5, 0xD7, 0xF5, 0x7F,
    0xB5, 0xBE, 0xD9, 0x6A, 0x50, 0x1D, 0x18, 0xAA, 0x89, 0xAF, 0xF7, 0x37, 0x7C, 0x9B, 0xE3, 0xD3,
    0x0C, 0x51, 0xE4, 0x0B, 0x1C, 0x4E, 0xDC, 0x2C, 0x72, 0xE6, 0x00, 0x45, 0x68, 0x17, 0xF7, 0xBE,
    0x48, 0x3D, 0xD2, 0xCD, 0x94, 0x4E, 0xE9, 0x46, 0xE7, 0xCB, 0x0E, 0x65, 0x0A, 0x35, 0xEA, 0x92,
    0x6D, 0xBC, 0xA6, 0x99, 0xC7, 0xD7, 0xE2, 0xED, 0x2C, 0xF3, 0x37, 0xB2, 0x99, 0xA2, 0x29, 0xB5,
    0xF2, 0xDF, 0x96, 0x1A, 0xBD, 0xBF, 0x23, 0x9E, 0x29, 0x4B, 0xD2, 0xF5, 0x8A, 0xC2, 0x7D, 0xA7,
    0xAB, 0xC8, 0x8A, 0xB8, 0xE4, 0xCF, 0xDA, 0x73, 0x5D, 0x79, 0x5F, 0x0F, 0x07, 0x63, 0x5F, 0xFF,
    0x34, 0x9C, 0xDE, 0x91, 0x67, 0x61, 0xF7, 0x2D, 0x60, 0x27, 0x21, 0xFB, 0x74, 0xD8, 0xD9, 0x2D,
    0x0E, 0xFB, 0x5D, 0xA7, 0x67, 0x61, 0x76, 0x32, 0x95, 0x6D, 0x10, 0xE3, 0x72, 0xFC, 0xEB, 0x29,
    0xD6, 0xE1, 0xB8, 0x05, 0x71, 0xBD, 0xCA, 0x33, 0x2F, 0x07, 0x65, 0x86, 0x2F, 0x80, 0xD1, 0xAC,
    0x15, 0x04, 0x18, 0xA4, 0x58, 0xEA, 0x0E, 0x1B, 0xBA, 0x6D, 0xB0, 0x7C, 0x5A, 0xA1, 0x72, 0x01,
    0xF9, 0x8C, 0x8F, 0x28, 0xDC, 0x3C, 0xFE, 0xF2, 0xFC, 0x35, 0x18, 0xE6, 0x59, 0x9E, 0xC9, 0xA2,
    0x84, 0x8F, 0xC7, 0x4B, 0x03, 0x46, 0x55, 0x49, 0x01, 0x4E, 0x82, 0x31, 0xDD, 0x22, 0x3E, 0xFC,
    0xE4, 0x0D, 0x95, 0xFA, 0x8E, 0xDE, 0x56, 0x69, 0xAF, 0x3C, 0x18, 0x54, 0xB4, 0xB8, 0x43, 0xE6,
    0x9F, 0x90, 0xDF, 0xD6, 0x0E, 0xDF, 0xF7, 0xF5, 0xDB, 0xF1, 0xF0, 0x00, 0x91, 0x58, 0x9D, 0x0C,
    0xE2, 0x1C, 0x8F, 0xAB, 0x49, 0x5D, 0x26, 0xFE, 0x4F, 0x0A, 0x89, 0x9B, 0xB7, 0xFF, 0x5F, 0x26,
    0x8E, 0x59, 0xF5, 0x97, 0x02, 0xC5, 0x3E, 0x52, 0x50, 0x9F, 0x6B, 0x67, 0x3F, 0xE5, 0xB4, 0xEC,
    0xE3, 0xE9, 0x8C, 0xEB, 0xDD, 0x87, 0xFA, 0xCF, 0xA6, 0xF7, 0x1F, 0x6A, 0x07, 0xBE, 0x7F, 0xB7,
    0xB3, 0xBD, 0xBF, 0x7F, 0x05, 0xF5, 0xCC, 0xDF, 0xD3, 0x06, 0x2A, 0xBA, 0xBD, 0x40, 0x57, 0x9E,
    0x5B, 0x14, 0x33, 0xF9, 0x59, 0x9B, 0x0E, 0x99, 0xB0, 0x0E, 0x36, 0x27, 0x8F, 0x05, 0x6F, 0x0A,
    0xF6, 0x8D, 0xD5, 0x52, 0x1B, 0x56, 0x62, 0x1D, 0xF8, 0xAB, 0x86, 0x62, 0x2D, 0x17, 0x1B, 0xCC,
    0x54, 0x4C, 0x26, 0xD8, 0x50, 0x60, 0x03, 0xB9, 0xA1, 0x18, 0x6D, 0xF0, 0x7D, 0x19, 0xEC, 0xE0,
    0x57, 0x7C, 0xEE, 0xBD, 0x5E, 0xC3, 0x67, 0x7F, 0xF5, 0xFD, 0x01, 0xB6, 0x8A, 0x87, 0x50, 0xAE,
    0xDB, 0x7B, 0xAF, 0xAF, 0x1B, 0xA3, 0xAE, 0xC3, 0x6A, 0xA2, 0x12, 0x26, 0x55, 0x4B, 0x1D, 0x29,
    0x6D, 0x6A, 0x56, 0x82, 0x1B, 0xE6, 0x64, 0x96, 0xAF, 0x7E, 0x5F, 0x03, 0xFD, 0x51, 0xED, 0x44,
    0xC0, 0x55, 0x62, 0x8C, 0x51, 0x9E, 0xEC, 0x1A, 0x47, 0xF0, 0xC1, 0xE2, 0x03, 0xDF, 0x54, 0x07,
    0x8E, 0x73, 0x39, 0x8C, 0x68, 0xF4, 0xF5, 0x21, 0x35, 0xCF, 0x03, 0x9B, 0x4A, 0xE3, 0x9E, 0xED,
    0x1C, 0xC7, 0xAF, 0x8F, 0x7E, 0xCC, 0x64, 0xED, 0xD3, 0x60, 0x26, 0x35, 0x3C, 0xB4, 0x1D, 0xC8,
    0x4B, 0x57, 0x9D, 0xCE, 0x2F, 0xF4, 0xCC, 0x68, 0xC5, 0x9E, 0x6E, 0xEF, 0x0E, 0x3D, 0x3B, 0x5D,
    0x5E, 0x9D, 0xF8, 0xE9, 0x82, 0x06, 0xCA, 0x34, 0x7A, 0xD6, 0xC6, 0x51, 0xF2, 0xE4, 0x99, 0xF9,
    0xBF, 0xF3, 0x6C, 0x9B, 0x86, 0x5C, 0xFF, 0x12, 0x6C, 0x0F, 0x29, 0xDA, 0x0F, 0x58, 0x07, 0xE9,
    0x11, 0x11, 0xEC, 0x91, 0xD4, 0xA3, 0x83, 0x8C, 0xA6, 0xED, 0x79, 0x19, 0x4D, 0x31, 0x59, 0x66,
    0xBB, 0x33, 0x56, 0x6C, 0xD8, 0xB5, 0xD2, 0x62, 0xC9, 0x7E, 0xAC, 0x9D, 0xA3, 0xB5, 0x52, 0xE9,
    0x40, 0x9B, 0xFC, 0x87, 0xED, 0xED, 0x7A, 0x6C, 0x9B, 0x62, 0x92, 0xA4, 0x3E, 0x92, 0xC9, 0xB9,
    0x1C, 0xED, 0x80, 0xA6, 0x5D, 0xDA, 0xD9, 0x46, 0x89, 0x2C, 0xB6, 0x2F, 0xD6, 0xFA, 0xF7, 0xAB,
    0xEB, 0xCD, 0x64, 0x7E, 0xBD, 0xFA, 0xCE, 0x04, 0x73, 0x1B, 0x8D, 0x1B, 0xEC, 0xED, 0xA5, 0x6E,
    0x7C, 0xEF, 0xDE, 0x9E, 0x21, 0xBE, 0xF5, 0xCF, 0xF2, 0x59, 0xE3, 0x3B, 0xEF, 0xE7, 0x8B, 0xF8,
    0xAB, 0x5D, 0xA9, 0xB3, 0xF8, 0xA2, 0x33, 0x1A, 0xC4, 0x95, 0x0D, 0xEB, 0xB7, 0xE1, 0xCF, 0xD1,
    0xA2, 0xA1, 0x1E, 0x93, 0x55, 0x32, 0x90, 0x26, 0xD2, 0x6E, 0x4F, 0xAA, 0x99, 0x76, 0x71, 0x3D,
    0x24, 0x9D, 0x98, 0xD2, 0x83, 0xAE, 0x59, 0x7F, 0xF6, 0x3D, 0x16, 0xAE, 0x93, 0xE8, 0x71, 0x63,
    0x15, 0xF1, 0x05, 0x86, 0x5B, 0x44, 0x37, 0xC3, 0xCE, 0x69, 0xD1, 0xF3, 0x61, 0xFF, 0x8C, 0xA8,
    0xCE, 0x1E, 0xDF, 0xAC, 0x7A, 0x7D, 0x46, 0xDC, 0x5A, 0xE5, 0x69, 0x82, 0x5E, 0x58, 0x1E, 0xBA,
    0x5E, 0xD4, 0xE7, 0xF2, 0x02, 0xE7, 0x44, 0x3C, 0x53, 0x64, 0xC8, 0x67, 0x17, 0xF4, 0xFC, 0xE1,
    0x94, 0x76, 0x49, 0x49, 0x0E, 0x76, 0x32, 0xB3, 0xAB, 0xD2, 0x2B, 0xB5, 0xBA, 0x23, 0xDB, 0x2A,
    0xBD, 0x8B, 0x17, 0x05, 0xCF, 0x0F, 0x64, 0x3B, 0xF1, 0x4D, 0xDD, 0x78, 0x80, 0x49, 0xD4, 0x61,
    0xDF, 0x06, 0xF1, 0x63, 0x3C, 0xB8, 0x69, 0xC8, 0x03, 0xF3, 0x81, 0x34, 0xC9, 0x7A, 0x7A, 0x94,
    0xD2, 0x86, 0x0F, 0x53, 0x77, 0x34, 0xF0, 0x71, 0xEA, 0x03, 0x0D, 0x7C, 0xA0, 0x7A, 0xAA, 0x81,
    0x8F, 0x54, 0xEA, 0x02, 0x1F, 0xAA, 0x66, 0x96, 0xAD, 0xA1, 0x1E, 0xB0, 0x21, 0xF9, 0x60, 0xE5,
    0xBB, 0xF8, 0x68, 0x85, 0x86, 0x76, 0xEB, 0xD8, 0xC4, 0xDA, 0x95, 0x9D, 0x34, 0x5A, 0xC5, 0xAA,
    0xA5, 0xA9, 0x64, 0xA5, 0x26, 0x8B, 0xCD, 0x8C, 0xAF, 0xA9, 0x9B, 0xE3, 0x26, 0x16, 0xB4, 0x72,
    0xE2, 0x44, 0x4E, 0x1D, 0x49, 0xBA, 0x5A, 0xAD, 0xC0, 0xA8, 0xFE, 0x2E, 0x2D, 0xD2, 0x7A, 0x61,
    0x90, 0xB4, 0x36, 0xE5, 0x47, 0x6B, 0x0A, 0x7C, 0xF1, 0x68, 0x75, 0xFF, 0x58, 0x49, 0xFD, 0xBA,
    0x3E, 0x56, 0x7F, 0xBE, 0x93, 0xB6, 0xD4, 0x43, 0x6D, 0xDB, 0x5E, 0x56, 0x6B, 0xEE, 0x2A, 0xAE,
    0x6A, 0xFD, 0xA6, 0xB9, 0xAF, 0xCF, 0x7F, 0xA7, 0xF8, 0xC6, 0xED, 0xE9, 0xC7, 0xE1, 0xDF, 0x65,
    0x35, 0xAB, 0x7F, 0x78, 0xB7, 0x17, 0xD1, 0x62, 0x6C, 0x4D, 0x2A, 0xBB, 0x79, 0x5A, 0x02, 0x7F,
    0xD4, 0x26, 0x19, 0x3A, 0xD5, 0x64, 0xAB, 0xD4, 0x63, 0x37, 0x4E, 0xEA, 0xDE, 0xFF, 0x00, 0xD5,
    0x9A, 0x31, 0xAC, 0xDC, 0xC6, 0xD5, 0x85, 0x2F, 0x49, 0xD8, 0xFC, 0x21, 0xFE, 0x00, 0x55, 0x48,
    0x48, 0x10, 0x03, 0x66, 0xCA, 0x34, 0x01, 0xFB, 0x42, 0x22, 0x83, 0x00, 0x71, 0x91, 0x22, 0x2A,
    0xD2, 0xA7, 0x56, 0xE5, 0xD6, 0x85, 0x2C, 0x12, 0x51, 0xE9, 0x22, 0x76, 0x7A, 0xC0, 0x29, 0xD2,
    0xA4, 0x4A, 0xEB, 0x22, 0x12, 0x19, 0xB9, 0x50, 0xE1, 0x22, 0x4C, 0x9A, 0x14, 0x29, 0xC2, 0x20,
    0xEA, 0x3D, 0x40, 0x18, 0x80, 0xB2, 0x87, 0x9C, 0xF0, 0x9C, 0xB9, 0x78, 0xC3, 0xA7, 0x7D, 0x90,
    0xAB, 0xD5, 0xEE, 0x0E, 0xB8, 0xE7, 0x3D, 0x48, 0xBB, 0x3B, 0x77, 0xBE, 0x7B, 0x79, 0xE7, 0xEC,
    0xEC, 0x13, 0x11, 0xD7, 0x6E, 0x12, 0x53, 0x13, 0xD7, 0x6F, 0x9A, 0x51, 0x73, 0x6A, 0xE9, 0x86,
    0x4D, 0x2B, 0x37, 0x6E, 0xEA, 0x3E, 0xDF, 0x34, 0x72, 0x85, 0x11, 0x49, 0xD6, 0x7C, 0xD3, 0xD4,
    0x42, 0xF3, 0x39, 0x9F, 0x44, 0x0A, 0x93, 0xCF, 0x22, 0xD5, 0x98, 0x59, 0x91, 0xA6, 0x4F, 0x37,
    0x75, 0xCE, 0x59, 0x89, 0x37, 0x5D, 0x24, 0xA1, 0x66, 0x9B, 0xAE, 0x92, 0x5B, 0x49, 0x9C, 0x94,
    0x93, 0xC4, 0x4E, 0x2A, 0x03, 0xED, 0x06, 0x89, 0x5C, 0x2D, 0x37, 0x8C, 0x3F, 0x41, 0xE2, 0x15,
    0x9A, 0x2C, 0xD0, 0x68, 0x86, 0x66, 0x6B, 0x3A, 0x49, 0xE3, 0xFE, 0x61, 0x22, 0xE7, 0x9C, 0x49,
    0xDD, 0xCF, 0x9C, 0xC9, 0xAD, 0x74, 0x63, 0x61, 0xA4, 0x1A, 0xCA, 0x51, 0xAA, 0xBE, 0x1A, 0x20,
    0xBD, 0x34, 0x90, 0xAE, 0x6D, 0x7A, 0x71, 0x6D, 0xB5, 0x49, 0x5D, 0x8D, 0x98, 0x7C, 0xFE, 0x95,
    0x93, 0xDC, 0x39, 0x27, 0xA9, 0x7B, 0xB5, 0x8A, 0x74, 0x9F, 0x6D, 0x12, 0x46, 0x86, 0x25, 0x97,
    0xA3, 0x8A, 0x14, 0xAD, 0x60, 0x14, 0x23, 0xD4, 0x59, 0xE8, 0xB4, 0x40, 0x1F, 0x50, 0x63, 0x0B,
    0xCD, 0x0C, 0xB4, 0xE8, 0xA1, 0xD5, 0xC1, 0x5A, 0xCE, 0x0B, 0x71, 0x39, 0x61, 0xA6, 0xE5, 0x6A,
    0x1D, 0x90, 0x18, 0x60, 0x73, 0xAE, 0x19, 0x51, 0xDE, 0x15, 0x8E, 0xA3, 0xA3, 0x96, 0xC7, 0x54,
    0x99, 0x21, 0xB7, 0x7E, 0x4D, 0x88, 0x84, 0x2E, 0xD2, 0x19, 0x9F, 0x7C, 0xC5, 0xCB, 0x48, 0xCB,
    0xA1, 0xD9, 0xF4, 0x46, 0xBA, 0x8A, 0x57, 0xF9, 0x2A, 0x60, 0x25, 0xAC, 0x88, 0x95, 0x31, 0x21,
    0x2B, 0x65, 0xC5, 0xAC, 0x9C, 0x15, 0xB4, 0x92, 0x56, 0xD4, 0xCA, 0x5A, 0x61, 0x2B, 0x6D, 0xC5,
    0xAD, 0xBC, 0x15, 0xB8, 0x12, 0x57, 0xE4, 0x7B, 0xE6, 0x15, 0xD5, 0x42, 0x62, 0x4E, 0xE3, 0xEB,
    0xC4, 0x40, 0x1D, 0x66, 0x4A, 0x26, 0x4B, 0xFE, 0x1D, 0xD8, 0xD7, 0xA4, 0x1F, 0xF0, 0x93, 0xBF,
    0x30, 0x01, 0xC2, 0x0C, 0x08, 0x53, 0x20, 0xCC, 0x81, 0x30, 0x09, 0xC2, 0x2C, 0xE0, 0x6A, 0xA8,
    0x5D, 0x2B, 0x4C, 0x84, 0x30, 0x13, 0xC2, 0x54, 0xF8, 0x5C, 0xF8, 0x64, 0xF8, 0x6C, 0x1C, 0xA4,
    0x23, 0xF1, 0xCC, 0xA1, 0xB7, 0xDA, 0x89, 0xB9, 0xD0, 0x54, 0x30, 0x13, 0x9A, 0x08, 0xE6, 0xE1,
    0x7C, 0x4B, 0x3C, 0x61, 0xB4, 0x10, 0x99, 0x88, 0x5A, 0x49, 0xBB, 0x99, 0x9C, 0x89, 0x99, 0x94,
    0x8F, 0x5D, 0xE2, 0xCF, 0xA8, 0x89, 0x96, 0xE7, 0x2F, 0xB4, 0x8D, 0x20, 0xC4, 0xA8, 0xFE, 0x98,
    0xBF, 0x0F, 0x60, 0x2C, 0x8D, 0x81, 0x46, 0x2C, 0x04, 0x49, 0xA7, 0xC5, 0xFF, 0x57, 0x77, 0x91,
    0x95, 0xFE, 0x2C, 0x2C, 0x39, 0xFE, 0xB9, 0x0F, 0xAC, 0x86, 0xDE, 0x67, 0xD5, 0x73, 0x2A, 0xF3,
    0xE0, 0xAA, 0xEA, 0x5F, 0xB1, 0xEA, 0xCD, 0x69, 0xAB, 0xBE, 0x79, 0x32, 0x88, 0x44, 0xDF, 0x22,
    0xE6, 0xA4, 0x47, 0xFC, 0x3A, 0x6E, 0xB5, 0x72, 0xA1, 0x77, 0x80, 0xAE, 0x0A, 0x8B, 0xEA, 0xC3,
    0x9A, 0x0E, 0xEE, 0x05, 0xD0, 0x27, 0xFC, 0xA3, 0xDF, 0x0B, 0xEF, 0xD6, 0x42, 0x66, 0x3B, 0x94,
    0x33, 0x66, 0x9B, 0x6E, 0x46, 0x79, 0x61, 0x96, 0xE4, 0xB4, 0x6C, 0xDF, 0xEC, 0x5A, 0x74, 0x84,
    0xAD, 0x47, 0xD2, 0x5E, 0x42, 0x3D, 0xE4, 0x3D, 0x14, 0x86, 0x25, 0xFB, 0xC6, 0x91, 0xB6, 0x65,
    0x8E, 0xC6, 0x33, 0xCF, 0x88, 0x15, 0x5D, 0x4E, 0xCA, 0x9A, 0x0A, 0x0B, 0x2A, 0x7A, 0xC9, 0xBF,
    0x71, 0xB5, 0xA4, 0x8E, 0x37, 0xFA, 0x4B, 0xD1, 0x71, 0xF4, 0x04, 0x54, 0xA1, 0xBB, 0x4B, 0xDE,
    0x5E, 0x3E, 0xE2, 0x4A, 0x97, 0xC3, 0xD5, 0x9C, 0x1A, 0x71, 0x3A, 0x41, 0x0B, 0x82, 0xFB, 0xBF,
    0x7B, 0xE1, 0x3E, 0x4C, 0x2E, 0xBF, 0xA2, 0xB9, 0x38, 0x5D, 0xDB, 0xFF, 0x73, 0x69, 0x8F, 0xB4,
    0xA9, 0x48, 0x32, 0x72, 0x71, 0xA7, 0x04, 0xFF, 0xEC, 0xA7, 0x3D, 0xF0, 0x80, 0x49, 0xFA, 0xE7,
    0x50, 0xED, 0xEF, 0xD4, 0xEF, 0xD4, 0x8C, 0xA8, 0xDD, 0x74, 0x20, 0xEC, 0xF5, 0x32, 0x60, 0x3F,
    0x4D, 0xF0, 0xCB, 0x8B, 0x5E, 0x92, 0xBF, 0xBB, 0x56, 0x92, 0xF6, 0xF1, 0x89, 0x6B, 0x3B, 0x54,
    0x6C, 0x7B, 0x58, 0xB1, 0x17, 0xBD, 0x2B, 0xBE, 0x01, 0xE8, 0xE9, 0x36, 0xC4, 0xCA, 0x39, 0x57,
    0x4B, 0xB3, 0xA9, 0x48, 0xB7, 0x53, 0x20, 0x54, 0xC0, 0x91, 0x6A, 0x4D, 0xD8, 0x9B, 0x10, 0xCA,
    0x48, 0x1D, 0xA8, 0xBD, 0xA4, 0xD4, 0x6C, 0xE1, 0x34, 0x16, 0x9A, 0xEF, 0x75, 0x86, 0x16, 0x13,
    0xB4, 0xE4, 0x33, 0x31, 0x6D, 0x1B, 0xF4, 0x46, 0x86, 0xBA, 0x95, 0x15, 0x46, 0x95, 0xF8, 0x88,
    0x15, 0x99, 0x2D, 0x9D, 0x4F, 0x94, 0x24, 0xEE, 0x33, 0xD7, 0x66, 0x76, 0xE3, 0x92, 0x9B, 0x4D,
    0x4A, 0x08, 0xDE, 0x72, 0x2F, 0xB4, 0x22, 0x03, 0xC4, 0xC8, 0x47, 0x52, 0x2C, 0xDF, 0x5B, 0x80,
    0x09, 0xE9, 0x44, 0x79, 0x7C, 0xF8, 0x4A, 0x76, 0x43, 0xB9, 0xF4, 0x2A, 0x52, 0xFA, 0xD8, 0x3A,
    0xFC, 0xC8, 0x58, 0x53, 0xF9, 0x27, 0x74, 0x6C, 0xE9, 0xC8, 0x90, 0x86, 0x70, 0xC2, 0x11, 0x12,
    0x1D, 0xC6, 0xF9, 0x21, 0x2E, 0xE6, 0xAB, 0xD3, 0x0E, 0x18, 0xE1, 0xDB, 0x90, 0xD8, 0x1B, 0x79,
    0x3D, 0xB1, 0x11, 0x3A, 0xB4, 0x63, 0xA3, 0x2E, 0x7A, 0xDC, 0x24, 0x8D, 0xC1, 0xD4, 0x6E, 0x9D,
    0x41, 0xAE, 0x33, 0x70, 0x31, 0x45, 0x7B, 0xD6, 0x00, 0xE3, 0x25, 0xEF, 0x25, 0x73, 0x5F, 0xB7,
    0x52, 0x20, 0x8A, 0xF2, 0x03, 0xBE, 0xF2, 0xF8, 0xC4, 0xC2, 0xFE, 0x9E, 0xE1, 0x25, 0x0F, 0xE1,
    0x45, 0x22, 0xAE, 0x35, 0xE5, 0xEA, 0x8B, 0xAF, 0xF9, 0x4E, 0x2C, 0xCE, 0x35, 0x99, 0xCE, 0x98,
    0x61, 0x15, 0x5A, 0x64, 0x34, 0x85, 0x7B, 0x68, 0x77, 0xFA, 0x33, 0x63, 0x86, 0xDC, 0x34, 0xDC,
    0x5A, 0xEF, 0x5E, 0x83, 0xAB, 0x74, 0x89, 0xD7, 0xF3, 0x15, 0x02, 0x16, 0x12, 0x96, 0x92, 0x4A,
    0xB2, 0xD7, 0xB5, 0x17, 0xE5, 0xAC, 0xA0, 0x3D, 0x69, 0x8F, 0xDA, 0xB3, 0x3E, 0xE8, 0x04, 0x25,
    0x35, 0xAF, 0x41, 0x3B, 0xEF, 0x2F, 0x94, 0x36, 0x4B, 0x86, 0x98, 0x65, 0x56, 0xD4, 0xFA, 0xA9,
    0x8C, 0x9C, 0x89, 0x99, 0x94, 0x8F, 0x5C, 0xC0, 0xA9, 0x0F, 0xD4, 0x5B, 0xD6, 0x47, 0x50, 0xF9,
    0x42, 0x44, 0xEE, 0xD0, 0xD4, 0xB9, 0x8C, 0xB6, 0x8A, 0xEE, 0x9A, 0x90, 0xAA, 0xAF, 0xF8, 0xCF,
    0x67, 0x5D, 0xC6, 0x5D, 0x38, 0x74, 0x8A, 0x3E, 0xE9, 0xC3, 0xE7, 0x9C, 0xFB, 0x2C, 0xE9, 0x2F,
    0x5E, 0x3B, 0xDA, 0xB1, 0x4B, 0x38, 0xDA, 0x39, 0x55, 0x49, 0x27, 0xCB, 0xFB, 0x08, 0xA2, 0xC3,
    0x64, 0x3F, 0xCE, 0x76, 0x7E, 0xEA, 0x21, 0xE4, 0x12, 0xCB, 0x9B, 0xA3, 0xF9, 0xED, 0x28, 0x82,
    0xA3, 0x9D, 0x78, 0xD0, 0xA3, 0x9D, 0x83, 0x42, 0xB7, 0x6F, 0xAD, 0xD0, 0x7F, 0x44, 0x75, 0xE1,
    0xD8, 0x2F, 0x3F, 0x02, 0xCA, 0x93, 0xFA, 0xAF, 0x53, 0xB1, 0x7D, 0xB3, 0x45, 0xCB, 0x66, 0x91,
    0xC6, 0x89, 0x3C, 0x6D, 0x44, 0x7E, 0x58, 0x81, 0x35, 0xFA, 0x9B, 0x48, 0x36, 0x6A, 0xDC, 0x3A,
    0x9A, 0x41, 0xA4, 0xEB, 0x41, 0x58, 0x1F, 0x2D, 0xD8, 0x82, 0x2C, 0x1F, 0x09, 0x1E, 0xAB, 0x7F,
    0xA4, 0x0B, 0x69, 0x92, 0x22, 0x1F, 0x33, 0x29, 0xF2, 0x51, 0x1A, 0x8F, 0xA0, 0x1A, 0xF9, 0xE0,
    0xDB, 0x62, 0x74, 0x43, 0xEA, 0x4C, 0xFA, 0xC4, 0x44, 0x89, 0x91, 0x62, 0x90, 0xA6, 0x16, 0x26,
    0x45, 0xC0, 0x09, 0x57, 0x6A, 0x11, 0x69, 0x36, 0x49, 0xBE, 0x5D, 0x46, 0x0A, 0x5E, 0xE5, 0x78,
    0xED, 0xE4, 0xB6, 0x69, 0xA5, 0x6B, 0xC5, 0xD5, 0x9C, 0x09, 0xB4, 0xFC, 0x35, 0x62, 0x92, 0xAE,
    0xC7, 0xE5, 0x60, 0xFC, 0xB7, 0x6B, 0x8B, 0x3C, 0x06, 0x5F, 0x5E, 0xAB, 0xA4, 0x0B, 0xAE, 0xCC,
    0x22, 0xDA, 0x7C, 0xC6, 0xC5, 0xA4, 0xEB, 0xC8, 0x5B, 0x9D, 0xA5, 0xAC, 0x89, 0xA5, 0x9C, 0xA4,
    0xDA, 0x2E, 0xC6, 0x29, 0xA2, 0x73, 0x77, 0x3A, 0xB7, 0xA0, 0x08, 0xD1, 0x12, 0xE2, 0x55, 0xE2,
    0x45, 0x92, 0x45, 0x83, 0x67, 0xFC, 0x0C, 0x7E, 0xFF, 0xCE, 0x3D, 0xDF, 0x79, 0xF0, 0xE7, 0x23,
    0xE5, 0xBA, 0x69, 0xEA, 0x9C, 0x61, 0xB5, 0x2D, 0x5A, 0xD2, 0xB1, 0x9B, 0x52, 0xD7, 0xA7, 0x78,
    0xE7, 0x21, 0xC7, 0x3F, 0x8E, 0x85, 0x05, 0xC2, 0x72, 0x82, 0x12, 0xA5, 0x69, 0x46, 0xEA, 0x00,
    0xA4, 0xDD, 0x00, 0xA8, 0x5D, 0x8F, 0x6C, 0xE1, 0x77, 0x07, 0x8D, 0x5D, 0xDB, 0x18, 0x49, 0x1D,
    0x02, 0x2F, 0x16, 0x29, 0xD7, 0xA8, 0xB3, 0x92, 0x3B, 0xCC, 0x95, 0xB0, 0x98, 0x85, 0x13, 0xCA,
    0x7B, 0xEE, 0xD3, 0x1B, 0x3F, 0x91, 0x25, 0x07, 0x9F, 0xC8, 0xA2, 0xEE, 0x25, 0xC3, 0x64, 0xA5,
    0xF6, 0x5B, 0xA5, 0x76, 0x63, 0xB6, 0x6C, 0xD0, 0xB9, 0xC2, 0xD2, 0x6C, 0x52, 0x0D, 0xA2, 0xC2,
    0x8E, 0xCC, 0x86, 0xCC, 0xD5, 0x56, 0x46, 0x5C, 0x5F, 0x2C, 0xEF, 0x39, 0xC9, 0x30, 0x6B, 0xCC,
    0x4A, 0x2D, 0x57, 0x09, 0x43, 0xAD, 0x5A, 0x39, 0xB2, 0xB8, 0x59, 0xB8, 0xE1, 0xC3, 0x44, 0x7A,
    0xED, 0xC3, 0x84, 0x91, 0x60, 0x84, 0x5A, 0xA8, 0x7F, 0x1F, 0x4B, 0x7D, 0x20, 0x3A, 0xCE, 0x0E,
    0x2E, 0x9B, 0x4D, 0xE3, 0x36, 0xF9, 0xA8, 0xDA, 0xE4, 0x36, 0x84, 0x15, 0x9F, 0xA8, 0xB1, 0x43,
    0x57, 0xD8, 0xE4, 0xF8, 0xA8, 0xF7, 0xD6, 0x38, 0xAF, 0x6F, 0x6C, 0xC1, 0x5F, 0x99, 0x2B, 0x4F,
    0xF1, 0x4B, 0x32, 0x3D, 0x3F, 0xA4, 0x85, 0x3A, 0x08, 0xD1, 0xDC, 0xFB, 0xBA, 0x28, 0x66, 0x68,
    0xB3, 0x00, 0xA2, 0x6D, 0x68, 0xA6, 0x50, 0x24, 0xEF, 0x3C, 0x50, 0xB6, 0x0A, 0x57, 0xE9, 0x12,
    0xAF, 0x90, 0xAF, 0x10, 0xB0, 0x90, 0xB0, 0xFE, 0x42, 0xBC, 0xAA, 0x7B, 0x8B, 0x41, 0xCE, 0x42,
    0xD0, 0x42, 0xD2, 0x1E, 0xB5, 0xB2, 0x0E, 0xB0, 0x95, 0x59, 0x38, 0xD7, 0x7D, 0x98, 0xF5, 0x97,
    0x49, 0x5B, 0x3B, 0x80, 0x85, 0x3C, 0x22, 0x6A, 0x92, 0x26, 0x68, 0x72, 0x26, 0x66, 0x52, 0x3E,
    0x6E, 0x01, 0xEF, 0xAD, 0xF1, 0xF7, 0x1F, 0xED, 0xCE, 0x8F, 0x10, 0xD1, 0xD3, 0x94, 0x9F, 0x3C,
    0xDE, 0x25, 0xB5, 0xBD, 0x9F, 0x38, 0xFF, 0x62, 0x2E, 0xBD, 0x71, 0x61, 0x53, 0x7B, 0x32, 0x86,
    0x93, 0xE9, 0xA2, 0x06, 0xED, 0x7B, 0xC4, 0x7D, 0x07, 0xBC, 0x2D, 0x9E, 0xB7, 0x74, 0x78, 0xC2,
    0x5C, 0xD5, 0x28, 0xEC, 0xBB, 0xA7, 0x29, 0xEC, 0x64, 0x29, 0xAE, 0x0C, 0xF2, 0xFB, 0xE9, 0xDE,
    0x20, 0x1F, 0xB8, 0x3A, 0x77, 0x50, 0xE4, 0xD1, 0x79, 0x66, 0x81, 0x1B, 0x90, 0x11, 0xE9, 0x90,
    0x08, 0xD3, 0x28, 0xD8, 0x7D, 0xB9, 0x5B, 0xA5, 0x4F, 0xF8, 0x64, 0x7F, 0xCC, 0x72, 0x7F, 0x06,
    0x89, 0x1D, 0x3D, 0x1B, 0x21, 0x96, 0x7F, 0x01, 0xE8, 0xEE, 0x03, 0x04, 0xF4, 0x87, 0xE8, 0xF7,
    0xB2, 0x1F, 0x17, 0xE4, 0x26, 0x4E, 0x4B, 0xF5, 0xCD, 0x86, 0x23, 0xB1, 0x50, 0xC9, 0x0D, 0x54,
    0xFD, 0x9E, 0x1E, 0x5A, 0x8A, 0xBE, 0x5E, 0xB9, 0x1F, 0xB0, 0x5F, 0x3C, 0xFC, 0x85, 0xF4, 0x23,
    0x4B, 0xFC, 0xF1, 0x4C, 0xFE, 0x5F, 0x4E, 0x4C, 0xC0, 0x3F, 0x47, 0x66, 0xC0, 0xB5, 0x4C, 0xC1,
    0x2A, 0x3E, 0x07, 0xB8, 0xF0, 0xF0, 0x59, 0x10, 0x9F, 0x06, 0x61, 0x1E, 0x46, 0x61, 0x22, 0x06,
    0xF1, 0x99, 0x10, 0x9F, 0x0A, 0xF1, 0xB9, 0x60, 0x32, 0x56, 0xD1, 0x6C, 0x68, 0x3A, 0x34, 0x1F,
    0x9A, 0x90, 0x90, 0x11, 0x2C, 0x12, 0xA3, 0x0B, 0x4B, 0xF1, 0xAE, 0x5F, 0x8F, 0x33, 0x83, 0xFD,
    0x08, 0xF0, 0x3B, 0x8F, 0xBF, 0xF3, 0x09, 0x58, 0xD9, 0x4F, 0xFE, 0x65, 0xD9, 0x50, 0xFE, 0xE3,
    0x9D, 0xAD, 0x33, 0x6C, 0x29, 0xAE, 0x67, 0x37, 0x59, 0x45, 0x9B, 0x8A, 0x76, 0x15, 0x6D, 0x2B,
    0xDA, 0x57, 0xB4, 0xB1, 0x68, 0x67, 0xD1, 0xD6, 0xA2, 0xA9, 0x09, 0xC9, 0xA9, 0xFA, 0x3D, 0x78,
    0x4D, 0x43, 0x6A, 0x42, 0xB8, 0x1C, 0x97, 0x97, 0x80, 0x78, 0x11, 0x0E, 0x47, 0x05, 0xD3, 0x60,
    0x60, 0xA5, 0xEC, 0x45, 0xC7, 0xE9, 0x13, 0xA0, 0x15, 0x42, 0xCF, 0xAD, 0xA6, 0x5B, 0x5D, 0xB7,
    0xDA, 0xD4, 0x10, 0xB6, 0xBE, 0xC2, 0x52, 0xE5, 0xC1, 0x25, 0xA5, 0x63, 0xEF, 0xCA, 0xD5, 0x97,
    0xAB, 0x33, 0x57, 0x6F, 0x8E, 0xB1, 0x50, 0x93, 0x49, 0x97, 0x7E, 0x3E, 0x37, 0x49, 0x31, 0x3C,
    0x62, 0xD4, 0x13, 0xA3, 0x77, 0x8E, 0xF7, 0xC5, 0xAB, 0xCE, 0x20, 0xA4, 0xDF, 0xDD, 0xD2, 0x08,
    0x2F, 0x30, 0x1D, 0xD1, 0x9A, 0x82, 0x72, 0xE2, 0x68, 0xDC, 0x72, 0xFF, 0xCC, 0xFC, 0xF9, 0x72,
    0x0E, 0x77, 0xC7, 0x45, 0x81, 0x0C, 0x9B, 0x6F, 0xD8, 0x7D, 0x25, 0x59, 0xD4, 0xCB, 0x9F, 0x94,
    0xE0, 0xE1, 0x1E, 0xAC, 0xBB, 0x30, 0xDF, 0x26, 0x7C, 0xB2, 0x8B, 0xF8, 0x67, 0x78, 0xB1, 0x83,
    0x1B, 0x49, 0x1C, 0xE0, 0x50, 0xFB, 0x64, 0x05, 0xA1, 0x74, 0x11, 0xE1, 0x49, 0x59, 0xA4, 0x5A,
    0xE7, 0x56, 0x62, 0x27, 0xF9, 0x2C, 0x89, 0x93, 0xC2, 0xEB, 0x84, 0x95, 0x97, 0x1B, 0xC3, 0x05,
    0xA1, 0x65, 0xD4, 0xDC, 0x06, 0x2D, 0xA7, 0x4D, 0x01, 0xB9, 0x5A, 0x62, 0x37, 0x4A, 0x01, 0x08,
    0x08, 0xDB, 0x31, 0xEA, 0x59, 0xD3, 0xFD, 0x9D, 0x47, 0x7D, 0x2D, 0x04, 0xEE, 0x19, 0xD2, 0x17,
    0x90, 0x72, 0x94, 0x06, 0xD2, 0xB5, 0xD5, 0x00, 0xE9, 0xC5, 0xD5, 0x10, 0x69, 0x20, 0x5D, 0x1B,
    0x41, 0xE2, 0x55, 0x5C, 0x9B, 0x6E, 0xD2, 0xE7, 0x8B, 0x74, 0x63, 0x67, 0xA5, 0x71, 0xDF, 0x5A,
    0x29, 0xDD, 0xBF, 0xAD, 0xA4, 0x6B, 0x62, 0x0F, 0xBE, 0x60, 0xF1, 0xF9, 0x46, 0x44, 0x8F, 0x35,
    0x85, 0xFB, 0xAF, 0x5A, 0xC7, 0xD7, 0xBF, 0x6A, 0x6D, 0x6E, 0xFE, 0xAA, 0xF5, 0x2C, 0xE1, 0x96,
    0x06, 0x41, 0xD9, 0x4D, 0xC6, 0x4D, 0xE4, 0x27, 0x90, 0x74, 0x02, 0x63, 0x7E, 0x78, 0x90, 0x30,
    0x8E, 0x86, 0x3A, 0x0D, 0xCE, 0x2F, 0x6C, 0xC9, 0xCD, 0xDE, 0x2E, 0xA9, 0xE3, 0x3E, 0x04, 0xB9,
    0x7A, 0x92, 0x0B, 0x21, 0xFE, 0xD5, 0xF2, 0xC7, 0x73, 0x4B, 0x98, 0x2F, 0x26, 0xD2, 0xFC, 0x7C,
    0x24, 0x48, 0xE5, 0xB9, 0x08, 0x81, 0x7E, 0xAA, 0x44, 0x15, 0xA9, 0x32, 0x55, 0xA8, 0x4A, 0x55,
    0x81, 0xEA, 0x0F, 0x05, 0xAB, 0x64, 0x15, 0xAD, 0xB2, 0x55, 0xB8, 0x4A, 0x77, 0x87, 0xD7, 0x05,
    0xFF, 0x41, 0xA4, 0x92, 0x8F, 0x61, 0x13, 0xBF, 0xCE, 0xF5, 0x6F, 0x16, 0xFA, 0xDC, 0x82, 0xEC,
    0x97, 0x33, 0xD0, 0xBE, 0x98, 0xC0, 0xF6, 0x37, 0x06, 0x70, 0xFF, 0xD8, 0x03, 0xAC, 0xC7, 0xBB,
    0x90, 0xEF, 0xE0, 0x01, 0x7B, 0xC2, 0x1E, 0xB1, 0x67, 0xEC, 0x21, 0x7B, 0xCA, 0x1E, 0xB3, 0xE7,
    0x1C, 0x1C, 0x5E, 0xA9, 0x0E, 0x6F, 0xDC, 0x5B, 0xD0, 0x70, 0xE8, 0x7F, 0x79, 0xA0, 0xB3, 0x29,
    0x78, 0xD4, 0xD8, 0xEE, 0x0C, 0x44, 0x27, 0xA7, 0x01, 0xCD, 0xF6, 0xA0, 0xFD, 0x41, 0x1B, 0x84,
    0x76, 0x08, 0x6D, 0x11, 0xA1, 0xBE, 0xC3, 0xCE, 0x70, 0x71, 0xD8, 0x43, 0x03, 0xD1, 0x0E, 0xC2,
    0x16, 0xC2, 0x1E, 0x12, 0x2A, 0xBE, 0xE8, 0xA1, 0xD5, 0x69, 0x12, 0xA1, 0x7F, 0xBF, 0x11, 0xEC,
    0xDA, 0x84, 0x20, 0x5F, 0x75, 0x23, 0xED, 0xDA, 0x0F, 0xEA, 0x4B, 0x65, 0x9E, 0xCE, 0x45, 0x0D,
    0x3B, 0xD2, 0x01, 0xAD, 0x5B, 0x37, 0xBD, 0x9F, 0x4D, 0x27, 0x20, 0x7C, 0x11, 0xC0, 0x0E, 0x3D,
    0x04, 0xED, 0x43, 0xF8, 0x91, 0xB7, 0x6F, 0x0F, 0xD8, 0xB5, 0x51, 0x52, 0x5D, 0x4B, 0x45, 0xB4,
    0xEA, 0x2E, 0xF2, 0x09, 0x9A, 0x7E, 0x77, 0x3F, 0xEB, 0x06, 0xC9, 0x56, 0x78, 0xD8, 0xC2, 0xD2,
    0xE5, 0x4E, 0xA0, 0xD3, 0x8D, 0x1B, 0xAA, 0xC8, 0xF5, 0x9B, 0x82, 0x6A, 0xBA, 0x20, 0x9E, 0xC4,
    0x95, 0x33, 0xD8, 0x00, 0x5B, 0x44, 0x5C, 0xE2, 0x38, 0x65, 0xB7, 0xF2, 0xFE, 0xB4, 0xD4, 0x89,
    0x6A, 0xA8, 0x23, 0xB4, 0xF1, 0x4A, 0x6A, 0x5D, 0x0F, 0x75, 0x7B, 0x6D, 0xF5, 0x9E, 0x09, 0x9B,
    0x4B, 0x31, 0x7A, 0x96, 0x61, 0x4B, 0x89, 0x0F, 0xFE, 0xD6, 0x6C, 0xC0, 0x0B, 0xAB, 0x11, 0xE0,
    0xCA, 0x11, 0x19, 0x2F, 0x4C, 0x6A, 0xF1, 0xA2, 0x7C, 0x82, 0x22, 0x2B, 0xD9, 0x54, 0x0D, 0x20,
    0xD0, 0xF4, 0xE8, 0xEB, 0x98, 0x21, 0x59, 0x56, 0xD9, 0xD4, 0x59, 0xA6, 0x78, 0xE6, 0xC4, 0x9C,
    0xC5, 0x8D, 0xD4, 0x3E, 0x40, 0x74, 0xC1, 0x72, 0xE7, 0x78, 0xE2, 0xED, 0xC6, 0xF0, 0x3E, 0xE9,
    0xA9, 0x5C, 0xD0, 0xCB, 0x33, 0xA3, 0x77, 0x38, 0x6C, 0x58, 0x44, 0x62, 0xC9, 0x71, 0x7A, 0x2B,
    0xF4, 0xA2, 0xD7, 0xE9, 0xDD, 0x69, 0xCC, 0x63, 0xD2, 0x73, 0xD0, 0xC8, 0x91, 0x1E, 0x23, 0x2A,
    0xD9, 0x46, 0xF9, 0x6E, 0xF1, 0x7F, 0xF9, 0x2F, 0x2D, 0x35, 0x99, 0x83, 0xBD, 0x28, 0xDB, 0x83,
    0xF6, 0x7F, 0x9E, 0xE4, 0xF9, 0xAC, 0xD4, 0x19, 0xE8, 0x13, 0x68, 0x94, 0x9A, 0xB0, 0x7F, 0x35,
    0x9A, 0x93, 0x33, 0xAD, 0x64, 0x1D, 0xC9, 0xC4, 0x6D, 0x61, 0x29, 0x01, 0xDE, 0x6F, 0x0E, 0x25,
    0x5E, 0x7C, 0x2F, 0x9D, 0xCE, 0x9D, 0x7F, 0x31, 0x7E, 0x8C, 0x17, 0xAC, 0xF6, 0x6A, 0x9B, 0x9E,
    0x3F, 0x1C, 0xCE, 0x94, 0xF6, 0xFF, 0x00, 0x7D, 0x91, 0x31, 0x8E, 0xD5, 0x30, 0x10, 0x86, 0xE7,
    0x25, 0x2B, 0xA5, 0x70, 0xE1, 0x23, 0xB8, 0xA1, 0x45, 0x6E, 0x68, 0x91, 0xC3, 0xB6, 0x14, 0x70,
    0x03, 0x8E, 0xC0, 0x0D, 0xD6, 0x16, 0x5B, 0x50, 0x70, 0x26, 0x14, 0x77, 0xB4, 0xEE, 0x68, 0x73,
    0x04, 0x23, 0x19, 0xC9, 0x48, 0x8E, 0x87, 0xF9, 0xFD, 0xF6, 0x6D, 0x11, 0xC4, 0x26, 0xC9, 0x97,
    0x91, 0x3D, 0x33, 0xFF, 0xEF, 0x0C, 0x11, 0x39, 0x6E, 0x8E, 0xAB, 0xE7, 0x42, 0xB8, 0x1C, 0x33,
    0xA7, 0x01, 0x2F, 0x88, 0xFF, 0x5D, 0xC3, 0x2A, 0xAE, 0xE3, 0xFA, 0x69, 0xFE, 0xFA, 0x79, 0x71,
    0xEF, 0x8E, 0xE8, 0x35, 0x11, 0xD3, 0xD4, 0x68, 0xC9, 0xA4, 0x13, 0xD9, 0x44, 0xAE, 0x92, 0x6B,
    0xE3, 0x29, 0x64, 0x12, 0x4D, 0x55, 0x75, 0xCD, 0x86, 0x75, 0x9F, 0xDA, 0x5C, 0x55, 0xB6, 0xC9,
    0xAF, 0x52, 0x43, 0xF4, 0x51, 0x35, 0x73, 0x58, 0xB9, 0xF5, 0x58, 0x37, 0xC9, 0x87, 0x07, 0x7A,
    0x85, 0x9D, 0xBB, 0x6B, 0xDF, 0xB7, 0xE8, 0x8C, 0xDE, 0x33, 0xBA, 0x2B, 0xF4, 0x1F, 0x0A, 0x43,
    0x63, 0xA8, 0xF8, 0x06, 0x48, 0x54, 0x5C, 0x16, 0x2D, 0x13, 0x45, 0x6D, 0xE8, 0x1D, 0xA2, 0xD8,
    0x8D, 0xBC, 0x5A, 0xE2, 0xA9, 0x2D, 0xA2, 0x00, 0x0D, 0xA8, 0xDB, 0xE8, 0x57, 0xBF, 0x8E, 0xEE,
    0xC3, 0x05, 0x7C, 0xC0, 0x09, 0xBC, 0x38, 0xBC, 0x4D, 0x37, 0x83, 0xFC, 0x82, 0x7C, 0x93, 0xE0,
    0xCB, 0xAF, 0x0F, 0xF4, 0x5D, 0xBC, 0xBD, 0xB9, 0xD6, 0x4C, 0x0C, 0x74, 0xC1, 0x3C, 0x70, 0x00,
    0x4D, 0xA0, 0x04, 0xF8, 0x35, 0x61, 0x13, 0xAC, 0x0C, 0x90, 0xC6, 0x14, 0x4C, 0xBE, 0xC1, 0x02,
    0x6E, 0x07, 0x12, 0x10, 0x05, 0x1E, 0xD8, 0x00, 0x0E, 0xC0, 0xFA, 0x84, 0x0B, 0x74, 0x06, 0x50,
    0x07, 0xEC, 0xE7, 0xE2, 0x51, 0xB7, 0x30, 0x73, 0x55, 0x82, 0xA2, 0x81, 0xE7, 0xE2, 0xB3, 0x53,
    0x87, 0x59, 0x0F, 0x78, 0x60, 0xD8, 0x25, 0x5D, 0x01, 0x29, 0x3A, 0x39, 0xBD, 0xF0, 0xAA, 0x79,
    0xB7, 0x9C, 0x1D, 0x67, 0xFF, 0xF4, 0x24, 0xCB, 0x41, 0xFD, 0x21, 0x95, 0xA6, 0x72, 0x69, 0x36,
    0xCB, 0xE0, 0xBA, 0x2B, 0xA6, 0x29, 0xF6, 0xD9, 0x36, 0xDD, 0x5D, 0x36, 0x45, 0x1D, 0x26, 0xA8,
    0x7D, 0x2A, 0x64, 0x8B, 0x08, 0x66, 0x1A, 0x27, 0x10, 0x6D, 0x86, 0x57, 0x38, 0x5D, 0x27, 0xB8,
    0x83, 0x2E, 0x87, 0xE5, 0xB8, 0x9E, 0x6D, 0x77, 0xD1, 0xC0, 0x06, 0x8E, 0x24, 0x77, 0xBE, 0x85,
    0x01, 0x55, 0x08, 0xC3, 0x76, 0x3F, 0xAA, 0xB0, 0xCA, 0xA8, 0x1A, 0xE1, 0xCF, 0x6E, 0xAA, 0xDD,
    0x71, 0x3E, 0xCB, 0xCD, 0xFD, 0xE2, 0x43, 0xBE, 0x51, 0x4C, 0xF3, 0x0F, 0x66, 0xDA, 0x78, 0x9F,
    0xFA, 0x3D, 0x7F, 0xF8, 0xCD, 0xEF, 0xF8, 0x53, 0x16, 0xE9, 0xC3, 0xEE, 0xFE, 0xB1, 0xE1, 0x90,
    0xA6, 0xBA, 0xE8, 0x1F, 0xAB, 0x1A, 0x0E, 0x25, 0xFC, 0x5A, 0x10, 0x72, 0x94, 0x41, 0xBF, 0x2F,
    0x3A, 0x93, 0x38, 0xF4, 0x61, 0x53, 0x08, 0x45, 0xCB, 0x07, 0x56, 0xC5, 0x26, 0xA9, 0x12, 0xC5,
    0x63, 0x39, 0x7C, 0xC4, 0xB9, 0x1C, 0xD7, 0x19, 0xE3, 0x15, 0x87, 0xA2, 0x78, 0xE1, 0x26, 0x55,
    0xD7, 0x5F, 0xFD, 0x79, 0x47, 0x2F, 0xE9, 0x31, 0x77, 0x5A, 0x1A, 0xFE, 0xAF, 0xC9, 0x98, 0x17,
    0xA6, 0xC5, 0xDF, 0xDA, 0xC4, 0xBA, 0xCE, 0x87, 0xC9, 0x4B, 0x73, 0x49, 0x17, 0x1F, 0xCD, 0xBE,
    0xAD, 0x2E, 0x76, 0x72, 0x5F, 0x1A, 0x46, 0x80, 0x4C, 0x0E, 0x73, 0x47, 0x9D, 0xDB, 0x31, 0x5D,
    0x9F, 0x30, 0x7C, 0x5D, 0x31, 0xAE, 0xB9, 0x63, 0x2E, 0x18, 0x2D, 0x87, 0xF3, 0x06, 0x0A, 0xF2,
    0x50, 0xC6, 0x82, 0xEC, 0xE0, 0xD2, 0x09, 0x74, 0x01, 0xDC, 0x00, 0x3A, 0x80, 0xB9, 0x82, 0x2A,
    0x83, 0x26, 0x82, 0x6E, 0x7D, 0x4E, 0xB9, 0x34, 0x70, 0x2E, 0xA0, 0xDE, 0xCF, 0x29, 0x1D, 0x98,
    0xFE, 0x49, 0xB1, 0x11, 0xF4, 0x37, 0x89, 0x5B, 0xCA, 0x92, 0xCF, 0x2E, 0xFE, 0x02, 0x6D, 0x93,
    0x41, 0xCE, 0xEC, 0x34, 0x10, 0x84, 0x2B, 0x19, 0xF4, 0xB2, 0x08, 0xC2, 0x7B, 0xDE, 0xC2, 0x1B,
    0xF6, 0x3E, 0x42, 0x5B, 0xEF, 0x42, 0x1C, 0xC1, 0x3E, 0x02, 0x27, 0xC2, 0x3E, 0x82, 0xFF, 0xFF,
    0x04, 0x06, 0x71, 0x00, 0x0B, 0x45, 0x22, 0x48, 0x49, 0x0A, 0xDB, 0x99, 0x28, 0xC3, 0x80, 0xDC,
    0x25, 0xCD, 0x24, 0xD5, 0xE9, 0xB6, 0xDD, 0x1F, 0xBE, 0xAE, 0x40, 0xA0, 0x1D, 0xC9, 0x38, 0xED,
    0x92, 0xD5, 0x62, 0x8A, 0xAE, 0xCB, 0x24, 0x5D, 0x24, 0x99, 0x2C, 0xB1, 0x49, 0x52, 0x55, 0x5D,
    0xC1, 0xCB, 0x6F, 0x84, 0xE6, 0x8E, 0x99, 0x0B, 0x06, 0x7A, 0x00, 0x6A, 0x05, 0x64, 0x01, 0x58,
    0x30, 0x56, 0x4D, 0x55, 0x8A, 0x19, 0xE2, 0x32, 0x0E, 0x49, 0xE3, 0x26, 0x71, 0x2A, 0x2E, 0xAA,
    0x14, 0xA2, 0x21, 0x8B, 0x3C, 0x85, 0x81, 0xE8, 0x22, 0xCB, 0x50, 0x35, 0x56, 0x3D, 0x16, 0x60,
    0xFA, 0x6B, 0xC5, 0x4C, 0x42, 0x91, 0x5E, 0x15, 0xC6, 0x1F, 0xBD, 0x8B, 0xC0, 0xA9, 0xEF, 0x41,
    0x2B, 0xDF, 0x88, 0xC0, 0x1D, 0xC2, 0x05, 0x5F, 0x68, 0x01, 0x7C, 0x4D, 0x18, 0x98, 0xA0, 0xAA,
    0xDC, 0xDE, 0x7F, 0x3E, 0xF8, 0x0B, 0x14, 0x0F, 0x68, 0xD2, 0xCB, 0xC1, 0x28, 0xB5, 0xBE, 0x24,
    0x77, 0xF5, 0x6F, 0x0D, 0x0F, 0xCC, 0x5C, 0x31, 0x54, 0x9F, 0x90, 0xDE, 0x91, 0x36, 0x90, 0xC0,
    0x63, 0x03, 0xE6, 0x02, 0x98, 0x74, 0x96, 0x24, 0x30, 0x1E, 0xCF, 0xC7, 0x2B, 0xA0, 0x96, 0xAA,
    0xF6, 0x3A, 0x03, 0x92, 0xAA, 0x62, 0x2B, 0xBF, 0x03, 0x64, 0x7C, 0x90, 0x69, 0xDA, 0x24, 0xCF,
    0x6B, 0xD5, 0xE6, 0xDA, 0x7F, 0x3B, 0xF6, 0x73, 0x62, 0xF5, 0xD7, 0xBA, 0xD1, 0xD5, 0x15, 0xA2,
    0xFB, 0xA0, 0x17, 0x12, 0x9A, 0x1B, 0xC6, 0x5A, 0x1F, 0x3F, 0xFF, 0x81, 0x91, 0x07, 0x14, 0x69,
    0xF5, 0x42, 0x2F, 0x29, 0x44, 0x69, 0xBE, 0x48, 0x2F, 0x9F, 0xA7, 0x57, 0x55, 0x8D, 0xD5, 0x0F,
    0xD3, 0x7A, 0xCE, 0x30, 0xF4, 0x90, 0xFD, 0xEC, 0xE1, 0x27, 0x00, 0x50, 0x19, 0x12, 0xC1, 0xD6,
    0x6C, 0xED, 0x75, 0x5E, 0x5B, 0xA7, 0xBA, 0xC0, 0x14, 0x48, 0x6E, 0xAE, 0xD7, 0x30, 0x19, 0x3A,
    0x43, 0x15, 0x4C, 0x2B, 0x40, 0x20, 0x58, 0x48, 0xEC, 0x91, 0xBA, 0x3B, 0xDF, 0x39, 0x2E, 0x22,
    0x44, 0xD0, 0xDE, 0x5F, 0x5E, 0x5A, 0xAE, 0xF3, 0x98, 0xFE, 0x3C, 0x77, 0x36, 0xAF, 0xCE, 0xAA,
    0x2C, 0x5E, 0x25, 0xB1, 0x2A, 0x0A, 0x74, 0x74, 0x30, 0x3E, 0x40, 0xFC, 0xAF, 0x10, 0xBB, 0x43,
    0xB0, 0xE3, 0x39, 0x61, 0x78, 0x90, 0x71, 0xDE, 0x24, 0xA9, 0x62, 0xB2, 0xCE, 0xE6, 0x75, 0xBA,
    0xF2, 0x79, 0x3F, 0xCF, 0x1B, 0xFA, 0x9D, 0x30, 0xAF, 0x13, 0x36, 0x2D, 0x70, 0xE5, 0xC1, 0x32,
    0x31, 0xCF, 0xCC, 0x3F, 0xB4, 0xDE, 0x22, 0x5C, 0x8F, 0xE0, 0x41, 0xDB, 0x03, 0xC2, 0x45, 0x58,
    0x1C, 0x0B, 0xF4, 0xDF, 0x18, 0x48, 0x3F, 0x93, 0x69, 0xCA, 0x2E, 0x8F, 0xF6, 0xBA, 0xAB, 0xEA,
    0x1E, 0x08, 0x4C, 0x3B, 0xA0, 0x17, 0xC0, 0x25, 0x8C, 0xB4, 0x50, 0x1B, 0x70, 0x4D, 0x40, 0x53,
    0xCB, 0x1F, 0x49, 0x3F, 0x91, 0xE9, 0x91, 0xDD, 0x9D, 0x2B, 0x07, 0xE0, 0xBA, 0x19, 0x18, 0x68,
    0xDB, 0xB3, 0xEF, 0x40, 0xAF, 0xBF, 0x11, 0x8E, 0x07, 0x0C, 0x57, 0x7C, 0xA1, 0x47, 0xFF, 0xF8,
    0x2B, 0x11, 0x73, 0x95, 0xEE, 0x44, 0x24, 0xEC, 0x12, 0xC7, 0xD5, 0x75, 0x22, 0x74, 0xDB, 0xEB,
    0x3B, 0x11, 0x63, 0xD5, 0x45, 0x03, 0x99, 0xDF, 0x89, 0xD0, 0x9D, 0x88, 0xF0, 0x24, 0x22, 0xF8,
    0x9B, 0x88, 0x0D, 0x8E, 0xE5, 0x9D, 0x88, 0x08, 0xD7, 0xCE, 0x22, 0x62, 0xBA, 0x89, 0xB0, 0x9D,
    0x88, 0x1C, 0xA2, 0xEB, 0xAB, 0xF6, 0xF0, 0x41, 0x34, 0x22, 0x54, 0x27, 0xC2, 0xF7, 0xB3, 0xA8,
    0xC2, 0x45, 0x04, 0xD4, 0x45, 0x84, 0xFF, 0x2F, 0x11, 0x05, 0xD0, 0xFF, 0x4F, 0x84, 0x6F, 0x44,
    0xCC, 0x27, 0x11, 0x69, 0x6E, 0x7B, 0x7E, 0x12, 0xA1, 0x48, 0x48, 0xA6, 0x3F, 0x79, 0x08, 0x3E,
    0x7C, 0xD0, 0x9E, 0x44, 0xAC, 0x37, 0x11, 0x4F, 0x9F, 0x29, 0x9D, 0x88, 0xEA, 0x6D, 0xAA, 0x39,
    0x9F, 0x97, 0xF7, 0x38, 0x89, 0x90, 0x05, 0xE3, 0x93, 0x08, 0xB7, 0x03, 0xEE, 0x22, 0xE2, 0x1C,
    0x53, 0xE2, 0xB1, 0x63, 0xDA, 0x1A, 0x0E, 0xEA, 0x15, 0x87, 0xF8, 0xEF, 0x48, 0x37, 0x11, 0xC3,
    0x01, 0xD0, 0xC2, 0xF9, 0xFB, 0xDD, 0x1D, 0xAF, 0x23, 0xF7, 0x4E, 0xC4, 0x3F, 0x4D, 0x94, 0x37,
    0x90, 0xF4, 0x44, 0x10, 0x85, 0xDF, 0xEE, 0x19, 0x55, 0xFD, 0x0A, 0x26, 0xC1, 0xBB, 0x49, 0x89,
    0x50, 0x88, 0xBD, 0x93, 0xF0, 0x21, 0x9E, 0x10, 0x9F, 0x5F, 0x8E, 0x93, 0xF0, 0x1E, 0x96, 0x3C,
    0xC0, 0x46, 0x97, 0x57, 0xE1, 0x91, 0xF0, 0x21, 0xC2, 0x7B, 0x10, 0xDE, 0xC3, 0x50, 0x27, 0xAA,
    0xF6, 0x0A, 0x8D, 0x9A, 0xD7, 0x7D, 0x66, 0x77, 0x82, 0xEF, 0x8D, 0x46, 0xED, 0xC6, 0x02, 0xD8,
    0xF0, 0x04, 0x6E, 0x3D, 0x4D, 0xF9, 0xF2, 0x06, 0xB1, 0x25, 0x03, 0x90, 0x88, 0x44, 0x20, 0x13,
    0x91, 0x02, 0x22, 0x6F, 0x48, 0x31, 0x95, 0xC7, 0x2E, 0x8E, 0x1C, 0xF6, 0xE9, 0x0C, 0x6E, 0xD8,
    0x74, 0x05, 0x7C, 0x7F, 0x6B, 0x06, 0xE4, 0xE1, 0xF9, 0x0D, 0xB2, 0xEB, 0x6F, 0x05, 0xCA, 0xF7,
    0xC3, 0x9C, 0xFC, 0xE0, 0xBD, 0x00, 0xD4, 0xEF, 0xBC, 0xDE, 0x91, 0xEF, 0xDE, 0xD5, 0x92, 0x7F,
    0xA7, 0x0D, 0x39, 0xD2, 0x09, 0x65, 0xD4, 0x7C, 0xF9, 0xB0, 0x99, 0x54, 0xC8, 0xE2, 0xAD, 0x59,
    0x07, 0x27, 0x22, 0x1D, 0x56, 0xC8, 0x4A, 0xD3, 0x8E, 0x40, 0xFA, 0x90, 0xCC, 0x00, 0x77, 0x31,
    0x9D, 0x90, 0xB9, 0x8A, 0x3C, 0xFE, 0x08, 0xAC, 0xAD, 0xD3, 0x06, 0xB9, 0x30, 0x8B, 0x10, 0x2B,
    0x72, 0x6F, 0x40, 0x12, 0x51, 0xB0, 0x22, 0xD0, 0xA1, 0x3F, 0x80, 0x27, 0x56, 0x34, 0xD4, 0x01,
    0x22, 0x26, 0x5B, 0xFF, 0x5E, 0x89, 0x54, 0x64, 0x80, 0x53, 0x57, 0x03, 0xCA, 0x16, 0x80, 0x34,
    0x6A, 0xAC, 0x5E, 0x91, 0x28, 0xD5, 0xA3, 0x56, 0x0F, 0x51, 0x20, 0x19, 0xCD, 0x2C, 0x11, 0x93,
    0x94, 0xF9, 0xEB, 0x06, 0x8E, 0x3E, 0xA2, 0xD2, 0x42, 0x2A, 0x4A, 0x50, 0xF1, 0xD2, 0x4F, 0xA4,
    0xD0, 0xC0, 0x13, 0x89, 0x4E, 0x76, 0x86, 0xA9, 0x44, 0x2F, 0x3B, 0xE3, 0x0A, 0x73, 0xE6, 0xDF,
    0xCA, 0xCA, 0xA8, 0xCB, 0x24, 0xE7, 0x5B, 0xBC, 0xF2, 0x9D, 0x08, 0x06, 0xCA, 0xBF, 0xE0, 0x2F,
    0x69, 0xB2, 0xDF, 0xA5, 0x2F, 0xA5, 0xA1, 0x6B, 0x28, 0xA5, 0x4A, 0x29, 0x0C, 0x94, 0xB0, 0x40,
    0xCA, 0x8A, 0xF4, 0x98, 0x0A, 0x7B, 0xC1, 0x8A, 0xDC, 0x97, 0x9A, 0x62, 0xF1, 0xB4, 0xE0, 0xB1,
    0x50, 0x8A, 0x2E, 0xB7, 0xCE, 0xCF, 0x0A, 0x27, 0x1B, 0x3F, 0x92, 0x15, 0xCD, 0x73, 0x61, 0x0B,
    0x4B, 0xEC, 0x38, 0xE8, 0xA2, 0x86, 0x28, 0x07, 0x5B, 0xF9, 0x1E, 0x09, 0xC9, 0xF9, 0x91, 0x50,
    0xFE, 0x00, 0x5B, 0x53, 0x72, 0xAE, 0xF4, 0xFD, 0x82, 0x59, 0x50, 0xE6, 0xCB, 0xEC, 0x08, 0x6D,
    0xD3, 0x51, 0xB9, 0x12, 0x61, 0x31, 0x1A, 0x7A, 0x2F, 0x11, 0x89, 0x85, 0x4A, 0x8D, 0xAE, 0xD7,
    0xA5, 0x75, 0x41, 0x2B, 0xFF, 0x26, 0x60, 0x22, 0x62, 0x33, 0xBB, 0x48, 0x3A, 0xCD, 0x5B, 0x77,
    0xF0, 0x01, 0x79, 0x8B, 0xAC, 0x43, 0xDE, 0xB0, 0x63, 0x6C, 0x50, 0x1A, 0xEB, 0x4A, 0x3B, 0x52,
    0x69, 0x5F, 0x0A, 0xE4, 0x3A, 0x1B, 0x64, 0xF3, 0x6B, 0xC5, 0x32, 0x91, 0x89, 0xEC, 0x92, 0xA8,
    0x1F, 0x1F, 0xB1, 0xDC, 0xF4, 0x6F, 0x7B, 0x50, 0x8D, 0x37, 0x02, 0x93, 0x7A, 0x97, 0xF4, 0xF6,
    0x47, 0xEC, 0x50, 0x91, 0x91, 0x46, 0xB3, 0x64, 0x40, 0x3E, 0x00, 0x33, 0x94, 0xC1, 0x7C, 0xD5,
    0xC1, 0x1F, 0xB2, 0xC2, 0x94, 0xB9, 0x41, 0x12, 0xB6, 0xC2, 0x07, 0x2C, 0x8D, 0xF6, 0x17, 0x13,
    0xDA, 0xAD, 0x02, 0x0C, 0xCE, 0xFB, 0x55, 0xCF, 0xF9, 0x69, 0x46, 0x85, 0x86, 0x8B, 0x6A, 0x24,
    0xBD, 0xAE, 0xE8, 0x58, 0x58, 0x09, 0x33, 0xED, 0xDB, 0x16, 0x9A, 0x95, 0x8D, 0xA9, 0x66, 0x12,
    0x12, 0x93, 0x0E, 0x32, 0x02, 0x75, 0x0B, 0x69, 0x28, 0xB6, 0x06, 0xEC, 0x6A, 0xD4, 0x52, 0x1A,
    0x3D, 0x67, 0xB5, 0x54, 0xDE, 0xC4, 0xA6, 0x32, 0x21, 0x7B, 0xCB, 0x62, 0x67, 0x5C, 0x87, 0x54,
    0x08, 0xCA, 0x68, 0x92, 0x44, 0x93, 0x74, 0x58, 0x16, 0xB7, 0x2F, 0xF3, 0x85, 0x58, 0x7B, 0xD6,
    0xD8, 0x2B, 0xD6, 0xE7, 0xB6, 0x76, 0xD2, 0xD9, 0x4E, 0xC7, 0x83, 0x82, 0x45, 0xFE, 0xD3, 0x13,
    0xF7, 0x49, 0x5B, 0x23, 0x91, 0x8B, 0x9B, 0x53, 0xE1, 0x62, 0xAA, 0x8B, 0x3D, 0x38, 0x32, 0xEF,
    0x5D, 0x45, 0x06, 0x65, 0xD9, 0xF9, 0x82, 0x6C, 0xBD, 0xDE, 0xB6, 0x26, 0x33, 0xE6, 0x12, 0xC9,
    0xCD, 0x74, 0x20, 0x37, 0x94, 0xED, 0x6D, 0x6E, 0xA0, 0xE5, 0xCB, 0x6E, 0x4E, 0xDF, 0xC1, 0xF7,
    0xF0, 0x63, 0xAC, 0x7B, 0xDB, 0x8A, 0x80, 0xA9, 0x11, 0x5B, 0xF2, 0x58, 0x07, 0x4C, 0x83, 0xCD,
    0xC9, 0x38, 0x99, 0xC1, 0xDA, 0xAD, 0xC6, 0x97, 0x17, 0xDC, 0xD2, 0xE5, 0x4A, 0x6C, 0x15, 0x32,
    0xAB, 0x96, 0x90, 0x6A, 0x2A, 0xDF, 0x05, 0xE1, 0xF0, 0x79, 0xE1, 0x0C, 0x56, 0xBB, 0xD2, 0x69,
    0xB5, 0xCA, 0xBC, 0x4F, 0x5A, 0x32, 0x24, 0x8D, 0x56, 0x9B, 0x2A, 0x5B, 0x47, 0xD6, 0xAD, 0xAB,
    0xC8, 0xC6, 0x15, 0x4A, 0x0F, 0xB2, 0xCD, 0xA0, 0x36, 0x39, 0xD4, 0x7E, 0x73, 0xA5, 0x40, 0x36,
    0x6C, 0xFA, 0x76, 0xBF, 0xCE, 0x84, 0xA4, 0x9B, 0x3D, 0x6C, 0x38, 0x51, 0x3A, 0x12, 0xF3, 0xC5,
    0x42, 0xE2, 0x49, 0x2D, 0xF9, 0x2A, 0x36, 0xB3, 0x94, 0xC2, 0x88, 0xD4, 0xC8, 0x75, 0x56, 0x5F,
    0xDB, 0xF2, 0x23, 0xDB, 0xDB, 0xF5, 0x2F, 0x76, 0x22, 0xA2, 0x95, 0x3F, 0xE0, 0x84, 0xED, 0x6D,
    0xF9, 0x05, 0x07, 0x47, 0x4D, 0x6F, 0x7B, 0xC9, 0xE1, 0xC5, 0x5B, 0xA0, 0xC3, 0x47, 0x5F, 0xAD,
    0x04, 0xA4, 0x59, 0xB0, 0xEC, 0x16, 0x57, 0x37, 0x33, 0xFA, 0xF9, 0x62, 0xDB, 0xD3, 0x78, 0xB0,
    0xE7, 0x06, 0xDF, 0x9B, 0xD5, 0x1A, 0x1D, 0xFE, 0x89, 0x84, 0x25, 0x90, 0x1F, 0x90, 0xCA, 0x2E,
    0xEC, 0x01, 0x84, 0x97, 0xE6, 0x26, 0x40, 0xBE, 0xE8, 0x09, 0xDB, 0x17, 0xBD, 0x93, 0xFC, 0x41,
    0x60, 0xED, 0xD2, 0x5B, 0x84, 0x71, 0x56, 0x84, 0x21, 0x56, 0x46, 0xD4, 0x5D, 0x12, 0x13, 0x69,
    0x74, 0x8A, 0x87, 0x6F, 0x71, 0x4B, 0x30, 0x14, 0x29, 0x33, 0x63, 0x34, 0x4A, 0xB1, 0x7F, 0xD9,
    0xB2, 0x7E, 0xAA, 0x0C, 0x20, 0x59, 0x73, 0x7D, 0xC8, 0x4E, 0x59, 0xB6, 0xB0, 0x27, 0x99, 0x19,
    0xEC, 0xC5, 0x33, 0xD7, 0xB9, 0xB1, 0x55, 0xEE, 0xDA, 0x0D, 0x5D, 0xBA, 0xA7, 0xE3, 0x12, 0xA3,
    0x4D, 0x77, 0x71, 0xF0, 0x9D, 0xF1, 0x7F, 0x62, 0x80, 0x00, 0x40, 0x53, 0x63, 0x80, 0x81, 0x40,
    0x10, 0x86, 0xD1, 0xB7, 0xBB, 0x58, 0x1A, 0xDA, 0x1B, 0x34, 0x27, 0xA8, 0x13, 0x94, 0xFD, 0x8F,
    0xD2, 0x15, 0x22, 0x88, 0x68, 0x75, 0xA6, 0x10, 0xA2, 0x39, 0xC2, 0x76, 0x86, 0x10, 0xC0, 0x20,
    0x2C, 0x96, 0xA9, 0x8F, 0xDD, 0xB6, 0xE7, 0xF3, 0xC0, 0x3F, 0x6F, 0xF6, 0x52, 0xDE, 0xCA, 0xDE,
    0xE4, 0x53, 0xFA, 0xC2, 0x5D, 0xA6, 0x46, 0x38, 0x93, 0xF3, 0xC0, 0xC4, 0x96, 0xAC, 0xA3, 0xEC,
    0xF1, 0x89, 0xC3, 0xCB, 0xCE, 0x0F, 0x2B, 0x5A, 0x8A, 0xA0, 0x95, 0x01, 0xD7, 0xE8, 0x49, 0xC5,
    0xB0, 0x05, 0xAC, 0x60, 0x03, 0x6B, 0xED, 0x87, 0x8E, 0x45, 0x44, 0xDC, 0x86, 0x1F, 0x93, 0x40,
    0x74, 0xD3, 0xCD, 0x9C, 0x91, 0xD9, 0x18, 0xF5, 0xEA, 0xB2, 0xFC, 0xEB, 0x1E, 0xE1, 0x0A, 0x17,
    0x78, 0xAB, 0x99, 0x45, 0xDB, 0x3D, 0x9B, 0x3A, 0x51, 0xF5, 0xB8, 0xA8, 0xCE, 0x07, 0x75, 0xD3,
    0x31, 0xB2, 0xA4, 0x54, 0x14, 0x06, 0xE0, 0x1F, 0xD0, 0xD7, 0xA5, 0x04, 0xD7, 0xE4, 0x45, 0x13,
    0x90, 0x4F, 0xC2, 0x0E, 0xBC, 0x64, 0x86, 0xBE, 0xC0, 0x76, 0x1B, 0xBD, 0x04, 0x58, 0x42, 0x27,
    0xE6, 0x06, 0xEE, 0x03, 0xCA, 0x15, 0x30, 0xE5, 0x06, 0x18, 0x37, 0x20, 0x55, 0xDE, 0xA9, 0x62,
    0x4A, 0xB8, 0xBF, 0xE7, 0x3F, 0x5D, 0xDD, 0x3D, 0x81, 0xDE, 0xE0, 0x63, 0xE0, 0x9C, 0x3E, 0xE7,
    0xA7, 0x98, 0x07, 0xBC, 0xBB, 0x02, 0xE0, 0x0E, 0x54, 0xCC, 0x40, 0x20, 0x81, 0xF6, 0x23, 0x3B,
    0xB4, 0x03, 0x07, 0xBC, 0xC0, 0x80, 0x53, 0x88, 0xD1, 0x0A, 0x8D, 0x5A, 0xC6, 0x7F, 0x88, 0x8A,
    0x3F, 0x64, 0x84, 0xAD, 0x3E, 0xD0, 0x2E, 0x61, 0x47, 0x9C, 0xDA, 0x0D, 0x63, 0x17, 0x57, 0x10,
    0xE3, 0x6C, 0x70, 0x02, 0x2B, 0x02, 0xFC, 0xEB, 0xD0, 0x2F, 0x13, 0x10, 0x39, 0x01, 0xF5, 0x67,
    0xF8, 0x29, 0x3A, 0x19, 0x26, 0xD9, 0xCE, 0xB2, 0x5F, 0x24, 0x57, 0xA3, 0x74, 0x2B, 0x26, 0xB5,
    0x70, 0x33, 0x9B, 0xBF, 0x77, 0x33, 0xFE, 0x21, 0xC7, 0xDF, 0x0F, 0x05, 0x2A, 0x32, 0x50, 0x65,
    0x10, 0xA8, 0x77, 0x19, 0x92, 0xED, 0x87, 0x05, 0xE8, 0x07, 0xF4, 0xB3, 0x05, 0x02, 0x07, 0xB3,
    0xA4, 0x16, 0x58, 0x23, 0x9A, 0x25, 0x1C, 0xE7, 0xF3, 0x65, 0x6D, 0x68, 0x67, 0x8D, 0x32, 0xB9,
    0x2B, 0x5A, 0x33, 0xB9, 0x2B, 0xE2, 0xCD, 0x01, 0xC1, 0x47, 0x85, 0x05, 0x7D, 0x87, 0x66, 0xC6,
    0xE8, 0x41, 0x69, 0x4E, 0xA6, 0xE6, 0x67, 0x59, 0x1C, 0xE6, 0x50, 0x9A, 0x7D, 0x57, 0xEE, 0xB0,
    0x0C, 0x95, 0x84, 0x24, 0xAA, 0x0D, 0xC8, 0x38, 0x25, 0x58, 0xDA, 0x7A, 0x45, 0x71, 0xC8, 0x72,
    0xD7, 0xEC, 0xCA, 0x5C, 0x64, 0x63, 0x6E, 0xB6, 0xC1, 0xDA, 0x34, 0xBB, 0x4E, 0x88, 0xE6, 0x2A,
    0xAD, 0xED, 0x7D, 0x87, 0x6F, 0x7F, 0x05, 0x5E, 0xCF, 0x76, 0x3C, 0x5B, 0x46, 0xEF, 0x8E, 0xE6,
    0x81, 0xB8, 0xC1, 0x4E, 0xB3, 0xCB, 0x9A, 0xB2, 0xE2, 0x60, 0x82, 0xB3, 0xEC, 0x57, 0xD9, 0x7A,
    0x39, 0xE4, 0x5B, 0x59, 0x16, 0xDE, 0x54, 0xB1, 0x33, 0xC3, 0x61, 0x20, 0x26, 0xC9, 0xF9, 0xBF,
    0x1E, 0x17, 0xFE, 0xF8, 0xC4, 0xE7, 0x2A, 0x05, 0x61, 0xD7, 0x4B, 0x8C, 0xEE, 0x59, 0x07, 0xB8,
    0x17, 0xD7, 0x5E, 0x8C, 0x02, 0x76, 0xCA, 0xDF, 0x64, 0xBD, 0x7E, 0xF1, 0xB9, 0x07, 0x49, 0x51,
    0xDD, 0xD2, 0x27, 0xD9, 0x2C, 0x32, 0x4E, 0x8F, 0x62, 0xE9, 0xC5, 0xD3, 0xFF, 0x14, 0x0F, 0x2F,
    0x6E, 0x32, 0xAC, 0xCF, 0xE2, 0xD8, 0x19, 0x85, 0x17, 0xAB, 0x2F, 0x8A, 0xAD, 0x17, 0xCB, 0x2D,
    0xE4, 0x96, 0x91, 0x31, 0x37, 0xDB, 0xCB, 0x15, 0xEA, 0x3C, 0xFF, 0xE4, 0x09, 0xB8, 0x7B, 0xEF,
    0xED, 0x12, 0x67, 0x3C, 0x73, 0x82, 0x6E, 0x91, 0xF1, 0x0C, 0xAC, 0xBD, 0xF7, 0xD9, 0x7D, 0xF2,
    0x70, 0xE3, 0xA6, 0x00, 0xBA, 0xF4, 0x83, 0xB7, 0xD1, 0xBB, 0x3D, 0x49, 0xB9, 0xDB, 0xBD, 0x2E,
    0x75, 0xF2, 0x70, 0x61, 0xF5, 0x4B, 0xEB, 0x6B, 0xF2, 0x2D, 0x77, 0xF6, 0xE0, 0x20, 0x25, 0xC6,
    0x5D, 0x6A, 0xDA, 0xF3, 0x53, 0xE2, 0xFD, 0x55, 0xDE, 0x4F, 0x9B, 0xF0, 0xC2, 0xAE, 0xF0, 0x6F,
    0xB1, 0xD4, 0xE4, 0x9F, 0x64, 0x6A, 0x3E, 0x8F, 0xCC, 0x97, 0x3D, 0x2E, 0x81, 0x6B, 0xBD, 0xC7,
    0xA9, 0xE2, 0x74, 0xF2, 0xCB, 0x50, 0xEF, 0xFD, 0xD4, 0x70, 0x09, 0x29, 0x7E, 0x22, 0x8F, 0x7E,
    0x6D, 0xC9, 0x1F, 0xC9, 0x39, 0x70, 0x2F, 0xC9, 0xAE, 0xE4, 0x15, 0x97, 0x84, 0xE7, 0xF9, 0x4A,
    0x71, 0x39, 0x03, 0x81, 0x13, 0xD0, 0xB2, 0x03, 0xE2, 0x07, 0x25, 0x99, 0x8C, 0x71, 0x10, 0x9D,
    0x41, 0x07, 0x40, 0xF1, 0xA0, 0xCC, 0x46, 0x75, 0x88, 0xFD, 0xCE, 0x49, 0xD4, 0xDB, 0x9D, 0x90,
    0xC4, 0x7A, 0xA7, 0x11, 0xED, 0x62, 0xC4, 0xF9, 0xC1, 0x04, 0x7C, 0xF3, 0x58, 0xDD, 0x1F, 0x30,
    0xD4, 0x81, 0xA2, 0xC3, 0xAB, 0x95, 0x0F, 0x10, 0x05, 0xF9, 0x21, 0xA3, 0x22, 0x79, 0xD8, 0x86,
    0x96, 0x1B, 0xEA, 0x54, 0x72, 0xC1, 0xD7, 0x6F, 0x6A, 0xD1, 0x79, 0x03, 0xB8, 0x54, 0x1B, 0x4E,
    0xCC, 0xB6, 0x38, 0xDC, 0xFE, 0xDE, 0x3F, 0x8E, 0x9C, 0x6D, 0x7E, 0x4D, 0x9B, 0xD4, 0xC1, 0xBF,
    0xBE, 0xFE, 0x01, 0x78, 0xFA, 0xC3, 0xE3, 0x7A, 0xEF, 0xD6, 0x18, 0xA9, 0x35, 0xD6, 0xD7, 0x9F,
    0xF9, 0xCB, 0x9B, 0x5E, 0xCD, 0x8B, 0xB7, 0x37, 0x78, 0xBD, 0x7C, 0x3A, 0x77, 0x23, 0xC9, 0xC9,
    0xA1, 0xA8, 0xEE, 0x45, 0x7F, 0xA9, 0xE7, 0x29, 0x3A, 0x79, 0x91, 0x35, 0x75, 0x4F, 0x79, 0xE1,
    0xAC, 0xFB, 0x4D, 0xF7, 0xD9, 0x4B, 0x83, 0x3B, 0xC3, 0x9F, 0xDC, 0xBA, 0x93, 0x89, 0x9E, 0x57,
    0xAD, 0xBE, 0xDD, 0xB4, 0xAB, 0x2C, 0x5D, 0x7C, 0x87, 0x48, 0x72, 0x41, 0xEF, 0x8E, 0xE6, 0x8C,
    0x62, 0x50, 0x7D, 0x33, 0x2A, 0xCD, 0x2A, 0x79, 0xE8, 0x57, 0x56, 0x46, 0x31, 0xB2, 0xBB, 0x0F,
    0xED, 0x77, 0x6D, 0x31, 0x2E, 0x36, 0xFC, 0x1D, 0xF5, 0xBF, 0x29, 0xAB, 0xED, 0x6A, 0xA8, 0xFE,
    0xBD, 0x8F, 0x17, 0xBE, 0xA1, 0x17, 0x3E, 0xFF, 0x5F, 0x35, 0x8E, 0x01, 0xC6, 0xC3, 0x40, 0x14,
    0x06, 0xBF, 0x3F, 0x3F, 0x82, 0xA2, 0x47, 0xC8, 0x11, 0x72, 0x84, 0x86, 0xA2, 0x28, 0x7A, 0xA4,
    0x8D, 0xF6, 0x02, 0x3D, 0x51, 0xD3, 0x23, 0x24, 0x7A, 0x81, 0x1E, 0x21, 0xDA, 0x20, 0xD8, 0xCD,
    0xEB, 0xBC, 0x95, 0xC0, 0xD8, 0xB7, 0x86, 0xF9, 0x54, 0xD8, 0xFD, 0x21, 0x55, 0xF6, 0xB1, 0x46,
    0xC1, 0x5E, 0xD0, 0x86, 0x9B, 0x49, 0x3C, 0x92, 0xFE, 0x78, 0x88, 0x6F, 0x3B, 0x46, 0xE7, 0x29,
    0xAA, 0x33, 0x2B, 0x67, 0xFD, 0x27, 0xED, 0x60, 0xD4, 0x7E, 0x52, 0x09, 0x47, 0xCE, 0x95, 0xD5,
    0xE8, 0x9F, 0xF5, 0x9B, 0x73, 0xE5, 0xA1, 0x57, 0x05, 0x9F, 0x7E, 0x42, 0xCE, 0x90, 0xD9, 0xB5,
    0x7E, 0x76, 0x8D, 0x9F, 0xD4, 0x24, 0x72, 0x1B, 0x0B, 0xBB, 0x2E, 0xBE, 0xEA, 0x9B, 0xE4, 0xAB,
    0xA0, 0x0D, 0x6C, 0xC0, 0x23, 0x87, 0x40, 0x88, 0x3D, 0xE7, 0xCC, 0xCB, 0xE4, 0xAB, 0x08, 0xB1,
    0xCA, 0x19, 0x3D, 0x87, 0x46, 0x0E, 0xAD, 0xEE, 0xA1, 0xE7, 0x58, 0x45, 0x0E, 0x21, 0x6C, 0x44,
    0x63, 0x03, 0x1A, 0x75, 0x04, 0x6B, 0x33, 0x17, 0xD7, 0x82, 0x65, 0x61, 0xD6, 0x0F,
};

static const EpdGlyph sarabun_16_bolditalicGlyphs[] = {
    { 0, 0, 0, 0, 0, 0, 0 }, // U+0000
    { 0, 0, 124, 0, 0, 0, 0 }, // U+000D
    { 0, 0, 124, 0, 0, 0, 0 }, // U+0020
    { 10, 23, 137, 0, 23, 58, 0 }, // !
    { 14, 9, 216, 2, 23, 32, 58 }, // "
    { 23, 23, 377, 1, 23, 133, 90 }, // #
    { 19, 28, 288, 0, 25, 133, 223 }, // $
    { 29, 23, 516, 2, 23, 167, 356 }, // %
    { 23, 23, 372, 0, 23, 133, 523 }, // &
    { 7, 9, 109, 2, 23, 16, 656 }, // '
    { 13, 27, 189, 1, 25, 88, 672 }, // (
    { 14, 27, 189, -2, 25, 95, 760 }, // )
    { 15, 15, 239, 2, 26, 57, 855 }, // *
    { 19, 18, 329, 1, 18, 86, 912 }, // +
    { 8, 13, 155, -1, 6, 26, 998 }, // ,
    { 11, 4, 181, 0, 11, 11, 1024 }, // -
    { 7, 6, 155, 0, 6, 11, 1035 }, // .
    { 23, 26, 250, -3, 24, 150, 1046 }, // /
    { 18, 23, 301, 1, 23, 104, 1196 }, // 0
    { 14, 23, 301, 2, 23, 81, 1300 }, // 1
    { 19, 23, 301, 0, 23, 110, 1381 }, // 2
    { 19, 23, 301, 0, 23, 110, 1491 }, // 3
    { 20, 23, 301, -1, 23, 115, 1601 }, // 4
    { 20, 23, 301, 0, 23, 115, 1716 }, // 5
    { 18, 25, 301, 1, 25, 113, 1831 }, // 6
    { 17, 23, 301, 3, 23, 98, 1944 }, // 7
    { 19, 23, 301, 0, 23, 110, 2042 }, // 8
    { 18, 25, 301, 1, 23, 113, 2152 }, // 9
    { 9, 17, 155, 0, 17, 39, 2265 }, // :
    { 10, 24, 155, -1, 17, 60, 2304 }, // ;
    { 20, 20, 329, 1, 20, 100, 2364 }, // <
    { 19, 11, 329, 1, 14, 53, 2464 }, // =
    { 20, 20, 329, 0, 20, 100, 2517 }, // >
    { 15, 23, 251, 2, 23, 87, 2617 }, // ?
    { 26, 26, 429, 0, 21, 169, 2704 }, // @
    { 21, 23, 342, -1, 23, 121, 2873 }, // A
    { 20, 23, 323, 0, 23, 115, 2994 }, // B
    { 21, 23, 331, 1, 23, 121, 3109 }, // C
    { 22, 23, 342, 0, 23, 127, 3230 }, // D
    { 21, 23, 304, 0, 23, 121, 3357 }, // E
    { 21, 23, 306, 0, 23, 121, 3478 }, // F
    { 21, 23, 348, 1, 23, 121, 3599 }, // G
    { 24, 23, 369, 0, 23, 138, 3720 }, // H
    { 10, 23, 172, 1, 23, 58, 3858 }, // I
    { 18, 23, 262, -1, 23, 104, 3916 }, // J
    { 24, 23, 350, 0, 23, 138, 4020 }, // K
    { 18, 23, 301, 0, 23, 104, 4158 }, // L
    { 28, 23, 435, 0, 23, 161, 4262 }, // M
    { 24, 23, 373, 0, 23, 138, 4423 }, // N
    { 22, 23, 368, 1, 23, 127, 4561 }, // O
    { 20, 23, 315, 0, 23, 115, 4688 }, // P
    { 22, 28, 368, 1, 23, 154, 4803 }, // Q
    { 21, 23, 318, 0, 23, 121, 4957 }, // R
    { 19, 23, 293, 0, 23, 110, 5078 }, // S
    { 20, 23, 315, 2, 23, 115, 5188 }, // T
    { 22, 23, 353, 1, 23, 127, 5303 }, // U
    { 21, 23, 345, 3, 23, 121, 5430 }, // V
    { 28, 23, 466, 3, 23, 161, 5551 }, // W
    { 25, 23, 349, -1, 23, 144, 5712 }, // X
    { 21, 23, 335, 3, 23, 121, 5856 }, // Y
    { 23, 23, 316, -1, 23, 133, 5977 }, // Z
    { 14, 27, 177, -1, 23, 95, 6110 }, // [
    { 13, 26, 205, 2, 24, 85, 6205 }, // <backslash>
    { 14, 27, 177, -1, 23, 95, 6290 }, // ]
    { 19, 16, 319, 0, 23, 76, 6385 }, // ^
    { 14, 4, 191, -4, -7, 14, 6461 }, // _
    { 7, 6, 213, 5, 25, 11, 6475 }, // `
    { 19, 17, 298, 0, 17, 81, 6486 }, // a
    { 18, 25, 298, 0, 25, 113, 6567 }, // b
    { 17, 17, 262, 0, 17, 73, 6680 }, // c
    { 20, 25, 298, 0, 25, 125, 6753 }, // d
    { 18, 17, 289, 0, 17, 77, 6878 }, // e
    { 15, 23, 201, 1, 23, 87, 6955 }, // f
    { 20, 24, 296, -1, 17, 120, 7042 }, // g
    { 18, 25, 302, 0, 25, 113, 7162 }, // h
    { 10, 23, 146, 0, 23, 58, 7275 }, // i
    { 16, 30, 149, -5, 23, 120, 7333 }, // j
    { 19, 25, 284, 0, 25, 119, 7453 }, // k
    { 9, 25, 161, 1, 25, 57, 7572 }, // l
    { 27, 17, 451, 0, 17, 115, 7629 }, // m
    { 18, 17, 300, 0, 17, 77, 7744 }, // n
    { 19, 17, 309, 0, 17, 81, 7821 }, // o
    { 20, 25, 301, -2, 17, 125, 7902 }, // p
    { 19, 25, 301, 0, 17, 119, 8027 }, // q
    { 15, 17, 212, 0, 17, 64, 8146 }, // r
    { 16, 17, 235, -1, 17, 68, 8210 }, // s
    { 14, 23, 224, 1, 23, 81, 8278 }, // t
    { 18, 17, 299, 1, 17, 77, 8359 }, // u
    { 18, 17, 282, 1, 17, 77, 8436 }, // v
    { 24, 17, 377, 1, 17, 102, 8513 }, // w
    { 20, 17, 277, -2, 17, 85, 8615 }, // x
    { 21, 23, 269, -3, 17, 121, 8700 }, // y
    { 18, 17, 254, -1, 17, 77, 8821 }, // z
    { 13, 28, 187, 1, 23, 91, 8898 }, // {
    { 11, 29, 137, -1, 23, 80, 8989 }, // |
    { 14, 28, 187, -2, 23, 98, 9069 }, // }
    { 19, 6, 329, 1, 12, 29, 9167 }, // ~
    { 0, 0, 124, 0, 0, 0, 0 }, // U+00A0
    { 10, 24, 137, -1, 17, 60, 0 }, // U+00A1
    { 17, 23, 261, 1, 22, 98, 60 }, // U+00A2
    { 20, 23, 294, 0, 23, 115, 158 }, // U+00A3
    { 22, 20, 336, 0, 21, 110, 273 }, // U+00A4
    { 23, 23, 340, 1, 23, 133, 383 }, // U+00A5
    { 11, 29, 137, -1, 23, 80, 516 }, // U+00A6
    { 20, 27, 291, -1, 23, 135, 596 }, // U+00A7
    { 12, 4, 213, 3, 23, 12, 731 }, // U+00A8
    { 26, 25, 432, 1, 25, 163, 743 }, // U+00A9
    { 11, 11, 193, 2, 23, 31, 906 }, // U+00AA
    { 19, 13, 312, 1, 15, 62, 937 }, // U+00AB
    { 20, 11, 328, 1, 15, 55, 999 }, // U+00AC
    { 11, 4, 181, 0, 11, 11, 1054 }, // U+00AD
    { 16, 15, 283, 2, 24, 60, 1065 }, // U+00AE
    { 13, 3, 213, 2, 22, 10, 1125 }, // U+00AF
    { 10, 9, 172, 2, 24, 23, 1135 }, // U+00B0
    { 20, 19, 329, 0, 19, 95, 1158 }, // U+00B1
    { 14, 16, 229, 1, 23, 56, 1253 }, // U+00B2
    { 14, 16, 229, 1, 23, 56, 1309 }, // U+00B3
    { 9, 6, 213, 5, 25, 14, 1365 }, // U+00B4
    { 21, 24, 299, -2, 17, 126, 1379 }, // U+00B5
    { 16, 27, 290, 2, 23, 108, 1505 }, // U+00B6
    { 6, 6, 155, 2, 12, 9, 1613 }, // U+00B7
    { 8, 9, 213, 0, 0, 18, 1622 }, // U+00B8
    { 11, 16, 229, 2, 23, 44, 1640 }, // U+00B9
    { 13, 12, 208, 2, 23, 39, 1684 }, // U+00BA
    { 20, 13, 312, -1, 15, 65, 1723 }, // U+00BB
    { 29, 26, 545, 3, 24, 189, 1788 }, // U+00BC
    { 30, 26, 545, 3, 24, 195, 1977 }, // U+00BD
    { 30, 26, 545, 2, 24, 195, 2172 }, // U+00BE
    { 14, 24, 251, -1, 17, 84, 2367 }, // U+00BF
    { 21, 30, 342, -1, 30, 158, 2451 }, // U+00C0
    { 21, 31, 342, -1, 31, 163, 2609 }, // U+00C1
    { 21, 31, 342, -1, 31, 163, 2772 }, // U+00C2
    { 21, 31, 342, -1, 31, 163, 2935 }, // U+00C3
    { 21, 29, 342, -1, 29, 153, 3098 }, // U+00C4
    { 21, 31, 342, -1, 31, 163, 3251 }, // U+00C5
    { 30, 23, 441, -1, 23, 173, 3414 }, // U+00C6
    { 21, 31, 331, 1, 23, 163, 3587 }, // U+00C7
    { 21, 30, 304, 0, 30, 158, 3750 }, // U+00C8
    { 21, 31, 304, 0, 31, 163, 3908 }, // U+00C9
    { 21, 31, 304, 0, 31, 163, 4071 }, // U+00CA
    { 21, 29, 304, 0, 29, 153, 4234 }, // U+00CB
    { 10, 30, 172, 1, 30, 75, 4387 }, // U+00CC
    { 14, 31, 172, 1, 31, 109, 4462 }, // U+00CD
    { 14, 31, 172, 1, 31, 109, 4571 }, // U+00CE
    { 14, 29, 172, 1, 29, 102, 4680 }, // U+00CF
    { 22, 23, 346, 0, 23, 127, 4782 }, // U+00D0
    { 24, 31, 373, 0, 31, 186, 4909 }, // U+00D1
    { 22, 31, 368, 1, 31, 171, 5095 }, // U+00D2
    { 22, 31, 368, 1, 31, 171, 5266 }, // U+00D3
    { 22, 31, 368, 1, 31, 171, 5437 }, // U+00D4
    { 22, 30, 368, 1, 30, 165, 5608 }, // U+00D5
    { 22, 30, 368, 1, 30, 165, 5773 }, // U+00D6
    { 20, 18, 329, 0, 18, 90, 5938 }, // U+00D7
    { 23, 25, 368, 0, 24, 144, 6028 }, // U+00D8
    { 22, 31, 353, 1, 31, 171, 6172 }, // U+00D9
    { 22, 31, 353, 1, 31, 171, 6343 }, // U+00DA
    { 22, 31, 353, 1, 31, 171, 6514 }, // U+00DB
    { 22, 30, 353, 1, 30, 165, 6685 }, // U+00DC
    { 21, 31, 335, 3, 31, 163, 6850 }, // U+00DD
    { 19, 23, 306, 0, 23, 110, 7013 }, // U+00DE
    { 18, 23, 307, 0, 23, 104, 7123 }, // U+00DF
    { 19, 24, 298, 0, 24, 114, 7227 }, // U+00E0
    { 19, 24, 298, 0, 24, 114, 7341 }, // U+00E1
    { 19, 24, 298, 0, 24, 114, 7455 }, // U+00E2
    { 19, 24, 298, 0, 24, 114, 7569 }, // U+00E3
    { 19, 23, 298, 0, 23, 110, 7683 }, // U+00E4
    { 19, 26, 298, 0, 26, 124, 7793 }, // U+00E5
    { 27, 17, 436, 0, 17, 115, 7917 }, // U+00E6
    { 17, 25, 262, 0, 17, 107, 8032 }, // U+00E7
    { 18, 24, 289, 0, 24, 108, 8139 }, // U+00E8
    { 18, 24, 289, 0, 24, 108, 8247 }, // U+00E9
    { 18, 24, 289, 0, 24, 108, 8355 }, // U+00EA
    { 18, 23, 289, 0, 23, 104, 8463 }, // U+00EB
    { 8, 24, 149, 1, 24, 48, 8567 }, // U+00EC
    { 12, 24, 149, 1, 24, 72, 8615 }, // U+00ED
    { 13, 24, 149, 0, 24, 78, 8687 }, // U+00EE
    { 12, 23, 149, 1, 23, 69, 8765 }, // U+00EF
    { 17, 25, 272, 0, 25, 107, 8834 }, // U+00F0
    { 18, 23, 300, 0, 23, 104, 8941 }, // U+00F1
    { 19, 24, 309, 0, 24, 114, 9045 }, // U+00F2
    { 19, 24, 309, 0, 24, 114, 9159 }, // U+00F3
    { 19, 24, 309, 0, 24, 114, 9273 }, // U+00F4
    { 19, 24, 309, 0, 24, 114, 9387 }, // U+00F5
    { 19, 23, 309, 0, 23, 110, 9501 }, // U+00F6
    { 19, 17, 329, 1, 17, 81, 9611 }, // U+00F7
    { 19, 19, 309, 0, 18, 91, 9692 }, // U+00F8
    { 18, 24, 299, 1, 24, 108, 9783 }, // U+00F9
    { 18, 24, 299, 1, 24, 108, 9891 }, // U+00FA
    { 18, 24, 299, 1, 24, 108, 9999 }, // U+00FB
    { 18, 23, 299, 1, 23, 104, 10107 }, // U+00FC
    { 21, 30, 269, -3, 24, 158, 10211 }, // U+00FD
    { 20, 32, 289, -2, 25, 160, 10369 }, // U+00FE
    { 21, 29, 269, -3, 23, 153, 10529 }, // U+00FF
    { 21, 29, 342, -1, 29, 153, 0 }, // U+0100
    { 19, 23, 298, 0, 23, 110, 153 }, // U+0101
    { 21, 30, 342, -1, 30, 158, 263 }, // U+0102
    { 19, 23, 298, 0, 23, 110, 421 }, // U+0103
    { 21, 30, 342, -1, 23, 158, 531 }, // U+0104
    { 19, 24, 298, 0, 17, 114, 689 }, // U+0105
    { 21, 31, 331, 1, 31, 163, 803 }, // U+0106
    { 18, 24, 262, 0, 24, 108, 966 }, // U+0107
    { 21, 31, 331, 1, 31, 163, 1074 }, // U+0108
    { 17, 24, 262, 0, 24, 102, 1237 }, // U+0109
    { 21, 30, 331, 1, 30, 158, 1339 }, // U+010A
    { 17, 23, 262, 0, 23, 98, 1497 }, // U+010B
    { 21, 31, 331, 1, 31, 163, 1595 }, // U+010C
    { 18, 24, 262, 0, 24, 108, 1758 }, // U+010D
    { 22, 31, 342, 0, 31, 171, 1866 }, // U+010E
    { 27, 26, 396, 0, 26, 176, 2037 }, // U+010F
    { 22, 23, 346, 0, 23, 127, 2213 }, // U+0110
    { 22, 25, 312, 0, 25, 138, 2340 }, // U+0111
    { 21, 29, 304, 0, 29, 153, 2478 }, // U+0112
    { 18, 23, 289, 0, 23, 104, 2631 }, // U+0113
    { 21, 30, 304, 0, 30, 158, 2735 }, // U+0114
    { 18, 23, 289, 0, 23, 104, 2893 }, // U+0115
    { 21, 29, 304, 0, 29, 153, 2997 }, // U+0116
    { 18, 23, 289, 0, 23, 104, 3150 }, // U+0117
    { 21, 30, 304, 0, 23, 158, 3254 }, // U+0118
    { 18, 23, 289, 0, 17, 104, 3412 }, // U+0119
    { 21, 31, 304, 0, 31, 163, 3516 }, // U+011A
    { 18, 24, 289, 0, 24, 108, 3679 }, // U+011B
    { 21, 31, 348, 1, 31, 163, 3787 }, // U+011C
    { 20, 31, 296, -1, 24, 155, 3950 }, // U+011D
    { 21, 31, 348, 1, 31, 163, 4105 }, // U+011E
    { 20, 30, 296, -1, 23, 150, 4268 }, // U+011F
    { 21, 30, 348, 1, 30, 158, 4418 }, // U+0120
    { 20, 30, 296, -1, 23, 150, 4576 }, // U+0121
    { 21, 33, 348, 1, 23, 174, 4726 }, // U+0122
    { 20, 35, 296, -1, 28, 175, 4900 }, // U+0123
    { 24, 31, 369, 0, 31, 186, 5075 }, // U+0124
    { 18, 32, 302, 0, 32, 144, 5261 }, // U+0125
    { 25, 23, 378, 1, 23, 144, 5405 }, // U+0126
    { 18, 25, 302, 0, 25, 113, 5549 }, // U+0127
    { 14, 31, 172, 1, 31, 109, 5662 }, // U+0128
    { 13, 23, 149, 0, 23, 75, 5771 }, // U+0129
    { 14, 29, 172, 1, 29, 102, 5846 }, // U+012A
    { 13, 22, 149, 0, 22, 72, 5948 }, // U+012B
    { 14, 30, 172, 1, 30, 105, 6020 }, // U+012C
    { 12, 23, 149, 1, 23, 69, 6125 }, // U+012D
    { 13, 30, 172, -2, 23, 98, 6194 }, // U+012E
    { 13, 30, 146, -3, 23, 98, 6292 }, // U+012F
    { 10, 29, 172, 1, 29, 73, 6390 }, // U+0130
    { 8, 17, 149, 1, 17, 34, 6463 }, // U+0131
    { 27, 23, 435, 1, 23, 156, 6497 }, // U+0132
    { 20, 30, 294, 0, 23, 150, 6653 }, // U+0133
    { 19, 31, 262, -1, 31, 148, 6803 }, // U+0134
    { 18, 31, 148, -5, 24, 140, 6951 }, // U+0135
    { 24, 34, 350, 0, 23, 204, 7091 }, // U+0136
    { 19, 36, 284, 0, 25, 171, 7295 }, // U+0137
    { 19, 17, 284, 0, 17, 81, 7466 }, // U+0138
    { 18, 31, 301, 0, 31, 140, 7547 }, // U+0139
    { 13, 33, 161, 1, 33, 108, 7687 }, // U+013A
    { 18, 34, 301, 0, 23, 153, 7795 }, // U+013B
    { 9, 35, 161, 1, 25, 79, 7948 }, // U+013C
    { 20, 23, 301, 0, 23, 115, 8027 }, // U+013D
    { 15, 25, 207, 1, 25, 94, 8142 }, // U+013E
    { 18, 23, 301, 0, 23, 104, 8236 }, // U+013F
    { 13, 25, 219, 1, 25, 82, 8340 }, // U+0140
    { 19, 23, 301, -1, 23, 110, 8422 }, // U+0141
    { 11, 25, 174, 0, 25, 69, 8532 }, // U+0142
    { 24, 31, 373, 0, 31, 186, 8601 }, // U+0143
    { 18, 24, 300, 0, 24, 108, 8787 }, // U+0144
    { 24, 34, 373, 0, 23, 204, 8895 }, // U+0145
    { 18, 28, 300, 0, 17, 126, 9099 }, // U+0146
    { 24, 31, 373, 0, 31, 186, 9225 }, // U+0147
    { 18, 24, 300, 0, 24, 108, 9411 }, // U+0148
    { 20, 23, 364, 2, 23, 115, 9519 }, // U+0149
    { 24, 32, 373, 0, 23, 192, 9634 }, // U+014A
    { 18, 24, 301, 0, 17, 108, 9826 }, // U+014B
    { 22, 29, 368, 1, 29, 160, 9934 }, // U+014C
    { 19, 23, 309, 0, 23, 110, 10094 }, // U+014D
    { 22, 31, 368, 1, 31, 171, 10204 }, // U+014E
    { 19, 23, 309, 0, 23, 110, 10375 }, // U+014F
    { 22, 31, 368, 1, 31, 171, 10485 }, // U+0150
    { 20, 23, 309, 0, 23, 115, 10656 }, // U+0151
    { 30, 23, 473, 1, 23, 173, 10771 }, // U+0152
    { 29, 17, 462, 0, 17, 124, 10944 }, // U+0153
    { 21, 31, 318, 0, 31, 163, 11068 }, // U+0154
    { 15, 24, 212, 0, 24, 90, 11231 }, // U+0155
    { 21, 34, 318, 0, 23, 179, 11321 }, // U+0156
    { 16, 28, 212, -1, 17, 112, 11500 }, // U+0157
    { 21, 31, 318, 0, 31, 163, 11612 }, // U+0158
    { 16, 24, 212, 0, 24, 96, 11775 }, // U+0159
    { 19, 31, 293, 0, 31, 148, 11871 }, // U+015A
    { 17, 24, 235, -1, 24, 102, 12019 }, // U+015B
    { 19, 31, 293, 0, 31, 148, 12121 }, // U+015C
    { 16, 24, 235, -1, 24, 96, 12269 }, // U+015D
    { 19, 31, 293, 0, 23, 148, 12365 }, // U+015E
    { 16, 26, 235, -1, 17, 104, 12513 }, // U+015F
    { 19, 31, 293, 0, 31, 148, 12617 }, // U+0160
    { 17, 24, 235, -1, 24, 102, 12765 }, // U+0161
    { 20, 32, 315, 2, 23, 160, 12867 }, // U+0162
    { 14, 31, 224, 1, 23, 109, 13027 }, // U+0163
    { 20, 31, 315, 2, 31, 155, 13136 }, // U+0164
    { 20, 26, 288, 1, 26, 130, 13291 }, // U+0165
    { 20, 23, 315, 2, 23, 115, 13421 }, // U+0166
    { 15, 23, 224, 0, 23, 87, 13536 }, // U+0167
    { 22, 30, 353, 1, 30, 165, 13623 }, // U+0168
    { 18, 24, 299, 1, 24, 108, 13788 }, // U+0169
    { 22, 29, 353, 1, 29, 160, 13896 }, // U+016A
    { 18, 23, 299, 1, 23, 104, 14056 }, // U+016B
    { 22, 31, 353, 1, 31, 171, 14160 }, // U+016C
    { 18, 23, 299, 1, 23, 104, 14331 }, // U+016D
    { 22, 32, 353, 1, 32, 176, 14435 }, // U+016E
    { 18, 26, 299, 1, 26, 117, 14611 }, // U+016F
    { 22, 31, 353, 1, 31, 171, 14728 }, // U+0170
    { 19, 24, 299, 1, 24, 114, 14899 }, // U+0171
    { 22, 30, 353, 1, 23, 165, 15013 }, // U+0172
    { 18, 24, 299, 1, 17, 108, 15178 }, // U+0173
    { 28, 31, 466, 3, 31, 217, 15286 }, // U+0174
    { 24, 24, 377, 1, 24, 144, 15503 }, // U+0175
    { 21, 31, 335, 3, 31, 163, 15647 }, // U+0176
    { 21, 30, 269, -3, 24, 158, 15810 }, // U+0177
    { 21, 29, 335, 3, 29, 153, 15968 }, // U+0178
    { 23, 31, 316, -1, 31, 179, 16121 }, // U+0179
    { 18, 24, 254, -1, 24, 108, 16300 }, // U+017A
    { 23, 29, 316, -1, 29, 167, 16408 }, // U+017B
    { 18, 23, 254, -1, 23, 104, 16575 }, // U+017C
    { 23, 31, 316, -1, 31, 179, 16679 }, // U+017D
    { 18, 24, 254, -1, 24, 108, 16858 }, // U+017E
    { 28, 23, 394, 1, 23, 161, 0 }, // U+01A0
    { 25, 17, 347, 0, 17, 107, 161 }, // U+01A1
    { 28, 23, 396, 1, 23, 161, 268 }, // U+01AF
    { 24, 17, 346, 1, 17, 102, 429 }, // U+01B0
    { 22, 31, 342, -1, 31, 171, 531 }, // U+01CD
    { 19, 24, 298, 0, 24, 114, 702 }, // U+01CE
    { 14, 31, 172, 1, 31, 109, 816 }, // U+01CF
    { 13, 24, 149, 1, 24, 78, 925 }, // U+01D0
    { 22, 31, 368, 1, 31, 171, 1003 }, // U+01D1
    { 19, 24, 309, 0, 24, 114, 1174 }, // U+01D2
    { 22, 31, 353, 1, 31, 171, 1288 }, // U+01D3
    { 18, 24, 299, 1, 24, 108, 1459 }, // U+01D4
    { 22, 34, 353, 1, 34, 187, 1567 }, // U+01D5
    { 18, 28, 299, 1, 28, 126, 1754 }, // U+01D6
    { 22, 35, 353, 1, 35, 193, 1880 }, // U+01D7
    { 18, 28, 299, 1, 28, 126, 2073 }, // U+01D8
    { 22, 35, 353, 1, 35, 193, 2199 }, // U+01D9
    { 18, 28, 299, 1, 28, 126, 2392 }, // U+01DA
    { 22, 35, 353, 1, 35, 193, 2518 }, // U+01DB
    { 18, 28, 299, 1, 28, 126, 2711 }, // U+01DC
    { 21, 31, 348, 1, 31, 163, 2837 }, // U+01E6
    { 20, 31, 296, -1, 24, 155, 3000 }, // U+01E7
    { 21, 35, 342, -1, 35, 184, 3155 }, // U+01FA
    { 19, 30, 298, 0, 30, 143, 3339 }, // U+01FB
    { 30, 31, 441, -1, 31, 233, 3482 }, // U+01FC
    { 27, 24, 436, 0, 24, 162, 3715 }, // U+01FD
    { 23, 32, 368, 0, 31, 184, 3877 }, // U+01FE
    { 19, 25, 309, 0, 24, 119, 4061 }, // U+01FF
    { 19, 33, 293, 0, 23, 157, 4180 }, // U+0218
    { 16, 27, 235, -1, 17, 108, 4337 }, // U+0219
    { 20, 34, 315, 2, 23, 170, 4445 }, // U+021A
    { 14, 33, 224, 1, 23, 116, 4615 }, // U+021B
    { 7, 5, 0, -3, 24, 9, 0 }, // U+0300
    { 9, 6, 0, 0, 25, 14, 9 }, // U+0301
    { 12, 6, 0, -4, 25, 18, 23 }, // U+0302
    { 12, 4, 0, -4, 23, 12, 41 }, // U+0303
    { 13, 4, 0, -4, 23, 13, 53 }, // U+0304
    { 12, 5, 0, -3, 24, 15, 66 }, // U+0306
    { 6, 4, 0, -1, 23, 6, 81 }, // U+0307
    { 12, 4, 0, -4, 23, 12, 87 }, // U+0308
    { 9, 9, 0, -2, 27, 21, 99 }, // U+0309
    { 8, 7, 0, -2, 25, 14, 120 }, // U+030A
    { 15, 5, 0, -4, 24, 19, 134 }, // U+030B
    { 12, 6, 0, -3, 25, 18, 153 }, // U+030C
    { 10, 10, 0, -4, 19, 25, 171 }, // U+031B
    { 5, 4, 0, -5, -3, 5, 196 }, // U+0323
    { 13, 4, 0, -9, -3, 13, 201 }, // U+0324
    { 6, 8, 0, -5, -2, 12, 214 }, // U+0326
    { 9, 9, 0, -7, 1, 21, 226 }, // U+0327
    { 8, 8, 0, -7, 0, 16, 247 }, // U+0328
    { 12, 5, 0, -8, -2, 15, 263 }, // U+032E
    { 13, 4, 0, -9, -1, 13, 278 }, // U+0331
    { 19, 20, 318, 0, 20, 95, 0 }, // U+0E01
    { 20, 20, 337, 1, 20, 100, 95 }, // U+0E02
    { 21, 21, 350, 1, 21, 111, 195 }, // U+0E03
    { 20, 20, 333, 0, 20, 100, 306 }, // U+0E04
    { 20, 21, 335, 0, 21, 105, 406 }, // U+0E05
    { 22, 21, 362, 1, 21, 116, 511 }, // U+0E06
    { 16, 20, 257, 0, 20, 80, 627 }, // U+0E07
    { 17, 20, 304, 1, 20, 85, 707 }, // U+0E08
    { 18, 20, 317, 1, 20, 90, 792 }, // U+0E09
    { 22, 21, 347, 1, 21, 116, 882 }, // U+0E0A
    { 23, 21, 356, 1, 21, 121, 998 }, // U+0E0B
    { 28, 20, 444, 0, 20, 140, 1119 }, // U+0E0C
    { 28, 30, 453, 1, 20, 210, 1259 }, // U+0E0D
    { 22, 31, 332, -2, 20, 171, 1469 }, // U+0E0E
    { 23, 31, 332, -3, 20, 179, 1640 }, // U+0E0F
    { 23, 32, 306, -3, 21, 184, 1819 }, // U+0E10
    { 24, 20, 406, 1, 20, 120, 2003 }, // U+0E11
    { 29, 21, 467, 1, 21, 153, 2123 }, // U+0E12
    { 29, 20, 471, 1, 20, 145, 2276 }, // U+0E13
    { 19, 20, 327, 1, 20, 95, 2421 }, // U+0E14
    { 19, 20, 335, 1, 20, 95, 2516 }, // U+0E15
    { 18, 20, 319, 1, 20, 90, 2611 }, // U+0E16
    { 21, 20, 362, 1, 20, 105, 2701 }, // U+0E17
    { 19, 21, 311, 1, 21, 100, 2806 }, // U+0E18
    { 21, 20, 347, 1, 20, 105, 2906 }, // U+0E19
    { 21, 20, 347, 1, 20, 105, 3011 }, // U+0E1A
    { 23, 28, 357, 1, 28, 161, 3116 }, // U+0E1B
    { 22, 20, 346, 0, 20, 110, 3277 }, // U+0E1C
    { 23, 28, 346, 0, 28, 161, 3387 }, // U+0E1D
    { 24, 20, 394, 1, 20, 120, 3548 }, // U+0E1E
    { 25, 28, 394, 1, 28, 175, 3668 }, // U+0E1F
    { 21, 20, 336, -1, 20, 105, 3843 }, // U+0E20
    { 21, 20, 336, 0, 20, 105, 3948 }, // U+0E21
    { 19, 20, 313, 1, 20, 95, 4053 }, // U+0E22
    { 17, 21, 266, 1, 21, 90, 4148 }, // U+0E23
    { 18, 28, 319, 1, 20, 126, 4238 }, // U+0E24
    { 18, 20, 320, 1, 20, 90, 4364 }, // U+0E25
    { 21, 28, 332, -1, 20, 147, 4454 }, // U+0E26
    { 16, 20, 285, 1, 20, 80, 4601 }, // U+0E27
    { 22, 22, 333, 0, 22, 121, 4681 }, // U+0E28
    { 24, 20, 383, 1, 20, 120, 4802 }, // U+0E29
    { 21, 22, 320, 1, 22, 116, 4922 }, // U+0E2A
    { 21, 20, 344, 1, 20, 105, 5038 }, // U+0E2B
    { 26, 22, 394, 1, 22, 143, 5143 }, // U+0E2C
    { 17, 20, 320, 2, 20, 85, 5286 }, // U+0E2D
    { 20, 20, 311, 1, 20, 100, 5371 }, // U+0E2E
    { 18, 20, 306, 1, 20, 90, 5471 }, // U+0E2F
    { 19, 20, 292, 0, 20, 95, 5561 }, // U+0E30
    { 18, 9, 0, -11, 32, 41, 5656 }, // U+0E31
    { 15, 20, 272, 1, 20, 75, 5697 }, // U+0E32
    { 22, 31, 272, -6, 31, 171, 5772 }, // U+0E33
    { 17, 10, 0, -16, 31, 43, 5943 }, // U+0E34
    { 18, 11, 0, -16, 32, 50, 5986 }, // U+0E35
    { 20, 12, 0, -16, 33, 60, 6036 }, // U+0E36
    { 18, 11, 0, -16, 32, 50, 6096 }, // U+0E37
    { 8, 11, 0, -12, -2, 22, 6146 }, // U+0E38
    { 15, 10, 0, -18, -2, 38, 6168 }, // U+0E39
    { 7, 5, 0, -10, -2, 9, 6206 }, // U+0E3A
    { 20, 30, 322, 0, 27, 150, 6215 }, // U+0E3F
    { 9, 20, 174, 1, 20, 45, 6365 }, // U+0E40
    { 19, 20, 328, 1, 20, 95, 6410 }, // U+0E41
    { 17, 34, 218, 1, 34, 145, 6505 }, // U+0E42
    { 15, 34, 232, 1, 34, 128, 6650 }, // U+0E43
    { 13, 34, 239, 2, 34, 111, 6778 }, // U+0E44
    { 16, 29, 164, -6, 20, 116, 6889 }, // U+0E45
    { 19, 28, 355, 2, 20, 133, 7005 }, // U+0E46
    { 16, 13, 0, -14, 35, 52, 7138 }, // U+0E47
    { 6, 7, 0, -4, 30, 11, 7190 }, // U+0E48
    { 16, 10, 0, -10, 33, 40, 7201 }, // U+0E49
    { 18, 10, 0, -13, 33, 45, 7241 }, // U+0E4A
    { 10, 9, 0, -6, 32, 23, 7286 }, // U+0E4B
    { 13, 10, 0, -8, 33, 33, 7309 }, // U+0E4C
    { 10, 9, 0, -6, 31, 23, 7342 }, // U+0E4D
    { 12, 12, 0, -8, 35, 36, 7365 }, // U+0E4E
    { 18, 18, 334, 1, 18, 81, 7401 }, // U+0E4F
    { 20, 16, 355, 1, 16, 80, 7482 }, // U+0E50
    { 21, 16, 368, 1, 15, 84, 7562 }, // U+0E51
    { 22, 21, 382, 1, 21, 116, 7646 }, // U+0E52
    { 23, 16, 378, 0, 16, 92, 7762 }, // U+0E53
    { 25, 22, 367, 1, 21, 138, 7854 }, // U+0E54
    { 25, 22, 367, 1, 21, 138, 7992 }, // U+0E55
    { 19, 21, 359, 2, 21, 100, 8130 }, // U+0E56
    { 28, 21, 423, 0, 21, 147, 8230 }, // U+0E57
    { 23, 21, 365, 1, 21, 121, 8377 }, // U+0E58
    { 24, 22, 373, 1, 21, 132, 8498 }, // U+0E59
    { 27, 20, 443, 1, 20, 135, 8630 }, // U+0E5A
    { 33, 18, 563, 2, 18, 149, 8765 }, // U+0E5B
    { 21, 30, 342, -1, 23, 158, 0 }, // U+1EA0
    { 19, 23, 298, 0, 17, 110, 158 }, // U+1EA1
    { 21, 33, 342, -1, 33, 174, 268 }, // U+1EA2
    { 19, 27, 298, 0, 27, 129, 442 }, // U+1EA3
    { 25, 34, 342, -1, 34, 213, 571 }, // U+1EA4
    { 21, 27, 298, 0, 27, 142, 784 }, // U+1EA5
    { 23, 34, 342, -1, 34, 196, 926 }, // U+1EA6
    { 19, 27, 298, 0, 27, 129, 1122 }, // U+1EA7
    { 25, 35, 342, -1, 35, 219, 1251 }, // U+1EA8
    { 21, 29, 298, 0, 29, 153, 1470 }, // U+1EA9
    { 22, 36, 342, -1, 36, 198, 1623 }, // U+1EAA
    { 19, 29, 298, 0, 29, 138, 1821 }, // U+1EAB
    { 21, 38, 342, -1, 31, 200, 1959 }, // U+1EAC
    { 19, 30, 298, 0, 24, 143, 2159 }, // U+1EAD
    { 21, 35, 342, -1, 35, 184, 2302 }, // U+1EAE
    { 19, 29, 298, 0, 29, 138, 2486 }, // U+1EAF
    { 21, 35, 342, -1, 35, 184, 2624 }, // U+1EB0
    { 19, 29, 298, 0, 29, 138, 2808 }, // U+1EB1
    { 21, 37, 342, -1, 37, 195, 2946 }, // U+1EB2
    { 19, 31, 298, 0, 31, 148, 3141 }, // U+1EB3
    { 22, 35, 342, -1, 35, 193, 3289 }, // U+1EB4
    { 19, 29, 298, 0, 29, 138, 3482 }, // U+1EB5
    { 21, 37, 342, -1, 30, 195, 3620 }, // U+1EB6
    { 19, 29, 298, 0, 23, 138, 3815 }, // U+1EB7
    { 21, 30, 304, 0, 23, 158, 3953 }, // U+1EB8
    { 18, 23, 289, 0, 17, 104, 4111 }, // U+1EB9
    { 21, 33, 304, 0, 33, 174, 4215 }, // U+1EBA
    { 18, 27, 289, 0, 27, 122, 4389 }, // U+1EBB
    { 21, 31, 304, 0, 31, 163, 4511 }, // U+1EBC
    { 18, 24, 289, 0, 24, 108, 4674 }, // U+1EBD
    { 23, 34, 304, 0, 34, 196, 4782 }, // U+1EBE
    { 21, 27, 289, 0, 27, 142, 4978 }, // U+1EBF
    { 21, 34, 304, 0, 34, 179, 5120 }, // U+1EC0
    { 19, 27, 289, 0, 27, 129, 5299 }, // U+1EC1
    { 24, 35, 304, 0, 35, 210, 5428 }, // U+1EC2
    { 22, 29, 289, 0, 29, 160, 5638 }, // U+1EC3
    { 21, 36, 304, 0, 36, 189, 5798 }, // U+1EC4
    { 18, 29, 289, 0, 29, 131, 5987 }, // U+1EC5
    { 21, 38, 304, 0, 31, 200, 6118 }, // U+1EC6
    { 18, 30, 289, 0, 24, 135, 6318 }, // U+1EC7
    { 13, 33, 172, 1, 33, 108, 6453 }, // U+1EC8
    { 11, 27, 149, 1, 27, 75, 6561 }, // U+1EC9
    { 11, 30, 172, 0, 23, 83, 6636 }, // U+1ECA
    { 11, 30, 146, -1, 23, 83, 6719 }, // U+1ECB
    { 22, 29, 368, 1, 23, 160, 6802 }, // U+1ECC
    { 19, 23, 309, 0, 17, 110, 6962 }, // U+1ECD
    { 22, 33, 368, 1, 33, 182, 7072 }, // U+1ECE
    { 19, 27, 309, 0, 27, 129, 7254 }, // U+1ECF
    { 23, 34, 368, 1, 34, 196, 7383 }, // U+1ED0
    { 21, 27, 309, 0, 27, 142, 7579 }, // U+1ED1
    { 22, 34, 368, 1, 34, 187, 7721 }, // U+1ED2
    { 20, 27, 309, 0, 27, 135, 7908 }, // U+1ED3
    { 24, 36, 368, 1, 36, 216, 8043 }, // U+1ED4
    { 22, 29, 309, 0, 29, 160, 8259 }, // U+1ED5
    { 22, 36, 368, 1, 36, 198, 8419 }, // U+1ED6
    { 19, 29, 309, 0, 29, 138, 8617 }, // U+1ED7
    { 22, 37, 368, 1, 31, 204, 8755 }, // U+1ED8
    { 19, 30, 309, 0, 24, 143, 8959 }, // U+1ED9
    { 28, 31, 394, 1, 31, 217, 9102 }, // U+1EDA
    { 25, 24, 347, 0, 24, 150, 9319 }, // U+1EDB
    { 28, 31, 394, 1, 31, 217, 9469 }, // U+1EDC
    { 25, 24, 347, 0, 24, 150, 9686 }, // U+1EDD
    { 28, 33, 394, 1, 33, 231, 9836 }, // U+1EDE
    { 25, 27, 347, 0, 27, 169, 10067 }, // U+1EDF
    { 28, 30, 394, 1, 30, 210, 10236 }, // U+1EE0
    { 25, 24, 347, 0, 24, 150, 10446 }, // U+1EE1
    { 28, 29, 394, 1, 23, 203, 10596 }, // U+1EE2
    { 25, 23, 347, 0, 17, 144, 10799 }, // U+1EE3
    { 22, 29, 353, 1, 23, 160, 10943 }, // U+1EE4
    { 18, 23, 299, 1, 17, 104, 11103 }, // U+1EE5
    { 22, 33, 353, 1, 33, 182, 11207 }, // U+1EE6
    { 18, 27, 299, 1, 27, 122, 11389 }, // U+1EE7
    { 28, 31, 396, 1, 31, 217, 11511 }, // U+1EE8
    { 24, 24, 346, 1, 24, 144, 11728 }, // U+1EE9
    { 28, 31, 396, 1, 31, 217, 11872 }, // U+1EEA
    { 24, 24, 346, 1, 24, 144, 12089 }, // U+1EEB
    { 28, 33, 396, 1, 33, 231, 12233 }, // U+1EEC
    { 24, 27, 346, 1, 27, 162, 12464 }, // U+1EED
    { 28, 30, 396, 1, 30, 210, 12626 }, // U+1EEE
    { 24, 24, 346, 1, 24, 144, 12836 }, // U+1EEF
    { 28, 29, 396, 1, 23, 203, 12980 }, // U+1EF0
    { 24, 23, 346, 1, 17, 138, 13183 }, // U+1EF1
    { 21, 30, 335, 3, 30, 158, 13321 }, // U+1EF2
    { 21, 30, 269, -3, 24, 158, 13479 }, // U+1EF3
    { 21, 30, 335, 3, 23, 158, 13637 }, // U+1EF4
    { 21, 23, 269, -3, 17, 121, 13795 }, // U+1EF5
    { 21, 33, 335, 3, 33, 174, 13916 }, // U+1EF6
    { 21, 33, 269, -3, 27, 174, 14090 }, // U+1EF7
    { 21, 31, 335, 3, 31, 163, 14264 }, // U+1EF8
    { 21, 30, 269, -3, 24, 158, 14427 }, // U+1EF9
    { 0, 0, 301, 0, 0, 0, 0 }, // U+2007
    { 11, 4, 181, 0, 11, 11, 0 }, // U+2010
    { 18, 4, 288, 0, 11, 18, 11 }, // U+2012
    { 18, 4, 288, 0, 11, 18, 29 }, // U+2013
    { 28, 4, 446, 0, 11, 28, 47 }, // U+2014
    { 28, 4, 446, 0, 11, 28, 75 }, // U+2015
    { 9, 12, 174, 3, 25, 27, 103 }, // U+2018
    { 8, 12, 174, 3, 24, 24, 130 }, // U+2019
    { 8, 13, 175, 0, 6, 26, 154 }, // U+201A
    { 17, 12, 301, 3, 25, 51, 180 }, // U+201C
    { 16, 12, 301, 3, 24, 48, 231 }, // U+201D
    { 16, 13, 301, 0, 6, 52, 279 }, // U+201E
    { 17, 23, 292, 2, 23, 98, 331 }, // U+2020
    { 19, 23, 292, 0, 23, 110, 429 }, // U+2021
    { 11, 9, 196, 1, 14, 25, 539 }, // U+2022
    { 24, 6, 426, 0, 6, 36, 564 }, // U+2026
    { 43, 23, 735, 2, 23, 248, 600 }, // U+2030
    { 10, 8, 158, 2, 23, 20, 848 }, // U+2032
    { 16, 8, 260, 2, 23, 32, 868 }, // U+2033
    { 11, 13, 188, 1, 15, 36, 900 }, // U+2039
    { 12, 13, 188, -1, 15, 39, 936 }, // U+203A
    { 22, 25, 121, -7, 24, 138, 975 }, // U+2044
    { 14, 16, 229, 1, 23, 56, 0 }, // U+2070
    { 15, 16, 229, 0, 23, 60, 56 }, // U+2074
    { 15, 16, 229, 1, 23, 60, 116 }, // U+2075
    { 14, 16, 229, 1, 23, 56, 176 }, // U+2076
    { 13, 16, 229, 3, 23, 52, 232 }, // U+2077
    { 14, 16, 229, 1, 23, 56, 284 }, // U+2078
    { 13, 17, 229, 2, 23, 56, 340 }, // U+2079
    { 11, 19, 145, 1, 25, 53, 396 }, // U+207D
    { 10, 19, 145, 0, 25, 48, 449 }, // U+207E
    { 13, 11, 208, 1, 23, 36, 497 }, // U+207F
    { 14, 16, 229, -1, 11, 56, 533 }, // U+2080
    { 11, 16, 229, 0, 11, 44, 589 }, // U+2081
    { 14, 16, 229, -1, 11, 56, 633 }, // U+2082
    { 14, 16, 229, -1, 11, 56, 689 }, // U+2083
    { 15, 16, 229, -2, 11, 60, 745 }, // U+2084
    { 15, 16, 229, -1, 11, 60, 805 }, // U+2085
    { 14, 16, 229, -1, 11, 56, 865 }, // U+2086
    { 13, 16, 229, 1, 11, 52, 921 }, // U+2087
    { 14, 16, 229, -1, 11, 56, 973 }, // U+2088
    { 13, 17, 229, 0, 11, 56, 1029 }, // U+2089
    { 11, 19, 145, -1, 13, 53, 1085 }, // U+208D
    { 10, 19, 145, -2, 13, 48, 1138 }, // U+208E
    { 21, 29, 327, 1, 26, 153, 0 }, // U+20A1
    { 20, 23, 294, 0, 23, 115, 153 }, // U+20A4
    { 28, 23, 432, 0, 23, 161, 268 }, // U+20A6
    { 23, 23, 356, 1, 23, 133, 429 }, // U+20A7
    { 22, 30, 312, 0, 25, 165, 562 }, // U+20AB
    { 24, 23, 359, 0, 23, 138, 727 }, // U+20AC
    { 25, 23, 380, 1, 23, 144, 865 }, // U+20B1
    { 21, 29, 343, 1, 26, 153, 1009 }, // U+20B2
    { 21, 29, 327, 1, 26, 153, 1162 }, // U+20B5
    { 21, 24, 338, 2, 24, 126, 1315 }, // U+20B9
    { 19, 23, 318, 0, 23, 110, 1441 }, // U+20BA
    { 22, 23, 306, -1, 23, 127, 1551 }, // U+20BD
    { 21, 10, 480, 5, 14, 53, 0 }, // U+2190
    { 9, 20, 267, 5, 20, 45, 53 }, // U+2191
    { 21, 10, 480, 5, 14, 53, 98 }, // U+2192
    { 9, 20, 267, 3, 20, 45, 151 }, // U+2193
    { 17, 24, 280, 0, 24, 102, 0 }, // U+2202
    { 23, 24, 350, -2, 24, 138, 102 }, // U+2206
    { 23, 27, 363, 0, 23, 156, 240 }, // U+220F
    { 24, 28, 349, -1, 24, 168, 396 }, // U+2211
    { 19, 4, 329, 1, 11, 19, 564 }, // U+2212
    { 23, 24, 138, -7, 24, 138, 583 }, // U+2215
    { 8, 7, 157, 1, 15, 14, 721 }, // U+2219
    { 28, 26, 335, 1, 24, 182, 735 }, // U+221A
    { 27, 14, 459, 1, 17, 95, 917 }, // U+221E
    { 18, 31, 188, -3, 24, 140, 1012 }, // U+222B
    { 21, 14, 329, 0, 17, 74, 1152 }, // U+2248
    { 19, 19, 329, 1, 18, 91, 1226 }, // U+2260
    { 21, 19, 329, 0, 19, 100, 1317 }, // U+2264
    { 20, 19, 329, 0, 19, 95, 1417 }, // U+2265
    { 21, 23, 328, 1, 23, 121, 0 }, // U+FB01
    { 21, 25, 348, 1, 25, 132, 121 }, // U+FB02
};

static const EpdUnicodeInterval sarabun_16_bolditalicIntervals[] = {
    { 0x0, 0x0, 0x0 },
    { 0xD, 0xD, 0x1 },
    { 0x20, 0x7E, 0x2 },
    { 0xA0, 0x17E, 0x61 },
    { 0x1A0, 0x1A1, 0x140 },
    { 0x1AF, 0x1B0, 0x142 },
    { 0x1CD, 0x1DC, 0x144 },
    { 0x1E6, 0x1E7, 0x154 },
    { 0x1FA, 0x1FF, 0x156 },
    { 0x218, 0x21B, 0x15C },
    { 0x300, 0x304, 0x160 },
    { 0x306, 0x30C, 0x165 },
    { 0x31B, 0x31B, 0x16C },
    { 0x323, 0x324, 0x16D },
    { 0x326, 0x328, 0x16F },
    { 0x32E, 0x32E, 0x172 },
    { 0x331, 0x331, 0x173 },
    { 0xE01, 0xE3A, 0x174 },
    { 0xE3F, 0xE5B, 0x1AE },
    { 0x1EA0, 0x1EF9, 0x1CB },
    { 0x2007, 0x2007, 0x225 },
    { 0x2010, 0x2010, 0x226 },
    { 0x2012, 0x2015, 0x227 },
    { 0x2018, 0x201A, 0x22B },
    { 0x201C, 0x201E, 0x22E },
    { 0x2020, 0x2022, 0x231 },
    { 0x2026, 0x2026, 0x234 },
    { 0x2030, 0x2030, 0x235 },
    { 0x2032, 0x2033, 0x236 },
    { 0x2039, 0x203A, 0x238 },
    { 0x2044, 0x2044, 0x23A },
    { 0x2070, 0x2070, 0x23B },
    { 0x2074, 0x2079, 0x23C },
    { 0x207D, 0x2089, 0x242 },
    { 0x208D, 0x208E, 0x24F },
    { 0x20A1, 0x20A1, 0x251 },
    { 0x20A4, 0x20A4, 0x252 },
    { 0x20A6, 0x20A7, 0x253 },
    { 0x20AB, 0x20AC, 0x255 },
    { 0x20B1, 0x20B2, 0x257 },
    { 0x20B5, 0x20B5, 0x259 },
    { 0x20B9, 0x20BA, 0x25A },
    { 0x20BD, 0x20BD, 0x25C },
    { 0x2190, 0x2193, 0x25D },
    { 0x2202, 0x2202, 0x261 },
    { 0x2206, 0x2206, 0x262 },
    { 0x220F, 0x220F, 0x263 },
    { 0x2211, 0x2212, 0x264 },
    { 0x2215, 0x2215, 0x266 },
    { 0x2219, 0x221A, 0x267 },
    { 0x221E, 0x221E, 0x269 },
    { 0x222B, 0x222B, 0x26A },
    { 0x2248, 0x2248, 0x26B },
    { 0x2260, 0x2260, 0x26C },
    { 0x2264, 0x2265, 0x26D },
    { 0xFB01, 0xFB02, 0x26F },
};

static const EpdFontGroup sarabun_16_bolditalicGroups[] = {
    { 0, 4068, 9921, 97, 0 },
    { 4068, 3583, 11654, 96, 97 },
    { 7651, 4607, 18411, 127, 193 },
    { 12258, 1695, 5084, 32, 320 },
    { 13953, 247, 332, 20, 352 },
    { 14200, 4759, 9584, 87, 372 },
    { 18959, 2456, 15743, 90, 459 },
    { 21415, 551, 1184, 22, 549 },
    { 21966, 623, 1352, 22, 571 },
    { 22589, 874, 1812, 12, 593 },
    { 23463, 135, 240, 4, 605 },
    { 23598, 715, 1595, 14, 609 },
    { 24313, 165, 288, 2, 623 },
};

static const uint16_t sarabun_16_bolditalicKernLeftCodepoints[] = {
    0x002C, 0x002E, 0x0041, 0x0042, 0x0044, 0x0046, 0x004B, 0x004C, 0x004F, 0x0050, 0x0051, 0x0053,
    0x0054, 0x0055, 0x0056, 0x0057, 0x0058, 0x0059, 0x005A, 0x0061, 0x0062, 0x0063, 0x0065, 0x0066,
    0x0067, 0x006B, 0x006C, 0x006D, 0x006E, 0x006F, 0x0070, 0x0072, 0x0073, 0x0074, 0x0075, 0x0076,
    0x0078, 0x0079, 0x007A, 0x00C0, 0x00C1, 0x00C2, 0x00C3, 0x00C4, 0x00C5, 0x00D0, 0x00D2, 0x00D3,
    0x00D4, 0x00D5, 0x00D6, 0x00D8, 0x00D9, 0x00DA, 0x00DB, 0x00DC, 0x00DD, 0x00E0, 0x00E1, 0x00E2,
    0x00E3, 0x00E4, 0x00E5, 0x00E6, 0x00E7, 0x00E8, 0x00E9, 0x00EA, 0x00EB, 0x00F1, 0x00F2, 0x00F3,
    0x00F4, 0x00F5, 0x00F6, 0x00FD, 0x00FE, 0x00FF, 0x0100, 0x0101, 0x0102, 0x0103, 0x0104, 0x0105,
    0x0107, 0x0109, 0x010B, 0x010D, 0x010E, 0x0110, 0x0113, 0x0115, 0x0117, 0x0119, 0x011B, 0x0125,
    0x0127, 0x0132, 0x0134, 0x0136, 0x0137, 0x0138, 0x0139, 0x013B, 0x013D, 0x013F, 0x0141, 0x0144,
    0x0146, 0x0148, 0x0149, 0x014B, 0x014C, 0x014D, 0x014E, 0x014F, 0x0150, 0x0151, 0x0153, 0x0154,
    0x0155, 0x0156, 0x0157, 0x0158, 0x0159, 0x015A, 0x015B, 0x015C, 0x015D, 0x015E, 0x015F, 0x0160,
    0x0161, 0x0162, 0x0163, 0x0164, 0x0165, 0x0166, 0x0167, 0x0168, 0x016A, 0x016C, 0x016E, 0x0170,
    0x0172, 0x0174, 0x0175, 0x0176, 0x0177, 0x0178, 0x01A0, 0x01CD, 0x01CE, 0x01D1, 0x01D2, 0x01D3,
    0x01D5, 0x01D7, 0x01D9, 0x01DB, 0x01FA, 0x01FB, 0x01FD, 0x01FE, 0x01FF, 0x0218, 0x0219, 0x021A,
    0x021B, 0x1EA0, 0x1EA1, 0x1EA2, 0x1EA3, 0x1EA4, 0x1EA5, 0x1EA6, 0x1EA7, 0x1EA8, 0x1EA9, 0x1EAA,
    0x1EAB, 0x1EAC, 0x1EAD, 0x1EAE, 0x1EAF, 0x1EB0, 0x1EB1, 0x1EB2, 0x1EB3, 0x1EB4, 0x1EB5, 0x1EB6,
    0x1EB7, 0x1EB9, 0x1EBB, 0x1EBD, 0x1EBF, 0x1EC1, 0x1EC3, 0x1EC5, 0x1EC7, 0x1ECC, 0x1ECD, 0x1ECE,
    0x1ECF, 0x1ED0, 0x1ED1, 0x1ED2, 0x1ED3, 0x1ED4, 0x1ED5, 0x1ED6, 0x1ED7, 0x1ED8, 0x1ED9, 0x1EDA,
    0x1EDB, 0x1EDC, 0x1EDD, 0x1EDE, 0x1EDF, 0x1EE0, 0x1EE1, 0x1EE2, 0x1EE3, 0x1EE4, 0x1EE6, 0x1EF2,
    0x1EF3, 0x1EF4, 0x1EF5, 0x1EF6, 0x1EF7, 0x1EF8, 0x1EF9, 0x2018, 0x201C, 0x2026,
};

static const uint8_t sarabun_16_bolditalicKernLeftClassIds[] = {
      1,   1,   2,   3,   4,   5,   6,   7,   8,   9,   8,  10,  11,  12,  13,  14,
     15,  16,  17,  18,  19,  20,  21,  22,  23,  24,  25,  26,  26,  27,  28,  29,
     30,  31,  32,  33,  34,  35,  36,  37,  37,  37,  37,  37,  37,  38,  39,  39,
     39,  39,  39,  40,  12,  12,  12,  12,  16,  18,  18,  18,  18,  18,  18,  41,
     42,  41,  41,  41,  41,  43,  27,  27,  27,  27,  27,  35,  44,  35,  37,  18,
     37,  18,  37,  18,  42,  42,  42,  42,  45,  38,  41,  41,  41,  41,  41,  46,
     46,  47,  47,  48,  49,  49,  50,  50,  50,  50,  51,  43,  43,  43,  43,  43,
     39,  27,  39,  27,  39,  27,  41,  52,  53,  52,  53,  52,  53,  54,  55,  54,
     55,  54,  55,  54,  55,  56,  57,  56,  57,  56,  57,  12,  12,  12,  12,  12,
     12,  58,  59,  16,  35,  16,  40,  37,  18,  39,  27,  12,  12,  12,  12,  12,
     37,  18,  41,  39,  27,  54,  55,  56,  57,  37,  18,  37,  18,  37,  18,  37,
     18,  37,  18,  37,  18,  37,  18,  37,  18,  37,  18,  37,  18,  37,  18,  37,
     18,  41,  41,  41,  41,  41,  41,  41,  41,  39,  27,  39,  27,  39,  27,  39,
     27,  39,  27,  39,  27,  39,  27,  40,  27,  40,  27,  40,  27,  40,  27,  40,
     27,  12,  12,  16,  35,  16,  35,  16,  35,  16,  35,  60,  60,  61,
};

static const uint16_t sarabun_16_bolditalicKernRightCodepoints[] = {
    0x002C, 0x002E, 0x0041, 0x0043, 0x0047, 0x004A, 0x004F, 0x0051, 0x0053, 0x0054, 0x0055, 0x0056,
    0x0057, 0x0058, 0x0059, 0x0061, 0x0063, 0x0064, 0x0065, 0x0066, 0x0067, 0x006A, 0x006D, 0x006E,
    0x006F, 0x0070, 0x0071, 0x0072, 0x0073, 0x0074, 0x0075, 0x0076, 0x0077, 0x0078, 0x0079, 0x007A,
    0x00C0, 0x00C1, 0x00C2, 0x00C3, 0x00C4, 0x00C5, 0x00C6, 0x00C7, 0x00D2, 0x00D3, 0x00D4, 0x00D5,
    0x00D6, 0x00D8, 0x00D9, 0x00DA, 0x00DB, 0x00DC, 0x00DD, 0x00DF, 0x00E0, 0x00E1, 0x00E2, 0x00E3,
    0x00E4, 0x00E5, 0x00E6, 0x00E7, 0x00E8, 0x00E9, 0x00EA, 0x00EB, 0x00F0, 0x00F1, 0x00F2, 0x00F3,
    0x00F4, 0x00F5, 0x00F6, 0x00F8, 0x00F9, 0x00FA, 0x00FB, 0x00FC, 0x00FD, 0x00FF, 0x0100, 0x0101,
    0x0102, 0x0103, 0x0104, 0x0105, 0x0106, 0x0107, 0x0108, 0x0109, 0x010A, 0x010B, 0x010C, 0x010D,
    0x010F, 0x0111, 0x0113, 0x0115, 0x0117, 0x0119, 0x011B, 0x011C, 0x011D, 0x011E, 0x011F, 0x0120,
    0x0121, 0x0122, 0x0123, 0x0134, 0x0135, 0x0144, 0x0146, 0x0148, 0x0149, 0x014B, 0x014C, 0x014D,
    0x014E, 0x014F, 0x0150, 0x0151, 0x0153, 0x0155, 0x0157, 0x0159, 0x015A, 0x015B, 0x015C, 0x015D,
    0x015E, 0x015F, 0x0160, 0x0161, 0x0162, 0x0163, 0x0164, 0x0165, 0x0166, 0x0167, 0x0168, 0x0169,
    0x016A, 0x016B, 0x016C, 0x016D, 0x016E, 0x016F, 0x0170, 0x0171, 0x0172, 0x0173, 0x0174, 0x0175,
    0x0176, 0x0177, 0x0178, 0x017A, 0x017C, 0x017E, 0x01A0, 0x01A1, 0x01AF, 0x01B0, 0x01CD, 0x01CE,
    0x01D1, 0x01D2, 0x01D3, 0x01D4, 0x01D5, 0x01D6, 0x01D7, 0x01D8, 0x01D9, 0x01DA, 0x01DB, 0x01DC,
    0x01E6, 0x01E7, 0x01FA, 0x01FB, 0x01FC, 0x01FD, 0x01FE, 0x01FF, 0x0218, 0x0219, 0x021A, 0x021B,
    0x1EA0, 0x1EA1, 0x1EA2, 0x1EA3, 0x1EA4, 0x1EA5, 0x1EA6, 0x1EA7, 0x1EA8, 0x1EA9, 0x1EAA, 0x1EAB,
    0x1EAC, 0x1EAD, 0x1EAE, 0x1EAF, 0x1EB0, 0x1EB1, 0x1EB2, 0x1EB3, 0x1EB4, 0x1EB5, 0x1EB6, 0x1EB7,
    0x1EB9, 0x1EBB, 0x1EBD, 0x1EBF, 0x1EC1, 0x1EC3, 0x1EC5, 0x1EC7, 0x1ECC, 0x1ECD, 0x1ECE, 0x1ECF,
    0x1ED0, 0x1ED1, 0x1ED2, 0x1ED3, 0x1ED4, 0x1ED5, 0x1ED6, 0x1ED7, 0x1ED8, 0x1ED9, 0x1EDA, 0x1EDB,
    0x1EDC, 0x1EDD, 0x1EDE, 0x1EDF, 0x1EE0, 0x1EE1, 0x1EE2, 0x1EE3, 0x1EE4, 0x1EE5, 0x1EE6, 0x1EE7,
    0x1EE8, 0x1EE9, 0x1EEA, 0x1EEB, 0x1EEC, 0x1EED, 0x1EEE, 0x1EEF, 0x1EF0, 0x1EF1, 0x1EF2, 0x1EF3,
    0x1EF4, 0x1EF5, 0x1EF6, 0x1EF7, 0x1EF8, 0x1EF9, 0x2019, 0x201D, 0x2026, 0xFB01, 0xFB02,
};

static const uint8_t sarabun_16_bolditalicKernRightClassIds[] = {
      1,   2,   3,   4,   5,   6,   7,   8,   9,  10,  11,  12,  13,  14,  15,  16,
     17,  18,  19,  20,  21,  22,  23,  24,  25,  26,  27,  28,  29,  30,  31,  32,
     33,  34,  35,  36,  37,  37,  37,  37,  37,  37,  37,  38,  39,  39,  39,  39,
     39,  40,  41,  41,  41,  41,  42,  43,  44,  44,  44,  44,  44,  44,  44,  45,
     46,  46,  46,  46,  47,  48,  49,  49,  49,  49,  49,  50,  51,  51,  51,  51,
     52,  52,  37,  44,  37,  44,  37,  44,  38,  45,  38,  45,  38,  45,  38,  45,
     53,  47,  46,  46,  46,  46,  46,  54,  55,  54,  55,  54,  55,  54,  55,  56,
     22,  48,  48,  48,  48,  48,  39,  49,  39,  49,  39,  49,  57,  58,  58,  58,
     59,  60,  59,  60,  59,  60,  59,  60,  61,  62,  61,  62,  61,  62,  41,  51,
     41,  51,  41,  51,  41,  51,  41,  51,  41,  51,  63,  64,  42,  52,  42,  65,
     65,  65,  39,  50,  41,  66,  37,  44,  39,  49,  41,  51,  41,  51,  41,  51,
     41,  51,  41,  51,  54,  55,  37,  44,  37,  44,  39,  49,  59,  60,  61,  62,
     37,  44,  37,  44,  37,  44,  37,  44,  37,  44,  37,  44,  37,  44,  37,  44,
     37,  44,  37,  44,  37,  44,  37,  44,  46,  46,  46,  46,  46,  46,  46,  46,
     39,  49,  39,  49,  39,  49,  39,  49,  39,  49,  39,  49,  39,  49,  39,  49,
     39,  49,  39,  49,  39,  49,  39,  49,  41,  51,  41,  51,  41,  51,  41,  51,
     41,  51,  41,  51,  41,  51,  42,  52,  42,  52,  42,  52,  42,  52,  67,  68,
     69,  43,  43,
};

static const uint16_t sarabun_16_bolditalicKernRowOffsets[] = {
        0,    12,    49,    55,    62,    69,    81,   118,   127,   151,   156,   193,   197,   249,   269,   300,
      344,   355,   360,   368,   372,   388,   407,   410,   431,   448,   454,   467,   478,   483,   493,   496,
      502,   529,   540,   562,   568,   606,   611,   621,   627,   646,   651,   658,   663,   672,   677,   681,
      717,   739,   776,   787,   792,   794,   799,   810,   849,   854,   899,   915,   918,   923,
};

static const uint8_t sarabun_16_bolditalicKernSparseCols[] = {
      9,  11,  14,  17,  20,  24,  26,  31,  32,  48,  52,  56,   3,   6,   7,   8,
      9,  10,  11,  12,  14,  15,  16,  17,  18,  20,  24,  26,  30,  31,  34,  37,
     38,  40,  41,  43,  44,  45,  48,  50,  51,  52,  56,  58,  60,  62,  63,  66,
     67,   2,  11,  13,  14,  36,  41,   2,  11,  14,  36,  41,  55,  62,   0,   1,
      2,   5,  36,  55,  68,  15,  16,  17,  18,  20,  26,  34,  43,  44,  45,  51,
     52,   3,   4,   6,   7,   9,  10,  11,  12,  14,  15,  16,  17,  18,  20,  24,
     26,  29,  31,  32,  34,  37,  38,  40,  41,  43,  44,  45,  48,  51,  52,  53,
     56,  60,  62,  63,  66,  67,   2,  11,  12,  13,  14,  36,  41,  55,  62,   0,
      1,   2,   5,  11,  13,  14,  15,  16,  17,  20,  24,  26,  28,  36,  41,  43,
     44,  48,  52,  55,  56,  59,  68,   2,  11,  14,  36,  41,   0,   1,   2,   3,
     15,  16,  17,  18,  20,  22,  23,  24,  26,  28,  30,  31,  32,  33,  34,  35,
     36,  37,  43,  44,  45,  47,  48,  50,  51,  52,  54,  55,  56,  57,  59,  63,
     64,   0,   1,   2,  36,   0,   1,   2,   3,   4,   5,   6,   7,   8,  15,  16,
     17,  18,  20,  21,  22,  23,  24,  25,  26,  28,  30,  31,  33,  34,  36,  37,
     38,  39,  42,  43,  44,  45,  46,  47,  48,  49,  50,  51,  52,  53,  54,  55,
     56,  57,  58,  59,  61,  63,  64,  65,  68,   0,   1,   2,   6,   7,  15,  16,
     17,  18,  20,  24,  26,  36,  38,  43,  44,  45,  48,  52,  56,   3,   4,   6,
      7,  15,  16,  17,  18,  20,  24,  26,  30,  31,  34,  37,  38,  39,  43,  44,
     45,  46,  48,  49,  50,  51,  52,  53,  56,  61,  63,  65,   0,   1,   2,   3,
      4,   5,   6,   7,   8,  15,  16,  17,  18,  20,  22,  23,  24,  26,  28,  30,
     31,  33,  34,  36,  37,  38,  43,  44,  45,  47,  48,  50,  51,  52,  53,  54,
     55,  56,  57,  58,  59,  61,  63,  64,  16,  17,  18,  20,  24,  26,  44,  45,
     48,  52,  56,  11,  14,  41,  62,  63,   0,   1,  11,  14,  34,  41,  51,  62,
     11,  14,  41,  62,   0,   1,   2,  11,  13,  14,  28,  31,  34,  36,  41,  51,
     54,  59,  62,  63,   0,   1,  15,  16,  17,  18,  20,  24,  26,  43,  44,  45,
     46,  48,  49,  52,  54,  56,  68,  11,  14,  41,   9,  11,  14,  15,  16,  17,
     18,  20,  24,  26,  34,  41,  43,  44,  45,  48,  51,  52,  56,  60,  62,  16,
     17,  18,  20,  24,  26,  28,  31,  32,  34,  44,  45,  48,  51,  52,  56,  59,
      9,  11,  14,  41,  60,  62,   0,   1,   2,   9,  11,  14,  31,  34,  36,  41,
     51,  60,  62,   0,   1,   9,  11,  12,  13,  31,  34,  51,  60,  62,   0,   1,
     24,  48,  56,   1,   9,  11,  13,  14,  18,  41,  45,  60,  62,  24,  48,  56,
      9,  11,  14,  41,  60,  62,   0,   1,   2,   9,  11,  13,  14,  15,  16,  17,
     18,  20,  24,  26,  36,  41,  43,  44,  45,  46,  48,  52,  55,  56,  60,  62,
     68,   9,  11,  14,  17,  20,  26,  41,  46,  52,  60,  62,   0,   1,   2,   9,
     13,  14,  15,  17,  18,  20,  24,  26,  36,  41,  43,  45,  48,  52,  55,  56,
     60,  62,   9,  11,  14,  41,  60,  62,   3,   6,   7,   8,   9,  10,  11,  12,
     14,  15,  16,  17,  18,  20,  24,  26,  30,  31,  32,  34,  37,  38,  40,  41,
     43,  44,  45,  48,  50,  51,  52,  56,  58,  60,  62,  63,  66,  67,   2,   5,
     11,  12,  14,   2,   5,  11,  12,  13,  14,  36,  41,  55,  62,   2,   5,  11,
     12,  13,  14,   0,   1,   2,  11,  12,  13,  14,  20,  28,  31,  32,  34,  36,
     41,  51,  54,  59,  62,  63,  11,  12,  14,  41,  62,   9,  11,  12,  14,  41,
     60,  62,   0,   1,  31,  34,  51,   2,   5,  11,  12,  14,  36,  41,  55,  62,
     11,  12,  14,  41,  62,   2,   5,  36,  55,   3,   4,   6,   7,   8,  11,  12,
     14,  15,  16,  17,  18,  20,  24,  26,  29,  30,  31,  32,  34,  37,  38,  41,
     43,  44,  45,  48,  50,  51,  52,  53,  56,  58,  61,  62,  63,   9,  11,  12,
     14,  15,  16,  17,  18,  20,  24,  26,  34,  41,  43,  44,  45,  48,  51,  52,
     56,  60,  62,   3,   4,   6,   7,   9,  10,  11,  12,  14,  15,  16,  17,  18,
     20,  24,  26,  29,  31,  32,  34,  37,  38,  40,  41,  43,  44,  45,  48,  51,
     52,  53,  56,  60,  62,  63,  66,  67,   3,   4,   6,   9,  11,  12,  14,  31,
     32,  34,  66,  11,  12,  14,  41,  62,  18,  45,   2,  11,  14,  36,  41,   1,
      9,  11,  12,  13,  14,  18,  41,  45,  60,  62,   0,   1,   2,   3,   5,  15,
     16,  17,  18,  20,  22,  23,  24,  26,  27,  28,  30,  31,  32,  33,  34,  35,
     36,  37,  43,  44,  45,  47,  48,  50,  51,  52,  54,  55,  56,  57,  59,  63,
     64,  11,  12,  14,  41,  62,   0,   2,   3,   4,   5,   6,   7,  15,  16,  17,
     18,  19,  20,  21,  22,  23,  24,  26,  28,  29,  30,  31,  32,  33,  34,  35,
     36,  37,  38,  43,  44,  45,  47,  48,  50,  51,  52,  53,  54,  55,  56,  59,
     61,  63,  64,   2,   9,  14,  15,  17,  18,  20,  26,  36,  41,  43,  45,  52,
     55,  60,  62,   2,   5,  36,   9,  11,  14,  31,  32,
};

static const int8_t sarabun_16_bolditalicKernSparseValues[] = {
     -53,  -53,  -53,  -16,  -16,  -16,  -16,  -32,  -32,  -16,  -16,  -16,  -16,  -16,  -16,  -21,
     -32,  -32,  -27,  -16,  -32,  -16,  -16,  -16,  -16,  -16,  -16,  -16,  -21,  -21,  -21,  -16,
     -16,  -32,  -32,  -16,  -16,  -16,  -16,  -21,  -21,  -16,  -16,  -21,  -32,  -53,  -43,  -43,
     -69,  -11,  -16,  -21,  -21,  -11,  -21,  -21,  -32,  -27,  -21,  -27,  -27,  -32,  -53,  -53,
     -53,  -48,  -96,  -53,  -53,  -16,  -11,  -11,  -11,  -11,  -11,  -21,  -16,  -11,  -11,  -21,
     -11,  -16,  -16,  -27,  -27,  -59,  -16,  -53,  -43,  -53,  -11,  -11,  -11,  -11,  -11,  -11,
     -11,  -16,  -32,  -21,  -43,  -16,  -27,  -16,  -53,  -11,  -11,  -11,  -11,  -43,  -11,  -16,
     -11,  -59,  -43,  -43,  -75,  -43,  -16,  -16,   -5,  -21,  -21,  -16,  -21,  -21,  -21,  -53,
     -53,  -43,  -53,  -16,  -32,  -16,  -16,  -16,  -16,  -16,  -16,  -16,  -11,  -85,  -32,  -16,
     -16,  -16,  -16,  -64,  -16,  -11,  -53,  -16,  -16,  -16,  -16,  -16,  -53,  -53,  -32,  -21,
     -43,  -32,  -43,  -43,  -43,  -32,  -32,  -43,  -43,  -37,  -32,  -32,  -21,  -27,  -21,  -27,
     -32,  -21,  -43,  -32,  -43,  -32,  -43,  -32,  -21,  -43,  -32,  -32,  -43,  -21,  -37,  -21,
     -11,  -21,  -21,  -32,  -32,  -53,  -53,  -27,  -21,  -21,  -37,  -16,  -16,  -16,  -43,  -43,
     -43,  -43,  -43,  -43,  -27,  -27,  -32,  -27,  -43,  -27,  -27,  -32,  -27,  -27, -107,  -43,
     -43,  -27,  -21,  -85,  -85,  -85,  -43,  -53,  -64,  -32,  -53,  -53,  -85,  -53,  -85,  -64,
     -32,  -53,  -32,  -53,  -53,  -53,  -43,  -27,  -53,  -43,  -43,  -16,   -5,   -5,  -11,  -11,
     -11,  -11,  -11,  -11,  -11,  -16,   -5,  -11,  -11,  -11,  -11,  -11,  -11,  -21,  -16,  -21,
     -21,  -27,  -16,  -16,  -21,  -16,  -16,  -16,  -16,  -27,  -37,  -43,  -43,  -21,  -53,  -43,
     -48,  -27,  -48,  -32,  -32,  -75,  -43,  -37,  -16,  -32,  -53,  -16,  -53,  -53,  -32,  -27,
     -32,  -37,  -21,  -21,  -16,  -32,  -32,  -32,  -32,  -32,  -32,  -32,  -32,  -32,  -32,  -32,
     -32,  -43,  -32,  -32,  -27,  -21,  -32,  -32,  -32,  -32,  -32,  -32,  -32,  -32,  -32,  -43,
     -43,  -32,  -32,  -16,  -32,  -32,  -43,  -27,  -11,  -11,  -11,  -11,  -11,  -11,  -11,  -11,
     -11,  -11,  -11,  -32,  -43,  -43,  -32,  -32,  -16,  -16,  -43,  -43,  -11,  -43,  -32,  -32,
     -21,  -32,  -32,  -21,  -16,  -16,  -21,  -43,  -27,  -43,   11,  -16,  -11,  -21,  -43,  -11,
      11,   11,  -32,  -11,  -32,  -32,  -21,  -21,  -21,  -16,  -21,  -21,  -21,  -43,  -43,  -37,
     -21,  -43,  -21,  -43,  -43,  -21,  -32,  -21,  -32,  -64,  -32,  -48,  -32,  -21,  -21,  -21,
     -11,  -21,  -11,  -21,  -16,  -32,  -21,  -21,  -11,  -11,  -16,  -21,  -11,  -32,  -37,  -11,
     -11,  -16,  -11,  -16,  -11,  -11,  -16,  -11,  -16,  -11,  -16,  -16,  -16,  -11,  -16,  -11,
     -32,  -37,  -43,  -43,  -32,  -37,  -16,  -16,  -21,  -32,  -32,  -37,   -5,   -5,  -21,  -37,
      -5,  -32,  -32,  -16,  -16,  -32,  -32,  -32,  -27,  -11,   -5,   -5,  -32,  -32,  -32,  -32,
      -5,   -5,   -5,  -16,  -32,  -27,  -21,  -32,   11,  -32,   11,  -32,  -21,  -16,  -16,  -16,
     -43,  -27,  -32,  -64,  -85,  -53,  -32,  -32,  -53,  -21,  -32,  -27,  -32,  -16,  -16,  -11,
     -11,  -11,   -5,  -11, -107,  -64,  -37,  -37,  -27,  -21,   -5,  -32,  -85,   -5,  -43,  -53,
     -32,  -21,  -27,  -43,  -16,  -16,  -16,  -85,  -21,  -37,  -43,  -53,  -21,  -21,  -43,  -21,
     -32,  -32,  -16,   -5,   -5,   -5,   -5,   -5,  -43,  -32,  -16,   -5,   -5,   -5,  -43,   -5,
     -21,  -27,  -11,  -21,  -21,  -43,  -21,  -43,  -48,  -43,  -16,  -43,  -85,  -64, -107,  -69,
     -96,  -37,  -37,  -37,  -37,  -16,  -37,  -16,  -43,  -75,  -43,  -64,  -16,  -16,  -32,  -32,
     -16,  -16,  -16,  -16,  -21,  -21,  -16,  -16,  -21,  -32,  -53,  -43,  -85,  -69,  -21,  -27,
     -32,  -32,  -27,  -43,  -21,  -43,  -27,  -43,  -48,  -16,  -21,  -21,  -21,  -27,  -21,  -27,
     -21,  -21,  -27,  -16,  -16,  -21,  -85,  -32,  -53,  -85,   11,   21,  -32,  -11,  -27,  -21,
     -43,  -11,   11,   11,  -32,  -11,  -43,  -21,  -64,  -32,  -21,  -64,  -75,  -37,  -85,  -43,
     -32,  -37,  -16,  -16,  -11,   -5,   -5,  -43,  -27,  -64,  -32,  -53,  -21,  -27,  -27,  -32,
     -85,  -32,  -85,  -43,  -32,  -64,  -21,  -32,  -21,  -53,  -53,  -53,  -27,  -43,  -53,  -27,
     -53,  -43,  -64,  -64,  -64,  -32,  -64,  -32,  -32,  -43, -107,  -53, -107,  -27,  -27,  -27,
     -21,  -32,  -32,  -32,  -21,  -53,  -32,  -27,  -32,  -21,  -32,  -27,  -53,  -64,  -96,  -37,
     -64,  -43,  -43,  -43,  -32,  -21,  -32,  -21,  -32,  -32,  -21,  -21,  -11,  -11,  -16,  -21,
     -11,  -32,  -37,  -32,  -32,  -43,  -27, -117,  -16, -107,  -85, -107,  -11,  -11,  -11,  -11,
     -11,  -11,  -11,  -16,  -85,  -64,  -85,  -16,  -27,  -16,  -53,  -11,  -11,  -11,  -11,  -43,
     -11,  -16,  -11,  -59,  -43,  -43,  -75,  -43,  -16,  -16,  -16,  -59,  -53,  -43,  -53,  -53,
     -43,  -43,  -32,  -64,  -21,  -64,  -32,  -21,  -21,  -21,  -37,  -32,  -32,  -16,  -16,  -16,
     -64,  -53,  -21,  -43,  -64,   21,  -32,   11,  -32,  -21,  -53,  -53,  -85,  -43,  -32,  -75,
     -64,  -75,  -75,  -75,  -64,  -32,  -75,  -43,  -21,  -69,  -64,  -53,  -43,  -48,  -43,  -37,
     -32,  -21,  -43,  -32,  -43,  -32,  -43,  -32,  -21,  -43,  -32,  -32,  -43,  -21,  -37,  -21,
     -11,  -64,  -32,  -85,  -43,  -32,  -53, -107,  -43,  -43,  -32,  -43,  -21,  -64,  -64,  -64,
     -64,  -21,  -64,  -21,  -43,  -21,  -64,  -32,  -43,  -21,  -53,  -53,  -27,  -53,  -53,  -21,
     -53,  -21,  -21,  -32,  -32,  -32,  -21,  -32,  -27,  -27,  -32,  -21,  -32,  -32,  -32,  -21,
     -21,  -27,  -21,  -43,  -21,  -43,  -21,  -21,  -11,  -21,  -21,  -43,  -43,  -21,  -11,  -21,
     -37,  -21,  -27,  -27,  -43,  -27,  -53,  -53,  -53,  -32,  -32,
};

static const EpdLigaturePair sarabun_16_bolditalicLigaturePairs[] = {
    { 0x00660069, 0xFB01 }, // f i -> U+FB01
    { 0x0066006C, 0xFB02 }, // f l -> U+FB02
};

static const EpdFontData sarabun_16_bolditalic = {
    sarabun_16_bolditalicBitmaps,
    sarabun_16_bolditalicGlyphs,
    sarabun_16_bolditalicIntervals,
    56,
    43,
    36,
    -8,
    true,
    sarabun_16_bolditalicGroups,
    13,
    nullptr,
    nullptr,  // kernLeftClasses: built-in fonts use the split arrays below
    nullptr,  // kernRightClasses
    sarabun_16_bolditalicKernLeftCodepoints,
    sarabun_16_bolditalicKernLeftClassIds,
    sarabun_16_bolditalicKernRightCodepoints,
    sarabun_16_bolditalicKernRightClassIds,
    nullptr,  // kernMatrix: built-in fonts use the sparse form below
    sarabun_16_bolditalicKernRowOffsets,
    sarabun_16_bolditalicKernSparseCols,
    sarabun_16_bolditalicKernSparseValues,
    238,
    275,
    61,
    69,
    sarabun_16_bolditalicLigaturePairs,
    2,
};
