/**
 * generated by fontconvert.py
 * name: sarabun_18_italic
 * size: 18
 * mode: 2-bit  compressed: true
 * Command used: fontconvert.py sarabun_18_italic 18 ../builtinFonts/source/Sarabun/Sarabun-Italic.ttf --2bit --compress --pnum --zopfli --additional-intervals 0x0E00,0x0E7F
 */
#pragma once
#include "EpdFontData.h"

static const uint8_t sarabun_18_italicBitmaps[27145] = {
    0xA5, 0x5A, 0x3F, 0x90, 0xE5, 0xC8, 0x59, 0xFF, 0x24, 0x71, 0x2B, 0xB0, 0xAA, 0x90, 0x03, 0x86,
    0xC0, 0x4B, 0xA1, 0x84, 0x80, 0xA2, 0xA8, 0x52, 0xE2, 0xC0, 0xC9, 0x4D, 0x0B, 0x3B, 0x70, 0xC8,
    0x06, 0xF7, 0x1C, 0xDC, 0x06, 0xE7, 0xD0, 0x55, 0x1B, 0x0C, 0x21, 0x81, 0x77, 0x24, 0xFB, 0x02,
    0xC2, 0xDB, 0xE4, 0xAE, 0x0A, 0x2E, 0xC0, 0x11, 0x55, 0x38, 0x81, 0x80, 0x80, 0x60, 0x67, 0x5A,
    0x94, 0x03, 0x82, 0x4B, 0x54, 0xB8, 0xAE, 0x08, 0x4F, 0x55, 0x70, 0x47, 0x40, 0x70, 0x3A, 0xD0,
    0xDA, 0x9A, 0xDB, 0x96, 0x9A, 0xEF, 0xF7, 0xEB, 0xE9, 0x87, 0x76, 0x9E, 0x67, 0xA9, 0x33, 0x6F,
    0xA4, 0x5F, 0xBF, 0x27, 0xB5, 0xFA, 0xFB, 0xFF, 0xF5, 0xD7, 0xAD, 0x91, 0xBA, 0xC7, 0x61, 0xF4,
    0xE8, 0xC4, 0x34, 0xD2, 0x8A, 0x58, 0x1E, 0x9B, 0xC8, 0x2A, 0xE2, 0x24, 0xD1, 0x63, 0x91, 0x74,
    0x91, 0x6C, 0x96, 0x6C, 0xC2, 0x91, 0x8F, 0x92, 0x34, 0x12, 0x3E, 0xA5, 0x3E, 0x37, 0x4A, 0xAB,
    0xC7, 0x20, 0x75, 0xA3, 0x3F, 0xD7, 0xAA, 0x77, 0xD5, 0x3F, 0xB9, 0xFA, 0xC7, 0x4B, 0xFD, 0xED,
    0xD9, 0x64, 0x93, 0x1E, 0xE7, 0xD9, 0xF8, 0x34, 0x1B, 0x45, 0xEA, 0x4E, 0xAE, 0x44, 0x40, 0xC4,
    0xA1, 0x91, 0x04, 0xCD, 0x35, 0x86, 0x56, 0x52, 0x18, 0x18, 0xE4, 0xF2, 0x49, 0x40, 0xAF, 0x18,
    0x25, 0xF5, 0xF8, 0x34, 0x19, 0x1B, 0x49, 0x1E, 0xBF, 0x38, 0xB4, 0xEF, 0x8B, 0x14, 0x03, 0x06,
    0x20, 0x5D, 0xED, 0x5F, 0xF5, 0x72, 0x29, 0xBF, 0x7A, 0x64, 0x83, 0xC7, 0xA6, 0xD8, 0x9C, 0xAD,
    0x87, 0xC7, 0x2F, 0x1E, 0xE1, 0x86, 0x72, 0x0F, 0x92, 0xE5, 0x20, 0x20, 0x59, 0xF6, 0x68, 0x30,
    0x0E, 0x48, 0xEA, 0x38, 0xB8, 0x61, 0xE4, 0x48, 0x80, 0x3C, 0x1D, 0xF1, 0xC1, 0xAA, 0x90, 0x78,
    0x3F, 0x6A, 0x6F, 0xEF, 0x9D, 0x12, 0x9E, 0x1F, 0x78, 0x81, 0xE6, 0x2E, 0xA9, 0xB3, 0x3F, 0xA0,
    0xDA, 0x24, 0xA2, 0x27, 0xDA, 0x0E, 0x68, 0x26, 0x60, 0xC5, 0x1B, 0xB9, 0x1F, 0x38, 0x0E, 0xC7,
    0xAC, 0x3D, 0x30, 0xF3, 0x3D, 0xFB, 0x0E, 0xC0, 0x7A, 0x04, 0x96, 0x13, 0xB0, 0xD8, 0x61, 0x39,
    0xCA, 0xEF, 0x93, 0xC1, 0xB6, 0xA3, 0xC1, 0xE6, 0xD4, 0xEB, 0x4F, 0xEF, 0x17, 0x32, 0xF5, 0x0C,
    0x23, 0xB3, 0x5F, 0x16, 0x70, 0x04, 0x5E, 0x8C, 0xBC, 0x9A, 0x7A, 0xC7, 0x27, 0x8B, 0x9B, 0xC0,
    0x6F, 0xD5, 0x1B, 0x72, 0x6C, 0xD4, 0x6A, 0xA9, 0xDE, 0x3A, 0x97, 0xAA, 0xC3, 0xC3, 0x4F, 0xA5,
    0x6A, 0xA0, 0x9A, 0xE7, 0x7A, 0xDD, 0x74, 0x68, 0x0D, 0xBA, 0xA9, 0x7A, 0x2F, 0x69, 0xAE, 0x4B,
    0x71, 0xA4, 0x61, 0x3E, 0x5C, 0xCA, 0x41, 0xF9, 0xAC, 0xFC, 0x68, 0x7E, 0xE4, 0x57, 0x49, 0x37,
    0xB1, 0xF9, 0x0D, 0x7A, 0x26, 0x4E, 0x6F, 0x74, 0x20, 0x5A, 0x75, 0x65, 0x0F, 0xA2, 0x46, 0xD0,
    0x9A, 0x2E, 0xB4, 0x56, 0x69, 0x95, 0x1D, 0x2C, 0x71, 0xA9, 0x34, 0xC1, 0xDB, 0x25, 0x3D, 0x67,
    0xD0, 0xEB, 0x06, 0xDD, 0x14, 0x57, 0xF2, 0x56, 0xFF, 0xE7, 0x42, 0x4B, 0x96, 0x7E, 0x0C, 0x6E,
    0xB1, 0x35, 0xB0, 0x81, 0x07, 0x1A, 0x0F, 0x2E, 0xFC, 0x87, 0x7A, 0x3B, 0x75, 0x89, 0xA3, 0xCC,
    0x2B, 0x25, 0x75, 0xC0, 0x84, 0x98, 0xCD, 0xB8, 0x5E, 0x8C, 0x8A, 0x4B, 0xDD, 0x6B, 0xCF, 0x75,
    0x13, 0x45, 0x3F, 0x2B, 0x56, 0xBE, 0x53, 0xB4, 0x16, 0xF6, 0x5F, 0xAB, 0x51, 0x2E, 0x8B, 0xA9,
    0x98, 0x65, 0x2B, 0x87, 0xCC, 0x89, 0xD3, 0xCE, 0x3E, 0x5B, 0x94, 0x95, 0xF6, 0x9F, 0x27, 0x45,
    0x08, 0xA9, 0x9C, 0xFA, 0x4E, 0x95, 0x9E, 0x79, 0xA9, 0x26, 0xBD, 0xD2, 0x17, 0xDB, 0x07, 0xEA,
    0x58, 0xEA, 0xA4, 0x9B, 0x12, 0x7D, 0xE8, 0x9F, 0x25, 0x2A, 0x6D, 0xA5, 0x7F, 0x75, 0xA7, 0x9A,
    0x53, 0x19, 0xCE, 0x55, 0x97, 0x22, 0xDF, 0x68, 0xE0, 0xE2, 0xF4, 0x71, 0x88, 0x40, 0x45, 0xE8,
    0xA5, 0x96, 0x2E, 0x2F, 0xD0, 0x3C, 0x98, 0xC4, 0x2D, 0xB0, 0x09, 0xCD, 0xC3, 0x15, 0x6B, 0xEA,
    0x8B, 0x5D, 0xC3, 0x29, 0x7C, 0x24, 0x9E, 0xFC, 0x1D, 0xEF, 0x41, 0xD7, 0x15, 0xF5, 0x4C, 0x37,
    0xE1, 0x78, 0xF4, 0xD6, 0xAF, 0x35, 0x1C, 0x94, 0x17, 0x68, 0xBB, 0x95, 0xE1, 0xB6, 0x1F, 0xE1,
    0xFE, 0x33, 0x52, 0x42, 0xFF, 0x95, 0xCF, 0x53, 0x86, 0xC8, 0x6C, 0x64, 0xD4, 0x40, 0x3C, 0xDE,
    0xE6, 0x2D, 0x5C, 0x6E, 0x63, 0x6A, 0xF8, 0xBD, 0x64, 0x90, 0x6B, 0x35, 0x8B, 0x51, 0xA1, 0xAB,
    0x4A, 0x2D, 0x7C, 0x25, 0x67, 0x8F, 0x6F, 0x0E, 0x46, 0x35, 0xA6, 0xE7, 0x4A, 0xFF, 0x3E, 0xD7,
    0x31, 0xDD, 0x53, 0x35, 0x92, 0x91, 0x7C, 0x50, 0x9E, 0xBA, 0xDF, 0x81, 0x81, 0xE0, 0xC9, 0x08,
    0xF4, 0x88, 0x50, 0xDB, 0x1D, 0xAC, 0x3A, 0x05, 0xF8, 0x4D, 0x94, 0x85, 0x49, 0x22, 0xE0, 0x1F,
    0xFD, 0xD4, 0xFE, 0xF4, 0x6F, 0xE9, 0xAB, 0xF8, 0x5C, 0x11, 0xDD, 0x5D, 0x4C, 0x16, 0x60, 0x3A,
    0x07, 0x24, 0x14, 0xAE, 0xD4, 0xBF, 0x62, 0x49, 0xE6, 0x6C, 0xCA, 0xFB, 0xAA, 0x39, 0x97, 0x6F,
    0xEA, 0xF5, 0xB3, 0xC3, 0x5B, 0xD6, 0x2F, 0xDE, 0xCF, 0xB5, 0xD8, 0xCE, 0x77, 0xBE, 0xE1, 0xB0,
    0x8C, 0x31, 0xEA, 0x97, 0x2C, 0x45, 0x36, 0xA8, 0x0D, 0xE8, 0x63, 0xD7, 0x65, 0x00, 0x56, 0xBB,
    0x2E, 0x57, 0xF7, 0x74, 0xE9, 0xEE, 0x76, 0x59, 0x5E, 0xD7, 0x65, 0xBD, 0xDB, 0xA5, 0x3C, 0xE9,
    0xF2, 0x03, 0x00, 0x72, 0x00, 0x2C, 0xE7, 0x7D, 0x23, 0xD5, 0x8D, 0x1D, 0xD4, 0xB1, 0xD4, 0x4D,
    0x36, 0x0D, 0x89, 0xD4, 0xA9, 0x03, 0x66, 0xB3, 0xB2, 0x02, 0xBF, 0x71, 0x78, 0x7E, 0x05, 0x9F,
    0x6B, 0x0D, 0x30, 0x88, 0x51, 0xD3, 0x10, 0xB4, 0x5F, 0x0B, 0x07, 0x50, 0xC8, 0x08, 0x93, 0x42,
    0x01, 0x40, 0x74, 0x23, 0x99, 0x34, 0x3A, 0xAC, 0x3E, 0x66, 0xA5, 0x1C, 0x75, 0xD8, 0x7C, 0xBD,
    0x98, 0x90, 0x92, 0x94, 0x97, 0x7A, 0xB9, 0xE5, 0x2A, 0x51, 0xFA, 0xA5, 0x9E, 0xD6, 0x4B, 0xBA,
    0x59, 0xC9, 0x46, 0x3D, 0x9B, 0x0D, 0x82, 0xEC, 0x5C, 0x2C, 0xBA, 0x19, 0x4E, 0x06, 0xEF, 0x6D,
    0x6C, 0xC0, 0xE5, 0x46, 0x9E, 0xD1, 0xF5, 0x62, 0x9C, 0x9C, 0xB5, 0x1F, 0x37, 0xD6, 0xFB, 0xDE,
    0x92, 0xDA, 0xC5, 0xA6, 0x0F, 0x20, 0x3F, 0xD7, 0x5F, 0xAA, 0xD0, 0xB6, 0xD1, 0x60, 0xFE, 0x73,
    0x8C, 0xFE, 0x75, 0xA6, 0x64, 0x02, 0x89, 0x91, 0x92, 0x64, 0x80, 0x62, 0x8E, 0xB9, 0xD6, 0xF4,
    0x0A, 0xB6, 0xD1, 0x9B, 0xE8, 0x96, 0xE3, 0x66, 0x85, 0xEB, 0x16, 0xA9, 0xC3, 0xA3, 0xD7, 0x82,
    0x5E, 0x23, 0x7E, 0x61, 0x0A, 0xE2, 0x5C, 0x73, 0x73, 0x38, 0x3C, 0x82, 0xDB, 0x8D, 0x00, 0x65,
    0xED, 0xE1, 0xD6, 0x80, 0x83, 0x19, 0x1C, 0x38, 0x0D, 0x86, 0x64, 0x93, 0x6F, 0x31, 0x9B, 0x11,
    0xC8, 0x01, 0x45, 0xA5, 0x8C, 0x52, 0xE9, 0x60, 0x6F, 0x63, 0x30, 0x8F, 0x20, 0xF5, 0xBC, 0x09,
    0x72, 0x81, 0xA1, 0x7C, 0x46, 0x3F, 0xC2, 0x12, 0xBF, 0xE5, 0xD3, 0x6F, 0xE0, 0xAE, 0xCE, 0x03,
    0xF5, 0xA0, 0x0C, 0xDB, 0xAE, 0xDE, 0x9E, 0x6C, 0xA4, 0x08, 0xE9, 0x1B, 0xBA, 0xC3, 0x8A, 0x01,
    0x00, 0x35, 0x08, 0xB5, 0x00, 0x0F, 0x8D, 0xFE, 0x52, 0xA1, 0xF8, 0xB9, 0x76, 0xAC, 0xDE, 0xD5,
    0xE1, 0x0D, 0x34, 0x0B, 0xD3, 0x67, 0xB3, 0xEA, 0xB5, 0x18, 0x15, 0xAA, 0x1E, 0xB3, 0x1F, 0x54,
    0xBB, 0x2A, 0xA4, 0x8B, 0x2A, 0x58, 0x3B, 0x19, 0xE4, 0x71, 0xD3, 0x98, 0x46, 0xA1, 0x55, 0x29,
    0x9D, 0x8D, 0xB0, 0xEC, 0x55, 0x2A, 0x8E, 0xA2, 0xD1, 0x00, 0xBE, 0x97, 0x42, 0xB1, 0x93, 0xF2,
    0xD3, 0xC3, 0xE1, 0x18, 0xB3, 0xC4, 0x3A, 0x38, 0x68, 0x03, 0x6C, 0x01, 0x62, 0x93, 0x47, 0x18,
    0xC7, 0x7A, 0x45, 0x2A, 0x31, 0xF1, 0xCF, 0xEA, 0x09, 0x26, 0x2A, 0x16, 0x49, 0x7F, 0x12, 0xCC,
    0x24, 0xE9, 0x09, 0xF2, 0x3A, 0x55, 0x43, 0x2F, 0xA1, 0x5E, 0x30, 0x41, 0x86, 0x5A, 0xC6, 0x37,
    0x30, 0xC1, 0x4A, 0x76, 0x26, 0x09, 0xAE, 0x71, 0x8C, 0x8A, 0x87, 0x9C, 0x32, 0xA1, 0x0E, 0x28,
    0xBF, 0x1D, 0xF1, 0x0B, 0xE9, 0x32, 0xDA, 0x04, 0x33, 0x6C, 0x10, 0x2D, 0x5D, 0xED, 0xBF, 0x63,
    0x88, 0x4D, 0x9D, 0xF7, 0x6F, 0x7C, 0x57, 0x39, 0xD5, 0x89, 0x32, 0x57, 0x8E, 0x4A, 0xA5, 0x98,
    0x4C, 0xA7, 0xD0, 0x36, 0x80, 0x18, 0x10, 0x63, 0x8C, 0x8A, 0xBA, 0xC7, 0x04, 0xD2, 0x54, 0x43,
    0xAA, 0xCF, 0xAE, 0xEA, 0x8E, 0x29, 0x1D, 0xA4, 0xBE, 0x11, 0xA1, 0xC3, 0xB4, 0x90, 0xF5, 0xEC,
    0x70, 0x68, 0xA1, 0x16, 0xDF, 0x80, 0x14, 0xDD, 0x31, 0xB2, 0x60, 0x78, 0x9D, 0x2C, 0x44, 0x31,
    0x11, 0x07, 0x08, 0x02, 0x0C, 0x4E, 0x25, 0x9E, 0x78, 0x15, 0x34, 0x13, 0x1D, 0x65, 0xF7, 0x00,
    0x58, 0x8A, 0x16, 0xA8, 0x01, 0x74, 0x54, 0x48, 0x0D, 0xBF, 0x29, 0xB6, 0x27, 0x2B, 0xFC, 0x29,
    0xF1, 0x1C, 0xD3, 0x72, 0xD0, 0x96, 0xA3, 0x06, 0xE4, 0x95, 0x64, 0x45, 0x72, 0xCF, 0x17, 0x38,
    0xBD, 0x65, 0x05, 0x04, 0xA6, 0x6B, 0xC6, 0x9D, 0x6F, 0xEA, 0x11, 0x2C, 0x2A, 0xD1, 0x72, 0xC2,
    0x97, 0xAA, 0x07, 0x2B, 0x35, 0x10, 0xC6, 0x20, 0xEA, 0x75, 0x60, 0x3E, 0x43, 0xB4, 0x72, 0x42,
    0x70, 0xB5, 0xBD, 0x12, 0x7F, 0xAC, 0xE3, 0xA4, 0xC1, 0x99, 0xEA, 0xAD, 0x83, 0x24, 0x18, 0xBE,
    0xF2, 0x20, 0xFC, 0xA9, 0xED, 0x55, 0xFC, 0x6A, 0xD0, 0x87, 0x8A, 0xA9, 0x54, 0x1A, 0x93, 0x8E,
    0x9C, 0xCD, 0x75, 0xA7, 0x60, 0x08, 0xAA, 0x7C, 0x7C, 0x2B, 0x27, 0x1D, 0xB4, 0x9E, 0xAA, 0x41,
    0xEC, 0x58, 0xCE, 0xB9, 0xEF, 0x33, 0x7A, 0xA1, 0xDD, 0x34, 0xA0, 0xDF, 0xF8, 0x93, 0x8D, 0xEE,
    0x72, 0x0C, 0xF4, 0xE1, 0xD6, 0xDE, 0x95, 0xC3, 0x97, 0x51, 0x9D, 0x03, 0xBF, 0xEC, 0xCC, 0xFC,
    0x1D, 0x3F, 0x3A, 0x0D, 0xB8, 0x42, 0xFF, 0xB2, 0x51, 0xEE, 0x7C, 0x76, 0x33, 0x41, 0xD5, 0x40,
    0x18, 0xCB, 0xE3, 0x5C, 0xEE, 0xFB, 0xA4, 0x23, 0x5C, 0xAB, 0x74, 0x7A, 0xE0, 0x4B, 0xA2, 0x2A,
    0xD2, 0x2B, 0x3D, 0x9E, 0x7E, 0x53, 0xE4, 0x9B, 0x77, 0x7B, 0x37, 0x24, 0x02, 0x4C, 0x3D, 0xBF,
    0x2E, 0xFC, 0xDA, 0xDD, 0xFB, 0xD5, 0x2C, 0xB1, 0xD0, 0x84, 0x33, 0x03, 0x8B, 0x15, 0x28, 0x3E,
    0x04, 0xDE, 0x22, 0xEC, 0x1A, 0xC6, 0x9D, 0x81, 0xF9, 0x06, 0x84, 0xFE, 0xD1, 0x99, 0x28, 0x1D,
    0x63, 0xD6, 0x4B, 0x49, 0x7C, 0xE3, 0xA0, 0x9F, 0x7B, 0x25, 0x3A, 0xD3, 0x9B, 0x6F, 0xD1, 0x8F,
    0x17, 0x69, 0x81, 0xF1, 0xC6, 0x33, 0xA2, 0x23, 0x82, 0xB7, 0x48, 0x30, 0xF3, 0x72, 0xCA, 0xDD,
    0x70, 0xC2, 0x1D, 0x65, 0xC8, 0xF9, 0xBD, 0x9D, 0xD1, 0x93, 0x5F, 0x35, 0x04, 0xE1, 0xA5, 0xEC,
    0x30, 0x1E, 0xBF, 0x9A, 0x11, 0x18, 0xB4, 0xFE, 0x7D, 0xA2, 0x5C, 0xAC, 0x88, 0xD5, 0xA1, 0xBA,
    0xF9, 0xBB, 0xC9, 0xA8, 0xAB, 0xFE, 0xB1, 0xBA, 0xDC, 0x6E, 0x46, 0x61, 0x95, 0x85, 0x28, 0xA0,
    0x5F, 0x87, 0x1A, 0x31, 0xFC, 0x34, 0xCC, 0x61, 0xE4, 0x3B, 0x9D, 0xC3, 0x29, 0x48, 0x4A, 0x60,
    0x6C, 0x62, 0xE2, 0x0F, 0xE7, 0x1C, 0x67, 0x62, 0x79, 0xC2, 0x7A, 0x1B, 0x1A, 0x0B, 0x6C, 0x7D,
    0xF9, 0x36, 0xA4, 0xC9, 0xB6, 0x86, 0x9D, 0xAA, 0x31, 0x8C, 0x6F, 0x9A, 0x87, 0x0B, 0x5C, 0x6A,
    0x4D, 0x50, 0x9D, 0x28, 0x27, 0xC5, 0xCD, 0x45, 0x5F, 0x35, 0xD9, 0xF4, 0xDB, 0x92, 0xF7, 0x65,
    0x87, 0xB1, 0xB2, 0xA1, 0x44, 0x7E, 0x3D, 0x7B, 0xAC, 0x6D, 0xD5, 0xA4, 0xDE, 0xEB, 0xF5, 0x5A,
    0x2A, 0xB6, 0x46, 0x03, 0xAE, 0x60, 0x25, 0xE2, 0x04, 0x57, 0xCF, 0xD5, 0x73, 0x4A, 0xFD, 0x75,
    0x9E, 0x6A, 0x8B, 0x9A, 0x5C, 0xDB, 0x3A, 0x5D, 0xF4, 0xF7, 0x2C, 0xB6, 0x9A, 0x94, 0xC2, 0xF6,
    0xE4, 0x13, 0xDF, 0x6B, 0x6B, 0xFD, 0x9F, 0x6E, 0xC8, 0xB5, 0xD5, 0xFC, 0xE0, 0x59, 0x2C, 0x0D,
    0x90, 0x5C, 0x80, 0x60, 0x53, 0xE4, 0x0F, 0xC9, 0xF6, 0xCD, 0x13, 0x98, 0x0A, 0xE4, 0x78, 0x2B,
    0xB1, 0x37, 0x8A, 0xBB, 0x15, 0x07, 0xD1, 0x10, 0x5B, 0xF6, 0xF0, 0xC0, 0x64, 0x0D, 0xF3, 0x91,
    0x63, 0x9E, 0x01, 0x96, 0x03, 0xB0, 0xEA, 0xC3, 0x32, 0x0C, 0xD8, 0xB2, 0xFE, 0x5A, 0xB5, 0x65,
    0xF4, 0xA3, 0xBB, 0x22, 0xC6, 0x35, 0xA8, 0xF6, 0xE1, 0xDF, 0x35, 0xA7, 0x08, 0x13, 0x02, 0x95,
    0xB8, 0x62, 0xAE, 0x48, 0x1D, 0xC6, 0xCB, 0x16, 0x20, 0xD8, 0xE0, 0xD4, 0x84, 0x64, 0xDB, 0x83,
    0x9A, 0xF6, 0x57, 0x25, 0xC3, 0xE9, 0x26, 0xC5, 0xC3, 0x85, 0x63, 0x6E, 0xF2, 0x31, 0x4F, 0xAD,
    0xA0, 0x1C, 0x30, 0xE1, 0x2D, 0x8C, 0xB6, 0x02, 0xB3, 0x05, 0x07, 0xF2, 0x14, 0x96, 0x95, 0x40,
    0x4C, 0xD5, 0x2F, 0xBE, 0x67, 0x47, 0x1D, 0x1B, 0xAA, 0x41, 0x7A, 0x71, 0xC0, 0x44, 0x71, 0x00,
    0x56, 0x3D, 0x31, 0xE6, 0x32, 0xE6, 0x2F, 0x4A, 0xD0, 0x61, 0x1C, 0xF3, 0xFE, 0xDB, 0xBE, 0x03,
    0x23, 0xAB, 0x80, 0x7D, 0xFA, 0xC3, 0x03, 0x0F, 0x57, 0x6D, 0x03, 0x81, 0x0F, 0xEC, 0x20, 0x15,
    0x12, 0x17, 0xE2, 0x2C, 0x1D, 0xC0, 0x61, 0x9C, 0xB5, 0xF2, 0xF9, 0xA8, 0x5E, 0xD0, 0x8A, 0x69,
    0x19, 0x23, 0x03, 0x9B, 0xFD, 0x1C, 0x79, 0x8A, 0xBB, 0x3E, 0x5D, 0x7C, 0xF6, 0xEB, 0xCC, 0xF3,
    0xFF, 0x80, 0xFC, 0x92, 0x2F, 0x92, 0x2A, 0xF1, 0x31, 0x30, 0x12, 0x99, 0x32, 0x60, 0x11, 0x57,
    0x1C, 0xF4, 0xF6, 0xD8, 0x43, 0x39, 0x88, 0x37, 0xF8, 0x49, 0xD0, 0xFC, 0x40, 0x1C, 0x13, 0x07,
    0x6D, 0xA7, 0x3B, 0xCC, 0x16, 0xE2, 0x8C, 0xBB, 0xD9, 0x04, 0xCC, 0x81, 0xB4, 0x4E, 0x35, 0x80,
    0x6E, 0xDD, 0x03, 0x4D, 0x1F, 0x56, 0x00, 0x08, 0x29, 0x4B, 0xED, 0xAD, 0xD4, 0x9B, 0x13, 0x66,
    0x68, 0x60, 0xDB, 0xAB, 0xDE, 0x40, 0xBC, 0xA5, 0xCB, 0x59, 0x18, 0x81, 0xBC, 0x51, 0x95, 0x60,
    0xB7, 0x65, 0xDE, 0xB1, 0xBB, 0x75, 0xF4, 0x4A, 0x24, 0x26, 0xA7, 0x55, 0xC0, 0x42, 0xC4, 0x64,
    0x4A, 0xEC, 0xD5, 0xA6, 0x87, 0x43, 0x73, 0x5C, 0x32, 0xEF, 0x30, 0x56, 0xE2, 0xC4, 0x13, 0x9D,
    0x07, 0x7C, 0x1F, 0xC4, 0xC9, 0x08, 0x5D, 0xF2, 0x96, 0xB7, 0x9E, 0x97, 0xBA, 0x5F, 0x93, 0xB7,
    0x39, 0x72, 0x38, 0xB1, 0x36, 0x52, 0x7F, 0x23, 0x87, 0x7B, 0xAE, 0x5E, 0xCF, 0xDB, 0xA9, 0x3F,
    0x58, 0x62, 0x34, 0x2D, 0x8A, 0x5F, 0xFA, 0xDB, 0x48, 0x7F, 0x9B, 0x51, 0xBE, 0x24, 0x5F, 0xC9,
    0xDF, 0x90, 0x77, 0x02, 0x6A, 0xDC, 0x1C, 0x5A, 0x45, 0xDC, 0xDB, 0x61, 0xD3, 0x22, 0xE8, 0xD8,
    0xBF, 0xE5, 0xB3, 0x96, 0x49, 0x6E, 0xA3, 0xBF, 0xAD, 0x24, 0xBE, 0xD2, 0x9C, 0x70, 0x18, 0xFF,
    0xEC, 0x39, 0x1E, 0xE1, 0xD9, 0x92, 0x67, 0x36, 0x96, 0x07, 0xCE, 0x4D, 0x78, 0xAE, 0xC2, 0x13,
    0x1C, 0x3A, 0xA8, 0x4F, 0x4F, 0x68, 0x0E, 0x67, 0x48, 0xDA, 0x38, 0xD8, 0x78, 0x0F, 0x77, 0xC9,
    0xD1, 0x4C, 0xB1, 0x51, 0x0B, 0xE3, 0x0C, 0x0B, 0x03, 0x48, 0x85, 0x33, 0x34, 0x71, 0x85, 0x00,
    0x46, 0xEB, 0xD8, 0x80, 0x79, 0x9C, 0x81, 0x31, 0x24, 0x23, 0x9C, 0xE4, 0x2F, 0x32, 0x16, 0xBF,
    0x5E, 0x07, 0xF6, 0xC0, 0x0F, 0x59, 0x22, 0x0F, 0x33, 0x8E, 0x9C, 0x74, 0x49, 0x96, 0xE4, 0x7A,
    0x92, 0xE1, 0xD8, 0x1C, 0x9A, 0xB2, 0x46, 0x19, 0xF7, 0xB5, 0xD8, 0x69, 0x41, 0xB6, 0xAF, 0xCA,
    0x08, 0x18, 0x07, 0x1C, 0x02, 0x1A, 0xC0, 0xD1, 0xDE, 0x16, 0x70, 0x0D, 0x58, 0x09, 0x27, 0xE5,
    0x1E, 0x06, 0xFE, 0x2D, 0x58, 0xA4, 0xFA, 0xCC, 0x2B, 0x3F, 0x7E, 0x83, 0x6B, 0x8C, 0x1C, 0x08,
    0xE9, 0xA0, 0xC5, 0x94, 0x04, 0x6C, 0x3B, 0x64, 0xCB, 0x2D, 0x18, 0x0E, 0x03, 0xD5, 0x23, 0xD0,
    0x62, 0xB1, 0x97, 0xAE, 0x18, 0xB0, 0x98, 0x15, 0x97, 0x7A, 0x80, 0xDE, 0x6D, 0xA7, 0xF8, 0x0B,
    0x8F, 0xBC, 0xFB, 0x92, 0xE8, 0x3F, 0x61, 0xE1, 0xF7, 0x5D, 0x44, 0xFF, 0xCA, 0x0C, 0x3D, 0x83,
    0x05, 0x64, 0x0E, 0x8A, 0x60, 0x83, 0x9E, 0x1B, 0x20, 0x95, 0x82, 0x5B, 0x86, 0xC1, 0x68, 0xA8,
    0x81, 0x96, 0xE6, 0xB4, 0x71, 0x76, 0x0C, 0xF2, 0xED, 0x85, 0xDC, 0xEE, 0x11, 0x12, 0xFE, 0x80,
    0x47, 0xEF, 0xD7, 0xE8, 0x69, 0x9D, 0x7B, 0xAA, 0x51, 0x84, 0x37, 0xD7, 0x30, 0xBD, 0x55, 0xE0,
    0x2E, 0x1A, 0x8B, 0xA0, 0x16, 0x2D, 0xE2, 0x7B, 0x08, 0x95, 0x88, 0x1D, 0x43, 0xC5, 0xE2, 0xE1,
    0x62, 0xB7, 0x6D, 0x79, 0xDB, 0xD6, 0x9B, 0x2A, 0x50, 0x79, 0xB8, 0xDC, 0x24, 0xC5, 0x3C, 0xE8,
    0x56, 0x65, 0x6E, 0x91, 0x64, 0x51, 0x2F, 0xC1, 0xF9, 0x85, 0x9E, 0xF3, 0x73, 0xC9, 0xFF, 0x45,
    0xDB, 0xE9, 0x4A, 0xCA, 0x9F, 0xA1, 0x2C, 0x7E, 0x2A, 0xF5, 0x77, 0x30, 0x13, 0x9C, 0x8B, 0xC9,
    0x30, 0xD3, 0x18, 0xB9, 0xCA, 0x27, 0xAE, 0x13, 0x16, 0xB6, 0x75, 0x3A, 0x15, 0x58, 0x7F, 0x55,
    0xDF, 0xBD, 0x5D, 0x87, 0xBD, 0x87, 0x54, 0x5A, 0x77, 0xE5, 0x27, 0x5C, 0x7C, 0x75, 0x4A, 0xBC,
    0x82, 0x62, 0x8B, 0x95, 0x7A, 0xC5, 0xEA, 0xB4, 0x56, 0x76, 0xA1, 0x0C, 0x56, 0xEC, 0xD9, 0x84,
    0x16, 0xF2, 0xA0, 0x6D, 0x6F, 0x9B, 0x31, 0xF8, 0xE2, 0x44, 0xDD, 0xFA, 0x85, 0x2E, 0xE4, 0x5D,
    0xF0, 0xED, 0x35, 0xF8, 0xB7, 0xDE, 0x80, 0x83, 0x9B, 0x26, 0x71, 0x30, 0x7B, 0x47, 0x5F, 0xAF,
    0x7A, 0xFA, 0x7B, 0x39, 0xD2, 0xE1, 0xB9, 0x91, 0x06, 0xA0, 0xEF, 0xA7, 0x2E, 0xA7, 0xF3, 0xAF,
    0x05, 0xF8, 0x96, 0xEB, 0x10, 0x07, 0x46, 0x4F, 0x30, 0xF8, 0xDE, 0x00, 0xFE, 0xAA, 0x4F, 0x68,
    0xFE, 0xD2, 0xD3, 0x05, 0x72, 0xCF, 0xC0, 0xC8, 0xD0, 0x50, 0xBD, 0x34, 0xB7, 0x3F, 0xC6, 0x5C,
    0x74, 0x55, 0xEB, 0xB9, 0x7A, 0xFF, 0xC0, 0xEB, 0x00, 0x33, 0x1C, 0xB3, 0xE5, 0x62, 0x61, 0x43,
    0x0E, 0xCB, 0x98, 0x1C, 0x98, 0xC5, 0xD6, 0x72, 0x02, 0x56, 0x83, 0xE2, 0x46, 0xFB, 0xAE, 0xA6,
    0x23, 0x36, 0x01, 0xD1, 0x13, 0x14, 0x52, 0x62, 0xB6, 0x10, 0x67, 0x60, 0x31, 0xE9, 0x5D, 0x68,
    0xBF, 0x83, 0xAA, 0x98, 0xC5, 0x1A, 0xE5, 0x3F, 0x65, 0x30, 0x94, 0x9C, 0x35, 0xFD, 0x40, 0x46,
    0xC0, 0x14, 0xA6, 0xCB, 0xFF, 0xB3, 0xDA, 0x80, 0x64, 0x44, 0x3A, 0x34, 0x7D, 0xB5, 0xA5, 0xB3,
    0x5A, 0x7A, 0xEB, 0x0A, 0x0B, 0x41, 0xA7, 0xAA, 0xAC, 0x99, 0xD5, 0xC6, 0xC0, 0x9A, 0x91, 0xFB,
    0xB6, 0xE3, 0xFF, 0x37, 0xFB, 0xEF, 0xF4, 0x96, 0xBD, 0xAA, 0xB7, 0xE2, 0x56, 0x6F, 0xE9, 0x89,
    0xDE, 0x48, 0x6B, 0x23, 0x95, 0xED, 0xB5, 0x7A, 0xDB, 0x69, 0x0F, 0x6B, 0x5C, 0xEA, 0xAD, 0x01,
    0x67, 0x70, 0xB2, 0xB6, 0xAB, 0xB0, 0x4E, 0xA7, 0x50, 0x4E, 0xF2, 0xAD, 0x69, 0xB9, 0xE1, 0xC3,
    0x1D, 0x1F, 0xCF, 0xC8, 0xF5, 0x41, 0xA6, 0xED, 0x19, 0x7F, 0x84, 0x7D, 0xEF, 0x15, 0x88, 0x85,
    0xBA, 0x41, 0x4F, 0x68, 0x75, 0x81, 0x56, 0x9F, 0x04, 0x65, 0x42, 0xAB, 0x90, 0xF3, 0x75, 0x5A,
    0xDD, 0x98, 0x89, 0x11, 0x61, 0x58, 0x3E, 0x66, 0xA4, 0x98, 0x73, 0x98, 0xE2, 0xC5, 0x63, 0xC7,
    0xEA, 0x65, 0xA3, 0x3E, 0x2D, 0xB1, 0x95, 0x10, 0x36, 0xC4, 0x8E, 0xA1, 0x13, 0xBF, 0xF0, 0x22,
    0x10, 0xDD, 0xF0, 0x20, 0x1F, 0x99, 0xA0, 0x7B, 0x58, 0x3C, 0x65, 0x79, 0x52, 0x62, 0x65, 0x8C,
    0x67, 0x3C, 0x55, 0xFF, 0xAD, 0xFB, 0xF7, 0xF7, 0xDB, 0x11, 0x58, 0xAF, 0xC0, 0x82, 0xB2, 0x27,
    0xE0, 0x0A, 0xEA, 0x00, 0xE6, 0xAF, 0xEC, 0xEF, 0x4F, 0xA7, 0xFB, 0xFB, 0xD0, 0x8A, 0xF2, 0x50,
    0x93, 0xE1, 0x96, 0x5B, 0xFC, 0xF5, 0xF6, 0x98, 0x01, 0x01, 0x46, 0xC2, 0xDE, 0x4E, 0xCB, 0x95,
    0x99, 0x25, 0x1E, 0x0E, 0x9E, 0xEB, 0xB3, 0x6D, 0x5F, 0x80, 0x10, 0xEF, 0x2B, 0x40, 0x88, 0xF9,
    0x9E, 0xEA, 0x49, 0x71, 0x54, 0xBE, 0xB6, 0x38, 0x3A, 0x29, 0x48, 0xF7, 0x95, 0x50, 0xB2, 0x82,
    0x5C, 0xD8, 0x09, 0x4E, 0x89, 0x20, 0x9E, 0xEF, 0x6A, 0xC7, 0x22, 0x54, 0x8D, 0x63, 0x11, 0x6B,
    0x47, 0xE4, 0xB9, 0x11, 0x08, 0xE2, 0x35, 0xD1, 0x74, 0x61, 0x5B, 0xB9, 0x26, 0xD2, 0xD3, 0x48,
    0xDC, 0x92, 0xF8, 0x35, 0x71, 0x15, 0x03, 0x29, 0xF1, 0x3D, 0x25, 0x66, 0xC7, 0x1D, 0x85, 0x31,
    0xEE, 0x28, 0xC8, 0x71, 0x47, 0x81, 0x7A, 0x93, 0x9D, 0xF7, 0xB2, 0x08, 0x00, 0x5A, 0x8A, 0xB8,
    0x85, 0xFA, 0x1E, 0x98, 0x2D, 0x50, 0x03, 0xF3, 0x1A, 0x8F, 0x11, 0x1D, 0x8A, 0x91, 0x73, 0xE8,
    0xA4, 0xDD, 0x81, 0x90, 0x72, 0xBA, 0x95, 0x6F, 0x06, 0x42, 0x8E, 0x74, 0x01, 0xEF, 0x89, 0xAB,
    0x7B, 0x20, 0xA7, 0x6D, 0x17, 0x66, 0x6B, 0x07, 0x24, 0x23, 0x48, 0xC3, 0xF4, 0x13, 0x62, 0xD4,
    0x2D, 0xA1, 0x52, 0x5A, 0x93, 0xB6, 0x06, 0x64, 0x0D, 0x67, 0x21, 0xF2, 0x69, 0xC7, 0xC0, 0xA9,
    0x07, 0x0B, 0xA6, 0x4B, 0x5F, 0x8E, 0xD0, 0x43, 0x97, 0xFD, 0xF7, 0x24, 0x9B, 0xB6, 0xC5, 0xBF,
    0x4D, 0x89, 0xC3, 0x1C, 0xF1, 0xB3, 0x29, 0x45, 0x5B, 0xBD, 0xAB, 0x6A, 0xD6, 0xD6, 0xA4, 0x9A,
    0xB2, 0xB5, 0x6D, 0x31, 0xA7, 0x68, 0x7B, 0x95, 0xCE, 0x65, 0xAF, 0xAD, 0x4B, 0xE6, 0x4A, 0xDB,
    0x1F, 0xCF, 0xC9, 0x8C, 0x19, 0xFA, 0xDD, 0x29, 0x59, 0xB0, 0x79, 0xFB, 0x17, 0xA3, 0x2C, 0xD7,
    0xDA, 0xBE, 0xD7, 0xCB, 0xB2, 0x6A, 0xFB, 0xD7, 0x9D, 0x38, 0xA7, 0x2D, 0x4A, 0x98, 0x45, 0x5B,
    0x4E, 0x7B, 0xDA, 0xA2, 0xBC, 0x43, 0xEB, 0xE8, 0xC6, 0x5C, 0xE6, 0xDA, 0x9E, 0x6E, 0x0C, 0x67,
    0xA5, 0x1B, 0xB5, 0xD1, 0x9F, 0x2C, 0xCB, 0xFD, 0xC4, 0xA3, 0xF0, 0x44, 0xB8, 0xE2, 0xC4, 0x03,
    0x58, 0x0F, 0x30, 0xFF, 0xE0, 0x11, 0x58, 0xC0, 0x53, 0x0F, 0xDF, 0xA1, 0x9A, 0xEA, 0x8F, 0x66,
    0x34, 0x15, 0x6A, 0x0C, 0xE1, 0xE4, 0xC1, 0xC0, 0x01, 0x62, 0x4F, 0x73, 0xB7, 0x71, 0x00, 0x9E,
    0x98, 0x9B, 0xE9, 0x90, 0x9E, 0x7A, 0x4C, 0x1D, 0xDD, 0xB6, 0x98, 0xE9, 0xCF, 0x15, 0xBC, 0x0C,
    0x91, 0x4B, 0xAF, 0xF7, 0xE4, 0x21, 0x5D, 0xE9, 0xA4, 0x39, 0xD3, 0x08, 0xF9, 0xB6, 0xE8, 0x41,
    0x13, 0xB0, 0xAE, 0xA5, 0xBF, 0x6D, 0x61, 0xC5, 0x42, 0x4F, 0x98, 0xD1, 0xAB, 0x1C, 0xB9, 0xEA,
    0xEC, 0xE1, 0x66, 0x16, 0x74, 0x30, 0x48, 0xE2, 0x18, 0x5A, 0x2B, 0xA9, 0x58, 0xCE, 0x45, 0x6D,
    0x30, 0xA7, 0xA7, 0x28, 0x0E, 0x58, 0x2E, 0xC4, 0x89, 0x38, 0xFE, 0xFA, 0x89, 0x1E, 0x1B, 0x32,
    0x2B, 0xD1, 0x61, 0x5B, 0xE6, 0x9D, 0xDD, 0xB0, 0xA6, 0x07, 0x52, 0x0F, 0x28, 0xDF, 0x20, 0x1D,
    0xB0, 0xDA, 0xDF, 0x04, 0x84, 0x9B, 0x45, 0xB8, 0x39, 0xDE, 0xB9, 0x49, 0xE5, 0x42, 0xDA, 0xE3,
    0xCD, 0x76, 0x77, 0xD3, 0xFD, 0xEF, 0xCD, 0x5A, 0xD7, 0x2D, 0x07, 0x2E, 0x88, 0xD4, 0x80, 0x60,
    0x0A, 0xBC, 0xCD, 0x7A, 0xAA, 0x96, 0x3E, 0x7E, 0x74, 0xFA, 0xEA, 0x4A, 0x5E, 0x7D, 0x91, 0x14,
    0x77, 0xFB, 0xDD, 0x9D, 0xDD, 0xFE, 0x39, 0x9C, 0xF9, 0xDD, 0xDD, 0x7E, 0x78, 0x59, 0xDC, 0xE9,
    0xC7, 0xF9, 0x71, 0xA3, 0xB4, 0x07, 0x3D, 0xFB, 0x57, 0xDE, 0x63, 0xD5, 0x0D, 0xFB, 0xB0, 0x6F,
    0x31, 0x84, 0x31, 0x32, 0x44, 0x25, 0x1C, 0x6E, 0x09, 0xF4, 0xF8, 0x46, 0xE5, 0x72, 0xF7, 0xE2,
    0xAB, 0xEA, 0xF8, 0x00, 0x89, 0xE4, 0x63, 0x78, 0x20, 0xDB, 0x3F, 0xB0, 0x92, 0x69, 0x3E, 0xC0,
    0xF3, 0x1B, 0x42, 0x39, 0x2B, 0x3D, 0xDF, 0x78, 0x67, 0xCF, 0xE1, 0xFE, 0x7D, 0x44, 0x77, 0x2A,
    0xBC, 0x8D, 0x6F, 0xD1, 0x4E, 0x84, 0x3F, 0x79, 0xCD, 0x41, 0xE1, 0x47, 0x0E, 0x7D, 0xF6, 0x4E,
    0x90, 0xB3, 0x65, 0x14, 0x24, 0x3F, 0x39, 0xEE, 0x00, 0x83, 0xB5, 0x0A, 0x60, 0x9E, 0x62, 0xE0,
    0x73, 0x8C, 0x68, 0x30, 0x4C, 0xDD, 0xA8, 0x1C, 0x55, 0xA7, 0x42, 0x95, 0x2C, 0x14, 0xF5, 0x59,
    0xC9, 0x07, 0x25, 0x97, 0x8D, 0x78, 0x79, 0x8F, 0x94, 0x90, 0x4E, 0xD8, 0xD6, 0x98, 0xEB, 0x8E,
    0xCF, 0x28, 0x9C, 0x85, 0x6A, 0xB8, 0xD7, 0xB3, 0x33, 0xFA, 0x10, 0xDE, 0xD8, 0xE6, 0x43, 0x36,
    0xE2, 0x25, 0x2B, 0xF6, 0xF5, 0xBE, 0x98, 0x13, 0xFF, 0xC1, 0x36, 0xAB, 0x4F, 0x99, 0x09, 0x65,
    0xE9, 0x54, 0xF7, 0xCC, 0xA3, 0x71, 0x97, 0xFB, 0x1A, 0x3A, 0x5C, 0x6F, 0xA1, 0x02, 0xD4, 0x9D,
    0x82, 0xE9, 0xAE, 0xA1, 0x03, 0x4C, 0xE9, 0x48, 0x57, 0x5E, 0xEA, 0x1B, 0xDB, 0x4A, 0xE1, 0xDD,
    0xA5, 0x24, 0xF6, 0xD9, 0x25, 0x95, 0x4F, 0x65, 0xED, 0xD7, 0x39, 0x84, 0x16, 0x70, 0x0D, 0xB8,
    0x02, 0xAC, 0x00, 0xF7, 0x10, 0x75, 0xAA, 0x72, 0x99, 0xF8, 0x9B, 0x8B, 0x29, 0xF5, 0x5D, 0xB6,
    0x64, 0xB8, 0x02, 0x7D, 0x38, 0xA8, 0x6E, 0xCD, 0x09, 0xA3, 0x02, 0xB4, 0xE7, 0x20, 0xA4, 0x2B,
    0x7B, 0x64, 0x65, 0x04, 0x6D, 0x85, 0x8D, 0xFA, 0x5A, 0xB9, 0x1F, 0x6A, 0x2C, 0x8C, 0x4D, 0xFB,
    0xE1, 0x26, 0xA6, 0x56, 0xB7, 0xBD, 0xD4, 0xB1, 0x30, 0x4F, 0x8C, 0xAC, 0xF2, 0x24, 0xF1, 0x9F,
    0xF9, 0x2E, 0x77, 0x98, 0x8E, 0x26, 0x79, 0x70, 0xDC, 0x61, 0xDF, 0x33, 0xB5, 0x9E, 0x02, 0x9D,
    0x1A, 0x46, 0xFE, 0x33, 0x15, 0x15, 0xD3, 0x88, 0xF2, 0x88, 0x39, 0x1B, 0xF3, 0x0B, 0x0C, 0x86,
    0x41, 0x76, 0xD8, 0x12, 0xF7, 0x6F, 0x26, 0xD7, 0x93, 0x37, 0x93, 0x8A, 0x0F, 0xFC, 0xB7, 0x51,
    0x19, 0xF9, 0xFF, 0x9A, 0x45, 0x2D, 0xF0, 0x72, 0x16, 0x9A, 0x40, 0x68, 0x03, 0xA1, 0x11, 0x94,
    0x35, 0x20, 0xCD, 0x20, 0xB4, 0x83, 0x5C, 0x11, 0x61, 0x09, 0x20, 0xF4, 0x4B, 0x5B, 0x08, 0x8D,
    0x21, 0xB4, 0x46, 0x30, 0x47, 0xB0, 0x47, 0x30, 0x48, 0xB0, 0x08, 0xD4, 0x30, 0x40, 0x0D, 0x0E,
    0xF4, 0x3C, 0xC8, 0xD5, 0x1D, 0x2A, 0xFB, 0x1E, 0x33, 0x60, 0x8F, 0x15, 0xDC, 0xD0, 0x8A, 0x02,
    0xB7, 0xE9, 0x08, 0xDB, 0x41, 0x9D, 0xE7, 0xA8, 0x06, 0x10, 0xA1, 0x74, 0xDF, 0x54, 0x12, 0x09,
    0xD5, 0xC0, 0xE5, 0x3A, 0x26, 0xF0, 0x1B, 0x6A, 0x68, 0xD4, 0x9F, 0x8B, 0x94, 0x37, 0x7F, 0x1F,
    0x22, 0x84, 0x5A, 0x88, 0x91, 0xC1, 0x7A, 0x10, 0x7B, 0x55, 0xBF, 0xBB, 0x1E, 0x98, 0x12, 0xD2,
    0x39, 0x46, 0x06, 0xCF, 0xFD, 0x0B, 0xF2, 0x7D, 0x5A, 0xA0, 0x23, 0xD5, 0xBB, 0x80, 0x0B, 0x4A,
    0xBE, 0x98, 0x4B, 0x56, 0x85, 0x55, 0x03, 0x3E, 0x3E, 0x57, 0x16, 0x28, 0x35, 0x4C, 0xCC, 0xB8,
    0xDB, 0x74, 0x6C, 0x20, 0xFD, 0x86, 0xE3, 0x3A, 0x15, 0x0D, 0x48, 0xD7, 0x01, 0xA6, 0x0B, 0x90,
    0x4B, 0x35, 0xE1, 0xBB, 0x07, 0xBE, 0xD7, 0xA0, 0x11, 0x52, 0xFF, 0x57, 0x2F, 0x31, 0xC5, 0xF9,
    0x7F, 0x55, 0x7C, 0xB8, 0x9D, 0xBE, 0xA1, 0x3E, 0x26, 0xF0, 0xDF, 0x24, 0x35, 0xF3, 0xE9, 0xC5,
    0xAC, 0x48, 0x5D, 0x3C, 0xB0, 0x54, 0xC6, 0xD7, 0x9A, 0xAF, 0xE2, 0xFF, 0xC5, 0xA6, 0x60, 0xFD,
    0x90, 0x6C, 0x1B, 0xFC, 0xBF, 0x57, 0xFF, 0xF7, 0xF0, 0x7F, 0x07, 0xFF, 0x9F, 0x15, 0xF2, 0x09,
    0x80, 0x7D, 0xCB, 0x42, 0x61, 0x01, 0xFB, 0x33, 0x5D, 0x1F, 0x30, 0x55, 0x00, 0x25, 0x96, 0x4F,
    0xB5, 0x9A, 0x91, 0xD1, 0x3B, 0x18, 0xF0, 0xDA, 0x02, 0x40, 0xD7, 0x37, 0x38, 0x48, 0x91, 0x1F,
    0xE8, 0xE0, 0x95, 0x7F, 0xF8, 0xD1, 0x63, 0x84, 0x9E, 0xB8, 0xE1, 0x11, 0xF7, 0x3C, 0x3A, 0x24,
    0x5E, 0xEE, 0xA3, 0xE0, 0x68, 0xC9, 0x77, 0xB0, 0x5C, 0xE1, 0x38, 0xD5, 0xE0, 0xA1, 0xFD, 0x27,
    0xE4, 0xDB, 0x5D, 0xAA, 0xAC, 0x9B, 0x57, 0x2D, 0xD7, 0xEE, 0x52, 0xA5, 0x0B, 0x67, 0x82, 0x93,
    0x7B, 0xF8, 0x77, 0x1C, 0x62, 0xF7, 0x26, 0xB8, 0xC5, 0xCE, 0x61, 0x08, 0xB7, 0xB3, 0xE6, 0x2B,
    0x6B, 0x17, 0xBE, 0xEE, 0xF0, 0xF2, 0x0B, 0xEF, 0x8B, 0xD3, 0x85, 0x6B, 0x8B, 0x12, 0x62, 0xEB,
    0xB0, 0xD9, 0x17, 0x1B, 0xB6, 0x3E, 0x9C, 0x82, 0x5F, 0xB9, 0xD9, 0xAF, 0x54, 0x1D, 0x34, 0xC8,
    0x4C, 0x88, 0x8A, 0x95, 0x25, 0x6C, 0xDD, 0xA1, 0xE0, 0x6A, 0xB2, 0x85, 0x2B, 0x16, 0x10, 0xDB,
    0x40, 0xAC, 0xDD, 0x69, 0xE6, 0xEA, 0xFE, 0x7F, 0xA7, 0x9A, 0xA0, 0xDA, 0x62, 0xB8, 0xAB, 0x5D,
    0x13, 0xB5, 0xDB, 0x86, 0xE3, 0x2F, 0xC5, 0x70, 0x9D, 0x9A, 0x2C, 0x0F, 0x6F, 0xA4, 0xD6, 0x76,
    0xB6, 0xFE, 0x47, 0xCA, 0x51, 0xFA, 0xCB, 0x1B, 0xFB, 0x11, 0xDE, 0x93, 0x79, 0xEE, 0x12, 0x0C,
    0xD9, 0x0A, 0x03, 0x94, 0x63, 0xB6, 0xD0, 0x73, 0xC7, 0x48, 0x22, 0xD2, 0x89, 0xC4, 0x22, 0xC5,
    0x48, 0x36, 0xD2, 0x06, 0x74, 0xCA, 0x40, 0xB4, 0xF1, 0x2D, 0x2B, 0xD1, 0xD4, 0x47, 0x7B, 0x13,
    0xE4, 0x92, 0x00, 0x11, 0x93, 0xA5, 0xD8, 0x14, 0xD4, 0x51, 0x95, 0x23, 0x3A, 0x6A, 0x3E, 0x67,
    0x9B, 0x40, 0xA5, 0x80, 0x59, 0x21, 0x9F, 0x14, 0x94, 0x7E, 0x3A, 0x17, 0x03, 0xD4, 0xAC, 0x30,
    0x29, 0xB9, 0x1C, 0x3E, 0x4A, 0x28, 0xC6, 0x1A, 0x5B, 0x46, 0xD0, 0x70, 0x6F, 0x84, 0xA0, 0x1C,
    0xB5, 0x0C, 0xF4, 0x14, 0x6F, 0x81, 0xB8, 0xB3, 0xE5, 0x55, 0x5A, 0x95, 0xB2, 0x1C, 0x69, 0x27,
    0x16, 0xEE, 0xA6, 0xE3, 0xBF, 0x27, 0x80, 0x3E, 0x9C, 0xE5, 0x1A, 0xB0, 0xC2, 0x65, 0x00, 0x93,
    0x42, 0x31, 0xA1, 0xC6, 0x1D, 0x60, 0x92, 0xDE, 0xF4, 0x58, 0xB9, 0xDE, 0x5C, 0xA8, 0xA9, 0x3D,
    0xDF, 0xFE, 0x21, 0x28, 0xCF, 0x1F, 0x20, 0x67, 0x5F, 0xD6, 0x7E, 0x52, 0xDC, 0x1E, 0x3B, 0xA6,
    0x2C, 0x10, 0xE3, 0x76, 0xC5, 0x46, 0xA1, 0x1D, 0x97, 0xA4, 0xC4, 0x74, 0x39, 0x22, 0x1D, 0xB3,
    0xA5, 0x5B, 0x5E, 0x13, 0x57, 0x28, 0x9E, 0xAF, 0xAF, 0xF1, 0xA5, 0x5C, 0xB1, 0xE0, 0x2B, 0x3F,
    0xC7, 0xC6, 0x5C, 0xF9, 0x91, 0xDF, 0x20, 0x91, 0x1D, 0x21, 0xD2, 0xDD, 0xD7, 0xE1, 0xA7, 0x13,
    0xC5, 0xF5, 0x6E, 0xA2, 0xF8, 0x01, 0x11, 0x53, 0xB3, 0xC3, 0xD4, 0xBC, 0xEC, 0xA7, 0x66, 0x3A,
    0xA4, 0x02, 0x12, 0xF5, 0x6E, 0x6A, 0x26, 0x9C, 0x4E, 0xCD, 0x6D, 0xD3, 0x86, 0xA9, 0x39, 0xF7,
    0xF8, 0x97, 0x10, 0x0B, 0xEF, 0xBE, 0x86, 0xBC, 0xEB, 0xC9, 0xBB, 0x7C, 0x38, 0x6B, 0xDC, 0x7C,
    0x9B, 0x01, 0x53, 0x04, 0xFC, 0x97, 0x0E, 0x36, 0x16, 0x5C, 0x3B, 0x25, 0x37, 0xDB, 0xA3, 0xE4,
    0xE5, 0xC8, 0xAD, 0x9D, 0x0C, 0x0A, 0x77, 0xBB, 0x82, 0x6E, 0x8C, 0x99, 0xFB, 0xF5, 0xF1, 0xCF,
    0xF7, 0xD1, 0xD6, 0x8F, 0xE9, 0xF6, 0x21, 0x7C, 0x65, 0x8A, 0x85, 0x60, 0x8E, 0xC0, 0xF7, 0x0D,
    0xC3, 0x3B, 0xD4, 0xFD, 0x16, 0x23, 0x70, 0xD4, 0x38, 0xB2, 0x6E, 0xAE, 0xF5, 0xF6, 0x33, 0xDF,
    0x60, 0xE7, 0x21, 0xC5, 0xAE, 0xCD, 0x83, 0xD3, 0xC4, 0x02, 0x1F, 0x45, 0x0E, 0xD6, 0xB3, 0x3B,
    0x5B, 0x0F, 0x31, 0xB9, 0xEC, 0x0B, 0x50, 0xC8, 0x75, 0x2F, 0xCF, 0x25, 0xAE, 0xDD, 0x7C, 0x5F,
    0x79, 0x99, 0xA0, 0x29, 0xF4, 0x4D, 0xDC, 0xCE, 0x9F, 0xC7, 0xBD, 0x3F, 0x03, 0x4E, 0xFD, 0x99,
    0xA0, 0xBC, 0x03, 0x4C, 0xC7, 0xCD, 0x58, 0xF5, 0x26, 0xDF, 0x98, 0xBE, 0xF0, 0x52, 0x7F, 0x69,
    0x8D, 0x94, 0xDE, 0x19, 0x48, 0x60, 0x38, 0x7F, 0xF7, 0x57, 0x90, 0xE2, 0x92, 0x8B, 0x5F, 0xAE,
    0x7A, 0xC1, 0xAC, 0x01, 0xE5, 0xBA, 0xC1, 0x66, 0x61, 0x87, 0x88, 0xED, 0x40, 0x80, 0xB1, 0x82,
    0xEE, 0x45, 0x8F, 0x5C, 0xF5, 0x73, 0xC8, 0xF2, 0x1F, 0x93, 0xC2, 0xE7, 0x83, 0x42, 0xA8, 0x72,
    0x60, 0xCB, 0x2D, 0x9A, 0x96, 0xB3, 0x5E, 0x2B, 0x88, 0x21, 0xF5, 0x31, 0x3A, 0xA8, 0x53, 0x37,
    0x33, 0x53, 0x82, 0xE6, 0x29, 0xD6, 0x91, 0xD7, 0xB2, 0x4C, 0x4A, 0xEA, 0x32, 0x99, 0x20, 0xDC,
    0x65, 0x36, 0x62, 0x36, 0xB9, 0xCC, 0xFB, 0x45, 0xFD, 0xF6, 0xBC, 0xEC, 0xFF, 0x51, 0xC5, 0x39,
    0xAF, 0x9A, 0xE7, 0x4A, 0xF9, 0xBC, 0x96, 0x1F, 0x5E, 0x69, 0xF3, 0xA6, 0xFC, 0x10, 0xA1, 0xF1,
    0x5C, 0xDE, 0x44, 0x54, 0xCC, 0x98, 0x2B, 0x71, 0xA2, 0xC1, 0xDB, 0xB2, 0x21, 0xEC, 0x0D, 0xD3,
    0xF6, 0x38, 0x68, 0x9A, 0x4D, 0xBF, 0xF1, 0xDF, 0x05, 0xB8, 0xEA, 0x66, 0x1A, 0xD0, 0x81, 0x19,
    0xB6, 0xC9, 0x97, 0xF0, 0x3A, 0xA8, 0x5B, 0xDA, 0x63, 0x2D, 0xE6, 0x7B, 0x08, 0xA4, 0x43, 0xE9,
    0xE2, 0x57, 0xB0, 0x96, 0xD5, 0x9B, 0x61, 0x93, 0x9E, 0x3B, 0x6D, 0x6D, 0xA8, 0x8C, 0x4C, 0x0F,
    0x52, 0x54, 0xBD, 0x54, 0xFC, 0xCE, 0x89, 0x0E, 0x78, 0x4D, 0xB3, 0x3A, 0x18, 0x38, 0xE5, 0x14,
    0x15, 0x66, 0x94, 0x62, 0x04, 0xC2, 0xD0, 0xE9, 0x04, 0xB7, 0x4C, 0x66, 0x3A, 0xE5, 0x72, 0x05,
    0x74, 0x0E, 0xB8, 0xCD, 0xBB, 0x55, 0xFC, 0x7E, 0xD5, 0xB6, 0x2B, 0xE9, 0x1C, 0x00, 0xAE, 0x84,
    0xF1, 0x8F, 0xCB, 0xBB, 0xEF, 0x79, 0x3E, 0xB9, 0x7B, 0x49, 0x2F, 0x7C, 0x81, 0x41, 0x38, 0x1C,
    0x2E, 0x86, 0x28, 0xDD, 0x76, 0x2C, 0xF3, 0xC7, 0xF8, 0xAC, 0x8D, 0x81, 0x98, 0x83, 0x70, 0x75,
    0xDA, 0xB5, 0x64, 0xD7, 0x8F, 0x0F, 0x07, 0xAC, 0xC8, 0x36, 0x6C, 0x0E, 0xAD, 0x24, 0xC3, 0xA8,
    0x29, 0x5F, 0xC0, 0xDF, 0x7E, 0xF5, 0x2C, 0x7B, 0xB5, 0x9F, 0x65, 0xB9, 0x50, 0xA7, 0x8D, 0xDA,
    0xEE, 0x36, 0xBC, 0x76, 0x65, 0x57, 0xB1, 0x2F, 0xBB, 0xF6, 0x01, 0x8C, 0x13, 0xBF, 0x31, 0x4D,
    0x82, 0xEC, 0x5B, 0xC2, 0x4E, 0x95, 0x1E, 0xAF, 0x96, 0x07, 0x97, 0x71, 0x12, 0x74, 0x3C, 0xC2,
    0x24, 0x38, 0x9F, 0x94, 0x18, 0x71, 0x06, 0x8C, 0x73, 0x10, 0xC7, 0x90, 0xE3, 0x54, 0x43, 0x9E,
    0xCB, 0x59, 0x4F, 0x25, 0xF8, 0x86, 0xA7, 0x2E, 0xEE, 0x15, 0x6E, 0x5F, 0x46, 0xF0, 0x3B, 0x77,
    0xC5, 0xF1, 0x4E, 0xF2, 0xF4, 0x9F, 0x2E, 0x4F, 0x85, 0x0B, 0xC3, 0x5A, 0x2E, 0xE5, 0xE9, 0xC2,
    0x67, 0xB4, 0xBB, 0x72, 0xA4, 0x8A, 0x45, 0x18, 0x96, 0xBF, 0xF0, 0x4A, 0xA5, 0xEA, 0xCC, 0x67,
    0x98, 0xF0, 0x73, 0xB5, 0xE4, 0x39, 0xD5, 0xFE, 0x3F, 0xD5, 0x9A, 0x01, 0xA4, 0x25, 0x57, 0x9A,
    0xC7, 0xFF, 0x55, 0x47, 0x77, 0x65, 0xA7, 0xC8, 0x09, 0x26, 0x56, 0x36, 0xD3, 0x29, 0x80, 0x99,
    0x91, 0xA4, 0x20, 0x68, 0xA4, 0xDF, 0x39, 0x23, 0x58, 0x0C, 0xA6, 0xD1, 0x77, 0xC2, 0x06, 0x59,
    0x04, 0xC3, 0xE0, 0x05, 0x8D, 0xA0, 0x3B, 0x55, 0x33, 0x03, 0x58, 0xA4, 0x21, 0x81, 0xC1, 0x0E,
    0x16, 0x58, 0x64, 0x11, 0x84, 0x7D, 0x7D, 0xEB, 0xEC, 0x0C, 0x16, 0x8B, 0xAD, 0xB1, 0x62, 0xB1,
    0x48, 0xAD, 0x49, 0xEF, 0x62, 0xB1, 0x27, 0xB6, 0x46, 0xEA, 0x25, 0x55, 0xF5, 0x6D, 0xFD, 0xBF,
    0x5B, 0xEF, 0x55, 0x5E, 0xBC, 0xDD, 0x5D, 0x86, 0xC7, 0x3B, 0xEE, 0xFD, 0x55, 0xF5, 0xBD, 0x75,
    0xBF, 0xEF, 0xFF, 0x7D, 0xE7, 0x9C, 0xEF, 0xD4, 0xA9, 0x7E, 0x28, 0x6A, 0x54, 0x2D, 0xA4, 0x45,
    0x13, 0x70, 0x84, 0xB5, 0x7D, 0x1B, 0x18, 0xD7, 0x57, 0x32, 0x20, 0x1D, 0x60, 0x7A, 0x98, 0xC8,
    0x57, 0x16, 0x91, 0x47, 0xD8, 0x0E, 0xB6, 0xE5, 0xAB, 0x08, 0x28, 0x03, 0xDC, 0xF2, 0xAA, 0x51,
    0xD5, 0xF8, 0x3E, 0x00, 0xE4, 0x35, 0x00, 0xAB, 0xF0, 0x00, 0x8E, 0x1F, 0x01, 0xB9, 0x4C, 0x40,
    0x25, 0x52, 0x27, 0x52, 0x1F, 0xB7, 0x66, 0x44, 0x16, 0x6C, 0x44, 0x82, 0xA2, 0x05, 0x50, 0xF2,
    0x52, 0xE7, 0x09, 0x00, 0xA8, 0xCE, 0xF1, 0xEE, 0x85, 0x7F, 0xF2, 0x92, 0x57, 0x50, 0xB6, 0xC9,
    0x08, 0x3B, 0x1F, 0x0F, 0x30, 0x22, 0x2D, 0x50, 0x4D, 0xE7, 0x1E, 0xFD, 0x19, 0xBE, 0x05, 0x6D,
    0xCD, 0x67, 0xA0, 0x67, 0xA1, 0x8B, 0x27, 0x0D, 0x3F, 0xF0, 0x4F, 0x01, 0xE0, 0x0F, 0x90, 0x8E,
    0xA4, 0xE9, 0x95, 0xF1, 0x7F, 0x61, 0x22, 0x34, 0x90, 0x2A, 0x93, 0x37, 0x7E, 0xBF, 0x3B, 0xFF,
    0x36, 0x3B, 0xB0, 0x23, 0x6D, 0x4B, 0x16, 0xE1, 0xA0, 0x92, 0x14, 0xC2, 0x8C, 0x64, 0x79, 0xBA,
    0xDB, 0x69, 0xF0, 0xE2, 0xD1, 0xA8, 0x9D, 0xB5, 0xDD, 0xCF, 0xE5, 0xD1, 0xED, 0x64, 0x16, 0x99,
    0x66, 0xC8, 0xFC, 0x86, 0x8C, 0xEC, 0x88, 0xAA, 0x43, 0x03, 0xD8, 0x2E, 0x19, 0xE9, 0x82, 0x02,
    0x4D, 0xA4, 0x2B, 0xD3, 0xE7, 0x2D, 0x69, 0x03, 0x3F, 0x39, 0x90, 0x0E, 0x33, 0x65, 0xDE, 0xDA,
    0x40, 0x01, 0x14, 0xE2, 0xEA, 0x3C, 0x52, 0x40, 0x3E, 0x21, 0x9B, 0x50, 0xCA, 0x93, 0x46, 0x50,
    0x35, 0x22, 0x4D, 0xFD, 0xE2, 0x4D, 0xF9, 0xEC, 0x16, 0x0E, 0xCD, 0x0C, 0x40, 0x36, 0x50, 0xA1,
    0x8D, 0xC9, 0x04, 0xF6, 0xE2, 0x0C, 0x54, 0x9E, 0xDE, 0x79, 0xA2, 0x19, 0x72, 0x75, 0xD6, 0xF3,
    0x2B, 0xDB, 0xD1, 0x78, 0x19, 0x28, 0xAC, 0x62, 0x52, 0xE3, 0x4C, 0x13, 0xFF, 0x35, 0x92, 0x12,
    0x01, 0x2B, 0x22, 0xA3, 0x72, 0xC0, 0x8D, 0x9D, 0xEC, 0xEE, 0x42, 0xAD, 0xAC, 0xD9, 0x76, 0x22,
    0x12, 0x95, 0x1D, 0x9E, 0x7D, 0x7D, 0xDA, 0xF9, 0x83, 0xFB, 0x73, 0xF6, 0x5B, 0x3E, 0x0F, 0xB4,
    0x81, 0xC9, 0x2C, 0x6A, 0x94, 0x9E, 0xF9, 0x74, 0x80, 0xD3, 0xD1, 0xB0, 0x07, 0x1E, 0x9F, 0x0D,
    0x4B, 0x1D, 0x99, 0x5B, 0xE3, 0x4F, 0xD9, 0x1B, 0x39, 0x87, 0x25, 0x0D, 0xD8, 0x83, 0x01, 0xDA,
    0x58, 0x0D, 0x54, 0xB4, 0x41, 0x03, 0x40, 0x39, 0x7B, 0xF6, 0x69, 0x0F, 0x3B, 0xFF, 0x74, 0x82,
    0x6B, 0xB1, 0xE7, 0xB7, 0xDF, 0x65, 0xF0, 0xAB, 0xF0, 0x86, 0xA8, 0x5A, 0xAA, 0x67, 0x08, 0x8D,
    0xB4, 0x48, 0xC6, 0x66, 0x60, 0x3F, 0x88, 0x37, 0x11, 0x4D, 0x6B, 0x7A, 0xD8, 0x68, 0x66, 0x0E,
    0x07, 0x69, 0x17, 0xB8, 0x69, 0x41, 0x26, 0xFF, 0xD2, 0xB1, 0xB3, 0xD9, 0x27, 0xA2, 0x76, 0x74,
    0x70, 0x07, 0xFA, 0x3C, 0xE0, 0x25, 0xA6, 0xB5, 0xF1, 0x10, 0xB8, 0xD3, 0xE3, 0x09, 0x39, 0x53,
    0x83, 0xE3, 0xD9, 0xE3, 0x08, 0x0F, 0x1A, 0xCC, 0x92, 0x4C, 0x0F, 0xC1, 0xC0, 0x8E, 0xA5, 0xD6,
    0x41, 0x25, 0x42, 0xFF, 0x90, 0xD3, 0x3F, 0xE3, 0x07, 0xD9, 0x29, 0x50, 0x74, 0x07, 0x63, 0xE9,
    0xC0, 0x80, 0x92, 0xBB, 0x4C, 0xC8, 0xC0, 0x89, 0x70, 0x04, 0xD3, 0xA5, 0x22, 0xBE, 0x40, 0x16,
    0xF2, 0x3E, 0xAF, 0xAD, 0xB7, 0xBE, 0xA8, 0x13, 0x2C, 0x47, 0x38, 0x9D, 0x26, 0x2F, 0xE3, 0x8E,
    0x1E, 0x5F, 0xC2, 0x09, 0x8F, 0xFE, 0x55, 0x7C, 0xCC, 0x74, 0x2F, 0xC7, 0x81, 0x47, 0x6C, 0x47,
    0x7E, 0xFF, 0xF2, 0x72, 0x7C, 0x88, 0x67, 0x70, 0x07, 0x77, 0xE0, 0x7E, 0x70, 0x82, 0x13, 0x94,
    0x28, 0x24, 0x26, 0x3D, 0x0A, 0x9F, 0x49, 0x6D, 0x3A, 0x26, 0xF9, 0x1E, 0xA1, 0x5D, 0xD8, 0x00,
    0xC9, 0x0C, 0xE4, 0x23, 0x33, 0xB7, 0xC8, 0xED, 0x00, 0x86, 0x37, 0x03, 0x1A, 0xCE, 0x23, 0x4D,
    0x7C, 0x87, 0x44, 0x26, 0x98, 0x27, 0x15, 0x12, 0x94, 0x40, 0x72, 0xCC, 0x7E, 0x80, 0x95, 0x19,
    0x65, 0x7D, 0x07, 0x47, 0xEA, 0xEB, 0x04, 0x47, 0xE9, 0x88, 0x52, 0x4E, 0x90, 0x4F, 0xEF, 0x9C,
    0x0D, 0xD7, 0x3C, 0x22, 0xEF, 0xCA, 0x80, 0xB2, 0x6E, 0x80, 0x26, 0x1D, 0x91, 0x8E, 0x5A, 0x8B,
    0xB4, 0x02, 0x55, 0x40, 0x85, 0x89, 0x99, 0x15, 0x8E, 0x54, 0xE7, 0x91, 0xC7, 0x92, 0xB2, 0x6C,
    0x87, 0x84, 0xD7, 0x61, 0xE6, 0x78, 0xE6, 0x35, 0x3B, 0x36, 0x9D, 0x88, 0x02, 0x51, 0xB2, 0x55,
    0xCA, 0xBD, 0xF2, 0xB1, 0x72, 0x52, 0x8E, 0x1B, 0x39, 0xDC, 0x34, 0xE9, 0xCF, 0xEE, 0xEE, 0x35,
    0x32, 0x70, 0xF4, 0xE4, 0xE2, 0x39, 0x34, 0x22, 0xE3, 0x5F, 0xC4, 0xBE, 0x37, 0xBD, 0x80, 0x17,
    0x6E, 0xD9, 0x25, 0x7D, 0xDF, 0xC9, 0x33, 0xDC, 0x7E, 0xF1, 0x85, 0xCC, 0xDF, 0x77, 0x63, 0x86,
    0xB7, 0x6F, 0x77, 0x39, 0xDE, 0x7E, 0xE5, 0x6F, 0x9E, 0xC6, 0xFD, 0xFB, 0xF7, 0x6F, 0xE1, 0xF6,
    0xDB, 0xB7, 0x6F, 0xE3, 0x16, 0x10, 0x91, 0xD7, 0xCF, 0xD7, 0x48, 0x9A, 0x01, 0xDA, 0x16, 0xC3,
    0x3B, 0x5F, 0x89, 0x84, 0x66, 0x79, 0xA7, 0x33, 0xAC, 0xB4, 0xEE, 0x97, 0xF1, 0x41, 0x12, 0x3F,
    0x42, 0x8C, 0x88, 0xBD, 0xE9, 0xF6, 0xC7, 0xC1, 0x89, 0xCF, 0x87, 0x6F, 0x6A, 0xEA, 0x37, 0x9A,
    0xB8, 0x91, 0xC5, 0x29, 0x63, 0x88, 0x5D, 0x4E, 0xB6, 0x37, 0x76, 0x6F, 0x3E, 0xE1, 0xE4, 0x63,
    0xAD, 0x38, 0x63, 0x51, 0x6F, 0x2C, 0x3D, 0xE9, 0x08, 0x56, 0xF2, 0x4D, 0xD5, 0xEE, 0x1E, 0x9C,
    0xCE, 0xF0, 0x4A, 0x89, 0xE7, 0x67, 0x86, 0x1D, 0xCC, 0xE9, 0x9B, 0x31, 0x0D, 0x5A, 0x9D, 0xD6,
    0x77, 0xDE, 0x1D, 0xEC, 0x3A, 0xAF, 0xC9, 0x64, 0xCE, 0xF3, 0x78, 0x18, 0xAD, 0x33, 0xEB, 0x0D,
    0x2B, 0xF1, 0x4E, 0x17, 0x02, 0xBE, 0x91, 0xAB, 0x9D, 0x96, 0x76, 0x92, 0xFA, 0xEB, 0x36, 0x8E,
    0x6B, 0x14, 0x2C, 0x4A, 0x13, 0x70, 0xA3, 0xF1, 0x87, 0xD2, 0x6A, 0xCF, 0xDF, 0x2F, 0xC2, 0xD5,
    0xD5, 0xFB, 0x82, 0x52, 0x46, 0xA4, 0x1C, 0x57, 0xDF, 0xC3, 0x68, 0x62, 0xDE, 0x16, 0xFE, 0x08,
    0x70, 0x7A, 0x75, 0xA5, 0xCB, 0xCA, 0x5E, 0x63, 0x7A, 0xAC, 0x7A, 0x26, 0xFD, 0x8A, 0x83, 0x60,
    0x65, 0xB2, 0x70, 0xAF, 0x93, 0x68, 0x42, 0xDA, 0x93, 0xF4, 0x3E, 0x92, 0x89, 0x92, 0xCB, 0x54,
    0xA4, 0xE8, 0xBC, 0x47, 0xD1, 0xC3, 0x8E, 0xA8, 0x16, 0xCA, 0x5F, 0x7F, 0x11, 0x17, 0xCA, 0x3F,
    0x45, 0x14, 0x7F, 0x3F, 0x9B, 0x78, 0x31, 0x77, 0x07, 0x42, 0x79, 0xF9, 0xC0, 0xD2, 0xB9, 0xD0,
    0xA1, 0x10, 0x2E, 0xB9, 0xF2, 0xF3, 0x60, 0x44, 0x7E, 0x11, 0x72, 0x91, 0xD7, 0x82, 0x15, 0x31,
    0x75, 0x29, 0x92, 0xD5, 0x6E, 0x81, 0x77, 0x32, 0xE7, 0x70, 0x32, 0xD9, 0x33, 0x8C, 0x4F, 0x33,
    0xE2, 0x5B, 0xB0, 0x32, 0xBC, 0x04, 0x23, 0xC3, 0x8B, 0x40, 0xD3, 0xBF, 0x0A, 0x24, 0x71, 0x01,
    0xE2, 0x3B, 0xC4, 0x7D, 0x00, 0xDD, 0x47, 0x40, 0xD2, 0x45, 0x20, 0x6D, 0x89, 0xD0, 0x01, 0xE6,
    0xEF, 0x14, 0xED, 0x82, 0x9F, 0x73, 0xD1, 0x78, 0x6D, 0x41, 0x4E, 0x58, 0x53, 0x2F, 0xC8, 0x3C,
    0x0A, 0xEF, 0x42, 0x13, 0x9A, 0xFA, 0x08, 0x88, 0xA6, 0xCD, 0x82, 0xED, 0x6F, 0x8E, 0xB8, 0x83,
    0x07, 0x4D, 0xDF, 0x3C, 0x42, 0x1A, 0x51, 0xC6, 0x44, 0xA2, 0x91, 0xCE, 0xFC, 0xC5, 0xFF, 0x51,
    0x60, 0x9F, 0xDD, 0xDF, 0x75, 0xD2, 0x3B, 0x89, 0x28, 0x06, 0x40, 0x04, 0xE6, 0xF4, 0xB8, 0xCE,
    0xDB, 0x3C, 0x58, 0x6F, 0xDA, 0x12, 0xA6, 0x3D, 0xD2, 0x77, 0x16, 0xEE, 0x20, 0x0F, 0x47, 0xB0,
    0xB5, 0x63, 0x55, 0xA9, 0xF7, 0x0C, 0x0B, 0xA9, 0xB4, 0x60, 0x5B, 0x27, 0xAE, 0xE9, 0xD7, 0x89,
    0xEB, 0xFC, 0x8C, 0xC3, 0x34, 0xB7, 0x9D, 0x0B, 0xC8, 0xA2, 0x6D, 0x61, 0x06, 0x1B, 0x75, 0x9A,
    0x1F, 0xBE, 0x68, 0x92, 0xB5, 0x24, 0xE8, 0x8A, 0x58, 0x84, 0xCA, 0x1F, 0x4A, 0x02, 0x6E, 0x7A,
    0x00, 0x6F, 0x81, 0x4A, 0x81, 0x1E, 0xA9, 0x78, 0xC0, 0x74, 0x87, 0xF2, 0x9C, 0x07, 0x3C, 0x5D,
    0x02, 0x28, 0xD6, 0xFE, 0x62, 0x75, 0x3C, 0x02, 0x30, 0xE8, 0x91, 0x71, 0x03, 0x0F, 0x81, 0x8C,
    0xAA, 0x4E, 0xD6, 0x9B, 0x1A, 0xCA, 0x41, 0xFA, 0x88, 0xC7, 0x13, 0xD8, 0x88, 0x01, 0x49, 0x8F,
    0xB2, 0x5B, 0x60, 0x3A, 0x34, 0x6D, 0xDA, 0xC3, 0x86, 0xE4, 0xAB, 0xB6, 0x92, 0x50, 0xC2, 0xFC,
    0x43, 0x68, 0xA4, 0x7E, 0x08, 0xFB, 0xA3, 0xA0, 0x56, 0x5F, 0xA6, 0x05, 0x13, 0xF1, 0x0E, 0x8F,
    0x79, 0x40, 0x2C, 0x38, 0xB8, 0xBD, 0x09, 0xA5, 0x3A, 0xB4, 0xEF, 0x57, 0x77, 0xD5, 0x2A, 0x57,
    0xCA, 0x24, 0x1E, 0x06, 0x89, 0x69, 0xC1, 0xBC, 0xAA, 0x73, 0x8A, 0xE1, 0xA5, 0xF8, 0x09, 0x57,
    0x2B, 0x6D, 0xFA, 0x39, 0x05, 0x36, 0x5E, 0xCF, 0x33, 0xF1, 0x1A, 0x8B, 0xFD, 0xF0, 0xA0, 0xF9,
    0x29, 0x07, 0x0A, 0xA4, 0x79, 0x0A, 0xE4, 0x91, 0x5D, 0xB7, 0x99, 0x3A, 0xD1, 0x53, 0x3D, 0xAE,
    0x85, 0x25, 0x8D, 0xEC, 0x87, 0x01, 0x59, 0x28, 0xA4, 0x4F, 0x7A, 0x58, 0xBF, 0xD4, 0xE3, 0xB4,
    0xC7, 0x11, 0x9E, 0xC1, 0x58, 0x49, 0x38, 0x61, 0x2C, 0x8D, 0xFC, 0x2C, 0xAA, 0x65, 0x0A, 0x64,
    0x4C, 0x58, 0x63, 0x82, 0x26, 0xD4, 0xAB, 0x55, 0x7D, 0x0F, 0xEB, 0x65, 0x91, 0x3A, 0x2F, 0x5C,
    0x92, 0x4C, 0xBB, 0xBB, 0xAA, 0x8B, 0xF1, 0x8E, 0x7A, 0x6C, 0x99, 0x73, 0x6D, 0x25, 0x45, 0x3F,
    0x87, 0x44, 0x17, 0x90, 0x07, 0xC8, 0x4E, 0x1B, 0xED, 0x3F, 0xE3, 0x4B, 0x7F, 0x08, 0xA4, 0x38,
    0xD8, 0x82, 0xD3, 0x53, 0x4E, 0x5A, 0xED, 0xBF, 0xAA, 0x53, 0x97, 0x3C, 0xAA, 0xAD, 0x37, 0x06,
    0x75, 0x0B, 0x3C, 0xA6, 0xC2, 0x7B, 0xD4, 0xE4, 0x60, 0x06, 0x1E, 0x4F, 0x60, 0xFB, 0x57, 0x30,
    0xB2, 0xFF, 0x62, 0xF3, 0xCB, 0xC1, 0x74, 0xF8, 0xDB, 0xE8, 0xA4, 0xB3, 0x21, 0xF9, 0x5D, 0xCC,
    0x66, 0x5F, 0xC2, 0xFC, 0xA6, 0xD3, 0x20, 0xAC, 0x5A, 0x18, 0xF0, 0x12, 0x8F, 0xEC, 0x3F, 0x3A,
    0xCE, 0x43, 0xB2, 0x5C, 0xAA, 0xFD, 0xF7, 0xC9, 0x9B, 0x2D, 0x13, 0x9B, 0x89, 0xF4, 0x4C, 0xA4,
    0x2E, 0xEA, 0x09, 0x9D, 0x53, 0x6B, 0xCB, 0xE3, 0xDA, 0x7F, 0xDF, 0x67, 0x48, 0x6C, 0x6B, 0xD1,
    0xAD, 0x02, 0xD0, 0xAC, 0x6F, 0x87, 0xAD, 0xBD, 0xAB, 0x6F, 0x6A, 0x86, 0x26, 0xA6, 0xD7, 0xBA,
    0xA8, 0x63, 0x98, 0x75, 0x75, 0x38, 0xD4, 0xD5, 0x62, 0x2D, 0xB5, 0x15, 0xF8, 0xB1, 0xBE, 0x7D,
    0x83, 0x24, 0x36, 0x75, 0x1E, 0xDD, 0x97, 0xD2, 0x16, 0x22, 0x48, 0xE4, 0xB3, 0xAD, 0x1A, 0x95,
    0x7E, 0xAB, 0xFC, 0x39, 0xA9, 0x99, 0xBC, 0xD8, 0xF2, 0x48, 0x5A, 0xA5, 0x53, 0x56, 0x3D, 0x29,
    0x64, 0x32, 0x0D, 0xA0, 0x9C, 0x11, 0x40, 0x16, 0x49, 0xDB, 0x92, 0x45, 0xA0, 0x52, 0xE7, 0xC9,
    0x4A, 0x95, 0x4F, 0xA8, 0x74, 0x01, 0x70, 0xBC, 0x9C, 0xCC, 0x23, 0xB5, 0xDA, 0x96, 0x22, 0x4A,
    0x61, 0xF9, 0x77, 0x0B, 0x03, 0x1A, 0xE5, 0x44, 0x59, 0xE9, 0x48, 0x7B, 0x66, 0x20, 0x73, 0x5D,
    0x0A, 0x6C, 0xC7, 0x1F, 0xBA, 0x40, 0x6F, 0xA0, 0xFF, 0x5F, 0x61, 0xBB, 0xEB, 0x0E, 0x5B, 0x60,
    0x27, 0x44, 0xD2, 0x5F, 0xAB, 0x58, 0xDE, 0xDA, 0x36, 0x22, 0xF9, 0x4C, 0x16, 0x6F, 0x7A, 0x8E,
    0x36, 0x76, 0x4C, 0x32, 0x98, 0xF6, 0x1A, 0xC5, 0x52, 0xD6, 0x1F, 0x51, 0xC9, 0x97, 0x5C, 0x6F,
    0xBE, 0x10, 0xCE, 0x11, 0xD6, 0xDF, 0xEB, 0xA3, 0x7F, 0x48, 0x22, 0x8D, 0xF2, 0x0A, 0x33, 0x66,
    0x3D, 0x87, 0x92, 0xE9, 0xAE, 0x91, 0xFE, 0x74, 0x52, 0x6D, 0x3F, 0x64, 0xCE, 0x6F, 0x71, 0x49,
    0xC7, 0x8B, 0x99, 0x9E, 0x5B, 0x55, 0x3E, 0x5C, 0x8F, 0x28, 0x50, 0xE8, 0xC5, 0x74, 0xA5, 0x16,
    0x28, 0xEB, 0xF7, 0xBB, 0x9D, 0xA7, 0x32, 0x89, 0xD0, 0x66, 0xA4, 0x5B, 0x03, 0x91, 0x16, 0xDA,
    0x8A, 0x4F, 0xD7, 0x13, 0xF7, 0x97, 0x01, 0xDA, 0x9A, 0x92, 0x27, 0x0C, 0xA7, 0xAC, 0xD7, 0xDD,
    0x83, 0xE3, 0x89, 0x3A, 0x13, 0x35, 0x50, 0xB4, 0xD5, 0xE1, 0xC4, 0x85, 0xEA, 0xE0, 0xA1, 0x41,
    0x03, 0x6D, 0x33, 0x66, 0xAC, 0xBB, 0xF7, 0x09, 0x6C, 0x79, 0xBF, 0x9E, 0x58, 0x91, 0xF1, 0xE0,
    0xE9, 0xEC, 0xA4, 0xDA, 0xBD, 0x3E, 0xAE, 0x3F, 0x62, 0x5C, 0x9A, 0x92, 0x75, 0x3B, 0xDB, 0xC3,
    0x9C, 0xD2, 0xB2, 0xED, 0x90, 0x69, 0x34, 0x65, 0x40, 0xBE, 0x86, 0x75, 0x93, 0x35, 0x99, 0xA9,
    0xF1, 0x30, 0xF2, 0x41, 0xD3, 0xA1, 0xE8, 0x99, 0xC0, 0xAA, 0x46, 0x1A, 0x30, 0xAF, 0xCE, 0xB7,
    0xDD, 0x70, 0xB7, 0x3D, 0x5D, 0x28, 0x95, 0xAE, 0x56, 0xFA, 0x8D, 0x15, 0x2E, 0xE7, 0x7A, 0xCD,
    0xE1, 0xB7, 0x2D, 0xF0, 0xE7, 0xEC, 0xFA, 0x64, 0x40, 0x36, 0xD3, 0x67, 0xC2, 0x5D, 0x01, 0xC3,
    0xA1, 0xCF, 0x64, 0xAF, 0x3B, 0xB4, 0x8F, 0x89, 0x24, 0x92, 0xA9, 0x90, 0x28, 0x3C, 0x99, 0xD7,
    0xA4, 0xE5, 0xF9, 0xD3, 0x8D, 0x7E, 0x3C, 0x60, 0xD3, 0x65, 0xDB, 0x6D, 0x31, 0x59, 0x57, 0xF0,
    0x1E, 0x5B, 0xDB, 0xFA, 0xB4, 0x12, 0x46, 0x5D, 0x71, 0x0F, 0xB6, 0x26, 0x7C, 0x56, 0x4E, 0x1B,
    0x93, 0x91, 0x4C, 0x37, 0x32, 0xB7, 0x24, 0xD5, 0x2A, 0x03, 0x32, 0x1D, 0x17, 0xF9, 0x96, 0x1F,
    0xE5, 0xF6, 0x24, 0xE6, 0xF2, 0x8C, 0xAD, 0x7C, 0xFF, 0xB2, 0x07, 0x32, 0x3F, 0x21, 0xD2, 0xE1,
    0x9B, 0xCB, 0x4B, 0x49, 0xE0, 0xE1, 0xB5, 0x8A, 0xE5, 0x39, 0x65, 0x43, 0xA4, 0x3A, 0xDE, 0xF2,
    0x7F, 0x0E, 0xB4, 0xF1, 0x5A, 0x64, 0x28, 0x49, 0x7F, 0x8D, 0x62, 0xE1, 0xC3, 0x00, 0x40, 0x92,
    0xE9, 0x9C, 0x0F, 0x30, 0x5C, 0x1B, 0xFD, 0xA6, 0xE7, 0x5C, 0xC3, 0x08, 0xD6, 0xCC, 0x12, 0x6B,
    0xAB, 0x54, 0xE1, 0x5E, 0x15, 0x4E, 0x54, 0xA5, 0x3B, 0x17, 0x8A, 0x31, 0x3D, 0x5F, 0x87, 0x47,
    0xAC, 0xDB, 0x53, 0xD6, 0x70, 0xF6, 0x94, 0xB5, 0xD6, 0x97, 0x47, 0x75, 0x66, 0x43, 0x43, 0xFC,
    0x13, 0x0F, 0x38, 0xA8, 0x97, 0xB4, 0x3F, 0xCC, 0x41, 0x4B, 0x3D, 0x9B, 0x37, 0x34, 0x50, 0x7F,
    0x7A, 0xFD, 0xC4, 0x44, 0xE8, 0x9B, 0x4E, 0xE9, 0x95, 0x3E, 0xF9, 0xA6, 0x63, 0xE4, 0xFA, 0xD6,
    0xB0, 0xE9, 0x9C, 0xDE, 0xE9, 0x9E, 0xFE, 0x35, 0x4C, 0x7D, 0x7B, 0x9A, 0xDD, 0x4C, 0xCF, 0x58,
    0xB7, 0x59, 0x45, 0x7B, 0x58, 0x54, 0x86, 0x01, 0x26, 0x3E, 0x80, 0x0D, 0xEE, 0xCA, 0x75, 0x70,
    0x9F, 0x59, 0xB4, 0x2E, 0x94, 0xC1, 0xD5, 0xB6, 0x2E, 0xAF, 0x3E, 0x0F, 0x56, 0xE4, 0x33, 0xA5,
    0x00, 0xC5, 0x27, 0x3F, 0x16, 0xED, 0xBA, 0xB2, 0x43, 0x59, 0xD3, 0x9E, 0xAB, 0xE9, 0xC9, 0x79,
    0x52, 0x57, 0xD0, 0x95, 0x8D, 0x72, 0x56, 0x4E, 0x24, 0x97, 0x18, 0x33, 0x1C, 0xF8, 0xC7, 0xD3,
    0xEE, 0x9E, 0xE9, 0xD3, 0x81, 0xCA, 0xA8, 0xD3, 0x46, 0xAA, 0xB4, 0xAD, 0x89, 0xD4, 0x43, 0xB5,
    0x55, 0x4D, 0xAD, 0x42, 0xB5, 0x66, 0x24, 0x8B, 0x1E, 0xF6, 0x09, 0x9D, 0x17, 0x22, 0x33, 0x48,
    0x2D, 0xEE, 0xC9, 0x64, 0x02, 0x80, 0x4C, 0x3E, 0xAD, 0xC1, 0x2D, 0xA2, 0x80, 0x07, 0x5A, 0xFE,
    0x46, 0x73, 0x01, 0x3A, 0xD2, 0xD6, 0x43, 0x77, 0x18, 0x71, 0x51, 0xE3, 0x94, 0x41, 0xB3, 0x28,
    0xE3, 0x61, 0x04, 0x4F, 0x87, 0x51, 0xDC, 0x00, 0x23, 0x75, 0x7B, 0x8E, 0xE6, 0xA1, 0xAC, 0x75,
    0x44, 0x17, 0x41, 0x47, 0xB5, 0xED, 0x74, 0x58, 0x67, 0xD4, 0x4D, 0xE8, 0x08, 0xE7, 0x66, 0x9D,
    0x52, 0x27, 0x8E, 0xF4, 0x16, 0xFB, 0xC3, 0x68, 0x77, 0xB6, 0x65, 0x9E, 0xDD, 0x7B, 0x2D, 0xF3,
    0x56, 0x7C, 0x1A, 0x78, 0xB0, 0xA2, 0xA3, 0x3F, 0x93, 0x5A, 0x53, 0xC7, 0x03, 0xB8, 0x91, 0xD7,
    0xCC, 0x0B, 0x45, 0xE9, 0x9B, 0xBD, 0xB7, 0x3D, 0x15, 0xC3, 0x88, 0xAD, 0x74, 0x3B, 0x5C, 0xDA,
    0x6E, 0x4A, 0xA7, 0x0B, 0xF1, 0xCC, 0x9C, 0x7C, 0xC0, 0x74, 0x71, 0x2B, 0xCF, 0x85, 0x38, 0xEB,
    0x19, 0x9C, 0x19, 0x8D, 0x8E, 0x91, 0x8C, 0x76, 0x27, 0x1B, 0x49, 0x0E, 0x72, 0xCC, 0x65, 0xE0,
    0xB9, 0xAB, 0x95, 0xFE, 0x40, 0x5E, 0x49, 0x45, 0xA9, 0xD2, 0x0C, 0xCA, 0x9E, 0xCC, 0x23, 0xBF,
    0xB5, 0x1D, 0xAF, 0xE7, 0xD8, 0x04, 0x1A, 0x6F, 0x3B, 0xA4, 0x33, 0xF2, 0x01, 0x76, 0x40, 0xBA,
    0x38, 0x6F, 0x55, 0x08, 0x45, 0xB1, 0xAF, 0xB6, 0xC5, 0x7B, 0x4F, 0x60, 0x20, 0x4C, 0xDC, 0x36,
    0x6E, 0x37, 0xAF, 0x55, 0x2C, 0xEB, 0x62, 0xDA, 0x91, 0x8F, 0x7B, 0xDA, 0xED, 0x4F, 0x68, 0xAB,
    0xE5, 0x8E, 0xFD, 0x5B, 0xFE, 0xB9, 0xEB, 0x14, 0xCB, 0xDD, 0xC4, 0x03, 0x66, 0xCA, 0xF9, 0x4B,
    0xF9, 0x10, 0x40, 0x51, 0xF0, 0xEB, 0x97, 0xD2, 0xE1, 0x1A, 0x45, 0x91, 0x87, 0x42, 0x0B, 0xB6,
    0xD3, 0x9A, 0xC6, 0x5F, 0x5A, 0x5F, 0x5E, 0x1F, 0xFD, 0x77, 0x81, 0x1B, 0x48, 0xA3, 0x3E, 0x7C,
    0x19, 0x79, 0x3D, 0x66, 0x2D, 0xE3, 0x95, 0xA7, 0x8C, 0x52, 0xC3, 0xB2, 0x9F, 0xCF, 0x74, 0x21,
    0x03, 0x80, 0x84, 0x06, 0x00, 0xA1, 0x22, 0xA3, 0xE7, 0x56, 0xA8, 0xD7, 0xFD, 0x82, 0x11, 0xCC,
    0x09, 0x43, 0xEC, 0x51, 0x79, 0x14, 0xAC, 0x3B, 0xB4, 0x67, 0x23, 0x1E, 0x00, 0xA6, 0xC5, 0x33,
    0x40, 0x82, 0x43, 0x1B, 0xE9, 0xFE, 0x5F, 0x7B, 0x4A, 0x91, 0x6E, 0xCB, 0x89, 0x8B, 0xCC, 0x49,
    0xA5, 0x39, 0x11, 0xE6, 0xC4, 0x7C, 0xCE, 0x9C, 0x64, 0x2D, 0x73, 0x62, 0xEB, 0x89, 0x65, 0x4D,
    0x73, 0x72, 0xC2, 0x9C, 0x24, 0x03, 0xB3, 0x61, 0x22, 0x99, 0x07, 0xE6, 0xA4, 0xF0, 0xCC, 0xC9,
    0x91, 0xE6, 0x64, 0x64, 0x4E, 0xD2, 0xC8, 0x9C, 0xFC, 0x69, 0x0B, 0xDB, 0xBA, 0xF7, 0x6A, 0xE6,
    0xE4, 0x3F, 0x19, 0x63, 0x31, 0x21, 0x9D, 0x90, 0x8F, 0xCC, 0x89, 0xD1, 0x9C, 0xE4, 0x5A, 0xDD,
    0xCB, 0x1F, 0x32, 0x27, 0x5A, 0xE8, 0xB6, 0xA7, 0x3B, 0xDD, 0x56, 0x30, 0x92, 0x9E, 0xC4, 0x80,
    0x4B, 0x5A, 0x32, 0xB1, 0x2F, 0x92, 0x91, 0x7D, 0x91, 0x2A, 0xCD, 0xF9, 0x3A, 0x93, 0x47, 0xD3,
    0xD3, 0x52, 0xA6, 0xEB, 0x60, 0x4E, 0xB6, 0x64, 0x11, 0x6C, 0xA7, 0x6C, 0x81, 0x52, 0xE9, 0xEA,
    0xC3, 0xA3, 0xA8, 0x52, 0xC9, 0xE4, 0x57, 0x60, 0x6F, 0x36, 0xEB, 0xFF, 0x04, 0x90, 0x13, 0x1C,
    0x87, 0x00, 0xCF, 0x53, 0x52, 0x37, 0x8E, 0x81, 0x79, 0x2E, 0x3A, 0x2E, 0x34, 0xF9, 0xFC, 0x86,
    0xB0, 0xAA, 0xCB, 0xB0, 0xFE, 0x07, 0x9D, 0xB6, 0x89, 0x48, 0xFB, 0xCB, 0x6F, 0xCB, 0xBF, 0x7B,
    0xAD, 0x62, 0x71, 0xD8, 0x86, 0xE0, 0x57, 0x8C, 0x22, 0xFF, 0x4D, 0xE4, 0xD7, 0xDA, 0x3D, 0xDF,
    0xC3, 0x5B, 0xD7, 0x28, 0x96, 0x97, 0x75, 0xB4, 0x35, 0x98, 0xCF, 0xF9, 0x10, 0x1F, 0x5F, 0x1F,
    0xFD, 0x5C, 0x72, 0x48, 0xA7, 0x7C, 0xBC, 0xDD, 0x33, 0x98, 0x6E, 0x5B, 0x60, 0xB7, 0x46, 0x8F,
    0x95, 0x7A, 0x9F, 0x51, 0x06, 0xBD, 0xC3, 0x6A, 0x91, 0xF7, 0x74, 0xC1, 0xDD, 0x7D, 0xA4, 0x3B,
    0xD3, 0x1F, 0xEE, 0xE1, 0x92, 0x89, 0x62, 0x18, 0x25, 0x26, 0xC6, 0x84, 0x46, 0x2B, 0x62, 0x45,
    0x1B, 0x70, 0x02, 0x6A, 0x18, 0x49, 0x3B, 0x28, 0xE3, 0x25, 0x7B, 0x8C, 0xFF, 0xE7, 0x6E, 0xBF,
    0xC1, 0xF9, 0x27, 0x15, 0xCE, 0xD0, 0xC8, 0x5F, 0x01, 0xDC, 0x11, 0x11, 0x11, 0x23, 0x8A, 0x41,
    0xB7, 0x17, 0xEC, 0x83, 0x29, 0x1D, 0x16, 0x18, 0x45, 0x4F, 0x44, 0x16, 0xEF, 0x88, 0x74, 0xCC,
    0x23, 0xB2, 0x9E, 0xB7, 0x8D, 0x9D, 0xED, 0x92, 0x26, 0x58, 0x96, 0x95, 0x82, 0x35, 0xAE, 0xF8,
    0xE4, 0xDE, 0x2A, 0xE3, 0x10, 0x80, 0xBF, 0xE0, 0x91, 0x0A, 0xD6, 0xA4, 0x26, 0xF4, 0x96, 0xCF,
    0x3F, 0x1D, 0x50, 0xB4, 0x87, 0xCE, 0x98, 0x78, 0xCD, 0x88, 0x89, 0x60, 0x55, 0xA3, 0x96, 0x2E,
    0x19, 0xD0, 0xD4, 0xE9, 0x60, 0x26, 0x98, 0x3E, 0x8F, 0xFA, 0x97, 0x0C, 0x44, 0x8B, 0x2C, 0xDA,
    0x1E, 0x79, 0x67, 0xC4, 0xE7, 0x2D, 0x9A, 0x8E, 0x09, 0x1E, 0x6C, 0x40, 0x32, 0x2E, 0xC0, 0x54,
    0xD4, 0xC0, 0x58, 0xD6, 0x48, 0xC6, 0xA5, 0x2A, 0x9A, 0xC1, 0x65, 0xA7, 0xC7, 0xD1, 0xA5, 0x22,
    0x75, 0x85, 0xF2, 0x94, 0x65, 0xEE, 0xBC, 0x48, 0x8C, 0xC4, 0x09, 0x71, 0xF4, 0x8D, 0xB5, 0xCC,
    0x0F, 0xA8, 0xE4, 0xF3, 0x3E, 0x91, 0x0F, 0xE6, 0x3E, 0x1B, 0xE0, 0x22, 0xE3, 0x8D, 0x65, 0xE0,
    0xC2, 0xE3, 0x17, 0x54, 0xEC, 0x81, 0xFD, 0x82, 0x30, 0xAD, 0x28, 0x88, 0xB2, 0x9E, 0x18, 0xFC,
    0x9E, 0x71, 0x37, 0x80, 0xC0, 0xD5, 0x46, 0x16, 0xAF, 0x4D, 0x85, 0x5C, 0xC6, 0x77, 0x91, 0x34,
    0x8F, 0xDE, 0x3D, 0x9F, 0xDD, 0xD3, 0x5A, 0x6D, 0x39, 0x90, 0xD6, 0x6D, 0xD8, 0x8D, 0xAB, 0x52,
    0x60, 0xB5, 0x97, 0x74, 0xF9, 0x8D, 0x4C, 0xC9, 0xC0, 0x8F, 0x1E, 0x52, 0xC0, 0xB3, 0x57, 0xA3,
    0x20, 0x1D, 0x72, 0x7F, 0xB8, 0x23, 0x2A, 0xAB, 0x09, 0x78, 0x35, 0xEB, 0xAF, 0xB0, 0x03, 0x6C,
    0x5D, 0xAC, 0x37, 0x32, 0x2E, 0x70, 0x19, 0xF7, 0x47, 0x57, 0xD9, 0xFB, 0x25, 0xD3, 0xDE, 0x7F,
    0x04, 0x24, 0xED, 0x6D, 0x20, 0x0D, 0xF7, 0xD7, 0xFF, 0x81, 0x45, 0x53, 0x5F, 0x99, 0x0C, 0x9A,
    0x6F, 0x93, 0xA6, 0x03, 0x9C, 0x4C, 0x85, 0xCC, 0x58, 0x9C, 0x48, 0xF3, 0xA4, 0xA9, 0xD3, 0x1E,
    0x6E, 0x62, 0x75, 0xA9, 0x51, 0xF4, 0xBA, 0x8A, 0xB2, 0x32, 0x9A, 0xC8, 0x63, 0xE0, 0x31, 0xD9,
    0x55, 0x9F, 0xEC, 0x5E, 0x8F, 0x68, 0x84, 0xAD, 0xCB, 0xE4, 0x70, 0xE4, 0x9D, 0x0D, 0x40, 0xBF,
    0xE7, 0xF5, 0xA5, 0xE1, 0x71, 0xF1, 0x24, 0x3C, 0xEE, 0xF5, 0xE9, 0xD2, 0x77, 0x40, 0x0D, 0x2D,
    0x8B, 0xF1, 0x93, 0xE6, 0x53, 0x16, 0x00, 0x2B, 0xB3, 0x11, 0x69, 0xF5, 0x9E, 0xEB, 0xF8, 0x14,
    0xAC, 0xBD, 0x1D, 0x50, 0xCA, 0x0C, 0xC8, 0xBF, 0x49, 0x6D, 0x46, 0x96, 0xF8, 0x88, 0x8C, 0xDE,
    0x69, 0xFD, 0x42, 0x35, 0xD9, 0x13, 0xD3, 0x25, 0x68, 0x80, 0x67, 0x50, 0x79, 0x0C, 0x70, 0x5D,
    0x4E, 0x27, 0xD2, 0x22, 0xA5, 0x4D, 0x14, 0x8F, 0x00, 0xBC, 0x00, 0x00, 0x77, 0x88, 0xAA, 0xA5,
    0xCB, 0xB8, 0x22, 0xFD, 0xB0, 0x05, 0xCC, 0x8C, 0x8B, 0x05, 0xE2, 0x31, 0x71, 0x44, 0x94, 0xD8,
    0x1A, 0x95, 0xB6, 0x4C, 0xDF, 0xA8, 0xB9, 0x43, 0x36, 0xA0, 0xAC, 0xB9, 0x2D, 0xE5, 0x3D, 0x69,
    0xAE, 0x7F, 0x55, 0xD2, 0x56, 0x58, 0xC0, 0x44, 0x05, 0xC5, 0xBC, 0xDB, 0xED, 0xFC, 0x26, 0x72,
    0xBF, 0xE6, 0xE9, 0x15, 0xB8, 0x3A, 0x19, 0x51, 0x9C, 0x1E, 0xF7, 0xC8, 0x44, 0xB8, 0x6E, 0x31,
    0x11, 0xEC, 0x48, 0x4D, 0xE0, 0xAA, 0x43, 0xFB, 0x20, 0x0B, 0xAC, 0x12, 0x57, 0xA5, 0x20, 0x6F,
    0xA9, 0x22, 0x32, 0x07, 0x03, 0x53, 0xF2, 0x00, 0xC8, 0x5A, 0x07, 0xDC, 0xF0, 0x37, 0xAE, 0x46,
    0x41, 0x16, 0x6C, 0x0D, 0xDB, 0x95, 0x41, 0x37, 0x1F, 0x9C, 0xB7, 0xFE, 0xCA, 0x3A, 0xC0, 0x86,
    0xAC, 0x33, 0x31, 0xE9, 0x35, 0xF9, 0x48, 0xC6, 0x64, 0x48, 0x07, 0xD3, 0x9B, 0x68, 0x62, 0x16,
    0xF3, 0x2E, 0xEF, 0x6C, 0x6B, 0x83, 0x0D, 0x45, 0x28, 0xEB, 0xD2, 0x3B, 0xEF, 0xE0, 0x50, 0xA9,
    0xE1, 0x54, 0xA7, 0x8D, 0xAD, 0xCF, 0xD7, 0x94, 0xE4, 0xD2, 0xBF, 0x8B, 0xEC, 0xF8, 0xDA, 0xFE,
    0x38, 0x22, 0xA0, 0xBC, 0xF8, 0x17, 0x6C, 0x15, 0xF4, 0x20, 0xB5, 0xF9, 0xA2, 0xB5, 0xBF, 0x8E,
    0x0E, 0xC3, 0x1F, 0x66, 0x8D, 0xB7, 0x61, 0x95, 0x97, 0x06, 0x33, 0x1F, 0x93, 0xFE, 0x81, 0xC2,
    0xFE, 0x08, 0xAC, 0x0F, 0x5D, 0xD6, 0xE1, 0xF9, 0x99, 0x53, 0xA8, 0x99, 0xD6, 0x81, 0x92, 0x08,
    0x57, 0x92, 0x5E, 0xAB, 0x50, 0x05, 0x3C, 0xC5, 0x9F, 0x81, 0x46, 0x52, 0xF9, 0x51, 0x40, 0xC9,
    0x79, 0xC8, 0xBD, 0x88, 0x19, 0xE1, 0xDA, 0x9C, 0x37, 0x5D, 0x74, 0xD4, 0x16, 0x61, 0x81, 0xF3,
    0x04, 0xF3, 0xBE, 0xA0, 0x20, 0x4A, 0xAF, 0x1E, 0x5D, 0x8D, 0x09, 0x45, 0x6B, 0x06, 0xE4, 0xA7,
    0xC7, 0x1D, 0xB8, 0x92, 0x03, 0xC7, 0x03, 0x74, 0x26, 0xDC, 0x05, 0x9A, 0xDF, 0x46, 0x24, 0x22,
    0x1D, 0xCC, 0x6F, 0xA5, 0x46, 0xE2, 0xBF, 0xBD, 0x46, 0x37, 0xE4, 0xF3, 0x82, 0x46, 0xDA, 0xF4,
    0x8B, 0xD3, 0xE3, 0x98, 0x4A, 0xC8, 0x7A, 0x33, 0x23, 0x1D, 0xCC, 0x48, 0xF4, 0x0B, 0xB2, 0xB8,
    0x20, 0xEF, 0x90, 0xF6, 0x79, 0x0B, 0xD3, 0xDB, 0x05, 0xD1, 0x06, 0x64, 0xB1, 0x58, 0x91, 0x77,
    0x65, 0xBD, 0x4A, 0x0B, 0x9B, 0xB4, 0x6A, 0x41, 0x8D, 0xE4, 0xB2, 0xE2, 0x60, 0xFD, 0x85, 0x0A,
    0xD1, 0x7C, 0x76, 0x56, 0xCB, 0x9E, 0x34, 0xC1, 0x4C, 0xB0, 0x9D, 0x65, 0x9E, 0x59, 0x49, 0x07,
    0x57, 0x23, 0x1D, 0x2A, 0x50, 0x22, 0x97, 0xC3, 0x3D, 0x31, 0x01, 0xA6, 0x27, 0xE2, 0x82, 0x3C,
    0xEE, 0x81, 0x82, 0x63, 0xD8, 0x05, 0x17, 0x12, 0x81, 0x3D, 0x3D, 0x1E, 0x61, 0x18, 0xA9, 0x96,
    0xCA, 0xF3, 0x65, 0x5C, 0x75, 0x5C, 0xB8, 0x99, 0x48, 0xFC, 0x15, 0x29, 0x30, 0x11, 0xEC, 0x6F,
    0xE6, 0x80, 0x83, 0x6A, 0x3C, 0x02, 0x8D, 0x53, 0xC0, 0x8D, 0x2B, 0x52, 0x30, 0x9B, 0x00, 0x23,
    0xFF, 0x11, 0x90, 0x7F, 0x2A, 0x1E, 0x36, 0x99, 0xAE, 0xB0, 0x03, 0x4C, 0x97, 0x73, 0xEF, 0x50,
    0xB4, 0x0A, 0xAD, 0x56, 0x57, 0xD8, 0xFB, 0x79, 0x4B, 0x16, 0x91, 0x2C, 0x95, 0x17, 0xDC, 0x5F,
    0xF8, 0x9B, 0xBC, 0x1D, 0x9C, 0x2C, 0x6D, 0xE5, 0x65, 0xED, 0x84, 0x30, 0xB3, 0x72, 0xDA, 0x36,
    0x39, 0x00, 0x7E, 0x75, 0x58, 0x1D, 0xD3, 0xE6, 0xDF, 0x75, 0x06, 0xD7, 0x67, 0xE1, 0x54, 0x0C,
    0xE7, 0xAB, 0x25, 0x1C, 0xF3, 0xBB, 0x25, 0x9C, 0xFC, 0xD7, 0x43, 0x85, 0xE2, 0x07, 0x43, 0x83,
    0x23, 0x86, 0x73, 0xB2, 0x84, 0x93, 0xC4, 0x25, 0x1C, 0xD3, 0x2E, 0xE1, 0xD8, 0x7A, 0x09, 0xA7,
    0x64, 0x38, 0x0F, 0x18, 0x4E, 0x7F, 0x16, 0x4E, 0xCE, 0x70, 0x0A, 0x86, 0xC3, 0xD5, 0xF8, 0xF2,
    0x05, 0xF7, 0x62, 0x54, 0x87, 0x6D, 0xC8, 0x36, 0x6F, 0xBB, 0x0B, 0xF3, 0xD6, 0x5E, 0x36, 0x6F,
    0x15, 0x40, 0x41, 0x38, 0x56, 0xA5, 0xAA, 0x76, 0x3E, 0x11, 0xEF, 0x42, 0x2E, 0x28, 0xBF, 0x6C,
    0x1C, 0xAC, 0x8C, 0x0E, 0xA9, 0x3C, 0x72, 0xFF, 0xD3, 0x9C, 0x6A, 0xAF, 0x4C, 0xC1, 0xC5, 0x39,
    0xF5, 0x00, 0xC0, 0xE0, 0x80, 0xAC, 0xB3, 0xFE, 0xEA, 0x14, 0x98, 0x2E, 0x0B, 0xC8, 0xA3, 0xED,
    0xB6, 0x61, 0x7D, 0x95, 0x1D, 0x80, 0xFD, 0xC5, 0x3D, 0xF6, 0xC5, 0xC7, 0x38, 0x5B, 0x53, 0x0F,
    0xBA, 0x40, 0xE9, 0x4A, 0xE5, 0x40, 0xEE, 0xC1, 0x0F, 0x47, 0x20, 0xEF, 0xD2, 0x01, 0xE0, 0x12,
    0x4E, 0xCD, 0x79, 0x47, 0xD2, 0x4E, 0x1A, 0x4B, 0xCF, 0x6E, 0x55, 0x57, 0xC3, 0x63, 0x72, 0x1C,
    0xC9, 0xB9, 0x27, 0x9B, 0x48, 0x56, 0x5F, 0xDF, 0x4B, 0x13, 0x78, 0x77, 0x1B, 0x9E, 0xA6, 0x27,
    0x69, 0x11, 0x74, 0x0D, 0xFC, 0x58, 0xF4, 0x97, 0x83, 0xB2, 0x26, 0x71, 0xF3, 0xD1, 0xD9, 0x04,
    0xB5, 0x8A, 0x70, 0x86, 0x82, 0x28, 0xB7, 0xED, 0xB1, 0x42, 0x5D, 0x66, 0xB3, 0x47, 0x55, 0x49,
    0x87, 0x66, 0x3E, 0x1E, 0x20, 0x6D, 0x32, 0x41, 0x3C, 0x66, 0xCC, 0x40, 0x95, 0x8C, 0x0B, 0x52,
    0xC5, 0xB0, 0xC0, 0xF4, 0x44, 0x04, 0xF6, 0xC4, 0xB4, 0xEE, 0xCA, 0xD9, 0x11, 0x3D, 0x6C, 0xB4,
    0x23, 0x5C, 0xB0, 0xF2, 0x81, 0xF8, 0xE2, 0x1F, 0x65, 0x44, 0xF1, 0x33, 0x79, 0xF4, 0x75, 0x8F,
    0x38, 0xF7, 0x78, 0x9E, 0x6B, 0xCD, 0xC2, 0xB4, 0x66, 0x55, 0xA7, 0x62, 0xE5, 0xE5, 0x9C, 0x47,
    0x78, 0x70, 0x6D, 0x12, 0xFF, 0xDF, 0xD5, 0x5C, 0x01, 0xA4, 0x25, 0x59, 0x7A, 0x3E, 0x55, 0x35,
    0xDD, 0x95, 0x9D, 0x92, 0x3D, 0x8B, 0xED, 0x24, 0x9B, 0xB1, 0x53, 0x10, 0xB2, 0x22, 0x33, 0x05,
    0x41, 0x30, 0xDD, 0x55, 0x99, 0x60, 0x01, 0x1A, 0x73, 0x67, 0x43, 0x23, 0x8B, 0x45, 0x18, 0xBC,
    0x60, 0x31, 0xE8, 0x7E, 0x55, 0x32, 0x08, 0x82, 0xBC, 0x90, 0x1D, 0xC9, 0x0E, 0x26, 0x00, 0xC0,
    0x2E, 0x06, 0x83, 0xF7, 0x6E, 0x55, 0xB2, 0x08, 0x82, 0x54, 0x66, 0x8D, 0x00, 0xA6, 0x98, 0x99,
    0x21, 0x16, 0x7B, 0x26, 0x5B, 0x93, 0xA9, 0x97, 0xAE, 0xAA, 0xB3, 0xFF, 0xF7, 0x9D, 0x57, 0x7D,
    0xEE, 0x7D, 0xF7, 0xED, 0xDB, 0xEE, 0x31, 0x7B, 0xF5, 0x3D, 0x6E, 0x7D, 0xFF, 0xED, 0x57, 0x55,
    0xE7, 0xFF, 0xFF, 0xEF, 0x9C, 0x73, 0xFE, 0xBF, 0x4E, 0x9D, 0xDB, 0x4A, 0x45, 0xD6, 0x0E, 0x0B,
    0x06, 0xAB, 0xD5, 0x5D, 0xB5, 0x5D, 0x12, 0x03, 0xD4, 0xC4, 0x9C, 0x58, 0xF6, 0x40, 0x0B, 0x0C,
    0xA6, 0x41, 0x30, 0xEA, 0x47, 0xC1, 0xD8, 0x00, 0x75, 0x0B, 0x4C, 0x9B, 0x33, 0x5C, 0x5E, 0x00,
    0x4B, 0x75, 0x2C, 0x38, 0x89, 0x54, 0xE1, 0xA8, 0x72, 0x5C, 0x0E, 0x4C, 0x8C, 0x9C, 0x97, 0xCB,
    0x55, 0x56, 0xA8, 0xCC, 0x5A, 0x5B, 0xA9, 0x5C, 0xB0, 0x51, 0x35, 0x71, 0x92, 0x9A, 0x9A, 0x70,
    0x44, 0x7D, 0xD1, 0x00, 0x84, 0x19, 0x49, 0xA7, 0x3B, 0xDC, 0x98, 0x37, 0xD0, 0xA6, 0x6E, 0xAD,
    0x56, 0x05, 0x6E, 0xAA, 0x1C, 0xF8, 0x72, 0xD3, 0x16, 0x83, 0x2A, 0xED, 0xA7, 0x7D, 0x60, 0xDF,
    0x9C, 0xFB, 0x78, 0x10, 0xBB, 0xE5, 0xC6, 0xD4, 0x64, 0x8D, 0xD2, 0x1D, 0x94, 0x76, 0x25, 0xAA,
    0x5C, 0x43, 0xC7, 0x74, 0x01, 0x29, 0x20, 0xAB, 0x04, 0xF2, 0x6A, 0x0D, 0xD3, 0x6B, 0xA5, 0xAC,
    0x7C, 0x8F, 0xAC, 0xCA, 0xCE, 0xEB, 0x52, 0x25, 0x76, 0x3C, 0x56, 0x41, 0x7D, 0x02, 0x5F, 0x94,
    0x51, 0xEF, 0x02, 0x03, 0x50, 0x30, 0xBF, 0x06, 0x52, 0x4A, 0xDB, 0x80, 0xAB, 0x49, 0x1D, 0x0C,
    0x7B, 0x5A, 0xC5, 0x95, 0xD2, 0x85, 0x96, 0x5A, 0x3E, 0xAE, 0xD1, 0xFE, 0xD0, 0x5C, 0xB7, 0x6A,
    0x9F, 0x3C, 0x3E, 0x29, 0x3B, 0x1D, 0x10, 0x1A, 0x50, 0xBB, 0x63, 0x67, 0x2D, 0x38, 0x6F, 0xB0,
    0x33, 0x6C, 0xB0, 0xD3, 0x01, 0x33, 0xE1, 0x68, 0x9B, 0x1D, 0x0B, 0x0C, 0x27, 0xB2, 0x33, 0x5E,
    0xCD, 0x0E, 0xCD, 0x2A, 0x80, 0xF7, 0x01, 0x81, 0x01, 0x46, 0xED, 0x06, 0x9E, 0x9F, 0x00, 0x2D,
    0xFF, 0xB1, 0x2E, 0xB6, 0xA9, 0x32, 0x4F, 0x4C, 0x55, 0x71, 0x1D, 0x55, 0x0F, 0xA0, 0xE3, 0x1D,
    0xA8, 0x6B, 0x60, 0x16, 0xFE, 0xF5, 0x3C, 0xE0, 0x45, 0x40, 0xFE, 0x43, 0x81, 0xCC, 0x82, 0x4C,
    0xD0, 0x85, 0x0A, 0x81, 0xA4, 0x57, 0x8D, 0x80, 0xD0, 0x00, 0xE3, 0x96, 0x2D, 0x5A, 0x00, 0xB7,
    0x9A, 0xF8, 0x23, 0xF6, 0x5E, 0x5B, 0x88, 0x33, 0x6F, 0x4A, 0xF3, 0xA7, 0x3D, 0xD8, 0x2B, 0x1B,
    0x15, 0xB6, 0x6A, 0xA6, 0xA7, 0x23, 0x30, 0xEE, 0x7D, 0x4B, 0xE9, 0x16, 0x28, 0x9E, 0xB1, 0x19,
    0x88, 0x85, 0xC7, 0x52, 0x5D, 0x81, 0xFE, 0x9A, 0x6A, 0xB9, 0xF7, 0x6B, 0x0A, 0x84, 0xBF, 0x03,
    0xB3, 0x85, 0xAE, 0x50, 0x94, 0x77, 0xCE, 0x90, 0xC5, 0x28, 0x10, 0x84, 0x3B, 0x16, 0x47, 0xC2,
    0x7E, 0x71, 0xE3, 0xC6, 0xE2, 0x45, 0x68, 0x3B, 0xB9, 0xC0, 0xCE, 0x2A, 0xB0, 0x9F, 0xD8, 0x2A,
    0x1E, 0xE5, 0x0E, 0x31, 0xF1, 0xA6, 0xB3, 0x8D, 0x0A, 0xA9, 0x7B, 0x0D, 0x98, 0xAE, 0x80, 0x19,
    0x20, 0xAC, 0xFF, 0xB5, 0xD8, 0x15, 0xCA, 0xDD, 0xE7, 0x47, 0x46, 0xC5, 0x9C, 0x4B, 0x6A, 0x47,
    0x66, 0xE2, 0x5C, 0x35, 0xC0, 0x33, 0x76, 0xCA, 0xFE, 0x94, 0x56, 0xDC, 0x21, 0x99, 0xDF, 0x38,
    0x20, 0x36, 0xE3, 0x0E, 0x8C, 0x42, 0xE5, 0xB1, 0xD8, 0x10, 0x0C, 0xB7, 0xF1, 0xA7, 0x0C, 0x64,
    0xDE, 0xD8, 0x1B, 0x9B, 0x95, 0x6B, 0x55, 0xEF, 0xB0, 0x3E, 0xA4, 0xFE, 0x98, 0x34, 0x8B, 0xB2,
    0x14, 0xA0, 0x79, 0xAB, 0xDA, 0x13, 0x79, 0x51, 0x07, 0x7D, 0x81, 0xE1, 0x70, 0x18, 0x46, 0x60,
    0x69, 0xBC, 0xDF, 0xCF, 0xAA, 0xC3, 0x21, 0x32, 0x32, 0x5A, 0x2E, 0xEB, 0xE1, 0xC9, 0xE9, 0xB8,
    0xCC, 0xFC, 0xEC, 0x15, 0x37, 0xF6, 0xC3, 0x26, 0xE8, 0xC2, 0xD0, 0x4D, 0x18, 0x67, 0xA3, 0xFF,
    0xEA, 0xA1, 0xF1, 0x73, 0x3A, 0x6F, 0xFD, 0xEC, 0xE9, 0x0B, 0xA2, 0xC7, 0x09, 0x7D, 0x18, 0x05,
    0x57, 0xF7, 0x2C, 0xEB, 0xAE, 0x2B, 0x35, 0xD3, 0x63, 0x46, 0x12, 0x62, 0x17, 0x8C, 0x88, 0x21,
    0xE1, 0x06, 0x46, 0x03, 0xB1, 0xC7, 0xD9, 0xC8, 0x00, 0x63, 0x20, 0x63, 0x4E, 0xDA, 0x82, 0xA9,
    0xAC, 0x01, 0xE6, 0x0D, 0xD8, 0x2F, 0x0B, 0xF0, 0x50, 0x83, 0x8D, 0x60, 0x42, 0xDD, 0xD1, 0x08,
    0x66, 0xB5, 0x11, 0x44, 0xDB, 0xE5, 0x3F, 0x80, 0xF2, 0xD2, 0x22, 0x40, 0xD6, 0x76, 0x26, 0xF3,
    0xEC, 0x1C, 0xC0, 0x5C, 0x9B, 0x0D, 0x51, 0x26, 0x14, 0xEB, 0x90, 0xE7, 0xCE, 0xA2, 0x86, 0xE4,
    0xB8, 0x01, 0x37, 0x3A, 0xA2, 0x47, 0x62, 0x30, 0xB2, 0xBB, 0xBC, 0x3C, 0xB0, 0xBF, 0xFC, 0xAF,
    0xD4, 0x2C, 0x31, 0xEC, 0xA1, 0x51, 0x68, 0x3D, 0x34, 0x0D, 0xE3, 0x18, 0x1D, 0xA5, 0x9D, 0x05,
    0x05, 0xA3, 0x19, 0x1B, 0x00, 0x6D, 0x79, 0xE6, 0x04, 0x63, 0x1A, 0x45, 0x56, 0x51, 0xA0, 0x53,
    0x30, 0xB2, 0x91, 0x30, 0xCB, 0x6E, 0x12, 0x41, 0x30, 0xBE, 0x29, 0x17, 0xE1, 0xD4, 0xA3, 0x74,
    0x40, 0x5B, 0xFB, 0x11, 0xD1, 0x4A, 0x45, 0xEF, 0xBF, 0x6A, 0x1B, 0x28, 0xCD, 0x3A, 0xD4, 0x96,
    0x80, 0x01, 0x46, 0xF7, 0x02, 0xE8, 0xE2, 0xBD, 0xC3, 0x9A, 0x38, 0x13, 0x27, 0x60, 0x6E, 0xED,
    0x18, 0x0D, 0x0E, 0x7F, 0x77, 0x5A, 0xBD, 0x12, 0xF5, 0xE1, 0x80, 0xA0, 0xCE, 0x54, 0xC8, 0x35,
    0x45, 0x1B, 0xD1, 0xA3, 0x58, 0xB0, 0xAC, 0x40, 0x94, 0x85, 0x57, 0xD1, 0x08, 0x4C, 0x7B, 0xC9,
    0x88, 0xA0, 0x3C, 0xB5, 0x76, 0x56, 0xC0, 0x13, 0xC5, 0x92, 0x7B, 0x84, 0x6A, 0xA4, 0xCC, 0x86,
    0xD8, 0x91, 0x5A, 0x4F, 0x29, 0x91, 0xBC, 0x3A, 0x5A, 0xC9, 0xAA, 0x23, 0xD5, 0x71, 0xEA, 0x28,
    0x75, 0x8C, 0x3A, 0x42, 0x1D, 0x9F, 0x8E, 0x4E, 0xC7, 0xA6, 0x23, 0xD3, 0x71, 0xE9, 0xA8, 0x24,
    0x93, 0x24, 0x72, 0xE1, 0x91, 0x34, 0x92, 0x45, 0x4F, 0x22, 0x8D, 0x0E, 0xAC, 0x85, 0x3D, 0xAB,
    0xD5, 0x2B, 0x3B, 0x1D, 0xD9, 0x56, 0xAA, 0x14, 0x2C, 0xA4, 0x23, 0xAF, 0x56, 0x68, 0x17, 0x94,
    0x99, 0x38, 0x79, 0x84, 0xF1, 0xE0, 0xD2, 0x23, 0xD8, 0xA3, 0xB7, 0xB6, 0x25, 0x36, 0x2A, 0xFE,
    0x0C, 0x09, 0x38, 0xD8, 0x63, 0x27, 0xF1, 0xD8, 0xFA, 0x69, 0x9E, 0xE8, 0xA7, 0x14, 0x8F, 0x3F,
    0x80, 0x72, 0x67, 0x48, 0x2D, 0x88, 0xC1, 0x8F, 0xDA, 0x32, 0x54, 0x4C, 0xF0, 0x25, 0xB4, 0x2D,
    0x2C, 0x1F, 0x41, 0xA1, 0x05, 0x83, 0x59, 0x25, 0x8A, 0x74, 0x23, 0xB5, 0x26, 0x4D, 0x2E, 0x16,
    0xB4, 0xA5, 0x12, 0x60, 0x72, 0x47, 0x98, 0xC5, 0xB3, 0xC2, 0x4F, 0x06, 0xEB, 0x8B, 0x06, 0xFB,
    0x13, 0xD1, 0x1D, 0x70, 0x32, 0xE8, 0x55, 0x4C, 0x15, 0xE5, 0x39, 0x4E, 0xBD, 0xA4, 0x5E, 0x24,
    0xDE, 0x87, 0x5D, 0x6F, 0x0D, 0xB0, 0xDA, 0x1A, 0xEA, 0x2D, 0x0E, 0x87, 0xBD, 0xA4, 0x88, 0x84,
    0x8E, 0x2A, 0x91, 0x8A, 0xCF, 0xEB, 0x42, 0x85, 0x6C, 0xFF, 0xB2, 0x53, 0x7B, 0xE4, 0x51, 0x3D,
    0x20, 0xCE, 0x1B, 0xF8, 0xAE, 0x3A, 0x1C, 0x06, 0x85, 0x3D, 0x86, 0xF6, 0xE5, 0x7A, 0x5D, 0xEC,
    0x91, 0xBC, 0xA7, 0x94, 0x18, 0xE0, 0xF2, 0xA4, 0xA1, 0x7A, 0x40, 0xD4, 0x2C, 0x54, 0x81, 0x21,
    0xE2, 0x27, 0x05, 0x90, 0x91, 0x33, 0x9C, 0x7E, 0xB3, 0x54, 0xCD, 0x8F, 0x3A, 0x95, 0x01, 0x17,
    0x84, 0xE9, 0xBB, 0x82, 0x1C, 0xB0, 0x25, 0x4C, 0xF8, 0x86, 0xFA, 0x16, 0xDC, 0x2B, 0xC0, 0x8A,
    0xFE, 0x49, 0x07, 0x93, 0x7F, 0xDE, 0xD0, 0x2A, 0x37, 0x35, 0x1F, 0x50, 0x8F, 0x64, 0xCE, 0x17,
    0x98, 0x3B, 0x30, 0xDB, 0x25, 0x4A, 0xCB, 0x9D, 0x37, 0xF6, 0xD1, 0x2D, 0xBF, 0xF8, 0x13, 0x50,
    0x0D, 0x4E, 0x91, 0x76, 0x32, 0x9A, 0x26, 0x3D, 0x5A, 0x26, 0x78, 0xA2, 0xB4, 0x33, 0x14, 0x1B,
    0x1C, 0x96, 0x2A, 0x58, 0x95, 0x82, 0x38, 0xB7, 0x81, 0x45, 0x59, 0xC0, 0xF0, 0xBC, 0x02, 0x66,
    0x2E, 0x69, 0x12, 0xAE, 0x67, 0xA6, 0x9D, 0x13, 0x95, 0x4F, 0xCC, 0x91, 0x90, 0x85, 0xD9, 0x13,
    0xD8, 0xAC, 0x5C, 0xAB, 0xCD, 0x40, 0xFD, 0x73, 0x60, 0xCE, 0x1C, 0x7E, 0x8C, 0x61, 0xC0, 0xDD,
    0xC0, 0xAF, 0x7C, 0x1D, 0xF5, 0xBA, 0x02, 0x0D, 0x69, 0x01, 0x46, 0xE4, 0xD2, 0x92, 0xE1, 0x16,
    0xE9, 0x28, 0xDB, 0x7E, 0x56, 0x51, 0x0F, 0x8C, 0x0D, 0x68, 0x4C, 0x3A, 0x54, 0x0D, 0xA2, 0x46,
    0xF8, 0x12, 0x10, 0xC3, 0x01, 0x18, 0xF5, 0xE8, 0x01, 0x31, 0x52, 0x6F, 0x38, 0x1B, 0x31, 0xFA,
    0x87, 0xF6, 0x87, 0x0F, 0x3B, 0xD8, 0xF6, 0xDF, 0x82, 0xCF, 0xCD, 0x8E, 0x61, 0xDD, 0x38, 0xDC,
    0xCA, 0xB7, 0x7F, 0x8B, 0xDA, 0xF2, 0x8F, 0x8F, 0x7A, 0x41, 0xB6, 0xCA, 0xCD, 0xFA, 0xDC, 0xF1,
    0xAC, 0x82, 0x0A, 0x93, 0x7E, 0xDC, 0xA0, 0x89, 0xB2, 0x8A, 0xFD, 0x90, 0xE1, 0x7F, 0x00, 0xDE,
    0x28, 0x0E, 0xA8, 0x5D, 0x0C, 0x23, 0x6F, 0xAF, 0xA0, 0x7A, 0xBE, 0x07, 0xD5, 0xB9, 0x5B, 0x4D,
    0x83, 0x5D, 0x28, 0x07, 0xD4, 0x2E, 0x57, 0x3E, 0xE3, 0x1E, 0xD2, 0x18, 0xE9, 0xBD, 0xFE, 0x68,
    0x00, 0x86, 0xE6, 0xF0, 0x5A, 0xE1, 0x69, 0x66, 0x78, 0xB3, 0x0C, 0x80, 0x68, 0xF2, 0x28, 0xEC,
    0xF8, 0xB4, 0xC9, 0xF8, 0x78, 0xBB, 0x5D, 0x5E, 0x22, 0xBE, 0x03, 0x08, 0xBA, 0x8D, 0x48, 0x34,
    0x7A, 0x0C, 0xFB, 0x03, 0x1C, 0x3B, 0x61, 0x05, 0x44, 0xED, 0xBC, 0xA3, 0xA7, 0x18, 0x49, 0x5A,
    0x64, 0x6E, 0x43, 0x24, 0x4D, 0xB6, 0xC3, 0x46, 0x5E, 0xF0, 0x28, 0x59, 0x3D, 0x45, 0x8D, 0x0F,
    0x8F, 0x59, 0xF1, 0x98, 0x14, 0x0F, 0x30, 0x33, 0xC2, 0x17, 0x1C, 0xB0, 0x22, 0x14, 0x31, 0x80,
    0x3E, 0x7C, 0x28, 0xAC, 0x94, 0x5E, 0xC5, 0x10, 0x66, 0x11, 0xE2, 0x27, 0x7D, 0xED, 0x60, 0x1A,
    0x18, 0xC0, 0xE1, 0x04, 0x06, 0x3A, 0x0E, 0x34, 0x7D, 0xB6, 0x08, 0x74, 0x07, 0x39, 0x16, 0xC3,
    0x72, 0xD8, 0xA8, 0x16, 0xFB, 0x68, 0xD8, 0xEE, 0x7A, 0x9C, 0x1A, 0x1E, 0x20, 0xDE, 0x67, 0x88,
    0xA9, 0xCB, 0x5A, 0xCE, 0xB3, 0xA0, 0x2C, 0xAB, 0xE8, 0x22, 0x40, 0x2D, 0xE0, 0xD7, 0x3E, 0xCE,
    0x00, 0x13, 0x60, 0x4C, 0x66, 0x81, 0xDA, 0xB6, 0xC1, 0x3C, 0x1F, 0x99, 0xD0, 0x36, 0xD1, 0x10,
    0x59, 0xF1, 0x13, 0xDD, 0x61, 0x8C, 0x7A, 0x81, 0xD8, 0x00, 0x3A, 0xF9, 0x5B, 0x22, 0x30, 0xA0,
    0x3D, 0x7B, 0x69, 0x9B, 0x88, 0x60, 0x52, 0x80, 0x28, 0x8B, 0x4D, 0x56, 0x48, 0xEB, 0xF3, 0xE5,
    0x42, 0x8E, 0xC6, 0x2B, 0x01, 0x8B, 0x4B, 0x14, 0xC5, 0x95, 0x94, 0x6B, 0x4B, 0xB6, 0x2E, 0x44,
    0x20, 0xD6, 0xE0, 0x98, 0xAE, 0xA2, 0x7C, 0x5A, 0xAD, 0xBE, 0x73, 0xC1, 0xB5, 0xA7, 0xDC, 0x28,
    0x1C, 0x14, 0x8F, 0x45, 0x79, 0x7A, 0x1D, 0xE5, 0x10, 0xBB, 0x0C, 0x02, 0x98, 0xDC, 0x10, 0xD4,
    0x31, 0x69, 0xBC, 0x8E, 0xC1, 0xF0, 0xCB, 0x63, 0x30, 0x1C, 0xE2, 0x2A, 0xB1, 0x6F, 0x17, 0xFA,
    0x47, 0xB3, 0x7A, 0x1E, 0x9D, 0xCE, 0x95, 0x85, 0x3D, 0x67, 0xC8, 0x4C, 0x5B, 0x16, 0xBA, 0xC8,
    0x17, 0x3B, 0x66, 0xCF, 0x03, 0xC4, 0x2C, 0xCC, 0x90, 0x1A, 0x12, 0x42, 0x36, 0xC8, 0xC1, 0x42,
    0x02, 0xFD, 0x2C, 0x7D, 0xD5, 0xAC, 0x36, 0x28, 0x6E, 0xA4, 0xC3, 0xED, 0xDC, 0x8E, 0xAF, 0x1F,
    0xF5, 0x77, 0x83, 0x42, 0x51, 0x43, 0x30, 0xA8, 0x70, 0x40, 0xD5, 0x91, 0xC1, 0x07, 0xC4, 0x77,
    0xF8, 0x80, 0xEC, 0x46, 0x69, 0x90, 0x0C, 0xFA, 0xB2, 0x82, 0xA4, 0x2E, 0xDD, 0x38, 0xC3, 0xAC,
    0x28, 0x07, 0xDE, 0xBF, 0xED, 0xDB, 0x0D, 0xE8, 0xCC, 0x9D, 0xFE, 0x6A, 0x4B, 0xF7, 0x31, 0x75,
    0x2F, 0x1D, 0x8E, 0x07, 0x75, 0x0F, 0x3C, 0x9C, 0x6E, 0xC3, 0xC3, 0xE9, 0xEF, 0x90, 0x37, 0x2D,
    0xBA, 0xBD, 0x7E, 0x5D, 0x44, 0x4D, 0x52, 0xE9, 0x2A, 0xFE, 0x9F, 0x5A, 0x45, 0x16, 0x73, 0x77,
    0xB7, 0xF7, 0xA6, 0x7A, 0x49, 0x69, 0x75, 0x5B, 0xBD, 0xA8, 0xB2, 0x3F, 0x3B, 0x55, 0xDA, 0x0E,
    0x2A, 0x46, 0x8E, 0xBF, 0x52, 0x2C, 0xD4, 0x77, 0x9D, 0x4F, 0xDD, 0x8E, 0x4F, 0x68, 0x41, 0x34,
    0xE1, 0x32, 0x2A, 0x78, 0x94, 0xFB, 0x74, 0x08, 0xB7, 0xE3, 0x52, 0xF9, 0x7A, 0x1B, 0xFE, 0xE1,
    0xF4, 0x3F, 0xC9, 0xA5, 0x58, 0xE2, 0x42, 0xA0, 0xA6, 0x45, 0xB6, 0x70, 0xC7, 0x99, 0xF2, 0x85,
    0x0E, 0x5F, 0xED, 0x6C, 0xFC, 0x84, 0xCE, 0xC2, 0xC5, 0x77, 0x68, 0x07, 0xDF, 0xA0, 0xBD, 0x70,
    0x61, 0x4B, 0xFE, 0xCF, 0xCE, 0x8E, 0xA4, 0x67, 0xEE, 0xC6, 0xA9, 0x44, 0xBA, 0x7D, 0xE1, 0x5B,
    0xBC, 0xC6, 0xBD, 0x0C, 0x22, 0xB0, 0xC5, 0xCD, 0x62, 0x91, 0x1B, 0x34, 0x3D, 0x47, 0x0C, 0x3F,
    0x7A, 0x19, 0x34, 0x0C, 0x06, 0x6E, 0xAA, 0xE4, 0x14, 0xB9, 0xD4, 0x31, 0xC3, 0x95, 0x60, 0x08,
    0x87, 0xA8, 0x8F, 0x4C, 0x64, 0x62, 0x93, 0x74, 0x49, 0xA7, 0x5B, 0xDD, 0xE8, 0x26, 0x6D, 0xB2,
    0x2A, 0x2B, 0xF2, 0x22, 0x57, 0xB9, 0xBB, 0x9E, 0x5E, 0xD5, 0x8A, 0x0E, 0xAD, 0x29, 0x48, 0xA3,
    0x5B, 0x6A, 0xE6, 0x83, 0x1A, 0x44, 0xE1, 0x04, 0xEC, 0xC1, 0x4D, 0xCC, 0x01, 0x6A, 0x18, 0x05,
    0x83, 0x29, 0x18, 0xCC, 0x19, 0xCD, 0x0D, 0xB4, 0x2F, 0x02, 0xCD, 0x17, 0x32, 0xA0, 0xE3, 0x26,
    0xDD, 0x90, 0xDC, 0x94, 0x02, 0x3A, 0x70, 0x13, 0x5A, 0x32, 0x81, 0xA0, 0x29, 0x79, 0x41, 0xE5,
    0xA5, 0xFA, 0x03, 0x55, 0xC2, 0xA5, 0xF2, 0xAD, 0x19, 0xAA, 0xAC, 0x1D, 0xA0, 0xE3, 0x39, 0x5B,
    0xD1, 0x8E, 0xB8, 0x55, 0xB6, 0x48, 0x8D, 0x40, 0x66, 0xD4, 0x19, 0xEA, 0xDD, 0x69, 0xC9, 0xBC,
    0x90, 0xA6, 0xCC, 0xA1, 0x47, 0xC0, 0xA8, 0x12, 0x70, 0x0C, 0x7D, 0x6B, 0xB4, 0x27, 0xB3, 0x0E,
    0xD8, 0x05, 0x68, 0x02, 0x40, 0x38, 0x88, 0x61, 0xA1, 0x98, 0x55, 0xC1, 0xB6, 0x22, 0x12, 0x93,
    0x08, 0xB4, 0x11, 0x97, 0x97, 0x18, 0xC5, 0x6B, 0x2A, 0x23, 0xD0, 0x0F, 0x1A, 0x4C, 0x02, 0xEF,
    0x81, 0x30, 0x98, 0x19, 0xC0, 0x48, 0x70, 0x08, 0xA8, 0x9B, 0x8B, 0xF5, 0xFE, 0xF8, 0x3D, 0xC3,
    0xA5, 0x02, 0xAC, 0x1A, 0x7C, 0x6F, 0xCB, 0x58, 0xF2, 0x47, 0xF6, 0x08, 0x09, 0x40, 0x77, 0x80,
    0x76, 0x01, 0x6A, 0x22, 0x64, 0x80, 0x7C, 0x3B, 0x50, 0x97, 0x54, 0xB4, 0xF3, 0x92, 0x02, 0x2C,
    0x90, 0x7D, 0xAA, 0x60, 0xC5, 0x5F, 0x41, 0xCA, 0x98, 0x7E, 0xC2, 0x75, 0xCF, 0x19, 0xB9, 0x6B,
    0xF7, 0x28, 0xED, 0xD6, 0x6C, 0xE1, 0x07, 0x02, 0x63, 0x8A, 0xAE, 0xBF, 0xCD, 0xA9, 0xF6, 0x06,
    0x54, 0x80, 0xE2, 0xBA, 0x4C, 0xC1, 0x85, 0xB8, 0x05, 0x02, 0xC2, 0x00, 0x3D, 0x80, 0xA8, 0x07,
    0x18, 0x80, 0x77, 0xB9, 0xDB, 0x72, 0xB4, 0xC6, 0xB8, 0x9E, 0xF1, 0x05, 0xD7, 0xDE, 0x5A, 0x32,
    0xAF, 0x78, 0x80, 0x8E, 0xB4, 0x03, 0x96, 0x95, 0xAA, 0x19, 0xF4, 0x91, 0xFE, 0x42, 0x63, 0xD6,
    0x01, 0xEB, 0x4A, 0xD4, 0x85, 0x5C, 0x99, 0x4F, 0x7A, 0x28, 0xCC, 0xD8, 0xF1, 0xEA, 0x4A, 0xF0,
    0xFF, 0x2C, 0xFA, 0xDB, 0x43, 0xA2, 0xFD, 0x00, 0x43, 0xDA, 0x7E, 0x1B, 0x13, 0xCC, 0xC4, 0xB5,
    0xFA, 0x3E, 0x1C, 0x69, 0xC2, 0x44, 0x1B, 0x6A, 0x17, 0xE8, 0x0B, 0x20, 0x87, 0x98, 0xEB, 0x9A,
    0xEC, 0xA7, 0xB4, 0xB9, 0x64, 0x7F, 0xAE, 0xE9, 0xDD, 0x15, 0x25, 0xEE, 0x80, 0xDA, 0x78, 0x4C,
    0x36, 0x5E, 0xEB, 0xC7, 0x15, 0x50, 0x03, 0xD4, 0x33, 0x5F, 0x20, 0xFD, 0x12, 0x26, 0x04, 0xB2,
    0x36, 0x10, 0x0B, 0xA4, 0x97, 0x47, 0x23, 0xD2, 0x02, 0x44, 0x55, 0x61, 0x25, 0xFA, 0x74, 0x86,
    0x97, 0x23, 0x9C, 0x9C, 0xE0, 0xA3, 0x45, 0xD3, 0x22, 0x41, 0xE0, 0xFE, 0x80, 0x86, 0x49, 0x8D,
    0xEE, 0x44, 0x59, 0x6C, 0xD0, 0xCB, 0x07, 0x0E, 0x6E, 0x28, 0x9B, 0xC9, 0xEB, 0x8E, 0x2B, 0x9C,
    0x9F, 0xCA, 0x66, 0x81, 0xBC, 0x5A, 0x4C, 0x7F, 0x01, 0xF0, 0x3A, 0xE0, 0x6B, 0x8B, 0x55, 0x58,
    0xD5, 0x81, 0x55, 0xA5, 0x58, 0x15, 0x4C, 0x62, 0x55, 0x02, 0xAB, 0xB2, 0x46, 0x40, 0xA8, 0x8A,
    0x7F, 0x81, 0x27, 0x13, 0x6F, 0xD5, 0x0C, 0xAB, 0x7A, 0x58, 0xD5, 0x3A, 0xAB, 0x0C, 0xAC, 0xEA,
    0x55, 0x7E, 0xA5, 0x55, 0xA4, 0x28, 0x07, 0x9C, 0x2D, 0xFD, 0x29, 0xEA, 0x98, 0xA6, 0xEF, 0x64,
    0xE8, 0xAA, 0xDC, 0x1E, 0x15, 0xF3, 0x95, 0xA3, 0x62, 0xE9, 0x8F, 0xC3, 0xB5, 0x43, 0x70, 0xBB,
    0x67, 0x66, 0xBB, 0x43, 0x90, 0x8B, 0x69, 0x45, 0xB9, 0x2C, 0x7A, 0x55, 0x4A, 0xFD, 0x3E, 0xC3,
    0x81, 0x8B, 0x70, 0x3D, 0xAD, 0xF4, 0xEF, 0x6F, 0x2F, 0x45, 0x89, 0x33, 0x9F, 0x45, 0x04, 0x38,
    0x9E, 0x30, 0x83, 0xC8, 0x18, 0x04, 0x71, 0xF8, 0x6A, 0x79, 0x20, 0xD2, 0xCC, 0xD8, 0xA6, 0xF1,
    0x74, 0x30, 0xB2, 0x5D, 0xD8, 0x62, 0x29, 0xAA, 0xC9, 0x1E, 0xD5, 0x15, 0x3D, 0x5A, 0x05, 0xFF,
    0xE6, 0x32, 0x2A, 0x98, 0x01, 0x92, 0xA6, 0x33, 0x9A, 0x39, 0xFE, 0xEA, 0x2C, 0xB2, 0xBD, 0x9C,
    0x45, 0xBA, 0xBC, 0xDC, 0x55, 0x50, 0x92, 0x8F, 0x9C, 0x13, 0x05, 0x0A, 0x5B, 0x23, 0x6F, 0xF1,
    0xC9, 0x1A, 0xC4, 0x61, 0xED, 0xD2, 0x04, 0x67, 0xFD, 0xA9, 0x5C, 0x1F, 0xCE, 0x02, 0xD1, 0x84,
    0x19, 0x66, 0x04, 0x55, 0xF7, 0xA1, 0xDE, 0x08, 0x84, 0xED, 0x6F, 0x9A, 0xAA, 0x3C, 0xEC, 0x54,
    0x99, 0xF4, 0x6A, 0xAD, 0x7B, 0x75, 0x16, 0x8B, 0x4E, 0xF9, 0xF7, 0x18, 0x49, 0x80, 0xD2, 0x4F,
    0x57, 0xE7, 0x08, 0x3B, 0xD1, 0xAD, 0x7B, 0x07, 0x89, 0xD1, 0xC8, 0x4A, 0x92, 0xF6, 0x0B, 0x78,
    0xFC, 0xD8, 0xAD, 0xFC, 0x6E, 0xF2, 0xD3, 0x49, 0xCB, 0xE7, 0x27, 0xA3, 0xFE, 0xB7, 0xFE, 0xFA,
    0x56, 0xBE, 0x3E, 0x66, 0x02, 0xB6, 0x63, 0xE6, 0xF7, 0xC5, 0xE7, 0xC4, 0x08, 0xD4, 0x02, 0x76,
    0x2E, 0x5C, 0x16, 0x9C, 0x33, 0x01, 0x82, 0xBB, 0x7F, 0x38, 0xFC, 0xFA, 0x28, 0xFD, 0xB1, 0xEC,
    0x66, 0x4C, 0xF1, 0x34, 0x9A, 0x09, 0x74, 0xBF, 0xCE, 0xAB, 0x1F, 0x47, 0xD6, 0x88, 0x92, 0x7C,
    0xC0, 0x2E, 0xB8, 0xB7, 0x1F, 0xBF, 0xEF, 0x62, 0x12, 0x5C, 0x3C, 0x60, 0xDD, 0x28, 0x03, 0x31,
    0x32, 0x7E, 0x70, 0x6D, 0x97, 0xBC, 0xE1, 0x1D, 0xE5, 0x85, 0xE8, 0x5C, 0x9A, 0x68, 0xE8, 0xBE,
    0x1D, 0x68, 0xA5, 0x1D, 0x5D, 0xDA, 0x39, 0xB9, 0xD4, 0xB3, 0x86, 0xC5, 0xE1, 0x88, 0x39, 0x18,
    0x31, 0xB4, 0x62, 0x1A, 0x9A, 0x36, 0x4C, 0x45, 0x75, 0xC7, 0x5C, 0x34, 0x36, 0x10, 0x02, 0x4C,
    0x4B, 0xC3, 0x31, 0x66, 0x5E, 0x3A, 0x25, 0x06, 0x7C, 0xAC, 0x5D, 0x8A, 0x9A, 0xBB, 0x27, 0xE8,
    0xFC, 0xEF, 0x39, 0xD2, 0xD2, 0x0F, 0x1A, 0x08, 0x6D, 0x19, 0x4F, 0x63, 0x4B, 0x4F, 0x23, 0x08,
    0xBE, 0xFE, 0x64, 0x8B, 0x58, 0x18, 0xC5, 0x63, 0xE1, 0x59, 0xB3, 0x01, 0x1F, 0xBD, 0xF1, 0x43,
    0x23, 0x70, 0xF1, 0x1C, 0x72, 0x48, 0x66, 0x81, 0xDA, 0xB6, 0xE1, 0xE7, 0xE7, 0x7C, 0x8A, 0x8E,
    0xFB, 0x68, 0x56, 0x08, 0x88, 0x80, 0x5E, 0x20, 0x36, 0x02, 0x49, 0xA7, 0xC2, 0x3E, 0x69, 0x61,
    0xBB, 0x00, 0x12, 0x9B, 0xD8, 0xA4, 0x17, 0x90, 0x74, 0x19, 0x62, 0x3B, 0x22, 0x51, 0x93, 0x2B,
    0x82, 0x98, 0x5C, 0x0A, 0x54, 0x07, 0xCB, 0xDB, 0x55, 0xE5, 0x94, 0x18, 0x4E, 0x14, 0x11, 0x84,
    0x4F, 0x5D, 0x5E, 0x77, 0xC2, 0x10, 0xC3, 0x96, 0x42, 0x15, 0xFB, 0x60, 0xF8, 0x52, 0x89, 0xDB,
    0x25, 0x5D, 0x4A, 0x1F, 0x8D, 0xAE, 0xA8, 0x59, 0x16, 0xBA, 0xBF, 0xEA, 0xD3, 0xA5, 0xE0, 0x84,
    0x9B, 0x0B, 0x43, 0x93, 0x42, 0x60, 0x3D, 0x8B, 0x1D, 0x64, 0xA0, 0xC8, 0x3B, 0xA0, 0xAF, 0xFE,
    0xE0, 0x07, 0xC2, 0x29, 0x86, 0xF6, 0x6D, 0x0C, 0xEC, 0x2C, 0x5B, 0x12, 0xF5, 0x98, 0x03, 0xA1,
    0xD8, 0xCB, 0x40, 0x60, 0xF2, 0x92, 0xB7, 0x00, 0x0E, 0x46, 0x40, 0x52, 0x2C, 0x3B, 0x43, 0xBF,
    0x05, 0x50, 0x77, 0x42, 0xB1, 0xFF, 0x38, 0xB3, 0xBD, 0x3A, 0x5E, 0xBF, 0x35, 0x82, 0xD4, 0x49,
    0x59, 0x3C, 0x51, 0x5A, 0x90, 0x3C, 0x09, 0xA0, 0xB7, 0xAD, 0x03, 0xB0, 0x1C, 0x0A, 0x4C, 0x5C,
    0xE4, 0x82, 0x63, 0x80, 0x60, 0xBC, 0xDA, 0xBE, 0xC5, 0xC8, 0xA7, 0xA0, 0xE5, 0x9A, 0x2F, 0xD0,
    0x72, 0x5E, 0xCC, 0x4E, 0x6C, 0x8D, 0x3B, 0x44, 0xD2, 0xA5, 0x25, 0xA3, 0x93, 0x8C, 0xB9, 0x2C,
    0x02, 0x22, 0xAA, 0x72, 0x17, 0xDE, 0x2A, 0xF6, 0x32, 0x06, 0xB3, 0xED, 0xA0, 0x08, 0xDD, 0xF7,
    0x46, 0x58, 0x61, 0x04, 0xE6, 0x02, 0x57, 0x58, 0x0B, 0xE6, 0x89, 0x7E, 0x25, 0xCE, 0x95, 0xE5,
    0x29, 0xB2, 0xB6, 0x78, 0xF0, 0xB0, 0x6F, 0x5A, 0xA1, 0xA9, 0x47, 0x66, 0x57, 0x56, 0xF0, 0x6D,
    0xC6, 0x5B, 0x82, 0x88, 0xF9, 0x2D, 0x3D, 0x9D, 0xB4, 0x01, 0xA6, 0x2D, 0x58, 0x61, 0x57, 0x9A,
    0xF2, 0x8A, 0x58, 0x2C, 0x18, 0x8C, 0x25, 0x48, 0x20, 0x46, 0x03, 0xB1, 0x07, 0x26, 0x06, 0x67,
    0x75, 0xC7, 0xA5, 0x9F, 0x06, 0xF7, 0xD6, 0x85, 0x16, 0xAF, 0x19, 0x1D, 0x35, 0xB7, 0xFF, 0xD9,
    0x96, 0x86, 0xD0, 0xA8, 0x13, 0xB7, 0xCF, 0xE7, 0xAE, 0xD2, 0x08, 0xC8, 0xA9, 0x95, 0x73, 0xBE,
    0x84, 0xF5, 0x47, 0xCA, 0x3D, 0x03, 0xDB, 0x8F, 0xEB, 0x26, 0x9A, 0xA4, 0x5A, 0x6D, 0x2E, 0x16,
    0x56, 0x07, 0x51, 0x10, 0x42, 0xAF, 0xB0, 0x8E, 0xAC, 0x67, 0x0D, 0x98, 0x60, 0x05, 0xC0, 0x4C,
    0xB0, 0x64, 0x8D, 0xDD, 0x1B, 0x25, 0xEC, 0xC8, 0x9B, 0xC0, 0x2A, 0x7D, 0x7E, 0x34, 0x5E, 0xEC,
    0xCE, 0x3A, 0x3A, 0x27, 0x27, 0x2A, 0x84, 0xAD, 0x45, 0xC2, 0x77, 0xA6, 0x60, 0x38, 0xA6, 0x59,
    0x81, 0x1D, 0x96, 0x96, 0x3D, 0x14, 0x0E, 0xA3, 0x26, 0xEC, 0x04, 0x62, 0xE9, 0x55, 0xE7, 0x3F,
    0x6A, 0xC4, 0x03, 0x6E, 0xAA, 0xEB, 0xD5, 0xFE, 0xD8, 0xC4, 0xE6, 0x0A, 0x78, 0x9C, 0x33, 0x19,
    0x38, 0xCB, 0xC0, 0x63, 0xEF, 0xB7, 0x53, 0xA2, 0x1C, 0x0C, 0x9B, 0x2A, 0xFE, 0x10, 0x8B, 0x0E,
    0x7F, 0x87, 0x04, 0x13, 0xD1, 0xEB, 0xF4, 0x0E, 0xF6, 0x96, 0x9C, 0xEE, 0x93, 0xCD, 0xE7, 0xE6,
    0x97, 0xB9, 0x8F, 0x24, 0xB4, 0xF6, 0x43, 0x6E, 0x25, 0xD1, 0xF3, 0x91, 0x3D, 0xC7, 0xB0, 0xCE,
    0xDB, 0xC0, 0x82, 0x0C, 0xCE, 0xDA, 0x6E, 0xC3, 0x0B, 0x77, 0x82, 0x70, 0xB2, 0x02, 0x83, 0x2E,
    0xEF, 0xCD, 0x18, 0xA7, 0x3B, 0xA8, 0x51, 0x7E, 0x55, 0x96, 0x90, 0xBD, 0x2F, 0x03, 0x0E, 0x74,
    0x64, 0xD6, 0x1A, 0xF7, 0xE8, 0xE1, 0xBE, 0xF8, 0x19, 0xC6, 0x2F, 0x6C, 0xE0, 0x20, 0xD4, 0xCB,
    0x97, 0xD9, 0x7D, 0x01, 0x83, 0xBC, 0x90, 0xA9, 0x0A, 0x6E, 0x65, 0xD4, 0xA3, 0x8A, 0x0C, 0x5F,
    0xA0, 0xBD, 0xE6, 0x97, 0x78, 0xBE, 0x67, 0x27, 0xD8, 0x1E, 0x2C, 0xDE, 0xA8, 0x6C, 0x8E, 0xF8,
    0x85, 0x8C, 0x1F, 0x0D, 0x30, 0x61, 0xC4, 0x86, 0x5C, 0x6C, 0x5B, 0xC9, 0xCE, 0xEB, 0x0E, 0xFB,
    0x22, 0x6D, 0x11, 0x1B, 0xDD, 0xA1, 0xB2, 0x90, 0x2B, 0x10, 0xBD, 0x10, 0x0A, 0x2D, 0x46, 0x64,
    0xC9, 0x74, 0xFE, 0x55, 0x70, 0x8B, 0x37, 0x4C, 0xE8, 0x69, 0x29, 0xE4, 0x44, 0xFD, 0xCB, 0x66,
    0x53, 0x27, 0x1B, 0x27, 0x6B, 0xC8, 0x5A, 0x05, 0xC2, 0xEA, 0xB3, 0x62, 0x6D, 0x0C, 0x97, 0x95,
    0xE8, 0xFA, 0xE9, 0x7C, 0x6F, 0xC6, 0xAC, 0x5E, 0xB8, 0x5D, 0xB4, 0x1F, 0x09, 0xF7, 0x6E, 0xE4,
    0x7F, 0x0F, 0x10, 0xF6, 0x1B, 0x6B, 0x45, 0x15, 0x30, 0xF7, 0xC9, 0x9A, 0x2F, 0xA0, 0xB0, 0xE2,
    0x76, 0x9D, 0x41, 0x70, 0xF5, 0xDA, 0xBC, 0xEC, 0x70, 0x9D, 0xC9, 0xCC, 0xE4, 0x31, 0x18, 0x97,
    0x45, 0xDA, 0x92, 0x4F, 0x6B, 0x33, 0xDA, 0x8D, 0xCB, 0x43, 0xC8, 0xA8, 0xC0, 0x0A, 0xA2, 0x16,
    0xAA, 0x49, 0x3E, 0xBB, 0x37, 0x82, 0xC5, 0x60, 0x76, 0x0B, 0xC0, 0xC4, 0x92, 0x8D, 0x99, 0x17,
    0xC4, 0x65, 0x7D, 0x9A, 0x5F, 0xF8, 0x47, 0x22, 0x2F, 0x23, 0xFD, 0x17, 0xA9, 0x1A, 0x74, 0x72,
    0xB3, 0x31, 0x98, 0xBF, 0x48, 0xD3, 0x5F, 0x51, 0x2C, 0x18, 0x5F, 0x63, 0x69, 0x82, 0xF3, 0xF9,
    0x6E, 0xF0, 0xB0, 0x43, 0x84, 0x44, 0x7B, 0xC2, 0x20, 0x58, 0xF4, 0xF8, 0x4B, 0xEB, 0x4F, 0x3D,
    0x07, 0x3B, 0x25, 0x69, 0x80, 0x69, 0x07, 0xCC, 0x88, 0x69, 0xEB, 0xDF, 0xB0, 0x6B, 0xE5, 0xD6,
    0xCF, 0x7C, 0x42, 0x9B, 0x07, 0x93, 0xCA, 0xD3, 0x51, 0x1D, 0x97, 0xFF, 0xA8, 0x8E, 0x07, 0xF7,
    0xDB, 0x28, 0x5B, 0xD0, 0x41, 0x35, 0x3D, 0xC9, 0xDA, 0xD0, 0xCE, 0xDA, 0x1D, 0xCC, 0x77, 0x79,
    0x53, 0xE5, 0xDF, 0x46, 0xBC, 0xEE, 0x16, 0xED, 0xB8, 0x83, 0xED, 0xAF, 0x60, 0x22, 0x2A, 0x57,
    0xFA, 0x6F, 0x61, 0x69, 0xFC, 0x01, 0x53, 0x90, 0xD9, 0xB5, 0xE0, 0x01, 0xF5, 0xC4, 0x5C, 0xAC,
    0x4D, 0xFF, 0xDC, 0xA8, 0xE4, 0x3F, 0x1B, 0x51, 0xE0, 0x48, 0x53, 0x77, 0xBF, 0xFC, 0x9E, 0xE8,
    0x6A, 0x66, 0x03, 0xF8, 0x96, 0x2E, 0x80, 0x77, 0xFC, 0xD0, 0xDE, 0x2C, 0x19, 0xC6, 0x7C, 0xC8,
    0x19, 0x40, 0xCF, 0xAF, 0x71, 0xD6, 0x70, 0x69, 0xB1, 0xFA, 0xD3, 0xED, 0x1D, 0xAC, 0x96, 0x58,
    0x57, 0xC0, 0xD2, 0xF5, 0x9D, 0x89, 0x3A, 0x6C, 0xEB, 0x53, 0x87, 0xCC, 0x02, 0x63, 0x4B, 0xBD,
    0x75, 0x0B, 0xCC, 0x2E, 0xAF, 0x33, 0x03, 0x9F, 0x21, 0x37, 0x19, 0x9D, 0x28, 0x85, 0x2A, 0x21,
    0x0F, 0x93, 0x91, 0x8A, 0x69, 0x88, 0x3A, 0x9A, 0x97, 0x35, 0x04, 0xF6, 0xAC, 0xA8, 0xF3, 0x23,
    0xF8, 0xEB, 0x3C, 0xC1, 0xA9, 0xAA, 0xB6, 0x5D, 0x38, 0xBF, 0x85, 0x2C, 0xD3, 0xB0, 0xAF, 0x81,
    0x27, 0x5C, 0x8D, 0xBE, 0x59, 0x0F, 0x98, 0x17, 0x61, 0x04, 0x98, 0x22, 0x7B, 0x0B, 0x83, 0x0F,
    0xA4, 0xA1, 0xEA, 0x4F, 0x6C, 0x91, 0xD9, 0x49, 0x85, 0x2E, 0xEC, 0x1D, 0x03, 0x02, 0x0B, 0x74,
    0x7B, 0x24, 0xF5, 0x1B, 0xB0, 0x3D, 0x0F, 0x0D, 0x29, 0xFB, 0x97, 0x03, 0xE2, 0x2C, 0xA3, 0xCF,
    0x7C, 0xAB, 0x93, 0xBC, 0x87, 0x45, 0xF4, 0x41, 0x28, 0xFB, 0xFA, 0x97, 0xCD, 0xD9, 0x93, 0x73,
    0x50, 0x3C, 0x16, 0x07, 0xD5, 0x06, 0x07, 0xDD, 0xB5, 0x1C, 0xB4, 0x9E, 0x03, 0x4B, 0x0E, 0x06,
    0x70, 0xC0, 0x0A, 0xE2, 0x8D, 0x79, 0x2C, 0x6B, 0x81, 0x37, 0xFB, 0x8D, 0xDD, 0x44, 0x03, 0xE0,
    0x67, 0x86, 0xCA, 0xAB, 0xC7, 0xE1, 0xC5, 0xF6, 0x8E, 0x97, 0xC0, 0x36, 0x50, 0xBC, 0xC9, 0xCB,
    0x1F, 0x4B, 0x63, 0xD4, 0xFF, 0x50, 0x17, 0xB9, 0x9D, 0xC5, 0x86, 0xCE, 0xFD, 0x4A, 0x12, 0x4F,
    0x26, 0xE7, 0xF4, 0xD9, 0x45, 0x4E, 0x5D, 0xA8, 0xAF, 0xD6, 0x72, 0x27, 0x15, 0xE7, 0x9C, 0xB6,
    0xF4, 0xCB, 0xD0, 0x9F, 0xFC, 0x47, 0xA3, 0xA8, 0x83, 0xC9, 0xCC, 0xC1, 0x8D, 0x4F, 0x5D, 0x1C,
    0x63, 0x8A, 0x01, 0x4D, 0x1F, 0x76, 0x0B, 0x9B, 0x6B, 0xE5, 0x07, 0xA9, 0xA3, 0x16, 0xDC, 0x2A,
    0x90, 0xAB, 0xC0, 0xAE, 0x5F, 0xA0, 0x24, 0xC1, 0xF4, 0x9E, 0x5D, 0x8F, 0x1C, 0xB3, 0xF3, 0x2D,
    0xC1, 0x29, 0x59, 0x00, 0xD3, 0x1E, 0x7A, 0xA0, 0x42, 0x17, 0x54, 0xE8, 0x83, 0xAE, 0x13, 0x96,
    0x56, 0x8A, 0xAA, 0x89, 0xAB, 0x95, 0x5D, 0xAD, 0x1C, 0x19, 0x7E, 0xA3, 0x32, 0x71, 0x77, 0xA3,
    0x72, 0xEF, 0x31, 0xDE, 0xF4, 0x7B, 0x67, 0xA3, 0xB2, 0xBE, 0x7E, 0xA3, 0xF2, 0xCE, 0xAF, 0xC1,
    0xEA, 0xCB, 0x3B, 0xFE, 0x03, 0xE3, 0xD5, 0x06, 0xEE, 0xAC, 0x26, 0xA6, 0x80, 0x3F, 0x9A, 0x95,
    0x7F, 0x5A, 0xB9, 0x79, 0xC5, 0xBB, 0x7A, 0xE1, 0x77, 0xD9, 0xE3, 0x71, 0x6B, 0x5A, 0xF9, 0xBD,
    0x1C, 0x7E, 0x3B, 0xC2, 0xB5, 0xDB, 0x00, 0xE0, 0x4A, 0x72, 0xFE, 0x5D, 0xE1, 0x18, 0x8B, 0x11,
    0x1D, 0x6C, 0xA2, 0x45, 0xCC, 0x5B, 0x8F, 0xD8, 0x82, 0x3C, 0x9E, 0x9F, 0xC5, 0xA0, 0x1E, 0x2C,
    0x55, 0xB0, 0x02, 0xBB, 0xAF, 0x96, 0xED, 0xCD, 0x6A, 0xDD, 0x03, 0x73, 0xD2, 0x81, 0x48, 0xE3,
    0xCB, 0xD3, 0xCD, 0x3F, 0x74, 0xB2, 0xA7, 0x31, 0x79, 0xE8, 0xD5, 0x73, 0x55, 0x6C, 0x10, 0xFA,
    0x3B, 0x95, 0x63, 0x82, 0x28, 0xD5, 0x4D, 0xD2, 0x4B, 0x7E, 0x01, 0x95, 0x22, 0xC3, 0xFE, 0xA5,
    0xB0, 0x7F, 0x1F, 0xEC, 0x80, 0x3D, 0x96, 0xB0, 0xD9, 0x2D, 0x69, 0x23, 0x81, 0x96, 0x3B, 0xBE,
    0x49, 0xB8, 0x63, 0x3C, 0x05, 0x39, 0x4D, 0x46, 0xBC, 0xB5, 0x2A, 0xDF, 0x5F, 0x15, 0x8F, 0x67,
    0xFD, 0x44, 0xF4, 0x04, 0x66, 0x96, 0x76, 0x12, 0x6F, 0x7D, 0xE7, 0x1C, 0xD5, 0x78, 0x02, 0x3D,
    0x8D, 0x3B, 0x04, 0x5E, 0xBB, 0xDF, 0x3E, 0x38, 0xD9, 0xCD, 0x28, 0xD2, 0x4A, 0x69, 0xB7, 0x7B,
    0xAD, 0xBB, 0x51, 0xAE, 0x8A, 0xAD, 0x17, 0x82, 0x13, 0xE8, 0x9A, 0xB8, 0xCB, 0xFE, 0x77, 0xA6,
    0x57, 0xAE, 0x4C, 0xFA, 0x22, 0xFC, 0x6D, 0xFE, 0x0B, 0xB7, 0xE2, 0x95, 0x0D, 0x50, 0x52, 0x3C,
    0x03, 0xE5, 0xFD, 0x0B, 0x50, 0x3B, 0xA3, 0x4F, 0xDD, 0x2F, 0x61, 0xF9, 0x3B, 0x09, 0x6C, 0xF3,
    0x25, 0x98, 0x70, 0x37, 0x13, 0xF6, 0x3E, 0x24, 0xA2, 0xAE, 0x78, 0xE3, 0x77, 0x83, 0x89, 0xFB,
    0xC5, 0x60, 0x97, 0x00, 0x5B, 0x20, 0x5E, 0x16, 0x03, 0xE1, 0x44, 0x46, 0xCC, 0x2B, 0x38, 0x91,
    0x17, 0x19, 0x91, 0xE9, 0x25, 0x9D, 0xAD, 0xC9, 0xF7, 0x9A, 0x28, 0x1E, 0x80, 0x55, 0x7C, 0x0F,
    0x81, 0x70, 0x40, 0xAE, 0xD4, 0x86, 0xAF, 0xEF, 0x1B, 0x95, 0x30, 0xA4, 0x84, 0x0C, 0x29, 0x9C,
    0x7F, 0xE1, 0x7E, 0x88, 0x9F, 0x36, 0xFC, 0x4C, 0x4E, 0x7E, 0x60, 0x0B, 0xA5, 0xC5, 0x58, 0x5F,
    0x2E, 0xAF, 0x11, 0x76, 0x9B, 0xCB, 0x5C, 0x80, 0xDD, 0x65, 0x2E, 0x02, 0x2C, 0xCF, 0x61, 0x32,
    0xB7, 0x0C, 0x48, 0xDF, 0xB4, 0x62, 0x70, 0x62, 0x55, 0xF6, 0xFF, 0x75, 0xAE, 0xB4, 0x1D, 0x73,
    0xCC, 0x72, 0xE0, 0xDF, 0x5A, 0x4B, 0x9C, 0xF9, 0x4B, 0xB6, 0xD5, 0xE1, 0xD0, 0xB6, 0xBB, 0xC2,
    0xB5, 0x27, 0xC6, 0x7E, 0x4F, 0x7D, 0xE5, 0xD1, 0xEF, 0xD9, 0x72, 0xBE, 0x8A, 0x4A, 0x69, 0x56,
    0xEC, 0xAC, 0x58, 0xA9, 0xC3, 0xE1, 0xF0, 0xFA, 0x15, 0xAE, 0xBD, 0xB0, 0xA9, 0x4A, 0x18, 0x12,
    0xBE, 0x07, 0xEE, 0xE2, 0xA2, 0xF3, 0xF8, 0x46, 0xA3, 0x60, 0xED, 0x01, 0xB1, 0xE9, 0xF6, 0xB7,
    0xDD, 0xC6, 0x64, 0xF4, 0xFD, 0xDF, 0x16, 0xF8, 0xF1, 0x37, 0xF1, 0xED, 0x25, 0xE6, 0x9B, 0x7B,
    0xA5, 0x34, 0xE7, 0x74, 0x3C, 0xE6, 0x8C, 0x53, 0xC2, 0x12, 0xB2, 0x75, 0xC1, 0xF4, 0xDB, 0x0D,
    0x0D, 0x38, 0x24, 0x4A, 0xE3, 0x4F, 0x07, 0x51, 0xFA, 0xEF, 0xDD, 0xC5, 0x1A, 0xE8, 0x69, 0x0E,
    0x97, 0x4E, 0xF7, 0xC8, 0xE6, 0x63, 0xB3, 0x43, 0x24, 0x3B, 0xFA, 0x4A, 0x76, 0x80, 0x8E, 0x1D,
    0x20, 0xD8, 0x21, 0x16, 0x0B, 0x47, 0x33, 0xD9, 0x99, 0x36, 0xD8, 0x19, 0x2E, 0xD8, 0xC9, 0x3A,
    0xE4, 0x48, 0x7A, 0x7E, 0x95, 0xBF, 0xB4, 0x40, 0x86, 0xCA, 0xB4, 0x77, 0x79, 0xF4, 0x48, 0x2A,
    0xFF, 0xEB, 0xC1, 0x97, 0x88, 0x8E, 0x9F, 0xB3, 0x67, 0x80, 0xE5, 0x08, 0x4C, 0xBB, 0xBD, 0x74,
    0xBC, 0x77, 0x97, 0x9D, 0x5E, 0xBA, 0x80, 0xD2, 0x5F, 0xFD, 0xFF, 0xA7, 0x9C, 0x10, 0xE1, 0x22,
    0x8B, 0x1E, 0x9D, 0xCC, 0xEF, 0x38, 0x39, 0xA6, 0x05, 0x04, 0x2D, 0xBB, 0x5C, 0x40, 0x5C, 0x2A,
    0x74, 0x18, 0x91, 0xA0, 0xA5, 0x15, 0x59, 0xE2, 0xF5, 0xA2, 0xC8, 0xBA, 0x93, 0xB3, 0x22, 0x6D,
    0x87, 0x4E, 0x58, 0x85, 0x0F, 0x3B, 0x90, 0x5B, 0x45, 0xBF, 0x30, 0xA0, 0xB7, 0x4A, 0x3E, 0x34,
    0xD2, 0x92, 0x59, 0x25, 0x8B, 0xEA, 0x21, 0x64, 0xFA, 0x86, 0xB4, 0xA0, 0xC8, 0x3C, 0x34, 0xB1,
    0x11, 0x59, 0x86, 0x26, 0xE9, 0x44, 0x9E, 0x61, 0xC7, 0xB9, 0xC8, 0x31, 0xE0, 0x7E, 0x8B, 0xBF,
    0xE9, 0x83, 0x1E, 0x3B, 0xE2, 0xDE, 0x30, 0xC1, 0x00, 0x32, 0x64, 0xB5, 0x68, 0x58, 0x8B, 0x94,
    0x57, 0x63, 0xC3, 0x24, 0xF2, 0xED, 0x4A, 0x8D, 0xA3, 0x48, 0x6C, 0x40, 0xBD, 0x78, 0xCC, 0xB5,
    0x46, 0x24, 0x96, 0x47, 0x21, 0x47, 0xF7, 0x38, 0xA4, 0x7B, 0x91, 0x8D, 0x48, 0x03, 0x1A, 0xD5,
    0xF2, 0x0B, 0x7F, 0xFA, 0x4B, 0x8C, 0x66, 0x0A, 0xFD, 0x36, 0xC5, 0x1D, 0xE7, 0xFB, 0x00, 0x3E,
    0xB7, 0xCB, 0xE4, 0xF6, 0x64, 0x4E, 0xA8, 0x61, 0x2D, 0x22, 0x33, 0x52, 0xC1, 0x99, 0xCA, 0x4D,
    0x00, 0xF1, 0x00, 0x3E, 0xAD, 0xD5, 0x60, 0xB0, 0xED, 0x33, 0x30, 0x68, 0xE6, 0xE3, 0xA8, 0x83,
    0x43, 0xC7, 0x71, 0x33, 0xA4, 0x15, 0x2A, 0x7E, 0x57, 0xDC, 0xB9, 0x93, 0x16, 0x18, 0x4D, 0x77,
    0x32, 0x75, 0xFF, 0x4C, 0xC4, 0x6D, 0x75, 0x1F, 0x2B, 0x57, 0xA7, 0xEA, 0xF6, 0x20, 0xA2, 0xC7,
    0xE2, 0x37, 0x0E, 0x08, 0xD7, 0xFF, 0xDC, 0x5A, 0x94, 0x88, 0x0A, 0x1F, 0x26, 0xF4, 0x3E, 0x23,
    0xCC, 0x7B, 0xE0, 0x78, 0xBA, 0xFC, 0x88, 0x64, 0xF7, 0x37, 0x24, 0xEC, 0xEE, 0x9C, 0x18, 0x66,
    0xD4, 0x14, 0x71, 0x0B, 0x6A, 0xD2, 0x83, 0x0D, 0xDD, 0x5D, 0xBC, 0xE9, 0x14, 0xC3, 0x6B, 0xA4,
    0xF3, 0x01, 0x57, 0xFE, 0xD8, 0x39, 0xA6, 0x84, 0xD9, 0x2E, 0x17, 0x11, 0x4B, 0xB7, 0x93, 0xC5,
    0x0A, 0x2C, 0x8B, 0xE1, 0x03, 0xD1, 0x3C, 0xF6, 0x8F, 0x40, 0x0B, 0x8F, 0x3E, 0x2F, 0xF6, 0x8F,
    0x1F, 0x35, 0x63, 0xCE, 0xE7, 0xCC, 0xB5, 0xFF, 0x15, 0xB5, 0x66, 0x97, 0x17, 0x02, 0x39, 0x36,
    0x50, 0x33, 0xF7, 0x14, 0xAA, 0x5C, 0x01, 0xD7, 0xD4, 0x3B, 0x62, 0x2E, 0x40, 0xCE, 0x1A, 0x77,
    0x2E, 0x63, 0x4D, 0xBA, 0xA5, 0x0B, 0x87, 0x06, 0xF5, 0x4B, 0x2F, 0x62, 0x8B, 0x9E, 0x01, 0xC7,
    0x11, 0x38, 0xF7, 0x54, 0x6B, 0x80, 0xE5, 0xA6, 0xA1, 0xEA, 0xD2, 0xFF, 0x2F, 0x14, 0xF5, 0xFE,
    0x29, 0x86, 0x1E, 0xBD, 0x6A, 0x79, 0xE7, 0x40, 0xAC, 0x80, 0x2A, 0x6E, 0x34, 0xBB, 0x55, 0xC6,
    0xA5, 0x04, 0x50, 0xAD, 0xAB, 0xB4, 0x38, 0xA0, 0x56, 0xC0, 0x36, 0x1F, 0xEF, 0x3D, 0x69, 0x0A,
    0x7A, 0x60, 0xD4, 0x01, 0x2F, 0x4F, 0x06, 0x78, 0x47, 0x31, 0x11, 0x47, 0x64, 0x83, 0x7F, 0xB9,
    0x61, 0x46, 0xDE, 0x00, 0x2D, 0x53, 0x8B, 0x89, 0xDC, 0x0C, 0xB4, 0x65, 0xF3, 0x24, 0xC0, 0x9D,
    0x4C, 0xDC, 0xC9, 0xEE, 0xD2, 0xC9, 0xC8, 0x9D, 0xEC, 0xFD, 0xC9, 0x72, 0xE3, 0xE4, 0xE8, 0x4F,
    0x66, 0x9F, 0x21, 0x73, 0xCE, 0x2D, 0xB2, 0xE8, 0x92, 0x46, 0x2D, 0xD6, 0xE6, 0x8B, 0x23, 0xF4,
    0x63, 0x7B, 0x28, 0x63, 0xCF, 0x94, 0x83, 0xD5, 0xEA, 0xA8, 0x5D, 0x18, 0x99, 0x97, 0x69, 0x31,
    0xE9, 0x16, 0xDA, 0xEA, 0xE5, 0x41, 0x2D, 0x66, 0x14, 0xDF, 0xBD, 0x94, 0xA4, 0x67, 0xEF, 0x8B,
    0x0D, 0x25, 0x4C, 0xA8, 0x69, 0x01, 0x03, 0x03, 0xAB, 0xF0, 0xA8, 0x8B, 0x03, 0x62, 0x30, 0x6E,
    0xE9, 0x1A, 0x81, 0xDE, 0xEC, 0x8D, 0x3C, 0xBF, 0x5A, 0xC1, 0x71, 0xAB, 0xFA, 0xB3, 0xCB, 0xAB,
    0x15, 0xE9, 0x01, 0x11, 0x19, 0x1A, 0x2C, 0xD5, 0x0F, 0x7C, 0x45, 0x75, 0xBA, 0x2C, 0xCA, 0xE9,
    0x66, 0x7F, 0x6C, 0xFE, 0x12, 0xDD, 0x57, 0x2D, 0xB0, 0xDE, 0xC6, 0x15, 0x3D, 0xD2, 0xB6, 0x56,
    0x5B, 0x81, 0x25, 0xCD, 0x4C, 0x7F, 0x47, 0x7C, 0xA6, 0xAD, 0x68, 0x48, 0x9E, 0x54, 0x54, 0x10,
    0x12, 0xF2, 0x4D, 0x40, 0x40, 0x0B, 0xCA, 0x02, 0x1E, 0x29, 0x28, 0xF0, 0xB3, 0xC4, 0x49, 0x1F,
    0x32, 0x68, 0x41, 0x49, 0x39, 0x0A, 0x08, 0x78, 0xF9, 0xA4, 0x94, 0x03, 0x91, 0x4E, 0x61, 0xB6,
    0x93, 0xB8, 0x81, 0x56, 0x32, 0xCA, 0x8C, 0x5E, 0x2C, 0x69, 0xEB, 0x73, 0xAE, 0x9E, 0x65, 0xBB,
    0x2D, 0x75, 0xC6, 0xD9, 0xF1, 0x9E, 0x95, 0xF5, 0xBE, 0xDD, 0x7B, 0xEF, 0xD9, 0xBB, 0x47, 0x7B,
    0x81, 0x7B, 0x31, 0xC0, 0xF7, 0x40, 0x17, 0x37, 0x8E, 0x59, 0x7C, 0x18, 0x7B, 0xDF, 0xA2, 0x98,
    0x50, 0x8E, 0x25, 0xD0, 0xB4, 0xC8, 0xA6, 0x0B, 0x60, 0x03, 0xDC, 0xB2, 0x3C, 0xED, 0x40, 0x12,
    0x47, 0x64, 0x13, 0x80, 0x58, 0xC3, 0x8F, 0x00, 0x56, 0xA0, 0x18, 0xA0, 0xDF, 0x94, 0xBD, 0xFD,
    0xBF, 0x6A, 0xF7, 0xB1, 0x3E, 0xC6, 0x64, 0x01, 0x1A, 0x00, 0xE9, 0x3E, 0xBA, 0x79, 0x1F, 0x27,
    0x1B, 0xF3, 0xD1, 0x7E, 0xE7, 0x07, 0x9B, 0x5F, 0xF5, 0xB6, 0x5E, 0x07, 0xC0, 0x07, 0xA4, 0x2B,
    0x7F, 0x33, 0xC3, 0xCF, 0x5C, 0x23, 0x3E, 0x8C, 0x34, 0x29, 0xB7, 0x01, 0x86, 0x71, 0xAD, 0x31,
    0xED, 0x3E, 0x43, 0x09, 0x94, 0x71, 0x43, 0x05, 0xC4, 0x47, 0x5D, 0x7F, 0x01, 0xB7, 0xC2, 0x87,
    0x2B, 0xFA, 0xEA, 0xC6, 0x05, 0x45, 0x0F, 0xF7, 0xF5, 0x48, 0x0B, 0x69, 0x1C, 0xD0, 0x30, 0x1E,
    0xD9, 0xA0, 0x5B, 0x67, 0x20, 0x9D, 0xE5, 0xB0, 0x9B, 0x6C, 0x18, 0x35, 0xD0, 0xB5, 0xB3, 0x45,
    0xD9, 0xD0, 0x31, 0x76, 0x4E, 0x83, 0xBF, 0xBD, 0x5C, 0x18, 0x42, 0x8C, 0x01, 0x00, 0x2E, 0x6F,
    0x89, 0x09, 0x27, 0xCE, 0xA5, 0x02, 0x76, 0x53, 0x85, 0x54, 0xE3, 0x85, 0x02, 0xCE, 0xC6, 0x2B,
    0x8D, 0xF9, 0xB8, 0xC8, 0x46, 0xFE, 0xE9, 0x88, 0x6C, 0x04, 0xFC, 0xE3, 0x1E, 0x39, 0xC7, 0x0D,
    0x1A, 0x8B, 0xA0, 0xA0, 0xE9, 0xAD, 0x08, 0x29, 0xFB, 0x83, 0x18, 0xBE, 0x23, 0x51, 0xA5, 0x8D,
    0xF2, 0xA7, 0x81, 0xFD, 0xAD, 0x83, 0xBD, 0x3B, 0xEF, 0xE3, 0xCA, 0x51, 0xDC, 0xEB, 0xFF, 0xA9,
    0x8D, 0x34, 0xCD, 0x79, 0xE4, 0x44, 0xB6, 0x9A, 0x9E, 0xE4, 0x6E, 0xEF, 0x45, 0x88, 0xDC, 0x38,
    0x83, 0xAD, 0xDC, 0x6A, 0x40, 0x24, 0x24, 0x4B, 0x51, 0x67, 0x23, 0xD2, 0xB9, 0xAC, 0xF3, 0x80,
    0x74, 0xAA, 0x90, 0x07, 0xC6, 0x44, 0x9F, 0xDC, 0x78, 0xA3, 0xCC, 0xF9, 0x72, 0xD2, 0xF0, 0x24,
    0xD0, 0xC1, 0x3C, 0xD6, 0x28, 0x5B, 0xF8, 0x59, 0xE6, 0x7C, 0x7F, 0x0C, 0xBB, 0xFF, 0xE6, 0x6E,
    0xC3, 0x0C, 0xE3, 0xDF, 0x92, 0xA8, 0x40, 0xF2, 0x48, 0xB3, 0x5F, 0x77, 0x15, 0xB9, 0x8D, 0x0B,
    0x87, 0x34, 0x5E, 0x57, 0x50, 0xFB, 0x3D, 0xFE, 0x06, 0xE0, 0x8A, 0x7B, 0x82, 0x92, 0x6B, 0xC1,
    0x33, 0x5C, 0x64, 0xCB, 0xEE, 0xE5, 0x4B, 0x2D, 0x1F, 0x89, 0x5E, 0x58, 0x09, 0x9B, 0x89, 0x18,
    0x89, 0xC9, 0x3A, 0x2B, 0xF7, 0x38, 0x37, 0x1B, 0x89, 0x7E, 0x20, 0x16, 0xFD, 0x47, 0xA2, 0x88,
    0xD8, 0xE0, 0x81, 0xD2, 0xB7, 0x51, 0x76, 0x54, 0xFC, 0x39, 0x31, 0x1F, 0x15, 0xCC, 0x80, 0xB2,
    0x46, 0x19, 0x63, 0x6C, 0x51, 0x3D, 0xC5, 0x1E, 0x9D, 0x70, 0x05, 0x7C, 0x4F, 0x9E, 0xFD, 0xE0,
    0x66, 0x22, 0xDD, 0xC8, 0x83, 0x0F, 0x9C, 0x58, 0xF5, 0xB4, 0x86, 0xAC, 0x2F, 0x6B, 0xB8, 0xF0,
    0x11, 0x90, 0x7C, 0x45, 0x67, 0xBA, 0x61, 0xDF, 0x2E, 0x7C, 0x17, 0x6A, 0x4C, 0xE8, 0x7A, 0x46,
    0x13, 0xBF, 0x98, 0x92, 0xF8, 0x70, 0x9B, 0xB2, 0x19, 0xD5, 0xE8, 0x03, 0x8A, 0xB1, 0xEC, 0xE1,
    0x03, 0xCD, 0x87, 0x86, 0x8B, 0x9F, 0x69, 0x6D, 0xDD, 0xA1, 0x20, 0x94, 0xAD, 0xCE, 0xDF, 0x99,
    0x0B, 0x76, 0x40, 0x44, 0xD5, 0xBA, 0x88, 0xF2, 0xB6, 0x6B, 0x90, 0xC7, 0xE5, 0x01, 0x92, 0xEE,
    0xFA, 0x01, 0xD2, 0xF6, 0x5E, 0xED, 0x42, 0x89, 0x64, 0xBA, 0x01, 0xCE, 0x13, 0x50, 0x0D, 0x60,
    0x38, 0x7B, 0xB3, 0x7C, 0xEA, 0x60, 0x79, 0xB4, 0x91, 0x04, 0xE5, 0x90, 0xBA, 0xD2, 0x79, 0x16,
    0x19, 0xEA, 0x19, 0xE3, 0xDB, 0xBB, 0x0F, 0x74, 0x8A, 0xEE, 0xD0, 0x9B, 0x3D, 0x45, 0x5B, 0x75,
    0xC5, 0xD7, 0x1C, 0x4B, 0x6B, 0xD9, 0xA2, 0xBE, 0xCA, 0x3F, 0x9E, 0xDC, 0xE7, 0x03, 0xF7, 0x9F,
    0x94, 0x03, 0x32, 0x92, 0xCC, 0x48, 0x67, 0xAE, 0xEE, 0x78, 0x68, 0x69, 0x22, 0x0F, 0xFC, 0xE7,
    0x07, 0x2E, 0xED, 0x7B, 0x2E, 0x5E, 0xB6, 0xF4, 0xB8, 0xAA, 0x95, 0x4B, 0xB6, 0x2C, 0xB2, 0xA1,
    0x68, 0x81, 0x74, 0xE4, 0xBE, 0x61, 0x9E, 0x89, 0x4D, 0x20, 0x56, 0x3D, 0xF1, 0xFB, 0x78, 0xA9,
    0x51, 0xFD, 0x4C, 0x44, 0x4C, 0xF9, 0xA4, 0x7B, 0xC1, 0x54, 0xCF, 0x34, 0xCF, 0x29, 0x6A, 0xE9,
    0xDD, 0x6A, 0x6A, 0x67, 0x5A, 0x67, 0x4A, 0x67, 0x3A, 0x67, 0x2A, 0x67, 0x1A, 0x67, 0x0A, 0x67,
    0xFA, 0x26, 0x9C, 0x4C, 0xDB, 0xA4, 0x6C, 0xC1, 0x74, 0x4D, 0xAA, 0x56, 0x53, 0xD3, 0x36, 0x53,
    0x34, 0xD3, 0x33, 0x73, 0xC4, 0xB4, 0x8C, 0x41, 0xE4, 0x3D, 0x30, 0x73, 0x53, 0xEE, 0x2B, 0x25,
    0x27, 0xE5, 0x28, 0x73, 0x84, 0xE6, 0x76, 0xB1, 0x33, 0xA9, 0x93, 0xD0, 0x49, 0xE6, 0x24, 0x72,
    0x94, 0xB8, 0x99, 0x02, 0x47, 0x0F, 0x92, 0x99, 0xE2, 0x36, 0x9F, 0x09, 0x12, 0x36, 0xC2, 0x28,
    0x51, 0x93, 0xA4, 0x49, 0xD0, 0x24, 0x67, 0x12, 0x33, 0x49, 0x99, 0x84, 0x4C, 0xBB, 0x43, 0x9B,
    0x1F, 0xEB, 0xA4, 0xFC, 0x33, 0xD0, 0x62, 0x6C, 0xC1, 0xE8, 0xF7, 0xF3, 0xF8, 0x42, 0x33, 0xD9,
    0x33, 0xD1, 0x4B, 0x85, 0x26, 0x78, 0x26, 0x77, 0x12, 0xBB, 0x20, 0xA9, 0x0B, 0x39, 0x71, 0x20,
    0x16, 0xBD, 0x89, 0x9C, 0x49, 0x9C, 0x09, 0x9C, 0xC9, 0x5B, 0x29, 0x34, 0x69, 0x33, 0x61, 0x93,
    0xAC, 0x09, 0x57, 0x93, 0x34, 0x13, 0x34, 0x93, 0x33, 0x13, 0x33, 0x93, 0x32, 0x13, 0x32, 0x93,
    0x31, 0x89, 0x98, 0xB1, 0x39, 0x90, 0x4D, 0x0A, 0xC8, 0x0D, 0xDF, 0x8E, 0x50, 0x96, 0x1E, 0x4D,
    0x2A, 0x27, 0x8D, 0x93, 0xC2, 0x49, 0xDF, 0xA4, 0x6E, 0x14, 0x35, 0x03, 0xEA, 0x5A, 0xA0, 0xAA,
    0x0D, 0x12, 0x33, 0x03, 0xBA, 0x2F, 0x35, 0x93, 0x96, 0x49, 0xC9, 0xA4, 0x63, 0x52, 0x31, 0x69,
    0x98, 0x29, 0x18, 0xA5, 0xE2, 0x19, 0xBE, 0x71, 0x3A, 0xE1, 0xAE, 0x5D, 0xE0, 0x3E, 0x80, 0x4E,
    0xA4, 0x46, 0x92, 0x88, 0x2B, 0xCC, 0xAF, 0x0F, 0xB3, 0xC9, 0xE9, 0xF4, 0x8E, 0xB2, 0xC6, 0x40,
    0xCD, 0x0D, 0x39, 0x27, 0x15, 0x03, 0x7C, 0x28, 0x7B, 0xE4, 0xBD, 0xAF, 0x5F, 0x21, 0xD1, 0x48,
    0x47, 0x62, 0xD6, 0x13, 0x3D, 0x01, 0x3F, 0x3A, 0xCC, 0xFF, 0x0A, 0x57, 0x46, 0xB7, 0xA1, 0xE8,
    0xFE, 0xF0, 0xF5, 0xA1, 0x1B, 0xF8, 0x31, 0xE1, 0x2D, 0xC2, 0xC4, 0x58, 0x03, 0xAC, 0xB9, 0x90,
    0xF1, 0x0A, 0xE1, 0x83, 0x11, 0x9F, 0xF5, 0xBE, 0x7D, 0x85, 0x9C, 0xDF, 0xAB, 0xE9, 0x96, 0x1B,
    0xA8, 0x54, 0xC9, 0x97, 0xE2, 0xBF, 0xEB, 0x89, 0xD5, 0xB7, 0x87, 0xF9, 0x1B, 0x17, 0x80, 0x0B,
    0x7E, 0x60, 0x3C, 0xC3, 0xD4, 0x37, 0x21, 0xB9, 0xFE, 0xA6, 0x99, 0xDF, 0xB5, 0xE2, 0xBE, 0xF0,
    0x2D, 0x23, 0xFA, 0xDB, 0xC3, 0xB9, 0xA8, 0xCC, 0x7B, 0x12, 0x49, 0x48, 0x87, 0x67, 0xD9, 0xBE,
    0x2B, 0xCC, 0x37, 0xC2, 0xB9, 0x0B, 0x34, 0x97, 0x8C, 0xC6, 0xFF, 0x42, 0x6C, 0x46, 0x62, 0xD9,
    0x13, 0x7F, 0xF0, 0xDF, 0xD7, 0x8C, 0xCF, 0xC8, 0x3F, 0xAF, 0x8A, 0x2E, 0x3E, 0xEC, 0x02, 0xAF,
    0x19, 0xF9, 0xC4, 0x6B, 0x46, 0x32, 0x68, 0x53, 0x54, 0x58, 0xED, 0x29, 0x45, 0x42, 0x88, 0xC3,
    0xB1, 0x60, 0xD5, 0x0A, 0xEB, 0x34, 0xC6, 0xDE, 0xB0, 0x41, 0x72, 0x6A, 0x9E, 0xA2, 0xBC, 0x3D,
    0xB0, 0x6E, 0x6A, 0x63, 0x9E, 0xC8, 0xB9, 0x1D, 0xB9, 0x85, 0xAE, 0x19, 0xD9, 0x2A, 0xE3, 0xAB,
    0xAE, 0x19, 0x0B, 0x90, 0xC7, 0xEB, 0x1B, 0x26, 0x4E, 0xAA, 0x5A, 0x20, 0xA3, 0x39, 0xFF, 0x5B,
    0x92, 0x9E, 0xAF, 0xB0, 0xB2, 0x8C, 0xED, 0x1D, 0xA1, 0xDA, 0xE5, 0xE4, 0x5B, 0x64, 0x31, 0x16,
    0x35, 0x8A, 0xDB, 0xCB, 0xC7, 0xE4, 0xC8, 0x45, 0x2E, 0x9E, 0x44, 0xA4, 0x0B, 0x1F, 0xDC, 0x44,
    0xCC, 0x54, 0x34, 0xE5, 0x01, 0x58, 0x90, 0x0F, 0x44, 0x3F, 0x20, 0x11, 0xA6, 0x33, 0xD1, 0x4D,
    0xF0, 0x81, 0xC1, 0xE6, 0xA3, 0xAA, 0x32, 0x5E, 0x6E, 0x91, 0xC6, 0x3F, 0x3F, 0x09, 0xF4, 0x8D,
    0x17, 0x8D, 0x9F, 0x6E, 0x9C, 0x08, 0xF8, 0xFE, 0xC0, 0xAA, 0x26, 0x36, 0xC0, 0xF7, 0x64, 0xAD,
    0x7A, 0x74, 0x39, 0x81, 0x37, 0xEF, 0x1E, 0xB8, 0xD7, 0xDD, 0x1E, 0x5B, 0xAF, 0x84, 0x21, 0x16,
    0x2F, 0x4B, 0x7F, 0xBA, 0x12, 0xFD, 0xDB, 0x5C, 0xE8, 0xE7, 0x8E, 0x9C, 0xFE, 0x22, 0xD3, 0xB3,
    0xD7, 0xA4, 0xF9, 0x75, 0x28, 0x1D, 0x80, 0x12, 0x3C, 0xC5, 0x84, 0xF9, 0xD0, 0x7F, 0xBE, 0x27,
    0x63, 0xD3, 0x07, 0x40, 0x32, 0xBC, 0x09, 0xA4, 0xFD, 0x1F, 0x80, 0x24, 0x70, 0x42, 0xA7, 0xEC,
    0x79, 0x35, 0x85, 0x85, 0xB5, 0x9F, 0xEC, 0xA3, 0x48, 0x50, 0x5B, 0x9E, 0xDF, 0x9F, 0x63, 0x8B,
    0x74, 0xC9, 0xC4, 0xFF, 0x69, 0x85, 0x48, 0x01, 0xC4, 0x91, 0x62, 0x88, 0x5F, 0x9D, 0x4E, 0xBA,
    0x73, 0xC4, 0x7D, 0x19, 0x17, 0xC3, 0xBE, 0x5C, 0x1C, 0xF6, 0x49, 0x9F, 0xEC, 0x0F, 0xD5, 0x5F,
    0x77, 0x0B, 0x5D, 0xD9, 0xEF, 0x42, 0x57, 0x6A, 0x11, 0xBB, 0x1B, 0x03, 0x22, 0x35, 0x72, 0x01,
    0xDE, 0x82, 0xED, 0xA1, 0xEA, 0x1B, 0xB3, 0xD0, 0xA1, 0x83, 0xDA, 0x86, 0x0D, 0xFB, 0x01, 0x5D,
    0x6D, 0xD2, 0xB4, 0x3F, 0xF8, 0x18, 0x17, 0xB3, 0x74, 0xF7, 0xD0, 0x9C, 0xDE, 0x5D, 0xF6, 0x49,
    0xDC, 0x3F, 0x6D, 0xBD, 0x9B, 0xF6, 0x83, 0xED, 0x6E, 0xB9, 0x32, 0xF3, 0x5E, 0xD1, 0xF0, 0x5A,
    0xA4, 0x87, 0x83, 0x9E, 0x83, 0x9D, 0x7C, 0x78, 0x91, 0x9B, 0x0B, 0x58, 0xFB, 0xE1, 0x8B, 0x1B,
    0x39, 0x24, 0x5D, 0xA0, 0xF9, 0xB5, 0x88, 0x3C, 0x84, 0x0F, 0x63, 0xF7, 0xA8, 0x6B, 0xD3, 0x09,
    0xD5, 0xCA, 0x14, 0x6B, 0xA9, 0x32, 0x99, 0xC2, 0x0B, 0xB6, 0x32, 0xEB, 0x82, 0x91, 0xC2, 0xF1,
    0x8F, 0xD3, 0xBB, 0x23, 0xBA, 0xC8, 0x16, 0xB2, 0x68, 0x63, 0xA1, 0x04, 0x95, 0xD6, 0x50, 0x4A,
    0x08, 0xDD, 0xBE, 0x85, 0x91, 0xE3, 0x59, 0x97, 0xFF, 0x9F, 0xA1, 0x21, 0xD7, 0x54, 0xF4, 0x47,
    0xDD, 0x27, 0xDB, 0xFB, 0x33, 0x7C, 0xDC, 0x5C, 0x8C, 0x03, 0x92, 0x38, 0xA8, 0x6C, 0x38, 0x8E,
    0xEA, 0x99, 0x80, 0xF9, 0xE5, 0x63, 0x79, 0x0F, 0xCF, 0xB7, 0x85, 0x81, 0xFC, 0x6B, 0x92, 0x3A,
    0x86, 0xA3, 0x08, 0xAB, 0x46, 0xAA, 0x63, 0xA3, 0x22, 0x2C, 0xB2, 0x08, 0x73, 0x5F, 0xB0, 0x08,
    0xCB, 0x06, 0x16, 0x61, 0xBE, 0x5D, 0xFD, 0x80, 0x4A, 0x45, 0xD8, 0x0D, 0x8B, 0xB0, 0x64, 0x66,
    0xF9, 0xE5, 0x46, 0x62, 0xDE, 0xB3, 0x08, 0x2B, 0x6A, 0x16, 0x61, 0x17, 0x2A, 0xC2, 0xB8, 0x09,
    0x4D, 0x3A, 0x72, 0xBB, 0x7F, 0x33, 0x50, 0xF1, 0xFF, 0xD4, 0xB2, 0x08, 0x7B, 0xCC, 0x22, 0xAC,
    0x58, 0xA9, 0x0A, 0xF9, 0x02, 0x3F, 0x53, 0x1D, 0xE3, 0xC0, 0x5D, 0xD9, 0x80, 0xF2, 0xED, 0x78,
    0xBD, 0x9F, 0xB2, 0x3B, 0x05, 0x32, 0x7A, 0x74, 0xC1, 0x99, 0xF4, 0x0D, 0xE0, 0x53, 0x0D, 0xE2,
    0x88, 0xB4, 0xFB, 0x7C, 0x40, 0xC9, 0xFD, 0xDC, 0x4B, 0xB1, 0x86, 0xA5, 0xD8, 0x93, 0xB1, 0xE8,
    0xDD, 0xA7, 0x73, 0xD5, 0xE6, 0x7F, 0x9F, 0x1B, 0x14, 0xBF, 0x9E, 0x3B, 0x5C, 0xB0, 0x14, 0xBB,
    0x49, 0xE7, 0x35, 0x19, 0xDD, 0xB4, 0xBA, 0xC1, 0x8D, 0xAB, 0x6F, 0xF3, 0xF1, 0x5C, 0x32, 0x09,
    0xEF, 0xB3, 0x14, 0x9B, 0xEE, 0x4A, 0xB1, 0x9C, 0x8C, 0x14, 0xE4, 0xD4, 0x3E, 0xEB, 0xF6, 0x4D,
    0x4C, 0x23, 0x45, 0xC8, 0x6F, 0xEF, 0xAF, 0xAA, 0x6A, 0xA3, 0x76, 0xEA, 0x4D, 0x58, 0x9A, 0xEE,
    0x18, 0x85, 0x5D, 0x7B, 0xD4, 0xBF, 0xE5, 0x7A, 0x9C, 0x92, 0x24, 0xCE, 0x7A, 0x15, 0x89, 0x99,
    0x1D, 0xB1, 0x6E, 0x20, 0x96, 0x87, 0xEC, 0x21, 0xBF, 0xC3, 0xEF, 0xA8, 0xAC, 0x2F, 0x95, 0x3E,
    0xCD, 0xC0, 0x6D, 0x29, 0xB7, 0xF7, 0x54, 0x30, 0x4B, 0x0D, 0x2F, 0xE9, 0xD4, 0xD1, 0x0E, 0xF5,
    0x35, 0xBB, 0x42, 0x3F, 0x10, 0x9D, 0x89, 0x79, 0x4D, 0xFC, 0x25, 0x81, 0x4B, 0x83, 0x62, 0x5F,
    0xA3, 0x8B, 0x21, 0xDD, 0xFE, 0x32, 0xBB, 0x09, 0x63, 0x36, 0x9A, 0xF1, 0x6C, 0x06, 0x5C, 0xAC,
    0x81, 0x6E, 0xA6, 0x16, 0xD8, 0x8D, 0x52, 0xCB, 0xE6, 0xEA, 0x5C, 0xF6, 0x0A, 0x65, 0xDF, 0xFD,
    0x3B, 0xD6, 0x65, 0x5C, 0xF9, 0x6D, 0x3E, 0x7C, 0xB8, 0x01, 0xD2, 0xCD, 0x14, 0x3F, 0x59, 0xF6,
    0xEB, 0xD1, 0xB8, 0xDF, 0x1F, 0xF8, 0x89, 0x64, 0xCA, 0xA3, 0x13, 0x9E, 0x4E, 0x51, 0xD5, 0x98,
    0x51, 0xB7, 0x02, 0x9C, 0x72, 0x60, 0x2A, 0x74, 0xB3, 0x70, 0x3A, 0x30, 0x7B, 0x9E, 0x25, 0x8B,
    0xD2, 0x70, 0x10, 0x1A, 0x07, 0xC2, 0xE3, 0x1B, 0x6E, 0x78, 0x7C, 0xCA, 0x0E, 0xEC, 0x84, 0x1B,
    0xFE, 0x77, 0x33, 0xE3, 0xCB, 0x81, 0xA9, 0x10, 0x1F, 0xEC, 0xD9, 0xB7, 0x93, 0x7B, 0x48, 0x43,
    0x6D, 0x36, 0x2A, 0xA8, 0xCB, 0xC6, 0x03, 0xFB, 0x58, 0x3E, 0xED, 0xED, 0x1B, 0xEB, 0x09, 0x58,
    0x2C, 0xC0, 0x74, 0xB6, 0x80, 0xD4, 0xC9, 0x3A, 0xFB, 0x33, 0x7E, 0x2D, 0x10, 0x75, 0xBE, 0xBB,
    0xFD, 0x1D, 0x1C, 0xA5, 0xB7, 0x0B, 0x87, 0xAD, 0x0F, 0x8D, 0x65, 0x77, 0xC7, 0xF4, 0x1F, 0xC9,
    0xF4, 0xE1, 0xCF, 0x7F, 0x00, 0x3D, 0x8F, 0x21, 0x4C, 0x03, 0x31, 0x00, 0x45, 0xDF, 0xDD, 0x25,
    0x5C, 0x42, 0x45, 0x67, 0x90, 0x50, 0x83, 0x00, 0xB3, 0x5A, 0xC4, 0xD6, 0xD6, 0xE1, 0xC5, 0xBC,
    0x41, 0xE0, 0xD5, 0xC4, 0xA0, 0x75, 0x78, 0x8D, 0xC1, 0x6B, 0xC4, 0xC4, 0xB6, 0x3B, 0xAF, 0xE6,
    0x0D, 0x0D, 0xC1, 0x67, 0x09, 0x15, 0x13, 0xE5, 0xCA, 0x18, 0x04, 0xF1, 0x93, 0xFF, 0xCC, 0xFF,
    0x79, 0x1B, 0x2C, 0xDA, 0xC9, 0x20, 0x7A, 0xAE, 0x21, 0x53, 0x27, 0xDA, 0x88, 0x0C, 0x68, 0xE0,
    0x14, 0x6C, 0xA0, 0xF4, 0xCD, 0xE7, 0x4E, 0xF6, 0xC9, 0xB2, 0x6A, 0x3F, 0xA4, 0x1A, 0x1E, 0x4D,
    0x97, 0xE7, 0x22, 0x9E, 0xCD, 0x66, 0x74, 0xA5, 0x1C, 0xF3, 0xCA, 0x64, 0xC9, 0xCA, 0x3F, 0x27,
    0x5D, 0x62, 0x3B, 0xA0, 0xF1, 0xAE, 0x63, 0x8A, 0xC2, 0x60, 0x43, 0x77, 0xA0, 0x82, 0xE1, 0x81,
    0xCA, 0xA9, 0xEC, 0x87, 0xA5, 0x19, 0x19, 0x16, 0x75, 0x12, 0xBD, 0x74, 0x27, 0x7B, 0x2E, 0x14,
    0x13, 0xC1, 0x8D, 0x64, 0x72, 0x8E, 0x4A, 0x00, 0x7C, 0x59, 0xEA, 0xB4, 0xA6, 0x7D, 0x4F, 0xC8,
    0xA7, 0x2D, 0x46, 0x06, 0xAE, 0xB8, 0xD3, 0x75, 0x92, 0xB7, 0x5B, 0xF1, 0xE6, 0x9A, 0x81, 0x6A,
    0x0F, 0xF6, 0xB8, 0x99, 0xAB, 0xD4, 0x44, 0x15, 0xD6, 0xBC, 0x1C, 0x6F, 0xBD, 0x33, 0xE8, 0xBF,
    0xF6, 0x4B, 0xE6, 0x87, 0x42, 0x17, 0xAC, 0x93, 0x4C, 0x99, 0x33, 0x82, 0x4B, 0x76, 0x4D, 0x2F,
    0xF6, 0xF5, 0x9A, 0x31, 0xC6, 0x66, 0x1B, 0xAB, 0x9D, 0x08, 0x63, 0x16, 0xAC, 0xD8, 0xDC, 0xFB,
    0xAC, 0xE3, 0xBF, 0x8F, 0x2D, 0x5B, 0x31, 0x70, 0x50, 0x75, 0xB6, 0x94, 0xE0, 0x4B, 0x71, 0xDF,
    0xC5, 0x59, 0x01, 0xA4, 0x26, 0x57, 0x96, 0x3E, 0x55, 0x95, 0xE9, 0x62, 0xCA, 0xCE, 0x5D, 0x8C,
    0xD8, 0x4D, 0x56, 0x17, 0x2C, 0xBB, 0x3B, 0x22, 0xB5, 0x58, 0x04, 0xEF, 0xF5, 0xAD, 0x24, 0x08,
    0x82, 0x2C, 0x2C, 0xEC, 0x62, 0x60, 0xB0, 0x63, 0xD9, 0xC0, 0xA0, 0xF1, 0xFA, 0x55, 0x25, 0x8D,
    0xC6, 0x20, 0xCD, 0x8E, 0x05, 0x98, 0x20, 0x83, 0xED, 0x30, 0x2F, 0x08, 0x7A, 0xED, 0x7B, 0x7F,
    0x55, 0xA7, 0xB1, 0x58, 0x4C, 0x25, 0x41, 0x30, 0x98, 0xCA, 0x4E, 0x58, 0x36, 0xE8, 0x3B, 0x33,
    0x95, 0xA4, 0xFA, 0x75, 0x55, 0x9D, 0xFD, 0xBE, 0x53, 0xD5, 0x2F, 0x7F, 0xD2, 0xBD, 0xD9, 0x85,
    0xB5, 0x7F, 0xFE, 0xFA, 0x4E, 0xE7, 0x7F, 0x75, 0xEF, 0x3D, 0xE7, 0xDC, 0x73, 0xCE, 0xF9, 0xEA,
    0x96, 0x48, 0x33, 0x8A, 0x38, 0xD5, 0x5A, 0xAA, 0x73, 0xED, 0xA3, 0x45, 0xDC, 0x90, 0x0C, 0x92,
    0x8C, 0xAE, 0x93, 0x78, 0x72, 0xA3, 0x44, 0x53, 0xAE, 0x75, 0x34, 0x4A, 0x55, 0xC7, 0x63, 0x34,
    0x49, 0x32, 0x24, 0x41, 0x92, 0xE0, 0x3A, 0x42, 0x2B, 0x69, 0xC8, 0x5B, 0xC9, 0xFA, 0xBC, 0x96,
    0xAC, 0x2B, 0x6A, 0x71, 0x9D, 0x2F, 0xC5, 0xB5, 0x5E, 0x56, 0xC8, 0xDB, 0x4A, 0xA4, 0xA8, 0x77,
    0x22, 0xBE, 0x34, 0x90, 0x62, 0xC4, 0xFF, 0xC7, 0x58, 0xCD, 0x97, 0xD9, 0x79, 0xD3, 0x79, 0xC9,
    0xA7, 0xAC, 0xF7, 0xE2, 0x35, 0xE9, 0x2B, 0x39, 0x74, 0x49, 0xBF, 0x93, 0x03, 0x97, 0x76, 0xC0,
    0xDC, 0xB5, 0xB3, 0x14, 0x93, 0x97, 0x09, 0xF3, 0x9F, 0x01, 0x25, 0xE2, 0xFA, 0x58, 0x36, 0x86,
    0xC2, 0x69, 0x0F, 0x25, 0xB1, 0x26, 0xD1, 0x75, 0x49, 0xE0, 0x82, 0x29, 0x30, 0xDF, 0x30, 0xEB,
    0x89, 0xD0, 0x4D, 0xDC, 0xB9, 0xD6, 0xB8, 0x5F, 0x17, 0xC1, 0xA7, 0xF9, 0x84, 0x68, 0x9F, 0x6B,
    0xAE, 0x76, 0x6D, 0xAC, 0x55, 0xC0, 0x10, 0x7D, 0x30, 0x14, 0xB5, 0xBB, 0xFB, 0xFE, 0x58, 0xD4,
    0x45, 0x19, 0x8D, 0xBE, 0xF4, 0x63, 0x3C, 0x78, 0xA9, 0x96, 0x24, 0x78, 0x39, 0x72, 0x29, 0x74,
    0xBB, 0xEA, 0x5C, 0x0B, 0xAD, 0x9E, 0xF5, 0xE5, 0x19, 0xB4, 0xDA, 0xC9, 0x2C, 0xD9, 0xC7, 0x93,
    0x98, 0x3E, 0xD1, 0x86, 0xD4, 0x8A, 0xBA, 0x65, 0xFD, 0x9E, 0x56, 0x5D, 0x4A, 0xEC, 0x1D, 0xF4,
    0xC9, 0x96, 0x06, 0xFA, 0x24, 0xAA, 0xA5, 0x88, 0x54, 0x23, 0x20, 0x6A, 0xEE, 0x43, 0x4D, 0xD5,
    0x5E, 0x9A, 0xF3, 0x66, 0x8C, 0x17, 0x49, 0xE6, 0x14, 0x43, 0x17, 0xDE, 0xDD, 0xB8, 0x16, 0x77,
    0xC1, 0x83, 0x75, 0x55, 0xBC, 0xAE, 0xFD, 0xAE, 0x78, 0xB9, 0x0B, 0x73, 0xF1, 0xFD, 0x36, 0x4C,
    0x45, 0xF5, 0x5E, 0x3F, 0x15, 0x3B, 0xBD, 0x33, 0xE5, 0xC3, 0x71, 0x3C, 0xE6, 0x41, 0x00, 0x1D,
    0x76, 0x06, 0xE6, 0x26, 0xA1, 0xA8, 0x01, 0xF0, 0x74, 0x1A, 0x3C, 0x55, 0x21, 0x74, 0x15, 0x15,
    0x91, 0xA8, 0x8E, 0xE1, 0x89, 0xA2, 0x77, 0x58, 0xA2, 0x99, 0x9A, 0x09, 0xFB, 0xDB, 0x8C, 0x0B,
    0xB7, 0x10, 0x37, 0xB8, 0x2E, 0x16, 0x2F, 0x58, 0x13, 0x98, 0xD7, 0x58, 0x19, 0xFB, 0x54, 0xD5,
    0xC7, 0x52, 0xBC, 0x80, 0xB5, 0xA5, 0x78, 0xF9, 0x4E, 0xC0, 0x6E, 0x7C, 0xBF, 0x0E, 0x93, 0x60,
    0xF9, 0x6E, 0x92, 0x7C, 0xD1, 0x3B, 0xC0, 0x70, 0x06, 0x8B, 0xF3, 0x5E, 0xE2, 0x41, 0xB8, 0xFA,
    0x20, 0xB6, 0x3C, 0x77, 0x9A, 0x08, 0x8F, 0x18, 0x62, 0x37, 0x4C, 0x85, 0x3D, 0xDF, 0x27, 0x81,
    0xBE, 0x4F, 0x02, 0x7D, 0x9F, 0x06, 0x77, 0xF7, 0x83, 0x31, 0xED, 0xE1, 0xFB, 0x21, 0xEB, 0xE9,
    0x7B, 0xD7, 0xD1, 0xF7, 0xAE, 0xA5, 0xEF, 0x5D, 0x4B, 0xDF, 0xE7, 0x2D, 0x7C, 0x8F, 0xD9, 0xFD,
    0x04, 0x3D, 0xCA, 0xEC, 0xE3, 0xF1, 0x62, 0x8D, 0x0D, 0xE1, 0xCA, 0x8A, 0xCE, 0x85, 0xB6, 0xD9,
    0x03, 0xC5, 0x5D, 0xAE, 0xBE, 0xAF, 0xC0, 0xE7, 0x07, 0x3F, 0x89, 0xFB, 0x34, 0xB8, 0x49, 0x52,
    0xED, 0x92, 0x49, 0x10, 0xE2, 0xDC, 0x25, 0x29, 0xA0, 0x8E, 0x22, 0xD2, 0xCF, 0x47, 0x49, 0xDA,
    0x53, 0x49, 0x5B, 0xC8, 0x07, 0xB8, 0x94, 0xEE, 0x09, 0x9C, 0xF6, 0x09, 0xA8, 0x7F, 0x0D, 0xCA,
    0x37, 0x0C, 0xEE, 0xD6, 0x75, 0x0E, 0xBA, 0x24, 0x83, 0x6B, 0xA3, 0x09, 0xB6, 0x36, 0xB0, 0xD4,
    0x37, 0x88, 0x76, 0x85, 0x95, 0xB8, 0x62, 0x5C, 0xB2, 0x88, 0x3C, 0xAD, 0x37, 0x25, 0x52, 0xAE,
    0xAC, 0x6F, 0x6B, 0x5D, 0xF4, 0xE2, 0xDB, 0xAA, 0x84, 0xED, 0x3F, 0xDC, 0x1C, 0x80, 0xE1, 0x23,
    0x7C, 0xE5, 0x14, 0x70, 0xD9, 0x95, 0x45, 0x7D, 0xE0, 0x4A, 0x5F, 0x12, 0xE4, 0xB0, 0x00, 0xE4,
    0x5A, 0x56, 0x98, 0x90, 0xF9, 0x52, 0xAC, 0x30, 0x13, 0x26, 0xC0, 0xF3, 0x80, 0xFC, 0x53, 0x4B,
    0xD7, 0xC0, 0x05, 0x4B, 0x46, 0xD0, 0x88, 0x3F, 0x28, 0x32, 0x54, 0xCF, 0x35, 0xA4, 0x88, 0xCA,
    0xC1, 0xF5, 0x8C, 0x87, 0x16, 0x89, 0xFB, 0x2D, 0xA1, 0xA5, 0x80, 0x21, 0x85, 0x5D, 0x43, 0xB1,
    0xC0, 0xA6, 0x83, 0x1C, 0x46, 0xDD, 0x06, 0xF4, 0xA7, 0x57, 0x98, 0xAE, 0x13, 0xD3, 0x64, 0x90,
    0xAA, 0xE4, 0x56, 0xE0, 0xD7, 0x46, 0xDB, 0xEC, 0x23, 0x4D, 0x3A, 0xA7, 0xF7, 0x00, 0x4B, 0x9E,
    0xB6, 0x6E, 0x70, 0x5A, 0xE6, 0x5D, 0x3C, 0x0B, 0x3F, 0xD1, 0x9B, 0xC4, 0x24, 0x30, 0x93, 0xB3,
    0x9E, 0x99, 0xEC, 0x5A, 0xCB, 0xE4, 0x12, 0x99, 0xFC, 0xF1, 0xC2, 0x4C, 0xFE, 0xF5, 0xC8, 0x4C,
    0xFE, 0xF5, 0x64, 0x99, 0xBC, 0x58, 0x26, 0x1F, 0x5B, 0x26, 0xEF, 0x2C, 0x93, 0xCF, 0x98, 0xC9,
    0x32, 0xDB, 0x24, 0x96, 0x33, 0x11, 0x30, 0xEB, 0xF0, 0x1B, 0x83, 0x90, 0x08, 0x27, 0x33, 0x7B,
    0x93, 0xBD, 0x7C, 0x76, 0x3D, 0x33, 0x99, 0xF9, 0x93, 0xAE, 0xF9, 0xD3, 0x0C, 0xB2, 0xEA, 0xF3,
    0x96, 0x3C, 0x21, 0x0C, 0xBC, 0x6B, 0x1C, 0xC0, 0x98, 0xCA, 0xFA, 0x0C, 0x31, 0x95, 0xB7, 0xCC,
    0xE7, 0x46, 0x10, 0x53, 0xF7, 0x27, 0x41, 0x4C, 0x7D, 0x3E, 0x5B, 0x3E, 0x37, 0x96, 0xCF, 0xDE,
    0xF2, 0xD9, 0x5B, 0x3E, 0x57, 0x96, 0xCF, 0xC7, 0x96, 0xCF, 0x3B, 0x4E, 0xB5, 0xAF, 0x1B, 0x31,
    0x33, 0x0D, 0x37, 0xDD, 0xD6, 0x8A, 0xD3, 0x67, 0xC1, 0xF2, 0xB9, 0xB7, 0x7C, 0xAE, 0xA1, 0xC7,
    0xAB, 0x96, 0xCF, 0xD4, 0x8A, 0x65, 0x90, 0x3A, 0xFA, 0x92, 0x15, 0xB5, 0x15, 0x2F, 0xF1, 0xCC,
    0x14, 0xF1, 0x9C, 0x14, 0xD6, 0x54, 0xE2, 0x98, 0xA7, 0x58, 0xCB, 0xDD, 0x37, 0x89, 0x90, 0xA9,
    0x21, 0xB1, 0x6A, 0x55, 0xDA, 0x8A, 0x58, 0x28, 0xA3, 0xC4, 0xCD, 0xAE, 0x8B, 0x26, 0x00, 0x86,
    0xC4, 0x23, 0x80, 0x92, 0x99, 0x46, 0xEF, 0x40, 0x76, 0x52, 0xD0, 0x4B, 0xC5, 0x12, 0xEB, 0x88,
    0x9B, 0xAF, 0xBC, 0x9A, 0xFD, 0x52, 0x6F, 0x04, 0x58, 0xE8, 0x62, 0x7D, 0xD0, 0xCB, 0x6D, 0x97,
    0x27, 0x1F, 0x6A, 0x27, 0x67, 0x55, 0xFE, 0x72, 0x0B, 0xE9, 0x27, 0xA7, 0xB5, 0xC7, 0xE0, 0x9E,
    0x1A, 0xB5, 0xD4, 0xF7, 0x13, 0xBA, 0x9E, 0x25, 0xC8, 0xA2, 0xB3, 0xA1, 0xBE, 0xAE, 0x5D, 0xF5,
    0x35, 0xD7, 0xC3, 0xCE, 0xBC, 0xB6, 0x62, 0x0F, 0xBB, 0xDC, 0xB8, 0xE6, 0x36, 0x42, 0x94, 0x12,
    0xFA, 0xD6, 0x29, 0x65, 0x34, 0xAF, 0x76, 0x25, 0x81, 0x7A, 0x1F, 0x73, 0x46, 0x87, 0x55, 0xA9,
    0x2F, 0x24, 0x97, 0xE2, 0x3F, 0x27, 0xD3, 0x9B, 0xB2, 0x58, 0x30, 0x29, 0xEC, 0xF2, 0xC8, 0x8F,
    0x1A, 0x76, 0xF9, 0x93, 0xD6, 0x97, 0xB0, 0xE7, 0x30, 0x69, 0x7D, 0x9D, 0x05, 0xFC, 0x7F, 0x5D,
    0x20, 0xA4, 0xF0, 0xF7, 0xD5, 0x93, 0xD9, 0x68, 0x9E, 0x7D, 0xDC, 0xA7, 0x2A, 0xB3, 0x96, 0x8E,
    0xD7, 0xCE, 0x51, 0x26, 0xEF, 0xB3, 0x15, 0x41, 0xDE, 0xC1, 0x16, 0x53, 0xFE, 0x47, 0xBB, 0xA3,
    0x8C, 0xF5, 0xA5, 0x91, 0x52, 0x1A, 0xED, 0x4D, 0x3E, 0xBD, 0x10, 0xCD, 0x01, 0x96, 0x3F, 0x40,
    0xFD, 0x4F, 0x18, 0x9F, 0x98, 0xE9, 0x19, 0xBE, 0x61, 0xDB, 0xA6, 0xC2, 0x36, 0xE9, 0x29, 0x33,
    0x19, 0x7B, 0x05, 0x8C, 0x07, 0x06, 0x86, 0x19, 0xBB, 0x99, 0x4A, 0x6C, 0x25, 0x33, 0xDF, 0x29,
    0x8D, 0x74, 0xC4, 0xBA, 0x38, 0x69, 0x05, 0xF9, 0x8D, 0xDF, 0x99, 0xE0, 0xB5, 0x78, 0x2B, 0x18,
    0x9E, 0xF6, 0x4B, 0x85, 0x4C, 0xE5, 0x7C, 0xFC, 0x9C, 0x19, 0x32, 0xBF, 0xBE, 0x23, 0x13, 0xF0,
    0x4A, 0x34, 0x41, 0xB3, 0x09, 0x98, 0xE9, 0x1C, 0x8F, 0x48, 0x7C, 0xBD, 0x0E, 0xEF, 0xC4, 0x9F,
    0xFE, 0x0E, 0x7B, 0x9B, 0xDC, 0xD1, 0x80, 0xFC, 0xAA, 0x2B, 0xF8, 0x69, 0x31, 0x65, 0x3F, 0xE1,
    0xFA, 0x0C, 0xC1, 0xFB, 0x80, 0x4C, 0x95, 0x35, 0xFC, 0x9C, 0x15, 0x4C, 0x4B, 0xE4, 0x7D, 0x8C,
    0xAF, 0x85, 0x12, 0x1B, 0xE9, 0x42, 0xBC, 0xD4, 0x74, 0x40, 0x68, 0x16, 0x01, 0xCF, 0x98, 0x8C,
    0x16, 0x73, 0xB4, 0x2B, 0x19, 0x0C, 0xC3, 0xF6, 0x6D, 0x18, 0xB0, 0x89, 0xD2, 0x52, 0xF7, 0x29,
    0xB0, 0x73, 0x31, 0x43, 0x12, 0x6D, 0x1A, 0x96, 0xBA, 0x7B, 0x1D, 0x51, 0x6B, 0xC9, 0x19, 0x31,
    0x8C, 0x7B, 0x61, 0x8F, 0x37, 0xC4, 0x75, 0x4A, 0xC4, 0x6C, 0x15, 0xBC, 0xDF, 0x21, 0x2A, 0x72,
    0x6D, 0xFF, 0x7C, 0x87, 0xBD, 0xED, 0xC6, 0x59, 0x8E, 0xB2, 0xCF, 0xE7, 0x49, 0x6E, 0xE7, 0xCD,
    0x09, 0x72, 0x6E, 0xE7, 0xDD, 0x84, 0xD8, 0xFC, 0xA3, 0x94, 0x9D, 0xE4, 0x89, 0xF8, 0x2D, 0xB9,
    0xF8, 0xA4, 0xFA, 0x93, 0x9C, 0xB3, 0xA9, 0x6D, 0x10, 0xEA, 0xE9, 0x24, 0x34, 0xE6, 0xD2, 0x4D,
    0x91, 0x64, 0x29, 0xD7, 0x3B, 0xF4, 0x26, 0xE5, 0xDF, 0xE8, 0xBA, 0xA1, 0x97, 0x68, 0xBD, 0xEC,
    0xCA, 0xDC, 0x32, 0xD3, 0x68, 0x40, 0x76, 0xBD, 0xA3, 0x70, 0x28, 0x67, 0x1D, 0xC4, 0x4B, 0x26,
    0x32, 0x6D, 0x5D, 0xCB, 0xB8, 0x30, 0x8E, 0xC0, 0x1A, 0x58, 0x53, 0xD4, 0x34, 0x82, 0x5D, 0xA6,
    0xA4, 0x68, 0x2B, 0xA0, 0xE4, 0x0F, 0x6C, 0xEA, 0x4C, 0xC7, 0x35, 0x62, 0x6E, 0xCA, 0x23, 0x9F,
    0xE7, 0xB2, 0x9E, 0x62, 0x7C, 0xCE, 0x8A, 0x40, 0xF8, 0x8B, 0xDB, 0x98, 0xF9, 0x5F, 0xBA, 0x1F,
    0x0D, 0x42, 0xA3, 0x0B, 0x88, 0xC3, 0x2C, 0xC0, 0x73, 0x72, 0x74, 0xF9, 0x9F, 0x3F, 0x87, 0xF0,
    0x93, 0xE7, 0xF6, 0xE4, 0xFD, 0x1F, 0xB8, 0xFE, 0xCB, 0x49, 0x9E, 0x71, 0x25, 0xDC, 0x18, 0x2D,
    0xBE, 0x77, 0x2A, 0x68, 0x8B, 0x01, 0xC1, 0x82, 0xBE, 0x38, 0x9C, 0xFA, 0xB2, 0x28, 0xE3, 0x61,
    0xF4, 0xAC, 0x62, 0xBF, 0x0D, 0x46, 0x4B, 0x7E, 0xD7, 0x55, 0xC8, 0xF2, 0xEC, 0x97, 0x88, 0xEE,
    0xAB, 0x2E, 0x7F, 0xA3, 0xDC, 0x61, 0x6A, 0xEF, 0x65, 0xC6, 0xD4, 0x67, 0x47, 0xDC, 0xE8, 0x8F,
    0xC7, 0xD1, 0xC8, 0xC9, 0x67, 0x2B, 0x3B, 0xF9, 0x5D, 0x6F, 0xA4, 0xE9, 0x0B, 0x56, 0x0F, 0xC9,
    0xEE, 0x95, 0x89, 0x09, 0x31, 0x86, 0x62, 0xC9, 0x2B, 0x6C, 0x8F, 0xE4, 0x4C, 0xDC, 0x6B, 0xAA,
    0x66, 0xCD, 0xAA, 0xB0, 0xC4, 0xBD, 0xF8, 0x64, 0x74, 0x16, 0x62, 0xAD, 0x0A, 0x8D, 0x55, 0xA6,
    0x65, 0x79, 0x30, 0x5A, 0xB5, 0xF6, 0xEF, 0x4F, 0xC6, 0xB9, 0x9C, 0x50, 0x72, 0xC8, 0x0C, 0x27,
    0xD2, 0xB3, 0x93, 0x40, 0xFB, 0xBA, 0x2A, 0x4D, 0xBE, 0xA0, 0x2D, 0xA4, 0x14, 0x2F, 0xDE, 0x79,
    0x7F, 0x24, 0xC1, 0x78, 0xE9, 0xB5, 0x0F, 0x46, 0xA4, 0x40, 0x71, 0xE3, 0x5F, 0xDF, 0x1B, 0x28,
    0x5F, 0xD7, 0xEB, 0x81, 0xE5, 0xA2, 0x6E, 0xAC, 0xFC, 0xE6, 0xAF, 0x4F, 0xD9, 0x10, 0x41, 0xBE,
    0xD1, 0x57, 0xFA, 0x1A, 0xA4, 0x3E, 0x1F, 0xF4, 0x73, 0xA4, 0xC3, 0x94, 0xB4, 0xC7, 0x0A, 0x19,
    0x92, 0x76, 0xAC, 0x06, 0xF1, 0x6D, 0x02, 0xFE, 0xC6, 0xC2, 0x14, 0x6B, 0xEF, 0x56, 0x32, 0x50,
    0xD2, 0x26, 0x36, 0xC7, 0xAD, 0xBC, 0x95, 0x8F, 0x94, 0x37, 0xB7, 0x5F, 0xDE, 0x52, 0x2B, 0x6F,
    0xF3, 0x5A, 0xDE, 0xBE, 0xAD, 0xFC, 0xD3, 0x3A, 0x8B, 0x95, 0xED, 0xC1, 0x8C, 0x96, 0x8C, 0x83,
    0x64, 0x47, 0xC0, 0x77, 0x5E, 0x25, 0xF5, 0x63, 0xAE, 0xA7, 0x83, 0x14, 0x64, 0x26, 0xD0, 0xA3,
    0x50, 0x9A, 0x0A, 0x4B, 0xB3, 0xD6, 0x17, 0xC3, 0xA1, 0x95, 0x35, 0x0D, 0x90, 0x69, 0xEB, 0x3F,
    0x83, 0xF4, 0x27, 0x65, 0xF5, 0xFE, 0x62, 0x65, 0xB0, 0x29, 0x75, 0x60, 0x21, 0x58, 0xB0, 0xFC,
    0x97, 0x74, 0xB0, 0x25, 0x1D, 0x0C, 0xA0, 0x83, 0xE9, 0x84, 0x69, 0xA3, 0x89, 0x51, 0x32, 0xBB,
    0xF6, 0xEF, 0x65, 0xCE, 0x5F, 0xD3, 0x76, 0x2E, 0xAE, 0x7F, 0xD0, 0x4D, 0x70, 0x1E, 0x48, 0xE0,
    0x8D, 0xD7, 0xDF, 0x9F, 0x8A, 0xEB, 0xFA, 0x1E, 0x88, 0xAB, 0x82, 0xFF, 0xD5, 0x67, 0x80, 0xBB,
    0x21, 0x09, 0xF9, 0x1B, 0x30, 0x21, 0x57, 0xD8, 0x65, 0x6D, 0xBA, 0xE0, 0x76, 0x79, 0xAA, 0x6B,
    0xF4, 0xBC, 0x62, 0xC0, 0x5F, 0xEC, 0x69, 0xDA, 0x89, 0x78, 0xDE, 0x27, 0x3A, 0x2B, 0x5C, 0x30,
    0xFA, 0x61, 0x07, 0xC7, 0xA0, 0xC2, 0x3C, 0xA4, 0x83, 0x86, 0xDC, 0x45, 0xEC, 0xD9, 0x6B, 0xDA,
    0x1D, 0x73, 0x07, 0xFB, 0x1D, 0xB0, 0xEE, 0x61, 0xF2, 0x75, 0xD2, 0x41, 0xEC, 0x5D, 0x3D, 0x71,
    0xE7, 0xCC, 0x1F, 0x23, 0x49, 0xE1, 0x8D, 0x9E, 0xAD, 0xEA, 0x84, 0xB1, 0x56, 0x4C, 0x56, 0x49,
    0x03, 0x11, 0x6A, 0xA4, 0xC0, 0x72, 0x9F, 0x14, 0x6E, 0x76, 0xD7, 0x0F, 0xED, 0xCE, 0x06, 0xDC,
    0x92, 0x4C, 0xAE, 0xA3, 0xF1, 0xB3, 0xC8, 0x74, 0x49, 0xE9, 0xE8, 0x1D, 0xB8, 0x39, 0xE6, 0x8C,
    0x47, 0x96, 0xDF, 0xC1, 0xCA, 0xB3, 0x41, 0xDE, 0xD2, 0x50, 0xB8, 0xAB, 0x87, 0xEB, 0xB3, 0xDE,
    0xDF, 0x6B, 0x5D, 0x77, 0x25, 0x41, 0x1C, 0x1E, 0xA6, 0x00, 0xB8, 0x3B, 0x6F, 0x0B, 0x7A, 0x38,
    0x83, 0x26, 0xE5, 0xA5, 0x91, 0x0C, 0x90, 0xBE, 0xD1, 0x16, 0x19, 0x96, 0xDF, 0xEB, 0xAE, 0xBA,
    0xF2, 0x8A, 0xEB, 0x6E, 0xBB, 0xF2, 0xC8, 0x75, 0xBB, 0x46, 0x46, 0x0C, 0xD1, 0x18, 0x93, 0xE6,
    0x9A, 0x74, 0x98, 0xFA, 0x38, 0x6B, 0xB1, 0x39, 0x67, 0x64, 0x69, 0x32, 0x17, 0x8C, 0x8B, 0xE9,
    0xC8, 0x90, 0x31, 0x1C, 0xCD, 0x01, 0xA5, 0x2D, 0x46, 0xB3, 0xDD, 0x01, 0x19, 0x15, 0x89, 0x96,
    0x32, 0x01, 0x05, 0x98, 0x22, 0x9F, 0x81, 0x6B, 0x47, 0xB7, 0xD2, 0xEA, 0xA8, 0xF9, 0x45, 0x3E,
    0xE9, 0xCD, 0x67, 0x45, 0x2A, 0x55, 0xDC, 0x86, 0xE2, 0x36, 0xC2, 0xF7, 0xF2, 0x24, 0x1C, 0x63,
    0x37, 0x38, 0xDD, 0xCA, 0xF9, 0x08, 0xF1, 0xAD, 0x46, 0x81, 0xB8, 0xAB, 0x95, 0x4B, 0xB5, 0xA5,
    0x65, 0xB7, 0x75, 0xD5, 0xBC, 0x26, 0x16, 0x2C, 0xC2, 0x74, 0x2A, 0x49, 0x29, 0xE9, 0x22, 0x91,
    0x04, 0x04, 0x68, 0x5D, 0xC6, 0xD7, 0x11, 0x4B, 0xF4, 0xF9, 0xC9, 0x68, 0x73, 0xF6, 0x9B, 0xD3,
    0x25, 0x35, 0xBE, 0x55, 0x28, 0x11, 0xDE, 0xC0, 0x2C, 0xB7, 0x1D, 0x16, 0xA8, 0x6F, 0x17, 0x25,
    0x66, 0xA9, 0x94, 0xB3, 0x78, 0x22, 0xBA, 0xC6, 0x36, 0x17, 0x27, 0x3D, 0xB3, 0x7F, 0xCC, 0xF6,
    0x9D, 0xF0, 0xA5, 0x99, 0x31, 0x10, 0x66, 0x06, 0x1A, 0x5B, 0xD1, 0xCC, 0x8C, 0x16, 0x85, 0x66,
    0x38, 0x95, 0xE4, 0x0B, 0xED, 0x0F, 0xE0, 0xF0, 0x7F, 0xEF, 0x8F, 0x80, 0xF1, 0x39, 0x6E, 0x9B,
    0x44, 0x83, 0xB8, 0x20, 0x55, 0x6D, 0x3A, 0x64, 0xBD, 0xE9, 0xD0, 0x19, 0xA3, 0xA6, 0x0E, 0xC4,
    0x82, 0xFA, 0x54, 0x6A, 0x05, 0x99, 0x58, 0x9A, 0x0E, 0xA5, 0xD9, 0x63, 0x3A, 0x54, 0xA6, 0xC0,
    0xB1, 0xE9, 0xB0, 0xA3, 0x0E, 0x32, 0x1B, 0xD2, 0xE1, 0x44, 0xB8, 0x3A, 0x02, 0x52, 0x25, 0x22,
    0x9F, 0x6B, 0x27, 0x2E, 0x1A, 0xA3, 0xD7, 0x77, 0x24, 0x03, 0x5A, 0xD2, 0x1D, 0xE4, 0x00, 0x7B,
    0x7D, 0xD8, 0x70, 0x22, 0x44, 0x2B, 0x8E, 0xC4, 0x98, 0xC8, 0x29, 0x88, 0x61, 0x45, 0x6A, 0x8E,
    0xC8, 0x53, 0xEA, 0x0F, 0xCD, 0x81, 0xA6, 0x79, 0x47, 0xCD, 0x9D, 0x69, 0xCE, 0x58, 0x62, 0xB6,
    0x41, 0x73, 0xEE, 0x8D, 0xF1, 0x79, 0xAE, 0xC3, 0x58, 0x02, 0xDA, 0x3A, 0x95, 0xAD, 0x73, 0x6C,
    0xB8, 0xB3, 0x75, 0x66, 0x5B, 0x87, 0x9A, 0x6F, 0x18, 0x03, 0x27, 0x06, 0x06, 0x35, 0xEF, 0x1F,
    0x6A, 0xFE, 0x6D, 0xD3, 0x7C, 0xED, 0xF1, 0xC5, 0x62, 0xBD, 0xB6, 0xE1, 0xC8, 0x53, 0xC7, 0x31,
    0xA3, 0xE1, 0xD2, 0x40, 0xC3, 0x48, 0x27, 0xB2, 0x58, 0xED, 0xF7, 0x19, 0x36, 0x91, 0x5D, 0x08,
    0x88, 0xC2, 0x5E, 0xA3, 0x5E, 0x04, 0xA4, 0x48, 0x5F, 0x0D, 0xBE, 0x04, 0x15, 0x9E, 0xBC, 0xB8,
    0x0F, 0xC3, 0x19, 0xF0, 0x57, 0x9D, 0xAF, 0xC4, 0x69, 0x49, 0xD6, 0xB6, 0x88, 0x5B, 0x8C, 0xF9,
    0xCF, 0xE2, 0x03, 0x55, 0xF2, 0x2D, 0x75, 0xB3, 0x8F, 0xFF, 0x8A, 0xA8, 0x56, 0xB1, 0xDB, 0xF7,
    0xEC, 0xE6, 0x5A, 0x99, 0xF6, 0x05, 0xAD, 0x5E, 0x4D, 0xD8, 0x6C, 0xD8, 0x8C, 0xD8, 0xAC, 0xD8,
    0xCC, 0x58, 0xED, 0x90, 0xD5, 0x10, 0x59, 0x2D, 0x91, 0xD5, 0x14, 0xBB, 0x99, 0xC2, 0x8C, 0x91,
    0xD5, 0x1A, 0x59, 0xCD, 0x91, 0xD5, 0x1E, 0x59, 0x0D, 0xDA, 0x2C, 0xDA, 0x4C, 0xDA, 0x6C, 0xDA,
    0x8C, 0xDA, 0xAC, 0xDA, 0xCC, 0x7A, 0x68, 0x17, 0x8A, 0x45, 0x51, 0x92, 0xF0, 0x32, 0x0D, 0xC8,
    0xDE, 0xAA, 0x9A, 0x8F, 0x0E, 0xB5, 0xB6, 0x15, 0xD8, 0xF5, 0xF3, 0x8A, 0xFE, 0xBB, 0x6B, 0x92,
    0x2F, 0xDA, 0x33, 0xF1, 0x9A, 0x7E, 0xD8, 0xCE, 0x92, 0xAB, 0xBB, 0xDB, 0x71, 0x37, 0xDD, 0x8B,
    0x14, 0xBB, 0x22, 0xFE, 0x18, 0x62, 0x3E, 0x8C, 0x7F, 0xCB, 0x80, 0x3C, 0x8D, 0x7E, 0x3B, 0x40,
    0x0C, 0x11, 0x88, 0x5C, 0xB4, 0x04, 0xF9, 0x22, 0xA0, 0x68, 0x74, 0xF2, 0x80, 0xA2, 0x95, 0x07,
    0xBD, 0x15, 0x8F, 0x86, 0x42, 0xA4, 0xE9, 0x58, 0x3E, 0xA4, 0x6A, 0x59, 0x3F, 0x28, 0xB2, 0xC1,
    0xD4, 0x72, 0x01, 0xA2, 0xDE, 0xF8, 0x51, 0x58, 0x45, 0x6F, 0x22, 0x33, 0x41, 0xC7, 0x98, 0x68,
    0xF7, 0x45, 0xBE, 0x89, 0x9A, 0x08, 0x9B, 0xFE, 0x47, 0xC3, 0x8E, 0xFF, 0xFF, 0x0C, 0xBB, 0x20,
    0xE5, 0xE5, 0x1E, 0x29, 0x27, 0x2F, 0xA1, 0xBD, 0xDB, 0x29, 0xC3, 0x08, 0x7C, 0x84, 0x94, 0x07,
    0x7A, 0x22, 0x35, 0x52, 0x9E, 0x01, 0xAD, 0x4A, 0xBA, 0x95, 0x94, 0x13, 0x9D, 0x51, 0x73, 0xBF,
    0x91, 0x72, 0xE0, 0x4A, 0xCA, 0xCB, 0x95, 0x94, 0xFB, 0x8D, 0x94, 0x13, 0xA5, 0xE8, 0x38, 0xBF,
    0x92, 0x0A, 0xC7, 0xE7, 0x13, 0xD0, 0x4E, 0x08, 0x42, 0xD2, 0x31, 0xFC, 0x12, 0x1D, 0xC9, 0x7E,
    0x74, 0x00, 0xCA, 0x9F, 0x00, 0x2D, 0xF6, 0xAC, 0x09, 0x6D, 0x68, 0x81, 0x87, 0x99, 0x79, 0x83,
    0x9D, 0x85, 0x01, 0xA9, 0x43, 0x05, 0x37, 0xCE, 0x42, 0x12, 0xAC, 0x1D, 0x28, 0x5B, 0xA6, 0x13,
    0xA8, 0xB0, 0xBB, 0xAB, 0x13, 0x62, 0xBE, 0xAE, 0x26, 0x7B, 0xE0, 0xB1, 0x34, 0x4F, 0x46, 0xE3,
    0x60, 0xC7, 0xA2, 0xE8, 0x7A, 0xF1, 0x70, 0x20, 0x73, 0x1A, 0x0E, 0x64, 0xCA, 0x02, 0xC8, 0x9D,
    0xD3, 0x80, 0xAE, 0xF8, 0xAB, 0x3A, 0x1E, 0x31, 0x6F, 0x6C, 0x9D, 0x72, 0x48, 0x74, 0x4A, 0x90,
    0xE5, 0x23, 0x82, 0xFF, 0xFC, 0xAD, 0xED, 0x4C, 0x8E, 0x61, 0xDF, 0x71, 0x75, 0x03, 0x6B, 0xFA,
    0x04, 0x5F, 0x57, 0x75, 0xA4, 0x30, 0xF7, 0x64, 0x96, 0x4C, 0xED, 0xB0, 0x63, 0xA5, 0xD2, 0x76,
    0x3C, 0xE6, 0xCA, 0x54, 0x55, 0x79, 0x68, 0x46, 0x06, 0x17, 0xDD, 0xA4, 0x11, 0x6C, 0x51, 0xB5,
    0xC8, 0xAB, 0xF8, 0x89, 0xC7, 0x1B, 0xF6, 0x43, 0x0B, 0x70, 0x17, 0x90, 0x13, 0x8A, 0x7A, 0x83,
    0x8C, 0xB7, 0x54, 0x76, 0x1C, 0x02, 0x88, 0x82, 0x07, 0xF4, 0x57, 0x00, 0xF0, 0xA4, 0xC0, 0xA9,
    0x80, 0xE2, 0xA6, 0x58, 0x07, 0xBA, 0x38, 0x79, 0x6C, 0x42, 0xC4, 0xB6, 0x6F, 0x15, 0x3A, 0xB3,
    0xB6, 0xCF, 0xB0, 0xCA, 0xB5, 0x44, 0x79, 0x80, 0xBE, 0x53, 0x34, 0x23, 0xDB, 0x6D, 0x9B, 0x1D,
    0xB7, 0xE6, 0xCB, 0xB6, 0x4F, 0xE8, 0x8B, 0x85, 0xF6, 0x6A, 0x0D, 0x53, 0x4F, 0xD8, 0xF6, 0x13,
    0x6B, 0xFB, 0x75, 0xCE, 0xC6, 0x96, 0xD7, 0xD9, 0xB8, 0xEA, 0xE6, 0x4B, 0x82, 0x3C, 0x84, 0x8A,
    0x70, 0x7C, 0x51, 0x9D, 0x66, 0xC2, 0xF4, 0x10, 0x22, 0x40, 0x4C, 0xFD, 0x2A, 0xD5, 0x16, 0x45,
    0xB7, 0x09, 0x98, 0x25, 0x1D, 0x99, 0x5B, 0xD3, 0x53, 0xA5, 0x75, 0xBC, 0x1F, 0x02, 0x0A, 0xFD,
    0xCD, 0x24, 0xAA, 0xCB, 0x98, 0x2C, 0x52, 0x8D, 0x7C, 0x66, 0x1C, 0x9C, 0x69, 0x45, 0x28, 0x6A,
    0xC2, 0x6C, 0xAA, 0x95, 0x19, 0x54, 0x83, 0x7E, 0xC6, 0x48, 0x8E, 0xB2, 0xDA, 0xBA, 0x2D, 0x82,
    0xF1, 0x82, 0x96, 0x3C, 0x0C, 0xFB, 0xFC, 0x2B, 0xCF, 0xA2, 0xC5, 0xD7, 0x9E, 0x45, 0x3F, 0x21,
    0x7A, 0x25, 0x4A, 0x53, 0x02, 0xA1, 0x27, 0x03, 0x60, 0xCD, 0x8E, 0xAF, 0x3F, 0x8B, 0xF2, 0x9B,
    0x43, 0x7B, 0x60, 0x9D, 0x03, 0x8B, 0x9A, 0xC1, 0xEF, 0x4B, 0x06, 0xBF, 0x25, 0x3D, 0x51, 0xB7,
    0xB0, 0x5F, 0x5D, 0x21, 0xBB, 0xFD, 0x1E, 0xF8, 0xF5, 0x4E, 0x18, 0x8F, 0x86, 0xC3, 0xA3, 0x9D,
    0xD0, 0xC8, 0x0C, 0x74, 0x62, 0xCB, 0x07, 0x95, 0x81, 0x1F, 0xA0, 0x5F, 0x81, 0x65, 0xEA, 0x95,
    0x94, 0x58, 0xDF, 0xDB, 0xDF, 0x82, 0xEA, 0x02, 0x76, 0x5F, 0xF1, 0x7E, 0x05, 0x88, 0x15, 0x90,
    0x3E, 0x20, 0x2D, 0xA8, 0x09, 0xCF, 0x0F, 0x00, 0x3C, 0x7F, 0x92, 0xB2, 0x09, 0xD9, 0x1B, 0x3F,
    0xF6, 0x14, 0xC8, 0xE8, 0x26, 0x6D, 0xF6, 0x35, 0x1D, 0xA7, 0x42, 0x02, 0x39, 0x09, 0x19, 0xE4,
    0x2C, 0x64, 0xE4, 0x0B, 0x09, 0xD7, 0xDC, 0x90, 0xEC, 0xF7, 0x15, 0xE3, 0x1F, 0x75, 0xCD, 0x4E,
    0x53, 0xF1, 0xF0, 0xD1, 0xF1, 0x44, 0xF3, 0x95, 0x76, 0x3D, 0xD1, 0xEC, 0x81, 0x3C, 0x51, 0x15,
    0x3B, 0x52, 0x95, 0xDC, 0x0A, 0x8A, 0x1D, 0xAA, 0xAE, 0x3D, 0xE5, 0xCB, 0x73, 0xCD, 0x8B, 0x13,
    0x4D, 0x62, 0x47, 0x13, 0xB8, 0xE3, 0xA3, 0xD8, 0x4D, 0x6A, 0x35, 0xB9, 0x6A, 0x4A, 0x96, 0x21,
    0x72, 0x81, 0x0C, 0x22, 0xB7, 0x3A, 0x50, 0x69, 0x3C, 0x70, 0x3F, 0xD4, 0xCD, 0x10, 0x52, 0x3D,
    0x7B, 0x39, 0xFF, 0x37, 0x18, 0x7F, 0xF0, 0x9D, 0xE2, 0x84, 0x75, 0xF4, 0x5A, 0x31, 0x41, 0x14,
    0xA3, 0x67, 0xCB, 0xB7, 0xA4, 0x40, 0xD0, 0xAB, 0xAE, 0x3E, 0xAF, 0x4C, 0x6C, 0xA7, 0x53, 0xF4,
    0xD5, 0x4A, 0x0C, 0x8C, 0xDF, 0x50, 0xCC, 0x54, 0xC0, 0xB8, 0x41, 0x10, 0x23, 0x07, 0x35, 0xFD,
    0x73, 0xC1, 0x6B, 0xF2, 0x8E, 0xE8, 0x6B, 0x46, 0x74, 0x65, 0x95, 0x15, 0xE1, 0xAB, 0xE7, 0xCD,
    0xC0, 0x42, 0x9C, 0x8F, 0xF4, 0xD1, 0x6E, 0xB2, 0x23, 0xA5, 0xC9, 0x7A, 0xC4, 0xC4, 0xC1, 0xAF,
    0x01, 0x2B, 0x3D, 0x1F, 0x71, 0xE7, 0x3F, 0xEA, 0x48, 0x6F, 0xE6, 0x83, 0xC5, 0xD7, 0x45, 0xA9,
    0xAB, 0x89, 0x16, 0xDF, 0x62, 0x01, 0x2E, 0x16, 0xE1, 0x62, 0x21, 0x2E, 0x16, 0xE3, 0x62, 0x41,
    0x2E, 0x16, 0xE5, 0xB2, 0x86, 0xF9, 0x25, 0xB3, 0x23, 0x57, 0x49, 0x8C, 0x7E, 0xE3, 0x10, 0xE1,
    0xC8, 0x95, 0x2E, 0x21, 0xFD, 0xCE, 0x93, 0xEE, 0xB4, 0x28, 0xF3, 0x94, 0xC4, 0xC9, 0x69, 0xC9,
    0xDC, 0x5D, 0xC0, 0x7C, 0xA5, 0x9A, 0x39, 0x64, 0x5E, 0x60, 0x79, 0x12, 0xE0, 0x83, 0x29, 0x6B,
    0x67, 0x60, 0x5E, 0x92, 0x76, 0x5E, 0x31, 0xB2, 0x77, 0x3B, 0x02, 0x7E, 0x16, 0x48, 0xF3, 0xF8,
    0x8C, 0xCB, 0x76, 0x93, 0xC0, 0xBA, 0xC5, 0x8E, 0xDC, 0x2C, 0x45, 0x32, 0x6B, 0x0E, 0xCE, 0x3A,
    0x83, 0x7C, 0x19, 0xBF, 0x99, 0x06, 0x6A, 0xE4, 0xB5, 0x83, 0x4A, 0x68, 0x79, 0xD6, 0x0C, 0x42,
    0xC1, 0x56, 0x48, 0x01, 0xAD, 0x64, 0x59, 0xF0, 0x3B, 0xAB, 0x24, 0x73, 0x85, 0xF6, 0xF2, 0x4E,
    0x31, 0xC6, 0xF6, 0xDD, 0x95, 0x78, 0x4E, 0xC6, 0x3C, 0x93, 0xC5, 0x48, 0x67, 0x86, 0x7D, 0xA6,
    0x76, 0x3F, 0x7D, 0x91, 0x9B, 0xE3, 0xDD, 0x75, 0xB2, 0xCF, 0x53, 0x77, 0x37, 0x40, 0xC1, 0x21,
    0xFD, 0x28, 0x40, 0xC3, 0x1E, 0x5F, 0xDA, 0xCF, 0x73, 0x91, 0x14, 0x25, 0x4E, 0x5B, 0xAA, 0x2A,
    0x10, 0xD9, 0x84, 0x85, 0xBE, 0x6C, 0x85, 0xDC, 0x42, 0xE3, 0x7A, 0x29, 0x09, 0xAB, 0xC3, 0x16,
    0x04, 0x5F, 0x43, 0xF3, 0xEF, 0x99, 0xFA, 0x7F, 0x08, 0xC0, 0x58, 0x1E, 0xDC, 0x86, 0x24, 0xB8,
    0x3B, 0x21, 0x0D, 0xAE, 0x0C, 0x59, 0x9F, 0xBF, 0xDE, 0x3B, 0x98, 0xD3, 0x92, 0xD7, 0x97, 0xAE,
    0xF5, 0x6F, 0xB1, 0xEB, 0xB1, 0x34, 0x13, 0x4A, 0x80, 0x17, 0xCF, 0x16, 0x50, 0x2C, 0x27, 0x13,
    0x5B, 0x40, 0x90, 0xC8, 0x5A, 0x40, 0xA6, 0xBD, 0x6B, 0x59, 0xCD, 0x5C, 0x9D, 0xE8, 0x2D, 0x55,
    0x6B, 0xA5, 0x13, 0x54, 0xBB, 0xA5, 0xF4, 0xA8, 0x02, 0xD1, 0x04, 0xFE, 0x01, 0xF8, 0x67, 0xD6,
    0x71, 0xB5, 0xA6, 0x5F, 0xB5, 0x03, 0xBA, 0xEB, 0x3D, 0xFC, 0x9A, 0xC7, 0x58, 0x98, 0x99, 0xC5,
    0x9D, 0xD7, 0xD6, 0x50, 0x72, 0xE0, 0x0F, 0x18, 0x2C, 0x8C, 0x3C, 0x43, 0x5F, 0xDA, 0xFA, 0x3C,
    0xA5, 0x82, 0x02, 0xEC, 0x00, 0xBD, 0x50, 0x05, 0xE3, 0xB2, 0x11, 0x37, 0xDE, 0x62, 0xE3, 0x25,
    0x45, 0x68, 0xBC, 0xF2, 0x4A, 0x77, 0xEA, 0xAE, 0xB9, 0xF6, 0xB8, 0x19, 0xF2, 0x96, 0xBB, 0x54,
    0xA7, 0xF3, 0x7F, 0x5F, 0xCD, 0x77, 0x06, 0x8F, 0xAD, 0xE6, 0x17, 0x47, 0xE1, 0x80, 0xC4, 0x20,
    0xC0, 0xBF, 0xA5, 0xFC, 0x50, 0xAA, 0x20, 0x67, 0xE4, 0x95, 0x53, 0x1C, 0x4E, 0xA3, 0x29, 0xE9,
    0x8E, 0xD0, 0x4E, 0xFB, 0xC1, 0xF5, 0xB1, 0x86, 0xA6, 0xA6, 0x3B, 0xA0, 0xB7, 0xA5, 0xD2, 0x5F,
    0xC9, 0xDE, 0x27, 0x66, 0xDC, 0x3B, 0xF8, 0xB7, 0x2B, 0xEE, 0xC1, 0xD2, 0x2B, 0x69, 0xEB, 0xEB,
    0xC3, 0xAC, 0x6E, 0x90, 0x04, 0x31, 0x43, 0xA4, 0x19, 0xB6, 0xA3, 0x38, 0x36, 0x91, 0x68, 0x94,
    0x38, 0x38, 0x96, 0xED, 0x67, 0xD1, 0x60, 0xFB, 0x83, 0x0C, 0xDB, 0x72, 0xE0, 0x48, 0x3D, 0x16,
    0xDC, 0x5C, 0x2C, 0x5F, 0xDE, 0x3C, 0x8A, 0x85, 0x58, 0xAC, 0xD8, 0xEE, 0xA5, 0x09, 0x45, 0x97,
    0x8E, 0x1E, 0x9A, 0xEF, 0x70, 0xFD, 0x2D, 0x2E, 0xEA, 0x4E, 0xD5, 0xED, 0x62, 0x58, 0x5B, 0x38,
    0xBB, 0x6E, 0xBB, 0x30, 0x43, 0xCE, 0xAB, 0x36, 0x57, 0x9B, 0x8B, 0xBC, 0xAC, 0x57, 0xC5, 0xAA,
    0x28, 0xF4, 0xB6, 0x39, 0x2F, 0xED, 0x80, 0x07, 0x09, 0xF1, 0xEA, 0x86, 0xED, 0xFA, 0x62, 0x06,
    0xE8, 0xD5, 0x52, 0x63, 0x94, 0xC7, 0x7F, 0x4C, 0x43, 0x31, 0x1D, 0x45, 0xA8, 0xA5, 0x08, 0xF5,
    0xE4, 0x3A, 0x56, 0xA5, 0x0C, 0xA9, 0xED, 0xE3, 0xDA, 0xC4, 0xAA, 0xF5, 0xAA, 0x37, 0xB5, 0xDE,
    0xC3, 0x96, 0x98, 0x1B, 0xD2, 0x82, 0x47, 0x4F, 0x14, 0x37, 0xE4, 0x5E, 0x67, 0x34, 0xA3, 0xB1,
    0xB8, 0x7C, 0x7B, 0x66, 0x01, 0xAB, 0x58, 0x5C, 0xF2, 0xDA, 0xEB, 0xCF, 0xB2, 0xB6, 0x52, 0x05,
    0xEB, 0x94, 0x27, 0x15, 0x20, 0x97, 0xBA, 0x0B, 0xB5, 0x7F, 0x40, 0x18, 0xC9, 0x4F, 0x06, 0x8C,
    0xFD, 0xCD, 0x80, 0xB1, 0x4B, 0xE0, 0xD8, 0xC0, 0xB1, 0x81, 0x63, 0x7B, 0x8E, 0xED, 0x38, 0x16,
    0xB0, 0x37, 0x36, 0xBA, 0x4D, 0xCD, 0x17, 0x8C, 0x7D, 0xC5, 0x61, 0xEC, 0x92, 0x71, 0xEC, 0x65,
    0x8E, 0x9D, 0x38, 0xB6, 0xFF, 0xA6, 0x75, 0xDF, 0xC4, 0xBA, 0x51, 0xB8, 0xCD, 0x5A, 0x83, 0x75,
    0x01, 0xD4, 0xF9, 0x7F, 0xB3, 0x6E, 0x36, 0xF8, 0xF9, 0xEA, 0x95, 0x77, 0x8F, 0xAB, 0xB9, 0x98,
    0x04, 0xFF, 0x45, 0x63, 0x34, 0xA4, 0x63, 0x1C, 0x0A, 0xD4, 0xC1, 0x83, 0x2B, 0x49, 0xFF, 0xDC,
    0x61, 0xD2, 0xFB, 0x39, 0xED, 0x72, 0x54, 0x44, 0x39, 0x85, 0xFF, 0x9A, 0xA6, 0x26, 0xF1, 0x62,
    0x4D, 0x7F, 0x56, 0x1A, 0x51, 0xB9, 0x46, 0xD5, 0x87, 0xBD, 0xA6, 0x1D, 0x6C, 0x7B, 0x99, 0xED,
    0x58, 0x30, 0x18, 0xB2, 0xE4, 0xD8, 0xDB, 0xAB, 0x85, 0xFF, 0x60, 0xE6, 0x54, 0x1B, 0x46, 0xEB,
    0x9F, 0x80, 0x33, 0x31, 0x19, 0xF9, 0x2D, 0x7A, 0xAB, 0x05, 0x25, 0x11, 0x23, 0xD2, 0xF3, 0x5B,
    0x6A, 0x4D, 0xC1, 0xAD, 0x87, 0x1B, 0x13, 0x31, 0x06, 0x92, 0xC4, 0x71, 0x37, 0x0D, 0xF9, 0x4B,
    0xD1, 0x72, 0xB8, 0xAF, 0xC5, 0x05, 0x2B, 0x01, 0xBD, 0xF8, 0x5B, 0x6F, 0x2B, 0x15, 0xD6, 0xD9,
    0xAA, 0xDC, 0x4D, 0x9A, 0xBC, 0x17, 0x0A, 0x86, 0xDB, 0xF1, 0xC2, 0xDE, 0x01, 0x75, 0x12, 0x36,
    0xA6, 0x9F, 0xB1, 0x9E, 0x5F, 0xD0, 0x1C, 0x3B, 0x7E, 0xD3, 0xD2, 0xBF, 0x4C, 0xFA, 0xC7, 0xA3,
    0xB6, 0x93, 0x92, 0xB4, 0x90, 0xB5, 0x98, 0x37, 0x10, 0x4C, 0x15, 0x76, 0xF7, 0x1A, 0x33, 0x15,
    0xEC, 0x10, 0x7E, 0x7D, 0x91, 0x91, 0x1A, 0xF4, 0xEB, 0x19, 0xDF, 0x8E, 0xB3, 0xCE, 0xDB, 0x18,
    0x42, 0xCE, 0x81, 0xC5, 0x1C, 0x69, 0x5F, 0xE8, 0x0B, 0x3A, 0xFA, 0x97, 0xEF, 0x0E, 0xA7, 0x87,
    0xC9, 0xDD, 0xEE, 0xE0, 0x30, 0xBD, 0xDB, 0x1D, 0xF9, 0x93, 0x17, 0xCF, 0x47, 0xBE, 0x81, 0x09,
    0x58, 0xAB, 0xAA, 0xA5, 0xA9, 0xBF, 0x9B, 0xEA, 0x78, 0x2D, 0x7F, 0xA0, 0x93, 0x2F, 0xAB, 0x50,
    0xA1, 0xC8, 0xB0, 0xBE, 0xBD, 0x0A, 0x5F, 0x45, 0xCA, 0xC4, 0x6C, 0x1F, 0x93, 0xB0, 0xED, 0xE3,
    0x12, 0x96, 0xA9, 0xB4, 0x5E, 0xB3, 0xF9, 0xC1, 0x2E, 0xA8, 0xF2, 0x68, 0x1D, 0xD0, 0x1A, 0x17,
    0x1C, 0xF2, 0x80, 0x44, 0x11, 0x57, 0x8D, 0xEB, 0xD3, 0xDE, 0xE8, 0x52, 0xB4, 0xAC, 0x2F, 0xA7,
    0xEC, 0x4D, 0xDD, 0x79, 0xD3, 0x15, 0xA3, 0x63, 0xCC, 0x84, 0x83, 0xCB, 0x69, 0x7F, 0xF5, 0xB2,
    0x83, 0x11, 0x45, 0x5D, 0x4C, 0x1E, 0x8E, 0xE7, 0x22, 0x8F, 0x9B, 0x9C, 0x17, 0x0C, 0xC8, 0xF6,
    0x74, 0x76, 0xDF, 0xA0, 0xF3, 0xF1, 0xA6, 0x33, 0xBB, 0x05, 0x63, 0x6B, 0xD9, 0x21, 0x02, 0x9F,
    0x45, 0x02, 0xE0, 0x5A, 0xA6, 0xF5, 0xF7, 0xA2, 0x93, 0x53, 0xD9, 0x9D, 0xC6, 0xF3, 0x69, 0x36,
    0x9D, 0xE6, 0xD3, 0xE9, 0xF1, 0x74, 0xF6, 0xF9, 0xD8, 0x7C, 0x30, 0x34, 0xD7, 0x87, 0x1D, 0x5E,
    0xBB, 0xDA, 0x0E, 0x7F, 0x7D, 0x7B, 0xF3, 0x9A, 0xCB, 0x31, 0x70, 0x6C, 0xAD, 0xCA, 0x56, 0x39,
    0x33, 0xDF, 0x30, 0x3E, 0xAC, 0xC6, 0x92, 0x7C, 0x76, 0x89, 0x86, 0xE4, 0x7C, 0x4C, 0xBB, 0xAB,
    0x69, 0x7B, 0x3B, 0x7D, 0x10, 0x12, 0x38, 0xA6, 0x29, 0xE5, 0x55, 0x2B, 0xAA, 0x2D, 0xCB, 0x95,
    0x6F, 0xD3, 0xA1, 0x92, 0x64, 0x2D, 0xAA, 0x8F, 0xB7, 0xB5, 0x7F, 0xD4, 0x56, 0x2B, 0xAA, 0xE5,
    0xE3, 0xF7, 0xE8, 0xEC, 0xF1, 0x7B, 0x14, 0xEF, 0x4D, 0x7D, 0x49, 0xFE, 0x18, 0x63, 0xEE, 0xA8,
    0x88, 0x42, 0x8D, 0xE4, 0x33, 0xFD, 0x69, 0x9F, 0x75, 0x07, 0xE8, 0xD8, 0xF6, 0xA4, 0xF0, 0x16,
    0xC0, 0xB3, 0xE1, 0x7A, 0xAD, 0xB3, 0xFE, 0x38, 0x6B, 0x5D, 0x77, 0x44, 0x1A, 0x85, 0x7A, 0xCC,
    0x13, 0x24, 0x90, 0xA8, 0x7C, 0x7B, 0x1E, 0xFB, 0xE6, 0xDE, 0x77, 0xF6, 0x4D, 0xBD, 0xEF, 0xA2,
    0xED, 0xAD, 0x90, 0x1A, 0xF4, 0x17, 0xB5, 0x38, 0x27, 0x14, 0xB2, 0x6E, 0xE1, 0x53, 0x6F, 0x4F,
    0xF4, 0x57, 0xB0, 0xE7, 0xB3, 0x75, 0xD1, 0x2B, 0x2C, 0x4B, 0xD7, 0x9E, 0xC8, 0x07, 0xB9, 0x76,
    0x7C, 0x70, 0x55, 0xFC, 0xBD, 0xF1, 0x47, 0xE2, 0xAF, 0xE3, 0x96, 0xDF, 0x63, 0xD8, 0xDB, 0x87,
    0xEC, 0x82, 0xFF, 0x1D, 0xE3, 0xBF, 0x33, 0x6E, 0xCB, 0x2C, 0xDF, 0x2E, 0x33, 0x95, 0xBC, 0x74,
    0x19, 0xFE, 0xE4, 0x1C, 0x7E, 0x75, 0xCA, 0x4C, 0x9E, 0xB8, 0xE6, 0xC0, 0xC3, 0xBF, 0x07, 0xB3,
    0xD1, 0x2F, 0x80, 0xD1, 0xD5, 0xDF, 0x7F, 0x82, 0xED, 0xB2, 0x2A, 0xC7, 0x4C, 0xF5, 0xCE, 0x90,
    0xA7, 0x2F, 0x7E, 0x18, 0xFC, 0xCD, 0xE4, 0xA3, 0xBE, 0x0A, 0xC9, 0x2F, 0xDA, 0x77, 0xDF, 0xCD,
    0x4E, 0xE4, 0x9D, 0x77, 0xE0, 0x0B, 0x24, 0x56, 0x0F, 0xB5, 0x18, 0x6C, 0x7F, 0x6A, 0x66, 0x9F,
    0xCA, 0xF7, 0x96, 0x37, 0x2B, 0x0D, 0x8D, 0x86, 0xC8, 0x4E, 0x5A, 0xCD, 0x46, 0x38, 0x8C, 0x8F,
    0x45, 0x54, 0xF0, 0x69, 0x06, 0xC0, 0x4D, 0x71, 0x58, 0xAE, 0xF8, 0xB9, 0xC8, 0x81, 0xC3, 0x75,
    0x19, 0xFF, 0x9E, 0x56, 0xFB, 0xE3, 0x85, 0xAD, 0x11, 0x7D, 0x11, 0x4D, 0xF1, 0x2A, 0xBF, 0xF4,
    0xBD, 0x57, 0x76, 0x41, 0x5E, 0xD5, 0x24, 0x23, 0x62, 0x98, 0xC5, 0x34, 0x22, 0x2F, 0x65, 0x65,
    0x1D, 0xED, 0xDB, 0x0C, 0x52, 0x90, 0xBF, 0x9C, 0xBC, 0xB9, 0x3D, 0xBC, 0x2D, 0xD8, 0xAD, 0xA4,
    0x67, 0xC3, 0x2F, 0x7F, 0x5E, 0x0E, 0x97, 0x33, 0x0D, 0x07, 0x07, 0xC5, 0xF3, 0xE3, 0xC1, 0xD5,
    0x03, 0x39, 0x78, 0xE6, 0x9D, 0x77, 0xE4, 0x99, 0x67, 0x02, 0xE0, 0x20, 0x04, 0x79, 0x8E, 0xF0,
    0xA3, 0xAB, 0xE1, 0x28, 0x0E, 0xEF, 0xBC, 0xEB, 0xF5, 0x4E, 0x7F, 0x94, 0xDD, 0x4F, 0xDA, 0x2B,
    0x42, 0x7F, 0x75, 0xD1, 0xCC, 0x0A, 0xDB, 0x6F, 0xAF, 0xF5, 0xE4, 0xC9, 0x9F, 0x00, 0x52, 0x55,
    0x1A, 0xB3, 0xF2, 0xF7, 0x9B, 0x97, 0x54, 0xAC, 0xEB, 0xB6, 0xCE, 0xC2, 0xB5, 0xA8, 0x69, 0x89,
    0xB7, 0x4D, 0xAD, 0x0C, 0x8F, 0xAD, 0xA0, 0x56, 0x56, 0x4A, 0x2D, 0x64, 0x6B, 0x92, 0x4A, 0x7B,
    0x38, 0x23, 0xAF, 0xD3, 0x5B, 0xEC, 0x00, 0xBA, 0x7F, 0x08, 0xFA, 0x2A, 0x3B, 0x43, 0xBE, 0x9D,
    0x0A, 0x9C, 0x2C, 0xF6, 0x96, 0xAD, 0xA9, 0x9D, 0xA5, 0x2C, 0x62, 0xB0, 0x77, 0xBD, 0x2F, 0x9B,
    0x11, 0xB1, 0x1A, 0x85, 0x83, 0x24, 0x1C, 0xC7, 0x9D, 0x61, 0x7F, 0x0A, 0x8C, 0x74, 0xE2, 0xBA,
    0xD5, 0x90, 0x75, 0x48, 0xB0, 0xDE, 0xB5, 0xF9, 0x79, 0xD3, 0x16, 0x65, 0xAA, 0x0B, 0xE3, 0xB3,
    0xE9, 0x65, 0xDA, 0x9A, 0xFF, 0xD6, 0xED, 0x83, 0xE1, 0x63, 0xD9, 0x01, 0x75, 0x8F, 0x6F, 0x3E,
    0x55, 0x66, 0xA8, 0x56, 0x4D, 0xEF, 0x3A, 0x5D, 0x74, 0x70, 0xEF, 0x4D, 0xF9, 0x07, 0x23, 0x68,
    0xB4, 0x2B, 0xA7, 0xFC, 0xC7, 0xFA, 0xB2, 0x4C, 0xC5, 0x1B, 0xDA, 0x02, 0x5F, 0x79, 0xBD, 0x93,
    0xD1, 0xBB, 0x17, 0xBA, 0x68, 0xF4, 0xD9, 0x0D, 0x90, 0x7F, 0x9F, 0x6A, 0x99, 0x40, 0xC3, 0xFB,
    0xF0, 0x06, 0xED, 0x85, 0xDE, 0x64, 0xB8, 0x88, 0xC3, 0x5B, 0x27, 0x3C, 0x68, 0x37, 0xA7, 0x3E,
    0xA5, 0xF4, 0x6A, 0xF4, 0x96, 0xE0, 0x61, 0x9E, 0x55, 0x3D, 0x88, 0xEA, 0x2F, 0x74, 0x4C, 0xE6,
    0x4C, 0x5F, 0x98, 0xB2, 0x10, 0xCF, 0x32, 0x59, 0xD9, 0x9F, 0x90, 0x74, 0xA3, 0xA0, 0x92, 0xC7,
    0x03, 0xA2, 0x12, 0x9B, 0x1A, 0xB3, 0x74, 0x00, 0x1B, 0xF4, 0xE0, 0x04, 0xD1, 0xF6, 0x62, 0x9F,
    0x84, 0x5D, 0x76, 0xA3, 0x4B, 0xC2, 0x51, 0xFA, 0xE3, 0x2E, 0xED, 0x0F, 0xDD, 0x2B, 0x2D, 0xF4,
    0x5E, 0x1C, 0x52, 0x38, 0x1B, 0x80, 0xED, 0x57, 0xCE, 0x3C, 0x47, 0xC3, 0x78, 0xFF, 0xDC, 0x6E,
    0xA3, 0x3C, 0x11, 0xB7, 0xE1, 0xC9, 0x5B, 0xCD, 0xCC, 0xCD, 0x30, 0x1D, 0x2B, 0x36, 0x58, 0x06,
    0xED, 0x1E, 0x1B, 0xCB, 0x31, 0xE9, 0xBA, 0x93, 0x33, 0x85, 0xDC, 0x7E, 0xD6, 0xF2, 0x3F, 0x5C,
    0xB6, 0xB4, 0x1D, 0x0E, 0x4D, 0x34, 0xA3, 0x09, 0xDF, 0xD9, 0x2D, 0xEE, 0x3E, 0x45, 0x1B, 0xF1,
    0x57, 0xB7, 0x9C, 0xA8, 0x3D, 0x74, 0xE8, 0xDA, 0xFD, 0xEF, 0x97, 0x69, 0x2B, 0xFB, 0x1F, 0xD3,
    0xB3, 0x80, 0x47, 0xA9, 0x50, 0xB0, 0xE2, 0xD5, 0xBD, 0x9B, 0xF5, 0x10, 0xED, 0xBB, 0x45, 0x0B,
    0x71, 0xE7, 0x73, 0xB5, 0xD7, 0xAD, 0x3A, 0xAE, 0x7A, 0x76, 0x7C, 0xE6, 0xBE, 0x85, 0xE0, 0x4C,
    0x96, 0x8D, 0xB3, 0x6C, 0x36, 0xFD, 0x9F, 0xE9, 0xB9, 0x33, 0xAC, 0x0C, 0xFD, 0x23, 0x58, 0x94,
    0x86, 0xF2, 0xD7, 0x7F, 0x09, 0xCC, 0x18, 0xDB, 0x45, 0xC3, 0x39, 0x8A, 0xA5, 0x7C, 0x7A, 0xC2,
    0x52, 0x6C, 0x88, 0x57, 0x1E, 0x19, 0x9F, 0x0D, 0x44, 0x3F, 0x13, 0xAF, 0xE6, 0x5C, 0x23, 0x38,
    0x91, 0x89, 0xFA, 0x22, 0xC5, 0xE6, 0x53, 0xA4, 0x38, 0x94, 0xF8, 0x3B, 0xCC, 0x96, 0xD3, 0xF2,
    0xED, 0x81, 0x49, 0xF6, 0x56, 0xDC, 0xE6, 0x22, 0x87, 0xDE, 0xF3, 0xE4, 0xBE, 0x1C, 0x79, 0x64,
    0x71, 0xE9, 0x26, 0xE9, 0x58, 0x35, 0x16, 0x53, 0xCC, 0xD3, 0xEC, 0xB9, 0x59, 0x92, 0x60, 0xAF,
    0xDC, 0x1A, 0x48, 0x87, 0x58, 0xF7, 0x49, 0x6F, 0xAF, 0x50, 0xC9, 0xD0, 0x7D, 0x8D, 0x12, 0x64,
    0x67, 0x35, 0xAE, 0xF4, 0xCE, 0x8E, 0x0F, 0xE5, 0xD8, 0xD5, 0x70, 0xD9, 0x53, 0x72, 0x56, 0x88,
    0x30, 0x56, 0x26, 0x0F, 0xA9, 0x65, 0x34, 0xF2, 0x95, 0x4C, 0x5A, 0xDB, 0x71, 0xEC, 0x69, 0x5A,
    0x27, 0x74, 0xDB, 0xA1, 0x2B, 0x33, 0xA3, 0x1C, 0x8B, 0x95, 0x3D, 0x5A, 0x69, 0x87, 0x26, 0x5F,
    0x3D, 0x0A, 0x7E, 0xCC, 0xE1, 0xFD, 0xCE, 0xD0, 0x3A, 0xC7, 0x93, 0x37, 0xB3, 0x61, 0x2F, 0x22,
    0xE9, 0xD0, 0x58, 0xCB, 0x4B, 0xD8, 0xF0, 0x74, 0xD8, 0x3F, 0x6E, 0x2E, 0xEA, 0x8B, 0x09, 0x9A,
    0x92, 0x22, 0xB1, 0x97, 0xFE, 0x92, 0xBE, 0x16, 0x20, 0x42, 0x26, 0x41, 0x76, 0xD9, 0x98, 0xBD,
    0x10, 0xA4, 0x2A, 0x66, 0x92, 0x95, 0x6A, 0xF6, 0xCF, 0x2B, 0x6C, 0x1B, 0xF2, 0xCF, 0x9A, 0x1A,
    0x21, 0x97, 0x30, 0xD8, 0x61, 0x5C, 0xF5, 0xF0, 0xD4, 0x22, 0xEE, 0xF7, 0x45, 0xB2, 0x89, 0x6E,
    0x5F, 0x20, 0x28, 0xA2, 0x9F, 0xC9, 0x0F, 0x78, 0x96, 0xAB, 0x1F, 0x68, 0x5E, 0x47, 0x20, 0xD1,
    0x7C, 0x6E, 0xBD, 0x1F, 0xEB, 0x0D, 0xA3, 0xA0, 0x95, 0x69, 0xB6, 0xF6, 0x6D, 0x9A, 0x6C, 0x82,
    0x29, 0x79, 0x4C, 0xC5, 0x21, 0x2E, 0x0D, 0x29, 0xED, 0xCA, 0xB1, 0x0D, 0x10, 0x87, 0x39, 0xC9,
    0xAE, 0xBF, 0xED, 0xC4, 0x5E, 0x08, 0x38, 0xA9, 0x4A, 0x84, 0xE2, 0xCE, 0xA8, 0xAB, 0x4E, 0xD4,
    0x4E, 0x2A, 0x54, 0xF6, 0xED, 0x39, 0x55, 0x6B, 0x3E, 0xA9, 0xBE, 0xA7, 0x1D, 0x9F, 0x55, 0x3F,
    0xBC, 0xD7, 0xF3, 0x69, 0xF5, 0x57, 0x3F, 0xEE, 0xF9, 0xBC, 0xAA, 0xAE, 0xE3, 0x13, 0xEB, 0xE4,
    0xEC, 0x99, 0x15, 0xC5, 0x30, 0xDD, 0x5E, 0x88, 0xB3, 0x77, 0xE7, 0x35, 0xC5, 0xD6, 0xC9, 0xB7,
    0x03, 0xD6, 0xD5, 0xF3, 0xBB, 0x87, 0xA2, 0xA2, 0x98, 0xD7, 0x7D, 0x98, 0xE4, 0x6C, 0x15, 0xF3,
    0xBA, 0x27, 0x5B, 0x3F, 0x37, 0x31, 0x44, 0x14, 0xC9, 0xC0, 0xFE, 0x6E, 0x65, 0x09, 0x77, 0xFC,
    0xD3, 0xC3, 0xB8, 0xD4, 0x2D, 0x65, 0x54, 0x83, 0xC9, 0x64, 0x8E, 0x07, 0x4A, 0xB2, 0xF5, 0x91,
    0xBA, 0xD0, 0x13, 0xA7, 0x45, 0x6B, 0x51, 0x70, 0x76, 0xEA, 0xEF, 0x84, 0x03, 0xF1, 0x89, 0x8E,
    0xFE, 0xEE, 0x70, 0x26, 0x3E, 0xBD, 0x3E, 0x54, 0x1F, 0xDD, 0x57, 0xB9, 0x92, 0xA1, 0xCC, 0xDD,
    0xF3, 0xBF, 0x98, 0x8E, 0xB3, 0x97, 0xFA, 0xF3, 0xD9, 0xDF, 0x98, 0xAE, 0xA5, 0x7A, 0xE7, 0xB3,
    0xA9, 0x00, 0x23, 0x88, 0x50, 0x04, 0x87, 0xCB, 0xE6, 0xD4, 0xCC, 0x16, 0xDB, 0x0E, 0xFB, 0x58,
    0xA7, 0xA2, 0xAD, 0x1E, 0x2C, 0x27, 0x23, 0x25, 0x0B, 0x6F, 0xB7, 0x29, 0x76, 0x7F, 0x95, 0xFF,
    0x05, 0xE5, 0xDA, 0x01, 0xA4, 0x2D, 0xF9, 0x7D, 0x07, 0xF0, 0xCF, 0xCC, 0xE4, 0xE6, 0x48, 0x47,
    0xCD, 0x42, 0xB1, 0x92, 0xEE, 0x29, 0x82, 0x84, 0xEC, 0x0E, 0x04, 0xC5, 0xBE, 0x3B, 0x43, 0x00,
    0xD0, 0xC0, 0x16, 0x8A, 0x06, 0x01, 0x2A, 0xDD, 0x00, 0xB6, 0xBC, 0xB7, 0xE7, 0x54, 0x50, 0x80,
    0x85, 0x06, 0x20, 0x45, 0x01, 0x48, 0xB1, 0x08, 0xEE, 0xBB, 0x67, 0x9A, 0xA0, 0x00, 0x93, 0x16,
    0x05, 0x64, 0xAA, 0x89, 0x22, 0xE8, 0xB4, 0xA6, 0x35, 0x2F, 0x9D, 0x73, 0xA6, 0xEF, 0xFC, 0x7F,
    0xF4, 0x1E, 0x9B, 0xDB, 0x15, 0x2D, 0x6F, 0xEF, 0xDD, 0x7D, 0x8E, 0xEF, 0x05, 0x77, 0xCE, 0xEF,
    0xFF, 0xFD, 0x9C, 0xFF, 0x9D, 0xFF, 0x39, 0xEF, 0xA0, 0x1C, 0xA1, 0x4A, 0xD9, 0xA4, 0xDC, 0x4D,
    0xB0, 0x4E, 0xC8, 0x8E, 0x33, 0x8A, 0x69, 0xC1, 0x66, 0x5C, 0x50, 0xF5, 0x0B, 0xB6, 0xDD, 0x73,
    0x34, 0xED, 0x39, 0x77, 0xDE, 0xC7, 0xD1, 0x8E, 0x7C, 0xD1, 0x50, 0x4C, 0x1A, 0xCA, 0x51, 0xD3,
    0xAA, 0x7A, 0x75, 0xAB, 0x5E, 0xD7, 0x75, 0xAF, 0x79, 0x99, 0x9D, 0x43, 0xCA, 0x23, 0x55, 0x97,
    0x2F, 0x54, 0x7D, 0x31, 0x9F, 0xB3, 0x1C, 0x29, 0x87, 0x6A, 0xA0, 0x1C, 0x9B, 0x8E, 0xCD, 0xE8,
    0x9E, 0x7F, 0x5B, 0xD0, 0xEC, 0x53, 0xB6, 0xF0, 0x16, 0x7C, 0x7E, 0x6D, 0x67, 0xBB, 0xF5, 0xDF,
    0xA6, 0x6C, 0xFD, 0xFE, 0x69, 0xDA, 0xCC, 0x9A, 0xB1, 0x1A, 0x6C, 0xC7, 0xBA, 0x53, 0x0D, 0xE7,
    0x29, 0x86, 0x1D, 0x55, 0x7F, 0x4B, 0xD5, 0x1D, 0x45, 0x6C, 0xCF, 0x51, 0xEF, 0x8F, 0x34, 0xFB,
    0x5B, 0x9A, 0xF6, 0xC0, 0xAA, 0xD9, 0x17, 0xAB, 0xFA, 0xC5, 0x61, 0xA7, 0x5C, 0x97, 0xF7, 0x65,
    0x87, 0x0F, 0xDE, 0x07, 0x80, 0xAA, 0x45, 0xD3, 0xC5, 0x0C, 0xD4, 0x40, 0x76, 0x82, 0xCD, 0xDA,
    0xA1, 0xFA, 0x41, 0x87, 0x2F, 0x6C, 0x3A, 0x28, 0x53, 0xD6, 0x60, 0x86, 0x7C, 0x04, 0x00, 0x0F,
    0xBB, 0xFE, 0x2F, 0x0E, 0xD8, 0x2D, 0x78, 0xB1, 0xE0, 0x83, 0xB7, 0xE1, 0x26, 0x56, 0x11, 0x6B,
    0xB3, 0x85, 0x2B, 0x78, 0x45, 0x0C, 0xD9, 0x07, 0xEE, 0x8A, 0x55, 0x81, 0x6F, 0xBF, 0x09, 0xF9,
    0xF2, 0x65, 0x28, 0x4F, 0x60, 0xFB, 0xC7, 0x2D, 0x3C, 0x2B, 0x3B, 0x64, 0x73, 0xD1, 0x73, 0x7F,
    0xF3, 0x51, 0x7D, 0x74, 0x1F, 0xE5, 0x47, 0xFB, 0xA2, 0x7E, 0xD1, 0xBF, 0x00, 0x10, 0x02, 0x82,
    0x40, 0x18, 0x08, 0x04, 0xA1, 0x20, 0x18, 0x84, 0x03, 0x01, 0x21, 0x24, 0x04, 0x85, 0xB0, 0x10,
    0x18, 0x42, 0x43, 0x70, 0x08, 0x0F, 0x01, 0x22, 0x44, 0x04, 0x09, 0x78, 0x02, 0x33, 0xB2, 0x91,
    0xEA, 0x27, 0x1D, 0x4D, 0x8F, 0xD3, 0x48, 0x31, 0xCE, 0x54, 0xDD, 0x33, 0xAE, 0xFC, 0xCE, 0xAB,
    0x33, 0xB9, 0xB9, 0x9B, 0xCB, 0x35, 0x2C, 0x5B, 0x14, 0x27, 0x69, 0x3B, 0xC0, 0x75, 0xD5, 0x21,
    0x14, 0x1E, 0xC9, 0x8B, 0x5F, 0xD9, 0x21, 0x4D, 0x9C, 0x0F, 0x54, 0x7F, 0x3B, 0x7E, 0xF2, 0x45,
    0x97, 0x3D, 0x68, 0x26, 0xF0, 0xF5, 0x0F, 0x81, 0xBF, 0x01, 0x79, 0x0F, 0x7F, 0x5D, 0xB6, 0xC8,
    0x97, 0x2F, 0x40, 0xB9, 0x82, 0xFA, 0x0F, 0x2E, 0xB7, 0xC2, 0xF4, 0x29, 0xDA, 0x0A, 0xB7, 0x50,
    0xAC, 0x2D, 0xF2, 0x4D, 0x0B, 0x25, 0x78, 0x1B, 0x55, 0x37, 0xA2, 0xE9, 0x5B, 0x41, 0x16, 0x66,
    0x81, 0x16, 0x6A, 0x97, 0x6E, 0x09, 0x4E, 0x92, 0x93, 0xE8, 0x24, 0x3B, 0x09, 0x4F, 0xD2, 0x93,
    0xF8, 0x24, 0x3F, 0x31, 0x66, 0x12, 0x94, 0x08, 0x25, 0x43, 0x09, 0x51, 0x52, 0x0C, 0xC6, 0x70,
    0x0C, 0xC8, 0x3B, 0xC9, 0xCD, 0xF4, 0x25, 0x6C, 0xD7, 0x19, 0xBF, 0xBF, 0xED, 0x81, 0xE4, 0x27,
    0x4A, 0x0B, 0xBD, 0xC0, 0x0B, 0xBB, 0xA0, 0x7B, 0x3C, 0xFB, 0xE7, 0xFD, 0xAC, 0x63, 0xFD, 0x87,
    0x4E, 0xF1, 0xE3, 0xB5, 0x55, 0xB4, 0x7F, 0x06, 0x92, 0x80, 0x4F, 0x7C, 0x27, 0x7D, 0xFB, 0xA2,
    0xE6, 0x93, 0xB8, 0x5D, 0x44, 0xCD, 0xF7, 0xDE, 0x2C, 0x1E, 0xFF, 0x11, 0xE9, 0x61, 0xF4, 0xFE,
    0xF1, 0xA7, 0x28, 0xF9, 0x1E, 0xAA, 0x94, 0x35, 0x78, 0xFB, 0x4E, 0x6B, 0xF4, 0x5E, 0xCA, 0x09,
    0xC7, 0xCD, 0x88, 0xDD, 0xDA, 0xA1, 0x3C, 0x7A, 0x44, 0x5A, 0x5F, 0x81, 0x19, 0xF9, 0x88, 0xA2,
    0xC3, 0xE7, 0x5B, 0x2A, 0x9B, 0xBD, 0x4A, 0x75, 0xBE, 0xFC, 0x8E, 0x62, 0x5D, 0x70, 0xE8, 0xC1,
    0xAB, 0xC2, 0x29, 0x7A, 0xC4, 0x5C, 0xB2, 0x94, 0x26, 0xF8, 0xA6, 0xD7, 0x30, 0xFA, 0x11, 0xA6,
    0x6C, 0xC2, 0xE9, 0xDD, 0x01, 0xCD, 0xE3, 0xAB, 0xFF, 0x1A, 0x6A, 0xD8, 0x42, 0xD5, 0x02, 0xA2,
    0xFE, 0xF6, 0x5C, 0xFF, 0x2F, 0x0E, 0x9F, 0x50, 0xFD, 0xDE, 0x82, 0x6C, 0xED, 0x90, 0x7D, 0xAF,
    0x83, 0x22, 0xE5, 0x1B, 0xE0, 0x3D, 0xF0, 0x2D, 0x1F, 0xA5, 0xF8, 0x93, 0xF1, 0x71, 0x52, 0xE4,
    0x03, 0xAA, 0x05, 0x5F, 0x7A, 0x1B, 0x52, 0xDC, 0xED, 0x89, 0x07, 0x82, 0x52, 0xFE, 0xFC, 0x6B,
    0xA8, 0xD7, 0x05, 0x6F, 0x7F, 0x71, 0x00, 0x9F, 0xB2, 0x3D, 0xF1, 0x9D, 0xAC, 0x97, 0xAD, 0x3F,
    0x49, 0xF7, 0xE9, 0xBD, 0x62, 0xFF, 0x9D, 0x07, 0xB4, 0x27, 0xA2, 0xE0, 0xF1, 0xEE, 0x95, 0x7E,
    0xF7, 0x37, 0xFF, 0x53, 0x78, 0x87, 0x7E, 0x08, 0x8D, 0x7F, 0xDC, 0x1D, 0xBA, 0x49, 0xEB, 0xDF,
    0xBD, 0xCC, 0xD6, 0xEE, 0x9D, 0x77, 0xDE, 0xE1, 0x00, 0x4E, 0xE0, 0x78, 0x97, 0xD9, 0x02, 0xF9,
    0x45, 0x16, 0x73, 0xCA, 0x75, 0x5D, 0xFB, 0x94, 0x9D, 0xCD, 0x7F, 0xBC, 0xF3, 0x4E, 0x2B, 0xD8,
    0xAA, 0xE1, 0x22, 0x7B, 0x49, 0xE6, 0x2E, 0xEB, 0x2E, 0xDA, 0xBA, 0xC8, 0xBF, 0x3C, 0x3F, 0x79,
    0x1A, 0x24, 0x41, 0xB8, 0xEF, 0xDF, 0xA6, 0xBB, 0xBB, 0xE8, 0xB6, 0x87, 0x6A, 0x0F, 0xF9, 0xDA,
    0xD3, 0xAC, 0x8B, 0x97, 0x15, 0xAE, 0x36, 0xB3, 0x7A, 0x5F, 0x0D, 0xAA, 0xAE, 0xEE, 0x94, 0x5D,
    0xD3, 0x2A, 0xFB, 0x9D, 0x97, 0x91, 0x80, 0x53, 0x9C, 0x5E, 0x2E, 0xB5, 0x3D, 0x42, 0x8A, 0x5B,
    0xD8, 0xF1, 0x75, 0xCD, 0x3E, 0x5B, 0x6C, 0x5F, 0xBC, 0x3B, 0xD9, 0xAC, 0x6B, 0xC7, 0xEE, 0xC5,
    0xAF, 0x29, 0xC7, 0xC0, 0xBB, 0x16, 0xD7, 0xC0, 0x6E, 0x8F, 0x7C, 0x1D, 0xB0, 0xF9, 0x97, 0x11,
    0x79, 0x36, 0x42, 0x1E, 0xAB, 0xEF, 0xE0, 0x1A, 0xDC, 0x00, 0xE0, 0xC1, 0xD7, 0x5F, 0x4E, 0x68,
    0x8E, 0xB8, 0xBD, 0xC5, 0x77, 0xAF, 0xE1, 0x09, 0xCC, 0xD8, 0x0C, 0x44, 0xFD, 0x57, 0xF0, 0x2A,
    0x18, 0xAA, 0xFE, 0x6D, 0x34, 0xA7, 0x1B, 0x3C, 0x5F, 0x27, 0x8C, 0xDB, 0xFE, 0xF1, 0x14, 0x9A,
    0xBD, 0x28, 0x3A, 0x9B, 0xF5, 0x07, 0xAD, 0xEA, 0x87, 0x2B, 0x6F, 0xE4, 0x33, 0xBC, 0xAA, 0xF2,
    0xF0, 0x57, 0x90, 0x8F, 0xB0, 0xE9, 0xF0, 0x7A, 0xD5, 0xE2, 0xF0, 0x05, 0xE4, 0xEB, 0x1E, 0xE5,
    0x3F, 0x76, 0xD8, 0x7E, 0x63, 0xC4, 0xB3, 0x6C, 0x7A, 0x3C, 0xD5, 0xA2, 0x06, 0x4F, 0xC1, 0x84,
    0xF2, 0xEF, 0x07, 0xD4, 0x23, 0x3C, 0x9F, 0x91, 0x4F, 0x4F, 0xB1, 0xE9, 0x1B, 0x5C, 0xB5, 0x57,
    0x2E, 0x8B, 0x8F, 0xE6, 0xA3, 0xFA, 0xE8, 0x5E, 0x2A, 0x5F, 0x6A, 0x5F, 0xAA, 0x5F, 0xEA, 0x5F,
    0xEA, 0x5E, 0x64, 0x22, 0xB8, 0x5C, 0x7A, 0x28, 0x04, 0x43, 0x38, 0x04, 0x44, 0x48, 0x5C, 0x50,
    0xD4, 0x60, 0x0B, 0x92, 0xC2, 0x6E, 0xB3, 0x27, 0x5B, 0x5B, 0x6C, 0x7E, 0x99, 0x14, 0xBE, 0x37,
    0xE0, 0xFD, 0x47, 0xA5, 0x70, 0xF7, 0xD1, 0x9A, 0x6C, 0xA4, 0xEC, 0xA7, 0x24, 0x10, 0x00, 0xA9,
    0xFF, 0x54, 0x7F, 0xB4, 0xFF, 0x6A, 0x5E, 0xF4, 0xF9, 0xCF, 0xA1, 0x5A, 0xE0, 0x77, 0xDF, 0x04,
    0x5F, 0x03, 0x1F, 0xE2, 0xAB, 0x45, 0x87, 0x43, 0xDE, 0x72, 0xB9, 0x01, 0xEA, 0xD8, 0x00, 0x1E,
    0x55, 0xF5, 0x76, 0x51, 0x68, 0x87, 0xEC, 0x1B, 0x1D, 0x6C, 0xF6, 0xF0, 0x26, 0xCA, 0xFE, 0x43,
    0xD4, 0xE3, 0x6B, 0x0F, 0x70, 0x33, 0x64, 0x2F, 0x4A, 0x94, 0xEB, 0x09, 0xBF, 0xBD, 0x99, 0x00,
    0xF8, 0x2A, 0x58, 0xF9, 0x1F, 0x9D, 0xBF, 0xEB, 0x1F, 0xA9, 0x4E, 0xDD, 0x0E, 0x1C, 0xFE, 0xA9,
    0x97, 0xFD, 0x74, 0xDD, 0xCB, 0xF7, 0x6F, 0x81, 0x04, 0xE3, 0x93, 0xDE, 0x22, 0xAF, 0x83, 0x83,
    0x87, 0x72, 0x17, 0x78, 0x05, 0x07, 0xC6, 0x07, 0xD0, 0xFB, 0xC7, 0x9F, 0x29, 0xCB, 0x49, 0xB3,
    0x38, 0xDE, 0xFA, 0xD6, 0x13, 0x9E, 0xCA, 0x26, 0x65, 0xA7, 0x02, 0xD8, 0x71, 0xE0, 0x96, 0x13,
    0x47, 0xD9, 0x72, 0x7E, 0xE4, 0x8B, 0x62, 0x56, 0x4C, 0xE7, 0xC7, 0x66, 0x54, 0xA6, 0xC7, 0x79,
    0xE0, 0x5E, 0xD5, 0xD9, 0xA6, 0xCD, 0xDB, 0xEC, 0xD3, 0xA3, 0xB5, 0x8B, 0x6B, 0x70, 0xC2, 0x15,
    0x87, 0x21, 0x5F, 0xA7, 0xE2, 0xA7, 0x13, 0x93, 0x7C, 0x54, 0x75, 0x1A, 0x9E, 0x02, 0xE9, 0xFA,
    0xB3, 0x3C, 0x2E, 0x3E, 0x2A, 0xC6, 0x74, 0xFD, 0xE1, 0xFC, 0x88, 0x8B, 0x57, 0x71, 0xFD, 0xBD,
    0xBA, 0xD5, 0xB4, 0x1A, 0x1A, 0x76, 0xC4, 0xB3, 0xAA, 0xEF, 0x7B, 0xD6, 0x63, 0x4C, 0x2E, 0xBF,
    0x98, 0x3C, 0xAE, 0x1C, 0x63, 0xC7, 0xE4, 0xDB, 0x8B, 0xC9, 0x01, 0x5C, 0xB3, 0xB2, 0xF2, 0x94,
    0x34, 0x6A, 0x7F, 0x7E, 0xD4, 0x2D, 0x00, 0x3B, 0x6E, 0x39, 0xB2, 0xB0, 0xFC, 0xEF, 0xF3, 0xF7,
    0x1F, 0x9D, 0x1F, 0xC0, 0x35, 0x07, 0x56, 0x9E, 0xC1, 0xE7, 0xD7, 0x01, 0x87, 0xF5, 0xC4, 0x66,
    0xFD, 0xFE, 0xDA, 0xD9, 0x4E, 0xEA, 0xC1, 0x6E, 0x6F, 0x33, 0x39, 0x51, 0x2C, 0xC5, 0x42, 0xB6,
    0x6C, 0x26, 0x1C, 0xAB, 0x11, 0xC7, 0x6D, 0x8F, 0x53, 0xDD, 0xE1, 0xD8, 0xEC, 0x53, 0xB6, 0x91,
    0x64, 0xCB, 0x0E, 0x79, 0xCA, 0x62, 0x4E, 0x39, 0xED, 0x50, 0x8E, 0x4D, 0x4B, 0x35, 0x34, 0x7B,
    0x9A, 0xAE, 0xEE, 0x38, 0xB4, 0xD5, 0x20, 0x3F, 0x29, 0x67, 0xD5, 0x2C, 0x7F, 0xF9, 0xE4, 0x7D,
    0x1A, 0x24, 0x0D, 0xF5, 0x01, 0x00, 0xC0, 0x04, 0xC5, 0xC5, 0x56, 0xCB, 0xC7, 0x94, 0x87, 0x9F,
    0x53, 0xAF, 0x27, 0xD6, 0x5F, 0x1C, 0xBA, 0xE2, 0xA8, 0x1A, 0xAA, 0x73, 0x0D, 0xDB, 0x4E, 0x31,
    0x37, 0x7B, 0xF9, 0xBC, 0x23, 0x9B, 0x0F, 0xE4, 0xF3, 0xED, 0x39, 0x8E, 0x14, 0xD3, 0x39, 0xC6,
    0x23, 0xE5, 0x78, 0xCB, 0xB6, 0xDF, 0xD1, 0x74, 0x4D, 0x97, 0xAD, 0xAA, 0x17, 0xEF, 0x2E, 0x8A,
    0x75, 0x1D, 0x78, 0xF7, 0x85, 0xDF, 0xE0, 0xFF, 0xD1, 0x5B, 0xA8, 0x67, 0x38, 0x1C, 0x61, 0x7A,
    0x02, 0xAF, 0xA5, 0x74, 0x03, 0xF9, 0x04, 0x65, 0x17, 0x57, 0x81, 0x2B, 0xE0, 0xA1, 0xD7, 0xBF,
    0x99, 0x51, 0xAF, 0xB8, 0xDE, 0xE1, 0xEB, 0x5B, 0xA8, 0xE1, 0x06, 0xC5, 0x18, 0xAB, 0xE2, 0x0A,
    0x5E, 0x11, 0xC6, 0xEB, 0xC0, 0x53, 0x60, 0x82, 0xEA, 0xC7, 0x3D, 0xD4, 0x03, 0x78, 0x3E, 0x41,
    0x3E, 0xDE, 0x40, 0xD9, 0x3F, 0x81, 0xDF, 0x6A, 0x5F, 0x07, 0x70, 0xD9, 0xBC, 0xA8, 0x9E, 0xE8,
    0x5E, 0x94, 0x2F, 0xDA, 0x17, 0xF5, 0x8B, 0xFE, 0x05, 0x80, 0x10, 0x10, 0x04, 0xC2, 0x40, 0x20,
    0x08, 0x05, 0xC1, 0x20, 0x1C, 0x04, 0x84, 0x90, 0x10, 0x14, 0xC2, 0x42, 0x60, 0x08, 0x0D, 0xC1,
    0x11, 0x1E, 0x02, 0x24, 0xE6, 0x73, 0x47, 0x82, 0x6D, 0x0B, 0xD7, 0xEE, 0x1C, 0x46, 0x54, 0x13,
    0x5C, 0xDF, 0xC0, 0x72, 0xCD, 0xB9, 0x75, 0x64, 0xED, 0x95, 0x4B, 0x9D, 0xE0, 0x09, 0x1F, 0x09,
    0x48, 0x12, 0x92, 0x88, 0x24, 0x23, 0x09, 0x49, 0x52, 0x92, 0x98, 0x24, 0x27, 0x09, 0x4A, 0x92,
    0x92, 0xA8, 0x24, 0x2B, 0x09, 0x2B, 0xB4, 0x82, 0xEB, 0xC2, 0x6B, 0xD3, 0x43, 0x31, 0x40, 0x36,
    0xA2, 0xEA, 0xC6, 0xC0, 0xC2, 0xED, 0x88, 0x6C, 0x9A, 0x51, 0x0C, 0xF1, 0x07, 0xAF, 0x01, 0x8F,
    0x63, 0x7F, 0xC8, 0x47, 0x48, 0x31, 0x51, 0x8C, 0xEF, 0x85, 0x43, 0x30, 0x2C, 0xD7, 0x81, 0x10,
    0x06, 0xAF, 0x6A, 0x7F, 0xFC, 0xA9, 0xBB, 0xA3, 0x8E, 0xE2, 0x2F, 0xF6, 0x60, 0xB3, 0x07, 0x5B,
    0xB8, 0x6A, 0xDF, 0x83, 0xAA, 0x1F, 0xA1, 0x49, 0x69, 0x99, 0xA1, 0x88, 0x4D, 0x53, 0x75, 0xD7,
    0x70, 0xE5, 0x73, 0x8F, 0x7F, 0xB7, 0xA8, 0x5B, 0x58, 0x7B, 0xF8, 0xF3, 0x94, 0x45, 0x07, 0x5B,
    0x14, 0xE3, 0xDB, 0xA8, 0xA6, 0xD7, 0x1E, 0xE2, 0xCE, 0x69, 0xDA, 0x1E, 0xEB, 0xDA, 0x51, 0x74,
    0xB7, 0x17, 0x10, 0x7B, 0x44, 0xA3, 0xA1, 0x67, 0x9E, 0xC3, 0x2E, 0xE8, 0x1E, 0xD1, 0xFE, 0xD9,
    0xEE, 0xBF, 0xCB, 0x6E, 0x1C, 0x19, 0x0F, 0x1D, 0xDD, 0x1B, 0x40, 0xEA, 0xEA, 0x93, 0xDE, 0x49,
    0x55, 0x07, 0xF5, 0x00, 0xCF, 0x27, 0xE4, 0xD3, 0x4D, 0xDC, 0x50, 0xEE, 0xB9, 0x9F, 0x3C, 0xFA,
    0x53, 0xD4, 0x43, 0x68, 0xFC, 0xE3, 0x0F, 0x5A, 0x52, 0x37, 0xB8, 0x05, 0xCC, 0xEE, 0x06, 0x47,
    0xD9, 0x09, 0x08, 0xC0, 0x3D, 0x3E, 0x55, 0x17, 0xC5, 0x54, 0x5D, 0x18, 0x55, 0xFB, 0xA4, 0x34,
    0xD6, 0xC2, 0xE9, 0x5A, 0x48, 0x2D, 0x92, 0xD5, 0x3A, 0x4A, 0x5A, 0x6B, 0x2B, 0xBC, 0x08, 0x31,
    0xC2, 0x8C, 0x50, 0x23, 0xDC, 0x08, 0x39, 0xC2, 0x8E, 0xD0, 0x23, 0xFC, 0x08, 0x41, 0x92, 0x61,
    0x4F, 0x28, 0x92, 0x1C, 0x71, 0x96, 0x3C, 0x12, 0x96, 0x84, 0x26, 0xC2, 0xF3, 0x52, 0x54, 0xD5,
    0x81, 0x06, 0x78, 0x0E, 0xB2, 0x09, 0x14, 0x03, 0xC8, 0x5A, 0xB8, 0xD0, 0xAB, 0xC3, 0xAF, 0x09,
    0xC1, 0x6B, 0xC9, 0xF0, 0x99, 0xA4, 0xB8, 0x38, 0x3B, 0xFE, 0x6A, 0x74, 0x96, 0x5C, 0x7B, 0x3B,
    0xB2, 0x95, 0x43, 0xAC, 0x23, 0x79, 0x92, 0x44, 0x49, 0xA6, 0x24, 0x55, 0x92, 0x2B, 0x49, 0x96,
    0x64, 0x2B, 0x74, 0x85, 0xAF, 0x10, 0x16, 0x1D, 0x80, 0x6C, 0x06, 0x2C, 0x80, 0x67, 0x80, 0x06,
    0xE0, 0x33, 0xA1, 0x98, 0x2D, 0x97, 0x7A, 0xAE, 0x81, 0xFA, 0x62, 0x1B, 0xC0, 0x83, 0x53, 0x94,
    0xB5, 0x40, 0x3D, 0x03, 0x87, 0x23, 0x30, 0x3D, 0xE1, 0xE2, 0xCD, 0x0F, 0x37, 0x40, 0x3E, 0x5D,
    0xEE, 0xD1, 0xBB, 0xA5, 0x5D, 0x7D, 0xAA, 0x75, 0x6D, 0x66, 0x50, 0xAF, 0xE0, 0x7A, 0x47, 0xBC,
    0x89, 0xBA, 0x54, 0xBE, 0x41, 0x40, 0xDC, 0xF5, 0x73, 0xF5, 0x00, 0xC9, 0xBF, 0x19, 0xE6, 0xC5,
    0xB1, 0x6C, 0xA1, 0x5A, 0x7F, 0x08, 0xB6, 0xDB, 0x13, 0x78, 0x33, 0x9F, 0x3F, 0x0B, 0x1B, 0xD6,
    0xA9, 0xE8, 0x52, 0x3B, 0xBF, 0xEC, 0x50, 0xFE, 0x6C, 0x6D, 0x51, 0x65, 0xC7, 0x87, 0xB7, 0x53,
    0x3F, 0x9D, 0xF5, 0xDF, 0x7B, 0x9A, 0x91, 0x06, 0x17, 0x4F, 0x0A, 0xF2, 0xF1, 0x21, 0x21, 0xFC,
    0xFA, 0xE1, 0x26, 0x7E, 0x4B, 0x34, 0x81, 0x1A, 0x64, 0x47, 0x8A, 0x39, 0x5B, 0x28, 0xA6, 0x3C,
    0x65, 0x31, 0xB3, 0x19, 0xCF, 0x59, 0x8E, 0xC5, 0x44, 0x39, 0x6C, 0x46, 0xAA, 0xA1, 0x3C, 0x67,
    0x7F, 0xCE, 0x6D, 0x57, 0x0D, 0x29, 0x7B, 0xEA, 0x2E, 0xCA, 0xDD, 0x76, 0x34, 0x6D, 0x9D, 0xB2,
    0xE9, 0xD8, 0x69, 0xF6, 0x1C, 0x52, 0xFD, 0xB7, 0x29, 0x8F, 0x9A, 0x24, 0xD6, 0xB4, 0xF2, 0x94,
    0xC5, 0xA4, 0xE9, 0x54, 0xA3, 0xED, 0x60, 0xD7, 0x29, 0x4F, 0x7F, 0xB4, 0x92, 0xAF, 0xEB, 0x8C,
    0xFA, 0xD4, 0x02, 0x00, 0x36, 0x3D, 0x54, 0xA3, 0xB0, 0x43, 0xD9, 0x49, 0xF5, 0x64, 0xCB, 0x66,
    0x94, 0xCF, 0xE5, 0x20, 0x9F, 0x5E, 0x46, 0x31, 0x55, 0xBD, 0x62, 0xAC, 0x3A, 0x9B, 0x88, 0x6D,
    0xA7, 0x1C, 0xEA, 0xBD, 0xAA, 0x6F, 0x5A, 0x55, 0x17, 0xC1, 0xF6, 0x1C, 0xCD, 0x7E, 0xC7, 0x6E,
    0xDF, 0xB4, 0xD9, 0xDA, 0x36, 0x5D, 0xB9, 0xAA, 0x7F, 0x75, 0x68, 0x54, 0xEB, 0xD2, 0xC8, 0xD7,
    0x0F, 0x9A, 0x7B, 0x4F, 0x88, 0x11, 0x5B, 0xE0, 0x0A, 0x1C, 0x06, 0xE4, 0xEB, 0x88, 0xF4, 0x91,
    0xAF, 0xCC, 0x08, 0xF9, 0xF8, 0xD1, 0x6F, 0x2B, 0x3C, 0x05, 0xF0, 0xC0, 0xEB, 0xBF, 0xE7, 0xA3,
    0xB8, 0x2F, 0x6F, 0xA1, 0x86, 0x05, 0xC5, 0x10, 0x08, 0x80, 0x57, 0x83, 0x71, 0x04, 0xF2, 0x09,
    0xD8, 0x0C, 0xDC, 0x55, 0x4C, 0x0D, 0xF8, 0x0A, 0x70, 0x5F, 0xD9, 0xB5, 0xA8, 0xBB, 0x11, 0x85,
    0x5F, 0x8B, 0xCA, 0x9F, 0x89, 0xD2, 0x17, 0xA9, 0xF6, 0x7F, 0x1E, 0xA5, 0xE2, 0xFF, 0xB5, 0x93,
    0xAA, 0x3F, 0x91, 0xCA, 0x1F, 0x88, 0xFA, 0x09, 0x00, 0x82, 0x80, 0x40, 0x20, 0x18, 0x08, 0x08,
    0x41, 0x41, 0x60, 0x10, 0x1C, 0x04, 0x08, 0x41, 0x42, 0xA0, 0x10, 0x2C, 0x04, 0x0C, 0x41, 0x23,
    0x70, 0x08, 0x9E, 0xDF, 0xE0, 0x40, 0xDE, 0x03, 0x1F, 0xF5, 0xD9, 0xB6, 0x49, 0xA8, 0x6E, 0x93,
    0x51, 0x23, 0x29, 0x5D, 0x4B, 0x4E, 0x37, 0xCE, 0x48, 0xFF, 0x3E, 0xA5, 0x1F, 0xFF, 0x35, 0x38,
    0x6B, 0xAD, 0xAD, 0xB3, 0xD7, 0x4C, 0xC2, 0x12, 0x3F, 0x48, 0x6A, 0x24, 0x37, 0x92, 0x1C, 0xC9,
    0x8E, 0xA4, 0x27, 0xFC, 0x84, 0xA0, 0x30, 0xBC, 0xC4, 0x2A, 0x07, 0x62, 0x2C, 0x97, 0x83, 0x33,
    0x03, 0x7C, 0x36, 0x14, 0x3F, 0xF6, 0x40, 0xBE, 0x7F, 0xA8, 0x8A, 0xAE, 0x00, 0x87, 0x41, 0xAC,
    0x6B, 0x24, 0xFE, 0x00, 0x82, 0xCC, 0x08, 0xE4, 0xA3, 0x4B, 0x76, 0xD7, 0x80, 0xA7, 0x9F, 0x09,
    0xDD, 0xFB, 0x0F, 0xE4, 0x5F, 0xDE, 0x5E, 0x2A, 0x5B, 0x40, 0x31, 0x80, 0xB2, 0x7B, 0xA8, 0xE4,
    0x59, 0xFB, 0x39, 0xB0, 0x9D, 0xDE, 0x24, 0xBE, 0x36, 0x16, 0x92, 0xBB, 0x09, 0x7C, 0x58, 0xF6,
    0x9F, 0x09, 0xD2, 0xDB, 0xBC, 0xBF, 0xFF, 0x40, 0xFE, 0x10, 0xD9, 0x3E, 0x7D, 0xF5, 0xDF, 0x7B,
    0x32, 0x14, 0xBF, 0x2D, 0x06, 0x85, 0xB2, 0x7B, 0x38, 0x08, 0x1F, 0x7F, 0x20, 0xEF, 0xC0, 0x16,
    0xC8, 0x67, 0xB0, 0x80, 0xE7, 0xE0, 0x1A, 0xD4, 0x00, 0x40, 0x4C, 0xD0, 0x36, 0x1D, 0x27, 0x75,
    0xA7, 0x58, 0x54, 0xBD, 0x72, 0x52, 0x8D, 0xAA, 0xC1, 0x66, 0xD4, 0x74, 0x8A, 0x29, 0xDE, 0x58,
    0x64, 0x47, 0xB2, 0xA5, 0x98, 0x71, 0x2C, 0x47, 0x1C, 0xB6, 0x3D, 0x76, 0xCD, 0x1E, 0xCD, 0x0A,
    0xF5, 0x02, 0xD5, 0x1C, 0x55, 0xFE, 0xC6, 0x5F, 0x1C, 0x69, 0xEF, 0x72, 0x07, 0x0E, 0xDC, 0xFD,
    0xDA, 0xE6, 0xE2, 0x18, 0x6C, 0x06, 0x37, 0x00, 0x80, 0x74, 0x18, 0x8C, 0xEF, 0x24, 0xA8, 0x3A,
    0x8D, 0x73, 0xDE, 0x52, 0xF5, 0x16, 0xCA, 0x21, 0x9F, 0xD9, 0x0C, 0xC5, 0x48, 0x31, 0x96, 0x83,
    0x38, 0x4D, 0xCA, 0xC7, 0xBA, 0x25, 0x9B, 0x1A, 0x98, 0x9F, 0xC3, 0xB2, 0xC0, 0x69, 0x82, 0xC3,
    0x08, 0xBB, 0xCB, 0x41, 0xC1, 0xFB, 0x60, 0x81, 0x62, 0x82, 0x72, 0x88, 0x15, 0xE1, 0x0F, 0x57,
    0x38, 0xCC, 0x29, 0xF7, 0x0F, 0xBF, 0x61, 0x00, 0x00, 0x3F, 0x82, 0x7C, 0xB9, 0xCB, 0x6C, 0xFA,
    0xFF, 0x34, 0x3C, 0xFD, 0x9F, 0x1A, 0xBE, 0xFD, 0xF5, 0x86, 0x9F, 0xA0, 0xEE, 0xD6, 0xD4, 0xF0,
    0x9A, 0x1A, 0x7E, 0x1A, 0x0D, 0x43, 0x39, 0x41, 0x73, 0x84, 0xDB, 0x5B, 0xF8, 0xBD, 0xB7, 0xC0,
    0x13, 0xC8, 0xE6, 0x8B, 0xF7, 0x7E, 0xED, 0x63, 0x7A, 0xFD, 0xAB, 0x7B, 0x58, 0x27, 0x14, 0xFF,
    0x39, 0x23, 0xDB, 0xCF, 0x90, 0x8D, 0x77, 0x4B, 0xAA, 0x5B, 0x78, 0xF2, 0x78, 0x76, 0x84, 0xEC,
    0x58, 0x74, 0x6C, 0xD6, 0x9F, 0xED, 0xC5, 0x57, 0xAE, 0xE3, 0x3B, 0xD7, 0x8F, 0xC7, 0xA5, 0x1C,
    0xDE, 0x40, 0x7D, 0x7A, 0x86, 0xEB, 0xC3, 0x82, 0xF7, 0xCA, 0xE1, 0xD1, 0xF4, 0xFF, 0xDF, 0x75,
    0x92, 0x21, 0x8C, 0xDC, 0x30, 0x10, 0x45, 0x7F, 0x62, 0x55, 0x01, 0x01, 0x46, 0x87, 0xCD, 0x91,
    0x49, 0xF1, 0xDA, 0x6A, 0xB9, 0x74, 0xA0, 0x29, 0x07, 0xE5, 0x57, 0xAE, 0xBB, 0x4D, 0xAA, 0x72,
    0x0E, 0x4A, 0xCA, 0x39, 0xDC, 0xBB, 0x58, 0x2D, 0x97, 0x96, 0x14, 0x95, 0x98, 0x97, 0x18, 0x18,
    0xF8, 0xA4, 0x6C, 0xDC, 0x99, 0x8C, 0x7A, 0xBB, 0xAB, 0x53, 0x67, 0x37, 0x4F, 0x93, 0xD1, 0xFC,
    0xEF, 0xD9, 0xF5, 0xDC, 0x0C, 0x1F, 0xE6, 0x5A, 0x6A, 0xCD, 0x37, 0xC3, 0x30, 0xDC, 0xCE, 0xB5,
    0xD6, 0x54, 0x19, 0xAF, 0x5F, 0x39, 0x3C, 0x55, 0x38, 0x42, 0x95, 0x08, 0xFF, 0xAB, 0x03, 0x78,
    0x8B, 0xA2, 0x52, 0x1F, 0x8C, 0x77, 0x70, 0x61, 0x8C, 0xF4, 0x09, 0xD6, 0x77, 0x51, 0x67, 0x5B,
    0x6C, 0xD6, 0x49, 0xA5, 0xEE, 0xA8, 0x27, 0x8B, 0x03, 0x3E, 0x03, 0x50, 0x54, 0x37, 0x5B, 0xBD,
    0x4D, 0xEA, 0x5C, 0xE7, 0x60, 0xA7, 0xEF, 0x28, 0x6D, 0x62, 0x37, 0xF6, 0x33, 0x7E, 0x07, 0x87,
    0x7B, 0x72, 0xAD, 0x7E, 0x8C, 0x35, 0x6C, 0x4F, 0xA8, 0x93, 0xF5, 0x7B, 0x74, 0xB1, 0x0F, 0x74,
    0x42, 0x32, 0xC5, 0x25, 0x4B, 0x0F, 0xE5, 0xB1, 0x4D, 0x5D, 0xA0, 0xB3, 0x82, 0x9E, 0x0C, 0x2C,
    0x1E, 0xC8, 0xB9, 0x90, 0xF7, 0x11, 0x1C, 0x57, 0xFD, 0x99, 0xFA, 0xD3, 0x4B, 0xFF, 0xC4, 0x53,
    0x48, 0x7F, 0x7E, 0xE9, 0x07, 0xDC, 0x35, 0xF6, 0x8C, 0x27, 0xC6, 0x23, 0x63, 0x01, 0x1C, 0xFF,
    0x5F, 0x1B, 0x6E, 0x3E, 0x9E, 0x86, 0x5B, 0xB4, 0x19, 0x80, 0xDA, 0x90, 0xFE, 0xA1, 0xDB, 0x10,
    0x09, 0x3D, 0xFB, 0xEA, 0x70, 0x05, 0x33, 0x11, 0xEC, 0x06, 0x7F, 0x75, 0xD8, 0xC8, 0x10, 0x2F,
    0xF1, 0x11, 0x8A, 0x13, 0x7A, 0x21, 0x19, 0x8A, 0x8F, 0xAA, 0x14, 0x42, 0x34, 0xC3, 0xDD, 0xAF,
    0x41, 0x0C, 0xD9, 0x4C, 0x88, 0x33, 0xC5, 0x79, 0x0F, 0xE0, 0xCD, 0xB0, 0xD2, 0xD0, 0x96, 0xE7,
    0x87, 0x63, 0xCA, 0xAF, 0x02, 0x9A, 0xC2, 0x6C, 0x85, 0xAF, 0x47, 0x60, 0x36, 0xD5, 0xEB, 0x7A,
    0x74, 0x35, 0x8D, 0x35, 0xCF, 0x35, 0x93, 0x98, 0xBE, 0x33, 0x57, 0x7C, 0x5F, 0xD0, 0x87, 0x36,
    0xE1, 0x60, 0x63, 0x5F, 0xDA, 0xD5, 0x45, 0x5D, 0xD4, 0xEA, 0x8E, 0x3A, 0xA9, 0xC5, 0xF8, 0xEE,
    0xD8, 0x64, 0xDC, 0x45, 0x88, 0x0B, 0xDA, 0xBA, 0x00, 0xFA, 0xC8, 0x69, 0xFF, 0x5C, 0x01, 0x37,
    0x71, 0x6A, 0x82, 0x03, 0x66, 0xC8, 0xCC, 0xD6, 0xB7, 0x0B, 0x38, 0x76, 0x30, 0x93, 0xA8, 0xF0,
    0x00, 0xE3, 0x45, 0x85, 0x03, 0x35, 0x90, 0x4A, 0x52, 0xC7, 0x2A, 0xB9, 0xA1, 0x7D, 0x23, 0x2A,
    0xEC, 0xB1, 0x88, 0x0A, 0x70, 0xDF, 0x8A, 0x3E, 0xDA, 0xC8, 0xC3, 0x9B, 0x1A, 0xDD, 0x97, 0x7A,
    0x82, 0xAE, 0xB1, 0x5D, 0x31, 0x77, 0xCF, 0x33, 0xDC, 0xEF, 0x0C, 0x34, 0x0B, 0x75, 0x4C, 0x4F,
    0x2C, 0xEE, 0x92, 0x99, 0x74, 0x58, 0xB0, 0x4D, 0xE8, 0xA0, 0x7F, 0x64, 0x4E, 0xDD, 0x44, 0xE9,
    0xCF, 0xC4, 0xE9, 0x8C, 0x1D, 0xF4, 0x57, 0x4E, 0xA9, 0x7D, 0x0F, 0xC3, 0x29, 0xA9, 0x28, 0xB5,
    0xEF, 0x53, 0x53, 0x48, 0x45, 0x0D, 0x4E, 0x25, 0x95, 0x48, 0x05, 0x87, 0x53, 0x9B, 0xFB, 0xC8,
    0x13, 0xDA, 0x3F, 0xA5, 0x59, 0xC7, 0xD0, 0xB0, 0x73, 0xA5, 0x4A, 0x65, 0x15, 0x9A, 0xD5, 0xC3,
    0x64, 0xB4, 0xAB, 0x5A, 0xBA, 0xAC, 0x93, 0x09, 0x76, 0x72, 0x78, 0xC4, 0x27, 0xB4, 0x27, 0x13,
    0xD5, 0xE2, 0x42, 0x97, 0x46, 0xAF, 0xE3, 0x13, 0x4C, 0x58, 0xE0, 0xDE, 0x15, 0xEC, 0xC9, 0x78,
    0xE1, 0x25, 0x50, 0x05, 0x64, 0x6C, 0x27, 0xF2, 0x6E, 0x17, 0xF4, 0x09, 0x36, 0x60, 0xE4, 0x51,
    0xA9, 0x95, 0x5F, 0x55, 0xE6, 0x09, 0xB1, 0x02, 0xE3, 0x45, 0xEE, 0x3C, 0xF7, 0xE9, 0xC8, 0x87,
    0xAB, 0x22, 0x32, 0x71, 0xA0, 0x82, 0x61, 0x07, 0x09, 0x59, 0x03, 0xB9, 0x7A, 0xD9, 0xB8, 0xE9,
    0xBC, 0x4D, 0x07, 0x46, 0x23, 0x3B, 0x12, 0x65, 0x1D, 0x99, 0x56, 0xAE, 0xE9, 0xAC, 0x97, 0xD5,
    0xE9, 0x03, 0xD3, 0x78, 0xE6, 0xEE, 0x42, 0x2F, 0xDB, 0x75, 0x61, 0x2E, 0xFA, 0xFB, 0x8D, 0x17,
    0xE6, 0xAF, 0xF5, 0x7F, 0x01, 0x5D, 0x94, 0x21, 0xAC, 0xE4, 0x36, 0x17, 0x85, 0xBF, 0x49, 0xFE,
    0x7F, 0x23, 0xD5, 0x52, 0x8D, 0x16, 0x54, 0x05, 0x26, 0xE5, 0xA6, 0x05, 0xDD, 0xB5, 0x39, 0x7A,
    0xA0, 0x53, 0x52, 0xD0, 0x82, 0x82, 0xB2, 0xE1, 0xD2, 0x76, 0x6C, 0x4E, 0x76, 0x50, 0x0B, 0x5B,
    0xCE, 0x61, 0x5F, 0x63, 0x56, 0x6A, 0xF2, 0x8A, 0x23, 0x55, 0x8B, 0x37, 0x60, 0x56, 0xCD, 0x68,
    0x33, 0x73, 0x6B, 0x5B, 0xD1, 0xD3, 0xA8, 0xCA, 0xFD, 0x26, 0x93, 0xC8, 0x93, 0x9C, 0xE3, 0x7B,
    0xCF, 0x60, 0xCE, 0x20, 0x37, 0xFA, 0x4B, 0x88, 0x6A, 0xD2, 0xC9, 0x24, 0x9D, 0x9D, 0x57, 0xD9,
    0xA1, 0xF2, 0xB1, 0xF0, 0xD8, 0xD0, 0x69, 0x6D, 0x98, 0xB8, 0xE2, 0xFC, 0x95, 0xC0, 0x91, 0x2B,
    0xEE, 0x97, 0x05, 0x23, 0x13, 0xDD, 0x0D, 0x40, 0xCF, 0x60, 0x0B, 0x61, 0x02, 0x99, 0xE8, 0xDF,
    0x67, 0xF4, 0xDB, 0x84, 0xD5, 0x89, 0x37, 0x26, 0x71, 0x36, 0xB1, 0x9F, 0xAC, 0xD7, 0xC9, 0x79,
    0x8B, 0xE3, 0xB8, 0x0F, 0x0F, 0xA3, 0xC8, 0x24, 0x22, 0x19, 0x1E, 0x81, 0xB5, 0x41, 0x90, 0x95,
    0xB1, 0x70, 0xD9, 0x3F, 0xEC, 0xCE, 0xD0, 0xCD, 0xD0, 0x57, 0xDE, 0x5F, 0x19, 0x44, 0xA2, 0x3A,
    0xDB, 0xF4, 0x49, 0xD4, 0x13, 0xA8, 0x0D, 0x9D, 0x0B, 0xE9, 0x2B, 0x5C, 0x0C, 0x3F, 0x0B, 0x56,
    0x16, 0x5E, 0xC8, 0x09, 0xE0, 0x7B, 0x30, 0x33, 0x3B, 0x99, 0x50, 0x57, 0xB0, 0x19, 0x46, 0xE8,
    0x56, 0xE8, 0xE5, 0x82, 0x16, 0xF1, 0xFA, 0x12, 0x92, 0xCD, 0xC5, 0x6F, 0x1C, 0x26, 0xE7, 0x0B,
    0x54, 0xDF, 0x3A, 0xD9, 0x68, 0xA3, 0x7E, 0x27, 0x0C, 0xB2, 0xC2, 0x78, 0xC2, 0x8A, 0x64, 0x27,
    0x92, 0xFE, 0xBF, 0x3F, 0x44, 0x38, 0xC2, 0x6E, 0x6D, 0xA2, 0xDA, 0xAB, 0x4D, 0x04, 0xC7, 0xB3,
    0x85, 0xDD, 0xB2, 0xE9, 0x2D, 0x0C, 0x55, 0x5D, 0xA2, 0x61, 0x0A, 0xA8, 0x1B, 0x04, 0xC9, 0xBB,
    0xDB, 0xB7, 0x73, 0x7F, 0x2E, 0xC7, 0x5C, 0x29, 0xC7, 0xF5, 0x90, 0x11, 0xA1, 0x2B, 0xA8, 0xC9,
    0x26, 0x1B, 0xAB, 0x8E, 0x61, 0x0A, 0xA8, 0x1C, 0x28, 0xFA, 0xB0, 0xC9, 0x3D, 0x8D, 0x5E, 0xCB,
    0x95, 0x5D, 0xF5, 0x66, 0x96, 0x72, 0x16, 0x86, 0xA2, 0x5F, 0x17, 0xFD, 0x26, 0xAA, 0xA2, 0xBF,
    0x40, 0xA5, 0xF6, 0xCF, 0x26, 0xF3, 0x4E, 0x92, 0x12, 0xF1, 0x75, 0x5D, 0xD3, 0x3B, 0x9C, 0xDB,
    0x1E, 0x74, 0xE2, 0x71, 0x0B, 0xB8, 0x13, 0x7C, 0x01, 0xF0, 0xC2, 0x63, 0xE1, 0xB1, 0x0A, 0xEF,
    0x67, 0x54, 0x46, 0xA7, 0xEA, 0xC9, 0x51, 0xEB, 0x08, 0x8F, 0xAD, 0xAE, 0xB0, 0xD6, 0xDA, 0x2E,
    0x8F, 0xE0, 0xC0, 0xF8, 0x66, 0xED, 0xC7, 0x76, 0x61, 0xDB, 0x45, 0x29, 0x95, 0xEF, 0x0B, 0x5D,
    0x2A, 0x6D, 0x0F, 0xB5, 0x1E, 0xD7, 0x7E, 0xBF, 0xD2, 0x9D, 0xE9, 0xA7, 0x7A, 0xDB, 0x81, 0xFA,
    0x73, 0x45, 0xFD, 0x2A, 0xE8, 0xCB, 0x21, 0x16, 0x3F, 0xB1, 0x1E, 0x06, 0x1D, 0x2D, 0xDA, 0x5B,
    0x0C, 0xAF, 0x0B, 0xAF, 0xB0, 0xBC, 0xE1, 0x75, 0xE1, 0x15, 0xA8, 0x05, 0x42, 0xF1, 0x76, 0x3B,
    0xA4, 0xFE, 0xAC, 0x26, 0x35, 0xF5, 0xB3, 0x4E, 0xFD, 0x6C, 0x62, 0x3F, 0x5B, 0xDF, 0xCF, 0x8E,
    0x0D, 0x5A, 0x4F, 0xA7, 0x80, 0x4E, 0xAE, 0x61, 0xBD, 0xF3, 0x01, 0xF3, 0xD7, 0xCA, 0x20, 0x33,
    0xBB, 0xD1, 0xB7, 0x46, 0xD9, 0x69, 0x27, 0x79, 0x28, 0xF5, 0x36, 0xFD, 0xAF, 0x0A, 0x7D, 0xD6,
    0x5A, 0x8A, 0x5A, 0x61, 0xDB, 0x09, 0xAE, 0xBC, 0xBC, 0x3E, 0x04, 0x99, 0x4B, 0xF1, 0x79, 0x6D,
    0x86, 0xC4, 0xE1, 0x72, 0xC8, 0x7D, 0x52, 0xD3, 0x8E, 0xE1, 0x6E, 0x20, 0x4D, 0x02, 0xE7, 0x61,
    0xDC, 0x36, 0x7F, 0x06, 0x93, 0x21, 0xF8, 0x36, 0x80, 0x7A, 0x86, 0xF0, 0xB4, 0x67, 0x14, 0xF1,
    0x22, 0x42, 0x7D, 0x16, 0x22, 0xA9, 0xBF, 0x1C, 0xA6, 0x3E, 0xD6, 0xC5, 0x15, 0xB5, 0x8D, 0x4F,
    0x68, 0x1D, 0x6B, 0xBC, 0x14, 0xC0, 0x46, 0x30, 0xDB, 0x58, 0xD9, 0xF8, 0x25, 0xCE, 0x8F, 0xDF,
    0xDC, 0x70, 0x6D, 0xF0, 0x23, 0xD0, 0x2F, 0xA0, 0x0B, 0xF6, 0x0C, 0x61, 0x86, 0x7F, 0x66, 0xFA,
    0xBF, 0xE7, 0xB2, 0xCB, 0x13, 0x46, 0x4D, 0xBC, 0x52, 0x99, 0x45, 0xA7, 0x6E, 0xD6, 0x69, 0xC8,
    0x3A, 0xE9, 0x68, 0xA2, 0xDB, 0x1F, 0x4E, 0x4E, 0xE4, 0x5C, 0x98, 0xC1, 0x01, 0x01, 0x5A, 0x93,
    0xE5, 0x56, 0xB8, 0xF2, 0xD3, 0xFE, 0x6B, 0x7E, 0xDF, 0x32, 0xBA, 0x40, 0x0B, 0xE6, 0x47, 0xF1,
    0xBD, 0x48, 0xEE, 0x17, 0x3D, 0x77, 0xA7, 0x36, 0xF2, 0x67, 0x68, 0xE7, 0xA6, 0xFD, 0x53, 0x4C,
    0x1D, 0xDA, 0xD8, 0x86, 0x76, 0x9C, 0x80, 0xDD, 0x6F, 0x60, 0x27, 0x3A, 0xC9, 0x4D, 0x9E, 0x4B,
    0x70, 0x6B, 0x6A, 0x51, 0x1F, 0x17, 0xB4, 0x08, 0xF6, 0x43, 0x48, 0x2E, 0xE9, 0xE4, 0xBC, 0x4E,
    0x81, 0x0D, 0x8A, 0x3E, 0x9C, 0xB7, 0x4F, 0x37, 0xB4, 0xD4, 0xC1, 0x8F, 0xD4, 0x30, 0x56, 0x5E,
    0xEE, 0x83, 0x87, 0x3F, 0xA0, 0x5B, 0xDA, 0x96, 0x6D, 0x5B, 0x72, 0x1F, 0x48, 0xBA, 0x4D, 0x55,
    0xEB, 0x4E, 0xBE, 0x0B, 0x64, 0x04, 0xEB, 0x01, 0x75, 0x85, 0x51, 0x52, 0x77, 0xFB, 0xAE, 0x8C,
    0xD1, 0x30, 0x0F, 0xE5, 0x53, 0x4D, 0xF5, 0xAC, 0x73, 0xFD, 0x53, 0xDC, 0xC9, 0x8D, 0xAE, 0xA0,
    0xB3, 0x8B, 0x55, 0xD7, 0x11, 0x9D, 0x1E, 0x37, 0x46, 0xCA, 0xBD, 0x27, 0xC1, 0xC8, 0x4A, 0x27,
    0x27, 0xB0, 0xE7, 0xB6, 0x56, 0x7D, 0x08, 0xDE, 0x6C, 0x3E, 0x6A, 0x20, 0x8F, 0x34, 0x1F, 0xC9,
    0xE1, 0x52, 0x59, 0xEF, 0xAB, 0xD7, 0xEE, 0x76, 0x85, 0x7E, 0x05, 0x35, 0x83, 0x4B, 0xBC, 0x10,
    0x08, 0x0B, 0x8C, 0x11, 0x7E, 0x00, 0xE8, 0x4E, 0x5B, 0x0E, 0x5B, 0x58, 0xEE, 0xB2, 0xB9, 0xC5,
    0xE8, 0xB9, 0xC2, 0xDD, 0x77, 0xDB, 0x8C, 0xE9, 0x44, 0x3F, 0xC1, 0x67, 0x5B, 0x2A, 0x51, 0xB9,
    0xDA, 0xEF, 0xE7, 0xFF, 0x56, 0xB9, 0xA9, 0xEE, 0xE2, 0xE9, 0xE0, 0xB8, 0xBD, 0x6E, 0xC8, 0x18,
    0xCF, 0xBF, 0x5C, 0x95, 0x31, 0x8C, 0xDD, 0x44, 0x10, 0x86, 0x7F, 0x3F, 0x2B, 0xB7, 0x28, 0x2E,
    0x96, 0xE6, 0x04, 0x80, 0xD0, 0xF6, 0xCD, 0xB9, 0x97, 0x72, 0xF2, 0x12, 0x7A, 0x29, 0x05, 0x06,
    0x29, 0x29, 0xE8, 0x45, 0x71, 0x6D, 0x8A, 0x83, 0xB5, 0xD2, 0xD0, 0x5E, 0x03, 0x0D, 0x7D, 0x93,
    0x26, 0x14, 0x14, 0x41, 0x22, 0xB7, 0x0B, 0x7D, 0xF1, 0x9A, 0xEB, 0x5D, 0x1C, 0xFD, 0x0A, 0xF9,
    0x24, 0xBF, 0xC4, 0xF6, 0x30, 0x33, 0x7E, 0x87, 0x15, 0x56, 0xF2, 0xF7, 0xDB, 0xF2, 0xEC, 0xCE,
    0x3F, 0xB3, 0x6F, 0xFD, 0x00, 0x98, 0x17, 0x3D, 0xD3, 0x7E, 0x99, 0x84, 0xA6, 0x03, 0x2A, 0x22,
    0x0F, 0x44, 0xA2, 0x0E, 0x66, 0x1E, 0x9B, 0x0C, 0xD7, 0xE7, 0x90, 0x11, 0x1E, 0xF7, 0xBF, 0x77,
    0x98, 0xCB, 0x94, 0x51, 0x8E, 0xE6, 0xAF, 0x1E, 0x26, 0xCB, 0x24, 0xDB, 0x5B, 0xC3, 0x4C, 0x67,
    0xD6, 0xA3, 0x4E, 0x8F, 0x2C, 0xD0, 0x74, 0xCF, 0xCF, 0x98, 0x7E, 0x78, 0xC4, 0xFC, 0x22, 0x3F,
    0x07, 0xC2, 0x6E, 0x3F, 0x30, 0xCB, 0x3F, 0x33, 0xB3, 0x7A, 0xB1, 0x67, 0xDA, 0x32, 0x01, 0xCD,
    0xB7, 0x55, 0xC7, 0x7C, 0x63, 0x01, 0xD4, 0x93, 0xC3, 0x87, 0x70, 0xC3, 0x39, 0x7E, 0x43, 0x35,
    0x5E, 0x9A, 0x11, 0x25, 0x2D, 0xB1, 0x67, 0x8A, 0x1D, 0xF3, 0x23, 0xDD, 0x02, 0x3A, 0x09, 0x4E,
    0x26, 0xE1, 0xE3, 0x13, 0xAC, 0x23, 0xDE, 0x42, 0x3D, 0x33, 0xEB, 0xBB, 0xC8, 0x8C, 0xFE, 0x03,
    0xE6, 0x0C, 0x00, 0xC5, 0x24, 0x2C, 0x07, 0x65, 0xFE, 0x3F, 0xBF, 0xB9, 0x6B, 0x99, 0xBA, 0x7E,
    0xC1, 0x7C, 0xFF, 0x6D, 0xF1, 0x4C, 0xDE, 0x72, 0xF6, 0x19, 0x30, 0x4A, 0xD8, 0x3D, 0x03, 0x2E,
    0x09, 0x9B, 0x4E, 0x48, 0x1A, 0xAE, 0x49, 0xEA, 0x43, 0xDB, 0x02, 0x41, 0x57, 0x8B, 0xCC, 0xFB,
    0xD7, 0x8B, 0xA8, 0x57, 0x3F, 0x05, 0xA5, 0xA3, 0xEE, 0xD5, 0xD9, 0x8E, 0x32, 0x76, 0xAC, 0xE5,
    0xBD, 0xBE, 0xE3, 0xA2, 0x47, 0xD6, 0xBB, 0x49, 0x3D, 0x9B, 0xBC, 0xB0, 0xB2, 0x93, 0x1C, 0x61,
    0xEE, 0x9E, 0x58, 0xCA, 0x8D, 0xAF, 0x28, 0x5B, 0xEA, 0xEB, 0xC4, 0x0F, 0xEC, 0xC7, 0x26, 0xDB,
    0x03, 0x42, 0xF1, 0xE6, 0x92, 0xC9, 0xEC, 0xAE, 0xA1, 0x54, 0x8E, 0x8E, 0x52, 0x43, 0x5D, 0x31,
    0xD5, 0x94, 0x4E, 0x43, 0x87, 0xB9, 0xB9, 0xF1, 0x68, 0xD8, 0x19, 0x5F, 0x08, 0x40, 0x13, 0x56,
    0xAD, 0x09, 0x40, 0x04, 0xDC, 0xD1, 0xAA, 0x15, 0x95, 0x8A, 0x97, 0x55, 0x4B, 0xBE, 0xD4, 0x2A,
    0x5F, 0x1C, 0xBC, 0x78, 0xA0, 0x21, 0x1A, 0x98, 0x3F, 0x3D, 0x5B, 0x98, 0x5A, 0x63, 0xD0, 0x76,
    0x44, 0xE5, 0x35, 0x50, 0x77, 0x96, 0x78, 0x4C, 0x4E, 0x38, 0x9E, 0x2C, 0x6D, 0x1B, 0xAF, 0x64,
    0x8D, 0x28, 0xAB, 0x14, 0xB3, 0x94, 0x68, 0xB8, 0xC0, 0x43, 0x1B, 0xF3, 0xFD, 0xEE, 0x92, 0xEC,
    0x6E, 0x95, 0x01, 0x66, 0x2F, 0xB4, 0x2B, 0xF7, 0xCA, 0xB4, 0xB5, 0xBD, 0x56, 0x72, 0x9E, 0x8D,
    0x5E, 0xA8, 0x77, 0xD8, 0x18, 0xA0, 0x7B, 0x97, 0x95, 0xBA, 0xD6, 0x2C, 0xC0, 0xB4, 0xB1, 0x60,
    0x9E, 0xD0, 0xE3, 0x11, 0x08, 0xF4, 0xCF, 0x80, 0x82, 0x7E, 0x7E, 0x97, 0x61, 0x46, 0x34, 0x59,
    0xB2, 0xBB, 0x2C, 0xB9, 0xF8, 0xA6, 0xF1, 0xC2, 0xA0, 0x66, 0xAE, 0xD5, 0xCC, 0x1B, 0xE5, 0x0C,
    0x38, 0x65, 0xDD, 0x09, 0xB5, 0x74, 0xED, 0x30, 0x40, 0xF2, 0x58, 0x32, 0xEB, 0x43, 0x0C, 0x40,
    0x45, 0xD3, 0x0F, 0x40, 0x11, 0xAF, 0x98, 0xDB, 0x90, 0x76, 0x52, 0x02, 0x1A, 0xE5, 0x69, 0xDB,
    0xAE, 0x75, 0x5C, 0x2C, 0xA2, 0x86, 0x1B, 0xC7, 0xD2, 0xBC, 0xFD, 0x8E, 0xC0, 0xCE, 0x3C, 0x82,
    0x97, 0x9E, 0xE1, 0x73, 0xC0, 0xE6, 0xB5, 0xCC, 0xA4, 0x12, 0xBC, 0xF0, 0x01, 0xB5, 0xED, 0x13,
    0x40, 0xDA, 0x3E, 0xAC, 0x92, 0x8F, 0x5B, 0x06, 0xEE, 0xF6, 0x26, 0x9A, 0x8D, 0xF6, 0x2A, 0x92,
    0xF5, 0xA3, 0x83, 0xA6, 0x2D, 0x87, 0x2D, 0xE4, 0xBF, 0x79, 0xC5, 0xCC, 0xB7, 0xD0, 0x62, 0xF4,
    0x90, 0x26, 0x4D, 0xE9, 0x16, 0x76, 0xA4, 0x4D, 0x1D, 0x36, 0xB7, 0x9C, 0xF0, 0x6A, 0x95, 0x45,
    0xE4, 0xEF, 0xA7, 0xD4, 0x01, 0x4E, 0x27, 0x58, 0x4A, 0x70, 0x94, 0x1C, 0x75, 0x7C, 0xDB, 0x3D,
    0x08, 0x2C, 0x77, 0x38, 0xF6, 0x74, 0x6D, 0xAA, 0x8A, 0x04, 0x13, 0xE4, 0x0A, 0x0B, 0xE4, 0x3A,
    0x5D, 0xB0, 0xA3, 0xAF, 0x80, 0xA5, 0xBD, 0x98, 0x80, 0x42, 0x5D, 0x8B, 0x1C, 0xF0, 0x7E, 0x61,
    0x9B, 0xF9, 0xAC, 0x62, 0x56, 0xA9, 0x8E, 0xD2, 0xAB, 0x58, 0x15, 0xCD, 0x05, 0xCD, 0x75, 0x1C,
    0x9F, 0x28, 0xCF, 0x94, 0xE7, 0x82, 0xCF, 0xB4, 0xEB, 0xA4, 0x5F, 0x3E, 0x9A, 0x63, 0x46, 0x3D,
    0xBC, 0xAE, 0x06, 0x84, 0x6E, 0x28, 0xF6, 0x58, 0x30, 0xE8, 0x59, 0xCF, 0x80, 0x19, 0x0A, 0xA6,
    0xCD, 0xCA, 0xFD, 0xAE, 0x07, 0xEA, 0x54, 0x4A, 0x5B, 0x3B, 0xA5, 0x2F, 0x6F, 0x5A, 0xDF, 0x78,
    0x43, 0x94, 0x02, 0xAA, 0x95, 0x5D, 0xCD, 0xB4, 0xBE, 0xE9, 0x98, 0x1C, 0x11, 0x3C, 0x93, 0xE3,
    0x1D, 0x02, 0x9A, 0x74, 0x86, 0x08, 0xD7, 0x9F, 0xE3, 0x1A, 0x76, 0x38, 0xDF, 0x2D, 0x28, 0xE9,
    0x3A, 0xCE, 0x6A, 0x64, 0x02, 0x1C, 0xDD, 0xFE, 0x01, 0x60, 0xAD, 0x76, 0x50, 0x66, 0x25, 0x1E,
    0x2A, 0xAD, 0xD2, 0x09, 0x2A, 0xDD, 0x95, 0xF5, 0x48, 0x69, 0xCB, 0xEA, 0xF1, 0x91, 0xCB, 0x08,
    0xE9, 0x92, 0x7D, 0x11, 0x2E, 0xE1, 0xD9, 0xFF, 0x6B, 0xF1, 0x8F, 0x41, 0xFC, 0x2B, 0xF7, 0xC8,
    0xE2, 0xBF, 0x60, 0x36, 0xDD, 0xAE, 0x67, 0xFA, 0x95, 0xA5, 0xEE, 0x4D, 0x99, 0x36, 0x1A, 0xA5,
    0xFE, 0x1C, 0xBC, 0xF5, 0xCC, 0x4E, 0x58, 0x27, 0x0B, 0xB0, 0x7F, 0x87, 0x5F, 0x51, 0x8D, 0xB5,
    0x7E, 0xB9, 0x63, 0xCC, 0x6B, 0x23, 0xC5, 0xBF, 0x5A, 0xFF, 0x5E, 0x80, 0x4B, 0x25, 0x5B, 0x40,
    0xD1, 0xF2, 0xF0, 0x25, 0xF1, 0xE8, 0x8D, 0x70, 0x5F, 0xB4, 0x5F, 0xD3, 0x8D, 0xD7, 0xA5, 0xB6,
    0x3D, 0x34, 0x19, 0x0F, 0x5F, 0xBE, 0x7C, 0xF5, 0xD6, 0x3B, 0x89, 0xF1, 0x9F, 0xCA, 0xFD, 0xB6,
    0x99, 0x75, 0x12, 0x46, 0xCF, 0xE7, 0x47, 0x3E, 0x47, 0x41, 0x7F, 0x96, 0x51, 0xD3, 0x9E, 0xB6,
    0x04, 0x19, 0x41, 0xD9, 0x74, 0x5B, 0xB8, 0xD3, 0xA9, 0x76, 0x4B, 0x82, 0x72, 0x50, 0x8E, 0xDB,
    0x5F, 0x06, 0x66, 0x7D, 0x29, 0xE8, 0xEF, 0x83, 0x35, 0xA5, 0x4B, 0x8A, 0xA2, 0xE3, 0xC5, 0x2E,
    0x12, 0x9A, 0x5F, 0xC8, 0xA3, 0xA1, 0x5B, 0x14, 0x52, 0xA5, 0x25, 0x2F, 0xC0, 0x09, 0x10, 0x8B,
    0x08, 0x2C, 0x17, 0xBA, 0x8B, 0x57, 0x30, 0x1C, 0x81, 0x66, 0x06, 0x63, 0x02, 0xDE, 0xEC, 0x46,
    0x60, 0xE2, 0x74, 0xBB, 0x89, 0x33, 0x9B, 0x6C, 0x32, 0x7B, 0x32, 0xB9, 0x20, 0x5F, 0xDD, 0xBD,
    0x9A, 0x61, 0xB9, 0x17, 0x8C, 0xC3, 0xF1, 0x64, 0x29, 0x67, 0xC0, 0xDD, 0x3C, 0x25, 0x7F, 0x3C,
    0x56, 0x75, 0xE2, 0x19, 0x52, 0x94, 0x65, 0x7A, 0x25, 0x84, 0x81, 0x99, 0x10, 0xD5, 0xE6, 0xB5,
    0x56, 0xBD, 0x40, 0x1E, 0x67, 0xEC, 0x66, 0x9C, 0xF0, 0x61, 0x1A, 0xE0, 0xF4, 0xE8, 0xD7, 0x72,
    0x94, 0xB4, 0x62, 0xE6, 0xB0, 0x31, 0xD0, 0xC2, 0x8C, 0x92, 0x0F, 0xFF, 0x2E, 0xFE, 0x6B, 0x08,
    0x9E, 0x92, 0x18, 0x00, 0x55, 0x8E, 0xB5, 0x81, 0x02, 0x61, 0x10, 0x85, 0xBF, 0x3B, 0xDC, 0x1B,
    0xC0, 0x72, 0x2C, 0xC4, 0xA5, 0x04, 0x8A, 0xD9, 0x02, 0x96, 0x0E, 0xE8, 0x04, 0x2D, 0xE0, 0x2F,
    0x81, 0x8C, 0x10, 0xC9, 0x91, 0x0C, 0xB7, 0x87, 0xF3, 0xC6, 0x7D, 0xF8, 0x43, 0x48, 0x23, 0xAC,
    0xA5, 0x3C, 0x46, 0x3A, 0x77, 0xB9, 0xE1, 0x58, 0xBF, 0xEB, 0x48, 0x03, 0xC0, 0x61, 0x3E, 0x3D,
    0x24, 0x79, 0xC2, 0xE2, 0xEF, 0x88, 0xE7, 0x4C, 0xFC, 0xD0, 0xB0, 0xE6, 0xA6, 0x35, 0xB5, 0xFF,
    0x46, 0xFC, 0x1B, 0x1C, 0x0F, 0xB6, 0xF1, 0x34, 0x08, 0xDC, 0x18, 0x22, 0x62, 0xC2, 0x10, 0xD3,
    0x35, 0x71, 0x05, 0x0A, 0x08, 0x38, 0x01, 0x95, 0x3F, 0x67, 0xFE, 0xD6, 0x8F, 0xD3, 0x0F, 0x8D,
    0xF2, 0x53, 0x69, 0xBD, 0xF2, 0x1A, 0x6B, 0x22, 0x78, 0x7E, 0xB7, 0xC7, 0x5F, 0x07, 0x2A, 0xAF,
    0x03, 0x16, 0x0C, 0xA1, 0x0B, 0x6B, 0x71, 0x7B, 0x6A, 0x7A, 0x63, 0xBB, 0xB6, 0x24, 0xB1, 0x25,
    0x30, 0xD5, 0x87, 0x57, 0x8D, 0x94, 0x21, 0x8C, 0xE4, 0x46, 0x13, 0x85, 0x3F, 0xDB, 0xBA, 0xDF,
    0xD2, 0x19, 0xF4, 0x91, 0x9F, 0x24, 0x52, 0x4C, 0x82, 0x4E, 0x8A, 0xCC, 0x41, 0xB6, 0xCD, 0x51,
    0x40, 0x82, 0xC3, 0xD1, 0x72, 0xB0, 0xEB, 0x0E, 0x27, 0xC7, 0x39, 0x48, 0x26, 0x20, 0x5C, 0xDA,
    0xDD, 0x69, 0x8E, 0xCC, 0x91, 0xC1, 0xA1, 0x0B, 0x69, 0x60, 0x60, 0x25, 0x6D, 0x57, 0xA6, 0xAB,
    0x5B, 0xCA, 0xCC, 0x4A, 0x97, 0xA4, 0x54, 0xFB, 0xBE, 0xF5, 0xFA, 0xF5, 0xBE, 0x2A, 0xCD, 0xD8,
    0x50, 0x1F, 0x80, 0x11, 0x0F, 0x56, 0x66, 0x38, 0x4C, 0xA0, 0xDE, 0xDA, 0x40, 0x13, 0x9A, 0x00,
    0x63, 0xB3, 0x02, 0xE9, 0x37, 0xDA, 0x24, 0x5D, 0x80, 0x4E, 0x02, 0x95, 0x5C, 0xC4, 0x1C, 0x3F,
    0x2E, 0x4C, 0x73, 0x3F, 0x57, 0xC2, 0xE0, 0x9B, 0x0D, 0xEB, 0xBA, 0xC0, 0x34, 0x1A, 0x8F, 0x30,
    0xB8, 0xEA, 0xC0, 0x8E, 0x4D, 0xC4, 0xD2, 0xAD, 0x58, 0x4C, 0xC0, 0x62, 0x3D, 0xF6, 0x27, 0x81,
    0x41, 0xF6, 0x94, 0x1A, 0x52, 0xFE, 0xC8, 0x75, 0x05, 0xD5, 0x7A, 0x55, 0x34, 0x9B, 0xC2, 0x44,
    0xC5, 0x90, 0x61, 0x1F, 0x14, 0xFB, 0x5D, 0xD2, 0x6A, 0xB3, 0xE8, 0x84, 0xC3, 0x08, 0x74, 0x73,
    0xEF, 0x80, 0xDE, 0x1B, 0x0F, 0x58, 0x14, 0x2F, 0x74, 0x33, 0x54, 0x91, 0x76, 0x81, 0x66, 0xD5,
    0x6D, 0xBA, 0x45, 0x23, 0x8C, 0xA7, 0xDA, 0xC0, 0x3A, 0x88, 0x30, 0xA1, 0xD8, 0x81, 0x67, 0xEA,
    0x0D, 0x78, 0xCC, 0x5B, 0x5B, 0xCC, 0x9C, 0x30, 0x0E, 0x9F, 0x4E, 0xA7, 0xD3, 0xD9, 0x59, 0x49,
    0xE5, 0xA6, 0x0C, 0xAA, 0x1F, 0x2E, 0x05, 0x26, 0x5F, 0xF5, 0x05, 0x0E, 0x86, 0x31, 0x35, 0x56,
    0xFB, 0x15, 0x1E, 0xB5, 0x79, 0x80, 0x97, 0x94, 0xA7, 0x4D, 0xD4, 0xBE, 0x45, 0xB5, 0xA5, 0xA6,
    0x5E, 0x53, 0x53, 0xD0, 0x84, 0xD4, 0x14, 0xB4, 0x4B, 0x6A, 0x0A, 0xBA, 0x39, 0x35, 0xC6, 0xA7,
    0x7E, 0x85, 0x3E, 0x0D, 0xA6, 0x18, 0xFE, 0x61, 0xBE, 0xBB, 0x3C, 0x18, 0x43, 0x5A, 0x65, 0xC1,
    0x26, 0xCC, 0xD8, 0xB4, 0xBC, 0xA3, 0x5F, 0x48, 0xD5, 0xAD, 0x8A, 0x26, 0x2A, 0x90, 0x8C, 0xC9,
    0x29, 0x86, 0x59, 0x61, 0xC2, 0xB5, 0xA7, 0x3A, 0x14, 0x9C, 0x47, 0x85, 0xF5, 0x8A, 0x3E, 0xC3,
    0xBA, 0x2B, 0x4B, 0xBB, 0x29, 0x4A, 0xD2, 0xA4, 0xFE, 0x7A, 0xBF, 0x8E, 0x2D, 0x01, 0xE7, 0x7C,
    0x2B, 0x5E, 0xA7, 0x59, 0x9F, 0x6F, 0xE5, 0xD9, 0x15, 0x33, 0xA7, 0x54, 0x2E, 0x6F, 0x52, 0xF4,
    0xFD, 0xE5, 0x2F, 0xBF, 0xA0, 0xF5, 0x26, 0xC3, 0x66, 0x44, 0xD5, 0x3A, 0x28, 0xDA, 0xB2, 0x89,
    0xBB, 0x76, 0x3C, 0x65, 0xC7, 0xFA, 0x6F, 0x8E, 0x2A, 0x3B, 0x9A, 0x25, 0x3B, 0xFC, 0x7F, 0x74,
    0x0C, 0xAA, 0x3C, 0x67, 0xC7, 0xF6, 0x59, 0x87, 0xEE, 0x6C, 0xE3, 0x14, 0xCF, 0x71, 0x5A, 0x87,
    0x99, 0xDB, 0x12, 0x51, 0xD4, 0x85, 0xE5, 0x1F, 0xD0, 0x79, 0xAE, 0xE7, 0x65, 0xC8, 0xE0, 0xAE,
    0x30, 0x72, 0x1D, 0x4B, 0x13, 0x32, 0xDB, 0x05, 0xB0, 0x21, 0x0F, 0x60, 0x57, 0x7A, 0x97, 0xA7,
    0xCF, 0xDB, 0x6C, 0x3C, 0x16, 0x46, 0x65, 0xAC, 0xD6, 0xCC, 0x72, 0xFC, 0xA9, 0x9D, 0x33, 0xCB,
    0xFC, 0x0F, 0xFD, 0x98, 0x69, 0x4B, 0xF8, 0x43, 0x61, 0xCC, 0xB4, 0x6B, 0xE6, 0x10, 0x0A, 0xE7,
    0xCC, 0x2F, 0x5C, 0xE6, 0x97, 0x1F, 0xF3, 0x8F, 0xC8, 0x58, 0x89, 0xD0, 0x88, 0x2C, 0x9D, 0x88,
    0x37, 0x6B, 0xBF, 0xD9, 0x65, 0x58, 0x7A, 0x5F, 0x1F, 0x42, 0x17, 0xAC, 0xE3, 0xBC, 0xD1, 0x06,
    0xAB, 0xA3, 0x67, 0x2E, 0x99, 0xB2, 0x62, 0x16, 0x3B, 0xB6, 0x7F, 0xEE, 0xF4, 0xDE, 0xCE, 0xF7,
    0x8B, 0xB8, 0xB3, 0x33, 0x22, 0xA3, 0x15, 0xA1, 0x95, 0x48, 0x27, 0x1B, 0xDC, 0x7F, 0x80, 0xB3,
    0x66, 0x56, 0xDF, 0x01, 0x53, 0x84, 0x4A, 0x56, 0x68, 0xB6, 0x77, 0xF9, 0x5D, 0x88, 0x99, 0x93,
    0xF8, 0x22, 0xF4, 0x49, 0x06, 0x97, 0x64, 0x04, 0xAC, 0x0A, 0xC0, 0x94, 0xE4, 0x31, 0xC9, 0x4B,
    0x92, 0x3D, 0x49, 0x2C, 0x42, 0xA5, 0xB2, 0x95, 0xEF, 0x14, 0x8D, 0x4A, 0xB8, 0x7D, 0xF1, 0x2E,
    0x49, 0x6E, 0xC3, 0x06, 0x0F, 0xEF, 0xA6, 0x11, 0xEC, 0x01, 0x69, 0x53, 0x78, 0x33, 0x02, 0xF4,
    0x73, 0x32, 0xC8, 0x8E, 0x71, 0x8D, 0x88, 0xB7, 0x63, 0xB7, 0xF4, 0x87, 0x60, 0x7C, 0x2D, 0x11,
    0xE3, 0xB8, 0x9F, 0xB9, 0xA9, 0x97, 0x91, 0x6F, 0x69, 0x25, 0xF0, 0x4C, 0x2F, 0x47, 0x15, 0xB1,
    0xE3, 0xF9, 0xF7, 0x95, 0x47, 0x7A, 0x59, 0x78, 0xA2, 0x3A, 0xF2, 0x63, 0xF6, 0x01, 0x4A, 0x72,
    0xFE, 0xF8, 0xB1, 0x94, 0x5D, 0x3A, 0xB9, 0x14, 0x46, 0xF5, 0xED, 0xE9, 0xB7, 0x4F, 0xA7, 0x57,
    0x96, 0xA8, 0xE7, 0x37, 0xE0, 0xFD, 0xAF, 0x7F, 0x9C, 0x7E, 0xD6, 0x27, 0x70, 0x63, 0x52, 0x65,
    0x7A, 0x65, 0xC9, 0x0B, 0xF3, 0xD6, 0x41, 0xA9, 0xAF, 0x93, 0xFC, 0x6F, 0x4D, 0x7A, 0x0E, 0x40,
    0x2F, 0x0E, 0x6A, 0xF9, 0x08, 0x4C, 0x3B, 0xD0, 0xA5, 0xEB, 0x4A, 0xAF, 0x9B, 0x83, 0xA4, 0xA2,
    0x87, 0xA7, 0x4D, 0x0F, 0x8A, 0x0E, 0x3E, 0xEC, 0x9A, 0x20, 0x4B, 0x42, 0xAF, 0xB6, 0x4A, 0x92,
    0xF2, 0x15, 0xB9, 0xFE, 0x7F, 0x79, 0x8D, 0x7F, 0xAF, 0xB3, 0x45, 0x26, 0x55, 0xF4, 0x24, 0xBB,
    0xEA, 0xED, 0xC9, 0x05, 0x0D, 0x1E, 0x75, 0xA8, 0x55, 0xC7, 0x2E, 0x17, 0xFE, 0xEF, 0x89, 0x56,
    0x60, 0x38, 0xF4, 0xDE, 0x0C, 0x95, 0x7E, 0x44, 0x46, 0x6D, 0xBD, 0x9E, 0xFF, 0x26, 0xC9, 0x67,
    0xD3, 0xFF, 0x02, 0x45, 0x8E, 0xB1, 0xAD, 0x83, 0x40, 0x10, 0x05, 0xDF, 0xFF, 0x04, 0x04, 0x04,
    0x64, 0x4E, 0x29, 0xE1, 0x4A, 0x58, 0x2C, 0xD7, 0xE0, 0x76, 0xCC, 0xC9, 0x15, 0xB9, 0x01, 0x03,
    0x25, 0x10, 0x3B, 0xA2, 0x04, 0x02, 0x02, 0x90, 0x0E, 0x9F, 0x6F, 0x74, 0x96, 0xBC, 0x1A, 0x8D,
    0xF6, 0x65, 0x23, 0x0D, 0x93, 0xA4, 0x32, 0x6E, 0x4E, 0xAA, 0xF7, 0x65, 0xF0, 0x32, 0xAF, 0x98,
    0x2C, 0xDD, 0x80, 0xEB, 0xC5, 0x1D, 0xC8, 0x62, 0xF4, 0x41, 0x5D, 0x8C, 0xE7, 0xA0, 0xD3, 0x71,
    0xFD, 0xDF, 0x04, 0x2B, 0x14, 0x99, 0x05, 0xCA, 0xAF, 0xA1, 0x9A, 0xA1, 0x9E, 0x04, 0x63, 0x36,
    0x34, 0x19, 0x0F, 0x0E, 0x64, 0xAD, 0x40, 0x3F, 0x3A, 0x71, 0x7C, 0x1A, 0x66, 0x13, 0x9D, 0x1D,
    0x9D, 0x8F, 0x5E, 0x74, 0x3E, 0x93, 0x09, 0xA3, 0x33, 0xD0, 0x89, 0x0F, 0xFD, 0x05, 0x3A, 0xEF,
    0x1B, 0x9D, 0x97, 0x95, 0xCE, 0x62, 0xA5, 0xB3, 0x58, 0xE8, 0xA4, 0x2D, 0x79, 0x66, 0x56, 0x98,
    0xA4, 0x32, 0x79, 0x64, 0xE6, 0xC2, 0x06, 0xCB, 0x79, 0xA6, 0x6B, 0x99, 0x96, 0xEC, 0x65, 0x92,
    0xC3, 0x4C, 0x7B, 0x89, 0xF9, 0xC6, 0xD5, 0xAE, 0x0F,
};

static const EpdGlyph sarabun_18_italicGlyphs[] = {
    { 0, 0, 0, 0, 0, 0, 0 }, // U+0000
    { 0, 0, 146, 0, 0, 0, 0 }, // U+000D
    { 0, 0, 146, 0, 0, 0, 0 }, // U+0020
    { 10, 26, 142, 0, 26, 65, 0 }, // !
    { 12, 9, 212, 3, 26, 27, 65 }, // "
    { 25, 26, 412, 1, 26, 163, 92 }, // #
    { 21, 32, 317, 0, 29, 168, 255 }, // $
    { 29, 26, 542, 3, 26, 189, 423 }, // %
    { 24, 26, 401, 0, 26, 156, 612 }, // &
    { 6, 9, 115, 3, 26, 14, 768 }, // '
    { 14, 31, 191, 1, 29, 109, 782 }, // (
    { 13, 31, 191, -1, 29, 101, 891 }, // )
    { 16, 15, 269, 2, 28, 60, 992 }, // *
    { 21, 20, 364, 1, 20, 105, 1052 }, // +
    { 8, 12, 151, -1, 5, 24, 1157 }, // ,
    { 11, 3, 204, 1, 12, 9, 1181 }, // -
    { 5, 5, 151, 1, 5, 7, 1190 }, // .
    { 23, 29, 249, -3, 27, 167, 1197 }, // /
    { 20, 26, 330, 1, 26, 130, 1364 }, // 0
    { 14, 26, 330, 3, 26, 91, 1494 }, // 1
    { 20, 26, 330, 0, 26, 130, 1585 }, // 2
    { 20, 26, 330, 0, 26, 130, 1715 }, // 3
    { 20, 26, 330, 0, 26, 130, 1845 }, // 4
    { 21, 26, 330, 0, 26, 137, 1975 }, // 5
    { 19, 27, 330, 1, 27, 129, 2112 }, // 6
    { 18, 26, 330, 4, 26, 117, 2241 }, // 7
    { 21, 26, 330, 0, 26, 137, 2358 }, // 8
    { 19, 27, 330, 2, 26, 129, 2495 }, // 9
    { 8, 18, 151, 1, 18, 36, 2624 }, // :
    { 10, 25, 151, -1, 18, 63, 2660 }, // ;
    { 21, 22, 364, 2, 22, 116, 2723 }, // <
    { 21, 10, 364, 1, 15, 53, 2839 }, // =
    { 21, 22, 364, 0, 22, 116, 2892 }, // >
    { 15, 26, 272, 3, 26, 98, 3008 }, // ?
    { 29, 28, 477, 0, 22, 203, 3106 }, // @
    { 23, 26, 358, -2, 26, 150, 3309 }, // A
    { 21, 26, 353, 1, 26, 137, 3459 }, // B
    { 23, 26, 351, 1, 26, 150, 3596 }, // C
    { 22, 26, 374, 1, 26, 143, 3746 }, // D
    { 21, 26, 331, 1, 26, 137, 3889 }, // E
    { 21, 26, 330, 1, 26, 137, 4026 }, // F
    { 23, 26, 382, 1, 26, 150, 4163 }, // G
    { 25, 26, 407, 1, 26, 163, 4313 }, // H
    { 9, 26, 175, 2, 26, 59, 4476 }, // I
    { 19, 26, 264, -2, 26, 124, 4535 }, // J
    { 24, 26, 363, 1, 26, 156, 4659 }, // K
    { 17, 26, 329, 1, 26, 111, 4815 }, // L
    { 29, 26, 479, 1, 26, 189, 4926 }, // M
    { 25, 26, 409, 1, 26, 163, 5115 }, // N
    { 24, 26, 397, 1, 26, 156, 5278 }, // O
    { 21, 26, 344, 1, 26, 137, 5434 }, // P
    { 24, 31, 397, 1, 26, 186, 5571 }, // Q
    { 21, 26, 349, 1, 26, 137, 5757 }, // R
    { 21, 26, 317, 0, 26, 137, 5894 }, // S
    { 21, 26, 335, 3, 26, 137, 6031 }, // T
    { 23, 26, 394, 2, 26, 150, 6168 }, // U
    { 22, 26, 361, 3, 26, 143, 6318 }, // V
    { 31, 26, 499, 3, 26, 202, 6461 }, // W
    { 26, 26, 363, -1, 26, 169, 6663 }, // X
    { 21, 26, 344, 3, 26, 137, 6832 }, // Y
    { 24, 26, 340, -1, 26, 156, 6969 }, // Z
    { 15, 30, 185, -1, 26, 113, 7125 }, // [
    { 13, 29, 229, 2, 27, 95, 7238 }, // <backslash>
    { 15, 30, 185, -2, 26, 113, 7333 }, // ]
    { 20, 18, 351, 1, 26, 90, 7446 }, // ^
    { 13, 3, 194, -4, -8, 10, 7536 }, // _
    { 6, 6, 240, 6, 27, 9, 7546 }, // `
    { 19, 19, 325, 1, 19, 91, 7555 }, // a
    { 20, 28, 325, 0, 28, 140, 7646 }, // b
    { 18, 19, 284, 1, 19, 86, 7786 }, // c
    { 21, 28, 325, 1, 28, 147, 7872 }, // d
    { 18, 19, 311, 1, 19, 86, 8019 }, // e
    { 15, 27, 199, 1, 27, 102, 8105 }, // f
    { 21, 27, 325, -1, 19, 142, 8207 }, // g
    { 20, 28, 335, 0, 28, 140, 8349 }, // h
    { 9, 26, 147, 1, 26, 59, 8489 }, // i
    { 15, 33, 148, -5, 26, 124, 8548 }, // j
    { 20, 28, 292, 0, 28, 140, 8672 }, // k
    { 9, 28, 175, 1, 28, 63, 8812 }, // l
    { 30, 19, 503, 0, 19, 143, 8875 }, // m
    { 19, 19, 329, 0, 19, 91, 9018 }, // n
    { 19, 19, 334, 1, 19, 91, 9109 }, // o
    { 21, 28, 327, -1, 19, 147, 9200 }, // p
    { 19, 28, 327, 1, 19, 133, 9347 }, // q
    { 15, 19, 210, 0, 19, 72, 9480 }, // r
    { 15, 19, 250, 0, 19, 72, 9552 }, // s
    { 13, 25, 226, 1, 25, 82, 9624 }, // t
    { 19, 19, 331, 1, 19, 91, 9706 }, // u
    { 18, 19, 287, 2, 19, 86, 9797 }, // v
    { 25, 19, 401, 2, 19, 119, 9883 }, // w
    { 20, 19, 276, -2, 19, 95, 10002 }, // x
    { 22, 26, 277, -3, 19, 143, 10097 }, // y
    { 19, 19, 271, -1, 19, 91, 10240 }, // z
    { 13, 31, 192, 1, 26, 101, 10331 }, // {
    { 10, 32, 145, 0, 26, 80, 10432 }, // |
    { 14, 31, 192, -2, 26, 109, 10512 }, // }
    { 21, 6, 364, 1, 13, 32, 10621 }, // ~
    { 0, 0, 146, 0, 0, 0, 0 }, // U+00A0
    { 10, 27, 142, -1, 19, 68, 0 }, // U+00A1
    { 18, 27, 284, 1, 25, 122, 68 }, // U+00A2
    { 21, 26, 322, 0, 26, 137, 190 }, // U+00A3
    { 24, 22, 369, 0, 23, 132, 327 }, // U+00A4
    { 23, 26, 347, 1, 26, 150, 459 }, // U+00A5
    { 10, 32, 145, 0, 26, 80, 609 }, // U+00A6
    { 20, 30, 319, 0, 26, 150, 689 }, // U+00A7
    { 12, 4, 240, 4, 25, 12, 839 }, // U+00A8
    { 29, 27, 482, 1, 27, 196, 851 }, // U+00A9
    { 13, 14, 217, 2, 26, 46, 1047 }, // U+00AA
    { 19, 15, 309, 1, 17, 72, 1093 }, // U+00AB
    { 21, 11, 364, 2, 16, 58, 1165 }, // U+00AC
    { 11, 3, 204, 1, 12, 9, 1223 }, // U+00AD
    { 17, 16, 311, 3, 27, 68, 1232 }, // U+00AE
    { 14, 3, 240, 3, 24, 11, 1300 }, // U+00AF
    { 11, 10, 189, 3, 27, 28, 1311 }, // U+00B0
    { 22, 21, 364, 0, 21, 116, 1339 }, // U+00B1
    { 15, 18, 240, 1, 26, 68, 1455 }, // U+00B2
    { 15, 18, 240, 1, 26, 68, 1523 }, // U+00B3
    { 8, 6, 240, 6, 27, 12, 1591 }, // U+00B4
    { 21, 27, 331, -1, 19, 142, 1603 }, // U+00B5
    { 18, 30, 322, 2, 26, 135, 1745 }, // U+00B6
    { 6, 5, 151, 2, 12, 8, 1880 }, // U+00B7
    { 8, 9, 240, 1, 1, 18, 1888 }, // U+00B8
    { 11, 18, 240, 2, 26, 50, 1906 }, // U+00B9
    { 14, 15, 234, 2, 26, 53, 1956 }, // U+00BA
    { 18, 15, 309, 0, 17, 68, 2009 }, // U+00BB
    { 30, 28, 580, 3, 27, 210, 2077 }, // U+00BC
    { 31, 27, 580, 3, 26, 210, 2287 }, // U+00BD
    { 31, 28, 580, 2, 27, 217, 2497 }, // U+00BE
    { 15, 27, 272, -1, 19, 102, 2714 }, // U+00BF
    { 23, 33, 358, -2, 33, 190, 2816 }, // U+00C0
    { 23, 34, 358, -2, 34, 196, 3006 }, // U+00C1
    { 23, 34, 358, -2, 34, 196, 3202 }, // U+00C2
    { 23, 32, 358, -2, 32, 184, 3398 }, // U+00C3
    { 23, 32, 358, -2, 32, 184, 3582 }, // U+00C4
    { 23, 33, 358, -2, 33, 190, 3766 }, // U+00C5
    { 34, 26, 480, -2, 26, 221, 3956 }, // U+00C6
    { 23, 34, 351, 1, 26, 196, 4177 }, // U+00C7
    { 21, 33, 331, 1, 33, 174, 4373 }, // U+00C8
    { 21, 34, 331, 1, 34, 179, 4547 }, // U+00C9
    { 21, 34, 331, 1, 34, 179, 4726 }, // U+00CA
    { 21, 32, 331, 1, 32, 168, 4905 }, // U+00CB
    { 9, 33, 175, 2, 33, 75, 5073 }, // U+00CC
    { 13, 34, 175, 2, 34, 111, 5148 }, // U+00CD
    { 13, 34, 175, 2, 34, 111, 5259 }, // U+00CE
    { 13, 32, 175, 2, 32, 104, 5370 }, // U+00CF
    { 23, 26, 375, 0, 26, 150, 5474 }, // U+00D0
    { 25, 32, 409, 1, 32, 200, 5624 }, // U+00D1
    { 24, 34, 397, 1, 34, 204, 5824 }, // U+00D2
    { 24, 34, 397, 1, 34, 204, 6028 }, // U+00D3
    { 24, 34, 397, 1, 34, 204, 6232 }, // U+00D4
    { 24, 33, 397, 1, 33, 198, 6436 }, // U+00D5
    { 24, 32, 397, 1, 32, 192, 6634 }, // U+00D6
    { 21, 19, 364, 1, 19, 100, 6826 }, // U+00D7
    { 24, 28, 397, 1, 27, 168, 6926 }, // U+00D8
    { 23, 34, 394, 2, 34, 196, 7094 }, // U+00D9
    { 23, 34, 394, 2, 34, 196, 7290 }, // U+00DA
    { 23, 34, 394, 2, 34, 196, 7486 }, // U+00DB
    { 23, 32, 394, 2, 32, 184, 7682 }, // U+00DC
    { 21, 34, 344, 3, 34, 179, 7866 }, // U+00DD
    { 20, 26, 340, 1, 26, 130, 8045 }, // U+00DE
    { 20, 26, 339, 0, 26, 130, 8175 }, // U+00DF
    { 19, 26, 325, 1, 26, 124, 8305 }, // U+00E0
    { 19, 26, 325, 1, 26, 124, 8429 }, // U+00E1
    { 19, 26, 325, 1, 26, 124, 8553 }, // U+00E2
    { 19, 25, 325, 1, 25, 119, 8677 }, // U+00E3
    { 19, 25, 325, 1, 25, 119, 8796 }, // U+00E4
    { 19, 27, 325, 1, 27, 129, 8915 }, // U+00E5
    { 30, 19, 494, 0, 19, 143, 9044 }, // U+00E6
    { 18, 27, 284, 1, 19, 122, 9187 }, // U+00E7
    { 18, 26, 311, 1, 26, 117, 9309 }, // U+00E8
    { 18, 26, 311, 1, 26, 117, 9426 }, // U+00E9
    { 18, 26, 311, 1, 26, 117, 9543 }, // U+00EA
    { 18, 25, 311, 1, 25, 113, 9660 }, // U+00EB
    { 7, 26, 152, 1, 26, 46, 9773 }, // U+00EC
    { 12, 26, 152, 1, 26, 78, 9819 }, // U+00ED
    { 12, 26, 152, 1, 26, 78, 9897 }, // U+00EE
    { 12, 25, 152, 1, 25, 75, 9975 }, // U+00EF
    { 18, 27, 297, 0, 27, 122, 10050 }, // U+00F0
    { 19, 25, 329, 0, 25, 119, 10172 }, // U+00F1
    { 19, 26, 334, 1, 26, 124, 10291 }, // U+00F2
    { 19, 26, 334, 1, 26, 124, 10415 }, // U+00F3
    { 19, 26, 334, 1, 26, 124, 10539 }, // U+00F4
    { 19, 25, 334, 1, 25, 119, 10663 }, // U+00F5
    { 19, 25, 334, 1, 25, 119, 10782 }, // U+00F6
    { 21, 17, 364, 1, 19, 90, 10901 }, // U+00F7
    { 19, 22, 334, 1, 21, 105, 10991 }, // U+00F8
    { 19, 26, 331, 1, 26, 124, 11096 }, // U+00F9
    { 19, 26, 331, 1, 26, 124, 11220 }, // U+00FA
    { 19, 26, 331, 1, 26, 124, 11344 }, // U+00FB
    { 19, 25, 331, 1, 25, 119, 11468 }, // U+00FC
    { 22, 33, 277, -3, 26, 182, 11587 }, // U+00FD
    { 20, 37, 320, -1, 29, 185, 11769 }, // U+00FE
    { 22, 32, 277, -3, 25, 176, 11954 }, // U+00FF
    { 23, 31, 358, -2, 31, 179, 0 }, // U+0100
    { 19, 24, 325, 1, 24, 114, 179 }, // U+0101
    { 23, 33, 358, -2, 33, 190, 293 }, // U+0102
    { 19, 26, 325, 1, 26, 124, 483 }, // U+0103
    { 23, 34, 358, -2, 26, 196, 607 }, // U+0104
    { 19, 27, 325, 1, 19, 129, 803 }, // U+0105
    { 23, 34, 351, 1, 34, 196, 932 }, // U+0106
    { 18, 26, 284, 1, 26, 117, 1128 }, // U+0107
    { 23, 34, 351, 1, 34, 196, 1245 }, // U+0108
    { 18, 26, 284, 1, 26, 117, 1441 }, // U+0109
    { 23, 32, 351, 1, 32, 184, 1558 }, // U+010A
    { 18, 25, 284, 1, 25, 113, 1742 }, // U+010B
    { 23, 34, 351, 1, 34, 196, 1855 }, // U+010C
    { 18, 26, 284, 1, 26, 117, 2051 }, // U+010D
    { 22, 34, 374, 1, 34, 187, 2168 }, // U+010E
    { 27, 29, 398, 1, 29, 196, 2355 }, // U+010F
    { 23, 26, 375, 0, 26, 150, 2551 }, // U+0110
    { 22, 28, 335, 1, 28, 154, 2701 }, // U+0111
    { 21, 31, 331, 1, 31, 163, 2855 }, // U+0112
    { 18, 24, 311, 1, 24, 108, 3018 }, // U+0113
    { 21, 33, 331, 1, 33, 174, 3126 }, // U+0114
    { 18, 26, 311, 1, 26, 117, 3300 }, // U+0115
    { 21, 32, 331, 1, 32, 168, 3417 }, // U+0116
    { 18, 25, 311, 1, 25, 113, 3585 }, // U+0117
    { 21, 34, 331, 1, 26, 179, 3698 }, // U+0118
    { 18, 25, 311, 1, 19, 113, 3877 }, // U+0119
    { 21, 34, 331, 1, 34, 179, 3990 }, // U+011A
    { 18, 26, 311, 1, 26, 117, 4169 }, // U+011B
    { 23, 34, 382, 1, 34, 196, 4286 }, // U+011C
    { 21, 34, 325, -1, 26, 179, 4482 }, // U+011D
    { 23, 34, 382, 1, 34, 196, 4661 }, // U+011E
    { 21, 34, 325, -1, 26, 179, 4857 }, // U+011F
    { 23, 32, 382, 1, 32, 184, 5036 }, // U+0120
    { 21, 33, 325, -1, 25, 174, 5220 }, // U+0121
    { 23, 36, 382, 1, 26, 207, 5394 }, // U+0122
    { 21, 37, 325, -1, 29, 195, 5601 }, // U+0123
    { 25, 34, 407, 1, 34, 213, 5796 }, // U+0124
    { 20, 35, 335, 0, 35, 175, 6009 }, // U+0125
    { 27, 26, 419, 1, 26, 176, 6184 }, // U+0126
    { 20, 28, 335, 0, 28, 140, 6360 }, // U+0127
    { 13, 32, 175, 2, 32, 104, 6500 }, // U+0128
    { 12, 25, 152, 1, 25, 75, 6604 }, // U+0129
    { 14, 31, 175, 2, 31, 109, 6679 }, // U+012A
    { 14, 24, 152, 0, 24, 84, 6788 }, // U+012B
    { 14, 33, 175, 2, 33, 116, 6872 }, // U+012C
    { 13, 26, 152, 1, 26, 85, 6988 }, // U+012D
    { 13, 34, 175, -2, 26, 111, 7073 }, // U+012E
    { 13, 34, 147, -3, 26, 111, 7184 }, // U+012F
    { 10, 32, 175, 2, 32, 80, 7295 }, // U+0130
    { 7, 19, 152, 1, 19, 34, 7375 }, // U+0131
    { 26, 26, 439, 2, 26, 169, 7409 }, // U+0132
    { 19, 33, 295, 1, 26, 157, 7578 }, // U+0133
    { 20, 34, 264, -2, 34, 170, 7735 }, // U+0134
    { 18, 33, 148, -5, 26, 149, 7905 }, // U+0135
    { 24, 37, 363, 1, 26, 222, 8054 }, // U+0136
    { 20, 39, 292, 0, 28, 195, 8276 }, // U+0137
    { 20, 19, 292, 0, 19, 95, 8471 }, // U+0138
    { 17, 34, 329, 1, 34, 145, 8566 }, // U+0139
    { 13, 36, 175, 1, 36, 117, 8711 }, // U+013A
    { 17, 37, 329, 1, 26, 158, 8828 }, // U+013B
    { 9, 38, 175, 1, 28, 86, 8986 }, // U+013C
    { 20, 26, 329, 1, 26, 130, 9072 }, // U+013D
    { 15, 28, 199, 1, 28, 105, 9202 }, // U+013E
    { 17, 26, 329, 1, 26, 111, 9307 }, // U+013F
    { 12, 28, 202, 1, 28, 84, 9418 }, // U+0140
    { 18, 26, 329, 0, 26, 117, 9502 }, // U+0141
    { 11, 28, 175, 1, 28, 77, 9619 }, // U+0142
    { 25, 34, 409, 1, 34, 213, 9696 }, // U+0143
    { 19, 26, 329, 0, 26, 124, 9909 }, // U+0144
    { 25, 37, 409, 1, 26, 232, 10033 }, // U+0145
    { 19, 30, 329, 0, 19, 143, 10265 }, // U+0146
    { 25, 34, 409, 1, 34, 213, 10408 }, // U+0147
    { 19, 26, 329, 0, 26, 124, 10621 }, // U+0148
    { 20, 26, 379, 2, 26, 130, 10745 }, // U+0149
    { 25, 36, 409, 1, 26, 225, 10875 }, // U+014A
    { 19, 26, 329, 0, 19, 124, 11100 }, // U+014B
    { 24, 31, 397, 1, 31, 186, 11224 }, // U+014C
    { 19, 24, 334, 1, 24, 114, 11410 }, // U+014D
    { 24, 34, 397, 1, 34, 204, 11524 }, // U+014E
    { 19, 26, 334, 1, 26, 124, 11728 }, // U+014F
    { 24, 34, 397, 1, 34, 204, 11852 }, // U+0150
    { 19, 26, 334, 1, 26, 124, 12056 }, // U+0151
    { 34, 26, 535, 1, 26, 221, 12180 }, // U+0152
    { 31, 19, 522, 1, 19, 148, 12401 }, // U+0153
    { 21, 34, 349, 1, 34, 179, 12549 }, // U+0154
    { 16, 26, 210, 0, 26, 104, 12728 }, // U+0155
    { 21, 37, 349, 1, 26, 195, 12832 }, // U+0156
    { 16, 30, 210, -1, 19, 120, 13027 }, // U+0157
    { 21, 34, 349, 1, 34, 179, 13147 }, // U+0158
    { 16, 26, 210, 0, 26, 104, 13326 }, // U+0159
    { 21, 34, 317, 0, 34, 179, 13430 }, // U+015A
    { 16, 26, 250, 0, 26, 104, 13609 }, // U+015B
    { 21, 34, 317, 0, 34, 179, 13713 }, // U+015C
    { 16, 26, 250, 0, 26, 104, 13892 }, // U+015D
    { 21, 34, 317, 0, 26, 179, 13996 }, // U+015E
    { 15, 27, 250, 0, 19, 102, 14175 }, // U+015F
    { 21, 34, 317, 0, 34, 179, 14277 }, // U+0160
    { 17, 26, 250, 0, 26, 111, 14456 }, // U+0161
    { 21, 34, 335, 3, 26, 179, 14567 }, // U+0162
    { 13, 33, 226, 1, 25, 108, 14746 }, // U+0163
    { 21, 34, 335, 3, 34, 179, 14854 }, // U+0164
    { 19, 27, 275, 1, 27, 129, 15033 }, // U+0165
    { 22, 26, 335, 2, 26, 143, 15162 }, // U+0166
    { 14, 25, 226, 0, 25, 88, 15305 }, // U+0167
    { 23, 33, 394, 2, 33, 190, 15393 }, // U+0168
    { 19, 25, 331, 1, 25, 119, 15583 }, // U+0169
    { 23, 31, 394, 2, 31, 179, 15702 }, // U+016A
    { 19, 24, 331, 1, 24, 114, 15881 }, // U+016B
    { 23, 34, 394, 2, 34, 196, 15995 }, // U+016C
    { 19, 26, 331, 1, 26, 124, 16191 }, // U+016D
    { 23, 34, 394, 2, 34, 196, 16315 }, // U+016E
    { 19, 27, 331, 1, 27, 129, 16511 }, // U+016F
    { 23, 34, 394, 2, 34, 196, 16640 }, // U+0170
    { 20, 26, 331, 1, 26, 130, 16836 }, // U+0171
    { 23, 34, 394, 2, 26, 196, 16966 }, // U+0172
    { 19, 27, 331, 1, 19, 129, 17162 }, // U+0173
    { 31, 34, 499, 3, 34, 264, 17291 }, // U+0174
    { 25, 26, 401, 2, 26, 163, 17555 }, // U+0175
    { 21, 34, 344, 3, 34, 179, 17718 }, // U+0176
    { 22, 33, 277, -3, 26, 182, 17897 }, // U+0177
    { 21, 32, 344, 3, 32, 168, 18079 }, // U+0178
    { 24, 34, 340, -1, 34, 204, 18247 }, // U+0179
    { 19, 26, 271, -1, 26, 124, 18451 }, // U+017A
    { 24, 32, 340, -1, 32, 192, 18575 }, // U+017B
    { 19, 25, 271, -1, 25, 119, 18767 }, // U+017C
    { 24, 34, 340, -1, 34, 204, 18886 }, // U+017D
    { 19, 26, 271, -1, 26, 124, 19090 }, // U+017E
    { 30, 26, 418, 1, 26, 195, 0 }, // U+01A0
    { 25, 19, 359, 1, 19, 119, 195 }, // U+01A1
    { 29, 26, 416, 2, 26, 189, 314 }, // U+01AF
    { 25, 19, 359, 1, 19, 119, 503 }, // U+01B0
    { 23, 34, 358, -2, 34, 196, 622 }, // U+01CD
    { 19, 26, 325, 1, 26, 124, 818 }, // U+01CE
    { 14, 34, 175, 2, 34, 119, 942 }, // U+01CF
    { 12, 26, 152, 1, 26, 78, 1061 }, // U+01D0
    { 24, 34, 397, 1, 34, 204, 1139 }, // U+01D1
    { 19, 26, 334, 1, 26, 124, 1343 }, // U+01D2
    { 23, 34, 394, 2, 34, 196, 1467 }, // U+01D3
    { 19, 26, 331, 1, 26, 124, 1663 }, // U+01D4
    { 23, 36, 394, 2, 36, 207, 1787 }, // U+01D5
    { 19, 29, 331, 1, 29, 138, 1994 }, // U+01D6
    { 23, 37, 394, 2, 37, 213, 2132 }, // U+01D7
    { 19, 30, 331, 1, 30, 143, 2345 }, // U+01D8
    { 23, 38, 394, 2, 38, 219, 2488 }, // U+01D9
    { 19, 30, 331, 1, 30, 143, 2707 }, // U+01DA
    { 23, 37, 394, 2, 37, 213, 2850 }, // U+01DB
    { 19, 30, 331, 1, 30, 143, 3063 }, // U+01DC
    { 23, 34, 382, 1, 34, 196, 3206 }, // U+01E6
    { 21, 34, 325, -1, 26, 179, 3402 }, // U+01E7
    { 23, 38, 358, -2, 38, 219, 3581 }, // U+01FA
    { 19, 32, 325, 1, 32, 152, 3800 }, // U+01FB
    { 34, 34, 480, -2, 34, 289, 3952 }, // U+01FC
    { 30, 26, 494, 0, 26, 195, 4241 }, // U+01FD
    { 24, 35, 397, 1, 34, 210, 4436 }, // U+01FE
    { 19, 27, 334, 1, 26, 129, 4646 }, // U+01FF
    { 21, 36, 317, 0, 26, 189, 4775 }, // U+0218
    { 15, 29, 250, 0, 19, 109, 4964 }, // U+0219
    { 21, 37, 335, 3, 26, 195, 5073 }, // U+021A
    { 13, 35, 226, 1, 25, 114, 5268 }, // U+021B
    { 6, 5, 0, -2, 26, 8, 0 }, // U+0300
    { 9, 6, 0, 0, 27, 14, 8 }, // U+0301
    { 12, 6, 0, -4, 27, 18, 22 }, // U+0302
    { 12, 4, 0, -4, 25, 12, 40 }, // U+0303
    { 13, 3, 0, -4, 24, 10, 52 }, // U+0304
    { 12, 5, 0, -3, 26, 15, 62 }, // U+0306
    { 5, 4, 0, 0, 25, 5, 77 }, // U+0307
    { 13, 4, 0, -4, 25, 13, 82 }, // U+0308
    { 8, 9, 0, -1, 30, 18, 95 }, // U+0309
    { 9, 7, 0, -2, 26, 16, 113 }, // U+030A
    { 13, 5, 0, -3, 26, 17, 129 }, // U+030B
    { 12, 6, 0, -3, 27, 18, 146 }, // U+030C
    { 8, 9, 0, -3, 20, 18, 164 }, // U+031B
    { 5, 4, 0, -5, -2, 5, 182 }, // U+0323
    { 13, 4, 0, -9, -2, 13, 187 }, // U+0324
    { 5, 8, 0, -5, -3, 10, 200 }, // U+0326
    { 8, 9, 0, -7, 1, 18, 210 }, // U+0327
    { 7, 8, 0, -7, 0, 14, 228 }, // U+0328
    { 12, 5, 0, -8, -3, 15, 242 }, // U+032E
    { 13, 3, 0, -9, -2, 10, 257 }, // U+0331
    { 19, 22, 346, 1, 22, 105, 0 }, // U+0E01
    { 21, 22, 356, 1, 22, 116, 105 }, // U+0E02
    { 22, 23, 364, 1, 23, 127, 221 }, // U+0E03
    { 20, 22, 362, 1, 22, 110, 348 }, // U+0E04
    { 21, 22, 364, 1, 22, 116, 458 }, // U+0E05
    { 23, 23, 383, 1, 23, 133, 574 }, // U+0E06
    { 15, 22, 272, 1, 22, 83, 707 }, // U+0E07
    { 18, 22, 334, 2, 22, 99, 790 }, // U+0E08
    { 19, 22, 342, 1, 22, 105, 889 }, // U+0E09
    { 23, 24, 364, 1, 24, 138, 994 }, // U+0E0A
    { 23, 24, 370, 1, 24, 138, 1132 }, // U+0E0B
    { 29, 22, 484, 1, 22, 160, 1270 }, // U+0E0C
    { 30, 32, 498, 1, 22, 240, 1430 }, // U+0E0D
    { 23, 34, 367, -1, 22, 196, 1670 }, // U+0E0E
    { 24, 34, 367, -2, 22, 204, 1866 }, // U+0E0F
    { 25, 35, 323, -4, 23, 219, 2070 }, // U+0E10
    { 25, 22, 425, 1, 22, 138, 2289 }, // U+0E11
    { 30, 23, 499, 1, 23, 173, 2427 }, // U+0E12
    { 30, 22, 499, 1, 22, 165, 2600 }, // U+0E13
    { 20, 22, 355, 1, 22, 110, 2765 }, // U+0E14
    { 21, 23, 364, 1, 23, 121, 2875 }, // U+0E15
    { 20, 22, 349, 1, 22, 110, 2996 }, // U+0E16
    { 22, 22, 394, 2, 22, 121, 3106 }, // U+0E17
    { 21, 23, 325, 1, 23, 121, 3227 }, // U+0E18
    { 22, 22, 382, 2, 22, 121, 3348 }, // U+0E19
    { 22, 22, 387, 2, 22, 121, 3469 }, // U+0E1A
    { 24, 31, 393, 2, 31, 186, 3590 }, // U+0E1B
    { 23, 22, 373, 0, 22, 127, 3776 }, // U+0E1C
    { 25, 31, 373, 0, 31, 194, 3903 }, // U+0E1D
    { 25, 22, 432, 2, 22, 138, 4097 }, // U+0E1E
    { 26, 31, 432, 2, 31, 202, 4235 }, // U+0E1F
    { 23, 22, 370, -1, 22, 127, 4437 }, // U+0E20
    { 23, 22, 368, 0, 22, 127, 4564 }, // U+0E21
    { 20, 22, 343, 1, 22, 110, 4691 }, // U+0E22
    { 17, 23, 290, 2, 23, 98, 4801 }, // U+0E23
    { 20, 32, 349, 1, 22, 160, 4899 }, // U+0E24
    { 20, 22, 348, 1, 22, 110, 5059 }, // U+0E25
    { 23, 32, 367, -1, 22, 184, 5169 }, // U+0E26
    { 17, 22, 307, 1, 22, 94, 5353 }, // U+0E27
    { 22, 24, 361, 1, 24, 132, 5447 }, // U+0E28
    { 25, 22, 406, 2, 22, 138, 5579 }, // U+0E29
    { 22, 24, 348, 1, 24, 132, 5717 }, // U+0E2A
    { 22, 22, 382, 2, 22, 121, 5849 }, // U+0E2B
    { 27, 24, 432, 2, 24, 162, 5970 }, // U+0E2C
    { 19, 22, 352, 2, 22, 105, 6132 }, // U+0E2D
    { 22, 22, 339, 1, 22, 121, 6237 }, // U+0E2E
    { 18, 22, 328, 2, 22, 99, 6358 }, // U+0E2F
    { 20, 21, 320, 0, 22, 105, 6457 }, // U+0E30
    { 19, 9, 0, -11, 35, 43, 6562 }, // U+0E31
    { 15, 22, 291, 2, 22, 83, 6605 }, // U+0E32
    { 23, 34, 291, -6, 34, 196, 6688 }, // U+0E33
    { 18, 10, 0, -17, 34, 45, 6884 }, // U+0E34
    { 19, 12, 0, -17, 36, 57, 6929 }, // U+0E35
    { 20, 12, 0, -17, 36, 60, 6986 }, // U+0E36
    { 19, 12, 0, -17, 36, 57, 7046 }, // U+0E37
    { 8, 10, 0, -13, -2, 20, 7103 }, // U+0E38
    { 15, 10, 0, -19, -2, 38, 7123 }, // U+0E39
    { 5, 4, 0, -9, -2, 5, 7161 }, // U+0E3A
    { 21, 32, 353, 1, 29, 168, 7166 }, // U+0E3F
    { 9, 22, 186, 1, 22, 50, 7334 }, // U+0E40
    { 20, 22, 347, 1, 22, 110, 7384 }, // U+0E41
    { 16, 37, 227, 2, 37, 148, 7494 }, // U+0E42
    { 14, 37, 233, 1, 37, 130, 7642 }, // U+0E43
    { 12, 37, 234, 2, 37, 111, 7772 }, // U+0E44
    { 15, 32, 177, -5, 22, 120, 7883 }, // U+0E45
    { 18, 32, 373, 3, 22, 144, 8003 }, // U+0E46
    { 17, 14, 0, -15, 39, 60, 8147 }, // U+0E47
    { 5, 8, 0, -3, 34, 10, 8207 }, // U+0E48
    { 17, 10, 0, -11, 36, 43, 8217 }, // U+0E49
    { 19, 10, 0, -14, 36, 48, 8260 }, // U+0E4A
    { 11, 9, 0, -6, 35, 25, 8308 }, // U+0E4B
    { 14, 11, 0, -9, 37, 39, 8333 }, // U+0E4C
    { 10, 9, 0, -6, 34, 23, 8372 }, // U+0E4D
    { 12, 12, 0, -8, 38, 36, 8395 }, // U+0E4E
    { 20, 19, 373, 2, 19, 95, 8431 }, // U+0E4F
    { 22, 17, 396, 1, 17, 94, 8526 }, // U+0E50
    { 23, 17, 406, 1, 16, 98, 8620 }, // U+0E51
    { 23, 23, 411, 1, 23, 133, 8718 }, // U+0E52
    { 24, 17, 416, 1, 17, 102, 8851 }, // U+0E53
    { 28, 24, 407, 1, 23, 168, 8953 }, // U+0E54
    { 28, 24, 407, 1, 23, 168, 9121 }, // U+0E55
    { 21, 23, 405, 3, 23, 121, 9289 }, // U+0E56
    { 29, 23, 446, 1, 23, 167, 9410 }, // U+0E57
    { 25, 23, 404, 1, 23, 144, 9577 }, // U+0E58
    { 26, 23, 415, 1, 23, 150, 9721 }, // U+0E59
    { 26, 22, 460, 2, 22, 143, 9871 }, // U+0E5A
    { 36, 19, 612, 2, 20, 171, 10014 }, // U+0E5B
    { 23, 33, 358, -2, 26, 190, 0 }, // U+1EA0
    { 19, 25, 325, 1, 19, 119, 190 }, // U+1EA1
    { 23, 36, 358, -2, 36, 207, 309 }, // U+1EA2
    { 19, 29, 325, 1, 29, 138, 516 }, // U+1EA3
    { 26, 37, 358, -2, 37, 241, 654 }, // U+1EA4
    { 20, 29, 325, 1, 29, 145, 895 }, // U+1EA5
    { 24, 36, 358, -2, 36, 216, 1040 }, // U+1EA6
    { 19, 29, 325, 1, 29, 138, 1256 }, // U+1EA7
    { 27, 39, 358, -2, 39, 264, 1394 }, // U+1EA8
    { 21, 31, 325, 1, 31, 163, 1658 }, // U+1EA9
    { 24, 38, 358, -2, 38, 228, 1821 }, // U+1EAA
    { 19, 31, 325, 1, 31, 148, 2049 }, // U+1EAB
    { 23, 41, 358, -2, 34, 236, 2197 }, // U+1EAC
    { 19, 32, 325, 1, 26, 152, 2433 }, // U+1EAD
    { 23, 38, 358, -2, 38, 219, 2585 }, // U+1EAE
    { 19, 31, 325, 1, 31, 148, 2804 }, // U+1EAF
    { 23, 38, 358, -2, 38, 219, 2952 }, // U+1EB0
    { 19, 31, 325, 1, 31, 148, 3171 }, // U+1EB1
    { 23, 40, 358, -2, 40, 230, 3319 }, // U+1EB2
    { 19, 33, 325, 1, 33, 157, 3549 }, // U+1EB3
    { 24, 38, 358, -2, 38, 228, 3706 }, // U+1EB4
    { 19, 31, 325, 1, 31, 148, 3934 }, // U+1EB5
    { 23, 40, 358, -2, 33, 230, 4082 }, // U+1EB6
    { 19, 32, 325, 1, 26, 152, 4312 }, // U+1EB7
    { 21, 33, 331, 1, 26, 174, 4464 }, // U+1EB8
    { 18, 25, 311, 1, 19, 113, 4638 }, // U+1EB9
    { 21, 36, 331, 1, 36, 189, 4751 }, // U+1EBA
    { 18, 29, 311, 1, 29, 131, 4940 }, // U+1EBB
    { 21, 32, 331, 1, 32, 168, 5071 }, // U+1EBC
    { 18, 25, 311, 1, 25, 113, 5239 }, // U+1EBD
    { 23, 37, 331, 1, 37, 213, 5352 }, // U+1EBE
    { 21, 29, 311, 1, 29, 153, 5565 }, // U+1EBF
    { 21, 36, 331, 1, 36, 189, 5718 }, // U+1EC0
    { 19, 29, 311, 1, 29, 138, 5907 }, // U+1EC1
    { 24, 39, 331, 1, 39, 234, 6045 }, // U+1EC2
    { 21, 31, 311, 1, 31, 163, 6279 }, // U+1EC3
    { 21, 38, 331, 1, 38, 200, 6442 }, // U+1EC4
    { 18, 31, 311, 1, 31, 140, 6642 }, // U+1EC5
    { 21, 41, 331, 1, 34, 216, 6782 }, // U+1EC6
    { 18, 32, 311, 1, 26, 144, 6998 }, // U+1EC7
    { 12, 36, 175, 2, 36, 108, 7142 }, // U+1EC8
    { 11, 30, 152, 1, 30, 83, 7250 }, // U+1EC9
    { 10, 33, 175, 1, 26, 83, 7333 }, // U+1ECA
    { 10, 33, 147, 0, 26, 83, 7416 }, // U+1ECB
    { 24, 32, 397, 1, 26, 192, 7499 }, // U+1ECC
    { 19, 25, 334, 1, 19, 119, 7691 }, // U+1ECD
    { 24, 37, 397, 1, 37, 222, 7810 }, // U+1ECE
    { 19, 29, 334, 1, 29, 138, 8032 }, // U+1ECF
    { 25, 37, 397, 1, 37, 232, 8170 }, // U+1ED0
    { 21, 29, 334, 1, 29, 153, 8402 }, // U+1ED1
    { 24, 37, 397, 1, 37, 222, 8555 }, // U+1ED2
    { 19, 29, 334, 1, 29, 138, 8777 }, // U+1ED3
    { 25, 39, 397, 1, 39, 244, 8915 }, // U+1ED4
    { 22, 31, 334, 1, 31, 171, 9159 }, // U+1ED5
    { 24, 38, 397, 1, 38, 228, 9330 }, // U+1ED6
    { 19, 31, 334, 1, 31, 148, 9558 }, // U+1ED7
    { 24, 40, 397, 1, 34, 240, 9706 }, // U+1ED8
    { 19, 32, 334, 1, 26, 152, 9946 }, // U+1ED9
    { 30, 34, 418, 1, 34, 255, 10098 }, // U+1EDA
    { 25, 26, 359, 1, 26, 163, 10353 }, // U+1EDB
    { 30, 34, 418, 1, 34, 255, 10516 }, // U+1EDC
    { 25, 26, 359, 1, 26, 163, 10771 }, // U+1EDD
    { 30, 37, 418, 1, 37, 278, 10934 }, // U+1EDE
    { 25, 29, 359, 1, 29, 182, 11212 }, // U+1EDF
    { 30, 33, 418, 1, 33, 248, 11394 }, // U+1EE0
    { 25, 25, 359, 1, 25, 157, 11642 }, // U+1EE1
    { 30, 32, 418, 1, 26, 240, 11799 }, // U+1EE2
    { 25, 25, 359, 1, 19, 157, 12039 }, // U+1EE3
    { 23, 32, 394, 2, 26, 184, 12196 }, // U+1EE4
    { 19, 25, 331, 1, 19, 119, 12380 }, // U+1EE5
    { 23, 37, 394, 2, 37, 213, 12499 }, // U+1EE6
    { 19, 29, 331, 1, 29, 138, 12712 }, // U+1EE7
    { 29, 34, 416, 2, 34, 247, 12850 }, // U+1EE8
    { 25, 26, 359, 1, 26, 163, 13097 }, // U+1EE9
    { 29, 34, 416, 2, 34, 247, 13260 }, // U+1EEA
    { 25, 26, 359, 1, 26, 163, 13507 }, // U+1EEB
    { 29, 37, 416, 2, 37, 269, 13670 }, // U+1EEC
    { 25, 29, 359, 1, 29, 182, 13939 }, // U+1EED
    { 29, 33, 416, 2, 33, 240, 14121 }, // U+1EEE
    { 25, 25, 359, 1, 25, 157, 14361 }, // U+1EEF
    { 29, 32, 416, 2, 26, 232, 14518 }, // U+1EF0
    { 25, 25, 359, 1, 19, 157, 14750 }, // U+1EF1
    { 21, 33, 344, 3, 33, 174, 14907 }, // U+1EF2
    { 22, 33, 277, -3, 26, 182, 15081 }, // U+1EF3
    { 21, 33, 344, 3, 26, 174, 15263 }, // U+1EF4
    { 22, 26, 277, -3, 19, 143, 15437 }, // U+1EF5
    { 21, 36, 344, 3, 36, 189, 15580 }, // U+1EF6
    { 22, 36, 277, -3, 29, 198, 15769 }, // U+1EF7
    { 21, 32, 344, 3, 32, 168, 15967 }, // U+1EF8
    { 22, 32, 277, -3, 25, 176, 16135 }, // U+1EF9
    { 0, 0, 330, 0, 0, 0, 0 }, // U+2007
    { 11, 3, 204, 1, 12, 9, 0 }, // U+2010
    { 19, 3, 324, 1, 12, 15, 9 }, // U+2012
    { 19, 3, 324, 1, 12, 15, 24 }, // U+2013
    { 30, 3, 502, 1, 12, 23, 39 }, // U+2014
    { 30, 3, 502, 1, 12, 23, 62 }, // U+2015
    { 7, 12, 202, 5, 29, 21, 85 }, // U+2018
    { 7, 12, 202, 5, 27, 21, 106 }, // U+2019
    { 7, 12, 202, 1, 5, 21, 127 }, // U+201A
    { 15, 12, 320, 5, 29, 45, 148 }, // U+201C
    { 14, 12, 320, 5, 27, 42, 193 }, // U+201D
    { 14, 12, 320, 1, 5, 42, 235 }, // U+201E
    { 19, 26, 315, 2, 26, 124, 277 }, // U+2020
    { 21, 26, 315, 0, 26, 137, 401 }, // U+2021
    { 11, 10, 221, 2, 16, 28, 538 }, // U+2022
    { 24, 5, 434, 0, 5, 30, 566 }, // U+2026
    { 44, 26, 770, 3, 26, 286, 596 }, // U+2030
    { 8, 9, 149, 3, 26, 18, 882 }, // U+2032
    { 14, 8, 247, 3, 26, 28, 900 }, // U+2033
    { 12, 15, 194, 1, 17, 45, 928 }, // U+2039
    { 11, 15, 194, 0, 17, 42, 973 }, // U+203A
    { 24, 27, 136, -7, 26, 162, 1015 }, // U+2044
    { 14, 18, 240, 2, 26, 63, 0 }, // U+2070
    { 15, 18, 240, 1, 26, 68, 63 }, // U+2074
    { 16, 18, 240, 1, 26, 72, 131 }, // U+2075
    { 15, 19, 240, 1, 27, 72, 203 }, // U+2076
    { 14, 18, 240, 3, 26, 63, 275 }, // U+2077
    { 15, 18, 240, 1, 26, 68, 338 }, // U+2078
    { 14, 19, 240, 2, 26, 67, 406 }, // U+2079
    { 10, 22, 142, 2, 29, 55, 473 }, // U+207D
    { 10, 22, 142, 0, 29, 55, 528 }, // U+207E
    { 13, 12, 234, 2, 26, 39, 583 }, // U+207F
    { 15, 19, 240, -1, 13, 72, 622 }, // U+2080
    { 11, 19, 240, 0, 13, 53, 694 }, // U+2081
    { 14, 19, 240, -1, 13, 67, 747 }, // U+2082
    { 14, 19, 240, -1, 13, 67, 814 }, // U+2083
    { 15, 19, 240, -2, 13, 72, 881 }, // U+2084
    { 16, 19, 240, -2, 13, 76, 953 }, // U+2085
    { 14, 19, 240, -1, 13, 67, 1029 }, // U+2086
    { 14, 19, 240, 1, 13, 67, 1096 }, // U+2087
    { 15, 19, 240, -1, 13, 72, 1163 }, // U+2088
    { 14, 19, 240, 0, 13, 67, 1235 }, // U+2089
    { 10, 22, 142, -1, 15, 55, 1302 }, // U+208D
    { 11, 22, 142, -3, 15, 61, 1357 }, // U+208E
    { 23, 32, 355, 1, 29, 184, 0 }, // U+20A1
    { 21, 26, 322, 0, 26, 137, 184 }, // U+20A4
    { 31, 26, 479, 0, 26, 202, 321 }, // U+20A6
    { 23, 26, 367, 1, 26, 150, 523 }, // U+20A7
    { 22, 33, 335, 1, 28, 182, 673 }, // U+20AB
    { 25, 26, 371, 0, 26, 163, 855 }, // U+20AC
    { 25, 26, 391, 1, 26, 163, 1018 }, // U+20B1
    { 23, 32, 381, 1, 29, 184, 1181 }, // U+20B2
    { 23, 32, 355, 1, 29, 184, 1365 }, // U+20B5
    { 22, 27, 365, 3, 27, 149, 1549 }, // U+20B9
    { 20, 26, 339, 0, 26, 130, 1698 }, // U+20BA
    { 22, 26, 340, 0, 26, 143, 1828 }, // U+20BD
    { 24, 10, 540, 5, 15, 60, 0 }, // U+2190
    { 10, 23, 300, 6, 23, 58, 60 }, // U+2191
    { 24, 10, 540, 5, 15, 60, 118 }, // U+2192
    { 10, 23, 300, 4, 23, 58, 178 }, // U+2193
    { 19, 27, 294, 0, 27, 129, 0 }, // U+2202
    { 25, 27, 389, -2, 27, 169, 129 }, // U+2206
    { 25, 31, 400, 0, 27, 194, 298 }, // U+220F
    { 26, 30, 377, -1, 26, 195, 492 }, // U+2211
    { 21, 3, 364, 1, 11, 16, 687 }, // U+2212
    { 25, 27, 98, -9, 27, 169, 703 }, // U+2215
    { 7, 8, 167, 2, 17, 14, 872 }, // U+2219
    { 29, 29, 336, 1, 27, 211, 886 }, // U+221A
    { 30, 14, 511, 1, 18, 105, 1097 }, // U+221E
    { 20, 35, 211, -3, 27, 175, 1202 }, // U+222B
    { 21, 14, 364, 1, 18, 74, 1377 }, // U+2248
    { 21, 20, 364, 1, 20, 105, 1451 }, // U+2260
    { 23, 21, 364, 0, 21, 121, 1556 }, // U+2264
    { 22, 21, 364, 0, 21, 116, 1677 }, // U+2265
    { 21, 27, 339, 1, 27, 142, 0 }, // U+FB01
    { 21, 28, 369, 1, 28, 147, 142 }, // U+FB02
};

static const EpdUnicodeInterval sarabun_18_italicIntervals[] = {
    { 0x0, 0x0, 0x0 },
    { 0xD, 0xD, 0x1 },
    { 0x20, 0x7E, 0x2 },
    { 0xA0, 0x17E, 0x61 },
    { 0x1A0, 0x1A1, 0x140 },
    { 0x1AF, 0x1B0, 0x142 },
    { 0x1CD, 0x1DC, 0x144 },
    { 0x1E6, 0x1E7, 0x154 },
    { 0x1FA, 0x1FF, 0x156 },
    { 0x218, 0x21B, 0x15C },
    { 0x300, 0x304, 0x160 },
    { 0x306, 0x30C, 0x165 },
    { 0x31B, 0x31B, 0x16C },
    { 0x323, 0x324, 0x16D },
    { 0x326, 0x328, 0x16F },
    { 0x32E, 0x32E, 0x172 },
    { 0x331, 0x331, 0x173 },
    { 0xE01, 0xE3A, 0x174 },
    { 0xE3F, 0xE5B, 0x1AE },
    { 0x1EA0, 0x1EF9, 0x1CB },
    { 0x2007, 0x2007, 0x225 },
    { 0x2010, 0x2010, 0x226 },
    { 0x2012, 0x2015, 0x227 },
    { 0x2018, 0x201A, 0x22B },
    { 0x201C, 0x201E, 0x22E },
    { 0x2020, 0x2022, 0x231 },
    { 0x2026, 0x2026, 0x234 },
    { 0x2030, 0x2030, 0x235 },
    { 0x2032, 0x2033, 0x236 },
    { 0x2039, 0x203A, 0x238 },
    { 0x2044, 0x2044, 0x23A },
    { 0x2070, 0x2070, 0x23B },
    { 0x2074, 0x2079, 0x23C },
    { 0x207D, 0x2089, 0x242 },
    { 0x208D, 0x208E, 0x24F },
    { 0x20A1, 0x20A1, 0x251 },
    { 0x20A4, 0x20A4, 0x252 },
    { 0x20A6, 0x20A7, 0x253 },
    { 0x20AB, 0x20AC, 0x255 },
    { 0x20B1, 0x20B2, 0x257 },
    { 0x20B5, 0x20B5, 0x259 },
    { 0x20B9, 0x20BA, 0x25A },
    { 0x20BD, 0x20BD, 0x25C },
    { 0x2190, 0x2193, 0x25D },
    { 0x2202, 0x2202, 0x261 },
    { 0x2206, 0x2206, 0x262 },
    { 0x220F, 0x220F, 0x263 },
    { 0x2211, 0x2212, 0x264 },
    { 0x2215, 0x2215, 0x266 },
    { 0x2219, 0x221A, 0x267 },
    { 0x221E, 0x221E, 0x269 },
    { 0x222B, 0x222B, 0x26A },
    { 0x2248, 0x2248, 0x26B },
    { 0x2260, 0x2260, 0x26C },
    { 0x2264, 0x2265, 0x26D },
    { 0xFB01, 0xFB02, 0x26F },
};

static const EpdFontGroup sarabun_18_italicGroups[] = {
    { 0, 4681, 11601, 97, 0 },
    { 4681, 3917, 12962, 96, 97 },
    { 8598, 4895, 20734, 127, 193 },
    { 13493, 1904, 5730, 32, 320 },
    { 15397, 235, 305, 20, 352 },
    { 15632, 5361, 10875, 87, 372 },
    { 20993, 2654, 17544, 90, 459 },
    { 23647, 582, 1237, 22, 549 },
    { 24229, 829, 1565, 22, 571 },
    { 25058, 1010, 2106, 12, 593 },
    { 26068, 144, 258, 4, 605 },
    { 26212, 767, 1949, 14, 609 },
    { 26979, 166, 330, 2, 623 },
};

static const uint16_t sarabun_18_italicKernLeftCodepoints[] = {
    0x002C, 0x002E, 0x0041, 0x0042, 0x0044, 0x0046, 0x004B, 0x004C, 0x004F, 0x0050, 0x0051, 0x0053,
    0x0054, 0x0055, 0x0056, 0x0057, 0x0058, 0x0059, 0x005A, 0x0061, 0x0062, 0x0063, 0x0065, 0x0066,
    0x0067, 0x006B, 0x006C, 0x006D, 0x006E, 0x006F, 0x0070, 0x0072, 0x0073, 0x0074, 0x0075, 0x0076,
    0x0078, 0x0079, 0x007A, 0x00C0, 0x00C1, 0x00C2, 0x00C3, 0x00C4, 0x00C5, 0x00D0, 0x00D2, 0x00D3,
    0x00D4, 0x00D5, 0x00D6, 0x00D8, 0x00D9, 0x00DA, 0x00DB, 0x00DC, 0x00DD, 0x00E0, 0x00E1, 0x00E2,
    0x00E3, 0x00E4, 0x00E5, 0x00E6, 0x00E7, 0x00E8, 0x00E9, 0x00EA, 0x00EB, 0x00F1, 0x00F2, 0x00F3,
    0x00F4, 0x00F5, 0x00F6, 0x00FD, 0x00FE, 0x00FF, 0x0100, 0x0101, 0x0102, 0x0103, 0x0104, 0x0105,
    0x0107, 0x0109, 0x010B, 0x010D, 0x010E, 0x0110, 0x0113, 0x0115, 0x0117, 0x0119, 0x011B, 0x0125,
    0x0127, 0x0132, 0x0134, 0x0136, 0x0137, 0x0138, 0x0139, 0x013B, 0x013D, 0x013F, 0x0141, 0x0144,
    0x0146, 0x0148, 0x0149, 0x014B, 0x014C, 0x014D, 0x014E, 0x014F, 0x0150, 0x0151, 0x0153, 0x0154,
    0x0155, 0x0156, 0x0157, 0x0158, 0x0159, 0x015A, 0x015B, 0x015C, 0x015D, 0x015E, 0x015F, 0x0160,
    0x0161, 0x0162, 0x0163, 0x0164, 0x0165, 0x0166, 0x0167, 0x0168, 0x016A, 0x016C, 0x016E, 0x0170,
    0x0172, 0x0174, 0x0175, 0x0176, 0x0177, 0x0178, 0x01A0, 0x01CD, 0x01CE, 0x01D1, 0x01D2, 0x01D3,
    0x01D5, 0x01D7, 0x01D9, 0x01DB, 0x01FA, 0x01FB, 0x01FD, 0x01FE, 0x01FF, 0x0218, 0x0219, 0x021A,
    0x021B, 0x1EA0, 0x1EA1, 0x1EA2, 0x1EA3, 0x1EA4, 0x1EA5, 0x1EA6, 0x1EA7, 0x1EA8, 0x1EA9, 0x1EAA,
    0x1EAB, 0x1EAC, 0x1EAD, 0x1EAE, 0x1EAF, 0x1EB0, 0x1EB1, 0x1EB2, 0x1EB3, 0x1EB4, 0x1EB5, 0x1EB6,
    0x1EB7, 0x1EB9, 0x1EBB, 0x1EBD, 0x1EBF, 0x1EC1, 0x1EC3, 0x1EC5, 0x1EC7, 0x1ECC, 0x1ECD, 0x1ECE,
    0x1ECF, 0x1ED0, 0x1ED1, 0x1ED2, 0x1ED3, 0x1ED4, 0x1ED5, 0x1ED6, 0x1ED7, 0x1ED8, 0x1ED9, 0x1EDA,
    0x1EDB, 0x1EDC, 0x1EDD, 0x1EDE, 0x1EDF, 0x1EE0, 0x1EE1, 0x1EE2, 0x1EE3, 0x1EE4, 0x1EE6, 0x1EF2,
    0x1EF3, 0x1EF4, 0x1EF5, 0x1EF6, 0x1EF7, 0x1EF8, 0x1EF9, 0x2018, 0x201C, 0x2026,
};

static const uint8_t sarabun_18_italicKernLeftClassIds[] = {
      1,   1,   2,   3,   4,   5,   6,   7,   8,   9,   8,  10,  11,  12,  13,  14,
     15,  16,  17,  18,  19,  20,  21,  22,  23,  24,  25,  26,  26,  27,  28,  29,
     30,  31,  32,  33,  34,  35,  36,  37,  37,  37,  37,  37,  37,  38,  39,  39,
     39,  39,  39,  40,  12,  12,  12,  12,  16,  18,  18,  18,  18,  18,  18,  41,
     42,  41,  41,  41,  41,  43,  27,  27,  27,  27,  27,  35,  44,  35,  37,  18,
     37,  18,  37,  18,  42,  42,  42,  42,  45,  38,  41,  41,  41,  41,  41,  46,
     46,  47,  47,  48,  49,  49,  50,  50,  50,  50,  51,  43,  43,  43,  43,  43,
     39,  27,  39,  27,  39,  27,  41,  52,  53,  52,  53,  52,  53,  54,  55,  54,
     55,  54,  55,  54,  55,  56,  57,  56,  57,  56,  57,  12,  12,  12,  12,  12,
     12,  58,  59,  16,  35,  16,  40,  37,  18,  39,  27,  12,  12,  12,  12,  12,
     37,  18,  41,  39,  27,  54,  55,  56,  57,  37,  18,  37,  18,  37,  18,  37,
     18,  37,  18,  37,  18,  37,  18,  37,  18,  37,  18,  37,  18,  37,  18,  37,
     18,  41,  41,  41,  41,  41,  41,  41,  41,  39,  27,  39,  27,  39,  27,  39,
     27,  39,  27,  39,  27,  39,  27,  40,  27,  40,  27,  40,  27,  40,  27,  40,
     27,  12,  12,  16,  35,  16,  35,  16,  35,  16,  35,  60,  60,  61,
};

static const uint16_t sarabun_18_italicKernRightCodepoints[] = {
    0x002C, 0x002E, 0x0041, 0x0043, 0x0047, 0x004A, 0x004F, 0x0051, 0x0053, 0x0054, 0x0055, 0x0056,
    0x0057, 0x0058, 0x0059, 0x0061, 0x0063, 0x0064, 0x0065, 0x0066, 0x0067, 0x006A, 0x006D, 0x006E,
    0x006F, 0x0070, 0x0071, 0x0072, 0x0073, 0x0074, 0x0075, 0x0076, 0x0077, 0x0078, 0x0079, 0x007A,
    0x00C0, 0x00C1, 0x00C2, 0x00C3, 0x00C4, 0x00C5, 0x00C6, 0x00C7, 0x00D2, 0x00D3, 0x00D4, 0x00D5,
    0x00D6, 0x00D8, 0x00D9, 0x00DA, 0x00DB, 0x00DC, 0x00DD, 0x00DF, 0x00E0, 0x00E1, 0x00E2, 0x00E3,
    0x00E4, 0x00E5, 0x00E6, 0x00E7, 0x00E8, 0x00E9, 0x00EA, 0x00EB, 0x00F0, 0x00F1, 0x00F2, 0x00F3,
    0x00F4, 0x00F5, 0x00F6, 0x00F8, 0x00F9, 0x00FA, 0x00FB, 0x00FC, 0x00FD, 0x00FF, 0x0100, 0x0101,
    0x0102, 0x0103, 0x0104, 0x0105, 0x0106, 0x0107, 0x0108, 0x0109, 0x010A, 0x010B, 0x010C, 0x010D,
    0x010F, 0x0111, 0x0113, 0x0115, 0x0117, 0x0119, 0x011B, 0x011C, 0x011D, 0x011E, 0x011F, 0x0120,
    0x0121, 0x0122, 0x0123, 0x0134, 0x0135, 0x0144, 0x0146, 0x0148, 0x0149, 0x014B, 0x014C, 0x014D,
    0x014E, 0x014F, 0x0150, 0x0151, 0x0153, 0x0155, 0x0157, 0x0159, 0x015A, 0x015B, 0x015C, 0x015D,
    0x015E, 0x015F, 0x0160, 0x0161, 0x0162, 0x0163, 0x0164, 0x0165, 0x0166, 0x0167, 0x0168, 0x0169,
    0x016A, 0x016B, 0x016C, 0x016D, 0x016E, 0x016F, 0x0170, 0x0171, 0x0172, 0x0173, 0x0174, 0x0175,
    0x0176, 0x0177, 0x0178, 0x017A, 0x017C, 0x017E, 0x01A0, 0x01A1, 0x01AF, 0x01B0, 0x01CD, 0x01CE,
    0x01D1, 0x01D2, 0x01D3, 0x01D4, 0x01D5, 0x01D6, 0x01D7, 0x01D8, 0x01D9, 0x01DA, 0x01DB, 0x01DC,
    0x01E6, 0x01E7, 0x01FA, 0x01FB, 0x01FC, 0x01FD, 0x01FE, 0x01FF, 0x0218, 0x0219, 0x021A, 0x021B,
    0x1EA0, 0x1EA1, 0x1EA2, 0x1EA3, 0x1EA4, 0x1EA5, 0x1EA6, 0x1EA7, 0x1EA8, 0x1EA9, 0x1EAA, 0x1EAB,
    0x1EAC, 0x1EAD, 0x1EAE, 0x1EAF, 0x1EB0, 0x1EB1, 0x1EB2, 0x1EB3, 0x1EB4, 0x1EB5, 0x1EB6, 0x1EB7,
    0x1EB9, 0x1EBB, 0x1EBD, 0x1EBF, 0x1EC1, 0x1EC3, 0x1EC5, 0x1EC7, 0x1ECC, 0x1ECD, 0x1ECE, 0x1ECF,
    0x1ED0, 0x1ED1, 0x1ED2, 0x1ED3, 0x1ED4, 0x1ED5, 0x1ED6, 0x1ED7, 0x1ED8, 0x1ED9, 0x1EDA, 0x1EDB,
    0x1EDC, 0x1EDD, 0x1EDE, 0x1EDF, 0x1EE0, 0x1EE1, 0x1EE2, 0x1EE3, 0x1EE4, 0x1EE5, 0x1EE6, 0x1EE7,
    0x1EE8, 0x1EE9, 0x1EEA, 0x1EEB, 0x1EEC, 0x1EED, 0x1EEE, 0x1EEF, 0x1EF0, 0x1EF1, 0x1EF2, 0x1EF3,
    0x1EF4, 0x1EF5, 0x1EF6, 0x1EF7, 0x1EF8, 0x1EF9, 0x2019, 0x201D, 0x2026, 0xFB01, 0xFB02,
};

static const uint8_t sarabun_18_italicKernRightClassIds[] = {
      1,   2,   3,   4,   5,   6,   7,   8,   9,  10,  11,  12,  13,  14,  15,  16,
     17,  18,  19,  20,  21,  22,  23,  24,  25,  26,  27,  28,  29,  30,  31,  32,
     33,  34,  35,  36,  37,  37,  37,  37,  37,  37,  37,  38,  39,  39,  39,  39,
     39,  40,  41,  41,  41,  41,  42,  43,  44,  44,  44,  44,  44,  44,  44,  45,
     46,  46,  46,  46,  47,  48,  49,  49,  49,  49,  49,  50,  51,  51,  51,  51,
     52,  52,  37,  44,  37,  44,  37,  44,  38,  45,  38,  45,  38,  45,  38,  45,
     53,  47,  46,  46,  46,  46,  46,  54,  55,  54,  55,  54,  55,  54,  55,  56,
     22,  48,  48,  48,  48,  48,  39,  49,  39,  49,  39,  49,  57,  58,  58,  58,
     59,  60,  59,  60,  59,  60,  59,  60,  61,  62,  61,  62,  61,  62,  41,  51,
     41,  51,  41,  51,  41,  51,  41,  51,  41,  51,  63,  64,  42,  52,  42,  65,
     65,  65,  39,  50,  41,  66,  37,  44,  39,  49,  41,  51,  41,  51,  41,  51,
     41,  51,  41,  51,  54,  55,  37,  44,  37,  44,  39,  49,  59,  60,  61,  62,
     37,  44,  37,  44,  37,  44,  37,  44,  37,  44,  37,  44,  37,  44,  37,  44,
     37,  44,  37,  44,  37,  44,  37,  44,  46,  46,  46,  46,  46,  46,  46,  46,
     39,  49,  39,  49,  39,  49,  39,  49,  39,  49,  39,  49,  39,  49,  39,  49,
     39,  49,  39,  49,  39,  49,  39,  49,  41,  51,  41,  51,  41,  51,  41,  51,
     41,  51,  41,  51,  41,  51,  42,  52,  42,  52,  42,  52,  42,  52,  67,  68,
     69,  43,  43,
};

static const uint16_t sarabun_18_italicKernRowOffsets[] = {
        0,    12,    49,    55,    62,    69,    81,   118,   127,   151,   156,   193,   197,   249,   269,   300,
      344,   355,   360,   368,   372,   388,   407,   410,   431,   448,   454,   467,   478,   483,   493,   496,
      502,   529,   540,   562,   568,   606,   611,   621,   627,   646,   651,   658,   663,   672,   677,   681,
      717,   739,   776,   787,   792,   794,   799,   810,   849,   854,   899,   915,   918,   923,
};

static const uint8_t sarabun_18_italicKernSparseCols[] = {
      9,  11,  14,  17,  20,  24,  26,  31,  32,  48,  52,  56,   3,   6,   7,   8,
      9,  10,  11,  12,  14,  15,  16,  17,  18,  20,  24,  26,  30,  31,  34,  37,
     38,  40,  41,  43,  44,  45,  48,  50,  51,  52,  56,  58,  60,  62,  63,  66,
     67,   2,  11,  13,  14,  36,  41,   2,  11,  14,  36,  41,  55,  62,   0,   1,
      2,   5,  36,  55,  68,  15,  16,  17,  18,  20,  26,  34,  43,  44,  45,  51,
     52,   3,   4,   6,   7,   9,  10,  11,  12,  14,  15,  16,  17,  18,  20,  24,
     26,  29,  31,  32,  34,  37,  38,  40,  41,  43,  44,  45,  48,  51,  52,  53,
     56,  60,  62,  63,  66,  67,   2,  11,  12,  13,  14,  36,  41,  55,  62,   0,
      1,   2,   5,  11,  13,  14,  15,  16,  17,  20,  24,  26,  28,  36,  41,  43,
     44,  48,  52,  55,  56,  59,  68,   2,  11,  14,  36,  41,   0,   1,   2,   3,
     15,  16,  17,  18,  20,  22,  23,  24,  26,  28,  30,  31,  32,  33,  34,  35,
     36,  37,  43,  44,  45,  47,  48,  50,  51,  52,  54,  55,  56,  57,  59,  63,
     64,   0,   1,   2,  36,   0,   1,   2,   3,   4,   5,   6,   7,   8,  15,  16,
     17,  18,  20,  21,  22,  23,  24,  25,  26,  28,  30,  31,  33,  34,  36,  37,
     38,  39,  42,  43,  44,  45,  46,  47,  48,  49,  50,  51,  52,  53,  54,  55,
     56,  57,  58,  59,  61,  63,  64,  65,  68,   0,   1,   2,   6,   7,  15,  16,
     17,  18,  20,  24,  26,  36,  38,  43,  44,  45,  48,  52,  56,   3,   4,   6,
      7,  15,  16,  17,  18,  20,  24,  26,  30,  31,  34,  37,  38,  39,  43,  44,
     45,  46,  48,  49,  50,  51,  52,  53,  56,  61,  63,  65,   0,   1,   2,   3,
      4,   5,   6,   7,   8,  15,  16,  17,  18,  20,  22,  23,  24,  26,  28,  30,
     31,  33,  34,  36,  37,  38,  43,  44,  45,  47,  48,  50,  51,  52,  53,  54,
     55,  56,  57,  58,  59,  61,  63,  64,  16,  17,  18,  20,  24,  26,  44,  45,
     48,  52,  56,  11,  14,  41,  62,  63,   0,   1,  11,  14,  34,  41,  51,  62,
     11,  14,  41,  62,   0,   1,   2,  11,  13,  14,  28,  31,  34,  36,  41,  51,
     54,  59,  62,  63,   0,   1,  15,  16,  17,  18,  20,  24,  26,  43,  44,  45,
     46,  48,  49,  52,  54,  56,  68,  11,  14,  41,   9,  11,  14,  15,  16,  17,
     18,  20,  24,  26,  34,  41,  43,  44,  45,  48,  51,  52,  56,  60,  62,  16,
     17,  18,  20,  24,  26,  28,  31,  32,  34,  44,  45,  48,  51,  52,  56,  59,
      9,  11,  14,  41,  60,  62,   0,   1,   2,   9,  11,  14,  31,  34,  36,  41,
     51,  60,  62,   0,   1,   9,  11,  12,  13,  31,  34,  51,  60,  62,   0,   1,
     24,  48,  56,   1,   9,  11,  13,  14,  18,  41,  45,  60,  62,  24,  48,  56,
      9,  11,  14,  41,  60,  62,   0,   1,   2,   9,  11,  13,  14,  15,  16,  17,
     18,  20,  24,  26,  36,  41,  43,  44,  45,  46,  48,  52,  55,  56,  60,  62,
     68,   9,  11,  14,  17,  20,  26,  41,  46,  52,  60,  62,   0,   1,   2,   9,
     13,  14,  15,  17,  18,  20,  24,  26,  36,  41,  43,  45,  48,  52,  55,  56,
     60,  62,   9,  11,  14,  41,  60,  62,   3,   6,   7,   8,   9,  10,  11,  12,
     14,  15,  16,  17,  18,  20,  24,  26,  30,  31,  32,  34,  37,  38,  40,  41,
     43,  44,  45,  48,  50,  51,  52,  56,  58,  60,  62,  63,  66,  67,   2,   5,
     11,  12,  14,   2,   5,  11,  12,  13,  14,  36,  41,  55,  62,   2,   5,  11,
     12,  13,  14,   0,   1,   2,  11,  12,  13,  14,  20,  28,  31,  32,  34,  36,
     41,  51,  54,  59,  62,  63,  11,  12,  14,  41,  62,   9,  11,  12,  14,  41,
     60,  62,   0,   1,  31,  34,  51,   2,   5,  11,  12,  14,  36,  41,  55,  62,
     11,  12,  14,  41,  62,   2,   5,  36,  55,   3,   4,   6,   7,   8,  11,  12,
     14,  15,  16,  17,  18,  20,  24,  26,  29,  30,  31,  32,  34,  37,  38,  41,
     43,  44,  45,  48,  50,  51,  52,  53,  56,  58,  61,  62,  63,   9,  11,  12,
     14,  15,  16,  17,  18,  20,  24,  26,  34,  41,  43,  44,  45,  48,  51,  52,
     56,  60,  62,   3,   4,   6,   7,   9,  10,  11,  12,  14,  15,  16,  17,  18,
     20,  24,  26,  29,  31,  32,  34,  37,  38,  40,  41,  43,  44,  45,  48,  51,
     52,  53,  56,  60,  62,  63,  66,  67,   3,   4,   6,   9,  11,  12,  14,  31,
     32,  34,  66,  11,  12,  14,  41,  62,  18,  45,   2,  11,  14,  36,  41,   1,
      9,  11,  12,  13,  14,  18,  41,  45,  60,  62,   0,   1,   2,   3,   5,  15,
     16,  17,  18,  20,  22,  23,  24,  26,  27,  28,  30,  31,  32,  33,  34,  35,
     36,  37,  43,  44,  45,  47,  48,  50,  51,  52,  54,  55,  56,  57,  59,  63,
     64,  11,  12,  14,  41,  62,   0,   2,   3,   4,   5,   6,   7,  15,  16,  17,
     18,  19,  20,  21,  22,  23,  24,  26,  28,  29,  30,  31,  32,  33,  34,  35,
     36,  37,  38,  43,  44,  45,  47,  48,  50,  51,  52,  53,  54,  55,  56,  59,
     61,  63,  64,   2,   9,  14,  15,  17,  18,  20,  26,  36,  41,  43,  45,  52,
     55,  60,  62,   2,   5,  36,   9,  11,  14,  31,  32,
};

static const int8_t sarabun_18_italicKernSparseValues[] = {
     -60,  -60,  -60,  -18,  -18,  -18,  -18,  -36,  -36,  -18,  -18,  -18,  -18,  -18,  -18,  -24,
     -36,  -36,  -30,  -18,  -36,  -18,  -18,  -18,  -18,  -18,  -18,  -18,  -24,  -24,  -24,  -18,
     -18,  -36,  -36,  -18,  -18,  -18,  -18,  -24,  -24,  -18,  -18,  -24,  -36,  -60,  -48,  -48,
     -78,  -12,  -18,  -24,  -24,  -12,  -24,  -24,  -36,  -30,  -24,  -30,  -30,  -36,  -60,  -60,
     -60,  -54, -108,  -60,  -60,  -18,  -12,  -12,  -12,  -12,  -12,  -24,  -18,  -12,  -12,  -24,
     -12,  -18,  -18,  -30,  -30,  -66,  -18,  -60,  -48,  -60,  -12,  -12,  -12,  -12,  -12,  -12,
     -12,  -18,  -36,  -24,  -48,  -18,  -30,  -18,  -60,  -12,  -12,  -12,  -12,  -48,  -12,  -18,
     -12,  -66,  -48,  -48,  -84,  -48,  -18,  -18,   -6,  -24,  -24,  -18,  -24,  -24,  -24,  -60,
     -60,  -48,  -60,  -18,  -36,  -18,  -18,  -18,  -18,  -18,  -18,  -18,  -12,  -96,  -36,  -18,
     -18,  -18,  -18,  -72,  -18,  -12,  -60,  -18,  -18,  -18,  -18,  -18,  -60,  -60,  -36,  -24,
     -48,  -36,  -48,  -48,  -48,  -36,  -36,  -48,  -48,  -42,  -36,  -36,  -24,  -30,  -24,  -30,
     -36,  -24,  -48,  -36,  -48,  -36,  -48,  -36,  -24,  -48,  -36,  -36,  -48,  -24,  -42,  -24,
     -12,  -24,  -24,  -36,  -36,  -60,  -60,  -30,  -24,  -24,  -42,  -18,  -18,  -18,  -48,  -48,
     -48,  -48,  -48,  -48,  -30,  -30,  -36,  -30,  -48,  -30,  -30,  -36,  -30,  -30, -120,  -48,
     -48,  -30,  -24,  -96,  -96,  -96,  -48,  -60,  -72,  -36,  -60,  -60,  -96,  -60,  -96,  -72,
     -36,  -60,  -36,  -60,  -60,  -60,  -48,  -30,  -60,  -48,  -48,  -18,   -6,   -6,  -12,  -12,
     -12,  -12,  -12,  -12,  -12,  -18,   -6,  -12,  -12,  -12,  -12,  -12,  -12,  -24,  -18,  -24,
     -24,  -30,  -18,  -18,  -24,  -18,  -18,  -18,  -18,  -30,  -42,  -48,  -48,  -24,  -60,  -48,
     -54,  -30,  -54,  -36,  -36,  -84,  -48,  -42,  -18,  -36,  -60,  -18,  -60,  -60,  -36,  -30,
     -36,  -42,  -24,  -24,  -18,  -36,  -36,  -36,  -36,  -36,  -36,  -36,  -36,  -36,  -36,  -36,
     -36,  -48,  -36,  -36,  -30,  -24,  -36,  -36,  -36,  -36,  -36,  -36,  -36,  -36,  -36,  -48,
     -48,  -36,  -36,  -18,  -36,  -36,  -48,  -30,  -12,  -12,  -12,  -12,  -12,  -12,  -12,  -12,
     -12,  -12,  -12,  -36,  -48,  -48,  -36,  -36,  -18,  -18,  -48,  -48,  -12,  -48,  -36,  -36,
     -24,  -36,  -36,  -24,  -18,  -18,  -24,  -48,  -30,  -48,   12,  -18,  -12,  -24,  -48,  -12,
      12,   12,  -36,  -12,  -36,  -36,  -24,  -24,  -24,  -18,  -24,  -24,  -24,  -48,  -48,  -42,
     -24,  -48,  -24,  -48,  -48,  -24,  -36,  -24,  -36,  -72,  -36,  -54,  -36,  -24,  -24,  -24,
     -12,  -24,  -12,  -24,  -18,  -36,  -24,  -24,  -12,  -12,  -18,  -24,  -12,  -36,  -42,  -12,
     -12,  -18,  -12,  -18,  -12,  -12,  -18,  -12,  -18,  -12,  -18,  -18,  -18,  -12,  -18,  -12,
     -36,  -42,  -48,  -48,  -36,  -42,  -18,  -18,  -24,  -36,  -36,  -42,   -6,   -6,  -24,  -42,
      -6,  -36,  -36,  -18,  -18,  -36,  -36,  -36,  -30,  -12,   -6,   -6,  -36,  -36,  -36,  -36,
      -6,   -6,   -6,  -18,  -36,  -30,  -24,  -36,   12,  -36,   12,  -36,  -24,  -18,  -18,  -18,
     -48,  -30,  -36,  -72,  -96,  -60,  -36,  -36,  -60,  -24,  -36,  -30,  -36,  -18,  -18,  -12,
     -12,  -12,   -6,  -12, -120,  -72,  -42,  -42,  -30,  -24,   -6,  -36,  -96,   -6,  -48,  -60,
     -36,  -24,  -30,  -48,  -18,  -18,  -18,  -96,  -24,  -42,  -48,  -60,  -24,  -24,  -48,  -24,
     -36,  -36,  -18,   -6,   -6,   -6,   -6,   -6,  -48,  -36,  -18,   -6,   -6,   -6,  -48,   -6,
     -24,  -30,  -12,  -24,  -24,  -48,  -24,  -48,  -54,  -48,  -18,  -48,  -96,  -72, -120,  -78,
    -108,  -42,  -42,  -42,  -42,  -18,  -42,  -18,  -48,  -84,  -48,  -72,  -18,  -18,  -36,  -36,
     -18,  -18,  -18,  -18,  -24,  -24,  -18,  -18,  -24,  -36,  -60,  -48,  -96,  -78,  -24,  -30,
     -36,  -36,  -30,  -48,  -24,  -48,  -30,  -48,  -54,  -18,  -24,  -24,  -24,  -30,  -24,  -30,
     -24,  -24,  -30,  -18,  -18,  -24,  -96,  -36,  -60,  -96,   12,   24,  -36,  -12,  -30,  -24,
     -48,  -12,   12,   12,  -36,  -12,  -48,  -24,  -72,  -36,  -24,  -72,  -84,  -42,  -96,  -48,
     -36,  -42,  -18,  -18,  -12,   -6,   -6,  -48,  -30,  -72,  -36,  -60,  -24,  -30,  -30,  -36,
     -96,  -36,  -96,  -48,  -36,  -72,  -24,  -36,  -24,  -60,  -60,  -60,  -30,  -48,  -60,  -30,
     -60,  -48,  -72,  -72,  -72,  -36,  -72,  -36,  -36,  -48, -120,  -60, -120,  -30,  -30,  -30,
     -24,  -36,  -36,  -36,  -24,  -60,  -36,  -30,  -36,  -24,  -36,  -30,  -60,  -72, -108,  -42,
     -72,  -48,  -48,  -48,  -36,  -24,  -36,  -24,  -36,  -36,  -24,  -24,  -12,  -12,  -18,  -24,
     -12,  -36,  -42,  -36,  -36,  -48,  -30, -128,  -18, -120,  -96, -120,  -12,  -12,  -12,  -12,
     -12,  -12,  -12,  -18,  -96,  -72,  -96,  -18,  -30,  -18,  -60,  -12,  -12,  -12,  -12,  -48,
     -12,  -18,  -12,  -66,  -48,  -48,  -84,  -48,  -18,  -18,  -18,  -66,  -60,  -48,  -60,  -60,
     -48,  -48,  -36,  -72,  -24,  -72,  -36,  -24,  -24,  -24,  -42,  -36,  -36,  -18,  -18,  -18,
     -72,  -60,  -24,  -48,  -72,   24,  -36,   12,  -36,  -24,  -60,  -60,  -96,  -48,  -36,  -84,
     -72,  -84,  -84,  -84,  -72,  -36,  -84,  -48,  -24,  -78,  -72,  -60,  -48,  -54,  -48,  -42,
     -36,  -24,  -48,  -36,  -48,  -36,  -48,  -36,  -24,  -48,  -36,  -36,  -48,  -24,  -42,  -24,
     -12,  -72,  -36,  -96,  -48,  -36,  -60, -120,  -48,  -48,  -36,  -48,  -24,  -72,  -72,  -72,
     -72,  -24,  -72,  -24,  -48,  -24,  -72,  -36,  -48,  -24,  -60,  -60,  -30,  -60,  -60,  -24,
     -60,  -24,  -24,  -36,  -36,  -36,  -24,  -36,  -30,  -30,  -36,  -24,  -36,  -36,  -36,  -24,
     -24,  -30,  -24,  -48,  -24,  -48,  -24,  -24,  -12,  -24,  -24,  -48,  -48,  -24,  -12,  -24,
     -42,  -24,  -30,  -30,  -48,  -30,  -60,  -60,  -60,  -36,  -36,
};

static const EpdLigaturePair sarabun_18_italicLigaturePairs[] = {
    { 0x00660069, 0xFB01 }, // f i -> U+FB01
    { 0x0066006C, 0xFB02 }, // f l -> U+FB02
};

static const EpdFontData sarabun_18_italic = {
    sarabun_18_italicBitmaps,
    sarabun_18_italicGlyphs,
    sarabun_18_italicIntervals,
    56,
    49,
    41,
    -9,
    true,
    sarabun_18_italicGroups,
    13,
    nullptr,
    nullptr,  // kernLeftClasses: built-in fonts use the split arrays below
    nullptr,  // kernRightClasses
    sarabun_18_italicKernLeftCodepoints,
    sarabun_18_italicKernLeftClassIds,
    sarabun_18_italicKernRightCodepoints,
    sarabun_18_italicKernRightClassIds,
    nullptr,  // kernMatrix: built-in fonts use the sparse form below
    sarabun_18_italicKernRowOffsets,
    sarabun_18_italicKernSparseCols,
    sarabun_18_italicKernSparseValues,
    238,
    275,
    61,
    69,
    sarabun_18_italicLigaturePairs,
    2,
};
