/**
 * generated by fontconvert.py
 * name: sarabun_14_bolditalic
 * size: 14
 * mode: 2-bit  compressed: true
 * Command used: fontconvert.py sarabun_14_bolditalic 14 ../builtinFonts/source/Sarabun/Sarabun-BoldItalic.ttf --2bit --compress --pnum --zopfli --additional-intervals 0x0E00,0x0E7F
 */
#pragma once
#include "EpdFontData.h"

static const uint8_t sarabun_14_bolditalicBitmaps[20680] = {
    0xAD, 0x99, 0x3D, 0xCC, 0xE5, 0x56, 0x5A, 0xC7, 0xCF, 0xB5, 0x51, 0x2C, 0xAD, 0x05, 0xDE, 0x72,
    0x05, 0x8A, 0x4C, 0x41, 0xC5, 0x87, 0xDC, 0x50, 0x73, 0x3C, 0x9B, 0x82, 0x22, 0x45, 0xE8, 0x1B,
    0xFA, 0x6A, 0xFA, 0x82, 0xD8, 0x24, 0x25, 0x05, 0xE9, 0x1B, 0x5A, 0xE8, 0x1B, 0x84, 0x44, 0xEC,
    0x10, 0x89, 0x2D, 0x63, 0xB1, 0x25, 0x45, 0x4C, 0x36, 0x12, 0x12, 0x29, 0xE6, 0x6C, 0xD6, 0xBB,
    0xF1, 0xB0, 0xB6, 0x1F, 0xFE, 0xBF, 0x63, 0x9F, 0x19, 0xEB, 0xD5, 0x4C, 0xD8, 0x62, 0xDF, 0x39,
    0xCF, 0xFF, 0xDE, 0xF7, 0xDE, 0x73, 0x9E, 0xEF, 0x8F, 0xF3, 0x7A, 0x9C, 0xB9, 0x87, 0xB9, 0x4C,
    0xEB, 0x70, 0xF9, 0xEE, 0xF2, 0x8D, 0x55, 0xAC, 0xAC, 0x72, 0x71, 0x65, 0x70, 0x95, 0xD6, 0xEC,
    0xAA, 0xC9, 0x9D, 0x3F, 0x75, 0xEF, 0xBA, 0xC9, 0xD9, 0xEC, 0x6C, 0x74, 0xBE, 0x75, 0xCD, 0xE7,
    0x9B, 0x67, 0xAD, 0xFE, 0xE3, 0xC5, 0xFF, 0x65, 0xE8, 0x8A, 0xD0, 0x95, 0x61, 0x28, 0x67, 0xF7,
    0x38, 0xC4, 0xD9, 0x65, 0x3B, 0x98, 0x6F, 0x8F, 0x03, 0xD4, 0x6F, 0xE2, 0x2B, 0xFE, 0x62, 0x9D,
    0xAF, 0x2E, 0x37, 0xFD, 0xF4, 0x11, 0x5B, 0x50, 0x3B, 0xFD, 0x58, 0xCF, 0x60, 0x23, 0x71, 0x5D,
    0xEF, 0x47, 0xE7, 0x86, 0xD6, 0xF7, 0xAE, 0x31, 0xB3, 0xCD, 0x79, 0xE1, 0x1A, 0x71, 0x81, 0xE5,
    0x8D, 0x19, 0x58, 0x85, 0x62, 0x05, 0xCB, 0x80, 0x9A, 0xBE, 0x05, 0x44, 0x85, 0x36, 0xEB, 0x8C,
    0xE4, 0x23, 0x26, 0xB3, 0xF6, 0x53, 0xCC, 0xFC, 0x23, 0xAC, 0x94, 0x4A, 0x07, 0x60, 0x12, 0x93,
    0x89, 0x33, 0x5B, 0x74, 0xAC, 0xB1, 0xF9, 0x3A, 0xE6, 0x06, 0x36, 0xD5, 0x40, 0xB1, 0xB9, 0xDF,
    0x01, 0x6A, 0x57, 0xAE, 0x6E, 0x98, 0x9A, 0xE0, 0x3A, 0xB3, 0xC9, 0xD5, 0x9C, 0xC8, 0xEC, 0xEB,
    0x4B, 0x18, 0x80, 0xE2, 0xAE, 0x92, 0x86, 0x16, 0x5C, 0x23, 0xC7, 0x89, 0x71, 0x37, 0xE2, 0xA7,
    0x07, 0xF6, 0x3D, 0xDB, 0x24, 0xDD, 0x75, 0xD9, 0x56, 0x49, 0xDE, 0x90, 0x6D, 0xCD, 0xAC, 0x97,
    0x7C, 0xD1, 0x0E, 0xD7, 0x7D, 0x10, 0x0C, 0x16, 0xF6, 0xD3, 0x5D, 0x32, 0x6A, 0x7B, 0x7F, 0xF5,
    0xE6, 0xDE, 0xF9, 0xBA, 0x0E, 0x51, 0x2B, 0xFF, 0x6F, 0x1B, 0xEE, 0xB0, 0xF7, 0x96, 0x66, 0x54,
    0xAC, 0x8A, 0xA0, 0x97, 0x62, 0x2B, 0x83, 0xEF, 0xA3, 0xCD, 0xB2, 0xD7, 0x4F, 0xF2, 0xBC, 0x76,
    0xF4, 0x85, 0xED, 0x44, 0x33, 0xB3, 0x05, 0x8D, 0xDD, 0xD0, 0xA3, 0xD3, 0x8C, 0xA1, 0xB8, 0x09,
    0x57, 0x34, 0x53, 0xF4, 0x35, 0xD0, 0x1F, 0x82, 0xCF, 0x77, 0xC1, 0x7F, 0xAE, 0x97, 0xED, 0x3E,
    0xDA, 0x84, 0x63, 0xB5, 0x77, 0xAF, 0x7F, 0x69, 0x1F, 0x6D, 0x7E, 0x1E, 0x7E, 0xBA, 0xFA, 0xD1,
    0x5B, 0xE8, 0xC6, 0xCA, 0xE6, 0x6E, 0x92, 0xD3, 0xFC, 0x52, 0xD8, 0xD4, 0x10, 0x8D, 0xD2, 0xEC,
    0xC5, 0xEC, 0x86, 0x97, 0x59, 0xDB, 0x8C, 0x9E, 0x7F, 0xBD, 0x6F, 0x3B, 0xD7, 0xB9, 0x41, 0x32,
    0x65, 0xC9, 0x2C, 0x51, 0x4E, 0x09, 0x46, 0x76, 0x91, 0x54, 0x55, 0xE0, 0xB3, 0x66, 0xD2, 0xC7,
    0x5A, 0xB8, 0x6B, 0x38, 0x57, 0x1B, 0x57, 0xCF, 0x27, 0xE7, 0x57, 0xF5, 0xA4, 0xCD, 0xF0, 0x70,
    0x9D, 0x52, 0x6D, 0xE4, 0x17, 0x2D, 0xB1, 0x20, 0x41, 0xC9, 0xD4, 0x6B, 0x15, 0x5A, 0x2B, 0x91,
    0xA9, 0x12, 0x77, 0x0F, 0x77, 0xD8, 0x59, 0xFC, 0x7E, 0xD1, 0x67, 0xF0, 0x88, 0x3F, 0xFF, 0xFC,
    0x67, 0xEE, 0xB1, 0x75, 0xCE, 0xFD, 0xAB, 0xF8, 0xFA, 0x99, 0xE4, 0x1A, 0xFD, 0x45, 0x84, 0xEA,
    0xF1, 0xDD, 0xEC, 0x8A, 0x9F, 0x29, 0xF7, 0x3F, 0x23, 0x93, 0x38, 0xF3, 0x8F, 0xCA, 0x8F, 0x0D,
    0xC2, 0x9E, 0x8B, 0x94, 0x1E, 0x45, 0x4C, 0x02, 0x1B, 0xCC, 0x0E, 0xD1, 0x1E, 0x6B, 0xA4, 0x86,
    0x14, 0xA7, 0x46, 0xE4, 0xA1, 0xDE, 0x65, 0xA1, 0xDA, 0x6A, 0xFD, 0xAB, 0xD6, 0x3C, 0x94, 0x73,
    0x3D, 0x7A, 0xF7, 0xA7, 0x31, 0xCC, 0x93, 0x56, 0x67, 0x63, 0x39, 0x36, 0xC1, 0x07, 0x3F, 0xD5,
    0x84, 0x89, 0xA4, 0x8E, 0xFC, 0x31, 0x23, 0x72, 0x83, 0x85, 0xC0, 0x7E, 0xEB, 0x5F, 0xFE, 0x7E,
    0xF4, 0xC6, 0xC3, 0xB4, 0xA7, 0x26, 0xD9, 0x3B, 0x22, 0x6E, 0x3F, 0x36, 0xCA, 0xC3, 0x70, 0xE7,
    0xD0, 0xCA, 0x9B, 0x43, 0x5F, 0x05, 0x41, 0x3D, 0x0B, 0x1A, 0x41, 0x2B, 0xC7, 0x5A, 0x1B, 0xE3,
    0x79, 0xC1, 0xE3, 0x10, 0xE4, 0x3B, 0xB0, 0x29, 0xA8, 0x3A, 0x53, 0x07, 0xED, 0x2C, 0xF1, 0x66,
    0x66, 0xC7, 0x95, 0x7B, 0xF2, 0x38, 0x85, 0x34, 0x6C, 0x85, 0xAD, 0xA5, 0x32, 0xE6, 0xCB, 0xE5,
    0x77, 0xCF, 0x60, 0xD6, 0xB1, 0x4A, 0x48, 0x86, 0x57, 0xF9, 0x30, 0x5E, 0xC9, 0x60, 0x6D, 0x67,
    0xFB, 0x60, 0x1B, 0xB5, 0xFF, 0x8E, 0x7D, 0x82, 0x8A, 0xAB, 0x58, 0x1A, 0x8D, 0x2A, 0x93, 0x59,
    0xB3, 0x13, 0xB4, 0x02, 0xCC, 0x48, 0xD5, 0x5C, 0x6C, 0x58, 0x89, 0xA9, 0x3E, 0x08, 0x86, 0x89,
    0xDA, 0x96, 0xA9, 0x25, 0x5F, 0x36, 0x7C, 0x7E, 0x96, 0x37, 0x85, 0xBE, 0xB3, 0x8B, 0x6E, 0xD2,
    0x01, 0x8A, 0x61, 0x70, 0x49, 0xD0, 0x76, 0x0A, 0x7A, 0xAC, 0x08, 0xFA, 0xE4, 0xB5, 0x8C, 0x0C,
    0x36, 0xE5, 0x2A, 0x82, 0x4D, 0x05, 0x9B, 0x9A, 0x77, 0xB0, 0xBE, 0x84, 0xE7, 0x09, 0xF8, 0xF5,
    0xF7, 0xD8, 0xDC, 0xF4, 0x67, 0xBF, 0x18, 0xE9, 0x17, 0x62, 0x44, 0xBF, 0x40, 0xB7, 0x91, 0xF7,
    0x82, 0x82, 0x20, 0x54, 0x40, 0x03, 0xC3, 0x21, 0xEE, 0x11, 0xE4, 0xBB, 0xA0, 0xFC, 0x39, 0x05,
    0xFB, 0x1F, 0x82, 0x8E, 0x32, 0x35, 0x32, 0x7E, 0x17, 0x94, 0x2B, 0xED, 0x88, 0xA6, 0x47, 0x0D,
    0xF6, 0x3E, 0x41, 0x9B, 0x82, 0x0C, 0xD0, 0x5E, 0xCE, 0xBC, 0x06, 0x06, 0xBE, 0xC5, 0x8A, 0x08,
    0xF4, 0x64, 0x8A, 0x12, 0x39, 0x72, 0x78, 0x8E, 0xF9, 0x85, 0x19, 0x9C, 0x4B, 0x25, 0xF3, 0x9C,
    0xF3, 0xD5, 0x13, 0x90, 0xC8, 0x77, 0x29, 0x32, 0x55, 0xF8, 0x65, 0x51, 0x43, 0x88, 0x1F, 0xB8,
    0x20, 0xFD, 0x3C, 0x17, 0x95, 0x26, 0xE8, 0x30, 0x01, 0x5B, 0xAB, 0x23, 0x85, 0xE3, 0x6C, 0xB5,
    0xFF, 0xE2, 0x90, 0x46, 0x6F, 0x34, 0x95, 0xEC, 0x5E, 0x2A, 0x6F, 0x16, 0x32, 0x68, 0x06, 0xA6,
    0x4C, 0x90, 0x12, 0x8A, 0xA6, 0xB6, 0x92, 0x50, 0x81, 0xCD, 0x13, 0xC7, 0x60, 0x2C, 0x9E, 0x84,
    0x8C, 0x88, 0x41, 0x84, 0x39, 0x46, 0xB9, 0x38, 0x24, 0x4C, 0x9E, 0xD7, 0x76, 0x9D, 0x3C, 0x3D,
    0x1C, 0x9B, 0x19, 0xEA, 0xA3, 0x7D, 0x8C, 0x9D, 0x0C, 0x10, 0x85, 0xCB, 0x3B, 0x93, 0x68, 0x84,
    0xF0, 0x06, 0xC1, 0x6F, 0x6C, 0x23, 0x06, 0xCC, 0xC5, 0x67, 0x67, 0x35, 0xB4, 0x52, 0xC4, 0x18,
    0x39, 0x82, 0x23, 0xDF, 0x09, 0xCE, 0xCA, 0x16, 0x84, 0x5A, 0x10, 0x4B, 0xC9, 0x6C, 0x66, 0xB4,
    0x45, 0xEF, 0xEE, 0x82, 0x4D, 0x20, 0x89, 0x7E, 0xAE, 0x17, 0x42, 0x44, 0x49, 0xC4, 0xE8, 0x12,
    0xFC, 0xF2, 0x68, 0x75, 0x7E, 0xCE, 0xC5, 0xA8, 0xDC, 0x8A, 0xAD, 0x0A, 0xF9, 0xDE, 0xCC, 0xD9,
    0xE1, 0xA7, 0x1C, 0xDA, 0x65, 0xF5, 0xDE, 0x84, 0x66, 0xC3, 0x41, 0xC5, 0x99, 0x9B, 0x21, 0x3A,
    0x2F, 0x17, 0x87, 0x7A, 0x8F, 0xAD, 0xBD, 0x23, 0xAA, 0xCC, 0x12, 0xA9, 0xFC, 0x43, 0xFC, 0xBE,
    0xE6, 0x47, 0x71, 0x14, 0x5B, 0xB6, 0xBC, 0x0E, 0x45, 0x39, 0xFA, 0xD4, 0x5B, 0xFE, 0x82, 0xC9,
    0xF0, 0x60, 0xA9, 0xF1, 0xB9, 0x27, 0x3F, 0xD9, 0x8C, 0xDB, 0x6A, 0x16, 0xB5, 0x93, 0xCB, 0xA6,
    0x99, 0x36, 0xD6, 0x39, 0x7A, 0xD5, 0xED, 0xE7, 0x31, 0x0A, 0xEA, 0x31, 0xF5, 0x8D, 0x03, 0x97,
    0xCD, 0x54, 0x12, 0x6F, 0xA6, 0x54, 0x52, 0xB3, 0x80, 0x77, 0x24, 0xB6, 0xB0, 0x5B, 0x63, 0x46,
    0xB4, 0xC2, 0x21, 0x66, 0xE6, 0x0A, 0xA7, 0xA8, 0xE6, 0x1F, 0xE2, 0x14, 0x1B, 0x2B, 0x80, 0x77,
    0xFD, 0x13, 0xC5, 0x48, 0x6D, 0xE7, 0x2F, 0x38, 0x2E, 0x65, 0x61, 0x94, 0x2F, 0xC0, 0x01, 0x23,
    0x4B, 0xE2, 0x98, 0xE4, 0x49, 0x5C, 0x81, 0xB8, 0xA4, 0x24, 0x7B, 0x6E, 0x6F, 0x9A, 0x23, 0x29,
    0xF9, 0x37, 0xF0, 0xFB, 0x2B, 0xE0, 0xA1, 0xB0, 0x54, 0x76, 0x20, 0xA6, 0xF5, 0xAD, 0xF5, 0x3F,
    0xA2, 0x07, 0xD1, 0x84, 0xAE, 0x5B, 0x0C, 0x79, 0xC3, 0x0C, 0x61, 0x36, 0x9D, 0x97, 0x99, 0x57,
    0x33, 0x20, 0xFE, 0xE4, 0xF3, 0x99, 0x56, 0x35, 0x14, 0xB4, 0x7D, 0xE2, 0xD3, 0x1F, 0x90, 0x4F,
    0xCA, 0x16, 0xCE, 0x47, 0xEB, 0xFC, 0xD7, 0xF1, 0xF6, 0xA4, 0x0A, 0x0B, 0xF9, 0x3A, 0x58, 0xBE,
    0x14, 0x3F, 0x7F, 0xD9, 0x3C, 0x5B, 0xAB, 0xB1, 0xAF, 0xFA, 0x55, 0x51, 0x12, 0x7A, 0x9A, 0xC0,
    0xE2, 0x75, 0xEA, 0xD9, 0xF2, 0x61, 0x31, 0xD7, 0x59, 0xF8, 0xB0, 0x1A, 0xEB, 0x7C, 0xFE, 0xB0,
    0xEA, 0x7D, 0x35, 0xEA, 0xBD, 0x75, 0x6D, 0x57, 0xD8, 0x8B, 0x5D, 0x97, 0x89, 0x43, 0x61, 0x6A,
    0xB0, 0x99, 0xA8, 0xFD, 0x08, 0xAB, 0xC9, 0x5D, 0x67, 0xB6, 0x0A, 0xFF, 0xE0, 0x68, 0x85, 0x74,
    0x72, 0xBE, 0x4E, 0x17, 0x19, 0x0F, 0x74, 0x80, 0x11, 0xB4, 0x23, 0xDA, 0x72, 0x60, 0x9F, 0x51,
    0x14, 0x03, 0x55, 0x21, 0xF0, 0x63, 0xC7, 0x28, 0xEE, 0x7A, 0x7A, 0x7C, 0x9F, 0x11, 0x9F, 0x1C,
    0x38, 0xC3, 0x15, 0xD4, 0xB0, 0x9B, 0x59, 0xFE, 0xF0, 0x93, 0x60, 0x18, 0x31, 0xD9, 0xA8, 0x74,
    0x22, 0x05, 0x90, 0x66, 0x43, 0x1C, 0x0D, 0x53, 0x96, 0xE6, 0x03, 0x30, 0xF4, 0xBA, 0x05, 0x1A,
    0x7A, 0xAE, 0x78, 0x64, 0x01, 0x0E, 0x39, 0x2E, 0x33, 0x81, 0xB3, 0x96, 0x61, 0xD3, 0xC2, 0xAC,
    0x6D, 0xC2, 0xC3, 0x28, 0xAA, 0x18, 0x92, 0x0D, 0x08, 0x82, 0x83, 0xA8, 0x0E, 0x84, 0x42, 0x32,
    0x28, 0xD2, 0x39, 0x33, 0x0D, 0xA7, 0x62, 0x77, 0x39, 0xD3, 0xEA, 0xAC, 0x7C, 0x09, 0x05, 0x62,
    0x2E, 0x00, 0x43, 0x9F, 0xC0, 0xDA, 0x04, 0xFC, 0xCA, 0xB7, 0x71, 0xF3, 0x9F, 0xAB, 0xFF, 0x3C,
    0x76, 0x3A, 0x4C, 0x6C, 0xFB, 0x74, 0x06, 0x04, 0x25, 0x8B, 0x5A, 0x60, 0x94, 0x3A, 0x3E, 0xC8,
    0xA2, 0x2A, 0x64, 0xDA, 0x4A, 0xBF, 0x2A, 0x97, 0xD8, 0x86, 0x81, 0xA5, 0xD8, 0xF4, 0x59, 0xB9,
    0x5E, 0x10, 0xE2, 0x14, 0xC4, 0x4D, 0xB3, 0x40, 0xF5, 0x27, 0xB3, 0x46, 0x2C, 0x6A, 0x9B, 0xB9,
    0x88, 0x16, 0xAD, 0xC0, 0x24, 0x78, 0xE9, 0xA2, 0x8C, 0x00, 0xCC, 0xC0, 0xF4, 0x78, 0xDD, 0x9C,
    0x81, 0xD4, 0x7C, 0xD3, 0x4C, 0x21, 0x9B, 0x4A, 0x34, 0x15, 0x20, 0x34, 0x0D, 0xF5, 0x5B, 0xD3,
    0x4F, 0x9D, 0xFF, 0x14, 0x94, 0x60, 0xF9, 0x1E, 0x41, 0x37, 0x19, 0x37, 0x41, 0x07, 0x32, 0x22,
    0xEC, 0x37, 0x19, 0xF7, 0xE9, 0x02, 0x4C, 0x77, 0x8F, 0x47, 0x78, 0x12, 0xA3, 0xF0, 0x24, 0x46,
    0xF5, 0x1B, 0x63, 0xD4, 0xD9, 0x68, 0xFD, 0x20, 0x68, 0x01, 0x92, 0x6F, 0x10, 0xB4, 0x0A, 0x94,
    0xB5, 0xDA, 0x82, 0xF7, 0xC9, 0x12, 0x32, 0x2C, 0x8F, 0xBD, 0xE0, 0xF9, 0xCA, 0x38, 0x64, 0x0F,
    0x35, 0x6A, 0xA0, 0xD6, 0xE3, 0x42, 0x0C, 0xCB, 0x58, 0xD8, 0x95, 0xED, 0xC2, 0xDB, 0x75, 0xD1,
    0x2E, 0xFF, 0xD9, 0x7A, 0xA1, 0xF4, 0x62, 0x85, 0xD7, 0xAB, 0x8E, 0x2B, 0x26, 0xB9, 0x90, 0xE5,
    0xD3, 0x1D, 0x25, 0xAD, 0xBB, 0xA0, 0xD7, 0xFC, 0x0B, 0x71, 0x16, 0xDB, 0xC8, 0xF0, 0xFB, 0xAF,
    0x38, 0x04, 0x18, 0xB7, 0x5F, 0xB4, 0x41, 0x67, 0xBD, 0x96, 0xD0, 0x35, 0xA4, 0x12, 0xD1, 0x7C,
    0x1A, 0xE8, 0x36, 0xB0, 0x86, 0xFE, 0x5D, 0x29, 0xD0, 0xD9, 0x2E, 0x5A, 0x75, 0x75, 0xE9, 0xF1,
    0x43, 0x7E, 0x80, 0x54, 0x3C, 0x3E, 0x43, 0x43, 0x1B, 0xA5, 0x64, 0x6E, 0xC8, 0x2B, 0x91, 0xA2,
    0xD9, 0x82, 0xAC, 0x61, 0x14, 0x1E, 0x94, 0x43, 0x41, 0xA4, 0xC0, 0x31, 0x36, 0xAA, 0x49, 0x12,
    0xED, 0x39, 0x72, 0xF7, 0x38, 0x2A, 0x17, 0x98, 0xD5, 0x41, 0x96, 0x51, 0x91, 0x3B, 0x98, 0x19,
    0x21, 0xC4, 0xEB, 0x1E, 0x5B, 0x2E, 0xA3, 0xF8, 0x9D, 0x30, 0x40, 0x0F, 0xE8, 0x40, 0xE6, 0x13,
    0xFB, 0x44, 0xE5, 0x7D, 0x10, 0x43, 0xD8, 0x27, 0x6A, 0xD2, 0x50, 0x56, 0x7C, 0x2E, 0x5A, 0x9D,
    0x54, 0x43, 0x1A, 0xD3, 0xEF, 0x7C, 0x29, 0x8F, 0x78, 0x6D, 0xAA, 0x78, 0x99, 0xE8, 0xFC, 0x19,
    0x95, 0x24, 0xE7, 0x93, 0xD7, 0xBC, 0x84, 0xC7, 0xF9, 0x92, 0xEB, 0x74, 0x61, 0xA1, 0xF8, 0xF5,
    0xE2, 0x44, 0xD5, 0x97, 0x6A, 0x37, 0xBF, 0x5A, 0xEA, 0x2F, 0x14, 0x94, 0x5F, 0xAE, 0xFE, 0x03,
    0x62, 0xB3, 0x75, 0x75, 0x7C, 0xD9, 0x09, 0x74, 0x38, 0xB6, 0x66, 0xA2, 0xFD, 0x2D, 0x5E, 0x2F,
    0xD3, 0x10, 0x08, 0xD6, 0xD4, 0x4D, 0xBC, 0x8C, 0x6A, 0x88, 0xF1, 0x85, 0x84, 0x44, 0x25, 0xF2,
    0x72, 0x8C, 0xB9, 0x87, 0x17, 0x1E, 0x16, 0x62, 0x32, 0x2C, 0xC2, 0xCC, 0xD6, 0x07, 0x39, 0xBA,
    0x91, 0x15, 0xC7, 0x11, 0x13, 0xC3, 0x84, 0xC5, 0x36, 0xBC, 0x47, 0x6E, 0x74, 0x3F, 0x01, 0xBD,
    0xB0, 0x5A, 0xEA, 0x6F, 0x62, 0xB7, 0xB0, 0x45, 0x58, 0x1A, 0xA9, 0x22, 0xB5, 0x71, 0x2F, 0xA8,
    0x02, 0x8D, 0x59, 0x07, 0xCA, 0xBD, 0x29, 0x79, 0xE2, 0xAC, 0x8A, 0x37, 0x49, 0x8A, 0x6B, 0xCC,
    0x54, 0x1E, 0x84, 0x46, 0x51, 0x5A, 0xC4, 0xB7, 0x99, 0x25, 0xC8, 0x4F, 0xC0, 0x28, 0xC1, 0xDD,
    0x88, 0xDC, 0x5E, 0x60, 0x3D, 0x3D, 0xBE, 0xD5, 0x3E, 0x20, 0x0C, 0xBD, 0xC4, 0x44, 0x93, 0x90,
    0xD0, 0x37, 0x4B, 0x41, 0x71, 0x9D, 0x17, 0x6C, 0x06, 0x39, 0x7D, 0xE9, 0x6A, 0x80, 0xC7, 0x1B,
    0x5A, 0x3A, 0xB7, 0x14, 0x20, 0xDE, 0x79, 0x00, 0x69, 0x60, 0x7D, 0x49, 0x73, 0xA7, 0x2F, 0xC1,
    0x6A, 0x16, 0xBC, 0xFC, 0x0D, 0xDB, 0xC5, 0x53, 0x8B, 0xFC, 0x65, 0x51, 0x48, 0x16, 0xDD, 0x8D,
    0x49, 0x20, 0x3B, 0x92, 0x45, 0xBD, 0x24, 0x0C, 0x32, 0x66, 0x66, 0xBA, 0x8E, 0x7E, 0xC9, 0xAD,
    0xAD, 0xAF, 0x46, 0xB9, 0x30, 0x80, 0xFB, 0x57, 0x17, 0x12, 0x32, 0xB4, 0x33, 0x64, 0x7E, 0xEA,
    0x5C, 0x6A, 0x8A, 0x2E, 0x75, 0xF8, 0x6E, 0xC2, 0xC0, 0x39, 0x3B, 0x48, 0xF4, 0xBB, 0x81, 0xC3,
    0x58, 0x24, 0xDB, 0x00, 0x6C, 0xB3, 0x40, 0xE8, 0x42, 0xEA, 0xF6, 0xDC, 0xF3, 0x67, 0x69, 0xDD,
    0x70, 0x06, 0xF7, 0x70, 0xF0, 0x10, 0x64, 0x96, 0x6E, 0x49, 0xB6, 0x63, 0x20, 0xD9, 0xA2, 0x2B,
    0x98, 0x36, 0xFC, 0xF0, 0x6A, 0xB7, 0x16, 0x61, 0x62, 0x1B, 0xBF, 0x47, 0x75, 0x3D, 0x27, 0x4A,
    0xF4, 0x23, 0x99, 0x75, 0x18, 0x28, 0x01, 0xAE, 0xFD, 0x74, 0x89, 0x6E, 0xAA, 0xEF, 0x4F, 0x21,
    0xA2, 0x0F, 0x3B, 0xEC, 0x18, 0x12, 0xE0, 0x9A, 0xB7, 0x74, 0x6D, 0x20, 0x85, 0xE1, 0x7B, 0x87,
    0xA5, 0xE8, 0xC9, 0x5F, 0x3F, 0xC0, 0xD9, 0xE8, 0xD2, 0x5F, 0x21, 0xE5, 0x35, 0xF9, 0x96, 0xE8,
    0x0B, 0x20, 0xA4, 0xF1, 0x57, 0x5F, 0x57, 0x05, 0xD2, 0x2C, 0x01, 0xC9, 0xDC, 0x0B, 0x86, 0xB3,
    0xAF, 0x03, 0xD7, 0x15, 0x21, 0x94, 0x1B, 0xC6, 0x84, 0xAB, 0x15, 0x0D, 0x2F, 0xD1, 0x4C, 0x9C,
    0x05, 0x75, 0xE0, 0xEC, 0xD4, 0x4C, 0xDA, 0x2F, 0x7E, 0x8A, 0xEF, 0x2C, 0x95, 0xB8, 0x38, 0x03,
    0x9B, 0x40, 0xE2, 0x4B, 0x84, 0x96, 0x8B, 0x36, 0x15, 0x9C, 0xC9, 0xD7, 0xA1, 0x15, 0x18, 0x6D,
    0x6E, 0x8F, 0xDE, 0x05, 0xA2, 0x4B, 0x03, 0x66, 0x4D, 0xC0, 0x08, 0xB4, 0x50, 0xC5, 0x80, 0xE1,
    0xE6, 0xA1, 0xB0, 0x5D, 0x29, 0x48, 0x6D, 0x95, 0xBC, 0x18, 0xD5, 0x65, 0xCF, 0x6C, 0xE1, 0x72,
    0xF2, 0xE3, 0xFF, 0x5D, 0xA4, 0xC2, 0xF0, 0xDE, 0xAF, 0x56, 0xE9, 0x34, 0xBC, 0xFF, 0xED, 0x4A,
    0x3F, 0xFF, 0xE0, 0xAB, 0x55, 0x6E, 0x1B, 0xFE, 0xFA, 0x33, 0xE4, 0x0D, 0xCF, 0xFF, 0x76, 0x3F,
    0xF4, 0xD2, 0x3D, 0x43, 0xF0, 0x60, 0xC4, 0x90, 0xDB, 0xBA, 0xAD, 0xF1, 0xF2, 0x85, 0xF8, 0x6E,
    0x3D, 0x5F, 0x02, 0x7A, 0xF0, 0x82, 0x26, 0xA4, 0x6F, 0x4F, 0x24, 0x50, 0xE9, 0x7C, 0x1D, 0x29,
    0x38, 0xFD, 0xD6, 0x84, 0x62, 0xBF, 0x7A, 0x31, 0xED, 0x43, 0x47, 0x8B, 0x5B, 0x07, 0x7F, 0x9C,
    0xB7, 0x63, 0xDB, 0xC0, 0x21, 0x44, 0x9C, 0x5D, 0xB2, 0x34, 0xB7, 0x98, 0x07, 0x67, 0x22, 0x7D,
    0xB7, 0xC3, 0xF9, 0xAB, 0x23, 0x1A, 0x6F, 0x7C, 0x89, 0xCC, 0x72, 0x47, 0x5A, 0xBD, 0xC6, 0x21,
    0x15, 0x24, 0xED, 0x7C, 0x23, 0x3B, 0xBB, 0x11, 0x9B, 0x35, 0xBA, 0xF3, 0x43, 0x82, 0x4B, 0x02,
    0xCF, 0xE3, 0xAD, 0xDD, 0xCF, 0x4A, 0x85, 0x61, 0x94, 0x08, 0x14, 0x88, 0xF2, 0x07, 0x04, 0xF8,
    0x00, 0xCC, 0x4F, 0x66, 0x3C, 0xF0, 0x96, 0xD4, 0xA2, 0xDD, 0x4B, 0x3A, 0xA5, 0x05, 0x24, 0x16,
    0x67, 0x41, 0x30, 0x97, 0x60, 0x5D, 0xBD, 0xE1, 0x73, 0x73, 0xF7, 0xCF, 0x87, 0x37, 0x7C, 0x4E,
    0xDF, 0xEA, 0x12, 0xB4, 0x14, 0xFE, 0xA0, 0xD8, 0xEE, 0xE9, 0xAA, 0x10, 0x6F, 0x08, 0xFB, 0x9B,
    0x66, 0x77, 0x1A, 0xDC, 0x71, 0xFA, 0xA7, 0xC1, 0x6D, 0x30, 0xE8, 0x0E, 0xDE, 0x37, 0xE7, 0xC3,
    0xA9, 0x59, 0x29, 0xA7, 0x5C, 0x53, 0x92, 0x71, 0x9C, 0xC7, 0x2C, 0x07, 0x9C, 0x99, 0x0B, 0xBE,
    0xBF, 0xF6, 0x55, 0x33, 0xBC, 0xD8, 0x17, 0x37, 0x65, 0xE7, 0xBE, 0x7F, 0x4A, 0x9A, 0xBC, 0x92,
    0xBD, 0xDE, 0x65, 0xB3, 0x6E, 0xB2, 0x59, 0x9D, 0x56, 0x0F, 0x67, 0xD3, 0x8A, 0xA6, 0x60, 0x0D,
    0x56, 0xA6, 0xBB, 0xEC, 0xE5, 0x9A, 0xD9, 0x69, 0xDC, 0x31, 0xBD, 0xFF, 0x5B, 0x50, 0x7F, 0xBE,
    0x68, 0xC7, 0x7B, 0xAB, 0x74, 0x42, 0xF2, 0xF6, 0xD8, 0x50, 0x76, 0x47, 0x9F, 0x83, 0x27, 0x56,
    0x43, 0x64, 0x2D, 0x76, 0x5B, 0x7C, 0xD2, 0xB2, 0xFA, 0xD6, 0xF7, 0xF5, 0x58, 0x4D, 0x85, 0xE4,
    0xAF, 0x9E, 0x66, 0x34, 0x9C, 0xF7, 0xAD, 0x8A, 0xA7, 0x02, 0x35, 0x5D, 0xB1, 0x19, 0xC5, 0xC9,
    0xF7, 0xF9, 0x05, 0x5D, 0x9B, 0xAF, 0x82, 0x62, 0x91, 0x7A, 0xD5, 0x22, 0x76, 0x8D, 0xD2, 0x27,
    0x76, 0x47, 0xFB, 0x26, 0xC8, 0xC3, 0x1F, 0xCC, 0x78, 0x05, 0x92, 0xE1, 0xB7, 0x27, 0x69, 0xD0,
    0xEA, 0xE4, 0xBD, 0xE1, 0x93, 0xE2, 0xD7, 0xB6, 0xD0, 0x5A, 0xAB, 0x3D, 0xDF, 0x65, 0xF8, 0x21,
    0x97, 0x1D, 0xF5, 0x24, 0x1A, 0xDD, 0xD1, 0x8C, 0x8F, 0x9D, 0x16, 0xEC, 0xC7, 0x42, 0x59, 0x5F,
    0x07, 0x3A, 0xDE, 0xD0, 0x59, 0x7B, 0x94, 0xEB, 0x93, 0xBF, 0xA3, 0x73, 0x7D, 0xEB, 0xFA, 0x74,
    0x37, 0xEA, 0x7A, 0x51, 0x7B, 0x51, 0xFF, 0xE0, 0x16, 0xCE, 0x4C, 0xE8, 0x4B, 0x3B, 0xAE, 0xDA,
    0x70, 0xF5, 0x28, 0x68, 0x00, 0x1F, 0xA1, 0x4F, 0xC0, 0x19, 0x37, 0x68, 0xC3, 0x2A, 0xB0, 0xC3,
    0x7E, 0x0B, 0x1E, 0x28, 0x91, 0x6A, 0xAA, 0x64, 0x5B, 0xE8, 0x99, 0xD5, 0x9C, 0x6D, 0xB2, 0x6C,
    0xBB, 0xDF, 0x74, 0x10, 0xED, 0xC7, 0x47, 0xEB, 0xE7, 0x72, 0xAC, 0x65, 0x65, 0x1C, 0x56, 0x74,
    0x75, 0x89, 0x25, 0xDE, 0xE4, 0xCA, 0xE3, 0x78, 0xED, 0x3D, 0xEE, 0x7C, 0x43, 0x24, 0x3A, 0xDF,
    0xED, 0xB6, 0x28, 0x71, 0xF5, 0x04, 0xDD, 0x9F, 0x43, 0x42, 0x97, 0x37, 0xB0, 0xBD, 0x38, 0x2A,
    0x32, 0xFA, 0xC5, 0x18, 0x67, 0x7B, 0x7E, 0xA8, 0xC5, 0x28, 0x03, 0xAD, 0x15, 0xA3, 0x01, 0x0E,
    0x76, 0x02, 0x51, 0x10, 0x3C, 0x4E, 0xC3, 0x69, 0xF2, 0xD7, 0x1F, 0x1E, 0xB8, 0x5C, 0xAC, 0x7E,
    0x26, 0x50, 0x08, 0x05, 0x68, 0x40, 0xCA, 0xBE, 0x4B, 0x2A, 0xFA, 0xB3, 0xDA, 0xF6, 0xF8, 0x3C,
    0xED, 0xED, 0xB1, 0x4F, 0xF1, 0x2F, 0xEF, 0xF1, 0x5F, 0x1E, 0x8A, 0xFF, 0x63, 0x47, 0x28, 0x7E,
    0x8E, 0xB1, 0x87, 0xFA, 0x7C, 0xC5, 0xC7, 0xD0, 0x20, 0x69, 0x86, 0xAD, 0x1F, 0xAA, 0x88, 0xDB,
    0xDB, 0x23, 0x0D, 0xB8, 0xE7, 0x5A, 0x2B, 0xAB, 0xC0, 0x2D, 0xF7, 0xFF, 0xC2, 0xC0, 0x9A, 0x66,
    0x64, 0x79, 0xAD, 0x1E, 0xA5, 0x27, 0x9A, 0x87, 0x08, 0x97, 0xDD, 0x1E, 0x3E, 0x24, 0x57, 0x0D,
    0xEE, 0x24, 0x73, 0xFF, 0x4F, 0x0E, 0x9F, 0x54, 0xDE, 0x22, 0xC0, 0x1D, 0xD2, 0x62, 0xD3, 0x70,
    0x7F, 0xF2, 0x75, 0x3C, 0xCA, 0xD9, 0x04, 0x9C, 0xE6, 0x38, 0xE7, 0x13, 0x14, 0x74, 0xD8, 0x22,
    0xD4, 0xA8, 0xDD, 0xA9, 0xB9, 0x7C, 0x6B, 0xE2, 0xF4, 0xCD, 0x26, 0xB0, 0x70, 0x3D, 0xA4, 0x6D,
    0x6C, 0xBB, 0x3A, 0xB8, 0xFF, 0xEC, 0x10, 0xF4, 0x06, 0x74, 0xBD, 0x94, 0x65, 0xA0, 0xAA, 0x5F,
    0x08, 0xD0, 0xC0, 0x24, 0x6F, 0x7F, 0xEC, 0xD9, 0x96, 0xF3, 0x6F, 0x2D, 0x96, 0x22, 0x30, 0x1C,
    0xAB, 0xB9, 0x9A, 0xEB, 0xA9, 0x19, 0x9B, 0xF3, 0x29, 0xFD, 0xFF, 0xF8, 0x43, 0xC9, 0x18, 0x86,
    0xBE, 0x9B, 0xCA, 0x6F, 0xEC, 0x17, 0xB6, 0x56, 0x66, 0x84, 0x61, 0xAB, 0x0E, 0x0A, 0xB1, 0xD8,
    0x08, 0x45, 0xB1, 0x12, 0x8C, 0x62, 0x21, 0x1C, 0x65, 0x20, 0x20, 0x0C, 0xDC, 0x0B, 0xFB, 0x6A,
    0x26, 0x2C, 0x7C, 0x2F, 0x1C, 0x09, 0x0D, 0xBB, 0xCC, 0xF1, 0x7D, 0x19, 0x86, 0xA9, 0xFC, 0xCE,
    0x96, 0xEA, 0x0C, 0xED, 0x56, 0xE9, 0x74, 0x3D, 0x8B, 0x26, 0x92, 0x3F, 0x86, 0x75, 0x8D, 0xD4,
    0x73, 0xBA, 0x0C, 0x10, 0xEA, 0x5B, 0x6C, 0xAC, 0x46, 0xAA, 0xCA, 0xE8, 0x2C, 0xDE, 0xB9, 0xB6,
    0xEC, 0xC0, 0x30, 0x23, 0x7A, 0xF4, 0x2C, 0xA0, 0x77, 0x96, 0xE0, 0x7C, 0x0A, 0x7D, 0x3D, 0x6D,
    0xAB, 0xCD, 0xE6, 0xEB, 0xAA, 0x37, 0x30, 0xED, 0xB7, 0x66, 0x96, 0xD7, 0x6D, 0x87, 0x15, 0xB5,
    0xDC, 0x5A, 0x7B, 0x96, 0xEE, 0xEA, 0x10, 0x9D, 0xA0, 0x0C, 0x72, 0xA3, 0x64, 0xA0, 0x02, 0x77,
    0x8B, 0x8D, 0x9B, 0x16, 0x69, 0xDE, 0xBC, 0x10, 0xBF, 0xE6, 0xDF, 0x8F, 0xB7, 0xF5, 0x89, 0x04,
    0x06, 0xA8, 0x69, 0x74, 0xAF, 0xDA, 0xA6, 0xB8, 0xAC, 0x85, 0x0A, 0x28, 0x64, 0xA9, 0x69, 0x44,
    0xE8, 0x6F, 0xE2, 0x01, 0x9A, 0xC6, 0xD4, 0x04, 0xA4, 0x05, 0x19, 0xFE, 0x22, 0x28, 0xAD, 0x69,
    0x1A, 0xF8, 0x81, 0x3A, 0x16, 0x34, 0x6F, 0xEA, 0x55, 0xAD, 0xD2, 0xA5, 0xE9, 0x8B, 0x6F, 0xAD,
    0x55, 0x05, 0xE9, 0x60, 0xEF, 0x2A, 0xEE, 0x08, 0xAB, 0x28, 0x3C, 0xA9, 0x7F, 0xE8, 0xD6, 0x11,
    0x87, 0xA8, 0xA9, 0xEE, 0x57, 0x14, 0xBF, 0x99, 0x82, 0xF0, 0x8E, 0x2B, 0xA8, 0x48, 0x32, 0x9C,
    0x4C, 0xEB, 0x0E, 0x06, 0x29, 0x3B, 0x7B, 0x4E, 0x96, 0xED, 0xD0, 0x7A, 0xCC, 0x51, 0x2C, 0x1E,
    0x94, 0xF4, 0x0F, 0xC8, 0xE8, 0xC7, 0xCE, 0x92, 0x45, 0x8C, 0x0F, 0x96, 0x12, 0xCD, 0x69, 0xA5,
    0x9A, 0x63, 0xD5, 0x67, 0xD9, 0xE9, 0x8D, 0x4D, 0x15, 0x0D, 0xB0, 0x4F, 0xE1, 0x87, 0x5E, 0x87,
    0x5F, 0x74, 0x0B, 0xBF, 0xB9, 0x5A, 0xE4, 0x27, 0x6B, 0xE3, 0x55, 0x76, 0xF4, 0xF6, 0x7C, 0x2C,
    0x57, 0xA5, 0xAD, 0x22, 0xC7, 0x7E, 0xD2, 0xAB, 0x19, 0xEB, 0xA9, 0x1E, 0xF5, 0x6E, 0x52, 0xD8,
    0x26, 0xA5, 0xC7, 0x7F, 0x29, 0x4F, 0x7E, 0xA1, 0xBA, 0xFF, 0x2E, 0xC8, 0xF7, 0xB3, 0x68, 0xE4,
    0xA9, 0xB0, 0x88, 0xA2, 0xC3, 0xEE, 0xCE, 0xC9, 0x8A, 0x5E, 0x3C, 0x9D, 0xF0, 0xD9, 0xEE, 0xFC,
    0x47, 0xF6, 0x91, 0x22, 0xF1, 0xB1, 0x7D, 0xAC, 0x28, 0xFC, 0xDD, 0x97, 0x3F, 0x09, 0xCE, 0xFF,
    0xFD, 0x17, 0x5F, 0x08, 0xFF, 0xE1, 0xFD, 0x2F, 0xA4, 0xF3, 0x50, 0xAA, 0x3D, 0x36, 0x07, 0x7E,
    0x6D, 0xB6, 0xC2, 0x08, 0x6D, 0x71, 0x08, 0x43, 0xB1, 0x83, 0x94, 0x6F, 0x35, 0xF1, 0x14, 0x50,
    0xD1, 0x95, 0x9C, 0x43, 0x2F, 0x6E, 0x28, 0x57, 0xA7, 0xF3, 0xC1, 0x51, 0xFD, 0x94, 0xAE, 0xA3,
    0x7F, 0x03, 0xAF, 0x1F, 0xC1, 0x1D, 0x02, 0x53, 0x04, 0x30, 0x85, 0xEB, 0xAA, 0x84, 0xCC, 0x15,
    0x17, 0x2D, 0xFA, 0x47, 0xD7, 0x97, 0x24, 0x63, 0x15, 0x98, 0x23, 0xF4, 0x2B, 0xED, 0xA9, 0xC7,
    0x01, 0x51, 0x87, 0xE0, 0x2B, 0x71, 0x28, 0xE9, 0xBA, 0x71, 0xC4, 0xE7, 0x36, 0x01, 0x23, 0xD0,
    0x4A, 0x8F, 0xDB, 0x7F, 0xF6, 0xA4, 0x96, 0xDC, 0x4C, 0x22, 0x23, 0x88, 0xE9, 0xB1, 0x27, 0x89,
    0xB9, 0x5D, 0xB4, 0xC4, 0x0D, 0xE9, 0xA9, 0x66, 0xB1, 0x62, 0xD7, 0x99, 0x2D, 0x62, 0x15, 0x0D,
    0xE4, 0x57, 0xB3, 0xA9, 0x13, 0x11, 0x08, 0x47, 0x1D, 0xAA, 0xD8, 0xF6, 0x74, 0x19, 0x71, 0x71,
    0x71, 0x5C, 0xE6, 0x17, 0x1B, 0x91, 0xF6, 0x81, 0x1C, 0x2C, 0x9E, 0xDE, 0x66, 0x58, 0x95, 0x69,
    0xC1, 0xE3, 0x6C, 0xC1, 0x2C, 0x1E, 0x34, 0x3A, 0x96, 0xC5, 0x26, 0x99, 0x52, 0x2A, 0x67, 0x5D,
    0x6D, 0xBC, 0x08, 0xF7, 0x94, 0x7A, 0xDA, 0xC6, 0xFF, 0xB8, 0x8D, 0xDD, 0xD6, 0x2B, 0x86, 0x9C,
    0xB9, 0x56, 0x14, 0x9F, 0x34, 0x58, 0x49, 0x6C, 0x45, 0xAD, 0x5E, 0xEE, 0xFF, 0xEF, 0xF8, 0xCA,
    0x84, 0xFA, 0xE0, 0xA8, 0x9F, 0x30, 0xA1, 0x53, 0x9E, 0x1E, 0x8C, 0xE4, 0x2E, 0xB7, 0xE5, 0x53,
    0xF7, 0xBC, 0xFF, 0x3F, 0xBD, 0x99, 0x01, 0xC4, 0x27, 0x47, 0x9A, 0xFF, 0x3F, 0xDD, 0xF5, 0xFF,
    0x4F, 0x9F, 0xAD, 0x4B, 0x6A, 0xB1, 0x67, 0x5D, 0xEE, 0x2E, 0x0D, 0x40, 0xEC, 0x4D, 0xC3, 0xE1,
    0x90, 0xA4, 0x6A, 0x77, 0x70, 0x08, 0x12, 0xEC, 0x01, 0x00, 0xB0, 0xE7, 0xD8, 0x59, 0x04, 0xC1,
    0x64, 0xBA, 0xDD, 0x00, 0x82, 0x1B, 0xE0, 0x70, 0xB8, 0x20, 0x58, 0x81, 0x0D, 0x16, 0x39, 0x32,
    0xD3, 0x95, 0x0D, 0x82, 0x83, 0xBE, 0x0B, 0x0E, 0x87, 0xAB, 0x64, 0x03, 0x2E, 0x48, 0xDD, 0xE9,
    0x93, 0x4E, 0xA6, 0xBA, 0x9F, 0xEB, 0x47, 0xBF, 0xED, 0xCD, 0xCC, 0xE5, 0xB0, 0x66, 0xE6, 0xED,
    0xA9, 0xFA, 0xD4, 0xBC, 0x3F, 0xD5, 0xCF, 0xF3, 0xAD, 0xEA, 0x7A, 0xAA, 0xAA, 0xAB, 0xB9, 0x4F,
    0x2D, 0xC1, 0x68, 0xA2, 0x5A, 0x38, 0x2E, 0xB3, 0x60, 0x66, 0x9A, 0x19, 0x9B, 0x71, 0x9A, 0x68,
    0x93, 0xA6, 0x6E, 0xC2, 0xEF, 0x29, 0xD2, 0x47, 0xC6, 0x3D, 0x0D, 0xC0, 0x8B, 0xC0, 0x2D, 0xE0,
    0x1E, 0xB4, 0x92, 0x10, 0x59, 0xCC, 0x66, 0x16, 0x3B, 0x33, 0xB9, 0x04, 0x5D, 0x04, 0x7F, 0xE6,
    0xE1, 0xFC, 0xBF, 0xA1, 0x9D, 0xDB, 0xE8, 0x44, 0x62, 0x2D, 0x1B, 0x74, 0x77, 0xA1, 0x05, 0xAE,
    0x03, 0xB4, 0x0B, 0x54, 0x22, 0x81, 0x46, 0x04, 0xDC, 0xFC, 0x0C, 0xEA, 0x19, 0xF5, 0xAD, 0xB7,
    0x3E, 0x0A, 0xAD, 0x36, 0x61, 0x2F, 0x70, 0xE1, 0x89, 0x7E, 0x00, 0xC6, 0xA0, 0x96, 0x80, 0xA6,
    0x00, 0x9D, 0x48, 0x62, 0x54, 0x88, 0x56, 0x3E, 0xAE, 0x7C, 0xF3, 0x6E, 0x32, 0x22, 0xB2, 0x28,
    0xE6, 0x5A, 0xC2, 0x38, 0x99, 0x42, 0x97, 0xB4, 0xDD, 0xC9, 0x25, 0x5C, 0x6E, 0x27, 0x5C, 0x6A,
    0xE3, 0x8E, 0x2E, 0xD2, 0x4E, 0xAD, 0x36, 0xBF, 0x4D, 0x8C, 0x83, 0x5B, 0x6A, 0x51, 0xA3, 0x42,
    0xBF, 0x63, 0xB8, 0xDE, 0x7E, 0xFD, 0x12, 0xFF, 0x0F, 0xC0, 0x2D, 0xD8, 0x62, 0x0B, 0xED, 0x6C,
    0x0A, 0x3E, 0x99, 0x8D, 0x31, 0x56, 0x52, 0x49, 0x40, 0xCC, 0x06, 0xF2, 0x56, 0x81, 0xFE, 0xDF,
    0x33, 0x78, 0x49, 0x38, 0x11, 0xA1, 0x55, 0x74, 0x0A, 0xEC, 0xC2, 0x8E, 0x19, 0xBC, 0xC8, 0xAA,
    0x28, 0xF4, 0x0A, 0xDA, 0x0C, 0x74, 0x09, 0xF0, 0x13, 0x27, 0x22, 0x7E, 0xD0, 0xD4, 0x07, 0x46,
    0x34, 0x09, 0x6C, 0x9A, 0xAA, 0x95, 0xBA, 0x68, 0x3A, 0xAE, 0xE6, 0xE1, 0x87, 0xE9, 0x12, 0xED,
    0xA4, 0xA9, 0x8B, 0x97, 0x36, 0xA8, 0xC6, 0xCF, 0x51, 0x3D, 0xA8, 0xDB, 0x81, 0x71, 0x78, 0x1E,
    0x04, 0x40, 0x82, 0x62, 0x02, 0xFA, 0x15, 0x10, 0x89, 0xD4, 0x9B, 0xCC, 0x98, 0xA5, 0x5B, 0x31,
    0xC5, 0x6C, 0x18, 0x19, 0x84, 0x5A, 0xE6, 0x0D, 0x7A, 0x15, 0x6B, 0x65, 0x06, 0x46, 0x85, 0x2B,
    0xC7, 0x03, 0x68, 0x82, 0x5D, 0x68, 0x53, 0x97, 0xF1, 0x17, 0xCF, 0x0A, 0xF8, 0xEB, 0xB7, 0xA1,
    0xAD, 0x66, 0x7F, 0xA7, 0xF4, 0x37, 0x96, 0xEB, 0x75, 0x82, 0xE7, 0xBE, 0x09, 0x50, 0x89, 0xCC,
    0xA8, 0x14, 0xB5, 0xF7, 0x79, 0x25, 0xA1, 0xDA, 0xA0, 0x8B, 0x66, 0xB6, 0x8B, 0x4D, 0x76, 0xEA,
    0xC5, 0x64, 0x37, 0x88, 0xDC, 0xC8, 0x9D, 0x59, 0x9E, 0xAD, 0xF3, 0xCB, 0x4D, 0xA2, 0xCE, 0x2F,
    0xD9, 0xB8, 0xF3, 0x4D, 0xA7, 0xBC, 0xB5, 0xD3, 0xA4, 0x7B, 0x3B, 0x9B, 0xE9, 0x4D, 0x97, 0xDE,
    0x70, 0xF1, 0x76, 0x23, 0x4B, 0x17, 0xFC, 0x4F, 0x24, 0xF5, 0x74, 0xF1, 0xE7, 0x3F, 0x29, 0xB8,
    0x85, 0x76, 0xC6, 0x88, 0x36, 0x87, 0x51, 0x56, 0x54, 0xF6, 0x5D, 0x60, 0x1C, 0x8C, 0x64, 0xFB,
    0x45, 0xAE, 0xEA, 0x5C, 0x4B, 0x76, 0x92, 0xFD, 0x8D, 0xE4, 0x9B, 0xE4, 0xDD, 0xD4, 0xC9, 0x64,
    0xFF, 0x2E, 0xE2, 0x72, 0x3F, 0xE0, 0xA3, 0x80, 0x98, 0x42, 0xBD, 0xBA, 0x8C, 0x9D, 0xFD, 0x44,
    0x97, 0xC6, 0x40, 0x37, 0x09, 0x47, 0x0D, 0xFD, 0x0D, 0x53, 0xDA, 0x4C, 0xBD, 0xD9, 0xF9, 0xA8,
    0xEC, 0x45, 0x24, 0x78, 0x45, 0xBF, 0x03, 0x60, 0x54, 0x88, 0x62, 0x3B, 0x51, 0xAD, 0x0A, 0xAD,
    0x3C, 0xED, 0xA9, 0x97, 0x48, 0xB7, 0x50, 0x89, 0x60, 0x27, 0x1B, 0x9F, 0xF7, 0xFF, 0x32, 0xBD,
    0xF8, 0xFA, 0x7B, 0xE9, 0xF5, 0x5F, 0xE4, 0xF4, 0x8B, 0x71, 0x9A, 0xDE, 0x7B, 0x50, 0xC5, 0xF7,
    0x7E, 0x7B, 0x27, 0xBE, 0xF1, 0xC9, 0x3F, 0x85, 0x97, 0xB9, 0x8D, 0x93, 0x99, 0x5A, 0x06, 0x7D,
    0x0E, 0xA3, 0x2C, 0xF5, 0x42, 0x2B, 0xBC, 0xE4, 0xC2, 0xAF, 0xAD, 0xA6, 0xF7, 0x5B, 0xFA, 0x72,
    0x84, 0xD3, 0x0B, 0x00, 0xBD, 0x62, 0xE4, 0xC4, 0x06, 0xDF, 0x7B, 0x57, 0xDE, 0x1D, 0x9C, 0x76,
    0x4A, 0xAB, 0x38, 0x86, 0x90, 0x51, 0x98, 0x45, 0x31, 0x03, 0xF5, 0xDB, 0x00, 0x5C, 0x8C, 0xD1,
    0x5E, 0x31, 0x8A, 0x14, 0xE8, 0x53, 0x23, 0xAB, 0x7B, 0xB0, 0x35, 0x41, 0x60, 0xD3, 0x7B, 0x9B,
    0x05, 0x97, 0xF1, 0xB1, 0x12, 0xEC, 0x82, 0xFF, 0xE6, 0x9D, 0x51, 0x16, 0x91, 0xF9, 0xA8, 0x69,
    0x1F, 0x6C, 0xF5, 0x51, 0x4D, 0x66, 0x24, 0xF1, 0xAB, 0x05, 0xED, 0xCF, 0xF2, 0x8C, 0x29, 0xFD,
    0x97, 0xB3, 0x97, 0xC9, 0x6E, 0xB0, 0x9A, 0xA5, 0xC9, 0x2E, 0x7A, 0xED, 0x95, 0x2E, 0xD6, 0x05,
    0x1F, 0xCD, 0x89, 0xC1, 0x2C, 0xF4, 0xA1, 0x99, 0x0F, 0x8C, 0xD8, 0x8C, 0xA8, 0xBF, 0x6D, 0x47,
    0xA5, 0x30, 0x2B, 0xED, 0xEC, 0x56, 0x3A, 0x91, 0xB2, 0x63, 0x2B, 0xF8, 0x2F, 0x3F, 0xD3, 0x1B,
    0xE1, 0x40, 0x1F, 0x1E, 0x7A, 0x04, 0x7F, 0xA5, 0xE0, 0x8F, 0x64, 0xAA, 0xE4, 0xB3, 0xC9, 0xCA,
    0x27, 0xB1, 0x95, 0x8F, 0xA2, 0xDF, 0x73, 0x2F, 0x1F, 0x0F, 0xA3, 0xBC, 0x15, 0x44, 0x5E, 0x41,
    0xE4, 0x55, 0x46, 0x71, 0x78, 0x79, 0x16, 0xB7, 0x3D, 0x4F, 0xF5, 0xF3, 0x3F, 0x85, 0x3F, 0xF9,
    0x11, 0xFC, 0xF1, 0x8B, 0xF0, 0xA3, 0x3D, 0xBF, 0xF8, 0x06, 0xFC, 0xF9, 0xEB, 0x7B, 0xFE, 0x35,
    0xBC, 0x9E, 0xE1, 0xBD, 0x8B, 0xFC, 0x9F, 0x09, 0x00, 0x1B, 0x7D, 0xDA, 0xFF, 0x4D, 0x6D, 0xA8,
    0xB3, 0x99, 0xDC, 0xE4, 0x96, 0xAA, 0x7C, 0xBF, 0xF4, 0x73, 0x3F, 0xD0, 0xC5, 0x4A, 0x06, 0x27,
    0x61, 0x4F, 0xCF, 0xCA, 0xA3, 0xD1, 0xAC, 0x2D, 0x96, 0xA1, 0x97, 0x38, 0xCA, 0x50, 0x69, 0x9D,
    0xC9, 0xFF, 0x45, 0xBE, 0x5D, 0xE7, 0xB2, 0x27, 0x93, 0x4B, 0x93, 0xEF, 0xBB, 0xC9, 0x8B, 0x86,
    0x19, 0x1C, 0xA3, 0x12, 0x69, 0x16, 0x18, 0x6F, 0x14, 0xF0, 0x1F, 0x0A, 0xC7, 0x00, 0x75, 0xD9,
    0x9F, 0x43, 0x58, 0x7F, 0x13, 0xA3, 0x96, 0x8F, 0x21, 0x1C, 0x8F, 0xD1, 0x0B, 0xC0, 0x3B, 0xD0,
    0x81, 0xC9, 0xD4, 0x02, 0x36, 0x61, 0x05, 0x5C, 0xC4, 0x6D, 0xE0, 0xE1, 0xF7, 0x37, 0xB8, 0x07,
    0xAC, 0x50, 0xD0, 0x6C, 0x32, 0x54, 0x05, 0x3B, 0xA1, 0x45, 0x1B, 0x5D, 0xAA, 0x17, 0x3C, 0x7E,
    0xFA, 0xE1, 0xCA, 0x3D, 0xC6, 0xC9, 0xCB, 0x8F, 0x4B, 0x25, 0xD1, 0x8B, 0xC9, 0xCD, 0x97, 0x11,
    0xEC, 0xE4, 0x6E, 0x0E, 0xD0, 0x0E, 0x2F, 0xFB, 0x01, 0x3C, 0xEF, 0xFB, 0x00, 0xF7, 0x2A, 0x91,
    0x89, 0x6A, 0xA9, 0xB5, 0x30, 0xD9, 0x88, 0x44, 0xD4, 0xE2, 0xA8, 0x15, 0xE1, 0x3E, 0x78, 0x00,
    0xB8, 0x06, 0x4D, 0x82, 0x11, 0x34, 0xC4, 0x05, 0x7C, 0xC0, 0x09, 0xDC, 0x86, 0x67, 0xB7, 0x43,
    0xD2, 0x8A, 0x4A, 0xA2, 0x60, 0x93, 0x4A, 0xD2, 0x8A, 0x5A, 0xF8, 0x4A, 0x42, 0xBD, 0x70, 0xCF,
    0x49, 0xFA, 0xE1, 0x5A, 0x95, 0xEE, 0x57, 0xD9, 0xCB, 0x8D, 0xFC, 0x4C, 0xB3, 0x17, 0x76, 0xD2,
    0xBA, 0xEA, 0x49, 0xEB, 0x7A, 0x50, 0x65, 0xF7, 0x50, 0xB7, 0xD5, 0x42, 0xBD, 0xA0, 0x16, 0xDD,
    0x84, 0x66, 0x0D, 0xCA, 0x6E, 0x40, 0x05, 0x7A, 0xD0, 0xA2, 0x70, 0x5E, 0xD5, 0x5D, 0xAA, 0x71,
    0x50, 0x81, 0x56, 0x32, 0xDA, 0x67, 0x92, 0x55, 0xE0, 0xFF, 0x6F, 0xB2, 0x0A, 0xC4, 0x66, 0x0A,
    0x54, 0x12, 0xCD, 0x0C, 0xB5, 0x84, 0x26, 0x69, 0x31, 0xA9, 0x53, 0x5C, 0xF2, 0x3C, 0x37, 0xFC,
    0xC0, 0xA5, 0xDB, 0xF8, 0xB8, 0x3B, 0x29, 0xC8, 0x5E, 0xDC, 0xC8, 0x46, 0x06, 0xAB, 0x73, 0xDF,
    0x18, 0xB4, 0xC9, 0xAD, 0x0F, 0xE0, 0x79, 0xB1, 0x47, 0xD5, 0x65, 0x2D, 0x8A, 0x76, 0x16, 0x67,
    0x9F, 0xA5, 0x46, 0xE4, 0x68, 0xC6, 0x0A, 0x1E, 0x28, 0xDA, 0x92, 0x43, 0xDD, 0x7C, 0xC4, 0xB3,
    0xBD, 0xC8, 0x26, 0x01, 0x40, 0x93, 0x51, 0x65, 0x9C, 0x8B, 0xF6, 0x38, 0x50, 0x6F, 0xD0, 0x5C,
    0x2C, 0x3D, 0x3E, 0x42, 0x3F, 0x80, 0x0A, 0x90, 0xF0, 0x8C, 0xCA, 0xA2, 0x97, 0x8D, 0x4E, 0x16,
    0xAE, 0x49, 0xE0, 0xB8, 0x09, 0xA7, 0xB0, 0xE9, 0xC2, 0x1E, 0x46, 0x71, 0x98, 0x5F, 0x00, 0xA7,
    0x68, 0x0B, 0xE0, 0x15, 0xBD, 0x42, 0x56, 0xA8, 0xB7, 0x4D, 0x45, 0xED, 0xB0, 0x8B, 0x80, 0xCB,
    0x23, 0x3A, 0x56, 0xD5, 0xAB, 0xAE, 0x6C, 0x43, 0x3F, 0x20, 0xF8, 0xA1, 0x16, 0x91, 0x68, 0x14,
    0x56, 0xE1, 0x32, 0xDD, 0xD4, 0x25, 0xDA, 0xE4, 0xA7, 0x1D, 0x63, 0x54, 0xA1, 0xDA, 0x88, 0x53,
    0x87, 0x0F, 0x68, 0xFF, 0x00, 0xE5, 0xEA, 0x65, 0x7C, 0x00, 0xD4, 0x02, 0x58, 0x09, 0xD0, 0xFD,
    0x6D, 0x84, 0xB1, 0x49, 0x57, 0x2D, 0xC3, 0xC6, 0x19, 0xFC, 0x37, 0x19, 0x46, 0x99, 0x60, 0xB9,
    0x19, 0xAE, 0x5A, 0xC1, 0xF5, 0x5A, 0x9D, 0x37, 0xF3, 0x0E, 0x9B, 0xE1, 0x4D, 0x33, 0x5D, 0xB5,
    0x02, 0xEE, 0x03, 0xE6, 0xAD, 0x00, 0xD6, 0x0C, 0x3B, 0x5E, 0x01, 0xCC, 0xCA, 0x95, 0xCB, 0xE8,
    0x45, 0xB4, 0x10, 0x2D, 0xD0, 0x5B, 0x12, 0x34, 0x92, 0x01, 0x9C, 0x24, 0x80, 0xF6, 0x28, 0xBC,
    0x4C, 0x00, 0xE3, 0xA8, 0x45, 0x25, 0x3E, 0x02, 0x66, 0xEB, 0x45, 0xC0, 0x16, 0x0D, 0x3A, 0xDC,
    0x3C, 0xAA, 0xBC, 0x2E, 0x4B, 0x00, 0xFA, 0x49, 0x00, 0x64, 0x10, 0x0E, 0xC3, 0x80, 0x39, 0x0A,
    0x2B, 0x5A, 0x9D, 0x36, 0x1B, 0x91, 0x82, 0x4F, 0x5A, 0x30, 0x46, 0x2D, 0xA0, 0x1A, 0x17, 0xF5,
    0x29, 0x03, 0xA3, 0x48, 0xAA, 0x65, 0x68, 0x53, 0xB3, 0x62, 0x82, 0x9B, 0x51, 0xDB, 0x5C, 0xEE,
    0x32, 0xA1, 0x57, 0x8C, 0xC3, 0x09, 0x09, 0x28, 0xCE, 0x3F, 0xFB, 0x78, 0x54, 0xFE, 0x33, 0xBA,
    0xB9, 0x5A, 0x71, 0x22, 0xAB, 0x0A, 0x99, 0xE1, 0xE6, 0x16, 0xA0, 0x89, 0x80, 0x0B, 0xA8, 0x10,
    0xE0, 0xDA, 0x0C, 0x54, 0x0A, 0x49, 0xC0, 0x18, 0x00, 0x56, 0xCE, 0x60, 0xED, 0x39, 0x63, 0xB7,
    0x1D, 0x00, 0xCE, 0x3E, 0x93, 0x73, 0xEF, 0x5E, 0x09, 0x50, 0x6D, 0x40, 0xAD, 0x30, 0x2B, 0x27,
    0x0A, 0xD0, 0xA8, 0x73, 0x2B, 0x52, 0x0E, 0x68, 0x63, 0x70, 0xF9, 0x44, 0xAB, 0xE8, 0x2E, 0xF7,
    0xD2, 0x22, 0x0B, 0x27, 0x66, 0xBE, 0x3D, 0x69, 0x54, 0xE5, 0x9C, 0xC0, 0xEC, 0x74, 0xE5, 0x32,
    0x9A, 0x04, 0xB4, 0xF3, 0x39, 0x20, 0xCB, 0x3D, 0x30, 0xB3, 0xBF, 0x6A, 0x19, 0x55, 0x6E, 0x03,
    0x66, 0xF1, 0x91, 0x66, 0xF6, 0x03, 0x75, 0xBA, 0x7E, 0xC5, 0x0A, 0x9A, 0x19, 0xB3, 0x50, 0x15,
    0x58, 0xE1, 0x36, 0x00, 0x42, 0x25, 0xEA, 0xAC, 0xDE, 0xD4, 0x87, 0x29, 0x9A, 0x9A, 0x82, 0x5D,
    0xB0, 0x33, 0x6E, 0x3E, 0x5F, 0x57, 0x33, 0xDD, 0xE5, 0xEB, 0xEA, 0xF9, 0xC6, 0x3A, 0x00, 0xAB,
    0x5A, 0xB4, 0xBA, 0x2E, 0xE3, 0x9F, 0x84, 0xC1, 0x76, 0xA0, 0x8F, 0x95, 0xE4, 0xE6, 0xBF, 0x66,
    0x17, 0xCB, 0xE3, 0x1B, 0x6C, 0xE2, 0x2D, 0x97, 0xB6, 0x76, 0xDA, 0xDC, 0xF0, 0xFE, 0x13, 0x90,
    0x37, 0xCA, 0x02, 0x22, 0x12, 0x14, 0x13, 0x42, 0x97, 0x11, 0xDC, 0x5C, 0x6D, 0xD8, 0xA5, 0x56,
    0xD4, 0xEB, 0x0E, 0xA3, 0x30, 0x6A, 0xD6, 0xCB, 0x66, 0xE7, 0x5E, 0x56, 0xB7, 0xA3, 0xB8, 0xEC,
    0x66, 0x5A, 0x85, 0x9F, 0x5C, 0xA6, 0x8F, 0x6D, 0x46, 0x42, 0x97, 0x1B, 0x39, 0xB6, 0xD4, 0x5E,
    0x24, 0xED, 0xF8, 0x1A, 0xB4, 0x23, 0x32, 0xE0, 0xBF, 0x52, 0xAA, 0x2B, 0x98, 0xFB, 0xC0, 0xC5,
    0x25, 0x83, 0xAA, 0x91, 0xC8, 0x18, 0x50, 0x19, 0xA1, 0x92, 0x8C, 0x36, 0x6D, 0x46, 0xA8, 0x65,
    0xA9, 0x04, 0x23, 0x45, 0xDB, 0xB8, 0x6D, 0x46, 0x9B, 0x29, 0x3B, 0x9B, 0x32, 0xDE, 0x50, 0x49,
    0xFD, 0xC7, 0x4A, 0xBF, 0xD3, 0xCD, 0xED, 0x17, 0x0B, 0xBB, 0x2A, 0xD1, 0x86, 0x5B, 0xD1, 0x86,
    0x1B, 0xD1, 0xB6, 0xD7, 0xCA, 0xA9, 0x52, 0x39, 0x13, 0xCA, 0x48, 0x7F, 0x76, 0x05, 0xAC, 0x00,
    0xDB, 0x77, 0x4F, 0x2E, 0xC7, 0x7B, 0x6F, 0x2B, 0x02, 0xA3, 0x48, 0xAC, 0x25, 0xF4, 0xB9, 0x51,
    0x57, 0x6E, 0xC6, 0x2E, 0x5D, 0xA2, 0x29, 0x7E, 0x52, 0x44, 0x4C, 0xE9, 0xA3, 0xAA, 0x1A, 0x76,
    0xC8, 0x80, 0x5D, 0x24, 0xE0, 0x66, 0x45, 0x1E, 0x07, 0xBA, 0xD4, 0xAB, 0x3B, 0xF5, 0x3F, 0x74,
    0x73, 0x23, 0x38, 0x91, 0x85, 0x5A, 0x64, 0x82, 0x4E, 0xBB, 0x08, 0x9E, 0x0B, 0xA7, 0x84, 0x15,
    0x30, 0x67, 0xA4, 0x73, 0x2D, 0x5C, 0xB9, 0x96, 0x6A, 0x38, 0x43, 0xB0, 0x5B, 0x80, 0xFB, 0x05,
    0xEA, 0xE5, 0xF6, 0x8E, 0xBB, 0xCF, 0x5D, 0xB9, 0x96, 0x9F, 0x35, 0x03, 0x95, 0xBC, 0x1A, 0x30,
    0x22, 0xD0, 0x7C, 0xBC, 0x42, 0x15, 0xBE, 0x7F, 0xD5, 0x32, 0xCE, 0xD9, 0x6E, 0x38, 0x66, 0x3B,
    0x93, 0xAE, 0x5F, 0xFD, 0x00, 0x01, 0xDE, 0xC3, 0x06, 0xB3, 0xD0, 0x45, 0xB3, 0xA1, 0x31, 0x73,
    0x63, 0xD3, 0xE3, 0xA2, 0x19, 0x3A, 0xAD, 0x67, 0x05, 0x68, 0x36, 0xF4, 0xCF, 0xA0, 0x82, 0x22,
    0xF5, 0xD6, 0x25, 0x55, 0xB3, 0xE0, 0x27, 0x53, 0xE8, 0x42, 0xB5, 0xF0, 0x7B, 0x70, 0x17, 0xB8,
    0xF9, 0x4D, 0x81, 0x46, 0x24, 0x6B, 0x75, 0x99, 0x61, 0x9C, 0x7C, 0xA1, 0x12, 0xC6, 0x15, 0xB3,
    0x56, 0xB2, 0xD1, 0x2C, 0xE6, 0xBF, 0x05, 0x37, 0xDB, 0x4F, 0x77, 0xE6, 0xF6, 0x43, 0xA1, 0xCD,
    0xFE, 0xC7, 0x42, 0x97, 0xEE, 0x57, 0x4A, 0x8D, 0x49, 0xFF, 0xC9, 0x6C, 0x56, 0xFC, 0x17, 0x49,
    0xAD, 0x4B, 0xB4, 0x8B, 0xFA, 0xD6, 0x49, 0x47, 0xF0, 0x09, 0xB7, 0x55, 0x32, 0xA8, 0x93, 0x0D,
    0xAC, 0x3A, 0xA1, 0xFD, 0xFB, 0x2D, 0x80, 0x07, 0x80, 0xAA, 0x3C, 0x12, 0x7B, 0x8A, 0x6E, 0x50,
    0x72, 0xCC, 0x65, 0x3B, 0xEC, 0xD2, 0xEC, 0x98, 0xED, 0xA2, 0x4A, 0x34, 0xB4, 0x9D, 0x42, 0x5D,
    0x28, 0xBA, 0xD4, 0x1E, 0x3B, 0xAA, 0xA3, 0xF3, 0x4E, 0x44, 0xFA, 0x61, 0xC7, 0x18, 0xFA, 0x88,
    0xA0, 0xC0, 0x47, 0x15, 0x9A, 0x6D, 0xA1, 0x15, 0xC9, 0x2A, 0x2A, 0xC2, 0x78, 0x19, 0x7B, 0x8C,
    0x00, 0xE5, 0x8C, 0x3D, 0x7B, 0xC6, 0xDE, 0x15, 0x6B, 0xB9, 0x8C, 0x3D, 0x3F, 0x03, 0xEB, 0x65,
    0xEC, 0xFD, 0xE1, 0x55, 0x6B, 0xA9, 0x73, 0x0B, 0x3A, 0xDE, 0x77, 0xF4, 0x41, 0x07, 0xFD, 0x55,
    0x2B, 0xC0, 0x2C, 0x40, 0xF3, 0xF0, 0x5B, 0xDB, 0x6D, 0x8E, 0x4B, 0xED, 0xE5, 0x2E, 0x9D, 0x2B,
    0x8F, 0x9B, 0x8D, 0x2E, 0x59, 0x56, 0xC5, 0xB9, 0x19, 0xB3, 0xFA, 0x44, 0xBD, 0x8D, 0x91, 0x4A,
    0x24, 0x80, 0x6C, 0xC0, 0x58, 0x00, 0x9F, 0x15, 0xE9, 0x91, 0x2D, 0xAC, 0xE2, 0x91, 0x2D, 0x2C,
    0x07, 0x1E, 0xFD, 0xB3, 0x92, 0x2D, 0x50, 0x5D, 0x84, 0xA7, 0xAE, 0xBC, 0xB5, 0x60, 0x0A, 0x12,
    0x76, 0x8C, 0xA1, 0x51, 0xD8, 0x05, 0xC1, 0x2E, 0x95, 0x46, 0x4F, 0xB3, 0xA2, 0xB1, 0xAC, 0x98,
    0x68, 0xE5, 0x6B, 0xE8, 0xCE, 0x23, 0xEB, 0x53, 0xC0, 0x09, 0x6A, 0x19, 0xE8, 0x64, 0x61, 0x94,
    0xB5, 0x92, 0x6A, 0x33, 0x85, 0xCD, 0x2C, 0xD5, 0xDA, 0xE4, 0xA6, 0xD8, 0xDC, 0x65, 0x9D, 0x29,
    0xDC, 0xA7, 0x1B, 0xEE, 0xD3, 0x42, 0xFB, 0xCF, 0x12, 0xDA, 0x28, 0xA9, 0x8B, 0xBE, 0xF8, 0xD8,
    0xAC, 0x7E, 0xA8, 0x36, 0x1F, 0xAA, 0xB5, 0x7F, 0xD5, 0x94, 0xD1, 0xCB, 0x32, 0xB6, 0x92, 0xA5,
    0xDE, 0x02, 0x6E, 0x7A, 0xF8, 0xB5, 0x7B, 0x86, 0xCB, 0xC3, 0x7C, 0xDA, 0xC5, 0x83, 0xC8, 0x88,
    0xD1, 0xB6, 0xB8, 0xC5, 0xAE, 0xB4, 0xC9, 0x9C, 0xC7, 0x69, 0x83, 0xB9, 0x40, 0x1F, 0xCC, 0x79,
    0x9C, 0x36, 0xE8, 0x8A, 0x1F, 0xBB, 0x4C, 0x27, 0x92, 0x71, 0xF2, 0x45, 0xA6, 0xDE, 0x5E, 0x4D,
    0xA7, 0x69, 0x97, 0xCE, 0x18, 0xEE, 0x01, 0x7E, 0xF9, 0x34, 0x1C, 0xDD, 0x06, 0x2A, 0x09, 0xD0,
    0x48, 0x84, 0xF6, 0xE3, 0x04, 0x2F, 0xD4, 0x6F, 0x3F, 0x79, 0x47, 0xD7, 0xEE, 0xBE, 0x01, 0xED,
    0xBC, 0x80, 0x97, 0x0C, 0xB7, 0xFA, 0x09, 0x7E, 0x50, 0x3D, 0x85, 0x16, 0xB5, 0xD5, 0x0C, 0xFE,
    0xCE, 0x02, 0xFD, 0x8D, 0x1D, 0x2F, 0xD7, 0x09, 0xE0, 0x29, 0x38, 0x62, 0x04, 0xEA, 0x7F, 0x8D,
    0x60, 0xFE, 0x46, 0x71, 0x67, 0x80, 0x7A, 0xE3, 0x29, 0x79, 0xEB, 0xBE, 0xBE, 0xB6, 0x85, 0x5A,
    0x64, 0x94, 0xE4, 0x44, 0x44, 0xE6, 0x66, 0x68, 0x57, 0x53, 0xC0, 0xCD, 0x95, 0x32, 0x55, 0xA5,
    0x1A, 0x45, 0xA4, 0xB4, 0xA2, 0xF4, 0xCA, 0x65, 0xD4, 0xE9, 0x81, 0x91, 0x9D, 0x41, 0x2A, 0xC9,
    0x36, 0xF6, 0xFA, 0xFB, 0xE4, 0xE5, 0x2B, 0x91, 0xD0, 0x6C, 0xA1, 0xFF, 0x1C, 0xEC, 0x16, 0x18,
    0x25, 0x19, 0x91, 0xC5, 0x16, 0x93, 0xDB, 0xCC, 0xF0, 0xED, 0x2F, 0x49, 0x7D, 0xB8, 0xC8, 0x43,
    0x85, 0x1E, 0xA6, 0x76, 0x9B, 0x44, 0x2B, 0xC7, 0x9E, 0x92, 0x0E, 0xB8, 0x75, 0x11, 0xE9, 0x6D,
    0x04, 0x1B, 0x31, 0x32, 0x60, 0x56, 0x54, 0x12, 0xD8, 0x0C, 0x26, 0x43, 0xBD, 0x00, 0x05, 0x40,
    0xFD, 0xC1, 0x28, 0x53, 0x2D, 0x32, 0xEB, 0xAC, 0xE7, 0x52, 0x5D, 0xBA, 0x58, 0xA9, 0xE2, 0x33,
    0x2F, 0xEA, 0xD7, 0xC7, 0x2A, 0xF8, 0x64, 0x63, 0x2B, 0x32, 0x35, 0x22, 0x01, 0xDD, 0x1D, 0x60,
    0x16, 0xB0, 0xE9, 0x70, 0xE6, 0x81, 0x9F, 0x7D, 0xDB, 0x66, 0xFA, 0x3F, 0x6D, 0xFE, 0xC7, 0xBB,
    0xEF, 0x1C, 0x36, 0xEB, 0xEF, 0xB0, 0xE9, 0x01, 0x09, 0x18, 0x89, 0xB4, 0x1F, 0x65, 0x1D, 0xFE,
    0x8F, 0xAD, 0xB3, 0x0D, 0x33, 0xFE, 0xA3, 0x82, 0xBF, 0x53, 0xB8, 0x5E, 0x65, 0xE0, 0xB1, 0xDB,
    0xEE, 0x52, 0x93, 0xCD, 0x5C, 0x2F, 0x14, 0xA8, 0x4B, 0x5D, 0x4C, 0x31, 0x8B, 0x99, 0x9B, 0xD9,
    0x66, 0xA7, 0xFF, 0x52, 0x3B, 0xB5, 0xB1, 0x8B, 0x3E, 0xFA, 0x01, 0xB3, 0x60, 0x13, 0x6D, 0xC4,
    0xC3, 0x4F, 0x41, 0xEB, 0x6B, 0x32, 0x7B, 0x5A, 0x30, 0xDF, 0xF9, 0x8D, 0x2A, 0x5E, 0x7E, 0xA3,
    0xC2, 0x83, 0x0C, 0xCD, 0x83, 0x69, 0xEF, 0x8C, 0x3F, 0xA8, 0x5E, 0xFB, 0x5D, 0x6F, 0x77, 0x61,
    0xF1, 0xBF, 0x29, 0x7B, 0xC3, 0x3B, 0x6D, 0xF7, 0xEF, 0xEE, 0x1D, 0x5E, 0xE3, 0x1F, 0xEB, 0x8C,
    0x7C, 0x99, 0xB8, 0x29, 0x01, 0xA7, 0x5D, 0x26, 0xA1, 0x2A, 0x3E, 0x32, 0xB5, 0x13, 0xDF, 0xDB,
    0x7F, 0x1F, 0x25, 0x1B, 0x91, 0x6C, 0xE7, 0x2E, 0xB7, 0x93, 0x1E, 0xB4, 0xDB, 0xEC, 0x07, 0x9B,
    0xFB, 0xE0, 0xD2, 0x9E, 0xA7, 0x3E, 0x68, 0x47, 0x8C, 0xA1, 0x93, 0x15, 0x27, 0x33, 0x95, 0x0C,
    0xD0, 0xA4, 0x5B, 0xB4, 0x6B, 0xC1, 0xCB, 0xCC, 0x4B, 0xED, 0x04, 0x60, 0xF3, 0x38, 0xD9, 0xAF,
    0x64, 0x76, 0x22, 0xC5, 0xAD, 0x7A, 0x3A, 0x5F, 0x97, 0x36, 0xED, 0x79, 0xD2, 0xC7, 0x62, 0x76,
    0x8F, 0x66, 0xF1, 0x9A, 0x07, 0x5D, 0xB4, 0x6D, 0xD6, 0x3C, 0xE2, 0xB2, 0xA8, 0x6E, 0x7B, 0xAE,
    0x00, 0xC7, 0xE0, 0xA6, 0x28, 0x56, 0x05, 0xE7, 0x69, 0x64, 0x2F, 0x33, 0xB5, 0x48, 0xC1, 0x96,
    0x7A, 0xD3, 0xE6, 0x8A, 0xB6, 0x53, 0xC3, 0x51, 0x31, 0x20, 0x27, 0xAA, 0xED, 0xE2, 0x4B, 0x4B,
    0x6A, 0x67, 0x5A, 0x91, 0x84, 0x3E, 0x75, 0x18, 0x67, 0x80, 0xFA, 0x3C, 0x21, 0xC1, 0x4D, 0xE7,
    0x82, 0xF0, 0xC2, 0xD3, 0x70, 0xD4, 0x29, 0xC6, 0x08, 0xB5, 0x24, 0xB0, 0xBF, 0xCD, 0xF0, 0xDC,
    0xF0, 0xCB, 0x27, 0xEF, 0xA8, 0x4E, 0x2F, 0x81, 0x2B, 0xB7, 0xA0, 0x95, 0x05, 0xBA, 0x36, 0xEB,
    0x5A, 0xF0, 0x14, 0x5A, 0x64, 0x87, 0x0F, 0xA0, 0xFB, 0x70, 0xDD, 0xF1, 0x9B, 0x72, 0x44, 0x25,
    0xF0, 0x14, 0x1C, 0x55, 0x0B, 0x98, 0x15, 0x4C, 0x81, 0xFA, 0xD2, 0x49, 0x2F, 0xB2, 0x8D, 0x17,
    0x99, 0xF3, 0x72, 0x11, 0xFC, 0x84, 0x7A, 0xA0, 0x0B, 0x00, 0xB7, 0x54, 0xCB, 0xF2, 0x90, 0x16,
    0xA7, 0x5A, 0xBC, 0x6A, 0xF9, 0x60, 0xC4, 0x7F, 0x38, 0xEF, 0xB8, 0x93, 0x04, 0xFF, 0x56, 0xDC,
    0xF1, 0x0F, 0xAA, 0x65, 0x55, 0x2D, 0x4B, 0x3B, 0xE3, 0x54, 0x8B, 0x55, 0x2D, 0xEE, 0x9C, 0x92,
    0x77, 0xC6, 0x63, 0xB4, 0xD8, 0x04, 0x26, 0x1F, 0x19, 0x38, 0x47, 0xB6, 0xE6, 0xCB, 0x91, 0xAD,
    0xF9, 0x72, 0x64, 0x0B, 0xAD, 0x7A, 0x9A, 0x24, 0x48, 0x1C, 0x45, 0xA2, 0x97, 0x9B, 0xD1, 0x2E,
    0x6A, 0xD0, 0xE6, 0xCB, 0x89, 0x77, 0x05, 0x7E, 0xFA, 0x04, 0x6C, 0x7E, 0x00, 0x46, 0xC0, 0x7D,
    0x39, 0xE0, 0x5F, 0x99, 0xF8, 0xCB, 0xEA, 0xB5, 0xC7, 0xB6, 0xA9, 0x47, 0xE1, 0x63, 0x33, 0x33,
    0xDA, 0x7C, 0x9E, 0x83, 0x3F, 0xBE, 0x4E, 0x14, 0x97, 0x67, 0x0A, 0xF5, 0x0C, 0x1C, 0x5A, 0x81,
    0x7E, 0xB0, 0x33, 0x7E, 0x70, 0x59, 0xD7, 0xEE, 0x89, 0x4E, 0x27, 0xE1, 0x36, 0x8E, 0xE0, 0xA6,
    0x6D, 0xC7, 0x67, 0x45, 0xA3, 0x69, 0x81, 0xE6, 0x41, 0x06, 0x23, 0x93, 0x22, 0x2A, 0x02, 0xD4,
    0x72, 0x7E, 0x8A, 0x36, 0x0B, 0x47, 0x1F, 0xD3, 0x4D, 0xD0, 0xC9, 0x00, 0x7E, 0x3B, 0xF7, 0xD7,
    0xBC, 0x10, 0x00, 0xAF, 0xE8, 0x15, 0x23, 0x8A, 0x47, 0xBE, 0x67, 0xF7, 0x13, 0x95, 0x48, 0xB9,
    0xD8, 0x4C, 0x4B, 0x75, 0x6C, 0xA6, 0xD5, 0xF0, 0x48, 0x33, 0x2B, 0xF2, 0x0E, 0x7B, 0xF1, 0xE5,
    0x76, 0xDD, 0x61, 0x0A, 0x6E, 0x71, 0x17, 0x03, 0xBA, 0x13, 0x19, 0xE8, 0xFE, 0xED, 0x6B, 0xF0,
    0x03, 0x27, 0xC2, 0xFF, 0xFE, 0x7E, 0x2D, 0x0A, 0x78, 0xDF, 0x46, 0x74, 0xB2, 0x44, 0xFB, 0x95,
    0x6A, 0x76, 0x01, 0xE0, 0xEA, 0xBA, 0xE4, 0x7F, 0x00, 0xCD, 0x7B, 0x31, 0xB0, 0xE6, 0xB6, 0x75,
    0xF5, 0x21, 0xF9, 0x6B, 0xF9, 0x5B, 0x2C, 0xA0, 0x99, 0x28, 0x33, 0xB6, 0x34, 0x0E, 0x5D, 0xA4,
    0x48, 0x9C, 0x19, 0xB3, 0x49, 0xE9, 0x5D, 0x50, 0x52, 0xA9, 0x42, 0x2A, 0x9C, 0x3A, 0x29, 0xE3,
    0x34, 0x6A, 0x52, 0xB8, 0x90, 0x4C, 0xDA, 0x2A, 0x5C, 0xB8, 0xD0, 0xF6, 0x29, 0xA2, 0x42, 0x85,
    0x27, 0xE9, 0x67, 0x5C, 0xEC, 0x2E, 0x29, 0xB9, 0x50, 0xE1, 0x42, 0x9C, 0x71, 0xE1, 0xC2, 0x45,
    0x10, 0x49, 0x93, 0xCC, 0x58, 0x85, 0x61, 0x99, 0x13, 0x43, 0x16, 0xC8, 0x1B, 0x1C, 0x10, 0xE4,
    0x7B, 0xDF, 0xCE, 0x93, 0x76, 0xE4, 0x4F, 0xFE, 0x36, 0x10, 0x71, 0xF8, 0xE6, 0x89, 0x0F, 0xB8,
    0xE7, 0x5E, 0xE0, 0xE2, 0x5E, 0x00, 0x0B, 0x0C, 0x32, 0x03, 0x22, 0x16, 0x18, 0x08, 0xB1, 0x94,
    0x2E, 0x80, 0x22, 0xD4, 0x3E, 0x80, 0x26, 0x74, 0x04, 0x59, 0x80, 0x7C, 0x5D, 0x81, 0xC2, 0x07,
    0xA8, 0x9C, 0x00, 0xCA, 0x0E, 0x40, 0x63, 0x02, 0xE8, 0xB1, 0x6B, 0x31, 0xF4, 0x5D, 0x0F, 0x81,
    0xEE, 0x73, 0x11, 0x19, 0x0B, 0x42, 0x45, 0x50, 0x16, 0xCD, 0xD4, 0x18, 0xD4, 0x46, 0x4F, 0x01,
    0x86, 0x11, 0xB5, 0x85, 0x16, 0x07, 0x74, 0x07, 0x5C, 0x95, 0xDA, 0x69, 0x0A, 0x35, 0xA0, 0x10,
    0x59, 0xA1, 0x5C, 0xB5, 0xA0, 0x36, 0xC5, 0x82, 0x66, 0xCC, 0x3D, 0x74, 0x5F, 0x24, 0xE8, 0xDA,
    0xC2, 0x05, 0x28, 0x67, 0x74, 0xBD, 0x9A, 0xA1, 0xC7, 0xC6, 0xA2, 0x21, 0x17, 0x25, 0x1F, 0x59,
    0xE4, 0xEB, 0x4B, 0x06, 0xC0, 0x5F, 0xE1, 0x4D, 0xE0, 0x4E, 0x6E, 0x01, 0xFD, 0x2F, 0x01, 0x6A,
    0x19, 0x81, 0x72, 0xC5, 0x85, 0xA9, 0x36, 0x70, 0x40, 0xF3, 0xFC, 0x4C, 0x01, 0x2C, 0x50, 0x4A,
    0x0F, 0xE0, 0xE9, 0x2F, 0x9D, 0xEF, 0x23, 0x19, 0x09, 0x19, 0x2D, 0x64, 0xE4, 0xC9, 0x68, 0x0E,
    0xD0, 0x58, 0x32, 0x32, 0x43, 0x60, 0x34, 0x92, 0x51, 0xA0, 0x95, 0x0B, 0xF4, 0x75, 0x46, 0x01,
    0x26, 0xF6, 0x65, 0xB4, 0x39, 0x18, 0x01, 0x8A, 0x1C, 0x5E, 0x03, 0x80, 0x19, 0x40, 0x66, 0xC1,
    0xF6, 0x27, 0x20, 0x23, 0x60, 0x68, 0xFF, 0x28, 0x5A, 0xF6, 0x94, 0x96, 0xD9, 0x69, 0x55, 0x6D,
    0x80, 0xDB, 0x00, 0x40, 0x6A, 0xD9, 0x7C, 0xD5, 0x99, 0xD9, 0x3A, 0x03, 0xF0, 0x64, 0x4F, 0xC2,
    0x84, 0x0E, 0x00, 0x48, 0xBA, 0x88, 0x1F, 0xDE, 0xC5, 0x56, 0xB2, 0xC1, 0xD1, 0x00, 0xD2, 0x63,
    0x10, 0x31, 0xB9, 0xF4, 0xB5, 0x29, 0x17, 0x14, 0xAD, 0xE2, 0x57, 0x0D, 0x09, 0xE8, 0x89, 0x30,
    0xB2, 0x09, 0xC2, 0xD0, 0xEF, 0x20, 0xED, 0x0E, 0x43, 0x9F, 0xFE, 0x2F, 0x3F, 0xFE, 0x5B, 0x34,
    0x73, 0xB6, 0x40, 0x89, 0x78, 0xE4, 0x94, 0x19, 0xCD, 0xDA, 0xB2, 0x4B, 0x0F, 0x94, 0x16, 0x50,
    0x23, 0xA0, 0x5B, 0xE0, 0xBB, 0x88, 0xA5, 0x5A, 0x5B, 0x0C, 0x62, 0x0A, 0x11, 0x57, 0xF9, 0xC2,
    0xD6, 0x16, 0x3D, 0x3B, 0x63, 0xED, 0xFA, 0x50, 0xDB, 0x54, 0xFB, 0x0C, 0x7A, 0xAA, 0x5B, 0x8A,
    0x5A, 0xD1, 0x64, 0x03, 0x49, 0x82, 0x34, 0x8A, 0x68, 0xDE, 0x68, 0x59, 0x92, 0x5C, 0x9A, 0x16,
    0xD9, 0x5B, 0x4F, 0xB6, 0x97, 0xE6, 0xA7, 0xF9, 0x75, 0x8F, 0x42, 0x26, 0xA8, 0x5F, 0x58, 0x7C,
    0xF3, 0xB9, 0xB7, 0xCE, 0xE7, 0xC7, 0x39, 0x8A, 0x92, 0xA2, 0x56, 0x96, 0x4C, 0xA7, 0x8B, 0x5B,
    0xED, 0x5B, 0xFC, 0x10, 0x80, 0xEC, 0x03, 0x1B, 0xE7, 0xB3, 0xFA, 0xC7, 0x5B, 0x77, 0x81, 0x07,
    0xF5, 0x98, 0x0C, 0x56, 0xFB, 0x9D, 0x5F, 0xDE, 0x5F, 0x9A, 0x9F, 0x1A, 0x3D, 0xCA, 0x0F, 0x2C,
    0x72, 0xFA, 0x40, 0xA1, 0x6C, 0x5F, 0x02, 0x3F, 0xAF, 0x26, 0xA0, 0xE3, 0x18, 0x6F, 0x16, 0x00,
    0x51, 0xE8, 0x72, 0x37, 0x9D, 0xC8, 0x87, 0x04, 0x69, 0x09, 0x63, 0x26, 0xD0, 0x36, 0x5B, 0xA1,
    0x6C, 0xBE, 0x40, 0xCD, 0xC5, 0x82, 0x6A, 0x2E, 0x3C, 0x2A, 0x47, 0x98, 0x4B, 0x0F, 0x35, 0x57,
    0x2E, 0x81, 0x55, 0x33, 0x6A, 0x4B, 0x5F, 0x6A, 0x94, 0x65, 0xB7, 0x16, 0xC3, 0xD8, 0xD8, 0x4C,
    0xDA, 0xC6, 0x94, 0x2B, 0xB4, 0x88, 0x23, 0x4C, 0x01, 0x3E, 0xC1, 0x56, 0xEE, 0x51, 0xBD, 0xEF,
    0x50, 0x88, 0xE6, 0x9D, 0x95, 0x8A, 0x88, 0x3F, 0xEB, 0xFE, 0x5E, 0x44, 0x4B, 0xFD, 0x3C, 0x3F,
    0x25, 0x0B, 0xD7, 0x8E, 0x28, 0xAB, 0x60, 0x73, 0x4E, 0x9B, 0x77, 0xDA, 0xDC, 0xD3, 0xE6, 0x9F,
    0xE8, 0x9B, 0x0E, 0xA4, 0x8B, 0x22, 0x96, 0x33, 0x36, 0xDF, 0xBB, 0x79, 0xA9, 0xCD, 0x4D, 0x6D,
    0xEE, 0x77, 0x77, 0x54, 0x83, 0xB8, 0x2B, 0xCA, 0x13, 0x84, 0x16, 0x14, 0xA8, 0x39, 0xF0, 0xAE,
    0x5C, 0x1E, 0x61, 0x21, 0xE5, 0x08, 0x24, 0xAF, 0x65, 0xAD, 0xE6, 0x4E, 0x16, 0x15, 0xC0, 0x6F,
    0xBC, 0x09, 0x7A, 0x52, 0x16, 0xDD, 0x58, 0x5B, 0x04, 0xCA, 0xB6, 0x14, 0xF6, 0xE5, 0x49, 0xD9,
    0x1C, 0x94, 0x9B, 0x31, 0x81, 0x16, 0x47, 0x98, 0x81, 0x6F, 0x46, 0x9B, 0xD0, 0x5A, 0x18, 0x12,
    0x4B, 0x92, 0x3C, 0x7B, 0x5D, 0x61, 0x0B, 0x23, 0x4A, 0x91, 0x9E, 0xD0, 0xEE, 0xD6, 0x15, 0x4B,
    0x30, 0x84, 0x29, 0x13, 0x00, 0x19, 0x15, 0x9F, 0x13, 0x8A, 0xE5, 0x00, 0x0F, 0xF0, 0xAF, 0x02,
    0x63, 0x52, 0x88, 0x40, 0x15, 0x42, 0xD9, 0x1D, 0x6A, 0x42, 0x13, 0xC1, 0x00, 0xC9, 0xBA, 0x09,
    0x66, 0x04, 0xF4, 0xAC, 0x27, 0x61, 0x42, 0xB5, 0x52, 0xD7, 0x53, 0x2E, 0x32, 0x57, 0xAE, 0xF4,
    0xCA, 0xE4, 0xBE, 0x19, 0x33, 0xAF, 0x45, 0xF6, 0xEA, 0x74, 0x4F, 0x3B, 0x65, 0xAD, 0x36, 0xD5,
    0x58, 0x8B, 0x4C, 0x51, 0xF2, 0xE1, 0x43, 0x20, 0xBB, 0x7B, 0xAB, 0x45, 0x6E, 0x55, 0x8F, 0xEC,
    0x13, 0xEA, 0x4A, 0x28, 0x70, 0xF3, 0x21, 0x2E, 0x4C, 0xAB, 0xC6, 0x3D, 0xD4, 0x3F, 0x70, 0x50,
    0x62, 0x51, 0x72, 0x4E, 0x3E, 0x7D, 0x36, 0xB5, 0x34, 0xF7, 0x94, 0xD9, 0xA1, 0xEA, 0x2F, 0xCD,
    0x0A, 0xB7, 0x93, 0x07, 0x5D, 0xD3, 0x9C, 0x3C, 0xDB, 0x60, 0x67, 0x08, 0xEF, 0xBE, 0xA8, 0xF0,
    0x85, 0xE1, 0x47, 0x29, 0xD8, 0x48, 0xF2, 0x0F, 0xF3, 0x0E, 0xCD, 0x74, 0x06, 0x0F, 0xC7, 0xD6,
    0x69, 0x20, 0xCA, 0xD8, 0xC6, 0x18, 0x30, 0x5F, 0x80, 0xCC, 0x71, 0x0A, 0x2F, 0x1D, 0xA5, 0xF1,
    0xBB, 0x70, 0x6A, 0xBC, 0xF8, 0x60, 0x7C, 0xDB, 0xA3, 0xFA, 0xA5, 0x45, 0x21, 0x23, 0x62, 0x37,
    0x3F, 0x39, 0xDB, 0x6C, 0x9C, 0x68, 0xFB, 0x92, 0x5E, 0xC7, 0x38, 0xF4, 0x3E, 0x90, 0x79, 0x1D,
    0xE0, 0xCD, 0x67, 0x6E, 0x0A, 0x59, 0xEC, 0x43, 0x8B, 0x5F, 0x7D, 0xE3, 0xE2, 0xD7, 0xC9, 0x28,
    0xFD, 0x10, 0xA0, 0x8D, 0x80, 0xA1, 0x1F, 0x02, 0xB4, 0x43, 0x0F, 0x69, 0xBB, 0x11, 0x5C, 0x64,
    0x72, 0x01, 0x83, 0xD6, 0xE4, 0xDB, 0x5F, 0x71, 0x0B, 0x1B, 0xDB, 0x57, 0xC8, 0x2C, 0x46, 0xE0,
    0x1F, 0x3B, 0x06, 0x8C, 0x89, 0x24, 0xCA, 0x55, 0x8D, 0xD0, 0xF2, 0x9B, 0x91, 0x6A, 0xEE, 0x8B,
    0x35, 0x97, 0xB6, 0x74, 0x90, 0xB6, 0xB2, 0x18, 0x38, 0x91, 0x64, 0x83, 0x7A, 0xC2, 0x1A, 0x20,
    0x4B, 0x7E, 0x54, 0xCD, 0x55, 0xD2, 0x75, 0x41, 0x45, 0xA2, 0xFB, 0xC0, 0x9D, 0x84, 0x30, 0xB5,
    0xC1, 0xD7, 0xD9, 0xA5, 0xA6, 0x42, 0x3A, 0x59, 0x80, 0x5B, 0x42, 0x8D, 0x64, 0xB6, 0x1A, 0x91,
    0x39, 0x06, 0x05, 0x22, 0xBB, 0xDD, 0xB3, 0x16, 0x17, 0x56, 0x49, 0x35, 0xDE, 0x21, 0xBC, 0x16,
    0xE0, 0xBF, 0x3C, 0x5D, 0xFC, 0x1C, 0x1B, 0x7B, 0x2C, 0x2A, 0x41, 0x61, 0xF6, 0x4F, 0x14, 0xA1,
    0x1C, 0x71, 0xF1, 0x01, 0x82, 0x23, 0x7D, 0xA0, 0x29, 0xEE, 0x20, 0x96, 0xCB, 0x6B, 0xE3, 0xA2,
    0xA4, 0x8F, 0xA2, 0xFA, 0xBD, 0xC1, 0x08, 0x0D, 0x41, 0x1D, 0x7A, 0xF8, 0x2A, 0x8E, 0x52, 0xF2,
    0x43, 0x15, 0x75, 0x85, 0x13, 0x19, 0x34, 0xBF, 0x7E, 0xE2, 0xF1, 0x28, 0x0C, 0xF0, 0x84, 0x62,
    0x25, 0x2A, 0x21, 0xEA, 0x97, 0x28, 0xD4, 0x5A, 0x4D, 0x48, 0x45, 0xA8, 0x0F, 0x08, 0x20, 0x1B,
    0x22, 0xDB, 0x31, 0x5B, 0x91, 0xF3, 0xA1, 0x2F, 0xCD, 0x17, 0x62, 0xE1, 0xD3, 0x53, 0x4A, 0xF2,
    0xA7, 0xE2, 0x12, 0xAA, 0x39, 0x3E, 0xF6, 0xEA, 0xA9, 0xE3, 0x13, 0x53, 0xFE, 0x80, 0x7C, 0xF4,
    0x14, 0x9F, 0xF1, 0xEA, 0x01, 0xBE, 0x0F, 0xE4, 0x02, 0x54, 0x41, 0x23, 0xCD, 0x8F, 0x0C, 0xFE,
    0x3A, 0xDB, 0xE4, 0x5E, 0x81, 0x8C, 0x99, 0xB9, 0xDF, 0x6A, 0xC1, 0xEA, 0x58, 0x49, 0x7B, 0xB8,
    0x5B, 0x7D, 0x2A, 0x33, 0xF5, 0xA1, 0x96, 0x62, 0x61, 0x10, 0xA9, 0x4C, 0xB6, 0x50, 0x5D, 0x0C,
    0xE1, 0xF4, 0x58, 0x6C, 0xB5, 0x2F, 0x1C, 0xC3, 0x37, 0xD6, 0x01, 0x95, 0x15, 0x0A, 0x35, 0xF4,
    0xF1, 0x69, 0x89, 0x24, 0x9C, 0x98, 0x2B, 0x09, 0xC5, 0x46, 0x34, 0x95, 0xFC, 0xDB, 0xBF, 0xCB,
    0xDD, 0x83, 0x39, 0x1F, 0xB2, 0x4D, 0x98, 0x98, 0xBB, 0xF8, 0xCC, 0xC4, 0x1B, 0x98, 0x1B, 0x32,
    0x3F, 0xE5, 0x4C, 0xDC, 0x59, 0x3D, 0xB9, 0xFE, 0x04, 0xB5, 0x78, 0x34, 0x42, 0x65, 0x5E, 0xB1,
    0x2A, 0x3F, 0x87, 0x55, 0xF3, 0x39, 0xAC, 0xF2, 0xF9, 0x5B, 0xD5, 0xFA, 0x9A, 0x12, 0xDF, 0x54,
    0x06, 0x38, 0xB1, 0xDE, 0x61, 0xB4, 0x72, 0x13, 0xFA, 0x4A, 0xD6, 0x5D, 0xC4, 0x6B, 0x36, 0xE9,
    0x46, 0xAA, 0xA5, 0x34, 0xAF, 0xD6, 0x8B, 0xD3, 0x62, 0x6F, 0xD7, 0x23, 0xA8, 0x7E, 0x3E, 0x6C,
    0xC4, 0xA1, 0x98, 0x39, 0xE8, 0xAA, 0x83, 0xAA, 0xE1, 0x40, 0xAD, 0x47, 0x34, 0x9B, 0x3D, 0x7B,
    0xD4, 0xB2, 0xC6, 0x67, 0x39, 0x5B, 0x0C, 0x2A, 0x47, 0xC7, 0x07, 0xC0, 0x17, 0x15, 0xE3, 0x56,
    0xFB, 0xB5, 0xE0, 0xC5, 0x83, 0xFB, 0xA6, 0xF3, 0x1E, 0xFA, 0xB3, 0x85, 0x61, 0x4C, 0x1A, 0x42,
    0x52, 0x25, 0x96, 0x71, 0xC0, 0xD3, 0x5F, 0x58, 0x9E, 0xD4, 0x74, 0x9C, 0x08, 0x0F, 0x37, 0x3D,
    0xB4, 0xD7, 0x67, 0x1E, 0x87, 0xDD, 0xF2, 0xB0, 0x84, 0xE5, 0x84, 0x06, 0x78, 0x35, 0xCE, 0x66,
    0xB1, 0x7C, 0xD8, 0x66, 0x69, 0x50, 0xCF, 0x6C, 0x76, 0x9F, 0xCB, 0x47, 0x7F, 0x7C, 0xB8, 0x15,
    0x07, 0x3E, 0x12, 0x87, 0xDD, 0x82, 0x6C, 0x39, 0x91, 0xF9, 0x68, 0xF3, 0x5E, 0x6C, 0x73, 0xB0,
    0x68, 0x7A, 0xA0, 0x46, 0xFA, 0xDB, 0x3B, 0x38, 0x5F, 0x69, 0xB9, 0xCF, 0x7D, 0xE1, 0x0B, 0x57,
    0xCC, 0xE5, 0x5C, 0x59, 0xC5, 0xFF, 0x4C, 0x3D, 0xD5, 0x63, 0x33, 0xEA, 0x51, 0xF7, 0x10, 0x4E,
    0xEB, 0x2C, 0x60, 0xE9, 0xB3, 0x35, 0x20, 0xD3, 0xC0, 0x2D, 0x05, 0x64, 0x16, 0xEC, 0x03, 0xDA,
    0x0D, 0xCB, 0x80, 0xB5, 0xAD, 0x5C, 0x40, 0x53, 0xCD, 0x0C, 0x37, 0x55, 0x40, 0x66, 0x82, 0x01,
    0xC7, 0x0D, 0xEB, 0x80, 0xDD, 0xD8, 0x18, 0xFA, 0x7C, 0x86, 0xA3, 0xD2, 0x6A, 0x22, 0xF4, 0xF8,
    0xED, 0x62, 0x0D, 0x28, 0xCC, 0x93, 0x02, 0xD2, 0x03, 0x3C, 0xBB, 0xB6, 0xF4, 0x3B, 0x0D, 0x32,
    0x69, 0xA5, 0xCF, 0x04, 0xD2, 0xE3, 0x3E, 0x1E, 0xE0, 0x28, 0xD4, 0xD2, 0x4A, 0xE1, 0x02, 0x67,
    0x47, 0x8D, 0x11, 0x4A, 0xCA, 0x54, 0xD9, 0xC2, 0x11, 0x48, 0xBD, 0x0C, 0x60, 0x68, 0x74, 0x0A,
    0x52, 0x13, 0x9A, 0x51, 0x99, 0x00, 0x35, 0xD5, 0x40, 0xE8, 0x9B, 0x63, 0xE1, 0xA0, 0xC1, 0x68,
    0x6A, 0x0C, 0x02, 0x40, 0x3C, 0x21, 0x9A, 0x2D, 0xEB, 0xF7, 0xB5, 0xBD, 0x71, 0x01, 0x1E, 0xD0,
    0xE1, 0xB9, 0x2E, 0xC0, 0xDD, 0x67, 0xC0, 0x72, 0x73, 0x50, 0x4B, 0x48, 0x9B, 0x9A, 0x55, 0x84,
    0xD3, 0xA0, 0x36, 0x42, 0x6D, 0xD8, 0x68, 0x84, 0x63, 0x55, 0x24, 0xD0, 0x34, 0x5F, 0xCF, 0x04,
    0x5C, 0x28, 0x08, 0x8E, 0xAB, 0x45, 0x0F, 0xA4, 0x6D, 0x39, 0x03, 0xAC, 0x33, 0x4A, 0xEB, 0xF1,
    0x44, 0xFB, 0x77, 0x88, 0x65, 0x48, 0x55, 0x76, 0xC7, 0xCC, 0x7A, 0x93, 0x63, 0x0E, 0xD5, 0x6E,
    0x4B, 0x92, 0x62, 0x35, 0xA1, 0x4E, 0xE0, 0x64, 0xE0, 0x88, 0x68, 0xA4, 0x85, 0x5E, 0x80, 0xBF,
    0x79, 0x13, 0xB4, 0x4F, 0xB1, 0x12, 0x95, 0x8B, 0x56, 0xB2, 0xA0, 0x19, 0x46, 0x64, 0x6B, 0x21,
    0x24, 0x5C, 0x79, 0x92, 0x6D, 0x2C, 0x3B, 0x18, 0xC6, 0x80, 0xAB, 0xB4, 0xD8, 0x12, 0x6D, 0xE2,
    0x08, 0x54, 0x42, 0xFD, 0x29, 0x79, 0x85, 0x1D, 0x2D, 0x6A, 0x0E, 0x38, 0xB3, 0xB1, 0xDA, 0x96,
    0x9E, 0xB4, 0x8B, 0x85, 0x98, 0x4B, 0x8C, 0x09, 0xD8, 0x33, 0x87, 0x64, 0x1A, 0x9B, 0x27, 0xA5,
    0x9C, 0x88, 0xCA, 0x12, 0x6B, 0x22, 0xE5, 0x3E, 0x42, 0x2D, 0xD5, 0x12, 0xBF, 0x42, 0x20, 0x75,
    0xF2, 0x4E, 0x40, 0xF6, 0xC9, 0x16, 0x2E, 0x01, 0xC7, 0xC8, 0x8A, 0xD2, 0xD6, 0x74, 0x06, 0xDD,
    0x04, 0xF5, 0xB1, 0x00, 0xEA, 0x23, 0x1F, 0x40, 0xE2, 0x26, 0x3B, 0x07, 0xAF, 0x50, 0xBC, 0xDF,
    0x2F, 0x80, 0x7E, 0x7B, 0x0D, 0xD0, 0x0B, 0xA1, 0xE3, 0xA4, 0xA3, 0x88, 0x34, 0xD8, 0x90, 0xA4,
    0xD9, 0xCB, 0x6B, 0x04, 0x61, 0xBF, 0x04, 0xAC, 0x84, 0x57, 0x09, 0x33, 0xE1, 0xEE, 0xDE, 0x6F,
    0x65, 0x95, 0x0B, 0xA0, 0x0D, 0x94, 0x95, 0x16, 0xEA, 0x03, 0x4E, 0xA4, 0xDF, 0xCC, 0x27, 0xFD,
    0x0A, 0xFB, 0xFD, 0x2D, 0xFB, 0x1D, 0x25, 0x40, 0x3B, 0xDC, 0xD0, 0xAF, 0x00, 0x19, 0xD5, 0x6F,
    0x93, 0xF5, 0xFA, 0x23, 0x4E, 0x80, 0xA4, 0xFF, 0xCD, 0xBA, 0xD2, 0x4E, 0xB4, 0x12, 0xB5, 0xB0,
    0x55, 0x6A, 0xBE, 0x62, 0x75, 0xB4, 0x46, 0xAA, 0x24, 0x1E, 0x6A, 0xC3, 0x6A, 0x80, 0xEB, 0x19,
    0x12, 0x37, 0x80, 0x39, 0xB3, 0x2C, 0x47, 0x5E, 0xD3, 0x82, 0xE5, 0x61, 0x87, 0x55, 0x1C, 0x0E,
    0x8B, 0x83, 0x72, 0x77, 0xB2, 0x26, 0x39, 0xD9, 0xE6, 0x9A, 0x93, 0xD5, 0xBF, 0x86, 0x5E, 0xD9,
    0xF7, 0x9F, 0x46, 0xD4, 0x54, 0xEA, 0x36, 0x6D, 0x01, 0x8E, 0xDB, 0xA4, 0xAE, 0x53, 0x4E, 0xFC,
    0x97, 0xB1, 0xBF, 0x15, 0x4B, 0xB6, 0xD0, 0xEB, 0xD1, 0xEF, 0x95, 0x73, 0x69, 0xA3, 0xDF, 0x33,
    0xF4, 0x7B, 0x4D, 0xF2, 0x7B, 0xFA, 0xD7, 0x7A, 0x65, 0xAF, 0xCC, 0x31, 0x1A, 0xD3, 0x98, 0x7A,
    0xAC, 0xFA, 0x1A, 0xFF, 0x3F, 0x4E, 0x86, 0x3E, 0x7A, 0xAC, 0x08, 0x99, 0xA0, 0x1E, 0xB9, 0x2B,
    0xD8, 0xE6, 0x2B, 0xEE, 0x50, 0xF6, 0xAF, 0x5E, 0x9F, 0xF9, 0x84, 0x2A, 0x82, 0x43, 0x94, 0x9E,
    0xF0, 0xD9, 0x39, 0xAD, 0x3F, 0x80, 0xEA, 0x29, 0x27, 0xAC, 0xCA, 0x62, 0xA9, 0x6D, 0xB6, 0x54,
    0x26, 0xF7, 0xE5, 0x58, 0x78, 0xD5, 0x16, 0xFE, 0x2B, 0x9F, 0x35, 0x8D, 0x59, 0xA9, 0x6E, 0x2A,
    0x3B, 0x56, 0xBD, 0xB1, 0xA7, 0xCE, 0xA9, 0xF4, 0x28, 0xC5, 0xA3, 0xD5, 0xAE, 0xFA, 0xD2, 0x6B,
    0x53, 0xF9, 0xCE, 0x54, 0xAE, 0x1B, 0xD5, 0xDC, 0xB4, 0x8F, 0x54, 0xFB, 0xE7, 0x0D, 0x86, 0x7B,
    0xD5, 0xEF, 0x56, 0xF5, 0x3B, 0x09, 0x03, 0x5D, 0xFD, 0xA7, 0xFB, 0xCC, 0xC1, 0xA0, 0x4F, 0x9D,
    0x5F, 0x17, 0xE1, 0xDA, 0x56, 0x31, 0x85, 0xAE, 0xC6, 0x00, 0xD2, 0x23, 0x63, 0xFC, 0x9C, 0x73,
    0x92, 0xD4, 0xD2, 0xA7, 0xAD, 0x5B, 0x4D, 0xF8, 0xB3, 0xA4, 0x74, 0xC2, 0xA1, 0x74, 0x11, 0x39,
    0x60, 0x3D, 0xD6, 0x5A, 0x3E, 0x27, 0x6B, 0xED, 0x3A, 0x15, 0x32, 0xD6, 0xD2, 0x6A, 0x0B, 0x7D,
    0x63, 0x7C, 0xF0, 0x29, 0x6A, 0x41, 0x1A, 0x12, 0x96, 0x58, 0x8F, 0x44, 0xDD, 0x12, 0xEF, 0x13,
    0x32, 0x87, 0xBD, 0x48, 0x4F, 0xC1, 0x65, 0x8C, 0x71, 0x03, 0x3D, 0x5B, 0x26, 0x36, 0xAE, 0xD3,
    0x73, 0xC0, 0x5C, 0x5C, 0xC6, 0x44, 0xC6, 0x73, 0xC1, 0x5E, 0xD7, 0xB8, 0x66, 0x4B, 0xC0, 0xD2,
    0x0F, 0x2F, 0x70, 0xD9, 0xEE, 0xDE, 0x25, 0xEA, 0x80, 0x6A, 0xAE, 0x3F, 0x8A, 0xFB, 0xC9, 0x32,
    0x07, 0xAC, 0x84, 0xAB, 0x78, 0x21, 0x96, 0x2E, 0x93, 0x38, 0x65, 0x12, 0x03, 0x15, 0xE2, 0x88,
    0x2E, 0xAD, 0xEB, 0xC9, 0xCD, 0x55, 0xFB, 0x09, 0x0E, 0x38, 0x81, 0x37, 0xB1, 0x87, 0xA9, 0xFA,
    0xBD, 0xCC, 0x6A, 0x0B, 0x5E, 0xBD, 0xB2, 0xB9, 0xAF, 0x4D, 0xA8, 0xD3, 0x11, 0xB8, 0xBA, 0x58,
    0x7B, 0x06, 0xAE, 0x95, 0x65, 0xA5, 0xB7, 0x61, 0xB6, 0xF3, 0x78, 0x19, 0x9D, 0x94, 0xC2, 0x10,
    0xAB, 0x99, 0xA8, 0x22, 0x96, 0xF6, 0xDA, 0xEF, 0x47, 0xE2, 0xAD, 0xB3, 0xF9, 0xEE, 0xE5, 0x4E,
    0x9A, 0x32, 0xAC, 0x5D, 0xF2, 0x22, 0x3F, 0x05, 0xF0, 0x0F, 0xD1, 0xF8, 0x45, 0x9C, 0xC8, 0x6F,
    0xB0, 0x4F, 0x25, 0xED, 0xBE, 0xF6, 0x23, 0x9F, 0xFF, 0x8F, 0x8C, 0x04, 0xF5, 0xB6, 0x47, 0xF9,
    0xDF, 0x16, 0xC5, 0xD5, 0xA9, 0xC9, 0xB9, 0x9A, 0x69, 0x70, 0x32, 0x35, 0x3B, 0xB2, 0xFE, 0x8B,
    0x63, 0xB1, 0xFB, 0xC6, 0xF2, 0xAC, 0x03, 0x96, 0x81, 0x0C, 0x85, 0x64, 0xFB, 0xA1, 0xCF, 0xD7,
    0x63, 0xBF, 0x9E, 0x70, 0xEC, 0xD7, 0x23, 0x00, 0x93, 0x23, 0xC4, 0x9C, 0x6F, 0x4D, 0x60, 0xB2,
    0x05, 0x94, 0xE3, 0x8F, 0x52, 0x9D, 0x3F, 0x54, 0xA7, 0xA9, 0xBA, 0x59, 0xBF, 0xEB, 0x1E, 0xA9,
    0x3A, 0xDC, 0xAC, 0x3A, 0x24, 0xEC, 0x88, 0x14, 0x24, 0x0D, 0x84, 0xE2, 0x79, 0xA1, 0x06, 0xC5,
    0x23, 0x05, 0x0C, 0xC8, 0x1E, 0xB4, 0x67, 0x0E, 0x36, 0x56, 0x4A, 0xC2, 0x2E, 0x1B, 0xE9, 0xA3,
    0xB3, 0xD6, 0x1F, 0x02, 0x45, 0x3A, 0xB3, 0x48, 0x70, 0x55, 0x32, 0xEE, 0x50, 0xD6, 0x22, 0xC0,
    0x20, 0x32, 0xE6, 0xD2, 0x76, 0x36, 0x1E, 0x41, 0x29, 0xE6, 0xBA, 0x8D, 0x41, 0xE9, 0xF5, 0x44,
    0x18, 0x51, 0xF8, 0x6E, 0xA4, 0x52, 0xFA, 0x00, 0xD2, 0xA3, 0x72, 0x0C, 0x3A, 0x66, 0x82, 0x65,
    0xFA, 0x66, 0x3A, 0xB2, 0x25, 0xFD, 0xBE, 0x99, 0xCB, 0xE8, 0x24, 0x1D, 0xF2, 0x18, 0xB5, 0x35,
    0x9F, 0x80, 0x7D, 0x2C, 0x7B, 0x40, 0x42, 0xC6, 0x57, 0xA5, 0x8A, 0x13, 0x42, 0x66, 0x7E, 0xEC,
    0x51, 0xD1, 0x0C, 0x8A, 0xD6, 0x69, 0x18, 0xA6, 0xE8, 0x08, 0x3D, 0x64, 0x87, 0x8C, 0xD1, 0x3D,
    0xAD, 0x6F, 0xEA, 0x99, 0x72, 0x1B, 0x12, 0x6A, 0xD3, 0xC6, 0x74, 0x3C, 0xCC, 0xC8, 0x67, 0x9E,
    0x06, 0xCB, 0x4A, 0x8D, 0x3B, 0x32, 0x6C, 0x2F, 0x4D, 0x55, 0xB5, 0xB7, 0xE3, 0x84, 0x21, 0xB7,
    0x39, 0x9D, 0xD0, 0xE3, 0xE9, 0x3F, 0x01, 0x5F, 0xA8, 0x5F, 0x30, 0x33, 0x7A, 0xC3, 0xA4, 0xB3,
    0x55, 0xAF, 0x19, 0xC7, 0x2D, 0x97, 0xE6, 0x8B, 0x8E, 0xB9, 0xA4, 0xEF, 0xE8, 0xAE, 0x18, 0x6B,
    0xBD, 0xCF, 0x55, 0xFE, 0x67, 0xE6, 0xCB, 0xE7, 0x7B, 0x4B, 0xDE, 0x10, 0xCE, 0x34, 0x11, 0xBE,
    0x88, 0x32, 0x71, 0x4F, 0xCD, 0xC4, 0xE0, 0x88, 0xF2, 0x70, 0xCB, 0x87, 0x31, 0x8B, 0xD9, 0x02,
    0xB6, 0x89, 0x2F, 0xD6, 0x41, 0xD6, 0xED, 0xB5, 0x60, 0xE8, 0xF9, 0x4A, 0x49, 0xF8, 0xD5, 0x2B,
    0xDB, 0x5E, 0x05, 0x5F, 0x43, 0x5B, 0xAE, 0x7C, 0xF5, 0x8A, 0x2F, 0x3D, 0xC5, 0x98, 0x80, 0xBD,
    0x92, 0xC0, 0xF6, 0xCA, 0x86, 0x5F, 0x51, 0x0B, 0x78, 0x76, 0xC5, 0x60, 0x00, 0x91, 0x9F, 0xA7,
    0x2D, 0x23, 0xE1, 0xDA, 0x5E, 0x49, 0x3F, 0xB4, 0xB5, 0x61, 0x2A, 0xDA, 0x36, 0x91, 0x4E, 0xBF,
    0x5D, 0x25, 0x69, 0x75, 0xBF, 0xBD, 0xDA, 0x92, 0x5F, 0xEA, 0x18, 0x11, 0x41, 0xF7, 0xB5, 0xC3,
    0x53, 0xD0, 0x53, 0xB7, 0x64, 0xEE, 0xAA, 0x23, 0xDF, 0x89, 0x41, 0x36, 0x4C, 0xD5, 0x8A, 0x23,
    0x40, 0x58, 0x8F, 0x54, 0xE4, 0xA1, 0x03, 0x92, 0x99, 0x20, 0x11, 0x18, 0x4C, 0x76, 0x13, 0x35,
    0x69, 0xF2, 0x75, 0xCB, 0x8D, 0xF4, 0x44, 0x21, 0x28, 0xC9, 0x30, 0x96, 0x3E, 0x97, 0xE3, 0x80,
    0xC4, 0xD0, 0x9A, 0x96, 0x4E, 0x2D, 0xC2, 0xBC, 0x65, 0xDE, 0x8D, 0x29, 0x3D, 0x9A, 0xF8, 0x37,
    0x13, 0xFF, 0x7A, 0x24, 0x93, 0x31, 0x97, 0x24, 0x05, 0x23, 0x3D, 0x46, 0x8E, 0x36, 0xDD, 0x36,
    0xE1, 0x8F, 0x4D, 0x5F, 0x7E, 0x2C, 0x6D, 0xF5, 0x29, 0x9B, 0xEE, 0xA1, 0x98, 0x8C, 0x38, 0xDA,
    0xE3, 0x2A, 0x90, 0xD4, 0x7B, 0xBD, 0x76, 0x9A, 0x3E, 0x5C, 0x56, 0xF8, 0xA3, 0xD4, 0xED, 0xE9,
    0xA6, 0x2D, 0x59, 0xD4, 0x88, 0xAB, 0x72, 0x0A, 0xEE, 0x33, 0x5F, 0x99, 0xCC, 0x0F, 0x53, 0xBE,
    0x72, 0xEE, 0x18, 0x14, 0xD2, 0xA2, 0x58, 0x53, 0x36, 0x31, 0x1F, 0xE1, 0x32, 0xEB, 0x11, 0x2E,
    0x27, 0xA6, 0x47, 0x69, 0xD2, 0x02, 0x37, 0xF4, 0x9B, 0xDE, 0xEA, 0xB4, 0xB8, 0x7D, 0x03, 0xA0,
    0x06, 0xE3, 0xAC, 0x79, 0xB0, 0xFB, 0xA9, 0xE6, 0xB1, 0x18, 0x34, 0xA3, 0x14, 0x14, 0x42, 0xC7,
    0xFD, 0x96, 0x2F, 0xC7, 0xA0, 0x29, 0x4E, 0x5C, 0x8E, 0x3C, 0xD9, 0xEC, 0xD4, 0xAE, 0x36, 0x39,
    0xC4, 0xA4, 0xE5, 0x60, 0x90, 0x38, 0xF9, 0xEE, 0x33, 0xE2, 0x79, 0x2A, 0xE5, 0x3C, 0x12, 0x61,
    0xE2, 0x67, 0x3E, 0x2A, 0x83, 0x0A, 0x14, 0x93, 0x1C, 0x6A, 0x16, 0x7F, 0xD9, 0x10, 0xAA, 0x14,
    0xA3, 0xD7, 0x28, 0x1D, 0xBA, 0xA9, 0xB6, 0xE8, 0xE8, 0x97, 0x6A, 0x91, 0x96, 0xFE, 0x2F, 0x32,
    0x49, 0x89, 0x2D, 0x0D, 0xF0, 0xE0, 0xEA, 0x44, 0xAF, 0xFE, 0x24, 0xB6, 0xCB, 0x13, 0xFD, 0xC2,
    0xDD, 0xE2, 0x9F, 0x47, 0xF3, 0x66, 0xEC, 0xA0, 0x5B, 0xE3, 0xE1, 0x64, 0x32, 0x5C, 0x5F, 0xB5,
    0x43, 0xAB, 0x19, 0xF7, 0x73, 0xDE, 0xCB, 0x5D, 0x3A, 0xA2, 0x16, 0xC9, 0xD2, 0x9D, 0x65, 0xE6,
    0x33, 0xB3, 0x1B, 0x0F, 0xDC, 0xEA, 0xBF, 0x7B, 0x71, 0x7E, 0xF7, 0xD9, 0x0A, 0xA2, 0x91, 0x9A,
    0x37, 0x26, 0xFC, 0x53, 0xFE, 0xE6, 0x99, 0xFC, 0xBE, 0x80, 0xF0, 0x2E, 0x0A, 0xDF, 0x9E, 0x0A,
    0xEF, 0x3E, 0x4B, 0xF8, 0x99, 0xC2, 0x1B, 0xD4, 0xA4, 0x9B, 0xCB, 0x27, 0x29, 0x26, 0xC6, 0x3D,
    0x82, 0xB4, 0x7B, 0x22, 0xA4, 0x02, 0x70, 0xB2, 0xA1, 0xE4, 0x17, 0xA7, 0x3C, 0xCA, 0xC4, 0x23,
    0x89, 0x38, 0x2C, 0x69, 0x79, 0x91, 0x8D, 0x07, 0x37, 0x37, 0x3E, 0x92, 0xB8, 0xD7, 0x7E, 0x4B,
    0xCC, 0x36, 0xD7, 0xE6, 0xB4, 0xA1, 0xF6, 0x4A, 0x1B, 0x67, 0xBD, 0xA2, 0xAA, 0x66, 0xA4, 0x0D,
    0xB7, 0xC2, 0x3E, 0x00, 0xB2, 0x3F, 0x50, 0xE2, 0xC1, 0xEC, 0x7E, 0xE0, 0x6B, 0x17, 0x1F, 0xA3,
    0xFA, 0x85, 0x19, 0xEA, 0xBD, 0x89, 0x36, 0x61, 0x0F, 0xC0, 0x5B, 0x67, 0x8F, 0xD1, 0x8E, 0x6E,
    0x63, 0xD8, 0xA1, 0xBD, 0xF9, 0x18, 0xDC, 0x24, 0xD8, 0x93, 0xE6, 0xCF, 0xBD, 0x5F, 0x85, 0x04,
    0x19, 0x21, 0x5F, 0x77, 0x80, 0x4D, 0x19, 0x13, 0x29, 0x02, 0xD9, 0xFD, 0xB4, 0x85, 0x45, 0xEE,
    0xA9, 0x75, 0x3C, 0x19, 0x93, 0xE4, 0x3D, 0xAB, 0xEF, 0xC4, 0x0F, 0x7C, 0x1C, 0xB3, 0xFA, 0xF9,
    0xA1, 0x2D, 0x1E, 0x3E, 0x0D, 0xC7, 0xC8, 0xA4, 0x78, 0xDC, 0xDE, 0x67, 0x96, 0x8D, 0xB3, 0xE9,
    0xEF, 0xB3, 0xD9, 0x86, 0x5E, 0x8C, 0x77, 0x48, 0xE9, 0x8A, 0x7E, 0x6E, 0xA8, 0x82, 0x7E, 0x3F,
    0xF0, 0x72, 0x04, 0xE0, 0x82, 0xD4, 0xD3, 0x41, 0x9F, 0x6E, 0xB7, 0xCF, 0x9F, 0x61, 0x7E, 0xB1,
    0xA2, 0x21, 0xCF, 0xDB, 0x84, 0x9F, 0x92, 0xEE, 0x53, 0x24, 0x0C, 0x0C, 0x1B, 0x38, 0x90, 0x73,
    0x82, 0xCA, 0x1E, 0x92, 0x99, 0x04, 0xE4, 0x4F, 0xD8, 0xC5, 0xAB, 0x63, 0x54, 0x43, 0xC8, 0xA5,
    0x7F, 0x34, 0xB7, 0x87, 0x08, 0x4E, 0x88, 0x53, 0xEE, 0x80, 0x29, 0x12, 0x7C, 0x34, 0x37, 0x62,
    0xFF, 0xB0, 0x63, 0x8F, 0xB1, 0x64, 0x13, 0xEB, 0x7A, 0x6C, 0x08, 0x37, 0x62, 0xA1, 0x63, 0x35,
    0xC7, 0x6E, 0x52, 0xC5, 0xCA, 0x9F, 0x65, 0x46, 0x11, 0x6A, 0xBA, 0x02, 0x58, 0x71, 0xAF, 0xE5,
    0xA5, 0x96, 0x51, 0x12, 0x50, 0xBE, 0xEB, 0x81, 0x0C, 0x4F, 0x21, 0x96, 0x98, 0x6E, 0x05, 0xA8,
    0x5C, 0x19, 0x20, 0xDD, 0x7F, 0x9B, 0xE3, 0xFA, 0x45, 0xB0, 0xFB, 0x25, 0xB8, 0x3A, 0xDD, 0x2A,
    0x66, 0x34, 0x7A, 0xC0, 0x88, 0xAE, 0x0F, 0x30, 0x6C, 0x07, 0xBC, 0x11, 0xF4, 0xC8, 0x45, 0xCE,
    0x56, 0x9E, 0x32, 0xDB, 0xB4, 0x85, 0x3C, 0xD0, 0x9F, 0x54, 0xFD, 0x0C, 0xFD, 0x5B, 0x4E, 0x41,
    0x03, 0x37, 0x8C, 0x78, 0xF9, 0xFF, 0x81, 0x65, 0x4F, 0xAE, 0x58, 0xAF, 0x92, 0x2B, 0xD6, 0xAB,
    0xE4, 0x4A, 0x50, 0x87, 0xAA, 0x27, 0x69, 0xA3, 0xF6, 0x47, 0x2D, 0xAF, 0x8C, 0x95, 0x6B, 0xC6,
    0x6B, 0xC9, 0x55, 0x45, 0x9B, 0xB0, 0x5C, 0x98, 0x15, 0xC3, 0xEB, 0x21, 0x54, 0xFE, 0x9A, 0xE5,
    0x6C, 0x46, 0xE6, 0x34, 0x91, 0x1A, 0x52, 0x22, 0x75, 0x61, 0x5A, 0xB7, 0xB3, 0x19, 0xBA, 0x64,
    0xC0, 0x3F, 0x6D, 0x7E, 0xFE, 0xE5, 0xF3, 0xA9, 0xA1, 0x32, 0x6C, 0x99, 0x4B, 0xC3, 0x3F, 0x7F,
    0x3B, 0xC0, 0xF7, 0xBE, 0xB7, 0xCF, 0x96, 0xCB, 0x9B, 0x8D, 0xF1, 0x48, 0xF1, 0xA3, 0x16, 0x55,
    0xD1, 0xA3, 0x7A, 0x71, 0xDF, 0xF3, 0xF9, 0x12, 0x38, 0xD6, 0x3F, 0x9B, 0x79, 0xF4, 0xCF, 0xBC,
    0xB0, 0xE9, 0x91, 0x6D, 0x79, 0xA1, 0xBF, 0x34, 0xBD, 0xDC, 0x0F, 0x8C, 0x8B, 0x96, 0x94, 0xA7,
    0x36, 0x3F, 0x36, 0x40, 0xA7, 0xC6, 0x2B, 0x82, 0x20, 0xBB, 0x0D, 0xC8, 0x11, 0x24, 0x09, 0xB2,
    0x04, 0x69, 0x82, 0x3C, 0x8F, 0x1B, 0x12, 0x04, 0x3D, 0x81, 0x5C, 0x41, 0xB2, 0x20, 0x5B, 0x90,
    0xEE, 0xE7, 0x32, 0xAA, 0x4F, 0x19, 0xE9, 0xC0, 0x88, 0x90, 0x18, 0x75, 0x91, 0x11, 0x61, 0xE8,
    0x49, 0x26, 0xD0, 0xCA, 0xD8, 0x0D, 0xA3, 0xE3, 0xB9, 0xF6, 0xF4, 0x76, 0x73, 0x3C, 0x7A, 0x4A,
    0xF3, 0xA0, 0x3E, 0x2E, 0xFB, 0xBB, 0xE3, 0xB2, 0xFF, 0x7A, 0xF7, 0xEA, 0xB2, 0xFF, 0xB9, 0x76,
    0xBB, 0x03, 0x64, 0xF3, 0x76, 0xE9, 0xBB, 0x1C, 0xB7, 0xD8, 0xA6, 0x0C, 0x35, 0x5F, 0xAE, 0x36,
    0x85, 0x4B, 0x4F, 0x44, 0x2D, 0x44, 0x74, 0x4D, 0xCB, 0x97, 0x4F, 0x5A, 0x65, 0x91, 0x56, 0xD9,
    0x5C, 0xE2, 0x7D, 0xD9, 0x40, 0x83, 0xFB, 0xD0, 0xA5, 0x27, 0x33, 0x5B, 0xF1, 0x25, 0x4C, 0xFF,
    0xE5, 0x39, 0x99, 0x6B, 0x0B, 0x79, 0xFE, 0x0F, 0x33, 0xCF, 0x81, 0x5E, 0xF8, 0x1F, 0xA7, 0x27,
    0x0C, 0x2F, 0x7E, 0xEC, 0x98, 0x22, 0xBF, 0xF4, 0xBE, 0x63, 0x8A, 0xFC, 0xF7, 0x6F, 0x3B, 0x01,
    0x86, 0x57, 0x7E, 0xB0, 0xAC, 0xC0, 0xD0, 0x3D, 0xB7, 0xC6, 0x30, 0x28, 0x86, 0x35, 0xDD, 0x02,
    0x71, 0x40, 0xE7, 0x21, 0x96, 0xC9, 0xCB, 0xF6, 0xB2, 0x90, 0x69, 0x7B, 0x31, 0xE5, 0x9E, 0x62,
    0x4C, 0x16, 0x75, 0x8A, 0x23, 0xAF, 0xD1, 0x96, 0xB8, 0x92, 0x48, 0x31, 0x93, 0xC7, 0x13, 0x2F,
    0xFF, 0x39, 0x52, 0xE9, 0xDA, 0x0E, 0x43, 0xAB, 0x7B, 0x69, 0x05, 0x01, 0x9F, 0x5B, 0xA0, 0x7F,
    0x28, 0x3F, 0xF4, 0xD0, 0xAF, 0xCB, 0xEB, 0x0E, 0xFA, 0xC7, 0xFF, 0xF1, 0xAE, 0x85, 0x7E, 0xE3,
    0xBD, 0xF7, 0x02, 0xFE, 0xEB, 0x8B, 0x21, 0x56, 0x6A, 0x86, 0x78, 0x87, 0x64, 0x8D, 0x71, 0xAF,
    0x2F, 0x05, 0xA8, 0x5D, 0xB9, 0x06, 0xB4, 0xE5, 0x42, 0x8C, 0x67, 0xC9, 0x53, 0x31, 0xC7, 0x7E,
    0x8F, 0x2D, 0x37, 0xCA, 0xA6, 0x7E, 0x69, 0x10, 0x1A, 0x9F, 0x11, 0x0B, 0xC7, 0xB5, 0x6D, 0xCC,
    0x7E, 0xC9, 0x58, 0xC5, 0xA3, 0x35, 0x57, 0x71, 0x48, 0xA9, 0x19, 0xC5, 0xA2, 0x0D, 0xF2, 0x75,
    0x18, 0xB7, 0xB3, 0x02, 0x6C, 0xDE, 0xD0, 0x47, 0x2E, 0x84, 0xD3, 0x08, 0xA2, 0x8B, 0x70, 0x73,
    0xF0, 0xB0, 0x6F, 0xE6, 0xAA, 0xF8, 0xC7, 0x0F, 0xF6, 0x7F, 0xB5, 0xF0, 0x9D, 0x27, 0xDA, 0xC4,
    0xBF, 0xAF, 0x66, 0xE8, 0xF4, 0x4F, 0x3F, 0x78, 0xB8, 0xA1, 0x7B, 0xD4, 0xE3, 0x40, 0x12, 0x6B,
    0x80, 0xF7, 0x3D, 0x50, 0xF1, 0x1A, 0x50, 0xF9, 0xA9, 0x25, 0x8F, 0x89, 0xB0, 0x47, 0xCA, 0x31,
    0xB7, 0xCD, 0x8E, 0x74, 0xAB, 0xB2, 0x69, 0xED, 0x6F, 0x62, 0x4C, 0xBA, 0xEE, 0x82, 0x42, 0xB5,
    0x8E, 0x17, 0xC2, 0x7D, 0x80, 0xD7, 0x03, 0x34, 0x99, 0xBD, 0xB8, 0x0E, 0x50, 0x4F, 0x7B, 0xC4,
    0x44, 0x1D, 0x64, 0xC7, 0x56, 0x06, 0x8B, 0x16, 0x59, 0x18, 0xA6, 0x78, 0xC2, 0xD1, 0xC1, 0x11,
    0xFC, 0xD0, 0xBC, 0x50, 0x37, 0xFC, 0x5E, 0x4E, 0x7E, 0x3F, 0xDC, 0xF0, 0x7B, 0x11, 0xE9, 0xBB,
    0x1D, 0xDA, 0x74, 0xAE, 0xC1, 0xE8, 0x9E, 0x83, 0x14, 0xC0, 0x77, 0xC0, 0x52, 0x88, 0xF8, 0x54,
    0xE7, 0x14, 0x3D, 0xF5, 0xD8, 0x2E, 0x2B, 0x70, 0x48, 0x6D, 0x0C, 0x05, 0x88, 0x63, 0xCB, 0xC6,
    0x66, 0xA7, 0x4E, 0xB6, 0x49, 0x9C, 0xDC, 0x41, 0x71, 0x04, 0x77, 0x85, 0xB9, 0x38, 0xAB, 0xD7,
    0x1E, 0xBE, 0x73, 0x7C, 0x0E, 0xAB, 0x69, 0x63, 0x75, 0x9F, 0x6A, 0xD2, 0xD4, 0x53, 0x1D, 0x05,
    0x75, 0x8F, 0x85, 0x5A, 0xFD, 0x8E, 0x43, 0xF5, 0x2B, 0x83, 0x82, 0x9F, 0xAD, 0x34, 0xD8, 0xD9,
    0xD4, 0xFE, 0x17, 0xCD, 0x97, 0x31, 0x8C, 0xED, 0x46, 0x15, 0x86, 0x3F, 0xDB, 0xD2, 0x5A, 0x8A,
    0x8B, 0xA1, 0x97, 0x90, 0x6B, 0x28, 0xE2, 0xBE, 0xC8, 0x9B, 0x41, 0x94, 0x14, 0x50, 0xD0, 0x8B,
    0x92, 0xEE, 0xF5, 0x12, 0xC4, 0x56, 0x52, 0xA6, 0x79, 0x3D, 0x05, 0x14, 0x14, 0xF4, 0xF5, 0xDB,
    0x1D, 0x6F, 0x5F, 0xC4, 0x12, 0x05, 0x05, 0xCD, 0x20, 0x22, 0xA5, 0x48, 0x81, 0x05, 0x06, 0x1C,
    0xB0, 0x7D, 0xE2, 0x7F, 0xAC, 0xAB, 0xBD, 0x45, 0xCA, 0x97, 0xA7, 0x1C, 0x79, 0xBE, 0xF1, 0xBD,
    0xDA, 0xEB, 0x39, 0x67, 0xE6, 0x7E, 0x73, 0x67, 0x29, 0xE2, 0x17, 0x78, 0x5A, 0x33, 0x3E, 0x26,
    0x9A, 0x4D, 0x8F, 0xA5, 0x85, 0x7E, 0xDE, 0xEA, 0x0D, 0xF7, 0xFF, 0xC5, 0x2D, 0x34, 0x96, 0xBA,
    0x44, 0x6D, 0x83, 0x9F, 0xA8, 0x37, 0xFC, 0x48, 0xB5, 0xD1, 0x8F, 0xBA, 0x8F, 0x83, 0x68, 0x03,
    0xCD, 0x8A, 0x05, 0xDC, 0x92, 0x39, 0xEB, 0xFD, 0x2E, 0xE9, 0x6F, 0xFC, 0x79, 0x4D, 0xD8, 0xF9,
    0x72, 0xA9, 0x0F, 0x70, 0x66, 0x2B, 0x94, 0x66, 0x13, 0xD0, 0x7D, 0x0D, 0xD0, 0x58, 0x70, 0x23,
    0xBD, 0x2D, 0xED, 0x58, 0x9A, 0x6D, 0xDD, 0xD0, 0x6C, 0xE5, 0xE1, 0xF5, 0x10, 0x7B, 0xA2, 0x1B,
    0x89, 0x2B, 0xFE, 0x64, 0xC2, 0x0F, 0x18, 0xDC, 0x58, 0xEC, 0x27, 0xC7, 0x6A, 0x3B, 0x99, 0xDA,
    0x05, 0xA5, 0x9F, 0xA0, 0x36, 0x0B, 0xC0, 0x59, 0x10, 0x4A, 0xB2, 0xDE, 0xBC, 0xBA, 0x66, 0xF5,
    0xD4, 0x67, 0xB7, 0x7C, 0xAC, 0x3C, 0xDD, 0xA2, 0x5B, 0xDC, 0x3F, 0x75, 0x7B, 0x96, 0x38, 0x6B,
    0xAC, 0xD6, 0x06, 0x75, 0x4A, 0xA9, 0x3D, 0xBB, 0x09, 0xE5, 0xEF, 0x27, 0xD4, 0xFC, 0x78, 0xEB,
    0xD4, 0xFA, 0x21, 0x77, 0x31, 0xA0, 0xFA, 0x8C, 0x5B, 0xA7, 0x6C, 0x76, 0x75, 0x73, 0xB3, 0x91,
    0xF3, 0x99, 0xC9, 0x09, 0x8D, 0x00, 0x31, 0xD7, 0xDA, 0x4E, 0xE5, 0xE6, 0xE9, 0xCE, 0xB4, 0xFB,
    0xCC, 0x27, 0x7D, 0x68, 0xDD, 0xF0, 0x43, 0xFD, 0x9F, 0x95, 0x3E, 0xD4, 0x36, 0x9F, 0x6C, 0x6C,
    0x20, 0xE2, 0x76, 0x30, 0xDC, 0x2C, 0xB6, 0x49, 0x54, 0x3A, 0x16, 0x6C, 0x84, 0x68, 0xA2, 0xB7,
    0xD7, 0x27, 0x9B, 0xB5, 0x3B, 0x09, 0xBE, 0xD2, 0x2C, 0x7C, 0x3E, 0xE5, 0x19, 0x85, 0x9C, 0x4B,
    0xB1, 0x70, 0x05, 0xF5, 0x0A, 0x38, 0xA1, 0xDD, 0x00, 0x2F, 0xF4, 0x82, 0xED, 0x50, 0x1E, 0x87,
    0xA6, 0xEB, 0xD0, 0xC3, 0x0C, 0xDC, 0x1C, 0x55, 0x7E, 0x54, 0x49, 0x7D, 0x20, 0x0E, 0xFD, 0xA0,
    0xD1, 0x87, 0xD2, 0xCC, 0xC6, 0x4A, 0x68, 0x04, 0xA7, 0x79, 0xEA, 0x12, 0x6D, 0xF2, 0xD3, 0x89,
    0x38, 0x6A, 0xE6, 0xDA, 0x4F, 0x56, 0x70, 0x7F, 0x4D, 0x50, 0xD9, 0x00, 0xC5, 0x01, 0xF0, 0x27,
    0x41, 0xD1, 0xAE, 0x1E, 0xCC, 0x22, 0x95, 0xD9, 0x81, 0x5B, 0x9B, 0x9D, 0x36, 0x55, 0x3B, 0xDD,
    0x58, 0x6A, 0x12, 0xAA, 0x0B, 0xF4, 0xA1, 0xCA, 0xB3, 0xB1, 0xD0, 0x0F, 0x6E, 0xC1, 0x8F, 0xDD,
    0x4C, 0xA7, 0xF9, 0x74, 0xF6, 0xD5, 0x4C, 0x79, 0xFC, 0x3C, 0xD1, 0xA4, 0x27, 0xAA, 0x73, 0x05,
    0x0B, 0x4B, 0x10, 0x35, 0x19, 0x5C, 0x61, 0x50, 0xA8, 0x1D, 0x2A, 0x4B, 0xD3, 0xA0, 0xCA, 0xAE,
    0x56, 0x6F, 0x2A, 0x10, 0x2D, 0x3E, 0x4E, 0x6D, 0xBE, 0x5A, 0x3B, 0xAB, 0x5C, 0xE8, 0xAE, 0xE5,
    0xBE, 0x2D, 0xB4, 0xD6, 0x95, 0x38, 0x80, 0x7B, 0xDE, 0xEA, 0x2F, 0x67, 0xD5, 0x73, 0xC0, 0x2F,
    0x01, 0xCA, 0x4D, 0x57, 0x75, 0x5E, 0x2B, 0xD5, 0x42, 0xBD, 0xD0, 0xCC, 0xB8, 0xEB, 0x4A, 0xB4,
    0x13, 0xED, 0x48, 0x77, 0x7D, 0xF9, 0x35, 0x09, 0x7F, 0xF8, 0x20, 0xC0, 0xE6, 0x4F, 0x3C, 0xED,
    0x80, 0x5F, 0x40, 0x7F, 0x04, 0x0F, 0x81, 0x2B, 0xA4, 0x60, 0x36, 0x30, 0x2F, 0x6D, 0xF6, 0x4F,
    0xFA, 0x65, 0xFB, 0x56, 0xC9, 0xB7, 0x65, 0xF7, 0xB2, 0x7A, 0xD9, 0xBC, 0x2C, 0x5E, 0xF6, 0x2E,
    0x6B, 0x27, 0xCC, 0x59, 0xBA, 0xEC, 0x5C, 0x56, 0xEE, 0x34, 0xCE, 0x2E, 0xE1, 0x2E, 0xDF, 0xB2,
    0x6E, 0x6E, 0xD2, 0x84, 0xFC, 0x6B, 0x81, 0x42, 0xEF, 0x91, 0x75, 0xF9, 0x11, 0x8A, 0xCB, 0x45,
    0xA4, 0x22, 0x32, 0x11, 0x89, 0x98, 0x3D, 0xCC, 0x1A, 0xE2, 0x33, 0x06, 0xEC, 0x86, 0xE2, 0xB8,
    0x0C, 0x94, 0x80, 0x97, 0x7F, 0x97, 0x7E, 0x71, 0xE1, 0x2A, 0x9A, 0x62, 0xF3, 0xC0, 0xE3, 0xF6,
    0xAD, 0x45, 0x67, 0x3F, 0xB3, 0x9D, 0xD9, 0xCD, 0x6C, 0xA6, 0xBC, 0x9C, 0x9D, 0x20, 0x27, 0x85,
    0x2E, 0xB5, 0xD7, 0xF7, 0xEC, 0x2A, 0xEB, 0x06, 0x79, 0x98, 0x2D, 0xCC, 0xF2, 0x09, 0x97, 0x7F,
    0xB2, 0x2F, 0xBB, 0x77, 0x99, 0x77, 0x79, 0xE7, 0x7F, 0xBA, 0xE0, 0x3E, 0x1F, 0xA9, 0x2D, 0x8F,
    0x0A, 0xBF, 0xE0, 0x66, 0xA3, 0x2C, 0x54, 0x93, 0x87, 0xA7, 0x85, 0x4B, 0x1F, 0xD4, 0x9A, 0x39,
    0xE2, 0x66, 0xC3, 0x25, 0xB9, 0x27, 0xF3, 0xE4, 0x9D, 0x96, 0x46, 0xCE, 0x5D, 0xC6, 0x99, 0x0D,
    0x42, 0xE0, 0x25, 0xCA, 0xB9, 0x85, 0x7A, 0xF1, 0x81, 0x66, 0xEE, 0x03, 0xD5, 0xF4, 0xEA, 0x7D,
    0x57, 0xDA, 0x9A, 0x56, 0x62, 0x46, 0xF1, 0xAA, 0x4C, 0xC4, 0x66, 0xC6, 0xCE, 0xF6, 0xDB, 0x7A,
    0x02, 0xDE, 0x41, 0xD5, 0xFC, 0x06, 0x60, 0x05, 0xAA, 0xC4, 0xB7, 0x94, 0x3E, 0x9C, 0x50, 0xE9,
    0xE9, 0xC3, 0xF7, 0x5D, 0x3A, 0xCD, 0x00, 0x6D, 0x80, 0x8F, 0xC8, 0xF1, 0x61, 0x39, 0x13, 0xEB,
    0x85, 0xA8, 0xF2, 0xAB, 0x77, 0x54, 0xFE, 0xA3, 0x1B, 0xC0, 0xBF, 0xBA, 0xED, 0xA5, 0x75, 0xFA,
    0xDE, 0x94, 0xEF, 0x9E, 0x17, 0xAA, 0x2F, 0x27, 0x0A, 0x0B, 0xF0, 0xF8, 0x1D, 0x95, 0xEF, 0x02,
    0x27, 0x46, 0xA0, 0x1E, 0xBF, 0x5F, 0xAB, 0x5F, 0x2C, 0xC0, 0x0A, 0xBC, 0xFD, 0x0E, 0x57, 0xFF,
    0x8F, 0x0F, 0x03, 0xEC, 0xDD, 0x09, 0xFF, 0x04, 0x74, 0x2B, 0xE0, 0x12, 0x50, 0xBE, 0xEC, 0xE3,
    0x2B, 0xCA, 0x6D, 0x20, 0x9A, 0xCD, 0xA5, 0x0D, 0x6D, 0xAA, 0x77, 0xAA, 0xE0, 0x16, 0xA0, 0x9D,
    0x01, 0x3F, 0x09, 0x23, 0xD0, 0x0B, 0x71, 0xE8, 0x6D, 0xB4, 0x21, 0x9E, 0x08, 0x19, 0xC4, 0x21,
    0x9E, 0x08, 0x71, 0xC0, 0xAE, 0xCA, 0xFD, 0x5C, 0x1A, 0xCE, 0xCC, 0xAE, 0x5F, 0x4D, 0x5E, 0xAF,
    0x3B, 0xF9, 0xF7, 0x2F, 0xFF, 0x00, 0x82, 0xA5, 0xFC, 0x9C, 0xFB, 0x7D, 0xBC, 0x3E, 0xDC, 0x88,
    0xB7, 0x7F, 0x8C, 0x98, 0xD9, 0x50, 0x1D, 0xA5, 0x85, 0x7A, 0xC5, 0xCE, 0x22, 0x89, 0xCA, 0xD8,
    0x2E, 0xB4, 0x13, 0xC7, 0x89, 0xE2, 0xFA, 0x15, 0xD6, 0xDA, 0x6C, 0x34, 0x66, 0x9B, 0x06, 0x5A,
    0xA1, 0xFF, 0xFB, 0x09, 0xEA, 0x05, 0x68, 0x66, 0xA0, 0x4D, 0xFC, 0x50, 0x59, 0x7B, 0xB3, 0x40,
    0x6F, 0x3B, 0x3C, 0xD8, 0x1B, 0x14, 0x55, 0xBA, 0x7D, 0x2F, 0x3A, 0x6E, 0xA1, 0x19, 0xAA, 0x3E,
    0x0B, 0xD0, 0x54, 0xC3, 0x89, 0x9F, 0xE9, 0xE5, 0xFE, 0xBE, 0x8F, 0x23, 0x94, 0x09, 0x68, 0x26,
    0xA0, 0x0D, 0xDC, 0x47, 0x04, 0xCA, 0xBF, 0x8C, 0x50, 0x7D, 0x22, 0x7C, 0x3A, 0x68, 0x5C, 0x14,
    0xEF, 0xFE, 0xB0, 0xA2, 0xA8, 0x56, 0xB8, 0x4D, 0x24, 0xB4, 0xA3, 0x88, 0x17, 0xA4, 0xEB, 0x5D,
    0xF4, 0xFA, 0x2C, 0x58, 0xEE, 0x54, 0x63, 0x82, 0x5A, 0xF7, 0xE0, 0x74, 0x0F, 0xED, 0xD5, 0x79,
    0x9B, 0x00, 0x62, 0x54, 0x57, 0x98, 0x1F, 0x81, 0xEA, 0xE8, 0xCD, 0xA0, 0xD9, 0x7A, 0x3B, 0xC0,
    0x2D, 0xD1, 0x76, 0xE8, 0x66, 0x0B, 0x40, 0x3F, 0x19, 0x80, 0x0D, 0xC6, 0xF5, 0x60, 0xA0, 0xBA,
    0xBA, 0x46, 0x15, 0x42, 0x3B, 0x57, 0x5A, 0x7D, 0x9F, 0x72, 0x17, 0x47, 0x75, 0x2F, 0xB9, 0x37,
    0xE9, 0x25, 0x73, 0xCF, 0xFD, 0xB9, 0x4E, 0x67, 0x8B, 0x87, 0x23, 0x94, 0x66, 0xD1, 0x92, 0xB3,
    0x33, 0x96, 0x7A, 0x68, 0xF7, 0x6A, 0x53, 0x0A, 0x85, 0x98, 0x8A, 0xAD, 0x88, 0x66, 0xB6, 0xB5,
    0x26, 0x7A, 0x71, 0x8D, 0xD2, 0x9B, 0xC8, 0xC9, 0x60, 0x85, 0xCD, 0xCD, 0xD8, 0xEB, 0xFD, 0xC9,
    0xDB, 0x7F, 0xCD, 0x42, 0x7D, 0x84, 0xFE, 0x0B, 0x80, 0x87, 0x37, 0x77, 0xE3, 0x06, 0x71, 0x17,
    0x8A, 0x35, 0xF3, 0x0D, 0xB7, 0xE0, 0xF5, 0xFF, 0x36, 0xA8, 0x35, 0x6F, 0x5A, 0x80, 0x05, 0xE2,
    0xE4, 0x37, 0x0A, 0x23, 0xEE, 0x54, 0x7B, 0x61, 0x07, 0xF5, 0x5A, 0xFD, 0xDB, 0xF4, 0x3D, 0xFF,
    0xDB, 0xC9, 0xB9, 0x7D, 0x36, 0xDA, 0xD9, 0xFF, 0xC4, 0xE8, 0xD2, 0x53, 0x21, 0xEA, 0xC0, 0xE3,
    0xFF, 0xBC, 0x68, 0x93, 0xF9, 0x2A, 0x55, 0x1B, 0x9D, 0x9D, 0xE6, 0x9F, 0x0C, 0xDA, 0xAA, 0x0C,
    0x9F, 0x70, 0x47, 0x61, 0x83, 0x06, 0x39, 0xA0, 0xC9, 0x83, 0xB4, 0xBF, 0x3B, 0x02, 0x78, 0xAE,
    0x28, 0x37, 0xA0, 0x9A, 0x01, 0x37, 0x01, 0xDD, 0x00, 0xFC, 0x18, 0xC5, 0xAF, 0xA1, 0xB1, 0x95,
    0xFB, 0xE3, 0x95, 0xD3, 0xF1, 0xCA, 0x1B, 0xDD, 0xF8, 0x36, 0xE2, 0x9F, 0x97, 0x13, 0x9F, 0x26,
    0xC3, 0x7F, 0x36, 0x9E, 0xF8, 0xBD, 0x8E, 0x57, 0x9A, 0x43, 0xBF, 0xB6, 0x8B, 0xFC, 0x4F, 0x1A,
    0x30, 0xE0, 0x6C, 0xB9, 0x69, 0x56, 0x5A, 0x52, 0xA9, 0x3B, 0x44, 0xB3, 0x50, 0x18, 0x8F, 0x52,
    0xEC, 0x07, 0x54, 0x39, 0x09, 0xCB, 0x98, 0xA0, 0x34, 0xBD, 0x36, 0x1B, 0xC0, 0x5B, 0x52, 0x1A,
    0x0B, 0x14, 0xF9, 0xCD, 0x4E, 0x68, 0x84, 0x7A, 0xA3, 0x95, 0x96, 0xFD, 0xD4, 0xCE, 0xF4, 0x66,
    0x13, 0xAD, 0x46, 0xD3, 0xC1, 0xF4, 0x3E, 0x5E, 0x09, 0x16, 0x84, 0x9B, 0x45, 0x7C, 0x24, 0xAC,
    0xC2, 0xAF, 0x84, 0xF6, 0xEB, 0x3C, 0x58, 0x25, 0x3B, 0xD7, 0x87, 0xAC, 0x7A, 0x75, 0x68, 0xC0,
    0x05, 0xFA, 0x03, 0x6A, 0x0B, 0x10, 0x95, 0xCC, 0xD0, 0x84, 0x18, 0xBC, 0x19, 0xCE, 0xB4, 0x4E,
    0x77, 0x4B, 0xF9, 0xF6, 0xE5, 0x04, 0xCF, 0xCE, 0xF5, 0x7A, 0x06, 0x06, 0xE8, 0x25, 0x7B, 0xBC,
    0x41, 0x87, 0x5F, 0xC0, 0xCD, 0x37, 0xB4, 0x42, 0x97, 0x2E, 0xDC, 0x6F, 0xB7, 0xF7, 0x7B, 0xEE,
    0x85, 0xFB, 0x42, 0x84, 0x42, 0xD0, 0x90, 0xC2, 0x7D, 0x94, 0x4B, 0x9E, 0xA0, 0x1B, 0xAA, 0x85,
    0x2B, 0x1D, 0xEA, 0xF1, 0xB6, 0xF9, 0xF3, 0x01, 0x1C, 0x14, 0xBB, 0xAE, 0x72, 0xA3, 0xB7, 0x2D,
    0xEA, 0x5A, 0xEB, 0xFB, 0xFF, 0x0E, 0x92, 0xAE, 0x76, 0xD2, 0xA5, 0x8D, 0xCA, 0x26, 0x67, 0x53,
    0x69, 0xC3, 0x6D, 0x10, 0xEA, 0x4D, 0x57, 0xB5, 0xE8, 0xE1, 0xF5, 0xA8, 0x07, 0x7F, 0x03, 0x3D,
    0xCE, 0x81, 0x66, 0x43, 0x31, 0x14, 0xC6, 0xF1, 0x2F, 0x0D, 0xBB, 0x08, 0x02, 0x30, 0xCC, 0x02,
    0xC3, 0x50, 0x0B, 0x40, 0xD1, 0xF6, 0x84, 0x3D, 0xC8, 0x5E, 0xA4, 0x95, 0xCB, 0x5E, 0xE0, 0x3E,
    0xC4, 0x1E, 0xA3, 0xB5, 0x63, 0x7D, 0x81, 0x0B, 0x0C, 0x20, 0xF6, 0x04, 0x07, 0x41, 0x46, 0xDA,
    0xB3, 0x6E, 0x18, 0x3F, 0xF0, 0xC1, 0xF7, 0xA7, 0x31, 0xB2, 0x67, 0x57, 0xAC, 0xD8, 0xE6, 0x24,
    0x30, 0xA5, 0x23, 0x40, 0x80, 0x26, 0xAB, 0xEC, 0x3F, 0x0B, 0x3D, 0xD7, 0xA1, 0x1C, 0x82, 0x36,
    0x52, 0xD9, 0x05, 0x26, 0xED, 0x57, 0x59, 0xDB, 0xA3, 0x99, 0xF6, 0x56, 0xB2, 0xCE, 0xA4, 0xA3,
    0x3B, 0xC3, 0x27, 0x62, 0x1A, 0x23, 0x42, 0xAA, 0x74, 0xEA, 0xF4, 0xDA, 0x9F, 0x8C, 0x00, 0xAE,
    0xD1, 0x65, 0xB9, 0xC5, 0xDE, 0xD4, 0x61, 0xBE, 0x49, 0x83, 0xDC, 0xAF, 0xD7, 0x77, 0xAB, 0xE5,
    0x7A, 0x15, 0x0A, 0x60, 0xDB, 0x05, 0xEE, 0xAB, 0x23, 0x9C, 0x04, 0xE4, 0x67, 0x1C, 0x63, 0x42,
    0x1E, 0x24, 0xBE, 0xB0, 0x57, 0x0C, 0x1D, 0x56, 0x80, 0x33, 0x3A, 0xFA, 0xA2, 0x5E, 0x57, 0xCE,
    0x78, 0x03, 0xB0, 0x51, 0xDD, 0x85, 0xD4, 0xE8, 0xE3, 0xF7, 0x22, 0x9A, 0xEA, 0x47, 0x62, 0xE2,
    0xC8, 0x3E, 0x6D, 0x71, 0x0B, 0x4C, 0xB6, 0x38, 0xF6, 0xD5, 0x74, 0xF4, 0x5C, 0xF3, 0xB8, 0x28,
    0x21, 0x6D, 0x70, 0x80, 0xCA, 0xBB, 0xC4, 0xE9, 0xC1, 0x4C, 0xBB, 0xFF, 0xE2, 0x6F, 0x44, 0xED,
    0xF4, 0xE7, 0x07, 0xA5, 0x59, 0x01, 0x84, 0x26, 0xD9, 0x76, 0x3E, 0xF5, 0x97, 0x9D, 0x8A, 0xAD,
    0x50, 0x41, 0x40, 0xC6, 0xF6, 0x85, 0x20, 0x36, 0xAF, 0xE7, 0x02, 0x3C, 0xFC, 0xDD, 0xB7, 0xBC,
    0xC5, 0x62, 0xB1, 0x41, 0x00, 0xF2, 0x5E, 0x10, 0xC4, 0x0B, 0x3B, 0xC1, 0xA2, 0xD1, 0x33, 0x55,
    0x3B, 0x4D, 0x96, 0x2C, 0x5E, 0x27, 0x44, 0x80, 0xCC, 0xE2, 0x81, 0x27, 0xB2, 0x0F, 0x83, 0x4E,
    0xD2, 0xDD, 0xB7, 0x66, 0x1A, 0x83, 0x21, 0x5D, 0xB3, 0x83, 0xC5, 0x62, 0x6A, 0xF6, 0x35, 0x2B,
    0x16, 0x7B, 0x67, 0xE6, 0xCE, 0xCE, 0x9D, 0xE9, 0x7B, 0xEB, 0xE4, 0x3B, 0x55, 0xFD, 0x6F, 0xF7,
    0x8E, 0x7D, 0xD9, 0xC7, 0xBB, 0xFE, 0xFB, 0x15, 0xED, 0xD6, 0x39, 0xE7, 0x9C, 0xFB, 0x9D, 0x73,
    0x4E, 0x69, 0xBA, 0xC4, 0xBB, 0x44, 0x0D, 0x07, 0xCA, 0x98, 0x47, 0xCA, 0xD3, 0x82, 0xA9, 0x1A,
    0x88, 0xEB, 0xEA, 0x05, 0xD9, 0xBA, 0xE4, 0xDA, 0x52, 0x36, 0x12, 0x53, 0xE1, 0x01, 0x95, 0xA3,
    0x91, 0xAA, 0x21, 0x4B, 0xA4, 0x7A, 0x80, 0xEE, 0x16, 0x11, 0x90, 0x47, 0x32, 0x5D, 0x1E, 0xC8,
    0xB4, 0x80, 0xA6, 0xC6, 0xC9, 0x8C, 0x7B, 0xDD, 0x55, 0x1C, 0x75, 0x67, 0x38, 0x99, 0xCE, 0x3E,
    0x1A, 0x4D, 0x9B, 0xF6, 0x52, 0x53, 0xBB, 0xAD, 0xD8, 0xD4, 0xF6, 0x59, 0xB0, 0xA4, 0x3F, 0x74,
    0x4C, 0x54, 0x75, 0x23, 0xE1, 0x3D, 0x40, 0x03, 0x79, 0x64, 0x21, 0x8F, 0x78, 0x82, 0x5C, 0x80,
    0xBD, 0x98, 0x36, 0x10, 0x95, 0x63, 0x4D, 0xF3, 0xDA, 0xBF, 0x9E, 0xC7, 0x9C, 0x79, 0x27, 0x94,
    0x9F, 0xDD, 0x3C, 0x0A, 0xEA, 0xA4, 0xFA, 0xCC, 0xEB, 0x58, 0x7D, 0xEE, 0x36, 0xD6, 0xF5, 0x3D,
    0xB7, 0x7C, 0xA3, 0x79, 0xD7, 0x2D, 0x37, 0xC6, 0x6A, 0x50, 0xA7, 0x51, 0xF5, 0xC5, 0x67, 0x5E,
    0xF5, 0x30, 0x5A, 0x77, 0x00, 0x03, 0x18, 0x26, 0x68, 0x6A, 0xAA, 0x98, 0x89, 0x0A, 0x86, 0xCA,
    0xCC, 0x0E, 0x84, 0x18, 0x00, 0x1A, 0xB8, 0xBF, 0x60, 0xE6, 0xBA, 0x48, 0x64, 0x3B, 0xB8, 0x6A,
    0x3A, 0x75, 0x7F, 0x4F, 0x77, 0xFA, 0x1E, 0x9B, 0x4E, 0x3F, 0x7C, 0xD7, 0xB4, 0x9A, 0x2B, 0x01,
    0xF8, 0xA1, 0xBE, 0xF1, 0x96, 0x94, 0x23, 0x40, 0x4F, 0x4C, 0x50, 0x30, 0xCE, 0x60, 0xDA, 0x2C,
    0x01, 0xE0, 0xC2, 0xBC, 0x54, 0x7D, 0x40, 0xC4, 0x5F, 0x72, 0x0D, 0x9B, 0xB9, 0x2B, 0xDD, 0x21,
    0xE2, 0x32, 0xE0, 0x25, 0xBC, 0x06, 0xC9, 0xB7, 0xE3, 0xB7, 0xE2, 0x21, 0x59, 0xB1, 0xC0, 0x24,
    0xFE, 0xC9, 0x09, 0x24, 0x0F, 0x64, 0x45, 0x28, 0x5F, 0x94, 0x2C, 0xB0, 0x0A, 0x04, 0x8D, 0x10,
    0x7A, 0x3B, 0x95, 0x9F, 0xDF, 0xBC, 0x13, 0x11, 0x88, 0x3B, 0x51, 0x47, 0x75, 0x14, 0x11, 0x88,
    0x9D, 0x80, 0x40, 0x14, 0x7E, 0xB9, 0x11, 0x0B, 0xAF, 0x4E, 0x7D, 0xE9, 0x8A, 0xCF, 0x5C, 0x05,
    0x63, 0x53, 0xE5, 0xE0, 0xE0, 0xC3, 0x21, 0xFF, 0x82, 0xB9, 0x2F, 0x6E, 0x9F, 0x02, 0x1E, 0x38,
    0xEE, 0x72, 0xEE, 0x9B, 0x0E, 0x97, 0x6D, 0x5A, 0x02, 0x52, 0xCE, 0x1D, 0x95, 0x6F, 0xF7, 0xF3,
    0xE6, 0x0E, 0x31, 0xE9, 0x5E, 0x23, 0x98, 0x08, 0xE5, 0xA6, 0x85, 0x6D, 0x7D, 0x43, 0xA5, 0xB3,
    0x94, 0x47, 0x26, 0x1A, 0xE5, 0xE6, 0xB0, 0x35, 0xAC, 0xAA, 0x22, 0x51, 0x8E, 0x7D, 0x75, 0x44,
    0x64, 0x79, 0x50, 0xCC, 0xDE, 0x0C, 0x65, 0x68, 0x6A, 0xB0, 0x82, 0xF2, 0x50, 0xF8, 0x02, 0x37,
    0x55, 0xE2, 0x7A, 0x64, 0xE3, 0x3E, 0x52, 0x35, 0x54, 0x09, 0x71, 0x90, 0x3D, 0x8A, 0x9F, 0xDC,
    0x52, 0xC3, 0x44, 0x2A, 0x10, 0xF4, 0xC2, 0x16, 0xE6, 0x40, 0xB9, 0x90, 0xB2, 0x0A, 0x19, 0x4B,
    0xA0, 0x2D, 0x11, 0x01, 0x16, 0x03, 0xB1, 0x68, 0x1B, 0x69, 0x63, 0x09, 0x58, 0xFE, 0x68, 0x91,
    0x68, 0xF9, 0x63, 0xA8, 0x56, 0xEE, 0xAA, 0xA3, 0xE2, 0x29, 0x07, 0xBC, 0x1F, 0xB6, 0xA9, 0x62,
    0x0F, 0x08, 0xD6, 0x23, 0x94, 0xBA, 0x27, 0xAC, 0x1C, 0x82, 0x76, 0x4B, 0x57, 0x71, 0x00, 0x15,
    0x38, 0x36, 0x60, 0x66, 0x62, 0x4A, 0x7B, 0x00, 0x30, 0xD3, 0xB4, 0x60, 0xA6, 0x69, 0xC1, 0x4C,
    0x44, 0xA2, 0xEA, 0x40, 0x13, 0xFC, 0x85, 0xA8, 0x21, 0x86, 0x56, 0x01, 0xA6, 0x11, 0xB0, 0x48,
    0x00, 0x8E, 0x44, 0x86, 0x9D, 0x58, 0x3A, 0x33, 0xD3, 0xCE, 0x37, 0x22, 0x06, 0xDF, 0x88, 0x04,
    0x72, 0x1E, 0x3B, 0xC2, 0xA5, 0x7C, 0xDD, 0x13, 0x6E, 0xE5, 0xA1, 0xA3, 0x89, 0x9F, 0x84, 0x7B,
    0x79, 0x07, 0x08, 0x86, 0x3A, 0x02, 0x45, 0x81, 0xE0, 0x28, 0x08, 0x01, 0x7E, 0xC2, 0xBF, 0x15,
    0x0E, 0xBA, 0x13, 0x34, 0x82, 0x2C, 0xF2, 0x0B, 0x04, 0x41, 0xA8, 0x7A, 0x42, 0xC2, 0xD5, 0x96,
    0xC4, 0x2A, 0x96, 0x84, 0xCC, 0xC4, 0x10, 0xC4, 0x3B, 0xE4, 0x63, 0x96, 0xA6, 0xBC, 0x95, 0xC7,
    0x0B, 0x1A, 0x17, 0x51, 0x2C, 0x1B, 0x11, 0x94, 0x2C, 0x65, 0x09, 0x8F, 0xC2, 0x2F, 0x62, 0x1E,
    0x70, 0x64, 0x01, 0x52, 0xE0, 0x91, 0xCB, 0x43, 0x05, 0xC5, 0x1F, 0x39, 0xDA, 0xDC, 0xBF, 0xC6,
    0xEC, 0x68, 0x6B, 0xFD, 0x96, 0xE1, 0x81, 0xB6, 0xB7, 0xFD, 0x3E, 0x1E, 0x06, 0x81, 0x33, 0x3D,
    0xC2, 0xAE, 0x5B, 0x05, 0x43, 0xF4, 0x48, 0x90, 0xCA, 0x8C, 0xBC, 0x2F, 0x71, 0x78, 0x11, 0xD5,
    0xA0, 0x7C, 0x8E, 0x98, 0x41, 0x77, 0x6C, 0x4E, 0x0A, 0x9F, 0x87, 0xAB, 0x49, 0xEE, 0xB8, 0x08,
    0xE0, 0x1B, 0xFC, 0xA8, 0x5C, 0x89, 0x9C, 0xAB, 0x40, 0xBC, 0xA6, 0xC6, 0x4D, 0x0F, 0x8D, 0xC7,
    0xDF, 0x06, 0x1B, 0x55, 0xA7, 0xFA, 0xB8, 0xD4, 0xBD, 0xE9, 0xE2, 0x52, 0x31, 0xB7, 0x36, 0x94,
    0xF0, 0x4E, 0xF7, 0xE2, 0xDD, 0x6A, 0x5D, 0xAE, 0x35, 0xD0, 0xF6, 0x06, 0xF8, 0x78, 0x38, 0x84,
    0xEB, 0x8F, 0xEE, 0x4B, 0x46, 0xF1, 0x5D, 0x0F, 0xB4, 0xDC, 0x03, 0xCB, 0x11, 0x40, 0x57, 0x83,
    0x44, 0x07, 0x21, 0x51, 0x30, 0x8D, 0x4C, 0xAF, 0xA7, 0x0A, 0xE5, 0x88, 0x77, 0x01, 0xD6, 0x03,
    0x44, 0x37, 0xE9, 0x16, 0x60, 0xE0, 0x0C, 0x40, 0x77, 0x25, 0x83, 0xCF, 0x46, 0x60, 0xCB, 0xE0,
    0x8E, 0xB7, 0x36, 0xA8, 0xA9, 0x4D, 0x04, 0x4C, 0x29, 0x87, 0xC5, 0x02, 0x23, 0xD4, 0xBA, 0x91,
    0x4A, 0xA4, 0x18, 0xA2, 0xFD, 0x45, 0xA4, 0x58, 0x71, 0xA4, 0xB0, 0x89, 0x93, 0x36, 0x56, 0x81,
    0x2E, 0xEF, 0x16, 0x5E, 0x6C, 0x95, 0x73, 0xCC, 0x83, 0x98, 0x81, 0x88, 0xFA, 0x32, 0x4A, 0x21,
    0x04, 0x9C, 0x00, 0x74, 0x02, 0xE4, 0x01, 0x81, 0x2F, 0x87, 0x1C, 0x61, 0xEF, 0x0A, 0x81, 0x12,
    0x69, 0x28, 0x91, 0x11, 0x58, 0xAB, 0x50, 0x10, 0xD6, 0xAA, 0x1A, 0xC1, 0x61, 0x52, 0x5D, 0x11,
    0x48, 0x2E, 0x1F, 0xA6, 0x51, 0x26, 0x09, 0x59, 0x74, 0xA6, 0x2D, 0xBF, 0x16, 0xFB, 0xC6, 0x3F,
    0xB4, 0xB4, 0x67, 0x2C, 0x93, 0x37, 0xA7, 0x4C, 0xF6, 0x9B, 0x07, 0x23, 0xBC, 0xFA, 0x20, 0xD1,
    0xD9, 0xB2, 0xCC, 0x62, 0x41, 0x24, 0x25, 0xB6, 0x18, 0xA9, 0x97, 0x46, 0x58, 0xF3, 0x9A, 0x95,
    0x74, 0xEE, 0x2D, 0xFE, 0x26, 0xD1, 0xD8, 0xDA, 0x43, 0x20, 0x7E, 0xBD, 0x87, 0x40, 0xFC, 0x57,
    0x00, 0x34, 0x1E, 0xDA, 0x4A, 0x0F, 0x6D, 0x85, 0x17, 0x6D, 0xCC, 0x92, 0xFF, 0x12, 0xD9, 0x66,
    0xA0, 0x0B, 0x2B, 0xBF, 0x13, 0x89, 0xCA, 0x7F, 0xDC, 0xA4, 0x92, 0x5F, 0xBF, 0x46, 0x46, 0x72,
    0x60, 0xDB, 0xFC, 0xDB, 0x3E, 0x99, 0x27, 0xD0, 0x78, 0xB9, 0xBD, 0x11, 0x88, 0x10, 0x45, 0x5B,
    0x2F, 0x46, 0x7E, 0x8B, 0xFB, 0x92, 0xF9, 0x1E, 0xF7, 0xEA, 0x48, 0x1F, 0xDF, 0xEC, 0xB5, 0xD7,
    0x9F, 0xA8, 0xDE, 0x44, 0x73, 0xA0, 0xBB, 0xE5, 0xBA, 0xDD, 0x37, 0xDD, 0x72, 0x23, 0x41, 0x97,
    0x3A, 0x7D, 0xE9, 0x40, 0x9E, 0x7F, 0x7D, 0x2E, 0x79, 0x56, 0x9E, 0x4A, 0xA2, 0x55, 0x4C, 0x82,
    0xD2, 0x6D, 0x48, 0x81, 0xD6, 0x40, 0x4F, 0x89, 0x48, 0xBB, 0x0C, 0x68, 0x7A, 0x70, 0x7A, 0xB5,
    0x74, 0x1D, 0xA7, 0xCA, 0xFB, 0x15, 0xD7, 0xE8, 0x3F, 0x23, 0xDB, 0xCE, 0x20, 0xAA, 0x5B, 0x1A,
    0x8F, 0x4A, 0x2A, 0x2B, 0xE4, 0xA3, 0xB6, 0x42, 0xB4, 0xBE, 0xFB, 0x53, 0xF4, 0x9F, 0x5A, 0x1F,
    0x57, 0x92, 0xCB, 0xFA, 0xF8, 0x3D, 0x53, 0x33, 0xA9, 0xBB, 0xE8, 0x42, 0x23, 0xA9, 0x07, 0xDE,
    0xB6, 0x78, 0x3C, 0x3C, 0xE2, 0x67, 0x89, 0x14, 0x57, 0x3F, 0xE3, 0x48, 0x3A, 0xAC, 0x55, 0xF2,
    0x18, 0x94, 0x82, 0x0D, 0x10, 0x37, 0x96, 0xD2, 0xD9, 0x84, 0xDF, 0xF3, 0x5D, 0x37, 0x75, 0x26,
    0x54, 0xB3, 0xF3, 0x7D, 0x33, 0x92, 0x1C, 0x07, 0x78, 0xBE, 0xF3, 0x71, 0xBA, 0x75, 0x58, 0x8B,
    0x7B, 0x0F, 0x78, 0x20, 0x37, 0xC2, 0x42, 0x2C, 0xC5, 0xEB, 0x22, 0xAC, 0x70, 0x05, 0x84, 0xD5,
    0xA5, 0x53, 0x0E, 0xA1, 0xAF, 0x1E, 0xB3, 0x13, 0x2A, 0x7D, 0xC5, 0x81, 0xE2, 0x52, 0xAA, 0x15,
    0x1E, 0x2A, 0xB9, 0x3D, 0xB2, 0x41, 0x3B, 0x76, 0xA4, 0xD1, 0x45, 0x75, 0x4B, 0xAB, 0x16, 0x1D,
    0xA7, 0xF6, 0x44, 0x65, 0xCA, 0xB8, 0xAD, 0x1C, 0xC1, 0xC7, 0xFB, 0xC1, 0x74, 0xE2, 0x61, 0xAB,
    0xFF, 0xA7, 0x6A, 0x6A, 0x78, 0xD7, 0xD4, 0xF0, 0xCD, 0x92, 0xFA, 0xD4, 0x31, 0xFC, 0xEA, 0x00,
    0x2C, 0x9D, 0x49, 0x6C, 0xD1, 0x43, 0x26, 0x26, 0x2C, 0x66, 0x7A, 0x42, 0x28, 0xFD, 0x29, 0x84,
    0xDE, 0xE1, 0x49, 0x68, 0x5B, 0xBC, 0xE0, 0x06, 0x6C, 0xFC, 0x33, 0x2D, 0x9D, 0x49, 0x9D, 0x75,
    0xA6, 0xBB, 0x3F, 0x83, 0x78, 0x89, 0x9C, 0x3E, 0xFE, 0x0F, 0x68, 0x3B, 0x8A, 0x10, 0x7F, 0x6F,
    0x80, 0x78, 0x99, 0x0A, 0x74, 0x24, 0x26, 0x49, 0x37, 0x08, 0x5D, 0x75, 0x26, 0x04, 0x48, 0xA2,
    0x33, 0x20, 0x34, 0x41, 0x32, 0x01, 0x8D, 0x30, 0x99, 0x93, 0x2C, 0x5D, 0x4D, 0xA8, 0x3A, 0x88,
    0x84, 0xEA, 0xF3, 0x28, 0xA3, 0x82, 0xC1, 0x90, 0xD0, 0xA0, 0x56, 0x58, 0xF4, 0x03, 0x78, 0x3E,
    0x6D, 0x8B, 0x9A, 0x2C, 0xDA, 0x4B, 0x4F, 0x4D, 0xAB, 0xD3, 0x82, 0x87, 0xAD, 0xCD, 0x9C, 0xDD,
    0xD6, 0x66, 0x75, 0xEC, 0x9A, 0xA4, 0xDE, 0x75, 0x2A, 0x1A, 0xA9, 0x5E, 0xD7, 0xA4, 0x76, 0x05,
    0x48, 0x7A, 0x81, 0xBE, 0x5E, 0x3C, 0x1F, 0x10, 0xD5, 0x53, 0xB9, 0xFD, 0x53, 0xA4, 0x4B, 0xC5,
    0x84, 0x62, 0x93, 0x04, 0x02, 0x4D, 0x0D, 0x9A, 0xA5, 0x8D, 0x8E, 0x34, 0xAF, 0xE6, 0x64, 0x63,
    0x6E, 0x28, 0xE5, 0x94, 0x28, 0xC3, 0xE5, 0x81, 0xF4, 0x8B, 0x39, 0x51, 0x6A, 0x7A, 0x13, 0x76,
    0x4B, 0x8D, 0x95, 0xC0, 0x56, 0xC3, 0x0C, 0xD2, 0xED, 0xA8, 0x91, 0x8C, 0xB4, 0x02, 0x5C, 0x4B,
    0x9F, 0x94, 0x1C, 0x31, 0x9C, 0xCE, 0xA6, 0x06, 0x98, 0x5B, 0xF5, 0x5A, 0x06, 0xA2, 0xAD, 0x4D,
    0x9C, 0x01, 0x98, 0xAE, 0x49, 0x00, 0x15, 0xE7, 0x39, 0x00, 0xFD, 0x0F, 0x40, 0xB9, 0x18, 0x54,
    0xF8, 0x6C, 0x04, 0x94, 0x51, 0x3A, 0x68, 0xA2, 0xEA, 0x94, 0x2D, 0x55, 0x9C, 0x2A, 0x90, 0x7E,
    0xE3, 0x0A, 0xD8, 0xAE, 0x85, 0x2B, 0xE5, 0x30, 0x09, 0x75, 0x1A, 0x07, 0x10, 0x83, 0x95, 0xE4,
    0x26, 0x01, 0x26, 0x4A, 0xE6, 0x80, 0x56, 0xA0, 0x5E, 0xCD, 0x5B, 0x96, 0x00, 0x0C, 0xA1, 0xDF,
    0xCE, 0x68, 0x3E, 0x4F, 0xB3, 0x97, 0xF0, 0xD7, 0x49, 0x4F, 0x9E, 0xBB, 0xD4, 0xD4, 0x46, 0x12,
    0x60, 0xCA, 0xA5, 0xFC, 0x1C, 0x02, 0x00, 0x86, 0x79, 0x80, 0x4E, 0x10, 0x04, 0x95, 0xD5, 0x04,
    0x43, 0x93, 0x00, 0xD0, 0x2B, 0x77, 0x07, 0x0B, 0x66, 0x08, 0x42, 0x66, 0x0F, 0x33, 0x00, 0x0D,
    0xF8, 0x0C, 0x90, 0x7A, 0x0B, 0xBD, 0x0B, 0x16, 0xBD, 0x49, 0xF4, 0xFA, 0x33, 0xBD, 0x5A, 0xE6,
    0x42, 0x76, 0x48, 0x05, 0xE7, 0x90, 0x08, 0x83, 0x43, 0x83, 0xE0, 0x5E, 0x00, 0x2F, 0x95, 0x53,
    0x85, 0x76, 0x24, 0xCD, 0x21, 0x01, 0x7E, 0xC3, 0xF0, 0xF2, 0x73, 0x90, 0x51, 0xF1, 0x31, 0x77,
    0x9A, 0x4B, 0x6E, 0x4D, 0xC2, 0x49, 0xE3, 0x73, 0x26, 0x33, 0x64, 0x4C, 0xB8, 0x03, 0x26, 0x59,
    0x17, 0x71, 0xA4, 0x95, 0x67, 0x70, 0xED, 0x1C, 0x73, 0xE0, 0xA4, 0x1E, 0xFA, 0x81, 0x93, 0x01,
    0x34, 0x59, 0x40, 0x62, 0x82, 0xA0, 0x18, 0x3E, 0x19, 0x41, 0x93, 0x15, 0x24, 0x66, 0x00, 0xC5,
    0x0E, 0x12, 0x43, 0x80, 0x62, 0x09, 0x4D, 0xA6, 0xD0, 0x64, 0x0B, 0x4D, 0xC6, 0xCC, 0xD6, 0x9C,
    0x99, 0x53, 0xFA, 0x62, 0x40, 0x06, 0x26, 0x99, 0x8C, 0x40, 0xD9, 0x09, 0xB5, 0x83, 0xB1, 0xC9,
    0xB8, 0x91, 0x54, 0xBC, 0xF6, 0x38, 0xC1, 0xA4, 0xF0, 0x0C, 0x17, 0x92, 0xDC, 0x37, 0xC0, 0x97,
    0xC3, 0x29, 0xF0, 0xB4, 0xFB, 0xEF, 0x40, 0x85, 0x34, 0x41, 0x2A, 0x71, 0xD8, 0x4B, 0x57, 0x6B,
    0x60, 0x4C, 0x22, 0x03, 0x8C, 0x82, 0xCA, 0x43, 0x91, 0x50, 0x79, 0x1E, 0x61, 0x60, 0x9F, 0x20,
    0x4C, 0x14, 0xEC, 0x04, 0xF5, 0x84, 0x66, 0xC6, 0x76, 0xC2, 0xFA, 0x07, 0xED, 0x71, 0xB3, 0x3D,
    0xE9, 0xF7, 0xB4, 0xE7, 0xEA, 0x8B, 0xF3, 0xFE, 0x3B, 0x7C, 0xDB, 0x7F, 0x3D, 0xC9, 0x98, 0x45,
    0xD6, 0xAF, 0x6E, 0xF7, 0xAC, 0xFF, 0x0A, 0x08, 0xC3, 0x59, 0x4A, 0xB4, 0x80, 0xF4, 0xDF, 0x0E,
    0x9D, 0xC3, 0xB4, 0x26, 0x02, 0x94, 0xA4, 0x1C, 0x1D, 0x92, 0x70, 0x43, 0x1A, 0x64, 0x89, 0xDE,
    0x38, 0x41, 0xC9, 0x98, 0x1A, 0x16, 0xDC, 0xC2, 0x55, 0x53, 0x03, 0xD0, 0x0F, 0x25, 0x27, 0xE1,
    0x2D, 0xAC, 0x6C, 0x4B, 0xAE, 0xF1, 0x07, 0xF6, 0x96, 0xF6, 0x1B, 0x96, 0x06, 0x09, 0xD8, 0x3B,
    0x30, 0x30, 0x3D, 0x94, 0xF3, 0xA7, 0x0A, 0x0C, 0x6D, 0x51, 0xA6, 0x78, 0x30, 0x2D, 0x6E, 0x1F,
    0x2D, 0xF5, 0x11, 0xA2, 0x83, 0xFE, 0x6B, 0xA5, 0xDD, 0xD8, 0x39, 0x71, 0x0A, 0x76, 0x32, 0xBE,
    0x3D, 0x02, 0xDF, 0x05, 0xB4, 0xF4, 0x1B, 0x73, 0xFE, 0x71, 0xD3, 0xC3, 0x2B, 0x08, 0x86, 0x43,
    0xE2, 0x6E, 0x66, 0xE1, 0xB8, 0xAC, 0xCC, 0xDE, 0x90, 0x72, 0xE7, 0x64, 0xFE, 0x30, 0xDD, 0x7B,
    0x64, 0xFE, 0x57, 0x7A, 0xF1, 0x40, 0x3F, 0xE7, 0x48, 0x54, 0x8C, 0x67, 0x73, 0x44, 0x9A, 0x09,
    0xA9, 0xB1, 0x39, 0x52, 0x36, 0x04, 0x4C, 0x34, 0x9E, 0x08, 0xE7, 0xE0, 0xCA, 0xEF, 0x53, 0x36,
    0x87, 0x55, 0xD9, 0x9C, 0x69, 0x20, 0xDB, 0xC8, 0x6E, 0xB1, 0xEB, 0x59, 0xB8, 0x9D, 0xD2, 0x30,
    0x9F, 0x6D, 0x8C, 0x66, 0x58, 0xA4, 0x37, 0x6B, 0x4A, 0x74, 0xF5, 0x51, 0xC2, 0xDF, 0x62, 0x85,
    0xAD, 0xBD, 0x82, 0xFC, 0x62, 0x1A, 0xD5, 0xAD, 0x5B, 0xC9, 0x2F, 0x5D, 0x90, 0xB2, 0xEC, 0x57,
    0xF2, 0x5F, 0x19, 0xB5, 0x76, 0x7F, 0xFB, 0xA8, 0xD5, 0xFF, 0xF0, 0xA8, 0x45, 0xAF, 0x8E, 0x5A,
    0xAF, 0xD6, 0xA6, 0x55, 0x81, 0x12, 0xB5, 0x32, 0x96, 0x40, 0x69, 0x07, 0x7A, 0x0D, 0x16, 0xC3,
    0xE4, 0xAF, 0x08, 0x2A, 0x68, 0xE5, 0xB3, 0x39, 0xF7, 0x59, 0x72, 0x53, 0x33, 0xD1, 0x52, 0x63,
    0x6F, 0x12, 0x99, 0xB8, 0xCA, 0x97, 0xC5, 0x2F, 0x01, 0x45, 0x40, 0xCD, 0xFE, 0xDA, 0x51, 0x03,
    0x07, 0xE6, 0xAE, 0x97, 0xA6, 0x41, 0x6C, 0x62, 0x57, 0x83, 0x86, 0x77, 0x34, 0xAE, 0x1A, 0xDE,
    0xD7, 0x3F, 0xF0, 0xA5, 0x97, 0x2E, 0x7C, 0xE9, 0x95, 0x5E, 0xEA, 0xA7, 0x4E, 0x52, 0x84, 0x51,
    0x32, 0x4B, 0x27, 0x58, 0x41, 0x4D, 0xBA, 0x02, 0x54, 0x91, 0x8F, 0xBF, 0xA2, 0x45, 0x7A, 0xF0,
    0x90, 0xEB, 0x7C, 0x7C, 0xF0, 0x10, 0x1C, 0x7B, 0xC1, 0x36, 0xE0, 0x30, 0x3C, 0x02, 0x5E, 0xE6,
    0x16, 0xAF, 0x88, 0xF5, 0xF2, 0x4A, 0x3D, 0x7F, 0xEC, 0x50, 0x29, 0x6D, 0x4A, 0x8A, 0x68, 0x90,
    0x24, 0xC3, 0x11, 0x59, 0x7F, 0x22, 0x0F, 0xB8, 0xAA, 0x47, 0x4C, 0x5A, 0x72, 0xA0, 0x62, 0x96,
    0x41, 0x53, 0x8B, 0x21, 0x63, 0x82, 0x83, 0x8F, 0x00, 0x16, 0x45, 0x66, 0x9E, 0x04, 0x5F, 0x5A,
    0x21, 0x6F, 0x39, 0x35, 0x09, 0x80, 0xD4, 0x3E, 0xB9, 0x5A, 0x8A, 0x4B, 0x80, 0x5C, 0x2E, 0xC9,
    0xED, 0xD2, 0x74, 0xBD, 0x53, 0x21, 0x37, 0x29, 0xE3, 0x0E, 0x6D, 0xF7, 0x4E, 0xBF, 0x75, 0x3D,
    0x3F, 0xEA, 0x0C, 0x18, 0xD2, 0x5E, 0x8E, 0x39, 0xE3, 0x22, 0x2A, 0x58, 0x1F, 0x37, 0x2D, 0x18,
    0xB2, 0x67, 0xA9, 0x78, 0xE6, 0x98, 0x8A, 0xE7, 0x3D, 0xC3, 0xCE, 0x56, 0xCC, 0x40, 0x28, 0xAA,
    0x28, 0x30, 0x8D, 0x3B, 0x2E, 0x07, 0x74, 0x00, 0x59, 0xA5, 0x03, 0x2C, 0x58, 0xFA, 0x7A, 0xC5,
    0x2D, 0x4C, 0xDD, 0x30, 0x12, 0x1F, 0x5C, 0x91, 0xA0, 0x21, 0x69, 0x96, 0x52, 0x91, 0xA8, 0x94,
    0x8A, 0xA4, 0x30, 0x6C, 0x83, 0xEC, 0x18, 0x37, 0x41, 0xC5, 0x4F, 0x81, 0xCF, 0x9E, 0xFF, 0x26,
    0x40, 0xD5, 0x93, 0xA7, 0x01, 0x53, 0xE2, 0xED, 0x53, 0x2F, 0x1A, 0xA7, 0x24, 0x24, 0xC1, 0x44,
    0x56, 0x22, 0x4C, 0xCD, 0x54, 0x91, 0x4C, 0x4F, 0xF4, 0xE7, 0xA3, 0x84, 0xC6, 0x55, 0x13, 0xD5,
    0x73, 0x50, 0x1D, 0x1D, 0xF7, 0x3F, 0xB3, 0x54, 0xF0, 0x22, 0x56, 0x1F, 0xDD, 0x88, 0xAA, 0xD8,
    0x89, 0xFA, 0x9D, 0xB7, 0x82, 0x66, 0xA4, 0x93, 0x97, 0xA1, 0x57, 0xBE, 0x52, 0x94, 0x33, 0xCC,
    0x3D, 0xDE, 0x41, 0x1A, 0x9E, 0x10, 0xD9, 0x17, 0x0A, 0xC4, 0x65, 0xB4, 0x86, 0x5E, 0x25, 0x09,
    0x32, 0x78, 0x03, 0x98, 0xFB, 0x64, 0x11, 0x10, 0x2A, 0x95, 0xE0, 0xD6, 0xE6, 0x1A, 0xE0, 0xDA,
    0x9A, 0x84, 0x31, 0x22, 0x8C, 0x76, 0x00, 0xB0, 0xD0, 0xE4, 0xE2, 0x9C, 0x30, 0xCE, 0x73, 0x02,
    0x5E, 0xAB, 0xD0, 0x59, 0x75, 0x5C, 0x5E, 0xB1, 0x71, 0xDB, 0x3C, 0x8F, 0x0D, 0x3F, 0x88, 0x86,
    0xDF, 0x0A, 0xA5, 0x88, 0x23, 0xD9, 0x12, 0xA8, 0x4A, 0xF6, 0x30, 0xEF, 0xEF, 0xC9, 0xE9, 0x43,
    0x99, 0x26, 0xA4, 0x6A, 0x15, 0x47, 0x1D, 0x53, 0xB9, 0x83, 0x30, 0x95, 0x1F, 0xDE, 0x9B, 0x12,
    0x64, 0xA0, 0x5C, 0x14, 0xD2, 0x55, 0x4F, 0xE7, 0x0B, 0x5A, 0xE7, 0x8F, 0x90, 0x40, 0x1B, 0xC2,
    0xC5, 0xED, 0x75, 0x84, 0xC8, 0xC8, 0x39, 0x70, 0x5B, 0x6E, 0x65, 0x97, 0x64, 0xFD, 0xB2, 0x1C,
    0x32, 0x44, 0x23, 0xF7, 0xB7, 0xB6, 0x8A, 0xC1, 0xDD, 0x52, 0x9D, 0x7D, 0xC6, 0x38, 0x36, 0x75,
    0x02, 0x22, 0x7B, 0x22, 0x6C, 0xC4, 0x1B, 0xDC, 0x9A, 0xBE, 0x81, 0x72, 0xD3, 0xFD, 0x6A, 0x65,
    0x10, 0xEC, 0xC1, 0x26, 0x1C, 0x3A, 0x4B, 0xE5, 0x57, 0x0A, 0x9E, 0xEC, 0x7C, 0xCA, 0x10, 0x1C,
    0x4F, 0x80, 0x7D, 0x0D, 0xF0, 0x0A, 0x10, 0x36, 0x01, 0x4D, 0x5C, 0xF5, 0xB2, 0x8B, 0xAB, 0x1C,
    0xA5, 0x6C, 0xB1, 0xA3, 0x85, 0x44, 0x3D, 0x4F, 0x05, 0x24, 0x08, 0xA7, 0x5E, 0xFF, 0xF8, 0xE2,
    0xB0, 0x22, 0xE0, 0x56, 0x04, 0xAB, 0x26, 0x18, 0x56, 0x30, 0x89, 0xD4, 0xDD, 0x0A, 0x24, 0x67,
    0x82, 0x48, 0x6B, 0x2B, 0x2F, 0x1F, 0xB4, 0xB9, 0x33, 0xE3, 0xBF, 0xF8, 0x86, 0xD9, 0x53, 0xF6,
    0x77, 0x22, 0xE8, 0x8F, 0xB1, 0xAF, 0xE3, 0xCC, 0x01, 0xCE, 0x24, 0x9C, 0x89, 0x38, 0x13, 0x71,
    0x26, 0xE2, 0x4C, 0xB8, 0x70, 0xE6, 0x10, 0x02, 0x5F, 0x1E, 0xB5, 0x38, 0x75, 0x57, 0x44, 0xF1,
    0x3C, 0x5C, 0x88, 0x30, 0x9A, 0xA4, 0xCD, 0x47, 0xE7, 0xB3, 0x57, 0xAE, 0x20, 0x51, 0x37, 0x70,
    0xF4, 0xE0, 0xB7, 0x09, 0xBC, 0x34, 0xE8, 0xF8, 0xFE, 0xFE, 0xDF, 0xEF, 0x37, 0x11, 0x13, 0xBA,
    0x5F, 0xF8, 0xDC, 0x95, 0x83, 0xAA, 0x7F, 0xEC, 0x75, 0xFD, 0xBE, 0x37, 0xD4, 0x60, 0x6B, 0xB7,
    0x49, 0x0B, 0x7F, 0x00, 0xD3, 0x23, 0x09, 0xC9, 0x35, 0xD9, 0x9A, 0xEB, 0xEB, 0x44, 0xF4, 0x7A,
    0xBD, 0xEA, 0xFF, 0xBA, 0x25, 0x62, 0x3E, 0x11, 0xE0, 0x09, 0xD0, 0xE7, 0xC8, 0x76, 0x8B, 0x51,
    0xA6, 0xFD, 0x04, 0xC8, 0x13, 0x35, 0xD0, 0x9E, 0xF1, 0x5C, 0x4F, 0x0A, 0x18, 0x3A, 0xCF, 0x68,
    0x32, 0xAD, 0x01, 0x48, 0x66, 0x20, 0x08, 0x96, 0x71, 0x19, 0x80, 0x73, 0x7A, 0x28, 0xF0, 0x36,
    0x73, 0x14, 0x70, 0xF3, 0x7C, 0x2C, 0xCA, 0x00, 0xAD, 0xD4, 0xA1, 0x5A, 0xE2, 0x5F, 0xB8, 0xD2,
    0x55, 0x4E, 0x6A, 0x3E, 0x42, 0xDA, 0xC9, 0xA7, 0x17, 0xBA, 0xB8, 0x6F, 0xE2, 0xFE, 0xFA, 0xFE,
    0xB2, 0x09, 0xF3, 0x37, 0x4F, 0xE1, 0xF2, 0x50, 0x62, 0x57, 0xA8, 0x3D, 0xE8, 0xE2, 0x4E, 0x36,
    0x86, 0x3C, 0xA7, 0xD1, 0xD3, 0x35, 0x8A, 0xAE, 0x91, 0xDD, 0xE2, 0x5D, 0x6F, 0x42, 0x83, 0xF8,
    0xEC, 0xAF, 0x6F, 0x56, 0xFB, 0xCB, 0x8D, 0xB5, 0x26, 0x98, 0x38, 0x4D, 0xC2, 0xF6, 0x9F, 0x3F,
    0x86, 0xA9, 0xC3, 0x54, 0xFD, 0xBB, 0xEB, 0x88, 0x09, 0x21, 0xD0, 0x08, 0x33, 0xB7, 0x17, 0x0B,
    0xFF, 0x39, 0x17, 0xED, 0x77, 0xB9, 0x98, 0xA5, 0x73, 0x2E, 0xE6, 0xAB, 0x1D, 0xCE, 0xF2, 0x8D,
    0x65, 0x77, 0x54, 0x1D, 0x61, 0xEF, 0x74, 0x54, 0x72, 0x4D, 0x8B, 0x24, 0xEF, 0x0F, 0x54, 0xF2,
    0x28, 0x84, 0xAF, 0x4D, 0x6F, 0x5B, 0x8B, 0x22, 0xB1, 0xB7, 0xDD, 0xD4, 0x7B, 0x7B, 0x88, 0xC9,
    0x13, 0xB0, 0xF0, 0x6D, 0x2F, 0x7C, 0x7B, 0x35, 0x49, 0xBF, 0xDF, 0x16, 0xFE, 0xAE, 0x2D, 0x68,
    0x37, 0xD8, 0x8E, 0x72, 0x87, 0x3D, 0x08, 0xC1, 0x7B, 0x42, 0xE4, 0xC9, 0xD0, 0x68, 0xF2, 0xD1,
    0x54, 0xC9, 0xE8, 0x68, 0x6C, 0x44, 0x7D, 0x30, 0x0F, 0x82, 0xF9, 0xD0, 0x5F, 0x2A, 0xBC, 0xF0,
    0x7B, 0xEA, 0xAD, 0xF8, 0x89, 0x3A, 0xDD, 0xC9, 0xCF, 0xE0, 0xD7, 0xE2, 0x07, 0x45, 0xA2, 0x87,
    0xE7, 0x5F, 0x9F, 0xB1, 0xCF, 0xFC, 0xD6, 0xC2, 0xDD, 0xCA, 0xD8, 0xE1, 0xD2, 0xC9, 0x7A, 0xB9,
    0x6E, 0x52, 0x67, 0xB9, 0x2B, 0x63, 0xD3, 0xCF, 0x7F, 0x28, 0x66, 0xF4, 0xFF, 0xC4, 0xAC, 0x70,
    0xDF, 0xAD, 0x53, 0xAF, 0xE1, 0xF5, 0x37, 0x16, 0xBB, 0xC4, 0x37, 0x43, 0x2E, 0x99, 0xF3, 0xE5,
    0x8B, 0x51, 0x77, 0xBB, 0x6C, 0x02, 0x8D, 0xCD, 0x48, 0xE3, 0x35, 0x9D, 0xA5, 0xED, 0x2B, 0x8B,
    0x68, 0x22, 0xAA, 0xEF, 0xB0, 0x12, 0x94, 0xBF, 0x52, 0xF0, 0x2E, 0xC6, 0x52, 0x7D, 0x4F, 0x2C,
    0x0B, 0xFC, 0xBD, 0xEA, 0x2E, 0xC1, 0x07, 0xCD, 0x4C, 0x0D, 0x07, 0x4A, 0x7F, 0x74, 0x40, 0xF1,
    0xE5, 0xE7, 0xC4, 0x7C, 0x8F, 0xAC, 0x1A, 0xE9, 0x47, 0x45, 0x20, 0x59, 0xA8, 0xD7, 0x20, 0xA2,
    0x6E, 0x41, 0xC4, 0x7A, 0x31, 0x64, 0x7F, 0x51, 0xC5, 0xB2, 0x7F, 0x63, 0x59, 0x75, 0xEB, 0x4B,
    0x53, 0xAB, 0x60, 0xA9, 0x78, 0x1A, 0xA9, 0x94, 0x39, 0x95, 0xA7, 0x6C, 0x22, 0xDA, 0xFD, 0xEB,
    0x37, 0xA9, 0x38, 0x8D, 0x86, 0x2A, 0x3E, 0xDC, 0x24, 0xF3, 0x07, 0x9B, 0xFB, 0x64, 0xFA, 0xCD,
    0x40, 0x5B, 0xAE, 0x71, 0xF4, 0xFE, 0x23, 0x46, 0x88, 0x8F, 0x64, 0xD0, 0xCB, 0xB0, 0xE9, 0x6F,
    0x89, 0x24, 0x21, 0xFA, 0xE9, 0xD7, 0xC1, 0x0B, 0xFC, 0xB2, 0x8F, 0x89, 0xE8, 0x6F, 0x90, 0xA3,
    0x90, 0x57, 0x82, 0x1F, 0xE8, 0xFD, 0xB7, 0xE8, 0xD6, 0xAF, 0xA9, 0x71, 0x92, 0x97, 0xA5, 0x37,
    0x69, 0x5F, 0x7B, 0x15, 0x36, 0x9B, 0xA8, 0x06, 0xD2, 0x03, 0xB1, 0x5B, 0xF8, 0x3A, 0x77, 0x84,
    0xEC, 0x54, 0xFF, 0x4E, 0x1B, 0x44, 0x07, 0x24, 0x67, 0xD5, 0x80, 0x36, 0x31, 0x4A, 0xD1, 0xEB,
    0x17, 0x61, 0xE1, 0xCB, 0x7F, 0x38, 0xD9, 0x56, 0x28, 0x1E, 0x1B, 0xDB, 0x6A, 0x6D, 0xE9, 0xCA,
    0x9F, 0x6E, 0x0D, 0xE5, 0x5F, 0x6D, 0x0D, 0xD5, 0xFA, 0x96, 0xBF, 0xB2, 0x44, 0x6E, 0xED, 0x6D,
    0x5C, 0xFE, 0x27, 0xA7, 0x5A, 0xD5, 0x15, 0x2C, 0xEF, 0x20, 0xF5, 0x65, 0x88, 0xC8, 0x24, 0xB9,
    0xA5, 0x6D, 0x91, 0xF6, 0xC8, 0x8F, 0x06, 0xB6, 0x77, 0x56, 0xA2, 0x39, 0x9E, 0x81, 0x69, 0x59,
    0xC8, 0xD6, 0xF4, 0x92, 0xDC, 0x67, 0x87, 0x85, 0x7E, 0xE2, 0xE0, 0x25, 0x86, 0x94, 0x86, 0x59,
    0x9A, 0x27, 0xF7, 0x45, 0x82, 0x51, 0x95, 0x3B, 0x2C, 0xBD, 0x3E, 0xE2, 0x9D, 0x60, 0x76, 0x76,
    0x8E, 0x00, 0x1F, 0xEE, 0x78, 0x73, 0x83, 0x3F, 0x74, 0x48, 0x0A, 0xE4, 0x3C, 0x27, 0x69, 0x92,
    0xC8, 0x8D, 0x8C, 0x3F, 0x18, 0xC5, 0x59, 0x28, 0x18, 0x04, 0x5E, 0xAD, 0xC4, 0x87, 0xAA, 0x57,
    0x47, 0x6C, 0x9D, 0xBE, 0xC7, 0x38, 0x7E, 0x7C, 0x04, 0x62, 0x7F, 0x12, 0x7E, 0x12, 0xCC, 0x7B,
    0xEB, 0x8B, 0xD0, 0xAC, 0xAF, 0xE7, 0xBE, 0x51, 0x31, 0x77, 0xCD, 0x3B, 0x28, 0x24, 0x10, 0xD0,
    0x74, 0x5A, 0x3A, 0x2F, 0x4C, 0x8B, 0x67, 0x83, 0x8F, 0x3E, 0xD1, 0x3D, 0x71, 0xE2, 0x98, 0xB3,
    0xCC, 0xAB, 0xDE, 0xDC, 0x4F, 0x6A, 0xD0, 0xB7, 0x13, 0x2E, 0xFA, 0x83, 0x68, 0x3A, 0xF3, 0x93,
    0x68, 0x82, 0x91, 0xE2, 0x6A, 0xD0, 0xD2, 0xD7, 0x9A, 0xDC, 0x6F, 0xAE, 0x1D, 0x16, 0x4E, 0xC5,
    0xC3, 0x12, 0xE5, 0x54, 0xFA, 0x34, 0x56, 0x3E, 0x61, 0x31, 0xCC, 0x24, 0xA1, 0x55, 0x5F, 0xC8,
    0xB8, 0x96, 0xCE, 0x9E, 0x24, 0xF0, 0x8C, 0xFB, 0x64, 0x29, 0x74, 0x65, 0x22, 0xB1, 0xDB, 0xE9,
    0x56, 0x4E, 0x49, 0x84, 0xCC, 0x8D, 0x4F, 0x27, 0xFC, 0x72, 0x22, 0x26, 0xD7, 0xC0, 0x41, 0x23,
    0x6A, 0x8A, 0xA5, 0xEF, 0x16, 0x40, 0x2F, 0xD7, 0x70, 0x69, 0xA0, 0xF3, 0x25, 0x1A, 0x8B, 0x20,
    0x1A, 0x55, 0x12, 0x8D, 0xCB, 0x35, 0xD1, 0x88, 0xEE, 0x5F, 0x53, 0x66, 0xA1, 0x71, 0xEE, 0x17,
    0x8B, 0x0B, 0x1A, 0xAB, 0xDF, 0x59, 0x63, 0x09, 0x04, 0xF5, 0x2E, 0x68, 0xB4, 0x02, 0x4D, 0x0D,
    0x30, 0xAF, 0xC0, 0x3B, 0xC2, 0x61, 0x39, 0x0E, 0x48, 0x64, 0x4E, 0x16, 0x4C, 0x66, 0x75, 0x9E,
    0xCA, 0x01, 0x60, 0x02, 0x59, 0xDA, 0x5A, 0x66, 0x23, 0x6D, 0xED, 0x95, 0x91, 0xCC, 0x4B, 0x76,
    0x53, 0xC1, 0x80, 0x71, 0x27, 0x34, 0xAF, 0x66, 0x42, 0x1A, 0x27, 0xA4, 0x34, 0x61, 0x16, 0x05,
    0xE7, 0xCF, 0x9A, 0xF6, 0x20, 0x0F, 0x08, 0xE6, 0x73, 0xDE, 0x99, 0x82, 0xC8, 0x47, 0x8E, 0x2A,
    0x6F, 0xD5, 0x5D, 0x21, 0xF6, 0xB5, 0xEA, 0x9E, 0x83, 0x57, 0x07, 0xEA, 0x78, 0x80, 0x2B, 0xFB,
    0xFA, 0xB8, 0x87, 0xC6, 0xBF, 0x34, 0x9F, 0x74, 0x32, 0xF6, 0x19, 0xA9, 0x7D, 0x8A, 0x2C, 0x13,
    0xA6, 0x29, 0x62, 0x91, 0x15, 0x17, 0xF0, 0x50, 0x2C, 0x3B, 0x14, 0xFB, 0x67, 0x3F, 0x04, 0x2F,
    0x18, 0x32, 0xAE, 0x3E, 0xED, 0xE7, 0xA9, 0xCC, 0x22, 0x26, 0xAB, 0xBB, 0x13, 0x2E, 0x43, 0xE9,
    0xD9, 0x0D, 0x2B, 0xA9, 0x92, 0x75, 0xE3, 0xC8, 0xEC, 0xF4, 0x0E, 0x78, 0xD3, 0x3D, 0x06, 0x72,
    0xB4, 0x30, 0x25, 0x30, 0xE3, 0x80, 0x6B, 0x18, 0x6F, 0xF5, 0x65, 0xA0, 0x69, 0x15, 0xFD, 0x39,
    0x96, 0x33, 0x76, 0x82, 0x55, 0x47, 0x97, 0xC3, 0x95, 0xAA, 0x25, 0x66, 0xFB, 0x49, 0x2D, 0x2E,
    0x4A, 0xE3, 0xAC, 0x1E, 0x07, 0x42, 0x9F, 0x73, 0xA2, 0x2B, 0x07, 0x1A, 0x19, 0x06, 0xA0, 0xE5,
    0x7E, 0x04, 0xB2, 0x1F, 0x81, 0xFE, 0x56, 0x53, 0x43, 0x8B, 0x37, 0xD2, 0x5F, 0x06, 0x88, 0x01,
    0xE5, 0x2E, 0xD1, 0xBC, 0xE6, 0x99, 0x70, 0x90, 0xA9, 0xD0, 0x04, 0x30, 0x23, 0x71, 0xC0, 0x64,
    0xC8, 0xCF, 0x3D, 0x66, 0x43, 0xBE, 0xEB, 0x31, 0x1D, 0x82, 0xBD, 0x32, 0x1F, 0x56, 0xC2, 0x25,
    0x27, 0x28, 0x1D, 0xF4, 0xFC, 0xDF, 0x04, 0xAA, 0x13, 0xD4, 0x40, 0xE9, 0xA4, 0x62, 0x85, 0x69,
    0x57, 0x68, 0x50, 0xEC, 0x81, 0xAD, 0x25, 0x58, 0x7E, 0x46, 0x12, 0x16, 0x9C, 0xE7, 0x44, 0x2C,
    0x24, 0x77, 0x3B, 0xFB, 0x56, 0x7D, 0xF4, 0xC4, 0xED, 0x92, 0xBE, 0xC1, 0xBF, 0x78, 0xFA, 0x14,
    0xF1, 0xA9, 0xF8, 0x17, 0xA7, 0xA7, 0x81, 0xCC, 0x9A, 0x56, 0x70, 0xB7, 0x33, 0x6B, 0x9B, 0x86,
    0xAF, 0x23, 0xD1, 0xAA, 0x78, 0x90, 0x96, 0x90, 0xF9, 0xF6, 0x17, 0x71, 0x9F, 0xF0, 0xEC, 0x95,
    0x23, 0x2C, 0x1C, 0x9A, 0xA3, 0xC6, 0xE3, 0x99, 0x9E, 0x41, 0x90, 0xFE, 0x0F, 0xCD, 0xD8, 0x31,
    0xAC, 0xE5, 0x46, 0x15, 0xC6, 0xF1, 0xBF, 0xED, 0xB0, 0x46, 0xB1, 0x84, 0x03, 0x0A, 0x12, 0xAC,
    0x14, 0xB9, 0xA1, 0x20, 0x11, 0x59, 0xB7, 0x29, 0xF2, 0x32, 0x86, 0x96, 0x22, 0x5B, 0x84, 0xBE,
    0xA1, 0x58, 0x2A, 0xDA, 0x14, 0x9B, 0x7B, 0x87, 0x34, 0x94, 0x04, 0x51, 0x52, 0xF0, 0x8A, 0x14,
    0x29, 0x29, 0x29, 0xD8, 0xF5, 0x88, 0x14, 0x69, 0xAD, 0xD0, 0x0B, 0x07, 0xE8, 0x52, 0xEC, 0x04,
    0x59, 0xC4, 0x68, 0x7D, 0xEF, 0xF0, 0xCE, 0xD1, 0x3D, 0xF1, 0xA2, 0xB7, 0x0A, 0x91, 0x36, 0xCF,
    0xBA, 0x57, 0xF7, 0x7D, 0x4F, 0xD9, 0x3C, 0x59, 0x33, 0xBF, 0x3B, 0x33, 0xE7, 0xCC, 0x85, 0x72,
    0x06, 0x6A, 0x89, 0x66, 0x01, 0x9C, 0xC4, 0x5E, 0x22, 0x1D, 0x20, 0x3F, 0x1E, 0xA1, 0x58, 0x8E,
    0x50, 0xCD, 0x09, 0xEA, 0xD8, 0x43, 0x3B, 0xF6, 0xE0, 0xC2, 0xBE, 0xA3, 0xF7, 0x7B, 0x4F, 0xC2,
    0xF9, 0x3C, 0xA5, 0x14, 0x0A, 0x89, 0x4A, 0xA2, 0x8E, 0xB4, 0x43, 0x3B, 0xD2, 0x8C, 0x6E, 0xB8,
    0x8A, 0x3E, 0xD0, 0x44, 0xD6, 0x57, 0x1E, 0x81, 0x72, 0x02, 0xAA, 0x08, 0x14, 0x03, 0xD0, 0xCC,
    0x0E, 0x52, 0xEA, 0x29, 0x52, 0x3A, 0x52, 0xCF, 0xD5, 0x81, 0x66, 0x2C, 0x0E, 0xB4, 0x21, 0x5F,
    0x70, 0xBE, 0x38, 0xC5, 0xBE, 0x2B, 0xE6, 0xAB, 0x28, 0x27, 0xF6, 0xBE, 0x9E, 0x70, 0xA1, 0x8D,
    0xB4, 0x29, 0x45, 0xEA, 0xF4, 0x69, 0x24, 0x3F, 0xBE, 0x39, 0xB2, 0xBE, 0x68, 0x25, 0x9C, 0x07,
    0xF6, 0x1D, 0xF0, 0x06, 0x00, 0xF4, 0x40, 0x99, 0x02, 0x94, 0xBF, 0x09, 0x40, 0x2D, 0xE1, 0x00,
    0x16, 0x89, 0x4B, 0x09, 0xD8, 0xDA, 0xA5, 0xF7, 0x50, 0xA4, 0x01, 0x8A, 0x5F, 0x8F, 0x40, 0x15,
    0x80, 0xB6, 0x03, 0x1E, 0x00, 0x7C, 0x20, 0xC1, 0xD7, 0xCE, 0x54, 0x79, 0xC9, 0x46, 0xE2, 0xDE,
    0x05, 0x90, 0x1D, 0x01, 0xAA, 0xD4, 0x01, 0xAD, 0xE2, 0xFC, 0x22, 0x7F, 0x8F, 0x15, 0x04, 0x13,
    0x51, 0x12, 0x35, 0x31, 0x14, 0x55, 0x51, 0x96, 0x93, 0x8B, 0xC2, 0x9C, 0x64, 0x94, 0xE6, 0x64,
    0xA3, 0x38, 0xA8, 0x0E, 0xCA, 0x43, 0xA1, 0x59, 0x69, 0xAA, 0x10, 0x4A, 0x84, 0x1A, 0xA1, 0x48,
    0xD8, 0x32, 0xA9, 0x3D, 0x70, 0x07, 0xD8, 0x01, 0x99, 0x0C, 0xB4, 0x7C, 0x14, 0xA0, 0x15, 0xB4,
    0x57, 0xB2, 0xCB, 0x1B, 0x51, 0xBA, 0x2F, 0x71, 0x21, 0x46, 0x77, 0x84, 0xC8, 0x84, 0x04, 0x48,
    0x7C, 0x36, 0x5F, 0x2E, 0x17, 0xB6, 0xB4, 0xA9, 0xB7, 0x85, 0x68, 0x82, 0xE4, 0x7E, 0x94, 0xFC,
    0xB6, 0x66, 0xE9, 0x81, 0x3F, 0x37, 0x40, 0x91, 0x00, 0xEA, 0x47, 0x1E, 0x70, 0x6F, 0x9E, 0xD9,
    0xD2, 0xA9, 0x06, 0xC0, 0x45, 0xE0, 0x07, 0x12, 0x99, 0x44, 0x19, 0x60, 0x57, 0x9B, 0x5D, 0x0A,
    0xD0, 0x7C, 0x24, 0x76, 0xF9, 0x4D, 0xD8, 0xE5, 0xD3, 0xEB, 0x50, 0xA5, 0x09, 0xBE, 0xA5, 0x63,
    0x01, 0x71, 0x53, 0x36, 0x54, 0x4D, 0xD0, 0x06, 0xF8, 0x59, 0x76, 0x77, 0xFB, 0xD3, 0x07, 0xF2,
    0xC3, 0x8F, 0x64, 0xFD, 0xCC, 0xF0, 0xFC, 0xFA, 0xA1, 0xED, 0xD8, 0x08, 0x47, 0x21, 0xF2, 0xF4,
    0xE4, 0xBE, 0xA2, 0x2F, 0x47, 0x00, 0xCE, 0xA5, 0x3C, 0x7D, 0xB9, 0xC6, 0x86, 0xC5, 0xAB, 0x0E,
    0x76, 0x62, 0xBF, 0x2E, 0x01, 0x70, 0x91, 0x4D, 0xF0, 0x86, 0x8C, 0xDA, 0xFD, 0x61, 0x84, 0x26,
    0x05, 0xB8, 0x75, 0x60, 0x6B, 0xBF, 0x22, 0xAC, 0xE7, 0xB3, 0x4D, 0x81, 0x19, 0xDA, 0x9F, 0x4C,
    0x32, 0xA8, 0x51, 0xE8, 0x3C, 0xF0, 0x22, 0x37, 0xA0, 0xA6, 0x5B, 0x9A, 0x49, 0xE2, 0xED, 0x33,
    0x73, 0x99, 0x6C, 0x89, 0xF3, 0xFA, 0xD6, 0x2E, 0xF6, 0x59, 0xA4, 0x00, 0xFC, 0x2E, 0x58, 0xC5,
    0x7F, 0x15, 0xE0, 0x87, 0xFA, 0x73, 0x69, 0x42, 0xBF, 0x37, 0xA1, 0xF2, 0xB8, 0xB9, 0x50, 0xEB,
    0x81, 0x7E, 0x00, 0xBE, 0x23, 0x51, 0xD9, 0x1A, 0xE2, 0xB9, 0x4D, 0xAD, 0xF2, 0xF1, 0x35, 0xA8,
    0xD3, 0x04, 0x2F, 0x35, 0xB6, 0x13, 0x5F, 0xE6, 0xFD, 0x6B, 0x42, 0xB7, 0x36, 0x17, 0xCA, 0x67,
    0x2D, 0x1F, 0x72, 0x3E, 0xDF, 0x7A, 0x6F, 0xF3, 0x35, 0xF4, 0xE4, 0x2A, 0x89, 0xEB, 0x2A, 0x39,
    0xAB, 0xF3, 0xF9, 0x49, 0x8D, 0xB8, 0x6A, 0x6C, 0x7D, 0x3E, 0xA7, 0x94, 0xA2, 0xC4, 0x28, 0x31,
    0x64, 0xC9, 0x7A, 0xEA, 0x5C, 0xA2, 0x38, 0x60, 0xB1, 0x20, 0x63, 0x4C, 0x07, 0xAA, 0x94, 0x16,
    0x0D, 0xEA, 0x09, 0x01, 0xB2, 0x68, 0x24, 0x5A, 0x8D, 0x11, 0x70, 0x29, 0xCD, 0x58, 0x4C, 0xAC,
    0x2F, 0x9A, 0x0E, 0xE1, 0x94, 0xB0, 0x7D, 0x43, 0x75, 0x84, 0x3E, 0x0D, 0x79, 0x4A, 0x53, 0x35,
    0x97, 0x4B, 0x3D, 0xE6, 0x4B, 0x1B, 0xB2, 0xC5, 0xA5, 0x64, 0x3F, 0xB3, 0xFC, 0xB1, 0x0B, 0x59,
    0xE7, 0xC6, 0x2A, 0x34, 0x29, 0x0D, 0x65, 0x4A, 0x1D, 0xFD, 0x3F, 0xB1, 0x97, 0xCE, 0xA7, 0x07,
    0x12, 0xF0, 0x8E, 0x7D, 0xD0, 0xB8, 0x03, 0x70, 0xB1, 0xE3, 0xF4, 0x8F, 0xF9, 0x64, 0xDD, 0xD5,
    0xAD, 0x0E, 0xD8, 0x9E, 0xA0, 0xF7, 0x14, 0x69, 0xA4, 0xF8, 0x70, 0x84, 0x72, 0x80, 0xC6, 0xC3,
    0x0E, 0xB8, 0x07, 0xCF, 0x0C, 0xF1, 0xB0, 0xF2, 0xE4, 0xE9, 0x6F, 0x9D, 0xAC, 0x1A, 0x28, 0xFF,
    0x32, 0x6F, 0x3D, 0xC3, 0x7C, 0x78, 0x9B, 0x7A, 0x96, 0xFF, 0x9A, 0xB8, 0x68, 0x07, 0x5E, 0xCC,
    0x9E, 0x7D, 0x56, 0x76, 0x7F, 0x98, 0x21, 0xFF, 0x6D, 0x3C, 0x8D, 0xC3, 0x2D, 0x90, 0x2D, 0x3B,
    0xC8, 0x2F, 0x5F, 0xD9, 0xFE, 0x63, 0x2C, 0xEC, 0xD0, 0xA7, 0x01, 0x1C, 0xD6, 0x68, 0x7D, 0x1A,
    0xA0, 0xF9, 0x30, 0xDA, 0x7D, 0xC6, 0x66, 0x2E, 0x53, 0x47, 0xE6, 0x8E, 0x4C, 0x1E, 0x99, 0x3D,
    0x32, 0x7D, 0x79, 0xDE, 0x1A, 0x33, 0x42, 0xA0, 0x06, 0x08, 0x02, 0xA2, 0x80, 0x32, 0x98, 0x43,
    0x3E, 0x48, 0x44, 0xC8, 0xDF, 0x3B, 0x0F, 0x88, 0x3B, 0x9C, 0x0C, 0xA8, 0xBB, 0x2D, 0x21, 0x78,
    0x88, 0x5D, 0x45, 0xA0, 0xB6, 0x35, 0x42, 0x39, 0x4E, 0x40, 0x23, 0xA1, 0x27, 0xBA, 0xCA, 0x88,
    0xD6, 0x6D, 0x60, 0xC5, 0xD1, 0x1C, 0x35, 0x07, 0xD4, 0x47, 0x81, 0x54, 0xC8, 0x74, 0x2C, 0x17,
    0x4C, 0x49, 0x85, 0x2C, 0x15, 0x4A, 0x90, 0x2C, 0xC5, 0xCA, 0xB0, 0x44, 0xCB, 0xB8, 0xD6, 0x9C,
    0x00, 0x28, 0x07, 0xFB, 0xAB, 0xEF, 0x4D, 0x00, 0x11, 0x28, 0x02, 0xB8, 0xBA, 0xBB, 0xDE, 0xAD,
    0xDF, 0x84, 0x5D, 0xF3, 0xAB, 0x01, 0x5C, 0x0A, 0xF0, 0x47, 0xB1, 0x01, 0x75, 0x33, 0x36, 0x51,
    0xCB, 0x05, 0x2D, 0xBB, 0xFB, 0xDD, 0xED, 0x97, 0x13, 0x64, 0x87, 0x57, 0x29, 0x1E, 0xCD, 0xDC,
    0xB2, 0x5B, 0x9D, 0x03, 0x92, 0x1C, 0x68, 0x41, 0x16, 0x94, 0x98, 0x3C, 0xF3, 0x81, 0x62, 0xD3,
    0xB5, 0xDA, 0xBF, 0x3C, 0x80, 0x62, 0x72, 0xC0, 0x19, 0x15, 0xC4, 0xA7, 0x4D, 0xFC, 0xA6, 0x0A,
    0x65, 0x3B, 0x90, 0x26, 0x3E, 0x99, 0xC8, 0x23, 0xD5, 0x40, 0x0B, 0xDF, 0x07, 0x20, 0x91, 0x25,
    0x99, 0x7C, 0x7E, 0x94, 0x39, 0x17, 0x8B, 0xBC, 0xCB, 0x85, 0x6A, 0xA6, 0x9A, 0x64, 0xB2, 0x75,
    0x94, 0x77, 0x13, 0x65, 0x7E, 0xED, 0x80, 0x1B, 0x70, 0x41, 0xDE, 0xFB, 0x40, 0xEF, 0x01, 0xD8,
    0x87, 0x3C, 0x8D, 0xF9, 0x87, 0x91, 0x72, 0xA0, 0xF1, 0xBC, 0x03, 0x6F, 0x01, 0xE4, 0x8B, 0xBC,
    0xE5, 0x81, 0x33, 0xC5, 0x44, 0x39, 0x51, 0xE9, 0xA3, 0xE4, 0x3D, 0xD2, 0x0C, 0x34, 0x81, 0x56,
    0x1E, 0xA5, 0x20, 0xFA, 0x44, 0xF6, 0x9E, 0xDE, 0x8B, 0x48, 0x42, 0x07, 0x26, 0xA3, 0xCA, 0x0F,
    0xFF, 0x77, 0x60, 0x2B, 0xB1, 0xF3, 0xF2, 0x16, 0xDC, 0xC6, 0xB3, 0x1F, 0xE4, 0x99, 0x6D, 0x67,
    0x45, 0x19, 0x12, 0x1C, 0xE5, 0x9D, 0x1D, 0x9E, 0x3A, 0x3C, 0x1B, 0xA1, 0x3D, 0xB0, 0xEE, 0x4E,
    0xC3, 0x6B, 0x81, 0x4C, 0x74, 0x9B, 0x94, 0xA0, 0x4F, 0x29, 0xE4, 0xA9, 0xDB, 0x47, 0xD9, 0xA2,
    0x53, 0x2D, 0x9B, 0xB5, 0x1D, 0x29, 0x17, 0x37, 0x48, 0x04, 0x8A, 0x65, 0x1F, 0x28, 0x97, 0xDE,
    0x5F, 0x45, 0xF2, 0xD2, 0x63, 0x76, 0xD4, 0x93, 0x44, 0xEC, 0x3D, 0xED, 0xB8, 0x97, 0x59, 0xBB,
    0x81, 0xE4, 0xDB, 0xA9, 0x4C, 0xD4, 0xB2, 0x5C, 0x72, 0xD9, 0xC2, 0xB4, 0xFF, 0x61, 0x7D, 0xD9,
    0x77, 0x8B, 0xD1, 0xA2, 0x0C, 0xF6, 0x65, 0xC4, 0x3E, 0x4D, 0xE4, 0xBA, 0x24, 0x97, 0xFC, 0x28,
    0xFF, 0x33, 0x09, 0x65, 0x8F, 0xD3, 0xF0, 0x24, 0x8B, 0xEC, 0x88, 0x0B, 0xD2, 0x48, 0x8E, 0xCD,
    0x24, 0x83, 0x1F, 0xED, 0x98, 0x98, 0xB8, 0xD6, 0x34, 0xEE, 0x3B, 0x45, 0x02, 0x2E, 0xB0, 0x17,
    0x95, 0xB5, 0x57, 0xBC, 0xB6, 0xB3, 0x1B, 0xE3, 0xDA, 0x5E, 0x3D, 0xEF, 0x01, 0xB6, 0xC7, 0xD9,
    0x0F, 0x90, 0xA5, 0x08, 0xD9, 0xC7, 0x11, 0x28, 0x24, 0xD6, 0x2F, 0xCC, 0x5F, 0x96, 0xE0, 0xEB,
    0xB6, 0x5A, 0x1B, 0x94, 0x77, 0x47, 0xAB, 0xCB, 0x33, 0xF0, 0x70, 0x81, 0x7C, 0xD6, 0xE2, 0x7C,
    0x7B, 0x7B, 0x8D, 0x6C, 0xC4, 0xBE, 0xE3, 0xE8, 0xD0, 0xB5, 0x4E, 0x0A, 0x50, 0x7C, 0x2E, 0x63,
    0xFC, 0x78, 0x82, 0xDB, 0xDD, 0xFB, 0x37, 0xA1, 0x51, 0x7C, 0xD1, 0xA5, 0xF8, 0x78, 0x36, 0x1A,
    0x6B, 0x97, 0x42, 0xE5, 0xB7, 0xD4, 0xE0, 0xC1, 0xDA, 0xAA, 0x64, 0x4F, 0xB4, 0x2A, 0xC3, 0x04,
    0x34, 0xB1, 0x5B, 0x5B, 0x95, 0x07, 0x58, 0x17, 0xB7, 0xE2, 0x9C, 0x74, 0x94, 0x07, 0xF5, 0x41,
    0x81, 0x50, 0x21, 0x94, 0x08, 0x35, 0x42, 0x91, 0x50, 0x25, 0x94, 0x09, 0x75, 0x42, 0xA1, 0x34,
    0x23, 0x4A, 0x85, 0x5A, 0xA1, 0x58, 0xA8, 0x96, 0x72, 0x71, 0xF2, 0x32, 0x30, 0xF2, 0xD1, 0xEE,
    0xC9, 0xDF, 0xBC, 0x0F, 0xF0, 0xA7, 0xD3, 0xBF, 0xB5, 0x65, 0x80, 0x3E, 0x40, 0x9E, 0x46, 0xA8,
    0xFE, 0x11, 0xE1, 0xB6, 0xFF, 0xE0, 0x46, 0xEC, 0x80, 0xF6, 0xE3, 0x00, 0xBB, 0xE4, 0xE1, 0x72,
    0xDD, 0xBC, 0x23, 0xD0, 0x4E, 0xC0, 0xEE, 0x7A, 0xFB, 0xBB, 0xF1, 0x79, 0x73, 0xAC, 0xA1, 0x78,
    0xB4, 0x40, 0xFE, 0xE3, 0x4B, 0x6C, 0xCC, 0xB0, 0x8D, 0x50, 0xE6, 0xAD, 0x00, 0xB4, 0x4F, 0xEE,
    0x30, 0xEB, 0x78, 0xCF, 0xA7, 0x34, 0x7D, 0x09, 0xC9, 0xB6, 0x85, 0xEB, 0x76, 0x27, 0xB9, 0x97,
    0xE0, 0x20, 0x51, 0x4C, 0xD6, 0x01, 0xDB, 0x57, 0x02, 0xE6, 0x86, 0x53, 0xB8, 0x9D, 0xC8, 0x0D,
    0x0F, 0x94, 0x6E, 0x11, 0xBB, 0xC7, 0x8A, 0x97, 0x46, 0xD1, 0x4B, 0xFE, 0x19, 0x37, 0xDF, 0xF1,
    0xE9, 0x9B, 0x2F, 0x5F, 0xB0, 0xE2, 0x45, 0x3D, 0x48, 0xB6, 0x5E, 0xF2, 0x15, 0x60, 0x45, 0xAB,
    0x83, 0xA8, 0x35, 0x41, 0xD8, 0x5A, 0x2F, 0x6E, 0x4E, 0xE1, 0x1E, 0xAA, 0xDC, 0xAC, 0x74, 0xA3,
    0xB2, 0x81, 0x65, 0x76, 0x40, 0xF9, 0x50, 0x3F, 0x14, 0x90, 0x93, 0x20, 0xB2, 0x58, 0x0C, 0x86,
    0x23, 0x2B, 0x95, 0x53, 0x99, 0xC6, 0x9F, 0x89, 0x4F, 0x15, 0xD7, 0x8F, 0x2E, 0x9F, 0x25, 0x59,
    0x34, 0x0F, 0x5B, 0xF8, 0xAC, 0xFD, 0x8F, 0x35, 0x40, 0xD2, 0x01, 0x59, 0x0B, 0x44, 0x3E, 0x61,
    0x4D, 0x10, 0xCF, 0x9F, 0x8B, 0xD8, 0xDA, 0x1D, 0x69, 0x7B, 0x84, 0xF5, 0x47, 0xB6, 0xC6, 0x82,
    0xA4, 0x93, 0xE0, 0xE5, 0x4D, 0x0C, 0xEF, 0x95, 0x5E, 0x46, 0xF2, 0x66, 0x07, 0x45, 0x4A, 0x40,
    0xF9, 0x91, 0x48, 0x66, 0xDD, 0x0B, 0x67, 0x22, 0x96, 0x8F, 0x17, 0x40, 0xBD, 0xDC, 0x47, 0x26,
    0x30, 0x03, 0x6D, 0x13, 0x81, 0x17, 0xB3, 0x0D, 0x7C, 0xCE, 0x63, 0xB5, 0xAC, 0xC7, 0x39, 0x75,
    0x5C, 0xB3, 0x0C, 0x9B, 0xEC, 0x2F, 0x3B, 0xC5, 0xED, 0x18, 0xA7, 0x5F, 0x7B, 0x6D, 0xBD, 0xF0,
    0x5D, 0x85, 0xDC, 0x81, 0xA9, 0xA6, 0x6A, 0xA6, 0x9E, 0xE4, 0xEE, 0x17, 0x6B, 0x8D, 0x48, 0x23,
    0xD1, 0x8E, 0xCD, 0xE9, 0x8B, 0x79, 0xAD, 0x5C, 0x16, 0x72, 0x99, 0x94, 0xA1, 0x75, 0xFB, 0x40,
    0x42, 0x42, 0x46, 0x74, 0xC0, 0xC5, 0x6A, 0x91, 0xF1, 0x44, 0x19, 0x4E, 0x80, 0xFE, 0x7F, 0x2D,
    0x9A, 0xEB, 0x5F, 0x9F, 0x37, 0x83, 0x5C, 0xBF, 0x0B, 0xFD, 0x71, 0xA1, 0x98, 0x9D, 0x2F, 0xA7,
    0x7D, 0x27, 0x3F, 0x55, 0xEC, 0xA9, 0x63, 0xA2, 0x1E, 0x13, 0xCD, 0x98, 0x70, 0x43, 0xEA, 0x52,
    0x90, 0x1A, 0xEC, 0xD2, 0x2F, 0x43, 0x35, 0xB7, 0x6A, 0x68, 0x87, 0x86, 0xA0, 0xE4, 0x0B, 0x30,
    0x3D, 0xED, 0x76, 0xF5, 0x8E, 0xFE, 0x95, 0xED, 0xD5, 0x2A, 0x00, 0xDF, 0xE8, 0x60, 0x7B, 0x87,
    0x2C, 0x75, 0x94, 0x29, 0x50, 0xFE, 0x34, 0x40, 0xED, 0xC1, 0x01, 0x0B, 0x70, 0x17, 0x9E, 0x55,
    0xC3, 0x4A, 0x33, 0xBD, 0x26, 0x0B, 0xEB, 0x11, 0x4F, 0x35, 0xB2, 0xD6, 0x67, 0xD6, 0x99, 0x3B,
    0x74, 0xEE, 0x0E, 0x9D, 0xFD, 0x0E, 0x9D, 0xFF, 0x82, 0x08, 0xFC, 0x6B, 0x46, 0x0C, 0x1E, 0x47,
    0x44, 0x21, 0x79, 0xF9, 0x25, 0x8B, 0x5B, 0x25, 0x40, 0x2C, 0x06, 0x50, 0x88, 0xF5, 0x97, 0x88,
    0x80, 0x9A, 0xA0, 0x20, 0xD8, 0x2F, 0x95, 0x01, 0xB5, 0x01, 0xD5, 0x81, 0x93, 0x8F, 0x09, 0x59,
    0x5D, 0x6A, 0xD6, 0xC3, 0x94, 0x83, 0xE6, 0x5B, 0x9A, 0x66, 0xE4, 0x10, 0xA1, 0xBD, 0xE6, 0x43,
    0x44, 0x6A, 0xE1, 0xCA, 0xEA, 0xDF, 0x33, 0x57, 0x5A, 0x29, 0x5E, 0x65, 0x95, 0x3C, 0x3D, 0xF5,
    0x01, 0x92, 0x8C, 0x1B, 0x51, 0x03, 0x71, 0x03, 0x91, 0x03, 0xB1, 0x03, 0xD1, 0x83, 0x93, 0x5F,
    0xB6, 0xB0, 0xD6, 0x6D, 0xD8, 0xC3, 0x3A, 0x0C, 0x5A, 0x7F, 0xDE, 0x74, 0x6D, 0x58, 0x5B, 0x9D,
    0x6A, 0xB4, 0xC2, 0x24, 0xB9, 0x05, 0xDD, 0xBA, 0xE9, 0xB0, 0x9A, 0x6E, 0x1B, 0xCF, 0xAA, 0xBA,
    0x8D, 0xA4, 0x0A, 0xA0, 0x1B, 0xF0, 0xBC, 0x3D, 0xD7, 0x0D, 0x8B, 0x6E, 0x59, 0x74, 0xD3, 0x02,
    0xB5, 0x5F, 0x57, 0xC5, 0xA2, 0x79, 0x77, 0x13, 0xE1, 0x7B, 0x55, 0x07, 0xE4, 0x5A, 0xF0, 0xB5,
    0xE2, 0x6B, 0xC9, 0x5F, 0x00, 0x32, 0x5E, 0x38, 0x6F, 0xCC, 0xCA, 0x4F, 0x80, 0xFB, 0x2C, 0x02,
    0xFB, 0x34, 0x02, 0x73, 0x1F, 0x44, 0xEE, 0xB9, 0x0D, 0xE8, 0xCE, 0x11, 0x84, 0xEB, 0x85, 0x11,
    0x9C, 0x5F, 0x6B, 0x35, 0xBC, 0xB1, 0xD1, 0x9E, 0x5D, 0x77, 0x68, 0x76, 0x58, 0x6F, 0x4E, 0x4C,
    0x9A, 0xF5, 0x08, 0x94, 0xD1, 0x0A, 0x49, 0x3E, 0xAF, 0xAB, 0x1E, 0xB5, 0x88, 0xDA, 0x11, 0x35,
    0x91, 0xD4, 0xD5, 0x53, 0x71, 0xA4, 0x9A, 0x2B, 0xE1, 0xAE, 0x27, 0x8A, 0x83, 0x1B, 0xC9, 0x8F,
    0x7D, 0x20, 0xD3, 0xDE, 0x24, 0x1D, 0x81, 0x7E, 0x51, 0x19, 0x89, 0x51, 0x62, 0x90, 0x08, 0x6A,
    0x07, 0x4A, 0x4A, 0x2F, 0x91, 0x3A, 0x09, 0x2C, 0xE8, 0x25, 0x5C, 0x67, 0xE7, 0x70, 0x1D, 0xEC,
    0xAC, 0x53, 0x30, 0x5F, 0x4D, 0x38, 0x5F, 0x47, 0x5C, 0x68, 0x07, 0xDA, 0xE0, 0x3C, 0x4D, 0xE8,
    0xE5, 0x2F, 0x8E, 0x50, 0xFF, 0x7D, 0x91, 0xFB, 0xF2, 0x0C, 0xE5, 0xE3, 0x08, 0x45, 0x1A, 0x24,
    0x82, 0x44, 0x07, 0x79, 0xB2, 0x89, 0x17, 0xB3, 0xD5, 0x1F, 0xFD, 0xD4, 0x93, 0x07, 0x77, 0xD4,
    0x81, 0x6E, 0x3A, 0xD5, 0xF5, 0x35, 0xDB, 0x87, 0x51, 0x48, 0x64, 0xD3, 0x57, 0x98, 0xEA, 0x27,
    0x5F, 0x4C, 0xF5, 0xF3, 0x08, 0xE5, 0x57, 0x9D, 0xEA, 0xBB, 0x11, 0x77, 0x2C, 0x27, 0xDC, 0x78,
    0x15, 0x50, 0x8C, 0xA7, 0x01, 0xE6, 0x69, 0x84, 0xFC, 0xAF, 0xBA, 0x7E, 0x47, 0xBB, 0xBE, 0xEE,
    0x00, 0x7E, 0x2E, 0xB1, 0xBD, 0x0B, 0xE5, 0x01, 0x68, 0x12, 0xF0, 0x52, 0x0B, 0xE0, 0x24, 0x16,
    0x2B, 0x2E, 0x59, 0xB7, 0xD9, 0x8A, 0x10, 0x91, 0xFB, 0xD0, 0x1C, 0x66, 0x70, 0x29, 0xC2, 0x45,
    0x13, 0x36, 0x27, 0xB9, 0x53, 0x0C, 0x90, 0x3E, 0xD2, 0x67, 0x79, 0xF2, 0xCF, 0x92, 0x5E, 0xFF,
    0xB6, 0x33, 0xF8, 0x2F, 0x6C, 0x50, 0x3B, 0x72, 0xD0, 0x30, 0x10, 0x7D, 0xB1, 0x67, 0x70, 0xE1,
    0x42, 0x47, 0xF0, 0x11, 0xD4, 0xA4, 0x48, 0xC5, 0x9A, 0xA1, 0xA0, 0x48, 0xC1, 0x8D, 0x22, 0xF5,
    0x5C, 0x86, 0x13, 0x44, 0x9A, 0xA4, 0xA4, 0x71, 0x86, 0x0B, 0x78, 0x80, 0x03, 0xA8, 0x50, 0xA1,
    0x42, 0xF6, 0xF2, 0xA4, 0x71, 0x26, 0xC0, 0xB0, 0xDA, 0xF7, 0xFC, 0x66, 0xBF, 0x96, 0x44, 0x37,
    0xBA, 0xD3, 0x28, 0xAA, 0xB5, 0xC1, 0x11, 0xFF, 0x68, 0x1A, 0xAE, 0x8F, 0x6B, 0x7C, 0xE2, 0xBF,
    0x41, 0xDA, 0xD7, 0xA1, 0xCC, 0xFB, 0x12, 0x05, 0x6E, 0x0B, 0x3B, 0x4F, 0xB4, 0xEB, 0xB4, 0x2F,
    0x59, 0x78, 0x96, 0x34, 0xED, 0x26, 0xCA, 0xFA, 0x88, 0x5B, 0x00, 0x3D, 0x5A, 0xFE, 0x8C, 0xDE,
    0xA1, 0x5B, 0x9B, 0x11, 0x87, 0x62, 0xB6, 0x79, 0xB7, 0x7E, 0x89, 0x0F, 0x10, 0x54, 0xB8, 0x17,
    0x45, 0xF8, 0xA1, 0x3E, 0xFC, 0x24, 0x9E, 0x14, 0x76, 0xAD, 0x6D, 0x82, 0x5F, 0x72, 0x88, 0x92,
    0x75, 0x23, 0xE2, 0x92, 0x42, 0x6C, 0x31, 0x4E, 0x83, 0xAC, 0x07, 0x1E, 0xC7, 0x8C, 0xDB, 0x9B,
    0x0D, 0xB4, 0xAB, 0xD6, 0x6D, 0x52, 0x7A, 0xED, 0xB6, 0x24, 0xF7, 0x77, 0xED, 0x50, 0x70, 0x77,
    0xD5, 0x62, 0xA8, 0xC0, 0x78, 0x61, 0x2A, 0x44, 0x86, 0x55, 0x3D, 0x5E, 0xDF, 0x04, 0x26, 0x01,
    0xCB, 0x4E, 0xB0, 0xDE, 0x12, 0x12, 0x2F, 0x78, 0xC0, 0x35, 0xAC, 0x40, 0x00, 0xA0, 0x17, 0x4E,
    0xA2, 0x07, 0xA0, 0xAF, 0x74, 0x73, 0x36, 0x3A, 0x80, 0x59, 0x55, 0x57, 0x43, 0x42, 0xA3, 0xBE,
    0xB3, 0x2F, 0xED, 0x5B, 0x99, 0x26, 0xF5, 0x7D, 0x7D, 0xB1, 0xBB, 0xA8, 0xA0, 0xEF, 0x86, 0x8D,
    0x24, 0x79, 0x23, 0x0F, 0x0C, 0x07, 0x16, 0x5D, 0x45, 0xBD, 0xD3, 0x18, 0xC8, 0xD4, 0x67, 0x9B,
    0x62, 0xFC, 0xE2, 0x2D, 0x64, 0x73, 0x31, 0x44, 0xB7, 0x87, 0xA8, 0xB1, 0x29, 0xF5, 0x76, 0x7D,
    0x8F, 0x87, 0xFE, 0xDB, 0x26, 0x83, 0x36, 0x6A, 0x82, 0xDD, 0x9B, 0x32, 0x5C, 0xE3, 0x62, 0x53,
    0xF6, 0xB9, 0xDE, 0x28, 0x9A, 0xC9, 0x87, 0x3A, 0x1E, 0x5D, 0xB9, 0xA1, 0x9A, 0xD2, 0x55, 0x18,
    0x6A, 0x6F, 0xA0, 0x1A, 0x73, 0x6F, 0x60, 0xF6, 0x73, 0x52, 0x74, 0x13, 0xFD, 0x7E, 0xCC, 0x05,
    0xF4, 0x45, 0xEF, 0x8B, 0x28, 0x9C, 0xE2, 0xDD, 0xAF, 0x25, 0xA9, 0xAE, 0x74, 0xE6, 0x9F, 0xAA,
    0x3C, 0x57, 0xF1, 0x80, 0x7E, 0xCC, 0xF6, 0x39, 0xDB, 0x88, 0xE1, 0x9C, 0x92, 0xFD, 0x96, 0xA8,
    0xA6, 0x3A, 0x27, 0xF9, 0xB2, 0x33, 0x6B, 0x12, 0xD5, 0xFD, 0x2E, 0x2B, 0x64, 0x9B, 0x53, 0x98,
    0xDB, 0x78, 0xF5, 0x93, 0x1E, 0x74, 0x36, 0x60, 0xD0, 0x4C, 0x67, 0x03, 0x10, 0x7C, 0xF3, 0xF1,
    0x9C, 0xAA, 0xC9, 0x66, 0xB7, 0x51, 0x7C, 0xC0, 0x78, 0x48, 0x9C, 0x4A, 0x58, 0x0D, 0xFB, 0xCC,
    0xCB, 0xC1, 0x1B, 0x15, 0xC8, 0xA7, 0x84, 0xC7, 0x79, 0xEF, 0xCF, 0x2B, 0x11, 0xDA, 0x9E, 0x6E,
    0xCE, 0xED, 0xF2, 0x76, 0x63, 0xAC, 0xE9, 0xB1, 0xB6, 0xD9, 0x3D, 0xD5, 0x18, 0x81, 0xEB, 0x23,
    0x2B, 0x5A, 0xFA, 0xEA, 0x62, 0x4D, 0xEF, 0xDA, 0x40, 0x1B, 0x0A, 0x69, 0x4C, 0x24, 0x13, 0x49,
    0xD6, 0x93, 0x84, 0x40, 0x6D, 0xC9, 0x4C, 0x9A, 0xDE, 0x92, 0x2B, 0xC9, 0xFD, 0x1E, 0x3E, 0xC9,
    0x3A, 0x54, 0xC9, 0x07, 0x28, 0x92, 0x9A, 0x20, 0x49, 0x00, 0x6D, 0x92, 0x81, 0x86, 0xDD, 0x40,
    0x18, 0x85, 0x4F, 0x32, 0x08, 0xA2, 0xCD, 0x23, 0x04, 0x8A, 0xAA, 0x92, 0x47, 0x98, 0x6C, 0x0B,
    0x28, 0x40, 0xDF, 0x63, 0x9F, 0xA0, 0xCD, 0xDD, 0x5D, 0x40, 0x5F, 0xA4, 0xB6, 0xD8, 0x27, 0x68,
    0x27, 0xBB, 0x05, 0x14, 0xF2, 0x08, 0x29, 0x05, 0x8A, 0x9B, 0x25, 0x18, 0x7B, 0x67, 0x72, 0x7A,
    0x66, 0xA2, 0x76, 0x55, 0xF9, 0x8F, 0x9D, 0xBD, 0x19, 0xE7, 0x3F, 0xFF, 0xFC, 0x1F, 0xBA, 0x09,
    0x25, 0x3D, 0x2A, 0x46, 0x34, 0x33, 0xD1, 0x8D, 0x84, 0x3D, 0xEC, 0x1A, 0xFA, 0xA4, 0x0D, 0xC3,
    0x9B, 0x80, 0xE1, 0xCA, 0xC3, 0x1E, 0x17, 0xB4, 0x1C, 0x51, 0x6E, 0x00, 0xE0, 0x0E, 0x28, 0x78,
    0x80, 0x61, 0x8F, 0x86, 0x40, 0x27, 0x7D, 0x25, 0x0A, 0xBF, 0xC1, 0xFC, 0x94, 0xD7, 0x5D, 0x44,
    0xF7, 0x7B, 0xEB, 0x2D, 0x99, 0x04, 0x18, 0x0F, 0x54, 0x2B, 0x4A, 0xFD, 0x6F, 0x48, 0x54, 0x0F,
    0xD7, 0xA8, 0x27, 0xA0, 0x39, 0x4E, 0x68, 0xE8, 0xE5, 0x1B, 0xD0, 0x5D, 0x46, 0xA0, 0x0C, 0x59,
    0x2F, 0x2B, 0x0F, 0xE7, 0x16, 0x38, 0x4E, 0xA8, 0x23, 0x00, 0x7C, 0x43, 0xAD, 0x28, 0x51, 0x3D,
    0x2B, 0xD9, 0x73, 0xEE, 0x18, 0xEC, 0x29, 0x0C, 0x77, 0x41, 0xF1, 0x86, 0xAB, 0x60, 0x8F, 0x6B,
    0xCB, 0x49, 0xD1, 0x3A, 0x6E, 0x96, 0xF1, 0xD5, 0x97, 0x80, 0x5A, 0x71, 0x47, 0xD8, 0x1E, 0x8A,
    0x15, 0x61, 0x82, 0xFA, 0xEB, 0x37, 0x8D, 0x89, 0x66, 0xD2, 0xA0, 0xC0, 0xF9, 0x6C, 0x18, 0x6B,
    0xB2, 0x59, 0xD8, 0xDC, 0xEB, 0xE0, 0x2B, 0x2E, 0x2D, 0xBD, 0xBD, 0x0C, 0xAE, 0x0C, 0xEE, 0x6D,
    0x18, 0x8E, 0xAB, 0xE5, 0x5C, 0x6D, 0x28, 0xDC, 0xA1, 0xE6, 0xD2, 0xE9, 0xD3, 0x55, 0x18, 0x4C,
    0x70, 0xAA, 0x77, 0x7E, 0xE0, 0xDA, 0x71, 0x29, 0x39, 0x29, 0x52, 0xBB, 0xC1, 0xAD, 0xE9, 0x49,
    0xDE, 0x03, 0xA9, 0xE3, 0x86, 0x32, 0xB7, 0x6B, 0x72, 0x3B, 0xF5, 0xB2, 0x7B, 0x1D, 0x30, 0xA8,
    0x7A, 0x1D, 0x72, 0x8D, 0x0A, 0xA8, 0x0B, 0x79, 0xE8, 0x08, 0xB8, 0x5C, 0xFA, 0xBC, 0x97, 0x53,
    0x01, 0x04, 0xB6, 0xC7, 0xFC, 0x4D, 0x9E, 0x69, 0x00, 0x9A, 0x1F, 0x73, 0x43, 0xDF, 0x9C, 0x42,
    0x7B, 0x1B, 0xDA, 0x0B, 0xDF, 0x9D, 0xAD, 0xB6, 0x5C, 0xAD, 0x59, 0x54, 0x1F, 0xCD, 0x82, 0x6E,
    0x46, 0xC1, 0x80, 0x8A, 0x1B, 0x34, 0x1D, 0xDA, 0xC9, 0xA9, 0x9B, 0x74, 0x48, 0x22, 0x6C, 0x5A,
    0xEB, 0x59, 0x84, 0xE6, 0x41, 0x77, 0x94, 0x2D, 0xA7, 0xBC, 0x56, 0x99, 0x17, 0x1C, 0x6B, 0x1E,
    0x1A, 0xF6, 0xCF, 0x9F, 0xF6, 0xCF, 0x11, 0x14, 0xB3, 0xE3, 0x68, 0x39, 0x0E, 0x1C, 0x71, 0xFE,
    0xCB, 0x30, 0x36, 0x27, 0x1A, 0xD9, 0x81, 0x28, 0x95, 0xD0, 0xA7, 0x78, 0x56, 0x0E, 0xA8, 0x02,
    0xEC, 0xC3, 0xE7, 0x81, 0xDE, 0xD1, 0xEF, 0x37, 0xAB, 0x13, 0xCB, 0x3E, 0x5F, 0x73, 0x2B, 0xB8,
    0xE0, 0xC6, 0xC3, 0x04, 0x39, 0x3E, 0x33, 0xC1, 0xFE, 0x7D, 0x66, 0x60, 0x18, 0x81, 0x04, 0x95,
    0xA4, 0x04, 0x19, 0xAA, 0x0F, 0x92, 0x27, 0xCC, 0xA2, 0x49, 0x6E, 0x13, 0x54, 0x19, 0xA8, 0xAC,
    0x0C, 0x95, 0xB4, 0x43, 0x25, 0x09, 0xAA, 0x6A, 0x06, 0xEA, 0xE3, 0xBC, 0x43, 0x75, 0x0A, 0x68,
    0x05, 0x22, 0x8A, 0x1D, 0xAC, 0xD7, 0xEA, 0xA8, 0x9D, 0x62, 0x48, 0x50, 0x65, 0x88, 0xCF, 0xD3,
    0x5F, 0x9B, 0xA0, 0x32, 0xB2, 0xE7, 0x92, 0xA1, 0x8A, 0xF6, 0x36, 0xDA, 0x8B, 0x68, 0x33, 0x54,
    0x22, 0xAD, 0xDC, 0xFA, 0x7D, 0x92, 0xEB, 0x9B, 0xFD, 0xF5, 0xF7, 0xFD, 0xC2, 0x08, 0xA7, 0xA7,
    0xFB, 0xCD, 0x9B, 0xD5, 0xB4, 0x28, 0x19, 0x51, 0x91, 0x68, 0x16, 0xE9, 0x7E, 0xD3, 0x59, 0x97,
    0xB9, 0xE4, 0x3C, 0x56, 0x79, 0xD2, 0xCB, 0x0B, 0x2F, 0x65, 0xF1, 0xE8, 0x38, 0xA3, 0xDA, 0x7A,
    0x08, 0x9E, 0x4C, 0x5F, 0xB0, 0xDF, 0x33, 0xD1, 0xA2, 0xEF, 0x53, 0xB0, 0xF4, 0x2D, 0x97, 0xC2,
    0xCD, 0x5A, 0x4A, 0x4B, 0x0C, 0x3E, 0xE1, 0xF3, 0x02, 0x50, 0xAF, 0x7F, 0x23, 0x4C, 0x8F, 0x88,
    0x3D, 0xD6, 0xA8, 0x68, 0x09, 0x76, 0xDD, 0x29, 0x02, 0xB0, 0xED, 0x7C, 0xA9, 0xFA, 0xFF, 0x50,
    0x16, 0xB3, 0xA1, 0x4F, 0x97, 0x5B, 0xB9, 0xF5, 0xF8, 0x03, 0x6D, 0xD3, 0x01, 0xA4, 0xE5, 0x46,
    0x14, 0x06, 0xE0, 0x3F, 0x37, 0xFA, 0x42, 0xA3, 0xA6, 0x50, 0x28, 0x9A, 0x02, 0x58, 0xED, 0x0E,
    0x00, 0xBC, 0x67, 0xA6, 0x60, 0x51, 0xB4, 0xE8, 0xEB, 0x02, 0x0A, 0x00, 0x74, 0x01, 0x8A, 0x56,
    0xA2, 0x50, 0x14, 0xFB, 0x00, 0x00, 0x05, 0xB0, 0x50, 0x28, 0x2E, 0x96, 0x09, 0x0F, 0x00, 0xE2,
    0x02, 0x40, 0x53, 0x0A, 0xBA, 0xD8, 0x59, 0x0D, 0x66, 0xDB, 0x64, 0xFE, 0x9E, 0x33, 0x12, 0x5D,
    0xEC, 0xC5, 0x37, 0xD7, 0x64, 0xFE, 0x9C, 0xE3, 0x98, 0x00, 0xF5, 0x65, 0x12, 0xEE, 0x47, 0x54,
    0x81, 0x03, 0x3A, 0x0A, 0x81, 0x9C, 0x4F, 0x5C, 0xDD, 0xDC, 0x6C, 0xDF, 0xF5, 0xDE, 0x2C, 0xCB,
    0x6F, 0xB0, 0xAF, 0x62, 0x84, 0xBB, 0x5C, 0x66, 0xF4, 0xF7, 0x72, 0xB6, 0xFF, 0xF9, 0x27, 0x39,
    0xF6, 0xD4, 0x78, 0x84, 0x6F, 0x0C, 0xC0, 0x1F, 0x3E, 0x05, 0xC2, 0xF3, 0x6B, 0x21, 0x9D, 0x81,
    0x3E, 0xC6, 0x8F, 0xE1, 0x5E, 0xC5, 0xE7, 0xB0, 0x7C, 0x91, 0x61, 0xC8, 0x84, 0x96, 0x9C, 0x61,
    0x6C, 0x06, 0x1E, 0x7E, 0x04, 0xE0, 0xFA, 0x46, 0x00, 0x6C, 0x02, 0x2A, 0xD2, 0xA3, 0x21, 0x01,
    0xB3, 0xBC, 0x07, 0x74, 0xB3, 0xEE, 0x8F, 0x82, 0x3B, 0xA8, 0x35, 0xDB, 0xEC, 0x4C, 0x65, 0x4F,
    0xDF, 0x37, 0xC2, 0xEC, 0x0C, 0x00, 0x01, 0x9C, 0xB2, 0xD0, 0x26, 0xA1, 0xD7, 0xC3, 0x41, 0x61,
    0x49, 0x98, 0x08, 0xB3, 0x00, 0x5D, 0xD2, 0x7F, 0xE8, 0xD6, 0xB2, 0xD8, 0x8C, 0x4E, 0x17, 0xC2,
    0xCE, 0x80, 0xA3, 0x2F, 0x0B, 0x47, 0x37, 0xE1, 0xDD, 0xC0, 0xC9, 0xFD, 0x85, 0x8E, 0x2F, 0xE7,
    0x9E, 0xB0, 0x7C, 0x1A, 0x65, 0x01, 0x3F, 0x4F, 0x41, 0x4B, 0x3D, 0x5A, 0xE9, 0xE1, 0x58, 0x6F,
    0x5C, 0xD1, 0xB3, 0xA2, 0x2C, 0x21, 0x43, 0x17, 0xE9, 0x40, 0x0F, 0xD6, 0x1B, 0x5C, 0x96, 0x65,
    0x85, 0xDD, 0xCA, 0x62, 0x56, 0xA0, 0x59, 0xD1, 0xAE, 0xDA, 0x9F, 0xFE, 0x03, 0xC8, 0x59, 0xD9,
    0x20, 0x79, 0xFA, 0x4A, 0xF2, 0xA3, 0xA6, 0x47, 0xCD, 0x8E, 0x8E, 0xE4, 0x5A, 0xE8, 0x85, 0x24,
    0x01, 0x0E, 0x6D, 0xAA, 0x09, 0xA3, 0x09, 0x61, 0x16, 0x5E, 0xA3, 0xF4, 0xAF, 0xDD, 0x0B, 0x93,
    0xE0, 0x0A, 0xE3, 0x41, 0xAF, 0x1C, 0xD3, 0x54, 0x1C, 0x93, 0xB2, 0x00, 0x0F, 0x82, 0x86, 0x7A,
    0x2F, 0x04, 0x9D, 0x8B, 0xC0, 0x4C, 0x9D, 0x74, 0x86, 0x49, 0xED, 0x86, 0x6E, 0xAE, 0x37, 0xC9,
    0x9C, 0x56, 0xB8, 0xA1, 0xDE, 0xE9, 0x7D, 0x9D, 0x84, 0x66, 0x41, 0x3F, 0x98, 0x45, 0x6A, 0xD8,
    0x08, 0x4B, 0x46, 0x18, 0xBE, 0x88, 0x38, 0xE5, 0x2F, 0x66, 0xFC, 0xFF, 0xEB, 0x98, 0x71, 0xB0,
    0x01, 0xC0, 0x15, 0xEF, 0xC4, 0x40, 0x9D, 0x08, 0x49, 0x0F, 0xB3, 0x21, 0x78, 0xB8, 0x88, 0x4F,
    0x8E, 0x56, 0x39, 0x94, 0x20, 0x57, 0xC0, 0x1E, 0xA6, 0x32, 0x40, 0x00, 0x4E, 0x2B, 0xA1, 0x7F,
    0x43, 0xE9, 0x10, 0x62, 0x06, 0x3C, 0x2A, 0xA2, 0x1E, 0x01, 0x8E, 0x5D, 0x2C, 0x47, 0x67, 0xEC,
    0x17, 0xA3, 0x0A, 0x4B, 0x09, 0xEF, 0xD7, 0xC2, 0x03, 0x81, 0x9C, 0x60, 0xE9, 0x1D, 0x07, 0x47,
    0xDF, 0x51, 0xA6, 0x0D, 0xC3, 0x01, 0x62, 0x44, 0x45, 0x1D, 0x6A, 0x9F, 0x61, 0x89, 0x90, 0x25,
    0x07, 0x6E, 0x15, 0x75, 0x32, 0x82, 0x9A, 0x80, 0x86, 0xFF, 0x78, 0x94, 0x8B, 0x26, 0x2E, 0xAA,
    0x51, 0x35, 0x8E, 0xC3, 0xAE, 0x68, 0xF7, 0x89, 0x5C, 0x79, 0xC1, 0x28, 0x4F, 0x26, 0xC9, 0x90,
    0xA5, 0x97, 0xA9, 0x22, 0x19, 0x6B, 0x7E, 0x6B, 0x26, 0xB3, 0xDE, 0xD4, 0x92, 0xB9, 0x01, 0xDC,
    0x7C, 0x2D, 0x8C, 0xDF, 0xEB, 0x4C, 0xCE, 0x40, 0x18, 0xC8, 0x31, 0x78, 0x81, 0x85, 0xCF, 0x62,
    0x18, 0x14, 0x1F, 0x7E, 0x9C, 0xE9, 0xFB, 0xFB, 0x89, 0x70, 0x7F, 0x5F, 0xA8, 0x53, 0xA3, 0xBE,
    0x38, 0xA3, 0x0A, 0xEB, 0x06, 0x98, 0xE1, 0xA8, 0x78, 0x05, 0x00, 0x65, 0x38, 0x68, 0x84, 0x2A,
    0x24, 0xE8, 0x69, 0x5F, 0xE6, 0x70, 0xE2, 0xCB, 0x10, 0x9B, 0x6C, 0xDA, 0xC1, 0xA4, 0xAE, 0x82,
    0x8D, 0x16, 0x70, 0xD3, 0x43, 0x61, 0xBC, 0x01, 0x7A, 0x25, 0x0C, 0xD7, 0x82, 0x97, 0x86, 0xE8,
    0xCF, 0x4A, 0xD2, 0xBD, 0x45, 0x9F, 0xC6, 0xF7, 0xE1, 0xFE, 0x88, 0x67, 0xD8, 0xFC, 0x6F, 0x86,
    0x29, 0x1F, 0x40, 0x99, 0xFC, 0x93, 0xEC, 0xDF, 0xAC, 0x78, 0x7B, 0x7B, 0xFB, 0x95, 0xCE, 0x2F,
    0x29, 0xCB, 0xE9, 0xD9, 0xAF, 0xFC, 0x05, 0x72, 0x52, 0x1E, 0x7C, 0xCD, 0x2F, 0x0D, 0x25, 0x52,
    0x78, 0xE7, 0xF6, 0xF1, 0xA6, 0x73, 0x5D, 0xF1, 0xE1, 0xB3, 0x50, 0x6E, 0xD6, 0x08, 0xC7, 0x0C,
    0x7C, 0xF0, 0x58, 0x40, 0x45, 0x01, 0xF4, 0xD0, 0xF2, 0xD0, 0xF2, 0xC7, 0x8D, 0xB7, 0xB1, 0x8C,
    0xFD, 0x2D, 0xF7, 0xFF, 0x4E, 0xF8, 0x7D, 0x02, 0x02, 0x27, 0xC9, 0x67, 0xC0, 0x50, 0xA2, 0x1D,
    0x01, 0x3C, 0x60, 0x3B, 0xC8, 0x1E, 0xBD, 0xF6, 0xAC, 0x7B, 0x13, 0xE0, 0x36, 0x4D, 0xAD, 0x08,
    0xFE, 0xD1, 0x0A, 0xA2, 0x49, 0xF5, 0x86, 0x36, 0x75, 0xE9, 0xF8, 0xE2, 0xE8, 0x85, 0x3F, 0xB5,
    0x22, 0x5F, 0xE3, 0x68, 0x90, 0x51, 0xAA, 0x75, 0x8B, 0xD0, 0x26, 0x29, 0xD9, 0x08, 0x83, 0x10,
    0x86, 0x76, 0x01, 0xBD, 0x89, 0x20, 0x3A, 0x25, 0x4C, 0x86, 0xA4, 0xDF, 0xBF, 0xE0, 0x7C, 0x07,
    0x79, 0xF9, 0x7E, 0xB7, 0x1D, 0x17, 0x25, 0xEE, 0x48, 0x10, 0x30, 0xCA, 0x7F, 0x35, 0xCC, 0x01,
    0x66, 0xC3, 0x50, 0x00, 0x00, 0xD0, 0xF7, 0x93, 0xF1, 0x11, 0x92, 0x5D, 0x60, 0xD9, 0x05, 0x02,
    0x60, 0x86, 0x90, 0x7F, 0x84, 0x1D, 0x67, 0x40, 0x43, 0xF5, 0x36, 0x45, 0x51, 0x0A, 0x90, 0xDE,
    0x20, 0x00, 0x14, 0x72, 0x84, 0x0F, 0x28, 0x4A, 0x2A, 0xA5, 0xF0, 0x00, 0xCF, 0x27, 0xC2, 0x8C,
    0x2A, 0x61, 0x58, 0xD7, 0x35, 0xEF, 0x36, 0x5A, 0x88, 0x09, 0x61, 0x04, 0x72, 0x79, 0x6F, 0x1E,
    0x3F, 0xB7, 0xE2, 0x5A, 0x4E, 0xE5, 0x14, 0xC7, 0x98, 0xAA, 0xD4, 0x68, 0xD4, 0x5A, 0x5F, 0x3A,
    0x3D, 0x7C, 0x40, 0x0D, 0x71, 0xDC, 0x9A, 0xE5, 0xC5, 0x7B, 0xEF, 0xE0, 0x0F, 0x7A, 0xBF, 0xFE,
    0x9D, 0x9D, 0x64, 0x39, 0x2C, 0x61, 0x2E, 0xE6, 0x6D, 0xDD, 0x1F, 0x2E, 0xC7, 0x21, 0x7F, 0x4F,
    0x95, 0x27, 0x5D, 0x93, 0x21, 0xAC, 0xF6, 0x34, 0x14, 0x86, 0x9F, 0x6D, 0xC9, 0x5D, 0x60, 0xA2,
    0x08, 0x1C, 0x62, 0x06, 0x85, 0xA9, 0x57, 0x9D, 0x43, 0xA0, 0x51, 0x78, 0x81, 0xC2, 0xAB, 0x2E,
    0xE0, 0x03, 0xDE, 0x1B, 0x7E, 0x2F, 0xE1, 0xDF, 0xBC, 0x1A, 0x1A, 0x53, 0x81, 0x4F, 0xC5, 0x44,
    0xBF, 0xA4, 0xDB, 0xCB, 0x77, 0xB2, 0xEC, 0x4B, 0xEE, 0xED, 0xF2, 0x3E, 0xE9, 0xDE, 0x76, 0xE7,
    0xE4, 0x9C, 0x76, 0x10, 0x67, 0x3A, 0x65, 0x9C, 0x76, 0xFC, 0xBF, 0x95, 0xD0, 0x55, 0xBE, 0x78,
    0x0A, 0x53, 0x5F, 0x69, 0x55, 0xF1, 0x2A, 0x8D, 0x7E, 0xDF, 0xFB, 0x3A, 0x66, 0x97, 0x7C, 0xF2,
    0x6B, 0xD8, 0xC2, 0xB4, 0xAC, 0x11, 0x11, 0xBB, 0x93, 0xF8, 0x43, 0x25, 0x2A, 0x13, 0xB4, 0xE2,
    0x0E, 0xEE, 0xF1, 0xB5, 0xE1, 0x2F, 0xA0, 0x31, 0xAF, 0x3B, 0x81, 0x41, 0x80, 0x33, 0x04, 0x4D,
    0x10, 0x7F, 0x59, 0x41, 0xE3, 0x4A, 0x7B, 0xB8, 0x8D, 0xBE, 0xB8, 0x84, 0xCB, 0x43, 0xC6, 0xA7,
    0x3E, 0x13, 0xD6, 0x6E, 0x67, 0x99, 0xBA, 0xD2, 0x88, 0xB6, 0x76, 0x95, 0xA6, 0x0E, 0x05, 0x0E,
    0x27, 0xE9, 0xF4, 0x4F, 0x28, 0xD8, 0x8C, 0xEF, 0x3E, 0x7D, 0xFA, 0x93, 0x28, 0x1D, 0x2C, 0x86,
    0xCF, 0x50, 0x39, 0x68, 0x0C, 0x6D, 0xA5, 0xD2, 0x96, 0xA6, 0xD2, 0xED, 0xED, 0x13, 0xB9, 0x2B,
    0xF4, 0xB9, 0xDB, 0x0D, 0x99, 0xC1, 0xB2, 0xB8, 0x64, 0xD8, 0x86, 0x84, 0x5B, 0x5D, 0x62, 0x5C,
    0xDD, 0x86, 0x5F, 0xDD, 0x8A, 0x9F, 0xC7, 0x95, 0x30, 0x79, 0x83, 0x9F, 0x09, 0x84, 0x89, 0x68,
    0x58, 0x08, 0xF0, 0x37, 0x00, 0x60, 0x39, 0xB5, 0xA2, 0x17, 0x67, 0xE2, 0x06, 0xE0, 0xB3, 0xD1,
    0x55, 0xEE, 0xD2, 0x69, 0x34, 0x01, 0x2C, 0xAB, 0x31, 0x5C, 0xCB, 0xE5, 0xE6, 0xED, 0x68, 0xBD,
    0xF7, 0xDF, 0x76, 0x32, 0x6A, 0x7E, 0xD9, 0xE3, 0x6E, 0xB4, 0xD2, 0x33, 0xF1, 0xC9, 0xC4, 0x62,
    0x04, 0x00, 0xCC, 0x59, 0xA4, 0xD3, 0x5A, 0x01, 0xF0, 0x33, 0xD0, 0x54, 0xA0, 0xDB, 0x01, 0x97,
    0x00, 0xBF, 0x02, 0x11, 0xE0, 0xB8, 0xFD, 0xC1, 0xFC, 0xF1, 0xBD, 0x5F, 0xCC, 0xCF, 0xB7, 0x1F,
    0x26, 0xE0, 0x04, 0xDA, 0x0A, 0xF4, 0xE6, 0xBB, 0xED, 0xF2, 0xED, 0xD5, 0xD7, 0x60, 0x4F, 0xFE,
    0x72, 0xE6, 0x35, 0x74, 0x02, 0xAD, 0x5E, 0x49, 0x2C, 0xDA, 0xFD, 0x19, 0xFE, 0xEA, 0x82, 0x81,
    0x13, 0x96, 0xD4, 0x54, 0x50, 0xB2, 0xAC, 0x3F, 0x65, 0x0B, 0xDF, 0x67, 0x97, 0xA0, 0xCB, 0xE3,
    0x6A, 0x0C, 0xB3, 0x05, 0x89, 0x18, 0x0F, 0xA0, 0x7D, 0x54, 0xA3, 0x76, 0xA0, 0x51, 0xC6, 0xB8,
    0xBD, 0xFA, 0xC7, 0x8F, 0x06, 0x96, 0xB9, 0x59, 0xE6, 0x5E, 0xBB, 0x53, 0x1E, 0x75, 0x46, 0x95,
    0xF0, 0x8F, 0xF4, 0x7D, 0x8D, 0x53, 0x2C, 0x5D, 0x5D, 0xF0, 0xD9, 0xB8, 0x94, 0xAE, 0x2C, 0xBF,
    0xE9, 0x74, 0x7B, 0xD4, 0x43, 0x4A, 0x5E, 0x5B, 0xD4, 0xDC, 0x1F, 0x0C, 0x0F, 0xE0, 0xED, 0x00,
    0x5F, 0x21, 0x16, 0x10, 0x70, 0x5E, 0x97, 0xB9, 0xA9, 0x57, 0x23, 0x3A, 0x53, 0xB9, 0xD4, 0xEF,
    0x57, 0x85, 0x26, 0x67, 0x4A, 0x57, 0xAD, 0xE3, 0x76, 0x55, 0x6B, 0x0A, 0xA6, 0x19, 0xE2, 0x04,
    0x0B, 0x8C, 0x82, 0x50, 0xC1, 0x6F, 0xDC, 0xC7, 0xB7, 0xB9, 0xD4, 0xEA, 0x18, 0xB7, 0x5E, 0xD2,
    0xEA, 0x72, 0x14, 0x6E, 0xEB, 0x0B, 0x00, 0x34, 0x9F, 0x09, 0xD3, 0xA0, 0x3D, 0x32, 0x4A, 0x22,
    0xFC, 0xAA, 0x4A, 0xC0, 0x27, 0x00, 0x5E, 0xE7, 0x5C, 0xB0, 0xFC, 0x0C, 0xB2, 0x00, 0x37, 0xE6,
    0x0F, 0x97, 0xC0, 0xCB, 0x02, 0xE8, 0xC2, 0xC9, 0x75, 0xA8, 0xAF, 0x9B, 0x00, 0xF0, 0x15, 0xD0,
    0x66, 0x20, 0x26, 0xF8, 0x46, 0x1B, 0xAD, 0x0A, 0xC4, 0x73, 0x62, 0xD0, 0x1F, 0xE0, 0x4E, 0xE0,
    0x4D, 0xFF, 0x01, 0x5E, 0x13, 0x34, 0x7A, 0x60, 0xFB, 0x00, 0x16, 0x6C, 0xED, 0xFD, 0x7F, 0x59,
    0x69, 0x00, 0xBA, 0x64, 0x38, 0x0D, 0xDA, 0x01, 0xAF, 0x19, 0x1A, 0x15, 0x60, 0xB0, 0xE9, 0x9B,
    0x61, 0x39, 0xAE, 0x85, 0xDE, 0xC2, 0xFB, 0x83, 0xAB, 0x67, 0x7C, 0x0B, 0x7C, 0x0C, 0xFA, 0x3F,
    0x1D, 0xCD, 0x31, 0xA1, 0x86, 0x30, 0x0C, 0x45, 0xE1, 0xCB, 0xEB, 0xC0, 0xD0, 0x01, 0x09, 0x48,
    0x40, 0x42, 0xEB, 0x2C, 0x75, 0xD6, 0x48, 0x40, 0x02, 0x12, 0x18, 0x18, 0x3A, 0x00, 0x79, 0x87,
    0x7F, 0xF9, 0xA6, 0x9B, 0x1C, 0xE5, 0x27, 0xEF, 0xB2, 0xD8, 0x4E, 0xC5, 0x53, 0x8E, 0xE9, 0xD5,
    0xDA, 0xFE, 0x6E, 0x49, 0xE9, 0xC3, 0x62, 0x94, 0xD6, 0x63, 0x58, 0xED, 0x71, 0x99, 0xF2, 0xA9,
    0xAE, 0x85, 0xE5, 0xC7, 0xAB, 0xE5, 0x80, 0x75, 0x9F, 0x1E, 0xE0, 0x66, 0x73, 0x28, 0x9E, 0xA0,
    0xA5, 0x01, 0x60, 0x75, 0xBE, 0xF4, 0x3B, 0x94, 0x58, 0x51, 0xDB, 0x5C, 0x16, 0x40, 0xCD, 0xA9,
    0x95, 0xAF, 0x56, 0x2A, 0x47, 0x56, 0xA9, 0x75, 0x51, 0x0B, 0xB8, 0x42, 0x99, 0x06, 0x21, 0xDE,
    0xC3, 0x4D, 0x8D, 0xE5, 0xBA, 0xB3, 0x84, 0x41, 0x0D, 0x8A, 0xF3, 0xBE, 0xB4, 0x7C, 0xC2, 0xFC,
    0xBA, 0xD5, 0x14, 0x6E, 0x9A, 0xA2, 0xFE, 0x03,
};

static const EpdGlyph sarabun_14_bolditalicGlyphs[] = {
    { 0, 0, 0, 0, 0, 0, 0 }, // U+0000
    { 0, 0, 109, 0, 0, 0, 0 }, // U+000D
    { 0, 0, 109, 0, 0, 0, 0 }, // U+0020
    { 9, 21, 119, 0, 21, 48, 0 }, // !
    { 12, 8, 189, 2, 21, 24, 48 }, // "
    { 21, 21, 330, 0, 21, 111, 72 }, // #
    { 17, 25, 253, 0, 23, 107, 183 }, // $
    { 25, 21, 452, 2, 21, 132, 290 }, // %
    { 20, 21, 325, 0, 21, 105, 422 }, // &
    { 6, 8, 96, 2, 21, 12, 527 }, // '
    { 12, 24, 165, 1, 22, 72, 539 }, // (
    { 11, 24, 165, -1, 22, 66, 611 }, // )
    { 14, 13, 209, 1, 23, 46, 677 }, // *
    { 16, 16, 288, 1, 16, 64, 723 }, // +
    { 8, 11, 136, -1, 5, 22, 787 }, // ,
    { 10, 3, 159, 0, 10, 8, 809 }, // -
    { 6, 5, 136, 0, 5, 8, 817 }, // .
    { 20, 23, 218, -3, 21, 115, 825 }, // /
    { 17, 21, 264, 0, 21, 90, 940 }, // 0
    { 12, 21, 264, 2, 21, 63, 1030 }, // 1
    { 17, 21, 264, 0, 21, 90, 1093 }, // 2
    { 17, 21, 264, 0, 21, 90, 1183 }, // 3
    { 18, 21, 264, -1, 21, 95, 1273 }, // 4
    { 18, 21, 264, 0, 21, 95, 1368 }, // 5
    { 17, 22, 264, 0, 22, 94, 1463 }, // 6
    { 15, 21, 264, 3, 21, 79, 1557 }, // 7
    { 17, 21, 264, 0, 21, 90, 1636 }, // 8
    { 16, 21, 264, 1, 21, 84, 1726 }, // 9
    { 8, 15, 136, 0, 15, 30, 1810 }, // :
    { 9, 21, 136, -1, 15, 48, 1840 }, // ;
    { 18, 18, 288, 1, 18, 81, 1888 }, // <
    { 18, 9, 288, 0, 12, 41, 1969 }, // =
    { 17, 18, 288, 0, 18, 77, 2010 }, // >
    { 13, 21, 220, 2, 21, 69, 2087 }, // ?
    { 23, 22, 376, 0, 18, 127, 2156 }, // @
    { 18, 21, 299, -1, 21, 95, 2283 }, // A
    { 18, 21, 283, 0, 21, 95, 2378 }, // B
    { 19, 21, 289, 1, 21, 100, 2473 }, // C
    { 19, 21, 300, 0, 21, 100, 2573 }, // D
    { 18, 21, 267, 0, 21, 95, 2673 }, // E
    { 18, 21, 268, 0, 21, 95, 2768 }, // F
    { 19, 21, 305, 1, 21, 100, 2863 }, // G
    { 21, 21, 323, 0, 21, 111, 2963 }, // H
    { 9, 21, 151, 1, 21, 48, 3074 }, // I
    { 16, 21, 230, -1, 21, 84, 3122 }, // J
    { 21, 21, 306, 0, 21, 111, 3206 }, // K
    { 16, 21, 264, 0, 21, 84, 3317 }, // L
    { 25, 21, 381, 0, 21, 132, 3401 }, // M
    { 21, 21, 326, 0, 21, 111, 3533 }, // N
    { 20, 21, 322, 1, 21, 105, 3644 }, // O
    { 18, 21, 275, 0, 21, 95, 3749 }, // P
    { 20, 24, 322, 1, 21, 120, 3844 }, // Q
    { 18, 21, 278, 0, 21, 95, 3964 }, // R
    { 17, 21, 256, 0, 21, 90, 4059 }, // S
    { 18, 21, 275, 2, 21, 95, 4149 }, // T
    { 19, 21, 309, 1, 21, 100, 4244 }, // U
    { 19, 21, 302, 2, 21, 100, 4344 }, // V
    { 25, 21, 408, 3, 21, 132, 4444 }, // W
    { 22, 21, 306, -1, 21, 116, 4576 }, // X
    { 19, 21, 293, 2, 21, 100, 4692 }, // Y
    { 20, 21, 276, -1, 21, 105, 4792 }, // Z
    { 12, 24, 155, -1, 21, 72, 4897 }, // [
    { 12, 23, 180, 1, 21, 69, 4969 }, // <backslash>
    { 12, 24, 155, -1, 21, 72, 5038 }, // ]
    { 17, 14, 280, 0, 21, 60, 5110 }, // ^
    { 12, 3, 167, -3, -6, 9, 5170 }, // _
    { 6, 5, 187, 4, 21, 8, 5179 }, // `
    { 17, 15, 260, 0, 15, 64, 5187 }, // a
    { 16, 22, 260, 0, 22, 88, 5251 }, // b
    { 15, 15, 230, 0, 15, 57, 5339 }, // c
    { 18, 22, 260, 0, 22, 99, 5396 }, // d
    { 16, 15, 253, 0, 15, 60, 5495 }, // e
    { 13, 21, 176, 1, 21, 69, 5555 }, // f
    { 18, 22, 259, -1, 15, 99, 5624 }, // g
    { 16, 22, 265, 0, 22, 88, 5723 }, // h
    { 9, 21, 127, 0, 21, 48, 5811 }, // i
    { 14, 27, 130, -5, 21, 95, 5859 }, // j
    { 17, 22, 249, 0, 22, 94, 5954 }, // k
    { 8, 22, 140, 0, 22, 44, 6048 }, // l
    { 24, 15, 395, 0, 15, 90, 6092 }, // m
    { 16, 15, 263, 0, 15, 60, 6182 }, // n
    { 17, 15, 270, 0, 15, 64, 6242 }, // o
    { 17, 22, 264, -1, 15, 94, 6306 }, // p
    { 17, 22, 264, 0, 15, 94, 6400 }, // q
    { 13, 15, 185, 0, 15, 49, 6494 }, // r
    { 14, 15, 206, -1, 15, 53, 6543 }, // s
    { 12, 20, 196, 1, 20, 60, 6596 }, // t
    { 16, 15, 262, 1, 15, 60, 6656 }, // u
    { 16, 15, 246, 1, 15, 60, 6716 }, // v
    { 21, 15, 330, 1, 15, 79, 6776 }, // w
    { 17, 15, 243, -1, 15, 64, 6855 }, // x
    { 19, 20, 236, -3, 15, 95, 6919 }, // y
    { 16, 15, 222, -1, 15, 60, 7014 }, // z
    { 12, 24, 163, 0, 21, 72, 7074 }, // {
    { 9, 26, 120, -1, 21, 59, 7146 }, // |
    { 12, 24, 163, -2, 21, 72, 7205 }, // }
    { 16, 5, 288, 1, 10, 20, 7277 }, // ~
    { 0, 0, 109, 0, 0, 0, 0 }, // U+00A0
    { 9, 21, 119, -1, 15, 48, 0 }, // U+00A1
    { 16, 20, 228, 0, 19, 80, 48 }, // U+00A2
    { 17, 21, 257, 0, 21, 90, 128 }, // U+00A3
    { 19, 18, 295, 0, 19, 86, 218 }, // U+00A4
    { 20, 21, 298, 1, 21, 105, 304 }, // U+00A5
    { 9, 26, 120, -1, 21, 59, 409 }, // U+00A6
    { 17, 24, 255, -1, 21, 102, 468 }, // U+00A7
    { 11, 4, 187, 2, 20, 11, 570 }, // U+00A8
    { 23, 22, 378, 1, 22, 127, 581 }, // U+00A9
    { 11, 11, 169, 1, 20, 31, 708 }, // U+00AA
    { 18, 12, 273, 0, 14, 54, 739 }, // U+00AB
    { 17, 9, 287, 1, 12, 39, 793 }, // U+00AC
    { 10, 3, 159, 0, 10, 8, 832 }, // U+00AD
    { 14, 13, 247, 2, 21, 46, 840 }, // U+00AE
    { 11, 2, 187, 2, 19, 6, 886 }, // U+00AF
    { 9, 8, 150, 2, 21, 18, 892 }, // U+00B0
    { 18, 17, 288, 0, 17, 77, 910 }, // U+00B1
    { 12, 14, 201, 1, 20, 42, 987 }, // U+00B2
    { 12, 14, 201, 1, 20, 42, 1029 }, // U+00B3
    { 8, 5, 187, 4, 21, 10, 1071 }, // U+00B4
    { 18, 21, 262, -1, 15, 95, 1081 }, // U+00B5
    { 14, 24, 254, 2, 21, 84, 1176 }, // U+00B6
    { 6, 5, 136, 1, 10, 8, 1260 }, // U+00B7
    { 7, 8, 187, 0, 0, 14, 1268 }, // U+00B8
    { 10, 14, 201, 2, 20, 35, 1282 }, // U+00B9
    { 11, 11, 182, 2, 20, 31, 1317 }, // U+00BA
    { 18, 12, 273, -1, 14, 54, 1348 }, // U+00BB
    { 26, 23, 477, 2, 22, 150, 1402 }, // U+00BC
    { 27, 22, 477, 2, 21, 149, 1552 }, // U+00BD
    { 26, 23, 477, 2, 22, 150, 1701 }, // U+00BE
    { 13, 22, 220, -1, 15, 72, 1851 }, // U+00BF
    { 18, 27, 299, -1, 27, 122, 1923 }, // U+00C0
    { 19, 27, 299, -1, 27, 129, 2045 }, // U+00C1
    { 18, 27, 299, -1, 27, 122, 2174 }, // U+00C2
    { 19, 26, 299, -1, 26, 124, 2296 }, // U+00C3
    { 19, 26, 299, -1, 26, 124, 2420 }, // U+00C4
    { 18, 27, 299, -1, 27, 122, 2544 }, // U+00C5
    { 27, 21, 386, -1, 21, 142, 2666 }, // U+00C6
    { 19, 28, 289, 1, 21, 133, 2808 }, // U+00C7
    { 18, 27, 267, 0, 27, 122, 2941 }, // U+00C8
    { 18, 27, 267, 0, 27, 122, 3063 }, // U+00C9
    { 18, 27, 267, 0, 27, 122, 3185 }, // U+00CA
    { 18, 26, 267, 0, 26, 117, 3307 }, // U+00CB
    { 9, 27, 151, 1, 27, 61, 3424 }, // U+00CC
    { 12, 27, 151, 1, 27, 81, 3485 }, // U+00CD
    { 12, 27, 151, 1, 27, 81, 3566 }, // U+00CE
    { 12, 26, 151, 1, 26, 78, 3647 }, // U+00CF
    { 19, 21, 302, 0, 21, 100, 3725 }, // U+00D0
    { 21, 26, 326, 0, 26, 137, 3825 }, // U+00D1
    { 20, 27, 322, 1, 27, 135, 3962 }, // U+00D2
    { 20, 28, 322, 1, 28, 140, 4097 }, // U+00D3
    { 20, 28, 322, 1, 28, 140, 4237 }, // U+00D4
    { 20, 27, 322, 1, 27, 135, 4377 }, // U+00D5
    { 20, 26, 322, 1, 26, 130, 4512 }, // U+00D6
    { 18, 16, 288, 0, 16, 72, 4642 }, // U+00D7
    { 21, 22, 322, 0, 21, 116, 4714 }, // U+00D8
    { 19, 27, 309, 1, 27, 129, 4830 }, // U+00D9
    { 19, 28, 309, 1, 28, 133, 4959 }, // U+00DA
    { 19, 28, 309, 1, 28, 133, 5092 }, // U+00DB
    { 19, 26, 309, 1, 26, 124, 5225 }, // U+00DC
    { 19, 27, 293, 2, 27, 129, 5349 }, // U+00DD
    { 17, 21, 268, 0, 21, 90, 5478 }, // U+00DE
    { 16, 21, 268, 0, 21, 84, 5568 }, // U+00DF
    { 17, 21, 260, 0, 21, 90, 5652 }, // U+00E0
    { 17, 21, 260, 0, 21, 90, 5742 }, // U+00E1
    { 17, 21, 260, 0, 21, 90, 5832 }, // U+00E2
    { 17, 21, 260, 0, 21, 90, 5922 }, // U+00E3
    { 17, 21, 260, 0, 21, 90, 6012 }, // U+00E4
    { 17, 22, 260, 0, 22, 94, 6102 }, // U+00E5
    { 24, 15, 382, 0, 15, 90, 6196 }, // U+00E6
    { 15, 22, 230, 0, 15, 83, 6286 }, // U+00E7
    { 16, 21, 253, 0, 21, 84, 6369 }, // U+00E8
    { 16, 21, 253, 0, 21, 84, 6453 }, // U+00E9
    { 16, 21, 253, 0, 21, 84, 6537 }, // U+00EA
    { 16, 21, 253, 0, 21, 84, 6621 }, // U+00EB
    { 8, 21, 130, 0, 21, 42, 6705 }, // U+00EC
    { 12, 21, 130, 0, 21, 63, 6747 }, // U+00ED
    { 11, 21, 130, 0, 21, 58, 6810 }, // U+00EE
    { 12, 21, 130, 0, 21, 63, 6868 }, // U+00EF
    { 15, 22, 239, 0, 22, 83, 6931 }, // U+00F0
    { 16, 20, 263, 0, 20, 80, 7014 }, // U+00F1
    { 17, 21, 270, 0, 21, 90, 7094 }, // U+00F2
    { 17, 21, 270, 0, 21, 90, 7184 }, // U+00F3
    { 17, 21, 270, 0, 21, 90, 7274 }, // U+00F4
    { 17, 21, 270, 0, 21, 90, 7364 }, // U+00F5
    { 17, 21, 270, 0, 21, 90, 7454 }, // U+00F6
    { 16, 15, 288, 1, 15, 60, 7544 }, // U+00F7
    { 17, 17, 270, 0, 16, 73, 7604 }, // U+00F8
    { 16, 21, 262, 1, 21, 84, 7677 }, // U+00F9
    { 16, 21, 262, 1, 21, 84, 7761 }, // U+00FA
    { 16, 21, 262, 1, 21, 84, 7845 }, // U+00FB
    { 16, 21, 262, 1, 21, 84, 7929 }, // U+00FC
    { 19, 26, 236, -3, 21, 124, 8013 }, // U+00FD
    { 17, 29, 253, -1, 22, 124, 8137 }, // U+00FE
    { 19, 26, 236, -3, 21, 124, 8261 }, // U+00FF
    { 19, 25, 299, -1, 25, 119, 0 }, // U+0100
    { 17, 20, 260, 0, 20, 85, 119 }, // U+0101
    { 19, 27, 299, -1, 27, 129, 204 }, // U+0102
    { 17, 21, 260, 0, 21, 90, 333 }, // U+0103
    { 18, 28, 299, -1, 21, 126, 423 }, // U+0104
    { 17, 22, 260, 0, 15, 94, 549 }, // U+0105
    { 19, 28, 289, 1, 28, 133, 643 }, // U+0106
    { 16, 21, 230, 0, 21, 84, 776 }, // U+0107
    { 19, 28, 289, 1, 28, 133, 860 }, // U+0108
    { 15, 21, 230, 0, 21, 79, 993 }, // U+0109
    { 19, 26, 289, 1, 26, 124, 1072 }, // U+010A
    { 15, 21, 230, 0, 21, 79, 1196 }, // U+010B
    { 19, 28, 289, 1, 28, 133, 1275 }, // U+010C
    { 16, 21, 230, 0, 21, 84, 1408 }, // U+010D
    { 19, 27, 300, 0, 27, 129, 1492 }, // U+010E
    { 24, 23, 346, 0, 23, 138, 1621 }, // U+010F
    { 19, 21, 302, 0, 21, 100, 1759 }, // U+0110
    { 19, 22, 274, 0, 22, 105, 1859 }, // U+0111
    { 18, 25, 267, 0, 25, 113, 1964 }, // U+0112
    { 16, 20, 253, 0, 20, 80, 2077 }, // U+0113
    { 18, 27, 267, 0, 27, 122, 2157 }, // U+0114
    { 16, 21, 253, 0, 21, 84, 2279 }, // U+0115
    { 18, 26, 267, 0, 26, 117, 2363 }, // U+0116
    { 16, 21, 253, 0, 21, 84, 2480 }, // U+0117
    { 18, 28, 267, 0, 21, 126, 2564 }, // U+0118
    { 16, 20, 253, 0, 15, 80, 2690 }, // U+0119
    { 18, 27, 267, 0, 27, 122, 2770 }, // U+011A
    { 16, 21, 253, 0, 21, 84, 2892 }, // U+011B
    { 19, 28, 305, 1, 28, 133, 2976 }, // U+011C
    { 18, 28, 259, -1, 21, 126, 3109 }, // U+011D
    { 19, 27, 305, 1, 27, 129, 3235 }, // U+011E
    { 18, 28, 259, -1, 21, 126, 3364 }, // U+011F
    { 19, 26, 305, 1, 26, 124, 3490 }, // U+0120
    { 18, 28, 259, -1, 21, 126, 3614 }, // U+0121
    { 19, 30, 305, 1, 21, 143, 3740 }, // U+0122
    { 18, 31, 259, -1, 24, 140, 3883 }, // U+0123
    { 21, 27, 323, 0, 27, 142, 4023 }, // U+0124
    { 16, 28, 265, 0, 28, 112, 4165 }, // U+0125
    { 22, 21, 331, 0, 21, 116, 4277 }, // U+0126
    { 16, 22, 265, 0, 22, 88, 4393 }, // U+0127
    { 12, 26, 151, 1, 26, 78, 4481 }, // U+0128
    { 12, 20, 130, 0, 20, 60, 4559 }, // U+0129
    { 12, 25, 151, 1, 25, 75, 4619 }, // U+012A
    { 12, 20, 130, 0, 20, 60, 4694 }, // U+012B
    { 12, 27, 151, 1, 27, 81, 4754 }, // U+012C
    { 12, 21, 130, 0, 21, 63, 4835 }, // U+012D
    { 11, 28, 151, -1, 21, 77, 4898 }, // U+012E
    { 11, 28, 127, -2, 21, 77, 4975 }, // U+012F
    { 9, 26, 151, 1, 26, 59, 5052 }, // U+0130
    { 8, 15, 130, 0, 15, 30, 5111 }, // U+0131
    { 24, 21, 380, 1, 21, 126, 5141 }, // U+0132
    { 17, 27, 257, 0, 21, 115, 5267 }, // U+0133
    { 17, 28, 230, -1, 28, 119, 5382 }, // U+0134
    { 16, 27, 129, -5, 21, 108, 5501 }, // U+0135
    { 21, 30, 306, 0, 21, 158, 5609 }, // U+0136
    { 17, 31, 249, 0, 22, 132, 5767 }, // U+0137
    { 17, 15, 249, 0, 15, 64, 5899 }, // U+0138
    { 16, 27, 264, 0, 27, 108, 5963 }, // U+0139
    { 12, 29, 140, 0, 29, 87, 6071 }, // U+013A
    { 16, 30, 264, 0, 21, 120, 6158 }, // U+013B
    { 8, 31, 140, 0, 22, 62, 6278 }, // U+013C
    { 18, 21, 264, 0, 21, 95, 6340 }, // U+013D
    { 14, 22, 181, 0, 22, 77, 6435 }, // U+013E
    { 16, 21, 264, 0, 21, 84, 6512 }, // U+013F
    { 12, 22, 191, 0, 22, 66, 6596 }, // U+0140
    { 17, 21, 264, -1, 21, 90, 6662 }, // U+0141
    { 10, 22, 152, 0, 22, 55, 6752 }, // U+0142
    { 21, 27, 326, 0, 27, 142, 6807 }, // U+0143
    { 16, 21, 263, 0, 21, 84, 6949 }, // U+0144
    { 21, 30, 326, 0, 21, 158, 7033 }, // U+0145
    { 16, 24, 263, 0, 15, 96, 7191 }, // U+0146
    { 21, 27, 326, 0, 27, 142, 7287 }, // U+0147
    { 16, 21, 263, 0, 21, 84, 7429 }, // U+0148
    { 17, 21, 319, 2, 21, 90, 7513 }, // U+0149
    { 21, 29, 326, 0, 21, 153, 7603 }, // U+014A
    { 16, 21, 263, 0, 15, 84, 7756 }, // U+014B
    { 20, 26, 322, 1, 26, 130, 7840 }, // U+014C
    { 17, 20, 270, 0, 20, 85, 7970 }, // U+014D
    { 20, 27, 322, 1, 27, 135, 8055 }, // U+014E
    { 17, 21, 270, 0, 21, 90, 8190 }, // U+014F
    { 20, 27, 322, 1, 27, 135, 8280 }, // U+0150
    { 17, 21, 270, 0, 21, 90, 8415 }, // U+0151
    { 27, 21, 414, 1, 21, 142, 8505 }, // U+0152
    { 25, 15, 404, 0, 15, 94, 8647 }, // U+0153
    { 18, 27, 278, 0, 27, 122, 8741 }, // U+0154
    { 13, 21, 185, 0, 21, 69, 8863 }, // U+0155
    { 18, 30, 278, 0, 21, 135, 8932 }, // U+0156
    { 14, 24, 185, -1, 15, 84, 9067 }, // U+0157
    { 18, 27, 278, 0, 27, 122, 9151 }, // U+0158
    { 14, 21, 185, 0, 21, 74, 9273 }, // U+0159
    { 17, 28, 256, 0, 28, 119, 9347 }, // U+015A
    { 15, 21, 206, -1, 21, 79, 9466 }, // U+015B
    { 17, 28, 256, 0, 28, 119, 9545 }, // U+015C
    { 15, 21, 206, -1, 21, 79, 9664 }, // U+015D
    { 17, 28, 256, 0, 21, 119, 9743 }, // U+015E
    { 14, 22, 206, -1, 15, 77, 9862 }, // U+015F
    { 17, 28, 256, 0, 28, 119, 9939 }, // U+0160
    { 15, 21, 206, -1, 21, 79, 10058 }, // U+0161
    { 18, 28, 275, 2, 21, 126, 10137 }, // U+0162
    { 12, 27, 196, 1, 20, 81, 10263 }, // U+0163
    { 18, 27, 275, 2, 27, 122, 10344 }, // U+0164
    { 17, 23, 252, 1, 23, 98, 10466 }, // U+0165
    { 18, 21, 275, 2, 21, 95, 10564 }, // U+0166
    { 13, 20, 196, 0, 20, 65, 10659 }, // U+0167
    { 19, 27, 309, 1, 27, 129, 10724 }, // U+0168
    { 16, 21, 262, 1, 21, 84, 10853 }, // U+0169
    { 19, 26, 309, 1, 26, 124, 10937 }, // U+016A
    { 16, 20, 262, 1, 20, 80, 11061 }, // U+016B
    { 19, 27, 309, 1, 27, 129, 11141 }, // U+016C
    { 16, 21, 262, 1, 21, 84, 11270 }, // U+016D
    { 19, 28, 309, 1, 28, 133, 11354 }, // U+016E
    { 16, 22, 262, 1, 22, 88, 11487 }, // U+016F
    { 19, 27, 309, 1, 27, 129, 11575 }, // U+0170
    { 17, 21, 262, 1, 21, 90, 11704 }, // U+0171
    { 19, 28, 309, 1, 21, 133, 11794 }, // U+0172
    { 16, 22, 262, 1, 15, 88, 11927 }, // U+0173
    { 25, 27, 408, 3, 27, 169, 12015 }, // U+0174
    { 21, 21, 330, 1, 21, 111, 12184 }, // U+0175
    { 19, 27, 293, 2, 27, 129, 12295 }, // U+0176
    { 19, 26, 236, -3, 21, 124, 12424 }, // U+0177
    { 19, 26, 293, 2, 26, 124, 12548 }, // U+0178
    { 20, 27, 276, -1, 27, 135, 12672 }, // U+0179
    { 16, 21, 222, -1, 21, 84, 12807 }, // U+017A
    { 20, 26, 276, -1, 26, 130, 12891 }, // U+017B
    { 16, 21, 222, -1, 21, 84, 13021 }, // U+017C
    { 20, 27, 276, -1, 27, 135, 13105 }, // U+017D
    { 16, 21, 222, -1, 21, 84, 13240 }, // U+017E
    { 24, 21, 344, 1, 21, 126, 0 }, // U+01A0
    { 22, 15, 304, 0, 15, 83, 126 }, // U+01A1
    { 25, 21, 347, 1, 21, 132, 209 }, // U+01AF
    { 21, 15, 303, 1, 15, 79, 341 }, // U+01B0
    { 19, 27, 299, -1, 27, 129, 420 }, // U+01CD
    { 17, 21, 260, 0, 21, 90, 549 }, // U+01CE
    { 13, 27, 151, 1, 27, 88, 639 }, // U+01CF
    { 12, 21, 130, 0, 21, 63, 727 }, // U+01D0
    { 20, 28, 322, 1, 28, 140, 790 }, // U+01D1
    { 17, 21, 270, 0, 21, 90, 930 }, // U+01D2
    { 19, 28, 309, 1, 28, 133, 1020 }, // U+01D3
    { 16, 21, 262, 1, 21, 84, 1153 }, // U+01D4
    { 19, 30, 309, 1, 30, 143, 1237 }, // U+01D5
    { 16, 24, 262, 1, 24, 96, 1380 }, // U+01D6
    { 19, 31, 309, 1, 31, 148, 1476 }, // U+01D7
    { 16, 25, 262, 1, 25, 100, 1624 }, // U+01D8
    { 19, 31, 309, 1, 31, 148, 1724 }, // U+01D9
    { 16, 25, 262, 1, 25, 100, 1872 }, // U+01DA
    { 19, 31, 309, 1, 31, 148, 1972 }, // U+01DB
    { 16, 25, 262, 1, 25, 100, 2120 }, // U+01DC
    { 19, 28, 305, 1, 28, 133, 2220 }, // U+01E6
    { 18, 28, 259, -1, 21, 126, 2353 }, // U+01E7
    { 19, 31, 299, -1, 31, 148, 2479 }, // U+01FA
    { 17, 27, 260, 0, 27, 115, 2627 }, // U+01FB
    { 27, 27, 386, -1, 27, 183, 2742 }, // U+01FC
    { 24, 21, 382, 0, 21, 126, 2925 }, // U+01FD
    { 21, 29, 322, 0, 28, 153, 3051 }, // U+01FE
    { 17, 22, 270, 0, 21, 94, 3204 }, // U+01FF
    { 17, 30, 256, 0, 21, 128, 3298 }, // U+0218
    { 14, 24, 206, -1, 15, 84, 3426 }, // U+0219
    { 18, 30, 275, 2, 21, 135, 3510 }, // U+021A
    { 12, 29, 196, 1, 20, 87, 3645 }, // U+021B
    { 6, 5, 0, -3, 21, 8, 0 }, // U+0300
    { 8, 5, 0, 0, 21, 10, 8 }, // U+0301
    { 11, 5, 0, -4, 21, 14, 18 }, // U+0302
    { 11, 4, 0, -4, 20, 11, 32 }, // U+0303
    { 12, 3, 0, -4, 20, 9, 43 }, // U+0304
    { 11, 5, 0, -3, 21, 14, 52 }, // U+0306
    { 5, 4, 0, -1, 20, 5, 66 }, // U+0307
    { 11, 4, 0, -4, 20, 11, 71 }, // U+0308
    { 8, 8, 0, -2, 24, 16, 82 }, // U+0309
    { 8, 7, 0, -2, 23, 14, 98 }, // U+030A
    { 13, 5, 0, -3, 21, 17, 112 }, // U+030B
    { 11, 5, 0, -3, 21, 14, 129 }, // U+030C
    { 8, 9, 0, -3, 17, 18, 143 }, // U+031B
    { 4, 4, 0, -4, -2, 4, 161 }, // U+0323
    { 12, 4, 0, -8, -2, 12, 165 }, // U+0324
    { 6, 7, 0, -5, -2, 11, 177 }, // U+0326
    { 7, 8, 0, -6, 1, 14, 188 }, // U+0327
    { 7, 7, 0, -6, 0, 13, 202 }, // U+0328
    { 11, 5, 0, -7, -2, 14, 215 }, // U+032E
    { 12, 3, 0, -8, -2, 9, 229 }, // U+0331
    { 17, 17, 279, 0, 17, 73, 0 }, // U+0E01
    { 18, 17, 295, 1, 17, 77, 73 }, // U+0E02
    { 19, 18, 306, 0, 18, 86, 150 }, // U+0E03
    { 18, 17, 291, 0, 17, 77, 236 }, // U+0E04
    { 18, 18, 293, 0, 18, 81, 313 }, // U+0E05
    { 20, 18, 317, 0, 18, 90, 394 }, // U+0E06
    { 14, 17, 225, 0, 17, 60, 484 }, // U+0E07
    { 15, 17, 267, 1, 17, 64, 544 }, // U+0E08
    { 17, 17, 277, 0, 17, 73, 608 }, // U+0E09
    { 19, 18, 303, 1, 18, 86, 681 }, // U+0E0A
    { 21, 18, 311, 0, 18, 95, 767 }, // U+0E0B
    { 25, 17, 388, 0, 17, 107, 862 }, // U+0E0C
    { 24, 25, 396, 1, 17, 150, 969 }, // U+0E0D
    { 19, 26, 290, -1, 17, 124, 1119 }, // U+0E0E
    { 20, 26, 290, -2, 17, 130, 1243 }, // U+0E0F
    { 20, 27, 267, -3, 18, 135, 1373 }, // U+0E10
    { 22, 17, 355, 0, 17, 94, 1508 }, // U+0E11
    { 26, 18, 409, 0, 18, 117, 1602 }, // U+0E12
    { 25, 17, 413, 1, 17, 107, 1719 }, // U+0E13
    { 17, 17, 287, 0, 17, 73, 1826 }, // U+0E14
    { 18, 17, 293, 0, 17, 77, 1899 }, // U+0E15
    { 16, 17, 279, 1, 17, 68, 1976 }, // U+0E16
    { 19, 17, 316, 1, 17, 81, 2044 }, // U+0E17
    { 17, 18, 273, 1, 18, 77, 2125 }, // U+0E18
    { 18, 17, 303, 1, 17, 77, 2202 }, // U+0E19
    { 18, 17, 304, 1, 17, 77, 2279 }, // U+0E1A
    { 20, 24, 312, 1, 24, 120, 2356 }, // U+0E1B
    { 19, 17, 303, 0, 17, 81, 2476 }, // U+0E1C
    { 21, 24, 303, 0, 24, 126, 2557 }, // U+0E1D
    { 21, 17, 345, 1, 17, 90, 2683 }, // U+0E1E
    { 22, 24, 345, 1, 24, 132, 2773 }, // U+0E1F
    { 19, 17, 294, -1, 17, 81, 2905 }, // U+0E20
    { 19, 17, 294, 0, 17, 81, 2986 }, // U+0E21
    { 17, 17, 274, 0, 17, 73, 3067 }, // U+0E22
    { 15, 18, 232, 1, 18, 68, 3140 }, // U+0E23
    { 16, 24, 279, 1, 17, 96, 3208 }, // U+0E24
    { 16, 17, 280, 1, 17, 68, 3304 }, // U+0E25
    { 19, 24, 290, -1, 17, 114, 3372 }, // U+0E26
    { 14, 17, 250, 1, 17, 60, 3486 }, // U+0E27
    { 20, 19, 291, 0, 19, 95, 3546 }, // U+0E28
    { 21, 17, 335, 1, 17, 90, 3641 }, // U+0E29
    { 18, 19, 280, 1, 19, 86, 3731 }, // U+0E2A
    { 18, 17, 301, 1, 17, 77, 3817 }, // U+0E2B
    { 23, 19, 345, 1, 19, 110, 3894 }, // U+0E2C
    { 16, 17, 281, 1, 17, 68, 4004 }, // U+0E2D
    { 18, 17, 273, 1, 17, 77, 4072 }, // U+0E2E
    { 16, 17, 268, 1, 17, 68, 4149 }, // U+0E2F
    { 17, 17, 256, 0, 17, 73, 4217 }, // U+0E30
    { 15, 8, 0, -9, 28, 30, 4290 }, // U+0E31
    { 13, 17, 238, 1, 17, 56, 4320 }, // U+0E32
    { 19, 26, 238, -5, 26, 124, 4376 }, // U+0E33
    { 15, 8, 0, -14, 27, 30, 4500 }, // U+0E34
    { 16, 9, 0, -14, 28, 36, 4530 }, // U+0E35
    { 17, 9, 0, -14, 28, 39, 4566 }, // U+0E36
    { 16, 9, 0, -14, 28, 36, 4605 }, // U+0E37
    { 8, 9, 0, -11, -1, 18, 4641 }, // U+0E38
    { 13, 8, 0, -16, -2, 26, 4659 }, // U+0E39
    { 5, 4, 0, -8, -2, 5, 4685 }, // U+0E3A
    { 18, 26, 281, 0, 23, 117, 4690 }, // U+0E3F
    { 8, 17, 152, 1, 17, 34, 4807 }, // U+0E40
    { 16, 17, 288, 1, 17, 68, 4841 }, // U+0E41
    { 15, 29, 191, 1, 29, 109, 4909 }, // U+0E42
    { 13, 29, 203, 1, 29, 95, 5018 }, // U+0E43
    { 12, 29, 210, 1, 29, 87, 5113 }, // U+0E44
    { 14, 25, 144, -5, 17, 88, 5200 }, // U+0E45
    { 16, 24, 311, 2, 17, 96, 5288 }, // U+0E46
    { 14, 11, 0, -12, 30, 39, 5384 }, // U+0E47
    { 6, 6, 0, -4, 26, 9, 5423 }, // U+0E48
    { 14, 9, 0, -9, 29, 32, 5432 }, // U+0E49
    { 17, 9, 0, -12, 28, 39, 5464 }, // U+0E4A
    { 10, 8, 0, -6, 27, 20, 5503 }, // U+0E4B
    { 11, 9, 0, -7, 29, 25, 5523 }, // U+0E4C
    { 8, 7, 0, -5, 26, 14, 5548 }, // U+0E4D
    { 11, 10, 0, -7, 30, 28, 5562 }, // U+0E4E
    { 16, 15, 292, 1, 15, 60, 5590 }, // U+0E4F
    { 18, 13, 311, 1, 13, 59, 5650 }, // U+0E50
    { 19, 13, 323, 0, 13, 62, 5709 }, // U+0E51
    { 19, 18, 334, 1, 18, 86, 5771 }, // U+0E52
    { 20, 13, 331, 0, 13, 65, 5857 }, // U+0E53
    { 23, 19, 321, 0, 18, 110, 5922 }, // U+0E54
    { 23, 19, 321, 0, 18, 110, 6032 }, // U+0E55
    { 17, 18, 314, 2, 18, 77, 6142 }, // U+0E56
    { 25, 18, 370, 0, 18, 113, 6219 }, // U+0E57
    { 21, 18, 319, 0, 18, 95, 6332 }, // U+0E58
    { 22, 19, 327, 0, 18, 105, 6427 }, // U+0E59
    { 23, 17, 388, 1, 17, 98, 6532 }, // U+0E5A
    { 30, 15, 492, 1, 15, 113, 6630 }, // U+0E5B
    { 18, 27, 299, -1, 21, 122, 0 }, // U+1EA0
    { 17, 21, 260, 0, 15, 90, 122 }, // U+1EA1
    { 18, 29, 299, -1, 29, 131, 212 }, // U+1EA2
    { 17, 24, 260, 0, 24, 102, 343 }, // U+1EA3
    { 22, 29, 299, -1, 29, 160, 445 }, // U+1EA4
    { 18, 24, 260, 0, 24, 108, 605 }, // U+1EA5
    { 20, 29, 299, -1, 29, 145, 713 }, // U+1EA6
    { 17, 24, 260, 0, 24, 102, 858 }, // U+1EA7
    { 22, 31, 299, -1, 31, 171, 960 }, // U+1EA8
    { 19, 26, 260, 0, 26, 124, 1131 }, // U+1EA9
    { 20, 31, 299, -1, 31, 155, 1255 }, // U+1EAA
    { 17, 26, 260, 0, 26, 111, 1410 }, // U+1EAB
    { 18, 33, 299, -1, 27, 149, 1521 }, // U+1EAC
    { 17, 27, 260, 0, 21, 115, 1670 }, // U+1EAD
    { 19, 31, 299, -1, 31, 148, 1785 }, // U+1EAE
    { 17, 25, 260, 0, 25, 107, 1933 }, // U+1EAF
    { 19, 31, 299, -1, 31, 148, 2040 }, // U+1EB0
    { 17, 25, 260, 0, 25, 107, 2188 }, // U+1EB1
    { 19, 33, 299, -1, 33, 157, 2295 }, // U+1EB2
    { 17, 27, 260, 0, 27, 115, 2452 }, // U+1EB3
    { 19, 31, 299, -1, 31, 148, 2567 }, // U+1EB4
    { 17, 25, 260, 0, 25, 107, 2715 }, // U+1EB5
    { 19, 33, 299, -1, 27, 157, 2822 }, // U+1EB6
    { 17, 27, 260, 0, 21, 115, 2979 }, // U+1EB7
    { 18, 27, 267, 0, 21, 122, 3094 }, // U+1EB8
    { 16, 21, 253, 0, 15, 84, 3216 }, // U+1EB9
    { 18, 29, 267, 0, 29, 131, 3300 }, // U+1EBA
    { 16, 24, 253, 0, 24, 96, 3431 }, // U+1EBB
    { 18, 26, 267, 0, 26, 117, 3527 }, // U+1EBC
    { 16, 21, 253, 0, 21, 84, 3644 }, // U+1EBD
    { 20, 29, 267, 0, 29, 145, 3728 }, // U+1EBE
    { 18, 24, 253, 0, 24, 108, 3873 }, // U+1EBF
    { 19, 29, 267, 0, 29, 138, 3981 }, // U+1EC0
    { 17, 24, 253, 0, 24, 102, 4119 }, // U+1EC1
    { 21, 31, 267, 0, 31, 163, 4221 }, // U+1EC2
    { 19, 26, 253, 0, 26, 124, 4384 }, // U+1EC3
    { 18, 31, 267, 0, 31, 140, 4508 }, // U+1EC4
    { 16, 26, 253, 0, 26, 104, 4648 }, // U+1EC5
    { 18, 33, 267, 0, 27, 149, 4752 }, // U+1EC6
    { 16, 27, 253, 0, 21, 108, 4901 }, // U+1EC7
    { 11, 29, 151, 1, 29, 80, 5009 }, // U+1EC8
    { 10, 24, 130, 0, 24, 60, 5089 }, // U+1EC9
    { 10, 27, 151, 0, 21, 68, 5149 }, // U+1ECA
    { 10, 27, 127, -1, 21, 68, 5217 }, // U+1ECB
    { 20, 27, 322, 1, 21, 135, 5285 }, // U+1ECC
    { 17, 21, 270, 0, 15, 90, 5420 }, // U+1ECD
    { 20, 30, 322, 1, 30, 150, 5510 }, // U+1ECE
    { 17, 24, 270, 0, 24, 102, 5660 }, // U+1ECF
    { 20, 30, 322, 1, 30, 150, 5762 }, // U+1ED0
    { 19, 24, 270, 0, 24, 114, 5912 }, // U+1ED1
    { 20, 30, 322, 1, 30, 150, 6026 }, // U+1ED2
    { 17, 24, 270, 0, 24, 102, 6176 }, // U+1ED3
    { 21, 31, 322, 1, 31, 163, 6278 }, // U+1ED4
    { 19, 26, 270, 0, 26, 124, 6441 }, // U+1ED5
    { 20, 32, 322, 1, 32, 160, 6565 }, // U+1ED6
    { 17, 26, 270, 0, 26, 111, 6725 }, // U+1ED7
    { 20, 34, 322, 1, 28, 170, 6836 }, // U+1ED8
    { 17, 27, 270, 0, 21, 115, 7006 }, // U+1ED9
    { 24, 28, 344, 1, 28, 168, 7121 }, // U+1EDA
    { 22, 21, 304, 0, 21, 116, 7289 }, // U+1EDB
    { 24, 27, 344, 1, 27, 162, 7405 }, // U+1EDC
    { 22, 21, 304, 0, 21, 116, 7567 }, // U+1EDD
    { 24, 30, 344, 1, 30, 180, 7683 }, // U+1EDE
    { 22, 24, 304, 0, 24, 132, 7863 }, // U+1EDF
    { 24, 27, 344, 1, 27, 162, 7995 }, // U+1EE0
    { 22, 21, 304, 0, 21, 116, 8157 }, // U+1EE1
    { 24, 27, 344, 1, 21, 162, 8273 }, // U+1EE2
    { 22, 21, 304, 0, 15, 116, 8435 }, // U+1EE3
    { 19, 27, 309, 1, 21, 129, 8551 }, // U+1EE4
    { 16, 21, 262, 1, 15, 84, 8680 }, // U+1EE5
    { 19, 30, 309, 1, 30, 143, 8764 }, // U+1EE6
    { 16, 24, 262, 1, 24, 96, 8907 }, // U+1EE7
    { 25, 28, 347, 1, 28, 175, 9003 }, // U+1EE8
    { 21, 21, 303, 1, 21, 111, 9178 }, // U+1EE9
    { 25, 27, 347, 1, 27, 169, 9289 }, // U+1EEA
    { 21, 21, 303, 1, 21, 111, 9458 }, // U+1EEB
    { 25, 30, 347, 1, 30, 188, 9569 }, // U+1EEC
    { 21, 24, 303, 1, 24, 126, 9757 }, // U+1EED
    { 25, 27, 347, 1, 27, 169, 9883 }, // U+1EEE
    { 21, 21, 303, 1, 21, 111, 10052 }, // U+1EEF
    { 25, 27, 347, 1, 21, 169, 10163 }, // U+1EF0
    { 21, 21, 303, 1, 15, 111, 10332 }, // U+1EF1
    { 19, 27, 293, 2, 27, 129, 10443 }, // U+1EF2
    { 19, 26, 236, -3, 21, 124, 10572 }, // U+1EF3
    { 19, 27, 293, 2, 21, 129, 10696 }, // U+1EF4
    { 19, 21, 236, -3, 15, 100, 10825 }, // U+1EF5
    { 19, 29, 293, 2, 29, 138, 10925 }, // U+1EF6
    { 19, 29, 236, -3, 24, 138, 11063 }, // U+1EF7
    { 19, 26, 293, 2, 26, 124, 11201 }, // U+1EF8
    { 19, 26, 236, -3, 21, 124, 11325 }, // U+1EF9
    { 0, 0, 264, 0, 0, 0, 0 }, // U+2007
    { 10, 3, 159, 0, 10, 8, 0 }, // U+2010
    { 16, 3, 252, 0, 10, 12, 8 }, // U+2012
    { 16, 3, 252, 0, 10, 12, 20 }, // U+2013
    { 25, 3, 390, 0, 10, 19, 32 }, // U+2014
    { 25, 3, 390, 0, 10, 19, 51 }, // U+2015
    { 7, 11, 153, 3, 23, 20, 70 }, // U+2018
    { 7, 11, 153, 3, 21, 20, 90 }, // U+2019
    { 7, 11, 153, 0, 5, 20, 110 }, // U+201A
    { 14, 11, 263, 3, 23, 39, 130 }, // U+201C
    { 14, 11, 263, 3, 21, 39, 169 }, // U+201D
    { 14, 11, 264, 0, 5, 39, 208 }, // U+201E
    { 16, 21, 255, 1, 21, 84, 247 }, // U+2020
    { 17, 21, 255, 0, 21, 90, 331 }, // U+2021
    { 9, 8, 172, 1, 12, 18, 421 }, // U+2022
    { 21, 5, 373, 0, 5, 27, 439 }, // U+2026
    { 37, 21, 643, 2, 21, 195, 466 }, // U+2030
    { 8, 7, 138, 2, 21, 14, 661 }, // U+2032
    { 14, 7, 227, 2, 21, 25, 675 }, // U+2033
    { 11, 12, 164, 0, 14, 33, 700 }, // U+2039
    { 11, 12, 164, -1, 14, 33, 733 }, // U+203A
    { 19, 23, 105, -6, 21, 110, 766 }, // U+2044
    { 13, 14, 201, 1, 20, 46, 0 }, // U+2070
    { 13, 14, 201, 0, 20, 46, 46 }, // U+2074
    { 13, 14, 201, 1, 20, 46, 92 }, // U+2075
    { 12, 14, 201, 1, 20, 42, 138 }, // U+2076
    { 12, 14, 201, 2, 20, 42, 180 }, // U+2077
    { 12, 14, 201, 1, 20, 42, 222 }, // U+2078
    { 12, 15, 201, 2, 20, 45, 264 }, // U+2079
    { 9, 17, 126, 1, 22, 39, 309 }, // U+207D
    { 9, 17, 126, 0, 22, 39, 348 }, // U+207E
    { 11, 10, 182, 1, 20, 28, 387 }, // U+207F
    { 13, 14, 201, -1, 10, 46, 415 }, // U+2080
    { 10, 14, 201, 0, 10, 35, 461 }, // U+2081
    { 12, 14, 201, -1, 10, 42, 496 }, // U+2082
    { 12, 14, 201, -1, 10, 42, 538 }, // U+2083
    { 13, 14, 201, -2, 10, 46, 580 }, // U+2084
    { 13, 14, 201, -1, 10, 46, 626 }, // U+2085
    { 12, 14, 201, -1, 10, 42, 672 }, // U+2086
    { 11, 14, 201, 1, 10, 39, 714 }, // U+2087
    { 13, 14, 201, -1, 10, 46, 753 }, // U+2088
    { 12, 15, 201, 0, 10, 45, 799 }, // U+2089
    { 10, 17, 126, -1, 12, 43, 844 }, // U+208D
    { 9, 17, 126, -2, 12, 39, 887 }, // U+208E
    { 19, 25, 287, 1, 23, 119, 0 }, // U+20A1
    { 17, 21, 257, 0, 21, 90, 119 }, // U+20A4
    { 25, 21, 378, 0, 21, 132, 209 }, // U+20A6
    { 20, 21, 311, 1, 21, 105, 341 }, // U+20A7
    { 19, 27, 274, 0, 22, 129, 446 }, // U+20AB
    { 21, 21, 315, 0, 21, 111, 575 }, // U+20AC
    { 21, 21, 333, 1, 21, 111, 686 }, // U+20B1
    { 19, 26, 301, 1, 23, 124, 797 }, // U+20B2
    { 19, 25, 287, 1, 23, 119, 921 }, // U+20B5
    { 19, 21, 295, 1, 21, 100, 1040 }, // U+20B9
    { 17, 21, 278, 0, 21, 90, 1140 }, // U+20BA
    { 19, 21, 267, -1, 21, 100, 1230 }, // U+20BD
    { 19, 8, 420, 4, 12, 38, 0 }, // U+2190
    { 8, 18, 233, 4, 18, 36, 38 }, // U+2191
    { 18, 8, 420, 4, 12, 36, 74 }, // U+2192
    { 8, 18, 233, 3, 18, 36, 110 }, // U+2193
    { 15, 22, 245, 0, 21, 83, 0 }, // U+2202
    { 20, 21, 306, -2, 21, 105, 83 }, // U+2206
    { 20, 24, 318, 0, 21, 120, 188 }, // U+220F
    { 22, 25, 306, -1, 21, 138, 308 }, // U+2211
    { 16, 3, 288, 1, 9, 12, 446 }, // U+2212
    { 20, 21, 121, -6, 21, 105, 458 }, // U+2215
    { 7, 6, 138, 1, 13, 11, 563 }, // U+2219
    { 24, 23, 293, 1, 21, 138, 574 }, // U+221A
    { 23, 11, 402, 1, 14, 64, 712 }, // U+221E
    { 16, 27, 164, -3, 21, 108, 776 }, // U+222B
    { 18, 12, 288, 0, 15, 54, 884 }, // U+2248
    { 18, 16, 288, 0, 16, 72, 938 }, // U+2260
    { 19, 17, 288, 0, 17, 81, 1010 }, // U+2264
    { 17, 17, 288, 0, 17, 73, 1091 }, // U+2265
    { 18, 21, 287, 1, 21, 95, 0 }, // U+FB01
    { 18, 22, 305, 1, 22, 99, 95 }, // U+FB02
};

static const EpdUnicodeInterval sarabun_14_bolditalicIntervals[] = {
    { 0x0, 0x0, 0x0 },
    { 0xD, 0xD, 0x1 },
    { 0x20, 0x7E, 0x2 },
    { 0xA0, 0x17E, 0x61 },
    { 0x1A0, 0x1A1, 0x140 },
    { 0x1AF, 0x1B0, 0x142 },
    { 0x1CD, 0x1DC, 0x144 },
    { 0x1E6, 0x1E7, 0x154 },
    { 0x1FA, 0x1FF, 0x156 },
    { 0x218, 0x21B, 0x15C },
    { 0x300, 0x304, 0x160 },
    { 0x306, 0x30C, 0x165 },
    { 0x31B, 0x31B, 0x16C },
    { 0x323, 0x324, 0x16D },
    { 0x326, 0x328, 0x16F },
    { 0x32E, 0x32E, 0x172 },
    { 0x331, 0x331, 0x173 },
    { 0xE01, 0xE3A, 0x174 },
    { 0xE3F, 0xE5B, 0x1AE },
    { 0x1EA0, 0x1EF9, 0x1CB },
    { 0x2007, 0x2007, 0x225 },
    { 0x2010, 0x2010, 0x226 },
    { 0x2012, 0x2015, 0x227 },
    { 0x2018, 0x201A, 0x22B },
    { 0x201C, 0x201E, 0x22E },
    { 0x2020, 0x2022, 0x231 },
    { 0x2026, 0x2026, 0x234 },
    { 0x2030, 0x2030, 0x235 },
    { 0x2032, 0x2033, 0x236 },
    { 0x2039, 0x203A, 0x238 },
    { 0x2044, 0x2044, 0x23A },
    { 0x2070, 0x2070, 0x23B },
    { 0x2074, 0x2079, 0x23C },
    { 0x207D, 0x2089, 0x242 },
    { 0x208D, 0x208E, 0x24F },
    { 0x20A1, 0x20A1, 0x251 },
    { 0x20A4, 0x20A4, 0x252 },
    { 0x20A6, 0x20A7, 0x253 },
    { 0x20AB, 0x20AC, 0x255 },
    { 0x20B1, 0x20B2, 0x257 },
    { 0x20B5, 0x20B5, 0x259 },
    { 0x20B9, 0x20BA, 0x25A },
    { 0x20BD, 0x20BD, 0x25C },
    { 0x2190, 0x2193, 0x25D },
    { 0x2202, 0x2202, 0x261 },
    { 0x2206, 0x2206, 0x262 },
    { 0x220F, 0x220F, 0x263 },
    { 0x2211, 0x2212, 0x264 },
    { 0x2215, 0x2215, 0x266 },
    { 0x2219, 0x221A, 0x267 },
    { 0x221E, 0x221E, 0x269 },
    { 0x222B, 0x222B, 0x26A },
    { 0x2248, 0x2248, 0x26B },
    { 0x2260, 0x2260, 0x26C },
    { 0x2264, 0x2265, 0x26D },
    { 0xFB01, 0xFB02, 0x26F },
};

static const EpdFontGroup sarabun_14_bolditalicGroups[] = {
    { 0, 3428, 7970, 97, 0 },
    { 3428, 3013, 9043, 96, 97 },
    { 6441, 3946, 14326, 127, 193 },
    { 10387, 1436, 3996, 32, 320 },
    { 11823, 212, 258, 20, 352 },
    { 12035, 3834, 7258, 87, 372 },
    { 15869, 2167, 12362, 90, 459 },
    { 18036, 470, 955, 22, 549 },
    { 18506, 592, 1052, 22, 571 },
    { 19098, 755, 1439, 12, 593 },
    { 19853, 117, 152, 4, 605 },
    { 19970, 574, 1214, 14, 609 },
    { 20544, 136, 215, 2, 623 },
};

static const uint16_t sarabun_14_bolditalicKernLeftCodepoints[] = {
    0x002C, 0x002E, 0x0041, 0x0042, 0x0044, 0x0046, 0x004B, 0x004C, 0x004F, 0x0050, 0x0051, 0x0053,
    0x0054, 0x0055, 0x0056, 0x0057, 0x0058, 0x0059, 0x005A, 0x0061, 0x0062, 0x0063, 0x0065, 0x0066,
    0x0067, 0x006B, 0x006C, 0x006D, 0x006E, 0x006F, 0x0070, 0x0072, 0x0073, 0x0074, 0x0075, 0x0076,
    0x0078, 0x0079, 0x007A, 0x00C0, 0x00C1, 0x00C2, 0x00C3, 0x00C4, 0x00C5, 0x00D0, 0x00D2, 0x00D3,
    0x00D4, 0x00D5, 0x00D6, 0x00D8, 0x00D9, 0x00DA, 0x00DB, 0x00DC, 0x00DD, 0x00E0, 0x00E1, 0x00E2,
    0x00E3, 0x00E4, 0x00E5, 0x00E6, 0x00E7, 0x00E8, 0x00E9, 0x00EA, 0x00EB, 0x00F1, 0x00F2, 0x00F3,
    0x00F4, 0x00F5, 0x00F6, 0x00FD, 0x00FE, 0x00FF, 0x0100, 0x0101, 0x0102, 0x0103, 0x0104, 0x0105,
    0x0107, 0x0109, 0x010B, 0x010D, 0x010E, 0x0110, 0x0113, 0x0115, 0x0117, 0x0119, 0x011B, 0x0125,
    0x0127, 0x0132, 0x0134, 0x0136, 0x0137, 0x0138, 0x0139, 0x013B, 0x013D, 0x013F, 0x0141, 0x0144,
    0x0146, 0x0148, 0x0149, 0x014B, 0x014C, 0x014D, 0x014E, 0x014F, 0x0150, 0x0151, 0x0153, 0x0154,
    0x0155, 0x0156, 0x0157, 0x0158, 0x0159, 0x015A, 0x015B, 0x015C, 0x015D, 0x015E, 0x015F, 0x0160,
    0x0161, 0x0162, 0x0163, 0x0164, 0x0165, 0x0166, 0x0167, 0x0168, 0x016A, 0x016C, 0x016E, 0x0170,
    0x0172, 0x0174, 0x0175, 0x0176, 0x0177, 0x0178, 0x01A0, 0x01CD, 0x01CE, 0x01D1, 0x01D2, 0x01D3,
    0x01D5, 0x01D7, 0x01D9, 0x01DB, 0x01FA, 0x01FB, 0x01FD, 0x01FE, 0x01FF, 0x0218, 0x0219, 0x021A,
    0x021B, 0x1EA0, 0x1EA1, 0x1EA2, 0x1EA3, 0x1EA4, 0x1EA5, 0x1EA6, 0x1EA7, 0x1EA8, 0x1EA9, 0x1EAA,
    0x1EAB, 0x1EAC, 0x1EAD, 0x1EAE, 0x1EAF, 0x1EB0, 0x1EB1, 0x1EB2, 0x1EB3, 0x1EB4, 0x1EB5, 0x1EB6,
    0x1EB7, 0x1EB9, 0x1EBB, 0x1EBD, 0x1EBF, 0x1EC1, 0x1EC3, 0x1EC5, 0x1EC7, 0x1ECC, 0x1ECD, 0x1ECE,
    0x1ECF, 0x1ED0, 0x1ED1, 0x1ED2, 0x1ED3, 0x1ED4, 0x1ED5, 0x1ED6, 0x1ED7, 0x1ED8, 0x1ED9, 0x1EDA,
    0x1EDB, 0x1EDC, 0x1EDD, 0x1EDE, 0x1EDF, 0x1EE0, 0x1EE1, 0x1EE2, 0x1EE3, 0x1EE4, 0x1EE6, 0x1EF2,
    0x1EF3, 0x1EF4, 0x1EF5, 0x1EF6, 0x1EF7, 0x1EF8, 0x1EF9, 0x2018, 0x201C, 0x2026,
};

static const uint8_t sarabun_14_bolditalicKernLeftClassIds[] = {
      1,   1,   2,   3,   4,   5,   6,   7,   8,   9,   8,  10,  11,  12,  13,  14,
     15,  16,  17,  18,  19,  20,  21,  22,  23,  24,  25,  26,  26,  27,  28,  29,
     30,  31,  32,  33,  34,  35,  36,  37,  37,  37,  37,  37,  37,  38,  39,  39,
     39,  39,  39,  40,  12,  12,  12,  12,  16,  18,  18,  18,  18,  18,  18,  41,
     42,  41,  41,  41,  41,  43,  27,  27,  27,  27,  27,  35,  44,  35,  37,  18,
     37,  18,  37,  18,  42,  42,  42,  42,  45,  38,  41,  41,  41,  41,  41,  46,
     46,  47,  47,  48,  49,  49,  50,  50,  50,  50,  51,  43,  43,  43,  43,  43,
     39,  27,  39,  27,  39,  27,  41,  52,  53,  52,  53,  52,  53,  54,  55,  54,
     55,  54,  55,  54,  55,  56,  57,  56,  57,  56,  57,  12,  12,  12,  12,  12,
     12,  58,  59,  16,  35,  16,  40,  37,  18,  39,  27,  12,  12,  12,  12,  12,
     37,  18,  41,  39,  27,  54,  55,  56,  57,  37,  18,  37,  18,  37,  18,  37,
     18,  37,  18,  37,  18,  37,  18,  37,  18,  37,  18,  37,  18,  37,  18,  37,
     18,  41,  41,  41,  41,  41,  41,  41,  41,  39,  27,  39,  27,  39,  27,  39,
     27,  39,  27,  39,  27,  39,  27,  40,  27,  40,  27,  40,  27,  40,  27,  40,
     27,  12,  12,  16,  35,  16,  35,  16,  35,  16,  35,  60,  60,  61,
};

static const uint16_t sarabun_14_bolditalicKernRightCodepoints[] = {
    0x002C, 0x002E, 0x0041, 0x0043, 0x0047, 0x004A, 0x004F, 0x0051, 0x0053, 0x0054, 0x0055, 0x0056,
    0x0057, 0x0058, 0x0059, 0x0061, 0x0063, 0x0064, 0x0065, 0x0066, 0x0067, 0x006A, 0x006D, 0x006E,
    0x006F, 0x0070, 0x0071, 0x0072, 0x0073, 0x0074, 0x0075, 0x0076, 0x0077, 0x0078, 0x0079, 0x007A,
    0x00C0, 0x00C1, 0x00C2, 0x00C3, 0x00C4, 0x00C5, 0x00C6, 0x00C7, 0x00D2, 0x00D3, 0x00D4, 0x00D5,
    0x00D6, 0x00D8, 0x00D9, 0x00DA, 0x00DB, 0x00DC, 0x00DD, 0x00DF, 0x00E0, 0x00E1, 0x00E2, 0x00E3,
    0x00E4, 0x00E5, 0x00E6, 0x00E7, 0x00E8, 0x00E9, 0x00EA, 0x00EB, 0x00F0, 0x00F1, 0x00F2, 0x00F3,
    0x00F4, 0x00F5, 0x00F6, 0x00F8, 0x00F9, 0x00FA, 0x00FB, 0x00FC, 0x00FD, 0x00FF, 0x0100, 0x0101,
    0x0102, 0x0103, 0x0104, 0x0105, 0x0106, 0x0107, 0x0108, 0x0109, 0x010A, 0x010B, 0x010C, 0x010D,
    0x010F, 0x0111, 0x0113, 0x0115, 0x0117, 0x0119, 0x011B, 0x011C, 0x011D, 0x011E, 0x011F, 0x0120,
    0x0121, 0x0122, 0x0123, 0x0134, 0x0135, 0x0144, 0x0146, 0x0148, 0x0149, 0x014B, 0x014C, 0x014D,
    0x014E, 0x014F, 0x0150, 0x0151, 0x0153, 0x0155, 0x0157, 0x0159, 0x015A, 0x015B, 0x015C, 0x015D,
    0x015E, 0x015F, 0x0160, 0x0161, 0x0162, 0x0163, 0x0164, 0x0165, 0x0166, 0x0167, 0x0168, 0x0169,
    0x016A, 0x016B, 0x016C, 0x016D, 0x016E, 0x016F, 0x0170, 0x0171, 0x0172, 0x0173, 0x0174, 0x0175,
    0x0176, 0x0177, 0x0178, 0x017A, 0x017C, 0x017E, 0x01A0, 0x01A1, 0x01AF, 0x01B0, 0x01CD, 0x01CE,
    0x01D1, 0x01D2, 0x01D3, 0x01D4, 0x01D5, 0x01D6, 0x01D7, 0x01D8, 0x01D9, 0x01DA, 0x01DB, 0x01DC,
    0x01E6, 0x01E7, 0x01FA, 0x01FB, 0x01FC, 0x01FD, 0x01FE, 0x01FF, 0x0218, 0x0219, 0x021A, 0x021B,
    0x1EA0, 0x1EA1, 0x1EA2, 0x1EA3, 0x1EA4, 0x1EA5, 0x1EA6, 0x1EA7, 0x1EA8, 0x1EA9, 0x1EAA, 0x1EAB,
    0x1EAC, 0x1EAD, 0x1EAE, 0x1EAF, 0x1EB0, 0x1EB1, 0x1EB2, 0x1EB3, 0x1EB4, 0x1EB5, 0x1EB6, 0x1EB7,
    0x1EB9, 0x1EBB, 0x1EBD, 0x1EBF, 0x1EC1, 0x1EC3, 0x1EC5, 0x1EC7, 0x1ECC, 0x1ECD, 0x1ECE, 0x1ECF,
    0x1ED0, 0x1ED1, 0x1ED2, 0x1ED3, 0x1ED4, 0x1ED5, 0x1ED6, 0x1ED7, 0x1ED8, 0x1ED9, 0x1EDA, 0x1EDB,
    0x1EDC, 0x1EDD, 0x1EDE, 0x1EDF, 0x1EE0, 0x1EE1, 0x1EE2, 0x1EE3, 0x1EE4, 0x1EE5, 0x1EE6, 0x1EE7,
    0x1EE8, 0x1EE9, 0x1EEA, 0x1EEB, 0x1EEC, 0x1EED, 0x1EEE, 0x1EEF, 0x1EF0, 0x1EF1, 0x1EF2, 0x1EF3,
    0x1EF4, 0x1EF5, 0x1EF6, 0x1EF7, 0x1EF8, 0x1EF9, 0x2019, 0x201D, 0x2026, 0xFB01, 0xFB02,
};

static const uint8_t sarabun_14_bolditalicKernRightClassIds[] = {
      1,   2,   3,   4,   5,   6,   7,   8,   9,  10,  11,  12,  13,  14,  15,  16,
     17,  18,  19,  20,  21,  22,  23,  24,  25,  26,  27,  28,  29,  30,  31,  32,
     33,  34,  35,  36,  37,  37,  37,  37,  37,  37,  37,  38,  39,  39,  39,  39,
     39,  40,  41,  41,  41,  41,  42,  43,  44,  44,  44,  44,  44,  44,  44,  45,
     46,  46,  46,  46,  47,  48,  49,  49,  49,  49,  49,  50,  51,  51,  51,  51,
     52,  52,  37,  44,  37,  44,  37,  44,  38,  45,  38,  45,  38,  45,  38,  45,
     53,  47,  46,  46,  46,  46,  46,  54,  55,  54,  55,  54,  55,  54,  55,  56,
     22,  48,  48,  48,  48,  48,  39,  49,  39,  49,  39,  49,  57,  58,  58,  58,
     59,  60,  59,  60,  59,  60,  59,  60,  61,  62,  61,  62,  61,  62,  41,  51,
     41,  51,  41,  51,  41,  51,  41,  51,  41,  51,  63,  64,  42,  52,  42,  65,
     65,  65,  39,  50,  41,  66,  37,  44,  39,  49,  41,  51,  41,  51,  41,  51,
     41,  51,  41,  51,  54,  55,  37,  44,  37,  44,  39,  49,  59,  60,  61,  62,
     37,  44,  37,  44,  37,  44,  37,  44,  37,  44,  37,  44,  37,  44,  37,  44,
     37,  44,  37,  44,  37,  44,  37,  44,  46,  46,  46,  46,  46,  46,  46,  46,
     39,  49,  39,  49,  39,  49,  39,  49,  39,  49,  39,  49,  39,  49,  39,  49,
     39,  49,  39,  49,  39,  49,  39,  49,  41,  51,  41,  51,  41,  51,  41,  51,
     41,  51,  41,  51,  41,  51,  42,  52,  42,  52,  42,  52,  42,  52,  67,  68,
     69,  43,  43,
};

static const uint16_t sarabun_14_bolditalicKernRowOffsets[] = {
        0,    12,    49,    55,    62,    69,    81,   118,   127,   151,   156,   193,   197,   249,   269,   300,
      344,   355,   360,   368,   372,   388,   407,   410,   431,   448,   454,   467,   478,   483,   493,   496,
      502,   529,   540,   562,   568,   606,   611,   621,   627,   646,   651,   658,   663,   672,   677,   681,
      717,   739,   776,   787,   792,   794,   799,   810,   849,   854,   899,   915,   918,   923,
};

static const uint8_t sarabun_14_bolditalicKernSparseCols[] = {
      9,  11,  14,  17,  20,  24,  26,  31,  32,  48,  52,  56,   3,   6,   7,   8,
      9,  10,  11,  12,  14,  15,  16,  17,  18,  20,  24,  26,  30,  31,  34,  37,
     38,  40,  41,  43,  44,  45,  48,  50,  51,  52,  56,  58,  60,  62,  63,  66,
     67,   2,  11,  13,  14,  36,  41,   2,  11,  14,  36,  41,  55,  62,   0,   1,
      2,   5,  36,  55,  68,  15,  16,  17,  18,  20,  26,  34,  43,  44,  45,  51,
     52,   3,   4,   6,   7,   9,  10,  11,  12,  14,  15,  16,  17,  18,  20,  24,
     26,  29,  31,  32,  34,  37,  38,  40,  41,  43,  44,  45,  48,  51,  52,  53,
     56,  60,  62,  63,  66,  67,   2,  11,  12,  13,  14,  36,  41,  55,  62,   0,
      1,   2,   5,  11,  13,  14,  15,  16,  17,  20,  24,  26,  28,  36,  41,  43,
     44,  48,  52,  55,  56,  59,  68,   2,  11,  14,  36,  41,   0,   1,   2,   3,
     15,  16,  17,  18,  20,  22,  23,  24,  26,  28,  30,  31,  32,  33,  34,  35,
     36,  37,  43,  44,  45,  47,  48,  50,  51,  52,  54,  55,  56,  57,  59,  63,
     64,   0,   1,   2,  36,   0,   1,   2,   3,   4,   5,   6,   7,   8,  15,  16,
     17,  18,  20,  21,  22,  23,  24,  25,  26,  28,  30,  31,  33,  34,  36,  37,
     38,  39,  42,  43,  44,  45,  46,  47,  48,  49,  50,  51,  52,  53,  54,  55,
     56,  57,  58,  59,  61,  63,  64,  65,  68,   0,   1,   2,   6,   7,  15,  16,
     17,  18,  20,  24,  26,  36,  38,  43,  44,  45,  48,  52,  56,   3,   4,   6,
      7,  15,  16,  17,  18,  20,  24,  26,  30,  31,  34,  37,  38,  39,  43,  44,
     45,  46,  48,  49,  50,  51,  52,  53,  56,  61,  63,  65,   0,   1,   2,   3,
      4,   5,   6,   7,   8,  15,  16,  17,  18,  20,  22,  23,  24,  26,  28,  30,
     31,  33,  34,  36,  37,  38,  43,  44,  45,  47,  48,  50,  51,  52,  53,  54,
     55,  56,  57,  58,  59,  61,  63,  64,  16,  17,  18,  20,  24,  26,  44,  45,
     48,  52,  56,  11,  14,  41,  62,  63,   0,   1,  11,  14,  34,  41,  51,  62,
     11,  14,  41,  62,   0,   1,   2,  11,  13,  14,  28,  31,  34,  36,  41,  51,
     54,  59,  62,  63,   0,   1,  15,  16,  17,  18,  20,  24,  26,  43,  44,  45,
     46,  48,  49,  52,  54,  56,  68,  11,  14,  41,   9,  11,  14,  15,  16,  17,
     18,  20,  24,  26,  34,  41,  43,  44,  45,  48,  51,  52,  56,  60,  62,  16,
     17,  18,  20,  24,  26,  28,  31,  32,  34,  44,  45,  48,  51,  52,  56,  59,
      9,  11,  14,  41,  60,  62,   0,   1,   2,   9,  11,  14,  31,  34,  36,  41,
     51,  60,  62,   0,   1,   9,  11,  12,  13,  31,  34,  51,  60,  62,   0,   1,
     24,  48,  56,   1,   9,  11,  13,  14,  18,  41,  45,  60,  62,  24,  48,  56,
      9,  11,  14,  41,  60,  62,   0,   1,   2,   9,  11,  13,  14,  15,  16,  17,
     18,  20,  24,  26,  36,  41,  43,  44,  45,  46,  48,  52,  55,  56,  60,  62,
     68,   9,  11,  14,  17,  20,  26,  41,  46,  52,  60,  62,   0,   1,   2,   9,
     13,  14,  15,  17,  18,  20,  24,  26,  36,  41,  43,  45,  48,  52,  55,  56,
     60,  62,   9,  11,  14,  41,  60,  62,   3,   6,   7,   8,   9,  10,  11,  12,
     14,  15,  16,  17,  18,  20,  24,  26,  30,  31,  32,  34,  37,  38,  40,  41,
     43,  44,  45,  48,  50,  51,  52,  56,  58,  60,  62,  63,  66,  67,   2,   5,
     11,  12,  14,   2,   5,  11,  12,  13,  14,  36,  41,  55,  62,   2,   5,  11,
     12,  13,  14,   0,   1,   2,  11,  12,  13,  14,  20,  28,  31,  32,  34,  36,
     41,  51,  54,  59,  62,  63,  11,  12,  14,  41,  62,   9,  11,  12,  14,  41,
     60,  62,   0,   1,  31,  34,  51,   2,   5,  11,  12,  14,  36,  41,  55,  62,
     11,  12,  14,  41,  62,   2,   5,  36,  55,   3,   4,   6,   7,   8,  11,  12,
     14,  15,  16,  17,  18,  20,  24,  26,  29,  30,  31,  32,  34,  37,  38,  41,
     43,  44,  45,  48,  50,  51,  52,  53,  56,  58,  61,  62,  63,   9,  11,  12,
     14,  15,  16,  17,  18,  20,  24,  26,  34,  41,  43,  44,  45,  48,  51,  52,
     56,  60,  62,   3,   4,   6,   7,   9,  10,  11,  12,  14,  15,  16,  17,  18,
     20,  24,  26,  29,  31,  32,  34,  37,  38,  40,  41,  43,  44,  45,  48,  51,
     52,  53,  56,  60,  62,  63,  66,  67,   3,   4,   6,   9,  11,  12,  14,  31,
     32,  34,  66,  11,  12,  14,  41,  62,  18,  45,   2,  11,  14,  36,  41,   1,
      9,  11,  12,  13,  14,  18,  41,  45,  60,  62,   0,   1,   2,   3,   5,  15,
     16,  17,  18,  20,  22,  23,  24,  26,  27,  28,  30,  31,  32,  33,  34,  35,
     36,  37,  43,  44,  45,  47,  48,  50,  51,  52,  54,  55,  56,  57,  59,  63,
     64,  11,  12,  14,  41,  62,   0,   2,   3,   4,   5,   6,   7,  15,  16,  17,
     18,  19,  20,  21,  22,  23,  24,  26,  28,  29,  30,  31,  32,  33,  34,  35,
     36,  37,  38,  43,  44,  45,  47,  48,  50,  51,  52,  53,  54,  55,  56,  59,
     61,  63,  64,   2,   9,  14,  15,  17,  18,  20,  26,  36,  41,  43,  45,  52,
     55,  60,  62,   2,   5,  36,   9,  11,  14,  31,  32,
};

static const int8_t sarabun_14_bolditalicKernSparseValues[] = {
     -47,  -47,  -47,  -14,  -14,  -14,  -14,  -28,  -28,  -14,  -14,  -14,  -14,  -14,  -14,  -19,
     -28,  -28,  -23,  -14,  -28,  -14,  -14,  -14,  -14,  -14,  -14,  -14,  -19,  -19,  -19,  -14,
     -14,  -28,  -28,  -14,  -14,  -14,  -14,  -19,  -19,  -14,  -14,  -19,  -28,  -47,  -37,  -37,
     -61,   -9,  -14,  -19,  -19,   -9,  -19,  -19,  -28,  -23,  -19,  -23,  -23,  -28,  -47,  -47,
     -47,  -42,  -84,  -47,  -47,  -14,   -9,   -9,   -9,   -9,   -9,  -19,  -14,   -9,   -9,  -19,
      -9,  -14,  -14,  -23,  -23,  -51,  -14,  -47,  -37,  -47,   -9,   -9,   -9,   -9,   -9,   -9,
      -9,  -14,  -28,  -19,  -37,  -14,  -23,  -14,  -47,   -9,   -9,   -9,   -9,  -37,   -9,  -14,
      -9,  -51,  -37,  -37,  -65,  -37,  -14,  -14,   -5,  -19,  -19,  -14,  -19,  -19,  -19,  -47,
     -47,  -37,  -47,  -14,  -28,  -14,  -14,  -14,  -14,  -14,  -14,  -14,   -9,  -75,  -28,  -14,
     -14,  -14,  -14,  -56,  -14,   -9,  -47,  -14,  -14,  -14,  -14,  -14,  -47,  -47,  -28,  -19,
     -37,  -28,  -37,  -37,  -37,  -28,  -28,  -37,  -37,  -33,  -28,  -28,  -19,  -23,  -19,  -23,
     -28,  -19,  -37,  -28,  -37,  -28,  -37,  -28,  -19,  -37,  -28,  -28,  -37,  -19,  -33,  -19,
      -9,  -19,  -19,  -28,  -28,  -47,  -47,  -23,  -19,  -19,  -33,  -14,  -14,  -14,  -37,  -37,
     -37,  -37,  -37,  -37,  -23,  -23,  -28,  -23,  -37,  -23,  -23,  -28,  -23,  -23,  -93,  -37,
     -37,  -23,  -19,  -75,  -75,  -75,  -37,  -47,  -56,  -28,  -47,  -47,  -75,  -47,  -75,  -56,
     -28,  -47,  -28,  -47,  -47,  -47,  -37,  -23,  -47,  -37,  -37,  -14,   -5,   -5,   -9,   -9,
      -9,   -9,   -9,   -9,   -9,  -14,   -5,   -9,   -9,   -9,   -9,   -9,   -9,  -19,  -14,  -19,
     -19,  -23,  -14,  -14,  -19,  -14,  -14,  -14,  -14,  -23,  -33,  -37,  -37,  -19,  -47,  -37,
     -42,  -23,  -42,  -28,  -28,  -65,  -37,  -33,  -14,  -28,  -47,  -14,  -47,  -47,  -28,  -23,
     -28,  -33,  -19,  -19,  -14,  -28,  -28,  -28,  -28,  -28,  -28,  -28,  -28,  -28,  -28,  -28,
     -28,  -37,  -28,  -28,  -23,  -19,  -28,  -28,  -28,  -28,  -28,  -28,  -28,  -28,  -28,  -37,
     -37,  -28,  -28,  -14,  -28,  -28,  -37,  -23,   -9,   -9,   -9,   -9,   -9,   -9,   -9,   -9,
      -9,   -9,   -9,  -28,  -37,  -37,  -28,  -28,  -14,  -14,  -37,  -37,   -9,  -37,  -28,  -28,
     -19,  -28,  -28,  -19,  -14,  -14,  -19,  -37,  -23,  -37,    9,  -14,   -9,  -19,  -37,   -9,
       9,    9,  -28,   -9,  -28,  -28,  -19,  -19,  -19,  -14,  -19,  -19,  -19,  -37,  -37,  -33,
     -19,  -37,  -19,  -37,  -37,  -19,  -28,  -19,  -28,  -56,  -28,  -42,  -28,  -19,  -19,  -19,
      -9,  -19,   -9,  -19,  -14,  -28,  -19,  -19,   -9,   -9,  -14,  -19,   -9,  -28,  -33,   -9,
      -9,  -14,   -9,  -14,   -9,   -9,  -14,   -9,  -14,   -9,  -14,  -14,  -14,   -9,  -14,   -9,
     -28,  -33,  -37,  -37,  -28,  -33,  -14,  -14,  -19,  -28,  -28,  -33,   -5,   -5,  -19,  -33,
      -5,  -28,  -28,  -14,  -14,  -28,  -28,  -28,  -23,   -9,   -5,   -5,  -28,  -28,  -28,  -28,
      -5,   -5,   -5,  -14,  -28,  -23,  -19,  -28,    9,  -28,    9,  -28,  -19,  -14,  -14,  -14,
     -37,  -23,  -28,  -56,  -75,  -47,  -28,  -28,  -47,  -19,  -28,  -23,  -28,  -14,  -14,   -9,
      -9,   -9,   -5,   -9,  -93,  -56,  -33,  -33,  -23,  -19,   -5,  -28,  -75,   -5,  -37,  -47,
     -28,  -19,  -23,  -37,  -14,  -14,  -14,  -75,  -19,  -33,  -37,  -47,  -19,  -19,  -37,  -19,
     -28,  -28,  -14,   -5,   -5,   -5,   -5,   -5,  -37,  -28,  -14,   -5,   -5,   -5,  -37,   -5,
     -19,  -23,   -9,  -19,  -19,  -37,  -19,  -37,  -42,  -37,  -14,  -37,  -75,  -56,  -93,  -61,
     -84,  -33,  -33,  -33,  -33,  -14,  -33,  -14,  -37,  -65,  -37,  -56,  -14,  -14,  -28,  -28,
     -14,  -14,  -14,  -14,  -19,  -19,  -14,  -14,  -19,  -28,  -47,  -37,  -75,  -61,  -19,  -23,
     -28,  -28,  -23,  -37,  -19,  -37,  -23,  -37,  -42,  -14,  -19,  -19,  -19,  -23,  -19,  -23,
     -19,  -19,  -23,  -14,  -14,  -19,  -75,  -28,  -47,  -75,    9,   19,  -28,   -9,  -23,  -19,
     -37,   -9,    9,    9,  -28,   -9,  -37,  -19,  -56,  -28,  -19,  -56,  -65,  -33,  -75,  -37,
     -28,  -33,  -14,  -14,   -9,   -5,   -5,  -37,  -23,  -56,  -28,  -47,  -19,  -23,  -23,  -28,
     -75,  -28,  -75,  -37,  -28,  -56,  -19,  -28,  -19,  -47,  -47,  -47,  -23,  -37,  -47,  -23,
     -47,  -37,  -56,  -56,  -56,  -28,  -56,  -28,  -28,  -37,  -93,  -47,  -93,  -23,  -23,  -23,
     -19,  -28,  -28,  -28,  -19,  -47,  -28,  -23,  -28,  -19,  -28,  -23,  -47,  -56,  -84,  -33,
     -56,  -37,  -37,  -37,  -28,  -19,  -28,  -19,  -28,  -28,  -19,  -19,   -9,   -9,  -14,  -19,
      -9,  -28,  -33,  -28,  -28,  -37,  -23, -103,  -14,  -93,  -75,  -93,   -9,   -9,   -9,   -9,
      -9,   -9,   -9,  -14,  -75,  -56,  -75,  -14,  -23,  -14,  -47,   -9,   -9,   -9,   -9,  -37,
      -9,  -14,   -9,  -51,  -37,  -37,  -65,  -37,  -14,  -14,  -14,  -51,  -47,  -37,  -47,  -47,
     -37,  -37,  -28,  -56,  -19,  -56,  -28,  -19,  -19,  -19,  -33,  -28,  -28,  -14,  -14,  -14,
     -56,  -47,  -19,  -37,  -56,   19,  -28,    9,  -28,  -19,  -47,  -47,  -75,  -37,  -28,  -65,
     -56,  -65,  -65,  -65,  -56,  -28,  -65,  -37,  -19,  -61,  -56,  -47,  -37,  -42,  -37,  -33,
     -28,  -19,  -37,  -28,  -37,  -28,  -37,  -28,  -19,  -37,  -28,  -28,  -37,  -19,  -33,  -19,
      -9,  -56,  -28,  -75,  -37,  -28,  -47,  -93,  -37,  -37,  -28,  -37,  -19,  -56,  -56,  -56,
     -56,  -19,  -56,  -19,  -37,  -19,  -56,  -28,  -37,  -19,  -47,  -47,  -23,  -47,  -47,  -19,
     -47,  -19,  -19,  -28,  -28,  -28,  -19,  -28,  -23,  -23,  -28,  -19,  -28,  -28,  -28,  -19,
     -19,  -23,  -19,  -37,  -19,  -37,  -19,  -19,   -9,  -19,  -19,  -37,  -37,  -19,   -9,  -19,
     -33,  -19,  -23,  -23,  -37,  -23,  -47,  -47,  -47,  -28,  -28,
};

static const EpdLigaturePair sarabun_14_bolditalicLigaturePairs[] = {
    { 0x00660069, 0xFB01 }, // f i -> U+FB01
    { 0x0066006C, 0xFB02 }, // f l -> U+FB02
};

static const EpdFontData sarabun_14_bolditalic = {
    sarabun_14_bolditalicBitmaps,
    sarabun_14_bolditalicGlyphs,
    sarabun_14_bolditalicIntervals,
    56,
    38,
    32,
    -7,
    true,
    sarabun_14_bolditalicGroups,
    13,
    nullptr,
    nullptr,  // kernLeftClasses: built-in fonts use the split arrays below
    nullptr,  // kernRightClasses
    sarabun_14_bolditalicKernLeftCodepoints,
    sarabun_14_bolditalicKernLeftClassIds,
    sarabun_14_bolditalicKernRightCodepoints,
    sarabun_14_bolditalicKernRightClassIds,
    nullptr,  // kernMatrix: built-in fonts use the sparse form below
    sarabun_14_bolditalicKernRowOffsets,
    sarabun_14_bolditalicKernSparseCols,
    sarabun_14_bolditalicKernSparseValues,
    238,
    275,
    61,
    69,
    sarabun_14_bolditalicLigaturePairs,
    2,
};
