/**
 * generated by fontconvert.py
 * name: sarabun_14_bold
 * size: 14
 * mode: 2-bit  compressed: true
 * Command used: fontconvert.py sarabun_14_bold 14 ../builtinFonts/source/Sarabun/Sarabun-Bold.ttf --2bit --compress --pnum --zopfli --additional-intervals 0x0E00,0x0E7F
 */
#pragma once
#include "EpdFontData.h"

static const uint8_t sarabun_14_boldBitmaps[17093] = {
    0xAD, 0x58, 0x3F, 0xAC, 0xE6, 0x46, 0x11, 0x1F, 0x7F, 0x0E, 0x98, 0x60, 0x25, 0x6E, 0x91, 0x8E,
    0xB0, 0x6D, 0x84, 0x04, 0xDB, 0x50, 0x1E, 0x5A, 0x8B, 0x14, 0x29, 0xD2, 0xD7, 0xA1, 0xA7, 0x38,
    0xFA, 0x22, 0x36, 0x97, 0x22, 0x45, 0x8A, 0x3B, 0xFA, 0x82, 0x96, 0x02, 0x29, 0x35, 0x12, 0x61,
    0x37, 0x49, 0x99, 0x22, 0x56, 0x52, 0x50, 0x9E, 0xC5, 0x9D, 0x44, 0x71, 0xC5, 0x2D, 0xC2, 0x52,
    0x7C, 0x3A, 0x7B, 0x87, 0xDF, 0xCF, 0xEB, 0xF7, 0xBE, 0xEF, 0x9D, 0xBE, 0x7B, 0xEF, 0x11, 0x62,
    0xEF, 0x6F, 0xD6, 0xDE, 0x9D, 0x19, 0xCF, 0xEC, 0xCE, 0xFE, 0xB3, 0xEB, 0x5F, 0x7D, 0x0B, 0x2E,
    0x27, 0x1A, 0x78, 0x3B, 0x49, 0xCD, 0x78, 0x36, 0x89, 0x8A, 0x0B, 0x85, 0x4A, 0xB7, 0x91, 0xFE,
    0x90, 0xC4, 0x67, 0x52, 0xAE, 0xA2, 0xAD, 0xE2, 0x8A, 0x47, 0x52, 0x2D, 0x60, 0x02, 0x49, 0x52,
    0xCF, 0x87, 0x9D, 0xBC, 0xC4, 0xD2, 0xC4, 0x72, 0x11, 0x13, 0x2B, 0x90, 0xB1, 0x9E, 0xC5, 0x6E,
    0x64, 0x68, 0x26, 0x11, 0x1B, 0x36, 0x14, 0xBA, 0x4A, 0xAD, 0x1A, 0x0C, 0x98, 0xED, 0x78, 0x67,
    0x74, 0xE1, 0xD0, 0x3A, 0x54, 0xB9, 0x01, 0xD5, 0xAB, 0x48, 0xA3, 0x83, 0x94, 0xBA, 0x88, 0x78,
    0xED, 0xF1, 0x32, 0x42, 0x20, 0x8A, 0x98, 0x59, 0xA4, 0x9A, 0x5F, 0x93, 0x72, 0xFE, 0x25, 0xD0,
    0x8D, 0x26, 0x3A, 0xD5, 0xB1, 0x51, 0xED, 0x0B, 0x7D, 0x7E, 0xA9, 0x1B, 0xE6, 0xC0, 0x11, 0x31,
    0x1A, 0x60, 0xBB, 0x38, 0x8D, 0x2C, 0xF0, 0xEF, 0x4D, 0x30, 0x49, 0xB4, 0x9C, 0x1B, 0x28, 0x49,
    0xE5, 0x6C, 0xE2, 0xF6, 0xE6, 0x86, 0x2D, 0xF3, 0x01, 0x32, 0xEF, 0x45, 0x65, 0x6B, 0xE9, 0x3F,
    0x13, 0xCC, 0x6D, 0xF4, 0xA3, 0xC5, 0x69, 0x5B, 0xFC, 0xB5, 0x99, 0x54, 0x51, 0x6B, 0xFE, 0x9D,
    0xCC, 0x88, 0xDA, 0xAF, 0x97, 0x06, 0x92, 0xFE, 0xFE, 0x96, 0xE9, 0x61, 0xA9, 0x23, 0x3E, 0x78,
    0xC0, 0x1B, 0x9B, 0x84, 0x2C, 0xF0, 0x92, 0x02, 0xD0, 0xEF, 0xF8, 0xF9, 0x20, 0x50, 0x26, 0x16,
    0x28, 0x14, 0xEF, 0x25, 0xEB, 0xAA, 0x09, 0x7C, 0x75, 0x6C, 0x76, 0x52, 0xCD, 0x16, 0xDE, 0x2E,
    0x3E, 0xB0, 0x56, 0x40, 0xC0, 0x6C, 0xE8, 0xAF, 0xD3, 0xB9, 0x8A, 0xFE, 0x41, 0xAA, 0xA3, 0x96,
    0xFA, 0x60, 0x4C, 0xE2, 0x75, 0x50, 0xB1, 0x1A, 0xBC, 0x54, 0xDA, 0x77, 0x63, 0xA5, 0xC1, 0x6E,
    0x3D, 0xA2, 0xFA, 0x74, 0x94, 0x7B, 0xCF, 0x0F, 0x41, 0x78, 0xA5, 0xFD, 0x92, 0x84, 0x56, 0x12,
    0x18, 0x68, 0x06, 0xB6, 0x0B, 0x82, 0xA1, 0x6B, 0xC5, 0x0B, 0x93, 0x6E, 0x29, 0x31, 0xE5, 0xE7,
    0x5C, 0x4E, 0x06, 0xD7, 0x93, 0x79, 0x33, 0x90, 0xE2, 0x45, 0xA2, 0x0F, 0xB4, 0x72, 0x82, 0x8D,
    0x52, 0xAC, 0xE4, 0xCE, 0xAC, 0x99, 0xFB, 0xE5, 0x94, 0xCB, 0xF9, 0x0D, 0x32, 0x43, 0x04, 0x82,
    0x10, 0x77, 0x9B, 0x6D, 0xF5, 0xFD, 0xB1, 0xF9, 0x22, 0x56, 0x4F, 0x87, 0x82, 0x61, 0xB5, 0x5F,
    0x78, 0x2E, 0x9F, 0x06, 0x94, 0xA3, 0xB6, 0x90, 0x96, 0xDC, 0xE7, 0x00, 0xCE, 0xE5, 0x02, 0xAF,
    0xE2, 0xA9, 0x7B, 0x3B, 0xBA, 0xE8, 0xA2, 0x89, 0xE5, 0x58, 0x87, 0xA6, 0x77, 0xF2, 0x86, 0x08,
    0xFB, 0x23, 0xA7, 0xE3, 0x48, 0x10, 0x5A, 0x86, 0x96, 0x17, 0x61, 0x3F, 0x6E, 0x3D, 0x1B, 0x80,
    0x7E, 0x73, 0x8D, 0xAD, 0x72, 0x58, 0x84, 0xEE, 0xA3, 0x15, 0xB2, 0x72, 0x7B, 0xBB, 0xEA, 0x9F,
    0xD3, 0xCB, 0xEE, 0x89, 0x94, 0x9A, 0x84, 0x81, 0x69, 0x47, 0x3B, 0xB8, 0xBE, 0x19, 0xBB, 0xB6,
    0x8E, 0x1E, 0x4D, 0xA1, 0x52, 0x12, 0x73, 0x3A, 0x81, 0x66, 0x4C, 0xAC, 0x27, 0x1F, 0xF9, 0xE1,
    0xC6, 0x40, 0x79, 0xEA, 0xA1, 0x3E, 0xF9, 0x80, 0x71, 0x6D, 0x92, 0x74, 0x49, 0x7C, 0x92, 0x4F,
    0x93, 0xFC, 0x16, 0x15, 0x37, 0x25, 0xA7, 0x9A, 0x53, 0xE1, 0x9F, 0x48, 0xAD, 0x5B, 0x41, 0xEF,
    0x82, 0x0B, 0x3F, 0x83, 0xD1, 0xAF, 0x01, 0xB2, 0xC1, 0x00, 0x76, 0xC8, 0x4D, 0xE0, 0x7B, 0x29,
    0x18, 0x84, 0x1C, 0x84, 0x0C, 0x5C, 0x06, 0x3B, 0x03, 0x13, 0xDD, 0xB2, 0x0A, 0xE5, 0x97, 0x0B,
    0x88, 0x9F, 0x38, 0x86, 0x59, 0x16, 0x4C, 0x6F, 0x87, 0xD7, 0x8F, 0xFA, 0x06, 0x8E, 0xC0, 0x1C,
    0xFF, 0x89, 0x42, 0x1C, 0x5D, 0x50, 0x54, 0x4F, 0xB9, 0xD1, 0x32, 0x7E, 0xCC, 0x71, 0x30, 0x6C,
    0x63, 0x78, 0x80, 0x9E, 0x96, 0xFA, 0x36, 0x39, 0x01, 0x7F, 0x01, 0x94, 0x40, 0x0D, 0x34, 0x80,
    0x05, 0xBA, 0x4F, 0x82, 0xA8, 0x0D, 0xC5, 0x6A, 0x43, 0xB9, 0xD8, 0x50, 0x47, 0x1B, 0xD0, 0x50,
    0xF0, 0xC6, 0x86, 0xAE, 0xB5, 0xE1, 0x4A, 0x7C, 0xB0, 0x43, 0x76, 0x40, 0x77, 0xBC, 0x00, 0x3B,
    0xFB, 0x0A, 0xBE, 0x5D, 0xB7, 0x6E, 0x32, 0xAA, 0xA3, 0x89, 0xB8, 0xC3, 0x55, 0x1B, 0x89, 0x37,
    0x05, 0x5F, 0xCA, 0x76, 0x52, 0x97, 0x08, 0xDA, 0x32, 0x5F, 0x96, 0xE3, 0xB9, 0x17, 0x0B, 0xF8,
    0xE7, 0x72, 0x40, 0x56, 0x2D, 0x59, 0xAF, 0x7D, 0xF1, 0x10, 0x6E, 0xAF, 0xD2, 0xC1, 0x2F, 0x3F,
    0x74, 0x41, 0x5B, 0x33, 0x2A, 0x6A, 0x2E, 0xE0, 0x81, 0x0E, 0x65, 0xEC, 0x0B, 0x83, 0xEF, 0x57,
    0x5B, 0x37, 0x6F, 0x31, 0x1E, 0x77, 0xE4, 0x86, 0x2F, 0x38, 0x67, 0x24, 0xC9, 0x8A, 0x4F, 0xA3,
    0x75, 0xEF, 0x2E, 0xA2, 0x63, 0x58, 0xB6, 0x39, 0x34, 0xF5, 0x25, 0xA4, 0x1C, 0x8E, 0x95, 0x2A,
    0xFD, 0x0C, 0x0C, 0x2B, 0x87, 0x56, 0x63, 0x88, 0x31, 0xE7, 0x3B, 0xCB, 0x59, 0x6F, 0x90, 0xBB,
    0xD1, 0x46, 0xDF, 0x56, 0x0C, 0xC7, 0x25, 0x21, 0xC8, 0x99, 0x7B, 0xCE, 0xB5, 0x83, 0x99, 0xAC,
    0xEA, 0x58, 0x2B, 0x7D, 0x9D, 0xA5, 0xF0, 0x83, 0xD4, 0xF0, 0x0F, 0x65, 0x6D, 0x17, 0xBA, 0xE0,
    0xD1, 0xE7, 0x8A, 0xBE, 0x4F, 0x97, 0xFE, 0xD9, 0x88, 0xF2, 0xB8, 0xCB, 0x0C, 0x85, 0x67, 0x0C,
    0x40, 0xB6, 0x54, 0xD8, 0xBF, 0xC2, 0xAD, 0x19, 0xB2, 0x83, 0xD8, 0x94, 0xDD, 0x79, 0xED, 0xCA,
    0x32, 0x75, 0xBC, 0x8E, 0x65, 0x4D, 0x70, 0x91, 0x77, 0x13, 0x8E, 0xB5, 0x57, 0x47, 0xBB, 0xE9,
    0x9D, 0xBC, 0x75, 0xAC, 0xFC, 0xA9, 0x48, 0xB1, 0x40, 0x3B, 0xA0, 0x0C, 0x54, 0xC6, 0xD7, 0x45,
    0x26, 0x5B, 0x44, 0x72, 0xF8, 0xC2, 0x24, 0x16, 0xB0, 0x62, 0x7F, 0x00, 0xBF, 0xFC, 0x0D, 0xF8,
    0xD1, 0xD5, 0x78, 0x3A, 0x5E, 0x2F, 0x97, 0x0F, 0xC0, 0x0A, 0x28, 0xA3, 0x9E, 0x93, 0x8A, 0xF6,
    0x54, 0x7E, 0xF2, 0xD0, 0x2C, 0xD4, 0xCD, 0x8F, 0xF1, 0xB5, 0xCA, 0x99, 0xB0, 0x16, 0x99, 0x20,
    0x63, 0xEC, 0x18, 0x9D, 0x3A, 0x5D, 0x3E, 0x38, 0xAC, 0x6F, 0x5F, 0x0E, 0xDF, 0xC3, 0x82, 0xA6,
    0x67, 0x97, 0xDB, 0xE1, 0x74, 0xF6, 0xE6, 0xE5, 0xE8, 0x43, 0x4E, 0x7C, 0x2E, 0x10, 0x7F, 0xC2,
    0x1E, 0x1C, 0x36, 0xFB, 0x66, 0xC4, 0x4C, 0x5B, 0x25, 0x69, 0x26, 0xDF, 0x23, 0xCC, 0xBE, 0x54,
    0x04, 0xB6, 0x7B, 0xFF, 0x8F, 0x73, 0x33, 0x7C, 0xF0, 0xBA, 0xDC, 0xAD, 0xC6, 0x4F, 0x45, 0xEE,
    0x96, 0x71, 0x29, 0xFC, 0x02, 0x5A, 0x2B, 0xA9, 0xE9, 0xEF, 0x96, 0xE3, 0xE2, 0xE4, 0x6E, 0x3D,
    0x80, 0xFE, 0xDA, 0x84, 0x4F, 0xED, 0x1F, 0x92, 0x6F, 0xBB, 0x46, 0x1F, 0xAD, 0xE2, 0xEE, 0xA7,
    0x7A, 0xE4, 0xB0, 0x66, 0xA3, 0x3F, 0x97, 0x9F, 0xD0, 0x60, 0xDD, 0x42, 0x4B, 0xE9, 0xF9, 0x0F,
    0xF5, 0x21, 0x7D, 0xE0, 0x63, 0xC9, 0xD2, 0x4A, 0x65, 0x6F, 0xD1, 0x86, 0x4E, 0x1A, 0xE5, 0x38,
    0x7C, 0xC4, 0x88, 0xFD, 0x6A, 0x84, 0xCC, 0x03, 0x86, 0x76, 0xC5, 0x5E, 0xD8, 0xD6, 0x97, 0x72,
    0x81, 0x28, 0x84, 0xCB, 0xA5, 0x48, 0x0C, 0x54, 0x95, 0x1A, 0xA4, 0x6D, 0x40, 0x82, 0xE1, 0xC2,
    0x01, 0xEF, 0x2D, 0xA2, 0x56, 0x0C, 0x42, 0x8A, 0xF1, 0xA5, 0x4F, 0xE8, 0x23, 0x11, 0x92, 0xB8,
    0x21, 0x89, 0x61, 0xDC, 0xED, 0x30, 0x78, 0xEF, 0x02, 0x15, 0xEC, 0x60, 0xF9, 0x94, 0xF6, 0x78,
    0xCE, 0x39, 0xD1, 0xCC, 0xFB, 0x38, 0x03, 0x2F, 0xDA, 0xEE, 0x0E, 0xAC, 0x55, 0x9D, 0x4A, 0xD5,
    0xB5, 0x99, 0x8A, 0x15, 0x9F, 0xFC, 0x95, 0x63, 0xEF, 0x9D, 0x0C, 0xAB, 0x74, 0x02, 0x95, 0x5C,
    0xCE, 0x7A, 0xF2, 0x91, 0x9F, 0x72, 0x94, 0xA7, 0x1E, 0xEA, 0x63, 0x76, 0xB4, 0xC1, 0xC4, 0x3C,
    0xDD, 0xD3, 0x86, 0x62, 0x65, 0xF7, 0xBE, 0x02, 0x6B, 0xAE, 0xA7, 0x8D, 0xD5, 0x4C, 0x39, 0xC8,
    0x0F, 0xD4, 0xB3, 0xFB, 0x3D, 0xEE, 0x18, 0x68, 0xC7, 0x39, 0xEC, 0xDF, 0xEC, 0x89, 0x6B, 0x78,
    0x86, 0xA3, 0xAE, 0x5B, 0xE9, 0x0C, 0x17, 0xE0, 0xFB, 0x4D, 0x90, 0x9A, 0x21, 0xE1, 0x15, 0x01,
    0x0C, 0x11, 0xCE, 0x5C, 0x9E, 0x6D, 0xF4, 0x16, 0x1B, 0x2B, 0xB7, 0x5A, 0x8E, 0x63, 0x25, 0x49,
    0x99, 0xD0, 0xE4, 0x4C, 0xBC, 0xF6, 0x9E, 0xED, 0xEA, 0x5B, 0x10, 0xD7, 0x93, 0x0C, 0x20, 0xCD,
    0x24, 0xBE, 0xAF, 0xE8, 0x56, 0x41, 0x22, 0x77, 0xD2, 0xFB, 0x74, 0xD0, 0xDF, 0x04, 0x3D, 0xB9,
    0x6E, 0xC3, 0x9F, 0xCE, 0x5D, 0xB4, 0xE7, 0xFF, 0x43, 0xD7, 0xBE, 0x29, 0x2A, 0x56, 0x13, 0x80,
    0x90, 0x47, 0x03, 0x25, 0xCE, 0x0C, 0x78, 0x8D, 0x20, 0xDD, 0x00, 0x02, 0xA7, 0x12, 0x67, 0xC8,
    0x54, 0x2F, 0x20, 0x66, 0x02, 0x71, 0x03, 0x88, 0x07, 0x51, 0x8D, 0x24, 0x13, 0xC9, 0x02, 0xF2,
    0x38, 0x81, 0xDC, 0x57, 0x10, 0x8A, 0x31, 0xE8, 0x41, 0x1C, 0x55, 0x41, 0x6E, 0xD7, 0x5C, 0xAE,
    0x20, 0x07, 0x05, 0x91, 0xEF, 0x05, 0xA7, 0xCB, 0x93, 0x8A, 0x14, 0x89, 0x33, 0x7A, 0xD2, 0x90,
    0x49, 0x9D, 0x74, 0x94, 0x26, 0xC1, 0x4E, 0x93, 0x60, 0xA7, 0x4D, 0x3A, 0x8B, 0x4B, 0x30, 0xB6,
    0x4B, 0x69, 0x95, 0xBF, 0xA7, 0xE4, 0x11, 0xDC, 0xC9, 0x15, 0x0B, 0xC8, 0x87, 0x73, 0x4A, 0xF6,
    0x8B, 0x98, 0x52, 0xF3, 0x25, 0xC9, 0xB3, 0x21, 0xA5, 0x4A, 0x43, 0x82, 0xF7, 0x7D, 0x4A, 0x07,
    0x6D, 0x53, 0x2A, 0x94, 0xC3, 0x01, 0xB7, 0x0A, 0x03, 0x02, 0x08, 0x40, 0x04, 0x26, 0x60, 0x01,
    0x12, 0xA0, 0xAD, 0x4F, 0x5D, 0xF0, 0xC9, 0x8D, 0x3E, 0x61, 0xB6, 0x43, 0xC3, 0xF9, 0x54, 0x26,
    0x0F, 0x69, 0x56, 0x03, 0x0E, 0x30, 0x40, 0x0D, 0x94, 0x40, 0x01, 0x88, 0x22, 0x76, 0xDA, 0xDC,
    0x9A, 0x15, 0x47, 0x6C, 0x33, 0x1F, 0x94, 0xF1, 0xD9, 0xF5, 0x2E, 0x88, 0x0B, 0x88, 0x4F, 0x33,
    0x78, 0xEE, 0x65, 0x14, 0x24, 0x6E, 0x24, 0x71, 0xAF, 0x77, 0x7C, 0xDD, 0x6A, 0x37, 0x3E, 0xC6,
    0x67, 0xD8, 0x64, 0xA9, 0x25, 0xEB, 0x2B, 0xA8, 0x79, 0xFB, 0x46, 0x1E, 0xB4, 0xE9, 0xE5, 0xC9,
    0x2A, 0x26, 0x68, 0x63, 0x4E, 0xB0, 0xEC, 0x38, 0x69, 0xAD, 0xA2, 0xE9, 0xE1, 0xF5, 0x83, 0x8B,
    0x8A, 0x8B, 0xA3, 0xF1, 0x53, 0xA1, 0xD0, 0x0C, 0x05, 0xDB, 0xD6, 0x7D, 0xB3, 0x6C, 0x23, 0x47,
    0xBB, 0xCF, 0x1A, 0x0F, 0xE6, 0x61, 0x13, 0xB3, 0x50, 0xD0, 0x73, 0xBA, 0x95, 0x52, 0xF3, 0x99,
    0x6B, 0xDC, 0x17, 0xAF, 0xFC, 0x58, 0x93, 0xC8, 0xEF, 0x86, 0x93, 0x09, 0x8D, 0xBE, 0xEC, 0x7E,
    0x10, 0xE7, 0xFD, 0xA0, 0xC6, 0x54, 0x68, 0xCB, 0x83, 0x24, 0xF8, 0x2F, 0xFC, 0xDF, 0x79, 0xEB,
    0x39, 0x49, 0xB5, 0xE0, 0xD4, 0xC2, 0xAF, 0x86, 0x86, 0x07, 0xC1, 0xA1, 0x1E, 0x5C, 0x28, 0xF2,
    0x41, 0x70, 0x3C, 0x1E, 0x04, 0x2B, 0xC5, 0x03, 0x07, 0xBC, 0x81, 0x21, 0x07, 0xB6, 0xAC, 0x3D,
    0x3D, 0x08, 0x4E, 0xDD, 0xD0, 0x1C, 0x0F, 0x82, 0x7E, 0x16, 0x3D, 0xB9, 0xE0, 0xB7, 0x7C, 0x1F,
    0xE0, 0xE4, 0xFC, 0x5D, 0xA0, 0x80, 0x97, 0x62, 0xED, 0xDA, 0x72, 0x71, 0x43, 0x3D, 0x9B, 0x7C,
    0x5C, 0x0B, 0xF4, 0x9B, 0xAB, 0xD9, 0xE4, 0x06, 0xB4, 0x88, 0x1D, 0xC5, 0x8E, 0x3C, 0x31, 0xC2,
    0x13, 0x14, 0xD7, 0xDB, 0x44, 0xB7, 0x88, 0x4A, 0x49, 0x72, 0x58, 0x8B, 0x94, 0xD7, 0x49, 0x51,
    0x12, 0xFF, 0x2E, 0xDC, 0xEF, 0x3E, 0x8E, 0x5C, 0x4F, 0x23, 0x57, 0xD6, 0x71, 0x5F, 0x63, 0x1B,
    0x92, 0x5A, 0xFB, 0x7D, 0x05, 0x2E, 0x49, 0x0E, 0x49, 0xA0, 0x96, 0xCA, 0x7A, 0x7C, 0x1F, 0x59,
    0xEB, 0xC6, 0x66, 0x45, 0x66, 0xC7, 0x86, 0x63, 0xCC, 0x44, 0xA3, 0xC8, 0x9A, 0x68, 0x15, 0xAC,
    0x68, 0xC8, 0xEE, 0x37, 0xAB, 0xD4, 0x93, 0xB3, 0x1F, 0x2E, 0xE8, 0xA2, 0xCE, 0x7E, 0xB1, 0xA0,
    0xA5, 0xBD, 0x41, 0x56, 0x2E, 0xA9, 0xF9, 0xC7, 0x8C, 0x6C, 0x6D, 0x9E, 0x4E, 0x30, 0x6A, 0xA9,
    0x5F, 0x44, 0x39, 0xE8, 0x52, 0x69, 0xE4, 0x7E, 0xAE, 0x44, 0x26, 0x5C, 0x41, 0x47, 0x64, 0xF1,
    0xA0, 0x03, 0x0C, 0x8D, 0x85, 0x86, 0xBC, 0xAF, 0x65, 0x36, 0x6C, 0x99, 0x0B, 0x70, 0x8E, 0x73,
    0x9E, 0x8B, 0x5C, 0x16, 0xC2, 0x66, 0x5A, 0x89, 0x31, 0x0F, 0x25, 0xEF, 0xAC, 0x10, 0xFA, 0x72,
    0x01, 0xD3, 0x33, 0x3A, 0xA6, 0xE3, 0xEE, 0x53, 0xA5, 0x6D, 0x76, 0x27, 0x7B, 0xD7, 0x50, 0xB9,
    0xE3, 0xF7, 0xBA, 0x47, 0x9C, 0x0F, 0x3F, 0xE2, 0x74, 0x5A, 0x72, 0xBA, 0x43, 0xB4, 0xD1, 0xC7,
    0x60, 0x26, 0x38, 0xED, 0xC6, 0x6D, 0x17, 0xCA, 0x81, 0x01, 0x0B, 0x7A, 0x13, 0xE9, 0xE7, 0x54,
    0xAE, 0x08, 0xBB, 0x0A, 0x12, 0x6B, 0x4D, 0xD9, 0xED, 0x34, 0x7F, 0x8F, 0xFA, 0xF8, 0x21, 0x9B,
    0x37, 0x2D, 0xFC, 0xD0, 0x9A, 0xCF, 0x88, 0x20, 0xF3, 0xAD, 0x88, 0x53, 0xD5, 0x1D, 0x29, 0x6F,
    0xF9, 0xEC, 0x94, 0xE3, 0x58, 0xF7, 0x6D, 0xBC, 0xE6, 0xDD, 0xA5, 0x21, 0x33, 0xBF, 0x3A, 0xA0,
    0xB8, 0xCF, 0xC5, 0x8C, 0xF4, 0xBD, 0xB8, 0xD3, 0x93, 0x2B, 0xE1, 0x5E, 0x93, 0xDC, 0x7C, 0x67,
    0xCE, 0x6D, 0x3B, 0x12, 0xF2, 0x01, 0x8C, 0x8E, 0x55, 0x53, 0xF6, 0xA1, 0xA0, 0x33, 0x0A, 0xDC,
    0x9A, 0xC1, 0xEE, 0x0C, 0xF5, 0x05, 0xC3, 0x9F, 0x75, 0xE6, 0x5D, 0xDE, 0xE2, 0xCE, 0x9C, 0xB9,
    0x65, 0xAA, 0x05, 0xA4, 0xA1, 0x76, 0x43, 0xF5, 0xCE, 0x53, 0xBF, 0xE5, 0xA6, 0xDB, 0x04, 0x91,
    0xB5, 0xC1, 0x80, 0x5E, 0xAA, 0x28, 0x14, 0x93, 0x2A, 0x1E, 0xB6, 0x83, 0xFD, 0x4A, 0xF3, 0x94,
    0x66, 0x74, 0xAD, 0x6A, 0xCC, 0xC9, 0x8B, 0x6B, 0x4D, 0xA8, 0xC7, 0x32, 0xF2, 0xEC, 0x61, 0x74,
    0x61, 0x43, 0xC9, 0x2F, 0x64, 0x53, 0xD8, 0x17, 0x9F, 0x6C, 0x67, 0xB8, 0xDE, 0x01, 0xBE, 0x77,
    0xBD, 0x0A, 0xD1, 0x01, 0xDA, 0x83, 0xAF, 0xB7, 0xFA, 0x2C, 0x54, 0xAB, 0x09, 0xD7, 0xAE, 0xD1,
    0x1F, 0xAF, 0xDB, 0x59, 0x16, 0xE0, 0x39, 0x63, 0x72, 0xA1, 0x9C, 0x81, 0xC5, 0xF5, 0xC4, 0x21,
    0xE7, 0x81, 0xA8, 0x66, 0x17, 0xF3, 0x94, 0xE3, 0x3C, 0xBE, 0xF9, 0xEE, 0xBA, 0x9D, 0x09, 0x2F,
    0xCF, 0x50, 0x83, 0x69, 0x7D, 0xFB, 0x83, 0x2B, 0x47, 0x30, 0xDD, 0xC1, 0x72, 0xD6, 0x93, 0x8F,
    0xFC, 0x94, 0xBB, 0x6E, 0xDE, 0x29, 0xFC, 0xC7, 0xDB, 0xB9, 0xD5, 0x02, 0x2E, 0xB8, 0xED, 0xDC,
    0xA8, 0x04, 0xEA, 0x12, 0xC0, 0x9C, 0xEF, 0xBE, 0x6D, 0x58, 0x4F, 0x3E, 0xF0, 0xBF, 0x40, 0xA4,
    0xBF, 0x1B, 0xE5, 0x1E, 0xFA, 0x20, 0x6F, 0xA4, 0x07, 0x3B, 0xB2, 0xBE, 0x9A, 0xBA, 0x1E, 0x67,
    0x39, 0xD5, 0x23, 0xE8, 0x77, 0x90, 0xDE, 0x8E, 0x15, 0xA7, 0xCF, 0x58, 0xE6, 0xA9, 0x89, 0x63,
    0xF6, 0xA0, 0x73, 0x05, 0x65, 0x13, 0x2D, 0x41, 0xBA, 0xEC, 0x08, 0xBE, 0xDE, 0x94, 0x0A, 0xFD,
    0x28, 0x36, 0x30, 0x83, 0x4D, 0xD9, 0xD1, 0xEC, 0xF6, 0x66, 0xB3, 0x1B, 0xA0, 0x50, 0xCE, 0x6A,
    0xCD, 0x0E, 0x33, 0xBE, 0xC1, 0xD5, 0x69, 0xEB, 0xD6, 0x84, 0x43, 0xC6, 0x78, 0xFD, 0xFE, 0xE4,
    0xCE, 0x2C, 0xC9, 0xE7, 0x63, 0x81, 0x0E, 0x6E, 0xD8, 0x8F, 0xDC, 0x1B, 0xD2, 0x0D, 0xE8, 0x04,
    0x32, 0x5C, 0xF6, 0x71, 0xF9, 0x6B, 0xEF, 0xE3, 0xC1, 0xCB, 0xC9, 0x7E, 0xB9, 0xFE, 0x7F, 0x4E,
    0xDA, 0xD2, 0xD0, 0x55, 0xFC, 0x0D, 0x2E, 0x89, 0x0F, 0x9C, 0x18, 0xB9, 0x1D, 0x4C, 0xDC, 0x25,
    0xFA, 0x20, 0xAA, 0x02, 0xF4, 0xC0, 0x20, 0xFA, 0x28, 0x8A, 0xD6, 0xB3, 0x70, 0x69, 0xD8, 0xF6,
    0x4B, 0x50, 0x9C, 0x17, 0x5A, 0x3B, 0xDE, 0x6A, 0xD2, 0x10, 0xFD, 0x4B, 0xB7, 0x98, 0xC9, 0x55,
    0xEB, 0x01, 0x72, 0x9D, 0xFE, 0x69, 0x8B, 0xFE, 0x2D, 0xFE, 0xDD, 0xCC, 0x11, 0x60, 0x22, 0x62,
    0x3D, 0x34, 0xB1, 0x9C, 0xF9, 0xC7, 0xE0, 0x3B, 0xD0, 0xFB, 0xD0, 0x4B, 0xAD, 0xD4, 0x39, 0x71,
    0xB5, 0xA3, 0x3E, 0xD6, 0xDE, 0x0C, 0xF1, 0x3C, 0x2B, 0xA3, 0x1B, 0x95, 0xDD, 0x69, 0x2E, 0xFF,
    0x4B, 0x9C, 0xFE, 0x9B, 0x20, 0x58, 0xCE, 0x7A, 0xF2, 0x91, 0x9F, 0x72, 0x1C, 0x93, 0xF0, 0x87,
    0xDF, 0x1D, 0x39, 0x56, 0x6F, 0x33, 0x96, 0x81, 0xC0, 0x39, 0xE0, 0x9A, 0x39, 0xE2, 0x32, 0xB0,
    0x2D, 0x03, 0xFB, 0x64, 0x3C, 0xA6, 0x33, 0x81, 0xDD, 0x5D, 0x06, 0x36, 0xC7, 0xE3, 0x7B, 0xD7,
    0xEE, 0x2F, 0xDC, 0xFD, 0xD9, 0x3D, 0x98, 0x9D, 0x9F, 0x1C, 0xBE, 0x3F, 0x89, 0xE3, 0xB1, 0x97,
    0xE9, 0x6C, 0xF4, 0x14, 0xFA, 0xB0, 0xD1, 0xD9, 0x2A, 0xAC, 0xFF, 0x3D, 0x78, 0xEC, 0x24, 0x0D,
    0x8F, 0x44, 0xB3, 0x98, 0x84, 0x3A, 0x11, 0x35, 0x85, 0x3A, 0x5D, 0x8D, 0xCE, 0xFC, 0x25, 0xF5,
    0xB6, 0x94, 0xF3, 0x31, 0xA9, 0x2E, 0x39, 0xE1, 0xF9, 0x4C, 0x5A, 0xA4, 0x5C, 0xB9, 0xA6, 0x0B,
    0x92, 0x9D, 0xD3, 0x2D, 0x86, 0x8E, 0x6E, 0xB0, 0xA3, 0xEF, 0xFD, 0xC8, 0x56, 0x34, 0xFA, 0x55,
    0xAC, 0x52, 0x1D, 0xB7, 0x0D, 0x4F, 0x5F, 0x4D, 0xFC, 0x4F, 0x67, 0x86, 0x66, 0x6C, 0x46, 0x33,
    0xF0, 0x8F, 0x5D, 0x39, 0xB1, 0xED, 0x3B, 0x29, 0x16, 0x2F, 0xB2, 0x72, 0xE6, 0xE4, 0x72, 0x3F,
    0x03, 0x93, 0x88, 0xC9, 0x7F, 0x53, 0x7D, 0xDB, 0x89, 0x97, 0xAE, 0xF7, 0x2D, 0x57, 0x01, 0xE5,
    0xE6, 0xF1, 0x33, 0xFD, 0x6C, 0x15, 0xFB, 0xB9, 0x7E, 0xBE, 0x88, 0xF9, 0xE6, 0xDB, 0xAF, 0x17,
    0x69, 0x1E, 0x3F, 0x7E, 0x3C, 0x4B, 0xF3, 0xAF, 0x6F, 0xFE, 0x33, 0x49, 0xFD, 0xE2, 0x73, 0x6C,
    0x45, 0x2A, 0x0D, 0x1A, 0xF9, 0x43, 0x4E, 0x47, 0xD0, 0xD6, 0x0F, 0x70, 0x84, 0x7B, 0xAC, 0x82,
    0x4A, 0x44, 0x12, 0x9B, 0x8E, 0xB1, 0xDC, 0x70, 0xA3, 0xC9, 0x99, 0x70, 0x51, 0xD4, 0x5D, 0x58,
    0x10, 0x05, 0x4E, 0x64, 0x2B, 0x78, 0x3A, 0x4B, 0x3C, 0xAD, 0xE7, 0xE9, 0x89, 0xFF, 0xFE, 0xB8,
    0x27, 0xE3, 0x5B, 0xFE, 0x6F, 0x66, 0x06, 0xB3, 0xFF, 0x45, 0x83, 0x9F, 0xFC, 0x71, 0xCB, 0x4D,
    0x91, 0x14, 0x2B, 0xF4, 0x28, 0xE0, 0xA7, 0xA3, 0x3E, 0x33, 0x5C, 0xFC, 0xA3, 0xCB, 0x5D, 0xB3,
    0x02, 0x13, 0xD0, 0x03, 0xAA, 0x3B, 0xD6, 0xBC, 0x83, 0x68, 0x28, 0x33, 0x90, 0xF7, 0xF2, 0x17,
    0x73, 0x35, 0xB1, 0x41, 0xB2, 0x0A, 0x7F, 0x72, 0x06, 0x17, 0xDF, 0xC3, 0xD1, 0x5A, 0x61, 0x12,
    0xEB, 0xAF, 0x26, 0x2A, 0xD1, 0x9E, 0xC9, 0x0E, 0x67, 0x6A, 0x21, 0x02, 0x41, 0x88, 0x43, 0x49,
    0x7A, 0xD5, 0xE5, 0x51, 0x1B, 0xA5, 0x9B, 0xCE, 0x07, 0xC9, 0x61, 0xDD, 0x67, 0xC1, 0x43, 0xC2,
    0xEB, 0x19, 0x1E, 0x08, 0x42, 0x1C, 0x4A, 0xEA, 0x27, 0x08, 0x03, 0x7D, 0x67, 0xF1, 0xAA, 0xB3,
    0x56, 0x1A, 0x55, 0xEE, 0xF5, 0xFF, 0x05, 0xBD, 0x99, 0x47, 0x94, 0xE5, 0x36, 0x76, 0x86, 0x3F,
    0x92, 0x9E, 0xA6, 0x47, 0xB4, 0x05, 0xE7, 0x34, 0x81, 0x4B, 0x67, 0x63, 0x7F, 0x14, 0x00, 0x1F,
    0xED, 0x9C, 0xD3, 0xD6, 0x39, 0xC7, 0x5E, 0x3A, 0xB5, 0x9A, 0x70, 0xCE, 0x76, 0xAD, 0x9D, 0x73,
    0xB6, 0x5B, 0x2B, 0xE7, 0x16, 0xE0, 0xBC, 0x1C, 0xCE, 0x99, 0xFD, 0x11, 0x27, 0xAC, 0x9C, 0x04,
    0x5B, 0x3C, 0x47, 0xEC, 0x11, 0x89, 0x6B, 0x02, 0xAC, 0xAA, 0x37, 0xAD, 0x52, 0xAE, 0xE9, 0xC6,
    0xC3, 0xFF, 0x5F, 0x84, 0x8B, 0x8B, 0xFF, 0x91, 0x28, 0x10, 0x7C, 0x65, 0x90, 0x90, 0x3F, 0x06,
    0x00, 0xE3, 0x5E, 0xFD, 0x83, 0x82, 0x82, 0xFE, 0x8C, 0x5A, 0x36, 0x94, 0x88, 0x33, 0x93, 0x76,
    0x83, 0x7B, 0x3B, 0x1E, 0x10, 0x20, 0x9D, 0x43, 0xA0, 0xB4, 0xE5, 0xBE, 0xEC, 0x93, 0x7D, 0xF3,
    0x98, 0x3C, 0xF6, 0x14, 0xE7, 0x1E, 0x94, 0x76, 0x09, 0xCD, 0xDA, 0xB8, 0x6E, 0x86, 0x2E, 0x9E,
    0xD0, 0x66, 0xCC, 0x60, 0x44, 0x2E, 0xD1, 0xAC, 0x5C, 0x22, 0xF7, 0xF5, 0x11, 0xBC, 0x48, 0x90,
    0x73, 0x00, 0xD0, 0xDD, 0xB8, 0xF7, 0x68, 0xF6, 0x16, 0xD7, 0x67, 0x52, 0x5B, 0x2B, 0xA8, 0x88,
    0xA0, 0x47, 0x06, 0x67, 0x02, 0x26, 0x18, 0x77, 0x90, 0x0E, 0xA5, 0xAA, 0x77, 0x72, 0xFD, 0x84,
    0xB7, 0x6A, 0xA9, 0x05, 0x25, 0x22, 0xD6, 0xE4, 0x78, 0xEA, 0x4B, 0x53, 0x4F, 0x49, 0x66, 0xDC,
    0xB3, 0x8E, 0xF8, 0xA0, 0x66, 0xC4, 0x76, 0x6B, 0x9D, 0xD5, 0x34, 0x2B, 0x75, 0x6A, 0x17, 0x10,
    0x15, 0x61, 0xF8, 0xAD, 0x09, 0x8C, 0x84, 0x12, 0xE0, 0x44, 0x87, 0x5C, 0xEA, 0x95, 0x2B, 0x1D,
    0xB9, 0xED, 0x65, 0x94, 0x3E, 0x22, 0xBD, 0xAC, 0xE6, 0x67, 0x5A, 0x11, 0xDB, 0x8B, 0x04, 0x33,
    0xF6, 0xD6, 0x04, 0xC8, 0xD0, 0x33, 0x28, 0xB1, 0xF4, 0x32, 0x1F, 0x17, 0xEA, 0x67, 0x72, 0xFF,
    0x30, 0xE9, 0x45, 0x45, 0x25, 0xBF, 0x10, 0x6B, 0x91, 0x09, 0x2D, 0x81, 0x4A, 0x46, 0xD0, 0x11,
    0x54, 0xEC, 0x76, 0xE8, 0x49, 0x4F, 0x46, 0x24, 0x74, 0x22, 0xF0, 0xBD, 0xBF, 0xCF, 0xAD, 0x66,
    0x4C, 0x5D, 0xDC, 0xF3, 0x5E, 0xA0, 0xFA, 0xCB, 0x33, 0x40, 0x4B, 0x82, 0x4A, 0x44, 0x46, 0xDA,
    0xC4, 0xCD, 0x19, 0x15, 0x69, 0x56, 0x74, 0xF0, 0x2E, 0x61, 0x1A, 0x89, 0x86, 0xDB, 0x4A, 0x66,
    0x6D, 0xFF, 0xA1, 0x0F, 0xCF, 0x28, 0xB7, 0x6A, 0x8B, 0x0A, 0xAB, 0xE1, 0xC4, 0xBA, 0x70, 0x69,
    0x7F, 0xB6, 0x1F, 0xA3, 0x76, 0xA6, 0x93, 0xD9, 0x60, 0x7E, 0x42, 0x26, 0x8F, 0x9A, 0x7E, 0xA0,
    0x5E, 0x69, 0x37, 0xFA, 0xF9, 0x7C, 0x16, 0x8C, 0x08, 0x70, 0x43, 0x3E, 0x04, 0xDD, 0x82, 0x11,
    0x06, 0xEF, 0x3E, 0x41, 0x85, 0x4E, 0xC2, 0x20, 0x61, 0xDB, 0x43, 0xE5, 0x68, 0xB9, 0xFC, 0x8E,
    0x5F, 0x0B, 0x98, 0x7F, 0x14, 0x90, 0xA7, 0xF2, 0x4D, 0xE8, 0x66, 0x9A, 0xB5, 0x9F, 0x50, 0xD1,
    0x04, 0xF4, 0x28, 0x14, 0x3A, 0xAA, 0x6D, 0xEE, 0x28, 0x2E, 0xC5, 0xB9, 0x0C, 0x13, 0x91, 0x74,
    0x01, 0xE0, 0x15, 0x21, 0x12, 0x8E, 0x5C, 0xF9, 0x33, 0x3A, 0x59, 0xD0, 0x3C, 0xC9, 0x2D, 0xF9,
    0x4A, 0xFB, 0xCC, 0x0B, 0xFF, 0xEE, 0xE2, 0x0B, 0xFF, 0x1C, 0xA2, 0x3C, 0x15, 0xE2, 0xBD, 0x26,
    0x3C, 0xF3, 0x62, 0xE3, 0x6E, 0x7D, 0xE0, 0x57, 0x6C, 0xEE, 0xCF, 0x7E, 0xD9, 0x5F, 0x24, 0xEE,
    0xB9, 0x9B, 0xCC, 0xFA, 0x37, 0x5F, 0x14, 0x55, 0x54, 0x7F, 0xF3, 0x45, 0x66, 0xED, 0x26, 0xD4,
    0x04, 0x27, 0x20, 0x22, 0xEB, 0x05, 0x72, 0xFD, 0x0A, 0xE0, 0x3E, 0x9F, 0x5A, 0xAC, 0x96, 0x68,
    0x9E, 0x9F, 0xDF, 0xD5, 0x2C, 0xEC, 0xB9, 0x5D, 0x50, 0x91, 0x3E, 0x2F, 0xEC, 0x4A, 0x68, 0x57,
    0xF4, 0x87, 0xFF, 0xD8, 0xC8, 0xBA, 0xE7, 0x2E, 0x31, 0x48, 0x18, 0xFC, 0xF4, 0x29, 0x6A, 0xA2,
    0x1F, 0x1B, 0x71, 0x8D, 0xD8, 0xDA, 0x8F, 0xD9, 0x5F, 0xC5, 0xCF, 0x51, 0x71, 0xEF, 0xDA, 0x1D,
    0xBA, 0x44, 0x1B, 0xD5, 0xA8, 0x9D, 0xE1, 0x2E, 0x09, 0x35, 0xBD, 0x1E, 0xA4, 0x40, 0x4F, 0xE2,
    0xFC, 0x24, 0x22, 0x3B, 0x9E, 0x8B, 0xE2, 0xBF, 0x34, 0xBE, 0xDA, 0x55, 0xE4, 0xA6, 0x84, 0x46,
    0xFE, 0x39, 0xA8, 0x1D, 0xE6, 0x1C, 0xC3, 0x25, 0x4E, 0x6D, 0xFD, 0x8E, 0xEC, 0xC7, 0x3B, 0x76,
    0x34, 0x6F, 0x10, 0xC0, 0x69, 0x03, 0xEB, 0x82, 0xB2, 0xFA, 0xAC, 0x9F, 0xAB, 0xF5, 0x13, 0x97,
    0x61, 0x1E, 0xC6, 0x6A, 0xA5, 0x5F, 0x19, 0x56, 0xFC, 0xCA, 0x5F, 0xAF, 0x34, 0x57, 0xB2, 0x91,
    0x70, 0xE4, 0x76, 0xC3, 0x88, 0xBB, 0xDD, 0x8D, 0x6B, 0x13, 0x2F, 0xF3, 0x5E, 0x3D, 0xBA, 0xE0,
    0xEA, 0x5A, 0x52, 0x33, 0x48, 0x53, 0xD6, 0x52, 0x2A, 0x54, 0xAA, 0x47, 0x47, 0x7B, 0xFF, 0x3A,
    0x04, 0xF8, 0x2C, 0xA8, 0x17, 0x30, 0xD0, 0x2F, 0x70, 0x1B, 0x86, 0x05, 0x56, 0xF0, 0x0B, 0xD5,
    0x02, 0xDF, 0xBA, 0xD0, 0x44, 0xCA, 0xFD, 0x9C, 0x8A, 0x51, 0xA1, 0x98, 0xDE, 0x15, 0xA3, 0x31,
    0x61, 0x37, 0x4F, 0x22, 0xE1, 0xD3, 0x37, 0xFE, 0xA1, 0xCA, 0x9A, 0x59, 0x9A, 0x6C, 0xEA, 0xD8,
    0x49, 0xF6, 0x9D, 0xD4, 0xCD, 0x00, 0x5D, 0x78, 0x52, 0x07, 0x50, 0xEE, 0x56, 0x36, 0x1A, 0x91,
    0x08, 0x4F, 0x1E, 0xE6, 0xD6, 0x61, 0x16, 0xD0, 0x81, 0x2A, 0x16, 0xD3, 0x4C, 0x00, 0x7C, 0x1B,
    0xDC, 0x85, 0x2E, 0x4B, 0x2A, 0xCA, 0xEA, 0x19, 0xFC, 0x21, 0xE9, 0xAF, 0x17, 0xDA, 0xF1, 0x3E,
    0x49, 0xB6, 0x18, 0x43, 0x31, 0x4F, 0xDF, 0x48, 0xD9, 0xAC, 0x5A, 0xC6, 0x4F, 0xDF, 0xAA, 0xD9,
    0xDC, 0x89, 0x46, 0x9A, 0xF8, 0x4E, 0xB5, 0x9B, 0xB6, 0xAC, 0xB4, 0x3C, 0x4C, 0x4D, 0xE4, 0x61,
    0x59, 0x92, 0x01, 0x0F, 0x3C, 0x4D, 0xBD, 0x01, 0x2B, 0xDD, 0x0C, 0xD5, 0x8C, 0x91, 0x48, 0x13,
    0x0F, 0x33, 0x16, 0xD3, 0x05, 0xCE, 0xD3, 0x23, 0x96, 0x36, 0x81, 0x71, 0x18, 0x09, 0x0C, 0x30,
    0xC8, 0x44, 0x82, 0x7D, 0x59, 0x57, 0x2B, 0xE4, 0xA5, 0xBD, 0x40, 0x23, 0xAE, 0x8D, 0xD9, 0x58,
    0x35, 0x65, 0x33, 0xF6, 0x81, 0x72, 0xC7, 0xDC, 0x67, 0xFD, 0xF6, 0xC7, 0xAA, 0x38, 0x60, 0x26,
    0x23, 0x31, 0xE1, 0x77, 0xF3, 0x8F, 0x6B, 0x25, 0x53, 0x9B, 0x9A, 0xA5, 0x79, 0x2E, 0xFB, 0x46,
    0xF5, 0x9E, 0x09, 0xBA, 0x49, 0xE7, 0x91, 0x2A, 0x3C, 0x9D, 0x8D, 0x76, 0x22, 0x11, 0x0C, 0xC5,
    0x3C, 0x7B, 0x98, 0x15, 0xD4, 0x44, 0xBD, 0x14, 0xD3, 0x44, 0x00, 0x0C, 0x20, 0xE1, 0x04, 0xC3,
    0x91, 0xFC, 0x39, 0x04, 0xAA, 0x0D, 0x9A, 0x95, 0xF2, 0x5D, 0xFB, 0x09, 0x4C, 0x00, 0xEF, 0x40,
    0xB8, 0xC0, 0xA3, 0xF8, 0x60, 0xAC, 0x29, 0x5B, 0xFB, 0x46, 0x2D, 0x23, 0x18, 0x07, 0xF4, 0x81,
    0x2C, 0x0C, 0x8E, 0xD9, 0xAA, 0x85, 0x23, 0x1D, 0x57, 0xAF, 0x49, 0x40, 0x2B, 0x40, 0x27, 0x16,
    0x94, 0x38, 0xE8, 0x25, 0x80, 0x7E, 0x2E, 0x07, 0xC8, 0x5F, 0x6A, 0xF8, 0x95, 0x08, 0xBE, 0x2D,
    0x6B, 0x75, 0xA1, 0x4A, 0x79, 0x85, 0x6E, 0xFB, 0xE0, 0x66, 0xAD, 0x12, 0xAD, 0x88, 0xD0, 0xED,
    0x64, 0xD5, 0x4E, 0xA1, 0x9F, 0x30, 0x41, 0x8F, 0xE8, 0xD1, 0x04, 0xFA, 0x38, 0x84, 0xE3, 0xF6,
    0x4D, 0x17, 0x3A, 0x8C, 0x05, 0x06, 0x80, 0xF5, 0xE1, 0xCB, 0x58, 0xCB, 0x44, 0x17, 0x73, 0xF4,
    0xBF, 0x12, 0xC0, 0xB4, 0xF1, 0x61, 0xCB, 0xE8, 0x5D, 0x84, 0xE1, 0xC3, 0x11, 0x44, 0x46, 0x98,
    0x07, 0xCB, 0x91, 0x9A, 0x0D, 0x68, 0x13, 0xA0, 0x24, 0x53, 0x11, 0x29, 0x0E, 0x8C, 0x04, 0x30,
    0xCF, 0x8F, 0x30, 0x7C, 0xE3, 0x04, 0xA2, 0x22, 0x48, 0x37, 0x53, 0x6D, 0xED, 0x52, 0x8E, 0x0F,
    0x3B, 0xD5, 0x1B, 0xED, 0x5C, 0xA5, 0xD3, 0xB1, 0xC0, 0xF6, 0x3B, 0x1D, 0xE7, 0x94, 0x4C, 0xE3,
    0xE0, 0xD0, 0x93, 0x58, 0xFA, 0x98, 0x1F, 0xD1, 0x90, 0xBA, 0x78, 0x50, 0xAE, 0x5E, 0x28, 0x58,
    0x81, 0x6E, 0x3B, 0x29, 0x00, 0x7A, 0xB1, 0x17, 0x0A, 0xEE, 0x84, 0xAC, 0x60, 0x2C, 0x0A, 0x0A,
    0x65, 0x05, 0xF3, 0xA1, 0xA0, 0x50, 0xBB, 0xD4, 0xDB, 0x49, 0x01, 0x59, 0x81, 0x35, 0xE1, 0xE2,
    0xB8, 0x34, 0x64, 0x19, 0xDE, 0xA1, 0x8F, 0xE5, 0x4F, 0xF7, 0x0D, 0x80, 0x52, 0x85, 0x2E, 0x26,
    0x3F, 0xC9, 0x28, 0xD4, 0xDE, 0xAF, 0x45, 0x9F, 0xB4, 0x7C, 0x63, 0x00, 0xAF, 0x2E, 0xAE, 0x46,
    0xFE, 0x1E, 0xF5, 0xE5, 0xD5, 0x68, 0x33, 0x75, 0x22, 0x89, 0x93, 0x0C, 0x3D, 0x72, 0x55, 0x06,
    0x5A, 0x64, 0x05, 0x53, 0xD8, 0x17, 0x96, 0x05, 0xA8, 0x0A, 0x37, 0x85, 0xDB, 0x17, 0x8B, 0xD6,
    0x17, 0x32, 0xAB, 0xC2, 0xFA, 0x7D, 0x22, 0x11, 0xF3, 0xCF, 0x99, 0x87, 0x9F, 0xC8, 0x2C, 0x4F,
    0x2D, 0x79, 0x50, 0xD9, 0x42, 0x52, 0x61, 0x91, 0x9D, 0xBB, 0xC2, 0xAA, 0xB0, 0x8E, 0x8D, 0xC8,
    0x6A, 0xA6, 0xCC, 0x43, 0xC8, 0x4C, 0x27, 0x67, 0xE0, 0x65, 0xA3, 0x29, 0x0B, 0x66, 0x61, 0xC8,
    0x2A, 0x3F, 0x0E, 0xE3, 0x00, 0x0F, 0x20, 0x97, 0x94, 0x2E, 0xE9, 0xD4, 0xE6, 0x2D, 0x1C, 0xCE,
    0x7A, 0xE4, 0x5D, 0xA8, 0x7B, 0x95, 0xB7, 0x6D, 0x0E, 0x85, 0x94, 0x43, 0xB2, 0x8C, 0xC0, 0x02,
    0xD4, 0x73, 0x26, 0x01, 0xE8, 0x1D, 0xA0, 0xC2, 0x0E, 0xB1, 0xC7, 0xAD, 0x56, 0x65, 0xF7, 0xE2,
    0xB8, 0x25, 0x1B, 0x30, 0x50, 0x92, 0x88, 0x4C, 0xE7, 0x18, 0x5F, 0xED, 0xA9, 0x9C, 0x27, 0xDB,
    0xE1, 0x32, 0x5E, 0xC3, 0x67, 0xBC, 0x88, 0x45, 0xBD, 0x42, 0x33, 0x1F, 0x93, 0xF6, 0x01, 0x8C,
    0x7D, 0x70, 0x73, 0x19, 0xC0, 0x07, 0x6A, 0x99, 0x68, 0x5F, 0x58, 0x50, 0x61, 0x7B, 0x60, 0x73,
    0xB5, 0xE1, 0xD6, 0xE5, 0xD9, 0x26, 0x97, 0x1F, 0xD4, 0x3C, 0x06, 0xED, 0x54, 0x68, 0xC7, 0xE3,
    0x31, 0xFF, 0x46, 0x3F, 0xF9, 0x64, 0xD6, 0x3B, 0xC3, 0x13, 0x40, 0x7A, 0xC3, 0x9F, 0xAA, 0x9C,
    0xD1, 0x55, 0x42, 0xDF, 0xB4, 0xCF, 0xAA, 0x91, 0x3C, 0xE3, 0x75, 0xF2, 0xFD, 0x2F, 0x06, 0x50,
    0xAF, 0xD7, 0xCA, 0x4A, 0x12, 0x3B, 0xC9, 0x94, 0x69, 0x41, 0x4D, 0xCD, 0xB6, 0x13, 0x92, 0xC9,
    0x67, 0x1A, 0xEC, 0x4E, 0xC6, 0x9D, 0x48, 0x64, 0x3D, 0xD1, 0xD1, 0x66, 0x2F, 0xFC, 0xFC, 0xC5,
    0xD8, 0x76, 0x2B, 0xF1, 0x2E, 0x22, 0x27, 0xE0, 0x76, 0x13, 0x2A, 0xF9, 0xCF, 0xD0, 0x88, 0xD8,
    0xE6, 0xBD, 0x1B, 0x00, 0x02, 0x5E, 0xDC, 0x8E, 0xB0, 0x23, 0xEE, 0x98, 0x77, 0xAC, 0x3B, 0x24,
    0xC3, 0xFA, 0x34, 0x04, 0x9F, 0xCC, 0xE4, 0x93, 0x9A, 0x7D, 0xEA, 0x56, 0x9F, 0x9A, 0xE4, 0x13,
    0x22, 0x09, 0xBF, 0xC3, 0xEC, 0xE8, 0x77, 0x74, 0x3B, 0x9A, 0x1D, 0xD5, 0x0E, 0x3C, 0x1E, 0xAE,
    0x3E, 0xB1, 0x67, 0xCE, 0xD3, 0x3B, 0x92, 0x05, 0x91, 0xF2, 0xEE, 0xB6, 0x51, 0x5E, 0x30, 0x3F,
    0x62, 0x4B, 0xB3, 0xF4, 0xA3, 0x07, 0x35, 0x09, 0xA8, 0x58, 0x28, 0x41, 0x17, 0x4F, 0xD5, 0xD2,
    0x5B, 0xFC, 0xCA, 0x5B, 0x6B, 0x19, 0x5B, 0xA2, 0x94, 0x78, 0x55, 0x8E, 0x5C, 0xE6, 0xC8, 0x6E,
    0x80, 0x0E, 0xC0, 0x00, 0x90, 0x80, 0x6A, 0x7D, 0xF8, 0x32, 0x7E, 0x1B, 0x68, 0xD6, 0xCB, 0x9D,
    0xFF, 0x8E, 0x83, 0x41, 0x8D, 0xF0, 0x5D, 0xF5, 0xD9, 0xC3, 0xD6, 0xD2, 0xD9, 0x08, 0xE6, 0x7F,
    0x23, 0xF8, 0xF2, 0xC4, 0xF6, 0x0E, 0xBE, 0xEA, 0x63, 0x78, 0xD8, 0x32, 0x9E, 0x68, 0x46, 0xF0,
    0x5D, 0x2C, 0x54, 0xAA, 0xAF, 0xAC, 0x60, 0xAD, 0x04, 0x1D, 0xB3, 0x82, 0x11, 0x1D, 0x86, 0x90,
    0x15, 0xB8, 0xAC, 0xC0, 0xA2, 0xE2, 0x05, 0x75, 0xF1, 0x54, 0x2D, 0xBD, 0xC5, 0xAF, 0x8C, 0x28,
    0x63, 0x73, 0x94, 0x2B, 0x0A, 0x80, 0x47, 0x21, 0x1A, 0x57, 0xAF, 0x7A, 0xEA, 0x16, 0xB5, 0xE8,
    0xD8, 0x24, 0x1F, 0x10, 0x01, 0xB3, 0x82, 0x5E, 0x60, 0x28, 0x23, 0x6C, 0xBB, 0x9A, 0x51, 0x45,
    0x15, 0x4D, 0x68, 0x57, 0x6D, 0xAB, 0xE5, 0xED, 0xF0, 0x4D, 0xBC, 0x43, 0x12, 0x88, 0xAC, 0x39,
    0x70, 0x42, 0xCD, 0x2A, 0x3F, 0x97, 0x7B, 0x09, 0xC6, 0x19, 0x19, 0x07, 0xBB, 0x9F, 0x6E, 0x3C,
    0xA2, 0xA2, 0x54, 0xDB, 0x4E, 0xCD, 0xAA, 0x62, 0x6A, 0x63, 0x17, 0x45, 0x4D, 0x7B, 0xB5, 0x0F,
    0x3B, 0xE5, 0x3F, 0x5B, 0xEF, 0xE9, 0xC7, 0x21, 0x61, 0x82, 0x59, 0x19, 0x9C, 0x5E, 0x8F, 0xDF,
    0x5A, 0xB6, 0x4C, 0x91, 0xFE, 0x4E, 0xB2, 0x98, 0xCB, 0x53, 0x44, 0x02, 0x06, 0xC0, 0x38, 0x50,
    0x01, 0x8E, 0xA6, 0xF4, 0x56, 0x20, 0x3B, 0x3C, 0xD5, 0x36, 0xD8, 0x66, 0x35, 0x63, 0xB7, 0xF4,
    0x22, 0xB1, 0x15, 0x09, 0xDC, 0xBC, 0x07, 0x0C, 0x16, 0x04, 0xAA, 0xF3, 0x07, 0x5C, 0x17, 0x1F,
    0xDC, 0x5C, 0x37, 0x1C, 0xA8, 0x08, 0x66, 0x81, 0xB4, 0x51, 0x2F, 0xC6, 0xD6, 0x67, 0x8F, 0xD8,
    0x07, 0x35, 0x5F, 0x15, 0x7B, 0x9A, 0xC5, 0xB8, 0x8C, 0x5C, 0x7E, 0x70, 0xD7, 0x50, 0x5F, 0xBE,
    0x21, 0xDC, 0x06, 0x58, 0x01, 0x66, 0x8E, 0x34, 0x84, 0x3D, 0x9B, 0x09, 0x71, 0x7D, 0xAC, 0x04,
    0x35, 0x37, 0x1B, 0xED, 0xDA, 0xE6, 0xC3, 0x77, 0x37, 0x83, 0xA8, 0x08, 0xFE, 0xE6, 0x08, 0x46,
    0x02, 0xE8, 0xE3, 0xF4, 0x0E, 0x74, 0xDB, 0xE5, 0x81, 0x72, 0x79, 0x43, 0x94, 0x38, 0x41, 0xD2,
    0x19, 0x22, 0xDB, 0x0E, 0xB1, 0x09, 0x1F, 0x12, 0x7A, 0xBC, 0xFF, 0x97, 0x8C, 0x7E, 0xAF, 0x0F,
    0x21, 0xF7, 0x1F, 0x7E, 0x67, 0x24, 0xB8, 0x82, 0xCA, 0x4F, 0x28, 0xD9, 0x30, 0x22, 0x0C, 0xC1,
    0x3B, 0x8F, 0x71, 0xB2, 0x23, 0x21, 0xA4, 0x66, 0x23, 0xA9, 0x99, 0xA4, 0xC3, 0x81, 0x7E, 0x2F,
    0x2B, 0xB1, 0xA9, 0x96, 0x29, 0xA1, 0xE7, 0x44, 0xBB, 0x24, 0x9A, 0x25, 0x7D, 0xE1, 0x6E, 0xBD,
    0xC4, 0x64, 0x64, 0x4C, 0x6D, 0xA2, 0x8B, 0xC7, 0x4A, 0xAB, 0x56, 0xE0, 0x2E, 0x60, 0x80, 0x32,
    0xD7, 0x48, 0x2F, 0x2B, 0x83, 0x08, 0x5F, 0x88, 0xB7, 0x60, 0x5C, 0x75, 0x47, 0x5C, 0x2F, 0xE2,
    0xCC, 0x0E, 0xEF, 0x8E, 0xB9, 0x85, 0x61, 0x87, 0xB8, 0x41, 0xC4, 0x69, 0x79, 0x3E, 0xB4, 0x5B,
    0x1F, 0x2E, 0xCF, 0x67, 0xDD, 0x04, 0x2A, 0x80, 0xB6, 0xD7, 0x8E, 0x79, 0x71, 0x0E, 0xAB, 0x24,
    0xD2, 0xFE, 0xDF, 0xC2, 0x23, 0xEE, 0x8F, 0xAF, 0x1D, 0xB3, 0xFA, 0xED, 0xC7, 0x69, 0xB7, 0xC7,
    0x51, 0xB2, 0xA0, 0xFA, 0xC8, 0xDB, 0xB8, 0xBE, 0xCE, 0xAB, 0x67, 0x38, 0xEE, 0x8B, 0x69, 0x44,
    0x78, 0xD7, 0x9B, 0x8C, 0x89, 0x76, 0xF0, 0xFE, 0x09, 0x42, 0x84, 0xF7, 0xEE, 0x18, 0x02, 0xC0,
    0x35, 0xB5, 0xAA, 0x50, 0xCB, 0xD9, 0xCD, 0x0F, 0xA1, 0xE5, 0x25, 0x49, 0x79, 0xBC, 0x88, 0xFB,
    0x42, 0x64, 0xD2, 0x21, 0x4F, 0xA0, 0xA6, 0x9D, 0x9D, 0x8A, 0x37, 0x72, 0x7B, 0x34, 0x85, 0x7D,
    0x61, 0x61, 0xB0, 0xB0, 0x73, 0xA8, 0x90, 0x4A, 0xA6, 0x2E, 0x94, 0xB1, 0xA3, 0x96, 0x17, 0x45,
    0xEC, 0x8D, 0x64, 0x6F, 0xCE, 0x70, 0xFA, 0x75, 0x78, 0x34, 0xA3, 0x0A, 0xDE, 0xD6, 0x08, 0x14,
    0xA4, 0xC3, 0x16, 0x78, 0x57, 0x63, 0xA6, 0x3E, 0xF4, 0x22, 0x21, 0xFB, 0xB3, 0xEB, 0x41, 0x59,
    0xD0, 0x19, 0x17, 0xCB, 0x72, 0x2D, 0xF1, 0x18, 0x46, 0xEA, 0x95, 0xD3, 0xDB, 0x85, 0xB1, 0x97,
    0x9B, 0x31, 0x37, 0x17, 0x1A, 0x11, 0xAB, 0xB2, 0x8E, 0xA9, 0x3C, 0x2E, 0xE6, 0xC1, 0x35, 0xCB,
    0x20, 0x72, 0x82, 0x03, 0x13, 0x70, 0x7A, 0x6A, 0x27, 0x25, 0x12, 0x9B, 0xCB, 0x0D, 0xC3, 0x97,
    0xA0, 0xC7, 0xAA, 0x8D, 0xD0, 0x4D, 0xD7, 0x8F, 0x59, 0x56, 0x7D, 0x04, 0xBF, 0x52, 0xAD, 0xB7,
    0xA9, 0x7F, 0xFB, 0xF3, 0xEC, 0x75, 0x63, 0xB6, 0xE1, 0x09, 0xD4, 0xE4, 0x0B, 0x72, 0xF9, 0x32,
    0xF9, 0x0F, 0xD1, 0x4A, 0xA2, 0xDC, 0xF1, 0xA0, 0x43, 0xF6, 0x10, 0x54, 0x14, 0x91, 0x13, 0x80,
    0x7C, 0x0F, 0x4C, 0xE8, 0x9D, 0x3E, 0x7E, 0x65, 0xB7, 0x79, 0xDC, 0x80, 0x71, 0x2A, 0x74, 0x53,
    0x13, 0xE1, 0x75, 0x4F, 0xFF, 0x53, 0x1F, 0x8C, 0xBD, 0xFD, 0xBA, 0xA7, 0x7F, 0xEE, 0x52, 0x8B,
    0x6D, 0x9F, 0x0F, 0xFD, 0x3F, 0xC7, 0x4F, 0xAD, 0xBE, 0x0E, 0x20, 0xBD, 0xF1, 0xFC, 0xF2, 0xF3,
    0xFD, 0x9B, 0x3D, 0xE2, 0xC3, 0x27, 0xF0, 0xA4, 0x5D, 0x30, 0x2F, 0x2D, 0xBC, 0x43, 0x46, 0x6A,
    0x09, 0x28, 0x99, 0xD0, 0x3F, 0xB3, 0xF0, 0xF1, 0xB9, 0xFF, 0x4F, 0x13, 0xED, 0xF1, 0x36, 0x6F,
    0xCD, 0x3F, 0x8A, 0xF3, 0x76, 0x08, 0x82, 0x29, 0x48, 0xE8, 0x6C, 0x9D, 0xC7, 0xD8, 0xC1, 0x09,
    0x5A, 0x36, 0x3A, 0x99, 0xA9, 0xBC, 0x83, 0xBB, 0x8A, 0x5A, 0xEE, 0xD0, 0x48, 0xA2, 0xF9, 0xA7,
    0x05, 0x00, 0xF3, 0xE3, 0x09, 0xF3, 0x5B, 0x12, 0x8C, 0x48, 0x34, 0xB3, 0x9A, 0xCD, 0xD8, 0x2E,
    0x26, 0xE4, 0x07, 0xDC, 0xEB, 0xA3, 0x59, 0x80, 0x15, 0x78, 0x16, 0x30, 0x17, 0xAF, 0xD4, 0x80,
    0x5F, 0x38, 0xFD, 0xE5, 0xF4, 0xD1, 0xDB, 0x76, 0x11, 0x9A, 0x35, 0x23, 0x51, 0x67, 0x5B, 0x90,
    0xDB, 0x73, 0x7F, 0xF6, 0xCB, 0xFE, 0x79, 0xDC, 0xE9, 0xE8, 0xB0, 0x40, 0x1B, 0x41, 0x8D, 0xD7,
    0x8F, 0xA9, 0x02, 0x98, 0x58, 0x62, 0xD4, 0xCB, 0xDD, 0xBC, 0x92, 0xAF, 0x1F, 0xF3, 0x87, 0x14,
    0x95, 0x7C, 0xE5, 0x71, 0x2D, 0xFF, 0x7D, 0xA5, 0xB2, 0x9F, 0x70, 0xED, 0x98, 0xCD, 0xD8, 0xD3,
    0x45, 0xE3, 0x32, 0x72, 0x19, 0xF8, 0xE8, 0x7D, 0xF7, 0x8C, 0x5C, 0x86, 0x2B, 0xFF, 0x03, 0xE1,
    0x48, 0x57, 0x7D, 0x33, 0x79, 0xB1, 0xA7, 0xB9, 0x25, 0xFA, 0x2F, 0x7E, 0x69, 0x96, 0xE6, 0x85,
    0x55, 0xDA, 0xF7, 0xAD, 0x49, 0xFD, 0xF8, 0x2A, 0x7D, 0xB3, 0xCA, 0x93, 0xCD, 0x3A, 0xAC, 0xFB,
    0xDC, 0xCB, 0x69, 0xEE, 0x4E, 0x16, 0x94, 0x85, 0x76, 0xE6, 0xEA, 0x8E, 0x07, 0x6F, 0xEA, 0x3F,
    0x23, 0xDE, 0xF9, 0xC9, 0x88, 0x4C, 0xBD, 0xBC, 0x27, 0xB6, 0xC7, 0x8F, 0x75, 0xF7, 0xEF, 0x74,
    0x2A, 0x5C, 0x3F, 0x66, 0xEF, 0x60, 0x98, 0xA8, 0xD2, 0x4C, 0x13, 0x37, 0xDE, 0x66, 0x3F, 0xF5,
    0xDA, 0x31, 0x5F, 0x6D, 0xB7, 0xBB, 0xE6, 0x77, 0x3F, 0x1D, 0xAD, 0xDB, 0xD3, 0x3D, 0xF5, 0x56,
    0xC5, 0xFC, 0x4A, 0x60, 0x42, 0x3F, 0xF6, 0xA3, 0x09, 0x6A, 0xCA, 0xEB, 0x68, 0xD8, 0xDD, 0x3C,
    0xCD, 0xBA, 0x51, 0x6D, 0x2B, 0xC8, 0xF9, 0x53, 0xC8, 0x44, 0xD0, 0x13, 0xF4, 0x23, 0x98, 0x00,
    0x83, 0xA3, 0x12, 0x90, 0x0D, 0x64, 0x06, 0x71, 0x90, 0x78, 0x15, 0xE8, 0x0F, 0x21, 0x92, 0x76,
    0x88, 0x95, 0x30, 0x04, 0x41, 0x8F, 0x72, 0x45, 0x7B, 0x3F, 0x0A, 0x3A, 0x94, 0x7E, 0x11, 0x44,
    0x36, 0xD2, 0x30, 0x91, 0xE0, 0x55, 0x51, 0x45, 0x65, 0x9B, 0x45, 0x87, 0x8C, 0x5C, 0xE6, 0x3C,
    0x99, 0xDC, 0x32, 0xB6, 0x73, 0x3F, 0xA9, 0xB8, 0x7F, 0xA6, 0xBD, 0x54, 0x7C, 0xEA, 0xD5, 0x58,
    0xB6, 0x01, 0xE4, 0x59, 0x18, 0xB6, 0xD3, 0x4B, 0x97, 0x8A, 0x19, 0xA7, 0xEF, 0xE6, 0x1D, 0x83,
    0x80, 0x5F, 0x61, 0x18, 0xE1, 0xFF, 0x01, 0xBD, 0x9A, 0x05, 0x90, 0xDD, 0xC8, 0x76, 0x86, 0x3F,
    0x49, 0xCF, 0x56, 0xDE, 0xAA, 0x92, 0x0E, 0xD3, 0x82, 0xC2, 0x9C, 0x28, 0x8C, 0x8E, 0x5B, 0x61,
    0x66, 0x28, 0x0E, 0x33, 0x39, 0x85, 0x21, 0x97, 0xA5, 0x30, 0x27, 0x2E, 0xE6, 0x30, 0x33, 0x73,
    0xDC, 0xBD, 0xBB, 0x85, 0x41, 0x85, 0x39, 0x51, 0x98, 0x93, 0x7E, 0x59, 0x55, 0x3D, 0xED, 0x73,
    0xAB, 0x4F, 0xD4, 0x6A, 0x5D, 0x8F, 0x61, 0xEC, 0x99, 0xD9, 0xD9, 0x79, 0x3D, 0xFA, 0xCE, 0x85,
    0x3E, 0x7D, 0xFA, 0xFC, 0xA7, 0x75, 0x75, 0x35, 0xD2, 0x45, 0xC4, 0x71, 0x64, 0x52, 0x2B, 0x3C,
    0x50, 0x2E, 0x40, 0x15, 0x00, 0x25, 0x40, 0x2D, 0x2D, 0x34, 0xD2, 0x83, 0xFE, 0x69, 0x0B, 0xDD,
    0xA7, 0x0E, 0x60, 0xD4, 0x08, 0xA2, 0x1C, 0x59, 0xA8, 0x26, 0x72, 0x5F, 0xCE, 0x14, 0xBE, 0xF0,
    0x94, 0x73, 0xBE, 0xA0, 0x44, 0x42, 0x34, 0x42, 0xBD, 0x9A, 0x56, 0x0F, 0x74, 0xBD, 0xB6, 0x68,
    0xDB, 0xAD, 0x66, 0x90, 0x9E, 0x66, 0x54, 0x22, 0x1C, 0x38, 0xB4, 0xCC, 0x0C, 0xD4, 0xE2, 0xE9,
    0x44, 0x78, 0x12, 0xD3, 0x82, 0xEE, 0xB3, 0x9F, 0x96, 0xBE, 0x16, 0xE9, 0xF5, 0x8A, 0xE9, 0x75,
    0x2F, 0x44, 0xBA, 0x15, 0xE9, 0x3B, 0x91, 0xBE, 0x91, 0xFF, 0xB5, 0xE5, 0x52, 0x5B, 0x5E, 0x9F,
    0x1F, 0x80, 0xAB, 0xD9, 0x0C, 0x8D, 0x4C, 0xA0, 0xC4, 0x41, 0x2E, 0x2D, 0xA9, 0xE5, 0x02, 0x14,
    0xC9, 0xB4, 0x50, 0x89, 0x05, 0x95, 0xCC, 0x08, 0xCD, 0xDF, 0x39, 0xD0, 0xBF, 0x1F, 0xCD, 0x37,
    0xCE, 0x60, 0x3E, 0xC0, 0x83, 0x14, 0x0B, 0x84, 0x3C, 0x90, 0x2D, 0x08, 0x85, 0x47, 0xDA, 0x42,
    0x44, 0xFA, 0x72, 0x35, 0x36, 0x6A, 0x1B, 0x94, 0xA3, 0x76, 0xF5, 0x88, 0x72, 0xCD, 0x80, 0x9A,
    0xF4, 0x40, 0xE5, 0x55, 0x7B, 0x05, 0x65, 0x7F, 0x83, 0x4A, 0x66, 0x0A, 0x71, 0xF0, 0x25, 0xED,
    0x03, 0xD2, 0xDE, 0x7E, 0x97, 0xC6, 0x27, 0x9B, 0xBE, 0x7A, 0xA4, 0xB4, 0x9F, 0x4E, 0xD2, 0x4E,
    0x58, 0x13, 0xB1, 0xD0, 0xFD, 0xF4, 0x00, 0xE6, 0x53, 0xDD, 0xBE, 0x26, 0xA2, 0x26, 0xF2, 0x50,
    0x79, 0x8A, 0x25, 0xAE, 0x89, 0x2F, 0x16, 0xAA, 0x39, 0x97, 0xA3, 0x35, 0xE9, 0x9B, 0x28, 0x23,
    0x2E, 0xCC, 0xB6, 0x26, 0xA3, 0xE9, 0x69, 0x1C, 0x50, 0xF5, 0xC0, 0x55, 0x80, 0xDF, 0x00, 0xF0,
    0x00, 0xE2, 0x00, 0x33, 0x01, 0xCD, 0x70, 0xB7, 0x8E, 0xAB, 0x98, 0xF6, 0x25, 0x51, 0xC7, 0x4A,
    0x9E, 0x42, 0x6E, 0x79, 0x4B, 0x7B, 0xD0, 0x22, 0xBD, 0x89, 0xFA, 0x0E, 0x4B, 0x44, 0x93, 0x42,
    0xE6, 0x0E, 0x8A, 0x95, 0x5C, 0x06, 0x32, 0x19, 0xA1, 0xEB, 0xA1, 0x1E, 0xD8, 0x62, 0x75, 0xC0,
    0x02, 0xD9, 0x0C, 0x00, 0x8F, 0x4B, 0x8B, 0xC8, 0x54, 0x88, 0x2C, 0x6A, 0xCA, 0x96, 0x66, 0xE0,
    0x5D, 0x37, 0xAF, 0x16, 0x0C, 0x20, 0x40, 0xB8, 0x0B, 0x01, 0x0C, 0xA9, 0x3F, 0xFA, 0x45, 0xFF,
    0x38, 0x2E, 0x8E, 0x8F, 0x71, 0xB6, 0x78, 0x04, 0xC8, 0x3C, 0x14, 0x13, 0x94, 0x0E, 0x94, 0x05,
    0x00, 0xF3, 0x4F, 0x94, 0x22, 0xD4, 0x5B, 0x65, 0xEA, 0xD6, 0xB4, 0x97, 0x90, 0xBB, 0xE6, 0x90,
    0x9D, 0xF8, 0x7E, 0xEC, 0x8F, 0x7E, 0xD1, 0x3F, 0x8E, 0x83, 0xEF, 0x81, 0xC2, 0xA7, 0x15, 0xAA,
    0x7F, 0xBA, 0xA5, 0x53, 0x96, 0xCF, 0xCB, 0x6F, 0x5E, 0x98, 0x86, 0x98, 0xB3, 0x1E, 0xC1, 0xCC,
    0xE4, 0xF3, 0x6F, 0x92, 0x7F, 0xCF, 0xDB, 0x9C, 0x5F, 0x03, 0x13, 0x90, 0xFB, 0xDD, 0xA4, 0x97,
    0x77, 0x04, 0x20, 0xDB, 0x2E, 0x2D, 0x81, 0x35, 0x97, 0x10, 0x93, 0x7A, 0x4F, 0x74, 0x9F, 0xD2,
    0x4C, 0xF9, 0x22, 0x77, 0x4C, 0xB8, 0x63, 0x84, 0xD4, 0x9B, 0xFC, 0xD2, 0x88, 0x38, 0x36, 0x45,
    0x89, 0xF1, 0x52, 0xE4, 0x34, 0x87, 0x5A, 0x69, 0x6C, 0x24, 0x3D, 0x3F, 0x34, 0x33, 0x52, 0x49,
    0xA0, 0xD9, 0x0E, 0x26, 0x0D, 0xA6, 0x7D, 0x95, 0x63, 0x55, 0xC5, 0xF7, 0x63, 0x7F, 0xF4, 0x8B,
    0xFE, 0x71, 0x5C, 0x5C, 0x85, 0xB8, 0x1A, 0xDB, 0xAA, 0x54, 0x21, 0xAD, 0x12, 0xDF, 0xC3, 0x45,
    0xAD, 0x4C, 0xE1, 0x34, 0x99, 0xF7, 0xD0, 0x4D, 0xD0, 0x8C, 0xF0, 0x58, 0x7F, 0xB6, 0x95, 0xE9,
    0xE3, 0xCA, 0x34, 0x7D, 0x5A, 0x99, 0x90, 0xC6, 0x8D, 0xBA, 0xCD, 0xE7, 0x00, 0x32, 0x83, 0x76,
    0x50, 0x5B, 0x80, 0x38, 0xE5, 0x8A, 0xB4, 0x2B, 0x63, 0xA0, 0x76, 0x81, 0x62, 0x0E, 0xE4, 0x3E,
    0x90, 0x2D, 0x01, 0xC2, 0x43, 0x58, 0x52, 0x7F, 0xE1, 0x03, 0xE5, 0x1C, 0xC7, 0x89, 0xC8, 0x90,
    0xE2, 0xFC, 0x13, 0x00, 0xD7, 0xA1, 0x72, 0x72, 0xC7, 0x98, 0x68, 0xDE, 0x21, 0x9A, 0x2B, 0xD1,
    0xBC, 0x67, 0x34, 0x64, 0xE6, 0x5B, 0x1D, 0x95, 0x88, 0xA3, 0x89, 0x46, 0x5B, 0xED, 0x30, 0x28,
    0x87, 0x24, 0x53, 0x39, 0x42, 0x34, 0x92, 0x8C, 0x72, 0x98, 0x56, 0x25, 0xBF, 0x34, 0xA2, 0x92,
    0xDB, 0x8E, 0x4C, 0x3E, 0xC4, 0xA1, 0x24, 0xB0, 0x1A, 0x19, 0xA3, 0x99, 0x51, 0x63, 0xB1, 0xAC,
    0x06, 0x89, 0xC6, 0x44, 0xD3, 0xB5, 0xAB, 0xD1, 0xFD, 0x91, 0x11, 0xF1, 0x47, 0x26, 0xBD, 0xD7,
    0x1E, 0xFC, 0xCC, 0x61, 0x6C, 0xB9, 0xEC, 0xF1, 0x52, 0xE4, 0x00, 0x5B, 0xE2, 0x11, 0x25, 0x72,
    0xE0, 0xF0, 0x5E, 0xD4, 0x13, 0xE5, 0x34, 0x2B, 0x31, 0xC9, 0xA8, 0x45, 0x36, 0x2A, 0x17, 0x56,
    0x64, 0x43, 0xB9, 0xA8, 0x22, 0xF6, 0x47, 0xBF, 0x28, 0x21, 0x2A, 0xB8, 0xFF, 0xCB, 0x4C, 0x44,
    0xC6, 0x9D, 0x21, 0x00, 0xC7, 0xB1, 0xAF, 0x5B, 0x1F, 0x79, 0x84, 0xCF, 0x70, 0x88, 0x75, 0xFF,
    0x1C, 0x47, 0xFB, 0x54, 0x60, 0xFB, 0x82, 0xB4, 0x8D, 0x8D, 0xD2, 0xB7, 0x9C, 0x45, 0x8E, 0x00,
    0x4C, 0x9B, 0xA3, 0x87, 0xDA, 0x36, 0x22, 0xB6, 0x12, 0x69, 0xE3, 0xB8, 0xCB, 0xBC, 0x35, 0xAA,
    0xBF, 0x41, 0x25, 0x0B, 0x85, 0x78, 0x30, 0xC3, 0x85, 0xE5, 0x5E, 0x0C, 0xCA, 0x16, 0xAE, 0xE9,
    0xB3, 0x6D, 0xEE, 0x00, 0x8F, 0xA7, 0xFD, 0x8C, 0x6B, 0x33, 0x85, 0x48, 0xAB, 0x44, 0x86, 0x66,
    0xAC, 0x9D, 0xB6, 0xE5, 0xD4, 0xB5, 0xC5, 0xDC, 0x89, 0x24, 0x7E, 0xEC, 0xC7, 0x7E, 0xA0, 0xEB,
    0x41, 0x5B, 0xFA, 0xC6, 0x95, 0xB1, 0x06, 0xAE, 0x10, 0xB1, 0x5C, 0x7B, 0x1E, 0x6A, 0x40, 0xF7,
    0x89, 0x9A, 0x0B, 0xCB, 0xFD, 0xB8, 0x79, 0xCE, 0x59, 0xFB, 0xD3, 0xE6, 0xD9, 0xEF, 0xB4, 0xA7,
    0xCA, 0x93, 0xCA, 0x82, 0xDE, 0xBF, 0xB9, 0x3D, 0x20, 0x13, 0x74, 0x33, 0xD4, 0xE3, 0xBD, 0x75,
    0x56, 0xA9, 0xCE, 0x7D, 0xAA, 0xF3, 0x81, 0xE3, 0xEB, 0x1C, 0xEE, 0x8E, 0xE7, 0xC0, 0x4C, 0xD0,
    0x0C, 0xCA, 0x2E, 0x94, 0xCF, 0xCD, 0xE4, 0x32, 0x82, 0x49, 0xD3, 0x5E, 0xD8, 0xBE, 0x33, 0xE9,
    0x16, 0xFF, 0x9B, 0xBB, 0x14, 0x07, 0x97, 0x7B, 0x00, 0x4E, 0xD4, 0xF4, 0x1F, 0x87, 0x7D, 0x27,
    0x7B, 0x70, 0xDF, 0xE1, 0xB3, 0x80, 0x7C, 0x01, 0x2A, 0x21, 0x9E, 0xFF, 0x59, 0xE8, 0xAA, 0x11,
    0x3E, 0x3F, 0xFB, 0x1E, 0x52, 0xAB, 0xE4, 0x26, 0x18, 0xF1, 0x71, 0x12, 0x41, 0xCD, 0x18, 0x9A,
    0x81, 0x27, 0x8F, 0xFD, 0xCE, 0x0B, 0xC9, 0x44, 0x55, 0xC9, 0x18, 0xE9, 0x0D, 0xE8, 0xDE, 0xB4,
    0xAB, 0xD1, 0x7D, 0x34, 0xC3, 0x6A, 0xD4, 0x84, 0xE9, 0xCB, 0xA8, 0x3C, 0x8B, 0x86, 0xC7, 0xC3,
    0xA7, 0xF6, 0x34, 0x2D, 0x74, 0x96, 0x4C, 0x1C, 0xC5, 0xCB, 0x3C, 0x8F, 0xDD, 0xFC, 0x7C, 0x00,
    0x32, 0xF9, 0x46, 0xA7, 0xE4, 0xB6, 0xD3, 0x22, 0xAE, 0x8B, 0xC7, 0xA3, 0xF6, 0xE4, 0xE3, 0x91,
    0x5A, 0xC9, 0xE4, 0x5B, 0x1D, 0xA8, 0x9D, 0x7A, 0x7C, 0x55, 0x3A, 0xDB, 0x88, 0xF4, 0x5A, 0x02,
    0x97, 0x65, 0x84, 0x2B, 0x85, 0x83, 0xAB, 0x95, 0x83, 0x46, 0x86, 0xFD, 0x2C, 0x38, 0xFB, 0x55,
    0x1E, 0x22, 0x3B, 0x93, 0x28, 0xFB, 0xED, 0x5E, 0x74, 0xD9, 0x0A, 0x8D, 0xEA, 0x6F, 0xED, 0x87,
    0x9F, 0x19, 0xCC, 0xB0, 0xCB, 0xFE, 0x5A, 0xA7, 0xE4, 0xE5, 0xA7, 0x93, 0x3D, 0x3C, 0x5C, 0xF6,
    0x93, 0xAC, 0xA3, 0x8F, 0x64, 0x1F, 0x7F, 0x72, 0xF3, 0x4A, 0x5D, 0xE8, 0x63, 0x0E, 0x24, 0x17,
    0xB9, 0xD0, 0xE7, 0x14, 0x26, 0x67, 0x10, 0x76, 0x97, 0x16, 0x07, 0x14, 0xFE, 0x60, 0xB2, 0x68,
    0xF8, 0x15, 0x00, 0x07, 0x70, 0xF3, 0x50, 0x72, 0x52, 0x05, 0xDE, 0xE1, 0x50, 0x11, 0x0B, 0x4D,
    0x0F, 0x97, 0x2E, 0xBA, 0x22, 0x2B, 0xF5, 0x04, 0xDA, 0xC3, 0xD2, 0x51, 0x4C, 0xB5, 0xDD, 0xC5,
    0x9B, 0x93, 0x90, 0xBB, 0xDA, 0x69, 0xFC, 0xB3, 0x19, 0xCA, 0x05, 0x94, 0xB4, 0xE8, 0xBB, 0xFE,
    0x17, 0x08, 0x8F, 0xE2, 0xF1, 0x99, 0x60, 0x04, 0x11, 0xB1, 0x32, 0xE8, 0x41, 0xDA, 0x7A, 0x14,
    0xD4, 0x46, 0x38, 0x01, 0x35, 0x3E, 0x68, 0xE4, 0xDE, 0x76, 0x57, 0xAF, 0x88, 0xDC, 0x6D, 0x46,
    0xD4, 0x59, 0x0C, 0x11, 0x11, 0x7B, 0x20, 0xBE, 0x4E, 0xFC, 0xBD, 0xE9, 0xD5, 0x7F, 0x6E, 0x8B,
    0xE1, 0xD5, 0x52, 0xC4, 0x73, 0xEA, 0xA0, 0x1C, 0x89, 0xF1, 0xD1, 0xD4, 0xBD, 0xEB, 0x5E, 0xE1,
    0x44, 0x86, 0xA9, 0x6B, 0x81, 0x62, 0x3E, 0xD7, 0x76, 0x9E, 0x68, 0x22, 0x2E, 0x6D, 0xE7, 0x4F,
    0xE3, 0xEE, 0x50, 0x67, 0x8D, 0xF6, 0x69, 0xF9, 0xCD, 0xB9, 0x1C, 0x8D, 0x0C, 0x5A, 0x6C, 0xB5,
    0x70, 0xFE, 0x64, 0xA6, 0xC2, 0xF9, 0x6A, 0xEC, 0x64, 0x68, 0xA4, 0xBF, 0xFC, 0xFC, 0x99, 0x03,
    0xAA, 0xF1, 0xB4, 0x7F, 0x55, 0x7F, 0x95, 0xDF, 0xC0, 0x23, 0xCE, 0xB8, 0x66, 0xA8, 0xAD, 0x76,
    0xDA, 0xD5, 0x03, 0xC0, 0x59, 0xC6, 0x5D, 0x0F, 0xE1, 0x3A, 0xE1, 0x34, 0x0D, 0x72, 0xFF, 0xA2,
    0x99, 0x62, 0x33, 0x73, 0x60, 0xAC, 0xA6, 0x50, 0x88, 0xB8, 0x68, 0x6C, 0xE0, 0xDA, 0x42, 0x87,
    0x46, 0x6C, 0xFA, 0xEB, 0x5A, 0xCD, 0xA1, 0x19, 0x74, 0xFF, 0x42, 0xE1, 0x0E, 0xA6, 0x45, 0x0B,
    0x74, 0xCB, 0xCA, 0x3F, 0x41, 0x76, 0x13, 0xCA, 0x09, 0x94, 0x07, 0x7D, 0x03, 0x6E, 0xD5, 0x2D,
    0x3F, 0x70, 0xB9, 0x05, 0x88, 0xFE, 0xE7, 0xA3, 0x6B, 0x5F, 0x0D, 0xA1, 0x91, 0xB0, 0xE2, 0xC9,
    0xE5, 0x26, 0x34, 0x2D, 0x66, 0xC8, 0x6E, 0xBB, 0xD2, 0xF9, 0x4B, 0xED, 0x27, 0xA5, 0x49, 0xCE,
    0xBC, 0x99, 0x56, 0x0B, 0x7A, 0xA1, 0xF9, 0x27, 0x02, 0x65, 0x20, 0xA0, 0x66, 0x02, 0xDA, 0x11,
    0x30, 0x96, 0x90, 0x4B, 0x4B, 0x28, 0x03, 0x84, 0x28, 0x2B, 0x68, 0x07, 0xC1, 0x38, 0x10, 0x99,
    0xA2, 0xF1, 0xD1, 0x2C, 0x20, 0x2F, 0x13, 0x10, 0x2B, 0x3D, 0x42, 0x67, 0x0F, 0x01, 0xEA, 0x89,
    0x40, 0xE5, 0x09, 0x14, 0x0B, 0x81, 0x5C, 0x08, 0x20, 0x3D, 0x47, 0xAD, 0xB4, 0x80, 0x72, 0x07,
    0x53, 0x46, 0x93, 0x8F, 0x40, 0x61, 0x81, 0xBC, 0x85, 0xC0, 0xA3, 0x90, 0x36, 0xC4, 0xD0, 0x6A,
    0x22, 0xE8, 0x81, 0x60, 0x5A, 0x24, 0x80, 0x48, 0xC4, 0x22, 0x3F, 0x3D, 0x20, 0xCA, 0x11, 0xCA,
    0x99, 0xCD, 0x0F, 0x59, 0x31, 0x7D, 0x40, 0x5B, 0x0E, 0xED, 0x3A, 0x20, 0x3B, 0xDD, 0xFE, 0x15,
    0x77, 0x05, 0x78, 0x33, 0xB6, 0x12, 0x84, 0x4C, 0x08, 0x85, 0xBF, 0x6B, 0x8E, 0x3E, 0xC5, 0x96,
    0x61, 0xC5, 0x21, 0xBF, 0x3D, 0x23, 0xB1, 0x3F, 0xFA, 0x61, 0xDA, 0x18, 0x3B, 0xD0, 0x8C, 0x51,
    0x8A, 0x1A, 0xA0, 0xB6, 0xA0, 0x81, 0xAB, 0xA4, 0x16, 0x5E, 0x24, 0x44, 0xC4, 0x1D, 0x28, 0x9D,
    0x1A, 0x6B, 0xAB, 0xDB, 0x1B, 0xC0, 0x27, 0x11, 0x4E, 0xF1, 0x27, 0xC8, 0x4F, 0x74, 0xBE, 0x9E,
    0x2E, 0x22, 0x1B, 0x0E, 0xAD, 0x06, 0xB4, 0x4D, 0xD4, 0x2B, 0x55, 0x0F, 0x0A, 0x78, 0x29, 0x67,
    0xCA, 0x31, 0xED, 0x27, 0xCA, 0xA9, 0x55, 0x67, 0x31, 0x94, 0x36, 0x27, 0x50, 0x13, 0xEB, 0x9C,
    0xA8, 0x57, 0xAA, 0x3E, 0xA0, 0x08, 0xBC, 0xF4, 0x05, 0x67, 0x1D, 0x4A, 0x1B, 0x94, 0x8B, 0x5B,
    0xE9, 0x42, 0x3E, 0x84, 0xC2, 0x86, 0x38, 0xD1, 0x09, 0x9B, 0xB0, 0x26, 0x49, 0xB7, 0x50, 0x4F,
    0x27, 0xCF, 0x58, 0x38, 0x82, 0xF2, 0x47, 0x14, 0xEE, 0xE4, 0xAC, 0x1E, 0x31, 0xBB, 0xB2, 0x41,
    0xBB, 0x7D, 0x53, 0xF6, 0x61, 0x59, 0xA9, 0x91, 0x87, 0xF3, 0xF7, 0xBF, 0x82, 0x92, 0x79, 0xA3,
    0x96, 0x01, 0x99, 0x41, 0xC6, 0xC4, 0xC7, 0xDC, 0xEF, 0x2B, 0x22, 0x77, 0x18, 0x39, 0x7E, 0xBB,
    0xDD, 0x2B, 0xE9, 0x9B, 0x80, 0x71, 0x98, 0x07, 0x7B, 0x1D, 0xEA, 0x15, 0xB6, 0x14, 0x9B, 0x49,
    0x0B, 0x7A, 0xC5, 0xEC, 0x57, 0x75, 0xE7, 0xFD, 0x93, 0x0F, 0x02, 0x46, 0xFA, 0x15, 0xBB, 0xE2,
    0x56, 0xA6, 0x15, 0xBF, 0x12, 0x56, 0xA4, 0x35, 0xA1, 0xB3, 0x26, 0xE8, 0xD1, 0x04, 0x35, 0x99,
    0x50, 0x79, 0x13, 0x8A, 0x60, 0x42, 0x26, 0xB1, 0x7B, 0x45, 0xAF, 0xD4, 0x2B, 0xD5, 0x4A, 0xB1,
    0x92, 0xAD, 0x20, 0xD0, 0x3D, 0x78, 0x05, 0x19, 0xD0, 0x5F, 0x13, 0xD0, 0xDF, 0x2D, 0x56, 0x8B,
    0x38, 0x3D, 0xC5, 0xDB, 0x01, 0xE5, 0xAC, 0x6D, 0x31, 0xEB, 0xFE, 0x64, 0x04, 0x82, 0xF4, 0x2B,
    0x76, 0xC5, 0xAD, 0x4C, 0x2B, 0x7E, 0x25, 0xAC, 0x08, 0x61, 0xCD, 0x33, 0x04, 0x3D, 0x84, 0x50,
    0xBB, 0x10, 0xAA, 0x39, 0x84, 0x62, 0x09, 0x21, 0x93, 0x10, 0x88, 0xE8, 0x95, 0x66, 0x45, 0xAD,
    0x94, 0x2B, 0xF9, 0x0A, 0xE1, 0x9E, 0x83, 0xA2, 0x72, 0x89, 0x72, 0x25, 0x1F, 0xA1, 0xB0, 0x90,
    0xB7, 0xE7, 0xCA, 0xF9, 0x34, 0xF1, 0xF3, 0xB9, 0xE9, 0x59, 0x3A, 0xD0, 0x1E, 0xEA, 0x09, 0xAA,
    0xF1, 0xC2, 0xD6, 0x25, 0xCD, 0x75, 0x23, 0xCD, 0xA5, 0xD2, 0x75, 0x82, 0xF3, 0xAE, 0xCB, 0x75,
    0x00, 0xB9, 0x63, 0x3A, 0x80, 0xB7, 0x67, 0x3F, 0xA2, 0xF3, 0x46, 0x52, 0x2E, 0x20, 0x5A, 0x5A,
    0x8C, 0x44, 0x29, 0x63, 0x33, 0x62, 0x7A, 0xE5, 0x30, 0x6C, 0xA6, 0x3A, 0xB5, 0x79, 0x68, 0x41,
    0xE4, 0x3C, 0x3B, 0x2A, 0x66, 0x47, 0x36, 0x8A, 0xF7, 0x8F, 0x2E, 0x1E, 0x25, 0x8E, 0xEC, 0x56,
    0xAB, 0xDF, 0xFF, 0x3C, 0x8B, 0x7F, 0xA0, 0x9A, 0x28, 0xC4, 0xAD, 0x8C, 0x14, 0xA1, 0x3D, 0xEE,
    0x96, 0x62, 0x6A, 0x8F, 0x87, 0x16, 0x44, 0x26, 0x4A, 0x91, 0x65, 0xBF, 0xAE, 0x30, 0xA6, 0xDB,
    0x82, 0x8D, 0xED, 0x7A, 0xEA, 0xC1, 0xB4, 0xA8, 0x51, 0x40, 0xB9, 0x83, 0xA9, 0xDC, 0xD1, 0xCB,
    0xAD, 0x77, 0xF3, 0xDB, 0x46, 0x6C, 0x63, 0x63, 0x94, 0x14, 0x2F, 0x13, 0x99, 0xD2, 0x1C, 0xC7,
    0x5F, 0x26, 0x9D, 0xA3, 0x5B, 0x5B, 0x8B, 0x0C, 0x7A, 0xA8, 0xD7, 0x58, 0xE5, 0x2C, 0x14, 0x3E,
    0x12, 0xC8, 0xFD, 0xE1, 0x79, 0x7C, 0x3F, 0xF6, 0x47, 0xBF, 0xE8, 0x8F, 0x99, 0x4F, 0xBA, 0x5C,
    0x72, 0xBF, 0xAC, 0x5C, 0x68, 0x8E, 0xEE, 0x76, 0xB6, 0x51, 0x16, 0xF7, 0xC8, 0x0A, 0xF7, 0xC9,
    0x8A, 0xBD, 0x9B, 0x9F, 0xEE, 0xD1, 0x76, 0x1B, 0x1B, 0xA3, 0xDC, 0x2F, 0xAB, 0xB0, 0x9A, 0x62,
    0x34, 0xE4, 0xB2, 0x80, 0x78, 0x78, 0xFC, 0xE6, 0xF9, 0xA5, 0x55, 0xD3, 0x02, 0xEA, 0x1F, 0x3C,
    0x34, 0xCF, 0x3A, 0xD0, 0x1F, 0x31, 0xC2, 0x2D, 0x65, 0x5F, 0xC9, 0xD2, 0x68, 0xBE, 0x73, 0x40,
    0xD7, 0x96, 0xDF, 0xD4, 0xE0, 0x6F, 0x90, 0x4F, 0xFE, 0xFC, 0xD2, 0xAE, 0x3D, 0x2F, 0x22, 0xB9,
    0xC4, 0x56, 0x6D, 0xB6, 0x1E, 0xEB, 0x00, 0xDA, 0x16, 0x01, 0xBA, 0x36, 0x0F, 0x60, 0xC8, 0x02,
    0x08, 0x24, 0x2B, 0xE2, 0xC3, 0xBD, 0xF6, 0xEE, 0xDE, 0xDD, 0x3F, 0x8E, 0x2D, 0xB6, 0x38, 0x65,
    0x80, 0x14, 0x33, 0xC5, 0x4F, 0x73, 0x71, 0x6D, 0x5E, 0x6D, 0x66, 0x86, 0xC7, 0x9F, 0x47, 0x89,
    0x37, 0xE9, 0x3E, 0xAB, 0x8C, 0x9D, 0x35, 0x73, 0xE5, 0x0C, 0xDA, 0x15, 0xB3, 0xD0, 0x8C, 0x31,
    0xF3, 0x7A, 0x9B, 0x25, 0x5A, 0xD9, 0x6D, 0x33, 0x42, 0xF4, 0xA1, 0xED, 0x6C, 0x37, 0xE7, 0x6E,
    0x1B, 0x3B, 0x6D, 0x71, 0x86, 0x18, 0x73, 0x81, 0xDC, 0xEF, 0x1F, 0x3B, 0xB7, 0x9F, 0x0B, 0xF6,
    0xF7, 0xDF, 0x08, 0xB2, 0x01, 0x3D, 0x06, 0x94, 0xBB, 0x97, 0x7A, 0x0C, 0x74, 0x36, 0xF9, 0x2C,
    0x88, 0x08, 0x21, 0x93, 0xF6, 0x70, 0xFA, 0xBA, 0x32, 0x04, 0xEA, 0xDD, 0xB7, 0x9A, 0x03, 0xA5,
    0x47, 0x0D, 0x71, 0x0A, 0x0D, 0x37, 0xC0, 0xA7, 0x43, 0xE9, 0xAC, 0xBF, 0x73, 0xD6, 0x66, 0xD2,
    0x0B, 0x7A, 0x42, 0x8F, 0x68, 0xBB, 0x6D, 0xFD, 0x31, 0xDB, 0x85, 0xA4, 0x74, 0xF2, 0xB9, 0xE0,
    0xD9, 0x92, 0x3C, 0x44, 0xDB, 0x5F, 0xD6, 0x3D, 0x55, 0x4B, 0xBD, 0xC5, 0xD9, 0xAE, 0x71, 0xFF,
    0xDF, 0x4C, 0x2E, 0x0E, 0x24, 0xCE, 0xC5, 0x85, 0x95, 0xBA, 0x2B, 0xC7, 0xFA, 0x3B, 0x6D, 0x25,
    0xE4, 0x0B, 0xFC, 0x00, 0x9C, 0x59, 0x85, 0x01, 0x16, 0x28, 0xFC, 0x7E, 0x43, 0x7B, 0x04, 0x88,
    0x9F, 0x02, 0x8A, 0xF4, 0x6B, 0x05, 0xD7, 0x0C, 0xD5, 0xA0, 0x6D, 0xD6, 0x6E, 0x55, 0x1B, 0xA1,
    0x59, 0x40, 0xC9, 0x40, 0x29, 0x0B, 0x88, 0xF4, 0xD4, 0x32, 0x92, 0xCB, 0x04, 0xCD, 0x0C, 0xE5,
    0xFC, 0x12, 0x8A, 0xF9, 0x1D, 0x28, 0xA6, 0x6E, 0x50, 0x4E, 0xA7, 0x0B, 0x45, 0x7D, 0x66, 0xD2,
    0x41, 0xBF, 0x74, 0x47, 0xFB, 0x06, 0x64, 0x72, 0x53, 0xC9, 0xDC, 0x88, 0xD7, 0xF6, 0x4B, 0xB5,
    0xA5, 0x99, 0x50, 0xAB, 0xAB, 0xCC, 0xD4, 0x81, 0x4C, 0x40, 0xEA, 0x4C, 0xB4, 0x2C, 0xB5, 0xCC,
    0xB9, 0xF4, 0x5C, 0x6E, 0xA1, 0x19, 0xA1, 0x9B, 0x60, 0xF1, 0x71, 0x02, 0xF2, 0x9B, 0x6F, 0xD8,
    0x5E, 0x58, 0xBA, 0x1A, 0xA4, 0x2F, 0x64, 0xAC, 0xFE, 0x71, 0x7A, 0xAC, 0xFF, 0x91, 0x33, 0xA7,
    0xFB, 0x40, 0x4A, 0xB0, 0xE1, 0x20, 0x7D, 0xF6, 0x27, 0x72, 0x11, 0x68, 0xC4, 0x92, 0x8B, 0x23,
    0xC6, 0xA3, 0x3A, 0xA4, 0x33, 0x77, 0x63, 0x3D, 0xDD, 0x49, 0x47, 0x9E, 0x87, 0xBA, 0x07, 0xDD,
    0xA6, 0x00, 0xD9, 0x0C, 0x78, 0x90, 0x09, 0xCC, 0x40, 0x26, 0xFD, 0x21, 0xB1, 0xEF, 0x49, 0x89,
    0x55, 0x29, 0xB1, 0xC7, 0x03, 0x08, 0x48, 0xF3, 0x7E, 0x31, 0x31, 0x25, 0x53, 0x76, 0xAB, 0xE5,
    0xCB, 0x61, 0x06, 0xD3, 0xA2, 0xEC, 0xBA, 0xE5, 0xAB, 0x67, 0xD8, 0x0A, 0x19, 0x0B, 0xCA, 0x72,
    0x74, 0xFB, 0x39, 0x16, 0xFC, 0xA2, 0x8A, 0xAB, 0x9E, 0xF6, 0xE5, 0x73, 0x2E, 0x97, 0x21, 0xE6,
    0xF1, 0x36, 0x9C, 0xB5, 0xB8, 0x72, 0x57, 0xA3, 0x72, 0xBC, 0x28, 0x14, 0x16, 0xAA, 0x16, 0x94,
    0x83, 0xCC, 0x03, 0x3E, 0xA9, 0xA8, 0x47, 0x78, 0xAB, 0xFB, 0xAE, 0xCD, 0xF9, 0xB4, 0x1D, 0x7F,
    0xC1, 0xCB, 0x53, 0x2C, 0xE4, 0xE2, 0x11, 0x1F, 0x03, 0x28, 0x78, 0x12, 0x9A, 0x81, 0xD2, 0x51,
    0x38, 0xBA, 0x91, 0x6B, 0x6D, 0xE6, 0x9B, 0x96, 0x5B, 0x37, 0xA0, 0xF1, 0x69, 0xC2, 0x62, 0x00,
    0xE0, 0x42, 0x84, 0xC1, 0xC7, 0x42, 0x3E, 0x13, 0x33, 0xFB, 0xBC, 0x22, 0x26, 0xFD, 0x2B, 0x2B,
    0xD3, 0x8A, 0x5B, 0x69, 0x45, 0x3C, 0x07, 0x8A, 0x99, 0x87, 0xE3, 0x57, 0x16, 0x36, 0x65, 0x44,
    0x9A, 0xF9, 0xD4, 0xF9, 0x2A, 0x11, 0x7F, 0xE0, 0x84, 0x7C, 0x4F, 0x28, 0xB6, 0x88, 0x4D, 0xDB,
    0xF1, 0xC5, 0xFE, 0x3C, 0x45, 0x26, 0x1F, 0x43, 0x2E, 0x81, 0xE2, 0xCF, 0x3C, 0x59, 0xFB, 0xEA,
    0x00, 0x04, 0x08, 0x2F, 0x04, 0x59, 0x31, 0x64, 0x4B, 0xD7, 0x16, 0x5E, 0x0F, 0xD5, 0x5C, 0x8B,
    0xB8, 0xF2, 0x70, 0x2B, 0xF0, 0x17, 0x14, 0x85, 0xD4, 0x54, 0xB2, 0xA0, 0x3E, 0x62, 0xE6, 0x12,
    0xED, 0x3E, 0x97, 0x1A, 0x4F, 0x42, 0x36, 0x9A, 0xD1, 0xF4, 0x66, 0xD4, 0x22, 0x63, 0x2D, 0xBF,
    0xEF, 0xCA, 0x50, 0x6D, 0xB7, 0x19, 0x0F, 0x00, 0x17, 0x96, 0xFB, 0x7D, 0xE7, 0xBA, 0xE7, 0xCE,
    0xFB, 0x98, 0xDB, 0xF4, 0x17, 0x96, 0x7B, 0x3A, 0xA1, 0xBD, 0xB5, 0x9F, 0xD0, 0xCE, 0xF1, 0x84,
    0xF6, 0xDC, 0xF9, 0x53, 0x8D, 0xF0, 0xF6, 0x5F, 0x0E, 0x57, 0xAE, 0x24, 0x94, 0xE3, 0x22, 0xEB,
    0x4F, 0xD3, 0xC3, 0x2F, 0x8E, 0xE0, 0x5C, 0x42, 0x5B, 0xCE, 0xBF, 0x0E, 0xCA, 0xA1, 0x9F, 0x9D,
    0xE8, 0x3E, 0x62, 0x44, 0x94, 0xCD, 0x7C, 0xD3, 0x17, 0x53, 0x77, 0x71, 0x1A, 0xBA, 0x8F, 0x19,
    0x09, 0xCD, 0x3A, 0x8F, 0x6E, 0x8B, 0xE9, 0x16, 0xA5, 0xF3, 0xE7, 0x5E, 0x87, 0xF3, 0xE6, 0x69,
    0xFA, 0x35, 0xCF, 0xA9, 0xF6, 0xE9, 0x27, 0x36, 0x32, 0x64, 0x12, 0x40, 0x59, 0xD0, 0xC0, 0x6F,
    0x02, 0x1E, 0x30, 0x3F, 0x01, 0x9D, 0x87, 0xFA, 0x9F, 0xCE, 0x57, 0x6B, 0xAA, 0x1E, 0xAE, 0x1E,
    0xFB, 0x33, 0x07, 0xC8, 0x1D, 0x00, 0x95, 0x07, 0xA0, 0x16, 0x00, 0x74, 0xD3, 0x03, 0x2C, 0x6A,
    0xE0, 0xD0, 0xF4, 0x50, 0x7A, 0xA4, 0x5F, 0x8B, 0xEB, 0x91, 0x56, 0x8F, 0x6A, 0x41, 0xDA, 0x66,
    0x54, 0x21, 0x13, 0x6A, 0x57, 0x4B, 0x26, 0x28, 0xD7, 0x48, 0x1E, 0x50, 0x4E, 0x77, 0xEF, 0xBF,
    0x50, 0x4D, 0xBA, 0xF9, 0x5A, 0x4F, 0x35, 0x77, 0xCD, 0xB3, 0x9E, 0x72, 0x36, 0xF5, 0xFA, 0x50,
    0xF8, 0xA0, 0xFE, 0x6C, 0xA6, 0xF0, 0x8B, 0xFA, 0xCF, 0x89, 0x7C, 0xF1, 0xD5, 0x6D, 0x47, 0x2E,
    0xBE, 0x14, 0x47, 0x26, 0x73, 0x21, 0x0E, 0x64, 0x2A, 0x64, 0x04, 0xD9, 0xBE, 0x76, 0x31, 0x2E,
    0x13, 0x0B, 0xDD, 0xC8, 0xF6, 0x30, 0x20, 0xE9, 0x04, 0xC5, 0xF4, 0x80, 0x06, 0x40, 0x7A, 0xA0,
    0xB8, 0x3D, 0x02, 0xEA, 0x0F, 0x27, 0xE0, 0x52, 0xFB, 0x89, 0xEC, 0xCD, 0xB4, 0x1D, 0x86, 0xAE,
    0x37, 0xAD, 0xA0, 0xAD, 0xF4, 0x01, 0xFD, 0xB4, 0x3C, 0xBD, 0xD0, 0x3C, 0x23, 0xCF, 0x78, 0xEA,
    0x3F, 0x7A, 0xF9, 0x1F, 0x7A, 0xD4, 0x3F, 0xFE, 0xE3, 0x3F, 0xCE, 0xA8, 0x7F, 0xFD, 0xA3, 0xE7,
    0x26, 0xAA, 0xDB, 0xCF, 0xAC, 0x19, 0x95, 0x62, 0xC5, 0x51, 0x48, 0x2F, 0xE3, 0x6A, 0x5B, 0x33,
    0x90, 0x0B, 0x9D, 0x25, 0x8B, 0x41, 0x20, 0xA0, 0xFB, 0xBD, 0x72, 0xA5, 0x07, 0x94, 0x00, 0xBA,
    0xEE, 0xE1, 0x13, 0x2F, 0xB5, 0x00, 0xAC, 0xCE, 0xEB, 0xA6, 0x47, 0xA4, 0xAF, 0x5D, 0x2C, 0xCD,
    0x54, 0x2C, 0xAB, 0xEF, 0xEA, 0x9D, 0x2F, 0xD5, 0x04, 0xA2, 0x1C, 0x98, 0x6B, 0x03, 0x68, 0xB1,
    0xD0, 0x48, 0xBB, 0x47, 0xA9, 0x96, 0x3B, 0xB7, 0x97, 0xE7, 0xD3, 0x99, 0xC3, 0xCF, 0x24, 0xC3,
    0x4C, 0x31, 0xFD, 0x26, 0xD9, 0xC7, 0xBE, 0xCE, 0x2E, 0x5C, 0x39, 0xDD, 0xAB, 0x51, 0xDB, 0x7A,
    0x88, 0x57, 0x14, 0xD6, 0x67, 0x7D, 0xE5, 0xBA, 0xD5, 0xC7, 0xC4, 0xF2, 0x93, 0x2D, 0x1E, 0x64,
    0xC5, 0x4C, 0xA0, 0x1D, 0x34, 0x23, 0xD4, 0x03, 0x9B, 0xC0, 0xAE, 0x27, 0x13, 0x90, 0x65, 0x65,
    0xDA, 0x0B, 0x7C, 0xBD, 0x18, 0x20, 0x54, 0x2E, 0x99, 0xF4, 0x72, 0x57, 0xAA, 0x07, 0x3D, 0x62,
    0x6C, 0xED, 0x90, 0x56, 0xCD, 0xB9, 0x50, 0xF8, 0x62, 0x21, 0x0F, 0xA5, 0x3F, 0x28, 0xFD, 0xD4,
    0x71, 0x57, 0x5A, 0x4B, 0xBF, 0x2B, 0x2D, 0xC3, 0x41, 0x69, 0x7E, 0x4A, 0x73, 0xCF, 0x8F, 0x67,
    0x3D, 0x14, 0x0E, 0x00, 0x2D, 0x22, 0x3B, 0x01, 0x94, 0x87, 0x66, 0x4A, 0x25, 0x91, 0xB8, 0x62,
    0x2D, 0x85, 0xA4, 0xFD, 0xBB, 0x9E, 0x93, 0xD2, 0x74, 0x26, 0x9A, 0xDE, 0x5E, 0x40, 0xED, 0x6F,
    0x77, 0x72, 0xD4, 0xD2, 0x7D, 0xA9, 0x71, 0xFF, 0x0F, 0xB4, 0x4D, 0xD3, 0x02, 0x22, 0xB2, 0xB3,
    0xA4, 0xF2, 0x47, 0x75, 0xCD, 0xB0, 0x55, 0x8C, 0x90, 0xF2, 0x4C, 0x43, 0x53, 0x21, 0x8D, 0x88,
    0x95, 0x1D, 0x4A, 0x9B, 0x3A, 0x22, 0xA5, 0x3D, 0x26, 0xF7, 0xDA, 0xEF, 0x09, 0xA6, 0xDC, 0x0B,
    0x69, 0x29, 0xEF, 0x92, 0xD4, 0x3D, 0x42, 0xD2, 0xDD, 0xB9, 0xBF, 0x2F, 0x60, 0x76, 0xE2, 0x73,
    0xEE, 0xCF, 0x3D, 0xA4, 0xC2, 0x57, 0xEE, 0xE8, 0x37, 0xC9, 0x72, 0x57, 0xEE, 0xEE, 0xC1, 0xDC,
    0x33, 0x5F, 0x5B, 0x6E, 0x69, 0xD0, 0x7B, 0xC1, 0xCA, 0x8B, 0xAB, 0x7D, 0xF3, 0x35, 0x33, 0xD5,
    0x5F, 0x8D, 0x14, 0x92, 0xF2, 0xE2, 0xB5, 0xCF, 0x5F, 0xFB, 0xFF, 0x07, 0xBD, 0x96, 0x3F, 0xCC,
    0xDD, 0x48, 0x15, 0xC5, 0x7F, 0x7E, 0x03, 0xB1, 0xB4, 0x16, 0x4C, 0x43, 0x81, 0x88, 0xC0, 0x2D,
    0xCD, 0xE2, 0x5E, 0x82, 0x1D, 0xC3, 0xF6, 0xA2, 0xA3, 0x24, 0x0D, 0x05, 0x54, 0xE9, 0x25, 0x58,
    0x8F, 0xA0, 0xA0, 0xA0, 0xD8, 0xF4, 0x55, 0xFA, 0x26, 0xBD, 0x14, 0xF0, 0x48, 0xF4, 0x5A, 0xA3,
    0x94, 0x14, 0x58, 0x40, 0x47, 0x91, 0x11, 0x79, 0xB0, 0x5E, 0x65, 0x9E, 0x0F, 0xBE, 0xA3, 0xF7,
    0xF2, 0x6D, 0x10, 0xB0, 0x82, 0x25, 0xB9, 0x9A, 0xF3, 0x93, 0x33, 0x6F, 0xFE, 0x64, 0x3C, 0xF7,
    0x7C, 0xD7, 0xDC, 0xDF, 0xC7, 0x2E, 0x23, 0x9D, 0xBB, 0xDC, 0x4A, 0xBB, 0xCF, 0x7E, 0x3B, 0xE9,
    0xFB, 0xEB, 0xB0, 0x30, 0x3D, 0x4F, 0x21, 0x11, 0x34, 0x4E, 0x23, 0xFD, 0x85, 0x19, 0x7C, 0x46,
    0xDC, 0x71, 0x87, 0xEE, 0xF5, 0x1E, 0x1B, 0xB3, 0x62, 0xE3, 0x17, 0x42, 0x24, 0x24, 0x6C, 0x9D,
    0x88, 0xAD, 0x09, 0xAD, 0x74, 0x81, 0x46, 0xCA, 0x60, 0xFB, 0x02, 0xF3, 0x76, 0x2A, 0xAD, 0xF4,
    0xBD, 0xD2, 0x4B, 0xCF, 0x4A, 0x58, 0xFA, 0x17, 0xDB, 0x3C, 0xB6, 0xCA, 0xC2, 0x69, 0x31, 0x8C,
    0x3B, 0xA7, 0x82, 0x70, 0x57, 0x1C, 0xBF, 0x6E, 0x1C, 0xE3, 0x32, 0xBD, 0xB4, 0xD8, 0x92, 0xA3,
    0xAD, 0x02, 0x3B, 0xEC, 0x7E, 0xFD, 0x67, 0xF6, 0x8B, 0x31, 0xA4, 0x83, 0x9A, 0x47, 0xE3, 0x05,
    0xE3, 0x5A, 0x89, 0xF1, 0x3F, 0x34, 0x55, 0xCE, 0x34, 0x17, 0x98, 0x46, 0x57, 0x20, 0x2C, 0xDD,
    0x86, 0x6D, 0x9D, 0xEB, 0x71, 0x12, 0xF0, 0xF0, 0x13, 0x60, 0xC7, 0xFF, 0x69, 0x7B, 0x1D, 0xE7,
    0x03, 0x7F, 0xC9, 0x07, 0xB4, 0x18, 0xC6, 0x03, 0x1B, 0x07, 0x56, 0x54, 0xC1, 0xB0, 0x32, 0xC7,
    0x79, 0x25, 0x48, 0x2B, 0xBD, 0x3E, 0xCA, 0xB4, 0xBB, 0xCF, 0x30, 0xB5, 0x07, 0xFA, 0x0F, 0x13,
    0x74, 0x1A, 0xC1, 0xED, 0x00, 0x85, 0x6B, 0x9C, 0x2E, 0x5C, 0xFB, 0x5A, 0x71, 0x1D, 0xE2, 0x15,
    0xA1, 0x57, 0x82, 0xE1, 0x0F, 0x0B, 0x84, 0x8F, 0x56, 0x98, 0x3E, 0xCC, 0x30, 0xB7, 0x67, 0x90,
    0xDB, 0x68, 0x76, 0x57, 0x8E, 0xA9, 0xC7, 0x64, 0x57, 0x9A, 0x9D, 0x56, 0x12, 0xDD, 0x81, 0xD1,
    0x1F, 0x48, 0xFD, 0x4A, 0x48, 0xC3, 0xC2, 0xB0, 0x84, 0x44, 0x9F, 0xA7, 0x84, 0xCF, 0x7E, 0x29,
    0xB8, 0xBF, 0xDA, 0x74, 0x5B, 0x2C, 0xC2, 0xD7, 0xA8, 0xD1, 0xCC, 0x0B, 0xBD, 0x0A, 0x93, 0xC4,
    0xBB, 0xCC, 0x23, 0x84, 0xC8, 0x0F, 0xE6, 0xD8, 0x49, 0x31, 0x1C, 0x9A, 0x63, 0x88, 0xC2, 0x34,
    0x1D, 0x52, 0x9C, 0xA4, 0x38, 0xE8, 0x79, 0x6A, 0x2F, 0x7D, 0xFA, 0x8D, 0x5F, 0x86, 0x87, 0xA3,
    0xDF, 0x71, 0x85, 0x26, 0x03, 0xB8, 0xED, 0x73, 0xB5, 0xE1, 0xFD, 0xB3, 0xFF, 0xFD, 0xEA, 0x14,
    0x11, 0x7C, 0x05, 0x8B, 0xFD, 0xBF, 0x69, 0x3F, 0x3E, 0x3D, 0x82, 0xC9, 0x2F, 0x30, 0x3C, 0x89,
    0xE0, 0x05, 0xB8, 0x02, 0xF0, 0xD8, 0xC0, 0x2D, 0x4F, 0xA5, 0x33, 0x35, 0x7B, 0x6B, 0x22, 0xD7,
    0x9C, 0x36, 0x6B, 0xA4, 0x9A, 0xE9, 0x35, 0xE9, 0x75, 0x20, 0x57, 0x54, 0x57, 0xDC, 0xFD, 0xB3,
    0xFE, 0x5A, 0xC7, 0x55, 0x43, 0xD4, 0xB9, 0x75, 0x95, 0xBA, 0x5E, 0x63, 0x2B, 0xD7, 0x3D, 0x5C,
    0x0E, 0x34, 0xA5, 0xC0, 0x74, 0x86, 0x61, 0x85, 0x77, 0x22, 0x35, 0xE6, 0xAD, 0x66, 0xB9, 0xA5,
    0xBB, 0xE5, 0xBD, 0x19, 0xC0, 0x9C, 0x60, 0x32, 0x6F, 0xDC, 0x9E, 0xAD, 0xDF, 0x7E, 0xB7, 0x71,
    0x36, 0xDE, 0xE6, 0x9D, 0x1E, 0xBD, 0x33, 0x9E, 0xB6, 0x30, 0xB2, 0x5F, 0x20, 0x6C, 0xD5, 0xA2,
    0xDC, 0x8B, 0xAF, 0xDE, 0xD3, 0xFF, 0x22, 0x1D, 0x32, 0x47, 0x98, 0x1F, 0xCC, 0x0D, 0xE6, 0x05,
    0x73, 0x82, 0xF9, 0xA0, 0x5B, 0x3F, 0xE0, 0xF4, 0x49, 0x81, 0x39, 0x43, 0x48, 0xF0, 0x45, 0x6A,
    0x58, 0xD6, 0x7F, 0x96, 0x54, 0x35, 0xAC, 0x66, 0x09, 0x73, 0x84, 0x19, 0xA2, 0xDD, 0xBB, 0xEC,
    0x24, 0x4C, 0xB7, 0x68, 0x72, 0x8F, 0xDB, 0x42, 0x34, 0xD9, 0xF3, 0x9B, 0x3A, 0x8B, 0x57, 0xA9,
    0xB2, 0x68, 0xD3, 0x77, 0xF0, 0xEB, 0x5C, 0x65, 0xCF, 0xF0, 0x79, 0xCF, 0xE5, 0x33, 0x6C, 0xE0,
    0x32, 0xB4, 0xCB, 0x5B, 0x3F, 0x1B, 0x6E, 0x85, 0x6E, 0x01, 0x1F, 0xDF, 0xD0, 0xF9, 0xBA, 0xDC,
    0x9C, 0x07, 0xF8, 0xD9, 0x53, 0x18, 0xCE, 0xB6, 0xD7, 0x5B, 0x3D, 0x9F, 0x5B, 0x9F, 0xD2, 0xFC,
    0xED, 0x0C, 0xF3, 0x0A, 0x43, 0x7C, 0x23, 0xE7, 0xE3, 0x3D, 0x60, 0x18, 0xC1, 0xA7, 0xB7, 0x7F,
    0x7F, 0x4F, 0x81, 0x0F, 0x80, 0x81, 0x37, 0x76, 0x7F, 0xFC, 0xA4, 0x79, 0x0C, 0x53, 0xB7, 0x5A,
    0x51, 0xA9, 0xB5, 0xE8, 0x56, 0x7C, 0xF8, 0x11, 0xD7, 0xE8, 0xF4, 0x08, 0x66, 0x15, 0x9C, 0x24,
    0xFC, 0xC6, 0xCC, 0xB0, 0xF0, 0x75, 0x42, 0x04, 0xA6, 0x11, 0x98, 0x01, 0x64, 0xD8, 0x2B, 0x90,
    0xA2, 0x2A, 0x98, 0x15, 0x67, 0x08, 0x71, 0x1E, 0x0F, 0x84, 0x68, 0x58, 0x0E, 0xF8, 0x33, 0x73,
    0x6C, 0x25, 0xC5, 0xC6, 0xC0, 0xFD, 0xFD, 0x41, 0xEC, 0xD6, 0x0B, 0xEE, 0xEF, 0x1B, 0x28, 0x43,
    0x48, 0x77, 0xB5, 0x48, 0xBF, 0xCC, 0x5E, 0x2F, 0x73, 0x90, 0xF2, 0x94, 0x42, 0x9E, 0x47, 0x9F,
    0x85, 0xA9, 0xCB, 0xFB, 0x21, 0x55, 0xF9, 0xDA, 0x1F, 0x96, 0x90, 0x07, 0x29, 0xFB, 0x43, 0x8D,
    0x7E, 0x95, 0xC1, 0x5F, 0xD5, 0xAF, 0x5F, 0x62, 0x4A, 0x43, 0xAD, 0x5F, 0x3B, 0xF7, 0xB4, 0x5E,
    0x2F, 0xB6, 0xDE, 0x30, 0x4F, 0xB9, 0xC6, 0x69, 0x03, 0xBA, 0x1F, 0x02, 0xDE, 0xDF, 0xE0, 0x0A,
    0x16, 0xF5, 0xE9, 0x86, 0xF6, 0x02, 0x78, 0xDD, 0x30, 0x28, 0x42, 0x78, 0x9E, 0x0E, 0x3C, 0x38,
    0x30, 0xFB, 0x15, 0xE4, 0x33, 0xD8, 0x3B, 0x3E, 0x5D, 0xDA, 0x0D, 0x57, 0x5C, 0xA1, 0x2D, 0xEE,
    0x42, 0x27, 0xED, 0x78, 0x49, 0xF4, 0x07, 0xC6, 0x4F, 0xD5, 0x99, 0x03, 0xCB, 0x1C, 0x19, 0x56,
    0xDA, 0x15, 0x6A, 0xC1, 0x1A, 0xA9, 0x31, 0x44, 0xF8, 0xE3, 0x0A, 0x29, 0xC3, 0xEF, 0xAE, 0xA5,
    0x9A, 0x7F, 0x5F, 0xAA, 0x9B, 0x27, 0x8A, 0xFD, 0x67, 0x96, 0x6A, 0x9F, 0x00, 0x9F, 0x31, 0xA6,
    0xDB, 0x2E, 0x10, 0x0C, 0xFC, 0x9A, 0x57, 0x31, 0x48, 0x05, 0x42, 0xE5, 0x5C, 0xA9, 0x0D, 0x68,
    0x2A, 0x5D, 0x65, 0xFB, 0xB1, 0xB1, 0x7B, 0x61, 0xF4, 0x95, 0xC3, 0x33, 0x29, 0x13, 0x7E, 0x6B,
    0x9C, 0x7E, 0x61, 0xD4, 0xFB, 0x9B, 0x4D, 0x72, 0x07, 0xDD, 0x5E, 0x29, 0x1D, 0xEC, 0x2A, 0x7D,
    0xE5, 0x90, 0x9D, 0x54, 0xC2, 0x6A, 0x9C, 0x92, 0x11, 0xB8, 0xBC, 0xBA, 0x17, 0x5C, 0x36, 0x76,
    0x8B, 0xF1, 0xCE, 0x91, 0x27, 0x3D, 0x7A, 0xF8, 0x67, 0x06, 0xBD, 0xD4, 0xCE, 0xA4, 0x23, 0xE2,
    0xBB, 0x68, 0x1D, 0x12, 0x4C, 0xC9, 0xD7, 0x97, 0xE5, 0xF3, 0x3D, 0xEB, 0xCF, 0xA1, 0x72, 0xAE,
    0x54, 0xCD, 0xDD, 0x83, 0xA9, 0x41, 0x8D, 0xD6, 0x2E, 0xD5, 0xB9, 0xCB, 0xA0, 0x8F, 0xA5, 0xF1,
    0xDE, 0x3E, 0x3E, 0x3C, 0x03, 0x36, 0x1F, 0x5B, 0x8A, 0xE9, 0x96, 0xDF, 0x4D, 0xE1, 0x1A, 0xF7,
    0xB5, 0x83, 0x54, 0x68, 0xEB, 0x95, 0x9E, 0xBD, 0xDD, 0x66, 0xAF, 0x14, 0x62, 0xD0, 0x32, 0x8D,
    0xD3, 0x83, 0x75, 0x46, 0x3E, 0xAB, 0xB9, 0x1C, 0x70, 0xC5, 0xE7, 0xBD, 0xCD, 0x5D, 0x96, 0x5F,
    0x7D, 0x56, 0x9F, 0x0E, 0x84, 0xE8, 0xD7, 0x79, 0xA6, 0x5F, 0xA6, 0x9D, 0x90, 0x42, 0x61, 0x8A,
    0x43, 0x39, 0x09, 0x2F, 0x5D, 0x0C, 0x99, 0xFE, 0xC9, 0x3E, 0x12, 0xA8, 0xA1, 0xBA, 0x37, 0x6E,
    0x83, 0x36, 0xD7, 0xFC, 0xA8, 0x75, 0x7E, 0x56, 0xBC, 0xFB, 0x74, 0x50, 0x9E, 0xBF, 0xFB, 0xF2,
    0x2C, 0xF7, 0xA2, 0xA8, 0x7D, 0x56, 0x76, 0xFF, 0xF3, 0xA2, 0xDE, 0x15, 0xBD, 0xE7, 0xCA, 0x54,
    0xDA, 0x2D, 0x6C, 0x77, 0x9F, 0x0E, 0x9D, 0x36, 0xFC, 0x08, 0xF5, 0x4F, 0xA9, 0x94, 0x6C, 0xBB,
    0x61, 0xE9, 0x96, 0x90, 0x9A, 0x31, 0x24, 0x08, 0x2B, 0x0C, 0x17, 0xF0, 0xF5, 0x03, 0xFC, 0x02,
    0x52, 0xA4, 0xD7, 0xCA, 0x49, 0x67, 0x18, 0x36, 0x68, 0xB7, 0x2F, 0xE0, 0xB6, 0x6F, 0xE1, 0xCE,
    0xD3, 0xE2, 0x73, 0x90, 0x56, 0x6F, 0x86, 0x9E, 0x37, 0x5E, 0x45, 0x9B, 0xEE, 0x1C, 0xD8, 0x1E,
    0x3A, 0xAD, 0xE0, 0x12, 0x9C, 0x46, 0x1A, 0x45, 0xAF, 0x6D, 0x50, 0x09, 0xE9, 0x71, 0x48, 0x0C,
    0x67, 0xBC, 0xA2, 0xE5, 0x54, 0xBF, 0xD3, 0x08, 0xF4, 0x8D, 0x46, 0x41, 0x97, 0x5E, 0xDB, 0x49,
    0x91, 0x1A, 0xFC, 0x14, 0x54, 0xDB, 0x04, 0x5F, 0x86, 0x6F, 0xC3, 0x57, 0xD1, 0xA7, 0x82, 0x2E,
    0xF3, 0x7F, 0xD1, 0x2D, 0xDC, 0x72, 0xD7, 0xE7, 0x0E, 0x35, 0xD7, 0xFF, 0x7F, 0x33, 0xC2, 0x37,
    0x5F, 0xFB, 0x48, 0x95, 0x8A, 0x6A, 0xFB, 0xD7, 0x5F, 0xB1, 0x05, 0x77, 0xE1, 0xA4, 0xC2, 0xD1,
    0x86, 0x8D, 0x1A, 0xF4, 0x50, 0x8D, 0x4F, 0x9F, 0x70, 0x11, 0x0F, 0xF7, 0xF8, 0x07, 0x64, 0xCD,
    0x21, 0x4C, 0xC6, 0x30, 0x10, 0x05, 0xE0, 0x37, 0x26, 0x2A, 0x2A, 0xEA, 0xD5, 0x0C, 0x92, 0x50,
    0x9F, 0x10, 0xAE, 0x1E, 0xAF, 0xC1, 0x6B, 0xE4, 0xF2, 0x77, 0x5E, 0xCD, 0x7B, 0x9F, 0x20, 0x70,
    0x84, 0x35, 0xC1, 0x27, 0xF5, 0xAA, 0xC1, 0x8B, 0x13, 0x27, 0x2A, 0xB6, 0x1E, 0xAD, 0xE6, 0xEE,
    0x89, 0xA7, 0xDE, 0x17, 0xE1, 0x37, 0x97, 0x4C, 0x99, 0xD9, 0x88, 0x2B, 0x4B, 0xF2, 0x81, 0x30,
    0x09, 0xCC, 0x05, 0xA7, 0xA0, 0xD7, 0xF4, 0x6D, 0xCB, 0x92, 0x39, 0x2A, 0xAB, 0x66, 0x89, 0x41,
    0x47, 0x19, 0x79, 0xBB, 0xDB, 0xAB, 0x29, 0x87, 0x66, 0xD2, 0x64, 0x2F, 0xAC, 0xAD, 0xAD, 0xEB,
    0x9C, 0x9B, 0xE5, 0x9E, 0x5E, 0x00, 0x5B, 0xA9, 0x3D, 0x10, 0x6E, 0x38, 0x67, 0x9E, 0x76, 0xBF,
    0x7D, 0x16, 0xEE, 0xF7, 0x51, 0x68, 0x03, 0x0C, 0x5F, 0xEE, 0xB7, 0x2E, 0x3F, 0x4C, 0x2F, 0xF9,
    0xE6, 0x86, 0xD1, 0x25, 0xA7, 0x5D, 0x1D, 0xF6, 0x5C, 0xC7, 0x1B, 0x71, 0x4C, 0xE9, 0x08, 0xEF,
    0xC0, 0xBF, 0xF5, 0x55, 0x35, 0x3E, 0x3E, 0xDD, 0xDB, 0xE4, 0x82, 0x0F, 0x8B, 0x4C, 0x27, 0x6A,
    0x94, 0x98, 0x6D, 0x7A, 0xC6, 0x17, 0x4E, 0xA8, 0x1C, 0xE2, 0xF3, 0xDF, 0x52, 0x98, 0x26, 0xFC,
    0x41, 0x72, 0x21, 0xDC, 0xE5, 0x00, 0xB5, 0x98, 0x01, 0xA4, 0x65, 0x47, 0x9A, 0xC7, 0xFF, 0xF7,
    0x5C, 0xFB, 0xEE, 0x52, 0xA4, 0x06, 0x3B, 0x2C, 0x6D, 0xF6, 0xC0, 0x82, 0x25, 0x53, 0x6B, 0x2D,
    0x96, 0xBD, 0xDD, 0x75, 0xB6, 0x83, 0x20, 0xC8, 0xC0, 0x00, 0xEC, 0x0C, 0x80, 0x1D, 0xBB, 0x0D,
    0x6B, 0xC5, 0xCE, 0xEB, 0xD4, 0x99, 0x1E, 0x76, 0x30, 0xE8, 0x67, 0x07, 0x0B, 0x18, 0x18, 0xEC,
    0xEC, 0x62, 0x20, 0x4B, 0x12, 0x2F, 0xAF, 0x4E, 0xBA, 0x31, 0x08, 0x52, 0xC9, 0xB0, 0xC1, 0x20,
    0x95, 0xEE, 0x5E, 0x8D, 0xC1, 0xAB, 0x49, 0x9F, 0x49, 0xAA, 0xBB, 0xEB, 0xD4, 0x7F, 0xBF, 0xBA,
    0xB7, 0x5F, 0x77, 0x67, 0x3A, 0xC9, 0x64, 0x92, 0xCC, 0x77, 0xDF, 0xEF, 0x77, 0xEB, 0xD4, 0xA9,
    0xFB, 0x55, 0xD5, 0xA9, 0x73, 0x6F, 0x9D, 0x6E, 0xB8, 0x8C, 0x0D, 0x39, 0xF4, 0x64, 0xB0, 0xC1,
    0xA4, 0x13, 0xA8, 0x99, 0x47, 0xEB, 0xEC, 0xCB, 0x3A, 0xAB, 0x79, 0x9D, 0xCD, 0xB4, 0xCE, 0x76,
    0xFC, 0x74, 0x0E, 0x38, 0x78, 0xC3, 0xE4, 0x1D, 0xB3, 0xE7, 0xED, 0xE2, 0xEF, 0xBE, 0x5A, 0x7C,
    0xBA, 0x50, 0xBC, 0xBB, 0x9F, 0x7D, 0x7F, 0x3B, 0x79, 0xE8, 0xE8, 0xD1, 0x4F, 0x1E, 0xE6, 0x71,
    0x02, 0xD1, 0xB3, 0x42, 0xB1, 0x60, 0xE5, 0x03, 0x5A, 0x6C, 0xDE, 0x49, 0x66, 0x32, 0x2C, 0x66,
    0xB2, 0x97, 0x29, 0x8D, 0x46, 0x6F, 0x26, 0x26, 0xD1, 0xFC, 0x82, 0x1C, 0xA6, 0xF3, 0x8B, 0x99,
    0x5E, 0xFA, 0x6E, 0x3B, 0x7B, 0x7F, 0x36, 0x93, 0xBA, 0x2A, 0x8D, 0x25, 0xF5, 0x47, 0x95, 0xEC,
    0x04, 0x45, 0x8E, 0x58, 0x93, 0x00, 0xDC, 0x0C, 0xFC, 0xEC, 0x6E, 0xAB, 0x09, 0x86, 0xCC, 0x2E,
    0xA8, 0xE2, 0xB1, 0x5A, 0xEA, 0x26, 0xD4, 0x6A, 0x73, 0xE5, 0xE1, 0xB6, 0xFA, 0xB2, 0xAD, 0x8E,
    0xB9, 0xDA, 0xDB, 0xB1, 0xDA, 0x80, 0x6A, 0xA6, 0x27, 0x81, 0x44, 0x37, 0xEB, 0x49, 0x57, 0x97,
    0x2C, 0x59, 0xDC, 0x73, 0xEF, 0x2D, 0x04, 0x6A, 0x6D, 0xA8, 0xB8, 0xCB, 0xE5, 0x8F, 0x25, 0x8F,
    0xE4, 0xB2, 0x2D, 0xD7, 0x8D, 0xF8, 0x89, 0x79, 0x64, 0x96, 0x51, 0xC7, 0x9E, 0x45, 0x47, 0x7B,
    0xB9, 0xEA, 0x28, 0xB3, 0xD4, 0x91, 0x49, 0x24, 0xB3, 0xD4, 0x31, 0x6D, 0x17, 0x1D, 0x5F, 0xFA,
    0xD7, 0x76, 0xF6, 0xC3, 0x59, 0x47, 0x99, 0xA5, 0x8E, 0xD0, 0x51, 0xC4, 0xFA, 0x7C, 0xEC, 0xEE,
    0xF3, 0x34, 0xAE, 0x03, 0x19, 0xD7, 0xEF, 0x65, 0x1F, 0x57, 0x4C, 0x26, 0xC2, 0x8D, 0x72, 0x76,
    0x33, 0xC3, 0x2C, 0xD8, 0x9A, 0xF6, 0x67, 0x08, 0xC5, 0x3F, 0x86, 0xBF, 0x00, 0xEF, 0x64, 0x69,
    0x82, 0x57, 0xB3, 0xEF, 0x8A, 0x07, 0x09, 0x4B, 0x68, 0x62, 0x4D, 0x80, 0xB8, 0x74, 0x17, 0x1B,
    0x32, 0xF4, 0xE4, 0x6C, 0xA3, 0x2A, 0xB2, 0x94, 0x05, 0xE8, 0xCA, 0xAA, 0x74, 0x45, 0xB1, 0x2B,
    0x5A, 0x5F, 0x14, 0xAE, 0x48, 0xF9, 0x5A, 0xE9, 0x04, 0xE8, 0xC6, 0xCD, 0xB2, 0x5B, 0xB2, 0x35,
    0x67, 0xC0, 0x1F, 0xB5, 0x1C, 0x6B, 0x72, 0xD2, 0x64, 0x92, 0x1C, 0xF9, 0x2C, 0xC7, 0x26, 0x74,
    0xA5, 0xCF, 0x5D, 0xD9, 0x1E, 0x0A, 0xDB, 0xF6, 0xBE, 0x2E, 0x3A, 0x9B, 0x79, 0x7D, 0x97, 0x65,
    0xCD, 0xD2, 0xEF, 0xA8, 0xB6, 0xAE, 0x8B, 0x9A, 0x01, 0xF4, 0xE1, 0x80, 0x63, 0x3F, 0x19, 0x49,
    0x32, 0x39, 0x66, 0x07, 0xDE, 0x5E, 0x16, 0xDC, 0x7D, 0x75, 0xA9, 0x90, 0x1B, 0xC9, 0x0D, 0xEE,
    0xBE, 0x64, 0x96, 0x5B, 0xC9, 0x8E, 0xD0, 0x51, 0xD4, 0x4F, 0x22, 0xF3, 0x5B, 0x0A, 0x4E, 0x4E,
    0x90, 0x80, 0x62, 0x05, 0x56, 0x3E, 0x42, 0x42, 0x47, 0xB9, 0xA9, 0x74, 0x30, 0x5C, 0xA4, 0xD1,
    0x79, 0x3A, 0xF8, 0xD1, 0x9F, 0x80, 0xC9, 0xBB, 0xF1, 0x0B, 0xDD, 0x54, 0xFE, 0x96, 0x9C, 0x53,
    0xA4, 0xD8, 0xB4, 0xF9, 0x47, 0x37, 0xDA, 0xA8, 0xE3, 0x6B, 0xD2, 0x58, 0x47, 0x86, 0xE6, 0x9F,
    0x15, 0x25, 0xD6, 0x73, 0xB3, 0x99, 0x9A, 0xED, 0xF8, 0x98, 0x93, 0xE5, 0xF3, 0xF1, 0x72, 0x7E,
    0x85, 0x94, 0x35, 0x97, 0x83, 0x38, 0x1F, 0xCE, 0xC7, 0x3E, 0xBA, 0xEC, 0x67, 0x13, 0xFB, 0xD0,
    0x07, 0x1D, 0x57, 0xD2, 0x8B, 0x4A, 0x8A, 0x55, 0x6C, 0x49, 0xF9, 0x9C, 0x1B, 0x9D, 0x64, 0x3A,
    0x41, 0x1F, 0x54, 0xE2, 0x91, 0x8C, 0x20, 0xF9, 0xD2, 0xAC, 0xE6, 0x66, 0x33, 0x35, 0xDB, 0xF1,
    0x31, 0xE7, 0x9D, 0x6B, 0xF3, 0x05, 0x2D, 0xA3, 0x12, 0x2B, 0x32, 0xF6, 0x75, 0x4D, 0x8E, 0x9B,
    0xB9, 0xAD, 0xDF, 0x59, 0xAC, 0x64, 0xA4, 0x80, 0x5A, 0xB4, 0x58, 0xF7, 0x3A, 0x8A, 0x9F, 0xEA,
    0x43, 0xAB, 0x71, 0x13, 0x1E, 0x4C, 0x1D, 0xEE, 0x96, 0x54, 0xD4, 0x01, 0x9E, 0xA9, 0x23, 0xCB,
    0x66, 0xDE, 0x54, 0x35, 0x81, 0xFA, 0x2E, 0xA8, 0x38, 0x79, 0x70, 0xF0, 0xAB, 0x05, 0xBE, 0x2B,
    0x7B, 0x8C, 0xE0, 0x85, 0xF4, 0x00, 0x3F, 0x4B, 0x5D, 0x80, 0x07, 0xCE, 0x98, 0xFD, 0x01, 0x93,
    0xEF, 0x99, 0xFD, 0xF9, 0x35, 0x79, 0x5E, 0xBF, 0x41, 0xC3, 0x2B, 0x3C, 0xC8, 0xF0, 0xE8, 0x2B,
    0x56, 0x64, 0x54, 0x64, 0xD6, 0xF3, 0xA6, 0x98, 0xA9, 0x5B, 0xEC, 0x8C, 0x6A, 0x88, 0xDA, 0x5E,
    0xEB, 0x22, 0xE4, 0x3D, 0x46, 0xCA, 0x5E, 0x48, 0x0F, 0xF0, 0xAD, 0x5D, 0x40, 0x05, 0x84, 0x95,
    0xA0, 0x51, 0xCF, 0x2D, 0xAD, 0xCD, 0xDF, 0xD4, 0xD9, 0x9E, 0xD4, 0xD9, 0xFD, 0xAA, 0xFA, 0x0F,
    0xAE, 0x4B, 0x9B, 0x61, 0xFF, 0xE5, 0x6E, 0x7D, 0x90, 0xB3, 0x21, 0x83, 0xBD, 0x3B, 0xC0, 0x72,
    0xC1, 0x1F, 0x79, 0x4E, 0x07, 0xD1, 0xA5, 0x3E, 0xEB, 0xF4, 0xF4, 0xA1, 0x4A, 0xDB, 0xAD, 0xDA,
    0xBD, 0xF7, 0x45, 0xA5, 0x8D, 0x80, 0x76, 0xA5, 0xC8, 0x04, 0xC7, 0x09, 0xAA, 0xE2, 0x61, 0x9C,
    0xEF, 0x27, 0x6C, 0xFF, 0x2A, 0x99, 0xFC, 0xB7, 0x89, 0xB9, 0x4F, 0x73, 0xFD, 0x6E, 0xF2, 0xBF,
    0x64, 0xFA, 0xFA, 0xC5, 0x67, 0x53, 0x77, 0x2D, 0xA8, 0xB9, 0x67, 0x36, 0x8B, 0xE5, 0xE2, 0xE8,
    0xFF, 0xBC, 0x1E, 0x7B, 0x86, 0x5A, 0x3C, 0x7F, 0x53, 0x67, 0x3F, 0x5F, 0xA8, 0xC9, 0xBF, 0xE4,
    0xEE, 0x47, 0x6F, 0xF9, 0x61, 0xF0, 0xEA, 0xC7, 0xF7, 0x27, 0x0F, 0x7D, 0x3A, 0x34, 0x41, 0x54,
    0x9B, 0x96, 0xA6, 0xD2, 0x94, 0x9B, 0x92, 0x68, 0x17, 0xDD, 0xDC, 0x4F, 0xEB, 0xDC, 0xCB, 0xD4,
    0xD7, 0xD9, 0x9E, 0xDE, 0x2F, 0xEB, 0xEC, 0x37, 0x6F, 0x2D, 0xEB, 0x4C, 0xB4, 0x4B, 0x54, 0x55,
    0x6C, 0x7E, 0xFA, 0x9F, 0xC5, 0xDC, 0x6E, 0xC5, 0xFE, 0xFC, 0xCB, 0x62, 0xF7, 0xFC, 0x2C, 0xB6,
    0x3F, 0x7F, 0x8F, 0xCF, 0x64, 0xFB, 0xEE, 0x55, 0xDE, 0xC9, 0xA6, 0x7E, 0xDD, 0x30, 0x9B, 0xBC,
    0xD5, 0xE2, 0x74, 0xBE, 0xEF, 0xB3, 0x09, 0x7D, 0x55, 0xD9, 0x4C, 0x1B, 0xC9, 0xDC, 0x6E, 0xFC,
    0x75, 0xDE, 0x90, 0x62, 0x43, 0xEE, 0x76, 0x07, 0x1B, 0xD6, 0xF9, 0x04, 0x3A, 0x49, 0xE6, 0xA3,
    0x66, 0x5F, 0x94, 0x58, 0xE5, 0x66, 0x13, 0x9A, 0xED, 0x24, 0x9E, 0xDB, 0x8D, 0xDF, 0x27, 0x7B,
    0x4B, 0x25, 0x1F, 0xED, 0xA2, 0x3E, 0x64, 0x6E, 0x37, 0x63, 0xD9, 0x36, 0x1F, 0x6E, 0xA5, 0x8F,
    0x62, 0xF2, 0x66, 0x56, 0x49, 0x45, 0xF8, 0x0C, 0x45, 0x8E, 0x86, 0x8C, 0x2E, 0xF4, 0x33, 0xD1,
    0x66, 0x70, 0xA3, 0xD4, 0xA7, 0xFF, 0xA5, 0x70, 0x2B, 0x5B, 0xCB, 0x85, 0x57, 0x8B, 0xBB, 0xFA,
    0x41, 0xB1, 0x3F, 0xBF, 0x51, 0xEC, 0xBB, 0x57, 0x8A, 0xA9, 0x9D, 0x7C, 0x56, 0x48, 0x42, 0x10,
    0xA6, 0xAE, 0xE0, 0xE8, 0x60, 0x90, 0x51, 0x47, 0x43, 0x66, 0xF7, 0xE3, 0x0F, 0x8B, 0xEF, 0xC6,
    0xE5, 0xEC, 0xF7, 0x9A, 0x4F, 0xBF, 0x50, 0xBD, 0x5C, 0x05, 0xF7, 0x4F, 0x2F, 0x57, 0xFB, 0xC3,
    0x54, 0xED, 0x9B, 0xD3, 0xEE, 0xB6, 0x32, 0x45, 0x48, 0xC2, 0x83, 0x7D, 0xE0, 0x23, 0xBB, 0xE3,
    0xD1, 0xEF, 0xD8, 0x1D, 0xB3, 0x50, 0xD7, 0x32, 0xA7, 0x3D, 0xBD, 0x94, 0xDB, 0x15, 0xEB, 0xC3,
    0xAA, 0xC2, 0xCF, 0x1B, 0x4E, 0xE9, 0x58, 0x33, 0xA4, 0xE3, 0xFE, 0x6A, 0xF4, 0xC5, 0xE8, 0x68,
    0x8A, 0xD5, 0xB1, 0x2B, 0x97, 0x9B, 0x8E, 0x9B, 0xB2, 0x68, 0x49, 0xA2, 0xDA, 0xC4, 0xD0, 0x34,
    0x35, 0x8D, 0x4D, 0x38, 0xD3, 0x22, 0x82, 0xC4, 0x8A, 0xDF, 0x8B, 0x9A, 0x4C, 0x86, 0x8C, 0x76,
    0xBC, 0x34, 0xBA, 0xFF, 0x03, 0x1C, 0x17, 0x7C, 0x87, 0x9C, 0xB0, 0xF2, 0x52, 0xA7, 0x9F, 0x24,
    0xEC, 0x2E, 0x48, 0xD0, 0xE4, 0xB0, 0xF2, 0x19, 0x7D, 0x80, 0x1D, 0xFD, 0x2C, 0x4A, 0xC7, 0x67,
    0xF2, 0x45, 0x64, 0x9A, 0xBA, 0x27, 0x35, 0x74, 0x65, 0x45, 0x74, 0xA5, 0xAF, 0x22, 0x72, 0xEC,
    0xC8, 0xEB, 0x53, 0xC7, 0x9B, 0x4D, 0x17, 0xE5, 0x70, 0xC1, 0xC9, 0xEF, 0x9D, 0xF4, 0x49, 0x55,
    0xF8, 0x11, 0x24, 0xF7, 0x13, 0x82, 0x62, 0x84, 0x84, 0x99, 0x3E, 0x5D, 0x7D, 0x10, 0xF9, 0x59,
    0x94, 0x8E, 0xCF, 0xE4, 0x8B, 0xC8, 0x34, 0x75, 0x9F, 0x41, 0x15, 0x6E, 0x02, 0xC9, 0x11, 0x8E,
    0x15, 0x38, 0x60, 0x44, 0x1F, 0xBA, 0xE2, 0x72, 0x57, 0xF2, 0x76, 0x0F, 0xB3, 0x10, 0xBB, 0x52,
    0xF1, 0x00, 0xFD, 0x76, 0xA9, 0xF6, 0xFD, 0x52, 0xFD, 0xBD, 0xC2, 0xF6, 0x9A, 0x5D, 0x61, 0x32,
    0x85, 0x93, 0x2E, 0x1C, 0x55, 0x21, 0x76, 0x3B, 0xE2, 0x27, 0xF2, 0x65, 0xE4, 0xEF, 0x43, 0x7F,
    0xA5, 0xF8, 0xD9, 0x5C, 0x2B, 0xE9, 0xD8, 0xEE, 0xF4, 0x76, 0xF1, 0xC5, 0xDD, 0x28, 0xA6, 0xBC,
    0xF6, 0x7E, 0x91, 0xBC, 0x4D, 0xE9, 0x83, 0xD2, 0x2D, 0xE9, 0xD5, 0xD2, 0xD5, 0xF8, 0x62, 0xE9,
    0x18, 0xAC, 0x68, 0x32, 0x4D, 0xBD, 0x68, 0xD0, 0x22, 0xEC, 0xB4, 0x91, 0x26, 0xBB, 0x41, 0xA3,
    0xFB, 0x74, 0xFD, 0x81, 0xFA, 0x6D, 0xDB, 0x8B, 0xDB, 0x6F, 0x2F, 0xEB, 0xCF, 0xB9, 0xBD, 0xF4,
    0x61, 0xBF, 0x05, 0xA4, 0xE3, 0x3D, 0xD2, 0xA6, 0x1A, 0xA1, 0xFB, 0x2D, 0x36, 0x82, 0xE5, 0x51,
    0x5D, 0xB8, 0xD4, 0xE4, 0x58, 0xF3, 0xB1, 0xAB, 0x2E, 0x6F, 0x6A, 0x1F, 0x51, 0xF7, 0xDB, 0xA7,
    0x4A, 0xC7, 0x5B, 0x95, 0x8A, 0xC0, 0x2C, 0x48, 0x9D, 0x87, 0xD4, 0x53, 0xA5, 0x9E, 0xFB, 0x77,
    0x8F, 0xC7, 0x18, 0x7B, 0xA9, 0x63, 0xE8, 0xC9, 0xB1, 0x7D, 0xBD, 0x5A, 0x6C, 0x16, 0x3D, 0xB4,
    0x63, 0x4B, 0xC2, 0xAF, 0x5E, 0x06, 0x7F, 0x02, 0x90, 0x01, 0xFF, 0xCD, 0x22, 0x27, 0x2B, 0x80,
    0xC7, 0x50, 0x82, 0x11, 0xB6, 0x17, 0x84, 0xF3, 0x52, 0x2E, 0x90, 0xB4, 0xF8, 0x32, 0x7E, 0x87,
    0x80, 0x4F, 0xA6, 0x8D, 0xB5, 0x8D, 0xD1, 0x91, 0x91, 0x63, 0x3F, 0xFF, 0x57, 0xAB, 0xBF, 0xF4,
    0x8B, 0xBC, 0x21, 0xB3, 0x16, 0x4C, 0xEC, 0xB3, 0x9D, 0x36, 0x9F, 0x9E, 0xFF, 0x4B, 0x7D, 0x2C,
    0x78, 0x92, 0x15, 0x23, 0x34, 0x17, 0x58, 0x4A, 0xB2, 0xD1, 0x8F, 0x84, 0x9D, 0x7E, 0x0A, 0x33,
    0xE1, 0xE3, 0x58, 0x71, 0x82, 0x12, 0xB4, 0xDA, 0xA3, 0x38, 0x40, 0x06, 0x20, 0xE1, 0x07, 0x5C,
    0xBA, 0x47, 0x28, 0xB2, 0xC0, 0x90, 0x19, 0x2E, 0xB4, 0xD1, 0xC0, 0x2F, 0xA8, 0x9B, 0x5C, 0x51,
    0xCD, 0x5C, 0x21, 0xDB, 0x51, 0x85, 0x2F, 0x22, 0x47, 0xA9, 0xB3, 0xB7, 0xA3, 0x28, 0xA0, 0x4A,
    0xEA, 0x4F, 0x50, 0x1F, 0xA0, 0x23, 0xFC, 0xDC, 0x9C, 0x8E, 0x1F, 0xD9, 0x97, 0x7F, 0x14, 0x9B,
    0x85, 0x57, 0x7F, 0x35, 0x74, 0xFC, 0xC5, 0x9B, 0x1C, 0x3B, 0x5E, 0x7F, 0x93, 0xE8, 0xA4, 0x66,
    0x41, 0x57, 0x3C, 0x67, 0xB1, 0x62, 0x14, 0x43, 0x3F, 0xB4, 0x64, 0x8D, 0x00, 0xC9, 0x00, 0x38,
    0x72, 0x00, 0x0E, 0x78, 0x0B, 0x12, 0xDD, 0xB2, 0xF2, 0xF7, 0x8B, 0x26, 0x67, 0x4B, 0x26, 0x3F,
    0xFA, 0x99, 0xDD, 0xFD, 0x0C, 0xFD, 0x7D, 0x59, 0xC3, 0x9B, 0x59, 0x91, 0xB9, 0xBF, 0xE7, 0xDB,
    0x7E, 0xFB, 0xBB, 0xF6, 0xA4, 0x65, 0xB7, 0x27, 0xC9, 0x28, 0xF5, 0x66, 0x4C, 0xC7, 0xEA, 0xB9,
    0xD1, 0x15, 0x39, 0x3C, 0x57, 0xF4, 0xEE, 0xD7, 0x9D, 0x43, 0x57, 0xAC, 0x1B, 0x65, 0x77, 0xB2,
    0xA2, 0x2C, 0x5A, 0x92, 0x88, 0xB1, 0x69, 0x6A, 0x1A, 0x9B, 0x20, 0x5A, 0x9A, 0x8A, 0x08, 0x12,
    0x76, 0x10, 0x29, 0xEE, 0xB6, 0x80, 0xD6, 0x03, 0x5E, 0x2A, 0xD2, 0xC5, 0xFE, 0xAF, 0x95, 0x7D,
    0x81, 0x2B, 0x30, 0x45, 0x3A, 0x6A, 0xDD, 0x5C, 0x6B, 0xB6, 0x6F, 0x37, 0xBB, 0x1B, 0xCD, 0x27,
    0xEF, 0x37, 0xCF, 0xF7, 0xC4, 0x35, 0x9D, 0x88, 0x19, 0x6D, 0xF3, 0xB4, 0xF3, 0xD8, 0x37, 0x0F,
    0xBA, 0x19, 0x9B, 0x82, 0xF6, 0xF4, 0xAA, 0xC8, 0xC9, 0x90, 0xC9, 0x06, 0x95, 0xFF, 0x61, 0x58,
    0x17, 0xBC, 0xD2, 0x95, 0x0D, 0x2F, 0x16, 0x7D, 0xFD, 0xDA, 0x23, 0xDA, 0xF1, 0xD2, 0x15, 0x9D,
    0x84, 0xBC, 0x91, 0xF3, 0xCC, 0x1D, 0x19, 0x61, 0x2A, 0x14, 0x7F, 0x94, 0x1D, 0x99, 0xF8, 0x77,
    0x0C, 0x9E, 0x9C, 0x7A, 0x61, 0xBF, 0x99, 0x98, 0xC9, 0x65, 0x33, 0x95, 0xED, 0x1E, 0x66, 0x21,
    0x0A, 0x10, 0x46, 0x37, 0xB5, 0x55, 0x31, 0xAC, 0xE8, 0x76, 0x7B, 0x84, 0x1D, 0x5D, 0xF6, 0x71,
    0x3E, 0x64, 0x9A, 0x1D, 0x13, 0xF9, 0x46, 0x72, 0x54, 0xE9, 0xDC, 0xEE, 0x89, 0xFA, 0xB3, 0xD1,
    0x9E, 0xF7, 0xDD, 0xAC, 0xC3, 0x7C, 0xD8, 0x87, 0xB4, 0xB5, 0x53, 0x3E, 0xF6, 0xA3, 0x27, 0x61,
    0x59, 0xF6, 0xFB, 0xDF, 0x37, 0xB1, 0x8B, 0x47, 0xED, 0xCC, 0x34, 0x1F, 0xBA, 0xF1, 0x84, 0x84,
    0x61, 0xC6, 0x01, 0x8F, 0x00, 0x74, 0x3F, 0x31, 0xB2, 0xEC, 0x3E, 0x6E, 0xE6, 0x94, 0x74, 0x4A,
    0xC9, 0x44, 0xFF, 0x1E, 0x47, 0xC3, 0x45, 0xCE, 0x07, 0x74, 0x42, 0xCF, 0x02, 0x4B, 0x42, 0xB2,
    0x0F, 0x6D, 0xFD, 0x7E, 0x2A, 0xE0, 0xF7, 0xE0, 0x5C, 0x84, 0x84, 0x5B, 0x9A, 0xB3, 0x69, 0x4E,
    0xFA, 0x51, 0x79, 0x5F, 0xAF, 0x22, 0x9E, 0x88, 0xD6, 0x37, 0x5A, 0xEF, 0x62, 0x4B, 0x8A, 0xDB,
    0x08, 0x00, 0xEE, 0xF2, 0xEE, 0x47, 0x81, 0x2F, 0xE8, 0x95, 0x8F, 0x50, 0x5C, 0x60, 0xDF, 0x72,
    0xC3, 0x8B, 0xD0, 0x13, 0xEF, 0xFD, 0x47, 0x20, 0x19, 0xB1, 0xBA, 0x94, 0x00, 0x7C, 0x1B, 0x58,
    0x3F, 0xFC, 0x9A, 0xD8, 0xE0, 0xB2, 0xB4, 0xC9, 0xD2, 0x26, 0x93, 0xCC, 0x58, 0x7D, 0x27, 0x03,
    0xF8, 0x13, 0xA0, 0x93, 0x36, 0xA7, 0x4F, 0x29, 0x52, 0x9B, 0xE0, 0x16, 0x07, 0x35, 0xF3, 0xDE,
    0x8F, 0x22, 0xC9, 0xF4, 0x28, 0x4F, 0x8B, 0x54, 0x56, 0x7E, 0x2E, 0x8A, 0xB5, 0x48, 0xBB, 0x22,
    0xED, 0x8A, 0xB4, 0x2B, 0x24, 0x8B, 0xE4, 0x2A, 0x00, 0xFE, 0xF4, 0xDC, 0x91, 0x9B, 0x53, 0x49,
    0xC5, 0x17, 0x53, 0xB0, 0x7B, 0xA9, 0x68, 0xFF, 0xFA, 0xD8, 0xFE, 0xE5, 0xA1, 0xB5, 0xC5, 0xAA,
    0x62, 0x71, 0xD9, 0xC1, 0x56, 0xF4, 0xF3, 0x65, 0xF2, 0x32, 0xFE, 0x62, 0x78, 0x78, 0xA1, 0xC9,
    0x59, 0xE0, 0x20, 0x4C, 0x15, 0x2E, 0x54, 0xE8, 0xB8, 0xA7, 0x97, 0xB2, 0x9B, 0xF6, 0xE7, 0x76,
    0xB4, 0xBA, 0xB9, 0x62, 0xFD, 0xE8, 0x89, 0x61, 0x57, 0xD6, 0x99, 0x64, 0x12, 0x02, 0x59, 0x1F,
    0xE6, 0x6D, 0x7D, 0xD4, 0x8F, 0x7D, 0x31, 0x32, 0xE7, 0x6D, 0xDE, 0xBA, 0xDC, 0x7A, 0xF0, 0xF8,
    0xAC, 0x30, 0xFA, 0x99, 0xD9, 0x2F, 0x79, 0x7B, 0xAC, 0x1B, 0x2E, 0xDB, 0xA5, 0x0F, 0x6A, 0xEE,
    0xEA, 0xB3, 0xA3, 0xDE, 0x7F, 0x37, 0x47, 0x3B, 0x9E, 0xC0, 0xCD, 0x80, 0x23, 0xB0, 0xF2, 0x13,
    0x60, 0x22, 0xA0, 0xBF, 0x08, 0x55, 0xE0, 0x28, 0x3F, 0x7B, 0xD3, 0x8E, 0x8D, 0x94, 0x57, 0x0B,
    0x3A, 0x79, 0xEB, 0x99, 0x61, 0x59, 0xE1, 0xBF, 0x47, 0x70, 0xF6, 0x98, 0x0F, 0x29, 0x2C, 0xB0,
    0x1F, 0x14, 0x1C, 0x7C, 0x7F, 0x06, 0x36, 0x09, 0x50, 0x9F, 0x07, 0x0E, 0x42, 0x80, 0x9A, 0xD2,
    0x8E, 0xB5, 0x94, 0xE1, 0x07, 0x8B, 0x0A, 0xBB, 0x16, 0x9E, 0xAB, 0x30, 0xDF, 0xAA, 0xE8, 0xBD,
    0xD0, 0xAE, 0xFF, 0xBC, 0x5F, 0xAF, 0xD5, 0x58, 0x01, 0x7C, 0x5E, 0x18, 0x85, 0x0C, 0xE4, 0xED,
    0x1E, 0x27, 0xE5, 0x3E, 0x7C, 0x19, 0xDF, 0xE3, 0x4F, 0xE7, 0xAB, 0xC3, 0x2A, 0x7C, 0x0D, 0x2A,
    0x33, 0x18, 0x32, 0xD9, 0x4B, 0xB7, 0xB3, 0x3F, 0x58, 0x17, 0xC6, 0xFD, 0xF3, 0x69, 0xD9, 0x76,
    0xE5, 0x58, 0xB0, 0x52, 0xEE, 0xA5, 0x0E, 0xF8, 0x3C, 0x58, 0xC0, 0x29, 0x2E, 0x96, 0xD9, 0x7F,
    0x73, 0x28, 0x5F, 0x29, 0xCB, 0x87, 0xEF, 0x92, 0x57, 0x5D, 0x5F, 0xBF, 0xD6, 0x65, 0x00, 0x75,
    0x17, 0x7F, 0x36, 0x7C, 0x15, 0x3E, 0x58, 0xA4, 0xF8, 0x22, 0x52, 0x5A, 0xE0, 0x6F, 0x14, 0xF4,
    0xBF, 0x4C, 0xE8, 0x39, 0x81, 0x15, 0xE0, 0x11, 0x70, 0xD0, 0xE1, 0x3F, 0xCD, 0x69, 0x28, 0x8E,
    0x29, 0x1F, 0x7F, 0xFB, 0xD7, 0x33, 0x87, 0x3B, 0xE9, 0xCE, 0xEB, 0x0C, 0x77, 0xAE, 0x73, 0xB0,
    0xCF, 0x66, 0xB4, 0x50, 0x49, 0x25, 0xEE, 0xA2, 0x95, 0xD0, 0x1D, 0x41, 0xC5, 0x95, 0x9F, 0xCC,
    0x5D, 0xC9, 0x8E, 0x39, 0x49, 0x6E, 0xF8, 0x08, 0x33, 0x4A, 0xB5, 0x5B, 0xB2, 0x49, 0x3A, 0x1B,
    0xB7, 0x9C, 0x8B, 0x2B, 0x0E, 0x8A, 0x83, 0x7E, 0x1D, 0x7A, 0x82, 0xCA, 0xB0, 0x2F, 0xA1, 0xA0,
    0xFD, 0xF9, 0xB4, 0xBB, 0x87, 0x2F, 0xDD, 0xC2, 0x9A, 0x84, 0x0E, 0xFD, 0x74, 0xE1, 0xDC, 0xBF,
    0xA7, 0x43, 0x9F, 0xE7, 0xFF, 0x49, 0xE7, 0x5F, 0x78, 0x7F, 0x7A, 0x6A, 0x7B, 0x67, 0xD2, 0xDB,
    0xF6, 0xFE, 0x1B, 0x39, 0x7E, 0x41, 0xEA, 0xCF, 0xCB, 0xF9, 0x7E, 0x3C, 0x37, 0x6D, 0xC8, 0xFD,
    0xFF, 0xA2, 0x5C, 0xAA, 0x43, 0xFB, 0x70, 0x9B, 0x0A, 0x17, 0xD8, 0xD8, 0x11, 0x7E, 0x80, 0x1B,
    0x09, 0xD8, 0xA9, 0x02, 0x66, 0xDA, 0x95, 0x76, 0x75, 0xED, 0xEC, 0xBE, 0x5D, 0xFB, 0xC4, 0xFE,
    0xB3, 0x30, 0xA2, 0x8E, 0x9C, 0xA1, 0xC9, 0xBA, 0x4B, 0x30, 0xFA, 0x8B, 0xD9, 0x4E, 0x54, 0x4B,
    0x1F, 0xAA, 0xD6, 0x3A, 0x52, 0xF7, 0x22, 0x45, 0x1D, 0xFD, 0x5B, 0xB5, 0x0F, 0x96, 0xC5, 0x4C,
    0x9A, 0xB3, 0x1B, 0xA4, 0x69, 0xDD, 0xEF, 0xD5, 0x36, 0x34, 0x45, 0x51, 0xDF, 0xA4, 0xF7, 0x32,
    0x2A, 0xEA, 0xC8, 0xD3, 0xA2, 0x6F, 0x90, 0x8B, 0xBE, 0x99, 0xE6, 0xAA, 0x6F, 0xD6, 0x6F, 0x50,
    0xDF, 0x7C, 0x67, 0xF4, 0x5A, 0xFE, 0xAD, 0xE7, 0xE5, 0xC4, 0x48, 0x9D, 0x4E, 0x56, 0x75, 0xB3,
    0x40, 0x95, 0x8E, 0xE4, 0x0C, 0x47, 0x06, 0x1C, 0xF0, 0x2E, 0x56, 0xBC, 0x58, 0xA1, 0x79, 0xCA,
    0xD1, 0x92, 0x0C, 0xEE, 0x0A, 0xFB, 0xE8, 0x51, 0x75, 0xAC, 0x0F, 0xC5, 0xD8, 0x94, 0x45, 0xC7,
    0x5B, 0xD1, 0x61, 0x93, 0xCD, 0x22, 0x15, 0x45, 0x90, 0x28, 0x67, 0x5A, 0x65, 0xD1, 0x7A, 0x16,
    0xF5, 0x09, 0x97, 0xC8, 0xB0, 0x21, 0x39, 0xEC, 0x9F, 0xDD, 0x5A, 0x4B, 0x99, 0x34, 0x40, 0x55,
    0x21, 0x79, 0x75, 0x2B, 0xFD, 0xBD, 0x68, 0xBD, 0x00, 0x6E, 0x72, 0x19, 0xBB, 0x11, 0x68, 0x51,
    0x5A, 0xF9, 0x5B, 0x07, 0x11, 0x67, 0x51, 0xB0, 0x5A, 0x44, 0x1B, 0x5E, 0xC9, 0xD0, 0xCF, 0x5C,
    0x9F, 0xA1, 0x9E, 0x7D, 0x37, 0xC1, 0x9C, 0xA5, 0xEF, 0x5B, 0x7A, 0xFB, 0xB1, 0xE9, 0xBF, 0xF5,
    0x28, 0xFD, 0xDD, 0x8F, 0x4D, 0xEF, 0x1E, 0x3E, 0x09, 0x99, 0x49, 0xD4, 0x37, 0xE9, 0x9D, 0xFE,
    0x97, 0x01, 0x9A, 0x5C, 0xA0, 0x48, 0x8E, 0x6A, 0x81, 0x0F, 0x2A, 0x3E, 0xB8, 0xF2, 0x09, 0x27,
    0x50, 0xA9, 0xE3, 0xA8, 0xD3, 0xFA, 0xFA, 0xA4, 0xE3, 0xFA, 0x9D, 0xC9, 0x4D, 0x1D, 0x4F, 0x39,
    0xC0, 0xB3, 0x00, 0xE7, 0x78, 0x04, 0x9C, 0xA5, 0x93, 0xCC, 0x4F, 0x6E, 0x7F, 0x5D, 0x56, 0xC1,
    0x8E, 0x9A, 0xAE, 0xD8, 0xD1, 0x92, 0x8B, 0x1D, 0xDD, 0x0F, 0x66, 0xDA, 0xD1, 0xAF, 0x93, 0xB7,
    0x63, 0x7D, 0xE4, 0x81, 0xEF, 0x7D, 0x83, 0x0E, 0xCC, 0xA8, 0xC4, 0xF1, 0x16, 0x5C, 0x70, 0xB8,
    0xED, 0x38, 0xC3, 0xE6, 0x35, 0x03, 0x54, 0xC4, 0x2B, 0x68, 0xA1, 0xE3, 0x47, 0xD4, 0x07, 0x91,
    0x9B, 0xDA, 0x1A, 0x8C, 0x1B, 0x92, 0xD8, 0xAD, 0x81, 0x6D, 0xB5, 0x5E, 0x00, 0x01, 0x87, 0xBA,
    0x5A, 0x71, 0xAA, 0xFA, 0x99, 0xD7, 0x23, 0xED, 0xF5, 0x6B, 0xD1, 0xF3, 0xD7, 0x0C, 0xEE, 0x5E,
    0xE5, 0x64, 0x92, 0xE7, 0xA0, 0x26, 0x95, 0x71, 0xB6, 0xA6, 0xD8, 0xA9, 0x3C, 0x26, 0x7F, 0x25,
    0x64, 0xC5, 0xFB, 0x35, 0x1B, 0x92, 0xC9, 0x05, 0xFF, 0xC3, 0xE0, 0xDB, 0xF4, 0xD8, 0x66, 0x5D,
    0xDB, 0x28, 0xAA, 0xF9, 0x41, 0x82, 0x6F, 0xBF, 0x02, 0x2E, 0x25, 0xC2, 0xA6, 0x64, 0x27, 0xCD,
    0xD0, 0x8F, 0x2B, 0x0E, 0x07, 0x67, 0x4F, 0x48, 0x76, 0xE4, 0xE0, 0xB2, 0x8F, 0x0C, 0xF3, 0x21,
    0xEF, 0x30, 0xCE, 0x8E, 0x3C, 0x8D, 0xE4, 0x1B, 0xBC, 0x1A, 0x1D, 0xD5, 0xA2, 0x63, 0x7B, 0x32,
    0x6B, 0x73, 0xFA, 0xFC, 0x5E, 0xF9, 0x11, 0x12, 0x8A, 0xB3, 0x18, 0x86, 0x65, 0xBF, 0x06, 0xAF,
    0xB5, 0x75, 0x3F, 0xC1, 0x05, 0x7B, 0xF5, 0xDF, 0xB0, 0x28, 0xDA, 0x37, 0xDF, 0x9C, 0x8A, 0xA1,
    0x3D, 0x3D, 0x0D, 0x65, 0x7B, 0xC1, 0xB2, 0xB2, 0x6C, 0x2F, 0xFB, 0xA5, 0xF0, 0x35, 0x93, 0x97,
    0x92, 0xE1, 0x36, 0x37, 0x73, 0xFE, 0x0A, 0xEC, 0xD4, 0x27, 0x00, 0x3D, 0x19, 0x00, 0x6C, 0xC8,
    0x01, 0x12, 0xEE, 0x56, 0xF3, 0xFF, 0x03, 0xCD, 0x9A, 0x3D, 0xB0, 0xDD, 0xC4, 0xF9, 0x87, 0x1F,
    0x69, 0xB1, 0x35, 0x7F, 0xAB, 0xD8, 0x7F, 0x91, 0xCC, 0x00, 0x99, 0xA0, 0x9E, 0xC1, 0x51, 0x3F,
    0x73, 0xED, 0xD5, 0x84, 0x22, 0x33, 0xA1, 0xB0, 0x9B, 0xA4, 0x85, 0x22, 0x05, 0xA4, 0xC0, 0x4D,
    0x0A, 0x0A, 0x8F, 0xA5, 0x0C, 0x45, 0x8A, 0x14, 0xB8, 0xAF, 0x5C, 0xB8, 0x80, 0x8A, 0x14, 0x2E,
    0x28, 0x8C, 0xB5, 0x93, 0x86, 0x22, 0x05, 0x0A, 0x14, 0x29, 0x23, 0x92, 0x74, 0x29, 0xEE, 0x42,
    0x34, 0x13, 0x11, 0x56, 0x7A, 0x73, 0x5E, 0x9F, 0x0F, 0xE5, 0x86, 0xCB, 0x05, 0xE2, 0x73, 0x2E,
    0x57, 0xC7, 0xEF, 0x6F, 0x74, 0xEE, 0xD1, 0xD7, 0xF3, 0xEC, 0xD1, 0xEE, 0x1E, 0x8D, 0x31, 0x11,
    0xC8, 0x34, 0xEC, 0xA4, 0x21, 0x40, 0xA1, 0xE1, 0xA4, 0x02, 0xD7, 0x7A, 0xA8, 0x6F, 0x79, 0x90,
    0xA2, 0x83, 0xD9, 0x06, 0x92, 0x69, 0x15, 0x26, 0x66, 0xC3, 0x2A, 0x4C, 0x24, 0x1B, 0x57, 0x61,
    0x45, 0x26, 0x0D, 0xA1, 0xD0, 0x70, 0x1D, 0x6D, 0xE5, 0x3C, 0xB5, 0xAF, 0x3D, 0xCE, 0x4B, 0x83,
    0xEB, 0x58, 0x96, 0x24, 0x00, 0x66, 0xDC, 0x86, 0xBE, 0x4D, 0xDA, 0x8E, 0x42, 0x22, 0xB5, 0x08,
    0x57, 0x69, 0x2B, 0x70, 0x4D, 0xF2, 0xAE, 0x34, 0x85, 0x48, 0xE3, 0x56, 0xD5, 0x36, 0xAE, 0x11,
    0xB4, 0xEA, 0x55, 0x49, 0x53, 0x8B, 0x34, 0xA5, 0x1C, 0xFB, 0x6C, 0x2A, 0x3C, 0xDB, 0xA5, 0x00,
    0x5C, 0xB3, 0xAE, 0x02, 0x48, 0x66, 0x20, 0x97, 0x06, 0xEC, 0xCB, 0x1E, 0xB0, 0x0D, 0xE0, 0x00,
    0x22, 0xC0, 0x2F, 0x00, 0x00, 0xD2, 0x09, 0x30, 0x33, 0x90, 0x09, 0x90, 0x2B, 0xB8, 0x15, 0x3D,
    0x88, 0x78, 0x28, 0xFF, 0xDC, 0x81, 0xFB, 0xB0, 0x87, 0xFA, 0x46, 0x80, 0x36, 0x1F, 0x40, 0xCC,
    0x48, 0x32, 0x9B, 0x48, 0x3A, 0xA5, 0x13, 0x26, 0x26, 0x42, 0xA6, 0xE0, 0xF9, 0x2A, 0x2A, 0xF5,
    0xE0, 0x8B, 0x1E, 0xE7, 0xCB, 0x8E, 0xB2, 0x73, 0x9E, 0x22, 0xD4, 0x1E, 0x1B, 0x00, 0xA8, 0x3D,
    0x89, 0xF4, 0x24, 0x1F, 0x07, 0x30, 0x01, 0xAC, 0x87, 0xA2, 0x82, 0x67, 0x01, 0x9E, 0x58, 0x44,
    0x01, 0x70, 0x1D, 0xB8, 0x7F, 0x5B, 0xB9, 0xB6, 0x34, 0xE5, 0x5B, 0x1D, 0x3C, 0x9F, 0xDE, 0xFB,
    0xB6, 0xC0, 0x6F, 0x29, 0x70, 0x76, 0x1A, 0xF0, 0xFC, 0xCD, 0x80, 0x4D, 0x07, 0xB9, 0x07, 0x0B,
    0x0E, 0x68, 0x3D, 0xC9, 0x3F, 0x03, 0xD9, 0x27, 0x23, 0x97, 0x9B, 0x57, 0xF7, 0x01, 0x3C, 0x00,
    0x3C, 0x54, 0xE0, 0x6B, 0x17, 0x02, 0xF8, 0x2A, 0x50, 0x00, 0x79, 0x73, 0x20, 0xE0, 0x1A, 0x48,
    0xC4, 0x03, 0x2F, 0x6A, 0xD8, 0x8A, 0x64, 0xB8, 0x06, 0xD9, 0x04, 0x58, 0xE5, 0x72, 0xD6, 0xC3,
    0xAB, 0xE9, 0x5D, 0x00, 0xC0, 0x44, 0x36, 0x9F, 0xE6, 0xF3, 0x72, 0x7F, 0xAB, 0x22, 0xF1, 0xE0,
    0x8E, 0x3D, 0xD4, 0x2F, 0x77, 0xD0, 0xDA, 0x00, 0xB2, 0x8A, 0x64, 0xCE, 0x47, 0xD2, 0xC9, 0xC4,
    0xED, 0xFD, 0x9D, 0xCE, 0x28, 0x35, 0x56, 0xD1, 0x0B, 0xD1, 0xCB, 0xE9, 0xA8, 0xBD, 0xF3, 0xB8,
    0xAE, 0x5E, 0x45, 0xDF, 0x36, 0x94, 0x01, 0xF2, 0xBB, 0xE0, 0x02, 0x3C, 0xFD, 0x00, 0x18, 0xC0,
    0x74, 0xB8, 0xAC, 0x41, 0x15, 0x48, 0x4F, 0xF6, 0xD9, 0xC8, 0x95, 0xE6, 0xED, 0x27, 0x57, 0x90,
    0x77, 0x3D, 0x94, 0xD2, 0xC1, 0x51, 0xD9, 0x00, 0x00, 0xC4, 0x6D, 0xFB, 0xDA, 0xE3, 0x06, 0xCA,
    0x97, 0x3A, 0xF8, 0x7E, 0x72, 0xF3, 0xDC, 0x5B, 0x5F, 0xCF, 0x75, 0x44, 0x76, 0x3C, 0x70, 0x79,
    0xDB, 0x00, 0x0E, 0xF6, 0xAE, 0x20, 0x1D, 0x76, 0x7D, 0xB6, 0x00, 0x4E, 0x3D, 0x3C, 0xB2, 0x1D,
    0x00, 0x5C, 0x90, 0x1E, 0x9D, 0x72, 0x0B, 0x1E, 0x30, 0x9F, 0xAE, 0xC0, 0xEF, 0x2A, 0xF8, 0x81,
    0x7A, 0x7A, 0x8A, 0x0A, 0xB8, 0x0E, 0xF0, 0x06, 0xF0, 0x3D, 0x6E, 0xC2, 0x35, 0x22, 0xB8, 0x74,
    0x54, 0xF8, 0x01, 0xAC, 0xF4, 0x90, 0x48, 0x05, 0x00, 0xA4, 0x02, 0x98, 0x75, 0x54, 0x90, 0x8B,
    0x07, 0xBB, 0x8E, 0x5E, 0xBF, 0x13, 0x41, 0xBF, 0x13, 0x1A, 0xBF, 0x19, 0xA1, 0x7D, 0x31, 0x82,
    0x98, 0x09, 0xE6, 0x74, 0x26, 0x99, 0x10, 0x95, 0x2C, 0x95, 0xD1, 0x9B, 0x21, 0x5B, 0x85, 0x57,
    0x53, 0x9D, 0x0D, 0x14, 0xA1, 0xE8, 0xB1, 0xA1, 0xEC, 0xB0, 0x83, 0xEB, 0xC8, 0x23, 0x99, 0x07,
    0xBB, 0xBD, 0x4C, 0xB0, 0xD5, 0x11, 0xD6, 0x3F, 0x24, 0x97, 0x11, 0x23, 0x01, 0x5E, 0xAF, 0xBE,
    0x52, 0x0B, 0x3F, 0x6F, 0x9B, 0xFC, 0x4C, 0x2D, 0xEF, 0xAE, 0xB5, 0x98, 0x0E, 0x48, 0x03, 0xC0,
    0x83, 0x0B, 0x86, 0x3F, 0x00, 0x0F, 0x81, 0x6B, 0x07, 0xC4, 0xE7, 0xBD, 0xED, 0xFD, 0x9D, 0xFC,
    0x14, 0xE0, 0x87, 0x00, 0x47, 0xA0, 0x26, 0x74, 0x65, 0x84, 0xEB, 0x2A, 0xA2, 0xDC, 0x89, 0x48,
    0xBF, 0xBD, 0x88, 0xDF, 0xAA, 0x88, 0x9F, 0xEC, 0x44, 0x18, 0x15, 0x91, 0xAA, 0x88, 0xE4, 0x34,
    0x11, 0x4E, 0x45, 0x14, 0xFF, 0x29, 0xA2, 0xAC, 0x40, 0x3C, 0xA4, 0x1D, 0xE4, 0x0D, 0x14, 0xC0,
    0x53, 0x7B, 0x15, 0xB2, 0xDC, 0x26, 0x59, 0xFF, 0x40, 0x01, 0x02, 0xBC, 0xA0, 0x7A, 0x60, 0x0F,
    0x1A, 0xF6, 0xF4, 0x7D, 0x00, 0xD2, 0xCF, 0x8F, 0xC8, 0x64, 0x20, 0xBB, 0xDC, 0x1D, 0xEE, 0x3B,
    0xF1, 0x34, 0xF7, 0xE1, 0x7A, 0xB2, 0xE0, 0x06, 0x58, 0x70, 0x11, 0x20, 0xD9, 0xE0, 0x6A, 0x78,
    0xC8, 0x76, 0xB8, 0xF6, 0x38, 0x40, 0xF9, 0x07, 0xC5, 0xFD, 0x60, 0x04, 0xF7, 0x66, 0x84, 0x36,
    0x9D, 0x40, 0x92, 0x0D, 0x6E, 0x7A, 0x12, 0x37, 0x3F, 0x0B, 0x77, 0xBB, 0xDC, 0x06, 0x98, 0x77,
    0x71, 0x7B, 0xFF, 0xE0, 0x67, 0x75, 0x91, 0x22, 0xD2, 0x6F, 0xAA, 0x9B, 0x81, 0xD3, 0x4A, 0x07,
    0x37, 0x65, 0xD2, 0x3A, 0x63, 0x9B, 0x6E, 0x7B, 0xAC, 0xAF, 0x3A, 0x17, 0x6D, 0x4F, 0x2E, 0x13,
    0xA5, 0x48, 0xE5, 0xBC, 0xF3, 0x2D, 0x45, 0x27, 0x58, 0xDD, 0x67, 0x29, 0xA0, 0x25, 0xC5, 0xF9,
    0xA2, 0x29, 0xD7, 0x0A, 0xA1, 0xFD, 0x1B, 0x5F, 0x79, 0xCC, 0xBA, 0x21, 0x95, 0x9E, 0x74, 0x99,
    0x37, 0x83, 0x03, 0x9E, 0x01, 0x38, 0x20, 0x5F, 0xD9, 0x83, 0x8C, 0x10, 0x22, 0x24, 0xE3, 0x72,
    0xEE, 0x2B, 0x15, 0x00, 0x7A, 0xCD, 0x99, 0xCC, 0x14, 0xDA, 0x36, 0x5D, 0xE9, 0xDB, 0x6A, 0xC5,
    0x89, 0x0D, 0x22, 0xB2, 0x14, 0xD0, 0x56, 0x29, 0xAE, 0xCB, 0xFD, 0x8A, 0xB5, 0x5B, 0xB1, 0x56,
    0xBA, 0x5F, 0x3A, 0x1C, 0x91, 0xCD, 0x0F, 0xB1, 0x32, 0x62, 0x5F, 0xEA, 0xBF, 0xC4, 0x21, 0xC0,
    0x29, 0x75, 0x82, 0xE3, 0x8C, 0x6D, 0x16, 0x8E, 0x07, 0x16, 0x23, 0x05, 0xDA, 0x26, 0xF6, 0xA5,
    0x91, 0x4B, 0x9C, 0x72, 0xED, 0xBE, 0xF4, 0x2D, 0xB6, 0x9F, 0x4F, 0xBB, 0x76, 0xB4, 0x9D, 0xEC,
    0x89, 0x6B, 0xDF, 0x4D, 0xED, 0x9F, 0xB1, 0x15, 0x6D, 0xB3, 0x9E, 0xDF, 0xFC, 0x45, 0xE7, 0x37,
    0xEF, 0x1C, 0xB2, 0x3D, 0x06, 0x48, 0x02, 0x98, 0x0E, 0xEB, 0xA1, 0x0C, 0xF0, 0x7E, 0x24, 0x19,
    0x6B, 0xD2, 0x7B, 0xCF, 0x56, 0x00, 0xDC, 0x1A, 0x31, 0xEB, 0x49, 0x5A, 0x57, 0xF6, 0x36, 0x38,
    0x9F, 0x0D, 0x75, 0x63, 0xC6, 0x5A, 0x64, 0xA9, 0x06, 0x9C, 0xA7, 0x29, 0xFB, 0xAC, 0xB7, 0x22,
    0xC1, 0x88, 0x78, 0x6E, 0x7D, 0x0E, 0xFC, 0x08, 0x28, 0xE0, 0x99, 0xBC, 0x39, 0x3F, 0xA6, 0xBC,
    0x81, 0xCC, 0x43, 0xDA, 0x1F, 0x86, 0x29, 0xEF, 0xA1, 0x1C, 0xE0, 0xA9, 0x07, 0x40, 0xC0, 0x19,
    0x8F, 0x78, 0xD2, 0x2F, 0x02, 0xF9, 0x27, 0x91, 0xCB, 0xD5, 0x6B, 0x07, 0x64, 0x4B, 0x06, 0xC8,
    0x23, 0x5C, 0xBE, 0x0A, 0x5C, 0x03, 0xDE, 0xC3, 0xFA, 0x80, 0x32, 0xB6, 0x91, 0x24, 0x3E, 0x5A,
    0x31, 0x3E, 0xFF, 0xC4, 0x8C, 0xE9, 0xF0, 0x02, 0x99, 0x8C, 0xE4, 0x8A, 0x0A, 0xE0, 0x60, 0xC7,
    0xF8, 0x51, 0xE4, 0x52, 0xF5, 0xB3, 0x03, 0x32, 0x02, 0xED, 0x0D, 0x92, 0x2F, 0x66, 0xD2, 0xE6,
    0x3E, 0x00, 0x58, 0xCF, 0xBE, 0x19, 0x29, 0x2B, 0xA8, 0x37, 0xD3, 0xE9, 0xCF, 0x46, 0x6C, 0x3F,
    0x01, 0xE7, 0xDB, 0xAF, 0x9F, 0x98, 0xD2, 0x7F, 0xB6, 0xDC, 0x17, 0x87, 0xE8, 0xEF, 0xF3, 0xC1,
    0xCD, 0x47, 0x35, 0x77, 0x92, 0xD1, 0xF4, 0x69, 0x03, 0xB6, 0xFF, 0xA6, 0x2F, 0x28, 0x42, 0x1D,
    0x7F, 0x15, 0x89, 0x26, 0x64, 0xDD, 0xA5, 0xEA, 0xEB, 0xF6, 0x9D, 0x4F, 0x5B, 0xE0, 0xF6, 0x3C,
    0xDF, 0xAE, 0x11, 0x2F, 0xBE, 0xAE, 0x00, 0xDA, 0x33, 0x5F, 0x00, 0xD7, 0x74, 0x6D, 0x95, 0xFC,
    0x60, 0xAE, 0x40, 0x64, 0x20, 0x13, 0x99, 0xB0, 0x63, 0x2A, 0x94, 0x1D, 0x75, 0xE3, 0x3C, 0x4E,
    0x8F, 0x56, 0x74, 0x2D, 0xAA, 0x07, 0x6C, 0x10, 0x8D, 0x19, 0xF2, 0xB0, 0xBC, 0x7D, 0xFC, 0xE9,
    0xE3, 0xED, 0x5C, 0x83, 0xF3, 0x8F, 0xF7, 0xD5, 0xA3, 0xAC, 0x8F, 0x97, 0xE8, 0x91, 0xD7, 0xE7,
    0x60, 0x59, 0x06, 0x20, 0x8D, 0xDB, 0x60, 0x00, 0xDA, 0x91, 0x6C, 0xFD, 0x8B, 0xBD, 0x73, 0x5D,
    0x11, 0xDA, 0x2A, 0x1B, 0x05, 0x13, 0xB5, 0x66, 0xD2, 0xB8, 0x5D, 0xD7, 0xBF, 0xEB, 0xE7, 0xBA,
    0x9D, 0x6E, 0xAF, 0xFB, 0xED, 0x16, 0x5B, 0x41, 0xE9, 0xD7, 0xA5, 0xEB, 0x00, 0x64, 0x33, 0x50,
    0x48, 0x03, 0xCF, 0x59, 0x0F, 0x14, 0x0D, 0x50, 0x03, 0x44, 0x80, 0xFB, 0x00, 0x70, 0xCE, 0x1E,
    0xCA, 0x5E, 0x89, 0xE1, 0x77, 0x11, 0x88, 0x60, 0x02, 0xE4, 0x1D, 0x5C, 0x69, 0x80, 0x27, 0xB6,
    0xF1, 0x1C, 0xC0, 0x35, 0xE0, 0xDE, 0x43, 0x30, 0xBB, 0x5F, 0xDE, 0xE5, 0xBB, 0x0D, 0xD4, 0xB6,
    0x83, 0xB7, 0xD3, 0x7B, 0xE7, 0x4E, 0x9D, 0x04, 0x30, 0x3D, 0x18, 0x8F, 0xF5, 0xE0, 0x74, 0xE4,
    0x18, 0x49, 0x87, 0x47, 0xA4, 0x77, 0x9F, 0xDF, 0x03, 0x75, 0x12, 0x00, 0x46, 0xA5, 0x3E, 0xBA,
    0x38, 0xD4, 0xB6, 0x82, 0xDC, 0x83, 0xE9, 0x0E, 0x43, 0xCD, 0xEB, 0x6C, 0x7F, 0x29, 0xBF, 0xD9,
    0x00, 0x79, 0x05, 0x37, 0x9F, 0x53, 0xFE, 0x17, 0xC0, 0xCE, 0xDF, 0x39, 0x7F, 0xDA, 0x83, 0x1D,
    0xE1, 0xFF, 0x8E, 0x00, 0xAD, 0x80, 0xFD, 0x7D, 0x8F, 0x0B, 0xCA, 0x4D, 0x3A, 0xBE, 0x4F, 0x7A,
    0x6F, 0x2F, 0x1E, 0x80, 0xF2, 0x8F, 0x3D, 0xDC, 0x11, 0x0F, 0xAF, 0x3C, 0x0B, 0x00, 0x90, 0x8E,
    0x40, 0xBE, 0xEE, 0x02, 0xAA, 0x8D, 0x87, 0x77, 0x2E, 0x9F, 0xBF, 0x07, 0x60, 0xB6, 0xA4, 0xC7,
    0x13, 0xE9, 0xAF, 0x97, 0x71, 0x77, 0xFF, 0x1E, 0x5E, 0xD9, 0x76, 0xAA, 0xB9, 0x00, 0xE5, 0xF1,
    0xB6, 0xED, 0x5F, 0x4B, 0xEF, 0x02, 0x70, 0x61, 0xFA, 0xFB, 0xA2, 0x01, 0xD7, 0x83, 0x0C, 0xA4,
    0xC3, 0xB4, 0xA2, 0xFF, 0x25, 0x70, 0xA8, 0x71, 0xC0, 0xF6, 0xB0, 0x7E, 0x0B, 0x35, 0x00, 0x33,
    0x40, 0x12, 0x81, 0x45, 0x4B, 0x1E, 0xD4, 0x4B, 0x1E, 0x32, 0x91, 0xD9, 0x06, 0x65, 0xBA, 0xD1,
    0x2B, 0xDE, 0xB1, 0x57, 0x37, 0x52, 0x29, 0xF4, 0x84, 0xF2, 0x07, 0x84, 0x25, 0x55, 0xD0, 0xC9,
    0xBF, 0x3C, 0x76, 0xC4, 0x63, 0x49, 0x3C, 0xB6, 0xB4, 0x56, 0xBC, 0xB6, 0xBD, 0x16, 0xA5, 0xA6,
    0x02, 0x3B, 0x55, 0xB2, 0xBD, 0x1C, 0x33, 0x02, 0x59, 0x00, 0x6C, 0x07, 0x5B, 0x27, 0x69, 0xCC,
    0x44, 0x7E, 0x1C, 0x57, 0xB4, 0x1F, 0xC7, 0x15, 0xF6, 0x3F, 0xC6, 0x15, 0xBF, 0x04, 0xC1, 0x48,
    0xA7, 0x51, 0xA9, 0x1A, 0x04, 0xB3, 0x09, 0xB5, 0x83, 0xEA, 0x41, 0xFD, 0xA0, 0x82, 0x58, 0x1B,
    0x6A, 0x01, 0x70, 0x0D, 0x40, 0xE1, 0x01, 0xF2, 0x1E, 0xC0, 0x0C, 0x17, 0x44, 0x85, 0xF2, 0x43,
    0x04, 0x78, 0x04, 0xE0, 0x00, 0x8A, 0x66, 0xFF, 0x2A, 0x96, 0xE9, 0xC1, 0x76, 0x7E, 0xA0, 0x13,
    0x84, 0xE5, 0x6C, 0x35, 0x00, 0x11, 0x80, 0xFB, 0x17, 0x44, 0xCE, 0x32, 0x79, 0x50, 0x84, 0xCD,
    0xF4, 0x01, 0x0D, 0x13, 0x80, 0xBC, 0x03, 0xAE, 0x1C, 0xC2, 0x55, 0x5E, 0x05, 0xC0, 0x7D, 0xAA,
    0xD9, 0x4A, 0x07, 0x0C, 0x6D, 0x03, 0xDC, 0x7C, 0xEA, 0xA2, 0x98, 0x79, 0xC3, 0x42, 0x22, 0x37,
    0xC0, 0xC8, 0x0C, 0xE6, 0x83, 0x08, 0x49, 0xF5, 0xFF, 0xFB, 0x57, 0xF1, 0x1D, 0x63, 0x7E, 0xA9,
    0x5B, 0x25, 0x8D, 0x4B, 0x32, 0xEC, 0x19, 0xF6, 0x64, 0x9F, 0x4A, 0xE9, 0xB7, 0xA1, 0x6F, 0x67,
    0x98, 0xFF, 0x97, 0x12, 0x98, 0x5B, 0x92, 0xA9, 0xAE, 0x4C, 0x74, 0x5D, 0x3E, 0x16, 0x22, 0x21,
    0xDB, 0x3D, 0x01, 0x00, 0x00, 0x32, 0x8F, 0xAA, 0xD1, 0xD2, 0xF5, 0x19, 0xDB, 0x7F, 0x5D, 0x09,
    0x5A, 0x65, 0xDF, 0x36, 0x6D, 0xEF, 0x44, 0xFA, 0x42, 0x3E, 0x0C, 0xD9, 0x9C, 0x87, 0x33, 0x7F,
    0x1F, 0x94, 0x3D, 0x48, 0xDC, 0xDC, 0x4A, 0xCB, 0x13, 0x33, 0x2E, 0x55, 0xC0, 0x01, 0x19, 0x5D,
    0x0F, 0x32, 0x42, 0x1F, 0x21, 0x19, 0x21, 0x3B, 0x79, 0xDE, 0x27, 0xE3, 0xAD, 0x77, 0x63, 0x0A,
    0x49, 0x5C, 0xBA, 0xF7, 0x8D, 0x8A, 0x2D, 0x97, 0x1E, 0xE5, 0x64, 0x16, 0x9D, 0xA6, 0xF3, 0x33,
    0x48, 0x5B, 0x69, 0x4E, 0x68, 0xF6, 0x68, 0xC2, 0x7C, 0xE6, 0x3F, 0x41, 0x53, 0xA9, 0x41, 0xB9,
    0x41, 0xC9, 0x41, 0xD9, 0x41, 0xE9, 0x61, 0xCB, 0x3F, 0x01, 0xE9, 0xC9, 0x8E, 0x4B, 0xE9, 0xB7,
    0xEC, 0x7F, 0x1D, 0x4F, 0xC6, 0xB0, 0x8A, 0xBF, 0x87, 0x55, 0x48, 0xA7, 0x51, 0xAD, 0x62, 0x44,
    0x1D, 0x20, 0x1A, 0x6A, 0x01, 0xD5, 0x80, 0x7A, 0x40, 0x45, 0x90, 0xCD, 0x36, 0x60, 0xE2, 0x96,
    0x16, 0xA8, 0x59, 0xC6, 0x3E, 0xEB, 0x2F, 0x88, 0x8A, 0x2C, 0x00, 0xE9, 0x32, 0xE8, 0xDD, 0x01,
    0x70, 0xEC, 0x5D, 0xC5, 0x89, 0xC1, 0x03, 0x89, 0xEC, 0x86, 0x0F, 0x46, 0x00, 0x13, 0x16, 0x2D,
    0x97, 0xAA, 0x0B, 0x22, 0x67, 0xB9, 0x55, 0x90, 0x11, 0xE8, 0x23, 0x90, 0x2C, 0x33, 0x24, 0x8F,
    0x5E, 0xEC, 0x9E, 0x5D, 0xE5, 0x01, 0x5E, 0xB5, 0x6C, 0x86, 0x13, 0x52, 0x99, 0x01, 0xF3, 0xA7,
    0x08, 0x3A, 0xA2, 0x5C, 0x14, 0x33, 0x0F, 0x2C, 0x18, 0x29, 0x20, 0x97, 0x09, 0xF4, 0x41, 0x39,
    0x97, 0xD8, 0xB7, 0x0A, 0x1B, 0xBE, 0x6B, 0x4C, 0x38, 0x39, 0x24, 0x80, 0xED, 0x97, 0xCC, 0xFC,
    0x7E, 0x61, 0xCF, 0x1E, 0xEF, 0x70, 0x00, 0x65, 0x03, 0x58, 0x0F, 0x64, 0xDD, 0xEE, 0xBE, 0x01,
    0x6A, 0x4F, 0xED, 0x5D, 0x8F, 0x34, 0x45, 0x48, 0x04, 0x3B, 0x98, 0x89, 0x2C, 0x66, 0x91, 0x74,
    0xCA, 0x07, 0x10, 0x1B, 0xA0, 0xBD, 0xD5, 0x81, 0x53, 0xBC, 0x52, 0x2A, 0xB0, 0x02, 0xE4, 0x13,
    0x60, 0xA2, 0xC6, 0xF8, 0x8D, 0x42, 0x2B, 0x89, 0xC0, 0x23, 0xC0, 0x2D, 0xB3, 0xE3, 0xB6, 0xB2,
    0xC1, 0x35, 0xB6, 0x77, 0xBE, 0xE8, 0x8A, 0xCE, 0xF9, 0xD5, 0x5A, 0x93, 0x87, 0x1A, 0x33, 0xB4,
    0x98, 0x38, 0x91, 0x4C, 0x11, 0x24, 0x42, 0x3B, 0x80, 0x0B, 0xA8, 0x04, 0x8A, 0x0E, 0x9C, 0x87,
    0xBA, 0x21, 0x11, 0x90, 0x09, 0x64, 0x00, 0x69, 0xCE, 0x11, 0xE8, 0xEC, 0xFF, 0x9A, 0xA1, 0xCF,
    0x9D, 0x4B, 0x9F, 0x87, 0x42, 0x9F, 0x7F, 0x86, 0xA2, 0xCB, 0x42, 0xE9, 0xCD, 0xE8, 0x9A, 0x34,
    0x3A, 0x1D, 0x5F, 0x61, 0x7E, 0x04, 0x6D, 0x04, 0x17, 0xA1, 0x1C, 0xA0, 0x08, 0x9B, 0x99, 0x43,
    0x07, 0xA5, 0x57, 0x2F, 0xD4, 0x92, 0xF9, 0x36, 0xDA, 0xBE, 0xEE, 0x36, 0xD3, 0x89, 0x74, 0x02,
    0xAC, 0x52, 0xDA, 0xC2, 0x6F, 0x15, 0xDE, 0x01, 0x18, 0x01, 0xEE, 0x2D, 0x6D, 0x5A, 0x06, 0xD7,
    0xAF, 0xE7, 0x46, 0x6D, 0x63, 0x47, 0x84, 0x2C, 0xA6, 0x13, 0xE9, 0xAC, 0x80, 0xA2, 0x1E, 0xDA,
    0xB7, 0xFA, 0x9D, 0x82, 0xE6, 0x89, 0x14, 0x94, 0x3D, 0xC8, 0xE6, 0xA1, 0x60, 0x72, 0x72, 0x2A,
    0xC2, 0xD2, 0xBE, 0xE1, 0xBF, 0xDA, 0xB7, 0x32, 0x83, 0x60, 0xC6, 0xF9, 0xCB, 0xED, 0xEB, 0x7A,
    0x28, 0x4F, 0x69, 0xDF, 0x11, 0xA4, 0x41, 0xA1, 0x03, 0xD4, 0xFF, 0x0A, 0x20, 0xD2, 0xC1, 0x50,
    0x57, 0x00, 0xD0, 0x7A, 0x5C, 0xEF, 0x3A, 0x6A, 0x5F, 0x04, 0xA4, 0xB1, 0x43, 0xA2, 0xD4, 0x66,
    0xC2, 0x4C, 0x59, 0x24, 0xD9, 0x34, 0x7C, 0xBF, 0x87, 0x86, 0xBF, 0x6A, 0x3C, 0xF2, 0x81, 0x4F,
    0x45, 0x2A, 0xF3, 0xD1, 0xBC, 0xEB, 0x5E, 0x9D, 0x37, 0x51, 0x1B, 0xD9, 0xF6, 0x79, 0xB0, 0xAB,
    0x57, 0x36, 0xD8, 0xCE, 0x8C, 0xA5, 0x4F, 0xA3, 0x6B, 0x98, 0x5C, 0x85, 0xB4, 0x50, 0xCF, 0x9B,
    0x26, 0x8F, 0x60, 0x07, 0xB0, 0x9B, 0x66, 0x77, 0x1D, 0x4A, 0x50, 0x0B, 0xB4, 0x11, 0xEA, 0x1E,
    0xFE, 0x0D, 0x9C, 0x90, 0x01, 0x86, 0x1C, 0x41, 0x14, 0x86, 0xBF, 0xE9, 0x46, 0xA3, 0xAD, 0xBA,
    0x40, 0xA8, 0x1B, 0x6C, 0x43, 0x00, 0xE4, 0x0D, 0x41, 0xB0, 0x77, 0x9A, 0x2E, 0x0B, 0x39, 0x53,
    0x18, 0xA9, 0xC7, 0x5C, 0x60, 0xE4, 0x04, 0x9D, 0x3D, 0x41, 0xED, 0x1A, 0x34, 0x6A, 0xEB, 0xA5,
    0x6B, 0x67, 0x9A, 0xEC, 0x46, 0x06, 0xA3, 0xFE, 0xBF, 0xD5, 0xFF, 0x75, 0xBD, 0xBF, 0x28, 0x33,
    0x5D, 0x65, 0xE9, 0x3F, 0x36, 0xCB, 0xD7, 0xBF, 0xD0, 0xE1, 0x54, 0xD8, 0xB1, 0xC7, 0xB6, 0xA6,
    0xA6, 0x31, 0xDC, 0xE3, 0xC2, 0x30, 0x49, 0x92, 0xE4, 0x53, 0x3B, 0xF5, 0xEA, 0x82, 0x70, 0x07,
    0x1F, 0xA9, 0x9E, 0x29, 0x40, 0xC7, 0x27, 0x6A, 0x16, 0x32, 0x3B, 0x66, 0xF6, 0x4D, 0xC2, 0xBE,
    0xBE, 0x62, 0x07, 0xA3, 0x3A, 0x3E, 0x16, 0xEE, 0xD9, 0xE3, 0xC2, 0x17, 0x86, 0x29, 0x06, 0x49,
    0xA6, 0xD5, 0x3E, 0x8D, 0xDA, 0x4E, 0x2E, 0xF4, 0x3A, 0xE0, 0xC2, 0x79, 0xFE, 0x8E, 0xCF, 0x00,
    0xD7, 0xCF, 0xEA, 0xFB, 0xB3, 0x48, 0xF8, 0xC7, 0x7F, 0xBF, 0x44, 0xCD, 0xB7, 0xF9, 0x4A, 0xE7,
    0x0D, 0xFF, 0xFB, 0x49, 0x72, 0x2C, 0x66, 0x66, 0xB1, 0x48, 0x5E, 0x12, 0x75, 0x99, 0x7E, 0x5C,
    0x67, 0xDE, 0x14, 0x18, 0x15, 0xC0, 0x9B, 0x62, 0x5B, 0x00, 0xB1, 0x54, 0x31, 0x10, 0x1F, 0x4E,
    0x6D, 0x06, 0xC0, 0xDA, 0xD9, 0xCD, 0x00, 0x94, 0x76, 0xF6, 0x69, 0x65, 0x72, 0x5C, 0x77, 0x51,
    0x01, 0x18, 0x1F, 0x92, 0x01, 0x80, 0xD8, 0x53, 0xE9, 0x67, 0x16, 0x39, 0xFB, 0x9E, 0xC5, 0xB6,
    0x8B, 0x36, 0x3F, 0xDC, 0xC9, 0x4C, 0x17, 0x81, 0x7F, 0x2E, 0x7E, 0x5A, 0x04, 0xF2, 0x2B, 0xBB,
    0x97, 0xEC, 0x12, 0xC4, 0xC7, 0x75, 0x67, 0x4D, 0xEE, 0x5F, 0x72, 0x9F, 0x68, 0x4A, 0x73, 0x61,
    0x5D, 0xDE, 0x14, 0xFF, 0xBB, 0x4E, 0xB8, 0x13, 0x97, 0x16, 0x9F, 0x38, 0x37, 0x23, 0xCA, 0xE5,
    0xB6, 0x93, 0x4F, 0xC3, 0x51, 0x54, 0xC2, 0x48, 0xC4, 0x3D, 0x1B, 0xFE, 0xE9, 0x95, 0xE1, 0x90,
    0x91, 0xC3, 0x8C, 0x7C, 0x4B, 0x8C, 0x7D, 0xE2, 0xA7, 0x3B, 0x82, 0x28, 0xB6, 0x6D, 0x0A, 0x6D,
    0xC6, 0x25, 0x86, 0x63, 0xD5, 0xDB, 0x45, 0x2C, 0x90, 0xB7, 0xD2, 0xF7, 0x04, 0x44, 0xAB, 0xAC,
    0xC6, 0x6E, 0x9D, 0x82, 0x36, 0x41, 0x37, 0x81, 0x53, 0xF0, 0x01, 0x04, 0xD8, 0x01, 0x19, 0x36,
    0xF3, 0x9F, 0x91, 0x2D, 0x9D, 0x01, 0xC4, 0x00, 0x8C, 0xD1, 0x01, 0xA6, 0xDF, 0x40, 0x10, 0x06,
    0xF0, 0x2F, 0xFF, 0xE5, 0xAD, 0x0A, 0x16, 0x0A, 0x50, 0x01, 0x28, 0xB0, 0x00, 0x05, 0x26, 0x14,
    0xC5, 0x43, 0x4F, 0x54, 0x9B, 0x1B, 0xB4, 0x47, 0x28, 0xA0, 0x1E, 0x3C, 0x40, 0x01, 0x93, 0x23,
    0xE4, 0x06, 0xCD, 0x0D, 0x32, 0x58, 0x6C, 0x6B, 0x5F, 0xBE, 0x4E, 0xB4, 0x7D, 0x68, 0xA1, 0xF6,
    0x27, 0x91, 0x99, 0x2F, 0x33, 0x22, 0xB7, 0x13, 0x89, 0xAB, 0x1C, 0x56, 0xDE, 0x55, 0x0D, 0x8D,
    0xA1, 0x3F, 0xF3, 0x47, 0x2F, 0x7A, 0xCB, 0x03, 0x1E, 0xC3, 0x64, 0x10, 0x83, 0xDA, 0x40, 0x0B,
    0xB4, 0xF1, 0x9B, 0xA5, 0x8F, 0x26, 0xC9, 0x3E, 0x24, 0x3B, 0x1F, 0x1B, 0xD9, 0x1D, 0x92, 0xB9,
    0xCC, 0x2A, 0xEE, 0xE1, 0xB3, 0x00, 0xA2, 0xB3, 0x70, 0x97, 0xA3, 0x96, 0xD8, 0x10, 0x2E, 0x6F,
    0x62, 0x2B, 0x6A, 0x85, 0xDB, 0x78, 0x02, 0xE3, 0x0E, 0xDD, 0x03, 0x3F, 0xA5, 0x8A, 0xFC, 0x1D,
    0x5E, 0x54, 0x1A, 0xEF, 0x1B, 0xC3, 0x45, 0xEF, 0x5B, 0xA1, 0x4D, 0xDC, 0x7C, 0x3B, 0x69, 0xEE,
    0xE1, 0x71, 0x47, 0x5E, 0x21, 0xC0, 0x89, 0xE1, 0x09, 0xB7, 0x7E, 0x8D, 0x8C, 0xF5, 0x32, 0xDA,
    0x6F, 0xF1, 0x84, 0x70, 0x55, 0x9A, 0x26, 0xD3, 0xF7, 0x26, 0xDC, 0x26, 0x5E, 0x1F, 0xC8, 0x78,
    0xCD, 0xF4, 0xAB, 0x1E, 0x35, 0x73, 0xBF, 0x3B, 0xE7, 0xBB, 0x13, 0x99, 0x6B, 0xB9, 0x5A, 0xF5,
    0x79, 0xA3, 0xB0, 0x4D, 0xAC, 0x83, 0x1A, 0x74, 0x1B, 0xB9, 0xE4, 0x27, 0x4C, 0x3B, 0x5E, 0x00,
    0xD1, 0xD2, 0x96, 0x57, 0x59, 0xCA, 0xAC, 0xE0, 0xF3, 0x51, 0x94, 0x59, 0xE6, 0xBC, 0xA6, 0x2D,
    0x5A, 0xC1, 0x75, 0x4F, 0x36, 0x5A, 0xAC, 0xA1, 0xFD, 0x39, 0xB1, 0x8E, 0x5E, 0xB9, 0xDE, 0x2D,
    0x90, 0xBC, 0x08, 0x37, 0x39, 0x4C, 0xDE, 0x9A, 0x84, 0xBF, 0xFD, 0xFF, 0xAF, 0x18, 0x3A, 0xA6,
    0x8E, 0xD2, 0xA1, 0x1D, 0x5F, 0x3B, 0xC2, 0x3F, 0x84, 0xEB, 0x2F, 0x37, 0xCE, 0x99, 0x26, 0x47,
    0x7D, 0x15, 0x1A, 0x5C, 0x6C, 0x48, 0x86, 0x69, 0x43, 0x59, 0x06, 0x22, 0x76, 0xE4, 0x1F, 0x5F,
    0x84, 0xDD, 0x8D, 0x27, 0x0A, 0xD7, 0xA2, 0xFB, 0xCB, 0xB4, 0x7B, 0x20, 0x70, 0x09, 0x9C, 0x6F,
    0xBA, 0x79, 0xDE, 0xBD, 0x4E, 0xE6, 0x2D, 0x0F, 0x8C, 0x3F, 0x47, 0x76, 0x42, 0x18, 0x4D, 0x08,
    0xEC, 0xF0, 0x84, 0x00, 0x00, 0x85, 0x93, 0x01, 0x87, 0xDC, 0x40, 0x14, 0xC7, 0xFF, 0x49, 0x68,
    0x4A, 0x30, 0xE0, 0xC0, 0xD1, 0x2D, 0x80, 0xD2, 0xE6, 0x0B, 0x5C, 0x9B, 0x00, 0xC5, 0xA1, 0xA8,
    0x53, 0xC0, 0x01, 0x0A, 0x38, 0x80, 0x43, 0xC9, 0x00, 0x87, 0x83, 0x7E, 0x8E, 0x02, 0x28, 0x8A,
    0x32, 0xD1, 0xFB, 0x02, 0xA7, 0x50, 0x40, 0x83, 0x42, 0x81, 0x51, 0x69, 0xCD, 0xEE, 0x26, 0xF3,
    0xEF, 0x9B, 0xB7, 0xBB, 0xBB, 0xA7, 0xC5, 0xED, 0xFA, 0xFD, 0xC8, 0xFB, 0xBF, 0xCC, 0x63, 0x9E,
    0x00, 0xE3, 0x47, 0xC0, 0x7B, 0xD4, 0xF4, 0x19, 0x39, 0x96, 0xE4, 0x6C, 0xD6, 0x37, 0xB1, 0xFE,
    0x76, 0x13, 0x9A, 0xEB, 0x2B, 0xDB, 0xBD, 0x3A, 0x6D, 0x9D, 0x31, 0xE0, 0xC2, 0x20, 0x3E, 0x7B,
    0x84, 0xF8, 0xFC, 0x29, 0x78, 0x72, 0x02, 0xBE, 0x3B, 0x81, 0xFB, 0x74, 0x89, 0x4E, 0x5E, 0x6F,
    0xBC, 0x7F, 0x5C, 0x7B, 0xFF, 0xD9, 0x70, 0x1D, 0x4B, 0x72, 0x2A, 0x48, 0x5F, 0x7C, 0x8F, 0x6D,
    0x79, 0x65, 0x51, 0x9D, 0xB6, 0xC0, 0x62, 0x09, 0x90, 0x56, 0xEA, 0x7D, 0x39, 0xE5, 0xB6, 0x1A,
    0x81, 0xCA, 0x1F, 0x68, 0xC8, 0x3D, 0xC5, 0xF4, 0xCF, 0x73, 0x00, 0x52, 0xFF, 0x62, 0x00, 0x1C,
    0xD9, 0x73, 0x8B, 0xF4, 0xE5, 0x13, 0x8A, 0xA8, 0xE6, 0xC6, 0xBD, 0x7A, 0x50, 0x7B, 0xF5, 0x24,
    0x26, 0xE7, 0x9C, 0x23, 0x57, 0xCC, 0x19, 0xE4, 0xFF, 0x85, 0xA1, 0x08, 0xDD, 0x57, 0x49, 0x43,
    0xFD, 0x4B, 0xD2, 0x60, 0x56, 0x92, 0x86, 0x92, 0x29, 0xCD, 0x99, 0x52, 0x30, 0xA5, 0xE8, 0xD4,
    0xB5, 0xDA, 0xA8, 0x4B, 0xB5, 0x9C, 0x59, 0x31, 0xB6, 0x22, 0x0E, 0x49, 0x01, 0x95, 0xAF, 0x66,
    0x51, 0x1E, 0x45, 0x19, 0x41, 0x92, 0xFE, 0xA0, 0x6D, 0x50, 0xCE, 0xDA, 0xBC, 0x7B, 0xED, 0x27,
    0xA4, 0x86, 0xFB, 0xB4, 0xBF, 0x24, 0x43, 0xEE, 0xD8, 0xD5, 0x32, 0x77, 0xED, 0x2B, 0xD2, 0xD7,
    0x42, 0xD3, 0x37, 0xDE, 0xC1, 0x78, 0x26, 0x24, 0x8B, 0x02, 0x15, 0xE3, 0x5D, 0x6B, 0x52, 0xAE,
    0x7D, 0x15, 0xD7, 0x3E, 0xE3, 0x4B, 0x8F, 0xED, 0x2F, 0xAD, 0x64, 0x07, 0xE0, 0xD2, 0x62, 0x48,
    0x8B, 0x86, 0x1C, 0xE0, 0xEC, 0x62, 0xC8, 0x22, 0x0A, 0x9B, 0x76, 0xA2, 0x8B, 0x00, 0x53, 0xDB,
    0x41, 0x95, 0xFF, 0xBF, 0xA6, 0x7D, 0xF9, 0x84, 0x0C, 0x19, 0x51, 0xF4, 0x7A, 0x8A, 0x9E, 0xB7,
    0x39, 0x19, 0x2E, 0xA4, 0xA1, 0xEF, 0x93, 0xA6, 0x24, 0x82, 0x01, 0x9C, 0x45, 0x5D, 0x14, 0x35,
    0x31, 0xDD, 0x79, 0x2F, 0x6A, 0x7A, 0x8A, 0x76, 0x41, 0xC6, 0x58, 0x90, 0x11, 0xA2, 0x20, 0x5A,
    0xB5, 0x3A, 0xE8, 0x1E, 0x01, 0x7E, 0xA7, 0xE3, 0x34, 0x9B, 0xD4, 0xE1, 0x11, 0x86, 0x6B, 0xB6,
    0xF5, 0xE8, 0x5F, 0xC8, 0x14, 0xFF, 0x10, 0x9D, 0xF5, 0x80, 0x83, 0x88, 0x7B, 0x45, 0x90, 0x56,
    0xC5, 0x24, 0x49, 0x1B, 0xEB, 0x5A, 0x51, 0x67, 0x45, 0xCD, 0xAD, 0x68, 0xB1, 0xF4, 0xCE, 0x56,
    0x94, 0x34, 0x4F, 0xC2, 0x45, 0x3C, 0xB7, 0xC8, 0xF6, 0x23, 0x55, 0x23, 0x50, 0xD3, 0xEE, 0xBF,
    0xAC, 0xF9, 0x4F, 0xAC, 0x07, 0x7F, 0x29, 0x53, 0xD1, 0xB5, 0x5E, 0x67, 0x52, 0x88, 0x5B, 0xA8,
    0x68, 0x5D, 0x73, 0xE9, 0xDB, 0x7C, 0x59, 0x71, 0x1D, 0xF5, 0xC2, 0x48, 0x8F, 0xE3, 0xD8, 0x42,
    0xF2, 0xC4, 0xD1, 0xD9, 0xD9, 0x19, 0x1A, 0x92, 0xAD, 0xEA, 0xC9, 0x07, 0xAE, 0x00, 0x2C, 0x52,
    0x70, 0xBE, 0xBC, 0x13, 0xC8, 0xE3, 0xEF, 0x4D, 0x20, 0x2D, 0xB7, 0x29, 0xB0, 0xA2, 0x19, 0x38,
    0x7A, 0x13, 0x01, 0x64, 0x14, 0xC1, 0x59, 0x51, 0xD3, 0x8B, 0xEA, 0x41, 0x64, 0x46, 0x51, 0xA5,
    0xAB, 0x9F, 0xF5, 0x3A, 0x0F, 0x3C, 0x90, 0x12, 0x51, 0x90, 0x28, 0xF9, 0x03, 0xDD, 0xAC, 0x5B,
    0xC5, 0xDB, 0x70, 0x91, 0x6A, 0xC2, 0x8C, 0x5A, 0x36, 0xEC, 0x26, 0xAD, 0xBB, 0xD7, 0x01, 0x2C,
    0x42, 0x2E, 0x8B, 0xAD, 0x26, 0xC9, 0xBD, 0xD0, 0x17, 0x5C, 0xC2, 0x28, 0xEC, 0x05, 0x6F, 0x86,
    0x2A, 0x98, 0xA1, 0x98, 0xCC, 0x90, 0xDF, 0xA1, 0x48, 0x48, 0xDD, 0x8C, 0x24, 0x07, 0xC1, 0x52,
    0xE6, 0x99, 0x01, 0x0A, 0xD9, 0xEF, 0xD9, 0xD5, 0xFE, 0x02, 0x63, 0x08, 0x60, 0x60, 0x60, 0x60,
    0x3A, 0x00, 0x24, 0xF8, 0x19, 0x80, 0xC0, 0xFE, 0xFF, 0xFF, 0xFF, 0x1F, 0xC0, 0x04, 0x90, 0x0B,
    0x95, 0x00, 0x2A, 0x01, 0x01, 0xE6, 0x03, 0xDC, 0x1F, 0xF4, 0x7F, 0x94, 0x9F, 0x75, 0x3E, 0xC8,
    0x7C, 0x00, 0x2B, 0x04, 0xA9, 0x15, 0x00, 0xA9, 0x94, 0x05, 0x11, 0xEC, 0x0D, 0x60, 0x63, 0xEA,
    0x41, 0x04, 0x98, 0x0B, 0x24, 0xF8, 0x40, 0x12, 0x2A, 0x40, 0x8C, 0xCB, 0x84, 0xE0, 0x43, 0xE6,
    0x77, 0xE5, 0x7F, 0x70, 0x3F, 0x60, 0x3A, 0x00, 0x00, 0xAC, 0xD3, 0x01, 0xE6, 0xE5, 0x56, 0x1C,
    0xC5, 0xF1, 0xCF, 0xCB, 0x6B, 0xFF, 0x0F, 0x41, 0xA0, 0x94, 0xB6, 0x04, 0x80, 0x81, 0x2C, 0xE1,
    0x46, 0xBB, 0x85, 0x02, 0x50, 0x00, 0x0A, 0xD3, 0x1D, 0x24, 0xBA, 0x9A, 0x9A, 0x35, 0x94, 0x44,
    0x8B, 0x02, 0xFA, 0xDA, 0x15, 0x64, 0x09, 0x17, 0x41, 0x86, 0x9B, 0xFC, 0xDA, 0x97, 0x7F, 0x9F,
    0x51, 0x05, 0x6A, 0xC8, 0x39, 0x38, 0xBF, 0x13, 0xDF, 0x03, 0x57, 0xBD, 0x91, 0x82, 0x88, 0xF1,
    0x72, 0x0C, 0x73, 0xB5, 0x75, 0x77, 0x3F, 0xB4, 0x0B, 0x4D, 0xA6, 0xCD, 0xEA, 0xC8, 0xA6, 0xC8,
    0xD7, 0xF8, 0x2E, 0xD7, 0x5B, 0x97, 0xDB, 0x25, 0x2D, 0xDD, 0x9C, 0xEE, 0x69, 0x1C, 0xE6, 0xD4,
    0x4F, 0x63, 0xEA, 0xA3, 0x4F, 0xBF, 0x86, 0x2E, 0x8A, 0x26, 0xB2, 0x2A, 0x46, 0xC0, 0x67, 0x50,
    0xE0, 0x40, 0x15, 0xB8, 0x46, 0x4F, 0x1D, 0x33, 0x4D, 0xDC, 0x69, 0x7F, 0xCF, 0xA4, 0xDF, 0x32,
    0xC3, 0x37, 0x1B, 0x53, 0x55, 0x38, 0x1C, 0xAA, 0x22, 0x5C, 0x37, 0x43, 0x7F, 0x5B, 0xA5, 0xB9,
    0xC9, 0xBA, 0x7B, 0x7B, 0xD7, 0x2C, 0x69, 0x56, 0xE7, 0x14, 0x11, 0xDB, 0x14, 0x11, 0xE5, 0xB4,
    0x37, 0xEF, 0xDE, 0xFD, 0x34, 0x44, 0xEC, 0xA7, 0xF8, 0xA8, 0x4A, 0xEC, 0x20, 0x22, 0x62, 0xFC,
    0x60, 0x69, 0x41, 0xB3, 0xE1, 0xB6, 0xE3, 0x12, 0x3D, 0x86, 0x3B, 0xBA, 0x8C, 0xBA, 0xA0, 0x8A,
    0xF3, 0x82, 0xEB, 0x81, 0xA6, 0x20, 0x65, 0x4C, 0x33, 0x55, 0x3C, 0xFF, 0x6D, 0x57, 0xA4, 0x85,
    0x93, 0x31, 0x7F, 0xB0, 0x27, 0x77, 0xFF, 0x47, 0x05, 0x6F, 0x4E, 0x0E, 0xEC, 0xA8, 0x0A, 0xAE,
    0x19, 0xCD, 0x82, 0x76, 0x46, 0xEA, 0x31, 0xC1, 0x79, 0x3C, 0x27, 0x9E, 0x8D, 0x73, 0xDC, 0xD9,
    0x80, 0x03, 0x97, 0xB3, 0xB1, 0xA2, 0x7E, 0x36, 0xA4, 0x11, 0xDD, 0x38, 0x2D, 0x91, 0x23, 0x0F,
    0xCB, 0x17, 0x3D, 0x80, 0x5B, 0x9C, 0xCD, 0xD3, 0x4F, 0xDC, 0xC9, 0xA3, 0x9B, 0x3D, 0xB1, 0x06,
    0x30, 0x31, 0x64, 0xFB, 0xC3, 0x1F, 0x88, 0xCF, 0xB7, 0x6A, 0xA3, 0x2A, 0x0F, 0xD2, 0xA5, 0x9C,
    0x63, 0xF6, 0x7A, 0xC1, 0x74, 0x12, 0x87, 0xD7, 0xD9, 0x6F, 0x47, 0xA4, 0x09, 0xDA, 0x80, 0xE6,
    0x38, 0xBD, 0xC0, 0xA7, 0xDF, 0xA2, 0x3A, 0xBC, 0xEC, 0x9A, 0x58, 0xBA, 0x98, 0x53, 0x94, 0x88,
    0x3C, 0xFC, 0x18, 0x47, 0xB3, 0x4E, 0xA6, 0xF5, 0xBA, 0x4D, 0x52, 0x7E, 0xF8, 0xB0, 0x5D, 0xB7,
    0xE1, 0x97, 0x38, 0xEA, 0xF5, 0xB5, 0xF3, 0xDA, 0xBF, 0x1C, 0x7D, 0x75, 0x70, 0xDB, 0x74, 0xC5,
    0xB0, 0x99, 0x7A, 0x93, 0xFF, 0xF9, 0x85, 0xF6, 0x90, 0x8A, 0x6E, 0x01, 0xB7, 0x5D, 0x69, 0xE3,
    0xCF, 0x92, 0x22, 0x4A, 0xFA, 0x3A, 0xD6, 0xA4, 0xBB, 0x43, 0xB5, 0x3D, 0xF2, 0x3F, 0xFE, 0x93,
    0x33, 0xE0, 0xE0, 0xB2, 0x8B, 0x88, 0xED, 0x29, 0xED, 0x9D, 0x34, 0x33, 0xF4, 0xFF, 0xCA, 0x6F,
    0x2B, 0x4D, 0x76, 0x9E, 0xF1, 0x09, 0x7E, 0xE6, 0xCB, 0xA2, 0x8A, 0xCD, 0xDB, 0xE8, 0xEB, 0x58,
    0x4C, 0xEF, 0x89, 0x85, 0x2E, 0x7A, 0x97, 0x78, 0xCF, 0x23, 0x34, 0x14, 0xAA, 0x82, 0xAF, 0xBE,
    0xFF, 0xFB, 0x89, 0x44, 0x44, 0x79, 0xA8, 0xC7, 0x86, 0xB8, 0x33, 0x1C, 0xBC, 0xC4, 0x4A, 0x1B,
    0x23, 0x53, 0xA1, 0x2B, 0x5E, 0x62, 0xB9, 0x4C, 0xBB, 0x2E, 0x46, 0xB1, 0x72, 0xF4, 0xFC, 0xB5,
    0x09, 0x40, 0xF5, 0xC8, 0x66, 0x00, 0x00, 0x9C, 0xCD, 0x81, 0x05, 0xC5, 0x40, 0x10, 0x84, 0xE1,
    0xF1, 0xE0, 0xE1, 0x9A, 0x4A, 0x67, 0xDB, 0x4E, 0xBA, 0xC8, 0x95, 0x92, 0x12, 0x16, 0x41, 0x10,
    0x3B, 0xF9, 0x1D, 0xE1, 0x00, 0x91, 0xC1, 0x87, 0x81, 0x5F, 0xB1, 0x87, 0x7E, 0x3E, 0xDD, 0xFF,
    0x4E, 0xF7, 0x76, 0x28, 0x96, 0x96, 0x92, 0x06, 0x76, 0x6E, 0x13, 0x7C, 0x9F, 0x61, 0x25, 0x6A,
    0x25, 0x6A, 0x25, 0x6A, 0x25, 0x6A, 0x90, 0x0F, 0x34, 0x66, 0xF8, 0xDE, 0xE2, 0xC1, 0x0A, 0x71,
    0xC1, 0x3D, 0xF9, 0x1F, 0x00,
};

static const EpdGlyph sarabun_14_boldGlyphs[] = {
    { 0, 0, 0, 0, 0, 0, 0 }, // U+0000
    { 0, 0, 109, 0, 0, 0, 0 }, // U+000D
    { 0, 0, 109, 0, 0, 0, 0 }, // U+0020
    { 5, 21, 119, 1, 21, 27, 0 }, // !
    { 10, 8, 189, 1, 21, 20, 27 }, // "
    { 18, 21, 330, 1, 21, 95, 47 }, // #
    { 15, 25, 253, 1, 23, 94, 142 }, // $
    { 26, 21, 452, 1, 21, 137, 236 }, // %
    { 19, 22, 325, 1, 21, 105, 373 }, // &
    { 4, 8, 96, 1, 21, 8, 478 }, // '
    { 9, 24, 165, 1, 22, 54, 486 }, // (
    { 9, 24, 165, 0, 22, 54, 540 }, // )
    { 12, 13, 209, 1, 23, 39, 594 }, // *
    { 15, 15, 288, 1, 15, 57, 633 }, // +
    { 6, 11, 136, 1, 5, 17, 690 }, // ,
    { 9, 3, 159, 1, 10, 7, 707 }, // -
    { 5, 5, 136, 2, 5, 7, 714 }, // .
    { 16, 23, 218, -1, 21, 92, 721 }, // /
    { 15, 21, 264, 1, 21, 79, 813 }, // 0
    { 12, 21, 264, 2, 21, 63, 892 }, // 1
    { 15, 21, 264, 1, 21, 79, 955 }, // 2
    { 15, 21, 264, 0, 21, 79, 1034 }, // 3
    { 15, 21, 264, 1, 21, 79, 1113 }, // 4
    { 15, 21, 264, 0, 21, 79, 1192 }, // 5
    { 14, 22, 264, 1, 22, 77, 1271 }, // 6
    { 14, 21, 264, 1, 21, 74, 1348 }, // 7
    { 15, 21, 264, 1, 21, 79, 1422 }, // 8
    { 14, 21, 264, 1, 21, 74, 1501 }, // 9
    { 5, 15, 136, 2, 15, 19, 1575 }, // :
    { 6, 21, 136, 1, 15, 32, 1594 }, // ;
    { 15, 18, 288, 2, 18, 68, 1626 }, // <
    { 15, 9, 288, 2, 12, 34, 1694 }, // =
    { 15, 18, 288, 2, 18, 68, 1728 }, // >
    { 12, 21, 220, 1, 21, 63, 1796 }, // ?
    { 22, 22, 376, 1, 18, 121, 1859 }, // @
    { 19, 21, 299, 0, 21, 100, 1980 }, // A
    { 15, 21, 283, 2, 21, 79, 2080 }, // B
    { 16, 21, 289, 1, 21, 84, 2159 }, // C
    { 16, 21, 300, 2, 21, 84, 2243 }, // D
    { 14, 21, 267, 2, 21, 74, 2327 }, // E
    { 14, 21, 268, 2, 21, 74, 2401 }, // F
    { 17, 21, 305, 1, 21, 90, 2475 }, // G
    { 16, 21, 323, 2, 21, 84, 2565 }, // H
    { 4, 21, 151, 3, 21, 21, 2649 }, // I
    { 13, 21, 230, -1, 21, 69, 2670 }, // J
    { 17, 21, 306, 2, 21, 90, 2739 }, // K
    { 14, 21, 264, 2, 21, 74, 2829 }, // L
    { 20, 21, 381, 2, 21, 105, 2903 }, // M
    { 16, 21, 326, 2, 21, 84, 3008 }, // N
    { 18, 21, 322, 1, 21, 95, 3092 }, // O
    { 14, 21, 275, 2, 21, 74, 3187 }, // P
    { 18, 24, 322, 1, 21, 108, 3261 }, // Q
    { 16, 21, 278, 2, 21, 84, 3369 }, // R
    { 15, 21, 257, 1, 21, 79, 3453 }, // S
    { 16, 21, 275, 1, 21, 84, 3532 }, // T
    { 16, 21, 309, 2, 21, 84, 3616 }, // U
    { 19, 21, 302, 0, 21, 100, 3700 }, // V
    { 25, 21, 408, 0, 21, 132, 3800 }, // W
    { 19, 21, 306, 0, 21, 100, 3932 }, // X
    { 18, 21, 293, 0, 21, 95, 4032 }, // Y
    { 16, 21, 276, 1, 21, 84, 4127 }, // Z
    { 8, 24, 155, 1, 21, 48, 4211 }, // [
    { 16, 23, 180, -1, 21, 92, 4259 }, // <backslash>
    { 7, 24, 155, 1, 21, 42, 4351 }, // ]
    { 17, 14, 280, 0, 21, 60, 4393 }, // ^
    { 10, 3, 167, 0, -6, 8, 4453 }, // _
    { 7, 5, 187, 2, 21, 9, 4461 }, // `
    { 14, 15, 247, 1, 15, 53, 4470 }, // a
    { 15, 22, 260, 1, 22, 83, 4523 }, // b
    { 14, 15, 230, 1, 15, 53, 4606 }, // c
    { 15, 22, 260, 1, 22, 83, 4659 }, // d
    { 15, 15, 253, 0, 15, 57, 4742 }, // e
    { 11, 21, 176, 1, 21, 58, 4799 }, // f
    { 14, 22, 259, 1, 15, 77, 4857 }, // g
    { 14, 22, 265, 1, 22, 77, 4934 }, // h
    { 5, 21, 127, 2, 21, 27, 5011 }, // i
    { 9, 27, 130, -2, 21, 61, 5038 }, // j
    { 14, 22, 249, 1, 22, 77, 5099 }, // k
    { 8, 22, 140, 2, 22, 44, 5176 }, // l
    { 23, 15, 395, 0, 15, 87, 5220 }, // m
    { 15, 15, 263, 0, 15, 57, 5307 }, // n
    { 15, 15, 270, 1, 15, 57, 5364 }, // o
    { 15, 22, 264, 1, 15, 83, 5421 }, // p
    { 14, 22, 264, 1, 15, 77, 5504 }, // q
    { 11, 15, 185, 1, 15, 42, 5581 }, // r
    { 12, 15, 206, 0, 15, 45, 5623 }, // s
    { 11, 20, 196, 1, 20, 55, 5668 }, // t
    { 14, 15, 262, 1, 15, 53, 5723 }, // u
    { 16, 15, 246, 0, 15, 60, 5776 }, // v
    { 21, 15, 330, 0, 15, 79, 5836 }, // w
    { 15, 15, 243, 0, 15, 57, 5915 }, // x
    { 15, 20, 236, 0, 15, 75, 5972 }, // y
    { 13, 15, 222, 1, 15, 49, 6047 }, // z
    { 9, 24, 163, 1, 21, 54, 6096 }, // {
    { 4, 25, 120, 2, 21, 25, 6150 }, // |
    { 9, 24, 163, 0, 21, 54, 6175 }, // }
    { 15, 5, 288, 2, 10, 19, 6229 }, // ~
    { 0, 0, 109, 0, 0, 0, 0 }, // U+00A0
    { 5, 21, 119, 1, 15, 27, 0 }, // U+00A1
    { 14, 20, 228, 1, 19, 70, 27 }, // U+00A2
    { 14, 21, 257, 1, 21, 74, 97 }, // U+00A3
    { 18, 18, 295, 0, 19, 81, 171 }, // U+00A4
    { 18, 21, 298, 0, 21, 95, 252 }, // U+00A5
    { 4, 26, 120, 2, 21, 26, 347 }, // U+00A6
    { 14, 24, 255, 0, 21, 84, 373 }, // U+00A7
    { 10, 4, 187, 1, 20, 10, 457 }, // U+00A8
    { 21, 22, 378, 1, 22, 116, 467 }, // U+00A9
    { 10, 11, 169, 1, 20, 28, 583 }, // U+00AA
    { 17, 12, 273, 0, 14, 51, 611 }, // U+00AB
    { 16, 9, 287, 1, 12, 36, 662 }, // U+00AC
    { 9, 3, 159, 1, 10, 7, 698 }, // U+00AD
    { 13, 13, 247, 1, 21, 43, 705 }, // U+00AE
    { 10, 2, 187, 1, 19, 5, 748 }, // U+00AF
    { 8, 8, 150, 1, 21, 16, 753 }, // U+00B0
    { 15, 16, 288, 1, 16, 60, 769 }, // U+00B1
    { 11, 14, 201, 0, 20, 39, 829 }, // U+00B2
    { 10, 14, 201, 1, 20, 35, 868 }, // U+00B3
    { 7, 5, 187, 3, 21, 9, 903 }, // U+00B4
    { 14, 21, 262, 1, 15, 74, 912 }, // U+00B5
    { 13, 24, 254, 1, 21, 78, 986 }, // U+00B6
    { 5, 5, 136, 2, 10, 7, 1064 }, // U+00B7
    { 7, 8, 187, 2, 0, 14, 1071 }, // U+00B8
    { 9, 14, 201, 2, 20, 32, 1085 }, // U+00B9
    { 10, 11, 182, 1, 20, 28, 1117 }, // U+00BA
    { 17, 12, 273, 0, 14, 51, 1145 }, // U+00BB
    { 26, 23, 477, 2, 22, 150, 1196 }, // U+00BC
    { 26, 22, 477, 2, 21, 143, 1346 }, // U+00BD
    { 26, 23, 477, 1, 22, 150, 1489 }, // U+00BE
    { 13, 22, 220, 1, 15, 72, 1639 }, // U+00BF
    { 19, 27, 299, 0, 27, 129, 1711 }, // U+00C0
    { 19, 27, 299, 0, 27, 129, 1840 }, // U+00C1
    { 19, 27, 299, 0, 27, 129, 1969 }, // U+00C2
    { 19, 26, 299, 0, 26, 124, 2098 }, // U+00C3
    { 18, 26, 299, 0, 26, 117, 2222 }, // U+00C4
    { 18, 27, 299, 0, 27, 122, 2339 }, // U+00C5
    { 23, 21, 386, 0, 21, 121, 2461 }, // U+00C6
    { 17, 27, 289, 1, 21, 115, 2582 }, // U+00C7
    { 14, 27, 267, 2, 27, 95, 2697 }, // U+00C8
    { 14, 27, 267, 2, 27, 95, 2792 }, // U+00C9
    { 14, 27, 267, 2, 27, 95, 2887 }, // U+00CA
    { 14, 26, 267, 2, 26, 91, 2982 }, // U+00CB
    { 7, 27, 151, 0, 27, 48, 3073 }, // U+00CC
    { 7, 27, 151, 3, 27, 48, 3121 }, // U+00CD
    { 10, 27, 151, 0, 27, 68, 3169 }, // U+00CE
    { 10, 26, 151, 0, 26, 65, 3237 }, // U+00CF
    { 17, 21, 302, 1, 21, 90, 3302 }, // U+00D0
    { 16, 26, 326, 2, 26, 104, 3392 }, // U+00D1
    { 18, 27, 322, 1, 27, 122, 3496 }, // U+00D2
    { 18, 27, 322, 1, 27, 122, 3618 }, // U+00D3
    { 18, 28, 322, 1, 28, 126, 3740 }, // U+00D4
    { 18, 27, 322, 1, 27, 122, 3866 }, // U+00D5
    { 18, 26, 322, 1, 26, 117, 3988 }, // U+00D6
    { 16, 16, 288, 1, 16, 64, 4105 }, // U+00D7
    { 18, 22, 322, 1, 21, 99, 4169 }, // U+00D8
    { 16, 27, 309, 2, 27, 108, 4268 }, // U+00D9
    { 16, 27, 309, 2, 27, 108, 4376 }, // U+00DA
    { 16, 28, 309, 2, 28, 112, 4484 }, // U+00DB
    { 16, 26, 309, 2, 26, 104, 4596 }, // U+00DC
    { 18, 27, 293, 0, 27, 122, 4700 }, // U+00DD
    { 14, 21, 268, 2, 21, 74, 4822 }, // U+00DE
    { 15, 21, 268, 1, 21, 79, 4896 }, // U+00DF
    { 14, 21, 247, 1, 21, 74, 4975 }, // U+00E0
    { 14, 21, 247, 1, 21, 74, 5049 }, // U+00E1
    { 14, 21, 247, 1, 21, 74, 5123 }, // U+00E2
    { 14, 21, 247, 1, 21, 74, 5197 }, // U+00E3
    { 14, 21, 247, 1, 21, 74, 5271 }, // U+00E4
    { 14, 22, 247, 1, 22, 77, 5345 }, // U+00E5
    { 22, 15, 384, 1, 15, 83, 5422 }, // U+00E6
    { 14, 22, 230, 1, 15, 77, 5505 }, // U+00E7
    { 15, 21, 253, 0, 21, 79, 5582 }, // U+00E8
    { 15, 21, 253, 0, 21, 79, 5661 }, // U+00E9
    { 15, 21, 253, 0, 21, 79, 5740 }, // U+00EA
    { 14, 21, 253, 1, 21, 74, 5819 }, // U+00EB
    { 7, 21, 130, -1, 21, 37, 5893 }, // U+00EC
    { 7, 21, 130, 2, 21, 37, 5930 }, // U+00ED
    { 11, 21, 130, -2, 21, 58, 5967 }, // U+00EE
    { 10, 21, 130, -1, 21, 53, 6025 }, // U+00EF
    { 13, 22, 239, 1, 22, 72, 6078 }, // U+00F0
    { 15, 20, 263, 0, 20, 75, 6150 }, // U+00F1
    { 15, 21, 270, 1, 21, 79, 6225 }, // U+00F2
    { 15, 21, 270, 1, 21, 79, 6304 }, // U+00F3
    { 15, 21, 270, 1, 21, 79, 6383 }, // U+00F4
    { 15, 21, 270, 1, 21, 79, 6462 }, // U+00F5
    { 15, 21, 270, 1, 21, 79, 6541 }, // U+00F6
    { 15, 15, 288, 1, 15, 57, 6620 }, // U+00F7
    { 15, 17, 270, 1, 16, 64, 6677 }, // U+00F8
    { 14, 21, 262, 1, 21, 74, 6741 }, // U+00F9
    { 14, 21, 262, 1, 21, 74, 6815 }, // U+00FA
    { 14, 21, 262, 1, 21, 74, 6889 }, // U+00FB
    { 14, 21, 262, 1, 21, 74, 6963 }, // U+00FC
    { 15, 26, 236, 0, 21, 98, 7037 }, // U+00FD
    { 14, 28, 253, 1, 21, 98, 7135 }, // U+00FE
    { 15, 26, 236, 0, 21, 98, 7233 }, // U+00FF
    { 18, 25, 299, 0, 25, 113, 0 }, // U+0100
    { 14, 20, 247, 1, 20, 70, 113 }, // U+0101
    { 20, 27, 299, 0, 27, 135, 183 }, // U+0102
    { 14, 21, 247, 1, 21, 74, 318 }, // U+0103
    { 19, 28, 299, 0, 21, 133, 392 }, // U+0104
    { 14, 22, 247, 1, 15, 77, 525 }, // U+0105
    { 16, 27, 289, 1, 27, 108, 602 }, // U+0106
    { 14, 21, 230, 1, 21, 74, 710 }, // U+0107
    { 16, 28, 289, 1, 28, 112, 784 }, // U+0108
    { 14, 21, 230, 1, 21, 74, 896 }, // U+0109
    { 17, 26, 289, 1, 26, 111, 970 }, // U+010A
    { 13, 21, 230, 1, 21, 69, 1081 }, // U+010B
    { 16, 28, 289, 1, 28, 112, 1150 }, // U+010C
    { 14, 21, 230, 1, 21, 74, 1262 }, // U+010D
    { 16, 27, 300, 2, 27, 108, 1336 }, // U+010E
    { 20, 23, 346, 1, 23, 115, 1444 }, // U+010F
    { 17, 21, 302, 1, 21, 90, 1559 }, // U+0110
    { 16, 22, 274, 1, 22, 88, 1649 }, // U+0111
    { 14, 25, 267, 2, 25, 88, 1737 }, // U+0112
    { 14, 20, 253, 1, 20, 70, 1825 }, // U+0113
    { 14, 27, 267, 2, 27, 95, 1895 }, // U+0114
    { 15, 21, 253, 0, 21, 79, 1990 }, // U+0115
    { 14, 26, 267, 2, 26, 91, 2069 }, // U+0116
    { 14, 21, 253, 1, 21, 74, 2160 }, // U+0117
    { 15, 28, 267, 2, 21, 105, 2234 }, // U+0118
    { 15, 20, 253, 0, 15, 75, 2339 }, // U+0119
    { 14, 27, 267, 2, 27, 95, 2414 }, // U+011A
    { 15, 21, 253, 0, 21, 79, 2509 }, // U+011B
    { 17, 28, 305, 1, 28, 119, 2588 }, // U+011C
    { 14, 28, 259, 1, 21, 98, 2707 }, // U+011D
    { 17, 27, 305, 1, 27, 115, 2805 }, // U+011E
    { 14, 28, 259, 1, 21, 98, 2920 }, // U+011F
    { 17, 26, 305, 1, 26, 111, 3018 }, // U+0120
    { 14, 28, 259, 1, 21, 98, 3129 }, // U+0121
    { 17, 30, 305, 1, 21, 128, 3227 }, // U+0122
    { 14, 31, 259, 1, 24, 109, 3355 }, // U+0123
    { 16, 27, 323, 2, 27, 108, 3464 }, // U+0124
    { 14, 28, 265, 1, 28, 98, 3572 }, // U+0125
    { 20, 21, 331, 1, 21, 105, 3670 }, // U+0126
    { 16, 22, 265, 0, 22, 88, 3775 }, // U+0127
    { 10, 26, 151, 0, 26, 65, 3863 }, // U+0128
    { 10, 20, 130, -1, 20, 50, 3928 }, // U+0129
    { 10, 25, 151, 0, 25, 63, 3978 }, // U+012A
    { 10, 20, 130, -1, 20, 50, 4041 }, // U+012B
    { 10, 27, 151, 0, 27, 68, 4091 }, // U+012C
    { 10, 21, 130, -1, 21, 53, 4159 }, // U+012D
    { 7, 28, 151, 1, 21, 49, 4212 }, // U+012E
    { 7, 28, 127, 1, 21, 49, 4261 }, // U+012F
    { 4, 26, 151, 3, 26, 26, 4310 }, // U+0130
    { 4, 15, 130, 2, 15, 15, 4336 }, // U+0131
    { 19, 21, 380, 3, 21, 100, 4351 }, // U+0132
    { 13, 27, 257, 2, 21, 88, 4451 }, // U+0133
    { 14, 28, 230, -1, 28, 98, 4539 }, // U+0134
    { 12, 27, 129, -3, 21, 81, 4637 }, // U+0135
    { 17, 30, 306, 2, 21, 128, 4718 }, // U+0136
    { 14, 31, 249, 1, 22, 109, 4846 }, // U+0137
    { 14, 15, 249, 1, 15, 53, 4955 }, // U+0138
    { 14, 27, 264, 2, 27, 95, 5008 }, // U+0139
    { 8, 29, 140, 2, 29, 58, 5103 }, // U+013A
    { 14, 30, 264, 2, 21, 105, 5161 }, // U+013B
    { 8, 31, 140, 2, 22, 62, 5266 }, // U+013C
    { 14, 21, 264, 2, 21, 74, 5328 }, // U+013D
    { 10, 22, 181, 2, 22, 55, 5402 }, // U+013E
    { 14, 21, 264, 2, 21, 74, 5457 }, // U+013F
    { 10, 22, 191, 2, 22, 55, 5531 }, // U+0140
    { 16, 21, 264, 1, 21, 84, 5586 }, // U+0141
    { 10, 22, 152, 0, 22, 55, 5670 }, // U+0142
    { 16, 27, 326, 2, 27, 108, 5725 }, // U+0143
    { 15, 21, 263, 0, 21, 79, 5833 }, // U+0144
    { 16, 30, 326, 2, 21, 120, 5912 }, // U+0145
    { 15, 24, 263, 0, 15, 90, 6032 }, // U+0146
    { 16, 27, 326, 2, 27, 108, 6122 }, // U+0147
    { 15, 21, 263, 0, 21, 79, 6230 }, // U+0148
    { 18, 21, 319, 1, 21, 95, 6309 }, // U+0149
    { 16, 29, 326, 2, 21, 116, 6404 }, // U+014A
    { 15, 21, 263, 0, 15, 79, 6520 }, // U+014B
    { 18, 26, 322, 1, 26, 117, 6599 }, // U+014C
    { 15, 20, 270, 1, 20, 75, 6716 }, // U+014D
    { 18, 27, 322, 1, 27, 122, 6791 }, // U+014E
    { 15, 21, 270, 1, 21, 79, 6913 }, // U+014F
    { 18, 27, 322, 1, 27, 122, 6992 }, // U+0150
    { 15, 21, 270, 1, 21, 79, 7114 }, // U+0151
    { 24, 21, 414, 1, 21, 126, 7193 }, // U+0152
    { 23, 15, 402, 1, 15, 87, 7319 }, // U+0153
    { 16, 27, 278, 2, 27, 108, 7406 }, // U+0154
    { 11, 21, 185, 1, 21, 58, 7514 }, // U+0155
    { 16, 30, 278, 2, 21, 120, 7572 }, // U+0156
    { 11, 24, 185, 1, 15, 66, 7692 }, // U+0157
    { 16, 27, 278, 2, 27, 108, 7758 }, // U+0158
    { 11, 21, 185, 1, 21, 58, 7866 }, // U+0159
    { 15, 27, 257, 1, 27, 102, 7924 }, // U+015A
    { 12, 21, 206, 0, 21, 63, 8026 }, // U+015B
    { 15, 28, 257, 1, 28, 105, 8089 }, // U+015C
    { 12, 21, 206, 0, 21, 63, 8194 }, // U+015D
    { 15, 27, 257, 1, 21, 102, 8257 }, // U+015E
    { 12, 22, 206, 0, 15, 66, 8359 }, // U+015F
    { 15, 28, 257, 1, 28, 105, 8425 }, // U+0160
    { 12, 21, 206, 0, 21, 63, 8530 }, // U+0161
    { 16, 28, 275, 1, 21, 112, 8593 }, // U+0162
    { 11, 27, 196, 1, 20, 75, 8705 }, // U+0163
    { 16, 27, 275, 1, 27, 108, 8780 }, // U+0164
    { 15, 23, 252, 1, 23, 87, 8888 }, // U+0165
    { 16, 21, 275, 1, 21, 84, 8975 }, // U+0166
    { 11, 20, 196, 1, 20, 55, 9059 }, // U+0167
    { 16, 27, 309, 2, 27, 108, 9114 }, // U+0168
    { 14, 21, 262, 1, 21, 74, 9222 }, // U+0169
    { 16, 26, 309, 2, 26, 104, 9296 }, // U+016A
    { 14, 20, 262, 1, 20, 70, 9400 }, // U+016B
    { 16, 27, 309, 2, 27, 108, 9470 }, // U+016C
    { 14, 21, 262, 1, 21, 74, 9578 }, // U+016D
    { 16, 28, 309, 2, 28, 112, 9652 }, // U+016E
    { 14, 22, 262, 1, 22, 77, 9764 }, // U+016F
    { 16, 27, 309, 2, 27, 108, 9841 }, // U+0170
    { 14, 21, 262, 1, 21, 74, 9949 }, // U+0171
    { 16, 28, 309, 2, 21, 112, 10023 }, // U+0172
    { 15, 22, 262, 1, 15, 83, 10135 }, // U+0173
    { 25, 27, 408, 0, 27, 169, 10218 }, // U+0174
    { 21, 21, 330, 0, 21, 111, 10387 }, // U+0175
    { 18, 27, 293, 0, 27, 122, 10498 }, // U+0176
    { 15, 26, 236, 0, 21, 98, 10620 }, // U+0177
    { 18, 26, 293, 0, 26, 117, 10718 }, // U+0178
    { 16, 27, 276, 1, 27, 108, 10835 }, // U+0179
    { 13, 21, 222, 1, 21, 69, 10943 }, // U+017A
    { 16, 26, 276, 1, 26, 104, 11012 }, // U+017B
    { 13, 21, 222, 1, 21, 69, 11116 }, // U+017C
    { 16, 27, 276, 1, 27, 108, 11185 }, // U+017D
    { 13, 21, 222, 1, 21, 69, 11293 }, // U+017E
    { 22, 21, 344, 1, 21, 116, 0 }, // U+01A0
    { 19, 15, 304, 1, 15, 72, 116 }, // U+01A1
    { 22, 21, 347, 2, 21, 116, 188 }, // U+01AF
    { 19, 15, 303, 1, 15, 72, 304 }, // U+01B0
    { 19, 27, 299, 0, 27, 129, 376 }, // U+01CD
    { 14, 21, 247, 1, 21, 74, 505 }, // U+01CE
    { 10, 27, 151, 0, 27, 68, 579 }, // U+01CF
    { 11, 21, 130, -2, 21, 58, 647 }, // U+01D0
    { 18, 28, 322, 1, 28, 126, 705 }, // U+01D1
    { 15, 21, 270, 1, 21, 79, 831 }, // U+01D2
    { 16, 28, 309, 2, 28, 112, 910 }, // U+01D3
    { 14, 21, 262, 1, 21, 74, 1022 }, // U+01D4
    { 16, 30, 309, 2, 30, 120, 1096 }, // U+01D5
    { 14, 24, 262, 1, 24, 84, 1216 }, // U+01D6
    { 16, 31, 309, 2, 31, 124, 1300 }, // U+01D7
    { 14, 25, 262, 1, 25, 88, 1424 }, // U+01D8
    { 16, 31, 309, 2, 31, 124, 1512 }, // U+01D9
    { 14, 25, 262, 1, 25, 88, 1636 }, // U+01DA
    { 16, 31, 309, 2, 31, 124, 1724 }, // U+01DB
    { 14, 25, 262, 1, 25, 88, 1848 }, // U+01DC
    { 17, 28, 305, 1, 28, 119, 1936 }, // U+01E6
    { 14, 28, 259, 1, 21, 98, 2055 }, // U+01E7
    { 18, 31, 299, 0, 31, 140, 2153 }, // U+01FA
    { 14, 26, 247, 1, 26, 91, 2293 }, // U+01FB
    { 23, 27, 386, 0, 27, 156, 2384 }, // U+01FC
    { 22, 21, 384, 1, 21, 116, 2540 }, // U+01FD
    { 18, 28, 322, 1, 27, 126, 2656 }, // U+01FE
    { 15, 22, 270, 1, 21, 83, 2782 }, // U+01FF
    { 15, 30, 257, 1, 21, 113, 2865 }, // U+0218
    { 12, 24, 206, 0, 15, 72, 2978 }, // U+0219
    { 16, 30, 275, 1, 21, 120, 3050 }, // U+021A
    { 11, 29, 196, 1, 20, 80, 3170 }, // U+021B
    { 7, 5, 0, -5, 21, 9, 0 }, // U+0300
    { 7, 5, 0, -2, 21, 9, 9 }, // U+0301
    { 10, 5, 0, -5, 21, 13, 18 }, // U+0302
    { 10, 4, 0, -5, 20, 10, 31 }, // U+0303
    { 10, 3, 0, -5, 20, 8, 41 }, // U+0304
    { 10, 5, 0, -5, 21, 13, 49 }, // U+0306
    { 4, 4, 0, -2, 20, 4, 62 }, // U+0307
    { 10, 4, 0, -5, 20, 10, 66 }, // U+0308
    { 8, 8, 0, -4, 24, 16, 76 }, // U+0309
    { 6, 7, 0, -3, 23, 11, 92 }, // U+030A
    { 12, 5, 0, -5, 21, 15, 103 }, // U+030B
    { 10, 5, 0, -5, 21, 13, 118 }, // U+030C
    { 7, 9, 0, -3, 17, 16, 131 }, // U+031B
    { 4, 4, 0, -2, -2, 4, 147 }, // U+0323
    { 10, 4, 0, -5, -2, 10, 151 }, // U+0324
    { 4, 7, 0, -2, -2, 7, 161 }, // U+0326
    { 7, 8, 0, -3, 1, 14, 168 }, // U+0327
    { 7, 7, 0, -4, 0, 13, 182 }, // U+0328
    { 10, 5, 0, -5, -2, 13, 195 }, // U+032E
    { 10, 3, 0, -5, -2, 8, 208 }, // U+0331
    { 15, 17, 279, 1, 17, 64, 0 }, // U+0E01
    { 16, 17, 295, 1, 17, 68, 64 }, // U+0E02
    { 17, 18, 306, 1, 18, 77, 132 }, // U+0E03
    { 16, 17, 291, 1, 17, 68, 209 }, // U+0E04
    { 16, 18, 293, 1, 18, 72, 277 }, // U+0E05
    { 18, 18, 317, 1, 18, 81, 349 }, // U+0E06
    { 12, 17, 225, 0, 17, 51, 430 }, // U+0E07
    { 15, 17, 267, 0, 17, 64, 481 }, // U+0E08
    { 16, 17, 277, 0, 17, 68, 545 }, // U+0E09
    { 18, 18, 303, 1, 18, 81, 613 }, // U+0E0A
    { 18, 18, 311, 1, 18, 81, 694 }, // U+0E0B
    { 22, 17, 388, 1, 17, 94, 775 }, // U+0E0C
    { 22, 25, 396, 1, 17, 138, 869 }, // U+0E0D
    { 16, 26, 290, 1, 17, 104, 1007 }, // U+0E0E
    { 16, 26, 290, 1, 17, 104, 1111 }, // U+0E0F
    { 15, 27, 267, 1, 18, 102, 1215 }, // U+0E10
    { 20, 17, 355, 1, 17, 85, 1317 }, // U+0E11
    { 23, 18, 409, 1, 18, 104, 1402 }, // U+0E12
    { 24, 17, 413, 1, 17, 102, 1506 }, // U+0E13
    { 15, 17, 287, 1, 17, 64, 1608 }, // U+0E14
    { 16, 17, 293, 1, 17, 68, 1672 }, // U+0E15
    { 15, 17, 279, 1, 17, 64, 1740 }, // U+0E16
    { 18, 17, 316, 1, 17, 77, 1804 }, // U+0E17
    { 15, 18, 273, 1, 18, 68, 1881 }, // U+0E18
    { 18, 17, 303, 1, 17, 77, 1949 }, // U+0E19
    { 17, 17, 304, 1, 17, 73, 2026 }, // U+0E1A
    { 17, 24, 312, 1, 24, 102, 2099 }, // U+0E1B
    { 15, 17, 303, 2, 17, 64, 2201 }, // U+0E1C
    { 15, 24, 303, 2, 24, 90, 2265 }, // U+0E1D
    { 19, 17, 345, 1, 17, 81, 2355 }, // U+0E1E
    { 19, 24, 345, 1, 24, 114, 2436 }, // U+0E1F
    { 16, 17, 294, 1, 17, 68, 2550 }, // U+0E20
    { 16, 17, 294, 1, 17, 68, 2618 }, // U+0E21
    { 14, 17, 274, 1, 17, 60, 2686 }, // U+0E22
    { 14, 18, 232, 1, 18, 63, 2746 }, // U+0E23
    { 15, 24, 279, 1, 17, 90, 2809 }, // U+0E24
    { 15, 17, 280, 1, 17, 64, 2899 }, // U+0E25
    { 16, 24, 290, 1, 17, 96, 2963 }, // U+0E26
    { 13, 17, 250, 1, 17, 56, 3059 }, // U+0E27
    { 17, 18, 291, 1, 18, 77, 3115 }, // U+0E28
    { 21, 17, 335, 1, 17, 90, 3192 }, // U+0E29
    { 16, 18, 280, 1, 18, 72, 3282 }, // U+0E2A
    { 17, 17, 301, 1, 17, 73, 3354 }, // U+0E2B
    { 21, 19, 345, 1, 19, 100, 3427 }, // U+0E2C
    { 15, 17, 281, 0, 17, 64, 3527 }, // U+0E2D
    { 15, 17, 273, 2, 17, 64, 3591 }, // U+0E2E
    { 14, 17, 268, 1, 17, 60, 3655 }, // U+0E2F
    { 14, 17, 256, 1, 17, 60, 3715 }, // U+0E30
    { 15, 8, 0, -12, 28, 30, 3775 }, // U+0E31
    { 13, 17, 238, 1, 17, 56, 3805 }, // U+0E32
    { 21, 26, 238, -7, 26, 137, 3861 }, // U+0E33
    { 14, 8, 0, -16, 27, 28, 3998 }, // U+0E34
    { 15, 9, 0, -16, 28, 34, 4026 }, // U+0E35
    { 16, 9, 0, -16, 28, 36, 4060 }, // U+0E36
    { 15, 10, 0, -16, 29, 38, 4096 }, // U+0E37
    { 7, 9, 0, -8, -1, 16, 4134 }, // U+0E38
    { 12, 8, 0, -14, -2, 24, 4150 }, // U+0E39
    { 4, 4, 0, -6, -2, 4, 4174 }, // U+0E3A
    { 15, 26, 281, 2, 23, 98, 4178 }, // U+0E3F
    { 7, 17, 152, 2, 17, 30, 4276 }, // U+0E40
    { 16, 17, 288, 2, 17, 68, 4306 }, // U+0E41
    { 14, 29, 191, -2, 29, 102, 4374 }, // U+0E42
    { 14, 29, 198, -2, 29, 102, 4476 }, // U+0E43
    { 15, 29, 210, -3, 29, 109, 4578 }, // U+0E44
    { 13, 25, 142, -5, 17, 82, 4687 }, // U+0E45
    { 15, 24, 311, 2, 17, 90, 4769 }, // U+0E46
    { 12, 11, 0, -15, 30, 33, 4859 }, // U+0E47
    { 4, 6, 0, -5, 26, 6, 4892 }, // U+0E48
    { 13, 9, 0, -11, 29, 30, 4898 }, // U+0E49
    { 15, 9, 0, -14, 28, 34, 4928 }, // U+0E4A
    { 8, 7, 0, -8, 27, 14, 4962 }, // U+0E4B
    { 10, 9, 0, -9, 29, 23, 4976 }, // U+0E4C
    { 8, 7, 0, -7, 26, 14, 4999 }, // U+0E4D
    { 9, 10, 0, -9, 30, 23, 5013 }, // U+0E4E
    { 15, 15, 292, 2, 15, 57, 5036 }, // U+0E4F
    { 17, 13, 311, 1, 13, 56, 5093 }, // U+0E50
    { 18, 13, 323, 1, 13, 59, 5149 }, // U+0E51
    { 20, 18, 334, 0, 18, 90, 5208 }, // U+0E52
    { 18, 13, 331, 1, 13, 59, 5298 }, // U+0E53
    { 20, 19, 321, 1, 18, 95, 5357 }, // U+0E54
    { 20, 19, 321, 1, 18, 95, 5452 }, // U+0E55
    { 18, 18, 314, 0, 18, 81, 5547 }, // U+0E56
    { 22, 18, 370, 1, 18, 99, 5628 }, // U+0E57
    { 18, 18, 319, 1, 18, 81, 5727 }, // U+0E58
    { 19, 19, 327, 1, 18, 91, 5808 }, // U+0E59
    { 22, 17, 388, 1, 17, 94, 5899 }, // U+0E5A
    { 28, 15, 492, 2, 15, 105, 5993 }, // U+0E5B
    { 18, 27, 299, 0, 21, 122, 0 }, // U+1EA0
    { 14, 21, 247, 1, 15, 74, 122 }, // U+1EA1
    { 19, 29, 299, 0, 29, 138, 196 }, // U+1EA2
    { 14, 24, 247, 1, 24, 84, 334 }, // U+1EA3
    { 19, 29, 299, 0, 29, 138, 418 }, // U+1EA4
    { 14, 24, 247, 1, 24, 84, 556 }, // U+1EA5
    { 19, 29, 299, 0, 29, 138, 640 }, // U+1EA6
    { 14, 24, 247, 1, 24, 84, 778 }, // U+1EA7
    { 19, 31, 299, 0, 31, 148, 862 }, // U+1EA8
    { 15, 26, 247, 1, 26, 98, 1010 }, // U+1EA9
    { 19, 31, 299, 0, 31, 148, 1108 }, // U+1EAA
    { 14, 26, 247, 1, 26, 91, 1256 }, // U+1EAB
    { 18, 33, 299, 0, 27, 149, 1347 }, // U+1EAC
    { 14, 27, 247, 1, 21, 95, 1496 }, // U+1EAD
    { 20, 31, 299, 0, 31, 155, 1591 }, // U+1EAE
    { 14, 25, 247, 1, 25, 88, 1746 }, // U+1EAF
    { 20, 31, 299, 0, 31, 155, 1834 }, // U+1EB0
    { 14, 25, 247, 1, 25, 88, 1989 }, // U+1EB1
    { 20, 33, 299, 0, 33, 165, 2077 }, // U+1EB2
    { 14, 27, 247, 1, 27, 95, 2242 }, // U+1EB3
    { 20, 31, 299, 0, 31, 155, 2337 }, // U+1EB4
    { 14, 26, 247, 1, 26, 91, 2492 }, // U+1EB5
    { 20, 33, 299, 0, 27, 165, 2583 }, // U+1EB6
    { 14, 27, 247, 1, 21, 95, 2748 }, // U+1EB7
    { 14, 27, 267, 2, 21, 95, 2843 }, // U+1EB8
    { 14, 21, 253, 1, 15, 74, 2938 }, // U+1EB9
    { 14, 29, 267, 2, 29, 102, 3012 }, // U+1EBA
    { 14, 24, 253, 1, 24, 84, 3114 }, // U+1EBB
    { 14, 26, 267, 2, 26, 91, 3198 }, // U+1EBC
    { 14, 21, 253, 1, 21, 74, 3289 }, // U+1EBD
    { 14, 29, 267, 2, 29, 102, 3363 }, // U+1EBE
    { 15, 24, 253, 0, 24, 90, 3465 }, // U+1EBF
    { 14, 29, 267, 2, 29, 102, 3555 }, // U+1EC0
    { 15, 24, 253, 0, 24, 90, 3657 }, // U+1EC1
    { 15, 31, 267, 2, 31, 117, 3747 }, // U+1EC2
    { 16, 26, 253, 0, 26, 104, 3864 }, // U+1EC3
    { 14, 31, 267, 2, 31, 109, 3968 }, // U+1EC4
    { 15, 26, 253, 0, 26, 98, 4077 }, // U+1EC5
    { 14, 33, 267, 2, 27, 116, 4175 }, // U+1EC6
    { 14, 27, 253, 1, 21, 95, 4291 }, // U+1EC7
    { 8, 29, 151, 1, 29, 58, 4386 }, // U+1EC8
    { 7, 24, 130, 0, 24, 42, 4444 }, // U+1EC9
    { 4, 27, 151, 3, 21, 27, 4486 }, // U+1ECA
    { 5, 27, 127, 2, 21, 34, 4513 }, // U+1ECB
    { 18, 27, 322, 1, 21, 122, 4547 }, // U+1ECC
    { 15, 21, 270, 1, 15, 79, 4669 }, // U+1ECD
    { 18, 30, 322, 1, 30, 135, 4748 }, // U+1ECE
    { 15, 24, 270, 1, 24, 90, 4883 }, // U+1ECF
    { 18, 30, 322, 1, 30, 135, 4973 }, // U+1ED0
    { 15, 24, 270, 1, 24, 90, 5108 }, // U+1ED1
    { 18, 30, 322, 1, 30, 135, 5198 }, // U+1ED2
    { 15, 24, 270, 1, 24, 90, 5333 }, // U+1ED3
    { 18, 32, 322, 1, 32, 144, 5423 }, // U+1ED4
    { 15, 26, 270, 1, 26, 98, 5567 }, // U+1ED5
    { 18, 32, 322, 1, 32, 144, 5665 }, // U+1ED6
    { 15, 26, 270, 1, 26, 98, 5809 }, // U+1ED7
    { 18, 34, 322, 1, 28, 153, 5907 }, // U+1ED8
    { 15, 27, 270, 1, 21, 102, 6060 }, // U+1ED9
    { 22, 27, 344, 1, 27, 149, 6162 }, // U+1EDA
    { 19, 21, 304, 1, 21, 100, 6311 }, // U+1EDB
    { 22, 27, 344, 1, 27, 149, 6411 }, // U+1EDC
    { 19, 21, 304, 1, 21, 100, 6560 }, // U+1EDD
    { 22, 30, 344, 1, 30, 165, 6660 }, // U+1EDE
    { 19, 24, 304, 1, 24, 114, 6825 }, // U+1EDF
    { 22, 27, 344, 1, 27, 149, 6939 }, // U+1EE0
    { 19, 21, 304, 1, 21, 100, 7088 }, // U+1EE1
    { 22, 27, 344, 1, 21, 149, 7188 }, // U+1EE2
    { 19, 21, 304, 1, 15, 100, 7337 }, // U+1EE3
    { 16, 27, 309, 2, 21, 108, 7437 }, // U+1EE4
    { 14, 21, 262, 1, 15, 74, 7545 }, // U+1EE5
    { 16, 30, 309, 2, 30, 120, 7619 }, // U+1EE6
    { 14, 24, 262, 1, 24, 84, 7739 }, // U+1EE7
    { 22, 27, 347, 2, 27, 149, 7823 }, // U+1EE8
    { 19, 21, 303, 1, 21, 100, 7972 }, // U+1EE9
    { 22, 27, 347, 2, 27, 149, 8072 }, // U+1EEA
    { 19, 21, 303, 1, 21, 100, 8221 }, // U+1EEB
    { 22, 30, 347, 2, 30, 165, 8321 }, // U+1EEC
    { 19, 24, 303, 1, 24, 114, 8486 }, // U+1EED
    { 22, 27, 347, 2, 27, 149, 8600 }, // U+1EEE
    { 19, 21, 303, 1, 21, 100, 8749 }, // U+1EEF
    { 22, 27, 347, 2, 21, 149, 8849 }, // U+1EF0
    { 19, 21, 303, 1, 15, 100, 8998 }, // U+1EF1
    { 18, 27, 293, 0, 27, 122, 9098 }, // U+1EF2
    { 15, 26, 236, 0, 21, 98, 9220 }, // U+1EF3
    { 18, 27, 293, 0, 21, 122, 9318 }, // U+1EF4
    { 15, 21, 236, 0, 15, 79, 9440 }, // U+1EF5
    { 19, 29, 293, 0, 29, 138, 9519 }, // U+1EF6
    { 15, 29, 236, 1, 24, 109, 9657 }, // U+1EF7
    { 18, 26, 293, 0, 26, 117, 9766 }, // U+1EF8
    { 16, 26, 236, 0, 21, 104, 9883 }, // U+1EF9
    { 0, 0, 264, 0, 0, 0, 0 }, // U+2007
    { 9, 3, 159, 1, 10, 7, 0 }, // U+2010
    { 14, 3, 252, 1, 10, 11, 7 }, // U+2012
    { 14, 3, 252, 1, 10, 11, 18 }, // U+2013
    { 23, 3, 390, 1, 10, 18, 29 }, // U+2014
    { 23, 3, 390, 1, 10, 18, 47 }, // U+2015
    { 6, 11, 153, 2, 23, 17, 65 }, // U+2018
    { 6, 11, 153, 1, 21, 17, 82 }, // U+2019
    { 6, 11, 153, 1, 5, 17, 99 }, // U+201A
    { 13, 11, 263, 2, 23, 36, 116 }, // U+201C
    { 13, 11, 263, 1, 21, 36, 152 }, // U+201D
    { 13, 11, 263, 1, 5, 36, 188 }, // U+201E
    { 14, 21, 255, 1, 21, 74, 224 }, // U+2020
    { 14, 21, 255, 1, 21, 74, 298 }, // U+2021
    { 8, 8, 172, 1, 12, 16, 372 }, // U+2022
    { 21, 5, 373, 2, 5, 27, 388 }, // U+2026
    { 38, 21, 643, 1, 21, 200, 415 }, // U+2030
    { 7, 7, 138, 1, 21, 13, 615 }, // U+2032
    { 13, 7, 227, 1, 21, 23, 628 }, // U+2033
    { 10, 12, 164, 0, 14, 30, 651 }, // U+2039
    { 10, 12, 164, 0, 14, 30, 681 }, // U+203A
    { 15, 23, 105, -4, 21, 87, 711 }, // U+2044
    { 11, 14, 201, 1, 20, 39, 0 }, // U+2070
    { 11, 14, 201, 1, 20, 39, 39 }, // U+2074
    { 11, 14, 201, 1, 20, 39, 78 }, // U+2075
    { 11, 14, 201, 1, 20, 39, 117 }, // U+2076
    { 10, 14, 201, 1, 20, 35, 156 }, // U+2077
    { 11, 14, 201, 1, 20, 39, 191 }, // U+2078
    { 11, 15, 201, 1, 20, 42, 230 }, // U+2079
    { 7, 17, 126, 1, 22, 30, 272 }, // U+207D
    { 7, 17, 126, 0, 22, 30, 302 }, // U+207E
    { 10, 10, 182, 0, 20, 25, 332 }, // U+207F
    { 11, 14, 201, 1, 10, 39, 357 }, // U+2080
    { 9, 14, 201, 2, 10, 32, 396 }, // U+2081
    { 11, 14, 201, 0, 10, 39, 428 }, // U+2082
    { 10, 14, 201, 1, 10, 35, 467 }, // U+2083
    { 11, 14, 201, 1, 10, 39, 502 }, // U+2084
    { 11, 14, 201, 1, 10, 39, 541 }, // U+2085
    { 11, 14, 201, 1, 10, 39, 580 }, // U+2086
    { 10, 14, 201, 1, 10, 35, 619 }, // U+2087
    { 11, 14, 201, 1, 10, 39, 654 }, // U+2088
    { 11, 15, 201, 1, 10, 42, 693 }, // U+2089
    { 7, 17, 126, 1, 12, 30, 735 }, // U+208D
    { 7, 17, 126, 0, 12, 30, 765 }, // U+208E
    { 16, 25, 287, 1, 23, 100, 0 }, // U+20A1
    { 14, 21, 257, 1, 21, 74, 100 }, // U+20A4
    { 23, 21, 378, 1, 21, 121, 174 }, // U+20A6
    { 18, 21, 311, 1, 21, 95, 295 }, // U+20A7
    { 16, 27, 274, 1, 22, 108, 390 }, // U+20AB
    { 19, 21, 315, 1, 21, 100, 498 }, // U+20AC
    { 20, 21, 333, 1, 21, 105, 598 }, // U+20B1
    { 17, 25, 301, 1, 23, 107, 703 }, // U+20B2
    { 16, 25, 287, 1, 23, 100, 810 }, // U+20B5
    { 17, 21, 295, 1, 21, 90, 910 }, // U+20B9
    { 16, 21, 278, 0, 21, 84, 1000 }, // U+20BA
    { 16, 21, 267, 1, 21, 84, 1084 }, // U+20BD
    { 18, 8, 420, 4, 12, 36, 0 }, // U+2190
    { 8, 18, 233, 3, 18, 36, 36 }, // U+2191
    { 18, 8, 420, 4, 12, 36, 72 }, // U+2192
    { 8, 18, 233, 3, 18, 36, 108 }, // U+2193
    { 14, 22, 245, 0, 21, 77, 0 }, // U+2202
    { 19, 21, 306, 0, 21, 100, 77 }, // U+2206
    { 16, 24, 318, 2, 21, 96, 177 }, // U+220F
    { 18, 25, 306, 1, 21, 113, 273 }, // U+2211
    { 16, 3, 288, 1, 9, 12, 386 }, // U+2212
    { 17, 21, 121, -5, 21, 90, 398 }, // U+2215
    { 7, 6, 138, 1, 13, 11, 488 }, // U+2219
    { 23, 23, 293, 0, 21, 133, 499 }, // U+221A
    { 23, 11, 402, 1, 14, 64, 632 }, // U+221E
    { 12, 27, 164, -1, 21, 81, 696 }, // U+222B
    { 16, 12, 288, 1, 15, 48, 777 }, // U+2248
    { 15, 16, 288, 2, 16, 60, 825 }, // U+2260
    { 16, 17, 288, 1, 17, 68, 885 }, // U+2264
    { 16, 17, 288, 1, 17, 68, 953 }, // U+2265
    { 17, 21, 287, 1, 21, 90, 0 }, // U+FB01
    { 20, 22, 305, 1, 22, 110, 90 }, // U+FB02
};

static const EpdUnicodeInterval sarabun_14_boldIntervals[] = {
    { 0x0, 0x0, 0x0 },
    { 0xD, 0xD, 0x1 },
    { 0x20, 0x7E, 0x2 },
    { 0xA0, 0x17E, 0x61 },
    { 0x1A0, 0x1A1, 0x140 },
    { 0x1AF, 0x1B0, 0x142 },
    { 0x1CD, 0x1DC, 0x144 },
    { 0x1E6, 0x1E7, 0x154 },
    { 0x1FA, 0x1FF, 0x156 },
    { 0x218, 0x21B, 0x15C },
    { 0x300, 0x304, 0x160 },
    { 0x306, 0x30C, 0x165 },
    { 0x31B, 0x31B, 0x16C },
    { 0x323, 0x324, 0x16D },
    { 0x326, 0x328, 0x16F },
    { 0x32E, 0x32E, 0x172 },
    { 0x331, 0x331, 0x173 },
    { 0xE01, 0xE3A, 0x174 },
    { 0xE3F, 0xE5B, 0x1AE },
    { 0x1EA0, 0x1EF9, 0x1CB },
    { 0x2007, 0x2007, 0x225 },
    { 0x2010, 0x2010, 0x226 },
    { 0x2012, 0x2015, 0x227 },
    { 0x2018, 0x201A, 0x22B },
    { 0x201C, 0x201E, 0x22E },
    { 0x2020, 0x2022, 0x231 },
    { 0x2026, 0x2026, 0x234 },
    { 0x2030, 0x2030, 0x235 },
    { 0x2032, 0x2033, 0x236 },
    { 0x2039, 0x203A, 0x238 },
    { 0x2044, 0x2044, 0x23A },
    { 0x2070, 0x2070, 0x23B },
    { 0x2074, 0x2079, 0x23C },
    { 0x207D, 0x2089, 0x242 },
    { 0x208D, 0x208E, 0x24F },
    { 0x20A1, 0x20A1, 0x251 },
    { 0x20A4, 0x20A4, 0x252 },
    { 0x20A6, 0x20A7, 0x253 },
    { 0x20AB, 0x20AC, 0x255 },
    { 0x20B1, 0x20B2, 0x257 },
    { 0x20B5, 0x20B5, 0x259 },
    { 0x20B9, 0x20BA, 0x25A },
    { 0x20BD, 0x20BD, 0x25C },
    { 0x2190, 0x2193, 0x25D },
    { 0x2202, 0x2202, 0x261 },
    { 0x2206, 0x2206, 0x262 },
    { 0x220F, 0x220F, 0x263 },
    { 0x2211, 0x2212, 0x264 },
    { 0x2215, 0x2215, 0x266 },
    { 0x2219, 0x221A, 0x267 },
    { 0x221E, 0x221E, 0x269 },
    { 0x222B, 0x222B, 0x26A },
    { 0x2248, 0x2248, 0x26B },
    { 0x2260, 0x2260, 0x26C },
    { 0x2264, 0x2265, 0x26D },
    { 0xFB01, 0xFB02, 0x26F },
};

static const EpdFontGroup sarabun_14_boldGroups[] = {
    { 0, 2663, 6832, 97, 0 },
    { 2663, 2624, 8095, 96, 97 },
    { 5287, 3301, 12297, 127, 193 },
    { 8588, 1234, 3499, 32, 320 },
    { 9822, 184, 242, 20, 352 },
    { 10006, 2929, 6562, 87, 372 },
    { 12935, 2267, 10807, 90, 459 },
    { 15202, 342, 897, 22, 549 },
    { 15544, 333, 886, 22, 571 },
    { 15877, 581, 1231, 12, 593 },
    { 16458, 79, 152, 4, 605 },
    { 16537, 478, 1076, 14, 609 },
    { 17015, 78, 215, 2, 623 },
};

static const uint16_t sarabun_14_boldKernLeftCodepoints[] = {
    0x002C, 0x002E, 0x0041, 0x0042, 0x0044, 0x0046, 0x004B, 0x004C, 0x004F, 0x0050, 0x0051, 0x0053,
    0x0054, 0x0055, 0x0056, 0x0057, 0x0058, 0x0059, 0x005A, 0x0061, 0x0062, 0x0063, 0x0065, 0x0066,
    0x0067, 0x006B, 0x006C, 0x006D, 0x006E, 0x006F, 0x0070, 0x0072, 0x0073, 0x0074, 0x0075, 0x0076,
    0x0078, 0x0079, 0x007A, 0x00C0, 0x00C1, 0x00C2, 0x00C3, 0x00C4, 0x00C5, 0x00D0, 0x00D2, 0x00D3,
    0x00D4, 0x00D5, 0x00D6, 0x00D8, 0x00D9, 0x00DA, 0x00DB, 0x00DC, 0x00DD, 0x00E0, 0x00E1, 0x00E2,
    0x00E3, 0x00E4, 0x00E5, 0x00E6, 0x00E7, 0x00E8, 0x00E9, 0x00EA, 0x00EB, 0x00F1, 0x00F2, 0x00F3,
    0x00F4, 0x00F5, 0x00F6, 0x00FD, 0x00FE, 0x00FF, 0x0100, 0x0101, 0x0102, 0x0103, 0x0104, 0x0105,
    0x0107, 0x0109, 0x010B, 0x010D, 0x010E, 0x0110, 0x0113, 0x0115, 0x0117, 0x0119, 0x011B, 0x0125,
    0x0127, 0x0132, 0x0134, 0x0136, 0x0137, 0x0138, 0x0139, 0x013B, 0x013D, 0x013F, 0x0141, 0x0144,
    0x0146, 0x0148, 0x0149, 0x014B, 0x014C, 0x014D, 0x014E, 0x014F, 0x0150, 0x0151, 0x0153, 0x0154,
    0x0155, 0x0156, 0x0157, 0x0158, 0x0159, 0x015A, 0x015B, 0x015C, 0x015D, 0x015E, 0x015F, 0x0160,
    0x0161, 0x0162, 0x0163, 0x0164, 0x0165, 0x0166, 0x0167, 0x0168, 0x016A, 0x016C, 0x016E, 0x0170,
    0x0172, 0x0174, 0x0175, 0x0176, 0x0177, 0x0178, 0x01A0, 0x01CD, 0x01CE, 0x01D1, 0x01D2, 0x01D3,
    0x01D5, 0x01D7, 0x01D9, 0x01DB, 0x01FA, 0x01FB, 0x01FD, 0x01FE, 0x01FF, 0x0218, 0x0219, 0x021A,
    0x021B, 0x1EA0, 0x1EA1, 0x1EA2, 0x1EA3, 0x1EA4, 0x1EA5, 0x1EA6, 0x1EA7, 0x1EA8, 0x1EA9, 0x1EAA,
    0x1EAB, 0x1EAC, 0x1EAD, 0x1EAE, 0x1EAF, 0x1EB0, 0x1EB1, 0x1EB2, 0x1EB3, 0x1EB4, 0x1EB5, 0x1EB6,
    0x1EB7, 0x1EB9, 0x1EBB, 0x1EBD, 0x1EBF, 0x1EC1, 0x1EC3, 0x1EC5, 0x1EC7, 0x1ECC, 0x1ECD, 0x1ECE,
    0x1ECF, 0x1ED0, 0x1ED1, 0x1ED2, 0x1ED3, 0x1ED4, 0x1ED5, 0x1ED6, 0x1ED7, 0x1ED8, 0x1ED9, 0x1EDA,
    0x1EDB, 0x1EDC, 0x1EDD, 0x1EDE, 0x1EDF, 0x1EE0, 0x1EE1, 0x1EE2, 0x1EE3, 0x1EE4, 0x1EE6, 0x1EF2,
    0x1EF3, 0x1EF4, 0x1EF5, 0x1EF6, 0x1EF7, 0x1EF8, 0x1EF9, 0x2018, 0x201C, 0x2026,
};

static const uint8_t sarabun_14_boldKernLeftClassIds[] = {
      1,   1,   2,   3,   4,   5,   6,   7,   8,   9,   8,  10,  11,  12,  13,  14,
     15,  16,  17,  18,  19,  20,  21,  22,  23,  24,  25,  26,  26,  27,  28,  29,
     30,  31,  32,  33,  34,  35,  36,  37,  37,  37,  37,  37,  37,  38,  39,  39,
     39,  39,  39,  40,  12,  12,  12,  12,  16,  18,  18,  18,  18,  18,  18,  41,
     42,  41,  41,  41,  41,  43,  27,  27,  27,  27,  27,  35,  44,  35,  37,  18,
     37,  18,  37,  18,  42,  42,  42,  42,  45,  38,  41,  41,  41,  41,  41,  46,
     46,  47,  47,  48,  49,  49,  50,  50,  50,  50,  51,  43,  43,  43,  43,  43,
     39,  27,  39,  27,  39,  27,  41,  52,  53,  52,  53,  52,  53,  54,  55,  54,
     55,  54,  55,  54,  55,  56,  57,  56,  57,  56,  57,  12,  12,  12,  12,  12,
     12,  58,  59,  16,  35,  16,  40,  37,  18,  39,  27,  12,  12,  12,  12,  12,
     37,  18,  41,  39,  27,  54,  55,  56,  57,  37,  18,  37,  18,  37,  18,  37,
     18,  37,  18,  37,  18,  37,  18,  37,  18,  37,  18,  37,  18,  37,  18,  37,
     18,  41,  41,  41,  41,  41,  41,  41,  41,  39,  27,  39,  27,  39,  27,  39,
     27,  39,  27,  39,  27,  39,  27,  40,  27,  40,  27,  40,  27,  40,  27,  40,
     27,  12,  12,  16,  35,  16,  35,  16,  35,  16,  35,  60,  60,  61,
};

static const uint16_t sarabun_14_boldKernRightCodepoints[] = {
    0x002C, 0x002E, 0x0041, 0x0043, 0x0047, 0x004A, 0x004F, 0x0051, 0x0053, 0x0054, 0x0055, 0x0056,
    0x0057, 0x0058, 0x0059, 0x0061, 0x0063, 0x0064, 0x0065, 0x0066, 0x0067, 0x006A, 0x006D, 0x006E,
    0x006F, 0x0070, 0x0071, 0x0072, 0x0073, 0x0074, 0x0075, 0x0076, 0x0077, 0x0078, 0x0079, 0x007A,
    0x00C0, 0x00C1, 0x00C2, 0x00C3, 0x00C4, 0x00C5, 0x00C6, 0x00C7, 0x00D2, 0x00D3, 0x00D4, 0x00D5,
    0x00D6, 0x00D8, 0x00D9, 0x00DA, 0x00DB, 0x00DC, 0x00DD, 0x00DF, 0x00E0, 0x00E1, 0x00E2, 0x00E3,
    0x00E4, 0x00E5, 0x00E6, 0x00E7, 0x00E8, 0x00E9, 0x00EA, 0x00EB, 0x00F0, 0x00F1, 0x00F2, 0x00F3,
    0x00F4, 0x00F5, 0x00F6, 0x00F8, 0x00F9, 0x00FA, 0x00FB, 0x00FC, 0x00FD, 0x00FF, 0x0100, 0x0101,
    0x0102, 0x0103, 0x0104, 0x0105, 0x0106, 0x0107, 0x0108, 0x0109, 0x010A, 0x010B, 0x010C, 0x010D,
    0x010F, 0x0111, 0x0113, 0x0115, 0x0117, 0x0119, 0x011B, 0x011C, 0x011D, 0x011E, 0x011F, 0x0120,
    0x0121, 0x0122, 0x0123, 0x0134, 0x0135, 0x0144, 0x0146, 0x0148, 0x0149, 0x014B, 0x014C, 0x014D,
    0x014E, 0x014F, 0x0150, 0x0151, 0x0153, 0x0155, 0x0157, 0x0159, 0x015A, 0x015B, 0x015C, 0x015D,
    0x015E, 0x015F, 0x0160, 0x0161, 0x0162, 0x0163, 0x0164, 0x0165, 0x0166, 0x0167, 0x0168, 0x0169,
    0x016A, 0x016B, 0x016C, 0x016D, 0x016E, 0x016F, 0x0170, 0x0171, 0x0172, 0x0173, 0x0174, 0x0175,
    0x0176, 0x0177, 0x0178, 0x017A, 0x017C, 0x017E, 0x01A0, 0x01A1, 0x01AF, 0x01B0, 0x01CD, 0x01CE,
    0x01D1, 0x01D2, 0x01D3, 0x01D4, 0x01D5, 0x01D6, 0x01D7, 0x01D8, 0x01D9, 0x01DA, 0x01DB, 0x01DC,
    0x01E6, 0x01E7, 0x01FA, 0x01FB, 0x01FC, 0x01FD, 0x01FE, 0x01FF, 0x0218, 0x0219, 0x021A, 0x021B,
    0x1EA0, 0x1EA1, 0x1EA2, 0x1EA3, 0x1EA4, 0x1EA5, 0x1EA6, 0x1EA7, 0x1EA8, 0x1EA9, 0x1EAA, 0x1EAB,
    0x1EAC, 0x1EAD, 0x1EAE, 0x1EAF, 0x1EB0, 0x1EB1, 0x1EB2, 0x1EB3, 0x1EB4, 0x1EB5, 0x1EB6, 0x1EB7,
    0x1EB9, 0x1EBB, 0x1EBD, 0x1EBF, 0x1EC1, 0x1EC3, 0x1EC5, 0x1EC7, 0x1ECC, 0x1ECD, 0x1ECE, 0x1ECF,
    0x1ED0, 0x1ED1, 0x1ED2, 0x1ED3, 0x1ED4, 0x1ED5, 0x1ED6, 0x1ED7, 0x1ED8, 0x1ED9, 0x1EDA, 0x1EDB,
    0x1EDC, 0x1EDD, 0x1EDE, 0x1EDF, 0x1EE0, 0x1EE1, 0x1EE2, 0x1EE3, 0x1EE4, 0x1EE5, 0x1EE6, 0x1EE7,
    0x1EE8, 0x1EE9, 0x1EEA, 0x1EEB, 0x1EEC, 0x1EED, 0x1EEE, 0x1EEF, 0x1EF0, 0x1EF1, 0x1EF2, 0x1EF3,
    0x1EF4, 0x1EF5, 0x1EF6, 0x1EF7, 0x1EF8, 0x1EF9, 0x2019, 0x201D, 0x2026, 0xFB01, 0xFB02,
};

static const uint8_t sarabun_14_boldKernRightClassIds[] = {
      1,   2,   3,   4,   5,   6,   7,   8,   9,  10,  11,  12,  13,  14,  15,  16,
     17,  18,  19,  20,  21,  22,  23,  24,  25,  26,  27,  28,  29,  30,  31,  32,
     33,  34,  35,  36,  37,  37,  37,  37,  37,  37,  37,  38,  39,  39,  39,  39,
     39,  40,  41,  41,  41,  41,  42,  43,  44,  44,  44,  44,  44,  44,  44,  45,
     46,  46,  46,  46,  47,  48,  49,  49,  49,  49,  49,  50,  51,  51,  51,  51,
     52,  52,  37,  44,  37,  44,  37,  44,  38,  45,  38,  45,  38,  45,  38,  45,
     53,  47,  46,  46,  46,  46,  46,  54,  55,  54,  55,  54,  55,  54,  55,  56,
     22,  48,  48,  48,  48,  48,  39,  49,  39,  49,  39,  49,  57,  58,  58,  58,
     59,  60,  59,  60,  59,  60,  59,  60,  61,  62,  61,  62,  61,  62,  41,  51,
     41,  51,  41,  51,  41,  51,  41,  51,  41,  51,  63,  64,  42,  52,  42,  65,
     65,  65,  39,  50,  41,  66,  37,  44,  39,  49,  41,  51,  41,  51,  41,  51,
     41,  51,  41,  51,  54,  55,  37,  44,  37,  44,  39,  49,  59,  60,  61,  62,
     37,  44,  37,  44,  37,  44,  37,  44,  37,  44,  37,  44,  37,  44,  37,  44,
     37,  44,  37,  44,  37,  44,  37,  44,  46,  46,  46,  46,  46,  46,  46,  46,
     39,  49,  39,  49,  39,  49,  39,  49,  39,  49,  39,  49,  39,  49,  39,  49,
     39,  49,  39,  49,  39,  49,  39,  49,  41,  51,  41,  51,  41,  51,  41,  51,
     41,  51,  41,  51,  41,  51,  42,  52,  42,  52,  42,  52,  42,  52,  67,  68,
     69,  43,  43,
};

static const uint16_t sarabun_14_boldKernRowOffsets[] = {
        0,    12,    49,    55,    62,    69,    81,   118,   127,   151,   156,   193,   197,   249,   269,   300,
      344,   355,   360,   368,   372,   388,   407,   410,   431,   448,   454,   467,   478,   483,   493,   496,
      502,   529,   540,   562,   568,   606,   611,   621,   627,   646,   651,   658,   663,   672,   677,   681,
      717,   739,   776,   787,   792,   794,   799,   810,   849,   854,   899,   915,   918,   923,
};

static const uint8_t sarabun_14_boldKernSparseCols[] = {
      9,  11,  14,  17,  20,  24,  26,  31,  32,  48,  52,  56,   3,   6,   7,   8,
      9,  10,  11,  12,  14,  15,  16,  17,  18,  20,  24,  26,  30,  31,  34,  37,
     38,  40,  41,  43,  44,  45,  48,  50,  51,  52,  56,  58,  60,  62,  63,  66,
     67,   2,  11,  13,  14,  36,  41,   2,  11,  14,  36,  41,  55,  62,   0,   1,
      2,   5,  36,  55,  68,  15,  16,  17,  18,  20,  26,  34,  43,  44,  45,  51,
     52,   3,   4,   6,   7,   9,  10,  11,  12,  14,  15,  16,  17,  18,  20,  24,
     26,  29,  31,  32,  34,  37,  38,  40,  41,  43,  44,  45,  48,  51,  52,  53,
     56,  60,  62,  63,  66,  67,   2,  11,  12,  13,  14,  36,  41,  55,  62,   0,
      1,   2,   5,  11,  13,  14,  15,  16,  17,  20,  24,  26,  28,  36,  41,  43,
     44,  48,  52,  55,  56,  59,  68,   2,  11,  14,  36,  41,   0,   1,   2,   3,
     15,  16,  17,  18,  20,  22,  23,  24,  26,  28,  30,  31,  32,  33,  34,  35,
     36,  37,  43,  44,  45,  47,  48,  50,  51,  52,  54,  55,  56,  57,  59,  63,
     64,   0,   1,   2,  36,   0,   1,   2,   3,   4,   5,   6,   7,   8,  15,  16,
     17,  18,  20,  21,  22,  23,  24,  25,  26,  28,  30,  31,  33,  34,  36,  37,
     38,  39,  42,  43,  44,  45,  46,  47,  48,  49,  50,  51,  52,  53,  54,  55,
     56,  57,  58,  59,  61,  63,  64,  65,  68,   0,   1,   2,   6,   7,  15,  16,
     17,  18,  20,  24,  26,  36,  38,  43,  44,  45,  48,  52,  56,   3,   4,   6,
      7,  15,  16,  17,  18,  20,  24,  26,  30,  31,  34,  37,  38,  39,  43,  44,
     45,  46,  48,  49,  50,  51,  52,  53,  56,  61,  63,  65,   0,   1,   2,   3,
      4,   5,   6,   7,   8,  15,  16,  17,  18,  20,  22,  23,  24,  26,  28,  30,
     31,  33,  34,  36,  37,  38,  43,  44,  45,  47,  48,  50,  51,  52,  53,  54,
     55,  56,  57,  58,  59,  61,  63,  64,  16,  17,  18,  20,  24,  26,  44,  45,
     48,  52,  56,  11,  14,  41,  62,  63,   0,   1,  11,  14,  34,  41,  51,  62,
     11,  14,  41,  62,   0,   1,   2,  11,  13,  14,  28,  31,  34,  36,  41,  51,
     54,  59,  62,  63,   0,   1,  15,  16,  17,  18,  20,  24,  26,  43,  44,  45,
     46,  48,  49,  52,  54,  56,  68,  11,  14,  41,   9,  11,  14,  15,  16,  17,
     18,  20,  24,  26,  34,  41,  43,  44,  45,  48,  51,  52,  56,  60,  62,  16,
     17,  18,  20,  24,  26,  28,  31,  32,  34,  44,  45,  48,  51,  52,  56,  59,
      9,  11,  14,  41,  60,  62,   0,   1,   2,   9,  11,  14,  31,  34,  36,  41,
     51,  60,  62,   0,   1,   9,  11,  12,  13,  31,  34,  51,  60,  62,   0,   1,
     24,  48,  56,   1,   9,  11,  13,  14,  18,  41,  45,  60,  62,  24,  48,  56,
      9,  11,  14,  41,  60,  62,   0,   1,   2,   9,  11,  13,  14,  15,  16,  17,
     18,  20,  24,  26,  36,  41,  43,  44,  45,  46,  48,  52,  55,  56,  60,  62,
     68,   9,  11,  14,  17,  20,  26,  41,  46,  52,  60,  62,   0,   1,   2,   9,
     13,  14,  15,  17,  18,  20,  24,  26,  36,  41,  43,  45,  48,  52,  55,  56,
     60,  62,   9,  11,  14,  41,  60,  62,   3,   6,   7,   8,   9,  10,  11,  12,
     14,  15,  16,  17,  18,  20,  24,  26,  30,  31,  32,  34,  37,  38,  40,  41,
     43,  44,  45,  48,  50,  51,  52,  56,  58,  60,  62,  63,  66,  67,   2,   5,
     11,  12,  14,   2,   5,  11,  12,  13,  14,  36,  41,  55,  62,   2,   5,  11,
     12,  13,  14,   0,   1,   2,  11,  12,  13,  14,  20,  28,  31,  32,  34,  36,
     41,  51,  54,  59,  62,  63,  11,  12,  14,  41,  62,   9,  11,  12,  14,  41,
     60,  62,   0,   1,  31,  34,  51,   2,   5,  11,  12,  14,  36,  41,  55,  62,
     11,  12,  14,  41,  62,   2,   5,  36,  55,   3,   4,   6,   7,   8,  11,  12,
     14,  15,  16,  17,  18,  20,  24,  26,  29,  30,  31,  32,  34,  37,  38,  41,
     43,  44,  45,  48,  50,  51,  52,  53,  56,  58,  61,  62,  63,   9,  11,  12,
     14,  15,  16,  17,  18,  20,  24,  26,  34,  41,  43,  44,  45,  48,  51,  52,
     56,  60,  62,   3,   4,   6,   7,   9,  10,  11,  12,  14,  15,  16,  17,  18,
     20,  24,  26,  29,  31,  32,  34,  37,  38,  40,  41,  43,  44,  45,  48,  51,
     52,  53,  56,  60,  62,  63,  66,  67,   3,   4,   6,   9,  11,  12,  14,  31,
     32,  34,  66,  11,  12,  14,  41,  62,  18,  45,   2,  11,  14,  36,  41,   1,
      9,  11,  12,  13,  14,  18,  41,  45,  60,  62,   0,   1,   2,   3,   5,  15,
     16,  17,  18,  20,  22,  23,  24,  26,  27,  28,  30,  31,  32,  33,  34,  35,
     36,  37,  43,  44,  45,  47,  48,  50,  51,  52,  54,  55,  56,  57,  59,  63,
     64,  11,  12,  14,  41,  62,   0,   2,   3,   4,   5,   6,   7,  15,  16,  17,
     18,  19,  20,  21,  22,  23,  24,  26,  28,  29,  30,  31,  32,  33,  34,  35,
     36,  37,  38,  43,  44,  45,  47,  48,  50,  51,  52,  53,  54,  55,  56,  59,
     61,  63,  64,   2,   9,  14,  15,  17,  18,  20,  26,  36,  41,  43,  45,  52,
     55,  60,  62,   2,   5,  36,   9,  11,  14,  31,  32,
};

static const int8_t sarabun_14_boldKernSparseValues[] = {
     -47,  -47,  -47,  -14,  -14,  -14,  -14,  -28,  -28,  -14,  -14,  -14,  -14,  -14,  -14,  -19,
     -28,  -28,  -23,  -14,  -28,  -14,  -14,  -14,  -14,  -14,  -14,  -14,  -19,  -19,  -19,  -14,
     -14,  -28,  -28,  -14,  -14,  -14,  -14,  -19,  -19,  -14,  -14,  -19,  -28,  -47,  -37,  -37,
     -61,   -9,  -14,  -19,  -19,   -9,  -19,  -19,  -28,  -23,  -19,  -23,  -23,  -28,  -47,  -47,
     -47,  -42,  -84,  -47,  -47,  -14,   -9,   -9,   -9,   -9,   -9,  -19,  -14,   -9,   -9,  -19,
      -9,  -14,  -14,  -23,  -23,  -51,  -14,  -47,  -37,  -47,   -9,   -9,   -9,   -9,   -9,   -9,
      -9,  -14,  -28,  -19,  -37,  -14,  -23,  -14,  -47,   -9,   -9,   -9,   -9,  -37,   -9,  -14,
      -9,  -51,  -37,  -37,  -65,  -37,  -14,  -14,   -5,  -19,  -19,  -14,  -19,  -19,  -19,  -47,
     -47,  -37,  -47,  -14,  -28,  -14,  -14,  -14,  -14,  -14,  -14,  -14,   -9,  -75,  -28,  -14,
     -14,  -14,  -14,  -56,  -14,   -9,  -47,  -14,  -14,  -14,  -14,  -14,  -47,  -47,  -28,  -19,
     -37,  -28,  -37,  -37,  -37,  -28,  -28,  -37,  -37,  -33,  -28,  -28,  -19,  -23,  -19,  -23,
     -28,  -19,  -37,  -28,  -37,  -28,  -37,  -28,  -19,  -37,  -28,  -28,  -37,  -19,  -33,  -19,
      -9,  -19,  -19,  -28,  -28,  -47,  -47,  -23,  -19,  -19,  -33,  -14,  -14,  -14,  -37,  -37,
     -37,  -37,  -37,  -37,  -23,  -23,  -28,  -23,  -37,  -23,  -23,  -28,  -23,  -23,  -93,  -37,
     -37,  -23,  -19,  -75,  -75,  -75,  -37,  -47,  -56,  -28,  -47,  -47,  -75,  -47,  -75,  -56,
     -28,  -47,  -28,  -47,  -47,  -47,  -37,  -23,  -47,  -37,  -37,  -14,   -5,   -5,   -9,   -9,
      -9,   -9,   -9,   -9,   -9,  -14,   -5,   -9,   -9,   -9,   -9,   -9,   -9,  -19,  -14,  -19,
     -19,  -23,  -14,  -14,  -19,  -14,  -14,  -14,  -14,  -23,  -33,  -37,  -37,  -19,  -47,  -37,
     -42,  -23,  -42,  -28,  -28,  -65,  -37,  -33,  -14,  -28,  -47,  -14,  -47,  -47,  -28,  -23,
     -28,  -33,  -19,  -19,  -14,  -28,  -28,  -28,  -28,  -28,  -28,  -28,  -28,  -28,  -28,  -28,
     -28,  -37,  -28,  -28,  -23,  -19,  -28,  -28,  -28,  -28,  -28,  -28,  -28,  -28,  -28,  -37,
     -37,  -28,  -28,  -14,  -28,  -28,  -37,  -23,   -9,   -9,   -9,   -9,   -9,   -9,   -9,   -9,
      -9,   -9,   -9,  -28,  -37,  -37,  -28,  -28,  -14,  -14,  -37,  -37,   -9,  -37,  -28,  -28,
     -19,  -28,  -28,  -19,  -14,  -14,  -19,  -37,  -23,  -37,    9,  -14,   -9,  -19,  -37,   -9,
       9,    9,  -28,   -9,  -28,  -28,  -19,  -19,  -19,  -14,  -19,  -19,  -19,  -37,  -37,  -33,
     -19,  -37,  -19,  -37,  -37,  -19,  -28,  -19,  -28,  -56,  -28,  -42,  -28,  -19,  -19,  -19,
      -9,  -19,   -9,  -19,  -14,  -28,  -19,  -19,   -9,   -9,  -14,  -19,   -9,  -28,  -33,   -9,
      -9,  -14,   -9,  -14,   -9,   -9,  -14,   -9,  -14,   -9,  -14,  -14,  -14,   -9,  -14,   -9,
     -28,  -33,  -37,  -37,  -28,  -33,  -14,  -14,  -19,  -28,  -28,  -33,   -5,   -5,  -19,  -33,
      -5,  -28,  -28,  -14,  -14,  -28,  -28,  -28,  -23,   -9,   -5,   -5,  -28,  -28,  -28,  -28,
      -5,   -5,   -5,  -14,  -28,  -23,  -19,  -28,    9,  -28,    9,  -28,  -19,  -14,  -14,  -14,
     -37,  -23,  -28,  -56,  -75,  -47,  -28,  -28,  -47,  -19,  -28,  -23,  -28,  -14,  -14,   -9,
      -9,   -9,   -5,   -9,  -93,  -56,  -33,  -33,  -23,  -19,   -5,  -28,  -75,   -5,  -37,  -47,
     -28,  -19,  -23,  -37,  -14,  -14,  -14,  -75,  -19,  -33,  -37,  -47,  -19,  -19,  -37,  -19,
     -28,  -28,  -14,   -5,   -5,   -5,   -5,   -5,  -37,  -28,  -14,   -5,   -5,   -5,  -37,   -5,
     -19,  -23,   -9,  -19,  -19,  -37,  -19,  -37,  -42,  -37,  -14,  -37,  -75,  -56,  -93,  -61,
     -84,  -33,  -33,  -33,  -33,  -14,  -33,  -14,  -37,  -65,  -37,  -56,  -14,  -14,  -28,  -28,
     -14,  -14,  -14,  -14,  -19,  -19,  -14,  -14,  -19,  -28,  -47,  -37,  -75,  -61,  -19,  -23,
     -28,  -28,  -23,  -37,  -19,  -37,  -23,  -37,  -42,  -14,  -19,  -19,  -19,  -23,  -19,  -23,
     -19,  -19,  -23,  -14,  -14,  -19,  -75,  -28,  -47,  -75,    9,   19,  -28,   -9,  -23,  -19,
     -37,   -9,    9,    9,  -28,   -9,  -37,  -19,  -56,  -28,  -19,  -56,  -65,  -33,  -75,  -37,
     -28,  -33,  -14,  -14,   -9,   -5,   -5,  -37,  -23,  -56,  -28,  -47,  -19,  -23,  -23,  -28,
     -75,  -28,  -75,  -37,  -28,  -56,  -19,  -28,  -19,  -47,  -47,  -47,  -23,  -37,  -47,  -23,
     -47,  -37,  -56,  -56,  -56,  -28,  -56,  -28,  -28,  -37,  -93,  -47,  -93,  -23,  -23,  -23,
     -19,  -28,  -28,  -28,  -19,  -47,  -28,  -23,  -28,  -19,  -28,  -23,  -47,  -56,  -84,  -33,
     -56,  -37,  -37,  -37,  -28,  -19,  -28,  -19,  -28,  -28,  -19,  -19,   -9,   -9,  -14,  -19,
      -9,  -28,  -33,  -28,  -28,  -37,  -23, -103,  -14,  -93,  -75,  -93,   -9,   -9,   -9,   -9,
      -9,   -9,   -9,  -14,  -75,  -56,  -75,  -14,  -23,  -14,  -47,   -9,   -9,   -9,   -9,  -37,
      -9,  -14,   -9,  -51,  -37,  -37,  -65,  -37,  -14,  -14,  -14,  -51,  -47,  -37,  -47,  -47,
     -37,  -37,  -28,  -56,  -19,  -56,  -28,  -19,  -19,  -19,  -33,  -28,  -28,  -14,  -14,  -14,
     -56,  -47,  -19,  -37,  -56,   19,  -28,    9,  -28,  -19,  -47,  -47,  -75,  -37,  -28,  -65,
     -56,  -65,  -65,  -65,  -56,  -28,  -65,  -37,  -19,  -61,  -56,  -47,  -37,  -42,  -37,  -33,
     -28,  -19,  -37,  -28,  -37,  -28,  -37,  -28,  -19,  -37,  -28,  -28,  -37,  -19,  -33,  -19,
      -9,  -56,  -28,  -75,  -37,  -28,  -47,  -93,  -37,  -37,  -28,  -37,  -19,  -56,  -56,  -56,
     -56,  -19,  -56,  -19,  -37,  -19,  -56,  -28,  -37,  -19,  -47,  -47,  -23,  -47,  -47,  -19,
     -47,  -19,  -19,  -28,  -28,  -28,  -19,  -28,  -23,  -23,  -28,  -19,  -28,  -28,  -28,  -19,
     -19,  -23,  -19,  -37,  -19,  -37,  -19,  -19,   -9,  -19,  -19,  -37,  -37,  -19,   -9,  -19,
     -33,  -19,  -23,  -23,  -37,  -23,  -47,  -47,  -47,  -28,  -28,
};

static const EpdLigaturePair sarabun_14_boldLigaturePairs[] = {
    { 0x00660069, 0xFB01 }, // f i -> U+FB01
    { 0x0066006C, 0xFB02 }, // f l -> U+FB02
};

static const EpdFontData sarabun_14_bold = {
    sarabun_14_boldBitmaps,
    sarabun_14_boldGlyphs,
    sarabun_14_boldIntervals,
    56,
    38,
    32,
    -7,
    true,
    sarabun_14_boldGroups,
    13,
    nullptr,
    nullptr,  // kernLeftClasses: built-in fonts use the split arrays below
    nullptr,  // kernRightClasses
    sarabun_14_boldKernLeftCodepoints,
    sarabun_14_boldKernLeftClassIds,
    sarabun_14_boldKernRightCodepoints,
    sarabun_14_boldKernRightClassIds,
    nullptr,  // kernMatrix: built-in fonts use the sparse form below
    sarabun_14_boldKernRowOffsets,
    sarabun_14_boldKernSparseCols,
    sarabun_14_boldKernSparseValues,
    238,
    275,
    61,
    69,
    sarabun_14_boldLigaturePairs,
    2,
};
