/**
 * generated by fontconvert.py
 * name: sarabun_14_italic
 * size: 14
 * mode: 2-bit  compressed: true
 * Command used: fontconvert.py sarabun_14_italic 14 ../builtinFonts/source/Sarabun/Sarabun-Italic.ttf --2bit --compress --pnum --zopfli --additional-intervals 0x0E00,0x0E7F
 */
#pragma once
#include "EpdFontData.h"

static const uint8_t sarabun_14_italicBitmaps[19423] = {
    0xAD, 0x99, 0x01, 0xC4, 0x2D, 0x49, 0x76, 0xC7, 0x7F, 0x5D, 0x15, 0xDB, 0xA4, 0x48, 0x05, 0x41,
    0x18, 0x52, 0x41, 0x10, 0x64, 0xBE, 0x82, 0x20, 0xB8, 0xB7, 0xBB, 0xB2, 0x8B, 0xC5, 0x62, 0x03,
    0x00, 0x58, 0x2C, 0x00, 0x03, 0x30, 0xE8, 0xFB, 0x6E, 0xC7, 0x02, 0x16, 0x3B, 0x00, 0xC0, 0x06,
    0x00, 0xD8, 0x60, 0xF0, 0xD0, 0xEF, 0xDD, 0x9A, 0x19, 0x0C, 0x42, 0x5E, 0xEF, 0x04, 0xC1, 0xE0,
    0x75, 0x76, 0x1F, 0x09, 0x61, 0xA7, 0x66, 0xA7, 0x99, 0x1E, 0xAF, 0xEF, 0xAD, 0xD4, 0x71, 0x6F,
    0xCF, 0xFB, 0xBE, 0xC9, 0x37, 0x93, 0x90, 0xDC, 0xAF, 0xFF, 0xFF, 0x69, 0x77, 0xFA, 0x9E, 0x3A,
    0xFF, 0x3A, 0xA7, 0x4E, 0x9D, 0xEA, 0xC7, 0x2A, 0x7F, 0xD5, 0x52, 0xCD, 0x2A, 0xA9, 0xA4, 0x93,
    0x9E, 0xF4, 0x58, 0xC7, 0x3A, 0x9A, 0x68, 0x7B, 0x1B, 0x00, 0x3C, 0xC7, 0x70, 0x0A, 0x0D, 0xF6,
    0x47, 0xD1, 0x99, 0xE8, 0x6D, 0x7F, 0x67, 0xC3, 0xDE, 0x52, 0xAE, 0x9D, 0x03, 0x3D, 0x55, 0x09,
    0x3D, 0xAA, 0x89, 0x3A, 0xEA, 0x11, 0xDB, 0xD7, 0x11, 0x1B, 0x4C, 0xC4, 0x61, 0x7B, 0x93, 0x73,
    0x5E, 0x6C, 0xA1, 0x99, 0x8E, 0x06, 0x06, 0xF6, 0xB0, 0xD0, 0xC1, 0xCC, 0x40, 0x95, 0x58, 0x38,
    0xE6, 0x9C, 0xE3, 0xA9, 0x50, 0xF9, 0xA1, 0x9E, 0x30, 0xFF, 0xCD, 0x48, 0xE0, 0x0E, 0x07, 0xE0,
    0x81, 0x3B, 0x30, 0x79, 0xA4, 0xCD, 0x0B, 0x97, 0xEA, 0x5C, 0xCD, 0xFC, 0x8D, 0x4A, 0xA0, 0x13,
    0xA8, 0x19, 0xAA, 0x33, 0x70, 0xEA, 0xC1, 0x2F, 0x50, 0x67, 0xE0, 0x14, 0xC1, 0x4D, 0x50, 0x5F,
    0x9F, 0x2A, 0xF8, 0x03, 0xF4, 0xB4, 0xC7, 0x8C, 0xC7, 0xFE, 0x9D, 0xDE, 0xE5, 0x0B, 0x2A, 0xBF,
    0xC7, 0x66, 0x9A, 0x13, 0x32, 0x76, 0x8E, 0xB4, 0xD8, 0x1F, 0x24, 0x06, 0x9A, 0x2A, 0x55, 0x33,
    0x3B, 0x92, 0x9E, 0xE8, 0xAA, 0x64, 0x23, 0x9D, 0x4A, 0x1E, 0x3A, 0x3D, 0x76, 0xB0, 0x37, 0x1F,
    0xCC, 0xE0, 0xB3, 0x9E, 0xDE, 0xE9, 0xEB, 0xC5, 0x7E, 0x98, 0x13, 0xF8, 0xFA, 0xD7, 0x33, 0x1C,
    0x6C, 0x78, 0x0A, 0x8B, 0x63, 0x40, 0xA7, 0x3B, 0x9E, 0x62, 0xA2, 0xB0, 0x0B, 0x77, 0xCC, 0x34,
    0xDC, 0x89, 0x74, 0xDC, 0x0F, 0x46, 0x95, 0xB0, 0xA2, 0x1C, 0xB5, 0xB9, 0x5E, 0xE7, 0x19, 0x6C,
    0x5C, 0xC1, 0x33, 0x40, 0x73, 0xA5, 0x05, 0x5A, 0x25, 0xD6, 0xCD, 0x08, 0xF6, 0xC4, 0x55, 0x62,
    0x95, 0x45, 0xDA, 0xEF, 0x67, 0x7E, 0x2A, 0x3F, 0x98, 0xBD, 0x3C, 0xD3, 0xE0, 0x3E, 0x1E, 0x1B,
    0xCC, 0x67, 0xB1, 0x41, 0xE5, 0xD0, 0xC2, 0x05, 0x3F, 0x9A, 0x2C, 0xB1, 0xF8, 0xE5, 0x58, 0x9D,
    0xFE, 0x43, 0x05, 0x1B, 0x1C, 0x9E, 0x3B, 0xF6, 0xEC, 0xD9, 0x41, 0x3D, 0xE2, 0xC2, 0x35, 0x30,
    0x4A, 0x42, 0x89, 0x89, 0xD8, 0x1E, 0x07, 0x2D, 0x34, 0xB0, 0x87, 0x0E, 0x86, 0x87, 0x97, 0xA8,
    0x87, 0x06, 0x3C, 0xD8, 0x5E, 0x6C, 0xD0, 0x20, 0x76, 0x6C, 0xA4, 0x8E, 0x62, 0x45, 0x4F, 0xE8,
    0x84, 0x92, 0x0B, 0x7D, 0xBD, 0x26, 0xF9, 0xBE, 0xFE, 0x7A, 0x80, 0x80, 0x87, 0x3D, 0xAC, 0x48,
    0x0A, 0x49, 0xD8, 0x69, 0x00, 0x50, 0xE3, 0xFB, 0xEA, 0xDF, 0x12, 0x5F, 0x44, 0x8E, 0x1C, 0xF3,
    0xE5, 0x94, 0x2F, 0x9C, 0xD1, 0x2F, 0xB0, 0x3F, 0xEF, 0x5D, 0x1D, 0xA9, 0x80, 0x9F, 0x00, 0x09,
    0xAA, 0x1B, 0xD4, 0x04, 0x5A, 0x30, 0x4A, 0x42, 0x9D, 0x4F, 0x39, 0xAF, 0x32, 0x0A, 0xA6, 0x07,
    0x1B, 0x6E, 0x00, 0x1C, 0xE0, 0xA1, 0x8E, 0x76, 0x72, 0x93, 0x1D, 0x75, 0xAC, 0x83, 0x63, 0xC7,
    0x9F, 0xD3, 0xE6, 0x58, 0x2E, 0x47, 0x1B, 0xDA, 0x70, 0x07, 0xA0, 0x12, 0xA0, 0x23, 0x22, 0x0F,
    0xF0, 0x00, 0x3B, 0x80, 0xE5, 0xFF, 0xFD, 0x7F, 0xFE, 0x29, 0x00, 0xF5, 0x19, 0xDA, 0xDC, 0x73,
    0xAE, 0x27, 0x9D, 0x54, 0x32, 0x91, 0xD9, 0xF6, 0x2C, 0x1E, 0xD6, 0xB6, 0xA0, 0x29, 0x38, 0xC0,
    0x32, 0x20, 0xA8, 0xE6, 0x01, 0x95, 0xAE, 0xD0, 0xD3, 0x40, 0x1D, 0x0F, 0xD8, 0xBE, 0xA1, 0xC5,
    0x87, 0x33, 0x26, 0x27, 0xAA, 0x1C, 0xA0, 0x4A, 0xD8, 0xC4, 0x29, 0xE9, 0xD7, 0x93, 0xFE, 0xD9,
    0x36, 0xF5, 0x32, 0xFB, 0x12, 0x00, 0x6C, 0xB8, 0xC5, 0xC0, 0xDF, 0x0B, 0xF5, 0x01, 0x06, 0xDA,
    0x3C, 0x1F, 0x73, 0xE2, 0x7B, 0x39, 0x50, 0xFE, 0x5B, 0x9D, 0xD5, 0x52, 0x8D, 0xAC, 0x04, 0x06,
    0x40, 0xB0, 0x42, 0xB5, 0x80, 0x9E, 0xA1, 0x9E, 0x10, 0x7B, 0xB4, 0x01, 0x2E, 0xA0, 0x16, 0xB0,
    0x13, 0xB4, 0x3D, 0x5C, 0xA0, 0x9E, 0xC1, 0x8F, 0xA2, 0x2C, 0x4F, 0xC7, 0x82, 0x62, 0xB3, 0x17,
    0xF3, 0x9C, 0xAB, 0x95, 0x91, 0x03, 0x6C, 0x60, 0x05, 0x95, 0xC0, 0x45, 0xEC, 0x19, 0x6C, 0x0E,
    0xE0, 0x46, 0xD0, 0x09, 0xAA, 0xF9, 0x0D, 0x74, 0xFA, 0x2B, 0xCC, 0xD4, 0x06, 0x2F, 0xCB, 0xF7,
    0xBA, 0x04, 0xA8, 0x56, 0xD0, 0x05, 0xB6, 0xC0, 0x2F, 0x70, 0x98, 0xA9, 0x3E, 0x9F, 0xD1, 0x9F,
    0x24, 0xEC, 0xCF, 0x12, 0x5E, 0x56, 0x6F, 0xC1, 0x5C, 0x8F, 0x7A, 0x92, 0xD2, 0x66, 0xA2, 0xC3,
    0xC6, 0x3D, 0xB6, 0x97, 0x4C, 0x29, 0x58, 0xC0, 0x87, 0x02, 0xA0, 0x05, 0x1A, 0xC4, 0xE1, 0x1B,
    0x75, 0x00, 0xC3, 0x16, 0x40, 0x66, 0xA0, 0x4A, 0x80, 0xFA, 0xFD, 0x05, 0x74, 0xCE, 0x23, 0x7A,
    0x31, 0x89, 0x7A, 0x14, 0xE9, 0x20, 0xC4, 0xBA, 0xDD, 0x55, 0x42, 0x6A, 0x06, 0xD1, 0xB1, 0xC3,
    0x46, 0x8E, 0xE1, 0x18, 0x70, 0xF9, 0x0C, 0x55, 0x1E, 0x01, 0xF8, 0x3B, 0x30, 0x33, 0x9C, 0x26,
    0xF4, 0xF9, 0xAA, 0xF9, 0x78, 0x93, 0x94, 0xC0, 0x7E, 0xBA, 0xE0, 0x72, 0x0E, 0xED, 0xE4, 0x62,
    0x1B, 0xEA, 0xF1, 0x09, 0x7A, 0x7A, 0x56, 0xB0, 0x0A, 0xA8, 0xC7, 0x01, 0x13, 0x0F, 0xB8, 0xBE,
    0x0D, 0xCF, 0xB1, 0x79, 0x41, 0xE5, 0x1E, 0x99, 0x68, 0xC1, 0x9B, 0xC0, 0x9C, 0x41, 0xDD, 0x8B,
    0x95, 0x68, 0x6D, 0x81, 0x67, 0xC0, 0xBA, 0x4D, 0x6B, 0xC1, 0x04, 0x75, 0x04, 0x2B, 0xE8, 0xC1,
    0xDD, 0xA6, 0x44, 0x20, 0x86, 0x71, 0x79, 0xE6, 0x49, 0xB5, 0xB2, 0xF0, 0x44, 0x25, 0x9A, 0x1B,
    0x0E, 0x05, 0x2B, 0xE7, 0x3A, 0x71, 0xCC, 0x3D, 0xA7, 0x1C, 0xF5, 0x5C, 0x27, 0xDB, 0x57, 0xB3,
    0x87, 0xA5, 0xD9, 0x80, 0x9A, 0x5B, 0x74, 0xF2, 0xD1, 0x45, 0x93, 0x33, 0xD5, 0xE9, 0x15, 0x98,
    0x0B, 0xF2, 0xBC, 0x5A, 0xEA, 0x54, 0x4F, 0xD5, 0x6C, 0x23, 0xAB, 0x0B, 0x05, 0xB0, 0x7A, 0x01,
    0x6A, 0x71, 0xA1, 0x9E, 0xED, 0xE8, 0x53, 0x2D, 0x7A, 0x4E, 0xBF, 0xBC, 0x39, 0xFF, 0x1C, 0x94,
    0xC4, 0x3B, 0xC1, 0xA9, 0xC7, 0x9F, 0xA1, 0x1D, 0xE1, 0x2F, 0x80, 0x2A, 0xC9, 0xE8, 0x7A, 0xE4,
    0xDE, 0x67, 0x5B, 0xD6, 0x74, 0x92, 0x76, 0xCC, 0xDC, 0xFB, 0xA8, 0x7E, 0x2B, 0x05, 0xE6, 0x56,
    0x0A, 0xB6, 0x8F, 0x09, 0xC0, 0x09, 0x30, 0x0B, 0x32, 0xCC, 0x37, 0x6F, 0xDA, 0x5E, 0x28, 0x02,
    0xF5, 0x02, 0x70, 0x0A, 0x80, 0x49, 0x40, 0x75, 0x01, 0xF0, 0xE3, 0xB6, 0xDE, 0xF9, 0x89, 0x84,
    0xF0, 0xEC, 0xA5, 0x2A, 0x3D, 0xFC, 0x48, 0xA8, 0xE6, 0x53, 0xCE, 0xA9, 0x02, 0xD0, 0xA3, 0xD0,
    0x0A, 0x70, 0xEC, 0x01, 0x33, 0x03, 0x64, 0x00, 0x37, 0x01, 0xEA, 0x0C, 0x70, 0x04, 0xD4, 0x05,
    0xF0, 0xD3, 0x63, 0x37, 0x3C, 0xB9, 0xE5, 0x14, 0x54, 0xA7, 0xD1, 0xE6, 0xB5, 0x64, 0xC6, 0x5F,
    0xD2, 0x6E, 0x4B, 0xBC, 0x83, 0x05, 0x9D, 0x6E, 0xC5, 0x76, 0xA0, 0xDA, 0xEA, 0xB2, 0xEA, 0x41,
    0xC2, 0x8F, 0x1D, 0x71, 0x23, 0xA6, 0x07, 0xDE, 0x92, 0xCD, 0x51, 0x89, 0xDB, 0xB8, 0x57, 0x1C,
    0xC5, 0x36, 0x26, 0x56, 0xB3, 0x59, 0xA4, 0x4D, 0x38, 0x66, 0x92, 0xFD, 0xFB, 0x57, 0x36, 0x24,
    0x4B, 0xA8, 0xFB, 0xF7, 0xEF, 0xA0, 0xF0, 0x9E, 0x77, 0x72, 0x48, 0x3B, 0x95, 0x33, 0xA9, 0x33,
    0xA3, 0xAD, 0xA6, 0xCE, 0x62, 0xF5, 0xF8, 0xEE, 0x1F, 0xF1, 0x67, 0x26, 0x76, 0x36, 0x9C, 0x8E,
    0x74, 0x26, 0xBF, 0x58, 0xD9, 0xAB, 0xF3, 0x1F, 0xBE, 0x87, 0x07, 0xC0, 0x46, 0x00, 0xFD, 0x15,
    0xEF, 0x02, 0x39, 0x2F, 0x32, 0xF8, 0x25, 0x00, 0x98, 0x11, 0xB0, 0xE3, 0xA6, 0xAE, 0x4D, 0xC0,
    0x33, 0xA1, 0x39, 0x81, 0x4A, 0x33, 0xE8, 0x69, 0x16, 0xB7, 0x16, 0xB0, 0xFD, 0xC0, 0xB6, 0x6F,
    0x76, 0x30, 0xB0, 0x83, 0x85, 0xBD, 0x48, 0xB8, 0xA0, 0x85, 0xCC, 0x88, 0x97, 0xC1, 0x3C, 0x3E,
    0xE0, 0x68, 0xC1, 0x85, 0xE7, 0x60, 0xFB, 0x2A, 0x5F, 0x42, 0x79, 0x6C, 0xD6, 0xA9, 0x5A, 0xF5,
    0xC4, 0xB3, 0x82, 0x43, 0x3D, 0x16, 0x44, 0x86, 0x22, 0x79, 0xB1, 0xB1, 0x9E, 0x6C, 0xCE, 0xA1,
    0xA0, 0x77, 0xE1, 0xAD, 0xE4, 0x50, 0xB3, 0x87, 0xA5, 0x2D, 0x68, 0x60, 0x6E, 0x50, 0xE9, 0x80,
    0x4E, 0x1D, 0x4E, 0xDA, 0x99, 0x90, 0xF3, 0x2B, 0xAE, 0x49, 0x6E, 0x73, 0x86, 0x63, 0xF0, 0xC5,
    0x08, 0x75, 0xD0, 0xD3, 0xA6, 0xD6, 0x05, 0xA0, 0x05, 0x68, 0x00, 0x0E, 0x00, 0xC3, 0xB7, 0xD1,
    0x61, 0x7B, 0x4E, 0xFC, 0xFE, 0x47, 0xEC, 0x58, 0x27, 0x11, 0xD4, 0xC3, 0x3B, 0x5F, 0x41, 0x95,
    0xF3, 0x7B, 0x22, 0x52, 0x22, 0xCB, 0x45, 0x02, 0xDA, 0x0A, 0xB9, 0x50, 0x6F, 0xCD, 0x54, 0x6F,
    0x84, 0xAC, 0x90, 0xED, 0x37, 0x72, 0xB2, 0x01, 0x38, 0xF0, 0x78, 0x68, 0x69, 0xE1, 0x09, 0x0D,
    0xAC, 0xC8, 0x62, 0xE5, 0x40, 0x9D, 0xE8, 0x78, 0x27, 0x22, 0x1B, 0x30, 0x32, 0x84, 0x0C, 0x94,
    0x65, 0x32, 0xB7, 0x6A, 0x21, 0xA8, 0xC7, 0x2B, 0xCC, 0x56, 0x39, 0x72, 0x1E, 0x0B, 0xA2, 0xE8,
    0x73, 0x3C, 0x28, 0xAA, 0x08, 0x0E, 0x40, 0x07, 0x94, 0x59, 0xEA, 0x8B, 0xB9, 0x20, 0x36, 0x6F,
    0x11, 0x4A, 0x88, 0xC9, 0x8D, 0xEA, 0x71, 0x23, 0x31, 0x8D, 0x7D, 0x43, 0x52, 0x0B, 0x5C, 0x19,
    0x66, 0x6B, 0x0C, 0x1F, 0x4C, 0xE4, 0x36, 0x9B, 0xF7, 0x2B, 0xF7, 0x0A, 0xDC, 0xC2, 0xE1, 0xAE,
    0xE1, 0x70, 0x12, 0x0E, 0xDD, 0xFF, 0x4F, 0xE1, 0x38, 0xE6, 0x2B, 0xAD, 0xD0, 0x5E, 0x69, 0x6B,
    0xCA, 0x0E, 0x3C, 0x81, 0x8E, 0x16, 0x06, 0x09, 0xC7, 0x4A, 0x2D, 0xF3, 0xCF, 0x71, 0x79, 0x97,
    0x2A, 0xC1, 0xA2, 0x12, 0xCC, 0x3A, 0x51, 0x09, 0xA9, 0xA4, 0xA7, 0x42, 0xF5, 0x88, 0x4E, 0x42,
    0x93, 0x91, 0x1E, 0xC9, 0x46, 0x6A, 0x21, 0x13, 0x6D, 0x96, 0x09, 0x13, 0xF2, 0x01, 0xDB, 0x7B,
    0xB0, 0xA1, 0x15, 0x9F, 0x1A, 0xF0, 0x08, 0x71, 0xB8, 0x3F, 0xF8, 0x9E, 0x15, 0x3A, 0x0A, 0x2F,
    0xCC, 0x0F, 0x5A, 0xF7, 0x51, 0x76, 0x37, 0x1B, 0x25, 0xB8, 0x2E, 0x78, 0x5A, 0x1A, 0x1A, 0x0E,
    0x7C, 0x23, 0x5C, 0xF1, 0x5E, 0xB8, 0xFA, 0x2B, 0x1E, 0x0B, 0xD7, 0x1E, 0x38, 0x00, 0x03, 0xB0,
    0x40, 0x35, 0xF3, 0xD7, 0x75, 0x92, 0x8A, 0x8D, 0x93, 0xAC, 0x4B, 0x58, 0xE9, 0x60, 0xDB, 0xA0,
    0x13, 0x67, 0xCA, 0xF0, 0xB3, 0x28, 0x93, 0x3E, 0xC3, 0x07, 0xEA, 0xF8, 0x0C, 0xCC, 0x87, 0x33,
    0xD8, 0x7F, 0x9A, 0xC0, 0xFE, 0x2A, 0x81, 0xCD, 0x09, 0xDC, 0xBC, 0x80, 0x1F, 0x07, 0xF0, 0x7D,
    0x73, 0xCB, 0xBB, 0x46, 0x86, 0x6F, 0xB0, 0x91, 0x83, 0x38, 0x28, 0x4D, 0x4D, 0x21, 0xD9, 0x57,
    0x60, 0x91, 0x81, 0xD8, 0xFA, 0xFC, 0xFF, 0x8D, 0x0C, 0xFF, 0x2D, 0x59, 0x37, 0x5C, 0xB3, 0x2E,
    0xCA, 0x69, 0xE3, 0xBA, 0xBF, 0xAA, 0xC2, 0x26, 0xE9, 0xC2, 0x36, 0xE9, 0x33, 0xB4, 0x93, 0xBE,
    0xC0, 0x71, 0xAC, 0x0B, 0xE7, 0xB1, 0x7E, 0x49, 0xF5, 0x3A, 0x9A, 0x17, 0xE8, 0x4F, 0xA3, 0x7D,
    0x41, 0xFD, 0x22, 0xDA, 0x5F, 0x04, 0xFB, 0xE3, 0xDE, 0xFE, 0xA8, 0x77, 0x36, 0xB8, 0x1F, 0xC6,
    0xBD, 0x0B, 0x4E, 0xC7, 0xCE, 0xE3, 0x75, 0x94, 0xF6, 0x5B, 0x7F, 0x32, 0x35, 0x34, 0xEA, 0xB7,
    0xB1, 0x61, 0x5F, 0xFD, 0x67, 0xBF, 0xE7, 0x40, 0xA6, 0xA3, 0xE3, 0xC2, 0xC0, 0xC0, 0x8A, 0xE0,
    0xA9, 0x28, 0x5A, 0x60, 0x55, 0x22, 0x4E, 0xC6, 0x9B, 0x75, 0xA6, 0x2A, 0x14, 0x54, 0xAA, 0x5F,
    0x46, 0x9D, 0xEA, 0x8F, 0x0B, 0x99, 0x8F, 0x26, 0x3D, 0xD9, 0x0F, 0x53, 0x3D, 0xDA, 0x7E, 0xAE,
    0xA3, 0xED, 0x57, 0x13, 0x5D, 0x38, 0xD8, 0xE8, 0x69, 0x24, 0x43, 0xBC, 0xED, 0x5B, 0xEC, 0x2F,
    0x43, 0x83, 0x79, 0x49, 0x43, 0x9D, 0x39, 0xA0, 0x33, 0x03, 0x95, 0x0C, 0xC6, 0x85, 0x15, 0x9E,
    0x49, 0xCE, 0x4F, 0x5C, 0xDB, 0x8D, 0x53, 0x38, 0x06, 0xB5, 0x20, 0x85, 0xEC, 0x9A, 0x76, 0x3A,
    0xB9, 0x80, 0x4A, 0x2D, 0x85, 0x1A, 0xA1, 0x83, 0xD0, 0x00, 0x5A, 0x48, 0xDA, 0x4A, 0xA4, 0xBF,
    0xC0, 0xC4, 0x42, 0xB6, 0x3F, 0xDC, 0x52, 0xF1, 0x09, 0x3E, 0x54, 0x2B, 0x76, 0x34, 0x5F, 0x97,
    0xA0, 0x05, 0xAA, 0x72, 0xA7, 0x72, 0x4E, 0xF7, 0xEA, 0x67, 0x53, 0x8F, 0x05, 0x91, 0xBD, 0x89,
    0x74, 0xB2, 0xB7, 0xDB, 0x5E, 0xCD, 0xB6, 0x37, 0x93, 0xF4, 0x33, 0x2E, 0xCF, 0xDF, 0x56, 0x19,
    0xB6, 0x0E, 0xF3, 0x9B, 0xCE, 0x57, 0xFF, 0x37, 0xE7, 0x5B, 0x1A, 0x78, 0x4E, 0x1B, 0xD4, 0x8A,
    0x7D, 0xE5, 0x12, 0xB5, 0x38, 0xCF, 0x69, 0x01, 0xEA, 0x4B, 0x00, 0x8E, 0x2B, 0x50, 0x3D, 0x05,
    0x60, 0x13, 0xB4, 0x14, 0x41, 0x67, 0x3D, 0xF1, 0xE4, 0x11, 0x41, 0xB2, 0x29, 0x24, 0x2B, 0x1B,
    0x42, 0x5E, 0x71, 0x32, 0x31, 0x78, 0x5A, 0x64, 0xD5, 0xDA, 0xBE, 0x20, 0x1E, 0x0A, 0x3A, 0xC4,
    0x85, 0x7A, 0x5C, 0xD1, 0xD7, 0xEE, 0xD7, 0xCB, 0xE1, 0x95, 0xC7, 0x0F, 0xAF, 0x39, 0x42, 0xBB,
    0x80, 0xC9, 0x40, 0x7E, 0xF4, 0xF0, 0xBA, 0x43, 0x0E, 0xAF, 0x6F, 0xBA, 0x5F, 0x39, 0x40, 0x0B,
    0x5D, 0xD8, 0x6A, 0xE5, 0xC3, 0x82, 0xD9, 0x0B, 0x05, 0xC0, 0x09, 0xF9, 0x47, 0x0A, 0xE6, 0xFE,
    0x91, 0xED, 0x67, 0x7D, 0xD8, 0xEF, 0x0A, 0x99, 0x58, 0x2E, 0xA1, 0x68, 0x23, 0x36, 0x5E, 0xB7,
    0x91, 0x80, 0x0D, 0x2E, 0x20, 0xA5, 0x46, 0xB4, 0xDF, 0xA8, 0xA1, 0x11, 0x3A, 0xC0, 0x41, 0xA8,
    0x63, 0x80, 0x41, 0x68, 0x65, 0x85, 0x85, 0x55, 0x2C, 0x0E, 0x22, 0xEA, 0x80, 0x19, 0x91, 0x66,
    0x1E, 0x2B, 0x61, 0x56, 0x79, 0x82, 0x06, 0x6C, 0x6C, 0x91, 0xA6, 0x16, 0x5A, 0x3C, 0x3C, 0xC1,
    0xC1, 0x2A, 0x0A, 0x16, 0x6C, 0xAF, 0x52, 0x21, 0x3D, 0x61, 0x6F, 0xDE, 0xF4, 0x85, 0x3C, 0xD4,
    0xB1, 0x01, 0x3D, 0x0E, 0x42, 0x0B, 0xE8, 0xDF, 0x24, 0x50, 0x5F, 0x4C, 0xA0, 0x5E, 0x47, 0x09,
    0x67, 0x0F, 0x64, 0x80, 0x0B, 0xC0, 0x8A, 0xC0, 0xC6, 0x6A, 0x59, 0xF1, 0x51, 0xA5, 0x95, 0x36,
    0xEA, 0xC2, 0xC7, 0x28, 0xA1, 0x2A, 0xAB, 0x3E, 0x0E, 0xD5, 0x17, 0xC5, 0xF6, 0xA0, 0x7E, 0x3B,
    0xBA, 0x30, 0xE8, 0x8F, 0x46, 0xCF, 0x60, 0x3E, 0x1A, 0x1B, 0x06, 0xFB, 0xFD, 0xA9, 0x63, 0x70,
    0x6A, 0x5A, 0x19, 0x1A, 0x35, 0xCD, 0x0C, 0xBB, 0xEA, 0xF3, 0x44, 0xF7, 0xB4, 0x2A, 0xA3, 0x75,
    0xA9, 0xFA, 0x62, 0xE4, 0x49, 0xE2, 0xCB, 0xC8, 0x71, 0x44, 0xBA, 0xF1, 0x48, 0x86, 0x63, 0x8F,
    0x30, 0x9C, 0x45, 0x0E, 0x03, 0xD0, 0xC2, 0xB9, 0x90, 0x5A, 0x70, 0x7D, 0x9D, 0xB0, 0x32, 0xAF,
    0x66, 0x6C, 0x03, 0x7A, 0x92, 0xFE, 0xF6, 0xF3, 0x15, 0xAA, 0x2F, 0x13, 0x90, 0x47, 0xE0, 0x18,
    0x84, 0x00, 0x72, 0x00, 0x9D, 0x23, 0x98, 0x7F, 0x1D, 0xC1, 0xFD, 0x6C, 0x82, 0x56, 0x25, 0x58,
    0xAB, 0x45, 0x8C, 0xAD, 0xD4, 0x89, 0x67, 0xD8, 0x48, 0x4B, 0x1B, 0xF0, 0x6C, 0xB3, 0xF8, 0x0C,
    0xD7, 0x23, 0x9A, 0x75, 0xC2, 0x14, 0x99, 0x48, 0x69, 0x41, 0x5F, 0xD7, 0xD0, 0x41, 0xA2, 0xBC,
    0x00, 0xAF, 0x13, 0x70, 0x1A, 0x11, 0x97, 0x1F, 0xDD, 0x57, 0x1F, 0x4F, 0x13, 0x21, 0xDA, 0x9C,
    0x67, 0xA1, 0x04, 0x98, 0x09, 0xF0, 0x3D, 0x70, 0xDC, 0x9E, 0xD4, 0xF3, 0xF6, 0xBD, 0x8B, 0x9B,
    0xE9, 0xF3, 0x77, 0x7C, 0xAF, 0x96, 0x87, 0xDF, 0xE7, 0x7C, 0xBE, 0x12, 0x6D, 0xB9, 0x59, 0xDF,
    0xBC, 0x96, 0x58, 0xE4, 0x62, 0xA6, 0x4A, 0xA8, 0x87, 0xAF, 0x1A, 0xEA, 0x6F, 0x3B, 0xEF, 0x5E,
    0xC4, 0xC6, 0x1E, 0x1A, 0x70, 0x20, 0x79, 0x2C, 0x69, 0x84, 0x2E, 0xD7, 0x24, 0x46, 0x48, 0xB0,
    0xDC, 0x7B, 0xD5, 0xE1, 0xB7, 0xE7, 0x4C, 0x7F, 0x7B, 0xC1, 0xA1, 0x26, 0x19, 0x8F, 0x7F, 0x40,
    0x9C, 0x39, 0x6F, 0xAE, 0xAC, 0x8F, 0xB9, 0x32, 0x3D, 0xEE, 0x8A, 0xBB, 0xBA, 0x72, 0x73, 0x06,
    0x06, 0xE0, 0x0C, 0xEA, 0x02, 0xF5, 0x4B, 0xB0, 0x3F, 0x06, 0x6F, 0x03, 0x3B, 0xD3, 0xB3, 0xD4,
    0xB1, 0x4A, 0x3A, 0xEA, 0x51, 0x8D, 0xA6, 0xDC, 0x39, 0x48, 0x0D, 0xCC, 0x03, 0x3C, 0x3D, 0xE6,
    0x74, 0xCA, 0xD3, 0xC0, 0x8E, 0x3B, 0x2C, 0xBC, 0xB5, 0xEC, 0xC8, 0x79, 0xA7, 0x17, 0xB3, 0x9A,
    0x51, 0x2D, 0xB6, 0xAF, 0x16, 0x0F, 0x73, 0x43, 0x95, 0x04, 0x7B, 0x54, 0x81, 0x9E, 0x9A, 0x82,
    0x16, 0x3B, 0xBA, 0xFE, 0x18, 0x4D, 0xFE, 0xF7, 0x58, 0xE5, 0x1F, 0x46, 0x9E, 0x02, 0x0B, 0x30,
    0xDF, 0x7B, 0xB3, 0xB2, 0xED, 0xB9, 0xBF, 0xC9, 0x41, 0xBF, 0xCC, 0x53, 0x7D, 0x56, 0x73, 0x9D,
    0x58, 0x4D, 0x64, 0xB0, 0x52, 0x06, 0x03, 0x83, 0xC0, 0xC1, 0x22, 0xE3, 0x78, 0x49, 0xA8, 0x60,
    0xC6, 0x76, 0xF4, 0xFD, 0x2E, 0x5F, 0xE8, 0xFC, 0xD7, 0xE7, 0xBC, 0x51, 0x2F, 0x3A, 0x99, 0x11,
    0x59, 0xB1, 0xF8, 0xAD, 0xC5, 0xB8, 0x87, 0x06, 0x68, 0xF9, 0x1E, 0xAE, 0xF7, 0x98, 0x7C, 0x96,
    0xF3, 0x0B, 0x80, 0x0D, 0x1B, 0x39, 0x00, 0x7F, 0xA3, 0xAD, 0x7A, 0x89, 0xE4, 0x42, 0x39, 0x77,
    0x88, 0x68, 0x44, 0x35, 0x22, 0x1B, 0xF1, 0x07, 0x11, 0x7D, 0x25, 0x91, 0x8E, 0x68, 0xA7, 0x11,
    0x12, 0xF5, 0x88, 0x7C, 0x44, 0x3F, 0x32, 0x01, 0xF0, 0xD6, 0x99, 0xDB, 0x09, 0x76, 0x92, 0x79,
    0xB6, 0x81, 0xE4, 0x21, 0x49, 0x4E, 0x0B, 0x1E, 0x7A, 0x5A, 0x8B, 0xA7, 0xA1, 0xCE, 0xF2, 0x9B,
    0x51, 0xDC, 0xE0, 0xB8, 0xB2, 0x52, 0x6D, 0x41, 0x2F, 0x61, 0x29, 0xAA, 0x25, 0xEE, 0x5B, 0xD0,
    0xED, 0x16, 0x74, 0x0F, 0x0D, 0xEC, 0xEF, 0xBD, 0x5D, 0xE3, 0x7B, 0x17, 0x0B, 0x6D, 0x7E, 0x01,
    0x17, 0x95, 0x51, 0x33, 0xCF, 0x91, 0x7D, 0x07, 0xD9, 0x70, 0xB0, 0x3D, 0x1D, 0x36, 0x5C, 0x69,
    0x10, 0x5A, 0xB0, 0xD7, 0x1D, 0x51, 0xCF, 0xD4, 0x93, 0x4B, 0xA8, 0x7C, 0x4E, 0x70, 0xFC, 0x24,
    0x01, 0x6A, 0x02, 0xF4, 0xB6, 0x1D, 0xE0, 0x02, 0x6F, 0xF3, 0x44, 0xAC, 0x2F, 0x60, 0xA4, 0x91,
    0x67, 0xF9, 0x8E, 0x50, 0xFF, 0xFA, 0xD4, 0x97, 0x50, 0x27, 0x09, 0xB5, 0x49, 0x2C, 0x66, 0x94,
    0x50, 0x33, 0xC8, 0xA0, 0x02, 0x27, 0x61, 0xA6, 0x4A, 0x82, 0xE6, 0x96, 0x4E, 0x3B, 0xF4, 0xD8,
    0x15, 0xA8, 0xA4, 0x67, 0xB1, 0x01, 0xB0, 0xBD, 0x44, 0xB6, 0xC1, 0xE1, 0xF0, 0x34, 0xEC, 0xD9,
    0xD3, 0x31, 0x30, 0xB0, 0x00, 0x07, 0xB8, 0xC0, 0xC0, 0x9B, 0x8F, 0x2C, 0x1B, 0xB9, 0xD4, 0xB6,
    0x82, 0xF5, 0xB6, 0x6C, 0xDE, 0xCC, 0x20, 0xB8, 0x37, 0xD3, 0x57, 0xAD, 0x1C, 0x13, 0xC7, 0xFE,
    0xBB, 0xF5, 0x8C, 0x6A, 0xD6, 0xA3, 0x2D, 0x81, 0x68, 0x31, 0x1F, 0xAC, 0x98, 0x8F, 0x27, 0xEC,
    0xAF, 0x7A, 0x6C, 0x2E, 0x78, 0x1D, 0x71, 0xFF, 0x32, 0xE1, 0x55, 0xE2, 0x8E, 0x85, 0x86, 0x81,
    0x7D, 0xE1, 0x1D, 0x9E, 0x0E, 0xDB, 0x4B, 0x67, 0x2D, 0x7D, 0xB5, 0x1E, 0x45, 0x8D, 0xE9, 0x6D,
    0xFF, 0x46, 0x4D, 0xB3, 0xA9, 0x61, 0xE0, 0x34, 0xF9, 0xF7, 0xF4, 0x07, 0x17, 0x4E, 0x7D, 0xFD,
    0x22, 0x7F, 0x24, 0x73, 0x57, 0x7F, 0x56, 0x2D, 0xD2, 0x5A, 0x32, 0x98, 0xA8, 0x12, 0x9D, 0xD8,
    0x92, 0x39, 0xD4, 0x13, 0xC2, 0x23, 0x8B, 0xA3, 0xF0, 0xEC, 0x45, 0xE1, 0x7C, 0x87, 0xA4, 0x5B,
    0x83, 0xE9, 0x65, 0x89, 0xCA, 0xB3, 0x3B, 0xE4, 0xD9, 0x0E, 0x4B, 0x19, 0xFD, 0x03, 0xB1, 0x9B,
    0x65, 0xF1, 0x25, 0x93, 0x98, 0xCD, 0xC8, 0x62, 0x7B, 0x66, 0x1B, 0x98, 0x1D, 0x55, 0x12, 0x78,
    0x54, 0x92, 0xBC, 0x16, 0xEC, 0x25, 0x1A, 0xD4, 0x51, 0xB0, 0x2D, 0x3E, 0xB5, 0xA8, 0xB9, 0x9E,
    0x58, 0x25, 0x93, 0x3C, 0xEC, 0xDB, 0x82, 0x06, 0x0E, 0x7B, 0x18, 0x0A, 0xD6, 0x86, 0x4A, 0x7C,
    0x99, 0x6C, 0xF4, 0xB1, 0xCE, 0xF2, 0x9B, 0x57, 0x90, 0x8E, 0x23, 0x7C, 0x99, 0x17, 0xAA, 0x1C,
    0x9E, 0x51, 0xAD, 0xB4, 0xA8, 0x84, 0xAC, 0x71, 0xC4, 0x7B, 0xBC, 0x90, 0x28, 0xA0, 0x91, 0x10,
    0xED, 0x85, 0x56, 0xEC, 0xA4, 0x66, 0xAC, 0xE4, 0x8E, 0x3D, 0xE6, 0x1E, 0x67, 0xBE, 0x02, 0x0F,
    0x70, 0xF7, 0xB0, 0xE7, 0xE8, 0x1E, 0x1E, 0xD2, 0x64, 0x1D, 0x3F, 0x2C, 0x5D, 0xD7, 0x5C, 0x6B,
    0xE0, 0x1B, 0xA5, 0xAB, 0x9E, 0x3C, 0x5B, 0xE9, 0x7A, 0x1D, 0xAB, 0xD3, 0xCF, 0xB7, 0x03, 0x40,
    0xB8, 0xC2, 0x01, 0xFE, 0x86, 0xA6, 0xE4, 0xF3, 0xA0, 0x3F, 0x5D, 0xF5, 0xEF, 0xA8, 0x17, 0xCC,
    0xF4, 0x5D, 0x8B, 0x71, 0x07, 0x9C, 0x26, 0x9D, 0xCB, 0xF0, 0x3B, 0x79, 0xA6, 0x97, 0xE7, 0xAF,
    0x27, 0x02, 0xEA, 0x04, 0x0B, 0x2C, 0x7F, 0xCC, 0x3C, 0xD4, 0xE9, 0x98, 0xA3, 0x39, 0xC3, 0x9F,
    0x6C, 0xA5, 0x5E, 0x2E, 0xAE, 0x95, 0x78, 0xCB, 0x59, 0xAE, 0x16, 0x64, 0x14, 0xDE, 0x0C, 0xE4,
    0x03, 0x36, 0xA3, 0xCF, 0x48, 0xEC, 0x0A, 0xB6, 0xD8, 0x15, 0x7C, 0x33, 0x76, 0xD2, 0x37, 0xDA,
    0x02, 0xD7, 0x0F, 0xB4, 0xFD, 0x51, 0x7D, 0x16, 0xDA, 0xFC, 0x8B, 0x60, 0xBE, 0xB2, 0x74, 0xF2,
    0x1C, 0x26, 0x4A, 0xA6, 0xDC, 0xE1, 0xF1, 0x34, 0x38, 0x06, 0x2C, 0x33, 0xF6, 0xFB, 0x09, 0xF3,
    0x83, 0x11, 0x53, 0x26, 0xA5, 0x7E, 0x11, 0x28, 0xBA, 0xD1, 0x2B, 0xA8, 0xA5, 0x20, 0x41, 0x27,
    0x7F, 0x1D, 0x67, 0xD6, 0x5D, 0x75, 0x66, 0xDE, 0xEB, 0xDF, 0x95, 0x59, 0xAD, 0xFF, 0xB9, 0x18,
    0x34, 0x3F, 0xAE, 0xE3, 0xDE, 0xDA, 0x62, 0xF6, 0x6D, 0x6B, 0xC3, 0x7E, 0x67, 0x1D, 0x6F, 0xBF,
    0x6F, 0x1A, 0xEE, 0x92, 0xE9, 0xF0, 0x53, 0xBD, 0xE0, 0x62, 0x3D, 0xE3, 0xFA, 0x2D, 0xFA, 0x3A,
    0xB1, 0x54, 0xB3, 0xB0, 0x34, 0xC4, 0x0E, 0x9A, 0x3D, 0xB8, 0x05, 0xEC, 0x04, 0xE6, 0xD6, 0xBD,
    0x1E, 0x12, 0xCC, 0x0B, 0x92, 0xCA, 0x36, 0x36, 0xE2, 0x2C, 0xCF, 0xB0, 0x3D, 0xE2, 0x3F, 0x8D,
    0xDC, 0x79, 0x1C, 0x22, 0x01, 0x1C, 0x1D, 0xD8, 0x20, 0x16, 0xFE, 0x36, 0x81, 0x91, 0xD6, 0xA6,
    0x1C, 0x86, 0x28, 0x42, 0x7A, 0xD0, 0x2F, 0x41, 0x66, 0x0E, 0xD4, 0x0A, 0x54, 0xB3, 0x50, 0x7A,
    0x50, 0xE8, 0x3C, 0xC0, 0x33, 0xA0, 0x9D, 0x85, 0x02, 0x20, 0x2F, 0x75, 0x0A, 0x12, 0xD4, 0x23,
    0xB8, 0x00, 0x7B, 0x60, 0x01, 0xBD, 0xBD, 0x1F, 0x05, 0x06, 0x50, 0xF7, 0x9E, 0x68, 0x73, 0x0E,
    0xC7, 0x9C, 0x91, 0xF0, 0xB7, 0x23, 0xEB, 0xBD, 0x28, 0x4F, 0x5B, 0x6F, 0x11, 0xB1, 0x91, 0xE7,
    0xC8, 0xE5, 0xBE, 0xA5, 0xB0, 0x37, 0xD0, 0x4E, 0x62, 0x83, 0x8E, 0x81, 0x85, 0x99, 0xB9, 0x4A,
    0xD5, 0x56, 0x51, 0xE2, 0x9B, 0x8A, 0x62, 0xB9, 0xFF, 0x2F, 0x32, 0xF2, 0xF0, 0x4F, 0xC5, 0x30,
    0x59, 0x7A, 0x92, 0xC7, 0xB3, 0xC9, 0x05, 0x31, 0x6C, 0x47, 0x1A, 0xE8, 0x1E, 0xEB, 0x3C, 0x26,
    0x4E, 0xF1, 0xF6, 0x42, 0xFE, 0x6D, 0x9B, 0xC3, 0xEE, 0xCE, 0x4C, 0x4F, 0x77, 0x55, 0x4E, 0xEF,
    0xE2, 0xFB, 0xFF, 0x02, 0xBD, 0x99, 0x01, 0xA4, 0x64, 0xC7, 0x9E, 0xFF, 0x3F, 0x55, 0xF5, 0x32,
    0xF5, 0xFF, 0xA7, 0x32, 0x53, 0xC1, 0x22, 0x91, 0xC9, 0x1C, 0x58, 0x3C, 0xFB, 0x66, 0xEE, 0x09,
    0x06, 0x83, 0xEE, 0x73, 0x2A, 0x82, 0x60, 0xED, 0x0A, 0xB0, 0x80, 0x04, 0x0B, 0x40, 0x06, 0x83,
    0x8B, 0xEE, 0xDB, 0x95, 0x0D, 0x16, 0xB0, 0x03, 0x00, 0x24, 0x8F, 0x05, 0x60, 0x07, 0x83, 0x66,
    0xFB, 0xA6, 0xEB, 0x25, 0x08, 0x20, 0x15, 0x0F, 0x8B, 0x45, 0x4A, 0x0C, 0x79, 0x40, 0x6A, 0x39,
    0xEC, 0x89, 0x9C, 0xEE, 0xDA, 0x53, 0x9A, 0xB8, 0x63, 0xF7, 0xE1, 0xB9, 0x72, 0x4F, 0xFF, 0xBE,
    0xDF, 0x72, 0x6F, 0xF7, 0xEF, 0xFB, 0xAD, 0xAA, 0x53, 0xBF, 0x3A, 0xD5, 0xF7, 0xB2, 0x13, 0x07,
    0x79, 0x60, 0x04, 0x10, 0x49, 0x26, 0x95, 0x54, 0xD4, 0x41, 0x07, 0x13, 0x6C, 0xB0, 0xBE, 0x71,
    0x8D, 0x6B, 0xE9, 0xE9, 0xE9, 0x80, 0x04, 0x22, 0x82, 0x9C, 0xB1, 0x39, 0x20, 0x4B, 0xF1, 0x66,
    0x30, 0xB1, 0x09, 0xD2, 0xF7, 0xC0, 0x12, 0xD8, 0x71, 0xC2, 0xC8, 0x09, 0x3B, 0x60, 0xCD, 0x6B,
    0xF4, 0xEE, 0x82, 0xA6, 0x8C, 0xC8, 0xF2, 0x14, 0x9E, 0x70, 0xC2, 0x47, 0x00, 0xED, 0x88, 0x28,
    0x47, 0x54, 0xBE, 0x8B, 0x09, 0x60, 0x1D, 0x34, 0x40, 0xFB, 0x32, 0x54, 0x29, 0x4E, 0xCF, 0xA0,
    0x05, 0x3A, 0x60, 0x09, 0xAC, 0x80, 0x11, 0x54, 0x06, 0x5B, 0xBB, 0x54, 0x8A, 0xDF, 0xCF, 0x00,
    0x40, 0xFC, 0x61, 0xFF, 0xF4, 0xF3, 0x39, 0xA3, 0x0C, 0xB2, 0xB8, 0x4D, 0x14, 0x23, 0x36, 0xA8,
    0x84, 0x09, 0x26, 0xA0, 0xA2, 0x75, 0x33, 0x35, 0xCC, 0x54, 0xB5, 0x43, 0x0B, 0xA6, 0x92, 0xF5,
    0x0D, 0xB4, 0xD8, 0xC0, 0x25, 0xCD, 0xA0, 0x0F, 0x55, 0xB2, 0xF0, 0xA8, 0xFD, 0xE9, 0x6D, 0x00,
    0xEA, 0x1B, 0x36, 0x9A, 0x48, 0xE3, 0x75, 0xA2, 0xAF, 0xC6, 0x97, 0xC8, 0xCC, 0x88, 0x18, 0x54,
    0x86, 0x51, 0x47, 0xD8, 0x59, 0x0F, 0xEB, 0x16, 0xE8, 0xD6, 0x40, 0x3B, 0xCD, 0x28, 0x65, 0xA8,
    0x94, 0xA9, 0x0A, 0xD5, 0x86, 0xAA, 0x9C, 0x2A, 0x45, 0x68, 0x81, 0x13, 0xF5, 0x00, 0x1D, 0xC0,
    0x8A, 0x1D, 0x23, 0x03, 0x83, 0xC8, 0x32, 0x9F, 0x6E, 0x8A, 0x0A, 0x00, 0x35, 0xDB, 0x3A, 0x4B,
    0x43, 0x4B, 0xC7, 0x92, 0x25, 0x2B, 0x56, 0x6C, 0xE1, 0x56, 0xF1, 0xB4, 0x65, 0xE0, 0xC8, 0xA5,
    0x18, 0xF8, 0xAD, 0xCC, 0x50, 0x21, 0x26, 0xA0, 0x78, 0x54, 0x19, 0xD0, 0x5F, 0x15, 0x4C, 0xD8,
    0x44, 0x1B, 0x74, 0xD6, 0x55, 0xB9, 0x90, 0xD9, 0x7C, 0x9F, 0xD1, 0x25, 0xC0, 0xDE, 0x83, 0x0D,
    0x60, 0x42, 0xC5, 0x39, 0x36, 0xEC, 0xDD, 0xC6, 0xB5, 0xE5, 0x80, 0xD8, 0x3F, 0x65, 0xA5, 0xC3,
    0xCE, 0x86, 0x73, 0xE3, 0xE1, 0xE3, 0xA3, 0x03, 0x5D, 0xC7, 0x44, 0xFF, 0x54, 0x7C, 0x01, 0x23,
    0x34, 0x4E, 0x45, 0x33, 0xA8, 0x60, 0xDC, 0xE6, 0x28, 0xE3, 0x1D, 0x31, 0xDC, 0x21, 0xDF, 0x57,
    0x11, 0xF2, 0x42, 0x7B, 0x78, 0xF6, 0xD0, 0xB8, 0x99, 0x9F, 0x18, 0x20, 0x3F, 0xB6, 0x40, 0x7A,
    0x66, 0x41, 0xC4, 0x27, 0xC6, 0x21, 0xC3, 0xB9, 0x8E, 0xCF, 0xB5, 0x5F, 0xC8, 0x92, 0x2C, 0x67,
    0x5C, 0xB8, 0x25, 0xD6, 0x23, 0x06, 0xD4, 0x48, 0x1B, 0x61, 0x5F, 0x8E, 0x80, 0x29, 0x4F, 0x41,
    0x1E, 0xB1, 0xC5, 0xFF, 0x3F, 0x15, 0x98, 0xBD, 0x8A, 0xEF, 0x8B, 0xDF, 0x1A, 0x37, 0x4B, 0x3D,
    0x69, 0x69, 0xBF, 0x83, 0x56, 0xA5, 0x7A, 0x03, 0x64, 0xEE, 0x30, 0x61, 0xA2, 0x79, 0x2F, 0xB3,
    0xB6, 0x81, 0xDD, 0x8C, 0x5E, 0xC7, 0xFA, 0x33, 0x36, 0x8C, 0xA8, 0xB4, 0xA3, 0x7E, 0xA6, 0x2F,
    0xA5, 0xB0, 0xA9, 0x04, 0xB4, 0x00, 0x67, 0x00, 0x1D, 0xC0, 0x12, 0x60, 0x75, 0xA2, 0xBE, 0x84,
    0x39, 0x68, 0x5F, 0x20, 0xE3, 0x3D, 0x4C, 0xFF, 0x95, 0xBB, 0xFB, 0xCE, 0xEF, 0xC3, 0xC3, 0xC7,
    0xBF, 0x0F, 0xEF, 0x7C, 0xFE, 0x6D, 0x78, 0x67, 0xFF, 0x49, 0x78, 0xE7, 0x3F, 0x94, 0x7F, 0xE7,
    0x8F, 0xEF, 0x73, 0xFF, 0x93, 0xBF, 0xC3, 0xBA, 0xE7, 0xC8, 0xE2, 0xE9, 0xCB, 0xB8, 0x29, 0x83,
    0x1C, 0x69, 0x8E, 0x2C, 0x2D, 0x4F, 0x34, 0xCF, 0x0C, 0x4F, 0xEE, 0xD1, 0x4F, 0x34, 0x09, 0x78,
    0xF3, 0x17, 0x9B, 0xC5, 0x15, 0x2F, 0x60, 0x0B, 0xB6, 0x94, 0xE2, 0x6D, 0x25, 0xC8, 0x80, 0xF8,
    0x85, 0x64, 0x02, 0x54, 0x04, 0xA4, 0x07, 0x80, 0x3A, 0x82, 0xE9, 0x44, 0xEC, 0xBD, 0x2E, 0x83,
    0x75, 0x23, 0x6C, 0x61, 0xAC, 0x19, 0x2A, 0x51, 0x47, 0x0F, 0x13, 0x2A, 0xD1, 0x78, 0xF6, 0x25,
    0x95, 0x92, 0xD8, 0xC7, 0xF9, 0x93, 0xB7, 0x98, 0x60, 0x8B, 0xCC, 0x73, 0x22, 0xC5, 0xA3, 0x13,
    0x22, 0xD7, 0x90, 0xF9, 0x89, 0x8E, 0x9B, 0xE2, 0xDF, 0xFA, 0x09, 0xF1, 0x54, 0x07, 0xCB, 0x92,
    0x73, 0x18, 0xB0, 0x8E, 0x81, 0x06, 0x91, 0x69, 0x6A, 0x56, 0x8B, 0x4C, 0x74, 0xA8, 0x4A, 0x2A,
    0xB2, 0x44, 0x05, 0x56, 0xE8, 0xC0, 0x0E, 0x13, 0x98, 0x66, 0x3A, 0x15, 0xDE, 0x4C, 0xB9, 0x19,
    0xB0, 0x65, 0x1A, 0x68, 0xDA, 0x98, 0xAF, 0x4E, 0xF6, 0xFF, 0x31, 0x0B, 0x3B, 0x00, 0xDE, 0x2A,
    0x41, 0x94, 0x12, 0x4C, 0xF9, 0x36, 0x34, 0xE5, 0x4B, 0xDF, 0x97, 0xAF, 0xFC, 0xA6, 0x7C, 0xE5,
    0xF6, 0xE5, 0x53, 0xF6, 0xE5, 0x9F, 0x67, 0xFC, 0xED, 0x8C, 0x57, 0xE9, 0xCB, 0x1D, 0x9A, 0x72,
    0x1B, 0x7D, 0x7C, 0x0D, 0xDE, 0xBE, 0x0B, 0xB7, 0xEF, 0xC3, 0xDD, 0x47, 0x33, 0x1E, 0xC2, 0xFD,
    0x19, 0x8F, 0x1E, 0xC3, 0xC3, 0x8A, 0x67, 0xF0, 0x38, 0xC1, 0xB3, 0x08, 0x9F, 0x47, 0x1A, 0x7A,
    0xDF, 0xBB, 0x33, 0x78, 0xAA, 0x82, 0x89, 0x7A, 0xE0, 0xC9, 0xDF, 0xE4, 0x3E, 0x02, 0x0F, 0xE4,
    0xC1, 0x4E, 0xB7, 0x6B, 0x51, 0x8D, 0x0C, 0xE4, 0x5A, 0x81, 0xB5, 0xFE, 0x36, 0xC7, 0xFD, 0x41,
    0x1C, 0x31, 0x25, 0xB4, 0x32, 0x2D, 0xC8, 0xE7, 0xE4, 0xE7, 0x73, 0x88, 0xF4, 0x5C, 0xC5, 0x95,
    0xF5, 0xED, 0x91, 0x5B, 0xFF, 0x8A, 0x09, 0x75, 0x75, 0xAD, 0x11, 0x43, 0x0F, 0x93, 0xF5, 0x5C,
    0x98, 0x50, 0x57, 0x25, 0xFD, 0xD5, 0x95, 0x39, 0xD2, 0xAA, 0xD3, 0xCA, 0xE4, 0x0D, 0x10, 0x9E,
    0x09, 0x74, 0x30, 0x13, 0x58, 0xEE, 0x6C, 0xE1, 0x01, 0x3C, 0x87, 0x73, 0xC8, 0xA7, 0x40, 0x05,
    0x44, 0xC6, 0x38, 0x44, 0xE2, 0x1E, 0x6F, 0xCA, 0xC4, 0x82, 0x4B, 0x15, 0x19, 0xC4, 0xE1, 0x77,
    0x7F, 0x92, 0x49, 0xAD, 0x36, 0x93, 0x0E, 0x77, 0x16, 0x60, 0xB9, 0xBF, 0xAA, 0xF9, 0xCF, 0xB6,
    0x70, 0x2E, 0xE2, 0x00, 0x59, 0xB9, 0x9A, 0x6F, 0xCA, 0x01, 0xE3, 0x6C, 0x99, 0x68, 0x40, 0xD4,
    0x7C, 0x64, 0xAA, 0x2E, 0x38, 0xDE, 0x80, 0x57, 0x40, 0x4C, 0x70, 0x0F, 0xCC, 0x04, 0x0B, 0xB8,
    0xBD, 0x85, 0x0C, 0x3C, 0x47, 0x46, 0x20, 0xA3, 0x3D, 0x90, 0xB1, 0x80, 0xC8, 0x2C, 0x00, 0x31,
    0xE7, 0xEB, 0x11, 0x99, 0x44, 0xEA, 0x0B, 0x75, 0x83, 0x7A, 0x68, 0xDD, 0xEF, 0xFE, 0x64, 0xC1,
    0xBA, 0xCD, 0xF4, 0x00, 0x2C, 0x70, 0x0E, 0x0F, 0x80, 0x0C, 0x2B, 0x50, 0x01, 0x32, 0x18, 0x87,
    0x0A, 0xD5, 0x8C, 0x06, 0x58, 0xC0, 0x16, 0x18, 0x90, 0xE5, 0x80, 0x4C, 0xA8, 0x32, 0x21, 0x1C,
    0x00, 0x7C, 0xEC, 0xE0, 0x23, 0x54, 0x49, 0xF5, 0x0D, 0xFD, 0x6E, 0x46, 0x87, 0xAB, 0xBD, 0xA8,
    0xCA, 0x3A, 0x70, 0x0E, 0x14, 0xC8, 0x40, 0x71, 0x55, 0xB9, 0x4E, 0xA6, 0x03, 0x64, 0x6C, 0x68,
    0x1D, 0x2A, 0x2E, 0xD8, 0xF0, 0xC8, 0x84, 0xE7, 0xFC, 0x48, 0x5F, 0xDE, 0x4D, 0xEA, 0x33, 0xF4,
    0xA8, 0x82, 0x3D, 0x83, 0x3A, 0x63, 0x4B, 0xE0, 0x01, 0x8F, 0x17, 0xC0, 0x39, 0xB1, 0x36, 0x59,
    0x95, 0x02, 0x2A, 0xD6, 0x06, 0xE3, 0x61, 0x0B, 0x16, 0x18, 0x60, 0x01, 0xBC, 0x5E, 0xDD, 0x51,
    0x23, 0x6A, 0x40, 0x26, 0x00, 0x51, 0x87, 0x84, 0x0E, 0x18, 0x4F, 0x03, 0x4B, 0xA8, 0xEB, 0x00,
    0xEB, 0x69, 0x61, 0x09, 0x2B, 0xD8, 0xC1, 0x25, 0xF7, 0x37, 0xEF, 0x4E, 0x6D, 0xC9, 0xB7, 0x8E,
    0x0E, 0x5A, 0x00, 0xEB, 0x38, 0x39, 0xD4, 0x7C, 0x00, 0xC0, 0x44, 0xC0, 0x56, 0x6A, 0x13, 0xD0,
    0x67, 0xE0, 0xB2, 0xD2, 0x90, 0x41, 0xE6, 0x01, 0x54, 0x1A, 0xA0, 0xAE, 0x23, 0xAC, 0xDF, 0x41,
    0xCB, 0x4C, 0xDD, 0xC9, 0x64, 0x01, 0x23, 0x4B, 0x64, 0xA9, 0x0F, 0xD5, 0x4A, 0x26, 0xD2, 0x62,
    0x03, 0x2D, 0xAD, 0xA3, 0xA1, 0x87, 0xC6, 0x7D, 0x51, 0x13, 0x81, 0x5B, 0x0E, 0xB0, 0x00, 0x4B,
    0x80, 0x2D, 0x40, 0xBE, 0xF9, 0x6E, 0x7C, 0x00, 0xC8, 0x01, 0x30, 0x3B, 0xE0, 0xDE, 0x3D, 0x60,
    0x65, 0x6F, 0xBC, 0x1B, 0xED, 0xA7, 0x01, 0x36, 0xC5, 0x41, 0xBE, 0xBC, 0x71, 0xF3, 0x95, 0xF6,
    0x30, 0xD9, 0x00, 0x5B, 0xEB, 0x6E, 0xDA, 0x5C, 0x8E, 0xC0, 0xAB, 0xB7, 0x81, 0xD7, 0x2A, 0xDD,
    0xBE, 0x0B, 0xE8, 0x74, 0x93, 0x3D, 0xA0, 0x2F, 0x25, 0x00, 0xFB, 0x53, 0x53, 0x1C, 0x80, 0x3A,
    0x35, 0xBA, 0x00, 0x60, 0xFF, 0x0D, 0x80, 0xB6, 0x07, 0xE0, 0xA2, 0x03, 0x60, 0x5A, 0x02, 0xC8,
    0x61, 0x53, 0x06, 0x50, 0x79, 0x5F, 0x1B, 0x1B, 0x76, 0x00, 0x8D, 0x9F, 0x00, 0x7A, 0x46, 0x80,
    0x4B, 0x06, 0x40, 0x94, 0x32, 0x40, 0xED, 0x4D, 0x06, 0x4C, 0x54, 0x19, 0xB0, 0xA1, 0x36, 0xF4,
    0xA7, 0x5F, 0x5F, 0xA0, 0x4B, 0x49, 0x20, 0xF6, 0x2F, 0xC0, 0x96, 0x02, 0x1B, 0xD7, 0x06, 0x31,
    0xA2, 0x9D, 0x4A, 0x80, 0x0D, 0x40, 0xE3, 0x80, 0x16, 0xA0, 0x03, 0x58, 0x03, 0xEC, 0xFE, 0x1C,
    0x5D, 0x02, 0x5C, 0x00, 0xF4, 0x8E, 0x67, 0xD8, 0xA4, 0x73, 0xF5, 0x08, 0xB0, 0x3F, 0x00, 0xC6,
    0x01, 0x77, 0x00, 0x9A, 0x00, 0xC8, 0x04, 0x50, 0xE9, 0x1F, 0x02, 0xB0, 0x77, 0x80, 0xCC, 0x40,
    0xC5, 0x16, 0x58, 0xC0, 0x69, 0x24, 0xA5, 0xCE, 0xAC, 0xCA, 0xA0, 0xD2, 0x09, 0x3A, 0x9E, 0x60,
    0x02, 0xD8, 0x8A, 0x52, 0xE2, 0x8C, 0xD0, 0x5C, 0x39, 0x53, 0xF7, 0x40, 0xC7, 0x09, 0x6B, 0x60,
    0x05, 0xD4, 0x43, 0xF3, 0x2C, 0xE7, 0x80, 0x7F, 0x04, 0x51, 0x15, 0xAB, 0x8A, 0x87, 0x7B, 0xBF,
    0xA2, 0xD7, 0x2B, 0x40, 0xEF, 0xE0, 0xDF, 0x03, 0xF2, 0xFB, 0x88, 0xF6, 0xF9, 0x57, 0xF3, 0xD2,
    0x7E, 0x8B, 0x0D, 0x13, 0xC6, 0x0D, 0xBF, 0x96, 0x87, 0x4A, 0x22, 0x33, 0x70, 0x0E, 0x4C, 0x8C,
    0x0C, 0x62, 0x90, 0xF5, 0xDC, 0x90, 0xEB, 0xC9, 0x41, 0x47, 0xF3, 0xF2, 0xD7, 0x29, 0x3A, 0x3A,
    0xD6, 0xC0, 0x47, 0xC8, 0x8C, 0x0E, 0x58, 0x78, 0x00, 0xC0, 0x04, 0x23, 0x0C, 0x88, 0x01, 0x99,
    0x6B, 0xA8, 0x39, 0x12, 0x2A, 0xA2, 0x23, 0x26, 0xD4, 0xB0, 0x73, 0x78, 0x1A, 0x57, 0xA3, 0x85,
    0x1E, 0x3A, 0x6A, 0xAC, 0x81, 0xFF, 0x0F, 0x3D, 0xFC, 0xEC, 0xD5, 0x1F, 0x83, 0x7D, 0x37, 0x5D,
    0x5F, 0xD0, 0xB8, 0xA1, 0xF9, 0x64, 0xB4, 0xE4, 0xEB, 0x4B, 0xB1, 0x29, 0x2F, 0xA8, 0xD3, 0x05,
    0x3B, 0x5A, 0xCF, 0x84, 0x09, 0x8C, 0x55, 0x60, 0x98, 0x49, 0xCC, 0x94, 0xAB, 0xE4, 0x89, 0x54,
    0x55, 0xEE, 0xE7, 0x3B, 0x94, 0x36, 0xE5, 0xA0, 0x63, 0xD5, 0x0F, 0x55, 0xBE, 0x52, 0xE3, 0x6D,
    0xA0, 0xA7, 0x9E, 0xAD, 0x68, 0x9C, 0x98, 0x66, 0x32, 0x99, 0xB6, 0x14, 0x4F, 0x5F, 0x2D, 0xE0,
    0xC2, 0x00, 0xE5, 0x08, 0xF2, 0xCB, 0x11, 0x00, 0xC4, 0x08, 0x93, 0x9C, 0x60, 0x54, 0x47, 0x18,
    0x54, 0x41, 0xCC, 0xE4, 0x64, 0xD6, 0xDF, 0x05, 0x95, 0xF5, 0xD7, 0x33, 0x99, 0xAF, 0x92, 0x4A,
    0xF6, 0xCB, 0xAC, 0xA3, 0xF5, 0x83, 0x0E, 0xD6, 0x4F, 0x26, 0x34, 0x6E, 0x6D, 0x43, 0x4B, 0x67,
    0x7D, 0x4B, 0x6B, 0x7D, 0x8F, 0xFD, 0xCC, 0x75, 0x98, 0xEF, 0xE8, 0xD0, 0x85, 0x35, 0xAA, 0xB0,
    0x43, 0x1C, 0x67, 0xE2, 0xC8, 0x04, 0x97, 0xC0, 0x0E, 0x60, 0x09, 0x70, 0x06, 0x60, 0xB9, 0x7A,
    0x89, 0x7D, 0x82, 0xA6, 0x1C, 0xA0, 0x7E, 0xB7, 0x92, 0x23, 0x36, 0xE8, 0xC4, 0x6C, 0x19, 0x50,
    0xB9, 0x71, 0xC8, 0xDC, 0x33, 0x53, 0x57, 0x69, 0x5D, 0x69, 0x07, 0x2A, 0x57, 0x4A, 0x33, 0xE9,
    0x38, 0x93, 0x09, 0x33, 0x59, 0xBF, 0x86, 0x96, 0x0E, 0x2E, 0x68, 0xEB, 0x1C, 0xD8, 0x68, 0x32,
    0xAA, 0xCE, 0x01, 0x1F, 0x8F, 0x00, 0x74, 0x00, 0x3B, 0x40, 0x64, 0x40, 0x05, 0x40, 0xBA, 0x1B,
    0xEF, 0x86, 0x70, 0x80, 0x8D, 0xC0, 0x32, 0x03, 0xC3, 0x0A, 0xC4, 0xD3, 0x37, 0x6E, 0xBC, 0x1B,
    0xAB, 0x57, 0x81, 0xF2, 0xF7, 0x20, 0xBF, 0x9E, 0x40, 0x7D, 0x32, 0xDC, 0x74, 0x0F, 0x44, 0xBE,
    0x57, 0x33, 0xAB, 0x5A, 0x5A, 0xDE, 0xB4, 0xB9, 0x47, 0xA2, 0x32, 0xD6, 0x8B, 0x91, 0x1E, 0x2E,
    0xE7, 0x86, 0x5E, 0x27, 0xB0, 0x3F, 0x7A, 0xD0, 0x07, 0x40, 0x8D, 0x80, 0x3D, 0x00, 0x7D, 0x0F,
    0x4C, 0x36, 0xA0, 0x93, 0x4E, 0x34, 0x5E, 0x0E, 0x74, 0x30, 0xF2, 0x1B, 0x78, 0x1D, 0xF8, 0xF8,
    0xA7, 0xE1, 0xF4, 0x80, 0x6C, 0x62, 0x93, 0xB8, 0xC0, 0x66, 0x46, 0xBA, 0x51, 0x65, 0xB6, 0x93,
    0x8E, 0x22, 0xCF, 0x99, 0x2A, 0xEE, 0xAC, 0x37, 0x7E, 0xD7, 0xB8, 0x86, 0x5D, 0xCB, 0x82, 0xA9,
    0x65, 0xCB, 0xD8, 0x8A, 0x2C, 0x86, 0x56, 0x05, 0x99, 0x5B, 0xE3, 0x54, 0x6A, 0x3F, 0xC4, 0x84,
    0x66, 0x57, 0xCB, 0x79, 0x60, 0x83, 0x1E, 0xE4, 0x84, 0xAA, 0xC2, 0xF6, 0xC3, 0x23, 0x3C, 0x00,
    0x40, 0x66, 0x80, 0x4A, 0x6C, 0x01, 0x16, 0x5C, 0xB9, 0x4C, 0x98, 0xA3, 0x52, 0xB0, 0x81, 0xBA,
    0xB9, 0x62, 0xBD, 0x75, 0x58, 0xD7, 0x38, 0x1A, 0xD7, 0x42, 0x4B, 0xCF, 0x89, 0x3A, 0xBA, 0x4A,
    0x6B, 0x58, 0x57, 0x5A, 0xB1, 0x83, 0x5D, 0xA5, 0x89, 0x09, 0x46, 0x26, 0xC4, 0xC0, 0x0E, 0x95,
    0x59, 0x63, 0x22, 0xBD, 0x6B, 0x3D, 0xB6, 0x1C, 0x40, 0x96, 0x04, 0xC0, 0x00, 0xC8, 0x04, 0xE8,
    0x00, 0x58, 0x80, 0x37, 0x6E, 0xBE, 0x1B, 0xAF, 0x00, 0xF4, 0x0E, 0xF8, 0xEF, 0x00, 0xEA, 0xDB,
    0x04, 0xB7, 0xDC, 0x07, 0x37, 0xDD, 0x8D, 0xFA, 0x30, 0xC5, 0x86, 0x09, 0x8C, 0x1B, 0x6E, 0xDA,
    0x1C, 0xE1, 0x4F, 0x7E, 0xD0, 0x00, 0x2C, 0x01, 0x9E, 0x03, 0x00, 0x7D, 0x8D, 0x16, 0x2E, 0x69,
    0x3C, 0xD3, 0xE9, 0x5C, 0x67, 0x82, 0x8E, 0xD4, 0x3D, 0x9D, 0x53, 0xF5, 0xE5, 0x35, 0x88, 0x61,
    0x04, 0x7E, 0xCE, 0xC0, 0x3E, 0x02, 0x1B, 0x0F, 0xF4, 0x00, 0xDD, 0x9F, 0x3B, 0xD2, 0x4D, 0x00,
    0xE3, 0x89, 0xAA, 0x40, 0x55, 0x02, 0x55, 0x71, 0x3A, 0xDD, 0x46, 0x9D, 0xDE, 0x1A, 0x74, 0x14,
    0xA3, 0x09, 0xD4, 0xEA, 0xD9, 0xD9, 0xDA, 0x7A, 0xC6, 0xC6, 0x89, 0xDC, 0xD4, 0xF5, 0x4E, 0x1B,
    0xFA, 0x72, 0xA4, 0x2F, 0x9F, 0x73, 0xF5, 0x00, 0xB1, 0x03, 0x26, 0x00, 0x59, 0x3C, 0x6D, 0x3D,
    0x80, 0x32, 0x31, 0xB2, 0x13, 0x99, 0x95, 0x4A, 0x8C, 0x2A, 0xCA, 0xAC, 0x62, 0x13, 0x74, 0xB8,
    0xC0, 0x84, 0x11, 0xE3, 0x6B, 0x25, 0x8F, 0x58, 0xB7, 0xF7, 0x96, 0x26, 0x37, 0x88, 0xB1, 0x85,
    0x5D, 0x57, 0xF1, 0x1B, 0xC6, 0x65, 0x27, 0x87, 0x55, 0x5B, 0xE2, 0xEA, 0xD6, 0x11, 0xAC, 0x07,
    0x1D, 0x40, 0x45, 0x10, 0x19, 0x00, 0x00, 0xDE, 0x1A, 0x17, 0x94, 0xB2, 0x50, 0xA3, 0x99, 0x4C,
    0x94, 0xA3, 0xF5, 0x55, 0x83, 0xA1, 0x43, 0xE4, 0x8A, 0x25, 0x72, 0x86, 0x4A, 0xDD, 0x8C, 0x1E,
    0x1B, 0x1B, 0xBF, 0x09, 0xA6, 0xFC, 0x10, 0x44, 0x79, 0xFF, 0x24, 0x46, 0x15, 0x3E, 0x03, 0x16,
    0xC0, 0x47, 0x5C, 0x5F, 0x73, 0x07, 0xE2, 0x00, 0xFA, 0x1B, 0xB0, 0xC6, 0xF1, 0x86, 0xF4, 0xD7,
    0xD6, 0x34, 0x3E, 0xD2, 0xFC, 0x57, 0xE0, 0xD1, 0x3E, 0xF0, 0xF0, 0x8C, 0x6B, 0xEB, 0x9D, 0xC9,
    0x48, 0xDD, 0x35, 0x97, 0x2A, 0x00, 0xD7, 0xD7, 0xE3, 0x12, 0xD4, 0xFB, 0xA0, 0xD5, 0x8C, 0x57,
    0x41, 0x8E, 0xD7, 0xD7, 0x6C, 0x47, 0x59, 0x9C, 0x2C, 0xA5, 0x2D, 0x59, 0xC7, 0xE6, 0x28, 0x46,
    0x89, 0x19, 0x58, 0x81, 0x4E, 0x2C, 0xC0, 0x04, 0x16, 0x62, 0x5F, 0x4A, 0x99, 0x6C, 0xA9, 0xDC,
    0xD7, 0x2A, 0x65, 0x4D, 0xE5, 0xBA, 0x13, 0x57, 0xEE, 0x03, 0x61, 0x2D, 0x4B, 0x36, 0xB1, 0x2F,
    0xDF, 0x97, 0xE2, 0xCC, 0x91, 0x8F, 0x5F, 0xC0, 0xDC, 0xB0, 0x2F, 0x73, 0x7F, 0x74, 0xD6, 0x89,
    0x5A, 0x4F, 0x34, 0x70, 0xF5, 0xCF, 0xF1, 0xBF, 0xA0, 0x03, 0x7A, 0x0C, 0x4D, 0xDC, 0x60, 0xCA,
    0x01, 0x51, 0x12, 0xDC, 0x07, 0xCE, 0x81, 0x3D, 0x60, 0x1C, 0xE2, 0x43, 0x50, 0x07, 0xAE, 0xAC,
    0xCE, 0x04, 0x5C, 0x5D, 0xA1, 0x87, 0xEA, 0x17, 0xD4, 0xA0, 0x93, 0x09, 0x22, 0x5B, 0x47, 0x6E,
    0x21, 0xF7, 0xA5, 0xE4, 0x8A, 0x97, 0xBD, 0x34, 0x8D, 0x6F, 0x9D, 0x2E, 0x35, 0x27, 0x02, 0x2A,
    0x9D, 0x84, 0x2D, 0xB0, 0x04, 0xFE, 0x9A, 0xEB, 0x6B, 0x2E, 0x80, 0x23, 0xA8, 0xFF, 0x74, 0xD8,
    0xF7, 0x02, 0x6F, 0x0A, 0x7F, 0x6D, 0xCD, 0x46, 0x24, 0x7A, 0x95, 0xA9, 0x2B, 0x0B, 0xB8, 0xAE,
    0x5E, 0x8B, 0x75, 0xC6, 0xAB, 0x00, 0xA0, 0x83, 0x99, 0x5F, 0x75, 0x17, 0xB6, 0xAE, 0xA1, 0xA5,
    0xA5, 0x63, 0xC9, 0x82, 0x15, 0x3B, 0xB6, 0x60, 0x3D, 0x67, 0xB0, 0x82, 0x0C, 0x0E, 0x40, 0x07,
    0x4C, 0x8D, 0xFA, 0x8E, 0x75, 0x35, 0x1A, 0x68, 0xA9, 0xD1, 0xC1, 0x12, 0x16, 0xB0, 0x82, 0x1D,
    0x6C, 0x41, 0x64, 0xF4, 0x88, 0x7D, 0xC0, 0xC2, 0xF2, 0xFA, 0x2B, 0x7F, 0x71, 0xFA, 0xCA, 0xF8,
    0xC9, 0x86, 0xAD, 0x75, 0x7F, 0x69, 0x22, 0x1F, 0xCC, 0xAF, 0xFD, 0x7B, 0x99, 0xE6, 0x47, 0x8F,
    0x9A, 0xC0, 0x1E, 0xE1, 0x8B, 0x16, 0x3E, 0x3F, 0xED, 0x73, 0xB4, 0x3F, 0x44, 0x51, 0x4A, 0xD2,
    0xA9, 0x49, 0xD6, 0xEB, 0xD4, 0x9E, 0xCA, 0x24, 0x2E, 0x51, 0x61, 0x85, 0x0E, 0x6B, 0xAC, 0xEF,
    0x68, 0x69, 0xDD, 0x25, 0xB6, 0x64, 0x44, 0xA9, 0x69, 0x2F, 0x9E, 0x61, 0x4B, 0xE2, 0x7E, 0xE3,
    0x01, 0xD4, 0x1F, 0xF6, 0x5E, 0x7F, 0x33, 0x6B, 0x1C, 0x64, 0x36, 0x99, 0xC1, 0x44, 0x46, 0xEB,
    0x19, 0xAC, 0x63, 0x68, 0x10, 0xB9, 0xA2, 0x45, 0xE6, 0x5A, 0x7E, 0x15, 0xB3, 0x76, 0xAC, 0xDA,
    0x15, 0xA8, 0x08, 0x32, 0x01, 0xF9, 0xCA, 0x53, 0x89, 0x2B, 0xC5, 0x23, 0x07, 0x9D, 0x98, 0xAC,
    0x67, 0xD5, 0xC2, 0xB2, 0x9F, 0xD1, 0xC1, 0x7A, 0x09, 0xBB, 0x19, 0x53, 0x87, 0x18, 0x5A, 0x74,
    0xB2, 0xA1, 0x0D, 0xBA, 0xD4, 0x9C, 0x17, 0x80, 0xC8, 0xA0, 0x02, 0x58, 0x07, 0xF7, 0x80, 0xDF,
    0x72, 0x7D, 0xCD, 0x0E, 0xD8, 0x83, 0xFC, 0xC1, 0xA3, 0x3F, 0x0D, 0xBC, 0xCA, 0xD3, 0x6B, 0x6B,
    0xCA, 0xF8, 0x18, 0x3B, 0x3E, 0xE3, 0xED, 0x3E, 0x72, 0xD7, 0xF8, 0x6B, 0xEB, 0x59, 0x97, 0x69,
    0xFE, 0x69, 0xC0, 0x8A, 0x04, 0x70, 0x6D, 0x3D, 0x31, 0x80, 0x1A, 0x41, 0x66, 0xAE, 0x5E, 0x9B,
    0x52, 0x0E, 0x33, 0x26, 0xAE, 0x5E, 0xD6, 0x41, 0xEB, 0xA1, 0x01, 0xE0, 0xD1, 0xEC, 0x9B, 0xD9,
    0x97, 0x24, 0x47, 0x3D, 0xFB, 0xDA, 0xD9, 0xF7, 0xC1, 0xEC, 0x7B, 0x3E, 0xFB, 0xE6, 0x65, 0xA7,
    0xC2, 0x7A, 0xA9, 0xDD, 0x6E, 0x79, 0x67, 0xF6, 0x5D, 0xCC, 0xBE, 0xCF, 0xE7, 0x4F, 0xA4, 0x93,
    0xAF, 0x99, 0x7D, 0xDF, 0x86, 0x93, 0x9E, 0xF1, 0xA0, 0x02, 0xC8, 0x78, 0xD5, 0x66, 0x98, 0xF1,
    0xCB, 0x9A, 0x6A, 0xFF, 0xD7, 0x9A, 0x32, 0x61, 0x87, 0x9D, 0xD1, 0xF8, 0x1D, 0xBD, 0xDF, 0xC8,
    0x1F, 0x5D, 0x5F, 0xFE, 0xC5, 0x99, 0x9F, 0x2C, 0x2F, 0x6F, 0x70, 0xA7, 0xE2, 0xB8, 0xBE, 0xE6,
    0x08, 0x6A, 0x02, 0xF3, 0x19, 0x9C, 0x19, 0xC7, 0x5F, 0x89, 0xEB, 0x6B, 0x2E, 0x55, 0xE0, 0xC2,
    0x44, 0x16, 0x3A, 0x00, 0xD7, 0xD7, 0x83, 0x16, 0x60, 0x05, 0x90, 0x01, 0x15, 0x01, 0xE1, 0x00,
    0x80, 0x25, 0x26, 0xD0, 0x61, 0x3D, 0x2D, 0x0D, 0xB4, 0x74, 0xD0, 0xB0, 0xAA, 0x9E, 0x23, 0xD8,
    0x77, 0x33, 0x98, 0x4F, 0x13, 0xE8, 0xAF, 0x03, 0xE8, 0x6F, 0x3C, 0xA8, 0xEF, 0x00, 0x75, 0x00,
    0xE4, 0x04, 0x88, 0xA1, 0xD2, 0x2F, 0xC2, 0x26, 0x00, 0x2D, 0xC0, 0x25, 0xD0, 0x0F, 0x95, 0x1C,
    0xC0, 0x9B, 0xBC, 0xFC, 0x7F, 0xE8, 0x8A, 0x1D, 0x30, 0x02, 0xC3, 0xDE, 0xF3, 0x73, 0x19, 0xC4,
    0x91, 0x49, 0x8E, 0x2C, 0x65, 0xA6, 0x53, 0x69, 0x46, 0x9C, 0x11, 0xE8, 0x74, 0x60, 0x69, 0x02,
    0xBB, 0x19, 0xA3, 0x8D, 0x2A, 0xDB, 0xC1, 0xC6, 0x66, 0x5F, 0x5C, 0xF3, 0xD6, 0xF8, 0xF2, 0xF3,
    0xF4, 0x8A, 0x6C, 0x05, 0xE4, 0x06, 0xE4, 0xD0, 0x83, 0x48, 0x67, 0x00, 0xDC, 0xF0, 0xA8, 0xFF,
    0x07, 0xC5, 0xDA, 0x01, 0xA4, 0x2D, 0xD9, 0xB9, 0x27, 0xF0, 0x5F, 0x55, 0x25, 0xB7, 0x26, 0x29,
    0x49, 0x05, 0x79, 0xBC, 0x99, 0xD6, 0x5D, 0x0F, 0x41, 0xD0, 0x7D, 0x0A, 0x82, 0x8B, 0xB3, 0x77,
    0x55, 0x27, 0x18, 0x40, 0x02, 0xC0, 0xC3, 0x34, 0x1A, 0x80, 0x3C, 0x5C, 0x5C, 0xEC, 0x73, 0x77,
    0xBD, 0x09, 0xE0, 0xE1, 0xB5, 0x01, 0x80, 0x17, 0x00, 0x60, 0x1A, 0x3D, 0xE6, 0x62, 0xF7, 0x3D,
    0xEB, 0xA5, 0x11, 0x84, 0x49, 0xE5, 0x3D, 0x0C, 0x1E, 0x93, 0x9A, 0x49, 0x9B, 0x07, 0x74, 0x2A,
    0xD3, 0x65, 0x52, 0xAD, 0xF7, 0x39, 0x6B, 0xF6, 0x2E, 0xE7, 0x6C, 0x73, 0x74, 0xAE, 0xEE, 0xE7,
    0xCC, 0x3D, 0xE3, 0xAC, 0xFF, 0xBF, 0x28, 0x67, 0xAF, 0xF5, 0xFF, 0x7F, 0x6B, 0xF9, 0xF6, 0xF7,
    0x55, 0x6D, 0x62, 0x0C, 0x37, 0x04, 0x8A, 0x1E, 0x65, 0x8F, 0x7A, 0x40, 0x33, 0xE2, 0xC3, 0x11,
    0xD3, 0x48, 0x3A, 0x4E, 0x64, 0xC3, 0x44, 0x11, 0x66, 0xCA, 0x6E, 0x47, 0x6D, 0xC7, 0xDA, 0x86,
    0x9D, 0x73, 0x66, 0x2B, 0x69, 0x8C, 0xD7, 0xB2, 0x23, 0x15, 0xBD, 0x5A, 0x19, 0xD4, 0xEA, 0x56,
    0xA5, 0xA1, 0x6A, 0x5F, 0x50, 0x76, 0xB6, 0x71, 0x58, 0x00, 0xF0, 0xDA, 0x7C, 0x2E, 0xC6, 0xF3,
    0x6C, 0x2E, 0xF6, 0x45, 0x9F, 0xCE, 0x65, 0x97, 0xCC, 0x35, 0xD3, 0x5A, 0x32, 0x1E, 0xB1, 0x92,
    0x1E, 0x90, 0x0D, 0xEB, 0x03, 0x1A, 0x65, 0x5F, 0x75, 0xDB, 0x50, 0xC4, 0x7F, 0x0E, 0x49, 0xFC,
    0xB7, 0x81, 0x27, 0x69, 0xE0, 0xBC, 0xE8, 0x68, 0x22, 0xF2, 0xD9, 0x03, 0xBB, 0x79, 0xD3, 0xE8,
    0xCD, 0x64, 0xF0, 0x46, 0x1E, 0x94, 0xB1, 0x95, 0x7E, 0x76, 0x6F, 0x57, 0x7F, 0x5A, 0xFC, 0x8B,
    0x11, 0x9F, 0x9D, 0xC4, 0x1F, 0xA9, 0xE8, 0x67, 0xCA, 0xB0, 0xA3, 0x6E, 0x77, 0x34, 0x36, 0xBC,
    0x38, 0xD2, 0xFE, 0x28, 0x7E, 0xB6, 0xBE, 0x11, 0x1F, 0x63, 0x54, 0xF6, 0x6A, 0x75, 0x77, 0x57,
    0x3C, 0x6F, 0xC2, 0xFB, 0x48, 0x7A, 0x64, 0xE1, 0x44, 0x11, 0xC9, 0xD5, 0x7D, 0x7D, 0xB4, 0xBC,
    0x89, 0x27, 0x18, 0x6F, 0x10, 0x03, 0xDB, 0x16, 0x67, 0xB0, 0x81, 0x11, 0x59, 0x8F, 0xB4, 0x05,
    0x24, 0x97, 0x1F, 0x53, 0xC6, 0xC8, 0xB6, 0xAD, 0x43, 0x32, 0xCB, 0xDB, 0x6C, 0x40, 0x19, 0x50,
    0xB5, 0x68, 0x60, 0x0D, 0x17, 0xB0, 0x7B, 0x19, 0x5D, 0xC0, 0x1A, 0xEA, 0xD6, 0xFB, 0xCA, 0x3E,
    0x1F, 0x65, 0x31, 0x76, 0xFC, 0xF4, 0x33, 0x48, 0x47, 0xF2, 0x40, 0xD9, 0xF2, 0x16, 0xBE, 0x0F,
    0x14, 0xD7, 0x5C, 0xC6, 0x3E, 0x9B, 0xB3, 0xB1, 0xE8, 0x85, 0xB2, 0xA3, 0xC6, 0x1A, 0x2B, 0x4E,
    0x58, 0xA3, 0xF1, 0x48, 0xD5, 0xD5, 0x8A, 0x78, 0x25, 0xB9, 0xEC, 0x91, 0x74, 0x28, 0x06, 0x9C,
    0x7D, 0x80, 0xE7, 0xE7, 0x78, 0xEF, 0xCF, 0x1F, 0xDC, 0xDA, 0x0A, 0x91, 0xEC, 0x9F, 0x5A, 0xC5,
    0xCF, 0x82, 0x6F, 0x26, 0xEF, 0xDD, 0xDF, 0x5A, 0x1E, 0x6E, 0xA5, 0x16, 0xDD, 0x83, 0x1B, 0x3A,
    0xC7, 0x87, 0x78, 0x0A, 0xEE, 0x6F, 0xE6, 0x9D, 0xAF, 0xE3, 0xE9, 0x0A, 0x6F, 0x4D, 0x28, 0x7B,
    0x3C, 0x7A, 0xF0, 0x23, 0x58, 0xBC, 0x3D, 0xCA, 0x3E, 0x0A, 0x92, 0xDF, 0xE3, 0x0A, 0xEF, 0xDE,
    0xDF, 0x5A, 0xB2, 0x1C, 0xB7, 0xF1, 0x39, 0xFE, 0xD3, 0x80, 0x66, 0x11, 0x0D, 0x48, 0x62, 0x7C,
    0x4F, 0x1A, 0xE3, 0x2C, 0x1B, 0x5D, 0xCB, 0x06, 0xCD, 0x91, 0xAA, 0x36, 0xEF, 0x95, 0x5D, 0x1E,
    0x0E, 0x54, 0x1C, 0xA9, 0x5C, 0xA8, 0xBB, 0xA5, 0xAA, 0x55, 0xB5, 0x15, 0xB5, 0x9A, 0x46, 0xC3,
    0x33, 0x6B, 0xF6, 0xD6, 0xD2, 0xC9, 0x85, 0x7C, 0xB4, 0xF1, 0xD3, 0xE0, 0x32, 0x5E, 0x73, 0x5C,
    0x02, 0xBE, 0x5E, 0x74, 0x28, 0x7F, 0x1C, 0x50, 0x96, 0x8B, 0x8A, 0xAC, 0x43, 0x5D, 0xC0, 0xD9,
    0xB7, 0x60, 0x0D, 0x56, 0x37, 0x49, 0x93, 0x18, 0x37, 0x1C, 0x13, 0x0E, 0xC7, 0x94, 0xC3, 0x31,
    0xE9, 0x50, 0x33, 0xB1, 0x96, 0x8C, 0xB7, 0xBC, 0x92, 0x2E, 0x9C, 0x0D, 0xAC, 0x17, 0x6E, 0x94,
    0x3D, 0xC7, 0x24, 0xC4, 0x31, 0x0D, 0xB1, 0x24, 0x22, 0xB6, 0xF1, 0x63, 0x2E, 0x63, 0x64, 0xA7,
    0xEE, 0xEC, 0x15, 0xC1, 0x2C, 0x1B, 0x4C, 0x07, 0x4A, 0x0E, 0x34, 0xA6, 0xE3, 0x2D, 0x65, 0x07,
    0x1A, 0x9A, 0x78, 0x9D, 0x0D, 0xDB, 0x78, 0x95, 0xF7, 0x79, 0xAF, 0x08, 0xC7, 0x80, 0x1C, 0xA9,
    0x3A, 0x46, 0xA5, 0x51, 0x76, 0x9E, 0xA9, 0xDA, 0x64, 0x7F, 0xA0, 0x62, 0x54, 0xC7, 0xD8, 0x69,
    0x8E, 0x4B, 0xA0, 0x6C, 0x6F, 0xE8, 0xDF, 0x5C, 0xFE, 0x9C, 0x26, 0x0E, 0x38, 0x3B, 0xF9, 0x5C,
    0x2D, 0x2E, 0x17, 0x93, 0x8B, 0xC7, 0xC5, 0xE2, 0xE2, 0x70, 0x31, 0xB8, 0x38, 0x5B, 0x68, 0x71,
    0xB7, 0x98, 0x5B, 0xBC, 0x2D, 0xD6, 0x16, 0x67, 0x8B, 0xB1, 0x1B, 0x5F, 0x65, 0xDC, 0x2F, 0xB0,
    0xEC, 0x6A, 0x4C, 0xE3, 0x41, 0xF5, 0x48, 0x36, 0x58, 0x90, 0xF7, 0x16, 0x14, 0x81, 0xF2, 0x88,
    0x18, 0xFB, 0x03, 0x42, 0xD5, 0x52, 0xA1, 0x46, 0x83, 0xF5, 0x0D, 0x2E, 0xB0, 0xB1, 0x04, 0xAA,
    0x8B, 0x31, 0xB6, 0x9A, 0x38, 0x2E, 0x00, 0x78, 0xED, 0x8A, 0xCB, 0x18, 0xB2, 0x29, 0x1F, 0x8A,
    0x90, 0x8C, 0x65, 0x6B, 0xAC, 0x19, 0x9B, 0x18, 0x17, 0xDC, 0x3D, 0x93, 0xB9, 0xAA, 0xAB, 0xDB,
    0x3C, 0x1E, 0x3F, 0xD3, 0x93, 0x3B, 0x97, 0x77, 0xCF, 0x65, 0x71, 0xE4, 0xB2, 0x7B, 0x65, 0x9A,
    0x5F, 0xF7, 0xBE, 0x6F, 0x19, 0x95, 0x3F, 0xEA, 0x15, 0xB1, 0x93, 0x7C, 0x78, 0x7F, 0xED, 0xDE,
    0x40, 0x83, 0xB7, 0xBC, 0x32, 0xDD, 0x36, 0xD8, 0xE3, 0x39, 0xF7, 0x8F, 0xF7, 0x57, 0xD1, 0x78,
    0xD2, 0x59, 0x2D, 0x3A, 0x9D, 0x34, 0x36, 0x2F, 0xD5, 0x58, 0xE2, 0x1C, 0x23, 0x49, 0x4F, 0x32,
    0x90, 0xC4, 0x8E, 0x17, 0xF7, 0xD0, 0x3A, 0x92, 0x06, 0xB2, 0x8E, 0x3C, 0x90, 0x45, 0x92, 0x99,
    0xA4, 0xFD, 0x9E, 0xB4, 0x1F, 0xF9, 0xB4, 0x67, 0xDB, 0xB2, 0x7A, 0x75, 0xB1, 0x2F, 0xDF, 0x1E,
    0x64, 0xBF, 0x0C, 0xD2, 0xDF, 0x63, 0x8F, 0x77, 0xEF, 0x1D, 0xFF, 0xAF, 0x52, 0x06, 0x54, 0x31,
    0x1E, 0xAD, 0x55, 0x21, 0x99, 0x65, 0xDD, 0x97, 0x7D, 0xBD, 0x6C, 0xA3, 0x85, 0xF6, 0x34, 0x16,
    0xDA, 0xB1, 0x3E, 0xD2, 0x85, 0x67, 0x6C, 0x34, 0xEC, 0x94, 0x7D, 0xBE, 0x97, 0xC7, 0x38, 0xB3,
    0x9D, 0x9F, 0xA2, 0xC6, 0x12, 0xBF, 0xE4, 0xD3, 0x40, 0xF6, 0x8B, 0x81, 0x47, 0x7E, 0x0E, 0x78,
    0x74, 0x5D, 0xD2, 0xC4, 0x5F, 0x73, 0x9D, 0x46, 0xE9, 0xE4, 0x85, 0x6C, 0xF0, 0x4C, 0x1E, 0xAC,
    0x94, 0x9D, 0x8D, 0xB2, 0xB5, 0xD0, 0xEE, 0x48, 0xF3, 0x81, 0x92, 0x03, 0x85, 0x6C, 0x92, 0x0F,
    0xD5, 0x28, 0x8D, 0x57, 0x23, 0xDB, 0x7F, 0x18, 0x91, 0x0E, 0xC8, 0x7A, 0x14, 0x37, 0x26, 0xDE,
    0xF2, 0x8C, 0x26, 0xCE, 0x14, 0xF1, 0x3D, 0xE8, 0x52, 0xF4, 0x05, 0xA6, 0x33, 0x5C, 0xEE, 0xF1,
    0xDA, 0xF0, 0xD0, 0x21, 0x29, 0x9C, 0x53, 0x78, 0x4A, 0xDE, 0x8D, 0x64, 0xB1, 0xC7, 0x65, 0xCB,
    0xC3, 0x87, 0xE4, 0x6E, 0x45, 0xF5, 0xD0, 0x81, 0x70, 0x06, 0x0D, 0xAC, 0x3C, 0xBC, 0xFD, 0x07,
    0xB5, 0x0A, 0xA0, 0x6C, 0x51, 0x77, 0xB7, 0xF3, 0x17, 0xF0, 0x3A, 0x7C, 0x17, 0x24, 0xF0, 0x6D,
    0x78, 0xF3, 0xB4, 0xF2, 0xF6, 0xFF, 0x5B, 0x84, 0xEE, 0xA4, 0x91, 0x6A, 0xC4, 0xE6, 0x29, 0xC6,
    0xB7, 0x80, 0x64, 0x64, 0x4E, 0x47, 0xA6, 0x6C, 0x94, 0x1C, 0x29, 0x1D, 0xB3, 0xE1, 0x40, 0x79,
    0x2F, 0x5B, 0x68, 0x28, 0x82, 0xAC, 0x2F, 0x83, 0xFC, 0x48, 0x45, 0x28, 0xE3, 0x31, 0x2F, 0x1E,
    0xA9, 0x6E, 0x95, 0x5D, 0x4D, 0xD9, 0x2E, 0x1D, 0xE1, 0x9A, 0xDA, 0x42, 0x17, 0x9C, 0x62, 0x6A,
    0x65, 0xCF, 0x06, 0xEF, 0x90, 0xEC, 0xC9, 0xFF, 0x1B, 0x55, 0xC9, 0x77, 0xD3, 0x16, 0xCC, 0x37,
    0x98, 0x16, 0x31, 0x0B, 0xD2, 0xDB, 0xCC, 0xFC, 0x9B, 0xCB, 0x2E, 0xFB, 0x6D, 0x1C, 0xF3, 0xAB,
    0x74, 0x2A, 0x46, 0x73, 0xD1, 0xDB, 0x95, 0xE1, 0x80, 0xD6, 0x7C, 0x44, 0xC5, 0x54, 0x4B, 0xC6,
    0x23, 0xD6, 0x37, 0x7D, 0xE4, 0xB9, 0xAC, 0xDF, 0x1C, 0x60, 0x66, 0x27, 0x99, 0xD8, 0x5B, 0x4C,
    0x5A, 0x5C, 0x3A, 0x2A, 0x8F, 0x9A, 0x85, 0x17, 0xA3, 0x16, 0xA7, 0x8E, 0x2E, 0x87, 0x85, 0x7B,
    0x8B, 0xC5, 0x5B, 0xEE, 0x14, 0x41, 0x75, 0xB4, 0xAA, 0x76, 0xCB, 0xAD, 0xA3, 0x65, 0x8B, 0x5D,
    0x56, 0x34, 0x5C, 0xB0, 0xB6, 0xD8, 0x3E, 0xB9, 0xF2, 0xCD, 0xEB, 0x9F, 0x2B, 0xE3, 0xF8, 0xFF,
    0xCC, 0x55, 0x3A, 0x3D, 0x29, 0xE3, 0xF8, 0xAD, 0x2A, 0xC0, 0x9E, 0x99, 0x49, 0x32, 0x49, 0xC7,
    0xE3, 0x58, 0xEA, 0x4E, 0x59, 0x6F, 0xA9, 0x38, 0x8F, 0xA3, 0x5C, 0x0C, 0x2C, 0x85, 0xB7, 0x9A,
    0x86, 0xF5, 0x32, 0x2E, 0x28, 0x86, 0xA1, 0x8E, 0xFD, 0xE3, 0xBA, 0x45, 0x32, 0x2E, 0x33, 0xDC,
    0x7C, 0x7C, 0x99, 0x21, 0xDC, 0xCE, 0xD0, 0x29, 0x5B, 0x25, 0x15, 0x35, 0x67, 0x54, 0x71, 0xAE,
    0xE3, 0x74, 0x7F, 0x01, 0x4D, 0x1C, 0x0F, 0xE3, 0x5F, 0xBA, 0x7A, 0xE1, 0x71, 0xF1, 0xF6, 0x94,
    0xC5, 0xC1, 0x8B, 0xF6, 0xFE, 0x1A, 0xFE, 0x2A, 0x0D, 0x4F, 0xB2, 0x70, 0x5E, 0xB6, 0xF5, 0xB5,
    0x7C, 0xC2, 0x17, 0x96, 0x6E, 0x97, 0xA5, 0x97, 0xB1, 0x66, 0xC5, 0x39, 0x1B, 0x76, 0x3C, 0xE7,
    0xA5, 0x8B, 0x95, 0xB7, 0x8B, 0x9D, 0xD6, 0xBB, 0x58, 0xC6, 0xEE, 0x56, 0xF0, 0xBC, 0x08, 0xEE,
    0x15, 0xBC, 0xCE, 0xF9, 0x32, 0x9A, 0x51, 0xD9, 0x5B, 0x26, 0xE9, 0x95, 0x1D, 0x00, 0xD5, 0x69,
    0xF9, 0x65, 0x6C, 0x6E, 0x15, 0x2C, 0xC6, 0x4D, 0x77, 0x02, 0x98, 0x77, 0x5E, 0xE7, 0x31, 0x4F,
    0x78, 0xCE, 0xE5, 0xA0, 0xEE, 0x2C, 0x39, 0xE1, 0x1C, 0x7B, 0xB3, 0x29, 0x99, 0xD2, 0x31, 0x1D,
    0xB3, 0x31, 0x1B, 0xB2, 0x3E, 0xEF, 0x8F, 0xAD, 0x49, 0x19, 0x8E, 0xDD, 0x59, 0xD5, 0xD6, 0x1A,
    0x6B, 0x6B, 0x17, 0xF2, 0xB0, 0xDC, 0xEF, 0xCA, 0xB6, 0x6C, 0x2B, 0xB5, 0xDA, 0xDA, 0xCA, 0xB9,
    0x8D, 0x9D, 0xE7, 0xEC, 0xA9, 0x38, 0xF5, 0x54, 0x8D, 0x64, 0x62, 0x2D, 0x1D, 0x6F, 0xF9, 0x42,
    0x36, 0xB2, 0x91, 0x0D, 0xEC, 0x64, 0x3D, 0x7B, 0x79, 0xCF, 0xAC, 0x08, 0x37, 0x9C, 0x4C, 0xCA,
    0x03, 0x8F, 0xCA, 0x4E, 0x3A, 0xAA, 0x5A, 0xD9, 0xC2, 0xD9, 0xA0, 0x26, 0x0F, 0x1A, 0xCA, 0x60,
    0x9D, 0x74, 0x4D, 0x6B, 0x9D, 0xC5, 0x2B, 0x2E, 0x92, 0xCB, 0x81, 0x83, 0xF6, 0x3E, 0x9B, 0x8A,
    0x21, 0x1B, 0xF2, 0x00, 0x00, 0x79, 0x38, 0xF6, 0x9D, 0x65, 0x7B, 0xF0, 0xA2, 0x6C, 0x8F, 0xA8,
    0x55, 0xD6, 0x2A, 0x2B, 0xB5, 0x95, 0xB5, 0x8D, 0xD5, 0x82, 0x9D, 0x8D, 0xD9, 0xCE, 0xB4, 0x60,
    0x3E, 0xE5, 0x9D, 0xC1, 0x22, 0xB5, 0x0A, 0xB2, 0x48, 0x3E, 0xC3, 0xD7, 0xD1, 0xB4, 0xFC, 0x31,
    0xC8, 0x7E, 0x33, 0x7A, 0xD4, 0xBE, 0x03, 0xEE, 0x96, 0x8E, 0x81, 0x53, 0xE9, 0xD8, 0x2D, 0xF0,
    0xA7, 0x4A, 0xC7, 0x15, 0x2E, 0xB0, 0xC3, 0x4C, 0x32, 0xF9, 0x41, 0x3E, 0xBA, 0x8C, 0x41, 0xF5,
    0x19, 0x6C, 0x10, 0xC9, 0x7E, 0xD5, 0x2A, 0x7F, 0x14, 0x7C, 0x4D, 0x8B, 0x2F, 0xE6, 0xC5, 0x05,
    0x37, 0xCB, 0x9E, 0x96, 0xEE, 0x28, 0xDB, 0x05, 0xA7, 0x65, 0xCF, 0xB0, 0xC6, 0x86, 0x64, 0x66,
    0x3B, 0xB2, 0xED, 0x2C, 0x21, 0xEF, 0xD3, 0x51, 0xD3, 0x66, 0xA3, 0x2B, 0xD9, 0x90, 0x4D, 0x07,
    0x2A, 0x7A, 0x79, 0x5F, 0xB7, 0xF2, 0xF0, 0x21, 0xC5, 0x2F, 0x26, 0xCA, 0x5F, 0x0D, 0x94, 0xFF,
    0x71, 0xB4, 0xA4, 0x30, 0xD5, 0x34, 0x53, 0xF7, 0x3B, 0xEA, 0x6E, 0x4D, 0xA3, 0x61, 0xAD, 0x6A,
    0xAD, 0x95, 0xC1, 0x85, 0xBC, 0xB7, 0x93, 0x0D, 0x76, 0xD2, 0xD1, 0x9E, 0x19, 0x00, 0x56, 0xF0,
    0x02, 0x2E, 0xE0, 0x4D, 0x78, 0x02, 0x3F, 0xF9, 0xB2, 0xEF, 0x80, 0x3E, 0x9D, 0xB2, 0xBE, 0xEC,
    0xF3, 0xD0, 0x28, 0xFE, 0x7E, 0xAF, 0xF8, 0xE5, 0x70, 0xD0, 0xD4, 0x29, 0xE3, 0x01, 0x9F, 0x07,
    0xD5, 0x3F, 0x0E, 0xEA, 0x74, 0x74, 0x66, 0xB6, 0xB6, 0xB3, 0xB2, 0x76, 0xAE, 0xB6, 0x51, 0x76,
    0x00, 0x9E, 0x93, 0xEC, 0x31, 0xE3, 0x09, 0x06, 0x74, 0xB7, 0x73, 0x17, 0x87, 0xB9, 0x6B, 0x45,
    0xD8, 0x2B, 0x3E, 0x1A, 0x95, 0x7F, 0x1B, 0x94, 0x97, 0x07, 0xC4, 0x5E, 0xF5, 0xBB, 0x41, 0xFD,
    0xEF, 0x47, 0xF5, 0x9D, 0xB9, 0x1B, 0x1B, 0x55, 0x27, 0x79, 0x8F, 0x2C, 0x50, 0xB6, 0x9C, 0x61,
    0x03, 0x9C, 0xB4, 0x8F, 0x5F, 0xED, 0x88, 0xD4, 0x2F, 0xE9, 0x2E, 0x76, 0x96, 0xEE, 0x22, 0xC4,
    0x18, 0x3B, 0x59, 0xAF, 0xE8, 0x54, 0x9C, 0xF3, 0x0E, 0x5E, 0x92, 0x2F, 0xBB, 0xDB, 0xD4, 0x73,
    0x4A, 0x19, 0xCB, 0x58, 0xDD, 0xE6, 0x8B, 0x65, 0x2C, 0x29, 0xE1, 0xBD, 0x57, 0xA3, 0x13, 0x60,
    0x83, 0x2B, 0xEC, 0xF0, 0x18, 0xEF, 0xA3, 0x63, 0x49, 0x3B, 0x43, 0xD6, 0x67, 0xFD, 0x92, 0x5E,
    0xBA, 0x63, 0x7A, 0xA9, 0x54, 0x6A, 0x6B, 0x6B, 0x2B, 0x1B, 0xBB, 0xE5, 0xEF, 0x72, 0x38, 0x08,
    0xC4, 0x99, 0xAD, 0xB5, 0xD7, 0x3D, 0xF6, 0x17, 0x92, 0xD1, 0xF3, 0x74, 0x4C, 0xF6, 0xD9, 0x68,
    0x9F, 0x0D, 0x9E, 0x1C, 0x30, 0xE4, 0xBD, 0xEE, 0x3E, 0x7A, 0xD3, 0xF1, 0x79, 0xFA, 0x87, 0xC3,
    0x6C, 0xFB, 0xAC, 0x7F, 0x92, 0xF5, 0x43, 0x1E, 0xBA, 0x57, 0x13, 0xC5, 0xE7, 0xCA, 0xBF, 0xDE,
    0xAB, 0x7E, 0xB8, 0x57, 0x9B, 0xBE, 0x54, 0xD5, 0x97, 0xEC, 0x6D, 0xD9, 0x56, 0x75, 0x57, 0x37,
    0xDD, 0xFA, 0x8D, 0x97, 0xAA, 0xB2, 0xC1, 0x0E, 0x7B, 0xCC, 0xA7, 0x5C, 0x73, 0xA3, 0xF6, 0x5F,
    0xC9, 0xFE, 0xB0, 0x93, 0xC5, 0xF9, 0x80, 0x56, 0xF3, 0x31, 0xDB, 0xC0, 0x5F, 0xBE, 0x2C, 0x86,
    0x4B, 0xA7, 0x1A, 0x07, 0xBB, 0xBB, 0x5F, 0x39, 0x27, 0x91, 0xFF, 0xDC, 0x65, 0xB1, 0xAD, 0x26,
    0x4D, 0xF0, 0x5A, 0x50, 0x9E, 0x74, 0x52, 0x9F, 0xC6, 0xAC, 0xF8, 0x18, 0xBE, 0x01, 0x2B, 0x78,
    0x6E, 0x91, 0x43, 0x16, 0x80, 0x64, 0x66, 0x9F, 0xEE, 0x99, 0xB3, 0x6B, 0xA6, 0x2C, 0x4A, 0x0E,
    0xD4, 0xA6, 0x63, 0xFE, 0xDB, 0x90, 0x8D, 0xF9, 0x2F, 0x0F, 0x54, 0x7C, 0x34, 0x64, 0x43, 0xF9,
    0x8B, 0x31, 0xEF, 0xCB, 0x6E, 0x3A, 0x26, 0xFB, 0x7D, 0x11, 0xAA, 0xF6, 0xA2, 0x0C, 0xB5, 0x75,
    0xD9, 0xD5, 0xEA, 0xB2, 0x6B, 0x94, 0x7F, 0xD7, 0xAE, 0x15, 0xBF, 0xB5, 0x96, 0x47, 0x17, 0xB2,
    0x68, 0x27, 0xB9, 0xB6, 0xE3, 0xDA, 0x9E, 0x0F, 0xEF, 0x3E, 0xB1, 0x77, 0x86, 0xEF, 0x83, 0xEC,
    0xEF, 0x2F, 0xBB, 0xFC, 0xD7, 0x71, 0xC8, 0xAF, 0xD2, 0xB1, 0x18, 0x4D, 0x45, 0x6F, 0x2E, 0x3B,
    0x53, 0xD9, 0x9A, 0x2A, 0xC9, 0x78, 0x44, 0x2D, 0x1D, 0xD7, 0xB2, 0xE1, 0x88, 0xD5, 0x52, 0x92,
    0xE5, 0xE1, 0x88, 0x87, 0x12, 0xFF, 0x92, 0x2E, 0xA4, 0xBB, 0xDB, 0x85, 0xDC, 0xD3, 0xCC, 0x9D,
    0x9C, 0x7D, 0x89, 0x67, 0x4E, 0x2F, 0x61, 0x7C, 0xC7, 0xED, 0x63, 0xEF, 0xCD, 0x19, 0xDE, 0x7A,
    0x8E, 0x72, 0x40, 0xF1, 0xE0, 0xFB, 0x58, 0xFC, 0xF5, 0xED, 0x63, 0xEF, 0xF6, 0xF4, 0xD8, 0xFB,
    0x9E, 0xD6, 0x57, 0x78, 0x71, 0xD7, 0xB1, 0x77, 0x90, 0x0E, 0x97, 0x5D, 0xF6, 0x5F, 0xE3, 0x98,
    0x7D, 0x92, 0xCC, 0xD9, 0x64, 0x9F, 0x0F, 0x76, 0x45, 0xB0, 0xA0, 0xEC, 0x96, 0xB2, 0xFD, 0x34,
    0x7F, 0x2D, 0x5D, 0x70, 0x3B, 0xF7, 0x43, 0x9E, 0x8D, 0x0D, 0xEC, 0x60, 0x0F, 0x13, 0xD2, 0x91,
    0xEF, 0x17, 0x03, 0x4D, 0xEC, 0x78, 0xED, 0xB3, 0x97, 0x06, 0x68, 0x31, 0x51, 0xF1, 0x25, 0x67,
    0xA3, 0x08, 0xA7, 0xFC, 0x60, 0x4B, 0xB9, 0xA7, 0x1A, 0xC8, 0x62, 0xBC, 0x21, 0x00, 0x96, 0x62,
    0xAD, 0x5A, 0x9E, 0x66, 0xB5, 0xDB, 0x36, 0x9D, 0x95, 0x21, 0x1F, 0x96, 0x36, 0x52, 0x36, 0x56,
    0xAD, 0x74, 0x6C, 0x1C, 0xD7, 0x39, 0xD2, 0xC5, 0x91, 0x76, 0x64, 0x0B, 0x0D, 0x3B, 0xF2, 0x7E,
    0x47, 0x11, 0x76, 0x94, 0xDD, 0x05, 0xB5, 0x35, 0xCF, 0xD4, 0x6D, 0xB2, 0x57, 0xF6, 0xC5, 0xE9,
    0x05, 0xC8, 0x8C, 0x3A, 0x4E, 0x9A, 0x03, 0xDC, 0x7D, 0xA7, 0x93, 0xCE, 0xE9, 0x94, 0x0F, 0xF6,
    0x65, 0x67, 0x53, 0xB3, 0x6A, 0x58, 0xAD, 0xB9, 0x58, 0xB1, 0x5B, 0xB1, 0x5F, 0x4B, 0xA6, 0x5A,
    0x3E, 0x94, 0xA1, 0x0E, 0x79, 0x3C, 0x7E, 0xE6, 0x63, 0x74, 0x8F, 0x48, 0xFA, 0xF2, 0xB6, 0x47,
    0xBE, 0xDC, 0xA3, 0xEA, 0x1F, 0xDA, 0xD2, 0xB7, 0xFD, 0x40, 0xE9, 0x7D, 0xC5, 0x0F, 0x8F, 0xB7,
    0x03, 0x2F, 0xEE, 0x6F, 0x4D, 0xFE, 0xAB, 0x40, 0x59, 0xE1, 0xFC, 0x1C, 0x1F, 0x8C, 0xE0, 0xA1,
    0xAD, 0x59, 0x6D, 0x96, 0xB5, 0x93, 0xDF, 0x85, 0xA5, 0xD2, 0xE5, 0xFE, 0xD6, 0x1E, 0xC5, 0x1F,
    0xC5, 0x38, 0xA8, 0xE3, 0xE7, 0x31, 0xF6, 0xAE, 0x92, 0x18, 0xC8, 0x46, 0xDB, 0x40, 0xD1, 0x6B,
    0x02, 0x65, 0x50, 0x2F, 0xC7, 0x56, 0xDD, 0xD2, 0x58, 0x2E, 0x6B, 0x6A, 0x37, 0xCD, 0xE8, 0xDE,
    0xEE, 0x74, 0x59, 0x63, 0xC7, 0x05, 0xF6, 0x7C, 0x88, 0x1D, 0x7B, 0xEC, 0x24, 0x7B, 0x6C, 0x64,
    0x7B, 0xAC, 0x95, 0x33, 0xEA, 0x6E, 0x3B, 0xA1, 0x88, 0xD7, 0x31, 0x4E, 0x92, 0xCB, 0xFF, 0x70,
    0xBC, 0x78, 0xED, 0xCA, 0x76, 0x38, 0x3A, 0xFA, 0x59, 0xBC, 0x92, 0x4D, 0xC5, 0xEF, 0xBB, 0x46,
    0xD1, 0x67, 0xD7, 0x8E, 0x0D, 0x4A, 0xBA, 0x57, 0x74, 0x95, 0x64, 0x52, 0x74, 0xEB, 0xE5, 0x89,
    0x74, 0xBB, 0x92, 0x2E, 0x17, 0xD9, 0x88, 0xD3, 0xA5, 0x18, 0xD1, 0xA8, 0x26, 0xDF, 0x53, 0x75,
    0xDB, 0xAB, 0x64, 0x56, 0xC4, 0x79, 0x1B, 0x07, 0xC9, 0xE5, 0x7B, 0xC5, 0x35, 0x78, 0x97, 0x64,
    0x3C, 0x55, 0xA3, 0xDE, 0x80, 0xE3, 0xA4, 0x5D, 0x1A, 0xE3, 0x9C, 0x8D, 0xC9, 0x55, 0x36, 0x78,
    0x76, 0xC0, 0x3A, 0xEF, 0x0F, 0x08, 0x56, 0x45, 0xB0, 0x29, 0x83, 0xB9, 0x0C, 0xF9, 0x58, 0xC6,
    0xD8, 0x55, 0x71, 0xAF, 0xF2, 0x4C, 0xAD, 0xD6, 0xA8, 0xDA, 0xB5, 0xB2, 0x3B, 0x20, 0x5C, 0x1C,
    0xB0, 0x59, 0xB6, 0x35, 0xEF, 0xF7, 0xB2, 0x81, 0x15, 0xCF, 0x25, 0xA3, 0x2C, 0x78, 0xD4, 0x22,
    0xFB, 0xCD, 0x2E, 0xFB, 0xA7, 0x7D, 0xF6, 0x89, 0x7C, 0x56, 0x0C, 0x5F, 0xD2, 0x37, 0xBF, 0x1A,
    0x49, 0x77, 0x6B, 0x4E, 0xFB, 0xBB, 0x35, 0xA7, 0xE9, 0xA7, 0xFC, 0xEF, 0xC8, 0xE7, 0x9D, 0xE4,
    0x9A, 0x74, 0xFE, 0xBF, 0x7B, 0x8B, 0x05, 0xA7, 0xBC, 0x76, 0xA7, 0x8F, 0x02, 0xC0, 0x19, 0xB6,
    0x68, 0xF0, 0x3A, 0x1E, 0xE3, 0x2F, 0x20, 0x6D, 0xDF, 0xBD, 0x79, 0xC3, 0x10, 0xB8, 0x6C, 0x59,
    0xBD, 0xBA, 0xD0, 0x8F, 0x67, 0x9E, 0x3E, 0xB7, 0x1E, 0x55, 0xC1, 0x23, 0xFF, 0xD2, 0xD0, 0x63,
    0x31, 0x7E, 0x3A, 0x25, 0xBE, 0x01, 0x3C, 0x8A, 0x9D, 0x3A, 0xCE, 0xAE, 0x5D, 0x25, 0x93, 0xC7,
    0xB7, 0xC5, 0x6C, 0x3A, 0x91, 0x5C, 0x21, 0x06, 0x9A, 0x99, 0x22, 0x22, 0x06, 0xAA, 0x81, 0x7C,
    0x24, 0x5B, 0xF0, 0x35, 0xD9, 0x70, 0xAE, 0xE8, 0xB7, 0x5D, 0x7D, 0xB0, 0x72, 0x2D, 0x89, 0x03,
    0x6A, 0x9C, 0x63, 0x22, 0x19, 0x48, 0x3B, 0xE0, 0x72, 0x90, 0xC5, 0xBD, 0xA2, 0x3F, 0x3F, 0x95,
    0x99, 0xC5, 0x40, 0x76, 0x8D, 0x6D, 0xBF, 0x4C, 0xCB, 0xBC, 0xE0, 0x3B, 0x26, 0xBB, 0x7C, 0xB4,
    0x8D, 0x41, 0x71, 0x75, 0xEA, 0xC3, 0x3B, 0xFE, 0x73, 0x90, 0xF6, 0x4B, 0x1F, 0xFE, 0xCA, 0xF4,
    0x67, 0x83, 0x62, 0x74, 0xF6, 0xD4, 0xD3, 0x73, 0x3F, 0xFF, 0xD7, 0x16, 0xE5, 0x07, 0xE1, 0x07,
    0xDD, 0x4B, 0x79, 0xAB, 0x18, 0x16, 0xCD, 0xDB, 0x7E, 0x99, 0x68, 0x66, 0x3E, 0xC8, 0x3D, 0xA8,
    0x3D, 0x88, 0x2D, 0xAE, 0xBE, 0x82, 0xA4, 0x8E, 0xBB, 0x92, 0xFA, 0x97, 0x48, 0x0A, 0x47, 0x49,
    0x69, 0xFC, 0x98, 0x73, 0x3C, 0xC1, 0x35, 0x4A, 0x14, 0x24, 0xFF, 0x8E, 0x6C, 0xC6, 0xF6, 0x8E,
    0xB8, 0xB2, 0x97, 0x5D, 0x11, 0x83, 0x6A, 0x94, 0xCC, 0x1C, 0xC7, 0x0F, 0x92, 0xF1, 0xC5, 0x5F,
    0x0E, 0x75, 0xEC, 0xD2, 0x8F, 0x65, 0x41, 0xDE, 0x4B, 0x3E, 0xE0, 0xB1, 0x3F, 0x9B, 0xD4, 0x3D,
    0x49, 0xF7, 0x3D, 0xC9, 0x30, 0xF2, 0xC7, 0x40, 0x83, 0x3F, 0xF7, 0xCA, 0x82, 0xFB, 0xB4, 0xE4,
    0xFC, 0x9C, 0x37, 0x26, 0xCA, 0x9E, 0xB4, 0xBD, 0xF7, 0xE1, 0xD8, 0xC6, 0x18, 0x8F, 0x74, 0x4D,
    0xDE, 0xA3, 0x08, 0xB7, 0x54, 0x2E, 0xD4, 0xA1, 0x6C, 0x51, 0x1D, 0xA9, 0x76, 0x4B, 0x0D, 0xAC,
    0x61, 0xF5, 0xC5, 0x1F, 0x61, 0xD8, 0xC3, 0x0C, 0x13, 0x92, 0x85, 0x7A, 0x64, 0x01, 0xF9, 0x00,
    0xCF, 0xE1, 0x31, 0xC7, 0x38, 0x52, 0xF7, 0xF0, 0xDD, 0x3B, 0x4F, 0xE4, 0xB6, 0x71, 0xBC, 0x8C,
    0xC3, 0xA9, 0x8D, 0x2B, 0xBF, 0xD0, 0x5C, 0x1E, 0x47, 0xAB, 0x8C, 0xF2, 0xAB, 0x65, 0x67, 0xDA,
    0xC5, 0xF5, 0x07, 0xC7, 0xF1, 0x67, 0xA3, 0xA6, 0xE3, 0x1B, 0x49, 0x47, 0x59, 0x74, 0xE4, 0x7F,
    0x87, 0x6C, 0x8F, 0x64, 0x04, 0x0F, 0x68, 0xFD, 0xD4, 0xE7, 0xBE, 0x9B, 0x8D, 0xC9, 0xA8, 0x4F,
    0xC6, 0xAC, 0x4D, 0x47, 0x47, 0x83, 0x0E, 0x0E, 0xEF, 0xE4, 0xD1, 0xB2, 0xBB, 0x41, 0x4B, 0x65,
    0x81, 0xFA, 0x16, 0x2D, 0x65, 0x24, 0xFB, 0xAA, 0xFB, 0xD6, 0x9D, 0xC4, 0x5B, 0x3E, 0xD1, 0xB9,
    0x3C, 0x92, 0x35, 0x0B, 0x7D, 0x25, 0xF1, 0x5F, 0xBF, 0xD3, 0x29, 0x57, 0x71, 0x5F, 0xC7, 0xD9,
    0x69, 0x9B, 0x06, 0x4D, 0x0C, 0xDB, 0xD8, 0x9D, 0xB6, 0xE9, 0x38, 0x7A, 0x59, 0x0C, 0x49, 0x6C,
    0x25, 0xC3, 0x63, 0xF2, 0xAB, 0x1F, 0x50, 0xD4, 0x23, 0xDF, 0xCE, 0x03, 0xB0, 0xFC, 0xDF, 0x42,
    0x65, 0x50, 0x86, 0x65, 0x6B, 0x97, 0xF4, 0xBB, 0x3C, 0x69, 0xAE, 0xA9, 0x35, 0x37, 0xB4, 0xB6,
    0x3E, 0xD2, 0x05, 0x17, 0x47, 0xDA, 0x2C, 0x32, 0x8E, 0xB4, 0xB7, 0x67, 0xB6, 0x97, 0x4C, 0x76,
    0xB2, 0xD1, 0xC5, 0x52, 0xAF, 0xB4, 0x75, 0xA7, 0x8C, 0x57, 0xA4, 0x71, 0x40, 0xF1, 0x76, 0xD0,
    0xFC, 0x8F, 0xE0, 0x71, 0xEC, 0xFC, 0xD5, 0x19, 0xB8, 0xE9, 0x38, 0xC6, 0x53, 0xC7, 0xF1, 0x85,
    0x62, 0xBD, 0x08, 0x3B, 0xE5, 0x01, 0x55, 0xB7, 0xD3, 0x74, 0xDB, 0xF4, 0xF7, 0x6D, 0x13, 0xFF,
    0xB6, 0x2D, 0x3E, 0x2B, 0x29, 0xE3, 0x9E, 0xEA, 0x48, 0x78, 0x68, 0x33, 0x97, 0xB1, 0x5F, 0xC0,
    0xFD, 0x8D, 0xA4, 0xBE, 0x4B, 0xEE, 0x9C, 0x3C, 0x4C, 0x64, 0x71, 0xC0, 0xB6, 0x7D, 0x68, 0x4B,
    0x8F, 0x0D, 0xCE, 0xD3, 0xE0, 0xAC, 0x08, 0xCA, 0x48, 0x3A, 0xDF, 0xDF, 0x9A, 0xBA, 0xC3, 0x7F,
    0x0F, 0x08, 0x3D, 0xFE, 0x21, 0xE0, 0x99, 0x87, 0xB6, 0x96, 0xEC, 0xC9, 0xBF, 0xC9, 0x37, 0x0B,
    0x8A, 0x6F, 0x91, 0x4E, 0xDC, 0xDF, 0xDA, 0x19, 0x36, 0x3B, 0xFC, 0x61, 0x24, 0xFB, 0xC7, 0x00,
    0x0F, 0x6E, 0xCD, 0x34, 0xC9, 0x7E, 0xD7, 0x2B, 0xFE, 0xA6, 0xF5, 0xC6, 0x19, 0xDC, 0xDB, 0xDA,
    0x9F, 0x14, 0xDF, 0xDD, 0x11, 0x7F, 0xEB, 0xA0, 0x59, 0xC4, 0x1F, 0x69, 0xB5, 0x38, 0x38, 0x89,
    0xDF, 0x39, 0x89, 0xB7, 0x97, 0x8E, 0x76, 0xF2, 0xC1, 0x56, 0x15, 0x34, 0xFF, 0x33, 0xB6, 0x8B,
    0x83, 0x63, 0xED, 0x8F, 0xA7, 0x30, 0x20, 0x0B, 0x27, 0xFA, 0x1C, 0xC9, 0xD5, 0x3D, 0x7D, 0xF0,
    0x26, 0xDE, 0x27, 0xE9, 0xC9, 0xC2, 0x0D, 0xE2, 0xCD, 0xCC, 0x49, 0x07, 0xF9, 0x08, 0xE5, 0x07,
    0x6E, 0xDB, 0x49, 0xD3, 0x29, 0x88, 0x7B, 0x65, 0x48, 0xE6, 0xBD, 0x3A, 0xA4, 0xE3, 0x5E, 0x13,
    0xB2, 0x03, 0x6F, 0x43, 0xDE, 0xEF, 0x7D, 0x1E, 0x0E, 0xAB, 0x26, 0x9F, 0x86, 0xB2, 0xDB, 0xA5,
    0xBF, 0xEB, 0xAB, 0x76, 0x97, 0x7D, 0xD4, 0xD7, 0x76, 0xC5, 0x47, 0xFD, 0xDA, 0xAE, 0xFC, 0xE1,
    0xB0, 0xB1, 0xAB, 0xD2, 0x61, 0x6F, 0xB7, 0x4E, 0x87, 0xC9, 0xEE, 0x3C, 0xF9, 0xC3, 0x68, 0xF3,
    0x3C, 0xF9, 0x74, 0xB0, 0x19, 0x93, 0x4F, 0x7B, 0xCF, 0x46, 0x7F, 0x0C, 0xB6, 0xBD, 0xD8, 0xD9,
    0x06, 0x91, 0x6D, 0xB7, 0x30, 0x57, 0x3C, 0x63, 0x07, 0x15, 0x34, 0x01, 0xFF, 0x6B, 0x31, 0x30,
    0x92, 0xF8, 0x09, 0xB0, 0x39, 0xFE, 0x6D, 0x5C, 0xD9, 0x9F, 0x27, 0x57, 0xA6, 0x55, 0xF6, 0x49,
    0x3A, 0xAE, 0xF2, 0xFF, 0x92, 0x0D, 0xAB, 0xE2, 0xC7, 0x79, 0x58, 0x95, 0x65, 0x11, 0x56, 0x6F,
    0x95, 0x65, 0xBB, 0x3A, 0x2F, 0x2B, 0x6F, 0x7D, 0x50, 0xAC, 0x9D, 0x8D, 0xC5, 0x46, 0x3D, 0xE4,
    0xB3, 0x2A, 0xE4, 0x93, 0xAA, 0xCB, 0x46, 0x95, 0xAC, 0xC7, 0xF7, 0x60, 0x8F, 0xEC, 0x13, 0x94,
    0x3F, 0xC6, 0x59, 0x1E, 0x80, 0x86, 0x46, 0xCD, 0x87, 0xAA, 0x6E, 0x89, 0x48, 0x36, 0x2A, 0x42,
    0xDE, 0xCB, 0xFB, 0xB2, 0x93, 0x8D, 0xCD, 0x4D, 0x27, 0x9D, 0x4C, 0x33, 0x3E, 0x1F, 0x71, 0xD9,
    0x5B, 0x0C, 0xD1, 0xF0, 0x95, 0xBE, 0xE2, 0x16, 0x5A, 0xB4, 0x28, 0x47, 0xAC, 0x9E, 0x62, 0x3A,
    0xC7, 0x4F, 0xBE, 0x06, 0x58, 0x29, 0x82, 0xB5, 0xB2, 0x53, 0xAB, 0xA8, 0xAD, 0xA9, 0x6C, 0x28,
    0xDB, 0x99, 0xF2, 0xED, 0x91, 0xE2, 0x67, 0x03, 0xF9, 0x2F, 0x03, 0xF9, 0xAF, 0x3B, 0xB2, 0xDF,
    0x22, 0xBB, 0x42, 0xBA, 0x3F, 0x95, 0x3E, 0xE3, 0x9D, 0xDF, 0x19, 0xD4, 0xF0, 0x21, 0x9A, 0xE9,
    0x48, 0x2D, 0x9C, 0x65, 0x3D, 0x4D, 0x3E, 0xB0, 0xCA, 0x1E, 0x3E, 0x06, 0x1E, 0xF9, 0xC2, 0x6F,
    0xC2, 0xD3, 0x1E, 0xD0, 0xC4, 0x38, 0x1D, 0x69, 0x44, 0x31, 0xA0, 0xEE, 0xB0, 0x3D, 0xED, 0xDE,
    0x74, 0x7B, 0xBF, 0x0A, 0x68, 0xE0, 0xEA, 0xE5, 0xF7, 0xA5, 0xF3, 0xDD, 0xFB, 0x31, 0x5E, 0x2D,
    0x84, 0xAC, 0xA7, 0xE8, 0xA8, 0x70, 0x8E, 0xEF, 0x80, 0x34, 0xC6, 0xE9, 0x80, 0x91, 0xBC, 0xA7,
    0x6A, 0x59, 0x61, 0x26, 0x1B, 0x28, 0x03, 0x0D, 0x76, 0xA4, 0xA7, 0xFF, 0x58, 0x66, 0x6D, 0xB7,
    0x31, 0xDE, 0xCC, 0x29, 0x1F, 0x90, 0x85, 0x07, 0x37, 0xF4, 0x1C, 0x7B, 0x4C, 0xF7, 0x37, 0xE2,
    0x7B, 0x8F, 0x70, 0x5E, 0xE1, 0x8D, 0x0D, 0xCA, 0x11, 0xF9, 0x83, 0x5B, 0x2A, 0xD3, 0x41, 0xFE,
    0x37, 0x9D, 0xEC, 0x13, 0xCC, 0xF8, 0xC9, 0xBD, 0xAD, 0xFD, 0x1F, 0xCD, 0xD6, 0x01, 0xA4, 0x2D,
    0xD7, 0xBD, 0xC7, 0xF1, 0xCF, 0xCC, 0x7A, 0xF7, 0x8E, 0x97, 0x79, 0xC9, 0x04, 0xC1, 0xA3, 0xCD,
    0x1D, 0x08, 0x0A, 0xF7, 0x0E, 0x40, 0xB0, 0xF7, 0x9E, 0x29, 0x08, 0x0A, 0x01, 0x00, 0x4D, 0x51,
    0x00, 0x02, 0x10, 0x9C, 0x73, 0xF6, 0x00, 0x45, 0xD1, 0x0B, 0x00, 0x28, 0x00, 0xD0, 0x20, 0xB8,
    0xD8, 0x37, 0x67, 0xEA, 0x02, 0xA0, 0x23, 0x00, 0x60, 0x54, 0x08, 0x4A, 0x32, 0x65, 0xE8, 0x44,
    0xF7, 0xDD, 0xAB, 0x67, 0x9D, 0x71, 0x48, 0x00, 0x24, 0x8D, 0xF0, 0x9B, 0xEF, 0x62, 0x6F, 0x98,
    0xDF, 0x7F, 0xD6, 0x77, 0x59, 0xB2, 0xDB, 0xC9, 0xA2, 0x8E, 0xAF, 0xCD, 0x6E, 0xBB, 0xE3, 0xAF,
    0xE7, 0x7C, 0x55, 0xBD, 0x1A, 0x8B, 0x49, 0xF1, 0x8F, 0xBE, 0x1A, 0x84, 0x8B, 0xBA, 0x93, 0x2F,
    0x5A, 0xF2, 0xD9, 0x41, 0xE2, 0xB5, 0xC4, 0x13, 0x61, 0xE3, 0x94, 0x58, 0x8C, 0x89, 0xE5, 0x90,
    0x58, 0xF5, 0xAE, 0x69, 0x38, 0x70, 0x43, 0xD3, 0x65, 0x67, 0xAA, 0xB1, 0x9C, 0x09, 0x31, 0xF6,
    0xF8, 0x78, 0x85, 0xF2, 0xE2, 0x99, 0xDB, 0x38, 0xED, 0xF3, 0x35, 0x5F, 0x76, 0xC5, 0xE4, 0xFC,
    0xA2, 0xEA, 0xDD, 0xCC, 0x0D, 0xED, 0xD0, 0x72, 0x70, 0xE0, 0xCA, 0x9E, 0x53, 0xC2, 0xEA, 0x20,
    0x5B, 0x34, 0x8A, 0x49, 0x35, 0x34, 0x83, 0x22, 0x5E, 0x70, 0xFB, 0x25, 0xE5, 0xA0, 0x7C, 0x35,
    0x6E, 0xAC, 0x06, 0xD5, 0xAB, 0xA1, 0xEA, 0x55, 0x7F, 0xEC, 0xAA, 0x4E, 0xF5, 0xDB, 0x54, 0xA1,
    0x5E, 0x35, 0x34, 0xA3, 0x96, 0x46, 0x62, 0xCB, 0x21, 0xC5, 0xF5, 0x43, 0xAE, 0x38, 0x3D, 0xE4,
    0x9C, 0x62, 0x4D, 0xCC, 0x16, 0x4E, 0xC2, 0xCC, 0xB5, 0x72, 0xA4, 0xED, 0x9A, 0x9E, 0x2A, 0xBE,
    0x46, 0x1E, 0x27, 0x54, 0x9D, 0xE5, 0xEA, 0x0E, 0xF3, 0x8B, 0x5A, 0x36, 0x2F, 0x8D, 0xFC, 0x9F,
    0x73, 0x23, 0x7C, 0x35, 0x1C, 0x84, 0x68, 0x2F, 0xAC, 0xAE, 0x14, 0x83, 0xAB, 0x6D, 0x3E, 0x55,
    0x42, 0xDD, 0x3B, 0x69, 0x7B, 0xC7, 0xFC, 0x9B, 0x4E, 0x1B, 0xFF, 0xD4, 0x29, 0xBF, 0xAD, 0xE0,
    0x9D, 0xBC, 0xE3, 0x59, 0xD5, 0x51, 0xED, 0x51, 0x2C, 0x08, 0x13, 0x40, 0x39, 0xA2, 0x4A, 0x68,
    0x26, 0xB4, 0x33, 0x5E, 0x26, 0x2C, 0x33, 0xF9, 0xBC, 0x10, 0xA6, 0x85, 0x72, 0x58, 0xA9, 0xFA,
    0x13, 0x8D, 0x13, 0x87, 0xAD, 0xDB, 0x8E, 0xD5, 0x5E, 0x1E, 0xE3, 0x45, 0x48, 0x28, 0x47, 0x8D,
    0x6A, 0xD0, 0x68, 0x3A, 0xB5, 0x96, 0xBA, 0xFB, 0x9C, 0x34, 0xBB, 0x30, 0x2A, 0x7F, 0xD3, 0x0B,
    0x5F, 0x93, 0xAD, 0xF8, 0x33, 0xF0, 0x8B, 0x75, 0x27, 0xC6, 0x5D, 0x58, 0xCB, 0x73, 0x39, 0xE6,
    0x6B, 0xD5, 0x67, 0x6B, 0xC3, 0x72, 0x90, 0xCD, 0xE9, 0xD9, 0xCB, 0xEF, 0x9E, 0x30, 0x1D, 0x84,
    0xA9, 0x55, 0x8D, 0x75, 0x7F, 0x1C, 0xCA, 0xF8, 0xD5, 0x90, 0xC5, 0x0F, 0x86, 0xBC, 0xFB, 0x7D,
    0xF8, 0xEB, 0x9C, 0x7D, 0x35, 0x88, 0x5C, 0xE1, 0x61, 0xC4, 0x8B, 0x6C, 0x91, 0xCF, 0x29, 0xE1,
    0x2E, 0x93, 0x30, 0x2A, 0x46, 0xE5, 0x90, 0x52, 0xDD, 0xA5, 0x57, 0x77, 0x29, 0xCD, 0xF7, 0xBF,
    0xDA, 0xAE, 0xEC, 0xEB, 0x67, 0xCA, 0xED, 0xDB, 0x74, 0x50, 0x0C, 0xCA, 0x14, 0xA9, 0x41, 0x97,
    0x52, 0xD3, 0x48, 0x39, 0xB0, 0x67, 0x67, 0x9B, 0x84, 0x17, 0xF0, 0xE1, 0xFF, 0xE2, 0x93, 0x1D,
    0xF6, 0x33, 0xAA, 0x01, 0x8F, 0x01, 0x92, 0x1A, 0x92, 0x19, 0x49, 0x8C, 0x2E, 0x79, 0x31, 0x24,
    0x2D, 0xC6, 0x64, 0xC5, 0x9C, 0xA4, 0x98, 0xEF, 0x9D, 0x38, 0x24, 0x5C, 0x27, 0x24, 0x15, 0xEE,
    0x31, 0xDD, 0xEB, 0x70, 0x6F, 0xC3, 0xBD, 0x0C, 0xC9, 0x05, 0x49, 0x85, 0xCD, 0x84, 0x24, 0xC2,
    0xE6, 0xC1, 0xA6, 0x41, 0xD1, 0xCF, 0xC2, 0xAB, 0x41, 0xF6, 0x4D, 0xC7, 0x6B, 0xBC, 0x87, 0xCD,
    0x0E, 0xB7, 0x71, 0x4C, 0x6E, 0x24, 0x35, 0xAA, 0xDE, 0x55, 0xC3, 0xBE, 0x65, 0x9F, 0xFA, 0x27,
    0x2B, 0xF6, 0x9C, 0x93, 0x13, 0x49, 0x89, 0x64, 0x44, 0x12, 0x42, 0xF2, 0x21, 0xEB, 0xDE, 0x23,
    0x1F, 0x67, 0xFC, 0x6B, 0xC0, 0x11, 0xFE, 0x1F, 0xD8, 0x46, 0x74, 0x8F, 0x34, 0xDC, 0x7B, 0x53,
    0xFA, 0xFB, 0x69, 0xDD, 0x4F, 0xB9, 0xA1, 0xD1, 0x26, 0x6C, 0x06, 0x26, 0x24, 0x3F, 0x36, 0x43,
    0x92, 0x1D, 0x09, 0x67, 0x67, 0x56, 0xC9, 0x8E, 0x4D, 0x8E, 0xE4, 0x86, 0xA4, 0x46, 0x32, 0xE3,
    0x41, 0x8C, 0x27, 0x61, 0x50, 0x55, 0x84, 0xF4, 0xCB, 0x82, 0x0E, 0x9B, 0x2F, 0x49, 0x97, 0x64,
    0x4B, 0x23, 0x9F, 0x1B, 0xDB, 0x8E, 0xD9, 0x0B, 0x63, 0x12, 0x25, 0x79, 0x92, 0x34, 0x49, 0x96,
    0x24, 0x49, 0x92, 0x23, 0x49, 0x91, 0x64, 0x88, 0x10, 0xCF, 0x14, 0x09, 0x00, 0x94, 0xFD, 0x67,
    0x54, 0xC3, 0x4A, 0xD5, 0x2D, 0x3F, 0x75, 0xC9, 0xE6, 0x8E, 0x6D, 0x1C, 0xC1, 0x2E, 0x0C, 0x5E,
    0x96, 0xA3, 0xAB, 0xA2, 0xC7, 0x0F, 0x2F, 0xCB, 0x73, 0x84, 0x01, 0x45, 0x87, 0x47, 0x00, 0x45,
    0xFF, 0x82, 0x6A, 0x38, 0x53, 0xFE, 0xF4, 0x8D, 0x3D, 0xC2, 0x13, 0xBC, 0x8F, 0xB7, 0xD9, 0x87,
    0xC1, 0x4D, 0x39, 0xDA, 0x15, 0xC3, 0x8F, 0xD3, 0xFA, 0xF9, 0x3B, 0x98, 0x17, 0xB4, 0x23, 0xEA,
    0x9F, 0x45, 0xEB, 0x47, 0xD9, 0x73, 0xC5, 0x1F, 0x06, 0xF9, 0xD7, 0x58, 0xFF, 0x0B, 0xAD, 0x77,
    0xF0, 0x2E, 0xBC, 0xF5, 0xB3, 0x28, 0x9C, 0x25, 0xCC, 0xF8, 0xF4, 0x3B, 0x65, 0x7F, 0xAC, 0x8D,
    0xFD, 0xBB, 0x47, 0xF8, 0x64, 0x8F, 0xA7, 0x0B, 0xAA, 0x11, 0x8F, 0x3B, 0x40, 0x96, 0xCE, 0xB0,
    0x3A, 0x46, 0x8E, 0x5D, 0x3D, 0x64, 0xAB, 0xD0, 0x87, 0x09, 0xD5, 0x80, 0xBA, 0x43, 0x0B, 0x07,
    0xB8, 0x86, 0x93, 0x63, 0xDC, 0x70, 0xA6, 0xDD, 0x70, 0xE2, 0x90, 0x70, 0xED, 0x86, 0x2B, 0x2D,
    0x27, 0xD5, 0x58, 0x9C, 0x15, 0x31, 0xAE, 0x1C, 0xD7, 0x4F, 0x08, 0xC3, 0x42, 0xFE, 0xC5, 0x84,
    0x7F, 0xF7, 0x38, 0xC2, 0xAF, 0x00, 0x1E, 0x5F, 0x2A, 0xDA, 0xF8, 0x37, 0x2E, 0x79, 0x94, 0x2F,
    0x3E, 0x17, 0x26, 0x37, 0x8A, 0xC1, 0x5E, 0x3A, 0x8F, 0x55, 0xDD, 0x86, 0x53, 0xC2, 0x7A, 0x87,
    0xEC, 0x0E, 0x43, 0x58, 0x14, 0x53, 0x3D, 0xCB, 0xE3, 0xEB, 0x99, 0xE3, 0x17, 0x33, 0xF2, 0x09,
    0x61, 0x44, 0xB9, 0x95, 0xF0, 0xD4, 0x0D, 0x6D, 0x5C, 0x29, 0xE3, 0xF3, 0x87, 0x89, 0xF2, 0xC4,
    0x26, 0x16, 0x90, 0xAF, 0x78, 0xE3, 0x4D, 0xFC, 0x5F, 0xC2, 0x9B, 0xBF, 0x44, 0x31, 0xFD, 0x84,
    0x17, 0x01, 0x59, 0x4F, 0x18, 0xA8, 0xF0, 0x2E, 0xE0, 0x25, 0xE1, 0x03, 0x8A, 0x40, 0xF1, 0x06,
    0xF9, 0xFA, 0x83, 0x2F, 0x07, 0x90, 0xF5, 0x3C, 0xCC, 0x87, 0x1A, 0xD8, 0x01, 0x9F, 0x01, 0x40,
    0x1B, 0xE3, 0x80, 0xDB, 0x6D, 0x89, 0x1D, 0x84, 0x6D, 0x29, 0x22, 0xA8, 0xFE, 0x02, 0x9A, 0x16,
    0xDC, 0x1C, 0xC0, 0x79, 0x0F, 0xF9, 0x72, 0x8C, 0x0B, 0x61, 0xBE, 0x4D, 0x4B, 0xDA, 0x9E, 0xA8,
    0xFB, 0x33, 0xB4, 0x56, 0x78, 0x69, 0x41, 0x16, 0xE3, 0x42, 0x9A, 0xCF, 0x8C, 0x72, 0x0C, 0x33,
    0xAA, 0x21, 0x2D, 0xDA, 0xED, 0xE7, 0x1B, 0x45, 0x8C, 0x13, 0xE4, 0x33, 0x14, 0x03, 0x54, 0x1D,
    0x3C, 0xF3, 0xBD, 0xBD, 0xA4, 0x59, 0xF3, 0xD8, 0xE5, 0x31, 0x36, 0x71, 0x2E, 0xC6, 0xFA, 0x92,
    0xAD, 0xB9, 0x72, 0x71, 0x45, 0x31, 0xD9, 0x51, 0x0E, 0x76, 0xD9, 0x5D, 0xA3, 0x78, 0xAE, 0x62,
    0x62, 0x9B, 0xA4, 0x76, 0x2D, 0x31, 0x19, 0x94, 0xD8, 0x0E, 0x86, 0xEB, 0x3C, 0xCE, 0xE5, 0xD8,
    0xC6, 0xBF, 0xC7, 0xD8, 0x95, 0x17, 0x1F, 0x7F, 0x09, 0x55, 0x8F, 0x06, 0xAE, 0x60, 0x86, 0xE7,
    0x00, 0x1F, 0x7F, 0xBB, 0x6C, 0xAF, 0x59, 0x8F, 0xF5, 0xE4, 0x46, 0x35, 0x5B, 0x1D, 0xD6, 0x30,
    0x7B, 0x71, 0x2E, 0xC6, 0x6C, 0x3E, 0x57, 0x43, 0x18, 0x4F, 0x55, 0x5F, 0xF6, 0xA7, 0xBA, 0xAB,
    0x9D, 0x1A, 0x3B, 0xE7, 0xC6, 0x0B, 0x6B, 0x93, 0xCD, 0xD9, 0xD2, 0x84, 0x21, 0x9F, 0x9B, 0xB2,
    0x0B, 0x53, 0xF3, 0x91, 0x72, 0xA8, 0xD3, 0xCB, 0x54, 0x8B, 0xA3, 0x62, 0xC9, 0xCF, 0x69, 0x0C,
    0x93, 0xEA, 0xA3, 0x0B, 0x4F, 0x81, 0x6C, 0xB6, 0x6D, 0x97, 0x8E, 0x27, 0x0F, 0x03, 0x78, 0x5F,
    0x79, 0x99, 0xD3, 0x4D, 0x3F, 0x5F, 0x8B, 0xA5, 0x98, 0xAA, 0x73, 0xD5, 0x3F, 0xBD, 0x6A, 0xEE,
    0xF4, 0x6F, 0xCD, 0xFB, 0x43, 0x18, 0xAE, 0xF7, 0x45, 0x77, 0xDA, 0xBF, 0xE5, 0x7C, 0xD8, 0x65,
    0x4B, 0xF3, 0x59, 0x31, 0x55, 0xD3, 0x76, 0x99, 0x29, 0x6F, 0xBF, 0xF4, 0x2E, 0x3C, 0x8E, 0xBD,
    0x26, 0xAE, 0x2E, 0x5E, 0x67, 0x8B, 0xF7, 0xF3, 0x99, 0x30, 0x4B, 0x4E, 0xCA, 0x5E, 0x23, 0x0E,
    0xB4, 0xF7, 0x2A, 0x21, 0x0E, 0xD4, 0x13, 0xC5, 0x4C, 0xB8, 0x7F, 0xFE, 0x47, 0x98, 0x76, 0xCA,
    0xF1, 0xD8, 0x37, 0x7D, 0x1D, 0x2F, 0xB2, 0x38, 0x01, 0x70, 0x85, 0x0B, 0x5E, 0x62, 0x87, 0x4F,
    0xF1, 0x21, 0x6E, 0xA7, 0x10, 0xCF, 0xE5, 0xB8, 0xBB, 0x3F, 0x62, 0x95, 0x93, 0x70, 0xE1, 0x38,
    0x2A, 0x66, 0x56, 0xD6, 0xB7, 0x2D, 0xA7, 0x62, 0x3E, 0xC6, 0xA1, 0x7C, 0x0D, 0xC8, 0xD3, 0x9F,
    0xC2, 0x24, 0x1B, 0x85, 0x5E, 0xCE, 0x31, 0xC6, 0x98, 0x70, 0xA1, 0xD8, 0xE4, 0x7F, 0x40, 0x75,
    0x8F, 0x3E, 0xA1, 0x43, 0x9D, 0xD0, 0x78, 0x40, 0x0B, 0x07, 0xD8, 0x7F, 0xE7, 0x90, 0x7B, 0xC0,
    0x19, 0x56, 0x58, 0x90, 0x25, 0x00, 0x90, 0x4F, 0xB6, 0xEA, 0xC2, 0x84, 0x6C, 0x44, 0xE8, 0x91,
    0x83, 0x77, 0x58, 0x64, 0xB3, 0x3C, 0xC5, 0x31, 0xDE, 0x79, 0x30, 0x85, 0x51, 0xF1, 0x70, 0x6F,
    0x4E, 0xE9, 0xD4, 0x52, 0x9A, 0x2D, 0x9D, 0x2A, 0x0A, 0x0F, 0x25, 0xC3, 0xA0, 0x9C, 0x94, 0xA3,
    0x30, 0x28, 0x3A, 0x8F, 0xF8, 0x0F, 0x0D, 0xCC, 0x01, 0x46, 0x44, 0x41, 0x1C, 0x80, 0xF1, 0x6F,
    0x77, 0x30, 0x32, 0x98, 0x2E, 0x50, 0x03, 0x40, 0xB2, 0x41, 0x08, 0xB3, 0x66, 0x6E, 0xD0, 0x55,
    0x16, 0x61, 0xF0, 0xEC, 0x8E, 0x4E, 0xB0, 0x47, 0xE8, 0x08, 0x21, 0x04, 0xAF, 0xFD, 0x1F, 0x61,
    0x80, 0x00, 0x26, 0x3A, 0xC0, 0x1F, 0x0B, 0x51, 0xA6, 0xE7, 0x83, 0x0F, 0xFC, 0x26, 0x36, 0x78,
    0x5C, 0xE6, 0x68, 0x9A, 0xAB, 0x81, 0x08, 0x67, 0xCC, 0x2F, 0xFE, 0x9A, 0xE8, 0x72, 0x78, 0x96,
    0x34, 0xEA, 0xEB, 0x07, 0xA7, 0xD1, 0xC6, 0x90, 0x87, 0x55, 0x8B, 0x56, 0xEE, 0x46, 0xB6, 0x3F,
    0xC4, 0xB9, 0x2C, 0x3F, 0x3B, 0x99, 0x6C, 0x75, 0x2D, 0xE9, 0x4E, 0x51, 0xD3, 0x3C, 0x17, 0x84,
    0xBA, 0xEB, 0xED, 0xE5, 0xAB, 0xA5, 0x6C, 0x3E, 0xC5, 0x3F, 0xB2, 0xD9, 0x52, 0xDE, 0x28, 0x8B,
    0x3D, 0xE1, 0x15, 0x27, 0x50, 0x78, 0x47, 0x57, 0x7D, 0xB1, 0xB8, 0x07, 0xB6, 0xFB, 0x18, 0xD7,
    0x6D, 0xB6, 0x7D, 0x32, 0xB2, 0x3D, 0xED, 0x6F, 0x9F, 0x2E, 0x39, 0xAE, 0xC5, 0x56, 0xAB, 0x94,
    0x9B, 0x73, 0xEA, 0x40, 0xB6, 0xF9, 0x8A, 0xB8, 0x94, 0x34, 0x48, 0xB7, 0x59, 0x03, 0x87, 0x3F,
    0xC2, 0x37, 0x69, 0xE8, 0x61, 0xF4, 0x7F, 0xAD, 0x77, 0x3F, 0x8C, 0x1C, 0x47, 0x76, 0xFE, 0xD7,
    0xDD, 0xBF, 0x63, 0xE3, 0xAE, 0x24, 0xF6, 0x2F, 0x10, 0x14, 0x98, 0x92, 0xCA, 0xC1, 0x05, 0x27,
    0x60, 0x77, 0xEB, 0x02, 0x1A, 0x18, 0x1B, 0xDD, 0xD3, 0x7D, 0x52, 0xA0, 0x80, 0xC1, 0x39, 0x70,
    0xE2, 0xC0, 0xC0, 0x05, 0x0E, 0x6D, 0x93, 0xC1, 0x9E, 0x40, 0xF8, 0x7A, 0xB7, 0x5B, 0x52, 0x70,
    0x81, 0x60, 0x88, 0x81, 0x53, 0x03, 0x76, 0x0E, 0xD8, 0x73, 0xC2, 0x5A, 0x98, 0x83, 0x87, 0x9C,
    0x12, 0x69, 0xE0, 0x00, 0x27, 0x6A, 0x92, 0x81, 0x02, 0x05, 0x6E, 0x4B, 0x84, 0x95, 0x99, 0x25,
    0xA9, 0x24, 0x16, 0xA1, 0x9E, 0x2D, 0x7F, 0x0F, 0xC3, 0x1D, 0x92, 0xFA, 0xE3, 0xC4, 0x2E, 0xF6,
    0xFB, 0xB0, 0xC4, 0x54, 0xBD, 0xBF, 0x5F, 0xBD, 0xD7, 0x8D, 0x73, 0xB1, 0x47, 0x1D, 0x5D, 0xB2,
    0x49, 0xA7, 0x6C, 0xC4, 0x75, 0x65, 0x51, 0x15, 0x13, 0x2A, 0xDC, 0x40, 0x9B, 0x3A, 0xB4, 0xB9,
    0xC5, 0x4A, 0x59, 0x84, 0xA2, 0xA7, 0x34, 0xF0, 0x05, 0x12, 0xA7, 0x91, 0x3A, 0x43, 0x99, 0x23,
    0x1B, 0x29, 0x43, 0x12, 0x9B, 0x83, 0x22, 0xBA, 0x79, 0x7D, 0xC7, 0x57, 0x9D, 0xF3, 0xED, 0xC9,
    0xC2, 0xB7, 0x8B, 0xDF, 0xB8, 0x55, 0xF7, 0xC9, 0x10, 0xCC, 0x3B, 0x7D, 0x80, 0x81, 0x47, 0x95,
    0x38, 0x88, 0xC6, 0x15, 0x65, 0x49, 0x4B, 0x21, 0x1B, 0x30, 0x15, 0x16, 0x5D, 0x6C, 0x70, 0x21,
    0x00, 0xB2, 0xD2, 0x4F, 0x46, 0x8D, 0x62, 0x1D, 0x0C, 0xF6, 0x9F, 0x6B, 0x0D, 0x3A, 0x5B, 0xCE,
    0xB1, 0x76, 0x6D, 0x05, 0xBF, 0x08, 0x25, 0xDC, 0xE7, 0xAE, 0x45, 0xF7, 0xE1, 0xB0, 0x82, 0xF9,
    0x79, 0x13, 0x00, 0x03, 0x02, 0x7F, 0x83, 0xE8, 0x06, 0x5A, 0x01, 0xB1, 0x80, 0xA3, 0x7C, 0x00,
    0x6A, 0xC6, 0x05, 0xB5, 0x01, 0x70, 0xE1, 0xB4, 0x49, 0x62, 0x74, 0xB9, 0x4F, 0x25, 0x8A, 0xC9,
    0x70, 0xC3, 0x3C, 0x1F, 0xDB, 0x6A, 0xFF, 0xB0, 0x2D, 0xAF, 0xCE, 0x56, 0xE5, 0x74, 0x35, 0xCC,
    0xEF, 0x3B, 0x5F, 0xBF, 0x3D, 0xF8, 0x1A, 0x09, 0xA3, 0x4A, 0x5D, 0x45, 0x69, 0x19, 0x1D, 0x85,
    0xE6, 0x32, 0x8B, 0xBF, 0x48, 0x87, 0x34, 0x6A, 0xAF, 0x3E, 0xDA, 0x4C, 0xC5, 0xCF, 0x46, 0xFA,
    0x86, 0x6A, 0x4E, 0xA9, 0xA8, 0xA7, 0xDC, 0x3F, 0x5C, 0x89, 0x9E, 0x6A, 0x3A, 0x0C, 0xB5, 0xE8,
    0xB9, 0x64, 0x1D, 0xF5, 0x3C, 0xA9, 0x63, 0xA4, 0x8E, 0xE1, 0x2C, 0xC2, 0xDC, 0x16, 0x37, 0x82,
    0xB2, 0x8C, 0xB0, 0xE8, 0x6B, 0x4B, 0x60, 0x84, 0x45, 0xC3, 0x08, 0xB5, 0x44, 0xA8, 0xB1, 0xFE,
    0xD0, 0x1A, 0x89, 0x90, 0xFA, 0x0D, 0x2A, 0x60, 0x4E, 0x48, 0xE3, 0xB5, 0x16, 0x45, 0x9C, 0x56,
    0x38, 0xD0, 0xEB, 0x09, 0xFB, 0xBA, 0x08, 0xD0, 0x9B, 0xCC, 0x43, 0xF9, 0xC4, 0x03, 0xC9, 0x06,
    0xC8, 0x23, 0x50, 0x14, 0x0D, 0x05, 0xDC, 0x09, 0x64, 0x14, 0x9E, 0x7D, 0x86, 0x22, 0x1A, 0x74,
    0xD3, 0x42, 0x49, 0x2C, 0x6E, 0x05, 0x84, 0x00, 0x1C, 0x7B, 0xC0, 0x38, 0xA0, 0xA0, 0x64, 0x94,
    0xCB, 0x1B, 0x1E, 0x89, 0xB6, 0x18, 0xD5, 0x58, 0xD3, 0xF3, 0x97, 0x29, 0xA0, 0xE4, 0x3E, 0x1B,
    0x8B, 0x29, 0x1B, 0xF6, 0xCA, 0xCC, 0x9A, 0x29, 0xB7, 0x6A, 0x52, 0x16, 0x65, 0xD1, 0x3F, 0x92,
    0x06, 0x95, 0x01, 0xEA, 0x53, 0xD0, 0x13, 0xEA, 0x38, 0x15, 0x1D, 0x43, 0x31, 0xE6, 0x92, 0x01,
    0xFF, 0x32, 0xE0, 0x21, 0x7C, 0xB1, 0x89, 0xEB, 0x5C, 0xEA, 0x16, 0x2E, 0x1B, 0xDD, 0x98, 0x8D,
    0x6B, 0x5B, 0xD8, 0xBA, 0xE9, 0x9A, 0x42, 0xC5, 0x46, 0x77, 0x77, 0xAC, 0x7E, 0x70, 0xD3, 0x9A,
    0x9B, 0xD1, 0xD6, 0xB8, 0x01, 0x2E, 0x65, 0x49, 0xA8, 0xA2, 0x27, 0xA3, 0x0C, 0x48, 0xA9, 0xEB,
    0xE8, 0xDC, 0x57, 0x1E, 0x27, 0x8B, 0x2F, 0x03, 0x84, 0x55, 0x20, 0xAD, 0x5A, 0x90, 0x57, 0xAB,
    0x1D, 0x05, 0x08, 0xAD, 0x98, 0x5A, 0x09, 0x05, 0x96, 0x29, 0x21, 0x64, 0x23, 0x30, 0xA9, 0x01,
    0xE8, 0x76, 0x3C, 0x00, 0x8B, 0x90, 0x7E, 0xE2, 0x14, 0xF3, 0xBF, 0xD4, 0x64, 0x58, 0xB9, 0x44,
    0x67, 0xAB, 0x49, 0x18, 0x76, 0x24, 0x0C, 0xAB, 0x24, 0xFF, 0x15, 0x19, 0x66, 0x5B, 0xC9, 0xBF,
    0xA8, 0x07, 0x61, 0xBE, 0xA3, 0x59, 0x0B, 0x01, 0xB1, 0x71, 0x9C, 0x8F, 0xC2, 0x30, 0x0B, 0xA8,
    0x53, 0x80, 0x77, 0xA8, 0x01, 0xFD, 0x8A, 0x23, 0x3D, 0x78, 0x98, 0x7A, 0x08, 0xB7, 0x03, 0x3C,
    0xCD, 0xAF, 0xE0, 0x8B, 0x0D, 0x96, 0x3C, 0x73, 0x1D, 0x21, 0x65, 0x0E, 0xE0, 0x33, 0x32, 0x00,
    0xCC, 0x04, 0xC3, 0x74, 0xD9, 0x50, 0xF4, 0xCC, 0xB1, 0x64, 0xDD, 0xE7, 0x56, 0xAF, 0xE6, 0xF1,
    0x92, 0xDD, 0xDB, 0x5B, 0x74, 0xF7, 0xFB, 0x72, 0x6F, 0xF1, 0xCF, 0xB1, 0xAF, 0x43, 0xE7, 0xEA,
    0x46, 0x0D, 0xA6, 0xD7, 0x80, 0x7E, 0x08, 0x04, 0x32, 0xB9, 0x87, 0xCF, 0xEF, 0xE9, 0x81, 0x9A,
    0xFB, 0xCC, 0x25, 0xCE, 0x40, 0xF4, 0xD6, 0xA3, 0xE0, 0xF3, 0xB4, 0x41, 0xFD, 0x43, 0x36, 0x52,
    0x73, 0x93, 0x0D, 0xAC, 0x19, 0xF2, 0x21, 0xB7, 0x73, 0xB0, 0x72, 0x44, 0xC6, 0xDE, 0xD7, 0x23,
    0x73, 0xDB, 0x77, 0x81, 0xD8, 0x2C, 0x67, 0xFC, 0x0B, 0x9D, 0x57, 0x71, 0x82, 0x19, 0x92, 0xF5,
    0x88, 0xA7, 0x97, 0xEE, 0x2B, 0xE2, 0x2F, 0x87, 0x92, 0xB8, 0x18, 0x96, 0xC4, 0x7F, 0xB9, 0xE9,
    0x88, 0xF5, 0x7D, 0x8B, 0xB3, 0xAC, 0x5E, 0x0E, 0x90, 0xAA, 0x93, 0x79, 0x83, 0xB6, 0xA0, 0xA5,
    0x01, 0x47, 0x42, 0xF7, 0xF5, 0x48, 0xC8, 0x05, 0x8A, 0x86, 0x11, 0x1F, 0x40, 0x5A, 0x0B, 0x54,
    0x4F, 0x28, 0xFA, 0x7C, 0x83, 0xA2, 0x31, 0x1B, 0x68, 0x94, 0x25, 0x61, 0x56, 0xC2, 0xA0, 0xF6,
    0x3C, 0xCD, 0xB8, 0xC4, 0x24, 0x04, 0x9A, 0x16, 0x48, 0x87, 0x95, 0xB4, 0xA8, 0x15, 0x74, 0x1C,
    0x82, 0xB4, 0x26, 0x8F, 0x72, 0xDF, 0x78, 0xD4, 0x41, 0x39, 0x6E, 0xCE, 0x1C, 0xE4, 0x82, 0x13,
    0xC8, 0x3B, 0x64, 0x5E, 0x39, 0x2A, 0x4F, 0x3C, 0x74, 0x03, 0x0F, 0xE3, 0x09, 0x49, 0x20, 0xB0,
    0x47, 0x39, 0x28, 0xA6, 0x9A, 0x56, 0xD3, 0x91, 0x90, 0x8D, 0x49, 0x64, 0x7E, 0x14, 0xC1, 0x16,
    0x05, 0x72, 0x7B, 0xBE, 0x90, 0xE4, 0x6C, 0xC4, 0x35, 0xCF, 0xDF, 0x01, 0x81, 0xA4, 0xD1, 0xE0,
    0x31, 0x8D, 0xFC, 0x14, 0x06, 0x66, 0xF3, 0xC3, 0x39, 0x4A, 0xA3, 0x2B, 0x1C, 0xD6, 0xEB, 0x0D,
    0x66, 0xAF, 0x7F, 0x2C, 0x49, 0xB3, 0x13, 0x9E, 0x58, 0xC9, 0xFA, 0xDA, 0x55, 0xE4, 0x31, 0x7A,
    0xE8, 0xFE, 0xF2, 0x00, 0x73, 0x0D, 0x80, 0x89, 0x82, 0xE2, 0xA4, 0x14, 0x12, 0xB5, 0x2B, 0x2C,
    0x66, 0x27, 0x45, 0x8F, 0xC3, 0x13, 0xDA, 0xA8, 0x1D, 0x41, 0x3B, 0x0D, 0x69, 0xAA, 0x84, 0x71,
    0x4E, 0x70, 0x47, 0x54, 0x15, 0x03, 0x80, 0x6E, 0xC0, 0x13, 0x2B, 0xCF, 0xE5, 0xC6, 0x3E, 0x73,
    0x02, 0x3D, 0x3D, 0xB3, 0x40, 0x37, 0x29, 0x87, 0x93, 0xF5, 0x9F, 0x3A, 0xD4, 0xB7, 0x3E, 0x1A,
    0x1F, 0x39, 0x70, 0x67, 0xC8, 0x47, 0xF5, 0x75, 0x30, 0x41, 0x57, 0xAB, 0x36, 0x54, 0x68, 0x5D,
    0xE8, 0xEC, 0x6F, 0x47, 0xBF, 0x76, 0x0F, 0xAC, 0xF3, 0xEF, 0x7E, 0xFA, 0x86, 0x5B, 0x3C, 0xF8,
    0x20, 0x75, 0xDD, 0xBF, 0xFF, 0x59, 0x3A, 0x9A, 0xCB, 0x65, 0x36, 0x62, 0x7E, 0xC2, 0x1A, 0x55,
    0xC2, 0xCA, 0x63, 0x4B, 0xE8, 0x7A, 0x65, 0xB1, 0x06, 0xFD, 0x3B, 0x95, 0x1C, 0x4C, 0x02, 0x90,
    0xB5, 0x1D, 0x04, 0x59, 0xEC, 0x1C, 0x42, 0xF1, 0x3B, 0xE7, 0xE1, 0x35, 0xFA, 0xA5, 0x34, 0x4C,
    0x69, 0xEA, 0x95, 0x1A, 0x48, 0xBE, 0x72, 0xFF, 0x0A, 0x09, 0x5E, 0x5E, 0xBC, 0xE8, 0xB3, 0xA1,
    0xAA, 0x3E, 0x73, 0xF9, 0x50, 0xE9, 0xFF, 0x20, 0xC1, 0xAB, 0xE2, 0x4D, 0xA7, 0x6C, 0x75, 0xAC,
    0x36, 0xBC, 0xFA, 0xFE, 0x0F, 0xD7, 0x1F, 0xF4, 0xF5, 0xB0, 0xF8, 0x55, 0x6C, 0x3A, 0x2C, 0x5C,
    0xC4, 0x11, 0xC9, 0x52, 0x63, 0x05, 0xD3, 0x1B, 0xE0, 0xC2, 0xE6, 0x8C, 0xE6, 0x21, 0xBF, 0xA7,
    0x84, 0xE6, 0x52, 0x2D, 0x67, 0x9A, 0x94, 0x58, 0xFB, 0x4C, 0x88, 0x4E, 0xED, 0x19, 0x69, 0x4C,
    0x1C, 0x58, 0x1C, 0x9B, 0xD9, 0x83, 0x1D, 0xC1, 0x75, 0x23, 0x04, 0x5F, 0x83, 0x04, 0xBF, 0x14,
    0xED, 0xD5, 0x59, 0xB1, 0xBE, 0x69, 0x97, 0x57, 0xF5, 0x83, 0x5B, 0xB6, 0x73, 0xE6, 0x56, 0xEC,
    0xC5, 0xC6, 0x06, 0x52, 0x0E, 0xDA, 0x18, 0x72, 0x9F, 0x7B, 0x19, 0x6D, 0x06, 0x98, 0xE6, 0xEC,
    0x8F, 0xD5, 0xFE, 0x95, 0x50, 0x5D, 0xBC, 0x18, 0xAA, 0xCA, 0xF9, 0x4A, 0xDF, 0x76, 0xE2, 0x77,
    0x55, 0x71, 0xD4, 0xD1, 0x6E, 0x6D, 0xB3, 0xA1, 0x23, 0x95, 0x8E, 0x68, 0x6B, 0x25, 0x6C, 0x7E,
    0x0E, 0x0D, 0x36, 0xB9, 0xCB, 0xE3, 0x3A, 0x14, 0x6F, 0xF9, 0xD6, 0xA0, 0xDF, 0x0E, 0x05, 0xB5,
    0x1D, 0x2E, 0xD5, 0xEC, 0xE2, 0x8A, 0x7A, 0x02, 0x33, 0x43, 0x5D, 0x8D, 0xAF, 0xD8, 0x9E, 0xE4,
    0x9A, 0x76, 0x8C, 0xE7, 0xE8, 0x6C, 0x28, 0xEC, 0xFC, 0x50, 0xE4, 0x41, 0xE2, 0x4D, 0x83, 0x50,
    0x7B, 0x84, 0xD4, 0x83, 0x7E, 0xC9, 0xA8, 0x4D, 0xDC, 0xC1, 0xA3, 0x51, 0x5B, 0x8F, 0xB4, 0xCF,
    0xD6, 0x72, 0x75, 0x96, 0x33, 0xA2, 0x9C, 0xF1, 0x28, 0x6B, 0x7A, 0x21, 0x2C, 0xBA, 0xC6, 0x4C,
    0x49, 0xB4, 0x65, 0x99, 0xFD, 0xCE, 0xCE, 0x4A, 0xF5, 0x9A, 0xAD, 0xA7, 0x97, 0x98, 0x8A, 0x50,
    0x4A, 0xC5, 0xAE, 0x32, 0x40, 0x2F, 0xDA, 0x3F, 0x1B, 0x0B, 0x24, 0x5F, 0x58, 0x8D, 0xF4, 0xEB,
    0xC6, 0x20, 0xBB, 0x0F, 0x6A, 0xDD, 0x08, 0x04, 0x54, 0xC8, 0x1D, 0x5A, 0xA8, 0x51, 0xC0, 0x62,
    0x05, 0xC8, 0xEA, 0xEE, 0xED, 0xF1, 0x66, 0x07, 0x35, 0x5C, 0x18, 0x75, 0x0F, 0x98, 0xD3, 0x6B,
    0xF8, 0xBD, 0x78, 0x2A, 0x2C, 0xEF, 0x7F, 0x84, 0xC2, 0x1A, 0x48, 0xCA, 0x8B, 0xBE, 0x22, 0x45,
    0x44, 0x5A, 0x68, 0xB4, 0x30, 0x38, 0xC6, 0x0D, 0xD4, 0x31, 0xF0, 0xDE, 0x5E, 0x13, 0xB5, 0x39,
    0x07, 0x07, 0x14, 0x9D, 0xE3, 0xD6, 0x19, 0xA1, 0xA9, 0x27, 0x82, 0x0E, 0xD0, 0x40, 0x80, 0x01,
    0x3C, 0x21, 0x71, 0x98, 0x0B, 0xB4, 0x0C, 0x36, 0x09, 0x8C, 0x56, 0x7B, 0x64, 0xB7, 0xE3, 0x75,
    0xBA, 0x39, 0xBD, 0xC8, 0xFB, 0xB7, 0xB7, 0x0F, 0xE5, 0x35, 0xF5, 0x0C, 0x6A, 0x14, 0xA5, 0xD9,
    0x40, 0xA5, 0xB9, 0x28, 0x55, 0x56, 0x94, 0xF6, 0xA2, 0xB4, 0xD7, 0x81, 0x9A, 0x21, 0x9A, 0xE1,
    0x09, 0xD4, 0x67, 0x90, 0x52, 0xB3, 0x40, 0x45, 0xA5, 0x02, 0x03, 0x5A, 0x01, 0x66, 0xDF, 0x9F,
    0xF3, 0x92, 0xFC, 0x51, 0x22, 0x7B, 0xC4, 0x70, 0x81, 0x20, 0xE0, 0x05, 0x1C, 0x25, 0x11, 0x48,
    0x05, 0xD8, 0x58, 0x1D, 0xC1, 0x4C, 0x3C, 0x4E, 0xBB, 0x39, 0xED, 0x12, 0x6A, 0x89, 0x4D, 0xEC,
    0xF6, 0x20, 0x34, 0xF0, 0x04, 0x9E, 0xD1, 0x72, 0xC6, 0x6C, 0x41, 0xEE, 0x18, 0xCF, 0xEC, 0x8C,
    0xFB, 0x34, 0xEC, 0xEC, 0x36, 0x84, 0x9E, 0x1B, 0x22, 0xA9, 0x9C, 0xDE, 0x66, 0xC3, 0xCE, 0x6E,
    0x0F, 0x24, 0x74, 0x24, 0x9B, 0xB3, 0x53, 0xE9, 0x46, 0x96, 0xA0, 0x08, 0x8D, 0xEA, 0x7F, 0xA1,
    0x51, 0xBC, 0x19, 0x08, 0xAF, 0x4D, 0x06, 0x5A, 0x1F, 0xCC, 0xA1, 0x8F, 0x8A, 0x23, 0x18, 0xAF,
    0x36, 0x20, 0x39, 0x26, 0xD4, 0x7D, 0x4A, 0x00, 0xA6, 0xEF, 0x0A, 0xC6, 0x3F, 0x15, 0x4C, 0x3A,
    0x3E, 0x65, 0x37, 0xFF, 0x3F, 0xB2, 0x9B, 0x3B, 0xDE, 0x7B, 0xC3, 0xC1, 0x5B, 0x95, 0x65, 0x31,
    0xB6, 0xB3, 0x52, 0x8F, 0xAB, 0x7A, 0x2A, 0xDD, 0x52, 0x87, 0xAB, 0x2E, 0x20, 0xB8, 0x85, 0xC7,
    0x97, 0xE3, 0x89, 0x23, 0x0D, 0x7F, 0x49, 0xE8, 0xFF, 0xDA, 0xA5, 0x5F, 0xE3, 0x8F, 0xC6, 0xEC,
    0xBF, 0x1E, 0x29, 0x1A, 0xB2, 0x00, 0x63, 0x73, 0x47, 0x50, 0x23, 0xB4, 0x55, 0xE2, 0x06, 0x80,
    0xA7, 0xB1, 0x11, 0xD4, 0x78, 0x8C, 0x46, 0x00, 0xF3, 0xAD, 0x79, 0xD0, 0x3E, 0x51, 0x1C, 0x68,
    0x21, 0x1E, 0xAC, 0x50, 0x8B, 0x0B, 0xD8, 0xFA, 0xB0, 0x75, 0x02, 0xE2, 0x05, 0xC4, 0x0D, 0x41,
    0xFA, 0x01, 0x71, 0x64, 0x84, 0x78, 0x42, 0x14, 0x57, 0x20, 0xBE, 0x58, 0xEA, 0x14, 0x14, 0x6F,
    0x88, 0xE2, 0xCE, 0xF7, 0xCE, 0xBC, 0x51, 0x66, 0xDE, 0xF8, 0xD4, 0xCC, 0x23, 0x54, 0x3C, 0xB5,
    0x9B, 0x79, 0xBD, 0x21, 0x34, 0x4F, 0xCE, 0x3C, 0x82, 0x1E, 0xA8, 0x02, 0xA4, 0xFA, 0x90, 0x45,
    0x1E, 0x53, 0x97, 0x98, 0xF8, 0x42, 0x35, 0xCA, 0x2A, 0x79, 0x0F, 0x4A, 0xA3, 0x04, 0x6C, 0x04,
    0x98, 0x78, 0x10, 0x0C, 0x50, 0xA1, 0x06, 0x5A, 0xFE, 0xAD, 0x36, 0xF2, 0x77, 0x64, 0xA4, 0x57,
    0xEB, 0x4D, 0x8B, 0x93, 0xB6, 0x9B, 0x64, 0x9E, 0x07, 0x2A, 0x4D, 0x02, 0x92, 0x53, 0xB4, 0xF9,
    0x87, 0xCD, 0xAA, 0x78, 0xB5, 0x59, 0xEA, 0xB7, 0x11, 0x68, 0xDD, 0xCB, 0x5D, 0xD3, 0xA4, 0xA8,
    0x8A, 0x29, 0x85, 0x6D, 0x65, 0xF7, 0x9E, 0xBB, 0x6D, 0x6B, 0x72, 0x8F, 0x6E, 0xA0, 0xA3, 0xD2,
    0x0D, 0xE4, 0x06, 0xCB, 0x4A, 0xE2, 0x9B, 0x9C, 0x95, 0xD1, 0xEA, 0x37, 0xD6, 0x62, 0x1D, 0xF5,
    0x43, 0xE0, 0x79, 0x21, 0x70, 0x1E, 0xB0, 0xA5, 0x5B, 0xA0, 0xF8, 0xAD, 0x18, 0x07, 0x44, 0x87,
    0xE4, 0xB6, 0x43, 0x7A, 0x73, 0xE0, 0x59, 0x0B, 0xDC, 0xD8, 0x4E, 0x40, 0x99, 0xD2, 0x32, 0xA4,
    0x65, 0x46, 0x1B, 0x20, 0xD4, 0x23, 0xC2, 0xF3, 0x01, 0x9E, 0xF9, 0x93, 0x06, 0xF5, 0xF8, 0xAB,
    0x62, 0xD7, 0xEE, 0xD8, 0xEA, 0xD8, 0xEE, 0x18, 0x91, 0x35, 0x83, 0xA4, 0x5E, 0x44, 0xEA, 0xAF,
    0xB1, 0x15, 0x23, 0x75, 0xA7, 0x54, 0x22, 0xDF, 0x78, 0x03, 0x45, 0x78, 0x8E, 0x82, 0xCB, 0xF7,
    0x38, 0xB4, 0x4E, 0x7D, 0x31, 0x6A, 0xEA, 0xCF, 0x44, 0xBF, 0x93, 0x5E, 0xD0, 0x89, 0x7E, 0x0E,
    0x12, 0xD1, 0x7F, 0x72, 0xA8, 0xA4, 0x9D, 0xF6, 0xD2, 0x4E, 0xB7, 0xD5, 0x4D, 0x63, 0x04, 0xAB,
    0x6B, 0x2C, 0x0C, 0xD4, 0xA3, 0x96, 0xB1, 0xEE, 0x09, 0x17, 0x1C, 0x41, 0xC9, 0xFD, 0xD0, 0x52,
    0xD8, 0xFD, 0xB3, 0xEA, 0x0A, 0x34, 0x4A, 0xAA, 0x6B, 0xA6, 0x5D, 0x75, 0xC3, 0xAE, 0xBA, 0x40,
    0x25, 0x50, 0x0A, 0xB4, 0xBB, 0xDB, 0xB9, 0xFC, 0x56, 0xBF, 0x59, 0xDF, 0x43, 0x1E, 0x4F, 0x79,
    0xA8, 0x6E, 0xA4, 0xB5, 0xB6, 0xF8, 0x66, 0xD0, 0xE6, 0x71, 0xD0, 0xB4, 0x06, 0x43, 0xA1, 0x2D,
    0x1C, 0xB6, 0x10, 0x32, 0x89, 0x35, 0xAE, 0x1F, 0x35, 0x04, 0xDD, 0x30, 0xE5, 0xC7, 0xD2, 0x69,
    0x26, 0x70, 0xCE, 0x49, 0x8B, 0x2A, 0x26, 0x18, 0xB4, 0xE4, 0x4D, 0xEA, 0x5A, 0x54, 0x2F, 0x9D,
    0xB4, 0x28, 0xCB, 0xD9, 0x0A, 0xF2, 0x09, 0x04, 0xF9, 0x06, 0x42, 0xFD, 0xB6, 0x25, 0x20, 0xD9,
    0xF5, 0xCC, 0x74, 0x94, 0xD8, 0xC7, 0x5D, 0xCF, 0x94, 0xFB, 0x80, 0x54, 0x9A, 0x20, 0xC7, 0x7C,
    0x89, 0x6C, 0x78, 0xD4, 0x04, 0x4D, 0x6E, 0x75, 0x88, 0x6F, 0xFF, 0x2B, 0xC2, 0xDD, 0x0F, 0xFE,
    0x0E, 0x5F, 0xDE, 0x7A, 0x67, 0x4A, 0x5C, 0x2C, 0x64, 0xDA, 0xC5, 0x26, 0x75, 0xE7, 0xD6, 0xA2,
    0xC3, 0x70, 0xFB, 0xAE, 0x13, 0xFA, 0x64, 0x12, 0xD7, 0xDC, 0xB6, 0x09, 0x8A, 0xCF, 0x02, 0xB5,
    0xFC, 0xF7, 0xBA, 0x64, 0xDF, 0xA3, 0xB8, 0xA7, 0x1C, 0x0C, 0x4C, 0xC0, 0xCB, 0x08, 0x01, 0x50,
    0x83, 0xB4, 0xCD, 0x8D, 0x87, 0x7A, 0x78, 0xD9, 0x31, 0xBA, 0xDC, 0x89, 0xB2, 0x47, 0x8D, 0x5D,
    0xD8, 0x02, 0x29, 0x27, 0xA4, 0x9E, 0x90, 0x82, 0x42, 0x2A, 0x0A, 0x29, 0xA9, 0xF8, 0x2C, 0x23,
    0x12, 0x32, 0x22, 0xD3, 0x9B, 0x6C, 0xDC, 0xD9, 0x2D, 0xFA, 0x9C, 0x46, 0x0E, 0x8C, 0xF4, 0x14,
    0x08, 0x6A, 0x0D, 0xF8, 0x17, 0xE5, 0x66, 0xCC, 0xE6, 0x04, 0xC7, 0xB8, 0x3F, 0xB7, 0xD4, 0xFB,
    0x69, 0xD3, 0xB2, 0x23, 0x48, 0xDC, 0x13, 0x96, 0xA2, 0x25, 0x08, 0x19, 0xE8, 0x01, 0x47, 0x33,
    0x64, 0xA5, 0x3D, 0x21, 0x8F, 0x32, 0x83, 0x75, 0x04, 0x2D, 0x94, 0xA5, 0x3C, 0x33, 0x79, 0x50,
    0x4F, 0xF2, 0x30, 0xE7, 0x3A, 0x00, 0xF2, 0xFC, 0x00, 0x1E, 0xF0, 0xBA, 0xF1, 0xB4, 0x51, 0xBF,
    0xEF, 0x88, 0x0F, 0x6E, 0x3A, 0x9A, 0xFA, 0xF8, 0xE3, 0x91, 0xB6, 0xEC, 0x17, 0xC4, 0xFB, 0xCD,
    0x83, 0x01, 0xEC, 0xC0, 0x9D, 0x45, 0xCE, 0xE3, 0x16, 0xCA, 0x41, 0x70, 0x80, 0x4C, 0xE0, 0xF5,
    0x43, 0xA8, 0x18, 0xFB, 0xFA, 0x9A, 0x1E, 0xD8, 0x2E, 0xDC, 0x9F, 0x20, 0x75, 0xD9, 0xF6, 0x03,
    0x6D, 0xAC, 0xF6, 0x39, 0x95, 0xF6, 0x58, 0x8A, 0x40, 0x2A, 0x8F, 0xCA, 0xAE, 0x58, 0xEE, 0x25,
    0x59, 0x23, 0x64, 0xBC, 0x21, 0x03, 0x59, 0x58, 0x20, 0xD7, 0x79, 0x1D, 0x0A, 0xFE, 0x11, 0xFF,
    0x51, 0xFA, 0xBB, 0x0C, 0x62, 0x1A, 0x28, 0xA4, 0x0E, 0x69, 0xFC, 0x4F, 0x87, 0xDC, 0xA7, 0x0E,
    0x9A, 0xEA, 0x50, 0xED, 0x31, 0x97, 0xA5, 0x80, 0x5C, 0x42, 0x88, 0x4A, 0x88, 0x4E, 0x81, 0x06,
    0xD2, 0x20, 0x44, 0x25, 0xB6, 0x2D, 0x22, 0xF7, 0x86, 0xF3, 0xB8, 0x76, 0xE5, 0xDE, 0x7B, 0xAE,
    0x9C, 0xDF, 0x71, 0x75, 0x7C, 0x75, 0x54, 0x81, 0x67, 0x21, 0xC2, 0xE3, 0x50, 0x5B, 0xD9, 0x51,
    0xF9, 0x49, 0x3A, 0x1F, 0x00, 0xDB, 0x06, 0x58, 0xB1, 0xFF, 0xB5, 0xEA, 0xD7, 0x7D, 0x50, 0xF9,
    0x2B, 0x4E, 0xDD, 0x2F, 0x06, 0xE9, 0xB1, 0xAC, 0x2A, 0xCE, 0x16, 0x5B, 0xEB, 0x68, 0x82, 0x8C,
    0x5F, 0x99, 0xFA, 0xBA, 0x99, 0xFB, 0x63, 0xE8, 0x18, 0xC0, 0x4A, 0x42, 0xDB, 0x74, 0xAC, 0x5D,
    0x66, 0x17, 0x0B, 0xD5, 0x3B, 0x67, 0xB0, 0xBE, 0xBD, 0xA1, 0x87, 0x0C, 0x49, 0xE8, 0xB5, 0x1E,
    0x19, 0xF3, 0x04, 0x3D, 0x74, 0xA8, 0x61, 0x50, 0x51, 0x9E, 0xEE, 0x1D, 0xED, 0x23, 0x59, 0x51,
    0xC2, 0xE3, 0x7E, 0x26, 0x65, 0x4E, 0xB7, 0xC2, 0x12, 0x03, 0x7A, 0x03, 0xF0, 0xE2, 0x10, 0x2E,
    0x9E, 0x27, 0xCC, 0xF6, 0x09, 0xF5, 0x44, 0x28, 0x46, 0x3C, 0xBD, 0xD4, 0x29, 0xA1, 0x8B, 0x16,
    0xC9, 0x46, 0x5E, 0x1B, 0x5C, 0x4A, 0x18, 0x08, 0xBB, 0x97, 0x09, 0x81, 0x01, 0x92, 0x9D, 0x33,
    0x50, 0x02, 0x45, 0xBF, 0x83, 0xE6, 0x6C, 0xBE, 0x99, 0x2D, 0x48, 0x14, 0x2A, 0x6E, 0x70, 0xD0,
    0x98, 0xA6, 0x3B, 0x7D, 0xCD, 0xAE, 0xA3, 0xA8, 0xBF, 0x2C, 0xA7, 0x64, 0xFF, 0x2F, 0x28, 0x8E,
    0x7B, 0x1C, 0xF7, 0x38, 0xEE, 0x19, 0xB9, 0x67, 0xE4, 0x9E, 0xE1, 0xF1, 0x9E, 0x24, 0x60, 0xFD,
    0xE9, 0x33, 0xA4, 0xD0, 0x0B, 0xFC, 0xDD, 0x7F, 0x5B, 0xC7, 0x8F, 0x7F, 0x1F, 0x98, 0x2D, 0xB0,
    0xF6, 0x8B, 0xEF, 0xD3, 0xA1, 0xED, 0xEB, 0xE3, 0x3F, 0xB8, 0x77, 0xC7, 0x6E, 0x90, 0xAF, 0x4B,
    0x71, 0x5B, 0x0D, 0xE5, 0x4F, 0x5C, 0xF9, 0xD3, 0x45, 0x7B, 0xD1, 0x2D, 0xCD, 0x78, 0x92, 0x3A,
    0x97, 0x44, 0xBA, 0xD1, 0xB7, 0x9B, 0x25, 0xF0, 0x93, 0x5D, 0x5A, 0x79, 0xD7, 0xAF, 0xF1, 0x5A,
    0x87, 0xCC, 0x25, 0x42, 0xAF, 0x23, 0xC6, 0x7E, 0x94, 0x0F, 0xDB, 0x6F, 0x0A, 0x65, 0xF3, 0xB1,
    0x60, 0xA9, 0x29, 0x7D, 0xD1, 0x5C, 0x70, 0x1A, 0xE9, 0x76, 0x3C, 0x50, 0xE6, 0x80, 0x97, 0x5E,
    0x74, 0x84, 0xDC, 0xB5, 0x30, 0xE2, 0x70, 0x13, 0xE3, 0xBD, 0xC7, 0x15, 0xFB, 0x73, 0xC9, 0x63,
    0x4E, 0x57, 0x38, 0x34, 0x79, 0xBA, 0x68, 0x34, 0x0C, 0xE6, 0xFC, 0x57, 0x8F, 0xC7, 0xCB, 0xC3,
    0xD9, 0xF2, 0x6A, 0xE7, 0x74, 0xBF, 0xDD, 0xB1, 0xDD, 0x25, 0xFB, 0xB6, 0x3B, 0xB7, 0xBB, 0x65,
    0xBF, 0x9C, 0xD8, 0xFE, 0xAB, 0x78, 0xAE, 0xE3, 0xC9, 0x63, 0x7F, 0x38, 0x3B, 0xE1, 0xE9, 0x93,
    0x93, 0xCE, 0x89, 0x06, 0xD3, 0x27, 0x9B, 0x14, 0x2A, 0xBE, 0xDD, 0xE8, 0xD7, 0x22, 0xF7, 0xAD,
    0x50, 0xF7, 0x80, 0xF1, 0x00, 0x84, 0x13, 0xF5, 0x37, 0x67, 0xD1, 0xF7, 0xF2, 0x69, 0xC7, 0x29,
    0xA1, 0xC0, 0xEE, 0x8A, 0x9C, 0x82, 0xBA, 0x1B, 0xA8, 0xD7, 0x1A, 0x14, 0x97, 0x1A, 0xFE, 0x0D,
    0xA4, 0x01, 0x48, 0x24, 0x29, 0xAE, 0x7E, 0xC5, 0x77, 0xD6, 0xF3, 0x23, 0x6E, 0xF1, 0xB9, 0x5B,
    0xDC, 0xB5, 0xF5, 0x3B, 0x3D, 0xB4, 0x98, 0xC3, 0x81, 0x18, 0x14, 0x5B, 0xAD, 0x3C, 0x62, 0x2C,
    0xC8, 0x03, 0x2F, 0x46, 0x52, 0x79, 0xC4, 0x4A, 0x26, 0x43, 0xB1, 0xCF, 0x6F, 0xD9, 0xFC, 0xAD,
    0x3E, 0x8B, 0x48, 0x26, 0x94, 0x6C, 0xDE, 0xC5, 0x50, 0xD6, 0xB6, 0x5C, 0xDB, 0xF9, 0x47, 0xB6,
    0xFE, 0x79, 0x7F, 0x5C, 0x34, 0xFF, 0xAF, 0x68, 0x1E, 0xA9, 0x35, 0x67, 0x6A, 0x8F, 0xBE, 0x43,
    0x6D, 0xF2, 0xDD, 0x6A, 0x1B, 0xAA, 0xE5, 0xD7, 0x6F, 0x11, 0x43, 0xDD, 0x4C, 0x47, 0xA8, 0x56,
    0x72, 0xBE, 0x3C, 0x3B, 0xBF, 0xFC, 0xAE, 0xF3, 0x7C, 0x06, 0x61, 0x7E, 0x7E, 0xF6, 0x62, 0x45,
    0x07, 0xB6, 0x3E, 0xF0, 0x79, 0xEE, 0x07, 0xC0, 0x69, 0x67, 0xB3, 0xFB, 0x5F, 0x3B, 0xF5, 0xE6,
    0xFB, 0xAE, 0x00, 0xBC, 0x71, 0x6C, 0x9B, 0x9C, 0x2B, 0xD5, 0x7E, 0xCA, 0x4E, 0x23, 0xF3, 0x27,
    0x1B, 0xA4, 0x1B, 0xA8, 0xF1, 0x7F, 0xEE, 0x30, 0x4F, 0x57, 0xA6, 0x7C, 0xA2, 0x32, 0x99, 0x05,
    0x72, 0xD9, 0xDF, 0xA4, 0xF1, 0x14, 0x45, 0xF4, 0x38, 0x90, 0x1D, 0xFC, 0xAD, 0xFC, 0xEA, 0xDF,
    0x50, 0xAF, 0xFF, 0x06, 0x2F, 0xAA, 0x00, 0x59, 0x1A, 0x9A, 0xBF, 0x09, 0x3D, 0x4A, 0x5A, 0xF9,
    0x11, 0x66, 0xF4, 0xE8, 0xE2, 0xE2, 0x00, 0xB3, 0xB1, 0x85, 0x61, 0x2B, 0xCF, 0x2F, 0xF5, 0x32,
    0x8B, 0x21, 0xDD, 0x50, 0x56, 0x7E, 0x77, 0x5C, 0xEA, 0x53, 0xEF, 0xCB, 0x1F, 0x1F, 0xBA, 0xAE,
    0x79, 0x7D, 0x78, 0xCF, 0x3E, 0x68, 0xDE, 0xBD, 0xC9, 0x8E, 0x24, 0xD5, 0x96, 0x24, 0xA0, 0x8E,
    0xE8, 0xA2, 0x64, 0x20, 0xB3, 0xDB, 0x31, 0xF2, 0xFF, 0x01, 0x0F, 0x35, 0xA6, 0x74, 0x64, 0xC4,
    0xDC, 0x61, 0x76, 0x05, 0xB3, 0xBF, 0x87, 0xB1, 0x10, 0x75, 0x5E, 0x6F, 0xAA, 0x97, 0x2E, 0x9E,
    0x9F, 0xED, 0xD7, 0x13, 0x7F, 0x35, 0x03, 0xE2, 0x90, 0x8C, 0xE0, 0x73, 0x6E, 0xC2, 0x3E, 0x24,
    0xA8, 0x7A, 0x84, 0x1E, 0xB6, 0x7D, 0xE7, 0xB7, 0xE7, 0xC6, 0xAC, 0xC7, 0xE1, 0x79, 0x15, 0xF6,
    0xF6, 0xAA, 0x97, 0x9E, 0x9D, 0x2D, 0xF2, 0x67, 0x7F, 0x3A, 0x64, 0xCF, 0x5E, 0xB1, 0xD9, 0x33,
    0x57, 0xAC, 0x7A, 0xE1, 0x8A, 0xDB, 0x9B, 0xCD, 0xCC, 0xB8, 0x78, 0x11, 0xA9, 0x55, 0xD7, 0xFE,
    0x4A, 0x5E, 0x3A, 0x80, 0x0B, 0xB1, 0x91, 0x3B, 0xEA, 0x69, 0x2A, 0xD9, 0x40, 0xF7, 0x72, 0x25,
    0x24, 0x31, 0x2D, 0xA1, 0x5F, 0x09, 0x2C, 0x09, 0xCD, 0x0A, 0xDB, 0x1F, 0xAE, 0xC3, 0x5C, 0x53,
    0x5E, 0xA6, 0x91, 0x95, 0x91, 0x02, 0x51, 0xD0, 0x03, 0x31, 0x06, 0xE4, 0x21, 0x39, 0x85, 0x28,
    0x68, 0xE6, 0xA9, 0x2F, 0xFA, 0xF6, 0xFC, 0xBE, 0xB2, 0xCB, 0x17, 0xCE, 0x2B, 0x1B, 0x5E, 0xDC,
    0x57, 0x7D, 0x28, 0x36, 0xA2, 0x65, 0xA5, 0x51, 0xBF, 0xE2, 0xE6, 0x30, 0xD1, 0xAE, 0x90, 0x6F,
    0x52, 0xB7, 0x6D, 0x72, 0xF5, 0xD3, 0xDD, 0x4F, 0x00, 0x3A, 0x21, 0xA5, 0xB4, 0x3A, 0x8D, 0xF6,
    0xC0, 0xA8, 0x5B, 0xC3, 0xBC, 0xBE, 0xFB, 0xCA, 0x58, 0x75, 0x2E, 0x1D, 0xCB, 0xAB, 0x87, 0xD9,
    0xD0, 0x1E, 0x2E, 0x08, 0x1C, 0xFF, 0xB6, 0xD5, 0xBC, 0xD6, 0x15, 0x60, 0xE8, 0x1A, 0x43, 0x50,
    0x12, 0x0C, 0xD6, 0xA7, 0x0D, 0xA1, 0x5F, 0x37, 0x59, 0xFC, 0x22, 0x0E, 0xC5, 0xC0, 0xC1, 0x64,
    0x70, 0x9C, 0x8E, 0x95, 0xDC, 0x81, 0x16, 0x2D, 0xDF, 0xFF, 0x08, 0x36, 0x8E, 0xCB, 0xDC, 0x46,
    0xEF, 0x73, 0x1B, 0x66, 0x4E, 0xF5, 0x27, 0x87, 0xAE, 0xE8, 0xBB, 0xCF, 0x1C, 0xDB, 0xC3, 0x9B,
    0x63, 0xB1, 0x2D, 0xE8, 0xB7, 0x3E, 0x3D, 0xDA, 0x6D, 0x61, 0x24, 0xF2, 0x38, 0x48, 0xEE, 0x1E,
    0x02, 0xCA, 0x83, 0xCB, 0xBC, 0x31, 0x11, 0xE7, 0x79, 0x94, 0x5D, 0x85, 0x9C, 0x5F, 0x9E, 0x57,
    0xC4, 0x50, 0xFC, 0xA5, 0xA0, 0x9C, 0xC1, 0x8A, 0x49, 0x02, 0xEA, 0xA6, 0x0B, 0x80, 0x8E, 0x6C,
    0x7C, 0x48, 0xE3, 0xDF, 0x5E, 0x68, 0xF0, 0x78, 0x89, 0x45, 0x3D, 0x88, 0xC5, 0xCE, 0x89, 0xC5,
    0xC5, 0x42, 0x2C, 0xBA, 0xF7, 0x3C, 0x70, 0xEE, 0x9B, 0x16, 0xF5, 0xFF, 0xDA, 0x62, 0x2B, 0x50,
    0x09, 0xCC, 0x05, 0x0E, 0x1E, 0xC3, 0x05, 0xA6, 0xF0, 0x20, 0x46, 0x87, 0xFA, 0x5E, 0x3A, 0xA1,
    0x7A, 0xB4, 0xC1, 0x08, 0x68, 0xA8, 0x81, 0x50, 0x7B, 0x18, 0x1C, 0x1E, 0xE2, 0x08, 0x8B, 0x2B,
    0x49, 0xC0, 0xF1, 0x78, 0x61, 0x84, 0x91, 0xD1, 0x7D, 0x4E, 0x1A, 0xB5, 0xAC, 0x74, 0x14, 0xCC,
    0x06, 0xC1, 0xDC, 0x0A, 0xAA, 0xB3, 0x7C, 0xDE, 0xC8, 0x9D, 0xBC, 0x90, 0xFC, 0xD3, 0x54, 0xA0,
    0x78, 0x2B, 0x1C, 0x69, 0x18, 0xDE, 0xF0, 0x03, 0x54, 0xC9, 0x58, 0x55, 0x68, 0x53, 0xCE, 0x7A,
    0xAC, 0x52, 0xDB, 0xB6, 0x88, 0x23, 0x96, 0x1E, 0xD1, 0xE3, 0x2B, 0x87, 0x30, 0x4B, 0xBE, 0x1E,
    0xE0, 0x0F, 0x33, 0x1A, 0xE9, 0x5C, 0xBE, 0x01, 0x4C, 0x9F, 0x5E, 0x7B, 0x22, 0x92, 0xA5, 0x80,
    0x3F, 0x9B, 0xB6, 0x6A, 0x90, 0x22, 0xF5, 0x89, 0xD0, 0x53, 0x89, 0x4B, 0xBA, 0x39, 0x0B, 0xB4,
    0x05, 0x6E, 0x60, 0x29, 0x6F, 0x10, 0x01, 0x7C, 0x2B, 0x0C, 0x26, 0x7B, 0xD5, 0x86, 0xF8, 0xD6,
    0xFD, 0x7E, 0x7D, 0x77, 0x5C, 0xA3, 0xFB, 0x99, 0xCC, 0x5B, 0x98, 0x11, 0xB2, 0x0A, 0x81, 0xF3,
    0x3B, 0x78, 0x49, 0x60, 0x1F, 0xDD, 0xB8, 0x2C, 0xF9, 0xCE, 0x1E, 0x43, 0x31, 0x74, 0xBF, 0x1E,
    0x6B, 0x89, 0xA9, 0x94, 0xF0, 0x56, 0x12, 0xE9, 0x52, 0x82, 0x0E, 0xF5, 0x2B, 0x23, 0x56, 0xF1,
    0x7D, 0x8F, 0xE3, 0x3B, 0xA4, 0x7B, 0x7D, 0xD3, 0xD6, 0xD0, 0xB1, 0xD7, 0x48, 0x37, 0xF8, 0x21,
    0xE4, 0xE5, 0xE9, 0x14, 0x66, 0xAA, 0x3F, 0x8F, 0x0D, 0x5F, 0xA0, 0x1E, 0xBC, 0xD3, 0xF0, 0x15,
    0x2A, 0x16, 0x0D, 0x5F, 0xA2, 0x26, 0x0D, 0x15, 0xB2, 0xD1, 0x00, 0x54, 0x23, 0x98, 0x5B, 0x71,
    0x5A, 0xD9, 0x0A, 0x82, 0x25, 0x91, 0x17, 0x0C, 0xDB, 0x8B, 0x29, 0x28, 0x61, 0x6B, 0x04, 0xA2,
    0x81, 0x97, 0xE2, 0x25, 0x4E, 0x02, 0x15, 0x5C, 0xF7, 0x10, 0x35, 0xD1, 0x41, 0x76, 0x0E, 0xED,
    0xB6, 0x88, 0x65, 0x0D, 0xA0, 0xD4, 0xAB, 0x9A, 0xA4, 0x59, 0xFE, 0xC1, 0x54, 0xD7, 0x5D, 0x73,
    0x72, 0x65, 0xFA, 0xD5, 0x83, 0x2F, 0x26, 0xFF, 0x1B, 0xFF, 0xE0, 0x8B, 0xF1, 0x8F, 0x7D, 0xF7,
    0xD9, 0xDD, 0x3B, 0x16, 0xDE, 0xBC, 0x75, 0xCB, 0x62, 0xFB, 0xF2, 0x27, 0x24, 0xBA, 0x4E, 0x94,
    0x86, 0x49, 0x44, 0x1A, 0x1B, 0x22, 0xFE, 0x1B, 0xCD, 0xD9, 0x01, 0xA4, 0x24, 0xE9, 0x7A, 0xFF,
    0xF1, 0x4F, 0x55, 0xD9, 0x2D, 0xFF, 0x29, 0x7B, 0xEA, 0x8F, 0xC1, 0xC4, 0xDD, 0x7B, 0x3A, 0x61,
    0x31, 0x98, 0x99, 0x0E, 0x16, 0x07, 0xDD, 0xDD, 0xB5, 0xAE, 0xD8, 0x10, 0x92, 0x41, 0x00, 0x44,
    0x00, 0x80, 0x0C, 0x16, 0x17, 0x3D, 0x33, 0x15, 0x0B, 0xB8, 0xB8, 0x4B, 0x00, 0xE0, 0xE2, 0x02,
    0x60, 0x31, 0x38, 0xA4, 0x67, 0xA7, 0x92, 0xC1, 0x05, 0xDC, 0xDA, 0x04, 0x41, 0x70, 0xCB, 0x15,
    0x16, 0x41, 0x2A, 0xD2, 0xA4, 0xAF, 0xF4, 0x4C, 0x25, 0xCF, 0x79, 0x39, 0x0E, 0xC9, 0x80, 0xE9,
    0xE9, 0x19, 0xEA, 0xFD, 0x31, 0x74, 0xCD, 0xA9, 0xEF, 0xF7, 0x79, 0xDE, 0xA7, 0xCE, 0xDB, 0x87,
    0xAA, 0x47, 0x1D, 0x31, 0x1F, 0xB0, 0x1E, 0xF1, 0x3C, 0x62, 0x37, 0x92, 0x8F, 0x3B, 0x8A, 0x61,
    0x47, 0xD5, 0xED, 0xA9, 0xDB, 0x2D, 0x73, 0x5B, 0x56, 0x36, 0x6C, 0x2D, 0xD8, 0x5B, 0xCA, 0xA7,
    0xE9, 0xB5, 0x22, 0xA2, 0xEA, 0xCD, 0xD5, 0x9D, 0xB9, 0x79, 0x63, 0x66, 0xCD, 0xAC, 0xF9, 0x8E,
    0xBA, 0x05, 0x40, 0xD1, 0xA1, 0xEA, 0x51, 0xB6, 0xF8, 0xD1, 0x7E, 0x61, 0x9A, 0x16, 0xC5, 0xBE,
    0x3A, 0x54, 0x7D, 0xBE, 0xAF, 0xDB, 0x6C, 0x3F, 0x67, 0xB7, 0x92, 0x8D, 0xB1, 0x96, 0xF2, 0x71,
    0xA9, 0x18, 0x56, 0x8A, 0x61, 0xAD, 0xEE, 0x67, 0xED, 0xD3, 0xAE, 0x9A, 0x7E, 0xE8, 0xB2, 0xE9,
    0xCB, 0x0E, 0xC0, 0x7D, 0x3C, 0xC1, 0x02, 0xB2, 0x3D, 0xCA, 0x09, 0xB7, 0x6A, 0x38, 0x83, 0x0D,
    0xB2, 0x21, 0xA2, 0x01, 0x4E, 0x48, 0xFE, 0x1D, 0xC5, 0xD4, 0x28, 0xBE, 0x6C, 0xA9, 0x1A, 0x1E,
    0xE0, 0xA7, 0xF8, 0x05, 0xDE, 0x5E, 0xC0, 0x1D, 0xB8, 0xC0, 0xC3, 0x91, 0x7C, 0xD7, 0x52, 0x6D,
    0x31, 0x7B, 0x80, 0x4D, 0x7D, 0x72, 0x58, 0x67, 0xB0, 0xC0, 0xF6, 0x11, 0xD9, 0x2B, 0x94, 0xBF,
    0x46, 0x1D, 0xE4, 0x77, 0xF2, 0xD6, 0x35, 0xB4, 0xA0, 0x16, 0xD8, 0x82, 0x5B, 0x80, 0x0B, 0x72,
    0x81, 0x9D, 0x22, 0xE0, 0x05, 0xBD, 0xC0, 0x17, 0xFC, 0x42, 0x80, 0x30, 0x20, 0x29, 0x20, 0xEF,
    0x61, 0xC0, 0x38, 0x52, 0xEC, 0x51, 0x2F, 0xB0, 0xAC, 0xF1, 0xF0, 0xA3, 0xD3, 0x3B, 0x18, 0xF1,
    0x8C, 0xED, 0x45, 0x08, 0x08, 0xFE, 0xC0, 0x77, 0x37, 0x6F, 0x8F, 0x51, 0xF0, 0xE7, 0xE0, 0x67,
    0xE0, 0x0C, 0xBE, 0xF9, 0x5C, 0x50, 0x3F, 0x44, 0xBD, 0x81, 0xE5, 0x0C, 0xFE, 0x3C, 0xC0, 0x6F,
    0xA2, 0x27, 0xF6, 0x04, 0x9F, 0xE8, 0x13, 0x7E, 0xF0, 0x27, 0x01, 0xC9, 0x40, 0x52, 0x90, 0x1C,
    0x24, 0x09, 0xC9, 0x42, 0xD2, 0x90, 0x3C, 0x24, 0x11, 0xC9, 0x44, 0x52, 0x91, 0x5C, 0x24, 0x19,
    0xC9, 0x86, 0xA4, 0x03, 0x4F, 0xE1, 0x6F, 0x5A, 0x14, 0xA9, 0x45, 0xC2, 0xCD, 0x89, 0xBA, 0xA3,
    0x1C, 0x7A, 0x66, 0x53, 0x0B, 0x30, 0x20, 0xB5, 0xC8, 0xE6, 0xFD, 0xB5, 0x48, 0x36, 0xFC, 0xA1,
    0xE2, 0xF0, 0x48, 0x35, 0xEF, 0x7D, 0x52, 0xB6, 0x6C, 0xB9, 0xD9, 0x2A, 0x77, 0x8E, 0xD2, 0x2A,
    0x0F, 0x91, 0xEF, 0x50, 0x6D, 0x71, 0x7E, 0x8E, 0x4D, 0x0D, 0xBC, 0xFF, 0xC1, 0xFF, 0x26, 0xE6,
    0xE3, 0xBF, 0x10, 0xD4, 0xB0, 0x80, 0xAF, 0xE0, 0x21, 0xBE, 0xCA, 0x3B, 0x16, 0x55, 0xCB, 0x7C,
    0xC2, 0xC7, 0xBF, 0x3C, 0xB9, 0x96, 0xAA, 0xE1, 0x1C, 0x0B, 0xEE, 0x19, 0xDC, 0xCB, 0x7A, 0xE7,
    0x65, 0xB4, 0x6E, 0x23, 0xFB, 0xA5, 0xB7, 0x37, 0x51, 0x74, 0x6E, 0x4E, 0xC6, 0xFF, 0xAF, 0xE1,
    0xAB, 0xE2, 0x26, 0xB5, 0x72, 0x7F, 0xF2, 0xBE, 0x1F, 0x31, 0xE2, 0xAB, 0xA0, 0x1E, 0xDD, 0xCB,
    0x06, 0x41, 0x5D, 0x4F, 0x8D, 0xFC, 0x77, 0x47, 0xA0, 0xF6, 0x1C, 0xD9, 0x9F, 0xC0, 0x27, 0x6F,
    0x28, 0xF8, 0xFA, 0xFD, 0xA0, 0x7B, 0x2A, 0xCD, 0xC0, 0xB2, 0xE1, 0x3E, 0x3E, 0x7B, 0x47, 0x0A,
    0xAA, 0x9B, 0x03, 0xEF, 0x43, 0x29, 0x7C, 0x0C, 0xBC, 0xF2, 0xF0, 0xAD, 0xB3, 0x59, 0x8F, 0x77,
    0x44, 0x7E, 0x9C, 0x1A, 0x1F, 0x7F, 0xD6, 0xBD, 0x01, 0xF7, 0xF8, 0xB3, 0x2E, 0x9B, 0xA6, 0x29,
    0x9E, 0xB3, 0x18, 0x83, 0x28, 0xAD, 0xB2, 0x8F, 0x15, 0x70, 0xD4, 0xB1, 0xA6, 0xA9, 0xFF, 0x9F,
    0xD5, 0xCD, 0x1A, 0x66, 0x98, 0x63, 0x8D, 0x95, 0xB4, 0x1E, 0x63, 0x83, 0x17, 0xD3, 0xD4, 0x4E,
    0xD3, 0xD4, 0x00, 0xD8, 0xE0, 0x80, 0x4B, 0xFC, 0xE8, 0x55, 0x7C, 0xA0, 0x2B, 0x76, 0xE5, 0x50,
    0x75, 0xD9, 0x58, 0x37, 0xC6, 0x39, 0xE3, 0x7A, 0x9A, 0xAE, 0xD6, 0x12, 0xB1, 0x56, 0x58, 0x2B,
    0xCD, 0xDA, 0x79, 0x53, 0x4E, 0x71, 0x4F, 0x0F, 0xC0, 0x02, 0xCF, 0xB1, 0x81, 0x59, 0xCB, 0x8B,
    0x81, 0x61, 0x24, 0x1B, 0x28, 0x3B, 0xCE, 0x71, 0x1B, 0xEF, 0x8A, 0xEB, 0x29, 0xD9, 0xD4, 0xC9,
    0xBF, 0x4E, 0xD3, 0x52, 0x8D, 0x05, 0xFE, 0x12, 0x6F, 0xC9, 0x98, 0xEF, 0x2F, 0x54, 0xD3, 0xCE,
    0x59, 0xD5, 0xBF, 0xB3, 0xE7, 0x2F, 0xBB, 0x6F, 0xD5, 0xBB, 0xC1, 0xBD, 0xA7, 0x9D, 0x8B, 0x59,
    0xC3, 0x5B, 0xD7, 0x25, 0x6B, 0x50, 0xB6, 0x7C, 0x54, 0x63, 0xFD, 0xC7, 0xF8, 0xDB, 0x8E, 0xFC,
    0xB7, 0x3D, 0x65, 0x37, 0x42, 0x62, 0x11, 0x30, 0x82, 0x46, 0xA0, 0x44, 0x24, 0x98, 0x88, 0x84,
    0x14, 0x4C, 0x09, 0x4A, 0x50, 0x99, 0x35, 0x98, 0xC1, 0x1C, 0xD6, 0xB0, 0x92, 0x22, 0xC1, 0xD9,
    0x90, 0xF0, 0x04, 0x1F, 0xD4, 0x70, 0x1F, 0x8B, 0xCF, 0xF1, 0x1A, 0xC5, 0x3F, 0x37, 0xD4, 0x3F,
    0xE9, 0xF8, 0xBD, 0xAC, 0xE5, 0x1A, 0x3A, 0xA8, 0x05, 0xB6, 0xE0, 0x16, 0xE0, 0x82, 0x5C, 0x60,
    0xA7, 0x58, 0x22, 0xC5, 0x8A, 0xC4, 0x2F, 0x04, 0x08, 0x03, 0x24, 0x05, 0xEE, 0xE3, 0x9C, 0xB3,
    0x9A, 0x75, 0xCB, 0x7F, 0x74, 0x8A, 0xBF, 0x1B, 0x7D, 0xE4, 0xE1, 0xBB, 0xEB, 0x43, 0xCF, 0x70,
    0xC1, 0xE2, 0x9E, 0x60, 0x2C, 0x7E, 0xD3, 0x04, 0x61, 0x00, 0x1E, 0xA1, 0xA6, 0x55, 0xE4, 0xED,
    0x6F, 0x61, 0xE0, 0xFF, 0x95, 0x0D, 0xEB, 0x3F, 0xC2, 0x7F, 0x76, 0x14, 0xDF, 0x0F, 0x7C, 0xD4,
    0x3C, 0x3C, 0x7D, 0x61, 0xE7, 0x91, 0x7F, 0xD0, 0x21, 0x8F, 0xA8, 0xB0, 0xF8, 0xF4, 0x44, 0x25,
    0x7E, 0xF2, 0x89, 0x6C, 0xDA, 0x03, 0x67, 0x4E, 0x57, 0xE6, 0x67, 0x77, 0xE5, 0xAF, 0x3E, 0x57,
    0xCC, 0x46, 0x1F, 0x17, 0x2D, 0x8B, 0xE0, 0x0D, 0xDC, 0x23, 0x96, 0xFB, 0x23, 0xAC, 0x1B, 0xB1,
    0x6D, 0x63, 0xD7, 0x96, 0xED, 0xC8, 0xE9, 0x5E, 0x0B, 0xC7, 0x67, 0x7A, 0xC3, 0xEB, 0x62, 0xDE,
    0x98, 0x7A, 0xFF, 0x30, 0xC8, 0x7B, 0x55, 0xE3, 0x3E, 0xB7, 0xC1, 0x81, 0x3D, 0x3B, 0xD9, 0x4E,
    0x3E, 0xC6, 0x55, 0x8C, 0x01, 0x5B, 0xF4, 0x81, 0x5A, 0x75, 0x71, 0xD5, 0x9D, 0xBA, 0x35, 0x6B,
    0xE2, 0x9A, 0xB3, 0x66, 0xC5, 0x4A, 0xF0, 0x65, 0xFB, 0xF2, 0xF5, 0x59, 0xED, 0xDC, 0x26, 0x1B,
    0xB2, 0x86, 0xB2, 0xAB, 0xBA, 0xAA, 0xAB, 0xDB, 0xBA, 0xA9, 0x9B, 0x99, 0xB9, 0xB9, 0x95, 0xA5,
    0x85, 0x8D, 0xAD, 0x4B, 0xD6, 0xE2, 0x9F, 0x8F, 0x6D, 0x6D, 0x1D, 0xEC, 0xED, 0xB2, 0x5D, 0x3E,
    0xE6, 0x63, 0x31, 0x16, 0x43, 0xD9, 0x97, 0x7D, 0xD5, 0xD5, 0x71, 0x6F, 0x1B, 0x42, 0x79, 0x60,
    0x6D, 0xC9, 0xD6, 0x2B, 0x7B, 0x20, 0x8B, 0xCF, 0x0E, 0x45, 0x5F, 0xF4, 0x65, 0x57, 0xFE, 0xAF,
    0x9F, 0x03, 0x1B, 0x07, 0x97, 0x64, 0x2F, 0x06, 0x66, 0x57, 0x3A, 0x9A, 0xA7, 0x4D, 0xBE, 0x57,
    0x77, 0xE5, 0xA0, 0xEC, 0xEB, 0x4E, 0x31, 0xCE, 0x1A, 0xF9, 0xB8, 0x26, 0x1F, 0x57, 0x11, 0x8F,
    0x23, 0xB6, 0x14, 0x57, 0x31, 0x6C, 0x29, 0xFB, 0x2D, 0x55, 0xB7, 0xA5, 0x6E, 0x1F, 0x33, 0xB7,
    0xE2, 0x89, 0x79, 0x93, 0x1D, 0xD4, 0x7D, 0x35, 0x2A, 0x62, 0x5B, 0xFA, 0xAB, 0x3D, 0x00, 0x98,
    0xC1, 0x1A, 0xCE, 0xA1, 0x7A, 0x1D, 0xE5, 0xEB, 0xF3, 0x7D, 0x1E, 0xBB, 0xEF, 0x50, 0xB7, 0x36,
    0x73, 0x96, 0x6B, 0x96, 0x61, 0x2E, 0xB8, 0x96, 0x1C, 0x56, 0xB2, 0xDD, 0x5C, 0x39, 0xD4, 0xDD,
    0xBC, 0x2B, 0xA7, 0xB8, 0xE7, 0x5F, 0xFC, 0xDF, 0x27, 0xB2, 0x72, 0xC0, 0x6C, 0x8F, 0x8B, 0x85,
    0x48, 0x18, 0x51, 0x74, 0xF8, 0x18, 0x38, 0x25, 0xF9, 0xBC, 0x61, 0xEA, 0x64, 0x7F, 0xDF, 0x53,
    0x74, 0x54, 0x0D, 0x4B, 0x7C, 0xC6, 0x11, 0x04, 0x8C, 0xC8, 0x7B, 0xB2, 0x9F, 0x34, 0xD4, 0x3D,
    0x96, 0x23, 0x76, 0x0B, 0xB2, 0x6F, 0xEE, 0x9C, 0x1A, 0x36, 0xD1, 0x39, 0xC3, 0xEA, 0x2E, 0x5E,
    0x20, 0xFF, 0xA1, 0xA5, 0xFC, 0xBA, 0xE3, 0x96, 0x6F, 0x5C, 0x43, 0x0B, 0x6A, 0x81, 0x2D, 0xB8,
    0x05, 0xB8, 0x20, 0x17, 0xE8, 0x82, 0x5D, 0xC0, 0x0B, 0x7A, 0x81, 0x2F, 0xF8, 0x85, 0x00, 0x61,
    0xE0, 0x5A, 0x41, 0xD5, 0xA0, 0x68, 0x29, 0x5E, 0x76, 0xD4, 0xC3, 0xB5, 0x83, 0x9F, 0x86, 0x83,
    0xBB, 0xA7, 0x77, 0xB0, 0x48, 0x6B, 0xF5, 0x63, 0x5E, 0x24, 0xFE, 0xF2, 0x65, 0xE7, 0x56, 0xF6,
    0xCD, 0x11, 0x0A, 0x9E, 0xEF, 0x22, 0xEE, 0xC1, 0x05, 0x59, 0x33, 0x50, 0x7D, 0xDF, 0xF0, 0x60,
    0xC4, 0x65, 0x10, 0xFF, 0xE2, 0xF4, 0xC4, 0x66, 0x2D, 0x7E, 0xBF, 0x47, 0x16, 0x51, 0x36, 0xAC,
    0x3E, 0x39, 0x51, 0xFD, 0xEB, 0xBC, 0x61, 0xFD, 0x8F, 0x78, 0xF4, 0x0A, 0x20, 0x6F, 0xDD, 0xEC,
    0x84, 0x67, 0xEF, 0xA9, 0x13, 0x9E, 0x7D, 0x2A, 0x7B, 0x7D, 0x57, 0xF1, 0xF3, 0x51, 0x91, 0xF7,
    0xAC, 0x5C, 0x77, 0x44, 0x08, 0xB9, 0xE5, 0x08, 0x1D, 0x91, 0x35, 0xDC, 0xDC, 0xF8, 0x9B, 0x1B,
    0x1B, 0xFF, 0xFD, 0xCF, 0xF7, 0x37, 0x31, 0x1F, 0x7F, 0xEE, 0x5B, 0x81, 0x2D, 0x64, 0x23, 0x14,
    0x1D, 0xE4, 0x0D, 0x37, 0x6C, 0xEC, 0x42, 0x87, 0x31, 0x7C, 0x7C, 0x31, 0x86, 0x90, 0x97, 0x7D,
    0x18, 0xF9, 0xD7, 0x36, 0x94, 0xBC, 0x16, 0x4E, 0x76, 0xAE, 0xA4, 0x58, 0x45, 0xBA, 0xD2, 0x22,
    0x94, 0xA4, 0x1C, 0x5C, 0x99, 0x71, 0xA5, 0xC6, 0x95, 0x1B, 0x21, 0x47, 0xB2, 0x93, 0xF4, 0x24,
    0x3F, 0x49, 0xD0, 0xB5, 0xA1, 0xEC, 0xFA, 0x2D, 0x54, 0x37, 0x38, 0x87, 0xBB, 0x90, 0x7C, 0x78,
    0xE0, 0xC5, 0x34, 0x2C, 0xC3, 0xC8, 0x22, 0x94, 0x5C, 0xD6, 0xAD, 0x27, 0xE3, 0x9C, 0x75, 0xB7,
    0x66, 0x65, 0xC5, 0xE6, 0x7A, 0x47, 0xEC, 0xDF, 0xBC, 0x23, 0xD8, 0x82, 0x25, 0x78, 0x00, 0x6A,
    0xC0, 0x07, 0xA2, 0xA2, 0xE8, 0x91, 0x0F, 0x30, 0xC2, 0x33, 0xF0, 0x2E, 0x54, 0x94, 0x03, 0xCC,
    0xF6, 0x70, 0xB1, 0x00, 0x17, 0xE0, 0x46, 0x87, 0x7C, 0xFC, 0xA1, 0x68, 0x31, 0x6F, 0x30, 0x75,
    0xD2, 0x2F, 0x0B, 0x8A, 0x0E, 0x55, 0x83, 0x25, 0x7C, 0xF6, 0x2E, 0x04, 0x6D, 0x6E, 0xC1, 0xF4,
    0xA7, 0xC8, 0x7F, 0x75, 0x40, 0xF1, 0xD7, 0xBB, 0x0F, 0x44, 0x47, 0xDE, 0x3F, 0xA2, 0xDE, 0x7F,
    0xCB, 0x8F, 0xD7, 0x3D, 0x9F, 0x56, 0xED, 0x91, 0xF9, 0xDF, 0x3B, 0x21, 0x00, 0xCC, 0xC0, 0x1A,
    0x9C, 0x1F, 0x1B, 0x13, 0x80, 0xFB, 0xF0, 0x04, 0x16, 0xA4, 0x73, 0xCB, 0x55, 0xD4, 0x9D, 0x38,
    0x53, 0x88, 0xA3, 0x82, 0xBA, 0xB9, 0x3A, 0xC4, 0xCC, 0x99, 0x5B, 0xA7, 0xB0, 0xB2, 0x8A, 0x78,
    0xCC, 0xE3, 0x88, 0x8D, 0x2D, 0xDB, 0x88, 0x83, 0x03, 0x7B, 0x07, 0xD9, 0xCE, 0x56, 0x11, 0x7A,
    0xAA, 0xDE, 0xBA, 0x99, 0xB7, 0xEA, 0xE9, 0x15, 0xF9, 0x34, 0x00, 0x80, 0x0D, 0x1C, 0xE0, 0x12,
    0x75, 0x63, 0x57, 0x37, 0xC6, 0x99, 0x6C, 0x9C, 0xCB, 0xC7, 0xB9, 0xF4, 0x95, 0xE4, 0x52, 0xD1,
    0x6F, 0x94, 0xDD, 0x26, 0x5E, 0x40, 0xEA, 0x6E, 0x6B, 0xD6, 0x6E, 0xAD, 0xDB, 0xA7, 0xF9, 0xBF,
    0x35, 0xEB, 0xE9, 0xE7, 0x4D, 0xF5, 0xBB, 0x1A, 0x80, 0x67, 0x64, 0x7B, 0x8C, 0x30, 0x6B, 0x83,
    0x7A, 0xC0, 0x30, 0x22, 0x1B, 0x50, 0x76, 0x38, 0x87, 0xDB, 0x70, 0x5A, 0xF2, 0xE7, 0x14, 0x13,
    0x65, 0xD5, 0x50, 0x63, 0x89, 0x11, 0x0F, 0x79, 0x7B, 0x01, 0x3B, 0xC8, 0x07, 0x09, 0x12, 0x35,
    0xB8, 0xC3, 0x0D, 0xD0, 0x97, 0x7D, 0xCA, 0x40, 0x7D, 0x79, 0xC5, 0xFA, 0xB3, 0x26, 0x60, 0xFF,
    0x42, 0xD0, 0xEE, 0x05, 0x6E, 0x9F, 0x78, 0x23, 0x6F, 0x1E, 0x5C, 0xD3, 0xB5, 0x91, 0xA0, 0x13,
    0x75, 0xC2, 0x4E, 0xDC, 0x09, 0x3C, 0x91, 0x27, 0xF4, 0xC4, 0x9E, 0xE0, 0x51, 0x76, 0xA8, 0x61,
    0x09, 0x97, 0xAE, 0xC9, 0x13, 0xFB, 0x26, 0xE0, 0x2F, 0x83, 0x7E, 0x37, 0x97, 0xFF, 0x7B, 0xF0,
    0xFF, 0xD0, 0xAD, 0xC2, 0xD8, 0x52, 0xB1, 0x17, 0x0A, 0x84, 0x03, 0x21, 0x41, 0x58, 0x10, 0x1A,
    0x84, 0x07, 0x21, 0x42, 0x32, 0x91, 0x8F, 0x20, 0xE5, 0x25, 0x58, 0x00, 0x1F, 0x88, 0x8A, 0xA0,
    0xA5, 0x6A, 0xDD, 0xFC, 0xFB, 0x19, 0xC7, 0x57, 0xC1, 0xAC, 0x95, 0xF6, 0x00, 0x86, 0x11, 0xB2,
    0x1B, 0x1D, 0x72, 0x0E, 0x6E, 0x7F, 0x28, 0x5A, 0x3C, 0x27, 0x18, 0xD3, 0x0E, 0xB9, 0xD9, 0x2B,
    0xE3, 0xBB, 0xEA, 0x95, 0x6C, 0xB8, 0x40, 0xF9, 0xEA, 0x73, 0x54, 0xF3, 0x11, 0x67, 0x65, 0xF7,
    0x81, 0xE8, 0xA8, 0xBE, 0xE8, 0x58, 0xFF, 0xB6, 0xE3, 0x62, 0x6A, 0x79, 0xF4, 0xE0, 0xD8, 0xFC,
    0xEF, 0x9D, 0x10, 0x00, 0x36, 0xE0, 0x00, 0x2E, 0x8F, 0x8C, 0x09, 0x80, 0x67, 0xC8, 0xF6, 0x30,
    0x42, 0xDD, 0xA2, 0xEC, 0x50, 0xF4, 0xC8, 0x06, 0x90, 0x40, 0xCD, 0x79, 0x6E, 0xD6, 0x3A, 0xA8,
    0xBB, 0x62, 0x54, 0x75, 0x65, 0xAF, 0xEC, 0xEB, 0x56, 0x91, 0x0E, 0x4B, 0x8F, 0xC9, 0x76, 0x7B,
    0xFC, 0xD7, 0x88, 0x17, 0x3D, 0x9E, 0xB6, 0x6F, 0xF8, 0x76, 0x7A, 0x7B, 0x1D, 0x07, 0xD8, 0x5F,
    0x87, 0x0D, 0xAC, 0x60, 0x96, 0xB0, 0x01, 0x60, 0x19, 0x70, 0x2B, 0x75, 0x6B, 0x6E, 0xC6, 0xDC,
    0x8A, 0x99, 0x0D, 0x75, 0xB3, 0xA7, 0xFE, 0x62, 0xA4, 0xFA, 0x7A, 0xA0, 0xFC, 0x55, 0x47, 0xF9,
    0xEB, 0x96, 0xE2, 0x37, 0x28, 0xAE, 0x24, 0x1F, 0x90, 0xED, 0x22, 0xC6, 0x04, 0x48, 0xD5, 0x61,
    0x0E, 0xCF, 0xB1, 0xDE, 0x45, 0x34, 0xA7, 0xE5, 0x05, 0xC8, 0x07, 0x14, 0xE9, 0xC9, 0x8E, 0x87,
    0x9A, 0x5F, 0xFF, 0x87, 0x75, 0x87, 0x79, 0xD9, 0xF1, 0xBC, 0xEE, 0xAC, 0x77, 0x55, 0x9B, 0x50,
    0xF9, 0x0E, 0xC5, 0xD4, 0x50, 0x7C, 0xD9, 0xA2, 0x6A, 0xF0, 0x00, 0x9E, 0xC1, 0xC3, 0xD3, 0xB7,
    0x40, 0xB9, 0xC3, 0xEC, 0x80, 0x4F, 0x17, 0x10, 0xE1, 0xFA, 0x8C, 0x98, 0x9D, 0xBA, 0x19, 0x54,
    0xDF, 0xF7, 0xAC, 0xA7, 0x8E, 0x8B, 0xA7, 0xA7, 0xB7, 0xB1, 0x2C, 0x31, 0xFD, 0x19, 0xD9, 0x3F,
    0xBD, 0x22, 0xEF, 0x76, 0x27, 0xC6, 0xFF, 0x6F, 0x54, 0x90, 0x31, 0x8E, 0xDB, 0x3C, 0x10, 0x85,
    0x3F, 0x89, 0x05, 0x7F, 0x40, 0xC5, 0x6C, 0xF1, 0xF7, 0x3A, 0xC1, 0x5A, 0x17, 0x90, 0x2C, 0x05,
    0x5B, 0x6C, 0x99, 0x3D, 0x44, 0xFA, 0x5C, 0xC0, 0x1B, 0xF3, 0x50, 0x2E, 0x5C, 0x18, 0x31, 0x13,
    0x5F, 0x40, 0xC9, 0x09, 0x58, 0xE4, 0x00, 0x13, 0x40, 0x85, 0x0A, 0xDB, 0xCA, 0x70, 0x55, 0x6C,
    0x22, 0xF0, 0x23, 0x1E, 0xA1, 0x99, 0x37, 0x7C, 0xEC, 0x97, 0xF8, 0xB6, 0x96, 0xEB, 0xBF, 0xD8,
    0x77, 0x7F, 0xDB, 0x6F, 0x7F, 0x6B, 0x82, 0x8B, 0xC2, 0x23, 0x2D, 0x7B, 0xCE, 0xC3, 0x99, 0x0E,
    0x19, 0xFA, 0xD8, 0xC7, 0x26, 0x56, 0x83, 0xD0, 0x72, 0xE0, 0x05, 0x37, 0x8A, 0x8A, 0x56, 0xA9,
    0x8C, 0x3E, 0x08, 0x1D, 0x0F, 0x10, 0xFE, 0x77, 0x71, 0x27, 0xE8, 0xA3, 0x8B, 0xAD, 0x0F, 0xFB,
    0x2A, 0x9D, 0x3F, 0xEA, 0x59, 0xB4, 0xF3, 0x51, 0x3E, 0x68, 0x7F, 0x99, 0x6D, 0x35, 0x97, 0xB9,
    0x1A, 0x54, 0x8A, 0xD4, 0xBA, 0x78, 0x10, 0x5E, 0xFE, 0x33, 0x9F, 0x9D, 0xE8, 0x5D, 0x7E, 0xDF,
    0xAB, 0x74, 0x2B, 0x47, 0xEB, 0x3B, 0x48, 0xA1, 0x9D, 0x8B, 0x0F, 0x25, 0xF8, 0xB8, 0x52, 0x05,
    0x90, 0xCC, 0x90, 0xE1, 0xBC, 0x2C, 0xC9, 0xAE, 0x39, 0xD2, 0x00, 0x5B, 0xA3, 0x33, 0x5A, 0x63,
    0x67, 0x9C, 0x8C, 0xA3, 0x31, 0x1B, 0x93, 0xA1, 0x50, 0x18, 0xA5, 0xE1, 0x12, 0x6B, 0xD1, 0x5A,
    0xF8, 0x5E, 0x64, 0x54, 0x16, 0x5E, 0x72, 0xF4, 0x32, 0x81, 0xCB, 0x8C, 0xC6, 0x3A, 0xDF, 0x1E,
    0x45, 0x33, 0xEB, 0x7C, 0xA3, 0x66, 0x65, 0x9D, 0x4F, 0x79, 0x45, 0x16, 0xAB, 0x1A, 0xFA, 0x25,
    0xEC, 0x6D, 0x37, 0x7D, 0xA3, 0xFA, 0x45, 0xCD, 0xAE, 0xD0, 0x7E, 0xB8, 0xB9, 0x69, 0x5F, 0x5C,
    0xBD, 0x6E, 0x99, 0xCC, 0xF4, 0xBC, 0x46, 0xC1, 0x2F, 0x66, 0x0C, 0x20, 0x4F, 0xCA, 0x09, 0x60,
    0x5B, 0x68, 0x31, 0x01, 0xB4, 0xE8, 0x7A, 0x55, 0x6B, 0x97, 0x48, 0x16, 0xA5, 0x36, 0x90, 0x85,
    0x3D, 0x17, 0x00, 0x5D, 0xF5, 0x6D, 0x02, 0xA0, 0x59, 0x5C, 0xFA, 0x1C, 0xF8, 0x8A, 0x9F, 0xE5,
    0xFB, 0xA2, 0xD9, 0x96, 0xC6, 0xFF, 0x98, 0xEA, 0xE7, 0x11, 0x5E, 0x65, 0x38, 0x6E, 0x73, 0xF4,
    0xB9, 0xE6, 0xD4, 0x16, 0x8A, 0xD3, 0x0D, 0x47, 0xB3, 0xA5, 0x8A, 0x26, 0x8E, 0x16, 0xB6, 0x1E,
    0x36, 0x4C, 0x47, 0x37, 0xB2, 0x65, 0x53, 0xE8, 0xC9, 0x47, 0x66, 0xEA, 0xA7, 0xB1, 0x93, 0x60,
    0x7D, 0xB2, 0x84, 0xE6, 0x8E, 0x8F, 0x94, 0x16, 0x68, 0xB2, 0x6E, 0x9F, 0x24, 0xD6, 0x43, 0x4F,
    0xCB, 0x27, 0x3B, 0x5D, 0xFD, 0xCF, 0x49, 0x2E, 0x2A, 0xCF, 0xB1, 0x91, 0xD0, 0x09, 0xBB, 0x0D,
    0x34, 0x70, 0xA2, 0xCC, 0x03, 0xCC, 0x9A, 0xD7, 0x7C, 0xA2, 0x27, 0x6B, 0x89, 0xB8, 0xB4, 0xFE,
    0xCA, 0x22, 0x67, 0xBD, 0xC2, 0x17, 0x68, 0xA0, 0x7F, 0xEF, 0x6A, 0xC8, 0x5D, 0x00, 0x6A, 0x94,
    0x23, 0xE0, 0x03, 0x20, 0x06, 0xAD, 0xC1, 0xC1, 0x28, 0x12, 0xE0, 0x22, 0x20, 0x03, 0xB0, 0xF9,
    0x33, 0x70, 0xE0, 0xC0, 0x34, 0x01, 0x7D, 0x03, 0x49, 0x34, 0x0C, 0xF2, 0xB8, 0x34, 0x81, 0x84,
    0x74, 0x41, 0x04, 0x00, 0x35, 0x92, 0x81, 0xC6, 0x2C, 0x37, 0x14, 0xC7, 0x7F, 0x33, 0xB9, 0x04,
    0x51, 0x01, 0x68, 0x95, 0x3B, 0x4F, 0xB0, 0xBB, 0x2F, 0x30, 0xB3, 0x3B, 0xBE, 0xFB, 0x20, 0x05,
    0xA0, 0x4A, 0xA1, 0xD8, 0x32, 0xB7, 0x3B, 0xEE, 0x13, 0xDC, 0x87, 0x29, 0xB6, 0x4C, 0x3B, 0xD1,
    0x27, 0xC8, 0x23, 0x0C, 0x80, 0x82, 0x53, 0x82, 0x2C, 0x3B, 0x9B, 0x9B, 0x84, 0x2F, 0xE7, 0x8F,
    0xF1, 0x4F, 0x4E, 0x26, 0xE7, 0xFC, 0x0E, 0xB7, 0xB9, 0x4D, 0x62, 0x5C, 0xB4, 0xE3, 0x72, 0x62,
    0x1A, 0xAA, 0x7A, 0x96, 0x89, 0x38, 0x21, 0x7D, 0x2B, 0x67, 0xED, 0xBA, 0x34, 0xEA, 0x08, 0xFC,
    0x01, 0x2F, 0xD4, 0x8E, 0x59, 0x38, 0x4C, 0x5C, 0x17, 0x24, 0x2A, 0x17, 0xCC, 0x18, 0x3E, 0x36,
    0x72, 0x49, 0xFB, 0x25, 0x3D, 0x51, 0x1B, 0xCA, 0xB7, 0x69, 0x57, 0xE9, 0xA9, 0x1D, 0x66, 0xC4,
    0xFE, 0x3C, 0xDA, 0xE4, 0xBB, 0x4F, 0xF2, 0x81, 0x40, 0x56, 0x23, 0xB4, 0xF2, 0x9B, 0xF1, 0x6B,
    0x9A, 0x7F, 0x7C, 0x00, 0x57, 0x4C, 0xE4, 0x32, 0x13, 0x4B, 0xAA, 0xFD, 0x6F, 0xEC, 0x92, 0xBF,
    0x7C, 0x91, 0x33, 0x61, 0x2A, 0x92, 0xA9, 0x3C, 0xC0, 0x9F, 0xD2, 0xAC, 0x1F, 0xAC, 0x69, 0xCB,
    0xC2, 0xCC, 0x1C, 0x61, 0x82, 0x50, 0x52, 0xB4, 0x2B, 0x86, 0x85, 0x0E, 0xCE, 0x30, 0xD4, 0x1D,
    0x56, 0xAF, 0x52, 0x34, 0x6E, 0xC9, 0x45, 0xD9, 0x39, 0xE8, 0xB4, 0xE9, 0xE4, 0x4E, 0x6F, 0x32,
    0x21, 0x0B, 0x61, 0x69, 0x64, 0x51, 0xDB, 0x25, 0x39, 0xB3, 0xD3, 0xBC, 0xB0, 0xF9, 0x8F, 0xAD,
    0x4C, 0xD9, 0xCC, 0xCA, 0x1F, 0x3A, 0xD7, 0xE2, 0x4D, 0x72, 0x9C, 0xE0, 0x6F, 0x74, 0x60, 0x75,
    0x3C, 0xA8, 0xEB, 0x7B, 0xEE, 0x8D, 0x28, 0x67, 0x66, 0x3B, 0x9E, 0x38, 0x33, 0xD0, 0x33, 0xD5,
    0xE8, 0x19, 0xE8, 0xB0, 0x63, 0xF3, 0x15, 0xE1, 0x4E, 0x35, 0x4A, 0xD4, 0x03, 0x77, 0x42, 0xCE,
    0xF2, 0xDA, 0x59, 0x7A, 0xCC, 0x4F, 0xDE, 0xAC, 0x62, 0xDD, 0x9F, 0x96, 0xA2, 0x8F, 0xC8, 0xA1,
    0xAA, 0x6F, 0xB6, 0xBE, 0xF1, 0xFC, 0x3A, 0x37, 0x49, 0xB4, 0xCF, 0x34, 0xA6, 0x8E, 0xFE, 0x48,
    0xFF, 0x0E, 0xE4, 0xDE, 0x13, 0x86, 0xDC, 0x66, 0xED, 0x6D, 0x1A, 0xDB, 0x07, 0x1C, 0xDB, 0xDD,
    0xEE, 0xDF, 0x4D, 0x2C, 0xDC, 0x89, 0x04, 0xA4, 0x91, 0x56, 0xD4, 0x76, 0x7B, 0xAD, 0x2F, 0x56,
    0xAF, 0x53, 0xE6, 0xF2, 0x84, 0x05, 0x22, 0xB5, 0x53, 0x98, 0x5A, 0xD1, 0x82, 0x12, 0xBA, 0x99,
    0x5B, 0x6D, 0x66, 0x3D, 0x19, 0x35, 0x0B, 0x59, 0x4D, 0x2D, 0x35, 0xCD, 0xE8, 0xAD, 0x60, 0x42,
    0x68, 0xE4, 0xAA, 0xB7, 0x5B, 0x6D, 0x14, 0x64, 0xB8, 0x11, 0x1B, 0x39, 0x04, 0x7E, 0x17, 0xFE,
    0x17, 0xF5, 0xAF, 0x98, 0x4F, 0xDB, 0x41, 0xF9, 0xAB, 0xF2, 0x29, 0xC5, 0x35, 0x85, 0x4A, 0x62,
    0x6E, 0xD3, 0x4B, 0xA5, 0x5D, 0x39, 0xF4, 0x8C, 0x29, 0xF4, 0x37, 0xFB, 0x16, 0x3E, 0x10, 0x29,
    0x0A, 0xB4, 0x52, 0xEF, 0x9C, 0xCD, 0x03, 0xF8, 0x05, 0xFD, 0x2C, 0xF4, 0xEB, 0xE0, 0x98, 0x42,
    0x7F, 0x3B, 0x7D, 0x91, 0x0B, 0x61, 0x20, 0x4E, 0x84, 0xBE, 0x91, 0xB3, 0xDA, 0xBA, 0x4C, 0x7F,
    0xE7, 0x96, 0xA4, 0xD2, 0x77, 0x74, 0x30, 0x51, 0x6F, 0x42, 0xF9, 0x62, 0xD8, 0xB1, 0x78, 0xC7,
    0x4A, 0xBF, 0x07, 0x6E, 0xEF, 0xF4, 0xE7, 0xC9, 0xCC, 0xB1, 0xD2, 0xF7, 0xDD, 0x9B, 0x0C, 0x75,
    0xA8, 0x16, 0xC2, 0x67, 0x25, 0x99, 0xBE, 0x7E, 0xD1, 0xA4, 0x32, 0x9C, 0xA7, 0xB6, 0x6E, 0x65,
    0xB5, 0xF2, 0xB9, 0xD0, 0xDF, 0x0A, 0xFD, 0x6E, 0xE4, 0x9F, 0x42, 0xFF, 0xE6, 0xF8, 0x8B, 0xBA,
    0x7E, 0xE0, 0x5A, 0x38, 0x16, 0xFA, 0x1D, 0x47, 0x2A, 0xDE, 0x1A, 0x03, 0x47, 0xBA, 0x52, 0xFC,
    0x57, 0x02, 0x4B, 0x35, 0xDE, 0xA3, 0xF0, 0x09, 0x48, 0xBB, 0x65, 0xFA, 0xE3, 0xC0, 0x37, 0x6D,
    0xD3, 0x01, 0x84, 0x24, 0x47, 0x14, 0x80, 0xE1, 0xBF, 0xAB, 0xDC, 0x8E, 0x68, 0xB9, 0x0A, 0x04,
    0x36, 0x59, 0x0D, 0x80, 0xAC, 0x34, 0x04, 0x83, 0xC9, 0x54, 0x07, 0x12, 0x04, 0xC0, 0x00, 0x00,
    0x40, 0x84, 0x0D, 0x16, 0x21, 0xDB, 0xDB, 0xCD, 0x21, 0x00, 0x07, 0x00, 0x22, 0x00, 0x2E, 0xC8,
    0x02, 0xA0, 0xA3, 0x4B, 0x0E, 0x00, 0x5A, 0x02, 0x08, 0xD2, 0x01, 0x09, 0xA0, 0x42, 0x93, 0x9A,
    0x53, 0x33, 0x95, 0x7A, 0x6E, 0xC6, 0x2D, 0xCE, 0xA8, 0x8F, 0xAA, 0x79, 0xFD, 0xFA, 0xBD, 0xA7,
    0x1A, 0xF4, 0xB3, 0x06, 0x56, 0x5F, 0x42, 0x31, 0x1E, 0xA1, 0x4A, 0x09, 0xC6, 0x3B, 0xEB, 0x54,
    0x58, 0x7F, 0xD7, 0xAC, 0xFC, 0x83, 0xC7, 0x38, 0x3F, 0x53, 0x7D, 0xF6, 0x9B, 0xC3, 0xAA, 0x97,
    0x3D, 0x5B, 0xFD, 0x7D, 0x43, 0x5B, 0x1A, 0x18, 0x9E, 0xBE, 0x9B, 0xB9, 0xBA, 0xCE, 0x6C, 0xD6,
    0x99, 0x4F, 0xBE, 0xC9, 0xE4, 0x07, 0xF8, 0xE5, 0xAF, 0x09, 0xEC, 0xAF, 0x2E, 0xF3, 0xB2, 0x7F,
    0xC0, 0xFC, 0xB1, 0xF2, 0x98, 0x94, 0x7A, 0x9E, 0x76, 0x7B, 0xB8, 0xDE, 0x00, 0xEB, 0x5B, 0x00,
    0xEA, 0x00, 0xE9, 0x88, 0xF6, 0x1F, 0x52, 0x3A, 0x30, 0x0D, 0x54, 0x72, 0xFC, 0x66, 0xE9, 0x94,
    0x5C, 0x5E, 0xFD, 0x79, 0x5F, 0xA6, 0x24, 0xB9, 0xE0, 0x0E, 0x88, 0xA0, 0x3C, 0x98, 0x09, 0xBA,
    0x1C, 0x33, 0x4A, 0x5C, 0x39, 0xA1, 0x67, 0x8C, 0x67, 0x35, 0x89, 0x39, 0xAD, 0x09, 0x62, 0x15,
    0x31, 0x8E, 0xFA, 0x1E, 0x93, 0x73, 0x59, 0xD1, 0x56, 0x4D, 0xFE, 0x1D, 0x8D, 0xAB, 0x0F, 0xD5,
    0xA1, 0x74, 0x75, 0xA4, 0xD5, 0xB3, 0x85, 0x41, 0xF9, 0x2D, 0x36, 0x16, 0x4B, 0x17, 0x6C, 0x24,
    0x76, 0x0B, 0x81, 0x76, 0xA0, 0x58, 0xD8, 0x46, 0x0A, 0x4F, 0x0E, 0x54, 0x5E, 0xB2, 0xEA, 0x9C,
    0x7E, 0x91, 0xB7, 0xAD, 0x7C, 0x56, 0xB6, 0x48, 0x05, 0x45, 0x4A, 0x4B, 0x8E, 0x2B, 0x24, 0x8C,
    0x7B, 0xC1, 0xA2, 0x05, 0x9B, 0x52, 0x9A, 0xAC, 0x90, 0x6B, 0x6B, 0xA5, 0x28, 0xA9, 0xE9, 0xF5,
    0x70, 0x5C, 0x66, 0x0F, 0x55, 0x43, 0x06, 0xA0, 0x16, 0xAC, 0xB0, 0x15, 0x3E, 0x15, 0x5A, 0x61,
    0x10, 0x90, 0x61, 0x9D, 0xB8, 0x1C, 0x7F, 0x04, 0x9B, 0x66, 0xE0, 0xE3, 0xC7, 0xF1, 0x1F, 0x84,
    0x8D, 0x14, 0x74, 0x87, 0x0E, 0x65, 0xA4, 0x9C, 0x54, 0xC0, 0xF4, 0x45, 0x90, 0xCC, 0xB9, 0x15,
    0xE9, 0x44, 0xC8, 0x91, 0x4A, 0xD0, 0x33, 0x5B, 0xC1, 0xCA, 0x38, 0xAB, 0xBE, 0x73, 0x94, 0xE9,
    0x6F, 0x47, 0x91, 0xBE, 0x70, 0xA7, 0xF7, 0xA5, 0x08, 0x55, 0x0A, 0x90, 0x53, 0x1F, 0x1B, 0x69,
    0x53, 0xFA, 0x57, 0x91, 0xBA, 0xE7, 0x96, 0x7B, 0x80, 0x08, 0x32, 0x27, 0x89, 0x4B, 0x0B, 0xB5,
    0x44, 0xE4, 0x56, 0x91, 0x56, 0x4F, 0xD8, 0xDC, 0x3D, 0x9D, 0xF0, 0xE6, 0x4C, 0xCF, 0x42, 0x4E,
    0x06, 0x07, 0x3A, 0x89, 0x89, 0x70, 0x91, 0x9E, 0x43, 0x97, 0xE3, 0x18, 0x65, 0x3B, 0x30, 0x42,
    0xA0, 0x6E, 0x6C, 0xC0, 0x44, 0xBB, 0x64, 0x0A, 0x8F, 0xE9, 0x95, 0xA7, 0x6A, 0x46, 0x8F, 0xF5,
    0xE3, 0xCC, 0xE8, 0xF5, 0xAC, 0x22, 0xAB, 0x94, 0xE6, 0xCC, 0xF1, 0x94, 0xDE, 0x38, 0xA1, 0x3F,
    0xF1, 0xD6, 0x11, 0xC3, 0x13, 0xC1, 0x08, 0x37, 0x01, 0xB9, 0x65, 0x0D, 0xF6, 0xEB, 0xCA, 0x15,
    0xE1, 0x5A, 0xF7, 0x7A, 0xDE, 0x48, 0xAA, 0xB5, 0x3C, 0x9B, 0xA9, 0xB9, 0x85, 0x2D, 0x0F, 0xD0,
    0x0A, 0x03, 0x29, 0x9D, 0x99, 0x2D, 0xB1, 0x98, 0x2C, 0x83, 0x72, 0x5B, 0xA1, 0xE5, 0x5E, 0xBB,
    0x3B, 0xAC, 0xEE, 0x07, 0xAA, 0xDF, 0x3F, 0x8F, 0x92, 0x38, 0x50, 0xA4, 0xFD, 0xB7, 0x60, 0xE0,
    0xC4, 0x3B, 0x02, 0xAB, 0x06, 0x28, 0x01, 0x95, 0x96, 0xF3, 0x87, 0xF8, 0xC3, 0x8D, 0x53, 0xF1,
    0x6A, 0xD5, 0xAF, 0xFC, 0x55, 0x81, 0x71, 0xD7, 0x52, 0xC1, 0x06, 0x2C, 0x6B, 0xD8, 0x0A, 0xAD,
    0xD4, 0x32, 0xF0, 0xC0, 0x19, 0x2F, 0xCC, 0x99, 0x22, 0xD3, 0x16, 0x13, 0x58, 0xE5, 0xDE, 0xA3,
    0x7E, 0xE6, 0x16, 0xCC, 0x7F, 0x7F, 0x7A, 0xE4, 0x63, 0x82, 0x9B, 0x7F, 0x1E, 0xBF, 0xB1, 0xD8,
    0xED, 0x76, 0x4D, 0x2E, 0x2D, 0xB9, 0x8B, 0x17, 0xE3, 0xAB, 0x1E, 0xB4, 0x97, 0xD3, 0x85, 0x27,
    0xBB, 0xDD, 0x5E, 0x4A, 0x49, 0x5C, 0xBE, 0xF8, 0xE9, 0x15, 0xA7, 0x3F, 0xCC, 0xC4, 0xFB, 0xBB,
    0xB1, 0xA7, 0x4B, 0x07, 0xF8, 0xEA, 0xE7, 0xF9, 0x7C, 0xAE, 0x84, 0x22, 0x00, 0x44, 0x61, 0x10,
    0xB6, 0x82, 0xE5, 0x34, 0x78, 0xD9, 0xC9, 0x6A, 0x81, 0x01, 0x59, 0x3D, 0xB1, 0x76, 0xA4, 0x63,
    0xA3, 0xD2, 0x73, 0xAA, 0x05, 0x2E, 0xFD, 0x45, 0xA3, 0xFE, 0x1D, 0xD1, 0x69, 0x4F, 0x79, 0x6C,
    0xB0, 0x33, 0x7C, 0x34, 0x31, 0x94, 0x8E, 0x50, 0x3A, 0xE5, 0x8D, 0x2B, 0x27, 0xD3, 0x77, 0x4D,
    0x95, 0x22, 0x95, 0xF4, 0xD2, 0xA5, 0x59, 0x38, 0x48, 0xB6, 0x0E, 0xF2, 0x69, 0x4F, 0xC0, 0xBC,
    0xA6, 0x58, 0x04, 0xB9, 0x24, 0xCA, 0x53, 0x4B, 0x9D, 0x2D, 0x7A, 0x56, 0x41, 0x2E, 0xE7, 0x8C,
    0x3D, 0x5F, 0x12, 0x41, 0x92, 0x64, 0x47, 0xA1, 0x6A, 0x38, 0x51, 0x73, 0xE6, 0x7F, 0x63, 0x00,
    0x83, 0x05, 0x40, 0xCC, 0xEE, 0x00, 0x24, 0xF4, 0x42, 0x43, 0x43, 0x03, 0xEA, 0xFF, 0xFF, 0xFF,
    0xFF, 0x41, 0x97, 0x01, 0x24, 0x06, 0x22, 0x18, 0x1B, 0x20, 0x8A, 0x3E, 0x30, 0x7F, 0xE1, 0x7B,
    0x63, 0x7A, 0x8A, 0xF1, 0x20, 0x53, 0x03, 0x73, 0x03, 0xB3, 0x03, 0x33, 0x50, 0x96, 0x9B, 0x81,
    0x8B, 0x81, 0x17, 0x08, 0x79, 0x18, 0x64, 0x18, 0x74, 0x18, 0xA0, 0x00, 0xC8, 0x07, 0x1B, 0x27,
    0x1A, 0x1A, 0x1A, 0x7E, 0x01, 0x64, 0xD6, 0x03, 0x10, 0x17, 0x64, 0x88, 0x0C, 0x48, 0x22, 0x01,
    0x44, 0x58, 0x30, 0x98, 0x00, 0x61, 0x01, 0x10, 0x2E, 0x60, 0x78, 0xC0, 0x70, 0x81, 0xE1, 0x00,
    0xE3, 0x01, 0xA6, 0x03, 0x4C, 0x0D, 0xCE, 0x2E, 0x9B, 0x33, 0xEC, 0x1F, 0xC8, 0x1F, 0xE0, 0x66,
    0x00, 0x00, 0x75, 0xD2, 0x01, 0x87, 0x1C, 0x31, 0x14, 0x07, 0xF0, 0x7F, 0x26, 0x7A, 0x83, 0x20,
    0x45, 0xA1, 0xAD, 0x6B, 0xA0, 0x00, 0x76, 0xA0, 0x80, 0xDD, 0x4D, 0x3E, 0x44, 0xBF, 0x47, 0x01,
    0x8A, 0x69, 0x37, 0xEE, 0x13, 0xEC, 0xE7, 0x28, 0x0A, 0x8A, 0xC3, 0x9E, 0xCD, 0x47, 0x88, 0x02,
    0x14, 0x86, 0x16, 0x28, 0x2E, 0x18, 0xCC, 0xD5, 0xEC, 0xA6, 0xEF, 0xBD, 0xED, 0x68, 0x55, 0xFB,
    0xCC, 0xFF, 0x37, 0x26, 0x72, 0x2F, 0xB9, 0x67, 0x81, 0x23, 0xA0, 0x6B, 0x82, 0xF9, 0x32, 0xC0,
    0xE9, 0x82, 0x6B, 0x0A, 0x96, 0xB4, 0x05, 0x57, 0x75, 0x80, 0xBF, 0x1F, 0xD4, 0xC9, 0xE6, 0x76,
    0xB0, 0xC9, 0x46, 0x17, 0x3B, 0xF8, 0xB0, 0x85, 0x47, 0x8F, 0x3B, 0xF4, 0x6A, 0x46, 0x4F, 0x5B,
    0xB7, 0x2E, 0xC3, 0xD7, 0x00, 0x33, 0x61, 0xA9, 0xC7, 0xCC, 0x5B, 0x66, 0xA6, 0x34, 0x8C, 0x3E,
    0x11, 0xF6, 0x23, 0xE1, 0x1C, 0xB1, 0xB1, 0xC4, 0x64, 0x22, 0x54, 0x69, 0x13, 0x74, 0xD6, 0x09,
    0x26, 0xE9, 0x0C, 0x87, 0x66, 0xC0, 0x96, 0x56, 0x71, 0x00, 0x8A, 0x1A, 0x81, 0x49, 0x0F, 0xC0,
    0xC1, 0x24, 0xA0, 0xB7, 0x11, 0xD8, 0xF8, 0x5A, 0xEB, 0x59, 0xC0, 0xAE, 0xD6, 0x13, 0x8E, 0xB5,
    0xCE, 0xB8, 0x05, 0x7A, 0x8C, 0xA0, 0x77, 0x01, 0x26, 0x45, 0x8C, 0x4C, 0xA1, 0x66, 0xAA, 0x68,
    0x21, 0x53, 0x67, 0xCD, 0x47, 0xB5, 0x8C, 0x21, 0x12, 0x1D, 0xDF, 0x26, 0x1B, 0x60, 0x84, 0x68,
    0x01, 0x1B, 0x1C, 0xD3, 0x01, 0x0E, 0x2B, 0x66, 0x03, 0x7A, 0xAF, 0x81, 0x2D, 0x7A, 0xD0, 0xC7,
    0x13, 0xF0, 0x23, 0xC5, 0x07, 0x57, 0xA0, 0x8A, 0x77, 0xE0, 0xF2, 0x81, 0xB5, 0x89, 0x6D, 0x07,
    0xB6, 0x99, 0x58, 0x9C, 0x44, 0x2F, 0xBA, 0xC4, 0x9A, 0xCC, 0xB6, 0xA2, 0x8B, 0xEC, 0x7B, 0x46,
    0x4D, 0xAC, 0x19, 0xD8, 0x2E, 0xB0, 0xD2, 0xB9, 0x19, 0x97, 0xBF, 0x59, 0x0E, 0xD9, 0xD1, 0xB1,
    0x09, 0x47, 0x56, 0xC6, 0x20, 0x53, 0xA0, 0x7A, 0xC9, 0x14, 0x4A, 0x93, 0x09, 0x13, 0x09, 0x47,
    0xC1, 0x9A, 0x19, 0x79, 0x7D, 0x20, 0x5A, 0x5E, 0xB7, 0xFF, 0x58, 0x4F, 0xCB, 0xFA, 0x86, 0xF9,
    0xF4, 0x9F, 0xF5, 0x2E, 0x1C, 0x53, 0x4D, 0x35, 0x5E, 0xAE, 0xFC, 0x61, 0x4F, 0xEA, 0xBA, 0x9C,
    0x07, 0x58, 0x06, 0x2B, 0x71, 0x2D, 0xDE, 0x8A, 0x85, 0xE1, 0x7E, 0xBB, 0xA8, 0x13, 0x70, 0x8C,
    0xBC, 0xBD, 0x4D, 0xBC, 0x5D, 0xA7, 0x95, 0xB8, 0x16, 0x6F, 0xD9, 0x2C, 0xFF, 0xC5, 0xE7, 0x81,
    0xFD, 0x9A, 0x48, 0xF5, 0x3D, 0xB0, 0xF5, 0x8F, 0x89, 0xCE, 0xA2, 0x94, 0x3A, 0x06, 0xEE, 0x58,
    0x0B, 0x3D, 0xEE, 0x66, 0xF6, 0x37, 0xD3, 0x16, 0x7E, 0xC6, 0xDC, 0xC3, 0x16, 0x1C, 0xC8, 0xCC,
    0xEE, 0x46, 0x4C, 0xBE, 0x19, 0xCF, 0x6D, 0xE9, 0x6A, 0xF6, 0x35, 0xB7, 0x67, 0xD0, 0xB3, 0x54,
    0xF3, 0x00, 0xD8, 0x19, 0xF0, 0xBF, 0x2E, 0xDE, 0x53, 0x0E, 0x94, 0x89, 0x32, 0x52, 0x0A, 0xA0,
    0x28, 0x0D, 0x67, 0x00, 0x34, 0x27, 0xCB, 0x74, 0x24, 0x86, 0x62, 0x23, 0x25, 0x5C, 0xE2, 0x70,
    0x49, 0x47, 0xD9, 0x5E, 0x5A, 0x75, 0x23, 0x25, 0x02, 0x78, 0x8A, 0x26, 0xAA, 0x3A, 0xB4, 0x49,
    0xFF, 0x38, 0xB9, 0x60, 0x92, 0x3F, 0xC3, 0x86, 0x76, 0xC2, 0xA5, 0x5E, 0xE3, 0x11, 0x74, 0x0D,
    0x2F, 0x60, 0xEF, 0xC7, 0x77, 0x58, 0xA9, 0x3A, 0x61, 0x03, 0x97, 0x01, 0xA8, 0xBD, 0x9C, 0x25,
    0xFD, 0x57, 0x70, 0xB5, 0x9E, 0x3A, 0x8A, 0x5C, 0x67, 0x59, 0xEE, 0xE4, 0xD7, 0x31, 0x1E, 0x6B,
    0x2D, 0x7C, 0x53, 0x59, 0x8E, 0xC0, 0x33, 0xFC, 0x2E, 0x95, 0x89, 0x37, 0x84, 0x39, 0xF3, 0xE4,
    0xF6, 0x97, 0x8B, 0x5D, 0xD1, 0x07, 0xAC, 0x8C, 0x5D, 0x66, 0xD2, 0xC9, 0xEC, 0x6B, 0x20, 0xDD,
    0x48, 0x28, 0x19, 0xFA, 0x35, 0x23, 0x47, 0xCC, 0x17, 0xA4, 0x74, 0x66, 0x64, 0xC3, 0x2E, 0x13,
    0xED, 0xD2, 0x61, 0x69, 0xB6, 0x0B, 0xC0, 0xF3, 0x07, 0xEE, 0x17, 0xE9, 0xE3, 0x1B, 0x60, 0x78,
    0xB3, 0xDF, 0x13, 0xAF, 0x28, 0x7F, 0x37, 0xFD, 0x09, 0x2D, 0xCC, 0x01, 0x06, 0x04, 0x21, 0x14,
    0x06, 0xE0, 0x7F, 0x66, 0x10, 0x06, 0x1D, 0x60, 0xD1, 0x11, 0xE6, 0x04, 0xA5, 0x83, 0xCD, 0xDA,
    0x0E, 0x16, 0xBD, 0x23, 0xB4, 0x37, 0xE8, 0x08, 0x0F, 0x83, 0x10, 0xED, 0x4F, 0x8B, 0x0F, 0xE0,
    0xC3, 0xAB, 0x07, 0x7C, 0x46, 0xC1, 0xC0, 0x7B, 0x53, 0xE0, 0x68, 0x4B, 0x99, 0xAD, 0x97, 0x59,
    0x1F, 0x23, 0x9B, 0x9E, 0x64, 0xD3, 0xAE, 0x36, 0x1E, 0x8D, 0xAA, 0xC3, 0x51, 0x2F, 0x18, 0xB9,
    0x70, 0x4A, 0x20, 0x0F, 0x9B, 0x28, 0xDE, 0x94, 0xE1, 0x00, 0xC0, 0xF3, 0xF5, 0x7C, 0x6F, 0xBE,
    0x99, 0x6F, 0xE6, 0xD9, 0xE9, 0xE1, 0xAB, 0x65, 0x7E, 0xD5, 0xC8, 0xCE, 0x97, 0x5F, 0x5A, 0xA7,
    0x8D, 0x46, 0xDC, 0x3A, 0xC9, 0xA6, 0xC0, 0xCB, 0xD3, 0xFF, 0x1D, 0x19, 0xA6, 0xFF, 0x00,
};

static const EpdGlyph sarabun_14_italicGlyphs[] = {
    { 0, 0, 0, 0, 0, 0, 0 }, // U+0000
    { 0, 0, 113, 0, 0, 0, 0 }, // U+000D
    { 0, 0, 113, 0, 0, 0, 0 }, // U+0020
    { 8, 21, 111, 0, 21, 42, 0 }, // !
    { 10, 7, 165, 2, 21, 18, 42 }, // "
    { 19, 21, 320, 1, 21, 100, 60 }, // #
    { 16, 25, 247, 0, 23, 100, 160 }, // $
    { 23, 21, 421, 2, 21, 121, 260 }, // %
    { 19, 21, 312, 0, 21, 100, 381 }, // &
    { 5, 7, 90, 2, 21, 9, 481 }, // '
    { 10, 24, 148, 1, 22, 60, 490 }, // (
    { 10, 24, 148, -1, 22, 60, 550 }, // )
    { 12, 12, 209, 2, 22, 36, 610 }, // *
    { 16, 16, 283, 1, 16, 64, 646 }, // +
    { 6, 9, 118, -1, 4, 14, 710 }, // ,
    { 10, 2, 159, 0, 9, 5, 724 }, // -
    { 5, 4, 118, 0, 4, 5, 729 }, // .
    { 19, 23, 194, -3, 21, 110, 734 }, // /
    { 15, 21, 257, 1, 21, 79, 844 }, // 0
    { 11, 21, 257, 2, 21, 58, 923 }, // 1
    { 16, 21, 257, 0, 21, 84, 981 }, // 2
    { 16, 21, 257, 0, 21, 84, 1065 }, // 3
    { 16, 21, 257, 0, 21, 84, 1149 }, // 4
    { 17, 21, 257, 0, 21, 90, 1233 }, // 5
    { 15, 21, 257, 1, 21, 79, 1323 }, // 6
    { 14, 21, 257, 3, 21, 74, 1402 }, // 7
    { 16, 21, 257, 0, 21, 84, 1476 }, // 8
    { 15, 21, 257, 1, 21, 79, 1560 }, // 9
    { 7, 14, 118, 0, 14, 25, 1639 }, // :
    { 8, 19, 118, -1, 14, 38, 1664 }, // ;
    { 17, 17, 283, 1, 17, 73, 1702 }, // <
    { 16, 8, 283, 1, 12, 32, 1775 }, // =
    { 17, 17, 283, 0, 17, 73, 1807 }, // >
    { 12, 21, 212, 2, 21, 63, 1880 }, // ?
    { 23, 22, 371, 0, 17, 127, 1943 }, // @
    { 17, 21, 278, -1, 21, 90, 2070 }, // A
    { 16, 21, 275, 1, 21, 84, 2160 }, // B
    { 18, 21, 273, 1, 21, 95, 2244 }, // C
    { 17, 21, 291, 1, 21, 90, 2339 }, // D
    { 16, 21, 258, 1, 21, 84, 2429 }, // E
    { 17, 21, 257, 1, 21, 90, 2513 }, // F
    { 18, 21, 297, 1, 21, 95, 2603 }, // G
    { 19, 21, 316, 1, 21, 100, 2698 }, // H
    { 7, 21, 136, 1, 21, 37, 2798 }, // I
    { 14, 21, 205, -1, 21, 74, 2835 }, // J
    { 18, 21, 282, 1, 21, 95, 2909 }, // K
    { 13, 21, 256, 1, 21, 69, 3004 }, // L
    { 23, 21, 372, 1, 21, 121, 3073 }, // M
    { 19, 21, 318, 1, 21, 100, 3194 }, // N
    { 19, 21, 309, 1, 21, 100, 3294 }, // O
    { 16, 21, 267, 1, 21, 84, 3394 }, // P
    { 19, 25, 309, 1, 21, 119, 3478 }, // Q
    { 16, 21, 271, 1, 21, 84, 3597 }, // R
    { 16, 21, 247, 0, 21, 84, 3681 }, // S
    { 17, 21, 260, 2, 21, 90, 3765 }, // T
    { 18, 21, 307, 2, 21, 95, 3855 }, // U
    { 18, 21, 281, 2, 21, 95, 3950 }, // V
    { 23, 21, 388, 3, 21, 121, 4045 }, // W
    { 20, 21, 282, -1, 21, 105, 4166 }, // X
    { 17, 21, 267, 2, 21, 90, 4271 }, // Y
    { 19, 21, 265, -1, 21, 100, 4361 }, // Z
    { 12, 24, 144, -1, 21, 72, 4461 }, // [
    { 11, 23, 178, 1, 21, 64, 4533 }, // <backslash>
    { 12, 24, 144, -2, 21, 72, 4597 }, // ]
    { 15, 14, 273, 1, 21, 53, 4669 }, // ^
    { 10, 2, 151, -3, -6, 5, 4722 }, // _
    { 5, 4, 187, 5, 20, 5, 4727 }, // `
    { 16, 15, 253, 0, 15, 60, 4732 }, // a
    { 16, 22, 253, 0, 22, 88, 4792 }, // b
    { 15, 15, 221, 0, 15, 57, 4880 }, // c
    { 17, 22, 253, 0, 22, 94, 4937 }, // d
    { 15, 15, 242, 0, 15, 57, 5031 }, // e
    { 12, 21, 154, 1, 21, 63, 5088 }, // f
    { 17, 22, 253, -1, 15, 94, 5151 }, // g
    { 15, 22, 260, 0, 22, 83, 5245 }, // h
    { 7, 21, 114, 1, 21, 37, 5328 }, // i
    { 12, 26, 115, -4, 21, 78, 5365 }, // j
    { 15, 22, 227, 0, 22, 83, 5443 }, // k
    { 7, 22, 136, 1, 22, 39, 5526 }, // l
    { 24, 15, 392, 0, 15, 90, 5565 }, // m
    { 15, 15, 256, 0, 15, 57, 5655 }, // n
    { 16, 15, 260, 0, 15, 60, 5712 }, // o
    { 17, 22, 254, -1, 15, 94, 5772 }, // p
    { 16, 22, 254, 0, 15, 88, 5866 }, // q
    { 12, 15, 163, 0, 15, 45, 5954 }, // r
    { 12, 15, 194, 0, 15, 45, 5999 }, // s
    { 10, 20, 176, 1, 20, 50, 6044 }, // t
    { 15, 15, 258, 1, 15, 57, 6094 }, // u
    { 14, 15, 224, 1, 15, 53, 6151 }, // v
    { 20, 15, 312, 1, 15, 75, 6204 }, // w
    { 15, 15, 215, -1, 15, 57, 6279 }, // x
    { 18, 21, 216, -3, 15, 95, 6336 }, // y
    { 15, 15, 211, -1, 15, 57, 6431 }, // z
    { 10, 24, 149, 1, 21, 60, 6488 }, // {
    { 8, 26, 113, 0, 21, 52, 6548 }, // |
    { 10, 24, 149, -1, 21, 60, 6600 }, // }
    { 16, 5, 283, 1, 11, 20, 6660 }, // ~
    { 0, 0, 113, 0, 0, 0, 0 }, // U+00A0
    { 8, 21, 111, -1, 15, 42, 0 }, // U+00A1
    { 14, 21, 221, 1, 20, 74, 42 }, // U+00A2
    { 16, 21, 250, 0, 21, 84, 116 }, // U+00A3
    { 19, 18, 287, 0, 19, 86, 200 }, // U+00A4
    { 18, 21, 270, 1, 21, 95, 286 }, // U+00A5
    { 8, 25, 113, 0, 21, 50, 381 }, // U+00A6
    { 16, 24, 248, 0, 21, 96, 431 }, // U+00A7
    { 10, 3, 187, 3, 19, 8, 527 }, // U+00A8
    { 22, 21, 375, 1, 21, 116, 535 }, // U+00A9
    { 9, 10, 169, 2, 20, 23, 651 }, // U+00AA
    { 15, 12, 240, 1, 14, 45, 674 }, // U+00AB
    { 17, 8, 283, 1, 12, 34, 719 }, // U+00AC
    { 10, 2, 159, 0, 9, 5, 753 }, // U+00AD
    { 13, 12, 242, 2, 21, 39, 758 }, // U+00AE
    { 11, 2, 187, 2, 19, 6, 797 }, // U+00AF
    { 9, 8, 147, 2, 21, 18, 803 }, // U+00B0
    { 17, 17, 283, 0, 17, 73, 821 }, // U+00B1
    { 11, 14, 187, 1, 20, 39, 894 }, // U+00B2
    { 11, 14, 187, 1, 20, 39, 933 }, // U+00B3
    { 6, 5, 187, 5, 21, 8, 972 }, // U+00B4
    { 17, 22, 258, -1, 15, 94, 980 }, // U+00B5
    { 14, 24, 250, 2, 21, 84, 1074 }, // U+00B6
    { 5, 4, 117, 1, 10, 5, 1158 }, // U+00B7
    { 7, 8, 187, 0, 1, 14, 1163 }, // U+00B8
    { 8, 14, 187, 2, 20, 28, 1177 }, // U+00B9
    { 10, 11, 182, 2, 20, 28, 1205 }, // U+00BA
    { 14, 12, 240, 0, 14, 42, 1233 }, // U+00BB
    { 24, 22, 451, 2, 21, 132, 1275 }, // U+00BC
    { 25, 22, 451, 2, 21, 138, 1407 }, // U+00BD
    { 25, 22, 451, 1, 21, 138, 1545 }, // U+00BE
    { 12, 22, 212, -1, 15, 66, 1683 }, // U+00BF
    { 17, 26, 278, -1, 26, 111, 1749 }, // U+00C0
    { 17, 27, 278, -1, 27, 115, 1860 }, // U+00C1
    { 17, 27, 278, -1, 27, 115, 1975 }, // U+00C2
    { 17, 25, 278, -1, 25, 107, 2090 }, // U+00C3
    { 18, 25, 278, -1, 25, 113, 2197 }, // U+00C4
    { 17, 26, 278, -1, 26, 111, 2310 }, // U+00C5
    { 26, 21, 373, -1, 21, 137, 2421 }, // U+00C6
    { 18, 28, 273, 1, 21, 126, 2558 }, // U+00C7
    { 16, 26, 258, 1, 26, 104, 2684 }, // U+00C8
    { 16, 27, 258, 1, 27, 108, 2788 }, // U+00C9
    { 16, 27, 258, 1, 27, 108, 2896 }, // U+00CA
    { 16, 25, 258, 1, 25, 100, 3004 }, // U+00CB
    { 7, 26, 136, 1, 26, 46, 3104 }, // U+00CC
    { 11, 27, 136, 1, 27, 75, 3150 }, // U+00CD
    { 10, 27, 136, 1, 27, 68, 3225 }, // U+00CE
    { 11, 25, 136, 1, 25, 69, 3293 }, // U+00CF
    { 18, 21, 292, 0, 21, 95, 3362 }, // U+00D0
    { 19, 25, 318, 1, 25, 119, 3457 }, // U+00D1
    { 19, 27, 309, 1, 27, 129, 3576 }, // U+00D2
    { 19, 27, 309, 1, 27, 129, 3705 }, // U+00D3
    { 19, 27, 309, 1, 27, 129, 3834 }, // U+00D4
    { 19, 26, 309, 1, 26, 124, 3963 }, // U+00D5
    { 19, 25, 309, 1, 25, 119, 4087 }, // U+00D6
    { 17, 15, 283, 0, 15, 64, 4206 }, // U+00D7
    { 20, 22, 309, 0, 21, 110, 4270 }, // U+00D8
    { 18, 27, 307, 2, 27, 122, 4380 }, // U+00D9
    { 18, 27, 307, 2, 27, 122, 4502 }, // U+00DA
    { 18, 27, 307, 2, 27, 122, 4624 }, // U+00DB
    { 18, 25, 307, 2, 25, 113, 4746 }, // U+00DC
    { 17, 27, 267, 2, 27, 115, 4859 }, // U+00DD
    { 15, 21, 265, 1, 21, 79, 4974 }, // U+00DE
    { 16, 21, 264, 0, 21, 84, 5053 }, // U+00DF
    { 16, 21, 253, 0, 21, 84, 5137 }, // U+00E0
    { 16, 21, 253, 0, 21, 84, 5221 }, // U+00E1
    { 16, 21, 253, 0, 21, 84, 5305 }, // U+00E2
    { 16, 20, 253, 0, 20, 80, 5389 }, // U+00E3
    { 16, 20, 253, 0, 20, 80, 5469 }, // U+00E4
    { 16, 21, 253, 0, 21, 84, 5549 }, // U+00E5
    { 24, 15, 385, 0, 15, 90, 5633 }, // U+00E6
    { 15, 22, 221, 0, 15, 83, 5723 }, // U+00E7
    { 15, 21, 242, 0, 21, 79, 5806 }, // U+00E8
    { 15, 21, 242, 0, 21, 79, 5885 }, // U+00E9
    { 15, 21, 242, 0, 21, 79, 5964 }, // U+00EA
    { 15, 20, 242, 0, 20, 75, 6043 }, // U+00EB
    { 6, 21, 118, 1, 21, 32, 6118 }, // U+00EC
    { 9, 21, 118, 1, 21, 48, 6150 }, // U+00ED
    { 9, 21, 118, 1, 21, 48, 6198 }, // U+00EE
    { 9, 19, 118, 1, 19, 43, 6246 }, // U+00EF
    { 14, 21, 231, 0, 21, 74, 6289 }, // U+00F0
    { 15, 19, 256, 0, 19, 72, 6363 }, // U+00F1
    { 16, 21, 260, 0, 21, 84, 6435 }, // U+00F2
    { 16, 21, 260, 0, 21, 84, 6519 }, // U+00F3
    { 16, 21, 260, 0, 21, 84, 6603 }, // U+00F4
    { 16, 20, 260, 0, 20, 80, 6687 }, // U+00F5
    { 16, 20, 260, 0, 20, 80, 6767 }, // U+00F6
    { 16, 14, 283, 1, 15, 56, 6847 }, // U+00F7
    { 16, 17, 260, 0, 16, 68, 6903 }, // U+00F8
    { 15, 21, 258, 1, 21, 79, 6971 }, // U+00F9
    { 15, 21, 258, 1, 21, 79, 7050 }, // U+00FA
    { 15, 21, 258, 1, 21, 79, 7129 }, // U+00FB
    { 15, 20, 258, 1, 20, 75, 7208 }, // U+00FC
    { 18, 27, 216, -3, 21, 122, 7283 }, // U+00FD
    { 16, 29, 249, -1, 22, 116, 7405 }, // U+00FE
    { 18, 26, 216, -3, 20, 117, 7521 }, // U+00FF
    { 18, 24, 278, -1, 24, 108, 0 }, // U+0100
    { 16, 19, 253, 0, 19, 76, 108 }, // U+0101
    { 18, 26, 278, -1, 26, 117, 184 }, // U+0102
    { 16, 21, 253, 0, 21, 84, 301 }, // U+0103
    { 17, 28, 278, -1, 21, 119, 385 }, // U+0104
    { 16, 22, 253, 0, 15, 88, 504 }, // U+0105
    { 18, 27, 273, 1, 27, 122, 592 }, // U+0106
    { 15, 21, 221, 0, 21, 79, 714 }, // U+0107
    { 18, 27, 273, 1, 27, 122, 793 }, // U+0108
    { 15, 21, 221, 0, 21, 79, 915 }, // U+0109
    { 18, 25, 273, 1, 25, 113, 994 }, // U+010A
    { 15, 20, 221, 0, 20, 75, 1107 }, // U+010B
    { 18, 27, 273, 1, 27, 122, 1182 }, // U+010C
    { 15, 21, 221, 0, 21, 79, 1304 }, // U+010D
    { 17, 27, 291, 1, 27, 115, 1383 }, // U+010E
    { 22, 23, 309, 0, 23, 127, 1498 }, // U+010F
    { 18, 21, 292, 0, 21, 95, 1625 }, // U+0110
    { 18, 22, 260, 0, 22, 99, 1720 }, // U+0111
    { 16, 24, 258, 1, 24, 96, 1819 }, // U+0112
    { 15, 19, 242, 0, 19, 72, 1915 }, // U+0113
    { 16, 26, 258, 1, 26, 104, 1987 }, // U+0114
    { 15, 21, 242, 0, 21, 79, 2091 }, // U+0115
    { 16, 25, 258, 1, 25, 100, 2170 }, // U+0116
    { 15, 20, 242, 0, 20, 75, 2270 }, // U+0117
    { 16, 28, 258, 1, 21, 112, 2345 }, // U+0118
    { 15, 20, 242, 0, 15, 75, 2457 }, // U+0119
    { 16, 27, 258, 1, 27, 108, 2532 }, // U+011A
    { 15, 21, 242, 0, 21, 79, 2640 }, // U+011B
    { 18, 27, 297, 1, 27, 122, 2719 }, // U+011C
    { 17, 28, 253, -1, 21, 119, 2841 }, // U+011D
    { 18, 27, 297, 1, 27, 122, 2960 }, // U+011E
    { 17, 28, 253, -1, 21, 119, 3082 }, // U+011F
    { 18, 25, 297, 1, 25, 113, 3201 }, // U+0120
    { 17, 26, 253, -1, 19, 111, 3314 }, // U+0121
    { 18, 29, 297, 1, 21, 131, 3425 }, // U+0122
    { 17, 29, 253, -1, 22, 124, 3556 }, // U+0123
    { 19, 27, 316, 1, 27, 129, 3680 }, // U+0124
    { 15, 28, 260, 0, 28, 105, 3809 }, // U+0125
    { 21, 21, 326, 1, 21, 111, 3914 }, // U+0126
    { 15, 22, 260, 0, 22, 83, 4025 }, // U+0127
    { 11, 25, 136, 1, 25, 69, 4108 }, // U+0128
    { 10, 19, 118, 0, 19, 48, 4177 }, // U+0129
    { 11, 24, 136, 1, 24, 66, 4225 }, // U+012A
    { 11, 18, 118, 0, 18, 50, 4291 }, // U+012B
    { 11, 26, 136, 1, 26, 72, 4341 }, // U+012C
    { 10, 21, 118, 1, 21, 53, 4413 }, // U+012D
    { 10, 28, 136, -2, 21, 70, 4466 }, // U+012E
    { 10, 28, 114, -2, 21, 70, 4536 }, // U+012F
    { 8, 25, 136, 1, 25, 50, 4606 }, // U+0130
    { 6, 15, 118, 1, 15, 23, 4656 }, // U+0131
    { 21, 21, 342, 1, 21, 111, 4679 }, // U+0132
    { 14, 27, 230, 1, 21, 95, 4790 }, // U+0133
    { 15, 27, 205, -1, 27, 102, 4885 }, // U+0134
    { 14, 26, 115, -4, 21, 91, 4987 }, // U+0135
    { 18, 29, 282, 1, 21, 131, 5078 }, // U+0136
    { 15, 30, 227, 0, 22, 113, 5209 }, // U+0137
    { 15, 15, 227, 0, 15, 57, 5322 }, // U+0138
    { 13, 27, 256, 1, 27, 88, 5379 }, // U+0139
    { 10, 28, 136, 1, 28, 70, 5467 }, // U+013A
    { 13, 29, 256, 1, 21, 95, 5537 }, // U+013B
    { 7, 30, 136, 1, 22, 53, 5632 }, // U+013C
    { 16, 21, 256, 1, 21, 84, 5685 }, // U+013D
    { 12, 22, 155, 1, 22, 66, 5769 }, // U+013E
    { 13, 21, 256, 1, 21, 69, 5835 }, // U+013F
    { 9, 22, 157, 1, 22, 50, 5904 }, // U+0140
    { 14, 21, 256, 0, 21, 74, 5954 }, // U+0141
    { 9, 22, 136, 0, 22, 50, 6028 }, // U+0142
    { 19, 27, 318, 1, 27, 129, 6078 }, // U+0143
    { 15, 21, 256, 0, 21, 79, 6207 }, // U+0144
    { 19, 29, 318, 1, 21, 138, 6286 }, // U+0145
    { 15, 23, 256, 0, 15, 87, 6424 }, // U+0146
    { 19, 27, 318, 1, 27, 129, 6511 }, // U+0147
    { 15, 21, 256, 0, 21, 79, 6640 }, // U+0148
    { 15, 21, 295, 2, 21, 79, 6719 }, // U+0149
    { 19, 29, 318, 1, 21, 138, 6798 }, // U+014A
    { 15, 21, 256, 0, 15, 79, 6936 }, // U+014B
    { 19, 25, 309, 1, 25, 119, 7015 }, // U+014C
    { 16, 19, 260, 0, 19, 76, 7134 }, // U+014D
    { 19, 27, 309, 1, 27, 129, 7210 }, // U+014E
    { 16, 21, 260, 0, 21, 84, 7339 }, // U+014F
    { 19, 27, 309, 1, 27, 129, 7423 }, // U+0150
    { 16, 21, 260, 0, 21, 84, 7552 }, // U+0151
    { 26, 21, 416, 1, 21, 137, 7636 }, // U+0152
    { 25, 15, 406, 0, 15, 94, 7773 }, // U+0153
    { 16, 27, 271, 1, 27, 108, 7867 }, // U+0154
    { 12, 21, 163, 0, 21, 63, 7975 }, // U+0155
    { 16, 29, 271, 1, 21, 116, 8038 }, // U+0156
    { 13, 23, 163, -1, 15, 75, 8154 }, // U+0157
    { 16, 27, 271, 1, 27, 108, 8229 }, // U+0158
    { 12, 21, 163, 0, 21, 63, 8337 }, // U+0159
    { 16, 27, 247, 0, 27, 108, 8400 }, // U+015A
    { 13, 21, 194, 0, 21, 69, 8508 }, // U+015B
    { 16, 27, 247, 0, 27, 108, 8577 }, // U+015C
    { 12, 21, 194, 0, 21, 63, 8685 }, // U+015D
    { 16, 28, 247, 0, 21, 112, 8748 }, // U+015E
    { 12, 22, 194, 0, 15, 66, 8860 }, // U+015F
    { 16, 27, 247, 0, 27, 108, 8926 }, // U+0160
    { 13, 21, 194, 0, 21, 69, 9034 }, // U+0161
    { 17, 28, 260, 2, 21, 119, 9103 }, // U+0162
    { 10, 27, 176, 1, 20, 68, 9222 }, // U+0163
    { 17, 27, 260, 2, 27, 115, 9290 }, // U+0164
    { 15, 21, 214, 1, 21, 79, 9405 }, // U+0165
    { 17, 21, 260, 2, 21, 90, 9484 }, // U+0166
    { 11, 20, 176, 0, 20, 55, 9574 }, // U+0167
    { 18, 26, 307, 2, 26, 117, 9629 }, // U+0168
    { 15, 20, 258, 1, 20, 75, 9746 }, // U+0169
    { 18, 25, 307, 2, 25, 113, 9821 }, // U+016A
    { 15, 19, 258, 1, 19, 72, 9934 }, // U+016B
    { 18, 27, 307, 2, 27, 122, 10006 }, // U+016C
    { 15, 21, 258, 1, 21, 79, 10128 }, // U+016D
    { 18, 27, 307, 2, 27, 122, 10207 }, // U+016E
    { 15, 21, 258, 1, 21, 79, 10329 }, // U+016F
    { 18, 27, 307, 2, 27, 122, 10408 }, // U+0170
    { 15, 21, 258, 1, 21, 79, 10530 }, // U+0171
    { 18, 28, 307, 2, 21, 126, 10609 }, // U+0172
    { 15, 22, 258, 1, 15, 83, 10735 }, // U+0173
    { 23, 27, 388, 3, 27, 156, 10818 }, // U+0174
    { 20, 21, 312, 1, 21, 105, 10974 }, // U+0175
    { 17, 27, 267, 2, 27, 115, 11079 }, // U+0176
    { 18, 27, 216, -3, 21, 122, 11194 }, // U+0177
    { 17, 25, 267, 2, 25, 107, 11316 }, // U+0178
    { 19, 27, 265, -1, 27, 129, 11423 }, // U+0179
    { 15, 21, 211, -1, 21, 79, 11552 }, // U+017A
    { 19, 25, 265, -1, 25, 119, 11631 }, // U+017B
    { 15, 19, 211, -1, 19, 72, 11750 }, // U+017C
    { 19, 27, 265, -1, 27, 129, 11822 }, // U+017D
    { 15, 21, 211, -1, 21, 79, 11951 }, // U+017E
    { 23, 21, 325, 1, 21, 121, 0 }, // U+01A0
    { 20, 15, 279, 0, 15, 75, 121 }, // U+01A1
    { 22, 21, 324, 2, 21, 116, 196 }, // U+01AF
    { 19, 15, 280, 1, 15, 72, 312 }, // U+01B0
    { 18, 27, 278, -1, 27, 122, 384 }, // U+01CD
    { 16, 21, 253, 0, 21, 84, 506 }, // U+01CE
    { 11, 27, 136, 1, 27, 75, 590 }, // U+01CF
    { 10, 21, 118, 1, 21, 53, 665 }, // U+01D0
    { 19, 27, 309, 1, 27, 129, 718 }, // U+01D1
    { 16, 21, 260, 0, 21, 84, 847 }, // U+01D2
    { 18, 27, 307, 2, 27, 122, 931 }, // U+01D3
    { 15, 21, 258, 1, 21, 79, 1053 }, // U+01D4
    { 18, 29, 307, 2, 29, 131, 1132 }, // U+01D5
    { 15, 23, 258, 1, 23, 87, 1263 }, // U+01D6
    { 18, 30, 307, 2, 30, 135, 1350 }, // U+01D7
    { 15, 24, 258, 1, 24, 90, 1485 }, // U+01D8
    { 18, 30, 307, 2, 30, 135, 1575 }, // U+01D9
    { 15, 24, 258, 1, 24, 90, 1710 }, // U+01DA
    { 18, 29, 307, 2, 29, 131, 1800 }, // U+01DB
    { 15, 23, 258, 1, 23, 87, 1931 }, // U+01DC
    { 18, 27, 297, 1, 27, 122, 2018 }, // U+01E6
    { 17, 28, 253, -1, 21, 119, 2140 }, // U+01E7
    { 17, 30, 278, -1, 30, 128, 2259 }, // U+01FA
    { 16, 26, 253, 0, 26, 104, 2387 }, // U+01FB
    { 26, 27, 373, -1, 27, 176, 2491 }, // U+01FC
    { 24, 21, 385, 0, 21, 126, 2667 }, // U+01FD
    { 20, 28, 309, 0, 27, 140, 2793 }, // U+01FE
    { 16, 22, 260, 0, 21, 88, 2933 }, // U+01FF
    { 16, 29, 247, 0, 21, 116, 3021 }, // U+0218
    { 12, 23, 194, 0, 15, 69, 3137 }, // U+0219
    { 17, 29, 260, 2, 21, 124, 3206 }, // U+021A
    { 10, 28, 176, 1, 20, 70, 3330 }, // U+021B
    { 5, 4, 0, -2, 20, 5, 0 }, // U+0300
    { 7, 5, 0, 0, 21, 9, 5 }, // U+0301
    { 9, 4, 0, -3, 20, 9, 14 }, // U+0302
    { 10, 3, 0, -3, 19, 8, 23 }, // U+0303
    { 10, 2, 0, -3, 19, 5, 31 }, // U+0304
    { 10, 4, 0, -3, 20, 10, 36 }, // U+0306
    { 4, 3, 0, 0, 19, 3, 46 }, // U+0307
    { 10, 3, 0, -3, 19, 8, 49 }, // U+0308
    { 7, 7, 0, -1, 23, 13, 57 }, // U+0309
    { 6, 5, 0, -1, 21, 8, 70 }, // U+030A
    { 10, 4, 0, -2, 20, 10, 78 }, // U+030B
    { 9, 4, 0, -2, 20, 9, 88 }, // U+030C
    { 7, 8, 0, -3, 16, 14, 97 }, // U+031B
    { 4, 3, 0, -4, -2, 3, 111 }, // U+0323
    { 10, 3, 0, -7, -2, 8, 114 }, // U+0324
    { 4, 6, 0, -4, -2, 6, 122 }, // U+0326
    { 7, 8, 0, -6, 1, 14, 128 }, // U+0327
    { 6, 7, 0, -6, 1, 11, 142 }, // U+0328
    { 9, 4, 0, -6, -2, 9, 153 }, // U+032E
    { 10, 2, 0, -7, -2, 5, 162 }, // U+0331
    { 16, 17, 269, 0, 17, 68, 0 }, // U+0E01
    { 16, 17, 277, 1, 17, 68, 68 }, // U+0E02
    { 17, 18, 283, 1, 18, 77, 136 }, // U+0E03
    { 16, 17, 281, 1, 17, 68, 213 }, // U+0E04
    { 16, 17, 283, 1, 17, 68, 281 }, // U+0E05
    { 18, 18, 298, 1, 18, 81, 349 }, // U+0E06
    { 13, 17, 212, 0, 17, 56, 430 }, // U+0E07
    { 15, 17, 260, 1, 17, 64, 486 }, // U+0E08
    { 15, 17, 266, 1, 17, 64, 550 }, // U+0E09
    { 18, 18, 283, 1, 18, 81, 614 }, // U+0E0A
    { 18, 18, 288, 1, 18, 81, 695 }, // U+0E0B
    { 24, 17, 377, 0, 17, 102, 776 }, // U+0E0C
    { 23, 25, 387, 1, 17, 144, 878 }, // U+0E0D
    { 18, 26, 286, -1, 17, 117, 1022 }, // U+0E0E
    { 19, 27, 286, -2, 17, 129, 1139 }, // U+0E0F
    { 19, 27, 252, -3, 18, 129, 1268 }, // U+0E10
    { 19, 17, 330, 1, 17, 81, 1397 }, // U+0E11
    { 23, 18, 388, 1, 18, 104, 1478 }, // U+0E12
    { 23, 17, 388, 1, 17, 98, 1582 }, // U+0E13
    { 15, 17, 276, 1, 17, 64, 1680 }, // U+0E14
    { 16, 17, 283, 1, 17, 68, 1744 }, // U+0E15
    { 15, 17, 271, 1, 17, 64, 1812 }, // U+0E16
    { 18, 17, 307, 1, 17, 77, 1876 }, // U+0E17
    { 16, 18, 253, 1, 18, 72, 1953 }, // U+0E18
    { 18, 17, 297, 1, 17, 77, 2025 }, // U+0E19
    { 18, 17, 301, 1, 17, 77, 2102 }, // U+0E1A
    { 19, 24, 306, 1, 24, 114, 2179 }, // U+0E1B
    { 18, 17, 290, 0, 17, 77, 2293 }, // U+0E1C
    { 19, 24, 290, 0, 24, 114, 2370 }, // U+0E1D
    { 20, 17, 336, 1, 17, 85, 2484 }, // U+0E1E
    { 21, 24, 336, 1, 24, 126, 2569 }, // U+0E1F
    { 18, 17, 288, -1, 17, 77, 2695 }, // U+0E20
    { 18, 17, 287, 0, 17, 77, 2772 }, // U+0E21
    { 16, 17, 267, 1, 17, 68, 2849 }, // U+0E22
    { 14, 18, 226, 1, 18, 63, 2917 }, // U+0E23
    { 15, 25, 271, 1, 17, 94, 2980 }, // U+0E24
    { 15, 17, 271, 1, 17, 64, 3074 }, // U+0E25
    { 18, 25, 286, -1, 17, 113, 3138 }, // U+0E26
    { 13, 17, 239, 1, 17, 56, 3251 }, // U+0E27
    { 17, 19, 281, 1, 19, 81, 3307 }, // U+0E28
    { 20, 17, 316, 1, 17, 85, 3388 }, // U+0E29
    { 17, 19, 271, 1, 19, 81, 3473 }, // U+0E2A
    { 18, 17, 297, 1, 17, 77, 3554 }, // U+0E2B
    { 22, 19, 336, 1, 19, 105, 3631 }, // U+0E2C
    { 14, 17, 274, 2, 17, 60, 3736 }, // U+0E2D
    { 17, 17, 264, 1, 17, 73, 3796 }, // U+0E2E
    { 15, 17, 255, 1, 17, 64, 3869 }, // U+0E2F
    { 16, 16, 249, 0, 17, 64, 3933 }, // U+0E30
    { 14, 7, 0, -8, 27, 25, 3997 }, // U+0E31
    { 13, 17, 226, 1, 17, 56, 4022 }, // U+0E32
    { 19, 26, 226, -5, 26, 124, 4078 }, // U+0E33
    { 14, 7, 0, -13, 26, 25, 4202 }, // U+0E34
    { 15, 9, 0, -13, 28, 34, 4227 }, // U+0E35
    { 16, 8, 0, -13, 27, 32, 4261 }, // U+0E36
    { 15, 9, 0, -13, 28, 34, 4293 }, // U+0E37
    { 6, 9, 0, -10, -1, 14, 4327 }, // U+0E38
    { 12, 8, 0, -15, -2, 24, 4341 }, // U+0E39
    { 4, 3, 0, -7, -2, 3, 4365 }, // U+0E3A
    { 16, 26, 275, 1, 23, 104, 4368 }, // U+0E3F
    { 7, 17, 145, 1, 17, 30, 4472 }, // U+0E40
    { 15, 17, 270, 1, 17, 64, 4502 }, // U+0E41
    { 13, 29, 177, 1, 29, 95, 4566 }, // U+0E42
    { 11, 29, 181, 1, 29, 80, 4661 }, // U+0E43
    { 10, 29, 182, 1, 29, 73, 4741 }, // U+0E44
    { 12, 25, 138, -4, 17, 75, 4814 }, // U+0E45
    { 15, 25, 290, 2, 17, 94, 4889 }, // U+0E46
    { 14, 11, 0, -12, 30, 39, 4983 }, // U+0E47
    { 5, 6, 0, -3, 26, 8, 5022 }, // U+0E48
    { 13, 8, 0, -8, 28, 26, 5030 }, // U+0E49
    { 15, 8, 0, -11, 28, 30, 5056 }, // U+0E4A
    { 9, 7, 0, -5, 26, 16, 5086 }, // U+0E4B
    { 11, 10, 0, -7, 29, 28, 5102 }, // U+0E4C
    { 8, 7, 0, -5, 26, 14, 5130 }, // U+0E4D
    { 10, 9, 0, -7, 29, 23, 5144 }, // U+0E4E
    { 16, 14, 290, 1, 14, 56, 5167 }, // U+0E4F
    { 17, 13, 308, 1, 13, 56, 5223 }, // U+0E50
    { 17, 13, 316, 1, 13, 56, 5279 }, // U+0E51
    { 18, 18, 320, 1, 18, 81, 5335 }, // U+0E52
    { 18, 13, 324, 1, 13, 59, 5416 }, // U+0E53
    { 21, 19, 316, 1, 18, 100, 5475 }, // U+0E54
    { 21, 19, 316, 1, 18, 100, 5575 }, // U+0E55
    { 17, 18, 315, 2, 18, 77, 5675 }, // U+0E56
    { 22, 18, 347, 1, 18, 99, 5752 }, // U+0E57
    { 19, 18, 315, 1, 18, 86, 5851 }, // U+0E58
    { 20, 18, 323, 1, 18, 90, 5937 }, // U+0E59
    { 21, 17, 358, 1, 17, 90, 6027 }, // U+0E5A
    { 27, 14, 476, 2, 15, 95, 6117 }, // U+0E5B
    { 17, 26, 278, -1, 21, 111, 0 }, // U+1EA0
    { 16, 20, 253, 0, 15, 80, 111 }, // U+1EA1
    { 17, 29, 278, -1, 29, 124, 191 }, // U+1EA2
    { 16, 23, 253, 0, 23, 92, 315 }, // U+1EA3
    { 20, 29, 278, -1, 29, 145, 407 }, // U+1EA4
    { 17, 23, 253, 0, 23, 98, 552 }, // U+1EA5
    { 19, 29, 278, -1, 29, 138, 650 }, // U+1EA6
    { 16, 23, 253, 0, 23, 92, 788 }, // U+1EA7
    { 21, 30, 278, -1, 30, 158, 880 }, // U+1EA8
    { 17, 25, 253, 0, 25, 107, 1038 }, // U+1EA9
    { 18, 30, 278, -1, 30, 135, 1145 }, // U+1EAA
    { 16, 25, 253, 0, 25, 100, 1280 }, // U+1EAB
    { 17, 32, 278, -1, 27, 136, 1380 }, // U+1EAC
    { 16, 26, 253, 0, 21, 104, 1516 }, // U+1EAD
    { 18, 30, 278, -1, 30, 135, 1620 }, // U+1EAE
    { 16, 24, 253, 0, 24, 96, 1755 }, // U+1EAF
    { 18, 30, 278, -1, 30, 135, 1851 }, // U+1EB0
    { 16, 24, 253, 0, 24, 96, 1986 }, // U+1EB1
    { 18, 31, 278, -1, 31, 140, 2082 }, // U+1EB2
    { 16, 26, 253, 0, 26, 104, 2222 }, // U+1EB3
    { 18, 30, 278, -1, 30, 135, 2326 }, // U+1EB4
    { 16, 25, 253, 0, 25, 100, 2461 }, // U+1EB5
    { 18, 31, 278, -1, 26, 140, 2561 }, // U+1EB6
    { 16, 26, 253, 0, 21, 104, 2701 }, // U+1EB7
    { 16, 26, 258, 1, 21, 104, 2805 }, // U+1EB8
    { 15, 20, 242, 0, 15, 75, 2909 }, // U+1EB9
    { 16, 29, 258, 1, 29, 116, 2984 }, // U+1EBA
    { 15, 23, 242, 0, 23, 87, 3100 }, // U+1EBB
    { 16, 25, 258, 1, 25, 100, 3187 }, // U+1EBC
    { 15, 20, 242, 0, 20, 75, 3287 }, // U+1EBD
    { 18, 29, 258, 1, 29, 131, 3362 }, // U+1EBE
    { 17, 23, 242, 0, 23, 98, 3493 }, // U+1EBF
    { 16, 29, 258, 1, 29, 116, 3591 }, // U+1EC0
    { 16, 23, 242, 0, 23, 92, 3707 }, // U+1EC1
    { 18, 30, 258, 1, 30, 135, 3799 }, // U+1EC2
    { 18, 25, 242, 0, 25, 113, 3934 }, // U+1EC3
    { 16, 30, 258, 1, 30, 120, 4047 }, // U+1EC4
    { 15, 25, 242, 0, 25, 94, 4167 }, // U+1EC5
    { 16, 32, 258, 1, 27, 128, 4261 }, // U+1EC6
    { 15, 26, 242, 0, 21, 98, 4389 }, // U+1EC7
    { 10, 29, 136, 1, 29, 73, 4487 }, // U+1EC8
    { 8, 23, 118, 1, 23, 46, 4560 }, // U+1EC9
    { 8, 26, 136, 0, 21, 52, 4606 }, // U+1ECA
    { 8, 26, 114, 0, 21, 52, 4658 }, // U+1ECB
    { 19, 26, 309, 1, 21, 124, 4710 }, // U+1ECC
    { 16, 20, 260, 0, 15, 80, 4834 }, // U+1ECD
    { 19, 29, 309, 1, 29, 138, 4914 }, // U+1ECE
    { 16, 23, 260, 0, 23, 92, 5052 }, // U+1ECF
    { 19, 29, 309, 1, 29, 138, 5144 }, // U+1ED0
    { 17, 23, 260, 0, 23, 98, 5282 }, // U+1ED1
    { 19, 29, 309, 1, 29, 138, 5380 }, // U+1ED2
    { 16, 23, 260, 0, 23, 92, 5518 }, // U+1ED3
    { 20, 30, 309, 1, 30, 150, 5610 }, // U+1ED4
    { 18, 25, 260, 0, 25, 113, 5760 }, // U+1ED5
    { 19, 31, 309, 1, 31, 148, 5873 }, // U+1ED6
    { 16, 25, 260, 0, 25, 100, 6021 }, // U+1ED7
    { 19, 32, 309, 1, 27, 152, 6121 }, // U+1ED8
    { 16, 26, 260, 0, 21, 104, 6273 }, // U+1ED9
    { 23, 27, 325, 1, 27, 156, 6377 }, // U+1EDA
    { 20, 21, 279, 0, 21, 105, 6533 }, // U+1EDB
    { 23, 27, 325, 1, 27, 156, 6638 }, // U+1EDC
    { 20, 21, 279, 0, 21, 105, 6794 }, // U+1EDD
    { 23, 29, 325, 1, 29, 167, 6899 }, // U+1EDE
    { 20, 23, 279, 0, 23, 115, 7066 }, // U+1EDF
    { 23, 26, 325, 1, 26, 150, 7181 }, // U+1EE0
    { 20, 20, 279, 0, 20, 100, 7331 }, // U+1EE1
    { 23, 26, 325, 1, 21, 150, 7431 }, // U+1EE2
    { 20, 20, 279, 0, 15, 100, 7581 }, // U+1EE3
    { 18, 26, 307, 2, 21, 117, 7681 }, // U+1EE4
    { 15, 20, 258, 1, 15, 75, 7798 }, // U+1EE5
    { 18, 29, 307, 2, 29, 131, 7873 }, // U+1EE6
    { 15, 23, 258, 1, 23, 87, 8004 }, // U+1EE7
    { 22, 27, 324, 2, 27, 149, 8091 }, // U+1EE8
    { 19, 21, 280, 1, 21, 100, 8240 }, // U+1EE9
    { 22, 27, 324, 2, 27, 149, 8340 }, // U+1EEA
    { 19, 21, 280, 1, 21, 100, 8489 }, // U+1EEB
    { 22, 29, 324, 2, 29, 160, 8589 }, // U+1EEC
    { 19, 23, 280, 1, 23, 110, 8749 }, // U+1EED
    { 22, 26, 324, 2, 26, 143, 8859 }, // U+1EEE
    { 19, 20, 280, 1, 20, 95, 9002 }, // U+1EEF
    { 22, 26, 324, 2, 21, 143, 9097 }, // U+1EF0
    { 19, 20, 280, 1, 15, 95, 9240 }, // U+1EF1
    { 17, 26, 267, 2, 26, 111, 9335 }, // U+1EF2
    { 18, 27, 216, -3, 21, 122, 9446 }, // U+1EF3
    { 17, 26, 267, 2, 21, 111, 9568 }, // U+1EF4
    { 18, 21, 216, -3, 15, 95, 9679 }, // U+1EF5
    { 17, 29, 267, 2, 29, 124, 9774 }, // U+1EF6
    { 18, 29, 216, -3, 23, 131, 9898 }, // U+1EF7
    { 17, 25, 267, 2, 25, 107, 10029 }, // U+1EF8
    { 18, 26, 216, -3, 20, 117, 10136 }, // U+1EF9
    { 0, 0, 257, 0, 0, 0, 0 }, // U+2007
    { 10, 2, 159, 0, 9, 5, 0 }, // U+2010
    { 16, 2, 252, 0, 9, 8, 5 }, // U+2012
    { 16, 2, 252, 0, 9, 8, 13 }, // U+2013
    { 24, 2, 390, 0, 9, 12, 21 }, // U+2014
    { 24, 2, 390, 0, 9, 12, 33 }, // U+2015
    { 6, 9, 157, 4, 22, 14, 45 }, // U+2018
    { 6, 9, 157, 4, 21, 14, 59 }, // U+2019
    { 6, 9, 157, 0, 4, 14, 73 }, // U+201A
    { 12, 9, 249, 4, 22, 27, 87 }, // U+201C
    { 11, 9, 249, 4, 21, 25, 114 }, // U+201D
    { 12, 9, 249, 0, 4, 27, 139 }, // U+201E
    { 14, 21, 245, 2, 21, 74, 166 }, // U+2020
    { 16, 21, 245, 0, 21, 84, 240 }, // U+2021
    { 9, 8, 172, 1, 13, 18, 324 }, // U+2022
    { 19, 4, 337, 0, 4, 19, 342 }, // U+2026
    { 34, 21, 599, 2, 21, 179, 361 }, // U+2030
    { 7, 7, 116, 2, 21, 13, 540 }, // U+2032
    { 12, 7, 192, 2, 21, 21, 553 }, // U+2033
    { 9, 12, 151, 1, 14, 27, 574 }, // U+2039
    { 9, 12, 151, 0, 14, 27, 601 }, // U+203A
    { 19, 21, 105, -6, 21, 100, 628 }, // U+2044
    { 12, 14, 187, 1, 20, 42, 0 }, // U+2070
    { 12, 14, 187, 0, 20, 42, 42 }, // U+2074
    { 12, 14, 187, 1, 20, 42, 84 }, // U+2075
    { 11, 15, 187, 1, 21, 42, 126 }, // U+2076
    { 10, 14, 187, 3, 20, 35, 168 }, // U+2077
    { 12, 14, 187, 1, 20, 42, 203 }, // U+2078
    { 11, 15, 187, 2, 20, 42, 245 }, // U+2079
    { 8, 17, 110, 1, 22, 34, 287 }, // U+207D
    { 8, 17, 110, 0, 22, 34, 321 }, // U+207E
    { 11, 10, 182, 1, 20, 28, 355 }, // U+207F
    { 12, 14, 187, -1, 10, 42, 383 }, // U+2080
    { 8, 14, 187, 0, 10, 28, 425 }, // U+2081
    { 11, 14, 187, -1, 10, 39, 453 }, // U+2082
    { 12, 14, 187, -1, 10, 42, 492 }, // U+2083
    { 11, 14, 187, -1, 10, 39, 534 }, // U+2084
    { 12, 14, 187, -1, 10, 42, 573 }, // U+2085
    { 11, 15, 187, -1, 11, 42, 615 }, // U+2086
    { 10, 14, 187, 1, 10, 35, 657 }, // U+2087
    { 12, 14, 187, -1, 10, 42, 692 }, // U+2088
    { 11, 15, 187, 0, 10, 42, 734 }, // U+2089
    { 8, 17, 110, -1, 11, 34, 776 }, // U+208D
    { 8, 17, 110, -2, 11, 34, 810 }, // U+208E
    { 18, 25, 276, 1, 23, 113, 0 }, // U+20A1
    { 16, 21, 250, 0, 21, 84, 113 }, // U+20A4
    { 24, 21, 372, 0, 21, 126, 197 }, // U+20A6
    { 18, 21, 285, 1, 21, 95, 323 }, // U+20A7
    { 18, 25, 260, 0, 22, 113, 418 }, // U+20AB
    { 20, 21, 289, 0, 21, 105, 531 }, // U+20AC
    { 20, 21, 304, 1, 21, 105, 636 }, // U+20B1
    { 18, 26, 296, 1, 23, 117, 741 }, // U+20B2
    { 18, 25, 276, 1, 23, 113, 858 }, // U+20B5
    { 18, 21, 284, 2, 21, 95, 971 }, // U+20B9
    { 16, 21, 264, 0, 21, 84, 1066 }, // U+20BA
    { 17, 21, 265, 0, 21, 90, 1150 }, // U+20BD
    { 18, 8, 420, 4, 12, 36, 0 }, // U+2190
    { 8, 18, 233, 4, 18, 36, 36 }, // U+2191
    { 18, 8, 420, 4, 12, 36, 72 }, // U+2192
    { 8, 18, 233, 3, 18, 36, 108 }, // U+2193
    { 14, 22, 229, 0, 21, 77, 0 }, // U+2202
    { 20, 21, 302, -2, 21, 105, 77 }, // U+2206
    { 20, 24, 311, 0, 20, 120, 182 }, // U+220F
    { 21, 24, 294, -1, 21, 126, 302 }, // U+2211
    { 16, 2, 283, 1, 9, 8, 428 }, // U+2212
    { 20, 21, 77, -7, 21, 105, 436 }, // U+2215
    { 6, 5, 130, 2, 13, 8, 541 }, // U+2219
    { 22, 23, 261, 1, 21, 127, 549 }, // U+221A
    { 23, 11, 397, 1, 14, 64, 676 }, // U+221E
    { 16, 27, 164, -3, 21, 108, 740 }, // U+222B
    { 18, 11, 283, 0, 14, 50, 848 }, // U+2248
    { 16, 16, 283, 1, 16, 64, 898 }, // U+2260
    { 18, 17, 283, 0, 17, 77, 962 }, // U+2264
    { 17, 17, 283, 0, 17, 73, 1039 }, // U+2265
    { 16, 21, 264, 1, 21, 84, 0 }, // U+FB01
    { 16, 22, 287, 1, 22, 88, 84 }, // U+FB02
};

static const EpdUnicodeInterval sarabun_14_italicIntervals[] = {
    { 0x0, 0x0, 0x0 },
    { 0xD, 0xD, 0x1 },
    { 0x20, 0x7E, 0x2 },
    { 0xA0, 0x17E, 0x61 },
    { 0x1A0, 0x1A1, 0x140 },
    { 0x1AF, 0x1B0, 0x142 },
    { 0x1CD, 0x1DC, 0x144 },
    { 0x1E6, 0x1E7, 0x154 },
    { 0x1FA, 0x1FF, 0x156 },
    { 0x218, 0x21B, 0x15C },
    { 0x300, 0x304, 0x160 },
    { 0x306, 0x30C, 0x165 },
    { 0x31B, 0x31B, 0x16C },
    { 0x323, 0x324, 0x16D },
    { 0x326, 0x328, 0x16F },
    { 0x32E, 0x32E, 0x172 },
    { 0x331, 0x331, 0x173 },
    { 0xE01, 0xE3A, 0x174 },
    { 0xE3F, 0xE5B, 0x1AE },
    { 0x1EA0, 0x1EF9, 0x1CB },
    { 0x2007, 0x2007, 0x225 },
    { 0x2010, 0x2010, 0x226 },
    { 0x2012, 0x2015, 0x227 },
    { 0x2018, 0x201A, 0x22B },
    { 0x201C, 0x201E, 0x22E },
    { 0x2020, 0x2022, 0x231 },
    { 0x2026, 0x2026, 0x234 },
    { 0x2030, 0x2030, 0x235 },
    { 0x2032, 0x2033, 0x236 },
    { 0x2039, 0x203A, 0x238 },
    { 0x2044, 0x2044, 0x23A },
    { 0x2070, 0x2070, 0x23B },
    { 0x2074, 0x2079, 0x23C },
    { 0x207D, 0x2089, 0x242 },
    { 0x208D, 0x208E, 0x24F },
    { 0x20A1, 0x20A1, 0x251 },
    { 0x20A4, 0x20A4, 0x252 },
    { 0x20A6, 0x20A7, 0x253 },
    { 0x20AB, 0x20AC, 0x255 },
    { 0x20B1, 0x20B2, 0x257 },
    { 0x20B5, 0x20B5, 0x259 },
    { 0x20B9, 0x20BA, 0x25A },
    { 0x20BD, 0x20BD, 0x25C },
    { 0x2190, 0x2193, 0x25D },
    { 0x2202, 0x2202, 0x261 },
    { 0x2206, 0x2206, 0x262 },
    { 0x220F, 0x220F, 0x263 },
    { 0x2211, 0x2212, 0x264 },
    { 0x2215, 0x2215, 0x266 },
    { 0x2219, 0x221A, 0x267 },
    { 0x221E, 0x221E, 0x269 },
    { 0x222B, 0x222B, 0x26A },
    { 0x2248, 0x2248, 0x26B },
    { 0x2260, 0x2260, 0x26C },
    { 0x2264, 0x2265, 0x26D },
    { 0xFB01, 0xFB02, 0x26F },
};

static const EpdFontGroup sarabun_14_italicGroups[] = {
    { 0, 3236, 7157, 97, 0 },
    { 3236, 2845, 8236, 96, 97 },
    { 6081, 3610, 13068, 127, 193 },
    { 9691, 1355, 3655, 32, 320 },
    { 11046, 177, 199, 20, 352 },
    { 11223, 3681, 6731, 87, 372 },
    { 14904, 2016, 10927, 90, 459 },
    { 16920, 444, 794, 22, 549 },
    { 17364, 539, 878, 22, 571 },
    { 17903, 719, 1324, 12, 593 },
    { 18622, 116, 152, 4, 605 },
    { 18738, 567, 1181, 14, 609 },
    { 19305, 118, 172, 2, 623 },
};

static const uint16_t sarabun_14_italicKernLeftCodepoints[] = {
    0x002C, 0x002E, 0x0041, 0x0042, 0x0044, 0x0046, 0x004B, 0x004C, 0x004F, 0x0050, 0x0051, 0x0053,
    0x0054, 0x0055, 0x0056, 0x0057, 0x0058, 0x0059, 0x005A, 0x0061, 0x0062, 0x0063, 0x0065, 0x0066,
    0x0067, 0x006B, 0x006C, 0x006D, 0x006E, 0x006F, 0x0070, 0x0072, 0x0073, 0x0074, 0x0075, 0x0076,
    0x0078, 0x0079, 0x007A, 0x00C0, 0x00C1, 0x00C2, 0x00C3, 0x00C4, 0x00C5, 0x00D0, 0x00D2, 0x00D3,
    0x00D4, 0x00D5, 0x00D6, 0x00D8, 0x00D9, 0x00DA, 0x00DB, 0x00DC, 0x00DD, 0x00E0, 0x00E1, 0x00E2,
    0x00E3, 0x00E4, 0x00E5, 0x00E6, 0x00E7, 0x00E8, 0x00E9, 0x00EA, 0x00EB, 0x00F1, 0x00F2, 0x00F3,
    0x00F4, 0x00F5, 0x00F6, 0x00FD, 0x00FE, 0x00FF, 0x0100, 0x0101, 0x0102, 0x0103, 0x0104, 0x0105,
    0x0107, 0x0109, 0x010B, 0x010D, 0x010E, 0x0110, 0x0113, 0x0115, 0x0117, 0x0119, 0x011B, 0x0125,
    0x0127, 0x0132, 0x0134, 0x0136, 0x0137, 0x0138, 0x0139, 0x013B, 0x013D, 0x013F, 0x0141, 0x0144,
    0x0146, 0x0148, 0x0149, 0x014B, 0x014C, 0x014D, 0x014E, 0x014F, 0x0150, 0x0151, 0x0153, 0x0154,
    0x0155, 0x0156, 0x0157, 0x0158, 0x0159, 0x015A, 0x015B, 0x015C, 0x015D, 0x015E, 0x015F, 0x0160,
    0x0161, 0x0162, 0x0163, 0x0164, 0x0165, 0x0166, 0x0167, 0x0168, 0x016A, 0x016C, 0x016E, 0x0170,
    0x0172, 0x0174, 0x0175, 0x0176, 0x0177, 0x0178, 0x01A0, 0x01CD, 0x01CE, 0x01D1, 0x01D2, 0x01D3,
    0x01D5, 0x01D7, 0x01D9, 0x01DB, 0x01FA, 0x01FB, 0x01FD, 0x01FE, 0x01FF, 0x0218, 0x0219, 0x021A,
    0x021B, 0x1EA0, 0x1EA1, 0x1EA2, 0x1EA3, 0x1EA4, 0x1EA5, 0x1EA6, 0x1EA7, 0x1EA8, 0x1EA9, 0x1EAA,
    0x1EAB, 0x1EAC, 0x1EAD, 0x1EAE, 0x1EAF, 0x1EB0, 0x1EB1, 0x1EB2, 0x1EB3, 0x1EB4, 0x1EB5, 0x1EB6,
    0x1EB7, 0x1EB9, 0x1EBB, 0x1EBD, 0x1EBF, 0x1EC1, 0x1EC3, 0x1EC5, 0x1EC7, 0x1ECC, 0x1ECD, 0x1ECE,
    0x1ECF, 0x1ED0, 0x1ED1, 0x1ED2, 0x1ED3, 0x1ED4, 0x1ED5, 0x1ED6, 0x1ED7, 0x1ED8, 0x1ED9, 0x1EDA,
    0x1EDB, 0x1EDC, 0x1EDD, 0x1EDE, 0x1EDF, 0x1EE0, 0x1EE1, 0x1EE2, 0x1EE3, 0x1EE4, 0x1EE6, 0x1EF2,
    0x1EF3, 0x1EF4, 0x1EF5, 0x1EF6, 0x1EF7, 0x1EF8, 0x1EF9, 0x2018, 0x201C, 0x2026,
};

static const uint8_t sarabun_14_italicKernLeftClassIds[] = {
      1,   1,   2,   3,   4,   5,   6,   7,   8,   9,   8,  10,  11,  12,  13,  14,
     15,  16,  17,  18,  19,  20,  21,  22,  23,  24,  25,  26,  26,  27,  28,  29,
     30,  31,  32,  33,  34,  35,  36,  37,  37,  37,  37,  37,  37,  38,  39,  39,
     39,  39,  39,  40,  12,  12,  12,  12,  16,  18,  18,  18,  18,  18,  18,  41,
     42,  41,  41,  41,  41,  43,  27,  27,  27,  27,  27,  35,  44,  35,  37,  18,
     37,  18,  37,  18,  42,  42,  42,  42,  45,  38,  41,  41,  41,  41,  41,  46,
     46,  47,  47,  48,  49,  49,  50,  50,  50,  50,  51,  43,  43,  43,  43,  43,
     39,  27,  39,  27,  39,  27,  41,  52,  53,  52,  53,  52,  53,  54,  55,  54,
     55,  54,  55,  54,  55,  56,  57,  56,  57,  56,  57,  12,  12,  12,  12,  12,
     12,  58,  59,  16,  35,  16,  40,  37,  18,  39,  27,  12,  12,  12,  12,  12,
     37,  18,  41,  39,  27,  54,  55,  56,  57,  37,  18,  37,  18,  37,  18,  37,
     18,  37,  18,  37,  18,  37,  18,  37,  18,  37,  18,  37,  18,  37,  18,  37,
     18,  41,  41,  41,  41,  41,  41,  41,  41,  39,  27,  39,  27,  39,  27,  39,
     27,  39,  27,  39,  27,  39,  27,  40,  27,  40,  27,  40,  27,  40,  27,  40,
     27,  12,  12,  16,  35,  16,  35,  16,  35,  16,  35,  60,  60,  61,
};

static const uint16_t sarabun_14_italicKernRightCodepoints[] = {
    0x002C, 0x002E, 0x0041, 0x0043, 0x0047, 0x004A, 0x004F, 0x0051, 0x0053, 0x0054, 0x0055, 0x0056,
    0x0057, 0x0058, 0x0059, 0x0061, 0x0063, 0x0064, 0x0065, 0x0066, 0x0067, 0x006A, 0x006D, 0x006E,
    0x006F, 0x0070, 0x0071, 0x0072, 0x0073, 0x0074, 0x0075, 0x0076, 0x0077, 0x0078, 0x0079, 0x007A,
    0x00C0, 0x00C1, 0x00C2, 0x00C3, 0x00C4, 0x00C5, 0x00C6, 0x00C7, 0x00D2, 0x00D3, 0x00D4, 0x00D5,
    0x00D6, 0x00D8, 0x00D9, 0x00DA, 0x00DB, 0x00DC, 0x00DD, 0x00DF, 0x00E0, 0x00E1, 0x00E2, 0x00E3,
    0x00E4, 0x00E5, 0x00E6, 0x00E7, 0x00E8, 0x00E9, 0x00EA, 0x00EB, 0x00F0, 0x00F1, 0x00F2, 0x00F3,
    0x00F4, 0x00F5, 0x00F6, 0x00F8, 0x00F9, 0x00FA, 0x00FB, 0x00FC, 0x00FD, 0x00FF, 0x0100, 0x0101,
    0x0102, 0x0103, 0x0104, 0x0105, 0x0106, 0x0107, 0x0108, 0x0109, 0x010A, 0x010B, 0x010C, 0x010D,
    0x010F, 0x0111, 0x0113, 0x0115, 0x0117, 0x0119, 0x011B, 0x011C, 0x011D, 0x011E, 0x011F, 0x0120,
    0x0121, 0x0122, 0x0123, 0x0134, 0x0135, 0x0144, 0x0146, 0x0148, 0x0149, 0x014B, 0x014C, 0x014D,
    0x014E, 0x014F, 0x0150, 0x0151, 0x0153, 0x0155, 0x0157, 0x0159, 0x015A, 0x015B, 0x015C, 0x015D,
    0x015E, 0x015F, 0x0160, 0x0161, 0x0162, 0x0163, 0x0164, 0x0165, 0x0166, 0x0167, 0x0168, 0x0169,
    0x016A, 0x016B, 0x016C, 0x016D, 0x016E, 0x016F, 0x0170, 0x0171, 0x0172, 0x0173, 0x0174, 0x0175,
    0x0176, 0x0177, 0x0178, 0x017A, 0x017C, 0x017E, 0x01A0, 0x01A1, 0x01AF, 0x01B0, 0x01CD, 0x01CE,
    0x01D1, 0x01D2, 0x01D3, 0x01D4, 0x01D5, 0x01D6, 0x01D7, 0x01D8, 0x01D9, 0x01DA, 0x01DB, 0x01DC,
    0x01E6, 0x01E7, 0x01FA, 0x01FB, 0x01FC, 0x01FD, 0x01FE, 0x01FF, 0x0218, 0x0219, 0x021A, 0x021B,
    0x1EA0, 0x1EA1, 0x1EA2, 0x1EA3, 0x1EA4, 0x1EA5, 0x1EA6, 0x1EA7, 0x1EA8, 0x1EA9, 0x1EAA, 0x1EAB,
    0x1EAC, 0x1EAD, 0x1EAE, 0x1EAF, 0x1EB0, 0x1EB1, 0x1EB2, 0x1EB3, 0x1EB4, 0x1EB5, 0x1EB6, 0x1EB7,
    0x1EB9, 0x1EBB, 0x1EBD, 0x1EBF, 0x1EC1, 0x1EC3, 0x1EC5, 0x1EC7, 0x1ECC, 0x1ECD, 0x1ECE, 0x1ECF,
    0x1ED0, 0x1ED1, 0x1ED2, 0x1ED3, 0x1ED4, 0x1ED5, 0x1ED6, 0x1ED7, 0x1ED8, 0x1ED9, 0x1EDA, 0x1EDB,
    0x1EDC, 0x1EDD, 0x1EDE, 0x1EDF, 0x1EE0, 0x1EE1, 0x1EE2, 0x1EE3, 0x1EE4, 0x1EE5, 0x1EE6, 0x1EE7,
    0x1EE8, 0x1EE9, 0x1EEA, 0x1EEB, 0x1EEC, 0x1EED, 0x1EEE, 0x1EEF, 0x1EF0, 0x1EF1, 0x1EF2, 0x1EF3,
    0x1EF4, 0x1EF5, 0x1EF6, 0x1EF7, 0x1EF8, 0x1EF9, 0x2019, 0x201D, 0x2026, 0xFB01, 0xFB02,
};

static const uint8_t sarabun_14_italicKernRightClassIds[] = {
      1,   2,   3,   4,   5,   6,   7,   8,   9,  10,  11,  12,  13,  14,  15,  16,
     17,  18,  19,  20,  21,  22,  23,  24,  25,  26,  27,  28,  29,  30,  31,  32,
     33,  34,  35,  36,  37,  37,  37,  37,  37,  37,  37,  38,  39,  39,  39,  39,
     39,  40,  41,  41,  41,  41,  42,  43,  44,  44,  44,  44,  44,  44,  44,  45,
     46,  46,  46,  46,  47,  48,  49,  49,  49,  49,  49,  50,  51,  51,  51,  51,
     52,  52,  37,  44,  37,  44,  37,  44,  38,  45,  38,  45,  38,  45,  38,  45,
     53,  47,  46,  46,  46,  46,  46,  54,  55,  54,  55,  54,  55,  54,  55,  56,
     22,  48,  48,  48,  48,  48,  39,  49,  39,  49,  39,  49,  57,  58,  58,  58,
     59,  60,  59,  60,  59,  60,  59,  60,  61,  62,  61,  62,  61,  62,  41,  51,
     41,  51,  41,  51,  41,  51,  41,  51,  41,  51,  63,  64,  42,  52,  42,  65,
     65,  65,  39,  50,  41,  66,  37,  44,  39,  49,  41,  51,  41,  51,  41,  51,
     41,  51,  41,  51,  54,  55,  37,  44,  37,  44,  39,  49,  59,  60,  61,  62,
     37,  44,  37,  44,  37,  44,  37,  44,  37,  44,  37,  44,  37,  44,  37,  44,
     37,  44,  37,  44,  37,  44,  37,  44,  46,  46,  46,  46,  46,  46,  46,  46,
     39,  49,  39,  49,  39,  49,  39,  49,  39,  49,  39,  49,  39,  49,  39,  49,
     39,  49,  39,  49,  39,  49,  39,  49,  41,  51,  41,  51,  41,  51,  41,  51,
     41,  51,  41,  51,  41,  51,  42,  52,  42,  52,  42,  52,  42,  52,  67,  68,
     69,  43,  43,
};

static const uint16_t sarabun_14_italicKernRowOffsets[] = {
        0,    12,    49,    55,    62,    69,    81,   118,   127,   151,   156,   193,   197,   249,   269,   300,
      344,   355,   360,   368,   372,   388,   407,   410,   431,   448,   454,   467,   478,   483,   493,   496,
      502,   529,   540,   562,   568,   606,   611,   621,   627,   646,   651,   658,   663,   672,   677,   681,
      717,   739,   776,   787,   792,   794,   799,   810,   849,   854,   899,   915,   918,   923,
};

static const uint8_t sarabun_14_italicKernSparseCols[] = {
      9,  11,  14,  17,  20,  24,  26,  31,  32,  48,  52,  56,   3,   6,   7,   8,
      9,  10,  11,  12,  14,  15,  16,  17,  18,  20,  24,  26,  30,  31,  34,  37,
     38,  40,  41,  43,  44,  45,  48,  50,  51,  52,  56,  58,  60,  62,  63,  66,
     67,   2,  11,  13,  14,  36,  41,   2,  11,  14,  36,  41,  55,  62,   0,   1,
      2,   5,  36,  55,  68,  15,  16,  17,  18,  20,  26,  34,  43,  44,  45,  51,
     52,   3,   4,   6,   7,   9,  10,  11,  12,  14,  15,  16,  17,  18,  20,  24,
     26,  29,  31,  32,  34,  37,  38,  40,  41,  43,  44,  45,  48,  51,  52,  53,
     56,  60,  62,  63,  66,  67,   2,  11,  12,  13,  14,  36,  41,  55,  62,   0,
      1,   2,   5,  11,  13,  14,  15,  16,  17,  20,  24,  26,  28,  36,  41,  43,
     44,  48,  52,  55,  56,  59,  68,   2,  11,  14,  36,  41,   0,   1,   2,   3,
     15,  16,  17,  18,  20,  22,  23,  24,  26,  28,  30,  31,  32,  33,  34,  35,
     36,  37,  43,  44,  45,  47,  48,  50,  51,  52,  54,  55,  56,  57,  59,  63,
     64,   0,   1,   2,  36,   0,   1,   2,   3,   4,   5,   6,   7,   8,  15,  16,
     17,  18,  20,  21,  22,  23,  24,  25,  26,  28,  30,  31,  33,  34,  36,  37,
     38,  39,  42,  43,  44,  45,  46,  47,  48,  49,  50,  51,  52,  53,  54,  55,
     56,  57,  58,  59,  61,  63,  64,  65,  68,   0,   1,   2,   6,   7,  15,  16,
     17,  18,  20,  24,  26,  36,  38,  43,  44,  45,  48,  52,  56,   3,   4,   6,
      7,  15,  16,  17,  18,  20,  24,  26,  30,  31,  34,  37,  38,  39,  43,  44,
     45,  46,  48,  49,  50,  51,  52,  53,  56,  61,  63,  65,   0,   1,   2,   3,
      4,   5,   6,   7,   8,  15,  16,  17,  18,  20,  22,  23,  24,  26,  28,  30,
     31,  33,  34,  36,  37,  38,  43,  44,  45,  47,  48,  50,  51,  52,  53,  54,
     55,  56,  57,  58,  59,  61,  63,  64,  16,  17,  18,  20,  24,  26,  44,  45,
     48,  52,  56,  11,  14,  41,  62,  63,   0,   1,  11,  14,  34,  41,  51,  62,
     11,  14,  41,  62,   0,   1,   2,  11,  13,  14,  28,  31,  34,  36,  41,  51,
     54,  59,  62,  63,   0,   1,  15,  16,  17,  18,  20,  24,  26,  43,  44,  45,
     46,  48,  49,  52,  54,  56,  68,  11,  14,  41,   9,  11,  14,  15,  16,  17,
     18,  20,  24,  26,  34,  41,  43,  44,  45,  48,  51,  52,  56,  60,  62,  16,
     17,  18,  20,  24,  26,  28,  31,  32,  34,  44,  45,  48,  51,  52,  56,  59,
      9,  11,  14,  41,  60,  62,   0,   1,   2,   9,  11,  14,  31,  34,  36,  41,
     51,  60,  62,   0,   1,   9,  11,  12,  13,  31,  34,  51,  60,  62,   0,   1,
     24,  48,  56,   1,   9,  11,  13,  14,  18,  41,  45,  60,  62,  24,  48,  56,
      9,  11,  14,  41,  60,  62,   0,   1,   2,   9,  11,  13,  14,  15,  16,  17,
     18,  20,  24,  26,  36,  41,  43,  44,  45,  46,  48,  52,  55,  56,  60,  62,
     68,   9,  11,  14,  17,  20,  26,  41,  46,  52,  60,  62,   0,   1,   2,   9,
     13,  14,  15,  17,  18,  20,  24,  26,  36,  41,  43,  45,  48,  52,  55,  56,
     60,  62,   9,  11,  14,  41,  60,  62,   3,   6,   7,   8,   9,  10,  11,  12,
     14,  15,  16,  17,  18,  20,  24,  26,  30,  31,  32,  34,  37,  38,  40,  41,
     43,  44,  45,  48,  50,  51,  52,  56,  58,  60,  62,  63,  66,  67,   2,   5,
     11,  12,  14,   2,   5,  11,  12,  13,  14,  36,  41,  55,  62,   2,   5,  11,
     12,  13,  14,   0,   1,   2,  11,  12,  13,  14,  20,  28,  31,  32,  34,  36,
     41,  51,  54,  59,  62,  63,  11,  12,  14,  41,  62,   9,  11,  12,  14,  41,
     60,  62,   0,   1,  31,  34,  51,   2,   5,  11,  12,  14,  36,  41,  55,  62,
     11,  12,  14,  41,  62,   2,   5,  36,  55,   3,   4,   6,   7,   8,  11,  12,
     14,  15,  16,  17,  18,  20,  24,  26,  29,  30,  31,  32,  34,  37,  38,  41,
     43,  44,  45,  48,  50,  51,  52,  53,  56,  58,  61,  62,  63,   9,  11,  12,
     14,  15,  16,  17,  18,  20,  24,  26,  34,  41,  43,  44,  45,  48,  51,  52,
     56,  60,  62,   3,   4,   6,   7,   9,  10,  11,  12,  14,  15,  16,  17,  18,
     20,  24,  26,  29,  31,  32,  34,  37,  38,  40,  41,  43,  44,  45,  48,  51,
     52,  53,  56,  60,  62,  63,  66,  67,   3,   4,   6,   9,  11,  12,  14,  31,
     32,  34,  66,  11,  12,  14,  41,  62,  18,  45,   2,  11,  14,  36,  41,   1,
      9,  11,  12,  13,  14,  18,  41,  45,  60,  62,   0,   1,   2,   3,   5,  15,
     16,  17,  18,  20,  22,  23,  24,  26,  27,  28,  30,  31,  32,  33,  34,  35,
     36,  37,  43,  44,  45,  47,  48,  50,  51,  52,  54,  55,  56,  57,  59,  63,
     64,  11,  12,  14,  41,  62,   0,   2,   3,   4,   5,   6,   7,  15,  16,  17,
     18,  19,  20,  21,  22,  23,  24,  26,  28,  29,  30,  31,  32,  33,  34,  35,
     36,  37,  38,  43,  44,  45,  47,  48,  50,  51,  52,  53,  54,  55,  56,  59,
     61,  63,  64,   2,   9,  14,  15,  17,  18,  20,  26,  36,  41,  43,  45,  52,
     55,  60,  62,   2,   5,  36,   9,  11,  14,  31,  32,
};

static const int8_t sarabun_14_italicKernSparseValues[] = {
     -47,  -47,  -47,  -14,  -14,  -14,  -14,  -28,  -28,  -14,  -14,  -14,  -14,  -14,  -14,  -19,
     -28,  -28,  -23,  -14,  -28,  -14,  -14,  -14,  -14,  -14,  -14,  -14,  -19,  -19,  -19,  -14,
     -14,  -28,  -28,  -14,  -14,  -14,  -14,  -19,  -19,  -14,  -14,  -19,  -28,  -47,  -37,  -37,
     -61,   -9,  -14,  -19,  -19,   -9,  -19,  -19,  -28,  -23,  -19,  -23,  -23,  -28,  -47,  -47,
     -47,  -42,  -84,  -47,  -47,  -14,   -9,   -9,   -9,   -9,   -9,  -19,  -14,   -9,   -9,  -19,
      -9,  -14,  -14,  -23,  -23,  -51,  -14,  -47,  -37,  -47,   -9,   -9,   -9,   -9,   -9,   -9,
      -9,  -14,  -28,  -19,  -37,  -14,  -23,  -14,  -47,   -9,   -9,   -9,   -9,  -37,   -9,  -14,
      -9,  -51,  -37,  -37,  -65,  -37,  -14,  -14,   -5,  -19,  -19,  -14,  -19,  -19,  -19,  -47,
     -47,  -37,  -47,  -14,  -28,  -14,  -14,  -14,  -14,  -14,  -14,  -14,   -9,  -75,  -28,  -14,
     -14,  -14,  -14,  -56,  -14,   -9,  -47,  -14,  -14,  -14,  -14,  -14,  -47,  -47,  -28,  -19,
     -37,  -28,  -37,  -37,  -37,  -28,  -28,  -37,  -37,  -33,  -28,  -28,  -19,  -23,  -19,  -23,
     -28,  -19,  -37,  -28,  -37,  -28,  -37,  -28,  -19,  -37,  -28,  -28,  -37,  -19,  -33,  -19,
      -9,  -19,  -19,  -28,  -28,  -47,  -47,  -23,  -19,  -19,  -33,  -14,  -14,  -14,  -37,  -37,
     -37,  -37,  -37,  -37,  -23,  -23,  -28,  -23,  -37,  -23,  -23,  -28,  -23,  -23,  -93,  -37,
     -37,  -23,  -19,  -75,  -75,  -75,  -37,  -47,  -56,  -28,  -47,  -47,  -75,  -47,  -75,  -56,
     -28,  -47,  -28,  -47,  -47,  -47,  -37,  -23,  -47,  -37,  -37,  -14,   -5,   -5,   -9,   -9,
      -9,   -9,   -9,   -9,   -9,  -14,   -5,   -9,   -9,   -9,   -9,   -9,   -9,  -19,  -14,  -19,
     -19,  -23,  -14,  -14,  -19,  -14,  -14,  -14,  -14,  -23,  -33,  -37,  -37,  -19,  -47,  -37,
     -42,  -23,  -42,  -28,  -28,  -65,  -37,  -33,  -14,  -28,  -47,  -14,  -47,  -47,  -28,  -23,
     -28,  -33,  -19,  -19,  -14,  -28,  -28,  -28,  -28,  -28,  -28,  -28,  -28,  -28,  -28,  -28,
     -28,  -37,  -28,  -28,  -23,  -19,  -28,  -28,  -28,  -28,  -28,  -28,  -28,  -28,  -28,  -37,
     -37,  -28,  -28,  -14,  -28,  -28,  -37,  -23,   -9,   -9,   -9,   -9,   -9,   -9,   -9,   -9,
      -9,   -9,   -9,  -28,  -37,  -37,  -28,  -28,  -14,  -14,  -37,  -37,   -9,  -37,  -28,  -28,
     -19,  -28,  -28,  -19,  -14,  -14,  -19,  -37,  -23,  -37,    9,  -14,   -9,  -19,  -37,   -9,
       9,    9,  -28,   -9,  -28,  -28,  -19,  -19,  -19,  -14,  -19,  -19,  -19,  -37,  -37,  -33,
     -19,  -37,  -19,  -37,  -37,  -19,  -28,  -19,  -28,  -56,  -28,  -42,  -28,  -19,  -19,  -19,
      -9,  -19,   -9,  -19,  -14,  -28,  -19,  -19,   -9,   -9,  -14,  -19,   -9,  -28,  -33,   -9,
      -9,  -14,   -9,  -14,   -9,   -9,  -14,   -9,  -14,   -9,  -14,  -14,  -14,   -9,  -14,   -9,
     -28,  -33,  -37,  -37,  -28,  -33,  -14,  -14,  -19,  -28,  -28,  -33,   -5,   -5,  -19,  -33,
      -5,  -28,  -28,  -14,  -14,  -28,  -28,  -28,  -23,   -9,   -5,   -5,  -28,  -28,  -28,  -28,
      -5,   -5,   -5,  -14,  -28,  -23,  -19,  -28,    9,  -28,    9,  -28,  -19,  -14,  -14,  -14,
     -37,  -23,  -28,  -56,  -75,  -47,  -28,  -28,  -47,  -19,  -28,  -23,  -28,  -14,  -14,   -9,
      -9,   -9,   -5,   -9,  -93,  -56,  -33,  -33,  -23,  -19,   -5,  -28,  -75,   -5,  -37,  -47,
     -28,  -19,  -23,  -37,  -14,  -14,  -14,  -75,  -19,  -33,  -37,  -47,  -19,  -19,  -37,  -19,
     -28,  -28,  -14,   -5,   -5,   -5,   -5,   -5,  -37,  -28,  -14,   -5,   -5,   -5,  -37,   -5,
     -19,  -23,   -9,  -19,  -19,  -37,  -19,  -37,  -42,  -37,  -14,  -37,  -75,  -56,  -93,  -61,
     -84,  -33,  -33,  -33,  -33,  -14,  -33,  -14,  -37,  -65,  -37,  -56,  -14,  -14,  -28,  -28,
     -14,  -14,  -14,  -14,  -19,  -19,  -14,  -14,  -19,  -28,  -47,  -37,  -75,  -61,  -19,  -23,
     -28,  -28,  -23,  -37,  -19,  -37,  -23,  -37,  -42,  -14,  -19,  -19,  -19,  -23,  -19,  -23,
     -19,  -19,  -23,  -14,  -14,  -19,  -75,  -28,  -47,  -75,    9,   19,  -28,   -9,  -23,  -19,
     -37,   -9,    9,    9,  -28,   -9,  -37,  -19,  -56,  -28,  -19,  -56,  -65,  -33,  -75,  -37,
     -28,  -33,  -14,  -14,   -9,   -5,   -5,  -37,  -23,  -56,  -28,  -47,  -19,  -23,  -23,  -28,
     -75,  -28,  -75,  -37,  -28,  -56,  -19,  -28,  -19,  -47,  -47,  -47,  -23,  -37,  -47,  -23,
     -47,  -37,  -56,  -56,  -56,  -28,  -56,  -28,  -28,  -37,  -93,  -47,  -93,  -23,  -23,  -23,
     -19,  -28,  -28,  -28,  -19,  -47,  -28,  -23,  -28,  -19,  -28,  -23,  -47,  -56,  -84,  -33,
     -56,  -37,  -37,  -37,  -28,  -19,  -28,  -19,  -28,  -28,  -19,  -19,   -9,   -9,  -14,  -19,
      -9,  -28,  -33,  -28,  -28,  -37,  -23, -103,  -14,  -93,  -75,  -93,   -9,   -9,   -9,   -9,
      -9,   -9,   -9,  -14,  -75,  -56,  -75,  -14,  -23,  -14,  -47,   -9,   -9,   -9,   -9,  -37,
      -9,  -14,   -9,  -51,  -37,  -37,  -65,  -37,  -14,  -14,  -14,  -51,  -47,  -37,  -47,  -47,
     -37,  -37,  -28,  -56,  -19,  -56,  -28,  -19,  -19,  -19,  -33,  -28,  -28,  -14,  -14,  -14,
     -56,  -47,  -19,  -37,  -56,   19,  -28,    9,  -28,  -19,  -47,  -47,  -75,  -37,  -28,  -65,
     -56,  -65,  -65,  -65,  -56,  -28,  -65,  -37,  -19,  -61,  -56,  -47,  -37,  -42,  -37,  -33,
     -28,  -19,  -37,  -28,  -37,  -28,  -37,  -28,  -19,  -37,  -28,  -28,  -37,  -19,  -33,  -19,
      -9,  -56,  -28,  -75,  -37,  -28,  -47,  -93,  -37,  -37,  -28,  -37,  -19,  -56,  -56,  -56,
     -56,  -19,  -56,  -19,  -37,  -19,  -56,  -28,  -37,  -19,  -47,  -47,  -23,  -47,  -47,  -19,
     -47,  -19,  -19,  -28,  -28,  -28,  -19,  -28,  -23,  -23,  -28,  -19,  -28,  -28,  -28,  -19,
     -19,  -23,  -19,  -37,  -19,  -37,  -19,  -19,   -9,  -19,  -19,  -37,  -37,  -19,   -9,  -19,
     -33,  -19,  -23,  -23,  -37,  -23,  -47,  -47,  -47,  -28,  -28,
};

static const EpdLigaturePair sarabun_14_italicLigaturePairs[] = {
    { 0x00660069, 0xFB01 }, // f i -> U+FB01
    { 0x0066006C, 0xFB02 }, // f l -> U+FB02
};

static const EpdFontData sarabun_14_italic = {
    sarabun_14_italicBitmaps,
    sarabun_14_italicGlyphs,
    sarabun_14_italicIntervals,
    56,
    38,
    32,
    -7,
    true,
    sarabun_14_italicGroups,
    13,
    nullptr,
    nullptr,  // kernLeftClasses: built-in fonts use the split arrays below
    nullptr,  // kernRightClasses
    sarabun_14_italicKernLeftCodepoints,
    sarabun_14_italicKernLeftClassIds,
    sarabun_14_italicKernRightCodepoints,
    sarabun_14_italicKernRightClassIds,
    nullptr,  // kernMatrix: built-in fonts use the sparse form below
    sarabun_14_italicKernRowOffsets,
    sarabun_14_italicKernSparseCols,
    sarabun_14_italicKernSparseValues,
    238,
    275,
    61,
    69,
    sarabun_14_italicLigaturePairs,
    2,
};
