/**
 * generated by fontconvert.py
 * name: sarabun_12_regular
 * size: 12
 * mode: 2-bit  compressed: true
 * Command used: fontconvert.py sarabun_12_regular 12 ../builtinFonts/source/Sarabun/Sarabun-Regular.ttf --2bit --compress --pnum --zopfli --additional-intervals 0x0E00,0x0E7F
 */
#pragma once
#include "EpdFontData.h"

static const uint8_t sarabun_12_regularBitmaps[13556] = {
    0xA5, 0x98, 0x3F, 0x6C, 0x1C, 0xC7, 0xF5, 0xC7, 0x3F, 0xBB, 0xFB, 0xB3, 0xF6, 0x17, 0x2C, 0xEC,
    0x51, 0x91, 0xD2, 0xE1, 0xB8, 0x70, 0x11, 0x38, 0xE6, 0x6D, 0xE3, 0xC2, 0x08, 0x66, 0xEF, 0xD6,
    0x76, 0x8F, 0xB8, 0x2F, 0x52, 0xA5, 0x49, 0x1A, 0x35, 0x0E, 0x70, 0xC5, 0x52, 0xB7, 0x89, 0x7B,
    0x44, 0x7D, 0xE5, 0xC2, 0x85, 0x7D, 0x42, 0x40, 0x17, 0x57, 0x5C, 0x80, 0x33, 0x39, 0x8A, 0x0B,
    0x17, 0x29, 0xB2, 0x70, 0x8A, 0x94, 0x5E, 0x20, 0x0A, 0x10, 0x98, 0x05, 0x9F, 0xA5, 0x01, 0xBC,
    0x26, 0x8F, 0x9C, 0xCC, 0xE0, 0xC8, 0x03, 0x45, 0x51, 0x96, 0x8C, 0xCC, 0x7C, 0xBF, 0xA3, 0xE3,
    0xFB, 0xB3, 0xF3, 0x76, 0xDF, 0xCC, 0x9B, 0x81, 0xCC, 0xD5, 0x06, 0xCB, 0xF5, 0x52, 0xAE, 0x34,
    0x24, 0xB3, 0x97, 0x4C, 0x24, 0x6F, 0x93, 0x3E, 0x6F, 0x27, 0xDE, 0xAF, 0x7F, 0x71, 0xB2, 0xFF,
    0x9F, 0xB4, 0x53, 0x75, 0x66, 0x15, 0x97, 0xBC, 0xFF, 0xCD, 0xFE, 0x47, 0xDE, 0xFB, 0x60, 0xB5,
    0x43, 0xD1, 0xEE, 0x52, 0xD4, 0xBB, 0xA8, 0xDA, 0xA0, 0x30, 0x44, 0x1C, 0xD4, 0x85, 0x77, 0xBA,
    0xDE, 0xAB, 0xF8, 0x7F, 0x03, 0x15, 0xE8, 0x96, 0xC2, 0x91, 0xF8, 0x1A, 0x2D, 0x24, 0x6B, 0x18,
    0x83, 0x06, 0xF5, 0x36, 0x7A, 0x56, 0x7F, 0xAE, 0xBD, 0x4B, 0x7D, 0xBB, 0xF1, 0x2D, 0x7A, 0x14,
    0x4C, 0xD6, 0xEC, 0xC2, 0x72, 0x44, 0x03, 0x4E, 0xE3, 0x40, 0x54, 0xD2, 0xC7, 0x31, 0xB3, 0x51,
    0x52, 0xB4, 0xD0, 0x54, 0x0A, 0x28, 0x87, 0x2A, 0xB8, 0xDC, 0xBA, 0xD7, 0x04, 0x17, 0x90, 0xE0,
    0x42, 0xDA, 0x3B, 0x05, 0x99, 0x15, 0x05, 0x45, 0x1D, 0x47, 0x4D, 0x94, 0x18, 0xA2, 0x76, 0x4A,
    0xB4, 0x94, 0x38, 0x11, 0x87, 0x35, 0xD9, 0x69, 0x87, 0xFA, 0x83, 0xA0, 0xD8, 0xB0, 0x78, 0xB7,
    0x27, 0xFF, 0xD2, 0x92, 0x79, 0x28, 0x06, 0x28, 0x57, 0xD0, 0x94, 0x88, 0x2B, 0xAC, 0x48, 0xF6,
    0xA8, 0x17, 0x7C, 0xB7, 0x64, 0xD2, 0xEE, 0x31, 0xE9, 0xF4, 0xD1, 0x49, 0x0C, 0xFC, 0x33, 0x00,
    0x89, 0x4D, 0x92, 0x7B, 0x99, 0x55, 0xF5, 0x0E, 0x06, 0xC3, 0x94, 0x05, 0x0E, 0xB9, 0xE8, 0x8E,
    0x05, 0x53, 0x0C, 0xBB, 0x28, 0x8A, 0x36, 0xED, 0x7E, 0x83, 0x21, 0xFE, 0xCA, 0x6C, 0xD6, 0x25,
    0x7D, 0x22, 0x5C, 0xE9, 0x49, 0x9F, 0x76, 0x99, 0xCD, 0xE3, 0x93, 0x68, 0x00, 0xB4, 0xAA, 0x8B,
    0x5F, 0x93, 0xAD, 0xB9, 0x7F, 0x1E, 0xBE, 0xBB, 0xA4, 0x03, 0xF9, 0x9F, 0x51, 0x8A, 0x97, 0x6E,
    0x81, 0xE1, 0x29, 0xCE, 0x0F, 0xE6, 0xAD, 0xF7, 0xDE, 0x62, 0xE0, 0x26, 0xEE, 0x4E, 0xCA, 0xE2,
    0x95, 0x37, 0xDF, 0x62, 0xFE, 0x89, 0x5F, 0x87, 0x55, 0x00, 0x3B, 0x60, 0x60, 0x0A, 0x8E, 0x44,
    0xC8, 0x3A, 0x72, 0x8B, 0xAA, 0x51, 0xB0, 0x0B, 0x06, 0x16, 0x20, 0xA4, 0x1D, 0x99, 0xA5, 0xB8,
    0x22, 0x7E, 0x9D, 0x98, 0xD2, 0xE2, 0xA8, 0x2F, 0x19, 0x0C, 0x66, 0xCA, 0xEE, 0x82, 0x1D, 0x87,
    0x16, 0xD4, 0x16, 0x0E, 0x1D, 0x84, 0x41, 0x65, 0x30, 0xC1, 0x2C, 0x18, 0x07, 0x17, 0x84, 0x42,
    0x98, 0x08, 0x4B, 0xE1, 0x7D, 0x81, 0xE7, 0xE1, 0x8D, 0x93, 0xB0, 0x14, 0x6D, 0xEA, 0x6B, 0x7D,
    0x24, 0x15, 0xC3, 0x6B, 0x34, 0x60, 0x88, 0x68, 0x60, 0x09, 0x8E, 0x54, 0x2E, 0x62, 0x1E, 0xC3,
    0x9A, 0x4C, 0x50, 0x96, 0xC9, 0x7C, 0x3E, 0xF1, 0x3E, 0x24, 0x28, 0x7A, 0xB1, 0xBA, 0xBD, 0x75,
    0x49, 0x84, 0x7D, 0x8B, 0xBF, 0x47, 0x32, 0x40, 0x05, 0x1A, 0x54, 0xC0, 0x6B, 0x8C, 0xF6, 0x68,
    0xCA, 0xA3, 0x98, 0x53, 0x32, 0x21, 0x17, 0x94, 0x30, 0x12, 0x8C, 0xB0, 0x90, 0x44, 0x24, 0xEB,
    0x24, 0x6F, 0x45, 0x21, 0x23, 0xC4, 0x20, 0x0B, 0xC4, 0xC7, 0xE6, 0xB7, 0x81, 0x2A, 0x7F, 0x8E,
    0xFA, 0xE6, 0x53, 0x54, 0x0D, 0x0A, 0xB6, 0xD4, 0xB3, 0x0E, 0x7D, 0x3A, 0x10, 0xB6, 0x04, 0x2F,
    0x51, 0x02, 0xEA, 0x09, 0xFE, 0x94, 0x11, 0x15, 0x0D, 0xFA, 0xC8, 0x11, 0x27, 0x07, 0xC8, 0x85,
    0xB2, 0xE3, 0x8C, 0xAC, 0x47, 0xB5, 0x68, 0xA8, 0x7E, 0xCB, 0xCC, 0xDB, 0x83, 0x54, 0xD6, 0x2C,
    0x1D, 0x8D, 0x60, 0x02, 0x16, 0x98, 0x29, 0xCB, 0x2A, 0x11, 0x75, 0xDC, 0xA5, 0xE7, 0xB5, 0xF7,
    0xEB, 0xF9, 0x7C, 0x4D, 0xE2, 0xC8, 0x3A, 0x94, 0x45, 0xC3, 0x18, 0x0C, 0xAC, 0xC0, 0x81, 0x90,
    0x08, 0x69, 0x4F, 0x4C, 0x65, 0x80, 0xBD, 0x40, 0xEA, 0x6B, 0x75, 0x24, 0x31, 0x89, 0x34, 0x06,
    0x13, 0xC6, 0x12, 0xA7, 0x8E, 0xFA, 0xC2, 0x77, 0x93, 0x77, 0x86, 0x90, 0xBB, 0x6D, 0x4E, 0x87,
    0xF8, 0x89, 0xF6, 0xCA, 0xA3, 0x21, 0x44, 0x99, 0x9E, 0xA3, 0x8F, 0x6D, 0x98, 0x7A, 0x19, 0xE3,
    0x31, 0x42, 0x84, 0xA3, 0x69, 0x58, 0x8F, 0xD3, 0xB5, 0xF2, 0x43, 0xF2, 0x49, 0x9C, 0x8C, 0xDC,
    0xA2, 0x6B, 0xCE, 0xD0, 0x8E, 0xB2, 0x06, 0x88, 0x4B, 0x8E, 0x8B, 0x1F, 0xA3, 0xC9, 0x08, 0x60,
    0xB3, 0x26, 0x5F, 0x0E, 0x6B, 0x12, 0x80, 0x02, 0x66, 0xE4, 0x8E, 0x49, 0x9D, 0x0E, 0x94, 0x2D,
    0x67, 0x70, 0x00, 0xAA, 0x27, 0x39, 0x03, 0xDD, 0x11, 0xA4, 0x94, 0x90, 0x7A, 0xEF, 0xE7, 0xF3,
    0x39, 0x97, 0x2D, 0xFC, 0x0E, 0x12, 0xA0, 0x87, 0x8D, 0x61, 0xB2, 0x26, 0xFA, 0x47, 0xFB, 0x19,
    0x1C, 0x50, 0x08, 0xB3, 0x3A, 0x77, 0x51, 0x36, 0x40, 0x0B, 0xB7, 0xE2, 0x4B, 0x58, 0x93, 0xF6,
    0xB7, 0x11, 0x22, 0x2E, 0x43, 0x56, 0x50, 0x41, 0x03, 0x0E, 0x04, 0x3E, 0x02, 0x60, 0x09, 0xEB,
    0x38, 0x92, 0x7C, 0x0A, 0xCC, 0xBC, 0x90, 0x7E, 0x9F, 0x7C, 0x4E, 0xF1, 0xE0, 0x63, 0x5D, 0x6B,
    0x7D, 0x9E, 0xDB, 0x6A, 0xAA, 0xDE, 0xEB, 0x9B, 0xDB, 0xF9, 0x03, 0x59, 0x90, 0x59, 0x71, 0x85,
    0xB7, 0x22, 0xB3, 0xFB, 0x61, 0x18, 0xE2, 0x9F, 0x92, 0xFD, 0xB5, 0x5F, 0x48, 0xFE, 0x85, 0x6D,
    0x96, 0xE5, 0x71, 0x5D, 0xE9, 0xFE, 0x7B, 0x34, 0x40, 0xD1, 0x51, 0x93, 0xF8, 0x7D, 0x0B, 0xE5,
    0x19, 0xA0, 0xDA, 0x40, 0x0B, 0xBA, 0x83, 0x71, 0x0F, 0x46, 0x60, 0xEA, 0xC0, 0x4D, 0x41, 0x0C,
    0x89, 0x54, 0x64, 0xDD, 0x88, 0xCC, 0x2A, 0x62, 0x95, 0x50, 0xDE, 0xB7, 0x81, 0x56, 0x07, 0xE9,
    0x98, 0xB4, 0xAF, 0x48, 0x24, 0x46, 0xEE, 0xCF, 0xEB, 0x93, 0x7D, 0x11, 0x06, 0xD9, 0x2C, 0x97,
    0x38, 0x2E, 0x25, 0x95, 0x60, 0x7A, 0xB2, 0xDF, 0x4B, 0xB2, 0x95, 0x6F, 0x54, 0x43, 0x30, 0xF6,
    0xBE, 0xE6, 0xCE, 0x43, 0xB2, 0x73, 0x8F, 0x6A, 0x8B, 0x76, 0x44, 0x8A, 0x01, 0xA6, 0x80, 0x03,
    0xE4, 0x1A, 0xDD, 0x85, 0xCE, 0x00, 0xD1, 0x36, 0xFA, 0x64, 0x27, 0x1E, 0x66, 0x0F, 0x09, 0xB3,
    0x13, 0xA6, 0x41, 0x18, 0x02, 0x4D, 0xE0, 0x28, 0x50, 0x07, 0xAA, 0x67, 0x50, 0x5F, 0xD8, 0x18,
    0x42, 0x6C, 0xD1, 0x37, 0x3E, 0x03, 0xEF, 0x87, 0x93, 0xF9, 0xC7, 0x02, 0xD7, 0xE0, 0x7D, 0x7F,
    0x32, 0xBF, 0xF7, 0xB4, 0x3C, 0x18, 0x07, 0x97, 0x9B, 0xBD, 0xA2, 0x36, 0x56, 0x50, 0x81, 0x1B,
    0xC1, 0xEC, 0xEA, 0xBB, 0x27, 0x4F, 0xBF, 0x7B, 0x3A, 0x6F, 0x25, 0xF3, 0x56, 0xC8, 0xAC, 0x0B,
    0x5C, 0x06, 0x9A, 0xC0, 0x71, 0x60, 0xF0, 0xB1, 0xE1, 0xDD, 0x2D, 0x87, 0xFF, 0x8E, 0xFA, 0x1F,
    0xA4, 0x8F, 0x29, 0x98, 0xDF, 0x7F, 0xAE, 0x9D, 0x5C, 0x6F, 0x51, 0xF8, 0xA2, 0xC8, 0xED, 0x6D,
    0xD5, 0xDE, 0x3D, 0x44, 0x0F, 0x08, 0xE3, 0x4D, 0x1E, 0x52, 0x41, 0x0A, 0x8B, 0xE8, 0x1A, 0xA9,
    0x40, 0x06, 0x78, 0xE4, 0xE0, 0x74, 0x0D, 0xFE, 0x2E, 0x9C, 0x69, 0x18, 0x94, 0x45, 0xB2, 0x6E,
    0x63, 0x1B, 0x7D, 0x68, 0x02, 0xCB, 0x40, 0x55, 0x0B, 0xFC, 0x28, 0x9C, 0x84, 0x23, 0xC6, 0xAF,
    0x07, 0x28, 0xD7, 0x30, 0x39, 0x83, 0x99, 0x07, 0x1F, 0x79, 0xDA, 0xA6, 0xC7, 0x8F, 0x6D, 0xF6,
    0xF7, 0x47, 0x5D, 0xFE, 0xA7, 0x6F, 0xFB, 0xE2, 0x57, 0x22, 0x4A, 0xC9, 0x62, 0x47, 0xC9, 0xDB,
    0x6F, 0x2A, 0x31, 0x46, 0xC9, 0xCF, 0x3E, 0x50, 0x72, 0xD9, 0xF3, 0x4E, 0x49, 0x66, 0xD5, 0x40,
    0x66, 0xD7, 0x81, 0x3E, 0xB2, 0xCE, 0xEC, 0xA9, 0xCD, 0xEC, 0xE3, 0x3E, 0x7E, 0xA5, 0xC0, 0x55,
    0x60, 0x15, 0xA8, 0x03, 0x8B, 0x0F, 0xAD, 0x64, 0xFF, 0xB0, 0x92, 0x3C, 0xB6, 0xC2, 0x69, 0xE0,
    0x2C, 0xB0, 0x0C, 0x54, 0x81, 0xB9, 0xBD, 0xB2, 0xC2, 0xED, 0x88, 0xB4, 0x37, 0x20, 0x53, 0x58,
    0x38, 0x68, 0x04, 0xCC, 0x55, 0x46, 0x59, 0xD4, 0x19, 0x90, 0x68, 0x1B, 0x7D, 0xA2, 0x2F, 0x77,
    0x1C, 0x71, 0x7F, 0xC5, 0x7D, 0xE4, 0x84, 0xD5, 0x13, 0x5B, 0x2C, 0x91, 0x93, 0xFD, 0xCE, 0x9F,
    0x23, 0xDC, 0x80, 0x17, 0x9D, 0xDD, 0x6D, 0xD8, 0x2C, 0x61, 0x69, 0x40, 0x4A, 0xB2, 0x5E, 0x75,
    0xDA, 0x66, 0xDE, 0xC3, 0xCC, 0x41, 0xA8, 0xF7, 0xA0, 0x1D, 0xF0, 0xBE, 0xF7, 0xD7, 0x76, 0x7A,
    0xC0, 0xF4, 0x22, 0x0C, 0x8F, 0xA8, 0x36, 0x7E, 0xA1, 0xAC, 0x0F, 0x12, 0x61, 0x1B, 0xED, 0x38,
    0x39, 0xBC, 0x57, 0x9C, 0xAE, 0x4B, 0xAA, 0x8A, 0xFF, 0x33, 0x30, 0x06, 0x6D, 0x29, 0x06, 0x12,
    0xDF, 0xA2, 0xDD, 0xD5, 0x7B, 0xDA, 0xEB, 0xE8, 0xBB, 0x54, 0xFA, 0x34, 0x1E, 0x8D, 0x71, 0xED,
    0xCE, 0xF7, 0xE7, 0x2D, 0x0A, 0xFE, 0x17, 0x0A, 0xEA, 0x47, 0x73, 0x81, 0xA6, 0x61, 0xC4, 0x98,
    0x15, 0xEA, 0xE2, 0xB0, 0x6C, 0xC0, 0x55, 0x24, 0x31, 0x3B, 0x12, 0x2B, 0xA0, 0xAA, 0x37, 0x7B,
    0x31, 0xB7, 0x17, 0x97, 0xD6, 0x5E, 0x93, 0x48, 0x05, 0x62, 0xC0, 0x35, 0xD0, 0x2C, 0xC0, 0x08,
    0x4C, 0x02, 0x75, 0x07, 0xCA, 0x46, 0x62, 0x18, 0xA3, 0xA9, 0x98, 0x50, 0x32, 0x66, 0x16, 0x38,
    0xE2, 0xB0, 0xAE, 0xD0, 0x7C, 0xD7, 0x1A, 0x14, 0x8F, 0x6D, 0x83, 0x7A, 0xE7, 0x5F, 0x76, 0x85,
    0x7A, 0xF7, 0xAB, 0x6E, 0x49, 0xF1, 0xE1, 0x83, 0xDE, 0x11, 0x8A, 0xB9, 0x08, 0xD9, 0x97, 0xED,
    0x67, 0x61, 0xFC, 0x5B, 0xFD, 0xFB, 0x30, 0x7E, 0xCD, 0x2F, 0x7B, 0xD2, 0x63, 0xC6, 0x1D, 0xC9,
    0x19, 0xA5, 0x85, 0x35, 0x3A, 0x8E, 0x28, 0x0B, 0x03, 0xAA, 0xA5, 0x24, 0x13, 0xD5, 0xE6, 0x31,
    0xC6, 0x36, 0xEB, 0xCB, 0x4D, 0x7C, 0xCB, 0x15, 0x54, 0x02, 0x65, 0x7F, 0x11, 0x53, 0xB7, 0x89,
    0xB1, 0x71, 0x30, 0x34, 0xA4, 0x32, 0x26, 0xEB, 0x34, 0x85, 0x2D, 0xAC, 0xAE, 0xB3, 0x58, 0xE9,
    0xA5, 0x21, 0xFE, 0x1B, 0xFE, 0x46, 0xD5, 0xAA, 0x2D, 0xC9, 0x6D, 0x45, 0xD6, 0x37, 0x20, 0x0E,
    0xFE, 0x22, 0x30, 0xE9, 0x88, 0x11, 0x04, 0xF5, 0x0F, 0xE6, 0x62, 0xE2, 0xFD, 0x1B, 0xF3, 0x43,
    0x68, 0x60, 0xB8, 0xB8, 0x02, 0x16, 0x16, 0x5D, 0x33, 0x86, 0x15, 0x0C, 0xA4, 0x42, 0xDE, 0x6D,
    0x22, 0x8F, 0xB2, 0xF3, 0x78, 0xD2, 0xC6, 0x02, 0x7C, 0x4F, 0x78, 0x5E, 0xF7, 0xFD, 0xFC, 0xDE,
    0x14, 0x0C, 0xEC, 0x80, 0x82, 0xBC, 0x25, 0xB3, 0x24, 0x3D, 0x08, 0x5C, 0x55, 0x14, 0x51, 0x41,
    0xBA, 0x51, 0x2C, 0xC1, 0xC0, 0x2E, 0xFC, 0xE4, 0x50, 0x7E, 0x27, 0x3C, 0xB7, 0x07, 0xAB, 0x8F,
    0xA8, 0x80, 0x19, 0x70, 0x58, 0x13, 0xD2, 0x45, 0xFA, 0x95, 0x25, 0x7B, 0xD0, 0x93, 0xB7, 0x82,
    0x62, 0xCA, 0xE6, 0x5E, 0xBE, 0x4B, 0x83, 0x62, 0x41, 0x51, 0xC7, 0x97, 0x68, 0xD8, 0x45, 0x91,
    0xD7, 0xF9, 0x39, 0x93, 0x7D, 0xFB, 0xD6, 0xC5, 0xEC, 0x52, 0x78, 0x99, 0x7C, 0x23, 0x2B, 0xC4,
    0x21, 0x82, 0x2C, 0x33, 0x99, 0x1C, 0x7C, 0x56, 0xB8, 0x85, 0x01, 0x6E, 0xE4, 0xAC, 0x63, 0x7C,
    0x3A, 0x30, 0xA9, 0xF7, 0xE2, 0xC2, 0xA1, 0x42, 0x61, 0x9E, 0xA0, 0x8E, 0xF2, 0xA0, 0x6F, 0xA8,
    0x4E, 0x1D, 0xA6, 0xEC, 0xD8, 0xDC, 0x67, 0xC7, 0x2C, 0xB6, 0xB7, 0x8C, 0x0D, 0x1C, 0xAC, 0x20,
    0xC8, 0x83, 0x36, 0xD8, 0x80, 0xB9, 0x86, 0xF4, 0xCC, 0xE8, 0xE3, 0x55, 0x95, 0xAC, 0x57, 0x34,
    0x0E, 0x23, 0x97, 0x70, 0x98, 0x86, 0xA6, 0x62, 0xAD, 0x8F, 0x9B, 0xF4, 0x7B, 0x13, 0xEA, 0x83,
    0x3A, 0xEE, 0x2B, 0xDC, 0x94, 0x69, 0x50, 0x9D, 0xCC, 0x57, 0xDE, 0xAF, 0x2F, 0x9F, 0x7F, 0x7B,
    0xFB, 0x7C, 0x0E, 0xEB, 0xFC, 0xB4, 0x56, 0x2D, 0x8A, 0x08, 0xEF, 0xD9, 0x9F, 0xA3, 0x78, 0x0E,
    0x6E, 0xC5, 0x18, 0xE2, 0x5C, 0x2B, 0x56, 0xD7, 0x62, 0x58, 0x5E, 0xC4, 0xB0, 0x0A, 0x71, 0x6E,
    0x2F, 0xE9, 0xB7, 0x13, 0x37, 0xD9, 0xEF, 0x8A, 0xF3, 0x9B, 0x8E, 0x90, 0xC3, 0xF6, 0xBB, 0xA3,
    0xFE, 0x1C, 0xB7, 0xBD, 0xD8, 0xDE, 0x88, 0xE5, 0xFA, 0x03, 0x30, 0x57, 0x5B, 0xDA, 0x67, 0x92,
    0x74, 0x00, 0xC8, 0xB3, 0x7B, 0x22, 0x79, 0xE7, 0xED, 0xA7, 0x08, 0x4F, 0x21, 0xEB, 0x63, 0x69,
    0x1C, 0x23, 0x2B, 0x1E, 0x09, 0xBE, 0xC7, 0x3B, 0xD6, 0x0D, 0x51, 0xA2, 0x6A, 0x29, 0xB6, 0x25,
    0xF3, 0x79, 0xFD, 0xA0, 0x2D, 0x5B, 0x53, 0xB6, 0xB3, 0xB6, 0x3A, 0x7D, 0x7C, 0x2C, 0x93, 0xDA,
    0xE3, 0xC6, 0xEC, 0xB1, 0x34, 0x18, 0x9A, 0x17, 0x1E, 0xCA, 0xBE, 0x3A, 0x5D, 0x4F, 0xDA, 0x6A,
    0x82, 0xAE, 0x50, 0xE6, 0x19, 0x88, 0xC5, 0x59, 0x1D, 0x09, 0x63, 0x56, 0x34, 0x8C, 0x70, 0xD7,
    0xAE, 0x54, 0xEE, 0x89, 0x12, 0x29, 0x44, 0x7B, 0x39, 0xAC, 0xBF, 0x3B, 0xEE, 0xCF, 0x12, 0x19,
    0x58, 0xCA, 0x13, 0xC9, 0x6A, 0x82, 0x24, 0xC8, 0x4F, 0x8F, 0xBB, 0x6F, 0x6F, 0x3A, 0xAE, 0x6E,
    0x5D, 0xAE, 0xB4, 0xE5, 0x53, 0x2B, 0x6D, 0xC5, 0x6A, 0x9C, 0x6C, 0xB3, 0x7C, 0x1D, 0xA6, 0x34,
    0x27, 0x13, 0x3B, 0x61, 0x8C, 0xB9, 0xD6, 0xF3, 0x01, 0x1D, 0xEE, 0xBE, 0x29, 0x06, 0x4A, 0x50,
    0x0F, 0x49, 0xCE, 0x41, 0xC7, 0xBD, 0x1F, 0xF0, 0xF3, 0xC2, 0x4E, 0xC2, 0x7A, 0x1C, 0x00, 0x0A,
    0x50, 0xBC, 0xD0, 0xAA, 0x8C, 0x95, 0xE3, 0x94, 0xC4, 0x23, 0x98, 0x67, 0xA0, 0x89, 0x99, 0x4D,
    0xD7, 0x93, 0x7D, 0x53, 0x0C, 0x66, 0xC9, 0xC8, 0x60, 0x2A, 0x9A, 0x1D, 0x16, 0x0A, 0x29, 0xDE,
    0xE9, 0xF3, 0x3F, 0x76, 0xD9, 0x17, 0x36, 0xFD, 0x67, 0x9B, 0x1C, 0x81, 0x87, 0x03, 0x30, 0x2C,
    0xE3, 0x61, 0xD2, 0x64, 0xA2, 0x30, 0xB9, 0x68, 0x4C, 0xF1, 0xC1, 0x88, 0xDD, 0x57, 0xDE, 0xDE,
    0x65, 0xE7, 0x65, 0x63, 0x50, 0xAF, 0xBE, 0x1A, 0x06, 0xF3, 0xF2, 0x94, 0x62, 0xFA, 0xCA, 0x82,
    0xDC, 0x15, 0x42, 0x26, 0x79, 0x1C, 0xB2, 0x9E, 0xB4, 0xCB, 0x3A, 0x2A, 0x06, 0x9D, 0x88, 0x7A,
    0xAF, 0x0B, 0xE7, 0x43, 0x7A, 0x0C, 0x67, 0xB0, 0x82, 0x73, 0xD2, 0xAF, 0xC9, 0x3F, 0xB4, 0x2A,
    0xED, 0x47, 0x48, 0x43, 0xD3, 0x60, 0x0C, 0xCB, 0x5D, 0x9C, 0x46, 0x54, 0xD2, 0x17, 0xEF, 0xC6,
    0x58, 0x82, 0x4B, 0x72, 0x54, 0x5F, 0xC4, 0xB2, 0x07, 0x06, 0x96, 0x20, 0x64, 0x3D, 0xFB, 0x2D,
    0x67, 0x30, 0xF1, 0xF2, 0xC6, 0x7D, 0x21, 0xB3, 0xA8, 0x9A, 0x12, 0x1A, 0x70, 0x64, 0xB2, 0x2D,
    0xDC, 0x9C, 0xCF, 0x37, 0xFF, 0x59, 0x90, 0x3F, 0x54, 0xB5, 0x62, 0xDB, 0xD9, 0x63, 0x85, 0x46,
    0x5D, 0xED, 0x75, 0xFE, 0x30, 0x1D, 0xE4, 0xC6, 0x76, 0xC0, 0x9D, 0x36, 0xB3, 0x57, 0x7A, 0x97,
    0x0C, 0xAC, 0xD3, 0xFE, 0x09, 0x99, 0xBD, 0xD3, 0x1E, 0xA0, 0x5B, 0xC5, 0xDD, 0x41, 0xE3, 0xF4,
    0x01, 0x61, 0x5A, 0xFE, 0x0B, 0xAD, 0x98, 0x01, 0x84, 0x24, 0xD9, 0x19, 0xC7, 0x7F, 0x55, 0xEF,
    0x6E, 0xEB, 0x5C, 0xCD, 0xCD, 0x1B, 0xDC, 0xB1, 0xDC, 0xEC, 0xD6, 0x22, 0x18, 0x32, 0xD3, 0x35,
    0x18, 0x0C, 0x79, 0xDD, 0x55, 0x97, 0x43, 0x10, 0xE4, 0x80, 0x00, 0xEE, 0x08, 0xE2, 0x08, 0xB7,
    0x64, 0xD1, 0xA2, 0xEE, 0xB6, 0x22, 0x38, 0x20, 0x19, 0x00, 0xC0, 0xE2, 0xC2, 0x5D, 0x27, 0xB2,
    0x43, 0x1A, 0x7D, 0xAE, 0x6F, 0xE7, 0xC5, 0x22, 0x08, 0x52, 0x2C, 0x00, 0xAE, 0xC4, 0x22, 0x76,
    0xC8, 0x7C, 0x97, 0x2B, 0xA7, 0xB3, 0xD7, 0xD3, 0x2F, 0xAF, 0xBA, 0x67, 0x67, 0x3B, 0xBB, 0x76,
    0x33, 0x3B, 0x66, 0xFA, 0xFB, 0x5E, 0xBD, 0xFA, 0xBE, 0xEF, 0xFF, 0x7B, 0x6F, 0x54, 0xF5, 0xD7,
    0xA5, 0x46, 0xD3, 0x11, 0x98, 0xE5, 0x3F, 0x0C, 0xDE, 0x82, 0x3B, 0xB9, 0x76, 0x92, 0xE5, 0xE3,
    0x82, 0xD7, 0x47, 0xD0, 0x80, 0xCC, 0xAD, 0x81, 0x11, 0xF8, 0xA0, 0x4F, 0xF9, 0x02, 0x5F, 0xB6,
    0xA8, 0xE7, 0xA0, 0x54, 0x0F, 0x25, 0xB6, 0x6B, 0x3A, 0x47, 0x33, 0xB7, 0x9C, 0x38, 0x27, 0x7D,
    0x50, 0x66, 0xCE, 0x2A, 0xCB, 0xC2, 0x22, 0x8B, 0xF6, 0x41, 0xB8, 0x33, 0xB8, 0xE5, 0x9C, 0xBC,
    0x72, 0x69, 0xEF, 0x5A, 0xE6, 0xDC, 0x54, 0xDF, 0x7F, 0x53, 0x74, 0x19, 0x4A, 0x02, 0x93, 0x2E,
    0x14, 0x2D, 0xB2, 0xF5, 0x76, 0xDE, 0x81, 0x91, 0x86, 0x46, 0x57, 0x91, 0xA4, 0xB3, 0x83, 0xC9,
    0x7A, 0x3A, 0xD9, 0x01, 0xC8, 0x08, 0x24, 0xC9, 0x55, 0xA5, 0x6D, 0x64, 0xA3, 0xAA, 0x55, 0xB7,
    0x55, 0x1D, 0x18, 0x1B, 0xE8, 0x8E, 0x20, 0x15, 0xB4, 0x73, 0xF6, 0xD5, 0x3F, 0x3C, 0x28, 0x51,
    0x96, 0xF6, 0xD8, 0x9E, 0xB7, 0xF3, 0x65, 0x97, 0xD3, 0x3F, 0x96, 0xE6, 0xA1, 0xCB, 0xF5, 0xA1,
    0x74, 0x18, 0x1A, 0xD6, 0x0C, 0xA4, 0xA0, 0x6B, 0xD2, 0x19, 0xDD, 0xB4, 0x32, 0x61, 0x93, 0x52,
    0xE8, 0xDA, 0x84, 0xB3, 0x82, 0xB4, 0x21, 0x6C, 0xA0, 0x00, 0xB3, 0x81, 0xE9, 0xBD, 0x35, 0xD1,
    0xAE, 0xE6, 0x33, 0x6E, 0x6D, 0x88, 0xD9, 0xDF, 0x24, 0x18, 0xE4, 0x90, 0xBA, 0x06, 0xFE, 0xC3,
    0x47, 0xA8, 0x8A, 0xC8, 0xC6, 0xBC, 0x4F, 0xBD, 0x1E, 0x39, 0x7B, 0x7D, 0x43, 0xBF, 0x65, 0x77,
    0x76, 0x3A, 0xB0, 0xBE, 0x6D, 0x4E, 0x86, 0x95, 0xD3, 0x61, 0xBD, 0x4D, 0x6C, 0xAC, 0xB7, 0x25,
    0xAB, 0x91, 0x2B, 0x25, 0x2A, 0xDF, 0x57, 0x36, 0x68, 0x48, 0x72, 0x6E, 0x1E, 0x4E, 0xE1, 0x92,
    0xDB, 0x23, 0xA9, 0x7F, 0x35, 0x59, 0x33, 0x2F, 0x8F, 0x6F, 0x4E, 0x1B, 0x23, 0xE6, 0xCE, 0x34,
    0xFD, 0x05, 0xE3, 0x4E, 0x20, 0x63, 0xF5, 0x17, 0xD1, 0x6F, 0x57, 0x1D, 0x9D, 0x7B, 0xF3, 0x13,
    0x7F, 0xEA, 0x83, 0x3E, 0x35, 0x18, 0x0C, 0x4A, 0xE7, 0x9C, 0x05, 0xF5, 0xB4, 0x13, 0x96, 0x83,
    0x4F, 0xDD, 0x34, 0x3A, 0x66, 0x2B, 0x2C, 0x7F, 0xD9, 0x54, 0x77, 0x57, 0xAE, 0xDF, 0x5D, 0xD9,
    0xBE, 0xDB, 0x6C, 0xDF, 0xDB, 0xDE, 0xFE, 0xD9, 0xE5, 0xBD, 0x8D, 0xA8, 0xF4, 0xA9, 0xC1, 0xC0,
    0xB9, 0x4B, 0x65, 0xD2, 0xEC, 0x6E, 0x6E, 0xAF, 0xEC, 0xAC, 0x77, 0x9A, 0xB8, 0xC6, 0xC0, 0xB2,
    0x0F, 0xEE, 0x9C, 0xAC, 0x61, 0xE0, 0x29, 0x07, 0x1E, 0xED, 0x21, 0x6E, 0xE8, 0x7D, 0xC9, 0x35,
    0x0D, 0x0B, 0xDB, 0x02, 0x03, 0x0D, 0xAA, 0x22, 0x2E, 0xC9, 0x06, 0x65, 0xE6, 0x6B, 0x26, 0xF4,
    0xEE, 0xB0, 0x36, 0x2F, 0x08, 0xC7, 0xA8, 0x09, 0xF4, 0x4E, 0xEA, 0xAF, 0x25, 0xAD, 0xDC, 0x43,
    0xB4, 0x57, 0xEE, 0xB2, 0x8F, 0x60, 0x9E, 0x61, 0xC5, 0x84, 0xE9, 0x34, 0x9C, 0xBA, 0xDB, 0xC5,
    0xB7, 0xC7, 0x46, 0xE0, 0x09, 0xE3, 0x83, 0x69, 0xE4, 0xFE, 0xA8, 0xDD, 0x4A, 0xEA, 0x56, 0xB2,
    0x25, 0xF3, 0xA7, 0x3E, 0x18, 0xBA, 0x15, 0xDE, 0x5C, 0x41, 0x3D, 0xC3, 0xC2, 0x57, 0xFC, 0xF7,
    0x67, 0x9D, 0x5D, 0x6E, 0x12, 0x59, 0x55, 0x3A, 0xF0, 0xC7, 0xD4, 0x7E, 0x61, 0xDF, 0xB6, 0x6A,
    0xE9, 0xF3, 0xFD, 0x7F, 0x66, 0xD3, 0xB8, 0xA6, 0x37, 0x66, 0x78, 0x15, 0xD1, 0x0B, 0xF3, 0xF3,
    0x36, 0xE2, 0xE3, 0xF3, 0xCB, 0x64, 0x4F, 0x2E, 0xD3, 0xA8, 0xE7, 0xED, 0xD1, 0x45, 0xB4, 0x3E,
    0x15, 0x96, 0x84, 0x39, 0xA9, 0x25, 0x86, 0x2F, 0x2C, 0xAB, 0xA0, 0x2C, 0x9B, 0xF3, 0x71, 0x77,
    0x3E, 0xEE, 0xCF, 0xC7, 0xAA, 0x1D, 0x43, 0x9B, 0xFA, 0x51, 0xE5, 0x37, 0xFD, 0xA8, 0x39, 0x22,
    0x93, 0xF5, 0xF0, 0xEF, 0xBC, 0xF1, 0xCE, 0xAE, 0xFA, 0x09, 0x70, 0x3D, 0xD6, 0x40, 0x7D, 0x45,
    0x43, 0x60, 0xBB, 0xEF, 0xE6, 0xA8, 0x3C, 0x73, 0x96, 0x88, 0x37, 0xFC, 0xFC, 0x35, 0xD0, 0x70,
    0x19, 0x20, 0xB2, 0x5C, 0x81, 0x9B, 0x16, 0x03, 0x3F, 0xB7, 0xDC, 0x98, 0xF3, 0xA5, 0x1D, 0x83,
    0xF9, 0x2A, 0x8B, 0x3B, 0x26, 0xE2, 0x53, 0x3F, 0xFA, 0x9B, 0x33, 0x57, 0x76, 0x7D, 0x35, 0xF6,
    0xD1, 0xDD, 0x97, 0x94, 0xCD, 0xE4, 0xBA, 0x8F, 0xBE, 0xF1, 0x4E, 0x4D, 0x54, 0x12, 0x58, 0x34,
    0xA8, 0x9C, 0x2E, 0x44, 0xD0, 0xC0, 0x6B, 0xA8, 0x0A, 0x36, 0xD1, 0x0F, 0x4A, 0x76, 0xD0, 0xCE,
    0xB2, 0x06, 0x10, 0x4F, 0x60, 0x8F, 0xEC, 0x80, 0xD0, 0x07, 0x34, 0xAA, 0x84, 0x84, 0x18, 0xC2,
    0x29, 0xAB, 0xA0, 0x26, 0x18, 0xA0, 0x43, 0x1F, 0xD0, 0x88, 0xB6, 0xE8, 0xA0, 0x4E, 0xEC, 0x6E,
    0xAA, 0xEC, 0x0F, 0x6C, 0x7A, 0x1C, 0xE5, 0x7F, 0xB6, 0x97, 0xF6, 0x34, 0xF7, 0x2C, 0x6C, 0x85,
    0x77, 0x2D, 0x98, 0x48, 0x59, 0x18, 0xEA, 0x9F, 0x56, 0x20, 0xDA, 0x09, 0xAA, 0x7A, 0xD9, 0xCF,
    0x23, 0x8B, 0x8F, 0xC7, 0x00, 0x61, 0x8D, 0x92, 0x76, 0x04, 0xB8, 0x05, 0xD2, 0x5A, 0xE0, 0x83,
    0x16, 0x9D, 0x93, 0x80, 0x81, 0xD1, 0x69, 0xD3, 0x0B, 0xF2, 0x71, 0x64, 0x33, 0x97, 0xC7, 0x93,
    0x79, 0x14, 0x03, 0x5C, 0x85, 0x05, 0x0A, 0xD0, 0xA5, 0x77, 0x0B, 0x49, 0x05, 0xBD, 0x1A, 0x8C,
    0x40, 0xBF, 0x81, 0xA6, 0x0F, 0x62, 0x08, 0xA4, 0x8B, 0xAA, 0x3A, 0x28, 0xAB, 0x89, 0xAC, 0xCE,
    0xB5, 0x73, 0xA5, 0x77, 0x9B, 0xF8, 0x68, 0x8F, 0xB0, 0xEE, 0x12, 0x48, 0xF1, 0xA8, 0xB7, 0x22,
    0x10, 0x56, 0xA0, 0xCA, 0x8B, 0x65, 0xC7, 0x25, 0x24, 0x76, 0xA1, 0xDF, 0xDF, 0xBD, 0x58, 0xF6,
    0x47, 0xEB, 0xE0, 0x1A, 0xC8, 0x01, 0x80, 0xD8, 0x3E, 0xE6, 0x76, 0x64, 0xC1, 0x2D, 0x86, 0x30,
    0x2A, 0x4E, 0xB8, 0x5B, 0x5E, 0xDD, 0x52, 0x34, 0xCA, 0x73, 0x63, 0xCF, 0xD4, 0xAD, 0xFB, 0x48,
    0xEA, 0x33, 0x3D, 0x02, 0x31, 0xD0, 0xB0, 0xBF, 0x39, 0xAF, 0xF7, 0xED, 0x14, 0x60, 0xC1, 0xD4,
    0x15, 0x24, 0x35, 0xF4, 0x1E, 0x71, 0x47, 0x30, 0x7C, 0xC4, 0xED, 0x7A, 0xF5, 0xD5, 0x65, 0x6E,
    0xF9, 0x88, 0x9B, 0xA0, 0x3C, 0x37, 0xF4, 0x15, 0xC8, 0x9C, 0xB3, 0x73, 0x1D, 0xB6, 0xB7, 0x17,
    0x47, 0xBD, 0xB4, 0xDF, 0xF4, 0x84, 0x5D, 0x34, 0x30, 0x1A, 0x41, 0xB3, 0x60, 0x87, 0x75, 0x67,
    0x41, 0xB1, 0x9A, 0xD8, 0xEA, 0x05, 0xD7, 0x7B, 0x7A, 0xC2, 0x35, 0x70, 0x72, 0x0D, 0x9D, 0x9B,
    0x10, 0xCC, 0x06, 0x9F, 0xA0, 0xA6, 0x40, 0xD4, 0x0E, 0xBA, 0x00, 0x12, 0x03, 0x6C, 0x19, 0xC0,
    0x18, 0x60, 0x94, 0xB9, 0x1A, 0xE9, 0x0D, 0xF6, 0xE6, 0x5A, 0x55, 0x19, 0x88, 0x1E, 0x8C, 0x41,
    0xBB, 0x29, 0x24, 0x18, 0xE8, 0x61, 0xF0, 0xD6, 0x1B, 0x7C, 0x32, 0x26, 0xF3, 0xD0, 0x0F, 0x1A,
    0xD4, 0xEC, 0x20, 0xD7, 0x65, 0x64, 0x3B, 0x04, 0x18, 0xA0, 0x0F, 0x0C, 0x01, 0x79, 0xC2, 0x1B,
    0x1E, 0xDF, 0xA8, 0x3D, 0x02, 0x5A, 0x4D, 0x34, 0x73, 0x39, 0x07, 0x13, 0x88, 0x81, 0x55, 0x20,
    0xAE, 0x01, 0x81, 0xC0, 0x7B, 0x5A, 0xA2, 0x73, 0x94, 0x25, 0xAC, 0x40, 0x60, 0xFE, 0x6F, 0x3C,
    0x1C, 0x7C, 0x22, 0xF0, 0x84, 0x39, 0x57, 0x3F, 0x1C, 0xEC, 0x3D, 0x1D, 0xF7, 0xC5, 0x5E, 0xD2,
    0x52, 0xAE, 0x82, 0x81, 0x1B, 0x9C, 0x1F, 0xD2, 0x10, 0x4E, 0x89, 0x7E, 0x8B, 0x8E, 0xF2, 0x73,
    0x43, 0x56, 0x55, 0xA9, 0x95, 0x7D, 0x35, 0x2C, 0xCF, 0x4D, 0xE8, 0xB2, 0x4A, 0x8C, 0x2A, 0x41,
    0xD9, 0xFF, 0xFF, 0xD1, 0x5C, 0xC1, 0x70, 0x03, 0x90, 0x33, 0x7C, 0x94, 0x8D, 0xE5, 0xCA, 0x0D,
    0xB3, 0x79, 0x36, 0xF6, 0xFE, 0xA6, 0x98, 0x5B, 0x1B, 0x67, 0xDC, 0x87, 0xBB, 0x8F, 0x1E, 0xCC,
    0xD0, 0xE8, 0x52, 0xE3, 0xCF, 0x09, 0x6B, 0x4D, 0x20, 0x1A, 0xE6, 0x7E, 0x7B, 0x50, 0x8A, 0x73,
    0xF6, 0xF4, 0x7C, 0x91, 0x0B, 0xEB, 0x45, 0x6D, 0x52, 0xCE, 0xB5, 0x9E, 0x11, 0x4C, 0xAE, 0xA3,
    0x5C, 0x4D, 0x00, 0x00, 0x4C, 0x50, 0x76, 0xEA, 0xDD, 0xB5, 0x9E, 0x2B, 0xFB, 0x9D, 0x5F, 0xEB,
    0x9B, 0x5A, 0x59, 0x11, 0xEF, 0x63, 0xEF, 0x5D, 0xEF, 0x89, 0xF7, 0xF8, 0x37, 0x56, 0xD4, 0x3D,
    0x2B, 0xC1, 0x37, 0x56, 0xF8, 0xCE, 0xFB, 0x4D, 0xEF, 0xA9, 0x77, 0xED, 0x3D, 0xB2, 0xA7, 0xF7,
    0xA5, 0x06, 0x2E, 0x01, 0x00, 0x1F, 0xDC, 0x47, 0xCD, 0x1C, 0xBA, 0x8C, 0x6D, 0x87, 0xB0, 0x36,
    0x20, 0x7D, 0x18, 0x36, 0x50, 0x08, 0x98, 0x65, 0x6F, 0x63, 0x6D, 0xCE, 0x80, 0xB4, 0xB5, 0xAD,
    0xC6, 0x6B, 0x3D, 0xA3, 0x61, 0xB9, 0x81, 0x12, 0xE4, 0x17, 0xCB, 0x8E, 0x4B, 0xE8, 0xD4, 0xD0,
    0x1F, 0xC2, 0x3B, 0xAF, 0x5F, 0x28, 0x7B, 0xD1, 0x40, 0x27, 0x90, 0x73, 0xB1, 0xDC, 0x7A, 0xF7,
    0xB4, 0x81, 0x5E, 0x24, 0xF7, 0x75, 0x42, 0xBA, 0xE8, 0x3C, 0xA1, 0x47, 0x64, 0x27, 0x84, 0xDF,
    0xD4, 0x70, 0x50, 0x42, 0x06, 0x38, 0x4B, 0xF8, 0x6F, 0x21, 0xF6, 0xF1, 0x94, 0x1E, 0xC6, 0xD7,
    0xAD, 0x11, 0x78, 0xDD, 0xB7, 0x95, 0xD7, 0x97, 0xBA, 0xD4, 0x55, 0x87, 0x54, 0x0C, 0xA6, 0xE9,
    0x33, 0x1C, 0x0D, 0x91, 0x42, 0xC2, 0xCA, 0x88, 0x2A, 0x8D, 0x68, 0x8C, 0x5C, 0xF5, 0x09, 0x43,
    0x7F, 0xE4, 0x93, 0x85, 0x20, 0x59, 0x15, 0xD6, 0x89, 0x8D, 0x6D, 0xDC, 0xEE, 0xFB, 0xE6, 0x7D,
    0x36, 0x01, 0x65, 0x01, 0x01, 0x6E, 0x00, 0x27, 0x97, 0x42, 0xD0, 0x2F, 0xEC, 0x43, 0x12, 0x0A,
    0x3A, 0xF4, 0x18, 0xA3, 0x0F, 0x1B, 0x42, 0x57, 0x2E, 0xE0, 0x71, 0x0E, 0xAB, 0xC0, 0xE5, 0x0B,
    0x66, 0x1B, 0xC0, 0x41, 0x78, 0xB7, 0x24, 0xCC, 0xCB, 0x0B, 0x65, 0xAB, 0xB2, 0x46, 0x59, 0x21,
    0x2C, 0x6F, 0x5D, 0x24, 0x77, 0xE9, 0x81, 0xC4, 0x42, 0x04, 0x00, 0x05, 0xAA, 0xEA, 0x11, 0xDB,
    0x04, 0x9D, 0xEB, 0x32, 0x25, 0xB2, 0x5D, 0x54, 0x5D, 0x80, 0x34, 0xF0, 0xB9, 0x40, 0x56, 0x41,
    0x6A, 0xF1, 0x69, 0xEF, 0x3C, 0xCB, 0x97, 0x1A, 0xF1, 0x2C, 0x7F, 0x78, 0xBB, 0x96, 0xA0, 0x11,
    0x8A, 0xD3, 0x07, 0x77, 0x61, 0x22, 0x61, 0xDB, 0xAB, 0x1E, 0x7E, 0x86, 0xF0, 0xD8, 0xA2, 0x19,
    0xE9, 0x91, 0x2D, 0x42, 0x19, 0x22, 0xE2, 0x4D, 0xD5, 0xA2, 0x4B, 0xE9, 0x21, 0x06, 0xE9, 0x22,
    0xC9, 0x9E, 0x44, 0x13, 0xE1, 0x23, 0x21, 0x11, 0xB4, 0x54, 0xA9, 0xCC, 0xA6, 0x92, 0xD6, 0x71,
    0x89, 0xB2, 0x04, 0x35, 0xEC, 0xC3, 0x1C, 0x92, 0xDD, 0xB6, 0x3B, 0x61, 0xBD, 0xA0, 0xC6, 0x4E,
    0xB2, 0x07, 0x32, 0x46, 0x9A, 0x39, 0x73, 0xA4, 0x24, 0xBB, 0xB3, 0x1F, 0x37, 0x43, 0xE2, 0x1C,
    0x0D, 0x9B, 0xB0, 0xF3, 0x0C, 0xD5, 0x40, 0x46, 0x8B, 0x6D, 0x04, 0x4B, 0xAA, 0x21, 0xC1, 0x14,
    0xF5, 0x3B, 0x62, 0x95, 0x9F, 0x7D, 0xAD, 0xE8, 0x1F, 0xA5, 0x76, 0xF9, 0x4B, 0x70, 0x76, 0xC9,
    0xF2, 0x8F, 0xDC, 0xA5, 0xB9, 0x64, 0xF7, 0x79, 0x12, 0xF1, 0x12, 0xA6, 0xA8, 0x1F, 0xB5, 0xC6,
    0x94, 0x17, 0xD8, 0xDB, 0x2C, 0x9C, 0xE5, 0xD9, 0xED, 0xAF, 0x8E, 0xAA, 0xBE, 0x3A, 0x46, 0x08,
    0x26, 0xF4, 0x41, 0x30, 0xE1, 0xE0, 0xE1, 0x60, 0x9C, 0x3A, 0xE7, 0xA6, 0x5F, 0x22, 0xD0, 0xCC,
    0x29, 0x3E, 0xCB, 0xC4, 0xD7, 0xED, 0x67, 0x07, 0xEF, 0x1E, 0xD6, 0xF1, 0xC4, 0x6B, 0xBD, 0xE9,
    0xC3, 0xBA, 0x87, 0x14, 0xAC, 0x0D, 0x41, 0x9E, 0x7C, 0xA1, 0x70, 0x2D, 0x7B, 0x4B, 0xB4, 0xAB,
    0x82, 0xCF, 0x61, 0x1F, 0x8E, 0x41, 0x43, 0x42, 0x30, 0x25, 0x3A, 0x7D, 0x26, 0xB9, 0x0E, 0xD0,
    0x72, 0x8E, 0xEA, 0x2E, 0x4D, 0x9F, 0x7E, 0x83, 0xF1, 0x8B, 0xFB, 0xA5, 0x17, 0x9C, 0x31, 0x6B,
    0x3D, 0x86, 0xC9, 0xA1, 0x84, 0x2E, 0x27, 0x2A, 0xD1, 0x70, 0x05, 0x36, 0x5E, 0x44, 0xD5, 0x87,
    0x63, 0xD4, 0xDF, 0x88, 0x54, 0x79, 0x76, 0x55, 0x1C, 0xDA, 0xC5, 0x45, 0x38, 0x83, 0xA4, 0x49,
    0x8E, 0x6A, 0x5F, 0x63, 0xD0, 0xC4, 0x79, 0x98, 0xC3, 0xF3, 0x1E, 0x28, 0xB6, 0x30, 0xBC, 0x07,
    0xCF, 0x7D, 0x8C, 0xD0, 0xB2, 0xB9, 0xFB, 0xBD, 0xCB, 0xCF, 0xE3, 0x2C, 0xDE, 0x45, 0x3C, 0xAF,
    0x02, 0xE8, 0x85, 0xD5, 0x9B, 0x47, 0x25, 0xC7, 0x44, 0x47, 0x24, 0x91, 0x7D, 0x29, 0xAC, 0x82,
    0xDF, 0x8B, 0x76, 0x4D, 0x2F, 0x9C, 0x14, 0x4C, 0x9B, 0x47, 0xDF, 0xCA, 0x86, 0xFE, 0x88, 0x61,
    0x37, 0x90, 0xE4, 0xC8, 0x86, 0x33, 0x90, 0x6D, 0x75, 0xBC, 0xAF, 0x7E, 0x5C, 0x05, 0x60, 0xD2,
    0xBA, 0xFB, 0xDD, 0x34, 0x2B, 0xBB, 0x19, 0x49, 0x17, 0x6D, 0x9E, 0x61, 0xCA, 0x42, 0x50, 0x03,
    0xFB, 0xC0, 0x2E, 0x00, 0x04, 0xAE, 0x44, 0x1F, 0xCA, 0xBC, 0xED, 0x14, 0x74, 0x68, 0x48, 0x96,
    0xDB, 0x12, 0x0D, 0xCB, 0x6D, 0x49, 0x08, 0x96, 0xDB, 0xB4, 0x06, 0xD6, 0xCF, 0xCF, 0x39, 0x6D,
    0xC9, 0xF7, 0x4A, 0xD4, 0xAF, 0xED, 0xB9, 0x39, 0x61, 0x53, 0x11, 0x1D, 0x58, 0x80, 0x73, 0x33,
    0x96, 0x5B, 0xF8, 0x79, 0x19, 0x74, 0x80, 0x8C, 0xC5, 0x91, 0xFF, 0x7D, 0xE9, 0x02, 0x00, 0x3C,
    0x51, 0xB3, 0xEB, 0x75, 0xB2, 0x58, 0x27, 0x9C, 0x52, 0xA8, 0x3F, 0xD1, 0xC4, 0x09, 0xF2, 0x9A,
    0x46, 0x36, 0xBD, 0xEF, 0x68, 0x1A, 0x49, 0xF8, 0xB0, 0xEA, 0x90, 0xD9, 0xC5, 0xCF, 0x82, 0x76,
    0x25, 0x57, 0x80, 0xA8, 0x44, 0x55, 0x20, 0xF0, 0x1E, 0xF0, 0xBC, 0x77, 0x30, 0x0D, 0xD3, 0x22,
    0x9C, 0x66, 0xB7, 0x4D, 0x3C, 0x31, 0x44, 0x16, 0x0D, 0x5B, 0xB0, 0xF1, 0x22, 0xAA, 0x31, 0xC1,
    0xBF, 0x50, 0x1F, 0xE7, 0xFE, 0x7B, 0x76, 0x76, 0xD5, 0xA2, 0x3F, 0x9E, 0x59, 0x52, 0x78, 0x09,
    0xCA, 0x12, 0xE7, 0x5C, 0x85, 0xCB, 0x00, 0x05, 0xC6, 0x30, 0xDA, 0xA2, 0x49, 0x10, 0x1D, 0xD4,
    0xF1, 0x0F, 0x2B, 0x75, 0xD7, 0xAA, 0xBF, 0x96, 0xC1, 0x61, 0x8E, 0x83, 0x3B, 0xF0, 0xE1, 0xE3,
    0x97, 0x05, 0xAA, 0xE6, 0x76, 0xC9, 0x31, 0xC8, 0x53, 0xF6, 0xF5, 0x2C, 0x77, 0x47, 0xD5, 0x71,
    0x20, 0x13, 0x26, 0x42, 0xB1, 0xB4, 0x74, 0x31, 0xA1, 0x39, 0x0E, 0xC5, 0x67, 0xBF, 0x9E, 0x3D,
    0x2D, 0x64, 0xB9, 0xBB, 0xF4, 0x19, 0x2D, 0x7E, 0xE3, 0xAE, 0x06, 0xB5, 0x0F, 0xEA, 0xB7, 0x6D,
    0xF4, 0x71, 0xE9, 0xDB, 0x55, 0xF8, 0x15, 0xC1, 0x0C, 0xA6, 0x30, 0x3E, 0xD9, 0x49, 0x20, 0x44,
    0x15, 0x07, 0xF3, 0xCD, 0xFC, 0x17, 0xAD, 0x99, 0x3F, 0x8C, 0xDC, 0x48, 0x76, 0xC6, 0x7F, 0x64,
    0xC9, 0x43, 0xDF, 0x52, 0x9A, 0x52, 0xB0, 0x81, 0x03, 0x49, 0x74, 0xB0, 0xC1, 0xDE, 0x42, 0xD3,
    0x7D, 0x81, 0x82, 0x81, 0xC1, 0x6E, 0x72, 0xF7, 0x02, 0x47, 0x36, 0x2E, 0x07, 0x8C, 0xDD, 0xD0,
    0x8E, 0x4E, 0x06, 0x74, 0x40, 0x03, 0xE6, 0xA9, 0x79, 0xBE, 0xD8, 0x3E, 0x01, 0xCE, 0x81, 0x09,
    0x36, 0x10, 0xDA, 0xC1, 0x4C, 0x30, 0x07, 0xB4, 0x81, 0xDE, 0xE9, 0x5A, 0x6F, 0xB0, 0xC1, 0x01,
    0x36, 0xED, 0x0D, 0x2E, 0x3C, 0x1A, 0x2B, 0x03, 0x87, 0x5D, 0x03, 0x7A, 0xD6, 0x10, 0x5E, 0xDE,
    0x34, 0xA7, 0xCB, 0xAC, 0x6D, 0x42, 0x6A, 0x8C, 0x34, 0x7F, 0x35, 0xE4, 0xFB, 0x7A, 0xD0, 0x55,
    0xEF, 0xBD, 0xEF, 0x7B, 0x55, 0x64, 0x55, 0x93, 0x83, 0xB5, 0x30, 0x99, 0x00, 0x40, 0x50, 0x40,
    0x58, 0x82, 0x16, 0x88, 0x2A, 0xE8, 0x4D, 0x21, 0x8E, 0x21, 0x1B, 0xC0, 0xB4, 0x07, 0x12, 0xE1,
    0x89, 0x4E, 0xFD, 0x32, 0xCC, 0x55, 0x11, 0x98, 0xC0, 0xDA, 0x22, 0xB4, 0xB6, 0xD4, 0xA9, 0x27,
    0x11, 0x54, 0x7D, 0xA8, 0x07, 0x90, 0x25, 0xD6, 0x7C, 0x30, 0xC9, 0x81, 0x60, 0x49, 0xB2, 0x6B,
    0x1E, 0xF9, 0x25, 0x08, 0x48, 0x68, 0x25, 0xF9, 0x46, 0x66, 0x48, 0x85, 0x08, 0x32, 0x55, 0x92,
    0x1C, 0x48, 0x58, 0xED, 0x93, 0xBE, 0x0B, 0xC5, 0x36, 0x1C, 0x54, 0xD0, 0x2F, 0x00, 0x40, 0xA7,
    0x10, 0x19, 0xE8, 0x1B, 0x18, 0x16, 0xF0, 0x73, 0x81, 0x7D, 0x01, 0xD9, 0x07, 0xC9, 0xF0, 0xCB,
    0x18, 0x55, 0x0C, 0x50, 0x26, 0x22, 0xCC, 0x35, 0xDA, 0xDA, 0xB4, 0x85, 0x89, 0x50, 0x66, 0xE8,
    0x7A, 0xF0, 0x25, 0xC3, 0x93, 0x9B, 0xBE, 0xD9, 0x0C, 0xF2, 0xC0, 0xC2, 0xA7, 0xBC, 0x54, 0xF4,
    0x60, 0x5D, 0xD1, 0x44, 0xA6, 0x88, 0xB4, 0xE6, 0xAD, 0x14, 0xED, 0x39, 0x45, 0x3A, 0x7F, 0xC5,
    0x9E, 0x94, 0x2B, 0xF6, 0x69, 0x05, 0x55, 0x8D, 0x27, 0x33, 0xFC, 0xB2, 0x65, 0x2E, 0x12, 0x02,
    0xD3, 0x27, 0x34, 0x51, 0xAA, 0x73, 0x6D, 0xA2, 0x96, 0xBD, 0x6F, 0x6D, 0xD9, 0xB2, 0x3B, 0xE6,
    0x6A, 0x06, 0x35, 0x50, 0x42, 0x90, 0x83, 0xEE, 0x4A, 0xD2, 0xFF, 0x03, 0x7E, 0xBD, 0xB1, 0xA4,
    0xBF, 0x6B, 0x46, 0xAA, 0xFC, 0x53, 0x4F, 0x5E, 0x2A, 0x19, 0x4F, 0xA4, 0x46, 0x04, 0xA9, 0x7C,
    0x19, 0xAF, 0x06, 0xC6, 0x2B, 0x5D, 0xB0, 0x06, 0xED, 0x22, 0x51, 0x35, 0xEC, 0xE3, 0x5A, 0x51,
    0x06, 0x7C, 0x00, 0xE0, 0xA7, 0xCF, 0x50, 0x4B, 0x8B, 0xCE, 0xC3, 0xBC, 0x87, 0x4F, 0x0C, 0x8C,
    0x80, 0x0A, 0x90, 0x13, 0xA8, 0xBA, 0xBE, 0x18, 0x70, 0xBE, 0x2E, 0x46, 0x1D, 0x59, 0x18, 0x3F,
    0x03, 0x65, 0x08, 0x53, 0x36, 0xE1, 0x3E, 0x80, 0x6F, 0xD3, 0xE8, 0x5B, 0x19, 0xB2, 0x9F, 0x41,
    0x05, 0x42, 0x67, 0x15, 0xCC, 0xA0, 0x6D, 0x6F, 0x7B, 0x5B, 0x1F, 0x74, 0x0A, 0xBD, 0x02, 0x1E,
    0xED, 0xC1, 0x4F, 0xDE, 0xBD, 0x5E, 0x45, 0x31, 0x2C, 0xF1, 0xBF, 0x4C, 0xD5, 0x47, 0xE6, 0x12,
    0x8A, 0x54, 0xDE, 0x8D, 0x4F, 0xDE, 0xA9, 0xA9, 0x51, 0xCB, 0x79, 0xAA, 0xF3, 0xC0, 0xF4, 0xF0,
    0xD2, 0x8B, 0xAB, 0xF1, 0x5C, 0x8C, 0x71, 0xB1, 0x2E, 0x07, 0xDB, 0x10, 0xC3, 0xFB, 0x00, 0xFE,
    0x32, 0x8D, 0x9E, 0x97, 0x43, 0x64, 0xF6, 0x66, 0x29, 0xD2, 0xF6, 0xB6, 0x3E, 0xC8, 0x23, 0x88,
    0x4B, 0xD0, 0x06, 0x36, 0xAE, 0x77, 0xBA, 0xD4, 0xDF, 0x1B, 0xEF, 0xB7, 0x29, 0x4B, 0xD8, 0xBE,
    0xC4, 0x74, 0x85, 0x3F, 0x36, 0xA8, 0xDF, 0x00, 0xC7, 0x5D, 0x6A, 0xC0, 0x2E, 0x53, 0x8E, 0x76,
    0x4B, 0x84, 0x1A, 0x21, 0x46, 0xE8, 0x21, 0x44, 0x08, 0xFA, 0x14, 0x44, 0x9D, 0x4F, 0x8C, 0x78,
    0x35, 0x2E, 0xD6, 0xE5, 0x80, 0x77, 0xEF, 0x42, 0x9C, 0xB4, 0xE8, 0xB7, 0xD8, 0x6C, 0x71, 0xA7,
    0xC5, 0x8D, 0x16, 0xF8, 0xC7, 0x31, 0xD1, 0xF3, 0x19, 0x03, 0xAF, 0x61, 0x46, 0x46, 0xE5, 0x62,
    0xD7, 0xE0, 0xBE, 0x67, 0x64, 0x0C, 0x68, 0x5A, 0xBF, 0x0C, 0xFF, 0x0F, 0x31, 0xDA, 0x3E, 0x43,
    0x4F, 0x96, 0x68, 0x74, 0xAE, 0x51, 0x46, 0xE3, 0x97, 0x1A, 0x4F, 0x34, 0x88, 0xC3, 0xEE, 0x24,
    0x17, 0x6B, 0xCD, 0xCB, 0xEF, 0xAE, 0xCF, 0xF9, 0xAC, 0x7C, 0xA3, 0xDC, 0xC5, 0xBA, 0x1C, 0x10,
    0xAF, 0xA0, 0xAD, 0xE1, 0x9D, 0x83, 0x1C, 0x62, 0xAE, 0xAA, 0xE9, 0xE5, 0xDA, 0x66, 0x6D, 0x7D,
    0x34, 0xF9, 0x54, 0xE0, 0x84, 0x59, 0x5B, 0x1E, 0x4D, 0x9E, 0xBC, 0xDE, 0xDE, 0x3A, 0xB7, 0x21,
    0xDA, 0xCA, 0x3B, 0x93, 0x9D, 0xD5, 0x05, 0xA4, 0xDD, 0x05, 0x54, 0x65, 0x8C, 0x2A, 0xE2, 0xE5,
    0x64, 0x66, 0x6D, 0x53, 0x41, 0x0D, 0x33, 0x6E, 0x0F, 0x19, 0xAD, 0xA6, 0xEB, 0x06, 0xE9, 0x2D,
    0xDF, 0x84, 0xCF, 0x53, 0xFF, 0x98, 0x2B, 0x93, 0x2A, 0x1E, 0xAA, 0x5F, 0x88, 0x67, 0x0D, 0x3F,
    0x04, 0x60, 0x9E, 0x07, 0x8B, 0x4A, 0x93, 0x6D, 0xD1, 0x8B, 0xD1, 0xC3, 0xC9, 0x6E, 0x62, 0x6D,
    0x0C, 0x31, 0x6C, 0x71, 0x43, 0xA7, 0x71, 0xB0, 0xA8, 0x99, 0x3F, 0x61, 0x0F, 0x04, 0x76, 0xAE,
    0xCE, 0xCB, 0xFD, 0x57, 0x37, 0x8C, 0x37, 0xCF, 0xC3, 0x45, 0x15, 0x91, 0xC5, 0xF4, 0x32, 0xF4,
    0xE3, 0xC9, 0xEE, 0xD8, 0xDA, 0x11, 0x64, 0x30, 0xE0, 0x46, 0x9F, 0x38, 0x5C, 0xD4, 0xDE, 0xFC,
    0xC9, 0x69, 0x44, 0x2D, 0x4B, 0xCB, 0x75, 0x2A, 0x11, 0x0F, 0xF1, 0x4A, 0x94, 0xC1, 0xD9, 0x1F,
    0xA0, 0x79, 0x49, 0x37, 0x58, 0xA3, 0xCB, 0xE8, 0xE8, 0x22, 0x47, 0xD7, 0xFA, 0x08, 0x7E, 0x81,
    0x0B, 0x39, 0x82, 0x63, 0x1D, 0xA4, 0xC1, 0x3F, 0xE2, 0x37, 0x50, 0x5D, 0xBD, 0xE4, 0xE0, 0xC7,
    0xB9, 0xFF, 0xEF, 0x70, 0x0C, 0x23, 0x5E, 0xCE, 0xF2, 0x80, 0x6A, 0x84, 0x9B, 0xE5, 0xA3, 0xEF,
    0x67, 0xB9, 0xBB, 0x29, 0xB9, 0x7D, 0xF6, 0x1A, 0x3A, 0x5E, 0x5F, 0x26, 0xBC, 0xD7, 0x97, 0x09,
    0x7F, 0x92, 0x8B, 0xB2, 0x46, 0x50, 0xA6, 0x6A, 0x31, 0x6D, 0x11, 0xB7, 0x18, 0xB6, 0x68, 0x63,
    0x8C, 0x3A, 0xB2, 0x86, 0xF9, 0x7F, 0x1B, 0xF6, 0xF1, 0x1A, 0xD4, 0xAF, 0x08, 0x55, 0x0A, 0x6C,
    0x1C, 0xC7, 0xED, 0xA5, 0x3C, 0xA0, 0x99, 0x31, 0xAB, 0x88, 0x85, 0xCE, 0x2A, 0xE2, 0x29, 0xAE,
    0xBD, 0xBD, 0x21, 0xDC, 0x7D, 0x41, 0x0C, 0x19, 0x4C, 0x6F, 0x7B, 0x55, 0xB2, 0x5B, 0x84, 0xCB,
    0x14, 0x73, 0x1F, 0xCA, 0x11, 0x8C, 0x05, 0xDE, 0x49, 0xDF, 0x4A, 0x63, 0xEF, 0x84, 0xC6, 0x76,
    0x93, 0xBE, 0xA5, 0xF2, 0xF6, 0x2A, 0xF7, 0x8E, 0xB9, 0x92, 0x46, 0xE9, 0x34, 0xAE, 0xAF, 0xFC,
    0x17, 0xD1, 0xE7, 0xB5, 0xFA, 0xBC, 0x0B, 0x8C, 0xE1, 0xFB, 0x10, 0xC3, 0x36, 0x6F, 0x35, 0x80,
    0xD7, 0x35, 0xA1, 0x00, 0x41, 0x0A, 0xDA, 0x40, 0x68, 0x40, 0xE5, 0x10, 0xF0, 0xF2, 0x78, 0x00,
    0x0F, 0xA1, 0x82, 0x06, 0x46, 0x6F, 0xA7, 0xB8, 0x07, 0x8C, 0x53, 0x38, 0x34, 0x28, 0x23, 0x00,
    0x38, 0x75, 0x67, 0xC1, 0x5A, 0x6B, 0x1C, 0xCE, 0xF3, 0x0B, 0x73, 0xEE, 0x95, 0x6C, 0xEF, 0x77,
    0x97, 0xBB, 0xBC, 0x6E, 0xF3, 0xFC, 0xBB, 0x6F, 0xCB, 0x25, 0x55, 0xC3, 0xB4, 0x22, 0x13, 0xE2,
    0x37, 0x9A, 0x86, 0xB5, 0xFD, 0x60, 0x72, 0x64, 0xDB, 0x63, 0xBD, 0x4D, 0x5B, 0x2B, 0x7A, 0x32,
    0x11, 0x0D, 0xE7, 0x01, 0x07, 0xDB, 0xC0, 0xEE, 0x53, 0xD0, 0x74, 0x88, 0x4A, 0xF4, 0xE3, 0x06,
    0x5D, 0x0C, 0xD1, 0x79, 0x84, 0xBE, 0xC0, 0xD9, 0xFF, 0x8B, 0xBF, 0x6B, 0x00, 0x94, 0x39, 0xFF,
    0xEC, 0xDD, 0x4A, 0xFE, 0xE1, 0x6F, 0x9B, 0xB3, 0x7C, 0xAD, 0x9D, 0x4C, 0xD6, 0xFB, 0xAF, 0xEE,
    0x79, 0xFB, 0x8F, 0x1E, 0x6C, 0xF6, 0x3F, 0x0B, 0xAB, 0x8B, 0x65, 0xFB, 0x51, 0xD8, 0x7A, 0xCF,
    0x82, 0x33, 0xBD, 0x2F, 0x32, 0x1A, 0x77, 0x18, 0x21, 0x08, 0xCB, 0x3C, 0xA1, 0x47, 0xC2, 0x5D,
    0x80, 0x33, 0xFC, 0xEF, 0xD2, 0xF9, 0x33, 0x64, 0x4F, 0x76, 0x90, 0x73, 0x0E, 0xB8, 0x22, 0xBC,
    0x52, 0x6E, 0xA8, 0x42, 0x92, 0x5D, 0x23, 0xE1, 0x31, 0xD3, 0x30, 0x6F, 0xB4, 0x79, 0x14, 0xA4,
    0x00, 0x10, 0x2B, 0x73, 0x11, 0xA3, 0xB5, 0xC0, 0xA0, 0x73, 0xDF, 0xE2, 0x7D, 0x0A, 0x31, 0x58,
    0xFC, 0x2F, 0x72, 0xFF, 0xC3, 0x1C, 0x40, 0x99, 0x8B, 0x5A, 0x60, 0x6E, 0xEB, 0xFC, 0xF1, 0x9C,
    0xA8, 0x06, 0x41, 0x35, 0x84, 0x9B, 0xFC, 0x60, 0x03, 0x00, 0xB9, 0xA8, 0x79, 0x82, 0x2A, 0x99,
    0x1B, 0xFE, 0x06, 0x84, 0x21, 0x42, 0x8D, 0xF8, 0x82, 0x84, 0x06, 0x89, 0x52, 0x64, 0x08, 0x52,
    0xC3, 0x8B, 0x0A, 0x16, 0x0D, 0xD8, 0xC7, 0x70, 0x1C, 0x41, 0xAD, 0x0D, 0xA2, 0x0A, 0xE7, 0xBB,
    0x8A, 0x21, 0x43, 0xE8, 0x23, 0xE8, 0x94, 0xEE, 0x60, 0x0A, 0x34, 0x40, 0x06, 0x6C, 0x03, 0x0F,
    0x39, 0x4D, 0x9C, 0x2A, 0x45, 0xE7, 0x32, 0x74, 0x54, 0x2F, 0x4A, 0x6C, 0x6B, 0x15, 0xCD, 0x0C,
    0xD7, 0xA2, 0x9D, 0x96, 0x96, 0x4A, 0x3C, 0x01, 0x00, 0xBF, 0x44, 0x39, 0xE1, 0x50, 0xE2, 0x19,
    0x58, 0x85, 0x87, 0xB9, 0xF4, 0x91, 0x19, 0xFF, 0x2B, 0x7C, 0x27, 0x2E, 0xFC, 0x38, 0xA3, 0xEA,
    0x21, 0x3A, 0x95, 0xC0, 0x38, 0x07, 0x44, 0x43, 0x0F, 0x62, 0x78, 0x04, 0x80, 0x5C, 0xD2, 0x8E,
    0x26, 0x4F, 0xAD, 0x6D, 0x36, 0xD0, 0xDC, 0x67, 0x9B, 0x4F, 0x00, 0x39, 0xF7, 0x3C, 0xC8, 0xFB,
    0xF9, 0xD5, 0x78, 0x00, 0x80, 0x7D, 0x68, 0x20, 0xEB, 0x96, 0xE8, 0x8B, 0x72, 0xA6, 0x70, 0x97,
    0x84, 0x88, 0x77, 0xB8, 0x09, 0x88, 0x5F, 0x88, 0x12, 0xF1, 0x44, 0x28, 0xC4, 0x33, 0x17, 0x54,
    0x20, 0xFB, 0xD2, 0x48, 0x26, 0x0F, 0xE4, 0xE1, 0x9B, 0x79, 0x2A, 0x0E, 0xCC, 0x19, 0xD5, 0xF5,
    0x90, 0xA4, 0xFD, 0x3C, 0x25, 0x37, 0x27, 0xCF, 0x17, 0xE5, 0xA1, 0xBC, 0x28, 0xD7, 0xAA, 0x48,
    0x13, 0x34, 0xBC, 0x19, 0x5E, 0x8A, 0xEE, 0xE7, 0xE8, 0x25, 0xF4, 0x0B, 0x98, 0x03, 0x1F, 0xBF,
    0xC9, 0x6F, 0x32, 0xC9, 0xB5, 0xB5, 0x27, 0x97, 0x9C, 0xA9, 0x96, 0x71, 0xFA, 0xF1, 0x7A, 0x0B,
    0xE1, 0xEF, 0xFD, 0x0A, 0xBF, 0x7B, 0x46, 0x0E, 0x53, 0xD0, 0x00, 0x50, 0xA3, 0x4C, 0xD3, 0xC2,
    0x3A, 0xA4, 0xCA, 0x2C, 0x8C, 0x32, 0x87, 0xA5, 0x32, 0x22, 0x2D, 0x66, 0x2D, 0x06, 0x2D, 0xA2,
    0x16, 0xE1, 0x2F, 0x8D, 0xA8, 0xAF, 0x8C, 0x78, 0x87, 0x46, 0x58, 0xB4, 0x18, 0xB7, 0xE8, 0xB7,
    0xD0, 0x2D, 0x02, 0xD3, 0xFD, 0xD4, 0x0C, 0x52, 0x36, 0x01, 0xE2, 0x7E, 0x39, 0x58, 0x34, 0x49,
    0x3E, 0x48, 0x88, 0x06, 0xE8, 0xF8, 0x14, 0xBB, 0x36, 0xF6, 0xEE, 0xA0, 0x07, 0x24, 0x40, 0x04,
    0x6C, 0x02, 0x37, 0xE1, 0x12, 0x72, 0x00, 0x80, 0x2D, 0x48, 0x20, 0x82, 0x5B, 0x70, 0x07, 0x40,
    0x19, 0x81, 0x43, 0x03, 0xE3, 0x14, 0x7A, 0xD7, 0x3B, 0x70, 0x7E, 0x21, 0x2E, 0x75, 0x92, 0x72,
    0xEF, 0x12, 0x4A, 0xF7, 0xD7, 0x16, 0x9E, 0x07, 0xC0, 0x27, 0x80, 0xFA, 0xD7, 0x25, 0xEA, 0x77,
    0x73, 0xA3, 0x6A, 0x55, 0x28, 0xF1, 0x44, 0x15, 0x88, 0x32, 0x67, 0xE3, 0xD2, 0x55, 0xF8, 0xA7,
    0x4D, 0x80, 0xEA, 0x10, 0x18, 0x08, 0x73, 0xDE, 0x8B, 0x52, 0x92, 0x25, 0x6C, 0xEC, 0xB8, 0x92,
    0xE2, 0x0B, 0x0D, 0xBE, 0x86, 0x08, 0x86, 0x84, 0x0D, 0x1B, 0x4F, 0x94, 0x6D, 0xF0, 0x27, 0x4F,
    0x4F, 0xBE, 0x1D, 0x30, 0x3D, 0xFC, 0x32, 0x06, 0x19, 0xC1, 0x7E, 0x05, 0x99, 0x40, 0xBC, 0x0E,
    0xD7, 0xE6, 0xFA, 0x9C, 0x8F, 0xF3, 0x75, 0x31, 0x2E, 0x96, 0x9F, 0x56, 0x68, 0x2B, 0xAC, 0x9E,
    0x34, 0xC1, 0xB3, 0x39, 0xFA, 0x5B, 0x61, 0xC8, 0x8C, 0x8C, 0x1E, 0xD5, 0x89, 0x67, 0x7B, 0xF7,
    0xDD, 0xB5, 0xBB, 0x7E, 0xE7, 0xE7, 0xFC, 0x31, 0x77, 0xC0, 0xB1, 0x8F, 0x2B, 0xD8, 0xC8, 0xAF,
    0x55, 0x9B, 0x62, 0x07, 0xF5, 0x8B, 0x02, 0xCF, 0x1A, 0xF8, 0x21, 0x57, 0xD7, 0x18, 0x7E, 0x0C,
    0x51, 0x0C, 0xF1, 0x08, 0x46, 0x72, 0xAD, 0x1A, 0x9D, 0x07, 0x2F, 0x0C, 0xEE, 0x15, 0x0B, 0x5C,
    0x5D, 0xA3, 0x37, 0xFF, 0x27, 0x6B, 0xC3, 0xC5, 0xE2, 0x9B, 0x49, 0xC4, 0xD8, 0x10, 0x13, 0x19,
    0x32, 0xB4, 0x61, 0x9F, 0xD0, 0x50, 0x11, 0x18, 0x04, 0xF5, 0xCD, 0x53, 0x41, 0xD9, 0x46, 0x50,
    0x06, 0xF7, 0xE1, 0x3A, 0x3A, 0x97, 0x11, 0xBA, 0x0B, 0x73, 0x09, 0xF8, 0x3E, 0x95, 0x4B, 0x6A,
    0xFD, 0x25, 0xF3, 0x3C, 0x7A, 0xFE, 0xDB, 0x45, 0x35, 0xF0, 0x6C, 0x9A, 0x4D, 0x39, 0x60, 0xAB,
    0x22, 0xE3, 0x9E, 0xD0, 0x3E, 0xD2, 0x0B, 0x89, 0xB5, 0x42, 0x0C, 0xAE, 0x0D, 0xD7, 0x8B, 0xF3,
    0xBB, 0xEF, 0x22, 0x6A, 0x17, 0xFB, 0x04, 0x9D, 0x72, 0xEF, 0xD5, 0x1E, 0x6A, 0x6D, 0x7A, 0xB4,
    0x2B, 0x42, 0x2D, 0xAF, 0x7E, 0x6D, 0x8F, 0xC4, 0x93, 0xA3, 0xDD, 0xC2, 0x5A, 0xDC, 0x96, 0xAE,
    0xDC, 0xDE, 0xDB, 0xB6, 0x08, 0x95, 0x30, 0x73, 0x6E, 0x0C, 0x19, 0x30, 0x42, 0xBC, 0x02, 0xE2,
    0x7E, 0x7C, 0x94, 0x98, 0x84, 0x21, 0xF1, 0x89, 0xF3, 0xBC, 0xCC, 0x6D, 0xDA, 0xE2, 0xF5, 0xCC,
    0xA7, 0x6E, 0x9A, 0xB3, 0xC3, 0xDF, 0x5B, 0x1A, 0x6A, 0xE4, 0xC4, 0xB9, 0x72, 0x6F, 0x98, 0xF1,
    0x80, 0x3D, 0xC0, 0x3D, 0xD1, 0xFF, 0x25, 0x7E, 0x03, 0xD5, 0xD5, 0x0B, 0x8C, 0xEF, 0xDE, 0xDB,
    0x0E, 0xC5, 0x37, 0x67, 0x15, 0x88, 0x2A, 0x09, 0x0C, 0x1A, 0xFE, 0x18, 0xA0, 0x7D, 0x8F, 0x11,
    0x2E, 0x9A, 0x3E, 0x83, 0x01, 0x37, 0x62, 0x18, 0x42, 0x64, 0x08, 0x6B, 0x3C, 0x9B, 0x13, 0x55,
    0x78, 0xCD, 0xAA, 0x0D, 0xF4, 0x7B, 0x44, 0x8F, 0x19, 0x44, 0x8B, 0xCA, 0xB7, 0x39, 0x1A, 0xB6,
    0x60, 0xBB, 0x2B, 0x33, 0xA8, 0x89, 0x9E, 0xA7, 0x03, 0x9F, 0x18, 0xFA, 0xA0, 0x9F, 0xE1, 0x2D,
    0x21, 0xCA, 0x51, 0xA6, 0xB5, 0xF7, 0x43, 0x93, 0xCC, 0xD3, 0xD6, 0x87, 0x01, 0x2C, 0x52, 0xFF,
    0x2B, 0xE3, 0xA7, 0x3F, 0xB9, 0x3A, 0xB5, 0xE0, 0xD7, 0x04, 0x7F, 0xC5, 0x66, 0x78, 0x71, 0xEA,
    0x8E, 0x2B, 0x5A, 0xE3, 0x72, 0xDB, 0x78, 0x85, 0x6F, 0x53, 0xC6, 0x25, 0x41, 0x03, 0x9F, 0xAD,
    0x12, 0x80, 0xDE, 0xA6, 0x37, 0x4E, 0x67, 0x91, 0xAD, 0xBC, 0x83, 0x94, 0x07, 0xF0, 0x18, 0x82,
    0xDC, 0xD9, 0x92, 0x8D, 0x63, 0x1C, 0x9D, 0x97, 0xAE, 0x92, 0xE8, 0x12, 0xFF, 0x18, 0xA2, 0x14,
    0xDF, 0x80, 0xC1, 0x33, 0x83, 0x20, 0x8F, 0x2C, 0x5E, 0x05, 0x05, 0x5E, 0x0D, 0x11, 0xDC, 0x43,
    0xD5, 0xA8, 0xCF, 0x4B, 0xEF, 0xEB, 0x9C, 0x31, 0xFC, 0xC9, 0xD5, 0x87, 0x5D, 0x6B, 0x57, 0xB8,
    0x5F, 0xC3, 0xCE, 0x25, 0x6A, 0xB7, 0xD6, 0x9A, 0xC9, 0xEE, 0x24, 0x47, 0xC3, 0x5B, 0xE1, 0x26,
    0x70, 0x07, 0xC7, 0xF0, 0x6A, 0x4F, 0x49, 0x00, 0x08, 0x41, 0x77, 0x86, 0xB5, 0xEC, 0x4E, 0xD0,
    0x9C, 0x62, 0x39, 0xC1, 0x22, 0xF5, 0x6C, 0xCA, 0x1E, 0x3C, 0x83, 0x03, 0xD0, 0x10, 0xE1, 0xD7,
    0x78, 0xA5, 0xC0, 0xAF, 0x5D, 0xCE, 0x1C, 0x34, 0x00, 0xD7, 0xA7, 0x9D, 0x7D, 0x68, 0x42, 0x46,
    0x9A, 0x1F, 0x9D, 0xAB, 0x31, 0x74, 0x1A, 0xF1, 0xEC, 0xB9, 0xEC, 0x1F, 0xB4, 0x49, 0x12, 0x6B,
    0xCF, 0x67, 0x3F, 0x73, 0x84, 0x6C, 0xC3, 0xEE, 0xD3, 0x35, 0x01, 0x1D, 0x3B, 0x7E, 0x55, 0x10,
    0xCC, 0x0D, 0xDD, 0x81, 0xA0, 0x2F, 0x8D, 0x7D, 0xD6, 0x97, 0xF9, 0x0A, 0xDF, 0xE6, 0x04, 0xFF,
    0x65, 0xB4, 0xCD, 0x6F, 0x00, 0x20, 0xC4, 0xA7, 0x58, 0x56, 0xD1, 0x64, 0x7E, 0x93, 0xEC, 0xC6,
    0x61, 0x1D, 0x77, 0x3B, 0xF4, 0xB5, 0xCA, 0xE8, 0xDE, 0x4E, 0x5F, 0x48, 0x43, 0xD6, 0x6A, 0x50,
    0x94, 0xEB, 0x3B, 0xF1, 0xB5, 0x6A, 0xB9, 0x49, 0xB1, 0xA9, 0x4C, 0x60, 0x73, 0xFE, 0xFA, 0x12,
    0xA3, 0x42, 0x02, 0xFC, 0x87, 0x01, 0x63, 0x56, 0x7F, 0x93, 0xEB, 0x55, 0x45, 0x83, 0xFA, 0x73,
    0x67, 0x34, 0x97, 0x51, 0x15, 0x0B, 0xFC, 0xBA, 0x84, 0x43, 0x83, 0xFF, 0x65, 0x7A, 0xBD, 0x8A,
    0xA6, 0xC2, 0x8B, 0xC2, 0xFF, 0x2A, 0x57, 0xBF, 0xBA, 0x84, 0xA2, 0xB7, 0x63, 0xFF, 0xAC, 0x65,
    0x6F, 0xF0, 0xAD, 0x40, 0x0F, 0x18, 0x01, 0xD2, 0x61, 0x99, 0xC2, 0xF8, 0x2C, 0x19, 0x71, 0xC5,
    0xCC, 0xC9, 0x78, 0xEE, 0x64, 0xC0, 0xA3, 0xB5, 0x37, 0xEF, 0x0B, 0x38, 0x86, 0x2D, 0x00, 0xC6,
    0x00, 0x7C, 0x6D, 0xC0, 0xAD, 0xD3, 0x00, 0x00, 0x31, 0x43, 0x22, 0x06, 0x24, 0xF4, 0x19, 0x32,
    0x6E, 0xD1, 0x63, 0x9E, 0x0E, 0x88, 0xF8, 0x2E, 0x8F, 0xD1, 0x1C, 0x9A, 0x0C, 0xFD, 0xE1, 0xD7,
    0x66, 0x86, 0xFE, 0xE8, 0x3F, 0x8B, 0x29, 0xE1, 0x2F, 0x3F, 0x2F, 0x2B, 0x82, 0x2F, 0x8C, 0x08,
    0xEA, 0xCB, 0x7C, 0x4F, 0x50, 0xBF, 0x49, 0x7F, 0x26, 0xA8, 0xDF, 0xF1, 0x67, 0x25, 0xFE, 0x73,
    0x86, 0x05, 0xDE, 0x31, 0x7D, 0x03, 0x0D, 0x91, 0xFB, 0x44, 0x1B, 0xA8, 0xD1, 0x39, 0xF8, 0x05,
    0x10, 0xEE, 0x01, 0xF7, 0x62, 0xE0, 0xFD, 0x1F, 0x00, 0x00, 0x53, 0x55, 0xE8, 0x34, 0x53, 0xA2,
    0x89, 0x03, 0x89, 0x88, 0xC3, 0x47, 0x3D, 0xB6, 0x36, 0xB7, 0xB7, 0xB8, 0x77, 0x2B, 0x8E, 0xD1,
    0x77, 0xEE, 0xC4, 0xE8, 0xF8, 0xD6, 0x88, 0x70, 0xB4, 0xB9, 0x4F, 0x50, 0x85, 0x82, 0x92, 0xC0,
    0x7D, 0xA8, 0x12, 0xBF, 0x50, 0x05, 0x68, 0xA0, 0x9F, 0xC3, 0xCF, 0x0A, 0x10, 0x47, 0x00, 0x19,
    0xAA, 0x18, 0x12, 0x9A, 0x08, 0x9D, 0xEA, 0xBC, 0x4F, 0x60, 0x06, 0xA8, 0x32, 0x03, 0xA9, 0xE0,
    0x5F, 0x04, 0x92, 0x02, 0x9C, 0x4E, 0x9D, 0x9E, 0xBD, 0xAE, 0x65, 0xB0, 0x74, 0xB5, 0x6E, 0x7C,
    0x98, 0x03, 0x19, 0x71, 0xCC, 0x74, 0x8B, 0x2A, 0x42, 0xB4, 0x57, 0x86, 0x1F, 0x15, 0xEA, 0x0B,
    0xD3, 0xF6, 0x7A, 0xDF, 0xA6, 0x58, 0x38, 0x80, 0x9F, 0x43, 0x0C, 0x53, 0x10, 0x54, 0xC9, 0x6E,
    0xCE, 0x31, 0xF8, 0x66, 0x0F, 0x65, 0x04, 0x3F, 0xDF, 0x01, 0x60, 0x46, 0x68, 0x06, 0xE8, 0xB4,
    0x4F, 0x1F, 0x9D, 0x0E, 0x08, 0x8D, 0x93, 0x5B, 0xE1, 0x89, 0xC0, 0xFF, 0x95, 0x30, 0xEE, 0xB6,
    0x88, 0x88, 0xB3, 0xC5, 0xA9, 0x82, 0x20, 0x27, 0x84, 0x5B, 0x00, 0x89, 0xB5, 0x1F, 0x4C, 0xE6,
    0x90, 0x41, 0x8D, 0x27, 0xAE, 0x37, 0x34, 0x44, 0x29, 0x43, 0x98, 0x41, 0x8D, 0x2F, 0x04, 0x05,
    0x3A, 0xA7, 0x0F, 0x43, 0x58, 0x4E, 0x26, 0xD6, 0xDA, 0x57, 0xFF, 0x64, 0x7E, 0x6F, 0x95, 0x44,
    0x3E, 0xF8, 0x67, 0x41, 0x19, 0x74, 0x4A, 0x1F, 0x32, 0xA8, 0x50, 0x42, 0x97, 0xC9, 0x45, 0xED,
    0x58, 0x2B, 0xEB, 0xFF, 0x4C, 0xEA, 0x78, 0x59, 0xE7, 0x58, 0xE3, 0xAD, 0x50, 0x6F, 0xE4, 0xDD,
    0x01, 0x81, 0x72, 0x8D, 0x34, 0x30, 0xE8, 0x2E, 0xCA, 0xAB, 0x50, 0x25, 0x8E, 0x94, 0x57, 0xA4,
    0xEA, 0xF3, 0x82, 0xD5, 0x2F, 0x8C, 0xAD, 0xAB, 0xD7, 0x1B, 0x06, 0xA9, 0xFA, 0x37, 0x68, 0xE0,
    0x93, 0x4B, 0xD4, 0xFB, 0xFF, 0xB5, 0xD4, 0x01, 0x84, 0x6C, 0xE7, 0x15, 0x07, 0xF0, 0xDF, 0xBD,
    0xB7, 0xCD, 0x56, 0xAE, 0xBE, 0x5B, 0x14, 0x45, 0x5E, 0x2E, 0x3C, 0x14, 0x9B, 0xDD, 0xE0, 0x61,
    0xF1, 0xED, 0xCC, 0x50, 0x14, 0xA0, 0x00, 0x40, 0x0B, 0x00, 0xBC, 0x87, 0x87, 0xC1, 0x34, 0xBD,
    0x0A, 0x50, 0x08, 0x00, 0x20, 0x08, 0x18, 0x74, 0x17, 0x8B, 0xC1, 0x34, 0xEF, 0xD3, 0x02, 0xA0,
    0x03, 0x14, 0xD0, 0x51, 0xA9, 0x92, 0xE0, 0x7D, 0xB8, 0xDA, 0x95, 0x37, 0x6F, 0x6F, 0xBF, 0xAF,
    0x43, 0xB7, 0xA9, 0x24, 0x49, 0xDA, 0xC4, 0x9C, 0xFF, 0x19, 0xCE, 0x39, 0xE7, 0xF8, 0xBB, 0xE7,
    0xFF, 0x1D, 0x4F, 0xC6, 0x26, 0x36, 0x77, 0x53, 0x13, 0xBB, 0xA1, 0xFD, 0x43, 0x3C, 0x53, 0xFF,
    0x63, 0x08, 0x4C, 0x96, 0x6C, 0x8D, 0xAC, 0x24, 0xC2, 0x7F, 0xBB, 0x91, 0xA5, 0x25, 0x37, 0x02,
    0x49, 0x6E, 0xDB, 0xCB, 0x03, 0xA2, 0x3C, 0x8A, 0x3C, 0x94, 0x6A, 0x1A, 0x42, 0xF7, 0x71, 0x0A,
    0x33, 0xDB, 0xE5, 0xCA, 0xD9, 0xCD, 0xA8, 0xDF, 0x25, 0xDD, 0x22, 0x43, 0xC1, 0xA8, 0x97, 0xE3,
    0x72, 0x5E, 0xAE, 0x2B, 0xF5, 0x25, 0xDE, 0x7D, 0xDA, 0xBD, 0x55, 0xDC, 0xA6, 0xB8, 0x5D, 0x71,
    0xBE, 0xC4, 0xDD, 0xE8, 0x95, 0xA9, 0xCA, 0x58, 0x79, 0xEE, 0x48, 0x3D, 0x0D, 0x24, 0x21, 0xDD,
    0xE3, 0x72, 0x9F, 0xCC, 0x63, 0x32, 0x2B, 0xF1, 0x23, 0xAC, 0x8C, 0x0E, 0x56, 0xF5, 0xC1, 0xFC,
    0x2A, 0x68, 0x6F, 0x03, 0xD7, 0x17, 0x84, 0x44, 0x1F, 0x69, 0x07, 0xA0, 0x1B, 0x32, 0x22, 0xFD,
    0x8E, 0xD9, 0xFE, 0x98, 0x5F, 0x8E, 0x8C, 0x4B, 0x52, 0x50, 0xA5, 0x4B, 0xCD, 0xEE, 0x4C, 0x13,
    0x3B, 0x27, 0xB1, 0x5B, 0x74, 0xD3, 0x34, 0x64, 0xC4, 0x3E, 0x47, 0x67, 0xEA, 0xFD, 0xA5, 0x2A,
    0xAD, 0x18, 0xBB, 0x93, 0xA1, 0xF9, 0xA3, 0xEA, 0xC0, 0x0D, 0x9C, 0xDC, 0x99, 0x5F, 0xC5, 0xC7,
    0xF5, 0x9E, 0x44, 0x6A, 0xA7, 0x34, 0x5F, 0xA7, 0x8D, 0x94, 0xB2, 0x55, 0x69, 0xD3, 0xA4, 0xF9,
    0x07, 0xD7, 0xED, 0x78, 0x13, 0x4E, 0x1F, 0x3E, 0x6B, 0x53, 0x13, 0x69, 0xE2, 0x97, 0xFF, 0x2E,
    0x4A, 0xF5, 0xBE, 0x1E, 0xBE, 0xA8, 0xDA, 0x75, 0x20, 0x24, 0xBA, 0x48, 0x0D, 0x78, 0xF2, 0x61,
    0xD9, 0xA3, 0xB2, 0xD0, 0xB2, 0xD9, 0x40, 0x2A, 0xBB, 0x1E, 0x59, 0x25, 0xC2, 0x7F, 0xA2, 0xC4,
    0x4A, 0x2E, 0x90, 0x4A, 0x6D, 0xE9, 0x29, 0xBD, 0x45, 0x02, 0xCD, 0xAF, 0xA3, 0xEA, 0x4F, 0x0B,
    0x3E, 0xC0, 0x29, 0x50, 0xB6, 0x5C, 0xB6, 0x5D, 0xD6, 0x53, 0xF6, 0x34, 0xEA, 0x25, 0x9D, 0x2F,
    0x52, 0x45, 0xF3, 0xFB, 0xA8, 0xFA, 0xDB, 0x82, 0x77, 0xF0, 0x43, 0x20, 0xE9, 0xBE, 0x36, 0x6E,
    0x3E, 0x35, 0x7B, 0x54, 0x84, 0xD1, 0xFE, 0x24, 0xE6, 0x3D, 0x78, 0xC5, 0x23, 0x48, 0xC2, 0xE7,
    0xD8, 0x6A, 0x74, 0xC8, 0xE2, 0xC8, 0xDA, 0xC8, 0xD2, 0xA8, 0xD7, 0xEF, 0x69, 0xA6, 0x04, 0x9A,
    0x61, 0xAF, 0x89, 0x49, 0x3D, 0xBC, 0xF7, 0x8D, 0x32, 0x7B, 0x7D, 0x9D, 0x85, 0x13, 0xF1, 0xA0,
    0x19, 0xBA, 0x26, 0xBE, 0x5E, 0x0F, 0x5F, 0x9D, 0x9F, 0x93, 0x05, 0x1D, 0x1E, 0xFA, 0x56, 0x39,
    0x7A, 0x93, 0xC0, 0xB3, 0xAF, 0xCB, 0x71, 0x95, 0x39, 0x56, 0x8B, 0x05, 0x7F, 0x89, 0xCC, 0xF1,
    0xA3, 0x7B, 0x8E, 0xD5, 0xE2, 0x67, 0xDF, 0x28, 0xC7, 0xEF, 0x56, 0x8B, 0xE6, 0x37, 0x1C, 0xF8,
    0x85, 0x23, 0xCD, 0x1C, 0xF9, 0xEA, 0x34, 0x3D, 0xC5, 0x05, 0xDE, 0xF8, 0x76, 0x3F, 0x65, 0x1D,
    0xD9, 0xF3, 0xF4, 0x7F, 0xF9, 0x94, 0xAE, 0x9F, 0x11, 0xF6, 0x74, 0x91, 0xD7, 0x00, 0xBF, 0xFA,
    0xF7, 0x23, 0x1E, 0xCE, 0x54, 0x02, 0x96, 0x18, 0x91, 0x0A, 0xEA, 0xF5, 0x90, 0x9A, 0x29, 0x26,
    0x4D, 0x1C, 0x33, 0x36, 0x19, 0x21, 0x63, 0x96, 0xF1, 0xAF, 0x47, 0xFC, 0xC9, 0x14, 0x3D, 0xFF,
    0x6B, 0x6C, 0xCB, 0xA1, 0xE2, 0xC0, 0x33, 0x78, 0xED, 0x55, 0xE8, 0x5F, 0xAC, 0x2E, 0x1D, 0xB6,
    0xB6, 0xA3, 0x7B, 0x46, 0xA3, 0xB0, 0x51, 0xE2, 0xFD, 0x8B, 0x6D, 0xFD, 0x2A, 0x10, 0x58, 0xB1,
    0xF9, 0x41, 0x35, 0xCE, 0xAF, 0x76, 0xED, 0xDD, 0x82, 0x44, 0xB5, 0xA3, 0x8E, 0x47, 0x9E, 0x8F,
    0x9F, 0xF2, 0xF6, 0xDB, 0xC7, 0xFF, 0x2E, 0xDE, 0x1F, 0xD5, 0xF3, 0x3D, 0xB3, 0xC4, 0x6A, 0x64,
    0xB3, 0x61, 0x5C, 0x91, 0x82, 0x7A, 0x7F, 0xA6, 0xD9, 0xF5, 0x85, 0x9D, 0x36, 0x33, 0x2C, 0x47,
    0xB5, 0xE0, 0x5C, 0xB3, 0x9F, 0xA9, 0x53, 0x20, 0xAD, 0x18, 0x3D, 0xE0, 0x94, 0x0B, 0x70, 0xD0,
    0xFC, 0xB4, 0x98, 0xC3, 0xE7, 0x1C, 0xD9, 0x8F, 0xD2, 0x56, 0x1A, 0xA5, 0xE4, 0xFE, 0xC8, 0x22,
    0xA1, 0xDE, 0xA1, 0x89, 0x68, 0x01, 0x4C, 0xD3, 0xAD, 0xEA, 0x6E, 0xFD, 0xBE, 0xE6, 0x80, 0x93,
    0xE2, 0xBA, 0x15, 0xFA, 0x80, 0xB7, 0x02, 0x42, 0xC0, 0x66, 0x3E, 0xED, 0xA5, 0xD9, 0xFA, 0xDD,
    0x42, 0x4B, 0xB3, 0x0B, 0x9C, 0x7C, 0xB4, 0xA5, 0x9B, 0x0E, 0xF4, 0x02, 0x33, 0x81, 0x60, 0xB6,
    0x7E, 0x7F, 0x6B, 0x9E, 0x87, 0x6A, 0x17, 0xE8, 0xE0, 0x14, 0x2E, 0x70, 0xA4, 0x5C, 0xDF, 0x2D,
    0xE6, 0x57, 0x7F, 0x7E, 0xB1, 0x5B, 0x36, 0xAF, 0x24, 0xD5, 0xAD, 0x25, 0x49, 0xA8, 0xD7, 0x9F,
    0xAC, 0xB7, 0xE7, 0xD3, 0x34, 0x1D, 0x7E, 0x27, 0x31, 0x4A, 0xA4, 0x9C, 0x75, 0x9B, 0xEB, 0xAE,
    0xE7, 0xCF, 0x7F, 0xFE, 0xF1, 0xBE, 0xBD, 0xCD, 0xBD, 0x6C, 0x90, 0xA8, 0x77, 0x54, 0x0B, 0xE0,
    0xC9, 0xDF, 0x77, 0x59, 0x1A, 0x43, 0x37, 0x74, 0xBB, 0x33, 0xE7, 0x29, 0x08, 0xE3, 0xD2, 0xCD,
    0xE6, 0x46, 0x5A, 0xA5, 0x7A, 0x17, 0x52, 0x33, 0x84, 0xD4, 0x09, 0xE9, 0x4D, 0x61, 0x0C, 0x96,
    0x9B, 0x9C, 0x5C, 0x25, 0x69, 0xBE, 0xAB, 0xF7, 0x7D, 0x6C, 0x63, 0x5B, 0x64, 0x95, 0xE5, 0x75,
    0x0A, 0x4D, 0x3C, 0x92, 0xEF, 0xF0, 0x06, 0x3C, 0x52, 0x4D, 0xE9, 0x78, 0xE3, 0xEB, 0x83, 0x55,
    0xF3, 0x5B, 0x63, 0xDB, 0x4B, 0xDF, 0xEF, 0xA4, 0xD3, 0x8C, 0xC7, 0x9D, 0x31, 0xF5, 0x7E, 0xB9,
    0x3B, 0x33, 0x8F, 0x47, 0xF9, 0x77, 0xD3, 0xE0, 0x21, 0xAA, 0xE7, 0xEF, 0xB6, 0x2F, 0x0F, 0xE7,
    0x2E, 0x2F, 0x7D, 0x27, 0x30, 0xA3, 0x8F, 0xDA, 0x5B, 0x55, 0xCE, 0xF7, 0xA3, 0xEA, 0x70, 0x8C,
    0xD1, 0x3D, 0xD2, 0xBF, 0xE3, 0xB2, 0x7F, 0x39, 0xD6, 0x39, 0x85, 0x87, 0xCC, 0x39, 0xE7, 0x81,
    0x23, 0x89, 0x93, 0x5B, 0xFD, 0x8B, 0xC5, 0x65, 0x2D, 0x28, 0xE1, 0xEE, 0x43, 0xD5, 0x1D, 0xFD,
    0xA0, 0x89, 0xD9, 0x7E, 0xDC, 0xC6, 0xF9, 0xF3, 0x45, 0xAE, 0x81, 0x67, 0x1C, 0xD8, 0x72, 0xC1,
    0x53, 0x98, 0xB2, 0xAA, 0xD6, 0x57, 0xEB, 0x41, 0xC7, 0xFF, 0x05, 0x80, 0x07, 0xE8, 0xD0, 0xE2,
    0x35, 0x7C, 0x0F, 0x40, 0x4B, 0xC7, 0xD1, 0xA6, 0xC9, 0xD5, 0x5A, 0xE7, 0xB3, 0xAD, 0x1D, 0x34,
    0x2F, 0x55, 0xD3, 0x67, 0x53, 0xFE, 0x27, 0x13, 0x61, 0xD0, 0x65, 0xE0, 0x67, 0x60, 0x6E, 0x60,
    0x63, 0x90, 0x63, 0xB0, 0x61, 0x28, 0x61, 0x60, 0x74, 0xE0, 0x7E, 0x20, 0x5B, 0x62, 0xA1, 0xA3,
    0xC1, 0xB1, 0x7F, 0xCD, 0xA5, 0x2F, 0x0E, 0x0C, 0xAB, 0x56, 0xFD, 0xFF, 0x2F, 0xC0, 0x6A, 0xC2,
    0xA7, 0xBF, 0x97, 0xFB, 0xCB, 0x82, 0x0F, 0x1B, 0x16, 0x68, 0x7C, 0xB0, 0xD9, 0xA0, 0xC3, 0xE5,
    0x60, 0xFF, 0x21, 0xE1, 0x03, 0xE3, 0x07, 0xF6, 0x03, 0xFC, 0x0C, 0xF6, 0x0C, 0x17, 0x0F, 0x1C,
    0x38, 0x70, 0xF1, 0x80, 0x3D, 0x03, 0xBF, 0x8D, 0x6E, 0x85, 0xC5, 0x87, 0x8D, 0x17, 0x54, 0x24,
    0x74, 0x2C, 0xF8, 0x3F, 0x30, 0x1F, 0x00, 0x41, 0xF6, 0x03, 0xDC, 0x0E, 0x7A, 0x40, 0x63, 0x19,
    0x18, 0x40, 0x9A, 0xB9, 0x3E, 0xF0, 0x6F, 0xE0, 0x2B, 0xF9, 0xB3, 0xC7, 0xA2, 0x80, 0x41, 0x86,
    0xC1, 0x82, 0xC1, 0x8E, 0x81, 0xBD, 0x81, 0xB9, 0xE1, 0x3F, 0x03, 0x08, 0xC8, 0x02, 0x15, 0x7D,
    0x60, 0xF8, 0xD9, 0x50, 0x7F, 0x80, 0x81, 0x01, 0x66, 0x1F, 0xC8, 0x6E, 0x00, 0xAD, 0x96, 0x0B,
    0x88, 0x1C, 0x47, 0x7A, 0xC7, 0x7F, 0xD3, 0x7D, 0xD9, 0xE6, 0xD4, 0x3A, 0x7F, 0x07, 0x04, 0x08,
    0x3E, 0x59, 0xCD, 0x9B, 0x90, 0x93, 0xB6, 0x47, 0x64, 0x01, 0x25, 0xD4, 0x4C, 0xF5, 0x21, 0x88,
    0x01, 0x11, 0x74, 0x40, 0x08, 0x8F, 0x03, 0x2E, 0x3C, 0x03, 0x09, 0xE0, 0x05, 0x1F, 0x44, 0x24,
    0xB3, 0x9A, 0x8E, 0x96, 0xF7, 0x4B, 0x0A, 0x10, 0x9E, 0x81, 0x5B, 0x40, 0x80, 0xCF, 0x21, 0xF1,
    0x42, 0x36, 0xF1, 0xC0, 0xAD, 0x35, 0x25, 0x0D, 0xB0, 0x80, 0x48, 0x76, 0x1C, 0x43, 0x0C, 0x24,
    0x39, 0xB5, 0x2F, 0x07, 0x84, 0x28, 0x44, 0xDF, 0x6A, 0x5B, 0x51, 0x5B, 0x9A, 0x99, 0x4A, 0x35,
    0xB3, 0x92, 0xD7, 0x8B, 0x64, 0xE4, 0x23, 0x5D, 0xDF, 0xEF, 0x5F, 0xB5, 0x35, 0xFD, 0x7D, 0xFB,
    0x75, 0x77, 0xBD, 0x3A, 0xBE, 0xCC, 0x7C, 0xDD, 0xE7, 0xA3, 0x11, 0xAB, 0x0B, 0xE4, 0x87, 0x4E,
    0x04, 0xE9, 0x21, 0xE6, 0x65, 0x96, 0xCC, 0x63, 0x97, 0xF9, 0x4D, 0x67, 0xF7, 0x26, 0xCE, 0x1E,
    0x4E, 0x5C, 0xF7, 0xDD, 0x50, 0x3F, 0xB8, 0xE4, 0xE4, 0x7E, 0xEC, 0x38, 0x1F, 0x30, 0x27, 0xE8,
    0x25, 0x8E, 0xCC, 0x17, 0x24, 0x73, 0x00, 0x64, 0x35, 0x76, 0xFD, 0x67, 0x9B, 0x6E, 0x74, 0x69,
    0xE2, 0x7C, 0x3C, 0x71, 0x8F, 0x27, 0x13, 0x77, 0x70, 0x6F, 0xD3, 0x8D, 0xF7, 0x63, 0x97, 0xAF,
    0xBE, 0xC2, 0x3F, 0x5F, 0xFA, 0x47, 0xFE, 0x26, 0x99, 0x6F, 0xE8, 0xB3, 0xC1, 0x88, 0x0C, 0x45,
    0xD0, 0xA1, 0x70, 0xF0, 0xD9, 0x3E, 0x1F, 0x06, 0xC6, 0xA1, 0x7D, 0x0D, 0xA1, 0x17, 0x30, 0x27,
    0x00, 0x10, 0x57, 0xD3, 0x7F, 0x36, 0xE3, 0xAA, 0x3D, 0x4B, 0xFD, 0x0D, 0x41, 0x09, 0xD8, 0xC0,
    0xCF, 0xF7, 0xF9, 0x87, 0xE9, 0x3E, 0x7F, 0xF6, 0xF3, 0x1B, 0x0C, 0x87, 0x42, 0xFF, 0x25, 0x31,
    0x96, 0xB9, 0xA3, 0xD6, 0x97, 0xBA, 0x73, 0xC9, 0xA9, 0x8F, 0x9D, 0x3E, 0xDE, 0x73, 0x7A, 0x70,
    0xAF, 0xD0, 0xF1, 0x7D, 0x34, 0xEF, 0xA1, 0x18, 0xB4, 0x73, 0xBB, 0xD0, 0xC4, 0xD7, 0x2A, 0x57,
    0x6E, 0xAB, 0x88, 0x68, 0xBA, 0x88, 0x35, 0x6A, 0x3A, 0x4A, 0x1F, 0xBC, 0xE3, 0xAE, 0xE3, 0x13,
    0xC7, 0xD8, 0xF1, 0x5D, 0x47, 0xEC, 0x7E, 0x14, 0xBB, 0x5E, 0xEC, 0x24, 0x76, 0xE1, 0x45, 0x74,
    0x0E, 0x1D, 0x43, 0x47, 0xE6, 0x48, 0x5C, 0xC7, 0x4F, 0xC5, 0xCF, 0xFA, 0xF4, 0x07, 0x64, 0x20,
    0x71, 0x25, 0xD2, 0xC8, 0x69, 0x23, 0x32, 0x93, 0x64, 0x26, 0xF4, 0x84, 0xF3, 0xC2, 0x59, 0x41,
    0x16, 0x24, 0x4D, 0xB8, 0x99, 0x70, 0x37, 0x96, 0xFE, 0x32, 0xD3, 0x80, 0x38, 0xC1, 0xAA, 0xD0,
    0x5D, 0x0F, 0x75, 0x25, 0x64, 0xD3, 0x9C, 0xF8, 0xAE, 0x27, 0xDE, 0xFF, 0x67, 0x17, 0xCF, 0xEF,
    0xB8, 0xB8, 0xF6, 0x65, 0x5C, 0x59, 0x80, 0x51, 0x32, 0xA7, 0xCE, 0xFC, 0x9F, 0xAB, 0xDD, 0xBB,
    0xE7, 0xD6, 0xDE, 0xBD, 0x37, 0xED, 0xBE, 0x7B, 0x47, 0xED, 0x83, 0x52, 0xE5, 0x3E, 0xCA, 0xF9,
    0x80, 0x39, 0x41, 0x3F, 0x52, 0x32, 0x3F, 0x65, 0x65, 0x01, 0x74, 0x2A, 0xB1, 0xD1, 0x74, 0xF9,
    0x45, 0xF7, 0xF1, 0xF1, 0x7E, 0xB1, 0xFC, 0xA2, 0x97, 0x8E, 0xBE, 0xE8, 0x57, 0x8F, 0x88, 0x8E,
    0x2F, 0x51, 0xF1, 0x8A, 0x5A, 0x1A, 0x74, 0x03, 0x83, 0x0E, 0xCB, 0x20, 0xA9, 0x0B, 0x72, 0x96,
    0x20, 0xE6, 0x85, 0xD8, 0xE2, 0x5A, 0x90, 0xCA, 0x57, 0xDA, 0x5B, 0xDF, 0x9B, 0xAB, 0x59, 0xDF,
    0xCB, 0x35, 0xAF, 0x16, 0x89, 0x4A, 0x69, 0x3A, 0xBA, 0xE2, 0x0B, 0x34, 0xF3, 0x55, 0x88, 0xD2,
    0xA9, 0xD1, 0x11, 0x03, 0x74, 0x81, 0x41, 0x7F, 0xE8, 0x82, 0x08, 0x41, 0x7A, 0x5F, 0x8E, 0xD7,
    0x2F, 0x83, 0xD8, 0xCA, 0x10, 0x42, 0x85, 0x67, 0xCA, 0x83, 0xF7, 0x54, 0x5C, 0xB4, 0xE0, 0xF8,
    0x95, 0x15, 0x0A, 0x17, 0xEE, 0x28, 0xFC, 0xF6, 0xE6, 0x14, 0x72, 0xEF, 0x68, 0x13, 0x27, 0xFB,
    0x1C, 0xBC, 0x2F, 0xE3, 0x69, 0x3A, 0x4D, 0x8A, 0x48, 0xD3, 0x1A, 0x65, 0x10, 0x08, 0xF5, 0xF3,
    0x72, 0x2A, 0x90, 0x07, 0x2E, 0x04, 0xBA, 0x01, 0x5B, 0xA1, 0x52, 0xA2, 0xD0, 0x52, 0x28, 0xB1,
    0xD3, 0xC8, 0x97, 0x2A, 0xBE, 0x52, 0x91, 0x6B, 0x2A, 0x8B, 0x54, 0xE3, 0xA6, 0xA3, 0x5F, 0x8A,
    0x4D, 0x54, 0xB5, 0xB1, 0xD9, 0xFD, 0x1A, 0xB1, 0xBF, 0xB9, 0xFC, 0x70, 0x49, 0x83, 0x4A, 0x73,
    0x51, 0x4F, 0xF7, 0x3F, 0xD2, 0xD3, 0x7F, 0xF2, 0xA9, 0x26, 0x1F, 0x5F, 0x57, 0x80, 0xC8, 0xFB,
    0x42, 0xFC, 0x82, 0xAC, 0x80, 0xDC, 0x97, 0xF0, 0x83, 0x86, 0xA8, 0xBC, 0x86, 0xA8, 0x70, 0x7A,
    0x7B, 0x49, 0xDB, 0x8E, 0x02, 0xB4, 0xD4, 0x19, 0x8C, 0xE7, 0x90, 0xD5, 0xBC, 0xB8, 0xB6, 0x36,
    0xF8, 0x8D, 0xE9, 0x3E, 0x63, 0x37, 0xE6, 0xB1, 0x0A, 0xFF, 0xFB, 0xA7, 0x0F, 0xE9, 0xBF, 0xF1,
    0x0E, 0x00, 0xA7, 0xDE, 0x8A, 0x34, 0xF7, 0x97, 0x67, 0x83, 0x4F, 0xFF, 0xC9, 0x8C, 0x2E, 0xFD,
    0xBB, 0xF1, 0x6F, 0xFF, 0xB7, 0x79, 0x7C, 0x6F, 0x64, 0x1E, 0xEF, 0xAF, 0x9B, 0xE1, 0xDF, 0x6E,
    0x9B, 0x37, 0x7B, 0x95, 0xA1, 0xE7, 0x0C, 0xFD, 0x80, 0x2D, 0x03, 0x2C, 0xE9, 0x05, 0x00, 0xD2,
    0xEB, 0x15, 0x9A, 0x3F, 0x98, 0xA1, 0x83, 0x41, 0x0F, 0xDD, 0xF9, 0x76, 0x86, 0x2A, 0x12, 0x64,
    0x23, 0x48, 0x3D, 0x09, 0xB2, 0xD3, 0xCA, 0xE8, 0x5A, 0x90, 0x81, 0x09, 0x62, 0xEA, 0x61, 0xA5,
    0x76, 0xFA, 0xF1, 0x42, 0x6D, 0x71, 0x67, 0x5F, 0xFB, 0xF8, 0x4D, 0xED, 0xD1, 0x47, 0xA3, 0xE5,
    0xA8, 0x50, 0x74, 0x83, 0x3A, 0xB8, 0x31, 0x40, 0x7D, 0x61, 0xD0, 0xB4, 0x0C, 0x72, 0xFE, 0xF8,
    0x80, 0xE8, 0xB4, 0x03, 0x22, 0x69, 0x07, 0x44, 0xDE, 0x98, 0xF5, 0xDE, 0xFC, 0xDC, 0xC5, 0x75,
    0xFB, 0x6F, 0x67, 0xF2, 0xCA, 0x4A, 0x93, 0x96, 0xBD, 0xB8, 0x8A, 0x8E, 0x96, 0xC9, 0x8D, 0x11,
    0xAB, 0x8A, 0x84, 0x5C, 0x74, 0x22, 0x21, 0x8F, 0x90, 0xC5, 0xE0, 0x9C, 0x18, 0x15, 0x3B, 0x15,
    0x5B, 0x48, 0x1F, 0xE9, 0x21, 0x49, 0xB1, 0x45, 0xFE, 0xE9, 0x8C, 0xC1, 0xED, 0x1E, 0x3B, 0xBF,
    0x76, 0xB4, 0x54, 0x6D, 0x04, 0x26, 0xC2, 0x4E, 0x60, 0x74, 0x5B, 0x68, 0x33, 0x37, 0xDB, 0x42,
    0xDF, 0x09, 0xB6, 0xF8, 0x62, 0xD9, 0x39, 0xB1, 0x1E, 0xFF, 0xC0, 0x49, 0x76, 0x6C, 0x3D, 0xB6,
    0x4E, 0xAC, 0xCA, 0xC5, 0x75, 0xC9, 0x55, 0x52, 0x27, 0x52, 0x26, 0x95, 0xD5, 0xAC, 0xE9, 0x6E,
    0x1B, 0xB3, 0xA6, 0x17, 0x4D, 0xAE, 0x3B, 0xE6, 0x94, 0xAA, 0xE1, 0x60, 0x6A, 0x78, 0xE4, 0x0C,
    0x87, 0xA5, 0xE1, 0x49, 0x61, 0x78, 0x86, 0x61, 0x11, 0x98, 0x1D, 0x51, 0x07, 0x20, 0xF9, 0xFC,
    0x8D, 0xDC, 0xCF, 0x4D, 0xE7, 0xD6, 0x46, 0xC1, 0x70, 0x51, 0xF0, 0x4E, 0xFD, 0xAB, 0xEC, 0x1A,
    0xCC, 0x71, 0xEB, 0xB3, 0x1B, 0xF2, 0x89, 0x7C, 0x29, 0x0E, 0xB5, 0x8A, 0x76, 0xB7, 0x97, 0x75,
    0xA6, 0x9C, 0x28, 0x9D, 0x40, 0x32, 0x45, 0x87, 0xCA, 0xA3, 0xD9, 0x00, 0xFF, 0x57, 0x86, 0x85,
    0x34, 0x34, 0x71, 0x25, 0xE5, 0x2B, 0x7D, 0x5F, 0x5E, 0x9A, 0x48, 0x19, 0xFA, 0x29, 0xE9, 0x02,
    0xC0, 0xBC, 0x0C, 0x29, 0x31, 0x56, 0x31, 0xDD, 0xED, 0x65, 0x9D, 0x05, 0xF8, 0x2A, 0x1A, 0x76,
    0xB1, 0x5E, 0x49, 0x7D, 0xB9, 0x8A, 0x8C, 0x4B, 0xF9, 0xCC, 0xC9, 0x81, 0x13, 0x5F, 0xCA, 0x53,
    0x44, 0x97, 0xB6, 0x2B, 0xEA, 0xE5, 0xF0, 0xDE, 0x8D, 0x67, 0x97, 0x1E, 0x7A, 0xFC, 0x8C, 0x61,
    0x4D, 0x0E, 0x72, 0xC2, 0xBE, 0x96, 0xBB, 0x94, 0x46, 0xB0, 0xDA, 0x13, 0xBA, 0xDB, 0xB7, 0x85,
    0x35, 0xF5, 0x42, 0xAE, 0x0F, 0x84, 0x53, 0x07, 0x9F, 0x5C, 0x81, 0x47, 0x93, 0x7D, 0x38, 0xBC,
    0x1E, 0xE4, 0xC9, 0xF7, 0xEE, 0xC3, 0x33, 0x1E, 0xC2, 0x82, 0x31, 0xCC, 0x19, 0xC2, 0x0C, 0xDB,
    0x4A, 0x0E, 0x35, 0x19, 0x80, 0xBC, 0x5A, 0xFE, 0x3F, 0xFF, 0x51, 0xD6, 0xFC, 0xD2, 0x8B, 0x90,
    0x45, 0xF0, 0x4E, 0xB8, 0xEB, 0x96, 0xB5, 0x0D, 0xC4, 0x27, 0xF8, 0x4E, 0x60, 0x3C, 0x17, 0x3E,
    0xF6, 0x37, 0x98, 0x3E, 0xF2, 0x8C, 0xAB, 0x21, 0x79, 0x99, 0x91, 0x17, 0xE6, 0xEF, 0x9D, 0x79,
    0xEC, 0x8C, 0x2F, 0x8C, 0x62, 0xAE, 0x62, 0xF2, 0xCA, 0xD8, 0xA9, 0xA9, 0x31, 0xFA, 0xDC, 0x76,
    0x69, 0xAC, 0xD7, 0xC4, 0x17, 0x40, 0xE6, 0x35, 0x8C, 0x92, 0x1A, 0x7C, 0xC5, 0xCA, 0x02, 0x52,
    0x47, 0xFC, 0xDC, 0xBE, 0xEB, 0xF0, 0xED, 0x7E, 0x1B, 0x12, 0xC1, 0x97, 0xF4, 0x5F, 0xCC, 0xAC,
    0x8D, 0x97, 0x9E, 0x74, 0xFA, 0xA5, 0xD8, 0x4A, 0x4C, 0x3B, 0xB3, 0x44, 0x9C, 0xC0, 0x4B, 0x6C,
    0xC5, 0xDF, 0xCC, 0x7D, 0xF3, 0x11, 0xFD, 0x6D, 0x84, 0xF7, 0xAF, 0xA4, 0xFE, 0x61, 0x56, 0x8C,
    0x7B, 0x64, 0xC7, 0xDD, 0xDB, 0xB9, 0x59, 0x49, 0x5A, 0xCA, 0xD1, 0x3B, 0x2C, 0x8E, 0x36, 0x89,
    0x2A, 0xBD, 0x89, 0xFE, 0xCA, 0x2E, 0xCA, 0x28, 0xA0, 0x5F, 0x7E, 0x8F, 0x36, 0x70, 0xE1, 0xE8,
    0x1D, 0x66, 0x25, 0x0A, 0xAF, 0xA6, 0x9D, 0x8A, 0x5E, 0x2D, 0x8D, 0xC1, 0x70, 0xC2, 0xA2, 0x5D,
    0xD2, 0x19, 0xDF, 0x32, 0x9C, 0x3E, 0x87, 0xCC, 0x88, 0x15, 0xA4, 0x88, 0xFC, 0x07, 0x64, 0x7E,
    0x46, 0x58, 0x53, 0x18, 0x45, 0x0F, 0xD1, 0xEC, 0x0A, 0x3A, 0xBE, 0xC1, 0xA3, 0xD7, 0x38, 0x38,
    0x49, 0x89, 0xC1, 0x6A, 0x90, 0xEE, 0x36, 0x6D, 0x6B, 0xCB, 0x90, 0x1D, 0xCE, 0x0C, 0x1C, 0x9E,
    0xEE, 0x4D, 0x39, 0x7C, 0xCF, 0x96, 0x1C, 0xF8, 0x05, 0x68, 0x3E, 0x03, 0xC5, 0x1C, 0x97, 0x86,
    0x5D, 0xB0, 0x5E, 0x21, 0xF1, 0x25, 0x20, 0xC5, 0x4A, 0x48, 0x25, 0xF7, 0x33, 0x36, 0x3A, 0x0B,
    0xEA, 0xE4, 0xC7, 0x70, 0x5E, 0x88, 0xFC, 0x7D, 0xE4, 0x2F, 0x3D, 0xE7, 0xC9, 0x31, 0x08, 0xFD,
    0x72, 0x79, 0x6A, 0x31, 0xEB, 0xC2, 0xC5, 0x40, 0x1E, 0xDA, 0x52, 0xB6, 0xC4, 0x95, 0x55, 0x09,
    0x6B, 0xDD, 0xE9, 0x33, 0x6B, 0xFA, 0xAD, 0x33, 0xB9, 0xA6, 0xF5, 0x29, 0xCD, 0x14, 0x5D, 0x0B,
    0x6C, 0x07, 0xA6, 0xCA, 0x23, 0xA7, 0x3C, 0x29, 0x94, 0x05, 0xCA, 0x2C, 0xD0, 0x04, 0xDA, 0x02,
    0x9D, 0x12, 0xF8, 0x6B, 0x27, 0x65, 0xE4, 0x0B, 0xAB, 0xF1, 0xE5, 0xF0, 0x40, 0x41, 0xD6, 0x34,
    0xF6, 0xE4, 0xCA, 0x07, 0x9C, 0x52, 0x04, 0xD4, 0xB4, 0x72, 0xAD, 0x15, 0x2F, 0xF0, 0xE8, 0x93,
    0x1B, 0x70, 0x78, 0x77, 0xFF, 0xF8, 0x74, 0x99, 0x61, 0xA1, 0x21, 0xE7, 0xF9, 0xD1, 0xAB, 0x1F,
    0xCA, 0x45, 0x84, 0xE8, 0xA6, 0x90, 0x36, 0x82, 0x9C, 0x11, 0xDE, 0x08, 0x48, 0x13, 0xD0, 0xC0,
    0xF3, 0x52, 0xE6, 0xC4, 0x7E, 0x0E, 0xE3, 0x8A, 0xEF, 0x2C, 0x84, 0xB1, 0xFF, 0x1F, 0x6A, 0x66,
    0xA1, 0x9E, 0x91, 0x2D, 0x06, 0xBC, 0x59, 0x18, 0xC6, 0x53, 0x43, 0xBD, 0xBE, 0xC4, 0x87, 0xF6,
    0xD3, 0x62, 0xB9, 0x76, 0x8D, 0xBE, 0x58, 0xBB, 0x90, 0x72, 0x66, 0x3F, 0xF3, 0xDD, 0xC3, 0x1B,
    0x17, 0xBC, 0xE4, 0x33, 0x59, 0xD9, 0x12, 0x78, 0xA5, 0xAD, 0x62, 0xC6, 0xA5, 0x79, 0xE2, 0x46,
    0x4F, 0x5C, 0x3D, 0xDE, 0xAC, 0xAC, 0x77, 0x47, 0x47, 0x71, 0xB0, 0x98, 0x67, 0x6E, 0x10, 0xFA,
    0x9F, 0x5D, 0xD7, 0xD0, 0x9F, 0xCE, 0x91, 0x52, 0xAC, 0x66, 0xDD, 0xF5, 0xDE, 0x6F, 0x55, 0xBB,
    0x99, 0x6F, 0xB7, 0xCF, 0xB4, 0xC1, 0x7A, 0x76, 0x53, 0x57, 0xC7, 0xEE, 0xFB, 0xB1, 0xE3, 0x2B,
    0x2D, 0xAD, 0x00, 0xDB, 0x00, 0xDD, 0x33, 0x47, 0xB2, 0xFC, 0x33, 0xFC, 0xF0, 0xE5, 0x2B, 0x84,
    0x05, 0xEB, 0x81, 0x51, 0xEA, 0x40, 0xE3, 0x20, 0x6D, 0x78, 0xF8, 0x9A, 0x12, 0xFD, 0x84, 0xCC,
    0xBB, 0x8D, 0x48, 0xC7, 0xB7, 0xAE, 0x7A, 0x3F, 0x23, 0x4C, 0x30, 0x00, 0xA1, 0xF3, 0xBE, 0x20,
    0xFE, 0x3E, 0xBD, 0xCE, 0x18, 0xFB, 0x93, 0x9C, 0xA1, 0x7F, 0x08, 0x9D, 0x0F, 0x08, 0x02, 0x6C,
    0x44, 0xEF, 0x4D, 0x32, 0x3F, 0xB9, 0x1A, 0xCD, 0xC7, 0xB7, 0x76, 0xBC, 0xDF, 0xA5, 0xF5, 0xFB,
    0x06, 0xF1, 0x3E, 0x2D, 0x2B, 0xC1, 0xEF, 0xEC, 0xEF, 0xFB, 0xE0, 0x67, 0x83, 0x9F, 0x7F, 0xE1,
    0x67, 0xD9, 0x73, 0x7B, 0x6E, 0xE8, 0xE2, 0x50, 0xA2, 0xD2, 0xC6, 0x6E, 0x6F, 0xD2, 0xDA, 0x70,
    0xE2, 0xE2, 0x60, 0x0F, 0x5C, 0xC7, 0x17, 0xC0, 0x96, 0x6E, 0xB3, 0x05, 0x8A, 0x5F, 0x14, 0xDE,
    0x57, 0xDA, 0x69, 0x94, 0xC1, 0xF3, 0xD5, 0x6B, 0xA4, 0x91, 0x7A, 0xEF, 0x4E, 0xF6, 0xB7, 0x8D,
    0xC6, 0x7B, 0xF5, 0xBE, 0x44, 0x41, 0x5F, 0x52, 0x9E, 0xE2, 0xCB, 0x03, 0x57, 0xB9, 0x0F, 0xCB,
    0x55, 0x34, 0x76, 0xAF, 0xB2, 0xA7, 0xF1, 0x7F, 0xFA, 0xCD, 0xC5, 0xC1, 0x64, 0xAF, 0x9A, 0x6C,
    0x7E, 0xB8, 0xF9, 0xB3, 0x55, 0x9A, 0xF4, 0x17, 0x5B, 0xD6, 0x57, 0x83, 0x95, 0x72, 0x58, 0x90,
    0x28, 0xEC, 0x82, 0x79, 0x3D, 0xEB, 0x97, 0xD8, 0x0A, 0xB3, 0x1E, 0xA6, 0x21, 0x79, 0x45, 0x5A,
    0xAE, 0xCC, 0xC9, 0x7C, 0x69, 0xDF, 0x76, 0x17, 0x26, 0xAD, 0x65, 0x97, 0x4B, 0x84, 0xD7, 0xB3,
    0x2D, 0xA4, 0x41, 0xCE, 0x84, 0x89, 0xD1, 0x36, 0xE2, 0xEA, 0xA2, 0xF0, 0xEB, 0x96, 0x73, 0x63,
    0xDE, 0xBA, 0x4F, 0x76, 0x03, 0x11, 0x78, 0x5D, 0xBB, 0x85, 0xCC, 0x91, 0x14, 0x49, 0x48, 0x17,
    0x44, 0xCD, 0xF1, 0x31, 0xBA, 0x15, 0x3B, 0x7E, 0x09, 0x83, 0x74, 0xD3, 0x59, 0xAF, 0x83, 0xC1,
    0x60, 0x84, 0xF1, 0xA5, 0xF1, 0x95, 0x51, 0x35, 0xC3, 0xCA, 0xE4, 0xE5, 0x6B, 0xBE, 0xAC, 0x2D,
    0x50, 0x22, 0xCD, 0xFC, 0x74, 0xBC, 0x28, 0xEA, 0x64, 0xFA, 0xE8, 0x1F, 0xD7, 0xC7, 0xBB, 0xDD,
    0x73, 0xD9, 0x14, 0xD0, 0xF6, 0xDA, 0xE8, 0x94, 0x7B, 0x61, 0xC8, 0x24, 0xE5, 0x35, 0xE1, 0xAD,
    0x01, 0xE3, 0x29, 0xBF, 0x07, 0xD1, 0x37, 0xA3, 0x52, 0xFC, 0x25, 0x77, 0xEE, 0x0F, 0xF7, 0x9C,
    0xBD, 0x74, 0xAF, 0xE8, 0x4E, 0x7E, 0x4C, 0xF7, 0x5E, 0x43, 0x76, 0xE5, 0x26, 0x82, 0xE0, 0xD5,
    0x6B, 0x5B, 0xB3, 0x02, 0x42, 0x67, 0x4E, 0x56, 0x61, 0x4B, 0xBA, 0xAE, 0xB5, 0xAC, 0x20, 0xAD,
    0x6C, 0xD3, 0x3D, 0xD3, 0x3D, 0x63, 0x9B, 0xB4, 0x8A, 0x34, 0xD5, 0xD3, 0x9C, 0x22, 0x2F, 0x6B,
    0x6A, 0x86, 0x74, 0x7C, 0xF1, 0xC6, 0xF7, 0xB6, 0x2F, 0x72, 0x6E, 0x7D, 0xF8, 0xBB, 0x7F, 0xE1,
    0xFE, 0x65, 0xC2, 0x6F, 0x2E, 0x2D, 0xB4, 0x43, 0x4F, 0xE8, 0x0F, 0xBF, 0x86, 0x7B, 0xF8, 0xA3,
    0x9B, 0x24, 0x7E, 0x1E, 0xDC, 0xF2, 0x72, 0x40, 0x3C, 0xDD, 0xA1, 0x53, 0x29, 0x68, 0x4B, 0x4D,
    0x47, 0xDB, 0x3E, 0x5B, 0x64, 0x2E, 0xF5, 0x0B, 0x3A, 0xE3, 0x5F, 0x70, 0xEC, 0xFE, 0x62, 0x83,
    0xC4, 0x8D, 0xE4, 0x7A, 0xA5, 0x6B, 0x5B, 0xAA, 0xDD, 0xAE, 0xD6, 0x6B, 0xDB, 0x3A, 0x92, 0xF6,
    0x59, 0x3F, 0xAE, 0x72, 0xBF, 0xE9, 0x56, 0xE6, 0x49, 0x59, 0x03, 0x33, 0xC0, 0x3C, 0xE7, 0xD4,
    0xEF, 0x94, 0xC6, 0x3E, 0x54, 0xB3, 0x3B, 0x18, 0x99, 0x7A, 0xCD, 0x18, 0xFF, 0x6D, 0x63, 0x0E,
    0xDC, 0x92, 0x71, 0x69, 0x56, 0xDF, 0x64, 0x24, 0x65, 0xA4, 0x89, 0xF7, 0x53, 0xDE, 0x59, 0x10,
    0xDD, 0x7A, 0xB3, 0xC8, 0xE6, 0xE3, 0x69, 0x4F, 0x3E, 0xD3, 0x51, 0xE2, 0xB4, 0x8E, 0x9D, 0xEA,
    0x11, 0x7E, 0x12, 0xF8, 0x0F, 0xA7, 0xDB, 0xEF, 0x3A, 0xB5, 0xA1, 0xCE, 0x36, 0x9D, 0x02, 0x02,
    0x9C, 0x05, 0x0C, 0x74, 0x1A, 0xFE, 0xD8, 0x57, 0x21, 0xF7, 0xC2, 0x16, 0x30, 0x38, 0x55, 0x50,
    0xDB, 0x0A, 0x5D, 0x5B, 0x47, 0xBB, 0xEB, 0xD4, 0xAB, 0x53, 0x46, 0xE9, 0x94, 0x8D, 0xCE, 0xED,
    0x22, 0xF7, 0xBE, 0x49, 0x16, 0x37, 0x47, 0x2C, 0xAF, 0x14, 0x12, 0x15, 0x90, 0xD9, 0x2A, 0x9C,
    0x3E, 0xB3, 0x0B, 0xEF, 0x78, 0xA5, 0x0D, 0x44, 0x5E, 0xB2, 0x0C, 0xC5, 0x8E, 0xAD, 0xA0, 0x0D,
    0x46, 0x1B, 0x8D, 0x36, 0x1C, 0x23, 0x99, 0x12, 0x02, 0x8E, 0x0B, 0xDA, 0x88, 0x84, 0x33, 0xC3,
    0x00, 0x00, 0x7A, 0x40, 0x06, 0x48, 0x01, 0xA9, 0x83, 0xE4, 0xCE, 0xFB, 0xC4, 0x0F, 0x7D, 0x15,
    0x7F, 0xDE, 0x99, 0xC5, 0xD3, 0xA3, 0x9F, 0x6F, 0x21, 0xD1, 0x02, 0x89, 0x3F, 0x25, 0x8B, 0x27,
    0xF4, 0xA2, 0xFF, 0x62, 0x86, 0xFF, 0xA0, 0x22, 0x5B, 0x00, 0x24, 0x25, 0x90, 0x16, 0x27, 0x0E,
    0x7E, 0x69, 0xF5, 0x91, 0x90, 0x3F, 0xF5, 0x57, 0x18, 0xE4, 0x97, 0x6F, 0xB0, 0x23, 0xF1, 0x3E,
    0xFA, 0x42, 0x9E, 0x95, 0xC9, 0xCF, 0xF0, 0x55, 0xF2, 0x37, 0x6C, 0xAF, 0xA7, 0x23, 0xD6, 0xFE,
    0x40, 0x94, 0xAC, 0x6C, 0xB3, 0x07, 0xFD, 0x82, 0x4E, 0x20, 0x99, 0x46, 0xDE, 0x97, 0x99, 0xFF,
    0x9C, 0x3E, 0x30, 0x02, 0x6A, 0xA4, 0x54, 0xD6, 0xD6, 0xF5, 0x47, 0xDD, 0x6E, 0x3D, 0x5B, 0xDB,
    0xFE, 0xE9, 0xC3, 0x4C, 0xED, 0xDB, 0x7E, 0x7A, 0xB6, 0x7D, 0x3E, 0xB8, 0x0A, 0x98, 0xE3, 0xAC,
    0xCC, 0x7B, 0x83, 0xCC, 0xFB, 0xBA, 0x17, 0x57, 0xDF, 0x1F, 0x75, 0x14, 0xA5, 0x46, 0x6F, 0x0D,
    0x78, 0xB4, 0xE8, 0xF1, 0xD3, 0xCB, 0x52, 0x0C, 0x93, 0x74, 0x9A, 0x2F, 0x22, 0x4D, 0x1A, 0xCA,
    0x76, 0x1F, 0x2B, 0xC2, 0x4E, 0x66, 0x5D, 0xD8, 0xCB, 0xFE, 0xCE, 0x5D, 0xF0, 0xF2, 0x89, 0xCB,
    0x67, 0x32, 0x71, 0x61, 0x47, 0x8B, 0x1D, 0x7C, 0x0D, 0x89, 0xDE, 0x03, 0xC8, 0x3C, 0x40, 0x5F,
    0x4A, 0x60, 0x37, 0xB9, 0x5B, 0x40, 0x1D, 0x4F, 0x42, 0xA5, 0xC3, 0xC9, 0xBF, 0xEE, 0xA3, 0x93,
    0xBD, 0xC5, 0xA2, 0x51, 0xFF, 0xF6, 0x60, 0x87, 0xFA, 0xDA, 0x1B, 0x17, 0xBF, 0xCD, 0x80, 0x73,
    0x40, 0x9F, 0x11, 0x20, 0xBE, 0x02, 0xA2, 0x45, 0x01, 0xFC, 0x1F, 0xBD, 0xD8, 0x01, 0x84, 0x24,
    0x57, 0xDE, 0x00, 0xF0, 0x5F, 0x75, 0xAD, 0x69, 0xDF, 0xD6, 0x66, 0x2B, 0x1F, 0xC1, 0x22, 0xDF,
    0x74, 0xB0, 0x58, 0xCC, 0xCE, 0x7C, 0x61, 0x8F, 0x41, 0xCD, 0x4C, 0xB9, 0x05, 0x42, 0x5C, 0x00,
    0x40, 0xEC, 0x11, 0x00, 0x12, 0x2C, 0xFA, 0x4E, 0x67, 0xB7, 0x92, 0xC3, 0x81, 0xBB, 0x5B, 0x07,
    0x00, 0xE6, 0x08, 0x58, 0xD8, 0x41, 0xA3, 0xEF, 0x4C, 0x32, 0xEF, 0x12, 0x1C, 0x0E, 0x4A, 0x82,
    0xE0, 0xA0, 0x92, 0x0B, 0xC7, 0x2D, 0xF2, 0x50, 0x64, 0x25, 0xB3, 0x5B, 0xD7, 0x65, 0x3A, 0x63,
    0x6E, 0x37, 0xD9, 0xCB, 0x76, 0x66, 0x6E, 0xBA, 0xDF, 0x43, 0xD5, 0x7B, 0x55, 0xBF, 0xFF, 0xFB,
    0xF7, 0xFF, 0x75, 0xD7, 0xC8, 0x31, 0x2A, 0xD9, 0x08, 0xEC, 0x04, 0x7E, 0x59, 0x33, 0x6D, 0x88,
    0x51, 0x12, 0xA7, 0x06, 0xCD, 0x58, 0x1A, 0x0A, 0xC3, 0xB0, 0x25, 0xAB, 0xD6, 0xE5, 0x5D, 0x67,
    0xD4, 0x75, 0xE5, 0xBA, 0xAC, 0xDA, 0x32, 0x0C, 0x85, 0xB4, 0xDE, 0x37, 0x68, 0x00, 0x64, 0xC8,
    0x71, 0x9E, 0xE1, 0x23, 0x3B, 0xF7, 0xC2, 0xB5, 0xFE, 0x64, 0x24, 0x66, 0x5D, 0xDC, 0xF9, 0x67,
    0xDC, 0x17, 0x5B, 0x31, 0x8A, 0xB3, 0x34, 0xEE, 0x7C, 0xB0, 0x97, 0xB5, 0x53, 0xD8, 0x25, 0xB2,
    0xC7, 0xE0, 0x0E, 0xF9, 0x21, 0x97, 0x0A, 0x8C, 0x49, 0x1A, 0x06, 0x15, 0x30, 0xAC, 0xC9, 0x1A,
    0xF2, 0xC8, 0xA8, 0xE5, 0xEA, 0x84, 0xA2, 0x60, 0x72, 0x95, 0xD9, 0x88, 0x98, 0x4B, 0x62, 0x56,
    0x0D, 0x9A, 0x34, 0xCC, 0x5F, 0xF5, 0xB0, 0xEB, 0x9A, 0xAC, 0xEB, 0x62, 0x5E, 0x6A, 0x47, 0xCC,
    0xD6, 0x99, 0x6C, 0xB1, 0xE5, 0xA1, 0xB4, 0x33, 0xC8, 0x59, 0x65, 0x93, 0xB7, 0x78, 0xC2, 0x3A,
    0x7C, 0xD2, 0x7A, 0x30, 0xB7, 0xDE, 0x64, 0x58, 0x92, 0x31, 0x7C, 0x95, 0x51, 0xA0, 0x88, 0xEC,
    0x5E, 0x06, 0xF2, 0x8A, 0x3C, 0x30, 0xAA, 0xD9, 0x6E, 0x28, 0x22, 0xE3, 0x96, 0x76, 0x4C, 0x2C,
    0x24, 0x71, 0x4B, 0x5A, 0xAF, 0x4B, 0x43, 0x6E, 0x18, 0xF2, 0x32, 0xEF, 0xBA, 0x6A, 0xDE, 0xC2,
    0x48, 0x5A, 0x6F, 0x1B, 0x34, 0x5B, 0x92, 0x38, 0xA1, 0xE5, 0x26, 0x8D, 0x69, 0x48, 0x0E, 0xA5,
    0xBF, 0x93, 0xA5, 0xA5, 0x67, 0x58, 0xCB, 0x2B, 0xF8, 0x3F, 0x86, 0xAF, 0x9C, 0x9D, 0x2F, 0x0D,
    0x92, 0x60, 0xBA, 0xBB, 0x94, 0x6F, 0x54, 0xF2, 0xBF, 0x81, 0xB4, 0x92, 0x2D, 0x8C, 0xE3, 0xC7,
    0x8C, 0xA3, 0xC0, 0x46, 0x38, 0x32, 0x4E, 0x22, 0xB3, 0x48, 0x9C, 0xE9, 0xEF, 0x3E, 0x68, 0x0A,
    0xBD, 0x71, 0x18, 0x46, 0xB2, 0x2A, 0x37, 0xF7, 0xF5, 0xCE, 0xD0, 0xAB, 0x7B, 0x7D, 0x61, 0x10,
    0xF7, 0x25, 0x51, 0xD2, 0x4A, 0x5E, 0x64, 0xD3, 0xF4, 0xC6, 0x32, 0xCC, 0xED, 0x4B, 0xFC, 0x3E,
    0x02, 0x59, 0x4F, 0xAA, 0xD9, 0xDC, 0x3B, 0xF5, 0xA5, 0x4C, 0x3F, 0xAB, 0x9E, 0xDB, 0x00, 0x53,
    0xCB, 0x30, 0x73, 0x6C, 0x54, 0xFC, 0xA4, 0x26, 0x46, 0x70, 0x96, 0x05, 0x2D, 0x1A, 0xCC, 0x95,
    0xAF, 0x3B, 0x9F, 0x95, 0x96, 0xAB, 0xEF, 0xE4, 0x28, 0xF5, 0x86, 0xA8, 0x5E, 0xA0, 0xDE, 0xE4,
    0x83, 0x96, 0x8D, 0x1A, 0xC8, 0xCB, 0x13, 0xF9, 0xAF, 0x79, 0x3B, 0x32, 0x8D, 0xC4, 0x29, 0xC7,
    0xF9, 0xDF, 0x92, 0x3E, 0x96, 0xFF, 0x91, 0x34, 0x6C, 0xF7, 0x67, 0x0C, 0xE2, 0x44, 0x12, 0xAD,
    0x2D, 0x4A, 0xFB, 0xC2, 0x20, 0x5C, 0x1C, 0x56, 0xC3, 0x8E, 0xF7, 0x7C, 0x37, 0xF9, 0x6E, 0x9C,
    0xE9, 0xBD, 0x31, 0x39, 0x41, 0x5E, 0x54, 0x91, 0x8B, 0x67, 0xCB, 0xEC, 0x2B, 0xA9, 0x66, 0x77,
    0x59, 0x66, 0x5E, 0xF1, 0x42, 0xBD, 0x58, 0xD5, 0x93, 0xD4, 0x78, 0x82, 0x5A, 0xFD, 0x00, 0xEA,
    0xD5, 0xFF, 0x48, 0xF5, 0x40, 0xF2, 0x2A, 0x6B, 0xFC, 0xFF, 0xB2, 0xDA, 0xAD, 0xCB, 0x7C, 0xD8,
    0x00, 0xE1, 0xD2, 0xB1, 0xF4, 0xD4, 0x17, 0xF5, 0xF3, 0xEA, 0xC2, 0x06, 0x96, 0x65, 0x96, 0x8B,
    0x45, 0xFC, 0xD3, 0x71, 0xBE, 0x9F, 0x2C, 0xAA, 0x5F, 0x34, 0x0B, 0x5A, 0xDF, 0x66, 0x47, 0xB4,
    0xD0, 0xD3, 0xFA, 0x32, 0x1A, 0x59, 0xD0, 0xAA, 0x91, 0xE1, 0xB7, 0xB4, 0xA6, 0xA7, 0x3D, 0x59,
    0x54, 0x4B, 0x2B, 0x4F, 0x14, 0x55, 0xD7, 0x3D, 0xF8, 0xFA, 0xEE, 0x7B, 0x91, 0xC7, 0xDE, 0x5D,
    0xD7, 0x7C, 0x7D, 0xF7, 0xCE, 0x93, 0xC7, 0xE7, 0x83, 0xE7, 0x53, 0x00, 0x7B, 0x44, 0x76, 0x25,
    0x07, 0x55, 0xF6, 0x4D, 0x3B, 0x32, 0x29, 0xAC, 0x4F, 0xE4, 0xB7, 0xEE, 0xDE, 0xBB, 0xDD, 0x75,
    0x63, 0x26, 0x6C, 0x39, 0xB7, 0xA1, 0xC8, 0xBE, 0x79, 0x90, 0x1C, 0xDC, 0x81, 0x2B, 0x14, 0xAC,
    0xF1, 0x86, 0xB4, 0x93, 0x1E, 0x7F, 0x91, 0xDE, 0xC0, 0xB2, 0x98, 0xDB, 0xA5, 0x2E, 0xF8, 0x55,
    0x30, 0xAC, 0xAC, 0xB2, 0x06, 0x49, 0x57, 0xE6, 0x5F, 0xD6, 0xEB, 0x62, 0x61, 0x73, 0xAC, 0xB8,
    0x75, 0x77, 0xFF, 0x76, 0x77, 0x78, 0x44, 0x2A, 0x3C, 0xBF, 0x61, 0x9A, 0xDF, 0x8F, 0xF3, 0x31,
    0xD9, 0xE7, 0x61, 0xB5, 0x2B, 0xCF, 0x59, 0xFE, 0xEE, 0xE9, 0x67, 0x21, 0x3F, 0x58, 0x5C, 0x61,
    0xF0, 0x68, 0x7E, 0xD3, 0x66, 0x4B, 0x3B, 0x36, 0x6E, 0x15, 0x5F, 0xDF, 0xDD, 0xEF, 0xBA, 0xC3,
    0x48, 0xCB, 0xCC, 0xF3, 0xDB, 0xA6, 0xA3, 0xFB, 0x71, 0xD0, 0x95, 0xBC, 0x45, 0xE3, 0x0F, 0x61,
    0x70, 0x68, 0xF8, 0x5B, 0xE7, 0x57, 0xCA, 0xE5, 0x63, 0xB7, 0xC9, 0x9E, 0x71, 0xED, 0xA1, 0xF4,
    0xAF, 0x86, 0xD7, 0xAB, 0xA7, 0x33, 0xF6, 0x4F, 0x32, 0xD2, 0xCA, 0x20, 0xD8, 0xAD, 0x4F, 0x81,
    0x31, 0x08, 0xD4, 0xC6, 0x6F, 0x2D, 0xC3, 0x38, 0xFE, 0xBA, 0xDD, 0xDB, 0xED, 0x25, 0x3F, 0xFB,
    0x71, 0x12, 0x87, 0x8B, 0xBD, 0xE6, 0x18, 0x93, 0x3E, 0x03, 0x66, 0xF8, 0x71, 0x79, 0x61, 0x07,
    0xB4, 0x8E, 0x30, 0xFF, 0x33, 0x58, 0x1E, 0x33, 0x68, 0xC2, 0xCA, 0x46, 0x09, 0x63, 0x4B, 0x60,
    0x44, 0xBD, 0xE1, 0x75, 0x79, 0x5E, 0x72, 0x3A, 0xA5, 0xAA, 0xE0, 0x40, 0xF2, 0x69, 0x48, 0xDF,
    0xAD, 0x59, 0xA6, 0x72, 0x57, 0xCA, 0x9D, 0xE6, 0xE5, 0x98, 0x34, 0x69, 0xB5, 0x82, 0xFC, 0x07,
    0xBC, 0xCE, 0xCF, 0x67, 0xFC, 0x7C, 0x3E, 0x63, 0x58, 0x9D, 0x7F, 0xEA, 0x8C, 0xF8, 0xC4, 0x1F,
    0x7B, 0x71, 0x77, 0x76, 0x78, 0x93, 0xE2, 0xE4, 0x1F, 0xFD, 0xB1, 0x37, 0xBF, 0x90, 0x3E, 0xEA,
    0xE4, 0x55, 0x16, 0xD6, 0x0D, 0x9A, 0x82, 0x38, 0x66, 0xDA, 0x32, 0x89, 0x14, 0x27, 0x5B, 0x7F,
    0xAC, 0x3F, 0x57, 0x10, 0xFB, 0xB1, 0xFD, 0x9C, 0x7E, 0xAE, 0x37, 0x5B, 0xE0, 0x08, 0x46, 0x46,
    0xD2, 0x55, 0xF2, 0xFB, 0xD1, 0xB6, 0x7D, 0x13, 0xEB, 0x5A, 0x23, 0x51, 0x7E, 0xDC, 0x5A, 0x23,
    0xFD, 0xF1, 0xFE, 0x7C, 0x3F, 0xAE, 0x1F, 0x0F, 0xAE, 0xA0, 0xC0, 0x1A, 0x46, 0x35, 0x3B, 0x91,
    0x97, 0x22, 0x49, 0xC3, 0xB0, 0x22, 0x03, 0x4E, 0xCD, 0x7D, 0xBB, 0xB7, 0x06, 0xAE, 0x07, 0xB2,
    0x8A, 0xD5, 0x85, 0xC1, 0xB2, 0x31, 0xA4, 0x47, 0xC8, 0xEC, 0x37, 0x47, 0xFE, 0x5E, 0xB0, 0xB7,
    0x79, 0xBA, 0x66, 0x6B, 0xB8, 0x46, 0x71, 0x83, 0x03, 0x92, 0x4F, 0x2B, 0xE9, 0xBB, 0xC1, 0xF2,
    0xE6, 0x35, 0x5C, 0x24, 0xFB, 0xF5, 0x19, 0x9A, 0x1B, 0xEC, 0x51, 0x5C, 0x3B, 0x25, 0x73, 0x1E,
    0x8E, 0x7F, 0x79, 0xAD, 0x5C, 0x3F, 0x43, 0xF7, 0xFB, 0x78, 0x05, 0xCF, 0x1D, 0xD9, 0x3B, 0x06,
    0x9F, 0x54, 0xD2, 0x77, 0x96, 0xB7, 0xDB, 0xBE, 0xC0, 0xC7, 0x2D, 0x27, 0x9F, 0x6D, 0x8A, 0xBD,
    0x53, 0xB7, 0x27, 0xED, 0x1D, 0xE9, 0xA8, 0x02, 0x0A, 0xA7, 0x63, 0xCF, 0xB1, 0x11, 0xB8, 0x19,
    0x79, 0xED, 0x0D, 0x70, 0x56, 0x7B, 0x88, 0xC2, 0xF2, 0x9F, 0x95, 0xA7, 0xED, 0x2B, 0x66, 0x10,
    0x31, 0xA8, 0x91, 0x94, 0x40, 0x8F, 0x48, 0x7B, 0x4D, 0x1A, 0xE6, 0xAC, 0x8F, 0xFA, 0x58, 0xBE,
    0xAA, 0x0A, 0x3A, 0x63, 0xF6, 0xF5, 0x74, 0x91, 0xE2, 0xF1, 0xAE, 0x65, 0xAC, 0x0F, 0x4A, 0x41,
    0xD4, 0x87, 0xA5, 0x8F, 0x4B, 0x1F, 0xD8, 0x22, 0xB2, 0x34, 0x90, 0x95, 0xE4, 0x78, 0x11, 0xF4,
    0xB4, 0x62, 0x4E, 0x2C, 0xE6, 0xD4, 0xF1, 0x9C, 0x3C, 0x6D, 0x8D, 0xEA, 0x28, 0x2F, 0x9F, 0x1A,
    0xCA, 0x0C, 0x0A, 0xC8, 0x61, 0xC5, 0x99, 0xD3, 0x7B, 0x79, 0xB2, 0x28, 0x5E, 0x9B, 0x96, 0xA7,
    0x8F, 0x6A, 0xEC, 0x44, 0xBC, 0x14, 0x2D, 0xAE, 0x39, 0xAC, 0x90, 0x9D, 0x79, 0x10, 0x4F, 0xD9,
    0xE6, 0x97, 0x0C, 0xE6, 0xD6, 0x8B, 0xE8, 0x1E, 0xA0, 0x3C, 0x7B, 0xFD, 0xA0, 0xAD, 0x0D, 0x0F,
    0x02, 0x96, 0x16, 0x9F, 0xA1, 0x0E, 0x38, 0x0F, 0x39, 0x64, 0x4B, 0x09, 0x9F, 0x2C, 0xD3, 0x28,
    0x7F, 0xE6, 0x36, 0x75, 0xF2, 0xBA, 0xAD, 0xC1, 0x77, 0x5E, 0xB7, 0xF8, 0x9E, 0xF7, 0xA4, 0x75,
    0x38, 0x19, 0x1C, 0xEE, 0xDC, 0x2B, 0xB2, 0x07, 0xC5, 0xC9, 0xE7, 0x3B, 0xB7, 0x4B, 0x1E, 0xFF,
    0xF8, 0x5C, 0x82, 0x53, 0x64, 0x3E, 0x94, 0x76, 0x92, 0x9C, 0x55, 0xC6, 0xDC, 0xE0, 0x87, 0x5B,
    0xD3, 0x80, 0xAC, 0xC4, 0x45, 0x16, 0xB4, 0x05, 0x2E, 0xFF, 0xF7, 0xEE, 0x6A, 0xDF, 0xCD, 0xFA,
    0xAE, 0xEE, 0x3B, 0x9E, 0xDE, 0xF5, 0x52, 0x3D, 0x55, 0x6F, 0xD5, 0x63, 0x8F, 0xB4, 0x86, 0x15,
    0x39, 0xAE, 0xE2, 0x32, 0x16, 0xDA, 0xE3, 0x66, 0xAB, 0x89, 0x76, 0x42, 0xB4, 0x2D, 0x2A, 0x16,
    0x6D, 0x62, 0xCE, 0x36, 0x77, 0x9B, 0xC3, 0x1D, 0xCB, 0x45, 0xB8, 0x09, 0x2F, 0x9C, 0x3D, 0xBD,
    0x97, 0xA7, 0x01, 0x11, 0x37, 0x96, 0xA7, 0xBB, 0x5D, 0xA2, 0x0B, 0xB8, 0x1E, 0x90, 0x55, 0x58,
    0xFD, 0x6F, 0xAD, 0xFF, 0x43, 0xD2, 0x8E, 0x24, 0xC7, 0x2A, 0xC6, 0x3F, 0x2E, 0x98, 0x7E, 0x8F,
    0x39, 0xDE, 0x64, 0xCE, 0x3E, 0x05, 0x9F, 0x05, 0x79, 0x57, 0x39, 0x67, 0x69, 0xF1, 0x19, 0xEA,
    0x80, 0x2B, 0x50, 0xC0, 0xDA, 0x92, 0x42, 0xB0, 0x8B, 0x88, 0x3D, 0xB4, 0xD8, 0x74, 0xFC, 0x7B,
    0x1B, 0x26, 0xD2, 0x7A, 0x5B, 0x16, 0x46, 0xF2, 0x32, 0xAF, 0x36, 0x0C, 0xC3, 0x96, 0xB4, 0x99,
    0x10, 0x5B, 0xFE, 0x18, 0xD9, 0xA9, 0xD9, 0x08, 0xE4, 0x25, 0xB9, 0xEF, 0x6D, 0x69, 0x90, 0x34,
    0xEC, 0x71, 0x19, 0x26, 0x8A, 0xC2, 0xEC, 0xAA, 0x76, 0x24, 0xE6, 0x49, 0x93, 0xFD, 0xB4, 0x4E,
    0x3F, 0x0A, 0xE9, 0x5F, 0xAA, 0xE4, 0x7E, 0xA9, 0xE3, 0x03, 0xDE, 0xA6, 0x60, 0x46, 0x94, 0x36,
    0xEE, 0x55, 0x1E, 0x9E, 0x1E, 0xE6, 0xBB, 0xFE, 0xCB, 0x56, 0x28, 0xD6, 0x8D, 0x73, 0xD3, 0xBC,
    0x8C, 0xC3, 0xAA, 0x49, 0xFF, 0x5C, 0x0F, 0x3E, 0x09, 0xC9, 0xDF, 0x2B, 0x5F, 0x95, 0x0E, 0xD8,
    0x66, 0x8B, 0x82, 0x4D, 0xA6, 0xAF, 0x0D, 0x9A, 0xF8, 0x66, 0xD8, 0xBB, 0x85, 0x95, 0x92, 0x9D,
    0x86, 0x97, 0x4F, 0x3C, 0x03, 0xAE, 0x00, 0x13, 0x83, 0xB8, 0x2D, 0xAD, 0x47, 0xB2, 0x90, 0x57,
    0xB9, 0x61, 0xD8, 0x5E, 0x68, 0x1F, 0x3C, 0x9B, 0xF6, 0x76, 0x99, 0x74, 0xC1, 0xF5, 0x20, 0xAB,
    0xAC, 0x72, 0x05, 0x26, 0x36, 0x0A, 0x5B, 0xEB, 0x26, 0x23, 0xB3, 0xBC, 0x6C, 0x87, 0xEF, 0xC4,
    0xF4, 0xC3, 0xA6, 0x17, 0xFF, 0x23, 0xE8, 0x4E, 0x88, 0x27, 0xB4, 0xD2, 0xE8, 0x5E, 0xF0, 0x08,
    0xEF, 0x5F, 0x93, 0x7C, 0x19, 0x71, 0x9C, 0xDD, 0x66, 0xDB, 0x70, 0xB1, 0xA0, 0xA3, 0xE5, 0xB3,
    0xFB, 0x45, 0x9D, 0x1F, 0x84, 0x73, 0x60, 0x66, 0xAB, 0x30, 0xB9, 0x6A, 0xB6, 0xDA, 0xA7, 0x36,
    0x7E, 0x9B, 0xDA, 0x90, 0xFC, 0xED, 0x7B, 0x52, 0x1B, 0x3C, 0xE4, 0x5F, 0x85, 0x8C, 0x81, 0x66,
    0xC3, 0x40, 0x18, 0xC7, 0x7F, 0xE9, 0xB1, 0xE2, 0x34, 0x07, 0x03, 0x74, 0xCB, 0x0B, 0xA4, 0x09,
    0x14, 0x45, 0xDA, 0xE4, 0x79, 0x06, 0x60, 0x28, 0x42, 0x63, 0x7B, 0x81, 0x3D, 0xC6, 0x16, 0x50,
    0x0C, 0x41, 0x75, 0xF7, 0x08, 0x7D, 0x84, 0x7B, 0x84, 0x43, 0x50, 0x9C, 0xDD, 0x2E, 0x62, 0xAD,
    0xC2, 0x76, 0xF7, 0xB9, 0xFF, 0xF7, 0xFF, 0xFD, 0xBF, 0xEF, 0xDA, 0x77, 0xEF, 0xDA, 0xB6, 0xF5,
    0xDE, 0x5F, 0xDE, 0x80, 0xC2, 0x71, 0xD7, 0x8E, 0xF9, 0x6A, 0x6F, 0xCE, 0x6E, 0xBB, 0x28, 0x73,
    0x19, 0xA7, 0x4B, 0x06, 0x9D, 0x05, 0x05, 0xE6, 0x53, 0x56, 0x31, 0xFB, 0x14, 0xB3, 0xE2, 0xBC,
    0xC1, 0x95, 0x6C, 0x1F, 0x59, 0xC8, 0xAA, 0x54, 0x3A, 0x97, 0x5A, 0x4E, 0x74, 0x2C, 0xAA, 0x54,
    0xB2, 0x9C, 0x01, 0x37, 0x7C, 0x76, 0xE5, 0x50, 0xDC, 0xD4, 0x97, 0xFF, 0x7E, 0x3A, 0x7E, 0x50,
    0xF0, 0x67, 0xFD, 0xBF, 0x15, 0x6C, 0x80, 0xB7, 0x63, 0x24, 0xA7, 0x5D, 0xEF, 0xDD, 0x70, 0x77,
    0x7D, 0x72, 0xEA, 0x64, 0xD3, 0x39, 0xA5, 0xDD, 0xA0, 0xD2, 0xA0, 0x00, 0x4A, 0xC7, 0x02, 0xA0,
    0xCB, 0xA8, 0x01, 0xFA, 0x84, 0x1E, 0xC0, 0xAA, 0xC8, 0x8C, 0x2A, 0xF4, 0xC8, 0x65, 0x03, 0x50,
    0xAF, 0x15, 0x00, 0xF9, 0x79, 0x2D, 0x0D, 0x47, 0xEE, 0xDE, 0xEA, 0xD2, 0x09, 0xAF, 0xC1, 0x76,
    0x99, 0x7C, 0x35, 0x4C, 0x4C, 0xAF, 0x54, 0x64, 0x11, 0xDA, 0x2A, 0x85, 0x45, 0x56, 0xA3, 0x26,
    0x8C, 0xBC, 0x20, 0xCC, 0xBD, 0x18, 0xB6, 0x8C, 0x7B, 0x96, 0xE1, 0x1F, 0x72, 0x36, 0xAC, 0xA9,
    0xF9, 0xC4, 0x92, 0x07, 0xB3, 0xA1, 0x08, 0x36, 0xF8, 0x0E, 0x6B, 0xE1, 0x10, 0x59, 0xA1, 0x55,
    0x95, 0x91, 0xA1, 0x2A, 0xA1, 0x23, 0xCB, 0xE1, 0xD2, 0x75, 0x74, 0xBF, 0x29, 0x4C, 0x1B, 0x50,
    0xC0, 0x03, 0x50, 0x00, 0xCF, 0x80, 0x85, 0x89, 0x06, 0xD1, 0x80, 0x04, 0x62, 0x20, 0xBD, 0x46,
    0xD1, 0x09, 0x84, 0x86, 0x69, 0x05, 0x8A, 0x31, 0xBA, 0x07, 0x7E, 0x00, 0x8C, 0x90, 0x31, 0x4E,
    0xC3, 0x30, 0x14, 0x86, 0x3F, 0x1A, 0xA4, 0x0C, 0x1E, 0x5E, 0x2F, 0x40, 0xD2, 0x1D, 0xA2, 0x5C,
    0xC0, 0x38, 0x91, 0x38, 0x00, 0x0B, 0x47, 0x61, 0xE8, 0x44, 0x7D, 0x9E, 0x2E, 0x5D, 0xB2, 0xD1,
    0xA4, 0xBE, 0x01, 0x3D, 0x42, 0x47, 0xC6, 0x0E, 0x1E, 0x22, 0x04, 0x32, 0x4F, 0x6D, 0x44, 0x56,
    0xF4, 0xFF, 0xCB, 0x7B, 0xFE, 0xF4, 0xFB, 0xB7, 0xCD, 0x09, 0xB7, 0x67, 0x5D, 0xD1, 0x95, 0x9C,
    0x65, 0xB6, 0x8E, 0xBA, 0xD4, 0x23, 0x05, 0xA8, 0x61, 0x03, 0x89, 0xC5, 0x07, 0xF9, 0x33, 0x22,
    0x3C, 0x08, 0xAF, 0xC2, 0xD7, 0xCE, 0xA7, 0x14, 0x10, 0xD4, 0x65, 0xF2, 0xC5, 0xB6, 0xBD, 0x83,
    0xEA, 0x85, 0x3A, 0xE1, 0xC4, 0x93, 0x85, 0xAB, 0x57, 0xC6, 0xBB, 0x1D, 0x66, 0x84, 0x5B, 0xD8,
    0x93, 0x9F, 0x10, 0xB0, 0xB0, 0x89, 0x0C, 0x3D, 0xB1, 0x9C, 0x6F, 0x74, 0x3D, 0x26, 0x92, 0xD2,
    0xF6, 0x80, 0x25, 0xDE, 0x9C, 0xB3, 0x63, 0x16, 0x72, 0x6F, 0x5A, 0x41, 0x45, 0xA9, 0xFC, 0x30,
    0xC1, 0x6F, 0x3D, 0xF5, 0xA8, 0x0D, 0xA7, 0x51, 0x43, 0x74, 0xA3, 0x40, 0x79, 0x79, 0x4E, 0x57,
    0x30, 0x67, 0x1E, 0x28, 0x7F, 0xC0, 0x42, 0xC4, 0x1C, 0x69, 0x5A, 0x96, 0x20, 0x54, 0x58, 0xD6,
    0x74, 0x9C, 0x27, 0x75, 0x3A, 0x59, 0x2A, 0x04, 0x4B, 0x81, 0x60, 0xDA, 0xDC, 0x67, 0xE1, 0xAA,
    0x3C, 0x68, 0x05, 0x0A, 0x2C, 0x76, 0x6C, 0x86, 0x47, 0xB1, 0x7F, 0xFA, 0xCF, 0xEF, 0xE5, 0xA1,
    0x0E, 0xEF, 0xE1, 0x49, 0x73, 0x66, 0xDD, 0x7F, 0x36, 0xDF, 0x26, 0xE2, 0x7A, 0x56, 0x02, 0x57,
    0x57, 0x53, 0xC9, 0xEC, 0x88, 0xF1, 0x34, 0x5B, 0xDF, 0xA4, 0x60, 0x46, 0xDC, 0xC0, 0xF2, 0x02,
    0x2C, 0xF6, 0x64, 0x23, 0xB8, 0x89, 0x5F, 0xFD, 0x0E, 0x1A, 0x5C, 0xF0, 0xD8, 0x19, 0x8D, 0x1D,
    0x00, 0x75, 0x92, 0x01, 0x64, 0x1C, 0x41, 0x14, 0x86, 0xFF, 0xDD, 0x21, 0x4B, 0x56, 0xFA, 0x02,
    0x40, 0xCB, 0x02, 0xA0, 0x71, 0x57, 0x04, 0xA1, 0x7B, 0xBD, 0x05, 0x50, 0x2A, 0x20, 0x0A, 0x28,
    0x00, 0x8A, 0xB6, 0x40, 0x70, 0x4D, 0x06, 0x80, 0x22, 0x01, 0x00, 0x44, 0x41, 0xEC, 0xE1, 0x8A,
    0x20, 0xE5, 0x7A, 0xFB, 0xF4, 0x10, 0x14, 0x5D, 0x02, 0x40, 0xBB, 0x08, 0x38, 0xC8, 0x60, 0xCB,
    0x25, 0xF6, 0xF2, 0xFA, 0xC6, 0xEA, 0xAA, 0x10, 0x3B, 0xDF, 0x6F, 0xFE, 0x7F, 0xDE, 0xCC, 0xAE,
    0x79, 0x0B, 0xF3, 0x12, 0x30, 0xAF, 0x80, 0x62, 0x05, 0xF3, 0xAB, 0x6F, 0x69, 0xE3, 0x79, 0xB6,
    0xF5, 0x64, 0x1B, 0xE9, 0xD6, 0x7B, 0x9C, 0xED, 0x7C, 0x41, 0xBD, 0x5D, 0xC1, 0x3D, 0x2B, 0xE1,
    0x3E, 0x30, 0xDC, 0x67, 0xE5, 0x92, 0x51, 0xCF, 0x2D, 0xBE, 0x5E, 0x64, 0x38, 0xF8, 0x04, 0x0C,
    0x8F, 0x42, 0x24, 0x77, 0xB1, 0x8D, 0x45, 0x10, 0x17, 0x57, 0x78, 0xB4, 0x05, 0x6C, 0xEC, 0x00,
    0x28, 0xAC, 0xB9, 0x75, 0x31, 0x6F, 0x52, 0x06, 0x82, 0x1F, 0x3A, 0xE9, 0x2F, 0xEC, 0x50, 0x38,
    0x62, 0xE8, 0xD0, 0xC9, 0xD3, 0x85, 0xD5, 0x89, 0xCF, 0x81, 0x59, 0x7E, 0x22, 0xE2, 0x4C, 0x05,
    0x82, 0x71, 0x5E, 0x1A, 0x2F, 0x2B, 0x2F, 0xBF, 0xBD, 0xFC, 0xB0, 0x84, 0xF1, 0xBC, 0xA4, 0x53,
    0xF9, 0xEE, 0xA8, 0x31, 0xBC, 0xD4, 0x8C, 0x47, 0x9A, 0x71, 0x4F, 0x33, 0xA6, 0x5D, 0xCD, 0xA2,
    0x9F, 0x9A, 0x99, 0x6B, 0x15, 0x88, 0x97, 0xC2, 0xCB, 0xD0, 0x4B, 0x02, 0x92, 0x0A, 0x34, 0xF6,
    0x87, 0x0E, 0x15, 0xCA, 0x3C, 0x22, 0xE2, 0x26, 0xF9, 0xA4, 0x6A, 0x7D, 0x1F, 0x94, 0x37, 0x6D,
    0x1D, 0xF0, 0x20, 0x40, 0xDA, 0x42, 0xC2, 0x58, 0x9F, 0xD9, 0x7F, 0x3E, 0x5C, 0xA5, 0x48, 0xAE,
    0xA7, 0x18, 0x04, 0x0D, 0xA6, 0x18, 0xA1, 0xD6, 0xCC, 0xFD, 0x87, 0xF7, 0x23, 0x7D, 0x06, 0x68,
    0xB4, 0x6E, 0x84, 0xF0, 0xC6, 0xEF, 0x03, 0xD6, 0xF3, 0x13, 0x90, 0x38, 0xE0, 0xF1, 0x1D, 0x20,
    0x93, 0xCA, 0x54, 0x81, 0x23, 0x8B, 0xCD, 0x04, 0x40, 0x4F, 0x11, 0x69, 0xF4, 0x6E, 0x4E, 0x91,
    0x02, 0x4A, 0xEB, 0x0B, 0xF5, 0x7E, 0x8D, 0x94, 0x58, 0x6B, 0xFD, 0x1E, 0xDD, 0x5B, 0xFA, 0x33,
    0x8C, 0xDC, 0xC0, 0x2C, 0xF4, 0xF2, 0x39, 0x2A, 0x0B, 0x0E, 0xE5, 0x2D, 0x07, 0xB7, 0x86, 0xE1,
    0x0C, 0x07, 0xAE, 0xF5, 0xD1, 0xC2, 0xAF, 0xFB, 0x3A, 0xCD, 0x1F, 0x04, 0x6B, 0x0A, 0x29, 0x87,
    0x35, 0x8C, 0x14, 0xA0, 0xA3, 0xC8, 0xF6, 0x28, 0x40, 0x4A, 0xC0, 0xBE, 0x52, 0x2B, 0xAE, 0x43,
    0xD8, 0xD1, 0x98, 0x6B, 0x32, 0x7C, 0xAE, 0x8C, 0x94, 0x81, 0x92, 0xEC, 0x46, 0x1C, 0x4B, 0xC1,
    0x81, 0xFC, 0xE1, 0xEE, 0x02, 0xC3, 0xAC, 0x7D, 0xC1, 0xBB, 0x25, 0x42, 0x11, 0x4B, 0x97, 0x17,
    0x65, 0xDF, 0x30, 0xA7, 0x9A, 0xED, 0x2B, 0x67, 0x8A, 0xBB, 0x47, 0xAD, 0x9C, 0x2B, 0xA9, 0xD2,
    0x33, 0x6C, 0x69, 0x3E, 0x2F, 0x8D, 0x08, 0xA3, 0x58, 0x75, 0x1F, 0x9C, 0xE7, 0xB9, 0xEF, 0xA7,
    0xDD, 0x7B, 0x5D, 0x03, 0x58, 0x2A, 0x53, 0x88, 0xF7, 0x7B, 0xDF, 0x32, 0x78, 0x1F, 0x3A, 0xF5,
    0xA5, 0x02, 0x20, 0x51, 0xC8, 0x02, 0x11, 0x6B, 0x5E, 0x01, 0x70, 0xCA, 0xB9, 0x32, 0xB8, 0xD7,
    0xEF, 0x4D, 0xD0, 0x9A, 0x03, 0x15, 0xC7, 0xE8, 0x5F, 0x01, 0x85, 0xCF, 0x02, 0xEF, 0x2B, 0x24,
    0x4B, 0xE0, 0x30, 0x03, 0xDE, 0xC0, 0x30, 0x21, 0xB6, 0xED, 0x3F, 0x74, 0x00, 0x9A, 0x2C, 0x41,
    0x62, 0x31, 0x94, 0x63, 0xBC, 0x18, 0x2F, 0x91, 0xE2, 0xA3, 0x92, 0x28, 0xD4, 0xE1, 0xBD, 0xCF,
    0x67, 0xE3, 0x1A, 0x22, 0xB6, 0xEB, 0xED, 0xEC, 0x14, 0x90, 0x06, 0x9D, 0xF7, 0xFC, 0x05, 0x63,
    0x64, 0x60, 0x60, 0xE0, 0x05, 0xE2, 0x0A, 0x20, 0xFE, 0xFF, 0xFF, 0xFF, 0x1F, 0x0B, 0x20, 0xCD,
    0x05, 0xC4, 0x20, 0x71, 0x26, 0x06, 0xFE, 0x06, 0xFD, 0x07, 0xC9, 0x0A, 0xCC, 0x0C, 0x58, 0x20,
    0x4C, 0x4D, 0x03, 0x90, 0xF8, 0x00, 0xD4, 0xF9, 0x03, 0x48, 0x3F, 0x80, 0xF2, 0x19, 0xB0, 0xEB,
    0x08, 0x56, 0xB1, 0x5E, 0xC0, 0x7F, 0x80, 0x9D, 0x01, 0x00, 0xAD, 0xD2, 0x21, 0x8C, 0xD4, 0x40,
    0x14, 0xC6, 0xF1, 0x5F, 0xDB, 0x1C, 0x15, 0x4D, 0xA8, 0xCF, 0x85, 0x2D, 0x1A, 0xEE, 0x58, 0x8B,
    0x28, 0x6C, 0xBD, 0xC2, 0xE0, 0xBD, 0x41, 0x9F, 0xD8, 0xBB, 0xAD, 0x57, 0x78, 0xAF, 0x4E, 0x9D,
    0xD8, 0x84, 0x13, 0x4B, 0x76, 0x3C, 0x82, 0xE2, 0x4D, 0xBD, 0x9A, 0x90, 0x15, 0x25, 0xB9, 0xDD,
    0xD2, 0x4D, 0xC1, 0x27, 0x84, 0x97, 0x7E, 0xE9, 0xCC, 0xCB, 0xF7, 0xFF, 0xF2, 0x66, 0x32, 0x96,
    0xAD, 0x7D, 0x4C, 0xE2, 0x21, 0x0D, 0x8F, 0x9A, 0x35, 0x6B, 0xC9, 0xCE, 0xE6, 0x29, 0xFD, 0xB5,
    0x2B, 0xC2, 0xAE, 0xF2, 0x78, 0xED, 0x50, 0x27, 0xB1, 0x4E, 0x63, 0x9D, 0x75, 0x6F, 0xCA, 0x50,
    0x8E, 0xF2, 0x81, 0xA4, 0x21, 0x0B, 0xE4, 0x1D, 0x65, 0x64, 0xB1, 0xE5, 0xAA, 0xA6, 0xAE, 0xD9,
    0x2E, 0x88, 0xA5, 0xB4, 0xCB, 0xDB, 0x2C, 0x64, 0xA1, 0x68, 0xD3, 0xBE, 0x24, 0x2E, 0xD8, 0x9E,
    0x1D, 0x6B, 0xAE, 0xC7, 0x3F, 0x75, 0x7F, 0x7F, 0xDF, 0x4E, 0xBF, 0x10, 0x65, 0xFF, 0x45, 0x1F,
    0x24, 0xCD, 0x94, 0xD7, 0x4D, 0xEA, 0x77, 0x58, 0xA2, 0x0C, 0x64, 0x3D, 0x06, 0xBC, 0x47, 0xD5,
    0x90, 0x77, 0x73, 0xB3, 0x08, 0x54, 0xB8, 0xC5, 0x61, 0x6E, 0x95, 0xED, 0xCC, 0xED, 0x30, 0xE5,
    0xC4, 0xB3, 0xF6, 0xD3, 0x8C, 0x67, 0x91, 0xB4, 0x64, 0x2D, 0x25, 0x5E, 0xA0, 0xC6, 0x03, 0x49,
    0x6F, 0xBE, 0x8F, 0x86, 0x12, 0x57, 0xB8, 0x41, 0x24, 0xED, 0x66, 0xA2, 0xC0, 0xC2, 0x4C, 0xDC,
    0x1A, 0x8D, 0xEE, 0x80, 0x8F, 0x0D, 0xC6, 0x6E, 0x76, 0xCA, 0x82, 0xD9, 0xAF, 0x68, 0x50, 0xC2,
    0x73, 0x36, 0xCD, 0x35, 0x97, 0x6D, 0x7D, 0x36, 0xBC, 0x25, 0x0D, 0x5B, 0x92, 0x2E, 0x22, 0xF6,
    0xF8, 0xD9, 0xE1, 0x4B, 0xC0, 0xAA, 0xC5, 0xAA, 0xC1, 0x12, 0x20, 0xEF, 0x7D, 0x6A, 0x56, 0xA7,
    0x74, 0x8C, 0x5F, 0xAB, 0x6F, 0x3F, 0x86, 0x43, 0x7A, 0xB2, 0x8E, 0x9E, 0xD4, 0x87, 0xE4, 0xA4,
    0xDE, 0x15, 0xDF, 0xC3, 0x6E, 0x35, 0x66, 0x63, 0x2C, 0x06, 0x9B, 0xD6, 0xB3, 0xC6, 0x2A, 0x18,
    0x88, 0xFF, 0xF2, 0xBD, 0xEE, 0xE7, 0x09, 0x54, 0x5D, 0xB9, 0x19, 0xCA, 0xED, 0xF2, 0x18, 0xD3,
    0x01, 0x17, 0x2E, 0x56, 0x7D, 0x79, 0x77, 0xAC, 0xB6, 0xD5, 0xF1, 0x21, 0x3D, 0x40, 0xD2, 0xCB,
    0x82, 0xBC, 0x1D, 0xCF, 0x75, 0x52, 0x73, 0x43, 0x34, 0xAD, 0xA7, 0x7D, 0x1E, 0x94, 0x8D, 0x0A,
    0x90, 0x04, 0xAA, 0x20, 0x3D, 0xB2, 0xF9, 0x2C, 0x1F, 0xE6, 0x13, 0x2E, 0x3B, 0x92, 0x13, 0x2E,
    0x0F, 0xD8, 0xB7, 0x4C, 0x14, 0xCD, 0xAB, 0xE9, 0x55, 0xAD, 0xC6, 0x31, 0xBC, 0x34, 0xFB, 0x8A,
    0x01, 0x9B, 0x96, 0x33, 0xAF, 0x0A, 0xEC, 0x9B, 0x89, 0x99, 0xD8, 0x39, 0xE3, 0x1D, 0xE0, 0x2F,
    0xF7, 0x1B, 0x63, 0xD8, 0xEF, 0xDD, 0xC0, 0xFE, 0xDB, 0xFF, 0x00, 0x7F, 0x03, 0xBB, 0x03, 0x3F,
    0x03, 0x03, 0x03, 0x08, 0xFF, 0xFF, 0xCF, 0xCF, 0xB0, 0x7E, 0x15, 0x3F, 0x03, 0xF1, 0x10, 0xAA,
    0x73, 0xBF, 0x3F, 0x03, 0xD0, 0x2C, 0x06, 0xFE, 0x06, 0xB8, 0x38, 0xA9, 0x66, 0xBD, 0xE0, 0x67,
    0x60, 0xFE, 0x01, 0x00,
};

static const EpdGlyph sarabun_12_regularGlyphs[] = {
    { 0, 0, 0, 0, 0, 0, 0 }, // U+0000
    { 0, 0, 97, 0, 0, 0, 0 }, // U+000D
    { 0, 0, 97, 0, 0, 0, 0 }, // U+0020
    { 3, 18, 95, 1, 18, 14, 0 }, // !
    { 7, 6, 142, 1, 18, 11, 14 }, // "
    { 15, 18, 274, 1, 18, 68, 25 }, // #
    { 12, 21, 212, 1, 19, 63, 93 }, // $
    { 21, 18, 361, 1, 18, 95, 156 }, // %
    { 15, 19, 267, 1, 18, 72, 251 }, // &
    { 3, 6, 77, 1, 18, 5, 323 }, // '
    { 6, 21, 127, 1, 19, 32, 328 }, // (
    { 7, 21, 127, 1, 19, 37, 360 }, // )
    { 10, 10, 179, 1, 19, 25, 397 }, // *
    { 13, 13, 243, 1, 13, 43, 422 }, // +
    { 4, 8, 101, 0, 3, 8, 465 }, // ,
    { 7, 2, 136, 1, 8, 4, 473 }, // -
    { 3, 3, 101, 2, 3, 3, 477 }, // .
    { 12, 20, 166, -1, 18, 60, 480 }, // /
    { 12, 18, 220, 1, 18, 54, 540 }, // 0
    { 9, 18, 220, 2, 18, 41, 594 }, // 1
    { 12, 18, 220, 1, 18, 54, 635 }, // 2
    { 12, 18, 220, 1, 18, 54, 689 }, // 3
    { 12, 18, 220, 1, 18, 54, 743 }, // 4
    { 13, 18, 220, 0, 18, 59, 797 }, // 5
    { 12, 19, 220, 1, 19, 57, 856 }, // 6
    { 11, 18, 220, 1, 18, 50, 913 }, // 7
    { 12, 18, 220, 1, 18, 54, 963 }, // 8
    { 12, 19, 220, 1, 18, 57, 1017 }, // 9
    { 3, 12, 101, 2, 12, 9, 1074 }, // :
    { 4, 17, 101, 1, 12, 17, 1083 }, // ;
    { 12, 15, 243, 1, 15, 45, 1100 }, // <
    { 12, 7, 243, 2, 10, 21, 1145 }, // =
    { 12, 15, 243, 1, 15, 45, 1166 }, // >
    { 11, 18, 182, 0, 18, 50, 1211 }, // ?
    { 19, 19, 318, 1, 15, 91, 1261 }, // @
    { 15, 18, 238, 0, 18, 68, 1352 }, // A
    { 12, 18, 236, 2, 18, 54, 1420 }, // B
    { 13, 18, 234, 1, 18, 59, 1474 }, // C
    { 13, 18, 249, 2, 18, 59, 1533 }, // D
    { 11, 18, 221, 2, 18, 50, 1592 }, // E
    { 11, 18, 220, 2, 18, 50, 1642 }, // F
    { 14, 18, 254, 1, 18, 63, 1692 }, // G
    { 13, 18, 271, 2, 18, 59, 1755 }, // H
    { 3, 18, 117, 2, 18, 14, 1814 }, // I
    { 10, 18, 176, 0, 18, 45, 1828 }, // J
    { 13, 18, 242, 2, 18, 59, 1873 }, // K
    { 11, 18, 219, 2, 18, 50, 1932 }, // L
    { 16, 18, 319, 2, 18, 72, 1982 }, // M
    { 13, 18, 273, 2, 18, 59, 2054 }, // N
    { 15, 18, 264, 1, 18, 68, 2113 }, // O
    { 11, 18, 229, 2, 18, 50, 2181 }, // P
    { 15, 21, 264, 1, 18, 79, 2231 }, // Q
    { 12, 18, 232, 2, 18, 54, 2310 }, // R
    { 12, 18, 212, 1, 18, 54, 2364 }, // S
    { 13, 18, 223, 1, 18, 59, 2418 }, // T
    { 13, 18, 263, 2, 18, 59, 2477 }, // U
    { 15, 18, 241, 0, 18, 68, 2536 }, // V
    { 21, 18, 332, 0, 18, 95, 2604 }, // W
    { 15, 18, 242, 0, 18, 68, 2699 }, // X
    { 14, 18, 229, 0, 18, 63, 2767 }, // Y
    { 12, 18, 227, 1, 18, 54, 2830 }, // Z
    { 6, 21, 123, 1, 18, 32, 2884 }, // [
    { 12, 20, 153, -1, 18, 60, 2916 }, // <backslash>
    { 7, 21, 123, 0, 18, 37, 2976 }, // ]
    { 13, 12, 234, 1, 18, 39, 3013 }, // ^
    { 8, 2, 129, 0, -5, 4, 3052 }, // _
    { 5, 4, 160, 2, 18, 5, 3056 }, // `
    { 11, 13, 206, 1, 13, 36, 3061 }, // a
    { 13, 19, 217, 1, 19, 62, 3097 }, // b
    { 11, 13, 189, 1, 13, 36, 3159 }, // c
    { 12, 19, 217, 1, 19, 57, 3195 }, // d
    { 12, 13, 207, 1, 13, 39, 3252 }, // e
    { 9, 18, 132, 1, 18, 41, 3291 }, // f
    { 12, 19, 216, 1, 13, 57, 3332 }, // g
    { 11, 19, 223, 2, 19, 53, 3389 }, // h
    { 3, 18, 98, 2, 18, 14, 3442 }, // i
    { 6, 23, 99, -1, 18, 35, 3456 }, // j
    { 11, 19, 195, 2, 19, 53, 3491 }, // k
    { 5, 19, 116, 2, 19, 24, 3544 }, // l
    { 19, 13, 336, 1, 13, 62, 3568 }, // m
    { 12, 13, 220, 0, 13, 39, 3630 }, // n
    { 13, 13, 223, 1, 13, 43, 3669 }, // o
    { 12, 19, 218, 2, 13, 57, 3712 }, // p
    { 12, 19, 218, 1, 13, 57, 3769 }, // q
    { 8, 13, 140, 1, 13, 26, 3826 }, // r
    { 10, 13, 166, 0, 13, 33, 3852 }, // s
    { 9, 18, 151, 1, 18, 41, 3885 }, // t
    { 12, 13, 221, 2, 13, 39, 3926 }, // u
    { 12, 13, 192, 0, 13, 39, 3965 }, // v
    { 17, 13, 267, 0, 13, 56, 4004 }, // w
    { 12, 13, 184, 0, 13, 39, 4060 }, // x
    { 12, 18, 185, 0, 13, 54, 4099 }, // y
    { 10, 13, 180, 1, 13, 33, 4153 }, // z
    { 7, 21, 128, 0, 18, 37, 4186 }, // {
    { 3, 22, 97, 2, 18, 17, 4223 }, // |
    { 7, 21, 128, 0, 18, 37, 4240 }, // }
    { 13, 4, 243, 2, 9, 13, 4277 }, // ~
    { 0, 0, 97, 0, 0, 0, 0 }, // U+00A0
    { 3, 18, 95, 1, 13, 14, 0 }, // U+00A1
    { 12, 18, 189, 1, 17, 54, 14 }, // U+00A2
    { 11, 18, 214, 1, 18, 50, 68 }, // U+00A3
    { 16, 15, 246, 0, 16, 60, 118 }, // U+00A4
    { 15, 18, 231, 0, 18, 68, 178 }, // U+00A5
    { 3, 22, 97, 2, 18, 17, 246 }, // U+00A6
    { 12, 21, 212, 1, 18, 63, 263 }, // U+00A7
    { 8, 3, 160, 1, 17, 6, 326 }, // U+00A8
    { 19, 19, 322, 0, 19, 91, 332 }, // U+00A9
    { 8, 9, 145, 1, 17, 18, 423 }, // U+00AA
    { 12, 10, 206, 0, 12, 30, 441 }, // U+00AB
    { 14, 8, 243, 1, 11, 28, 471 }, // U+00AC
    { 7, 2, 136, 1, 8, 4, 499 }, // U+00AD
    { 10, 10, 207, 1, 18, 25, 503 }, // U+00AE
    { 8, 2, 160, 1, 17, 4, 528 }, // U+00AF
    { 7, 7, 126, 0, 19, 13, 532 }, // U+00B0
    { 13, 14, 243, 1, 14, 46, 545 }, // U+00B1
    { 9, 12, 160, 0, 17, 27, 591 }, // U+00B2
    { 9, 12, 160, 0, 17, 27, 618 }, // U+00B3
    { 5, 4, 160, 3, 18, 5, 645 }, // U+00B4
    { 12, 19, 221, 2, 13, 57, 650 }, // U+00B5
    { 11, 21, 214, 0, 18, 58, 707 }, // U+00B6
    { 3, 3, 100, 2, 8, 3, 765 }, // U+00B7
    { 5, 7, 160, 3, 0, 9, 768 }, // U+00B8
    { 7, 12, 160, 1, 17, 21, 777 }, // U+00B9
    { 9, 9, 156, 1, 17, 21, 798 }, // U+00BA
    { 12, 10, 206, 0, 12, 30, 819 }, // U+00BB
    { 21, 19, 387, 1, 18, 100, 849 }, // U+00BC
    { 22, 19, 387, 1, 18, 105, 949 }, // U+00BD
    { 22, 19, 387, 0, 18, 105, 1054 }, // U+00BE
    { 10, 19, 182, 1, 13, 48, 1159 }, // U+00BF
    { 15, 23, 238, 0, 23, 87, 1207 }, // U+00C0
    { 15, 23, 238, 0, 23, 87, 1294 }, // U+00C1
    { 15, 23, 238, 0, 23, 87, 1381 }, // U+00C2
    { 15, 22, 238, 0, 22, 83, 1468 }, // U+00C3
    { 15, 22, 238, 0, 22, 83, 1551 }, // U+00C4
    { 15, 23, 238, 0, 23, 87, 1634 }, // U+00C5
    { 19, 18, 320, 0, 18, 86, 1721 }, // U+00C6
    { 14, 24, 234, 1, 18, 84, 1807 }, // U+00C7
    { 11, 23, 221, 2, 23, 64, 1891 }, // U+00C8
    { 11, 23, 221, 2, 23, 64, 1955 }, // U+00C9
    { 11, 23, 221, 2, 23, 64, 2019 }, // U+00CA
    { 11, 22, 221, 2, 22, 61, 2083 }, // U+00CB
    { 6, 23, 117, -1, 23, 35, 2144 }, // U+00CC
    { 5, 23, 117, 2, 23, 29, 2179 }, // U+00CD
    { 8, 23, 117, -1, 23, 46, 2208 }, // U+00CE
    { 8, 22, 117, 0, 22, 44, 2254 }, // U+00CF
    { 15, 18, 250, 1, 18, 68, 2298 }, // U+00D0
    { 13, 22, 273, 2, 22, 72, 2366 }, // U+00D1
    { 15, 23, 264, 1, 23, 87, 2438 }, // U+00D2
    { 15, 23, 264, 1, 23, 87, 2525 }, // U+00D3
    { 15, 23, 264, 1, 23, 87, 2612 }, // U+00D4
    { 15, 22, 264, 1, 22, 83, 2699 }, // U+00D5
    { 15, 22, 264, 1, 22, 83, 2782 }, // U+00D6
    { 13, 13, 243, 1, 13, 43, 2865 }, // U+00D7
    { 15, 19, 264, 1, 18, 72, 2908 }, // U+00D8
    { 13, 23, 263, 2, 23, 75, 2980 }, // U+00D9
    { 13, 23, 263, 2, 23, 75, 3055 }, // U+00DA
    { 13, 23, 263, 2, 23, 75, 3130 }, // U+00DB
    { 13, 22, 263, 2, 22, 72, 3205 }, // U+00DC
    { 14, 23, 229, 0, 23, 81, 3277 }, // U+00DD
    { 11, 18, 227, 2, 18, 50, 3358 }, // U+00DE
    { 12, 18, 226, 1, 18, 54, 3408 }, // U+00DF
    { 11, 18, 206, 1, 18, 50, 3462 }, // U+00E0
    { 11, 18, 206, 1, 18, 50, 3512 }, // U+00E1
    { 11, 18, 206, 1, 18, 50, 3562 }, // U+00E2
    { 11, 17, 206, 1, 17, 47, 3612 }, // U+00E3
    { 11, 17, 206, 1, 17, 47, 3659 }, // U+00E4
    { 11, 18, 206, 1, 18, 50, 3706 }, // U+00E5
    { 19, 13, 332, 1, 13, 62, 3756 }, // U+00E6
    { 11, 19, 189, 1, 13, 53, 3818 }, // U+00E7
    { 12, 18, 207, 1, 18, 54, 3871 }, // U+00E8
    { 12, 18, 207, 1, 18, 54, 3925 }, // U+00E9
    { 12, 18, 207, 1, 18, 54, 3979 }, // U+00EA
    { 12, 17, 207, 1, 17, 51, 4033 }, // U+00EB
    { 6, 18, 101, -1, 18, 27, 4084 }, // U+00EC
    { 5, 18, 101, 2, 18, 23, 4111 }, // U+00ED
    { 8, 18, 101, -1, 18, 36, 4134 }, // U+00EE
    { 8, 17, 101, -1, 17, 34, 4170 }, // U+00EF
    { 11, 19, 199, 1, 19, 53, 4204 }, // U+00F0
    { 12, 17, 220, 0, 17, 51, 4257 }, // U+00F1
    { 13, 18, 223, 1, 18, 59, 4308 }, // U+00F2
    { 13, 18, 223, 1, 18, 59, 4367 }, // U+00F3
    { 13, 18, 223, 1, 18, 59, 4426 }, // U+00F4
    { 13, 17, 223, 1, 17, 56, 4485 }, // U+00F5
    { 13, 17, 223, 1, 17, 56, 4541 }, // U+00F6
    { 13, 12, 243, 1, 13, 39, 4597 }, // U+00F7
    { 13, 15, 223, 1, 14, 49, 4636 }, // U+00F8
    { 12, 18, 221, 2, 18, 54, 4685 }, // U+00F9
    { 12, 18, 221, 2, 18, 54, 4739 }, // U+00FA
    { 12, 18, 221, 2, 18, 54, 4793 }, // U+00FB
    { 12, 17, 221, 2, 17, 51, 4847 }, // U+00FC
    { 12, 23, 185, 0, 18, 69, 4898 }, // U+00FD
    { 11, 25, 214, 1, 19, 69, 4967 }, // U+00FE
    { 11, 22, 185, 1, 17, 61, 5036 }, // U+00FF
    { 16, 21, 238, 0, 21, 84, 0 }, // U+0100
    { 11, 16, 206, 1, 16, 44, 84 }, // U+0101
    { 15, 23, 238, 0, 23, 87, 128 }, // U+0102
    { 11, 18, 206, 1, 18, 50, 215 }, // U+0103
    { 16, 24, 238, 0, 18, 96, 265 }, // U+0104
    { 12, 19, 206, 1, 13, 57, 361 }, // U+0105
    { 13, 23, 234, 1, 23, 75, 418 }, // U+0106
    { 11, 18, 189, 1, 18, 50, 493 }, // U+0107
    { 13, 23, 234, 1, 23, 75, 543 }, // U+0108
    { 11, 18, 189, 1, 18, 50, 618 }, // U+0109
    { 14, 22, 234, 1, 22, 77, 668 }, // U+010A
    { 11, 17, 189, 1, 17, 47, 745 }, // U+010B
    { 13, 23, 234, 1, 23, 75, 792 }, // U+010C
    { 11, 18, 189, 1, 18, 50, 867 }, // U+010D
    { 13, 23, 249, 2, 23, 75, 917 }, // U+010E
    { 16, 20, 265, 1, 20, 80, 992 }, // U+010F
    { 15, 18, 250, 1, 18, 68, 1072 }, // U+0110
    { 13, 19, 223, 1, 19, 62, 1140 }, // U+0111
    { 11, 21, 221, 2, 21, 58, 1202 }, // U+0112
    { 12, 16, 207, 1, 16, 48, 1260 }, // U+0113
    { 11, 23, 221, 2, 23, 64, 1308 }, // U+0114
    { 12, 18, 207, 0, 18, 54, 1372 }, // U+0115
    { 11, 22, 221, 2, 22, 61, 1426 }, // U+0116
    { 12, 17, 207, 0, 17, 51, 1487 }, // U+0117
    { 12, 24, 221, 2, 18, 72, 1538 }, // U+0118
    { 12, 17, 207, 0, 13, 51, 1610 }, // U+0119
    { 11, 23, 221, 2, 23, 64, 1661 }, // U+011A
    { 12, 18, 207, 1, 18, 54, 1725 }, // U+011B
    { 14, 23, 254, 1, 23, 81, 1779 }, // U+011C
    { 12, 24, 216, 1, 18, 72, 1860 }, // U+011D
    { 14, 23, 254, 1, 23, 81, 1932 }, // U+011E
    { 12, 24, 216, 1, 18, 72, 2013 }, // U+011F
    { 14, 22, 254, 1, 22, 77, 2085 }, // U+0120
    { 12, 23, 216, 1, 17, 69, 2162 }, // U+0121
    { 14, 25, 254, 1, 18, 88, 2231 }, // U+0122
    { 12, 26, 216, 1, 20, 78, 2319 }, // U+0123
    { 13, 23, 271, 2, 23, 75, 2397 }, // U+0124
    { 11, 24, 223, 2, 24, 66, 2472 }, // U+0125
    { 16, 18, 279, 1, 18, 72, 2538 }, // U+0126
    { 13, 19, 223, 1, 19, 62, 2610 }, // U+0127
    { 8, 22, 117, 0, 22, 44, 2672 }, // U+0128
    { 8, 17, 101, -1, 17, 34, 2716 }, // U+0129
    { 8, 21, 117, 0, 21, 42, 2750 }, // U+012A
    { 8, 16, 101, -1, 16, 32, 2792 }, // U+012B
    { 8, 23, 117, 0, 23, 46, 2824 }, // U+012C
    { 8, 18, 101, -1, 18, 36, 2870 }, // U+012D
    { 5, 24, 117, 1, 18, 30, 2906 }, // U+012E
    { 5, 24, 98, 1, 18, 30, 2936 }, // U+012F
    { 3, 22, 117, 2, 22, 17, 2966 }, // U+0130
    { 3, 13, 101, 2, 13, 10, 2983 }, // U+0131
    { 14, 18, 293, 2, 18, 63, 2993 }, // U+0132
    { 9, 23, 197, 2, 18, 52, 3056 }, // U+0133
    { 10, 23, 176, 0, 23, 58, 3108 }, // U+0134
    { 9, 23, 99, -2, 18, 52, 3166 }, // U+0135
    { 13, 26, 242, 2, 18, 85, 3218 }, // U+0136
    { 11, 27, 195, 2, 19, 75, 3303 }, // U+0137
    { 11, 13, 195, 2, 13, 36, 3378 }, // U+0138
    { 11, 23, 219, 2, 23, 64, 3414 }, // U+0139
    { 5, 25, 116, 2, 25, 32, 3478 }, // U+013A
    { 11, 26, 219, 2, 18, 72, 3510 }, // U+013B
    { 5, 26, 116, 2, 19, 33, 3582 }, // U+013C
    { 11, 18, 219, 2, 18, 50, 3615 }, // U+013D
    { 7, 19, 133, 2, 19, 34, 3665 }, // U+013E
    { 11, 18, 219, 2, 18, 50, 3699 }, // U+013F
    { 6, 19, 134, 2, 19, 29, 3749 }, // U+0140
    { 13, 18, 219, 0, 18, 59, 3778 }, // U+0141
    { 7, 19, 116, 0, 19, 34, 3837 }, // U+0142
    { 13, 23, 273, 2, 23, 75, 3871 }, // U+0143
    { 12, 18, 220, 0, 18, 54, 3946 }, // U+0144
    { 13, 26, 273, 2, 18, 85, 4000 }, // U+0145
    { 12, 21, 220, 0, 13, 63, 4085 }, // U+0146
    { 13, 23, 273, 2, 23, 75, 4148 }, // U+0147
    { 12, 18, 220, 0, 18, 54, 4223 }, // U+0148
    { 14, 18, 252, 1, 18, 63, 4277 }, // U+0149
    { 13, 25, 273, 2, 18, 82, 4340 }, // U+014A
    { 12, 18, 220, 0, 13, 54, 4422 }, // U+014B
    { 15, 21, 264, 1, 21, 79, 4476 }, // U+014C
    { 13, 16, 223, 1, 16, 52, 4555 }, // U+014D
    { 15, 23, 264, 1, 23, 87, 4607 }, // U+014E
    { 13, 18, 223, 1, 18, 59, 4694 }, // U+014F
    { 15, 23, 264, 1, 23, 87, 4753 }, // U+0150
    { 13, 18, 223, 1, 18, 59, 4840 }, // U+0151
    { 20, 18, 356, 1, 18, 90, 4899 }, // U+0152
    { 20, 13, 347, 1, 13, 65, 4989 }, // U+0153
    { 12, 23, 232, 2, 23, 69, 5054 }, // U+0154
    { 8, 18, 140, 1, 18, 36, 5123 }, // U+0155
    { 12, 26, 232, 2, 18, 78, 5159 }, // U+0156
    { 7, 21, 140, 1, 13, 37, 5237 }, // U+0157
    { 12, 23, 232, 2, 23, 69, 5274 }, // U+0158
    { 8, 18, 140, 1, 18, 36, 5343 }, // U+0159
    { 12, 23, 212, 1, 23, 69, 5379 }, // U+015A
    { 10, 18, 166, 0, 18, 45, 5448 }, // U+015B
    { 12, 23, 212, 1, 23, 69, 5493 }, // U+015C
    { 10, 18, 166, 0, 18, 45, 5562 }, // U+015D
    { 12, 24, 212, 1, 18, 72, 5607 }, // U+015E
    { 10, 19, 166, 0, 13, 48, 5679 }, // U+015F
    { 12, 23, 212, 1, 23, 69, 5727 }, // U+0160
    { 10, 18, 166, 0, 18, 45, 5796 }, // U+0161
    { 13, 24, 223, 1, 18, 78, 5841 }, // U+0162
    { 9, 24, 151, 1, 18, 54, 5919 }, // U+0163
    { 13, 23, 223, 1, 23, 75, 5973 }, // U+0164
    { 11, 18, 183, 1, 18, 50, 6048 }, // U+0165
    { 13, 18, 223, 1, 18, 59, 6098 }, // U+0166
    { 9, 18, 151, 1, 18, 41, 6157 }, // U+0167
    { 13, 22, 263, 2, 22, 72, 6198 }, // U+0168
    { 12, 17, 221, 2, 17, 51, 6270 }, // U+0169
    { 13, 21, 263, 2, 21, 69, 6321 }, // U+016A
    { 12, 16, 221, 2, 16, 48, 6390 }, // U+016B
    { 13, 23, 263, 2, 23, 75, 6438 }, // U+016C
    { 12, 18, 221, 2, 18, 54, 6513 }, // U+016D
    { 13, 24, 263, 2, 24, 78, 6567 }, // U+016E
    { 12, 18, 221, 2, 18, 54, 6645 }, // U+016F
    { 13, 23, 263, 2, 23, 75, 6699 }, // U+0170
    { 12, 18, 221, 2, 18, 54, 6774 }, // U+0171
    { 13, 24, 263, 2, 18, 78, 6828 }, // U+0172
    { 12, 19, 221, 2, 13, 57, 6906 }, // U+0173
    { 21, 23, 332, 0, 23, 121, 6963 }, // U+0174
    { 17, 18, 267, 0, 18, 77, 7084 }, // U+0175
    { 14, 23, 229, 0, 23, 81, 7161 }, // U+0176
    { 12, 23, 185, 0, 18, 69, 7242 }, // U+0177
    { 14, 22, 229, 0, 22, 77, 7311 }, // U+0178
    { 12, 23, 227, 1, 23, 69, 7388 }, // U+0179
    { 10, 18, 180, 1, 18, 45, 7457 }, // U+017A
    { 12, 22, 227, 1, 22, 66, 7502 }, // U+017B
    { 10, 17, 180, 1, 17, 43, 7568 }, // U+017C
    { 12, 23, 227, 1, 23, 69, 7611 }, // U+017D
    { 10, 18, 180, 1, 18, 45, 7680 }, // U+017E
    { 18, 18, 279, 1, 18, 81, 0 }, // U+01A0
    { 15, 13, 239, 1, 13, 49, 81 }, // U+01A1
    { 17, 18, 278, 2, 18, 77, 130 }, // U+01AF
    { 15, 13, 240, 2, 13, 49, 207 }, // U+01B0
    { 15, 23, 238, 0, 23, 87, 256 }, // U+01CD
    { 11, 18, 206, 1, 18, 50, 343 }, // U+01CE
    { 8, 23, 117, -1, 23, 46, 393 }, // U+01CF
    { 8, 18, 101, -1, 18, 36, 439 }, // U+01D0
    { 15, 23, 264, 1, 23, 87, 475 }, // U+01D1
    { 13, 18, 223, 1, 18, 59, 562 }, // U+01D2
    { 13, 23, 263, 2, 23, 75, 621 }, // U+01D3
    { 12, 18, 221, 2, 18, 54, 696 }, // U+01D4
    { 13, 25, 263, 2, 25, 82, 750 }, // U+01D5
    { 12, 20, 221, 2, 20, 60, 832 }, // U+01D6
    { 13, 26, 263, 2, 26, 85, 892 }, // U+01D7
    { 12, 20, 221, 2, 20, 60, 977 }, // U+01D8
    { 13, 26, 263, 2, 26, 85, 1037 }, // U+01D9
    { 12, 21, 221, 2, 21, 63, 1122 }, // U+01DA
    { 13, 26, 263, 2, 26, 85, 1185 }, // U+01DB
    { 12, 20, 221, 2, 20, 60, 1270 }, // U+01DC
    { 14, 23, 254, 1, 23, 81, 1330 }, // U+01E6
    { 12, 24, 216, 1, 18, 72, 1411 }, // U+01E7
    { 15, 26, 238, 0, 26, 98, 1483 }, // U+01FA
    { 11, 22, 206, 1, 22, 61, 1581 }, // U+01FB
    { 19, 23, 320, 0, 23, 110, 1642 }, // U+01FC
    { 19, 18, 332, 1, 18, 86, 1752 }, // U+01FD
    { 15, 24, 264, 1, 23, 90, 1838 }, // U+01FE
    { 13, 19, 223, 1, 18, 62, 1928 }, // U+01FF
    { 12, 25, 212, 1, 18, 75, 1990 }, // U+0218
    { 10, 20, 166, 0, 13, 50, 2065 }, // U+0219
    { 13, 26, 223, 1, 18, 85, 2115 }, // U+021A
    { 9, 25, 151, 1, 18, 57, 2200 }, // U+021B
    { 5, 4, 0, -4, 18, 5, 0 }, // U+0300
    { 5, 4, 0, -1, 18, 5, 5 }, // U+0301
    { 8, 4, 0, -4, 18, 8, 10 }, // U+0302
    { 7, 4, 0, -4, 17, 7, 18 }, // U+0303
    { 8, 2, 0, -4, 16, 4, 25 }, // U+0304
    { 8, 4, 0, -4, 18, 8, 29 }, // U+0306
    { 3, 3, 0, -1, 17, 3, 37 }, // U+0307
    { 8, 3, 0, -4, 17, 6, 40 }, // U+0308
    { 7, 6, 0, -3, 20, 11, 46 }, // U+0309
    { 5, 5, 0, -2, 19, 7, 57 }, // U+030A
    { 8, 4, 0, -3, 18, 8, 64 }, // U+030B
    { 8, 4, 0, -4, 18, 8, 72 }, // U+030C
    { 6, 7, 0, -3, 14, 11, 80 }, // U+031B
    { 3, 3, 0, -1, -1, 3, 91 }, // U+0323
    { 8, 3, 0, -4, -1, 6, 94 }, // U+0324
    { 3, 6, 0, -1, -2, 5, 100 }, // U+0326
    { 5, 7, 0, -2, 1, 9, 105 }, // U+0327
    { 6, 7, 0, -3, 1, 11, 114 }, // U+0328
    { 8, 4, 0, -4, -1, 8, 125 }, // U+032E
    { 8, 2, 0, -4, -1, 4, 133 }, // U+0331
    { 12, 15, 230, 1, 15, 45, 0 }, // U+0E01
    { 14, 15, 238, 0, 15, 53, 45 }, // U+0E02
    { 13, 16, 242, 1, 16, 52, 98 }, // U+0E03
    { 13, 15, 241, 1, 15, 49, 150 }, // U+0E04
    { 13, 16, 243, 1, 16, 52, 199 }, // U+0E05
    { 14, 16, 255, 1, 16, 56, 251 }, // U+0E06
    { 10, 15, 182, 0, 15, 38, 307 }, // U+0E07
    { 12, 15, 222, 0, 15, 45, 345 }, // U+0E08
    { 13, 15, 228, 0, 15, 49, 390 }, // U+0E09
    { 15, 16, 242, 0, 16, 60, 439 }, // U+0E0A
    { 14, 16, 246, 1, 16, 56, 499 }, // U+0E0B
    { 18, 15, 323, 1, 15, 68, 555 }, // U+0E0C
    { 18, 22, 332, 1, 15, 99, 623 }, // U+0E0D
    { 14, 23, 245, 0, 15, 81, 722 }, // U+0E0E
    { 14, 23, 245, 0, 15, 81, 803 }, // U+0E0F
    { 13, 25, 216, 0, 16, 82, 884 }, // U+0E10
    { 16, 15, 283, 1, 15, 60, 966 }, // U+0E11
    { 18, 16, 332, 1, 16, 72, 1026 }, // U+0E12
    { 19, 15, 332, 1, 15, 72, 1098 }, // U+0E13
    { 12, 15, 237, 1, 15, 45, 1170 }, // U+0E14
    { 13, 15, 243, 1, 15, 49, 1215 }, // U+0E15
    { 12, 15, 232, 1, 15, 45, 1264 }, // U+0E16
    { 15, 15, 263, 0, 15, 57, 1309 }, // U+0E17
    { 12, 16, 217, 1, 16, 48, 1366 }, // U+0E18
    { 15, 15, 255, 0, 15, 57, 1414 }, // U+0E19
    { 15, 15, 258, 0, 15, 57, 1471 }, // U+0E1A
    { 15, 21, 262, 0, 21, 79, 1528 }, // U+0E1B
    { 12, 15, 249, 2, 15, 45, 1607 }, // U+0E1C
    { 12, 21, 249, 2, 21, 63, 1652 }, // U+0E1D
    { 17, 15, 288, 0, 15, 64, 1715 }, // U+0E1E
    { 17, 21, 288, 0, 21, 90, 1779 }, // U+0E1F
    { 14, 15, 246, 0, 15, 53, 1869 }, // U+0E20
    { 13, 15, 246, 1, 15, 49, 1922 }, // U+0E21
    { 11, 15, 229, 2, 15, 42, 1971 }, // U+0E22
    { 11, 16, 194, 1, 16, 44, 2013 }, // U+0E23
    { 12, 22, 232, 1, 15, 66, 2057 }, // U+0E24
    { 12, 15, 232, 1, 15, 45, 2123 }, // U+0E25
    { 14, 22, 245, 0, 15, 77, 2168 }, // U+0E26
    { 12, 15, 205, 0, 15, 45, 2245 }, // U+0E27
    { 13, 16, 241, 1, 16, 52, 2290 }, // U+0E28
    { 18, 15, 271, 0, 15, 68, 2342 }, // U+0E29
    { 13, 16, 232, 1, 16, 52, 2410 }, // U+0E2A
    { 15, 15, 254, 0, 15, 57, 2462 }, // U+0E2B
    { 18, 17, 288, 0, 17, 77, 2519 }, // U+0E2C
    { 13, 15, 235, 0, 15, 49, 2596 }, // U+0E2D
    { 13, 15, 226, 1, 15, 49, 2645 }, // U+0E2E
    { 12, 15, 218, 0, 15, 45, 2694 }, // U+0E2F
    { 11, 15, 214, 1, 15, 42, 2739 }, // U+0E30
    { 12, 6, 0, -10, 23, 18, 2781 }, // U+0E31
    { 10, 15, 194, 1, 15, 38, 2799 }, // U+0E32
    { 18, 23, 194, -7, 23, 104, 2837 }, // U+0E33
    { 12, 7, 0, -13, 23, 21, 2941 }, // U+0E34
    { 13, 8, 0, -13, 24, 26, 2962 }, // U+0E35
    { 12, 8, 0, -13, 24, 24, 2988 }, // U+0E36
    { 13, 8, 0, -13, 24, 26, 3012 }, // U+0E37
    { 5, 7, 0, -6, -2, 9, 3038 }, // U+0E38
    { 9, 8, 0, -10, -1, 18, 3047 }, // U+0E39
    { 3, 3, 0, -4, -1, 3, 3065 }, // U+0E3A
    { 12, 22, 236, 2, 20, 66, 3068 }, // U+0E3F
    { 5, 15, 124, 2, 15, 19, 3134 }, // U+0E40
    { 12, 15, 232, 2, 15, 45, 3153 }, // U+0E41
    { 10, 25, 152, -1, 25, 63, 3198 }, // U+0E42
    { 11, 25, 151, -2, 25, 69, 3261 }, // U+0E43
    { 12, 25, 156, -2, 25, 75, 3330 }, // U+0E44
    { 10, 22, 117, -4, 15, 55, 3405 }, // U+0E45
    { 12, 22, 248, 2, 15, 66, 3460 }, // U+0E46
    { 11, 10, 0, -12, 27, 28, 3526 }, // U+0E47
    { 3, 5, 0, -4, 23, 4, 3554 }, // U+0E48
    { 10, 7, 0, -9, 24, 18, 3558 }, // U+0E49
    { 14, 7, 0, -12, 25, 25, 3576 }, // U+0E4A
    { 6, 6, 0, -6, 24, 9, 3601 }, // U+0E4B
    { 9, 8, 0, -8, 26, 18, 3610 }, // U+0E4C
    { 7, 6, 0, -7, 23, 11, 3628 }, // U+0E4D
    { 7, 8, 0, -7, 26, 14, 3639 }, // U+0E4E
    { 12, 13, 248, 1, 13, 39, 3653 }, // U+0E4F
    { 14, 12, 264, 1, 12, 42, 3692 }, // U+0E50
    { 15, 12, 270, 1, 12, 45, 3734 }, // U+0E51
    { 16, 16, 274, 1, 16, 64, 3779 }, // U+0E52
    { 15, 12, 278, 1, 12, 45, 3843 }, // U+0E53
    { 16, 17, 271, 1, 16, 68, 3888 }, // U+0E54
    { 17, 17, 271, 1, 16, 73, 3956 }, // U+0E55
    { 16, 16, 270, 0, 16, 64, 4029 }, // U+0E56
    { 17, 16, 298, 1, 16, 68, 4093 }, // U+0E57
    { 15, 16, 270, 1, 16, 60, 4161 }, // U+0E58
    { 15, 16, 277, 1, 16, 60, 4221 }, // U+0E59
    { 18, 15, 307, 0, 15, 68, 4281 }, // U+0E5A
    { 23, 13, 408, 2, 14, 75, 4349 }, // U+0E5B
    { 14, 23, 238, 0, 18, 81, 0 }, // U+1EA0
    { 11, 17, 206, 1, 13, 47, 81 }, // U+1EA1
    { 16, 25, 238, 0, 25, 100, 128 }, // U+1EA2
    { 11, 20, 206, 1, 20, 55, 228 }, // U+1EA3
    { 15, 25, 238, 0, 25, 94, 283 }, // U+1EA4
    { 11, 20, 206, 1, 20, 55, 377 }, // U+1EA5
    { 15, 25, 238, 0, 25, 94, 432 }, // U+1EA6
    { 11, 20, 206, 1, 20, 55, 526 }, // U+1EA7
    { 15, 26, 238, 0, 26, 98, 581 }, // U+1EA8
    { 11, 21, 206, 1, 21, 58, 679 }, // U+1EA9
    { 15, 26, 238, 0, 26, 98, 737 }, // U+1EAA
    { 11, 21, 206, 1, 21, 58, 835 }, // U+1EAB
    { 14, 28, 238, 0, 23, 98, 893 }, // U+1EAC
    { 11, 22, 206, 1, 18, 61, 991 }, // U+1EAD
    { 15, 26, 238, 0, 26, 98, 1052 }, // U+1EAE
    { 11, 21, 206, 1, 21, 58, 1150 }, // U+1EAF
    { 15, 26, 238, 0, 26, 98, 1208 }, // U+1EB0
    { 11, 21, 206, 1, 21, 58, 1306 }, // U+1EB1
    { 15, 27, 238, 0, 27, 102, 1364 }, // U+1EB2
    { 11, 22, 206, 1, 22, 61, 1466 }, // U+1EB3
    { 15, 26, 238, 0, 26, 98, 1527 }, // U+1EB4
    { 11, 21, 206, 1, 21, 58, 1625 }, // U+1EB5
    { 15, 28, 238, 0, 23, 105, 1683 }, // U+1EB6
    { 11, 22, 206, 1, 18, 61, 1788 }, // U+1EB7
    { 11, 23, 221, 2, 18, 64, 1849 }, // U+1EB8
    { 12, 17, 207, 0, 13, 51, 1913 }, // U+1EB9
    { 11, 25, 221, 2, 25, 69, 1964 }, // U+1EBA
    { 11, 20, 207, 0, 20, 55, 2033 }, // U+1EBB
    { 11, 22, 221, 2, 22, 61, 2088 }, // U+1EBC
    { 12, 17, 207, 1, 17, 51, 2149 }, // U+1EBD
    { 11, 25, 221, 2, 25, 69, 2200 }, // U+1EBE
    { 12, 20, 207, 1, 20, 60, 2269 }, // U+1EBF
    { 11, 25, 221, 2, 25, 69, 2329 }, // U+1EC0
    { 12, 20, 207, 1, 20, 60, 2398 }, // U+1EC1
    { 11, 26, 221, 2, 26, 72, 2458 }, // U+1EC2
    { 12, 21, 207, 1, 21, 63, 2530 }, // U+1EC3
    { 11, 26, 221, 2, 26, 72, 2593 }, // U+1EC4
    { 12, 21, 207, 1, 21, 63, 2665 }, // U+1EC5
    { 11, 28, 221, 2, 23, 77, 2728 }, // U+1EC6
    { 12, 22, 207, 0, 18, 66, 2805 }, // U+1EC7
    { 6, 25, 117, 0, 25, 38, 2871 }, // U+1EC8
    { 6, 20, 101, 0, 20, 30, 2909 }, // U+1EC9
    { 3, 23, 117, 2, 18, 18, 2939 }, // U+1ECA
    { 3, 23, 98, 2, 18, 18, 2957 }, // U+1ECB
    { 15, 22, 264, 1, 18, 83, 2975 }, // U+1ECC
    { 13, 17, 223, 1, 13, 56, 3058 }, // U+1ECD
    { 15, 25, 264, 1, 25, 94, 3114 }, // U+1ECE
    { 13, 20, 223, 1, 20, 65, 3208 }, // U+1ECF
    { 15, 25, 264, 1, 25, 94, 3273 }, // U+1ED0
    { 13, 20, 223, 1, 20, 65, 3367 }, // U+1ED1
    { 15, 25, 264, 1, 25, 94, 3432 }, // U+1ED2
    { 13, 20, 223, 1, 20, 65, 3526 }, // U+1ED3
    { 15, 26, 264, 1, 26, 98, 3591 }, // U+1ED4
    { 13, 21, 223, 1, 21, 69, 3689 }, // U+1ED5
    { 15, 26, 264, 1, 26, 98, 3758 }, // U+1ED6
    { 13, 21, 223, 1, 21, 69, 3856 }, // U+1ED7
    { 15, 27, 264, 1, 23, 102, 3925 }, // U+1ED8
    { 13, 22, 223, 1, 18, 72, 4027 }, // U+1ED9
    { 18, 23, 279, 1, 23, 104, 4099 }, // U+1EDA
    { 15, 18, 239, 1, 18, 68, 4203 }, // U+1EDB
    { 18, 23, 279, 1, 23, 104, 4271 }, // U+1EDC
    { 15, 18, 239, 1, 18, 68, 4375 }, // U+1EDD
    { 18, 25, 279, 1, 25, 113, 4443 }, // U+1EDE
    { 15, 20, 239, 1, 20, 75, 4556 }, // U+1EDF
    { 18, 22, 279, 1, 22, 99, 4631 }, // U+1EE0
    { 15, 17, 239, 1, 17, 64, 4730 }, // U+1EE1
    { 18, 22, 279, 1, 18, 99, 4794 }, // U+1EE2
    { 15, 17, 239, 1, 13, 64, 4893 }, // U+1EE3
    { 13, 22, 263, 2, 18, 72, 4957 }, // U+1EE4
    { 12, 17, 221, 2, 13, 51, 5029 }, // U+1EE5
    { 13, 25, 263, 2, 25, 82, 5080 }, // U+1EE6
    { 12, 20, 221, 2, 20, 60, 5162 }, // U+1EE7
    { 17, 23, 278, 2, 23, 98, 5222 }, // U+1EE8
    { 15, 18, 240, 2, 18, 68, 5320 }, // U+1EE9
    { 17, 23, 278, 2, 23, 98, 5388 }, // U+1EEA
    { 15, 18, 240, 2, 18, 68, 5486 }, // U+1EEB
    { 17, 25, 278, 2, 25, 107, 5554 }, // U+1EEC
    { 15, 20, 240, 2, 20, 75, 5661 }, // U+1EED
    { 17, 22, 278, 2, 22, 94, 5736 }, // U+1EEE
    { 15, 17, 240, 2, 17, 64, 5830 }, // U+1EEF
    { 17, 22, 278, 2, 18, 94, 5894 }, // U+1EF0
    { 15, 17, 240, 2, 13, 64, 5988 }, // U+1EF1
    { 14, 23, 229, 0, 23, 81, 6052 }, // U+1EF2
    { 12, 23, 185, 0, 18, 69, 6133 }, // U+1EF3
    { 14, 23, 229, 0, 18, 81, 6202 }, // U+1EF4
    { 12, 18, 185, 0, 13, 54, 6283 }, // U+1EF5
    { 15, 25, 229, 0, 25, 94, 6337 }, // U+1EF6
    { 12, 25, 185, 1, 20, 75, 6431 }, // U+1EF7
    { 14, 22, 229, 0, 22, 77, 6506 }, // U+1EF8
    { 12, 22, 185, 1, 17, 66, 6583 }, // U+1EF9
    { 0, 0, 220, 0, 0, 0, 0 }, // U+2007
    { 7, 2, 136, 1, 8, 4, 0 }, // U+2010
    { 12, 2, 216, 1, 8, 6, 4 }, // U+2012
    { 12, 2, 216, 1, 8, 6, 10 }, // U+2013
    { 19, 2, 334, 1, 8, 10, 16 }, // U+2014
    { 19, 2, 334, 1, 8, 10, 26 }, // U+2015
    { 4, 8, 135, 2, 19, 8, 36 }, // U+2018
    { 4, 8, 135, 1, 18, 8, 44 }, // U+2019
    { 4, 8, 135, 1, 3, 8, 52 }, // U+201A
    { 9, 8, 214, 2, 19, 18, 60 }, // U+201C
    { 9, 8, 214, 1, 18, 18, 78 }, // U+201D
    { 9, 8, 214, 1, 3, 18, 96 }, // U+201E
    { 12, 18, 210, 0, 18, 54, 114 }, // U+2020
    { 12, 18, 210, 0, 18, 54, 168 }, // U+2021
    { 7, 7, 147, 1, 11, 13, 222 }, // U+2022
    { 15, 3, 289, 1, 3, 12, 235 }, // U+2026
    { 30, 18, 513, 1, 18, 135, 247 }, // U+2030
    { 5, 6, 100, 1, 18, 8, 382 }, // U+2032
    { 9, 6, 164, 1, 18, 14, 390 }, // U+2033
    { 8, 10, 129, 0, 12, 20, 404 }, // U+2039
    { 8, 10, 129, 0, 12, 20, 424 }, // U+203A
    { 13, 19, 90, -4, 18, 62, 444 }, // U+2044
    { 9, 12, 160, 1, 17, 27, 0 }, // U+2070
    { 9, 12, 160, 1, 17, 27, 27 }, // U+2074
    { 10, 12, 160, 0, 17, 30, 54 }, // U+2075
    { 9, 13, 160, 1, 18, 30, 84 }, // U+2076
    { 8, 12, 160, 1, 17, 24, 114 }, // U+2077
    { 9, 12, 160, 1, 17, 27, 138 }, // U+2078
    { 9, 13, 160, 1, 17, 30, 165 }, // U+2079
    { 5, 14, 94, 1, 18, 18, 195 }, // U+207D
    { 6, 14, 94, 0, 18, 21, 213 }, // U+207E
    { 8, 8, 156, 0, 17, 16, 234 }, // U+207F
    { 9, 12, 160, 1, 8, 27, 250 }, // U+2080
    { 7, 12, 160, 1, 8, 21, 277 }, // U+2081
    { 9, 12, 160, 0, 8, 27, 298 }, // U+2082
    { 9, 12, 160, 0, 8, 27, 325 }, // U+2083
    { 9, 12, 160, 1, 8, 27, 352 }, // U+2084
    { 10, 12, 160, 0, 8, 30, 379 }, // U+2085
    { 9, 13, 160, 1, 9, 30, 409 }, // U+2086
    { 8, 12, 160, 1, 8, 24, 439 }, // U+2087
    { 9, 12, 160, 1, 8, 27, 463 }, // U+2088
    { 9, 13, 160, 1, 8, 30, 490 }, // U+2089
    { 5, 14, 94, 1, 9, 18, 520 }, // U+208D
    { 6, 14, 94, 0, 9, 21, 538 }, // U+208E
    { 13, 22, 237, 1, 20, 72, 0 }, // U+20A1
    { 11, 18, 214, 1, 18, 50, 72 }, // U+20A4
    { 19, 18, 319, 1, 18, 86, 122 }, // U+20A6
    { 14, 18, 244, 1, 18, 63, 208 }, // U+20A7
    { 13, 22, 223, 1, 19, 72, 271 }, // U+20AB
    { 15, 18, 248, 1, 18, 68, 343 }, // U+20AC
    { 16, 18, 260, 0, 18, 72, 411 }, // U+20B1
    { 14, 22, 254, 1, 20, 77, 483 }, // U+20B2
    { 14, 22, 237, 1, 20, 77, 560 }, // U+20B5
    { 13, 18, 244, 2, 18, 59, 637 }, // U+20B9
    { 13, 18, 226, 0, 18, 59, 696 }, // U+20BA
    { 13, 18, 227, 1, 18, 59, 755 }, // U+20BD
    { 15, 7, 360, 4, 10, 27, 0 }, // U+2190
    { 7, 15, 200, 3, 15, 27, 27 }, // U+2191
    { 15, 7, 360, 4, 10, 27, 54 }, // U+2192
    { 7, 15, 200, 3, 15, 27, 81 }, // U+2193
    { 11, 18, 196, 0, 18, 50, 0 }, // U+2202
    { 16, 18, 259, 0, 18, 72, 50 }, // U+2206
    { 13, 21, 266, 2, 18, 69, 122 }, // U+220F
    { 15, 21, 252, 1, 18, 79, 191 }, // U+2211
    { 13, 2, 243, 1, 8, 7, 270 }, // U+2212
    { 14, 18, 66, -5, 18, 63, 277 }, // U+2215
    { 5, 5, 112, 1, 11, 7, 340 }, // U+2219
    { 18, 20, 224, 0, 18, 90, 347 }, // U+221A
    { 20, 9, 340, 1, 12, 45, 437 }, // U+221E
    { 10, 23, 141, -1, 18, 58, 482 }, // U+222B
    { 12, 11, 243, 1, 13, 33, 540 }, // U+2248
    { 12, 15, 243, 2, 14, 45, 573 }, // U+2260
    { 14, 14, 243, 1, 14, 49, 618 }, // U+2264
    { 13, 14, 243, 1, 14, 46, 667 }, // U+2265
    { 13, 18, 226, 1, 18, 59, 0 }, // U+FB01
    { 15, 19, 246, 1, 19, 72, 59 }, // U+FB02
};

static const EpdUnicodeInterval sarabun_12_regularIntervals[] = {
    { 0x0, 0x0, 0x0 },
    { 0xD, 0xD, 0x1 },
    { 0x20, 0x7E, 0x2 },
    { 0xA0, 0x17E, 0x61 },
    { 0x1A0, 0x1A1, 0x140 },
    { 0x1AF, 0x1B0, 0x142 },
    { 0x1CD, 0x1DC, 0x144 },
    { 0x1E6, 0x1E7, 0x154 },
    { 0x1FA, 0x1FF, 0x156 },
    { 0x218, 0x21B, 0x15C },
    { 0x300, 0x304, 0x160 },
    { 0x306, 0x30C, 0x165 },
    { 0x31B, 0x31B, 0x16C },
    { 0x323, 0x324, 0x16D },
    { 0x326, 0x328, 0x16F },
    { 0x32E, 0x32E, 0x172 },
    { 0x331, 0x331, 0x173 },
    { 0xE01, 0xE3A, 0x174 },
    { 0xE3F, 0xE5B, 0x1AE },
    { 0x1EA0, 0x1EF9, 0x1CB },
    { 0x2007, 0x2007, 0x225 },
    { 0x2010, 0x2010, 0x226 },
    { 0x2012, 0x2015, 0x227 },
    { 0x2018, 0x201A, 0x22B },
    { 0x201C, 0x201E, 0x22E },
    { 0x2020, 0x2022, 0x231 },
    { 0x2026, 0x2026, 0x234 },
    { 0x2030, 0x2030, 0x235 },
    { 0x2032, 0x2033, 0x236 },
    { 0x2039, 0x203A, 0x238 },
    { 0x2044, 0x2044, 0x23A },
    { 0x2070, 0x2070, 0x23B },
    { 0x2074, 0x2079, 0x23C },
    { 0x207D, 0x2089, 0x242 },
    { 0x208D, 0x208E, 0x24F },
    { 0x20A1, 0x20A1, 0x251 },
    { 0x20A4, 0x20A4, 0x252 },
    { 0x20A6, 0x20A7, 0x253 },
    { 0x20AB, 0x20AC, 0x255 },
    { 0x20B1, 0x20B2, 0x257 },
    { 0x20B5, 0x20B5, 0x259 },
    { 0x20B9, 0x20BA, 0x25A },
    { 0x20BD, 0x20BD, 0x25C },
    { 0x2190, 0x2193, 0x25D },
    { 0x2202, 0x2202, 0x261 },
    { 0x2206, 0x2206, 0x262 },
    { 0x220F, 0x220F, 0x263 },
    { 0x2211, 0x2212, 0x264 },
    { 0x2215, 0x2215, 0x266 },
    { 0x2219, 0x221A, 0x267 },
    { 0x221E, 0x221E, 0x269 },
    { 0x222B, 0x222B, 0x26A },
    { 0x2248, 0x2248, 0x26B },
    { 0x2260, 0x2260, 0x26C },
    { 0x2264, 0x2265, 0x26D },
    { 0xFB01, 0xFB02, 0x26F },
};

static const EpdFontGroup sarabun_12_regularGroups[] = {
    { 0, 2117, 4720, 97, 0 },
    { 2117, 2081, 5604, 96, 97 },
    { 4198, 2623, 8601, 127, 193 },
    { 6821, 962, 2502, 32, 320 },
    { 7783, 150, 160, 20, 352 },
    { 7933, 2446, 4883, 87, 372 },
    { 10379, 1601, 7271, 90, 459 },
    { 11980, 288, 556, 22, 549 },
    { 12268, 261, 716, 22, 571 },
    { 12529, 526, 928, 12, 593 },
    { 13055, 59, 116, 4, 605 },
    { 13114, 392, 788, 14, 609 },
    { 13506, 50, 148, 2, 623 },
};

static const uint16_t sarabun_12_regularKernLeftCodepoints[] = {
    0x002C, 0x002E, 0x0041, 0x0042, 0x0044, 0x0046, 0x004B, 0x004C, 0x004F, 0x0050, 0x0051, 0x0053,
    0x0054, 0x0055, 0x0056, 0x0057, 0x0058, 0x0059, 0x005A, 0x0061, 0x0062, 0x0063, 0x0065, 0x0066,
    0x0067, 0x006B, 0x006C, 0x006D, 0x006E, 0x006F, 0x0070, 0x0072, 0x0073, 0x0074, 0x0075, 0x0076,
    0x0078, 0x0079, 0x007A, 0x00C0, 0x00C1, 0x00C2, 0x00C3, 0x00C4, 0x00C5, 0x00D0, 0x00D2, 0x00D3,
    0x00D4, 0x00D5, 0x00D6, 0x00D8, 0x00D9, 0x00DA, 0x00DB, 0x00DC, 0x00DD, 0x00E0, 0x00E1, 0x00E2,
    0x00E3, 0x00E4, 0x00E5, 0x00E6, 0x00E7, 0x00E8, 0x00E9, 0x00EA, 0x00EB, 0x00F1, 0x00F2, 0x00F3,
    0x00F4, 0x00F5, 0x00F6, 0x00FD, 0x00FE, 0x00FF, 0x0100, 0x0101, 0x0102, 0x0103, 0x0104, 0x0105,
    0x0107, 0x0109, 0x010B, 0x010D, 0x010E, 0x0110, 0x0113, 0x0115, 0x0117, 0x0119, 0x011B, 0x0125,
    0x0127, 0x0132, 0x0134, 0x0136, 0x0137, 0x0138, 0x0139, 0x013B, 0x013D, 0x013F, 0x0141, 0x0144,
    0x0146, 0x0148, 0x0149, 0x014B, 0x014C, 0x014D, 0x014E, 0x014F, 0x0150, 0x0151, 0x0153, 0x0154,
    0x0155, 0x0156, 0x0157, 0x0158, 0x0159, 0x015A, 0x015B, 0x015C, 0x015D, 0x015E, 0x015F, 0x0160,
    0x0161, 0x0162, 0x0163, 0x0164, 0x0165, 0x0166, 0x0167, 0x0168, 0x016A, 0x016C, 0x016E, 0x0170,
    0x0172, 0x0174, 0x0175, 0x0176, 0x0177, 0x0178, 0x01A0, 0x01CD, 0x01CE, 0x01D1, 0x01D2, 0x01D3,
    0x01D5, 0x01D7, 0x01D9, 0x01DB, 0x01FA, 0x01FB, 0x01FD, 0x01FE, 0x01FF, 0x0218, 0x0219, 0x021A,
    0x021B, 0x1EA0, 0x1EA1, 0x1EA2, 0x1EA3, 0x1EA4, 0x1EA5, 0x1EA6, 0x1EA7, 0x1EA8, 0x1EA9, 0x1EAA,
    0x1EAB, 0x1EAC, 0x1EAD, 0x1EAE, 0x1EAF, 0x1EB0, 0x1EB1, 0x1EB2, 0x1EB3, 0x1EB4, 0x1EB5, 0x1EB6,
    0x1EB7, 0x1EB9, 0x1EBB, 0x1EBD, 0x1EBF, 0x1EC1, 0x1EC3, 0x1EC5, 0x1EC7, 0x1ECC, 0x1ECD, 0x1ECE,
    0x1ECF, 0x1ED0, 0x1ED1, 0x1ED2, 0x1ED3, 0x1ED4, 0x1ED5, 0x1ED6, 0x1ED7, 0x1ED8, 0x1ED9, 0x1EDA,
    0x1EDB, 0x1EDC, 0x1EDD, 0x1EDE, 0x1EDF, 0x1EE0, 0x1EE1, 0x1EE2, 0x1EE3, 0x1EE4, 0x1EE6, 0x1EF2,
    0x1EF3, 0x1EF4, 0x1EF5, 0x1EF6, 0x1EF7, 0x1EF8, 0x1EF9, 0x2018, 0x201C, 0x2026,
};

static const uint8_t sarabun_12_regularKernLeftClassIds[] = {
      1,   1,   2,   3,   4,   5,   6,   7,   8,   9,   8,  10,  11,  12,  13,  14,
     15,  16,  17,  18,  19,  20,  21,  22,  23,  24,  25,  26,  26,  27,  28,  29,
     30,  31,  32,  33,  34,  35,  36,  37,  37,  37,  37,  37,  37,  38,  39,  39,
     39,  39,  39,  40,  12,  12,  12,  12,  16,  18,  18,  18,  18,  18,  18,  41,
     42,  41,  41,  41,  41,  43,  27,  27,  27,  27,  27,  35,  44,  35,  37,  18,
     37,  18,  37,  18,  42,  42,  42,  42,  45,  38,  41,  41,  41,  41,  41,  46,
     46,  47,  47,  48,  49,  49,  50,  50,  50,  50,  51,  43,  43,  43,  43,  43,
     39,  27,  39,  27,  39,  27,  41,  52,  53,  52,  53,  52,  53,  54,  55,  54,
     55,  54,  55,  54,  55,  56,  57,  56,  57,  56,  57,  12,  12,  12,  12,  12,
     12,  58,  59,  16,  35,  16,  40,  37,  18,  39,  27,  12,  12,  12,  12,  12,
     37,  18,  41,  39,  27,  54,  55,  56,  57,  37,  18,  37,  18,  37,  18,  37,
     18,  37,  18,  37,  18,  37,  18,  37,  18,  37,  18,  37,  18,  37,  18,  37,
     18,  41,  41,  41,  41,  41,  41,  41,  41,  39,  27,  39,  27,  39,  27,  39,
     27,  39,  27,  39,  27,  39,  27,  40,  27,  40,  27,  40,  27,  40,  27,  40,
     27,  12,  12,  16,  35,  16,  35,  16,  35,  16,  35,  60,  60,  61,
};

static const uint16_t sarabun_12_regularKernRightCodepoints[] = {
    0x002C, 0x002E, 0x0041, 0x0043, 0x0047, 0x004A, 0x004F, 0x0051, 0x0053, 0x0054, 0x0055, 0x0056,
    0x0057, 0x0058, 0x0059, 0x0061, 0x0063, 0x0064, 0x0065, 0x0066, 0x0067, 0x006A, 0x006D, 0x006E,
    0x006F, 0x0070, 0x0071, 0x0072, 0x0073, 0x0074, 0x0075, 0x0076, 0x0077, 0x0078, 0x0079, 0x007A,
    0x00C0, 0x00C1, 0x00C2, 0x00C3, 0x00C4, 0x00C5, 0x00C6, 0x00C7, 0x00D2, 0x00D3, 0x00D4, 0x00D5,
    0x00D6, 0x00D8, 0x00D9, 0x00DA, 0x00DB, 0x00DC, 0x00DD, 0x00DF, 0x00E0, 0x00E1, 0x00E2, 0x00E3,
    0x00E4, 0x00E5, 0x00E6, 0x00E7, 0x00E8, 0x00E9, 0x00EA, 0x00EB, 0x00F0, 0x00F1, 0x00F2, 0x00F3,
    0x00F4, 0x00F5, 0x00F6, 0x00F8, 0x00F9, 0x00FA, 0x00FB, 0x00FC, 0x00FD, 0x00FF, 0x0100, 0x0101,
    0x0102, 0x0103, 0x0104, 0x0105, 0x0106, 0x0107, 0x0108, 0x0109, 0x010A, 0x010B, 0x010C, 0x010D,
    0x010F, 0x0111, 0x0113, 0x0115, 0x0117, 0x0119, 0x011B, 0x011C, 0x011D, 0x011E, 0x011F, 0x0120,
    0x0121, 0x0122, 0x0123, 0x0134, 0x0135, 0x0144, 0x0146, 0x0148, 0x0149, 0x014B, 0x014C, 0x014D,
    0x014E, 0x014F, 0x0150, 0x0151, 0x0153, 0x0155, 0x0157, 0x0159, 0x015A, 0x015B, 0x015C, 0x015D,
    0x015E, 0x015F, 0x0160, 0x0161, 0x0162, 0x0163, 0x0164, 0x0165, 0x0166, 0x0167, 0x0168, 0x0169,
    0x016A, 0x016B, 0x016C, 0x016D, 0x016E, 0x016F, 0x0170, 0x0171, 0x0172, 0x0173, 0x0174, 0x0175,
    0x0176, 0x0177, 0x0178, 0x017A, 0x017C, 0x017E, 0x01A0, 0x01A1, 0x01AF, 0x01B0, 0x01CD, 0x01CE,
    0x01D1, 0x01D2, 0x01D3, 0x01D4, 0x01D5, 0x01D6, 0x01D7, 0x01D8, 0x01D9, 0x01DA, 0x01DB, 0x01DC,
    0x01E6, 0x01E7, 0x01FA, 0x01FB, 0x01FC, 0x01FD, 0x01FE, 0x01FF, 0x0218, 0x0219, 0x021A, 0x021B,
    0x1EA0, 0x1EA1, 0x1EA2, 0x1EA3, 0x1EA4, 0x1EA5, 0x1EA6, 0x1EA7, 0x1EA8, 0x1EA9, 0x1EAA, 0x1EAB,
    0x1EAC, 0x1EAD, 0x1EAE, 0x1EAF, 0x1EB0, 0x1EB1, 0x1EB2, 0x1EB3, 0x1EB4, 0x1EB5, 0x1EB6, 0x1EB7,
    0x1EB9, 0x1EBB, 0x1EBD, 0x1EBF, 0x1EC1, 0x1EC3, 0x1EC5, 0x1EC7, 0x1ECC, 0x1ECD, 0x1ECE, 0x1ECF,
    0x1ED0, 0x1ED1, 0x1ED2, 0x1ED3, 0x1ED4, 0x1ED5, 0x1ED6, 0x1ED7, 0x1ED8, 0x1ED9, 0x1EDA, 0x1EDB,
    0x1EDC, 0x1EDD, 0x1EDE, 0x1EDF, 0x1EE0, 0x1EE1, 0x1EE2, 0x1EE3, 0x1EE4, 0x1EE5, 0x1EE6, 0x1EE7,
    0x1EE8, 0x1EE9, 0x1EEA, 0x1EEB, 0x1EEC, 0x1EED, 0x1EEE, 0x1EEF, 0x1EF0, 0x1EF1, 0x1EF2, 0x1EF3,
    0x1EF4, 0x1EF5, 0x1EF6, 0x1EF7, 0x1EF8, 0x1EF9, 0x2019, 0x201D, 0x2026, 0xFB01, 0xFB02,
};

static const uint8_t sarabun_12_regularKernRightClassIds[] = {
      1,   2,   3,   4,   5,   6,   7,   8,   9,  10,  11,  12,  13,  14,  15,  16,
     17,  18,  19,  20,  21,  22,  23,  24,  25,  26,  27,  28,  29,  30,  31,  32,
     33,  34,  35,  36,  37,  37,  37,  37,  37,  37,  37,  38,  39,  39,  39,  39,
     39,  40,  41,  41,  41,  41,  42,  43,  44,  44,  44,  44,  44,  44,  44,  45,
     46,  46,  46,  46,  47,  48,  49,  49,  49,  49,  49,  50,  51,  51,  51,  51,
     52,  52,  37,  44,  37,  44,  37,  44,  38,  45,  38,  45,  38,  45,  38,  45,
     53,  47,  46,  46,  46,  46,  46,  54,  55,  54,  55,  54,  55,  54,  55,  56,
     22,  48,  48,  48,  48,  48,  39,  49,  39,  49,  39,  49,  57,  58,  58,  58,
     59,  60,  59,  60,  59,  60,  59,  60,  61,  62,  61,  62,  61,  62,  41,  51,
     41,  51,  41,  51,  41,  51,  41,  51,  41,  51,  63,  64,  42,  52,  42,  65,
     65,  65,  39,  50,  41,  66,  37,  44,  39,  49,  41,  51,  41,  51,  41,  51,
     41,  51,  41,  51,  54,  55,  37,  44,  37,  44,  39,  49,  59,  60,  61,  62,
     37,  44,  37,  44,  37,  44,  37,  44,  37,  44,  37,  44,  37,  44,  37,  44,
     37,  44,  37,  44,  37,  44,  37,  44,  46,  46,  46,  46,  46,  46,  46,  46,
     39,  49,  39,  49,  39,  49,  39,  49,  39,  49,  39,  49,  39,  49,  39,  49,
     39,  49,  39,  49,  39,  49,  39,  49,  41,  51,  41,  51,  41,  51,  41,  51,
     41,  51,  41,  51,  41,  51,  42,  52,  42,  52,  42,  52,  42,  52,  67,  68,
     69,  43,  43,
};

static const uint16_t sarabun_12_regularKernRowOffsets[] = {
        0,    12,    49,    55,    62,    69,    81,   118,   127,   151,   156,   193,   197,   249,   269,   300,
      344,   355,   360,   368,   372,   388,   407,   410,   431,   448,   454,   467,   478,   483,   493,   496,
      502,   529,   540,   562,   568,   606,   611,   621,   627,   646,   651,   658,   663,   672,   677,   681,
      717,   739,   776,   787,   792,   794,   799,   810,   849,   854,   899,   915,   918,   923,
};

static const uint8_t sarabun_12_regularKernSparseCols[] = {
      9,  11,  14,  17,  20,  24,  26,  31,  32,  48,  52,  56,   3,   6,   7,   8,
      9,  10,  11,  12,  14,  15,  16,  17,  18,  20,  24,  26,  30,  31,  34,  37,
     38,  40,  41,  43,  44,  45,  48,  50,  51,  52,  56,  58,  60,  62,  63,  66,
     67,   2,  11,  13,  14,  36,  41,   2,  11,  14,  36,  41,  55,  62,   0,   1,
      2,   5,  36,  55,  68,  15,  16,  17,  18,  20,  26,  34,  43,  44,  45,  51,
     52,   3,   4,   6,   7,   9,  10,  11,  12,  14,  15,  16,  17,  18,  20,  24,
     26,  29,  31,  32,  34,  37,  38,  40,  41,  43,  44,  45,  48,  51,  52,  53,
     56,  60,  62,  63,  66,  67,   2,  11,  12,  13,  14,  36,  41,  55,  62,   0,
      1,   2,   5,  11,  13,  14,  15,  16,  17,  20,  24,  26,  28,  36,  41,  43,
     44,  48,  52,  55,  56,  59,  68,   2,  11,  14,  36,  41,   0,   1,   2,   3,
     15,  16,  17,  18,  20,  22,  23,  24,  26,  28,  30,  31,  32,  33,  34,  35,
     36,  37,  43,  44,  45,  47,  48,  50,  51,  52,  54,  55,  56,  57,  59,  63,
     64,   0,   1,   2,  36,   0,   1,   2,   3,   4,   5,   6,   7,   8,  15,  16,
     17,  18,  20,  21,  22,  23,  24,  25,  26,  28,  30,  31,  33,  34,  36,  37,
     38,  39,  42,  43,  44,  45,  46,  47,  48,  49,  50,  51,  52,  53,  54,  55,
     56,  57,  58,  59,  61,  63,  64,  65,  68,   0,   1,   2,   6,   7,  15,  16,
     17,  18,  20,  24,  26,  36,  38,  43,  44,  45,  48,  52,  56,   3,   4,   6,
      7,  15,  16,  17,  18,  20,  24,  26,  30,  31,  34,  37,  38,  39,  43,  44,
     45,  46,  48,  49,  50,  51,  52,  53,  56,  61,  63,  65,   0,   1,   2,   3,
      4,   5,   6,   7,   8,  15,  16,  17,  18,  20,  22,  23,  24,  26,  28,  30,
     31,  33,  34,  36,  37,  38,  43,  44,  45,  47,  48,  50,  51,  52,  53,  54,
     55,  56,  57,  58,  59,  61,  63,  64,  16,  17,  18,  20,  24,  26,  44,  45,
     48,  52,  56,  11,  14,  41,  62,  63,   0,   1,  11,  14,  34,  41,  51,  62,
     11,  14,  41,  62,   0,   1,   2,  11,  13,  14,  28,  31,  34,  36,  41,  51,
     54,  59,  62,  63,   0,   1,  15,  16,  17,  18,  20,  24,  26,  43,  44,  45,
     46,  48,  49,  52,  54,  56,  68,  11,  14,  41,   9,  11,  14,  15,  16,  17,
     18,  20,  24,  26,  34,  41,  43,  44,  45,  48,  51,  52,  56,  60,  62,  16,
     17,  18,  20,  24,  26,  28,  31,  32,  34,  44,  45,  48,  51,  52,  56,  59,
      9,  11,  14,  41,  60,  62,   0,   1,   2,   9,  11,  14,  31,  34,  36,  41,
     51,  60,  62,   0,   1,   9,  11,  12,  13,  31,  34,  51,  60,  62,   0,   1,
     24,  48,  56,   1,   9,  11,  13,  14,  18,  41,  45,  60,  62,  24,  48,  56,
      9,  11,  14,  41,  60,  62,   0,   1,   2,   9,  11,  13,  14,  15,  16,  17,
     18,  20,  24,  26,  36,  41,  43,  44,  45,  46,  48,  52,  55,  56,  60,  62,
     68,   9,  11,  14,  17,  20,  26,  41,  46,  52,  60,  62,   0,   1,   2,   9,
     13,  14,  15,  17,  18,  20,  24,  26,  36,  41,  43,  45,  48,  52,  55,  56,
     60,  62,   9,  11,  14,  41,  60,  62,   3,   6,   7,   8,   9,  10,  11,  12,
     14,  15,  16,  17,  18,  20,  24,  26,  30,  31,  32,  34,  37,  38,  40,  41,
     43,  44,  45,  48,  50,  51,  52,  56,  58,  60,  62,  63,  66,  67,   2,   5,
     11,  12,  14,   2,   5,  11,  12,  13,  14,  36,  41,  55,  62,   2,   5,  11,
     12,  13,  14,   0,   1,   2,  11,  12,  13,  14,  20,  28,  31,  32,  34,  36,
     41,  51,  54,  59,  62,  63,  11,  12,  14,  41,  62,   9,  11,  12,  14,  41,
     60,  62,   0,   1,  31,  34,  51,   2,   5,  11,  12,  14,  36,  41,  55,  62,
     11,  12,  14,  41,  62,   2,   5,  36,  55,   3,   4,   6,   7,   8,  11,  12,
     14,  15,  16,  17,  18,  20,  24,  26,  29,  30,  31,  32,  34,  37,  38,  41,
     43,  44,  45,  48,  50,  51,  52,  53,  56,  58,  61,  62,  63,   9,  11,  12,
     14,  15,  16,  17,  18,  20,  24,  26,  34,  41,  43,  44,  45,  48,  51,  52,
     56,  60,  62,   3,   4,   6,   7,   9,  10,  11,  12,  14,  15,  16,  17,  18,
     20,  24,  26,  29,  31,  32,  34,  37,  38,  40,  41,  43,  44,  45,  48,  51,
     52,  53,  56,  60,  62,  63,  66,  67,   3,   4,   6,   9,  11,  12,  14,  31,
     32,  34,  66,  11,  12,  14,  41,  62,  18,  45,   2,  11,  14,  36,  41,   1,
      9,  11,  12,  13,  14,  18,  41,  45,  60,  62,   0,   1,   2,   3,   5,  15,
     16,  17,  18,  20,  22,  23,  24,  26,  27,  28,  30,  31,  32,  33,  34,  35,
     36,  37,  43,  44,  45,  47,  48,  50,  51,  52,  54,  55,  56,  57,  59,  63,
     64,  11,  12,  14,  41,  62,   0,   2,   3,   4,   5,   6,   7,  15,  16,  17,
     18,  19,  20,  21,  22,  23,  24,  26,  28,  29,  30,  31,  32,  33,  34,  35,
     36,  37,  38,  43,  44,  45,  47,  48,  50,  51,  52,  53,  54,  55,  56,  59,
     61,  63,  64,   2,   9,  14,  15,  17,  18,  20,  26,  36,  41,  43,  45,  52,
     55,  60,  62,   2,   5,  36,   9,  11,  14,  31,  32,
};

static const int8_t sarabun_12_regularKernSparseValues[] = {
     -40,  -40,  -40,  -12,  -12,  -12,  -12,  -24,  -24,  -12,  -12,  -12,  -12,  -12,  -12,  -16,
     -24,  -24,  -20,  -12,  -24,  -12,  -12,  -12,  -12,  -12,  -12,  -12,  -16,  -16,  -16,  -12,
     -12,  -24,  -24,  -12,  -12,  -12,  -12,  -16,  -16,  -12,  -12,  -16,  -24,  -40,  -32,  -32,
     -52,   -8,  -12,  -16,  -16,   -8,  -16,  -16,  -24,  -20,  -16,  -20,  -20,  -24,  -40,  -40,
     -40,  -36,  -72,  -40,  -40,  -12,   -8,   -8,   -8,   -8,   -8,  -16,  -12,   -8,   -8,  -16,
      -8,  -12,  -12,  -20,  -20,  -44,  -12,  -40,  -32,  -40,   -8,   -8,   -8,   -8,   -8,   -8,
      -8,  -12,  -24,  -16,  -32,  -12,  -20,  -12,  -40,   -8,   -8,   -8,   -8,  -32,   -8,  -12,
      -8,  -44,  -32,  -32,  -56,  -32,  -12,  -12,   -4,  -16,  -16,  -12,  -16,  -16,  -16,  -40,
     -40,  -32,  -40,  -12,  -24,  -12,  -12,  -12,  -12,  -12,  -12,  -12,   -8,  -64,  -24,  -12,
     -12,  -12,  -12,  -48,  -12,   -8,  -40,  -12,  -12,  -12,  -12,  -12,  -40,  -40,  -24,  -16,
     -32,  -24,  -32,  -32,  -32,  -24,  -24,  -32,  -32,  -28,  -24,  -24,  -16,  -20,  -16,  -20,
     -24,  -16,  -32,  -24,  -32,  -24,  -32,  -24,  -16,  -32,  -24,  -24,  -32,  -16,  -28,  -16,
      -8,  -16,  -16,  -24,  -24,  -40,  -40,  -20,  -16,  -16,  -28,  -12,  -12,  -12,  -32,  -32,
     -32,  -32,  -32,  -32,  -20,  -20,  -24,  -20,  -32,  -20,  -20,  -24,  -20,  -20,  -80,  -32,
     -32,  -20,  -16,  -64,  -64,  -64,  -32,  -40,  -48,  -24,  -40,  -40,  -64,  -40,  -64,  -48,
     -24,  -40,  -24,  -40,  -40,  -40,  -32,  -20,  -40,  -32,  -32,  -12,   -4,   -4,   -8,   -8,
      -8,   -8,   -8,   -8,   -8,  -12,   -4,   -8,   -8,   -8,   -8,   -8,   -8,  -16,  -12,  -16,
     -16,  -20,  -12,  -12,  -16,  -12,  -12,  -12,  -12,  -20,  -28,  -32,  -32,  -16,  -40,  -32,
     -36,  -20,  -36,  -24,  -24,  -56,  -32,  -28,  -12,  -24,  -40,  -12,  -40,  -40,  -24,  -20,
     -24,  -28,  -16,  -16,  -12,  -24,  -24,  -24,  -24,  -24,  -24,  -24,  -24,  -24,  -24,  -24,
     -24,  -32,  -24,  -24,  -20,  -16,  -24,  -24,  -24,  -24,  -24,  -24,  -24,  -24,  -24,  -32,
     -32,  -24,  -24,  -12,  -24,  -24,  -32,  -20,   -8,   -8,   -8,   -8,   -8,   -8,   -8,   -8,
      -8,   -8,   -8,  -24,  -32,  -32,  -24,  -24,  -12,  -12,  -32,  -32,   -8,  -32,  -24,  -24,
     -16,  -24,  -24,  -16,  -12,  -12,  -16,  -32,  -20,  -32,    8,  -12,   -8,  -16,  -32,   -8,
       8,    8,  -24,   -8,  -24,  -24,  -16,  -16,  -16,  -12,  -16,  -16,  -16,  -32,  -32,  -28,
     -16,  -32,  -16,  -32,  -32,  -16,  -24,  -16,  -24,  -48,  -24,  -36,  -24,  -16,  -16,  -16,
      -8,  -16,   -8,  -16,  -12,  -24,  -16,  -16,   -8,   -8,  -12,  -16,   -8,  -24,  -28,   -8,
      -8,  -12,   -8,  -12,   -8,   -8,  -12,   -8,  -12,   -8,  -12,  -12,  -12,   -8,  -12,   -8,
     -24,  -28,  -32,  -32,  -24,  -28,  -12,  -12,  -16,  -24,  -24,  -28,   -4,   -4,  -16,  -28,
      -4,  -24,  -24,  -12,  -12,  -24,  -24,  -24,  -20,   -8,   -4,   -4,  -24,  -24,  -24,  -24,
      -4,   -4,   -4,  -12,  -24,  -20,  -16,  -24,    8,  -24,    8,  -24,  -16,  -12,  -12,  -12,
     -32,  -20,  -24,  -48,  -64,  -40,  -24,  -24,  -40,  -16,  -24,  -20,  -24,  -12,  -12,   -8,
      -8,   -8,   -4,   -8,  -80,  -48,  -28,  -28,  -20,  -16,   -4,  -24,  -64,   -4,  -32,  -40,
     -24,  -16,  -20,  -32,  -12,  -12,  -12,  -64,  -16,  -28,  -32,  -40,  -16,  -16,  -32,  -16,
     -24,  -24,  -12,   -4,   -4,   -4,   -4,   -4,  -32,  -24,  -12,   -4,   -4,   -4,  -32,   -4,
     -16,  -20,   -8,  -16,  -16,  -32,  -16,  -32,  -36,  -32,  -12,  -32,  -64,  -48,  -80,  -52,
     -72,  -28,  -28,  -28,  -28,  -12,  -28,  -12,  -32,  -56,  -32,  -48,  -12,  -12,  -24,  -24,
     -12,  -12,  -12,  -12,  -16,  -16,  -12,  -12,  -16,  -24,  -40,  -32,  -64,  -52,  -16,  -20,
     -24,  -24,  -20,  -32,  -16,  -32,  -20,  -32,  -36,  -12,  -16,  -16,  -16,  -20,  -16,  -20,
     -16,  -16,  -20,  -12,  -12,  -16,  -64,  -24,  -40,  -64,    8,   16,  -24,   -8,  -20,  -16,
     -32,   -8,    8,    8,  -24,   -8,  -32,  -16,  -48,  -24,  -16,  -48,  -56,  -28,  -64,  -32,
     -24,  -28,  -12,  -12,   -8,   -4,   -4,  -32,  -20,  -48,  -24,  -40,  -16,  -20,  -20,  -24,
     -64,  -24,  -64,  -32,  -24,  -48,  -16,  -24,  -16,  -40,  -40,  -40,  -20,  -32,  -40,  -20,
     -40,  -32,  -48,  -48,  -48,  -24,  -48,  -24,  -24,  -32,  -80,  -40,  -80,  -20,  -20,  -20,
     -16,  -24,  -24,  -24,  -16,  -40,  -24,  -20,  -24,  -16,  -24,  -20,  -40,  -48,  -72,  -28,
     -48,  -32,  -32,  -32,  -24,  -16,  -24,  -16,  -24,  -24,  -16,  -16,   -8,   -8,  -12,  -16,
      -8,  -24,  -28,  -24,  -24,  -32,  -20,  -88,  -12,  -80,  -64,  -80,   -8,   -8,   -8,   -8,
      -8,   -8,   -8,  -12,  -64,  -48,  -64,  -12,  -20,  -12,  -40,   -8,   -8,   -8,   -8,  -32,
      -8,  -12,   -8,  -44,  -32,  -32,  -56,  -32,  -12,  -12,  -12,  -44,  -40,  -32,  -40,  -40,
     -32,  -32,  -24,  -48,  -16,  -48,  -24,  -16,  -16,  -16,  -28,  -24,  -24,  -12,  -12,  -12,
     -48,  -40,  -16,  -32,  -48,   16,  -24,    8,  -24,  -16,  -40,  -40,  -64,  -32,  -24,  -56,
     -48,  -56,  -56,  -56,  -48,  -24,  -56,  -32,  -16,  -52,  -48,  -40,  -32,  -36,  -32,  -28,
     -24,  -16,  -32,  -24,  -32,  -24,  -32,  -24,  -16,  -32,  -24,  -24,  -32,  -16,  -28,  -16,
      -8,  -48,  -24,  -64,  -32,  -24,  -40,  -80,  -32,  -32,  -24,  -32,  -16,  -48,  -48,  -48,
     -48,  -16,  -48,  -16,  -32,  -16,  -48,  -24,  -32,  -16,  -40,  -40,  -20,  -40,  -40,  -16,
     -40,  -16,  -16,  -24,  -24,  -24,  -16,  -24,  -20,  -20,  -24,  -16,  -24,  -24,  -24,  -16,
     -16,  -20,  -16,  -32,  -16,  -32,  -16,  -16,   -8,  -16,  -16,  -32,  -32,  -16,   -8,  -16,
     -28,  -16,  -20,  -20,  -32,  -20,  -40,  -40,  -40,  -24,  -24,
};

static const EpdLigaturePair sarabun_12_regularLigaturePairs[] = {
    { 0x00660069, 0xFB01 }, // f i -> U+FB01
    { 0x0066006C, 0xFB02 }, // f l -> U+FB02
};

static const EpdFontData sarabun_12_regular = {
    sarabun_12_regularBitmaps,
    sarabun_12_regularGlyphs,
    sarabun_12_regularIntervals,
    56,
    33,
    27,
    -6,
    true,
    sarabun_12_regularGroups,
    13,
    nullptr,
    nullptr,  // kernLeftClasses: built-in fonts use the split arrays below
    nullptr,  // kernRightClasses
    sarabun_12_regularKernLeftCodepoints,
    sarabun_12_regularKernLeftClassIds,
    sarabun_12_regularKernRightCodepoints,
    sarabun_12_regularKernRightClassIds,
    nullptr,  // kernMatrix: built-in fonts use the sparse form below
    sarabun_12_regularKernRowOffsets,
    sarabun_12_regularKernSparseCols,
    sarabun_12_regularKernSparseValues,
    238,
    275,
    61,
    69,
    sarabun_12_regularLigaturePairs,
    2,
};
