/**
 * generated by fontconvert.py
 * name: sarabun_12_bolditalic
 * size: 12
 * mode: 2-bit  compressed: true
 * Command used: fontconvert.py sarabun_12_bolditalic 12 ../builtinFonts/source/Sarabun/Sarabun-BoldItalic.ttf --2bit --compress --pnum --zopfli --additional-intervals 0x0E00,0x0E7F
 */
#pragma once
#include "EpdFontData.h"

static const uint8_t sarabun_12_bolditalicBitmaps[17673] = {
    0x95, 0x58, 0x3F, 0x90, 0xDD, 0x46, 0x19, 0xFF, 0x24, 0xE1, 0x53, 0x06, 0x0D, 0xB3, 0x29, 0x70,
    0x1A, 0xC3, 0xA8, 0x67, 0x60, 0x44, 0x41, 0x19, 0x7B, 0x37, 0xA1, 0xA0, 0x48, 0x11, 0x17, 0x7E,
    0xA1, 0xA0, 0x70, 0x0B, 0x43, 0xE1, 0x96, 0xC2, 0xB9, 0xD5, 0x90, 0x22, 0x45, 0x1A, 0xF7, 0x2E,
    0xDC, 0xD0, 0xBB, 0x49, 0x01, 0x33, 0xF6, 0x69, 0x93, 0x2B, 0x52, 0x50, 0x44, 0x99, 0x4C, 0x48,
    0xE1, 0xC2, 0xCA, 0x04, 0x3B, 0x30, 0x29, 0xB2, 0x24, 0xBA, 0x44, 0x67, 0x4B, 0xFA, 0xF8, 0xFD,
    0x66, 0xDF, 0x3D, 0xCE, 0x3E, 0x6E, 0x18, 0xDE, 0xDB, 0xEF, 0x3B, 0x3D, 0x49, 0xFB, 0xFD, 0xFF,
    0x7E, 0xBB, 0x7B, 0xC5, 0x8C, 0xEF, 0x54, 0x8C, 0x65, 0xAC, 0x62, 0x35, 0x98, 0xC1, 0xF4, 0x26,
    0xD4, 0xA1, 0x6E, 0x05, 0x9F, 0xC6, 0x75, 0xAD, 0xB6, 0xFB, 0x62, 0x4D, 0xF0, 0x35, 0xC7, 0x41,
    0xD3, 0xDE, 0x6F, 0xDC, 0x6C, 0x05, 0x43, 0xCA, 0x68, 0x82, 0x54, 0x43, 0x1D, 0xC4, 0xF4, 0xB6,
    0x95, 0x3A, 0x58, 0x27, 0x4D, 0xF0, 0x52, 0xAA, 0xEA, 0x50, 0x91, 0x5D, 0xE8, 0xDE, 0x58, 0x9C,
    0xAC, 0xF9, 0x2C, 0xB2, 0x14, 0x93, 0x64, 0x73, 0x31, 0x8A, 0xC5, 0x83, 0xC4, 0x2E, 0x1D, 0x5D,
    0x7F, 0x24, 0x55, 0xE4, 0xFC, 0xA1, 0xF9, 0x8F, 0x10, 0x11, 0xC9, 0x46, 0x91, 0x7C, 0x12, 0xF1,
    0x1A, 0x32, 0xD5, 0x58, 0xCC, 0x65, 0x5F, 0xC6, 0x4C, 0xAA, 0x11, 0x4A, 0x17, 0x91, 0x42, 0x61,
    0x9D, 0xE2, 0x79, 0xB3, 0x0A, 0xB4, 0x39, 0x91, 0x2E, 0x88, 0xD8, 0xF0, 0x23, 0x50, 0x07, 0x93,
    0x3D, 0x84, 0x37, 0xBA, 0x48, 0xAE, 0x83, 0xC8, 0x3D, 0x11, 0x99, 0x21, 0x6E, 0x91, 0x62, 0x16,
    0xA3, 0xAE, 0x8A, 0x62, 0xEF, 0x86, 0xBA, 0x97, 0x7D, 0x13, 0xA0, 0xF0, 0x9E, 0x09, 0x10, 0x32,
    0x9B, 0xF7, 0x67, 0xF0, 0xE6, 0xED, 0x08, 0x59, 0x9D, 0xE9, 0xAF, 0x89, 0x5D, 0xEC, 0xDB, 0x2A,
    0xF5, 0xA0, 0x0D, 0x94, 0xE5, 0xB3, 0x85, 0x95, 0xE5, 0x78, 0xDF, 0xD0, 0xD6, 0x19, 0xDC, 0x06,
    0xF2, 0x0E, 0x53, 0x5C, 0xB6, 0xC8, 0xDA, 0x09, 0xDC, 0xF3, 0x33, 0x1E, 0x62, 0x0A, 0x94, 0x41,
    0xA4, 0xD4, 0x4A, 0xA3, 0xEE, 0xE0, 0xE7, 0x41, 0x05, 0xB6, 0x18, 0xB0, 0x15, 0x62, 0xA4, 0xF3,
    0xB0, 0xD8, 0x2F, 0x70, 0x53, 0x23, 0xED, 0x1F, 0xBE, 0xEF, 0xEA, 0x2F, 0xA7, 0xC6, 0xD9, 0xC3,
    0xC5, 0x8A, 0x77, 0xBA, 0x82, 0x41, 0x96, 0x6F, 0x9B, 0x49, 0xEC, 0x51, 0xB7, 0x40, 0x52, 0x72,
    0xE6, 0xE7, 0x82, 0xE7, 0xF8, 0x1E, 0xC8, 0x7D, 0x99, 0xF1, 0x95, 0x3D, 0x27, 0x16, 0xF1, 0x85,
    0x7D, 0x48, 0x06, 0x95, 0x43, 0x3C, 0x22, 0x09, 0xB7, 0x3C, 0xD4, 0x70, 0x88, 0x0A, 0x9E, 0x73,
    0x28, 0x7F, 0xF2, 0xBE, 0x75, 0x7C, 0x8D, 0x26, 0xFD, 0x76, 0xFB, 0x9B, 0x73, 0x98, 0x85, 0x5E,
    0x38, 0x06, 0xF2, 0x34, 0x4E, 0x8B, 0x53, 0xA4, 0x0F, 0x5E, 0x52, 0x11, 0x6E, 0x7B, 0xE1, 0x27,
    0xFF, 0x68, 0x28, 0xBE, 0x19, 0xE4, 0x69, 0x7B, 0x51, 0xAF, 0x59, 0x9D, 0x31, 0xB2, 0x55, 0xCA,
    0x87, 0xCE, 0xBC, 0x1E, 0xF6, 0xF6, 0x60, 0x5E, 0x2B, 0x90, 0x02, 0x0A, 0x89, 0x6A, 0x52, 0x2B,
    0x9D, 0x6A, 0xAF, 0xA0, 0x8D, 0xDF, 0x38, 0x61, 0xBA, 0xF7, 0xB7, 0x74, 0x3F, 0xA5, 0xAA, 0xEC,
    0xEB, 0x58, 0x47, 0x13, 0xCB, 0x01, 0x19, 0x92, 0xCB, 0xF2, 0xA2, 0x5C, 0xDC, 0x88, 0x57, 0x8E,
    0xDA, 0xD9, 0x60, 0x43, 0x23, 0x22, 0xC9, 0x82, 0x45, 0x52, 0xA1, 0xD0, 0xAA, 0xA4, 0x4B, 0x9A,
    0xF6, 0xCC, 0xC3, 0xE2, 0xD9, 0x87, 0xF6, 0x7F, 0x3E, 0xFC, 0x1D, 0x99, 0x54, 0xC7, 0xAC, 0x40,
    0x97, 0xA9, 0x0F, 0xC5, 0x64, 0x86, 0x2A, 0xA2, 0xE0, 0x51, 0x87, 0x75, 0x28, 0x63, 0x03, 0xB2,
    0x6D, 0x15, 0xAD, 0x23, 0x99, 0x01, 0xD4, 0x5B, 0xC7, 0x0E, 0xB0, 0x6D, 0x13, 0x3A, 0x31, 0xDF,
    0x2E, 0x48, 0xEC, 0x28, 0x59, 0x07, 0x99, 0x79, 0x94, 0x26, 0x22, 0xD7, 0x85, 0x0E, 0xE5, 0xC3,
    0x61, 0x6F, 0x17, 0xD7, 0x14, 0x5A, 0x0E, 0xB7, 0xCB, 0xD7, 0x4F, 0xF4, 0x4F, 0x56, 0x47, 0xAB,
    0x51, 0x2E, 0x2D, 0x82, 0xDA, 0x0F, 0xE5, 0xEA, 0xFB, 0xA2, 0x37, 0x31, 0x73, 0x26, 0x0A, 0x93,
    0x23, 0x28, 0x5D, 0xB1, 0x2C, 0x23, 0x27, 0x39, 0xEB, 0x7F, 0xC6, 0x2D, 0x96, 0x6D, 0x90, 0x5C,
    0x71, 0x39, 0x09, 0x8A, 0x86, 0xF1, 0x52, 0x87, 0x40, 0xCB, 0x89, 0x9C, 0xE2, 0xD8, 0x0F, 0x79,
    0x38, 0x2D, 0xC3, 0x43, 0xF1, 0x22, 0x62, 0x31, 0xFF, 0x25, 0x15, 0xA1, 0x21, 0x30, 0x89, 0xF4,
    0x3D, 0x5C, 0xFF, 0x18, 0xF2, 0xFD, 0x17, 0xAB, 0x58, 0x9D, 0x64, 0x4F, 0x5B, 0x86, 0x18, 0x92,
    0x0D, 0xA5, 0x8F, 0x50, 0x16, 0xA1, 0x2C, 0x4A, 0x09, 0x32, 0x1F, 0x0E, 0x62, 0x5F, 0xEF, 0xE5,
    0xA0, 0xEE, 0xB3, 0xB9, 0x0E, 0x05, 0x62, 0x63, 0x98, 0x23, 0x85, 0x1B, 0x89, 0x62, 0xCA, 0x47,
    0x07, 0x52, 0x0C, 0x08, 0xC4, 0xFD, 0x6C, 0xD9, 0x5C, 0x25, 0x2E, 0x14, 0x13, 0x88, 0x7D, 0xFD,
    0xDD, 0x24, 0x15, 0x6C, 0x36, 0xC7, 0x5D, 0x30, 0x7D, 0x13, 0x68, 0x23, 0x68, 0x67, 0xCF, 0x65,
    0xCC, 0xEF, 0x6E, 0x2F, 0x82, 0xE8, 0xC0, 0x1E, 0x27, 0xF8, 0xBC, 0x08, 0xE7, 0x06, 0x08, 0x1C,
    0x30, 0xF1, 0x96, 0x34, 0x34, 0xAB, 0x4D, 0x21, 0x81, 0x0A, 0xA3, 0x2A, 0x35, 0x64, 0x35, 0x43,
    0x03, 0x6B, 0x6A, 0x60, 0x0B, 0xB3, 0x83, 0xEB, 0x96, 0x15, 0xE4, 0x5D, 0xFD, 0xED, 0x8A, 0x69,
    0x13, 0x33, 0x44, 0x34, 0x0A, 0xA0, 0xF6, 0xE2, 0x46, 0xB7, 0x31, 0xA5, 0xAB, 0x31, 0x85, 0x19,
    0x61, 0xA2, 0xD9, 0xE8, 0x72, 0x49, 0xF6, 0xA6, 0x62, 0xAB, 0x4E, 0x45, 0x92, 0xD6, 0x92, 0x18,
    0x6B, 0xE9, 0x34, 0xE4, 0xEB, 0x8D, 0x01, 0x15, 0x83, 0x7A, 0xA9, 0x40, 0x06, 0xD7, 0x4D, 0xC8,
    0x95, 0x95, 0x04, 0x9D, 0xC7, 0x1D, 0xAC, 0x68, 0x02, 0xAB, 0xC5, 0x83, 0x3A, 0x42, 0x66, 0xEB,
    0x5B, 0xFB, 0x58, 0x61, 0xF3, 0x2C, 0x39, 0x5C, 0xA1, 0x2F, 0xF9, 0xF6, 0xDD, 0xBA, 0xA7, 0xFD,
    0xB4, 0xFD, 0x94, 0xFD, 0x1F, 0x69, 0x5B, 0x43, 0x5E, 0xC9, 0xFC, 0xFE, 0x7A, 0x49, 0x69, 0xF1,
    0x03, 0xFC, 0x46, 0x73, 0xD1, 0x84, 0x3E, 0x95, 0x70, 0x1E, 0xAB, 0xB1, 0x1A, 0xCB, 0x41, 0x76,
    0x9F, 0x5D, 0xFF, 0xDC, 0xCB, 0x97, 0x7C, 0xC9, 0xA6, 0x93, 0xFB, 0xAC, 0xAE, 0x3A, 0x36, 0x6C,
    0xBA, 0x9E, 0x4D, 0xF7, 0x32, 0x83, 0x2B, 0xF2, 0xC3, 0x04, 0xC5, 0x28, 0xAF, 0x4C, 0x5B, 0x96,
    0x16, 0xFF, 0x34, 0x54, 0x46, 0x68, 0x23, 0x78, 0xAD, 0x92, 0xD4, 0x19, 0xC2, 0x19, 0xD3, 0xD2,
    0x50, 0x2F, 0xA3, 0x3F, 0x81, 0xC6, 0x0B, 0x9B, 0xCD, 0x55, 0xD9, 0x7E, 0x2E, 0xE2, 0x1A, 0x51,
    0x1E, 0x40, 0x7D, 0x26, 0x6C, 0x73, 0x91, 0x0A, 0xB2, 0x72, 0xC8, 0xA4, 0xC7, 0x30, 0x5F, 0xE8,
    0x46, 0x0A, 0x7D, 0x87, 0xAC, 0xAE, 0xE9, 0x0F, 0x44, 0x7B, 0xBC, 0xFB, 0xA6, 0x88, 0x20, 0x36,
    0xCC, 0x7E, 0xA3, 0xB1, 0xBB, 0x33, 0xFE, 0xA1, 0x98, 0x5E, 0x2C, 0xC6, 0x84, 0x7C, 0x4C, 0x55,
    0x77, 0x82, 0x83, 0x3D, 0xD1, 0x06, 0x1F, 0x03, 0x63, 0x03, 0x9F, 0xD4, 0xAC, 0x97, 0x1B, 0xC7,
    0xC2, 0x0A, 0x43, 0xBA, 0xFF, 0x79, 0x37, 0xCA, 0x7A, 0x21, 0xC7, 0xA2, 0xD7, 0xF5, 0x73, 0x75,
    0xA8, 0xF1, 0x66, 0xFD, 0xAB, 0x36, 0x5E, 0x86, 0xE9, 0xF1, 0xF2, 0x65, 0x34, 0xEA, 0xCB, 0x37,
    0x2B, 0xDC, 0xBB, 0x59, 0x67, 0xF1, 0xCF, 0xF7, 0xAE, 0xE4, 0x9F, 0xC5, 0x9B, 0x57, 0xCA, 0xEF,
    0x86, 0x37, 0xEB, 0x55, 0x5B, 0xBB, 0x37, 0xFC, 0x25, 0xA5, 0xDA, 0x3C, 0xF9, 0x7D, 0x90, 0x42,
    0x35, 0x24, 0xC1, 0xA9, 0x7D, 0x18, 0x16, 0xDC, 0xC9, 0x94, 0x8F, 0x7A, 0x29, 0x9F, 0xC2, 0x92,
    0x2F, 0x07, 0xA9, 0x3F, 0x88, 0x62, 0xB1, 0xB4, 0xF8, 0x02, 0x7A, 0x8B, 0x91, 0xCB, 0x20, 0x66,
    0x4E, 0x48, 0xDF, 0x6C, 0x40, 0x6C, 0x1C, 0x18, 0xB9, 0x78, 0x27, 0x4B, 0x86, 0xB4, 0xE6, 0x5C,
    0xF2, 0x96, 0x1B, 0x13, 0x56, 0x65, 0xBE, 0x39, 0x97, 0x63, 0x31, 0xB1, 0x94, 0xAA, 0xA3, 0x1B,
    0x3D, 0xCB, 0x1A, 0x14, 0xCC, 0x00, 0x8C, 0xEC, 0xAB, 0x2D, 0x18, 0x01, 0x84, 0x70, 0xC7, 0x7E,
    0xD2, 0xB1, 0x8C, 0x9D, 0xE7, 0xD2, 0xC8, 0x5A, 0xF0, 0x3A, 0xE6, 0x7A, 0x7B, 0x46, 0x90, 0xDF,
    0xAD, 0x07, 0x56, 0x33, 0xC8, 0x9D, 0x34, 0x62, 0xA2, 0x75, 0x4B, 0x2A, 0xBC, 0x9F, 0xC1, 0x8B,
    0xAA, 0x6D, 0xD0, 0x36, 0x08, 0x14, 0x6E, 0xFC, 0x9D, 0xD0, 0xD1, 0x26, 0x7B, 0x7E, 0x83, 0x5D,
    0x42, 0xB6, 0x20, 0xDE, 0x6B, 0x39, 0x8A, 0x22, 0xCC, 0x5D, 0x15, 0x45, 0x0D, 0x3C, 0x42, 0xF4,
    0x49, 0xCB, 0x16, 0x00, 0x66, 0x80, 0xE3, 0x88, 0x92, 0x8D, 0xC9, 0x9E, 0x15, 0x66, 0x0C, 0x94,
    0x33, 0xE7, 0xA0, 0x62, 0xD9, 0x5C, 0xDB, 0xB5, 0x3C, 0x89, 0xAD, 0x74, 0xB4, 0x71, 0x86, 0x3E,
    0x91, 0xFA, 0xD3, 0x8D, 0xBF, 0xB5, 0xF9, 0x93, 0x8D, 0x63, 0x7B, 0x12, 0xD2, 0x20, 0x67, 0x39,
    0x57, 0x0E, 0x08, 0x32, 0x7A, 0x43, 0x39, 0x8F, 0x36, 0xEE, 0x8C, 0x9C, 0x36, 0xF9, 0xEF, 0x41,
    0x69, 0x6F, 0xD0, 0x28, 0x4B, 0xEC, 0xB1, 0xB2, 0xE9, 0x7F, 0xC6, 0xAE, 0x87, 0x80, 0xDD, 0x72,
    0xC0, 0x69, 0x98, 0xA7, 0x2B, 0x26, 0xEA, 0x02, 0xF6, 0xC6, 0x0C, 0x96, 0x9F, 0xB0, 0x00, 0xF5,
    0x75, 0x0F, 0x66, 0x8E, 0xEF, 0x8E, 0x52, 0x24, 0x98, 0xFB, 0x02, 0x9D, 0x32, 0x63, 0x7A, 0x3E,
    0xF3, 0x19, 0x18, 0xDF, 0x6A, 0x02, 0xB7, 0x3D, 0x08, 0x0A, 0x66, 0xC2, 0x4E, 0xEB, 0x2A, 0x25,
    0xD0, 0x81, 0x49, 0x62, 0xBD, 0x28, 0x9D, 0x5E, 0x69, 0xED, 0x82, 0xD7, 0x33, 0x68, 0x0B, 0x3B,
    0x45, 0x0E, 0x72, 0xBC, 0x83, 0x9C, 0x62, 0xDA, 0xED, 0xD3, 0x00, 0x2A, 0xF8, 0xF6, 0x75, 0x68,
    0xF0, 0x05, 0x24, 0x38, 0xEF, 0xBC, 0x74, 0x10, 0x93, 0x40, 0xE9, 0x7C, 0xCF, 0x4F, 0x43, 0x71,
    0xCA, 0xFC, 0x22, 0x34, 0xF9, 0x05, 0x28, 0xB1, 0x37, 0xA2, 0x78, 0xED, 0xD9, 0x77, 0xBC, 0xE5,
    0x61, 0x42, 0x86, 0xD0, 0xCC, 0x78, 0x44, 0x34, 0x03, 0xB3, 0xDC, 0x04, 0x61, 0x62, 0xF9, 0xCD,
    0x2C, 0x42, 0xF4, 0x24, 0x64, 0x91, 0x2D, 0x60, 0x8B, 0x42, 0xE9, 0xD8, 0x51, 0x3B, 0xF4, 0x11,
    0xB5, 0x84, 0xC0, 0x0B, 0xE5, 0x98, 0xCB, 0x85, 0x32, 0x79, 0x01, 0xC9, 0x09, 0x48, 0x49, 0x13,
    0xE9, 0xB9, 0x0C, 0x92, 0x06, 0xD0, 0xD9, 0x4A, 0xD8, 0x01, 0xB5, 0x07, 0x11, 0x90, 0xBB, 0x96,
    0x68, 0xAD, 0x0E, 0x3C, 0x57, 0x29, 0x4E, 0x46, 0xA5, 0xDC, 0x15, 0x9A, 0x95, 0xBC, 0x21, 0xCC,
    0xB7, 0x76, 0x81, 0x91, 0xE1, 0x60, 0x46, 0x3B, 0x86, 0x27, 0xE0, 0x0F, 0xDE, 0xFF, 0x1A, 0xC9,
    0xF9, 0xF4, 0xE3, 0xCF, 0x91, 0xC3, 0xC3, 0x07, 0x87, 0xC8, 0xD1, 0xE1, 0x57, 0x6F, 0x21, 0x3F,
    0x87, 0xCA, 0x04, 0xFD, 0x71, 0xAD, 0xC0, 0x5F, 0x99, 0x69, 0x72, 0x36, 0xC1, 0x18, 0xE8, 0x32,
    0x43, 0xCE, 0x4C, 0x41, 0x7A, 0x0D, 0xD6, 0x22, 0xB1, 0x1A, 0x50, 0xE8, 0xDA, 0x23, 0xB1, 0x4F,
    0xB9, 0x17, 0xF8, 0x66, 0xB4, 0xCE, 0x7C, 0x3D, 0x7B, 0x67, 0x3E, 0x9B, 0x3D, 0xDE, 0x5C, 0x3B,
    0xBC, 0xE9, 0x95, 0x3B, 0xDA, 0x55, 0x90, 0x26, 0xE6, 0xD4, 0x80, 0xB5, 0x15, 0x73, 0x5A, 0xCE,
    0x8C, 0x06, 0xA3, 0xB8, 0xB2, 0x23, 0x75, 0x80, 0x03, 0xD7, 0x27, 0xA9, 0xC6, 0x7C, 0xA1, 0xD7,
    0x9A, 0xF0, 0xCC, 0x3A, 0xB0, 0x4E, 0x30, 0x74, 0xC7, 0x56, 0xC1, 0x00, 0x5B, 0x84, 0xB9, 0xC1,
    0x0D, 0xD6, 0x15, 0x17, 0xF6, 0xE6, 0xA8, 0x0B, 0x52, 0xB1, 0xA2, 0x89, 0x9A, 0x82, 0xC5, 0x66,
    0x8B, 0x24, 0xD7, 0xB7, 0x48, 0x92, 0xCF, 0x25, 0x29, 0x16, 0x13, 0x96, 0xA5, 0x91, 0x80, 0x9F,
    0xBA, 0x0E, 0x75, 0xF7, 0xC8, 0x9D, 0x57, 0x2F, 0xFF, 0x9F, 0x85, 0xCC, 0x46, 0xB2, 0x50, 0x19,
    0x34, 0x65, 0x96, 0x3B, 0x57, 0x8D, 0xE2, 0xFB, 0x06, 0x16, 0xAA, 0x6E, 0x2D, 0xCC, 0x20, 0x8E,
    0xDB, 0xF7, 0xAB, 0x04, 0x2A, 0x5E, 0x5E, 0x0A, 0x09, 0x6A, 0xCE, 0x35, 0xB8, 0x1A, 0xCD, 0x91,
    0x67, 0x6B, 0x3B, 0x43, 0x83, 0xFB, 0x4E, 0x4E, 0xAD, 0x87, 0xE0, 0x5C, 0x51, 0x11, 0x6F, 0x57,
    0x0F, 0x72, 0x69, 0xA5, 0xBD, 0x3D, 0x56, 0xE1, 0x08, 0xF8, 0x74, 0x2C, 0xAC, 0x6A, 0x4A, 0xCB,
    0x4B, 0x41, 0x65, 0x2C, 0x59, 0xAB, 0xC2, 0xBA, 0x20, 0x5C, 0xD3, 0xE5, 0x17, 0xE0, 0xF2, 0x15,
    0x38, 0x43, 0x2C, 0x68, 0xF0, 0x7C, 0x8F, 0x1B, 0x0A, 0xD5, 0xC5, 0xAA, 0xCE, 0x17, 0xAF, 0x1F,
    0x5D, 0x3B, 0xBF, 0xAB, 0xDA, 0xF3, 0xBB, 0x8A, 0xC4, 0x0C, 0x47, 0xE9, 0x58, 0xD5, 0x4A, 0x21,
    0x2B, 0xEB, 0x9A, 0x01, 0xCC, 0xC0, 0xD8, 0xE3, 0x0D, 0x19, 0xC1, 0x04, 0xA2, 0xC8, 0x5C, 0x81,
    0x60, 0xD1, 0x66, 0xBF, 0x9B, 0xC8, 0x4D, 0x80, 0xF8, 0xE0, 0x03, 0xEB, 0x3F, 0x75, 0x5B, 0xDA,
    0x26, 0x00, 0xB0, 0x57, 0x8F, 0x10, 0x63, 0xD2, 0xC4, 0x06, 0x43, 0xA7, 0xF5, 0x4D, 0x7B, 0xB2,
    0xBB, 0xC0, 0xDC, 0xB0, 0x08, 0x0F, 0x36, 0xE6, 0xE3, 0x51, 0xAA, 0x4F, 0xA3, 0x54, 0x5F, 0xF5,
    0x88, 0x02, 0xD7, 0x26, 0x07, 0x12, 0x29, 0x28, 0x68, 0xA6, 0x03, 0x8C, 0x22, 0x20, 0xA4, 0xB5,
    0xAD, 0x77, 0xDA, 0x76, 0xCE, 0xBF, 0xA2, 0x41, 0xC5, 0xBF, 0xAA, 0x61, 0x15, 0xFB, 0x4B, 0x7D,
    0x0F, 0x26, 0xBE, 0xF6, 0xE0, 0x10, 0xFC, 0xF5, 0xBF, 0x1E, 0xA2, 0xDC, 0xAE, 0xBF, 0xC3, 0x15,
    0xCD, 0x96, 0xDC, 0xFA, 0xF9, 0xF2, 0x21, 0x0C, 0x5B, 0x28, 0xD7, 0xCE, 0x25, 0x24, 0xDB, 0x89,
    0xB2, 0x6D, 0x2C, 0x56, 0xF0, 0x81, 0x3A, 0x2C, 0xA1, 0x30, 0x39, 0x29, 0x0C, 0x43, 0xA4, 0x46,
    0x02, 0x43, 0xD7, 0x4A, 0xF3, 0x1E, 0x5D, 0xFA, 0x7C, 0x06, 0xD3, 0x71, 0x5B, 0x0D, 0xE8, 0x2F,
    0x7A, 0x28, 0xBC, 0x12, 0xE6, 0xC9, 0x6D, 0x4F, 0x53, 0xFE, 0x61, 0x0F, 0x01, 0x66, 0x80, 0xE5,
    0x55, 0x44, 0x52, 0x09, 0xC1, 0x91, 0xC8, 0x45, 0xC8, 0x64, 0x3F, 0xA1, 0xBB, 0xB8, 0xF4, 0x0C,
    0x75, 0xCF, 0x05, 0xB1, 0x93, 0xEA, 0x5F, 0x0B, 0x76, 0x96, 0x33, 0xE4, 0x44, 0x08, 0xEC, 0xB9,
    0x7F, 0x79, 0x3E, 0x47, 0x67, 0x00, 0x49, 0x14, 0x85, 0x98, 0xD8, 0xE6, 0x0D, 0x95, 0xF4, 0x40,
    0xCC, 0x08, 0xD6, 0x0C, 0x4C, 0x73, 0x10, 0xC8, 0x11, 0x86, 0xEF, 0x99, 0xFB, 0xFE, 0xD9, 0xFB,
    0x94, 0xD4, 0x1C, 0x61, 0xFB, 0xC3, 0x5D, 0xB0, 0x78, 0xAE, 0x0F, 0x82, 0x0B, 0x8D, 0xD9, 0x7A,
    0x15, 0x2A, 0x73, 0x82, 0x2A, 0x47, 0xDA, 0xC1, 0x54, 0x1C, 0x62, 0x86, 0x67, 0x0F, 0x5E, 0xE9,
    0x80, 0x30, 0x8B, 0x9F, 0xE5, 0xE2, 0xB5, 0x93, 0xB3, 0x5A, 0xCB, 0xA7, 0x86, 0x27, 0x38, 0x4E,
    0x2C, 0x22, 0x25, 0xD0, 0x07, 0x0C, 0x28, 0xE6, 0x4B, 0x27, 0xEF, 0x99, 0x00, 0x59, 0x7C, 0x2F,
    0xBF, 0x45, 0xBD, 0xB0, 0xE0, 0xFA, 0x90, 0x74, 0x50, 0x44, 0xFD, 0xDF, 0x4F, 0x20, 0x09, 0x5B,
    0x30, 0x32, 0xEA, 0xE5, 0xD8, 0x5C, 0x13, 0x91, 0x6D, 0x80, 0x4A, 0x22, 0x3D, 0xDE, 0x68, 0xA8,
    0xA7, 0x71, 0x32, 0xD7, 0x2D, 0x10, 0x32, 0x14, 0xD1, 0x84, 0xAA, 0xAF, 0xB0, 0x20, 0x95, 0x83,
    0x85, 0x4D, 0x17, 0xB9, 0xD5, 0x1B, 0xBC, 0xE2, 0x47, 0xED, 0x4C, 0x5B, 0x85, 0xA2, 0x17, 0xFF,
    0xF1, 0x50, 0xE8, 0xD3, 0x01, 0x1B, 0x7C, 0xBC, 0x96, 0x4A, 0x14, 0x4F, 0x83, 0x87, 0xA5, 0x89,
    0x2C, 0xD7, 0x30, 0xB1, 0x0F, 0x14, 0xC9, 0x06, 0xAC, 0x1D, 0xEF, 0x4B, 0x9E, 0x56, 0x78, 0x08,
    0x24, 0x6D, 0xD7, 0x88, 0xC7, 0x8B, 0x70, 0x1B, 0x67, 0x56, 0x1F, 0xD2, 0x1A, 0x08, 0x62, 0xE1,
    0xF3, 0x08, 0xE6, 0x4C, 0xB0, 0x90, 0xC5, 0x32, 0xF6, 0x4F, 0x56, 0x39, 0xD0, 0x49, 0xE6, 0xA6,
    0xDF, 0x6E, 0xA8, 0x75, 0xBB, 0xA1, 0xFE, 0x41, 0xEA, 0x5C, 0xA6, 0xEC, 0x34, 0xB9, 0x5F, 0x88,
    0x7D, 0x3C, 0xB3, 0x0C, 0xD3, 0x96, 0x54, 0xB2, 0x49, 0x9E, 0xB7, 0xC0, 0x7F, 0x1A, 0x0B, 0xD5,
    0x13, 0x1F, 0xFA, 0x53, 0x3E, 0x84, 0xF3, 0x7C, 0xA0, 0xEE, 0x93, 0x8D, 0xBF, 0x09, 0x98, 0x05,
    0xBE, 0x5B, 0xC7, 0x36, 0x1B, 0xBC, 0xCF, 0x74, 0xFD, 0x14, 0xBA, 0xB9, 0x46, 0x4D, 0x49, 0x77,
    0x33, 0x64, 0x04, 0xC2, 0x5B, 0x70, 0xB8, 0x1C, 0x78, 0xA4, 0xC0, 0x84, 0xEB, 0x8F, 0x30, 0x53,
    0x6A, 0x8C, 0x16, 0xAA, 0x98, 0x32, 0x2B, 0x1C, 0x10, 0x70, 0x90, 0xCE, 0xCE, 0xF5, 0x38, 0x89,
    0xAE, 0x63, 0xB1, 0xDE, 0xE0, 0x2E, 0x21, 0x9A, 0xA1, 0x44, 0x5A, 0x78, 0x60, 0xAD, 0x06, 0x50,
    0x8A, 0x14, 0x22, 0x6F, 0x8E, 0x35, 0x94, 0x10, 0x98, 0x75, 0x77, 0xA8, 0xCA, 0xA5, 0x58, 0xAC,
    0xD2, 0xDC, 0x46, 0xBA, 0x79, 0xF2, 0x5C, 0x9D, 0xE4, 0xF4, 0x99, 0x94, 0xA2, 0x4E, 0x2B, 0xA4,
    0xFA, 0x1B, 0x2C, 0x7C, 0x2E, 0xF2, 0x4D, 0x6B, 0x92, 0x47, 0x84, 0xE3, 0x94, 0x49, 0xB7, 0x0F,
    0xDB, 0x0E, 0x20, 0x73, 0x01, 0x09, 0x81, 0x7C, 0xCE, 0x28, 0x29, 0xC2, 0xA6, 0xA1, 0xC2, 0x3C,
    0x13, 0x18, 0x07, 0x00, 0x95, 0xB3, 0xCE, 0x0A, 0x75, 0xDF, 0x63, 0x23, 0xE6, 0x8B, 0x08, 0x9B,
    0x86, 0xBA, 0x0B, 0x8C, 0xC8, 0xC1, 0xD6, 0x18, 0xA4, 0xEA, 0xD3, 0xA6, 0x9E, 0x83, 0x65, 0xDB,
    0xD2, 0xEA, 0x14, 0x00, 0x2F, 0x2F, 0x2D, 0xC2, 0x3A, 0xED, 0xCF, 0x56, 0x0B, 0x6D, 0x1E, 0x9A,
    0xDE, 0xF4, 0x2A, 0x06, 0xE0, 0x65, 0x1E, 0x46, 0x64, 0xA5, 0x05, 0x41, 0x84, 0xF6, 0x62, 0x1F,
    0x0E, 0x62, 0xB9, 0xDE, 0xA3, 0x0B, 0x7D, 0x36, 0x23, 0x8A, 0x0B, 0xBE, 0x1D, 0xE4, 0xF0, 0x68,
    0x50, 0xC4, 0x64, 0xF1, 0x19, 0x7B, 0xAF, 0xD9, 0xA9, 0x1E, 0xCC, 0x07, 0x53, 0x35, 0x8A, 0xF9,
    0x4A, 0xFD, 0x2A, 0x88, 0xE7, 0x13, 0x15, 0x42, 0x8E, 0x67, 0x14, 0x5A, 0xC6, 0x81, 0x6F, 0x92,
    0xBC, 0xD0, 0x43, 0x46, 0x63, 0x1F, 0x29, 0xF2, 0x42, 0x1D, 0xBC, 0x82, 0x36, 0xD0, 0x8C, 0x5F,
    0x73, 0x36, 0x03, 0xA4, 0x17, 0x58, 0xC7, 0x2D, 0x4B, 0x47, 0xF0, 0x82, 0x36, 0x03, 0x7D, 0xDB,
    0x43, 0x1F, 0xA5, 0xB1, 0xAE, 0x40, 0xFB, 0x94, 0x05, 0x29, 0x94, 0xC1, 0x73, 0x58, 0xC6, 0x43,
    0xE0, 0xD2, 0x05, 0xD8, 0x38, 0x34, 0xFC, 0x77, 0x84, 0x94, 0xA0, 0x6A, 0xF0, 0x62, 0x48, 0xE9,
    0xDF, 0x11, 0xDB, 0x83, 0x65, 0x86, 0x15, 0x23, 0x3F, 0x52, 0x57, 0x3C, 0xD5, 0xBE, 0xD0, 0x3B,
    0x31, 0xED, 0x25, 0x8B, 0xB1, 0x1A, 0x12, 0x99, 0x1E, 0x4D, 0xDC, 0xA3, 0x62, 0x98, 0x59, 0xC8,
    0x6C, 0x54, 0xA5, 0x79, 0x6D, 0x12, 0x9B, 0xEA, 0x63, 0xD7, 0x2F, 0x07, 0xA0, 0x05, 0x84, 0x7E,
    0x8E, 0xBB, 0x7E, 0xC6, 0xD7, 0xB6, 0xAC, 0x02, 0xD0, 0xAE, 0xA7, 0xE9, 0x7F, 0xE7, 0xEC, 0x97,
    0xEC, 0x05, 0x45, 0x7A, 0xF7, 0x4F, 0xCD, 0x9E, 0x13, 0x65, 0xA4, 0x49, 0xAA, 0x8F, 0x26, 0xF3,
    0x70, 0x32, 0x7A, 0xCB, 0xCC, 0x52, 0x47, 0x08, 0x78, 0xBE, 0xC0, 0xF7, 0xD3, 0xCC, 0x1B, 0x43,
    0xAE, 0x4B, 0x79, 0x7C, 0x8F, 0xD0, 0x37, 0x0A, 0x97, 0xB1, 0x8E, 0xCB, 0x00, 0xC4, 0x5C, 0xC8,
    0xE6, 0xE6, 0xF6, 0x58, 0xEB, 0xB0, 0x87, 0xE2, 0x85, 0xCC, 0x77, 0x77, 0x25, 0xC4, 0xAD, 0x80,
    0x6A, 0xCF, 0xEE, 0xE9, 0x53, 0xFD, 0x9C, 0x92, 0x8F, 0xF1, 0x18, 0xD6, 0x11, 0xD6, 0xE8, 0xBB,
    0x09, 0xC8, 0x77, 0xD8, 0x61, 0xCA, 0x99, 0x1C, 0x58, 0xA7, 0x5B, 0x7F, 0xBC, 0x94, 0x13, 0x72,
    0x4A, 0x3F, 0x77, 0x19, 0x9E, 0xA5, 0x79, 0x75, 0x92, 0xFA, 0xAD, 0x28, 0xE6, 0x1D, 0xA8, 0xFA,
    0x30, 0xA0, 0x3E, 0x9C, 0x54, 0xDC, 0x2F, 0x9F, 0xEC, 0x75, 0x23, 0xFC, 0x40, 0xA8, 0xC3, 0x7E,
    0x31, 0x22, 0x4A, 0xD5, 0x84, 0xB4, 0x1A, 0xC8, 0xB1, 0xCD, 0x3D, 0x08, 0xB8, 0x72, 0x73, 0x16,
    0x7B, 0xF3, 0x4D, 0x84, 0x7C, 0xDA, 0x1F, 0xC5, 0x46, 0x1B, 0xC9, 0x06, 0xB1, 0xA8, 0x2C, 0xE1,
    0x4E, 0x47, 0x58, 0x81, 0x82, 0x74, 0x45, 0x1E, 0xB4, 0x64, 0xC1, 0x8F, 0x03, 0x2E, 0xB2, 0x90,
    0xDC, 0xC4, 0xB4, 0x3F, 0xB1, 0x69, 0x95, 0x29, 0x8E, 0x67, 0xA9, 0xE2, 0x22, 0xDC, 0x05, 0x78,
    0x4C, 0xCA, 0x66, 0x7E, 0x61, 0xC2, 0x0C, 0x13, 0x16, 0x84, 0x8F, 0xFF, 0xC9, 0xDC, 0x67, 0x13,
    0x31, 0xC4, 0xF7, 0x31, 0x7F, 0x06, 0xA5, 0xA3, 0xBE, 0x98, 0xED, 0x3E, 0x07, 0x8F, 0x32, 0x88,
    0xEF, 0x26, 0xD0, 0x90, 0xFE, 0xA3, 0x50, 0xE8, 0x16, 0x3A, 0x36, 0x5D, 0x4A, 0x64, 0x31, 0xA6,
    0xF7, 0x89, 0xA8, 0x6B, 0x82, 0xCB, 0x2A, 0x42, 0xD4, 0xA3, 0x8D, 0x78, 0x5D, 0x11, 0xFB, 0x85,
    0x37, 0x68, 0x96, 0x5E, 0x95, 0x99, 0xF9, 0xCE, 0x31, 0x4E, 0x16, 0xBE, 0x7A, 0x10, 0x7A, 0x85,
    0x60, 0x9D, 0x59, 0x97, 0x9A, 0x7F, 0x88, 0x99, 0x10, 0x64, 0xE6, 0x9E, 0x4D, 0x33, 0xB3, 0x51,
    0x9E, 0xED, 0xCC, 0xAA, 0x7F, 0xBE, 0x37, 0x89, 0x22, 0xEA, 0x32, 0x9F, 0x00, 0xF2, 0x24, 0xC5,
    0x5E, 0x38, 0xA8, 0x28, 0x48, 0xD7, 0xCA, 0xF2, 0xBC, 0x15, 0x97, 0x50, 0x23, 0xBD, 0xB0, 0x6E,
    0x5C, 0xE6, 0xCC, 0x5C, 0xF5, 0x56, 0xEF, 0x86, 0x83, 0x5A, 0xDD, 0x0C, 0x48, 0xFA, 0x37, 0xBD,
    0x98, 0x01, 0xA4, 0x26, 0x49, 0x7E, 0xC0, 0x7F, 0xDD, 0x7D, 0x33, 0x7D, 0xAE, 0xB2, 0x5B, 0x27,
    0x76, 0x22, 0x77, 0x3B, 0xB9, 0x0A, 0x82, 0x4B, 0xCC, 0x4C, 0x05, 0x8B, 0xC1, 0xBC, 0xAF, 0xEA,
    0x6E, 0x70, 0x88, 0xE4, 0x06, 0xFB, 0xC0, 0x62, 0x83, 0x85, 0x08, 0xDE, 0x85, 0xC3, 0xE1, 0xBD,
    0xD7, 0x95, 0x1D, 0x2C, 0x16, 0x5E, 0x70, 0x60, 0xB1, 0x2B, 0x02, 0x08, 0xBB, 0x89, 0xC5, 0x4A,
    0xDE, 0xBC, 0xAE, 0xD9, 0xC1, 0x60, 0x91, 0x96, 0xB5, 0x39, 0x04, 0xE9, 0x64, 0x33, 0x13, 0x2C,
    0xB6, 0x92, 0xEB, 0xBD, 0xEB, 0xB7, 0xDB, 0xDD, 0xFF, 0x74, 0xBD, 0x79, 0xF6, 0xED, 0x65, 0x0F,
    0xC9, 0xCB, 0xDC, 0x4C, 0xD5, 0xEF, 0xCF, 0xBC, 0xCF, 0xF7, 0xFB, 0x97, 0xAE, 0xFF, 0x57, 0x55,
    0x5D, 0xC5, 0x58, 0xCD, 0xF5, 0x54, 0x0E, 0x50, 0x27, 0xD5, 0xAB, 0x5E, 0x77, 0x3A, 0x9A, 0x68,
    0xA3, 0x8B, 0x2E, 0x38, 0xDF, 0xF8, 0x16, 0x8A, 0x1E, 0xCA, 0x0E, 0x54, 0x0F, 0xED, 0x42, 0x25,
    0x12, 0xF4, 0x60, 0xBC, 0x89, 0x5F, 0xC1, 0x06, 0x70, 0x7E, 0x85, 0x53, 0xFC, 0xD7, 0x71, 0xDD,
    0x21, 0x46, 0x26, 0x6A, 0x49, 0xB0, 0x07, 0xDC, 0x00, 0x7E, 0x04, 0x14, 0x6D, 0x40, 0x49, 0xC2,
    0x3E, 0xEC, 0x71, 0xDE, 0xD3, 0x00, 0x2D, 0x70, 0xF4, 0x08, 0x2D, 0xCB, 0xCA, 0xCC, 0x05, 0x79,
    0x1E, 0x16, 0x60, 0x86, 0x72, 0x82, 0x7A, 0x00, 0xFB, 0x60, 0x9B, 0x56, 0x16, 0x44, 0x66, 0x08,
    0xCF, 0x7F, 0x95, 0xFA, 0x63, 0x39, 0xA2, 0x16, 0x59, 0xC8, 0xC3, 0x47, 0xA5, 0x62, 0x42, 0x47,
    0x26, 0x4C, 0x60, 0xC2, 0x7A, 0x26, 0x9C, 0x2F, 0x26, 0x6C, 0xA8, 0x06, 0x4C, 0x54, 0x09, 0x73,
    0xDC, 0xF6, 0x34, 0x22, 0x89, 0xAD, 0xE6, 0xC3, 0x0E, 0x00, 0x4C, 0x87, 0xA0, 0x53, 0x39, 0xA3,
    0x52, 0x35, 0x51, 0x0F, 0x3A, 0x51, 0x4D, 0xB6, 0xA3, 0x9C, 0x5C, 0x80, 0x59, 0x80, 0x9C, 0xD1,
    0x8A, 0xF4, 0xB8, 0x1C, 0x2E, 0x35, 0x1F, 0x78, 0x70, 0x91, 0xAC, 0x8A, 0xB4, 0x39, 0x6C, 0xB7,
    0x3F, 0xF6, 0xD0, 0x00, 0xB4, 0x00, 0x02, 0xB0, 0xCF, 0x11, 0x33, 0x13, 0x53, 0x31, 0x15, 0x63,
    0x39, 0x56, 0x43, 0x95, 0x00, 0x54, 0xAF, 0xBA, 0xFC, 0x88, 0x4F, 0x1E, 0x72, 0xB0, 0xDE, 0x79,
    0x07, 0x17, 0x25, 0xE0, 0x24, 0x21, 0xAF, 0x0D, 0xC5, 0x4C, 0x28, 0x27, 0x28, 0x04, 0x90, 0x9E,
    0x52, 0x16, 0xAA, 0x9F, 0x49, 0xAC, 0x93, 0xEB, 0xEA, 0x49, 0xF5, 0x95, 0xBC, 0xD2, 0xD3, 0x4A,
    0x44, 0x89, 0x07, 0x09, 0xE0, 0xE2, 0x45, 0x5C, 0x30, 0xA1, 0xF5, 0x56, 0x66, 0x94, 0x0C, 0x70,
    0x09, 0xB6, 0x54, 0x38, 0x32, 0x71, 0x57, 0x7B, 0xB8, 0xB4, 0x52, 0xCB, 0x0C, 0x4E, 0x24, 0x14,
    0x8B, 0xB7, 0x5D, 0x95, 0x9A, 0x9B, 0x49, 0xBF, 0x2B, 0xFD, 0x60, 0xD5, 0xC3, 0x7E, 0xDC, 0xD2,
    0xDE, 0x1F, 0xEE, 0x5A, 0xD8, 0x3D, 0xDC, 0xC0, 0x3B, 0xEF, 0x6C, 0xE5, 0xB0, 0x81, 0xE1, 0x1D,
    0x57, 0x7F, 0x37, 0xED, 0x1A, 0xF9, 0x5E, 0xB7, 0x51, 0x73, 0x1E, 0xEF, 0xAD, 0x16, 0xFD, 0xE9,
    0x9F, 0x4E, 0x54, 0x22, 0x3D, 0xEC, 0x1C, 0x43, 0x39, 0xA3, 0xC5, 0x3F, 0xFD, 0x62, 0x40, 0x07,
    0x25, 0x7E, 0x63, 0xB8, 0x61, 0xD8, 0x73, 0x58, 0x01, 0xC0, 0xDD, 0x1C, 0x58, 0x74, 0x57, 0x8D,
    0xCE, 0xAB, 0x7E, 0xC1, 0xDE, 0x1B, 0x71, 0xB7, 0x07, 0xCC, 0xDD, 0x3C, 0x65, 0x0B, 0xD5, 0xD0,
    0x50, 0x4E, 0x36, 0x5C, 0xDA, 0xDE, 0xBE, 0x95, 0xA7, 0xA6, 0x5D, 0x01, 0xD5, 0xAF, 0x74, 0xA0,
    0x23, 0xA7, 0x5C, 0xDA, 0xA6, 0x91, 0xDC, 0x69, 0x43, 0xFD, 0x17, 0xC3, 0x65, 0x6E, 0x3C, 0x27,
    0x97, 0xFF, 0xE6, 0xFE, 0x53, 0xFF, 0xB6, 0xFC, 0xDA, 0xFB, 0x7F, 0x7D, 0xF9, 0xC3, 0x3F, 0xBC,
    0xFE, 0x16, 0x6F, 0x6D, 0x5D, 0x8C, 0x6A, 0x01, 0x68, 0x25, 0x8A, 0xC4, 0x72, 0xD4, 0xCB, 0x55,
    0x7D, 0x5D, 0xDF, 0xF8, 0x96, 0x9D, 0xB2, 0xF0, 0xAF, 0xA0, 0x1C, 0xA0, 0xCA, 0xA4, 0x0C, 0x46,
    0x64, 0x5A, 0x19, 0x2F, 0xBC, 0xF0, 0xE0, 0x16, 0x67, 0xB9, 0xE0, 0x02, 0xAC, 0x03, 0xF2, 0x79,
    0x82, 0xDB, 0x15, 0x9A, 0xAE, 0x92, 0xB1, 0xFE, 0xA7, 0xA9, 0x28, 0x26, 0xAA, 0x91, 0x3A, 0x61,
    0x22, 0x8D, 0x2F, 0x27, 0xF4, 0x27, 0xB7, 0xAC, 0x24, 0x27, 0xA9, 0x90, 0xA0, 0xA5, 0x57, 0x2F,
    0x24, 0x54, 0x5F, 0x4A, 0x28, 0xC5, 0xB3, 0x13, 0xD1, 0x1D, 0x3A, 0x6E, 0x35, 0xAB, 0x05, 0x33,
    0x52, 0x1C, 0xA8, 0xCE, 0x84, 0x0D, 0x87, 0x54, 0x43, 0x31, 0x55, 0x69, 0x2D, 0x8A, 0x54, 0x0D,
    0x75, 0xA6, 0xAF, 0x92, 0xEA, 0xEB, 0xA4, 0xBB, 0x95, 0xA8, 0x7A, 0x1D, 0x75, 0x67, 0x3A, 0xD7,
    0x99, 0x4F, 0x25, 0x5A, 0xF9, 0x38, 0xDA, 0xF6, 0xFB, 0xD1, 0x01, 0xA7, 0xB0, 0x0F, 0x1C, 0x01,
    0x77, 0x00, 0x9E, 0x15, 0x0A, 0x79, 0x0F, 0x25, 0xAF, 0x62, 0xE4, 0x8F, 0xB0, 0x2B, 0x4E, 0x7E,
    0x6B, 0xE5, 0xF2, 0xCA, 0x15, 0xDC, 0x72, 0x03, 0x33, 0x5F, 0xA7, 0x5C, 0xE1, 0xF2, 0x0F, 0xE1,
    0xCA, 0x0F, 0x56, 0xDE, 0x82, 0xEB, 0x09, 0x9E, 0xEB, 0xE1, 0xF7, 0x3B, 0xF8, 0xB3, 0x95, 0xBF,
    0x8D, 0xF0, 0x97, 0x2B, 0x80, 0xF1, 0x2E, 0x36, 0x61, 0x43, 0x15, 0xB5, 0x37, 0x9D, 0x4A, 0x65,
    0x6A, 0xBA, 0xC6, 0x73, 0x47, 0x4D, 0x76, 0xB2, 0xE3, 0xAF, 0x9F, 0x14, 0x73, 0xBD, 0xB6, 0x67,
    0x87, 0x76, 0x96, 0xA9, 0x58, 0x50, 0x12, 0xCD, 0x6B, 0xDD, 0xA6, 0xEA, 0xB6, 0xAA, 0x6E, 0xAF,
    0xEE, 0x36, 0x26, 0x3A, 0xF1, 0x7A, 0x06, 0xA8, 0x86, 0xFC, 0x3B, 0xB4, 0x31, 0x97, 0x01, 0x4D,
    0x9D, 0x70, 0xB7, 0xC7, 0x95, 0x93, 0xB2, 0x28, 0x47, 0x17, 0x72, 0x19, 0xD8, 0x77, 0x47, 0x78,
    0x09, 0x0E, 0x29, 0x47, 0x8A, 0x01, 0x3D, 0x52, 0xF5, 0x98, 0x01, 0x15, 0xF9, 0x8D, 0x84, 0xF1,
    0x54, 0x89, 0x0D, 0x39, 0x1E, 0x42, 0xD5, 0x17, 0x43, 0x79, 0x50, 0xF7, 0x55, 0xAF, 0x7B, 0xD5,
    0xA9, 0xE8, 0xBA, 0x66, 0x32, 0xBE, 0x8D, 0xED, 0xB8, 0x29, 0x24, 0xC2, 0x61, 0xF5, 0x0F, 0x71,
    0xB5, 0xE8, 0xEF, 0x07, 0xAA, 0xFE, 0xDA, 0x4E, 0x40, 0x45, 0x27, 0x1D, 0xC6, 0x37, 0x6B, 0xDC,
    0x80, 0x23, 0x5B, 0x7E, 0x0F, 0xFE, 0x18, 0x00, 0xE0, 0x0D, 0x98, 0x28, 0x13, 0x6A, 0xA4, 0x8E,
    0x39, 0xAF, 0x0E, 0xD8, 0x84, 0xCD, 0x19, 0xD9, 0xCD, 0x91, 0x31, 0xE7, 0x2D, 0xD3, 0x57, 0xA8,
    0xFB, 0xFA, 0xAE, 0x74, 0x75, 0xA7, 0x5F, 0x91, 0xD4, 0x4C, 0xB6, 0xBA, 0x9D, 0xDA, 0x71, 0x97,
    0x2A, 0xC1, 0x88, 0xEA, 0xB2, 0xC5, 0x84, 0x6C, 0xD9, 0x80, 0x0E, 0xC5, 0x08, 0x16, 0xF5, 0x89,
    0x67, 0x17, 0x2B, 0x91, 0x11, 0x27, 0xB1, 0x4C, 0x00, 0xB4, 0x9E, 0x2D, 0x6A, 0x89, 0x4C, 0xA8,
    0xD7, 0xBB, 0x22, 0x81, 0xEA, 0xAA, 0x0E, 0x76, 0xA2, 0x8E, 0x14, 0x82, 0x61, 0x8D, 0x7E, 0x0B,
    0xD0, 0x71, 0x2A, 0xDE, 0x40, 0xDF, 0x4D, 0x75, 0xBA, 0xD6, 0xDC, 0xEE, 0x75, 0x72, 0xA2, 0xA3,
    0x4B, 0x6A, 0x34, 0xFC, 0x7D, 0x0F, 0x9B, 0xF2, 0x3F, 0x3A, 0x98, 0xEA, 0x57, 0x3B, 0x8A, 0xA4,
    0x5F, 0xEC, 0xA9, 0x7A, 0x2B, 0x09, 0x1D, 0x73, 0x34, 0x60, 0x02, 0x1B, 0xF8, 0x9A, 0xE7, 0x25,
    0x00, 0xEA, 0x0E, 0xDD, 0x63, 0x7A, 0x74, 0x80, 0xFC, 0x69, 0xEE, 0x0E, 0x8E, 0x28, 0x27, 0x54,
    0xAE, 0x6D, 0x9C, 0xA7, 0x81, 0x96, 0xDF, 0x6E, 0x8B, 0xA1, 0xF9, 0x78, 0x70, 0xD2, 0xA9, 0x19,
    0x98, 0x4E, 0x4B, 0xCF, 0x01, 0xC6, 0x03, 0x80, 0x0B, 0xD0, 0x44, 0x90, 0x48, 0xB1, 0x52, 0x49,
    0x47, 0xFD, 0x59, 0x87, 0xFE, 0xA8, 0xC7, 0xDC, 0x4F, 0xB8, 0x57, 0x12, 0x4D, 0x95, 0x58, 0x4E,
    0x4A, 0x7E, 0xA8, 0x44, 0xC6, 0x5A, 0x64, 0xD2, 0x2B, 0xA6, 0x2B, 0x26, 0x17, 0x99, 0x1B, 0xCF,
    0x0C, 0xFC, 0x2E, 0x30, 0x41, 0x99, 0xA0, 0xEE, 0xE0, 0xE2, 0x63, 0xF6, 0x17, 0x1E, 0x74, 0x0F,
    0x2E, 0xC1, 0x74, 0x48, 0x71, 0xF0, 0xED, 0xC7, 0xEB, 0x7F, 0xE6, 0x02, 0xC8, 0xB7, 0x28, 0x65,
    0xA2, 0xFA, 0xC7, 0xE1, 0xF1, 0xBA, 0x87, 0x0D, 0xE5, 0xD8, 0x50, 0xA4, 0xAD, 0xC7, 0xEB, 0x55,
    0x3D, 0x5C, 0xF9, 0x21, 0x5C, 0xFF, 0x01, 0xD8, 0xEE, 0xF1, 0xBA, 0xF3, 0x27, 0xA0, 0x44, 0x06,
    0x30, 0xCB, 0xF6, 0x2D, 0x70, 0x33, 0x40, 0x3B, 0x01, 0x48, 0x8E, 0xD5, 0x92, 0x63, 0xFD, 0xF3,
    0x79, 0xDB, 0xA3, 0x7F, 0x2A, 0xE2, 0xB1, 0xF7, 0x72, 0xCC, 0x39, 0x40, 0x54, 0x82, 0x62, 0x59,
    0xE3, 0xE9, 0x6E, 0xA3, 0x72, 0x44, 0x3F, 0xD8, 0x79, 0xB0, 0x8D, 0x8B, 0x46, 0x84, 0x26, 0x58,
    0x59, 0xA0, 0x96, 0x40, 0x23, 0x43, 0x29, 0xAF, 0x4D, 0x6A, 0xE4, 0x6D, 0xD3, 0x83, 0x8B, 0x2B,
    0x1E, 0x5A, 0x1E, 0x21, 0xC0, 0x72, 0x8A, 0x00, 0x2D, 0x05, 0x2E, 0xA8, 0x60, 0x8F, 0xDB, 0xB8,
    0x7A, 0x7D, 0xD1, 0x8E, 0x70, 0x15, 0xD8, 0x03, 0x5C, 0x00, 0x15, 0x28, 0xDE, 0xF4, 0x94, 0x33,
    0x50, 0x25, 0x28, 0x57, 0x8A, 0x11, 0x98, 0x00, 0x28, 0x44, 0xA6, 0x72, 0xA5, 0x9A, 0xB7, 0x9F,
    0xAF, 0x46, 0xA8, 0x06, 0xA8, 0x33, 0x09, 0xD4, 0x27, 0xDB, 0x5E, 0x8B, 0xC4, 0x13, 0x3A, 0x30,
    0x99, 0x08, 0x76, 0xC5, 0x65, 0x3E, 0xD8, 0xF6, 0x4E, 0x24, 0x34, 0x22, 0x1E, 0x8A, 0x37, 0xA0,
    0xEE, 0x41, 0x47, 0xB0, 0xC0, 0xB7, 0x1F, 0xB3, 0xFF, 0x1B, 0x40, 0x93, 0x85, 0x81, 0xFA, 0xFD,
    0x8E, 0x8B, 0xDF, 0x39, 0x78, 0xAC, 0x7E, 0x75, 0x37, 0xA1, 0xEF, 0x0D, 0xE8, 0x97, 0xFB, 0xC7,
    0xE9, 0xD5, 0x5D, 0xDE, 0x12, 0x8B, 0x01, 0xAA, 0x71, 0x6D, 0x43, 0x9D, 0xD4, 0xDA, 0x74, 0xBF,
    0xB6, 0x2E, 0x1F, 0x4E, 0xED, 0xE9, 0xE1, 0xB4, 0xA1, 0x45, 0xA0, 0x3C, 0x40, 0x47, 0xAC, 0x67,
    0x0F, 0x5E, 0x02, 0xA8, 0x46, 0x72, 0x1F, 0x72, 0x62, 0x95, 0x3B, 0xBA, 0x27, 0xF7, 0x2E, 0xA7,
    0xB4, 0xB9, 0xE3, 0x02, 0xCE, 0xD3, 0xAC, 0x1D, 0x5A, 0x10, 0xE0, 0x19, 0x58, 0xA8, 0x04, 0xFD,
    0x5E, 0xFC, 0x46, 0x19, 0xCE, 0xED, 0xD1, 0xDF, 0xED, 0xED, 0x2B, 0xC9, 0x54, 0xDD, 0xB9, 0x0D,
    0x85, 0x48, 0x58, 0x19, 0xCA, 0xF9, 0x85, 0xA9, 0x9A, 0x8A, 0x65, 0x55, 0xC8, 0xEA, 0x68, 0xEB,
    0x4C, 0xA2, 0x6D, 0x24, 0x65, 0x16, 0xF3, 0xE0, 0xD6, 0xA2, 0xBB, 0x62, 0x36, 0x5D, 0x35, 0xD9,
    0x58, 0x8F, 0x36, 0xEA, 0xE4, 0x3E, 0x68, 0xA3, 0x13, 0xC1, 0xC9, 0xBF, 0x03, 0x5F, 0xFF, 0x0A,
    0xB0, 0x5C, 0x85, 0x4A, 0x26, 0xA8, 0xEE, 0x27, 0x00, 0x28, 0x66, 0x74, 0x5F, 0x0A, 0xBA, 0xAB,
    0x04, 0xB3, 0x86, 0x60, 0x62, 0x25, 0x71, 0x75, 0x48, 0xE7, 0x62, 0xFD, 0x59, 0x72, 0x41, 0xFD,
    0x74, 0x70, 0x5E, 0xFF, 0xD7, 0xD4, 0x78, 0xFD, 0xAF, 0x53, 0x83, 0xEE, 0x96, 0x16, 0xD3, 0x35,
    0x82, 0x89, 0x6E, 0xC1, 0x46, 0x3B, 0xE3, 0xA2, 0x5E, 0x43, 0x50, 0x13, 0xCE, 0xD7, 0x13, 0x8D,
    0xAF, 0x26, 0xA8, 0x7B, 0xA0, 0x4A, 0x40, 0x31, 0x00, 0x8C, 0x7C, 0xF1, 0x9F, 0x5A, 0x3C, 0xB4,
    0xD2, 0x53, 0xCA, 0x8B, 0x23, 0x6A, 0x28, 0x67, 0x4C, 0x87, 0xE0, 0x22, 0x2D, 0xCE, 0xD3, 0xD2,
    0x42, 0x8B, 0x7C, 0x1E, 0x16, 0x58, 0x72, 0x98, 0x11, 0xCA, 0x89, 0x96, 0x7A, 0xC8, 0x79, 0x13,
    0xF6, 0x93, 0x36, 0xA2, 0x64, 0x01, 0xDA, 0x1E, 0xA0, 0x38, 0x00, 0x54, 0x07, 0x98, 0x00, 0x6C,
    0x00, 0x7E, 0xE7, 0x09, 0xE4, 0xFD, 0x4D, 0x80, 0x16, 0x28, 0x25, 0x80, 0xBA, 0x1F, 0xE1, 0x6B,
    0xC5, 0xC1, 0xAF, 0x3C, 0x6F, 0x35, 0x24, 0xD0, 0xD2, 0x83, 0xD9, 0x09, 0x4F, 0xE6, 0x11, 0xAB,
    0x97, 0x13, 0x98, 0x7B, 0x39, 0xEF, 0xCD, 0xFE, 0xC9, 0xA4, 0x04, 0x8A, 0xC8, 0x5B, 0x2A, 0x9F,
    0x96, 0x47, 0x9D, 0x8A, 0xD9, 0x05, 0xDA, 0x05, 0xDC, 0x08, 0x26, 0x41, 0x33, 0x52, 0x2E, 0x33,
    0x2A, 0xB5, 0x9C, 0xBC, 0xB3, 0xA2, 0xC3, 0x57, 0xB9, 0x08, 0xA5, 0xB4, 0x60, 0x65, 0x86, 0xF6,
    0x27, 0x42, 0x39, 0x57, 0xE2, 0xEB, 0x41, 0xCB, 0x9A, 0xC2, 0xEC, 0x44, 0xDD, 0x6D, 0xF2, 0x1A,
    0x32, 0xAD, 0xE1, 0xEE, 0x60, 0xA3, 0xBB, 0xD7, 0xAF, 0xE1, 0xD5, 0xBC, 0xA6, 0xBC, 0xEE, 0x9D,
    0x77, 0x0B, 0x2D, 0x76, 0x2A, 0x66, 0xCC, 0x50, 0x4D, 0xE8, 0x65, 0x27, 0xA1, 0x45, 0x02, 0x76,
    0x67, 0x84, 0x3D, 0x38, 0x2D, 0x33, 0xAA, 0x04, 0x94, 0xE9, 0x4B, 0x45, 0xAE, 0x12, 0x2D, 0x3A,
    0x21, 0xE8, 0x9E, 0x05, 0xDD, 0x91, 0x1F, 0x47, 0xF6, 0xC5, 0x72, 0xC2, 0xE6, 0xE0, 0x62, 0x35,
    0xE2, 0x42, 0x0E, 0xBE, 0x1A, 0x68, 0x7C, 0x9D, 0x68, 0x3E, 0xFF, 0x62, 0xEB, 0x4D, 0x47, 0x13,
    0x9B, 0x88, 0x13, 0x01, 0x2D, 0x33, 0x94, 0x72, 0xF0, 0x3F, 0x8A, 0xDC, 0x03, 0x1B, 0x80, 0x97,
    0x9E, 0x40, 0xDE, 0x2F, 0x14, 0xB9, 0x3F, 0x2D, 0xF2, 0x6F, 0x16, 0x07, 0xBF, 0xEA, 0xBC, 0x79,
    0x29, 0x3D, 0xAD, 0x38, 0x73, 0xB3, 0x7B, 0x42, 0x8F, 0xF8, 0x9B, 0x80, 0x3B, 0x3B, 0x8D, 0x16,
    0x01, 0x80, 0xBC, 0xB8, 0xB9, 0xA0, 0x06, 0x17, 0x4D, 0x6F, 0x3A, 0x17, 0x75, 0xDF, 0xA2, 0xFE,
    0x73, 0xA6, 0xFE, 0xF9, 0x44, 0x25, 0x89, 0x52, 0x3A, 0x0A, 0x09, 0x67, 0x67, 0x8D, 0x19, 0x8A,
    0x4C, 0xD6, 0xAC, 0x54, 0x99, 0x91, 0xB3, 0xFF, 0xCB, 0xF1, 0x8A, 0xC4, 0x95, 0xBE, 0x1E, 0x4C,
    0x3A, 0xD9, 0xE2, 0xD6, 0xA8, 0x3F, 0xDF, 0xE8, 0xD6, 0x4C, 0x22, 0xDE, 0xC8, 0x88, 0xFD, 0xC0,
    0xE3, 0x02, 0x8F, 0xF0, 0xD0, 0xAC, 0xF0, 0xEC, 0x31, 0xB4, 0x12, 0xCA, 0x65, 0x27, 0x56, 0x83,
    0xEE, 0x1E, 0xBD, 0x35, 0xDA, 0xA8, 0xA3, 0xA0, 0xEF, 0x8D, 0x98, 0xFB, 0x3D, 0xF6, 0xD5, 0x84,
    0xFD, 0xDE, 0x82, 0xFB, 0x8E, 0x04, 0x87, 0x8D, 0x0E, 0xDD, 0x35, 0xCF, 0xE8, 0x78, 0x74, 0xD4,
    0xC4, 0x3B, 0x8D, 0x30, 0xAB, 0xF1, 0xEC, 0x34, 0xAF, 0x23, 0xA8, 0x15, 0x80, 0xE6, 0xFD, 0xBE,
    0x92, 0xCF, 0x7A, 0x7D, 0xDC, 0x9E, 0x6C, 0xB7, 0xCE, 0x9B, 0xE8, 0x30, 0xB1, 0xC1, 0x86, 0x47,
    0x38, 0xDF, 0xD0, 0xE2, 0xFE, 0x59, 0x30, 0xD2, 0x52, 0x1F, 0xEF, 0x03, 0xD6, 0xC3, 0x1E, 0x30,
    0x42, 0xD5, 0x9F, 0xDF, 0x53, 0x26, 0x50, 0x23, 0xD8, 0x3D, 0x38, 0xB4, 0xE7, 0xF7, 0x98, 0x3A,
    0xD0, 0xBC, 0xE7, 0xF9, 0x4C, 0x20, 0x1D, 0x9E, 0xDF, 0xB3, 0xAB, 0x3D, 0xB3, 0x0D, 0xBC, 0x63,
    0x00, 0xCE, 0xEF, 0x29, 0x07, 0x78, 0xFA, 0x0A, 0x3C, 0xB5, 0xA2, 0x86, 0xFF, 0x9F, 0xAB, 0xED,
    0xDB, 0x4E, 0x89, 0xC8, 0xA8, 0x1F, 0xCA, 0xC3, 0xF9, 0x02, 0xAD, 0xCF, 0x7F, 0xC4, 0x5D, 0x14,
    0x11, 0xB1, 0x2B, 0x4B, 0xF3, 0xE3, 0x65, 0xFB, 0xF9, 0xA3, 0x62, 0x82, 0xB9, 0x5A, 0x78, 0xA3,
    0xDD, 0x91, 0xD7, 0x06, 0x27, 0x6F, 0x4A, 0xAF, 0x8E, 0xEB, 0x05, 0xEC, 0x40, 0x29, 0x82, 0x3A,
    0xCE, 0xBF, 0x83, 0xA7, 0x1E, 0x15, 0x16, 0xD0, 0xFC, 0x02, 0xCF, 0xE1, 0x1E, 0x4E, 0x18, 0x19,
    0x28, 0x25, 0xC0, 0x8F, 0x80, 0x01, 0x58, 0x00, 0x0B, 0x17, 0xEF, 0x40, 0x3D, 0x70, 0x5A, 0x40,
    0x01, 0x74, 0x84, 0x7A, 0x05, 0xB2, 0x9F, 0x42, 0x16, 0xB2, 0xFF, 0xE4, 0xA6, 0x6B, 0x8D, 0x4E,
    0x24, 0x13, 0x9A, 0x7C, 0xB5, 0x02, 0x38, 0x7F, 0x65, 0xF5, 0xCF, 0x68, 0x19, 0xB3, 0xFF, 0xB4,
    0x80, 0xF6, 0x81, 0x11, 0xCA, 0xC4, 0x99, 0x47, 0x7E, 0xB9, 0x07, 0x38, 0xF3, 0x2C, 0x67, 0x9E,
    0x93, 0x02, 0x9A, 0xC0, 0xEE, 0xC3, 0x1D, 0x73, 0xFE, 0xF1, 0xEC, 0x9D, 0x4C, 0x7C, 0x64, 0xD7,
    0x00, 0x9C, 0xDB, 0xA3, 0xA3, 0x8A, 0xF9, 0xEA, 0x00, 0xAA, 0x54, 0xA5, 0xBA, 0x3F, 0xB9, 0x01,
    0x8C, 0xB9, 0x99, 0x60, 0x83, 0xF3, 0x0E, 0x07, 0x3A, 0x62, 0x61, 0x0F, 0xDE, 0x06, 0xA8, 0x52,
    0xEE, 0x75, 0x8F, 0x5A, 0x7B, 0x87, 0x8E, 0xA7, 0xDD, 0x04, 0x6C, 0xC0, 0x79, 0x1C, 0xB9, 0x33,
    0x51, 0x2D, 0xE8, 0xD7, 0xB9, 0xA6, 0xC2, 0xFF, 0xFE, 0x5B, 0xB6, 0x8E, 0x4E, 0x77, 0x1B, 0x15,
    0xE0, 0xFF, 0x92, 0x0B, 0xE0, 0xE0, 0x69, 0xCA, 0xA5, 0x85, 0x76, 0x00, 0x97, 0x1E, 0xBD, 0xEC,
    0x76, 0x33, 0x5C, 0x38, 0xA2, 0x10, 0xA1, 0x5E, 0xD1, 0x9D, 0xE4, 0x82, 0xC5, 0xE1, 0xD8, 0x5F,
    0xDB, 0x11, 0x77, 0x68, 0x98, 0xD6, 0xF2, 0x4D, 0x18, 0xE9, 0xA8, 0x17, 0xC0, 0xDC, 0x8C, 0xB8,
    0x9F, 0x04, 0xFE, 0x4E, 0x20, 0xED, 0x01, 0xA0, 0xDF, 0x9D, 0xD1, 0xFF, 0x22, 0x5E, 0x2F, 0x6D,
    0x5E, 0x60, 0xA3, 0x89, 0x3A, 0xDA, 0x60, 0x4E, 0x7F, 0x0E, 0x36, 0xB8, 0x6C, 0x5D, 0xD9, 0xC7,
    0x71, 0x44, 0xC3, 0xCC, 0x3E, 0x67, 0x55, 0xD7, 0x9D, 0x2D, 0x39, 0x76, 0xA4, 0x10, 0xF1, 0xF5,
    0xDC, 0x46, 0xDD, 0xE9, 0xDE, 0x06, 0x95, 0x1C, 0xF5, 0x8A, 0xEA, 0x1B, 0x74, 0x66, 0x75, 0xBA,
    0x60, 0x1F, 0x0A, 0x5A, 0x26, 0x0A, 0x39, 0xE0, 0x91, 0xC4, 0x01, 0x87, 0x50, 0xA4, 0xF3, 0x7B,
    0x18, 0xA1, 0x9A, 0xC0, 0xBC, 0x09, 0x1B, 0xED, 0xCF, 0xED, 0xD1, 0xB7, 0x23, 0xEE, 0xC3, 0xC8,
    0xBE, 0x78, 0xDE, 0xDE, 0xE7, 0xDC, 0x9E, 0x6B, 0x2A, 0xD2, 0xE8, 0xC8, 0x96, 0x0E, 0xC0, 0xF9,
    0x3D, 0x75, 0x84, 0xD3, 0x57, 0x36, 0x4E, 0x55, 0xF9, 0x82, 0xB4, 0x15, 0xE9, 0x44, 0x24, 0x02,
    0xB0, 0xC5, 0xD9, 0xD6, 0xB7, 0x0B, 0x50, 0x45, 0xAC, 0xF8, 0xB3, 0x5C, 0xD2, 0xDB, 0x97, 0x3F,
    0x4A, 0xAE, 0xBE, 0x9F, 0x9C, 0xFE, 0x83, 0xBE, 0xB9, 0xB6, 0xE6, 0xDA, 0x5D, 0x73, 0xA5, 0x35,
    0xD7, 0xCF, 0x4E, 0x72, 0xAD, 0x1C, 0x64, 0xCD, 0xD9, 0xBC, 0xAA, 0xB3, 0x79, 0xFD, 0x85, 0xAB,
    0xD1, 0x4C, 0xF8, 0x72, 0x7D, 0x38, 0x2F, 0xDE, 0x7D, 0x24, 0x18, 0x69, 0xA8, 0x47, 0x77, 0x2A,
    0x72, 0xC0, 0x04, 0xC5, 0xF9, 0x3D, 0x14, 0x23, 0xD4, 0x13, 0x98, 0x1D, 0xB8, 0xAA, 0xFC, 0xB9,
    0x3D, 0x9B, 0x2F, 0xCD, 0xC7, 0xF9, 0x3C, 0x54, 0xE9, 0xEC, 0xC6, 0xE0, 0x2A, 0x00, 0xC5, 0x94,
    0x5B, 0x35, 0x32, 0x55, 0x89, 0x59, 0xF5, 0xDC, 0xD1, 0x91, 0x7D, 0xEB, 0x71, 0x0E, 0xDC, 0x1D,
    0xB0, 0xD3, 0xCA, 0x00, 0x26, 0x9D, 0xCE, 0x65, 0x04, 0x07, 0xC5, 0x02, 0xED, 0xB8, 0xD2, 0xC3,
    0x9F, 0x00, 0xDC, 0x01, 0xA6, 0x33, 0x8A, 0x11, 0xCA, 0x4F, 0x17, 0x4A, 0x91, 0x58, 0x2D, 0x3B,
    0x7D, 0x35, 0xA8, 0x54, 0xE7, 0x96, 0xAF, 0xAC, 0xBF, 0x30, 0xF6, 0x7C, 0xF4, 0x30, 0xC7, 0x82,
    0x95, 0x19, 0xBB, 0xD3, 0xF3, 0xCB, 0xAE, 0xAB, 0x67, 0x00, 0xF5, 0xE7, 0x09, 0x73, 0x6F, 0x78,
    0x74, 0xB2, 0xE3, 0xB1, 0x8E, 0xFD, 0xBF, 0x01, 0xBD, 0x9A, 0x01, 0xA4, 0x25, 0x57, 0x9A, 0xC7,
    0x7F, 0x55, 0x67, 0xD2, 0x35, 0xBB, 0x65, 0xE6, 0x0C, 0x36, 0x9B, 0x69, 0x19, 0x29, 0x18, 0x0C,
    0x92, 0xAE, 0xC5, 0x62, 0x99, 0xF4, 0x3B, 0x27, 0xBB, 0x58, 0x2C, 0xD2, 0xC8, 0x1B, 0x18, 0xB6,
    0x07, 0xC1, 0x2C, 0x56, 0x03, 0x04, 0xDD, 0xAF, 0x4A, 0x16, 0x8B, 0xC1, 0x3E, 0xEC, 0xD8, 0x25,
    0xD8, 0x60, 0x00, 0x18, 0x68, 0x04, 0xDD, 0xAF, 0xCE, 0x4C, 0x10, 0x04, 0xA9, 0xD1, 0x66, 0xC7,
    0x1A, 0x74, 0xED, 0xA6, 0xD3, 0xB1, 0x02, 0x27, 0x49, 0x75, 0x52, 0x6F, 0x73, 0xAA, 0xBE, 0x3D,
    0xE7, 0xDE, 0x7B, 0xDF, 0xBE, 0xD7, 0xDB, 0x33, 0x49, 0xEE, 0xBC, 0x4E, 0xDD, 0xF3, 0xFF, 0x6B,
    0x57, 0xDF, 0x73, 0x7E, 0xDF, 0xB9, 0xF5, 0x9D, 0xFA, 0xCE, 0xB9, 0x8F, 0x5C, 0x04, 0x25, 0x0B,
    0xD9, 0xFE, 0x3E, 0x00, 0x98, 0x16, 0x1A, 0x07, 0xE2, 0xC8, 0xA2, 0x94, 0xF4, 0x14, 0x9F, 0xF5,
    0xE8, 0x0F, 0x06, 0xAA, 0xB7, 0x3C, 0xE6, 0x1F, 0x3D, 0x8D, 0xF2, 0x2C, 0x6A, 0xCC, 0x82, 0x1A,
    0x95, 0xC8, 0x54, 0x88, 0x04, 0x1D, 0x55, 0xF5, 0x59, 0x30, 0x8E, 0xB9, 0xB1, 0xCC, 0x88, 0xB4,
    0x2B, 0x6D, 0xBB, 0x6D, 0xEE, 0x0C, 0x4A, 0x3E, 0x1B, 0xF4, 0x71, 0xD7, 0x57, 0xAE, 0x76, 0xC6,
    0x56, 0xCE, 0x50, 0xB9, 0x86, 0xBA, 0x5D, 0xCB, 0xD8, 0x86, 0x0E, 0xF3, 0x5B, 0xA1, 0x92, 0x8E,
    0xE2, 0xF8, 0x00, 0xF0, 0x15, 0x8C, 0x37, 0xA0, 0x0B, 0x50, 0x0F, 0xE7, 0xCA, 0xF7, 0x4A, 0xD9,
    0x72, 0xA3, 0xB2, 0x98, 0x05, 0xCA, 0x71, 0x77, 0xC6, 0xF3, 0xE2, 0x81, 0x11, 0x94, 0x03, 0x6D,
    0xA3, 0xFE, 0x35, 0x2A, 0x40, 0x31, 0x7E, 0x0E, 0x93, 0x7D, 0x34, 0xD3, 0x2B, 0x90, 0xF7, 0x50,
    0x38, 0x28, 0xFF, 0x3B, 0x6A, 0x81, 0x7C, 0x02, 0xF8, 0x19, 0x28, 0x0F, 0xA5, 0x83, 0xCA, 0xC2,
    0x45, 0x00, 0x28, 0xA4, 0xA5, 0x91, 0x31, 0x97, 0xD7, 0x42, 0x39, 0x71, 0xB3, 0x1A, 0xC0, 0xB8,
    0x28, 0x0B, 0x1D, 0x20, 0x1B, 0x2D, 0x1B, 0x09, 0xD0, 0x91, 0x61, 0xDA, 0xB2, 0xAD, 0x8F, 0x3B,
    0x57, 0x8A, 0x40, 0x77, 0x0F, 0xA8, 0x5A, 0x30, 0x40, 0x80, 0xCC, 0x03, 0x40, 0x3D, 0x92, 0x8B,
    0x50, 0x1E, 0x77, 0xB6, 0xEA, 0xBF, 0x81, 0xD9, 0xFC, 0x8F, 0xE6, 0xB4, 0xEC, 0x9F, 0x63, 0xEE,
    0x07, 0xB4, 0xA4, 0xFF, 0xDB, 0x02, 0x7F, 0xC4, 0x7A, 0xF4, 0x34, 0x9F, 0xEF, 0x7A, 0x2E, 0xD8,
    0xD7, 0xCF, 0x95, 0x33, 0x1B, 0xA1, 0x08, 0x50, 0x1D, 0xC0, 0x0D, 0x6D, 0x77, 0xE7, 0xAC, 0x01,
    0x03, 0xEC, 0x01, 0x70, 0xBE, 0x8C, 0x1E, 0xD4, 0x08, 0xF9, 0x00, 0xC0, 0xCE, 0x8C, 0x79, 0xFB,
    0x32, 0xF9, 0x47, 0x1E, 0xC4, 0x41, 0x03, 0x7C, 0xFB, 0x7C, 0x39, 0x8D, 0x76, 0xE8, 0x0E, 0x8A,
    0xB0, 0x66, 0xDD, 0x99, 0xF3, 0xF0, 0x91, 0x9C, 0x99, 0x48, 0x9B, 0x8B, 0x78, 0x35, 0xFF, 0x30,
    0xA8, 0x29, 0x9B, 0xD5, 0xC8, 0x52, 0x8C, 0x48, 0xE1, 0xE9, 0x4A, 0x8F, 0x68, 0xCF, 0xA2, 0x87,
    0x95, 0xE6, 0x94, 0x4F, 0x95, 0x53, 0xA1, 0x76, 0xC5, 0x68, 0x5C, 0xE5, 0xCD, 0xAF, 0x3B, 0x67,
    0x64, 0xA1, 0x91, 0x35, 0xD7, 0xD7, 0x00, 0x30, 0x40, 0x36, 0x35, 0x40, 0xBE, 0x72, 0x35, 0x3E,
    0x97, 0xDC, 0xFF, 0xC5, 0xCA, 0xBF, 0x05, 0xCD, 0x6F, 0x3C, 0x28, 0x91, 0x01, 0x52, 0xD6, 0x41,
    0xE5, 0xEA, 0xE8, 0x29, 0xF3, 0xC0, 0x90, 0xBC, 0xA1, 0x5E, 0x7B, 0x9B, 0xDC, 0xD8, 0xE4, 0x1D,
    0xAC, 0xB2, 0x90, 0x55, 0x1E, 0xB2, 0xC9, 0xC4, 0xC4, 0x1F, 0x35, 0xE6, 0x89, 0x3F, 0x64, 0x8B,
    0x9A, 0x10, 0x35, 0xD2, 0x15, 0x49, 0x9E, 0xAE, 0x11, 0x9F, 0xB4, 0x54, 0xEF, 0x5D, 0x59, 0x74,
    0x9F, 0xC5, 0x18, 0x56, 0xFC, 0x53, 0xED, 0xF4, 0x86, 0x5F, 0x30, 0x72, 0x6F, 0x45, 0x9B, 0x3A,
    0x8B, 0x5A, 0x12, 0x27, 0x14, 0x3E, 0x92, 0x0E, 0x89, 0xF3, 0x4B, 0xAD, 0x57, 0x69, 0xC2, 0xAB,
    0xA8, 0x27, 0xF6, 0xAF, 0xB0, 0xE6, 0x0B, 0x79, 0x94, 0x9A, 0xF7, 0x5F, 0x52, 0x13, 0xA8, 0x11,
    0x8A, 0x24, 0x0F, 0xE5, 0x83, 0x7D, 0xAB, 0x45, 0xDC, 0x4A, 0x3D, 0x54, 0x49, 0x0E, 0xEA, 0x28,
    0x93, 0xF4, 0xEB, 0x7D, 0x6B, 0x44, 0xDA, 0x46, 0xC4, 0xD2, 0x89, 0x3B, 0xB3, 0xDE, 0xD7, 0xE3,
    0x0A, 0x35, 0xDD, 0x03, 0xDA, 0x45, 0xBA, 0xE8, 0x46, 0x24, 0xA9, 0x6D, 0xF6, 0xF7, 0x6D, 0x03,
    0x18, 0xFB, 0x2C, 0xE6, 0xFE, 0x8C, 0x96, 0x69, 0x7D, 0x0F, 0x94, 0x76, 0xA4, 0xFC, 0xA5, 0x47,
    0x49, 0x4F, 0x26, 0xF6, 0x5C, 0xF9, 0x9E, 0x2F, 0x1C, 0x97, 0x2B, 0x8B, 0x11, 0x28, 0xA7, 0xDD,
    0x19, 0xB9, 0x0C, 0x1C, 0x01, 0xD7, 0x39, 0x57, 0xBE, 0xDC, 0x83, 0x4A, 0x1A, 0x00, 0x76, 0xE5,
    0x3B, 0x3F, 0x1E, 0x2E, 0x01, 0x9B, 0xF5, 0x47, 0x7D, 0x12, 0x25, 0x96, 0x6C, 0xFE, 0x12, 0x4C,
    0xCB, 0x86, 0xA9, 0x07, 0x6D, 0xA1, 0x22, 0x6A, 0x02, 0x3D, 0x42, 0x66, 0xE1, 0x82, 0xFD, 0x19,
    0xEA, 0xDD, 0x81, 0x4C, 0x5A, 0x58, 0x80, 0xEF, 0x9E, 0xEF, 0x7C, 0xEE, 0xE9, 0x96, 0xEA, 0x00,
    0xCA, 0xD4, 0xC9, 0xB0, 0xF3, 0x7C, 0x26, 0x50, 0xD6, 0xC3, 0xD0, 0x78, 0xC8, 0xA6, 0x29, 0x5A,
    0x5C, 0xAB, 0x00, 0x20, 0x97, 0x01, 0x6A, 0x59, 0xA0, 0xBB, 0x2F, 0xE4, 0x0B, 0xCF, 0x51, 0x4C,
    0x80, 0xF6, 0xC9, 0x7A, 0xD6, 0x70, 0x18, 0x27, 0x0B, 0xA6, 0x95, 0x39, 0xDA, 0x0F, 0x42, 0xB4,
    0x7C, 0x6B, 0x4E, 0x4D, 0x54, 0x7D, 0x34, 0x7D, 0xFC, 0xF3, 0x11, 0x25, 0xE2, 0xA1, 0x79, 0xDF,
    0x03, 0xB7, 0x48, 0xFD, 0xA1, 0xEF, 0x5A, 0xEA, 0xD2, 0x01, 0x50, 0x8D, 0x13, 0xB2, 0x8C, 0x6A,
    0xB9, 0x36, 0x16, 0xBE, 0xF4, 0x7A, 0x28, 0xBC, 0x76, 0x85, 0xAF, 0x5C, 0x39, 0x44, 0xF5, 0x95,
    0xD3, 0x51, 0xB5, 0xD3, 0xC7, 0xE2, 0x0A, 0x11, 0x97, 0x75, 0xFF, 0xD6, 0x42, 0x6D, 0xC1, 0x00,
    0x0B, 0xF5, 0x6B, 0x81, 0x46, 0x3C, 0x4F, 0x2F, 0x16, 0x38, 0xBC, 0x08, 0x99, 0xBF, 0x01, 0xC8,
    0x04, 0x34, 0x3D, 0x00, 0x8F, 0x3D, 0xAE, 0x67, 0xF2, 0x81, 0xAA, 0x70, 0x68, 0x69, 0xC9, 0x67,
    0xCE, 0x3F, 0xAE, 0xB2, 0xDD, 0x7E, 0x5F, 0xDA, 0x7E, 0x35, 0x21, 0xF1, 0x06, 0x64, 0x01, 0x18,
    0x01, 0xCE, 0x3F, 0xA4, 0xC7, 0x48, 0x0E, 0xF0, 0x04, 0x40, 0xDD, 0x02, 0x26, 0x59, 0x82, 0x40,
    0x03, 0x3C, 0xCB, 0x99, 0xEB, 0xDB, 0xC0, 0x2B, 0xC0, 0x98, 0xA2, 0x5D, 0x8B, 0xF1, 0xFC, 0xA3,
    0x7D, 0x38, 0xE1, 0xC6, 0xD3, 0x09, 0x97, 0x05, 0x74, 0x9F, 0x87, 0x14, 0x4D, 0xB4, 0x14, 0x57,
    0xED, 0xD4, 0x88, 0x71, 0x45, 0xB4, 0xB6, 0xF0, 0x18, 0x5B, 0x8A, 0x88, 0xD5, 0xD1, 0x58, 0x5B,
    0x8F, 0x50, 0xF5, 0x2C, 0xA9, 0xCB, 0x99, 0xDA, 0x65, 0x33, 0xC6, 0x9D, 0x4C, 0x8D, 0x55, 0x81,
    0xC6, 0xAA, 0xD5, 0x18, 0x50, 0x78, 0xA8, 0x02, 0x1C, 0xEC, 0xC1, 0xCB, 0x17, 0xD9, 0x5E, 0xF9,
    0x08, 0x2A, 0xC9, 0x43, 0x91, 0x34, 0x40, 0xF9, 0xEF, 0x73, 0x1A, 0xA0, 0xD5, 0x4B, 0xE3, 0xF4,
    0xA0, 0x57, 0x31, 0xD6, 0xAD, 0x5E, 0x2F, 0x2A, 0x54, 0x51, 0xEB, 0x02, 0xFD, 0x00, 0x63, 0x8F,
    0x30, 0xCC, 0x51, 0xD1, 0xF4, 0x90, 0x42, 0x18, 0xF2, 0x14, 0x47, 0xE2, 0x9B, 0xAA, 0x64, 0xC5,
    0xF1, 0x7E, 0xD3, 0xAB, 0x14, 0x42, 0xFA, 0x57, 0xBB, 0x0A, 0x21, 0x19, 0x7A, 0xA0, 0x5B, 0x87,
    0xA0, 0xCF, 0x84, 0x90, 0xEC, 0x74, 0x08, 0x89, 0xAE, 0x96, 0x7E, 0xA5, 0xD2, 0x43, 0xF9, 0x10,
    0x61, 0x75, 0x8A, 0xD0, 0xFC, 0x1E, 0xC2, 0xCC, 0x5E, 0xD1, 0x1F, 0x0E, 0xB1, 0x97, 0xCB, 0xB5,
    0x05, 0xD4, 0xB4, 0x6A, 0x63, 0x8A, 0xBA, 0x4C, 0x2D, 0x01, 0xA5, 0xD6, 0x27, 0x94, 0x7A, 0xD5,
    0x4C, 0x8B, 0xB1, 0x34, 0xB1, 0x41, 0x07, 0x02, 0xE5, 0xAB, 0x7D, 0xFD, 0xB1, 0xDB, 0x93, 0xF6,
    0x95, 0x4B, 0x00, 0xCA, 0xA7, 0x56, 0x0C, 0x94, 0xB1, 0xF5, 0x68, 0xB7, 0x69, 0x55, 0x4B, 0xBD,
    0xFA, 0xAC, 0x21, 0xB5, 0x5A, 0xBC, 0x11, 0xFF, 0xE4, 0xFE, 0x95, 0x9D, 0xC7, 0x35, 0xD2, 0xC7,
    0xF6, 0xE4, 0xBE, 0xFD, 0xE2, 0x83, 0xEA, 0xCC, 0xEB, 0xBF, 0x1E, 0x4A, 0x71, 0xF9, 0xC2, 0xCE,
    0xE3, 0x5E, 0x52, 0x7D, 0x5D, 0x3A, 0x2D, 0x36, 0x9F, 0xBF, 0x44, 0xBC, 0x98, 0x76, 0xD5, 0x36,
    0x1D, 0xA5, 0xB6, 0xAC, 0xDA, 0x4C, 0x16, 0xC8, 0x53, 0xDB, 0xC2, 0x6C, 0x79, 0x74, 0xF4, 0x96,
    0xCB, 0xF0, 0x0A, 0xCC, 0x2D, 0x5D, 0x8F, 0xB1, 0xA0, 0x5B, 0x8C, 0x4B, 0xAD, 0xB2, 0x00, 0x06,
    0x1A, 0x38, 0x5A, 0xB5, 0x19, 0x42, 0x6A, 0xA9, 0xC3, 0x89, 0x7C, 0x44, 0x8D, 0x5B, 0xBC, 0x96,
    0x4B, 0x70, 0x1D, 0x8E, 0x0E, 0xE9, 0x86, 0x04, 0xC6, 0x75, 0x02, 0x13, 0xA8, 0x29, 0xBE, 0x52,
    0x1A, 0xAF, 0x12, 0x79, 0x7D, 0x6B, 0xD7, 0xF1, 0x65, 0x5A, 0x63, 0x9B, 0x55, 0x3D, 0x29, 0x28,
    0xAF, 0x7C, 0x31, 0x94, 0x43, 0xD9, 0x6B, 0x97, 0x5E, 0x55, 0x5B, 0xB7, 0xC6, 0x1A, 0x4C, 0x22,
    0x66, 0x49, 0x96, 0x2A, 0xF5, 0x2C, 0x14, 0x9E, 0x3C, 0x94, 0x1B, 0x53, 0x93, 0x1E, 0x36, 0x36,
    0xEA, 0x9E, 0xB4, 0x3E, 0x50, 0xFA, 0x7A, 0x63, 0x7A, 0x30, 0x2D, 0xBA, 0x37, 0x36, 0x55, 0xB0,
    0xB6, 0x35, 0xAE, 0x51, 0xC7, 0x62, 0xBB, 0x42, 0x66, 0x24, 0x21, 0x32, 0xE5, 0x5E, 0x85, 0x72,
    0x54, 0x41, 0xFB, 0x6C, 0x2C, 0xFA, 0xF5, 0x54, 0xEB, 0x3E, 0x2D, 0x35, 0xE5, 0x90, 0x74, 0x26,
    0x05, 0xED, 0xFA, 0x06, 0x8F, 0xB2, 0xCD, 0xE6, 0x06, 0xBF, 0x1D, 0x35, 0x03, 0x61, 0xAD, 0x7C,
    0x82, 0x1F, 0x8E, 0x64, 0x32, 0x90, 0x8B, 0x05, 0x2E, 0x02, 0x0D, 0x64, 0xE2, 0x28, 0xEE, 0x0C,
    0x5C, 0x78, 0xE1, 0x10, 0x00, 0xF4, 0xF0, 0x88, 0x5A, 0xA3, 0x65, 0x5D, 0xF7, 0x27, 0x01, 0xDD,
    0xA9, 0xFD, 0xD2, 0x0C, 0x59, 0xE0, 0xEB, 0x2A, 0x60, 0xAE, 0x79, 0x9A, 0x94, 0x92, 0x0B, 0x40,
    0x00, 0xB5, 0x79, 0xA2, 0x5F, 0x2A, 0x5B, 0xD6, 0x01, 0xAC, 0x55, 0x6C, 0x73, 0xB6, 0x07, 0x9D,
    0xE4, 0x92, 0x36, 0x43, 0x6E, 0xD7, 0xCA, 0x24, 0xD6, 0x6A, 0x80, 0x23, 0xF8, 0xD3, 0x00, 0xCD,
    0x18, 0xD5, 0xAF, 0x86, 0x6C, 0x5C, 0x1E, 0x32, 0x21, 0x0F, 0x2A, 0xA4, 0x79, 0xF6, 0xD1, 0x8C,
    0xA3, 0x18, 0x05, 0x8A, 0x8F, 0x03, 0x94, 0x32, 0x81, 0x96, 0x90, 0x6C, 0x06, 0x3D, 0x0B, 0x54,
    0x63, 0x97, 0xA2, 0x33, 0x2D, 0xB5, 0x5B, 0xDD, 0x46, 0x55, 0x8F, 0x69, 0xF5, 0x6A, 0x25, 0xF5,
    0xEB, 0xA5, 0xF1, 0xD4, 0x55, 0x41, 0x02, 0xD9, 0x5A, 0x05, 0xF0, 0x1C, 0x27, 0xD5, 0x1B, 0x90,
    0x6F, 0x8A, 0xB6, 0x93, 0xC8, 0x52, 0x54, 0x43, 0xDD, 0xEB, 0x5E, 0xD0, 0x6F, 0x86, 0x18, 0xBD,
    0xA7, 0x92, 0x36, 0xCA, 0x51, 0x4B, 0x8F, 0xB9, 0x3B, 0x60, 0x0A, 0x8F, 0x51, 0x13, 0x4D, 0x16,
    0x38, 0x62, 0x66, 0xA6, 0xE3, 0xE4, 0x1A, 0x41, 0x05, 0x58, 0x71, 0x8C, 0x90, 0x0D, 0x51, 0x2D,
    0x00, 0x94, 0x7D, 0xEA, 0xB7, 0xB3, 0xFA, 0x17, 0x33, 0xFA, 0x2D, 0x4F, 0x75, 0x37, 0xF5, 0xE9,
    0x30, 0xD2, 0x47, 0x0D, 0x98, 0xF8, 0x5E, 0x93, 0xFA, 0xCD, 0x4F, 0xF5, 0x9B, 0xBD, 0xBE, 0x86,
    0xD2, 0x2D, 0x18, 0xE0, 0x7B, 0x27, 0x4F, 0x16, 0xF2, 0xB0, 0x1D, 0x2B, 0xE9, 0x54, 0xE1, 0x19,
    0xA5, 0x93, 0x06, 0x78, 0x64, 0xE1, 0xB9, 0x2D, 0x22, 0xA3, 0xC8, 0x0E, 0x23, 0x17, 0x95, 0x25,
    0x3D, 0x43, 0x4E, 0x26, 0x25, 0xB6, 0x53, 0xC9, 0xE7, 0x29, 0x07, 0xF4, 0x76, 0x6D, 0x48, 0x4B,
    0x4B, 0x4B, 0x6D, 0xB7, 0x6B, 0xC3, 0x4B, 0x98, 0x89, 0x6A, 0x38, 0x3F, 0xA4, 0xED, 0x75, 0x1D,
    0x58, 0x36, 0x7A, 0x1E, 0xB8, 0x09, 0xBC, 0xBE, 0x25, 0xCC, 0x27, 0x35, 0xAE, 0xF2, 0xDA, 0x97,
    0x83, 0x5E, 0xE5, 0x75, 0xE5, 0xEA, 0xB6, 0xB6, 0xAB, 0xBC, 0x7E, 0xC9, 0x4C, 0xD5, 0x00, 0x4F,
    0xA4, 0x8C, 0x8A, 0xEF, 0x6A, 0x9E, 0x05, 0xB2, 0x90, 0x8D, 0x79, 0x50, 0xF1, 0x15, 0x3F, 0x3B,
    0xE1, 0xD5, 0x94, 0xF7, 0xC5, 0x98, 0xD9, 0x2F, 0xCB, 0x97, 0x4F, 0x97, 0xF3, 0xA9, 0x53, 0xE3,
    0x91, 0xF2, 0xCF, 0x2B, 0x7F, 0xB3, 0xF0, 0xDF, 0xFA, 0xC3, 0x67, 0xE7, 0x16, 0xFA, 0xC3, 0x05,
    0xFD, 0x5F, 0x33, 0xBA, 0x9F, 0x3E, 0x67, 0xF4, 0xB3, 0x0B, 0xE3, 0x40, 0x1A, 0xFD, 0xCE, 0xA0,
    0xDF, 0xF1, 0xB1, 0x55, 0x6F, 0xBB, 0xCD, 0xE8, 0x9C, 0x19, 0xFD, 0xE1, 0xA4, 0x4F, 0xCA, 0xE6,
    0xAF, 0x45, 0xDD, 0x22, 0x97, 0x80, 0x92, 0x91, 0x7A, 0x01, 0x33, 0xC2, 0xF7, 0x1F, 0xFE, 0xCE,
    0x44, 0x7C, 0xD4, 0x50, 0x45, 0x65, 0x81, 0xEC, 0xA1, 0x9B, 0xE3, 0x13, 0x4A, 0xA1, 0x3A, 0xC6,
    0xF4, 0x5C, 0x7B, 0x28, 0xFC, 0x7F, 0xC6, 0x04, 0xF4, 0x3D, 0x80, 0x1F, 0x03, 0x4C, 0x9B, 0x25,
    0x84, 0xD2, 0x01, 0x17, 0x00, 0x48, 0x1C, 0xA9, 0xC2, 0x10, 0x74, 0xAF, 0x84, 0x2A, 0x5A, 0x5B,
    0x39, 0x25, 0xAE, 0x76, 0x85, 0xF4, 0xC6, 0x15, 0x9F, 0x79, 0xD3, 0x96, 0x1F, 0x8F, 0xC6, 0xEA,
    0x8F, 0x42, 0x63, 0xF5, 0x7F, 0x86, 0x06, 0xDD, 0x2F, 0x1D, 0x55, 0xDF, 0x08, 0x95, 0x33, 0x0B,
    0xB5, 0xAB, 0x67, 0x8C, 0xD3, 0xD1, 0xDA, 0x32, 0x60, 0x6C, 0xB1, 0x2A, 0x92, 0x02, 0x50, 0xB5,
    0xB0, 0xB7, 0x59, 0x3F, 0x3D, 0x00, 0xFA, 0x97, 0x33, 0xFA, 0xAE, 0x58, 0xBD, 0x74, 0xAE, 0x1A,
    0x2A, 0x57, 0x39, 0xED, 0xEA, 0xB6, 0x3A, 0xB5, 0x02, 0x1B, 0xDB, 0x44, 0x1D, 0x60, 0x38, 0xA2,
    0x61, 0xE6, 0xE0, 0xB1, 0x12, 0x9E, 0x5C, 0xDA, 0x02, 0xB5, 0xDB, 0x9A, 0xB6, 0xC0, 0x33, 0x00,
    0xDF, 0x01, 0x76, 0x46, 0x3F, 0xB9, 0x36, 0x45, 0x7F, 0x52, 0xFA, 0x37, 0x1E, 0x70, 0x6C, 0xAE,
    0xD7, 0x2F, 0x02, 0x53, 0x00, 0x1A, 0xBF, 0x05, 0x78, 0xE2, 0xF1, 0x7F, 0x3D, 0x26, 0xA5, 0xCC,
    0xC9, 0xA6, 0x77, 0xE7, 0x18, 0x2B, 0x0B, 0xA6, 0x5D, 0x4B, 0x6F, 0x56, 0xF8, 0x3F, 0x09, 0x75,
    0xCF, 0x2C, 0x23, 0xF2, 0x41, 0xC8, 0x96, 0x2C, 0x64, 0x81, 0x90, 0x4F, 0xE9, 0x48, 0x3B, 0xCA,
    0xE7, 0x93, 0xF2, 0x6A, 0x2C, 0x92, 0x06, 0xE5, 0xCB, 0x54, 0xFF, 0xF7, 0xC5, 0x70, 0xAE, 0x91,
    0xEA, 0x33, 0x91, 0xA2, 0xA6, 0x64, 0x23, 0x50, 0x78, 0xD6, 0xB9, 0xF5, 0xCC, 0xB5, 0x1E, 0x8C,
    0xB4, 0xF0, 0xF4, 0xF1, 0xE7, 0x07, 0x9E, 0x74, 0x12, 0x78, 0xD4, 0xBC, 0x79, 0xA8, 0xAE, 0x35,
    0xC3, 0x53, 0x01, 0x3A, 0x1F, 0xD5, 0x42, 0x25, 0x7E, 0x63, 0xEB, 0x02, 0x15, 0xA0, 0x5C, 0x2C,
    0x74, 0xAB, 0xEA, 0xE1, 0xEA, 0x44, 0x39, 0xE6, 0x73, 0x24, 0x47, 0x30, 0x8E, 0x0E, 0x63, 0xA3,
    0x75, 0xC4, 0x26, 0x27, 0xB6, 0xC0, 0x92, 0x6C, 0x46, 0xC8, 0x03, 0x1D, 0xC5, 0x98, 0x82, 0xF3,
    0xD4, 0x0F, 0x3A, 0x47, 0x29, 0x0B, 0xD0, 0x0D, 0x40, 0x23, 0x8E, 0x2E, 0x6A, 0x7F, 0xDF, 0x02,
    0x50, 0x4F, 0x64, 0x22, 0xB6, 0x98, 0x3B, 0xA7, 0x7B, 0x3D, 0xD4, 0x6D, 0xE9, 0x0D, 0x45, 0x54,
    0x39, 0x34, 0xE8, 0xA4, 0x18, 0x95, 0x69, 0xEB, 0xFB, 0x82, 0x96, 0x40, 0x26, 0x87, 0x70, 0x81,
    0x1F, 0x81, 0x7E, 0xD5, 0x43, 0x29, 0x3D, 0x9B, 0x0A, 0x07, 0x1E, 0x3B, 0xFB, 0x65, 0xE5, 0xD8,
    0x2B, 0x1D, 0x95, 0x40, 0x31, 0xB1, 0x33, 0x3F, 0xE1, 0x00, 0xF2, 0x71, 0x82, 0xE2, 0x8E, 0x07,
    0xFD, 0x13, 0xF7, 0xD5, 0xF0, 0xAB, 0x8F, 0x3C, 0xC5, 0x6F, 0x7A, 0xF4, 0x8B, 0x2D, 0x7B, 0x35,
    0xBB, 0xCF, 0xFF, 0xD2, 0x48, 0xC0, 0x88, 0x44, 0x97, 0x9F, 0x47, 0x57, 0x41, 0x09, 0x14, 0x63,
    0x2E, 0xA0, 0x7D, 0xB6, 0x10, 0x89, 0xB3, 0x19, 0x6A, 0x97, 0x2D, 0xFB, 0xD6, 0xB8, 0x5C, 0xC4,
    0x99, 0x76, 0xED, 0x6A, 0x82, 0xAD, 0x97, 0x63, 0x72, 0x1D, 0xBD, 0x76, 0xC6, 0x83, 0xFE, 0x1F,
    0x89, 0xE7, 0x60, 0x85, 0xC4, 0xCB, 0xC6, 0x8D, 0xB4, 0x08, 0x5C, 0xBB, 0xF7, 0xF4, 0x44, 0x2E,
    0xCB, 0xEA, 0xCC, 0x5D, 0xE6, 0xAE, 0xAD, 0x7A, 0x33, 0xE8, 0xF4, 0xF4, 0x76, 0x91, 0x8C, 0x3A,
    0xF5, 0x89, 0x89, 0xDE, 0x60, 0x7E, 0x9A, 0xCE, 0xB9, 0x1A, 0x0B, 0x06, 0x69, 0xBF, 0x83, 0xF9,
    0x40, 0x3E, 0x59, 0xA8, 0xE4, 0x7D, 0x99, 0xC8, 0x97, 0x17, 0xBA, 0x43, 0x20, 0x3B, 0x3C, 0x5B,
    0x21, 0x7D, 0xF7, 0xA1, 0x93, 0xF8, 0xAB, 0x69, 0x87, 0x10, 0xD4, 0x98, 0x87, 0x22, 0xC9, 0xAB,
    0xA9, 0xF4, 0xE5, 0xA8, 0x1F, 0x34, 0xBD, 0x5E, 0x6D, 0xBD, 0x17, 0xAA, 0xBE, 0x23, 0x65, 0xDA,
    0x6A, 0xD7, 0xE0, 0x4C, 0xF4, 0x3A, 0xE5, 0x5D, 0xDF, 0xD8, 0x6A, 0x20, 0x9B, 0x50, 0x03, 0xDA,
    0x51, 0x03, 0x94, 0xBF, 0x9A, 0xF4, 0xDD, 0x49, 0xCB, 0xA1, 0x0E, 0x54, 0x9E, 0xCA, 0x9D, 0xD9,
    0x24, 0x35, 0x70, 0x00, 0x47, 0xE7, 0x37, 0xFA, 0x17, 0xAA, 0x85, 0xC6, 0x03, 0xF5, 0xE9, 0xA2,
    0xE4, 0x9E, 0x12, 0x8A, 0xF0, 0x88, 0x6A, 0x6D, 0xBD, 0x93, 0x03, 0x80, 0x4B, 0xD0, 0xAC, 0xDA,
    0xA5, 0x55, 0x3F, 0x7F, 0x06, 0xC0, 0xEA, 0x17, 0x2B, 0x75, 0x67, 0x20, 0x97, 0x16, 0x96, 0x73,
    0x9F, 0x43, 0x35, 0x4C, 0x7C, 0x3A, 0xD0, 0xB5, 0xEC, 0x7D, 0x89, 0x39, 0x84, 0xFC, 0x10, 0xB4,
    0x83, 0x1A, 0xB8, 0xC1, 0x49, 0x7D, 0xFA, 0xF4, 0x02, 0x9D, 0xF4, 0xF9, 0x72, 0xCD, 0xAB, 0x51,
    0xAD, 0xEB, 0xB7, 0x09, 0x0A, 0x01, 0x25, 0x03, 0x48, 0x00, 0x23, 0x50, 0x4A, 0x0B, 0xE2, 0xC0,
    0xB8, 0xAF, 0x63, 0xDA, 0x3D, 0x8C, 0x4D, 0x27, 0x52, 0xB5, 0x04, 0x2E, 0xC8, 0x21, 0x60, 0x80,
    0xDB, 0x90, 0x8D, 0x27, 0x8F, 0x1F, 0xAE, 0xA5, 0x49, 0x98, 0x29, 0x8E, 0x6F, 0x51, 0x0E, 0x50,
    0x8C, 0xA0, 0xC4, 0x42, 0xB7, 0x19, 0x24, 0x0B, 0x3C, 0x11, 0x55, 0xBF, 0x36, 0x52, 0xC9, 0xC0,
    0x85, 0xC5, 0x6E, 0x66, 0x6B, 0x06, 0x25, 0xA0, 0xFF, 0xC9, 0x71, 0x31, 0x6F, 0xCF, 0x95, 0x53,
    0x79, 0xD0, 0x13, 0x98, 0xEB, 0x10, 0xEA, 0x5D, 0x39, 0x77, 0xE5, 0x71, 0x5B, 0x1E, 0x23, 0x81,
    0x42, 0x06, 0xB8, 0x09, 0xD9, 0x18, 0x35, 0x03, 0x97, 0xE0, 0xC2, 0x6D, 0x28, 0xC7, 0x15, 0x53,
    0x44, 0x8A, 0x44, 0xE5, 0x90, 0x78, 0x12, 0x8E, 0x78, 0xAA, 0x89, 0x3C, 0x64, 0x59, 0xA8, 0xFF,
    0x65, 0xAA, 0x65, 0x28, 0xC4, 0xE2, 0xC9, 0x23, 0x7C, 0x80, 0xCB, 0x7C, 0x33, 0xA0, 0x07, 0xF8,
    0xE3, 0xEC, 0x10, 0xFD, 0xB6, 0x43, 0xC9, 0x0A, 0x1C, 0x7E, 0xC4, 0xB9, 0x4E, 0xE0, 0x8D, 0xCA,
    0x52, 0xDF, 0x00, 0x3D, 0x42, 0xD1, 0xEF, 0x3C, 0x81, 0xB5, 0xC8, 0x6C, 0x44, 0xC2, 0x93, 0x57,
    0x1F, 0xBC, 0xF4, 0xBB, 0x77, 0xD9, 0xED, 0xEF, 0xDE, 0x65, 0x27, 0x05, 0xC0, 0x83, 0x1A, 0x20,
    0x0F, 0xEB, 0x64, 0xFE, 0xE6, 0xC4, 0xAA, 0x3B, 0x20, 0xBB, 0x79, 0x52, 0x59, 0xA7, 0xC8, 0x45,
    0xFA, 0xAB, 0xEF, 0x59, 0xDD, 0x6F, 0x12, 0xF9, 0x24, 0x53, 0x52, 0xBB, 0x4F, 0x2D, 0x14, 0x33,
    0xCA, 0xA1, 0x5B, 0x4A, 0x0F, 0x23, 0xDF, 0xF7, 0x98, 0x16, 0x2E, 0x5E, 0x68, 0xA9, 0xAE, 0xB6,
    0x94, 0xCB, 0xA6, 0xF0, 0x38, 0x04, 0x38, 0x3F, 0x7E, 0xB0, 0xDB, 0x2D, 0x42, 0x76, 0x33, 0x55,
    0x51, 0x79, 0xAF, 0x7C, 0xD1, 0x2A, 0x9F, 0x25, 0x68, 0x24, 0x2A, 0x62, 0x9F, 0x9C, 0x0C, 0x54,
    0x6B, 0x25, 0x76, 0x8C, 0xDD, 0xE8, 0x3E, 0xEB, 0x67, 0xEE, 0xFC, 0x39, 0x5C, 0x51, 0xB5, 0x88,
    0x35, 0x51, 0x4F, 0x76, 0x3F, 0xFD, 0x3C, 0x2E, 0xFE, 0x9E, 0x93, 0x53, 0xA4, 0x5A, 0x46, 0x23,
    0xE3, 0x53, 0xC7, 0x57, 0x94, 0xE7, 0xA9, 0x07, 0x18, 0xB1, 0x8D, 0xD8, 0xF5, 0xD2, 0x98, 0xDA,
    0x71, 0x5B, 0x88, 0xCB, 0xC4, 0x52, 0xDC, 0xF3, 0xA0, 0x65, 0x80, 0x4B, 0x4D, 0x0B, 0x27, 0x57,
    0xE9, 0xE9, 0xD0, 0x1E, 0x49, 0x4C, 0x0B, 0xBA, 0x67, 0x5E, 0x3F, 0x03, 0x2B, 0x97, 0x07, 0x6A,
    0xB7, 0x3D, 0xAA, 0x36, 0x6D, 0x32, 0xAB, 0x46, 0x1A, 0x5B, 0x78, 0x9A, 0x93, 0x0F, 0xA6, 0x9F,
    0x93, 0x69, 0x5C, 0xE3, 0x30, 0x22, 0x9B, 0x43, 0x8C, 0x5C, 0x0E, 0x01, 0xFD, 0x0F, 0x0E, 0xF3,
    0xAE, 0xE3, 0x40, 0x2C, 0x37, 0x6F, 0x00, 0x70, 0x72, 0x32, 0x94, 0x0E, 0x9F, 0x93, 0xDA, 0xFF,
    0x5F, 0xF8, 0x1A, 0x2B, 0xD6, 0x7C, 0x20, 0x54, 0xD2, 0x50, 0x4C, 0x66, 0x53, 0xE2, 0xD5, 0x9B,
    0x3A, 0xEF, 0xB1, 0x53, 0x9F, 0xAA, 0xF3, 0x76, 0x26, 0x7E, 0xB8, 0xCE, 0x5B, 0xF8, 0x6A, 0x66,
    0xFC, 0xF9, 0x54, 0xE7, 0xE9, 0x93, 0x3A, 0x6F, 0x67, 0x7E, 0x1A, 0x20, 0x7B, 0xB3, 0x85, 0xFC,
    0x4D, 0x0B, 0xD9, 0x57, 0xC5, 0x9F, 0x05, 0x28, 0xFE, 0x16, 0xCA, 0x6F, 0x9C, 0xF0, 0xEF, 0x1E,
    0x43, 0xB8, 0x0D, 0xF9, 0x83, 0x53, 0xB5, 0xEA, 0x57, 0x13, 0x83, 0xFA, 0x68, 0xA2, 0xBC, 0x33,
    0x50, 0xBD, 0xE8, 0xD8, 0xAB, 0x77, 0xE5, 0xFF, 0x7D, 0x84, 0xD9, 0xFF, 0x11, 0x86, 0xB3, 0x84,
    0xE3, 0x69, 0x42, 0x12, 0x61, 0x6B, 0x1C, 0xE6, 0x33, 0xB1, 0x54, 0x89, 0xB0, 0x90, 0x61, 0x53,
    0x64, 0x64, 0x1E, 0x50, 0x7D, 0xB2, 0x5F, 0x25, 0x13, 0x20, 0x9B, 0x77, 0x9E, 0xEB, 0x37, 0x4E,
    0xFD, 0x6D, 0xD3, 0x7F, 0x44, 0xCD, 0x9B, 0x25, 0x39, 0xDF, 0xE4, 0x10, 0x80, 0xF1, 0x6C, 0xF7,
    0xDF, 0xD9, 0xE1, 0xF7, 0xD8, 0x5C, 0x8D, 0x35, 0x91, 0xB1, 0xB1, 0x91, 0xB4, 0x6D, 0xAC, 0xB4,
    0x9D, 0x6D, 0x5E, 0x10, 0x27, 0x34, 0x7F, 0x29, 0x6E, 0xC1, 0xFC, 0x95, 0xFC, 0x22, 0x60, 0xFE,
    0xE6, 0xB7, 0x6F, 0x46, 0x7F, 0xF1, 0xED, 0x37, 0x47, 0xCC, 0xD5, 0x9F, 0xBC, 0xE5, 0x31, 0xA6,
    0x78, 0x67, 0xC0, 0x34, 0xC5, 0x5D, 0x87, 0x99, 0x0B, 0x89, 0x1E, 0x0A, 0xB1, 0x98, 0x49, 0x09,
    0x18, 0xAF, 0x16, 0x30, 0x83, 0x9A, 0xC1, 0xF4, 0x2A, 0xB0, 0xFE, 0x32, 0x81, 0x5B, 0x40, 0x2E,
    0x40, 0xF9, 0x4E, 0x0B, 0x97, 0x8A, 0x16, 0x00, 0x8E, 0xD4, 0xA8, 0xDD, 0x81, 0x1A, 0x2B, 0xD7,
    0x94, 0x93, 0xB1, 0x8D, 0x9E, 0x0C, 0xA6, 0xBE, 0x75, 0x84, 0xD9, 0xBB, 0x1E, 0x30, 0xD7, 0x6F,
    0x4C, 0x98, 0xE9, 0x60, 0xC4, 0x78, 0xE3, 0x93, 0x0D, 0x98, 0xDE, 0x38, 0x52, 0x15, 0x48, 0x3A,
    0x8C, 0x03, 0x0E, 0xA1, 0x18, 0x1F, 0xFE, 0xA1, 0x6A, 0xB5, 0x2F, 0x4E, 0xBB, 0x05, 0x93, 0x76,
    0xBB, 0xF1, 0x23, 0x7A, 0xE8, 0x28, 0x3F, 0x9C, 0x29, 0x3E, 0x0D, 0x28, 0xF1, 0xE4, 0xD2, 0x93,
    0x49, 0xFB, 0xC8, 0x85, 0xFE, 0xF4, 0x39, 0x1A, 0xEC, 0x01, 0x62, 0x51, 0xEF, 0x3B, 0xCA, 0x57,
    0x07, 0x80, 0x2C, 0xA4, 0x97, 0x9A, 0x08, 0xCA, 0x33, 0x97, 0x03, 0xB7, 0xB5, 0xE3, 0xA0, 0xB6,
    0x18, 0x03, 0xE6, 0x36, 0xD4, 0x21, 0x2A, 0x31, 0x79, 0xD0, 0x9B, 0x87, 0x8D, 0x59, 0x67, 0x73,
    0x37, 0x45, 0x0D, 0xF0, 0x77, 0x00, 0xD7, 0xB5, 0x65, 0xAE, 0x5B, 0xDE, 0xA8, 0xCE, 0x99, 0x99,
    0x97, 0x81, 0x7C, 0x64, 0x53, 0x78, 0xEA, 0xED, 0x5F, 0x91, 0x01, 0x20, 0x22, 0xED, 0xDA, 0xF6,
    0x7F, 0x20, 0xAC, 0x3F, 0x86, 0x1E, 0x81, 0xBA, 0x07, 0xBA, 0x16, 0xB2, 0x47, 0xBC, 0xDF, 0x9C,
    0x7D, 0xDF, 0x03, 0xB5, 0xC8, 0x88, 0x49, 0xD6, 0x88, 0xAC, 0xDE, 0x68, 0xE1, 0x00, 0x98, 0x20,
    0x1F, 0x00, 0x50, 0xB2, 0xF9, 0x91, 0x73, 0xBF, 0x5B, 0x03, 0xAB, 0x71, 0x3D, 0x27, 0xA6, 0x85,
    0x05, 0xF2, 0x09, 0x4A, 0x0F, 0xF5, 0x7B, 0xFB, 0x34, 0xB2, 0xD0, 0xC9, 0x0C, 0x68, 0xBB, 0xE9,
    0x8C, 0xEA, 0x0B, 0x50, 0x0F, 0x40, 0xE7, 0xB6, 0x74, 0xF3, 0x99, 0xF7, 0x9B, 0xB3, 0xEF, 0x4F,
    0x40, 0xFD, 0x60, 0xFF, 0xCA, 0x69, 0xEA, 0x2C, 0x4A, 0xF9, 0x2D, 0xF1, 0xEE, 0xD4, 0xD9, 0xE1,
    0x8F, 0xA3, 0x3D, 0x98, 0xB6, 0x7B, 0x67, 0xB3, 0x9E, 0xF5, 0xC7, 0xCE, 0xBF, 0xA7, 0x5B, 0xF4,
    0x11, 0x94, 0x13, 0xE4, 0xFD, 0xCE, 0xFC, 0xFF, 0x0B, 0xC5, 0x96, 0x01, 0xA4, 0x1D, 0xD9, 0x19,
    0xC7, 0x7F, 0x33, 0x23, 0xEF, 0xB4, 0x46, 0x7B, 0x0A, 0xA5, 0x55, 0x1C, 0x28, 0x94, 0xED, 0x1E,
    0x80, 0xA2, 0xC9, 0x39, 0xED, 0xA2, 0x58, 0x08, 0x92, 0x02, 0x24, 0x28, 0x00, 0xAF, 0x28, 0x8A,
    0x24, 0x33, 0x0A, 0x45, 0x21, 0x50, 0x10, 0x6C, 0x50, 0x00, 0x02, 0x0B, 0x88, 0xCE, 0xA9, 0x20,
    0x28, 0x3A, 0x2C, 0x16, 0x8B, 0x1E, 0x2A, 0xAF, 0x08, 0x3A, 0xBA, 0xB3, 0xED, 0x7D, 0x76, 0x66,
    0xBE, 0x9E, 0xCF, 0x71, 0x65, 0x01, 0x6C, 0xB7, 0xCD, 0xE7, 0xFB, 0x7E, 0xEF, 0x71, 0xEF, 0x75,
    0xE6, 0x9B, 0xFB, 0x1B, 0xFF, 0x4B, 0x7F, 0x44, 0x17, 0x99, 0x64, 0xF1, 0xB4, 0x72, 0x6F, 0x0B,
    0xF4, 0x6B, 0x7B, 0x3C, 0xC4, 0xCD, 0xC8, 0x89, 0x90, 0x98, 0x32, 0x21, 0x32, 0x95, 0x46, 0x5B,
    0xBE, 0xC0, 0xE3, 0xDC, 0x3B, 0x08, 0xED, 0x06, 0x13, 0x66, 0x85, 0x90, 0xEC, 0x02, 0xFE, 0xB3,
    0x29, 0x41, 0x2F, 0x07, 0xC0, 0x94, 0x95, 0xFE, 0xD4, 0x2E, 0x8D, 0xC8, 0x7B, 0x8B, 0xD9, 0xA7,
    0x17, 0xB3, 0x9D, 0xED, 0xEB, 0xE4, 0xC7, 0x5E, 0x62, 0xC0, 0xEC, 0x04, 0xFA, 0x85, 0x01, 0x3B,
    0x2B, 0x12, 0x21, 0x86, 0x11, 0x7F, 0x25, 0x60, 0x65, 0x83, 0x46, 0x1E, 0xA3, 0x6F, 0x98, 0x6C,
    0xB4, 0x0B, 0xE2, 0xA2, 0xCD, 0x1C, 0x5E, 0xDF, 0xBD, 0x3F, 0xC2, 0xCD, 0xCD, 0xB1, 0xE1, 0x52,
    0x2B, 0x19, 0x9F, 0xDA, 0x23, 0x12, 0x52, 0xB7, 0x41, 0x18, 0xBB, 0x53, 0x61, 0xEC, 0x56, 0x18,
    0xA2, 0x59, 0x0A, 0xE9, 0x0B, 0x27, 0xAC, 0x32, 0xBA, 0x19, 0x86, 0x34, 0x24, 0x08, 0x22, 0x80,
    0x95, 0x1D, 0x68, 0xF5, 0x28, 0xEC, 0x6C, 0xFE, 0xB9, 0xD8, 0xD4, 0xFF, 0xAD, 0xC0, 0x7E, 0x94,
    0x5D, 0xB2, 0x9F, 0x24, 0x37, 0x5A, 0x89, 0x7E, 0x74, 0x3B, 0x21, 0xBA, 0x4C, 0xC0, 0x8F, 0x05,
    0x21, 0x96, 0x96, 0x82, 0xD7, 0x02, 0x4E, 0x06, 0x30, 0xA7, 0x00, 0xF0, 0x87, 0xEF, 0x02, 0xCF,
    0x9F, 0x03, 0x61, 0x01, 0x5C, 0x02, 0x2E, 0x38, 0x57, 0x18, 0xD1, 0xD3, 0x01, 0x29, 0x68, 0x14,
    0x9D, 0xCC, 0x60, 0x3E, 0x2F, 0xB0, 0xAF, 0x33, 0xB8, 0x97, 0x0B, 0x84, 0xDF, 0x16, 0x0C, 0x5D,
    0xC1, 0x51, 0xD6, 0x68, 0xB6, 0x82, 0x4E, 0xE4, 0x84, 0x11, 0xD9, 0xB0, 0x8A, 0xB2, 0xFD, 0x46,
    0x48, 0xEC, 0x0C, 0xB1, 0x80, 0x9B, 0x6E, 0xC4, 0x3D, 0x04, 0xBB, 0x42, 0x37, 0xA3, 0xC5, 0xF0,
    0x51, 0xEE, 0xE4, 0xF3, 0x6C, 0xAF, 0xA7, 0xD9, 0x25, 0x9F, 0x42, 0x74, 0x29, 0xE0, 0xD2, 0x80,
    0x1F, 0xEB, 0x84, 0x38, 0x30, 0x11, 0x3E, 0x11, 0x9C, 0x4C, 0x98, 0xEB, 0x47, 0x5C, 0xFC, 0xE4,
    0x71, 0xFF, 0xE7, 0xB9, 0x93, 0xD8, 0x6C, 0x70, 0x1F, 0xA0, 0x3B, 0xA1, 0xBD, 0x62, 0x16, 0x7A,
    0x6D, 0x6C, 0x46, 0x7B, 0xD6, 0xDD, 0xBC, 0xB6, 0x6E, 0x15, 0x22, 0x43, 0xE9, 0xB3, 0x28, 0xEE,
    0xFD, 0xB9, 0xFF, 0x47, 0xEC, 0x36, 0x9A, 0x0C, 0xD0, 0x2D, 0xDA, 0x26, 0xD3, 0x97, 0x9E, 0xB1,
    0x89, 0xDA, 0x6E, 0xC4, 0xEB, 0x67, 0x09, 0x68, 0x97, 0xE3, 0x9F, 0x82, 0xF9, 0x38, 0x43, 0x2B,
    0x23, 0x70, 0x00, 0x7C, 0x9F, 0x5A, 0x6A, 0x2D, 0x4C, 0x92, 0xD5, 0xD9, 0x93, 0x2A, 0xBB, 0xA3,
    0xC6, 0xA2, 0xC2, 0xA2, 0xBE, 0x56, 0x5D, 0x85, 0x33, 0x54, 0x54, 0xC5, 0x5E, 0x4D, 0x55, 0x51,
    0xAB, 0xA7, 0xAA, 0xA9, 0x5A, 0x7A, 0x96, 0xD4, 0xF7, 0x09, 0xFB, 0x0C, 0xCC, 0x06, 0xED, 0x02,
    0xD5, 0x5B, 0x1A, 0x91, 0x58, 0xAC, 0x4D, 0x45, 0xDA, 0x5C, 0x9C, 0x5D, 0x02, 0xA6, 0x4C, 0x9F,
    0x07, 0xAC, 0x4E, 0x52, 0x5D, 0xD5, 0x56, 0x95, 0x55, 0x5D, 0xD5, 0xDB, 0x07, 0xE6, 0xE5, 0x0C,
    0xAD, 0x44, 0x60, 0x07, 0xF8, 0x85, 0x82, 0x2A, 0x32, 0xEA, 0x31, 0xAA, 0x31, 0x6A, 0xB1, 0x7E,
    0x8D, 0x05, 0xA9, 0xDD, 0xF0, 0x05, 0x6A, 0xF0, 0xA9, 0x0A, 0xAC, 0xFE, 0x56, 0x7D, 0x07, 0xCE,
    0x1F, 0x54, 0x77, 0xAB, 0xBA, 0x6A, 0xAE, 0x8A, 0x7B, 0xF6, 0xD6, 0xEB, 0xED, 0x9C, 0xEA, 0xF5,
    0x37, 0x19, 0xAA, 0xCA, 0x6A, 0x72, 0x2E, 0x22, 0xCF, 0x4E, 0x67, 0xB4, 0xA9, 0x58, 0x5C, 0x2D,
    0xC0, 0x8F, 0xAA, 0xB0, 0x1A, 0xAC, 0x02, 0xAB, 0xBF, 0xAA, 0x2F, 0x46, 0x96, 0x8A, 0x5A, 0xF6,
    0xA7, 0x19, 0xBC, 0xBA, 0xE8, 0xAA, 0x53, 0xFF, 0xFB, 0x4D, 0x9C, 0x24, 0x74, 0xB4, 0x6E, 0xF6,
    0x23, 0x93, 0x4B, 0x3C, 0xB0, 0x11, 0xF8, 0xF2, 0x5B, 0xD1, 0x44, 0xC0, 0x2A, 0xDE, 0xE5, 0x8B,
    0xAB, 0xB9, 0x17, 0xBA, 0xDA, 0x7B, 0xFF, 0xA7, 0xD5, 0xB8, 0x01, 0xDC, 0x02, 0x7E, 0x0D, 0xE8,
    0xBF, 0x7D, 0x62, 0xB0, 0x89, 0x9B, 0x76, 0xFC, 0xAF, 0xD6, 0x6B, 0xC6, 0xFB, 0x05, 0x9F, 0xCE,
    0xC0, 0x14, 0x81, 0xEF, 0xBC, 0x9D, 0xF5, 0x2E, 0x9A, 0x11, 0xF3, 0x97, 0x91, 0x76, 0x07, 0xEE,
    0x7F, 0x75, 0xEB, 0x71, 0x07, 0xE0, 0x81, 0xE2, 0xC7, 0x6F, 0xF1, 0xDB, 0x6B, 0x6E, 0x97, 0x59,
    0x00, 0x1D, 0xBE, 0xC2, 0xF5, 0x9E, 0x6A, 0x60, 0x9C, 0x36, 0x60, 0x58, 0x00, 0x9F, 0xAA, 0x29,
    0xB5, 0x34, 0xDC, 0xF0, 0x72, 0xC0, 0x74, 0x25, 0xB4, 0x07, 0x3F, 0xC4, 0x9C, 0x00, 0xBB, 0x28,
    0xE6, 0xF3, 0xFB, 0x43, 0x92, 0x83, 0x30, 0xCA, 0x5E, 0xF0, 0xF3, 0xAD, 0xA0, 0x55, 0x9C, 0xB7,
    0x75, 0x73, 0x81, 0xBD, 0x7E, 0xA6, 0x21, 0x22, 0x1A, 0x2C, 0x7F, 0x2F, 0x70, 0x3F, 0x9B, 0xE9,
    0xFF, 0x1A, 0xE9, 0x76, 0x60, 0x05, 0x2D, 0xB7, 0x9E, 0x90, 0x63, 0xED, 0x8E, 0xCB, 0xD5, 0x2C,
    0xFD, 0x62, 0xB3, 0xEE, 0x63, 0x16, 0x57, 0x76, 0x2A, 0x53, 0x77, 0x4A, 0x3E, 0xD9, 0x6B, 0x49,
    0x46, 0x24, 0x35, 0xD3, 0x07, 0x23, 0xF8, 0x08, 0x01, 0x38, 0xF0, 0x4F, 0x36, 0x06, 0x59, 0xF8,
    0xDE, 0x11, 0x01, 0x1E, 0x02, 0x2B, 0x70, 0x1B, 0xB4, 0xFA, 0x0C, 0xEF, 0xFC, 0x0A, 0x7E, 0xF4,
    0x4B, 0xF0, 0xF3, 0x39, 0x0E, 0x6B, 0x1A, 0x4A, 0xD2, 0x2C, 0xD4, 0x28, 0xD4, 0x24, 0xD4, 0x20,
    0xD4, 0x1C, 0xD4, 0x18, 0xD4, 0x14, 0xD4, 0x10, 0xD4, 0x0C, 0xD4, 0x08, 0xD4, 0x04, 0xB4, 0x65,
    0x34, 0xFF, 0x34, 0xFE, 0x6A, 0xFA, 0xF9, 0x6A, 0xC8, 0xF9, 0xA8, 0x76, 0x85, 0x6F, 0xBE, 0x03,
    0xDF, 0x28, 0xD3, 0xAF, 0x00, 0x5F, 0x3A, 0x10, 0xB5, 0x7E, 0xA0, 0x60, 0x83, 0x73, 0x38, 0x98,
    0x59, 0x79, 0x11, 0x39, 0x97, 0x5E, 0x19, 0xF4, 0x22, 0x2B, 0xB8, 0xE3, 0xEE, 0x6D, 0x08, 0x3B,
    0xC0, 0xB4, 0x29, 0x45, 0xD9, 0x1D, 0x4A, 0xF3, 0xEF, 0xFD, 0x6E, 0xC4, 0x7E, 0x2A, 0x12, 0xF1,
    0x2F, 0x94, 0xBA, 0x23, 0x48, 0x5F, 0xD8, 0x1C, 0xCA, 0x4E, 0x24, 0x43, 0xAF, 0xC4, 0xBE, 0xBA,
    0x7C, 0x75, 0x97, 0x90, 0x9C, 0x08, 0xC3, 0xA8, 0x1E, 0x00, 0x41, 0xB1, 0x9D, 0x2F, 0xC6, 0x24,
    0x6A, 0x4D, 0x79, 0x9A, 0x7B, 0x11, 0x39, 0xD9, 0x2B, 0xB9, 0xDA, 0x6F, 0x30, 0xC5, 0x47, 0xE8,
    0x32, 0x17, 0x52, 0xCA, 0x97, 0x39, 0x86, 0xDF, 0x1F, 0x77, 0xEF, 0xFC, 0x51, 0x93, 0x7D, 0xEF,
    0x0E, 0x9E, 0x4E, 0x97, 0xF2, 0x64, 0x0D, 0xF2, 0x4C, 0x72, 0x7F, 0x6D, 0x8E, 0x73, 0x52, 0xE9,
    0xBD, 0xC3, 0x64, 0x40, 0xC5, 0xE6, 0xEB, 0x6F, 0x4C, 0x9C, 0xC0, 0xCB, 0x0E, 0xD3, 0xC7, 0x42,
    0xBB, 0x77, 0x12, 0xCD, 0x6A, 0x25, 0xD9, 0xC5, 0x5D, 0x16, 0x2F, 0x6E, 0xF9, 0xE4, 0xD3, 0x56,
    0xF0, 0xA7, 0xD5, 0xA7, 0xF0, 0x22, 0x17, 0xFC, 0x2E, 0x85, 0x31, 0x7C, 0x50, 0x8C, 0x0F, 0x07,
    0x13, 0x7E, 0xD3, 0xC7, 0x70, 0xED, 0x36, 0xEC, 0x71, 0xB9, 0x60, 0x45, 0x46, 0xFC, 0xE5, 0xA9,
    0x6A, 0x02, 0xD8, 0x04, 0x01, 0x78, 0x4E, 0x7D, 0xCC, 0xDA, 0x11, 0x2F, 0xE3, 0x9B, 0x04, 0x96,
    0xEC, 0x7F, 0xF3, 0x7A, 0x09, 0xE6, 0xE5, 0x12, 0xEC, 0xFB, 0x79, 0x78, 0xD7, 0xE6, 0xE1, 0x81,
    0x4D, 0x61, 0x09, 0xA3, 0xFF, 0x57, 0x4D, 0x60, 0x2B, 0x8F, 0xB9, 0x09, 0x14, 0xFF, 0x60, 0x92,
    0xB9, 0x2D, 0xE7, 0x14, 0x69, 0xF4, 0x01, 0xA7, 0x3F, 0x81, 0x11, 0xE8, 0x24, 0x83, 0x6C, 0x10,
    0x04, 0x7A, 0x19, 0x41, 0xF4, 0xDC, 0xF4, 0x35, 0xC2, 0x78, 0x8B, 0x10, 0xF5, 0x29, 0xF3, 0xB2,
    0x71, 0x21, 0x8F, 0x41, 0xEB, 0x5B, 0xA0, 0x37, 0xAC, 0xDD, 0xEA, 0x5F, 0x3E, 0xA4, 0x06, 0x6C,
    0x04, 0x2E, 0x73, 0x2B, 0xBB, 0xB9, 0x7E, 0xDE, 0x67, 0x8C, 0x3E, 0x5B, 0x91, 0x69, 0xD1, 0x93,
    0x9A, 0xED, 0x46, 0xB3, 0xF9, 0x27, 0xAB, 0x93, 0x7C, 0x71, 0x44, 0x50, 0x2F, 0x5B, 0xFD, 0x19,
    0x85, 0xDE, 0xDC, 0x85, 0x2E, 0x01, 0x78, 0x91, 0x3D, 0x88, 0x6C, 0xDF, 0xBE, 0xF7, 0xD9, 0x1D,
    0x6C, 0x06, 0x37, 0x97, 0x49, 0xE0, 0xCB, 0x04, 0x9D, 0xB1, 0xCE, 0x10, 0xCB, 0x00, 0x13, 0x20,
    0xC0, 0x01, 0xEC, 0xD0, 0xE8, 0x6C, 0x70, 0xAE, 0x46, 0xDD, 0x39, 0x95, 0x59, 0xEB, 0xFF, 0xED,
    0x5C, 0x26, 0xBE, 0x79, 0xF9, 0x43, 0x7D, 0xA5, 0x5B, 0xB4, 0x27, 0x99, 0x45, 0xE6, 0x7B, 0xAF,
    0xA2, 0x9D, 0xB1, 0x09, 0xA7, 0x4D, 0xFD, 0x21, 0xA6, 0x7D, 0x85, 0x13, 0xCC, 0x4E, 0x4D, 0xCE,
    0x3E, 0x63, 0x33, 0xFD, 0x4C, 0x97, 0xB0, 0x68, 0xFD, 0x07, 0x0D, 0x8E, 0xA1, 0x52, 0x43, 0x31,
    0x10, 0x45, 0x6F, 0x9A, 0x61, 0x9E, 0x88, 0x58, 0x85, 0x8E, 0x45, 0x25, 0x7C, 0x40, 0xDB, 0x5D,
    0x8F, 0x00, 0x83, 0xE7, 0x0F, 0x30, 0xE0, 0xA0, 0xC9, 0x67, 0x21, 0x5A, 0xDE, 0x3A, 0x6C, 0x3E,
    0x61, 0xD1, 0x98, 0x0E, 0x13, 0x51, 0xF1, 0x98, 0xF0, 0xE6, 0x1C, 0x7D, 0xE6, 0x9C, 0xB0, 0x47,
    0x06, 0xC9, 0x64, 0x54, 0x19, 0x47, 0xB8, 0x8E, 0x69, 0x41, 0x3C, 0xE0, 0x3D, 0xCA, 0x95, 0x93,
    0xFC, 0xA3, 0x65, 0x48, 0x3F, 0xE1, 0xFA, 0x51, 0xE6, 0xA1, 0x63, 0xE8, 0x76, 0x52, 0x7E, 0xAE,
    0x79, 0x20, 0x5C, 0x10, 0xC1, 0x92, 0xB0, 0x0B, 0xF5, 0x33, 0xEA, 0x1B, 0x89, 0x13, 0xEA, 0x79,
    0xB9, 0x39, 0xA2, 0xFB, 0x16, 0x6A, 0xAC, 0xAF, 0xCD, 0xDA, 0xB7, 0x16, 0x01, 0xFC, 0x6F, 0xA7,
    0xAF, 0x96, 0xEF, 0xEB, 0x6E, 0x0F, 0x26, 0xA5, 0x82, 0xB0, 0xC0, 0x1B, 0x70, 0x41, 0x77, 0x67,
    0x6F, 0xA4, 0x8C, 0x17, 0xA4, 0xB2, 0x8B, 0xBE, 0xF1, 0x9D, 0xA5, 0x49, 0x13, 0xCA, 0x4A, 0xC2,
    0x16, 0xB7, 0x00, 0x9C, 0xAC, 0x3D, 0x09, 0xB6, 0xB1, 0xB9, 0xCD, 0xB2, 0x31, 0x92, 0x04, 0x7E,
    0xE2, 0x73, 0x6C, 0x1F, 0x24, 0x87, 0x02, 0xFE, 0x43, 0xE8, 0xEB, 0xE3, 0x03, 0x0F, 0x5B, 0xFD,
    0x07, 0x9D, 0x58, 0x41, 0x8C, 0x1C, 0xC7, 0x75, 0x7D, 0x3D, 0x6D, 0xB1, 0x03, 0x77, 0xA2, 0x4A,
    0x0E, 0x31, 0x20, 0xD3, 0x54, 0xDF, 0x13, 0x49, 0x85, 0x00, 0x49, 0xB0, 0x08, 0x66, 0xB7, 0x5A,
    0xD4, 0x41, 0x07, 0x1E, 0xA8, 0x7B, 0xAC, 0xE8, 0xE2, 0x00, 0x09, 0x10, 0x87, 0x02, 0x4C, 0xCB,
    0x44, 0x20, 0x4D, 0xB7, 0xA4, 0x83, 0x0F, 0x3A, 0x90, 0xB9, 0x03, 0x71, 0x0E, 0x3E, 0x29, 0x49,
    0xB8, 0x16, 0x85, 0x88, 0x49, 0x76, 0xA6, 0x8B, 0xDA, 0x03, 0x0F, 0x3A, 0xA4, 0xC5, 0x0D, 0xA2,
    0x03, 0x0F, 0xEC, 0x15, 0x15, 0x08, 0xE0, 0xC2, 0xD9, 0x22, 0x59, 0xD4, 0x36, 0x77, 0xAB, 0xBB,
    0xF2, 0x3E, 0x86, 0x23, 0x2C, 0x2D, 0xDB, 0x30, 0x54, 0xDD, 0xFF, 0x61, 0xA6, 0x7B, 0xEA, 0xFF,
    0x5F, 0xF5, 0xDF, 0xFF, 0xBF, 0x76, 0x71, 0xF2, 0x21, 0x10, 0x63, 0x9D, 0x8E, 0x4D, 0xA7, 0x5A,
    0xE5, 0x8A, 0x36, 0x73, 0x45, 0xC8, 0xDC, 0xA4, 0xCF, 0xBA, 0xBC, 0xCD, 0x3B, 0x65, 0x55, 0xAB,
    0x6B, 0x65, 0x45, 0x4C, 0x59, 0x58, 0x03, 0x5D, 0x8B, 0x54, 0x30, 0x65, 0xD2, 0xD4, 0x8B, 0x3C,
    0xFA, 0xA1, 0xD8, 0xEB, 0x83, 0x79, 0xD0, 0x87, 0xE9, 0x85, 0x87, 0x61, 0xFA, 0xDA, 0xBD, 0x5E,
    0x1F, 0xDC, 0xE8, 0x9F, 0x38, 0xFB, 0xB6, 0x87, 0x49, 0x9D, 0x08, 0x66, 0x99, 0xC3, 0x22, 0xEF,
    0xD0, 0x5C, 0xB6, 0x30, 0xB1, 0x46, 0x4E, 0x9B, 0x32, 0x92, 0x7B, 0xCE, 0x20, 0x8F, 0xC1, 0xA0,
    0x78, 0x79, 0x4E, 0x8D, 0xDD, 0x7C, 0x81, 0xF5, 0xCD, 0x30, 0xC7, 0xDA, 0x0F, 0xC3, 0x80, 0xE9,
    0x15, 0x17, 0x50, 0xDC, 0x6A, 0x03, 0x50, 0x5C, 0x23, 0xE8, 0xD3, 0x3D, 0x60, 0x4E, 0x7B, 0x88,
    0x4E, 0xC2, 0x3E, 0x41, 0x47, 0x0B, 0x64, 0x23, 0x80, 0x93, 0x23, 0x92, 0x18, 0xBB, 0x6C, 0xBC,
    0xEC, 0x55, 0x97, 0xF6, 0x85, 0x9D, 0xF4, 0xFA, 0xCC, 0xA7, 0xBD, 0xF9, 0xFE, 0x8F, 0xBC, 0xD9,
    0xFA, 0x81, 0xD3, 0x71, 0xC7, 0x69, 0x9B, 0x39, 0x5D, 0xE7, 0x9D, 0x2E, 0xF3, 0xCE, 0x40, 0xB5,
    0x14, 0x2B, 0x82, 0x6F, 0x24, 0xC0, 0x42, 0xB5, 0x69, 0x8C, 0x5E, 0x7D, 0xFE, 0x05, 0xE7, 0xBE,
    0x19, 0x74, 0x99, 0xF4, 0x46, 0xE6, 0xBF, 0x71, 0xC5, 0xEB, 0xF0, 0xF8, 0x7C, 0x53, 0xE6, 0xED,
    0x6A, 0xFE, 0x6A, 0x1D, 0x45, 0xCD, 0x75, 0xE8, 0x9A, 0xEB, 0x30, 0x25, 0xD7, 0x61, 0x64, 0x1D,
    0x06, 0x6B, 0xE7, 0xFB, 0x4A, 0xD6, 0x31, 0x43, 0x71, 0xD3, 0x2E, 0x80, 0xA2, 0x1E, 0x80, 0xA6,
    0x0D, 0x48, 0xE3, 0x10, 0x90, 0xBF, 0x13, 0x09, 0x67, 0x7E, 0xD2, 0x23, 0x8B, 0x59, 0x8F, 0x49,
    0x48, 0x3D, 0x30, 0xF1, 0x50, 0x01, 0xDF, 0x59, 0xC7, 0x33, 0xEB, 0x28, 0xF8, 0x3A, 0xFC, 0x76,
    0x12, 0x36, 0xE8, 0xCB, 0x5B, 0x5E, 0xED, 0xF8, 0xEC, 0xBE, 0x9B, 0x44, 0x07, 0xDE, 0xA6, 0xA3,
    0x03, 0x49, 0xF3, 0x19, 0xF2, 0x38, 0xC2, 0x1C, 0x46, 0x54, 0xA5, 0x29, 0xE7, 0x30, 0x25, 0x60,
    0x20, 0xEE, 0xAD, 0xB9, 0x0A, 0xE7, 0x69, 0xD8, 0xB8, 0x05, 0x0A, 0x37, 0x60, 0xE2, 0x02, 0x26,
    0xB4, 0x97, 0x44, 0x0F, 0x54, 0x2D, 0xA0, 0x1F, 0xF2, 0x7B, 0xB4, 0x39, 0x03, 0x5F, 0xB4, 0xB9,
    0x2B, 0xCA, 0xAC, 0x03, 0xF2, 0x8E, 0x57, 0x3B, 0xDD, 0x54, 0x76, 0x8D, 0x62, 0xBA, 0x0A, 0xEA,
    0xA3, 0x58, 0xAA, 0xB8, 0x6D, 0x55, 0xBC, 0x5E, 0x17, 0xB7, 0x63, 0xA9, 0xED, 0x00, 0x8E, 0xC2,
    0x32, 0xFA, 0xDC, 0x88, 0x48, 0x33, 0xC5, 0xDE, 0x17, 0x01, 0xE6, 0xC1, 0x91, 0xC7, 0x74, 0x8D,
    0x9F, 0xA6, 0xAF, 0xD1, 0x94, 0x3E, 0x68, 0x03, 0x9E, 0x38, 0xFB, 0x66, 0x00, 0xCC, 0xA4, 0x17,
    0xF0, 0xC0, 0x2C, 0x25, 0x2C, 0x18, 0x3C, 0x32, 0x81, 0x60, 0x24, 0x78, 0xF9, 0x08, 0x19, 0xCA,
    0x4E, 0xBE, 0xF0, 0x85, 0x5D, 0x92, 0xE1, 0xBB, 0x0B, 0xEA, 0xEB, 0x08, 0xDC, 0xC4, 0x05, 0xC9,
    0xD0, 0x2F, 0x64, 0x13, 0x87, 0x15, 0x19, 0x2C, 0x41, 0x3F, 0x4F, 0x30, 0xCF, 0xAF, 0x34, 0x3F,
    0x22, 0x43, 0x0B, 0x9C, 0x10, 0x7D, 0xC5, 0x43, 0xE8, 0x9A, 0x74, 0xE0, 0x9E, 0x64, 0x63, 0x63,
    0x25, 0x58, 0x12, 0xAE, 0x82, 0x48, 0x77, 0x83, 0x6A, 0x67, 0x98, 0xF4, 0xCA, 0x2E, 0xE4, 0xB9,
    0xA5, 0x5E, 0x2B, 0x3A, 0xB5, 0xD5, 0x82, 0x2E, 0x3E, 0x0C, 0x58, 0xFB, 0x60, 0x3B, 0xF6, 0x38,
    0x7F, 0x65, 0x9B, 0xC1, 0xA9, 0xEE, 0xC7, 0x17, 0x3D, 0xF5, 0x0D, 0xE2, 0xB8, 0xEE, 0xE9, 0xAA,
    0x68, 0x2E, 0xAC, 0x68, 0x96, 0xB4, 0x28, 0x5A, 0x5D, 0x8A, 0x66, 0x53, 0x52, 0x33, 0x6D, 0xA5,
    0x5E, 0xD9, 0x0A, 0x7C, 0x4E, 0x2C, 0xF8, 0x8B, 0x05, 0x34, 0x29, 0x33, 0xC0, 0x04, 0x53, 0x06,
    0x6C, 0x3C, 0x63, 0xC0, 0x85, 0x4D, 0xCD, 0x5E, 0x0F, 0xE3, 0x8B, 0xE8, 0xE8, 0xC3, 0x89, 0x58,
    0x62, 0x35, 0x66, 0x89, 0x23, 0x7E, 0xF2, 0x02, 0x31, 0xD9, 0x7E, 0xB1, 0x05, 0x26, 0xFB, 0x85,
    0x05, 0x10, 0x23, 0x01, 0xDA, 0x13, 0x92, 0x78, 0x09, 0x45, 0xA4, 0x63, 0x7B, 0x03, 0x02, 0xC6,
    0xC9, 0x80, 0x45, 0xD2, 0x70, 0x31, 0x62, 0x64, 0x8E, 0x80, 0x2D, 0x84, 0x3C, 0x24, 0x41, 0x87,
    0x49, 0xBF, 0xB6, 0x95, 0xFA, 0xF3, 0x57, 0x53, 0x6F, 0x5C, 0xEA, 0xE8, 0xB1, 0x03, 0x28, 0x93,
    0x33, 0xDD, 0x89, 0x7D, 0xFA, 0x1B, 0x95, 0xBD, 0x6A, 0x6E, 0x59, 0xFF, 0x46, 0xB4, 0x8D, 0xAB,
    0x6A, 0x26, 0x76, 0x0D, 0x54, 0x9F, 0x01, 0x59, 0x1C, 0x81, 0x82, 0xA4, 0x82, 0x01, 0x9F, 0x35,
    0xA5, 0xAE, 0x51, 0x39, 0x5D, 0x42, 0x16, 0x09, 0x5D, 0x1A, 0x40, 0xC3, 0x60, 0x12, 0x51, 0x21,
    0x8F, 0x58, 0xE0, 0x49, 0x4D, 0xC3, 0xA7, 0x9E, 0xC3, 0x20, 0xDC, 0x0D, 0xB4, 0x41, 0x00, 0x92,
    0x40, 0x91, 0xE0, 0x2B, 0x86, 0xA8, 0x10, 0x76, 0x1B, 0x66, 0x12, 0xAE, 0x6E, 0x44, 0x87, 0xF7,
    0x9B, 0xCB, 0x1D, 0xCC, 0x8E, 0xEA, 0x70, 0x6C, 0xE4, 0x31, 0x96, 0x30, 0x62, 0x3C, 0xDE, 0xF9,
    0x29, 0x12, 0xF9, 0x20, 0x39, 0xCD, 0xA0, 0xC6, 0x1E, 0xAC, 0x22, 0x3D, 0xBF, 0xB2, 0x08, 0xA4,
    0xD7, 0xDF, 0xF2, 0x48, 0x6F, 0xBE, 0xED, 0xF8, 0x55, 0xF6, 0xC9, 0x64, 0x02, 0xFB, 0xDD, 0xB1,
    0x72, 0x70, 0x6C, 0x4C, 0xE9, 0xF2, 0xC9, 0xBE, 0xE1, 0x32, 0x7C, 0x55, 0xE3, 0xC1, 0x70, 0xAB,
    0x44, 0x75, 0xB6, 0xC1, 0x72, 0x24, 0xBB, 0x24, 0x7C, 0x16, 0x7B, 0x46, 0xE2, 0x5F, 0x42, 0xF4,
    0xA6, 0x1B, 0xEE, 0xFB, 0xF5, 0xCD, 0xA3, 0x1D, 0xB7, 0xF6, 0xDA, 0xD1, 0xB6, 0x9B, 0x7E, 0xB0,
    0xFF, 0xA2, 0x2B, 0x6E, 0xDD, 0xCA, 0x3B, 0x14, 0x73, 0xD5, 0x42, 0x5F, 0x25, 0x18, 0xA7, 0x2C,
    0x4C, 0x57, 0x10, 0x2C, 0x41, 0xF6, 0x0D, 0x0D, 0xCC, 0x2A, 0x82, 0xF3, 0xDC, 0xE6, 0x5D, 0x1A,
    0x1B, 0xC7, 0x44, 0x3A, 0x8A, 0x9E, 0x04, 0xBB, 0x76, 0xA3, 0x97, 0xFA, 0x39, 0x11, 0x3C, 0x73,
    0x83, 0x24, 0x37, 0x2F, 0xB3, 0xA6, 0xD4, 0xE6, 0x6F, 0x58, 0x55, 0x4A, 0xFD, 0xCA, 0x6D, 0x67,
    0x4A, 0x7D, 0xF1, 0x23, 0x67, 0xA0, 0x17, 0x66, 0xAC, 0xA0, 0xFD, 0x66, 0x8C, 0x30, 0xAD, 0x3B,
    0x18, 0xA9, 0xB5, 0xF9, 0x78, 0x00, 0xDF, 0x30, 0xB2, 0x42, 0xEA, 0xBC, 0x4B, 0x62, 0x64, 0x05,
    0x22, 0xF5, 0x5A, 0x25, 0x57, 0x27, 0xF4, 0xCB, 0x89, 0x27, 0x43, 0x4E, 0x97, 0x52, 0xBF, 0xAC,
    0xD6, 0xCB, 0x5A, 0x2D, 0x34, 0xD4, 0x5D, 0xB1, 0x2D, 0xD4, 0xD3, 0x97, 0x23, 0xA9, 0xA7, 0xE3,
    0x3B, 0x25, 0xA9, 0x77, 0x74, 0x06, 0xC6, 0x9B, 0xEB, 0xA3, 0xC4, 0x53, 0xE2, 0x73, 0x72, 0x00,
    0xF5, 0x0A, 0xA1, 0x9D, 0xEA, 0x32, 0x2F, 0x7A, 0xF4, 0x99, 0x1D, 0x6F, 0xBE, 0x7F, 0xC5, 0xE9,
    0x0B, 0x1F, 0x38, 0x7D, 0xEE, 0x73, 0xA7, 0x2F, 0xBE, 0xD3, 0xE9, 0x7F, 0xA5, 0x76, 0x5A, 0x30,
    0xED, 0xAA, 0x17, 0x14, 0x35, 0x64, 0xBC, 0x9E, 0xD5, 0x93, 0x58, 0x39, 0xAE, 0xB7, 0x57, 0xD7,
    0x3E, 0x0E, 0x45, 0x4D, 0xF2, 0xBD, 0x78, 0xA3, 0x37, 0x2F, 0xBF, 0xE7, 0xCD, 0x5F, 0xFD, 0xC0,
    0xEB, 0x73, 0xB7, 0x9D, 0x3E, 0xBB, 0xED, 0xF4, 0x82, 0xF5, 0xD3, 0xB3, 0x7E, 0xB6, 0x39, 0x79,
    0xF4, 0xA8, 0x7E, 0xAE, 0x6C, 0x1F, 0xEB, 0x3F, 0x27, 0xD9, 0x7F, 0x52, 0x9F, 0x71, 0x55, 0xB2,
    0x26, 0xDA, 0xE4, 0x27, 0xC3, 0xD4, 0xDA, 0x78, 0xA6, 0xB0, 0xEB, 0xD3, 0xA2, 0x36, 0x9E, 0x6B,
    0x6C, 0xA5, 0x0A, 0x67, 0x24, 0x76, 0x11, 0x36, 0xFD, 0xC6, 0xB0, 0xE9, 0xAF, 0x86, 0xCA, 0xB9,
    0xA0, 0xEF, 0xED, 0x86, 0xEC, 0xFE, 0xB5, 0x3E, 0xDF, 0x7B, 0xAB, 0x57, 0xB7, 0xB8, 0x1F, 0x3F,
    0x4F, 0x9D, 0x0A, 0x24, 0xBF, 0x67, 0x5F, 0x73, 0x59, 0xA7, 0xA9, 0xD3, 0x70, 0x36, 0x00, 0xDA,
    0xDD, 0x6B, 0x73, 0xDA, 0x2E, 0xEE, 0x8C, 0x30, 0xFF, 0x0B, 0x54, 0xD1, 0xE3, 0xDB, 0x51, 0x48,
    0x37, 0xA2, 0xC2, 0x02, 0x33, 0x0C, 0xC4, 0x81, 0x57, 0xC0, 0x90, 0x04, 0xC4, 0x7F, 0xEA, 0x51,
    0xC5, 0x0E, 0xF9, 0x58, 0xA2, 0x68, 0x93, 0x60, 0xD8, 0x25, 0x37, 0xFD, 0xC4, 0x37, 0xF4, 0x56,
    0x33, 0xC1, 0x32, 0x0A, 0x63, 0x43, 0xC9, 0xB9, 0x16, 0x7A, 0x7E, 0x2D, 0xD6, 0xEA, 0x56, 0x6C,
    0x8B, 0xB8, 0xDB, 0xE9, 0x87, 0x9F, 0xB6, 0xBA, 0x8D, 0xD6, 0xD4, 0x33, 0xCE, 0x05, 0xE7, 0x26,
    0xF4, 0x3B, 0xE9, 0x1B, 0xEA, 0xD0, 0x9C, 0xBF, 0x9C, 0xBB, 0x9C, 0xAF, 0x24, 0xA2, 0x36, 0xE7,
    0x2E, 0x8B, 0x16, 0x5E, 0x87, 0x8D, 0xA5, 0x9F, 0x90, 0x72, 0xCF, 0xA1, 0x6B, 0x82, 0x29, 0x05,
    0xB0, 0x82, 0x4A, 0x60, 0x41, 0xCD, 0x04, 0xE3, 0x30, 0x60, 0xD3, 0x23, 0xA0, 0x71, 0x04, 0x4D,
    0x4B, 0x90, 0x86, 0x4E, 0xF6, 0x4C, 0x3C, 0x81, 0x79, 0xC8, 0x5E, 0xE7, 0xA0, 0x6C, 0xF6, 0x08,
    0xE8, 0x6A, 0x07, 0xB1, 0xB2, 0xCC, 0xC0, 0xA4, 0xE9, 0x01, 0x51, 0x84, 0x34, 0x96, 0x15, 0xB2,
    0x6D, 0x96, 0xB0, 0xFC, 0x7A, 0x39, 0xE7, 0x5B, 0xC9, 0xF0, 0x1E, 0x81, 0xD3, 0x04, 0x3E, 0xFC,
    0xFB, 0x80, 0xE2, 0xA3, 0x7B, 0x3D, 0xF4, 0xE5, 0x43, 0x0F, 0x33, 0x36, 0x84, 0x9E, 0xE6, 0x8D,
    0xD3, 0x0E, 0x95, 0x55, 0x04, 0xB6, 0xDA, 0x65, 0x79, 0x27, 0x14, 0x56, 0xA0, 0x7E, 0x7C, 0x09,
    0x8F, 0x1B, 0x9A, 0x89, 0xA1, 0xC5, 0xD7, 0x35, 0x94, 0xB7, 0x1B, 0x64, 0x8A, 0x9B, 0x29, 0xBB,
    0xE9, 0xA3, 0x40, 0x2C, 0xEA, 0xEA, 0x5E, 0xD4, 0xB5, 0xBE, 0xFF, 0x5F, 0xBA, 0xCC, 0x0E, 0x2E,
    0x1A, 0xE4, 0xFB, 0x79, 0x25, 0xD0, 0x40, 0x0D, 0x19, 0x13, 0x20, 0x10, 0x0A, 0x9F, 0x0E, 0x28,
    0x5C, 0x1A, 0xA0, 0x5B, 0x82, 0xB1, 0x04, 0x8E, 0xD4, 0x0B, 0xB8, 0x15, 0x64, 0x02, 0x34, 0x42,
    0x68, 0xC5, 0x50, 0xFB, 0xB8, 0x21, 0xFB, 0x75, 0x0D, 0x7D, 0xB5, 0x9A, 0x37, 0x49, 0xB4, 0x33,
    0x18, 0xEE, 0xC3, 0x1C, 0xC3, 0xB2, 0x9A, 0x23, 0x68, 0x56, 0xF4, 0xB5, 0xAD, 0x49, 0x7F, 0xFE,
    0xEA, 0x44, 0xAA, 0xB9, 0x2F, 0xDA, 0x54, 0x62, 0x3A, 0xCF, 0x47, 0x0C, 0x4F, 0x16, 0x08, 0x4F,
    0x3E, 0x87, 0xA0, 0xC6, 0x24, 0x9C, 0x18, 0xF8, 0x34, 0x30, 0xD0, 0xAC, 0xB7, 0x49, 0x20, 0xA1,
    0x28, 0x26, 0xFE, 0xD8, 0xBD, 0x1F, 0x63, 0xE7, 0x8E, 0x62, 0xCB, 0x4A, 0xCF, 0x12, 0x51, 0x58,
    0x2C, 0x26, 0x3E, 0xBD, 0xF9, 0x82, 0xCF, 0xDF, 0x7E, 0xC1, 0xA9, 0x8F, 0x48, 0xBA, 0x81, 0x62,
    0x49, 0xDD, 0x78, 0xB6, 0xCD, 0xE2, 0x59, 0x26, 0xC5, 0xF1, 0x03, 0x9F, 0x29, 0xCD, 0x9D, 0x88,
    0x22, 0x0E, 0x98, 0xC4, 0x16, 0x32, 0x26, 0x51, 0xBE, 0x07, 0x98, 0x77, 0x2F, 0xA1, 0x91, 0x33,
    0x64, 0xB4, 0x24, 0x8E, 0x03, 0x72, 0x91, 0x6E, 0x29, 0xE7, 0x5A, 0x70, 0x2D, 0x2C, 0xD8, 0x94,
    0x1F, 0x53, 0x84, 0x5C, 0x03, 0xC0, 0x43, 0xE7, 0xB1, 0xA4, 0xCF, 0x7F, 0x83, 0xA4, 0xD7, 0x92,
    0xF4, 0xA5, 0x24, 0x3D, 0x60, 0xB0, 0x94, 0x8A, 0xB2, 0xA0, 0x0C, 0x4B, 0x39, 0x37, 0x20, 0xA5,
    0x4E, 0x35, 0x5E, 0x76, 0x2C, 0x60, 0x0E, 0xDF, 0x7A, 0xC1, 0x25, 0xF1, 0xC8, 0x65, 0x31, 0xB2,
    0xA8, 0xE9, 0x95, 0xCE, 0x56, 0x74, 0xAE, 0x53, 0xE7, 0xF4, 0x58, 0x21, 0x39, 0x16, 0x83, 0xF0,
    0x65, 0x47, 0x8D, 0x76, 0xFE, 0x6B, 0x3A, 0xAA, 0x93, 0x8E, 0x2A, 0x7E, 0x03, 0xD9, 0xA3, 0xC5,
    0xAA, 0x96, 0x62, 0x97, 0x52, 0xD8, 0x24, 0xB6, 0x2A, 0xF6, 0x66, 0x6F, 0x68, 0x30, 0xCE, 0xA9,
    0x44, 0x5C, 0x0C, 0xD2, 0x12, 0x27, 0x01, 0x27, 0x69, 0xC9, 0xE3, 0xAE, 0xC7, 0xAE, 0x43, 0x6C,
    0x97, 0x89, 0x50, 0xC9, 0x11, 0x56, 0x6A, 0x61, 0xEC, 0x21, 0x87, 0x58, 0xD0, 0xE9, 0x9E, 0x7A,
    0x0E, 0x7B, 0xE8, 0x33, 0x64, 0xBE, 0x79, 0xFD, 0x47, 0x1E, 0x72, 0x92, 0x85, 0x8E, 0x3B, 0x04,
    0x9B, 0x11, 0x6A, 0xDA, 0xD5, 0x25, 0xC1, 0x88, 0x75, 0x82, 0x5D, 0x42, 0xDE, 0x82, 0x04, 0x72,
    0x58, 0xB0, 0x0E, 0x48, 0x31, 0x70, 0x08, 0xA8, 0xEE, 0xF9, 0x50, 0xEA, 0x83, 0x61, 0x6C, 0xB3,
    0xBD, 0xE7, 0xA2, 0xCD, 0xF7, 0x98, 0xEA, 0x6A, 0x87, 0xD6, 0x94, 0xFD, 0x73, 0x47, 0x48, 0xA5,
    0x0E, 0xE4, 0x84, 0xC3, 0xA6, 0x95, 0x3A, 0x50, 0x23, 0x61, 0x5C, 0x65, 0xFC, 0x35, 0x65, 0x80,
    0x1E, 0xC3, 0x44, 0xF6, 0x92, 0x4D, 0xA2, 0x20, 0x8B, 0x9E, 0x78, 0xE1, 0xB6, 0x03, 0x1B, 0x83,
    0x3C, 0x53, 0x9F, 0x9D, 0xFB, 0x72, 0x7F, 0xF5, 0x57, 0xF7, 0x57, 0x0A, 0x75, 0x67, 0x9C, 0x62,
    0xB1, 0x7C, 0x66, 0x4A, 0x59, 0xAB, 0x9C, 0xE6, 0x55, 0xB1, 0xD4, 0x45, 0x97, 0xDF, 0xFE, 0xC4,
    0xA9, 0x9B, 0xEF, 0x74, 0xEA, 0x16, 0xCB, 0x7F, 0x60, 0xC1, 0xF3, 0x6C, 0x69, 0xD4, 0xA6, 0x2D,
    0xE7, 0xCB, 0xC1, 0x83, 0xE3, 0xA7, 0x94, 0x73, 0x3E, 0x6F, 0x93, 0x48, 0x35, 0x24, 0xD3, 0xA6,
    0x27, 0x9B, 0x08, 0xD1, 0x56, 0x8C, 0x71, 0xAD, 0xDD, 0xF7, 0x98, 0x74, 0x77, 0x03, 0x0D, 0xDD,
    0x1E, 0x0C, 0xF2, 0x4F, 0x46, 0x03, 0x75, 0xEB, 0x95, 0x19, 0xD4, 0xFF, 0xA9, 0x05, 0x8A, 0xA0,
    0x98, 0x74, 0x3E, 0x97, 0x4A, 0x98, 0xAD, 0x92, 0xAE, 0xF1, 0x20, 0x31, 0xA0, 0x59, 0xF3, 0x84,
    0xE4, 0xBF, 0x2F, 0xE7, 0x4F, 0x1A, 0x56, 0xA1, 0xB0, 0xCF, 0x7D, 0x47, 0xD7, 0x3C, 0xA4, 0x95,
    0xA6, 0xA7, 0xB4, 0x06, 0x15, 0x1A, 0xC9, 0x4D, 0x98, 0xD8, 0xE3, 0x44, 0xAC, 0x81, 0xAA, 0xDF,
    0x22, 0xD1, 0xFA, 0xFC, 0x4E, 0xC3, 0x64, 0x89, 0x6D, 0xD2, 0xEC, 0xB7, 0x09, 0xE7, 0xE6, 0x81,
    0x8E, 0x9F, 0xA2, 0xE3, 0xA7, 0xE8, 0x78, 0x20, 0x61, 0x3B, 0xCE, 0x07, 0x2F, 0x76, 0x17, 0x49,
    0x94, 0x09, 0x39, 0x96, 0x77, 0x0D, 0xCC, 0x83, 0x58, 0x9F, 0xFF, 0xCF, 0x68, 0x17, 0xF1, 0x5C,
    0x5D, 0x0D, 0xB4, 0xDE, 0xAD, 0x48, 0x5D, 0x7D, 0x95, 0xD4, 0x90, 0x02, 0x21, 0xD2, 0xF3, 0x66,
    0x87, 0x19, 0x99, 0xA4, 0x8A, 0x9D, 0x41, 0xD1, 0xD7, 0xA7, 0x59, 0xF3, 0xA2, 0x24, 0xA4, 0x07,
    0x9E, 0x2A, 0x71, 0xA2, 0x2D, 0x6A, 0xCD, 0x24, 0x99, 0x5E, 0x30, 0xB8, 0x70, 0x7E, 0xC4, 0xEC,
    0xA8, 0x87, 0x89, 0xDD, 0xA3, 0xE3, 0xD0, 0x09, 0xAE, 0x52, 0x6A, 0xA3, 0x2A, 0x5F, 0x75, 0x06,
    0xFF, 0xB1, 0x1B, 0x60, 0x96, 0x9D, 0x8C, 0xF3, 0xEB, 0x22, 0x3A, 0xB3, 0x17, 0x9A, 0x24, 0x90,
    0xE3, 0x62, 0x6A, 0xD2, 0x4B, 0xF1, 0x4B, 0x9D, 0xDC, 0x99, 0x83, 0x54, 0xD6, 0x16, 0x8A, 0xB7,
    0xCD, 0x3C, 0x80, 0x22, 0x10, 0xA6, 0xCF, 0xAE, 0xC0, 0x04, 0x82, 0xEA, 0xF0, 0xF8, 0xD0, 0x3D,
    0x84, 0xCC, 0x40, 0x3A, 0x4A, 0x5F, 0x61, 0x4E, 0x72, 0xFA, 0xAA, 0x03, 0xFC, 0xDA, 0x26, 0xC6,
    0x31, 0x17, 0x18, 0x04, 0x24, 0x56, 0x34, 0x1F, 0x03, 0x74, 0x49, 0x4A, 0x1F, 0xBE, 0x82, 0x4A,
    0x5A, 0xD4, 0x13, 0x97, 0x4B, 0xAA, 0x07, 0x90, 0xB5, 0x68, 0x3E, 0x97, 0xEE, 0x68, 0x75, 0x59,
    0x59, 0xBE, 0xAF, 0xF9, 0xBE, 0x3E, 0xF6, 0xBE, 0x43, 0xF3, 0xF3, 0x57, 0xB9, 0x4F, 0x9B, 0x7C,
    0x5F, 0x7F, 0x75, 0xFE, 0x3D, 0xCE, 0xBF, 0xFF, 0x2B, 0xE7, 0x17, 0xF5, 0x95, 0xEE, 0x46, 0x77,
    0xBB, 0xAD, 0xDA, 0xDC, 0xE6, 0xF6, 0x44, 0x9D, 0xB7, 0x5B, 0x7F, 0xE2, 0xB6, 0xFE, 0xC8, 0xF5,
    0xA6, 0xF3, 0xE9, 0xAE, 0x4B, 0xA3, 0x43, 0x53, 0x3F, 0x87, 0x06, 0x11, 0xAF, 0x03, 0xF8, 0x1E,
    0x25, 0xC8, 0xB9, 0xB5, 0x64, 0x56, 0x74, 0x14, 0x9F, 0xF6, 0xAC, 0xBF, 0x7D, 0x1A, 0x32, 0x7E,
    0xCA, 0x5C, 0xEE, 0x72, 0x26, 0x97, 0x8A, 0x11, 0x14, 0xF6, 0xDC, 0xC2, 0x15, 0x52, 0xFD, 0x98,
    0xCA, 0x9A, 0x99, 0x67, 0xC8, 0x7B, 0x73, 0x87, 0x84, 0xA4, 0x83, 0x55, 0xEC, 0x81, 0x0D, 0x00,
    0x6F, 0x00, 0xCC, 0x0B, 0x2B, 0x5B, 0xA7, 0x6B, 0x5D, 0x0A, 0xA5, 0x2A, 0x54, 0x65, 0xE3, 0x98,
    0x4C, 0x9B, 0x4D, 0x27, 0xF9, 0x45, 0x21, 0x89, 0x29, 0x58, 0x56, 0xEB, 0x0A, 0xBA, 0x5C, 0xB6,
    0x0F, 0x83, 0x01, 0x95, 0xA4, 0x7E, 0x39, 0xA2, 0xB9, 0x1B, 0x6D, 0xFF, 0xDE, 0xDD, 0xD6, 0xBF,
    0xB7, 0xDB, 0x36, 0xBB, 0x91, 0xDA, 0x16, 0x8C, 0xF3, 0x53, 0x2A, 0x2E, 0xCC, 0x7E, 0xA8, 0x26,
    0xBE, 0xB9, 0x84, 0x73, 0x8C, 0xFC, 0x00, 0x8C, 0x00, 0x31, 0xAC, 0xCA, 0x15, 0x1F, 0xFA, 0x5F,
    0xA4, 0x83, 0x70, 0xA1, 0x87, 0xE4, 0xD5, 0x93, 0x72, 0xAB, 0x20, 0xCF, 0x13, 0xD6, 0x13, 0x21,
    0x52, 0x5F, 0xBD, 0xD5, 0xC7, 0x4F, 0x7B, 0x77, 0xDB, 0x3D, 0xB8, 0xD9, 0x9A, 0x9F, 0xD4, 0xDF,
    0x30, 0x00, 0xEF, 0x0A, 0x12, 0xDB, 0xF9, 0xAF, 0x50, 0x3E, 0x20, 0x8B, 0x65, 0x76, 0xBD, 0x66,
    0xFB, 0xCF, 0xA2, 0x70, 0x70, 0x3D, 0x73, 0xEB, 0x45, 0xB7, 0x6E, 0xBA, 0x37, 0x62, 0x5B, 0xED,
    0xDB, 0xEA, 0xA2, 0xAD, 0x0A, 0xFB, 0x5B, 0xBA, 0xE6, 0xE2, 0x84, 0x37, 0xBF, 0x4C, 0x67, 0xB2,
    0xD2, 0x99, 0x8E, 0x48, 0x63, 0x9D, 0xEE, 0xD8, 0x74, 0xBB, 0x66, 0xCF, 0x49, 0x06, 0x21, 0x51,
    0x16, 0x83, 0x3A, 0x1C, 0x75, 0xDD, 0x98, 0xD5, 0xB4, 0xDF, 0x6C, 0x9D, 0xBC, 0x2D, 0xBE, 0x59,
    0x43, 0x86, 0x5F, 0x67, 0x3A, 0x49, 0xBE, 0xEC, 0x5B, 0x93, 0xAB, 0xB6, 0xBA, 0xA4, 0x6C, 0xE3,
    0x94, 0xED, 0xDF, 0x2F, 0xAC, 0x7F, 0xBF, 0xA8, 0x1B, 0xC7, 0x18, 0xD5, 0xBF, 0xD8, 0xA3, 0x66,
    0xC7, 0x52, 0x3A, 0x3C, 0x96, 0xD2, 0x62, 0x14, 0xC9, 0x3F, 0x02, 0x50, 0x14, 0x8D, 0x49, 0x1C,
    0xBF, 0xEC, 0xA9, 0xEB, 0xBF, 0xC7, 0x3D, 0x38, 0xF8, 0x67, 0x98, 0xF8, 0x5D, 0x3C, 0xAD, 0x3C,
    0x64, 0x18, 0xB9, 0xA8, 0x6F, 0xCE, 0x2B, 0xEB, 0xFE, 0x00, 0xA7, 0xCE, 0x6F, 0xE0, 0x99, 0x57,
    0xB7, 0x50, 0xDC, 0xF3, 0xC8, 0xF6, 0x5B, 0xE8, 0x11, 0x30, 0x97, 0xA8, 0xF6, 0xAD, 0xD3, 0x6D,
    0x11, 0x77, 0xDA, 0x8D, 0x7F, 0xFB, 0xDC, 0xCE, 0x92, 0xFD, 0xF2, 0x83, 0xB7, 0x47, 0x5C, 0x79,
    0xA7, 0x47, 0xA5, 0x1E, 0xF5, 0x6E, 0xF7, 0x87, 0x87, 0x55, 0xAC, 0xC6, 0x8C, 0xB4, 0xC6, 0xA4,
    0x46, 0x6E, 0x27, 0x23, 0x74, 0x87, 0xBF, 0x6B, 0xB1, 0xD9, 0xA2, 0xB1, 0x30, 0x40, 0xE6, 0x8B,
    0x30, 0x7D, 0x76, 0xFA, 0xAC, 0x09, 0xAA, 0xC3, 0xDF, 0x92, 0xD0, 0x65, 0xFA, 0x31, 0xD2, 0x0E,
    0xB9, 0xC7, 0x3A, 0xB0, 0x05, 0x34, 0xB4, 0x57, 0x03, 0xDA, 0x43, 0xDC, 0xCE, 0xEB, 0xA2, 0x7C,
    0x5A, 0xEF, 0xD8, 0x69, 0xBC, 0x67, 0x5F, 0x6B, 0x7F, 0x68, 0xAF, 0xD4, 0x7F, 0x6A, 0xAF, 0xF0,
    0xFA, 0x59, 0xDC, 0xA9, 0x2F, 0x34, 0x67, 0xB1, 0x41, 0x26, 0xAB, 0x28, 0xBF, 0x95, 0xC4, 0x62,
    0x41, 0xAF, 0xE2, 0xF2, 0xFF, 0x2D, 0x3E, 0x0B, 0xDA, 0x62, 0x30, 0xC0, 0x9C, 0x32, 0x50, 0x82,
    0xB1, 0x59, 0x5F, 0x1C, 0x4A, 0xC4, 0x62, 0x2D, 0x95, 0x1A, 0xC9, 0x5F, 0xAE, 0x7E, 0xDF, 0xF3,
    0xF7, 0x43, 0xF1, 0xA1, 0x6B, 0xCC, 0x93, 0xD3, 0xCA, 0xFC, 0xCE, 0xD4, 0x18, 0x15, 0x66, 0xE6,
    0x74, 0x3F, 0x37, 0x7B, 0x2E, 0xA8, 0xB8, 0xED, 0x27, 0xE3, 0xA3, 0x43, 0x82, 0x5D, 0x4A, 0x21,
    0x2E, 0x3E, 0x7F, 0xE9, 0x25, 0x73, 0xF6, 0x20, 0x18, 0x1D, 0x47, 0xB3, 0xF1, 0xAC, 0xA9, 0xAA,
    0xFF, 0x36, 0xB3, 0x7F, 0xEF, 0xCC, 0xFC, 0x7C, 0xBB, 0x31, 0x37, 0xF5, 0xBC, 0xC1, 0x24, 0x98,
    0x43, 0x1E, 0x1B, 0x62, 0xB4, 0xD2, 0xF3, 0xF0, 0x14, 0x33, 0x39, 0x89, 0x37, 0x23, 0xE8, 0x01,
    0x49, 0xBD, 0x3B, 0x30, 0xAC, 0x36, 0x48, 0x64, 0x7B, 0xA6, 0x20, 0x7A, 0x03, 0x73, 0xD7, 0x13,
    0x0E, 0x09, 0xD3, 0x3F, 0x73, 0x4C, 0xB6, 0xFB, 0x6E, 0x81, 0x7C, 0xC7, 0xCD, 0x21, 0x23, 0x08,
    0xF4, 0x94, 0xC9, 0xA3, 0x23, 0xE3, 0x13, 0xEF, 0x36, 0x16, 0x4D, 0x8C, 0xE0, 0x0A, 0x3E, 0x83,
    0x04, 0x13, 0xFA, 0x5A, 0x0F, 0x98, 0x17, 0xFF, 0x82, 0x90, 0x9F, 0x22, 0x64, 0x3D, 0xE1, 0xF4,
    0x58, 0x42, 0xDF, 0x89, 0x5E, 0xCA, 0xC3, 0x88, 0x49, 0x8C, 0x03, 0x38, 0x7E, 0x77, 0xA5, 0x54,
    0xD7, 0x3D, 0x10, 0x6F, 0x38, 0x24, 0xBB, 0x9F, 0x74, 0x48, 0x8E, 0xA2, 0x45, 0xF5, 0xF5, 0x95,
    0x06, 0xE2, 0x7C, 0x59, 0x61, 0x30, 0x13, 0xF9, 0xD6, 0x25, 0xAA, 0x1B, 0x29, 0xB1, 0x9E, 0x95,
    0xBA, 0x15, 0xCF, 0xF3, 0x9A, 0x8D, 0xBB, 0xCD, 0xBB, 0x9F, 0x75, 0xCA, 0xBA, 0x96, 0xB9, 0xF3,
    0x3F, 0x11, 0xD2, 0x07, 0xB3, 0x58, 0x43, 0xC6, 0x37, 0x4B, 0x41, 0x2D, 0x08, 0x83, 0x2F, 0x51,
    0xF4, 0x35, 0x79, 0x3B, 0x87, 0x44, 0x38, 0x40, 0x1D, 0xC5, 0x3E, 0xA0, 0xF8, 0xF0, 0x6E, 0x08,
    0x74, 0xA7, 0x7B, 0xD8, 0xC3, 0xA4, 0xBB, 0x07, 0x0E, 0xC6, 0x4D, 0x88, 0xB3, 0x0B, 0x69, 0x6C,
    0x31, 0x5D, 0x13, 0x9D, 0xEB, 0xEF, 0xAB, 0x11, 0x50, 0xB4, 0x08, 0x19, 0xD9, 0xF2, 0xB4, 0xFD,
    0xD8, 0xDF, 0x0F, 0x15, 0x57, 0xB3, 0x5C, 0x47, 0x8F, 0x7C, 0x7C, 0xB7, 0x5C, 0x3E, 0x35, 0x65,
    0x42, 0xAD, 0x27, 0xB2, 0x97, 0x61, 0xF4, 0x99, 0x53, 0x30, 0xF1, 0xA3, 0x01, 0xE6, 0xE8, 0x28,
    0x40, 0x7F, 0x18, 0x1D, 0x54, 0x5D, 0x3D, 0xCA, 0xDF, 0x2F, 0xC1, 0x51, 0x12, 0x1E, 0x12, 0xCB,
    0xD3, 0x2E, 0x89, 0x07, 0x07, 0xC2, 0x35, 0xA9, 0xC8, 0x4D, 0x51, 0x32, 0xCC, 0xA2, 0x4F, 0xCA,
    0x8C, 0xB0, 0xC7, 0xE8, 0xB3, 0x96, 0xFA, 0xAE, 0x77, 0xD0, 0x3B, 0xDB, 0x3D, 0x54, 0x7C, 0x53,
    0xAA, 0x24, 0x5E, 0x82, 0x0C, 0x69, 0xE8, 0x59, 0xCF, 0x8E, 0x7E, 0x31, 0xB0, 0xA5, 0xC7, 0xC0,
    0x9E, 0xDE, 0x07, 0x36, 0xF5, 0xDD, 0x50, 0x74, 0x64, 0x25, 0x60, 0x26, 0x84, 0x2A, 0xF5, 0xC0,
    0x2C, 0x75, 0xC0, 0x42, 0x60, 0xC8, 0x08, 0x21, 0xEF, 0x96, 0x90, 0x04, 0xD5, 0x22, 0xE9, 0xB9,
    0xC0, 0x6F, 0x97, 0xE0, 0x48, 0x62, 0x47, 0x44, 0x16, 0x3D, 0x11, 0xAA, 0xED, 0x03, 0x00, 0x8D,
    0xAD, 0xE1, 0xC2, 0x4B, 0xD8, 0x50, 0xFD, 0x38, 0x30, 0xFF, 0xFE, 0xF8, 0x41, 0x64, 0x90, 0x5E,
    0x7F, 0xF5, 0x7E, 0xDC, 0x37, 0xF5, 0xEB, 0xD5, 0x27, 0xFB, 0xFF, 0xC0, 0x30, 0xEA, 0xB3, 0x17,
    0x01, 0x18, 0x54, 0x44, 0xF0, 0xDC, 0x49, 0x84, 0x8A, 0x8E, 0xB8, 0x4C, 0x3A, 0xE0, 0xFF, 0x01,
    0xC5, 0xDA, 0x01, 0x84, 0x25, 0x5B, 0x7A, 0x07, 0xF0, 0x5F, 0x55, 0x65, 0x52, 0xD9, 0x57, 0xB2,
    0xB5, 0xA4, 0xC3, 0x2E, 0xF6, 0x15, 0x04, 0x83, 0xDD, 0xBE, 0x00, 0x4F, 0x4C, 0x4F, 0xD5, 0xCB,
    0x03, 0x2C, 0xD2, 0xC8, 0x00, 0x62, 0x21, 0xB0, 0x20, 0x10, 0x3C, 0x74, 0xF7, 0x2D, 0x59, 0x2C,
    0x16, 0x06, 0x02, 0xC0, 0x20, 0x00, 0x24, 0x78, 0x18, 0x32, 0xE3, 0x16, 0x8B, 0x05, 0xB8, 0x32,
    0x62, 0xB1, 0x50, 0xB1, 0xC9, 0x06, 0x83, 0xAD, 0x8D, 0xBB, 0x72, 0x9F, 0x57, 0xF7, 0x9E, 0xD4,
    0x51, 0x6E, 0xDE, 0x8D, 0xCE, 0x9B, 0xF0, 0xFA, 0xF6, 0x74, 0xDD, 0xF3, 0x1D, 0x60, 0xE6, 0xFE,
    0x7F, 0xE7, 0x1B, 0xDF, 0xA9, 0x69, 0x4D, 0xDD, 0xB2, 0xEC, 0x08, 0x9D, 0x64, 0xAA, 0x2C, 0xAC,
    0xE5, 0x53, 0x95, 0x5F, 0xF4, 0xAA, 0x5F, 0x0C, 0xEA, 0x9F, 0x0F, 0x96, 0x9F, 0x0C, 0x42, 0xB6,
    0x49, 0xF6, 0xD9, 0x26, 0x1B, 0xB3, 0x6D, 0x1E, 0xC2, 0x58, 0x4E, 0x55, 0x4D, 0x55, 0x77, 0xC9,
    0x6E, 0xD9, 0xDA, 0x39, 0x7E, 0x8A, 0x96, 0xAA, 0xA3, 0x6C, 0x58, 0xBE, 0xE9, 0xB3, 0xF0, 0x45,
    0x5F, 0x7E, 0xBE, 0x5A, 0x57, 0xDD, 0xA2, 0xAB, 0x9B, 0xAA, 0xAB, 0x55, 0xDD, 0xD2, 0xA2, 0x9D,
    0xAB, 0x6E, 0x96, 0x56, 0xEA, 0x5F, 0x06, 0x55, 0x58, 0xC9, 0x3F, 0xBF, 0x71, 0xFC, 0xB8, 0xC2,
    0x0E, 0x2F, 0x21, 0x69, 0x28, 0x37, 0xD4, 0x23, 0x8F, 0x5F, 0x62, 0x20, 0xEF, 0xF8, 0xA0, 0x81,
    0xFF, 0xDB, 0xF2, 0xC5, 0x64, 0x79, 0x3B, 0x59, 0x26, 0x47, 0xFD, 0x93, 0xC9, 0x92, 0x0D, 0x26,
    0x47, 0x32, 0x4E, 0x96, 0x10, 0xBE, 0xB4, 0xAC, 0x93, 0xC9, 0x62, 0xB7, 0x6C, 0xEC, 0xB8, 0x24,
    0x1B, 0x29, 0xF7, 0xFC, 0xE1, 0x53, 0x5C, 0x91, 0x0C, 0x64, 0x6B, 0xF8, 0xDA, 0xA6, 0x4B, 0xA4,
    0x3D, 0xC9, 0x27, 0x2D, 0x65, 0x8F, 0x7A, 0xC0, 0xF8, 0x8A, 0xE4, 0xC5, 0x63, 0x0E, 0x06, 0x33,
    0x22, 0x2A, 0x22, 0x43, 0x74, 0x88, 0x10, 0x51, 0x22, 0x52, 0x44, 0x8B, 0x88, 0x11, 0x35, 0x22,
    0x47, 0xF4, 0x88, 0x20, 0x51, 0x24, 0x92, 0x44, 0x93, 0x19, 0xC5, 0x19, 0x3E, 0x23, 0xE9, 0xA5,
    0x03, 0xC5, 0x96, 0xFA, 0x82, 0x97, 0xD5, 0x5D, 0x54, 0x8F, 0x20, 0x6F, 0xA3, 0xAA, 0x7B, 0x10,
    0x55, 0xD2, 0x90, 0xF6, 0x18, 0x4E, 0xA8, 0x4A, 0x37, 0x28, 0x46, 0xF8, 0x08, 0x7A, 0x8A, 0x7F,
    0x6E, 0x59, 0x0C, 0x18, 0xB7, 0xEF, 0x89, 0xE6, 0x15, 0xE9, 0x1E, 0xDF, 0x8D, 0x39, 0x26, 0xDE,
    0x10, 0x79, 0x16, 0xD7, 0xBC, 0x5A, 0xDC, 0x85, 0x07, 0xD5, 0x4F, 0xF0, 0xA7, 0x7B, 0x5C, 0x9E,
    0x21, 0x6D, 0x3D, 0x48, 0xFB, 0xC4, 0x93, 0xED, 0x7C, 0x18, 0x1A, 0x67, 0x67, 0x60, 0x72, 0x3A,
    0x8D, 0x33, 0x69, 0x44, 0x52, 0x14, 0x45, 0x50, 0xF2, 0xFC, 0xF1, 0xBD, 0x8F, 0xBB, 0xDB, 0xD9,
    0x4F, 0x3C, 0x02, 0x9D, 0x61, 0x20, 0x5D, 0x03, 0x43, 0xC5, 0xE6, 0x9A, 0xD5, 0xC8, 0xA2, 0x3F,
    0xED, 0x18, 0x3C, 0xC3, 0x13, 0x0C, 0xC0, 0xA7, 0x13, 0xF4, 0xBA, 0x6A, 0xD4, 0x7B, 0x8A, 0xCD,
    0x1D, 0x6C, 0x8F, 0x50, 0x34, 0xE4, 0xED, 0xBD, 0x1B, 0x92, 0x86, 0xAC, 0x23, 0xE9, 0x4F, 0x6C,
    0x48, 0xFB, 0xB9, 0xD1, 0xC9, 0x47, 0xF8, 0x47, 0xD2, 0x8E, 0xA4, 0xB9, 0x57, 0x8B, 0x97, 0x64,
    0x3B, 0x92, 0xBF, 0x3C, 0xEA, 0x4B, 0x73, 0x42, 0xD3, 0xF9, 0x0F, 0xB0, 0xDC, 0xE3, 0xF2, 0x5B,
    0x71, 0x7B, 0x64, 0xF6, 0x88, 0xA0, 0x28, 0x8A, 0xA4, 0x7B, 0x1F, 0x09, 0xC5, 0x9B, 0xCE, 0x22,
    0x34, 0xBE, 0xF5, 0x7B, 0x27, 0x6E, 0xD9, 0xF3, 0x6F, 0x30, 0x9C, 0x1F, 0xB7, 0xE7, 0xDE, 0xC7,
    0x41, 0xCC, 0x7E, 0x55, 0x36, 0x2E, 0x16, 0x2C, 0xA2, 0x6D, 0x73, 0xD2, 0x71, 0x90, 0x4C, 0x19,
    0xD2, 0xA9, 0xB2, 0xDD, 0xB3, 0xBF, 0xC8, 0xB6, 0xC4, 0xCA, 0x37, 0x73, 0x15, 0x03, 0x53, 0xCE,
    0x2E, 0x56, 0xF9, 0xEF, 0xCF, 0x9A, 0x6A, 0x3D, 0xC7, 0x5A, 0x74, 0xD4, 0xB1, 0xFE, 0xE5, 0x59,
    0x53, 0x87, 0xD0, 0x2E, 0x43, 0x68, 0x1C, 0x3F, 0xD7, 0xD8, 0xE1, 0x0A, 0x8B, 0x8D, 0x24, 0xEC,
    0x15, 0x9F, 0xAF, 0x94, 0xFD, 0xA2, 0x5D, 0x74, 0xE5, 0x94, 0x77, 0xAA, 0xBF, 0xFB, 0x61, 0xB7,
    0x0C, 0x21, 0x56, 0x5B, 0xA3, 0xFE, 0xF5, 0x6B, 0x65, 0xD8, 0x4A, 0x43, 0xCB, 0xF1, 0x13, 0x33,
    0x8E, 0xD8, 0xC0, 0x23, 0x2C, 0xE3, 0x39, 0xAF, 0x79, 0xD3, 0x51, 0xB4, 0x9C, 0xE3, 0x31, 0xDC,
    0xB6, 0x44, 0x47, 0xAC, 0x81, 0xE2, 0x77, 0xCF, 0x9A, 0xFF, 0xB1, 0xAC, 0x79, 0xB7, 0xE5, 0x92,
    0x6C, 0x47, 0xB9, 0xE7, 0x83, 0x73, 0x3C, 0xC1, 0xE1, 0xED, 0xCD, 0xB1, 0x69, 0x92, 0x4C, 0x1D,
    0x88, 0x9E, 0x10, 0x62, 0xB5, 0xCB, 0x67, 0xCF, 0x9A, 0x25, 0xEA, 0xE6, 0x7B, 0x93, 0x69, 0x77,
    0x64, 0x6A, 0x2E, 0xE5, 0xDB, 0x41, 0x19, 0x06, 0x55, 0xD5, 0x9E, 0x34, 0x6F, 0xF5, 0x49, 0x3B,
    0x35, 0xBB, 0xF5, 0x4F, 0x81, 0xE1, 0xD5, 0x1D, 0x32, 0x4A, 0x1A, 0x94, 0xF8, 0xCE, 0xF7, 0xB1,
    0x14, 0x43, 0xB6, 0xE4, 0x6F, 0xD6, 0x7C, 0xF0, 0xF1, 0x0B, 0x0E, 0xB9, 0xC5, 0xE0, 0x62, 0x72,
    0x31, 0x7A, 0xCC, 0x3E, 0x87, 0x8F, 0xE9, 0xE7, 0xF8, 0x62, 0x76, 0xF3, 0xB6, 0x36, 0x13, 0xA2,
    0x61, 0x46, 0x44, 0xC5, 0xCC, 0x10, 0x33, 0x89, 0x10, 0x38, 0xC3, 0x4B, 0xF4, 0xF3, 0x45, 0x38,
    0xB2, 0x78, 0xCA, 0xAB, 0xEA, 0x2E, 0xAA, 0x33, 0x5C, 0x4C, 0xA6, 0x0F, 0x59, 0x8A, 0xA2, 0x08,
    0x8A, 0x9E, 0x93, 0x76, 0x41, 0x12, 0xAB, 0xC7, 0x70, 0xC2, 0xEC, 0x65, 0x8B, 0x7A, 0x8D, 0xB4,
    0x43, 0xD1, 0x50, 0x7F, 0xE3, 0xD0, 0x96, 0xFF, 0x88, 0x6D, 0xF9, 0xDB, 0xF7, 0xD1, 0x96, 0xC3,
    0x7B, 0xE4, 0x37, 0xF1, 0x64, 0xE2, 0x0D, 0x33, 0xEF, 0x9A, 0xD7, 0x77, 0xE2, 0xE1, 0xF5, 0x13,
    0xE9, 0x6F, 0x06, 0xC9, 0xC7, 0x0D, 0xDF, 0x71, 0xBF, 0x2D, 0x42, 0xFE, 0xAF, 0x9D, 0x6F, 0xAE,
    0x5A, 0x67, 0x7F, 0x0C, 0xBE, 0x6C, 0xD5, 0xCD, 0x9D, 0x2C, 0xB7, 0xB2, 0xFF, 0xFE, 0xC7, 0xCF,
    0xEF, 0x7B, 0xB8, 0xDE, 0xCE, 0x7E, 0xE2, 0x81, 0x7B, 0x46, 0x68, 0xB2, 0xD0, 0xA5, 0x3F, 0x6D,
    0x95, 0x5C, 0xF1, 0xF7, 0x44, 0x87, 0xB8, 0x36, 0xF2, 0x41, 0x11, 0x97, 0xB2, 0x17, 0xD7, 0x3A,
    0x12, 0x16, 0x71, 0xA9, 0x5B, 0x75, 0x63, 0x39, 0x2D, 0x56, 0x04, 0x9C, 0x49, 0x82, 0x3C, 0x34,
    0xD9, 0x9F, 0x37, 0xCE, 0x79, 0xC9, 0x0B, 0xC8, 0x86, 0xB8, 0xF2, 0x5E, 0x31, 0xAD, 0xB5, 0xB2,
    0x9B, 0x97, 0xAA, 0xB5, 0x88, 0x7F, 0x89, 0x5A, 0x5C, 0xF6, 0xF6, 0x76, 0xC9, 0x98, 0x4E, 0x9F,
    0x6C, 0x3B, 0x7D, 0x36, 0xF9, 0x50, 0x4C, 0x9F, 0xB2, 0x2F, 0xD7, 0xD5, 0x7C, 0x0F, 0x76, 0xC0,
    0xB9, 0xA5, 0x0B, 0x9E, 0x12, 0xE2, 0x72, 0x0D, 0xC6, 0xC8, 0x4A, 0x27, 0x70, 0x4C, 0x7E, 0xF8,
    0xD2, 0xE1, 0xF0, 0xA5, 0x87, 0xEF, 0x05, 0x50, 0x51, 0xC7, 0x98, 0x14, 0xFB, 0x86, 0x55, 0xE8,
    0xA5, 0xE1, 0x87, 0x5B, 0xC5, 0x26, 0xDD, 0xA9, 0xD6, 0x82, 0xBA, 0xB3, 0x52, 0x37, 0x56, 0x56,
    0xAC, 0x84, 0xC3, 0x66, 0x3F, 0x67, 0xB5, 0x13, 0xA4, 0xA3, 0x55, 0xEC, 0x77, 0xDD, 0x95, 0x83,
    0xC5, 0xEF, 0x56, 0x9D, 0x22, 0xEC, 0xB1, 0xEA, 0xDD, 0x7A, 0x2A, 0xA8, 0x9B, 0x28, 0x80, 0xC5,
    0x56, 0x12, 0x42, 0x93, 0xEF, 0x56, 0x5D, 0xB9, 0x8E, 0xAD, 0x2C, 0x86, 0x5A, 0x3E, 0x55, 0xD1,
    0x2F, 0x95, 0xB1, 0xBA, 0xBA, 0xA9, 0xDB, 0xC5, 0xAF, 0x83, 0x32, 0x4C, 0xBA, 0xF0, 0xDC, 0xF1,
    0xE3, 0x15, 0x46, 0x6C, 0x61, 0xD1, 0x20, 0x74, 0xA4, 0x6F, 0x3B, 0xE4, 0x2D, 0xCE, 0xE1, 0x0A,
    0xDC, 0x2F, 0xF3, 0x8C, 0x74, 0x4F, 0x11, 0xC8, 0x2B, 0x9C, 0x63, 0x4B, 0x32, 0xF0, 0xF5, 0xA1,
    0x8F, 0xA0, 0xC4, 0xB7, 0x9F, 0x60, 0x85, 0x34, 0x34, 0xE4, 0xBF, 0xE8, 0x28, 0xFF, 0x6C, 0x7D,
    0xFF, 0xAA, 0xE3, 0xFF, 0xDC, 0x6C, 0xC9, 0x77, 0x54, 0x7F, 0xCD, 0x45, 0xD9, 0xDC, 0x41, 0x75,
    0x06, 0x4F, 0xA2, 0xEA, 0xFB, 0x0F, 0xA4, 0xBA, 0xC4, 0x80, 0xCF, 0x4E, 0xA8, 0xAA, 0x5A, 0x62,
    0x38, 0xFE, 0xA8, 0x43, 0x81, 0x9B, 0xEF, 0x92, 0x84, 0x48, 0x7B, 0x1B, 0x69, 0x3F, 0x7E, 0x1F,
    0xB4, 0x1B, 0x08, 0xF0, 0x03, 0xF8, 0x1E, 0xB6, 0x7F, 0x43, 0x36, 0xA2, 0xFA, 0x07, 0x3C, 0x8D,
    0xCA, 0x83, 0x53, 0x84, 0x8A, 0x52, 0x91, 0x2A, 0x5A, 0x45, 0xAC, 0xA8, 0x15, 0xB9, 0xA2, 0x57,
    0x04, 0x8B, 0x62, 0x91, 0x7C, 0x30, 0x83, 0xDD, 0x47, 0x64, 0xBF, 0x19, 0x48, 0x93, 0x06, 0xDF,
    0xF6, 0x40, 0x4D, 0x25, 0xDB, 0xF4, 0xCA, 0x55, 0xE7, 0x0F, 0x1E, 0x01, 0xB6, 0x11, 0x3E, 0xBB,
    0x9F, 0xDE, 0xA5, 0xB9, 0x47, 0xA6, 0x96, 0xE2, 0xE7, 0x1D, 0x1F, 0x24, 0xCF, 0x1F, 0x6C, 0x6C,
    0xDE, 0x82, 0x9D, 0x7C, 0x94, 0x46, 0x1C, 0xC5, 0x1A, 0xAA, 0x16, 0x9E, 0x82, 0x3F, 0x01, 0x10,
    0xED, 0xD5, 0x24, 0x0C, 0xC3, 0x22, 0xEA, 0xC7, 0x3A, 0xF2, 0xF7, 0xD7, 0xA2, 0x7F, 0xAB, 0xEE,
    0x22, 0x23, 0x9E, 0xC0, 0xB4, 0xC4, 0x15, 0x8E, 0xF6, 0xFD, 0x61, 0xED, 0xCC, 0xE7, 0x30, 0x1F,
    0xC4, 0x7C, 0x12, 0xF3, 0x51, 0x98, 0xCF, 0xE2, 0x70, 0x18, 0x65, 0x87, 0xFA, 0x10, 0x33, 0x19,
    0x60, 0x46, 0xA7, 0xC3, 0xA4, 0xFE, 0x64, 0x98, 0xD8, 0x3F, 0x5B, 0x4F, 0xEE, 0xB7, 0xDD, 0x04,
    0x0F, 0xCD, 0x24, 0xDF, 0xA9, 0x15, 0x83, 0xC9, 0xBD, 0x7E, 0xC7, 0x3F, 0xE1, 0xBC, 0x87, 0x6C,
    0x80, 0x64, 0x03, 0xB6, 0xC0, 0xC3, 0x48, 0xAB, 0xF6, 0xA0, 0xCD, 0xD7, 0xC8, 0xFA, 0x93, 0x49,
    0x2D, 0x1A, 0x08, 0x9D, 0xC3, 0x05, 0x29, 0x6F, 0xE1, 0x1C, 0x5C, 0x3D, 0x8C, 0xD7, 0x19, 0xD2,
    0x3D, 0x8A, 0x80, 0xBC, 0x72, 0x48, 0xB4, 0x3D, 0x6D, 0xA3, 0xB3, 0xCD, 0x80, 0x32, 0xF4, 0xE2,
    0xB0, 0x6F, 0x1F, 0xB0, 0xC5, 0xE5, 0x8F, 0x3B, 0xEA, 0x5F, 0x75, 0xDC, 0x84, 0x86, 0xCF, 0x6E,
    0x4E, 0x66, 0x7C, 0x9F, 0x8A, 0xAF, 0x98, 0x51, 0xEA, 0x06, 0xCE, 0x4F, 0x03, 0x72, 0x7B, 0x44,
    0x19, 0x61, 0x8B, 0x62, 0xB0, 0x52, 0x0E, 0x82, 0xB2, 0xB7, 0x57, 0xAE, 0xC5, 0xE9, 0x9B, 0x4C,
    0x5B, 0x97, 0x8E, 0x16, 0x71, 0xAB, 0xBB, 0x6C, 0x82, 0xB7, 0x71, 0x6B, 0xB2, 0x8D, 0x65, 0x93,
    0x0F, 0x96, 0x0E, 0x7F, 0x70, 0xD5, 0x54, 0x6B, 0xCB, 0x6E, 0xD9, 0xA9, 0x43, 0xA0, 0x0C, 0x3B,
    0xD2, 0xFF, 0xFF, 0x7B, 0xCB, 0x75, 0x3E, 0x94, 0x5D, 0xD1, 0x97, 0x5D, 0xB9, 0xAE, 0x62, 0xB5,
    0xE5, 0xC4, 0xAA, 0xE6, 0x1F, 0x51, 0x59, 0xB4, 0x75, 0xB4, 0x34, 0x93, 0xF2, 0x6D, 0x50, 0x85,
    0xA5, 0x7C, 0x5B, 0xBF, 0x63, 0xD2, 0x2E, 0x1B, 0x92, 0xC3, 0x4B, 0x2B, 0x45, 0x8B, 0x73, 0xF8,
    0x14, 0xEE, 0x97, 0x79, 0xEB, 0xA5, 0xF5, 0x02, 0x1B, 0x92, 0x17, 0x7C, 0x6D, 0xE8, 0xFF, 0xBA,
    0x3A, 0x1A, 0x78, 0x0A, 0xFE, 0x8A, 0x23, 0x51, 0xD9, 0x44, 0x52, 0xD5, 0x44, 0xD3, 0x42, 0x44,
    0xDD, 0x44, 0xD5, 0x7E, 0x8C, 0xAC, 0xD0, 0x47, 0xD7, 0xBE, 0x89, 0xB0, 0xD1, 0x2C, 0x9B, 0x69,
    0xB3, 0x6D, 0xC6, 0xCD, 0xBA, 0x99, 0x37, 0xFB, 0x44, 0xE0, 0x2C, 0x3C, 0x10, 0x0F, 0xEF, 0x65,
    0x30, 0x22, 0xE9, 0x39, 0xE0, 0xFE, 0x33, 0xEA, 0x7E, 0x35, 0x6D, 0xE5, 0x9B, 0x7E, 0xF2, 0xFD,
    0xB2, 0x9B, 0x80, 0xA1, 0x99, 0x84, 0x3B, 0x13, 0xB1, 0x17, 0x8D, 0x22, 0x52, 0x54, 0x8A, 0x4C,
    0xD1, 0x29, 0x42, 0x0F, 0xC4, 0x6C, 0x80, 0x74, 0x00, 0x5B, 0xE0, 0x41, 0xA4, 0x87, 0xAB, 0xE3,
    0x90, 0x2C, 0x3B, 0x9D, 0xD4, 0xB2, 0x41, 0x72, 0x7C, 0x75, 0x14, 0x47, 0x57, 0xC7, 0xA7, 0x0F,
    0xE1, 0xFD, 0x8A, 0xAB, 0xE3, 0x02, 0x36, 0x48, 0x5E, 0x9C, 0x8C, 0x9F, 0xFF, 0xDB, 0xE1, 0xEA,
    0xE0, 0x7C, 0xD9, 0x3E, 0x5C, 0x8B, 0x6F, 0x5D, 0x1D, 0xD7, 0xA7, 0x32, 0xBE, 0x57, 0xC5, 0x57,
    0x0C, 0x58, 0x23, 0xD8, 0x9E, 0x04, 0xF4, 0xEE, 0x11, 0xAE, 0xC6, 0xA2, 0xA1, 0x6C, 0x29, 0x3A,
    0x44, 0x46, 0x36, 0xD6, 0x6D, 0xB1, 0xA9, 0xBB, 0xAA, 0xAF, 0xD6, 0x75, 0x57, 0xF6, 0x2B, 0xC5,
    0x6F, 0x77, 0xF2, 0xFF, 0x1A, 0x65, 0x61, 0x90, 0x86, 0xB5, 0x24, 0xB4, 0x04, 0xEC, 0xB1, 0x23,
    0x89, 0x35, 0x92, 0x8E, 0x64, 0xB1, 0xB6, 0xC8, 0x7B, 0xB2, 0x81, 0x64, 0xE3, 0x60, 0x4A, 0xC6,
    0xF8, 0xC9, 0xB6, 0xC6, 0x6C, 0xB0, 0x2B, 0x7A, 0xAF, 0xCB, 0xCE, 0xCD, 0xA2, 0x51, 0xD7, 0xD4,
    0xAF, 0x59, 0x8C, 0x2C, 0x36, 0x54, 0x43, 0xB4, 0x53, 0x75, 0xD4, 0x24, 0x7B, 0x56, 0x5B, 0x56,
    0x3D, 0x3F, 0x3A, 0x65, 0xC6, 0xA3, 0x27, 0x5B, 0x53, 0x0C, 0xE4, 0xDD, 0x21, 0x67, 0x3A, 0xE7,
    0x1C, 0x0F, 0x39, 0xAB, 0xD6, 0x4D, 0xCC, 0x79, 0x43, 0x1D, 0x73, 0x6E, 0xE7, 0x9C, 0x55, 0x4F,
    0xD9, 0x51, 0xB5, 0x73, 0xD6, 0x1D, 0xCB, 0xED, 0x85, 0x55, 0xBF, 0xF2, 0x23, 0x57, 0xB8, 0x24,
    0x3F, 0xFC, 0x7E, 0xC8, 0x05, 0xAE, 0x48, 0x07, 0xD2, 0x96, 0x93, 0x5A, 0x1E, 0x61, 0xD5, 0xCD,
    0xF3, 0xE9, 0x67, 0x1D, 0x45, 0xCB, 0x53, 0x3C, 0x3E, 0xE9, 0xD9, 0x7B, 0x94, 0x34, 0xEA, 0x9F,
    0x36, 0x42, 0xE0, 0xB7, 0xE3, 0x69, 0x0D, 0x69, 0xFF, 0x99, 0x62, 0x3B, 0x28, 0x57, 0xBD, 0x0F,
    0xCB, 0xF6, 0x94, 0xB9, 0xFF, 0x1B, 0x64, 0x8F, 0xB1, 0x8E, 0xD4, 0x30, 0x14, 0x45, 0x4F, 0xC6,
    0x42, 0x91, 0x48, 0xE1, 0x6D, 0xB6, 0x76, 0x4F, 0xE3, 0x1F, 0x58, 0xAD, 0xA3, 0x6D, 0x69, 0x99,
    0xCF, 0x61, 0x12, 0xA0, 0xD8, 0xDF, 0xE0, 0x0F, 0xB6, 0x9D, 0x62, 0x76, 0x63, 0x31, 0x05, 0x05,
    0x05, 0x06, 0x7E, 0xC0, 0x62, 0x3B, 0x2A, 0x83, 0x52, 0x44, 0x60, 0xC7, 0xD8, 0x8A, 0x90, 0x10,
    0x44, 0xEF, 0xBE, 0xFB, 0x5E, 0xEE, 0x7D, 0x57, 0xF2, 0xE5, 0x9E, 0x21, 0xD7, 0xBA, 0xDC, 0xEF,
    0xFB, 0x21, 0x67, 0x5B, 0xF1, 0xCF, 0xBC, 0xAF, 0x9E, 0xF2, 0xF5, 0x5B, 0xFF, 0xFF, 0x0F, 0x17,
    0x04, 0xE1, 0xA5, 0x55, 0x18, 0x6B, 0x9C, 0xB1, 0xBA, 0x6F, 0x9D, 0x0C, 0x3A, 0xC8, 0x50, 0xD8,
    0x1A, 0xAE, 0x8A, 0xA1, 0xB3, 0xDA, 0x1B, 0xAF, 0xCB, 0xAE, 0xFA, 0x03, 0x47, 0x2E, 0xA8, 0x45,
    0x50, 0x08, 0x7F, 0x40, 0xDA, 0x88, 0xDA, 0x05, 0xCC, 0x39, 0x62, 0xBE, 0xA4, 0xCA, 0xE8, 0x9B,
    0x99, 0xD6, 0xBD, 0x44, 0x7D, 0xCF, 0xE8, 0x1F, 0x19, 0x59, 0xB8, 0xEE, 0xD5, 0x6B, 0x44, 0xE0,
    0x4A, 0x58, 0x2E, 0x1A, 0x4A, 0xF2, 0x49, 0x3F, 0x26, 0xF3, 0x98, 0xF4, 0xE7, 0x54, 0x34, 0x75,
    0x33, 0x1F, 0x5A, 0x7F, 0xEC, 0xC6, 0xAA, 0x49, 0x57, 0x60, 0x41, 0x6D, 0x78, 0x36, 0x7D, 0x1B,
    0xCD, 0xF6, 0xB0, 0x11, 0x03, 0x0C, 0x1B, 0x78, 0x00, 0x56, 0x20, 0x01, 0x11, 0x9A, 0x0D, 0xEC,
    0x16, 0x10, 0x33, 0x5B, 0x13, 0x01, 0xDA, 0x0D, 0x4F, 0xEF, 0x7E, 0xBE, 0x95, 0x39, 0x07, 0x95,
    0xB3, 0xFF, 0x3B, 0x1F, 0x3D, 0xF2, 0x27, 0xFF, 0x72, 0xDA, 0x6F, 0xD9, 0x13, 0x5B, 0x7E, 0x82,
    0x2E, 0x98, 0x38, 0xA5, 0x9C, 0x72, 0x1C, 0x16, 0xED, 0x54, 0x7F, 0x6C, 0xDD, 0xF0, 0x3A, 0xC9,
    0x30, 0xBC, 0x89, 0xCA, 0x5F, 0x37, 0xB3, 0x1C, 0x77, 0x09, 0x11, 0x01, 0x99, 0xFB, 0x2E, 0x00,
    0xE6, 0xCE, 0x2A, 0x07, 0x1C, 0xA4, 0x35, 0x23, 0x70, 0x92, 0x76, 0x05, 0x88, 0xF2, 0x5D, 0xA4,
    0xB2, 0xBE, 0xAD, 0x36, 0xA6, 0x49, 0xBA, 0x17, 0x3C, 0xE9, 0x4D, 0x32, 0xB7, 0x99, 0x21, 0x28,
    0x9F, 0x75, 0x7E, 0x95, 0x23, 0xBB, 0x68, 0xD4, 0x79, 0x8E, 0xB4, 0xF3, 0xBD, 0x7C, 0xEF, 0xEF,
    0x91, 0x3E, 0xCA, 0x0F, 0xEE, 0x84, 0xB1, 0x51, 0x7E, 0xB4, 0x91, 0x89, 0xA8, 0x9F, 0x7F, 0x5A,
    0x9A, 0xC4, 0x3A, 0x75, 0xBF, 0x82, 0x58, 0x18, 0xA2, 0xC8, 0x4E, 0x7A, 0x94, 0xE7, 0xA1, 0x9C,
    0x8B, 0xA5, 0x0B, 0xD2, 0x29, 0x6B, 0xCA, 0x3C, 0x21, 0xE6, 0x44, 0xF7, 0x75, 0x41, 0x9E, 0x03,
    0xEA, 0xD6, 0x63, 0xA4, 0x05, 0xD3, 0xB3, 0x52, 0x2E, 0x3B, 0x8F, 0xB6, 0x98, 0x11, 0x65, 0xE9,
    0x42, 0xF1, 0x96, 0x93, 0xDA, 0x9B, 0x08, 0x2B, 0x0C, 0x54, 0xAD, 0xD4, 0xCA, 0xAE, 0x98, 0x43,
    0x35, 0x03, 0xD7, 0x00, 0x27, 0xA0, 0x99, 0x01, 0xE1, 0x81, 0xAE, 0x0A, 0xAA, 0xFF, 0x3D, 0xCA,
    0x25, 0x35, 0x40, 0x04, 0x00, 0x2D, 0x92, 0x81, 0x66, 0x1D, 0x41, 0x14, 0x86, 0xFF, 0xDD, 0xA9,
    0x4C, 0x75, 0x30, 0x4A, 0xA3, 0xB4, 0x98, 0x37, 0xE8, 0x3E, 0x41, 0x73, 0x56, 0x83, 0x02, 0x5A,
    0xB4, 0x00, 0xEE, 0x23, 0xDC, 0x17, 0xA8, 0xCC, 0x3C, 0x42, 0x81, 0x00, 0xF2, 0x22, 0xCD, 0xBD,
    0xA3, 0x45, 0x51, 0x74, 0xA0, 0x20, 0xE8, 0x50, 0x51, 0x40, 0x0E, 0xB6, 0x6C, 0x64, 0x77, 0x4F,
    0x4F, 0x36, 0x77, 0xFE, 0x81, 0x3D, 0x7E, 0xDF, 0x9E, 0xF3, 0x9F, 0xC1, 0xBE, 0xB7, 0x52, 0xFC,
    0x15, 0xD3, 0x29, 0x93, 0xE1, 0x68, 0x78, 0x67, 0x79, 0xE7, 0xEA, 0xCE, 0x97, 0xB8, 0x4D, 0x24,
    0x70, 0x03, 0x60, 0x26, 0xB8, 0x11, 0x61, 0x04, 0x0D, 0xB8, 0x63, 0xF3, 0x87, 0xDD, 0x77, 0x0E,
    0xAE, 0x92, 0x8C, 0x24, 0xC3, 0xF1, 0xA6, 0x20, 0xE4, 0x46, 0xE6, 0x56, 0x26, 0x73, 0xFD, 0xC1,
    0xDC, 0x24, 0x27, 0xEC, 0xFF, 0x0E, 0x4F, 0x4E, 0x47, 0x98, 0xE1, 0xB1, 0xE1, 0xB0, 0x51, 0x67,
    0x76, 0x33, 0x70, 0xC4, 0x88, 0xDC, 0x4A, 0x52, 0x66, 0x58, 0xA0, 0xC5, 0x78, 0x53, 0xF6, 0xBE,
    0xAC, 0xFF, 0xCA, 0x24, 0x70, 0xA3, 0x16, 0x6B, 0x94, 0x72, 0xBC, 0x4D, 0x20, 0x60, 0x42, 0x3B,
    0xC0, 0x30, 0x5C, 0x85, 0xCF, 0x08, 0x09, 0x5D, 0x0F, 0x02, 0x1A, 0x25, 0x48, 0x0D, 0x57, 0x1C,
    0x7E, 0xB0, 0x97, 0xEC, 0xA5, 0xA7, 0x4D, 0x56, 0xC8, 0xEC, 0x8B, 0x6C, 0x73, 0x94, 0x5E, 0x39,
    0x47, 0x33, 0x3A, 0xE9, 0x15, 0x3B, 0xFB, 0x3C, 0x87, 0xBC, 0x44, 0xAD, 0xA7, 0x20, 0x68, 0x67,
    0x6C, 0x07, 0x48, 0xC6, 0x8C, 0xF5, 0x4C, 0x86, 0x5D, 0xF5, 0xB9, 0x4B, 0xD4, 0x13, 0x22, 0xF6,
    0xD8, 0x21, 0x82, 0x54, 0x21, 0x19, 0x6E, 0xC7, 0x66, 0xC2, 0x41, 0xCD, 0xD4, 0x8E, 0x86, 0x2D,
    0xFB, 0x12, 0xD2, 0x19, 0x42, 0xD7, 0x07, 0xC9, 0xDD, 0x45, 0x26, 0x97, 0x4F, 0x5C, 0x7E, 0xED,
    0xD3, 0x27, 0xDF, 0x7F, 0xF1, 0x40, 0x4C, 0x46, 0xAA, 0x4E, 0x1F, 0xBE, 0x8E, 0xDD, 0x9B, 0x91,
    0xDA, 0x81, 0x8C, 0x5E, 0x26, 0x5B, 0xE9, 0x22, 0x07, 0xE9, 0xED, 0x08, 0x9C, 0xD9, 0xC5, 0xCF,
    0x61, 0x7A, 0xFA, 0xC0, 0x1C, 0x0C, 0x3F, 0xFF, 0x17, 0x97, 0xB8, 0x60, 0xBF, 0x26, 0x77, 0x3E,
    0x34, 0x66, 0x80, 0x65, 0xF8, 0x02, 0x4A, 0x58, 0x60, 0x46, 0x74, 0xD7, 0xBD, 0xA6, 0xB2, 0x97,
    0xDC, 0xAC, 0x1E, 0x7B, 0xBE, 0x1A, 0xF4, 0x53, 0x32, 0x34, 0x7E, 0x57, 0x1F, 0xB9, 0xFA, 0x6A,
    0x5B, 0x48, 0x83, 0xB9, 0x05, 0xEC, 0x00, 0xCF, 0x20, 0x86, 0x70, 0x7B, 0x57, 0xED, 0xCF, 0xE2,
    0xDF, 0x69, 0x87, 0x79, 0x2F, 0x2C, 0xC2, 0x1F, 0x63, 0x02, 0xF5, 0x46, 0x26, 0x23, 0xA3, 0xFB,
    0xF5, 0x5E, 0xC3, 0xF3, 0x52, 0xC2, 0x6F, 0x7E, 0x61, 0x59, 0x99, 0xCF, 0x5C, 0x3D, 0x59, 0x23,
    0x7C, 0x39, 0x02, 0x2D, 0xA3, 0x63, 0xC8, 0x67, 0x33, 0x42, 0x6D, 0x9D, 0x14, 0xBA, 0x61, 0x7A,
    0xCB, 0x64, 0x99, 0x2E, 0x4A, 0x90, 0x64, 0x6F, 0xD1, 0x09, 0x93, 0xF0, 0xF1, 0x26, 0xA3, 0xEB,
    0xB1, 0x03, 0x26, 0x3C, 0xF4, 0x7E, 0xD8, 0x98, 0x96, 0x13, 0x74, 0x2E, 0xBB, 0xBE, 0x08, 0xFF,
    0x8D, 0x9D, 0x14, 0x77, 0x9F, 0x5B, 0x55, 0x48, 0xD4, 0xBB, 0x39, 0xF4, 0xDC, 0x2E, 0xF0, 0x92,
    0x15, 0x1B, 0xEF, 0x9F, 0x5E, 0x8D, 0xF7, 0xB3, 0x64, 0x27, 0x7D, 0xB3, 0x20, 0x4C, 0x88, 0x15,
    0x67, 0x58, 0xCF, 0x65, 0x3B, 0xAC, 0x2B, 0x38, 0x2C, 0xEC, 0xA0, 0x3E, 0x24, 0x9F, 0xDB, 0x01,
    0x93, 0xEA, 0x12, 0x3B, 0xD5, 0xAC, 0x5A, 0xC3, 0xB5, 0xD5, 0x67, 0xC2, 0x7F, 0x62, 0x60, 0xD0,
    0xB1, 0x60, 0x60, 0xB0, 0x29, 0x01, 0x14, 0x49, 0x07, 0x90, 0x9E, 0x14, 0x01, 0x1C, 0xC7, 0xBF,
    0xFF, 0x1D, 0xD7, 0xCA, 0xD2, 0x06, 0xD5, 0x23, 0x77, 0x0B, 0x00, 0xB2, 0x00, 0x70, 0xCC, 0x12,
    0x00, 0xEE, 0xE1, 0xBD, 0xE0, 0x70, 0x00, 0x88, 0x1E, 0x84, 0x87, 0x34, 0xDB, 0x01, 0x1C, 0x0A,
    0x80, 0x00, 0xC0, 0x1D, 0x38, 0x14, 0x90, 0x66, 0x78, 0x78, 0x08, 0xFE, 0xF5, 0x24, 0x84, 0x5B,
    0xE9, 0x02, 0x68, 0x68, 0xD3, 0x6E, 0x66, 0xF7, 0xD7, 0xEC, 0xFA, 0x13, 0xBE, 0x1F, 0xF0, 0xB3,
    0xC3, 0xCE, 0x50, 0x29, 0xE2, 0x35, 0x19, 0xDD, 0xA5, 0xEA, 0xAF, 0xDB, 0xA1, 0xB9, 0x7D, 0x86,
    0x7D, 0xF6, 0x16, 0xEE, 0xD1, 0x07, 0xF8, 0xFB, 0x0F, 0x51, 0x9E, 0xAC, 0xD7, 0x91, 0xF5, 0xE5,
    0x80, 0x7E, 0x3B, 0xA2, 0xBB, 0x80, 0xBF, 0xFD, 0x10, 0xFB, 0xEA, 0x2A, 0x34, 0x52, 0x5F, 0x6B,
    0xE5, 0xBE, 0xFF, 0x9D, 0x3C, 0xE3, 0xFA, 0x25, 0x70, 0xF0, 0xFD, 0xFE, 0xCD, 0xF6, 0x8F, 0x01,
    0xDB, 0x75, 0x38, 0xC0, 0x03, 0xDF, 0x43, 0x25, 0xE5, 0x56, 0xEE, 0xE9, 0x62, 0xAF, 0x51, 0xDA,
    0x2B, 0x12, 0x94, 0x23, 0xB4, 0xAF, 0x2F, 0xF1, 0x5A, 0x91, 0x16, 0xB0, 0xE1, 0x90, 0x36, 0x8B,
    0xAC, 0x1B, 0xCC, 0x66, 0x34, 0x13, 0xF8, 0xC9, 0x8C, 0xA0, 0x54, 0x8E, 0xB4, 0xEB, 0x52, 0xA9,
    0xB7, 0x8B, 0xAF, 0xD4, 0x1D, 0x16, 0x5B, 0x47, 0x8A, 0x64, 0xBF, 0x1C, 0x78, 0x2F, 0x35, 0xAF,
    0x5E, 0xE3, 0x52, 0xAD, 0x35, 0xCF, 0xAB, 0xAC, 0x19, 0x8D, 0x02, 0x65, 0x2C, 0xD4, 0x53, 0x45,
    0x4E, 0x76, 0xD4, 0x03, 0x0E, 0x0A, 0xAD, 0x60, 0xA4, 0x23, 0x66, 0xBE, 0x8A, 0x79, 0x5C, 0x4E,
    0x94, 0xDB, 0x61, 0x4E, 0x52, 0xE7, 0x33, 0x3C, 0xF9, 0xFB, 0xF1, 0x9C, 0xD7, 0x4D, 0xA4, 0x96,
    0x02, 0x8D, 0x56, 0x68, 0x7F, 0xEE, 0x32, 0x01, 0xB0, 0xFD, 0x46, 0x07, 0xB8, 0x1D, 0x00, 0xBF,
    0x01, 0xC5, 0xC4, 0x41, 0xCA, 0x6D, 0x47, 0x44, 0x28, 0x23, 0xEE, 0x97, 0xC1, 0x48, 0x43, 0x3D,
    0xFB, 0x63, 0x13, 0xDA, 0x60, 0xBB, 0x26, 0x58, 0x9A, 0xE0, 0x68, 0xFB, 0x3D, 0x6C, 0xE7, 0xF0,
    0xD8, 0x5F, 0x45, 0x23, 0x4F, 0x39, 0x7F, 0x0E, 0xC0, 0xBD, 0xCB, 0x73, 0x5A, 0x45, 0x6C, 0x0E,
    0xAE, 0x66, 0x28, 0xA5, 0x40, 0x3B, 0xFB, 0x01, 0x17, 0xCA, 0x1E, 0x01, 0x6F, 0xAC, 0x97, 0x5D,
    0x5E, 0xA9, 0xC7, 0x6E, 0x94, 0x11, 0xA8, 0x36, 0x9C, 0x74, 0xE2, 0xF1, 0x7C, 0xC9, 0xFE, 0xBB,
    0x31, 0x89, 0xCF, 0x38, 0xE8, 0xEB, 0x05, 0x9C, 0x26, 0x28, 0xD5, 0x83, 0xD5, 0xB0, 0xB1, 0x70,
    0xCF, 0x7F, 0xA4, 0x8B, 0x5A, 0xF8, 0xA9, 0x11, 0x6E, 0x62, 0xC5, 0x75, 0x19, 0x8F, 0x5D, 0x50,
    0xB4, 0xC9, 0x28, 0xBE, 0x2B, 0x2D, 0xE7, 0xC5, 0xFE, 0xE3, 0x96, 0x0B, 0x30, 0x23, 0x27, 0xFE,
    0x3F, 0x77, 0xA7, 0x1E, 0x00, 0x78, 0x73, 0xE3, 0x01, 0x50, 0xE8, 0x2B, 0xF6, 0x9B, 0xC7, 0x4B,
    0x14, 0xFA, 0xCE, 0x61, 0xD2, 0xF5, 0x59, 0x1E, 0x7F, 0xBA, 0x8D, 0xBF, 0x81, 0x36, 0xC4, 0x8D,
    0x7F, 0x9F, 0x63, 0x7B, 0x2D, 0xD8, 0x2F, 0x36, 0x9E, 0xFE, 0x98, 0x32, 0x3F, 0x65, 0x6E, 0x6E,
    0x12, 0xED, 0xDD, 0xCD, 0x44, 0xAD, 0x3F, 0x47, 0x8C, 0x34, 0x82, 0xFF, 0x27, 0x42, 0xDD, 0x91,
    0x01, 0xE0, 0x0C, 0x78, 0x08, 0x95, 0x7A, 0xBC, 0xC6, 0xBC, 0x49, 0xD5, 0xF2, 0xED, 0xD4, 0xC4,
    0xF8, 0xB6, 0x0D, 0x11, 0xD7, 0x47, 0xFC, 0x61, 0x40, 0xC5, 0x91, 0x75, 0xCB, 0x84, 0x3D, 0x99,
    0x3C, 0x2F, 0x9F, 0x62, 0x7F, 0x78, 0x14, 0x5A, 0x29, 0x54, 0x12, 0x07, 0x3F, 0xC2, 0x03, 0xF6,
    0x8A, 0x17, 0x2F, 0x9E, 0x57, 0xD2, 0xBA, 0x05, 0x57, 0x47, 0x68, 0x86, 0x46, 0x4A, 0x5B, 0x60,
    0x43, 0x1E, 0x77, 0x56, 0x0B, 0x56, 0x23, 0xEF, 0x3C, 0x89, 0x50, 0xE5, 0xCC, 0x94, 0x4B, 0x50,
    0xE4, 0x58, 0x01, 0x81, 0x87, 0xBD, 0x75, 0xEB, 0x13, 0xD0, 0x42, 0xA9, 0x81, 0x36, 0x91, 0x3B,
    0xC3, 0xAC, 0x13, 0x46, 0xDB, 0x1B, 0x07, 0x17, 0x0F, 0xE7, 0x1F, 0xC7, 0x2A, 0xD6, 0xB1, 0x39,
    0xD6, 0x83, 0x0F, 0xB5, 0x44, 0xA3, 0x29, 0xB7, 0xDF, 0xD7, 0x11, 0x9C, 0x12, 0xE4, 0xFB, 0xCA,
    0xE0, 0x61, 0xC5, 0x9D, 0x58, 0xF0, 0x1C, 0x12, 0x2B, 0x45, 0x32, 0x89, 0x5A, 0x1A, 0x69, 0xF6,
    0x87, 0x31, 0x9F, 0xEE, 0x8B, 0xF7, 0xE7, 0x0E, 0xAC, 0xC2, 0x89, 0x7A, 0xE0, 0xC4, 0x7F, 0x63,
    0x98, 0xC0, 0xC0, 0xC0, 0xEC, 0xC0, 0xC0, 0xA0, 0xBF, 0x6A, 0xD5, 0x4A, 0xFB, 0xFF, 0xFF, 0xFF,
    0xF1, 0x31, 0x80, 0xF9, 0x10, 0x30, 0x81, 0xF9, 0x03, 0xFF, 0x0F, 0xB5, 0x33, 0xCC, 0x07, 0x98,
    0x1B, 0x98, 0x1D, 0xD8, 0x1D, 0xB8, 0x19, 0xB8, 0x19, 0xF8, 0x80, 0x90, 0x97, 0x41, 0x86, 0x41,
    0x07, 0x2C, 0x0F, 0xC4, 0x26, 0x5A, 0xAB, 0x56, 0xED, 0x05, 0xE9, 0x04, 0xB2, 0x4B, 0x18, 0x18,
    0x18, 0x0F, 0x80, 0x75, 0x9A, 0x00, 0xD9, 0x05, 0x0C, 0x1B, 0x18, 0x3E, 0x30, 0x3C, 0x60, 0xB8,
    0xC0, 0x78, 0x81, 0xE9, 0x00, 0x13, 0xD0, 0x8C, 0xE4, 0x19, 0xF6, 0x1F, 0xF8, 0x0F, 0x70, 0x33,
    0x00, 0x00, 0x3D, 0x8F, 0x81, 0x86, 0xDE, 0x4C, 0x14, 0x86, 0x9F, 0x24, 0xFE, 0x3F, 0x6C, 0x90,
    0xA2, 0x50, 0x8B, 0x00, 0xA8, 0x22, 0x57, 0xB0, 0x3B, 0xD3, 0x7B, 0xE8, 0x77, 0x0F, 0x55, 0xE8,
    0x15, 0x6C, 0x27, 0x05, 0xBD, 0x8D, 0xA2, 0xA8, 0x80, 0x5E, 0x40, 0xBF, 0x4D, 0xEC, 0x15, 0x84,
    0xA2, 0x00, 0x83, 0x82, 0x16, 0x3B, 0x48, 0x35, 0xED, 0x4E, 0x72, 0x3A, 0x47, 0xA4, 0xE2, 0x79,
    0x24, 0x27, 0xF3, 0xCE, 0xEB, 0x90, 0xCF, 0xD0, 0xAC, 0xE0, 0x04, 0xA2, 0x83, 0x4F, 0xC6, 0x82,
    0xE2, 0x2C, 0xAD, 0x90, 0x6F, 0x42, 0xED, 0x37, 0xDA, 0xB7, 0x2B, 0xAE, 0x88, 0x9C, 0xCB, 0x99,
    0x58, 0x07, 0x62, 0x3B, 0x22, 0x62, 0x71, 0x2B, 0x34, 0x1E, 0xE0, 0x7F, 0x80, 0xC6, 0x02, 0xA6,
    0x03, 0x86, 0x11, 0x90, 0xA4, 0x42, 0x26, 0x28, 0x7F, 0x79, 0xA8, 0xBF, 0x04, 0x68, 0xEF, 0x92,
    0x9C, 0xB6, 0x6E, 0xD9, 0x42, 0x16, 0x89, 0x14, 0x73, 0x52, 0x15, 0x38, 0xD3, 0x8C, 0x38, 0xCC,
    0xF7, 0x7E, 0x60, 0x10, 0x11, 0x44, 0x05, 0x80, 0xBE, 0x76, 0xA8, 0x52, 0xA8, 0xB1, 0xD9, 0x4C,
    0x4B, 0x1E, 0x30, 0x14, 0xBB, 0xB8, 0xA6, 0xF0, 0xDC, 0x50, 0x4E, 0x9C, 0xA9, 0x26, 0x3E, 0x53,
    0x8D, 0x44, 0xEA, 0x5D, 0x9A, 0xE9, 0x52, 0xA6, 0xB1, 0x79, 0x0A, 0x1E, 0x19, 0x95, 0xE7, 0x9A,
    0xD2, 0x73, 0xA5, 0x41, 0xFA, 0xBE, 0x7F, 0xAF, 0x1D, 0x21, 0x53, 0x21, 0x16, 0x30, 0x23, 0xEC,
    0x0B, 0x56, 0x33, 0x50, 0x44, 0x00, 0x01, 0x70, 0xDD, 0xB1, 0xAA, 0x1C, 0x3F, 0x9A, 0x00, 0xB8,
    0x11, 0xB2, 0x0D, 0x28, 0x97, 0x23, 0x6A, 0x44, 0x56, 0x9C, 0xEA, 0x55, 0xDF, 0x7F, 0xD4, 0xDD,
    0x26, 0x49, 0x9C, 0x4E, 0x27, 0x0B, 0x5C, 0xA8, 0x0C, 0xC0, 0x19, 0xC8, 0x34, 0x55, 0x78, 0xA0,
    0x1E, 0x81, 0x16, 0xE0, 0x86, 0x63, 0x1E, 0x38, 0xE6, 0x16, 0x78, 0x03, 0x10, 0x8F, 0x79, 0x35,
    0x01, 0x4D, 0x07, 0x5C, 0x83, 0x7E, 0x9A, 0x90, 0x1E, 0xDF, 0x58, 0xA0, 0x94, 0x11, 0xA8, 0xD5,
    0xFB, 0x11, 0x0C, 0x1C, 0x37, 0x10, 0x39, 0x0A, 0xD0, 0x9B, 0x8C, 0x2F, 0x7D, 0x72, 0xD0, 0xA2,
    0x22, 0x34, 0x9D, 0xDA, 0x00, 0x79, 0xB8, 0x51, 0xCF, 0x11, 0xC8, 0x7E, 0xCE, 0xEA, 0x87, 0x00,
    0x20, 0x13, 0xEA, 0x11, 0xB5, 0x05, 0x38, 0x01, 0xE4, 0x2B, 0xED, 0xD4, 0xC8, 0x9D, 0xCC, 0xE6,
    0x5E, 0x1E, 0xE2, 0x6D, 0x21, 0x5D, 0x5C, 0xB3, 0x8D, 0xB8, 0x96, 0xF2, 0x3C, 0xCA, 0x70, 0xFF,
    0x63, 0x76, 0x52, 0x89, 0xAF, 0xE6, 0x6C, 0xB3, 0xF0, 0x5F, 0xC2, 0x79, 0x90, 0x91, 0x7C, 0x81,
    0x62, 0xD6, 0xDE, 0x9D, 0x32, 0x51, 0x79, 0xA8, 0xA7, 0xC4, 0xB8, 0xD3, 0x28, 0x1D, 0xB4, 0x09,
    0x63, 0x13, 0xEC, 0x38, 0xE0, 0x16, 0x2E, 0x56, 0x68, 0x16, 0x68, 0x27, 0xE0, 0x31, 0x2F, 0xF2,
    0x54, 0x5E, 0xCA, 0xC3, 0x52, 0x7F, 0x95, 0x50, 0x77, 0xAE, 0x03, 0x52, 0x4D, 0x1E, 0x6A, 0x79,
    0x17, 0x5A, 0x91, 0xC9, 0x94, 0xD2, 0x3D, 0xE5, 0x25, 0x00, 0xFB, 0xE5, 0x86, 0x8B, 0x5E, 0x3E,
    0xD4, 0x22, 0x4B, 0x62, 0xDE, 0xFB, 0x75, 0x6C, 0x31, 0x22, 0x5E, 0x79, 0xF6, 0xA7, 0xEF, 0xCA,
    0x7D, 0x0C, 0x00, 0xF0, 0x04, 0xF2, 0x08, 0x6E, 0xE1, 0x72, 0xB3, 0xB9, 0x4C, 0xD4, 0x0B, 0xD4,
    0x1B, 0x30, 0xCC, 0x90, 0x3A, 0xC0, 0x05, 0xC8, 0x3D, 0x60, 0x5D, 0xEA, 0x1D, 0x44, 0x46, 0x80,
    0xD2, 0x42, 0xF5, 0xEF, 0xC8, 0x6F, 0xD0, 0x30, 0xCD, 0x4C, 0x36, 0x78, 0x5E, 0xAF, 0x5C, 0x4A,
    0x87, 0xF9, 0x06, 0x57, 0xC0, 0x23, 0xE0, 0xC8, 0xFE, 0x05, 0x15, 0xCC, 0x01, 0x06, 0xC3, 0x40,
    0x10, 0x05, 0xD0, 0x1F, 0xC1, 0xA2, 0xD8, 0x23, 0xCC, 0x11, 0xF6, 0x08, 0xB3, 0x40, 0x01, 0x85,
    0x02, 0x90, 0xA3, 0x74, 0xEF, 0xD0, 0xF3, 0xA4, 0x59, 0x8A, 0xA2, 0x90, 0x23, 0x4C, 0x69, 0x00,
    0x18, 0x6D, 0xB0, 0x48, 0x4D, 0x27, 0x78, 0x00, 0x0F, 0x49, 0x5A, 0x67, 0xDF, 0xAD, 0xFF, 0x5D,
    0xB7, 0xA0, 0xDD, 0x1A, 0x04, 0x98, 0xEC, 0xAE, 0x66, 0x0F, 0x1D, 0x96, 0xA3, 0xC4, 0x7A, 0x10,
    0xAA, 0x71, 0xA6, 0x12, 0x6B, 0x72, 0x9C, 0xA9, 0x32, 0xA8, 0x30, 0x52, 0xB9, 0x80, 0xF3, 0x0D,
    0x8C, 0xD1, 0x21, 0xBD, 0xFC, 0xF9, 0x34, 0x7F, 0xD6, 0xA0, 0xBD, 0x06, 0xE9, 0x75, 0xF2, 0xC3,
    0xEC, 0x29, 0xC3, 0x72, 0x9A, 0x63, 0x8D, 0x95, 0x76, 0x85, 0xFC, 0x49, 0x85, 0x73, 0xCA, 0x0C,
    0xDE, 0xC1, 0x9F, 0xB3, 0x3F, 0x6D, 0x04, 0xBD, 0xFF,
};

static const EpdGlyph sarabun_12_bolditalicGlyphs[] = {
    { 0, 0, 0, 0, 0, 0, 0 }, // U+0000
    { 0, 0, 93, 0, 0, 0, 0 }, // U+000D
    { 0, 0, 93, 0, 0, 0, 0 }, // U+0020
    { 8, 18, 102, 0, 18, 36, 0 }, // !
    { 10, 7, 162, 2, 18, 18, 36 }, // "
    { 18, 18, 283, 0, 18, 81, 54 }, // #
    { 15, 21, 216, 0, 19, 79, 135 }, // $
    { 22, 18, 387, 2, 18, 99, 214 }, // %
    { 17, 18, 279, 0, 18, 77, 313 }, // &
    { 5, 7, 82, 2, 18, 9, 390 }, // '
    { 10, 21, 142, 1, 19, 53, 399 }, // (
    { 10, 21, 142, -1, 19, 53, 452 }, // )
    { 12, 11, 179, 1, 20, 33, 505 }, // *
    { 14, 14, 247, 1, 14, 49, 538 }, // +
    { 7, 9, 116, -1, 4, 16, 587 }, // ,
    { 9, 3, 136, 0, 9, 7, 603 }, // -
    { 6, 4, 116, 0, 4, 6, 610 }, // .
    { 17, 20, 187, -2, 18, 85, 616 }, // /
    { 15, 18, 226, 0, 18, 68, 701 }, // 0
    { 11, 18, 226, 1, 18, 50, 769 }, // 1
    { 14, 18, 226, 0, 18, 63, 819 }, // 2
    { 14, 18, 226, 0, 18, 63, 882 }, // 3
    { 15, 18, 226, -1, 18, 68, 945 }, // 4
    { 15, 18, 226, 0, 18, 68, 1013 }, // 5
    { 14, 19, 226, 0, 19, 67, 1081 }, // 6
    { 13, 18, 226, 2, 18, 59, 1148 }, // 7
    { 15, 18, 226, 0, 18, 68, 1207 }, // 8
    { 14, 18, 226, 1, 18, 63, 1275 }, // 9
    { 7, 13, 116, 0, 13, 23, 1338 }, // :
    { 8, 18, 116, -1, 13, 36, 1361 }, // ;
    { 15, 15, 247, 1, 15, 57, 1397 }, // <
    { 15, 8, 247, 0, 10, 30, 1454 }, // =
    { 15, 15, 247, 0, 15, 57, 1484 }, // >
    { 11, 18, 188, 2, 18, 50, 1541 }, // ?
    { 20, 19, 322, 0, 15, 95, 1591 }, // @
    { 16, 18, 256, -1, 18, 72, 1686 }, // A
    { 15, 18, 242, 0, 18, 68, 1758 }, // B
    { 16, 18, 248, 1, 18, 72, 1826 }, // C
    { 16, 18, 257, 0, 18, 72, 1898 }, // D
    { 16, 18, 228, 0, 18, 72, 1970 }, // E
    { 16, 18, 230, 0, 18, 72, 2042 }, // F
    { 17, 18, 261, 0, 18, 77, 2114 }, // G
    { 18, 18, 277, 0, 18, 81, 2191 }, // H
    { 7, 18, 129, 1, 18, 32, 2272 }, // I
    { 14, 18, 197, -1, 18, 63, 2304 }, // J
    { 18, 18, 262, 0, 18, 81, 2367 }, // K
    { 13, 18, 226, 0, 18, 59, 2448 }, // L
    { 21, 18, 326, 0, 18, 95, 2507 }, // M
    { 18, 18, 280, 0, 18, 81, 2602 }, // N
    { 17, 18, 276, 1, 18, 77, 2683 }, // O
    { 15, 18, 236, 0, 18, 68, 2760 }, // P
    { 17, 21, 276, 1, 18, 90, 2828 }, // Q
    { 16, 18, 238, 0, 18, 72, 2918 }, // R
    { 15, 18, 220, 0, 18, 68, 2990 }, // S
    { 16, 18, 236, 1, 18, 72, 3058 }, // T
    { 17, 18, 265, 1, 18, 77, 3130 }, // U
    { 16, 18, 259, 2, 18, 72, 3207 }, // V
    { 22, 18, 350, 2, 18, 99, 3279 }, // W
    { 19, 18, 262, -1, 18, 86, 3378 }, // X
    { 16, 18, 251, 2, 18, 72, 3464 }, // Y
    { 17, 18, 237, -1, 18, 77, 3536 }, // Z
    { 11, 21, 133, -1, 18, 58, 3613 }, // [
    { 10, 20, 154, 1, 18, 50, 3671 }, // <backslash>
    { 11, 21, 133, -1, 18, 58, 3721 }, // ]
    { 15, 12, 240, 0, 18, 45, 3779 }, // ^
    { 10, 3, 143, -3, -5, 8, 3824 }, // _
    { 6, 5, 160, 3, 19, 8, 3832 }, // `
    { 14, 13, 223, 0, 13, 46, 3840 }, // a
    { 14, 18, 223, 0, 18, 63, 3886 }, // b
    { 13, 13, 197, 0, 13, 43, 3949 }, // c
    { 15, 18, 223, 0, 18, 68, 3992 }, // d
    { 13, 13, 217, 0, 13, 43, 4060 }, // e
    { 11, 18, 151, 1, 18, 50, 4103 }, // f
    { 15, 19, 222, -1, 13, 72, 4153 }, // g
    { 14, 18, 227, 0, 18, 63, 4225 }, // h
    { 8, 18, 109, 0, 18, 36, 4288 }, // i
    { 12, 24, 112, -4, 18, 72, 4324 }, // j
    { 14, 18, 213, 0, 18, 63, 4396 }, // k
    { 7, 18, 120, 0, 18, 32, 4459 }, // l
    { 21, 13, 338, 0, 13, 69, 4491 }, // m
    { 14, 13, 225, 0, 13, 46, 4560 }, // n
    { 14, 13, 232, 0, 13, 46, 4606 }, // o
    { 15, 19, 226, -1, 13, 72, 4652 }, // p
    { 14, 19, 226, 0, 13, 67, 4724 }, // q
    { 11, 13, 159, 0, 13, 36, 4791 }, // r
    { 12, 13, 176, -1, 13, 39, 4827 }, // s
    { 10, 18, 168, 1, 18, 45, 4866 }, // t
    { 14, 13, 224, 0, 13, 46, 4911 }, // u
    { 13, 13, 211, 1, 13, 43, 4957 }, // v
    { 18, 13, 283, 1, 13, 59, 5000 }, // w
    { 15, 13, 208, -1, 13, 49, 5059 }, // x
    { 16, 18, 202, -2, 13, 72, 5108 }, // y
    { 14, 13, 190, -1, 13, 46, 5180 }, // z
    { 11, 21, 140, 0, 18, 58, 5226 }, // {
    { 8, 22, 103, -1, 18, 44, 5284 }, // |
    { 10, 21, 140, -1, 18, 53, 5328 }, // }
    { 14, 5, 247, 1, 10, 18, 5381 }, // ~
    { 0, 0, 93, 0, 0, 0, 0 }, // U+00A0
    { 8, 17, 102, -1, 13, 34, 0 }, // U+00A1
    { 13, 18, 196, 0, 17, 59, 34 }, // U+00A2
    { 15, 18, 220, 0, 18, 68, 93 }, // U+00A3
    { 17, 15, 252, 0, 16, 64, 161 }, // U+00A4
    { 17, 18, 255, 1, 18, 77, 225 }, // U+00A5
    { 8, 22, 103, -1, 18, 44, 302 }, // U+00A6
    { 15, 21, 218, -1, 18, 79, 346 }, // U+00A7
    { 9, 3, 160, 2, 17, 7, 425 }, // U+00A8
    { 19, 19, 324, 1, 19, 91, 432 }, // U+00A9
    { 9, 10, 145, 1, 17, 23, 523 }, // U+00AA
    { 15, 10, 234, 0, 12, 38, 546 }, // U+00AB
    { 15, 8, 246, 1, 11, 30, 584 }, // U+00AC
    { 9, 3, 136, 0, 9, 7, 614 }, // U+00AD
    { 12, 12, 212, 2, 18, 36, 621 }, // U+00AE
    { 10, 2, 160, 2, 17, 5, 657 }, // U+00AF
    { 8, 7, 129, 1, 18, 14, 662 }, // U+00B0
    { 15, 15, 247, 0, 15, 57, 676 }, // U+00B1
    { 11, 12, 172, 0, 17, 33, 733 }, // U+00B2
    { 10, 12, 172, 1, 17, 30, 766 }, // U+00B3
    { 7, 5, 160, 4, 19, 9, 796 }, // U+00B4
    { 15, 19, 224, -1, 13, 72, 805 }, // U+00B5
    { 13, 21, 218, 1, 18, 69, 877 }, // U+00B6
    { 5, 4, 116, 1, 8, 5, 946 }, // U+00B7
    { 6, 7, 160, 0, 0, 11, 951 }, // U+00B8
    { 8, 12, 172, 2, 17, 24, 962 }, // U+00B9
    { 10, 10, 156, 1, 17, 25, 986 }, // U+00BA
    { 15, 10, 234, -1, 12, 38, 1011 }, // U+00BB
    { 22, 20, 409, 2, 19, 110, 1049 }, // U+00BC
    { 23, 20, 409, 2, 19, 115, 1159 }, // U+00BD
    { 23, 20, 409, 1, 19, 115, 1274 }, // U+00BE
    { 11, 19, 188, -1, 13, 53, 1389 }, // U+00BF
    { 16, 23, 256, -1, 23, 92, 1442 }, // U+00C0
    { 16, 24, 256, -1, 24, 96, 1534 }, // U+00C1
    { 16, 24, 256, -1, 24, 96, 1630 }, // U+00C2
    { 16, 23, 256, -1, 23, 92, 1726 }, // U+00C3
    { 16, 22, 256, -1, 22, 88, 1818 }, // U+00C4
    { 16, 23, 256, -1, 23, 92, 1906 }, // U+00C5
    { 23, 18, 331, -1, 18, 104, 1998 }, // U+00C6
    { 16, 24, 248, 1, 18, 96, 2102 }, // U+00C7
    { 16, 23, 228, 0, 23, 92, 2198 }, // U+00C8
    { 16, 24, 228, 0, 24, 96, 2290 }, // U+00C9
    { 16, 24, 228, 0, 24, 96, 2386 }, // U+00CA
    { 16, 22, 228, 0, 22, 88, 2482 }, // U+00CB
    { 7, 23, 129, 1, 23, 41, 2570 }, // U+00CC
    { 10, 24, 129, 1, 24, 60, 2611 }, // U+00CD
    { 10, 24, 129, 1, 24, 60, 2671 }, // U+00CE
    { 10, 22, 129, 1, 22, 55, 2731 }, // U+00CF
    { 16, 18, 259, 0, 18, 72, 2786 }, // U+00D0
    { 18, 23, 280, 0, 23, 104, 2858 }, // U+00D1
    { 17, 24, 276, 1, 24, 102, 2962 }, // U+00D2
    { 17, 24, 276, 1, 24, 102, 3064 }, // U+00D3
    { 17, 24, 276, 1, 24, 102, 3166 }, // U+00D4
    { 17, 23, 276, 1, 23, 98, 3268 }, // U+00D5
    { 17, 23, 276, 1, 23, 98, 3366 }, // U+00D6
    { 15, 14, 247, 0, 14, 53, 3464 }, // U+00D7
    { 18, 19, 276, 0, 18, 86, 3517 }, // U+00D8
    { 17, 24, 265, 1, 24, 102, 3603 }, // U+00D9
    { 17, 24, 265, 1, 24, 102, 3705 }, // U+00DA
    { 17, 24, 265, 1, 24, 102, 3807 }, // U+00DB
    { 17, 23, 265, 1, 23, 98, 3909 }, // U+00DC
    { 16, 24, 251, 2, 24, 96, 4007 }, // U+00DD
    { 15, 18, 230, 0, 18, 68, 4103 }, // U+00DE
    { 14, 18, 230, 0, 18, 63, 4171 }, // U+00DF
    { 14, 18, 223, 0, 18, 63, 4234 }, // U+00E0
    { 14, 18, 223, 0, 18, 63, 4297 }, // U+00E1
    { 14, 18, 223, 0, 18, 63, 4360 }, // U+00E2
    { 14, 18, 223, 0, 18, 63, 4423 }, // U+00E3
    { 14, 18, 223, 0, 18, 63, 4486 }, // U+00E4
    { 14, 19, 223, 0, 19, 67, 4549 }, // U+00E5
    { 20, 13, 327, 0, 13, 65, 4616 }, // U+00E6
    { 13, 19, 197, 0, 13, 62, 4681 }, // U+00E7
    { 13, 18, 217, 0, 18, 59, 4743 }, // U+00E8
    { 13, 18, 217, 0, 18, 59, 4802 }, // U+00E9
    { 13, 18, 217, 0, 18, 59, 4861 }, // U+00EA
    { 13, 18, 217, 0, 18, 59, 4920 }, // U+00EB
    { 7, 18, 112, 0, 18, 32, 4979 }, // U+00EC
    { 10, 18, 112, 0, 18, 45, 5011 }, // U+00ED
    { 10, 18, 112, 0, 18, 45, 5056 }, // U+00EE
    { 10, 18, 112, 0, 18, 45, 5101 }, // U+00EF
    { 13, 19, 204, 0, 19, 62, 5146 }, // U+00F0
    { 14, 18, 225, 0, 18, 63, 5208 }, // U+00F1
    { 14, 18, 232, 0, 18, 63, 5271 }, // U+00F2
    { 14, 18, 232, 0, 18, 63, 5334 }, // U+00F3
    { 14, 18, 232, 0, 18, 63, 5397 }, // U+00F4
    { 14, 18, 232, 0, 18, 63, 5460 }, // U+00F5
    { 14, 18, 232, 0, 18, 63, 5523 }, // U+00F6
    { 14, 13, 247, 1, 13, 46, 5586 }, // U+00F7
    { 14, 15, 232, 0, 14, 53, 5632 }, // U+00F8
    { 14, 18, 224, 0, 18, 63, 5685 }, // U+00F9
    { 14, 18, 224, 0, 18, 63, 5748 }, // U+00FA
    { 14, 18, 224, 0, 18, 63, 5811 }, // U+00FB
    { 14, 18, 224, 0, 18, 63, 5874 }, // U+00FC
    { 16, 23, 202, -2, 18, 92, 5937 }, // U+00FD
    { 14, 24, 217, -1, 18, 84, 6029 }, // U+00FE
    { 16, 23, 202, -2, 18, 92, 6113 }, // U+00FF
    { 16, 22, 256, -1, 22, 88, 0 }, // U+0100
    { 14, 17, 223, 0, 17, 60, 88 }, // U+0101
    { 16, 23, 256, -1, 23, 92, 148 }, // U+0102
    { 14, 18, 223, 0, 18, 63, 240 }, // U+0103
    { 16, 24, 256, -1, 18, 96, 303 }, // U+0104
    { 14, 19, 223, 0, 13, 67, 399 }, // U+0105
    { 16, 24, 248, 1, 24, 96, 466 }, // U+0106
    { 14, 18, 197, 0, 18, 63, 562 }, // U+0107
    { 16, 24, 248, 1, 24, 96, 625 }, // U+0108
    { 13, 18, 197, 0, 18, 59, 721 }, // U+0109
    { 16, 23, 248, 1, 23, 92, 780 }, // U+010A
    { 13, 18, 197, 0, 18, 59, 872 }, // U+010B
    { 16, 24, 248, 1, 24, 96, 931 }, // U+010C
    { 14, 18, 197, 0, 18, 63, 1027 }, // U+010D
    { 16, 24, 257, 0, 24, 96, 1090 }, // U+010E
    { 21, 20, 297, 0, 20, 105, 1186 }, // U+010F
    { 16, 18, 259, 0, 18, 72, 1291 }, // U+0110
    { 16, 18, 234, 0, 18, 72, 1363 }, // U+0111
    { 16, 22, 228, 0, 22, 88, 1435 }, // U+0112
    { 13, 17, 217, 0, 17, 56, 1523 }, // U+0113
    { 16, 23, 228, 0, 23, 92, 1579 }, // U+0114
    { 13, 18, 217, 0, 18, 59, 1671 }, // U+0115
    { 16, 22, 228, 0, 22, 88, 1730 }, // U+0116
    { 13, 18, 217, 0, 18, 59, 1818 }, // U+0117
    { 16, 24, 228, 0, 18, 96, 1877 }, // U+0118
    { 13, 18, 217, 0, 13, 59, 1973 }, // U+0119
    { 16, 24, 228, 0, 24, 96, 2032 }, // U+011A
    { 14, 18, 217, 0, 18, 63, 2128 }, // U+011B
    { 17, 24, 261, 0, 24, 102, 2191 }, // U+011C
    { 15, 24, 222, -1, 18, 90, 2293 }, // U+011D
    { 17, 24, 261, 0, 24, 102, 2383 }, // U+011E
    { 15, 24, 222, -1, 18, 90, 2485 }, // U+011F
    { 17, 23, 261, 0, 23, 98, 2575 }, // U+0120
    { 15, 24, 222, -1, 18, 90, 2673 }, // U+0121
    { 17, 26, 261, 0, 18, 111, 2763 }, // U+0122
    { 15, 27, 222, -1, 21, 102, 2874 }, // U+0123
    { 18, 24, 277, 0, 24, 108, 2976 }, // U+0124
    { 14, 25, 227, 0, 25, 88, 3084 }, // U+0125
    { 19, 18, 284, 0, 18, 86, 3172 }, // U+0126
    { 14, 18, 227, 0, 18, 63, 3258 }, // U+0127
    { 10, 23, 129, 1, 23, 58, 3321 }, // U+0128
    { 10, 18, 112, 0, 18, 45, 3379 }, // U+0129
    { 10, 22, 129, 1, 22, 55, 3424 }, // U+012A
    { 10, 17, 112, 0, 17, 43, 3479 }, // U+012B
    { 10, 23, 129, 1, 23, 58, 3522 }, // U+012C
    { 10, 18, 112, 0, 18, 45, 3580 }, // U+012D
    { 9, 24, 129, -1, 18, 54, 3625 }, // U+012E
    { 10, 24, 109, -2, 18, 60, 3679 }, // U+012F
    { 8, 22, 129, 1, 22, 44, 3739 }, // U+0130
    { 7, 13, 112, 0, 13, 23, 3783 }, // U+0131
    { 20, 18, 326, 1, 18, 90, 3806 }, // U+0132
    { 15, 24, 220, 0, 18, 90, 3896 }, // U+0133
    { 15, 24, 197, -1, 24, 90, 3986 }, // U+0134
    { 14, 24, 111, -4, 18, 84, 4076 }, // U+0135
    { 18, 27, 262, 0, 18, 122, 4160 }, // U+0136
    { 14, 27, 213, 0, 18, 95, 4282 }, // U+0137
    { 14, 13, 213, 0, 13, 46, 4377 }, // U+0138
    { 13, 24, 226, 0, 24, 78, 4423 }, // U+0139
    { 11, 25, 120, 0, 25, 69, 4501 }, // U+013A
    { 13, 27, 226, 0, 18, 88, 4570 }, // U+013B
    { 7, 26, 120, 0, 18, 46, 4658 }, // U+013C
    { 15, 18, 226, 0, 18, 68, 4704 }, // U+013D
    { 12, 18, 155, 0, 18, 54, 4772 }, // U+013E
    { 13, 18, 226, 0, 18, 59, 4826 }, // U+013F
    { 11, 18, 164, 0, 18, 50, 4885 }, // U+0140
    { 14, 18, 226, -1, 18, 63, 4935 }, // U+0141
    { 9, 18, 130, 0, 18, 41, 4998 }, // U+0142
    { 18, 24, 280, 0, 24, 108, 5039 }, // U+0143
    { 14, 18, 225, 0, 18, 63, 5147 }, // U+0144
    { 18, 27, 280, 0, 18, 122, 5210 }, // U+0145
    { 14, 22, 225, 0, 13, 77, 5332 }, // U+0146
    { 18, 24, 280, 0, 24, 108, 5409 }, // U+0147
    { 14, 18, 225, 0, 18, 63, 5517 }, // U+0148
    { 16, 18, 273, 1, 18, 72, 5580 }, // U+0149
    { 18, 25, 280, 0, 18, 113, 5652 }, // U+014A
    { 14, 19, 226, 0, 13, 67, 5765 }, // U+014B
    { 17, 22, 276, 1, 22, 94, 5832 }, // U+014C
    { 14, 17, 232, 0, 17, 60, 5926 }, // U+014D
    { 17, 24, 276, 1, 24, 102, 5986 }, // U+014E
    { 14, 18, 232, 0, 18, 63, 6088 }, // U+014F
    { 17, 24, 276, 1, 24, 102, 6151 }, // U+0150
    { 15, 18, 232, 0, 18, 68, 6253 }, // U+0151
    { 24, 18, 355, 0, 18, 108, 6321 }, // U+0152
    { 22, 13, 346, 0, 13, 72, 6429 }, // U+0153
    { 16, 24, 238, 0, 24, 96, 6501 }, // U+0154
    { 11, 18, 159, 0, 18, 50, 6597 }, // U+0155
    { 16, 27, 238, 0, 18, 108, 6647 }, // U+0156
    { 12, 22, 159, -1, 13, 66, 6755 }, // U+0157
    { 16, 24, 238, 0, 24, 96, 6821 }, // U+0158
    { 12, 18, 159, 0, 18, 54, 6917 }, // U+0159
    { 15, 24, 220, 0, 24, 90, 6971 }, // U+015A
    { 13, 18, 176, -1, 18, 59, 7061 }, // U+015B
    { 15, 24, 220, 0, 24, 90, 7120 }, // U+015C
    { 13, 18, 176, -1, 18, 59, 7210 }, // U+015D
    { 15, 24, 220, 0, 18, 90, 7269 }, // U+015E
    { 12, 19, 176, -1, 13, 57, 7359 }, // U+015F
    { 15, 24, 220, 0, 24, 90, 7416 }, // U+0160
    { 13, 18, 176, -1, 18, 59, 7506 }, // U+0161
    { 16, 24, 236, 1, 18, 96, 7565 }, // U+0162
    { 10, 24, 168, 1, 18, 60, 7661 }, // U+0163
    { 16, 24, 236, 1, 24, 96, 7721 }, // U+0164
    { 15, 20, 216, 1, 20, 75, 7817 }, // U+0165
    { 16, 18, 236, 1, 18, 72, 7892 }, // U+0166
    { 11, 18, 168, 0, 18, 50, 7964 }, // U+0167
    { 17, 23, 265, 1, 23, 98, 8014 }, // U+0168
    { 14, 18, 224, 0, 18, 63, 8112 }, // U+0169
    { 17, 22, 265, 1, 22, 94, 8175 }, // U+016A
    { 14, 17, 224, 0, 17, 60, 8269 }, // U+016B
    { 17, 24, 265, 1, 24, 102, 8329 }, // U+016C
    { 14, 18, 224, 0, 18, 63, 8431 }, // U+016D
    { 17, 24, 265, 1, 24, 102, 8494 }, // U+016E
    { 14, 19, 224, 0, 19, 67, 8596 }, // U+016F
    { 17, 24, 265, 1, 24, 102, 8663 }, // U+0170
    { 15, 18, 224, 0, 18, 68, 8765 }, // U+0171
    { 17, 24, 265, 1, 18, 102, 8833 }, // U+0172
    { 14, 19, 224, 0, 13, 67, 8935 }, // U+0173
    { 22, 24, 350, 2, 24, 132, 9002 }, // U+0174
    { 18, 18, 283, 1, 18, 81, 9134 }, // U+0175
    { 16, 24, 251, 2, 24, 96, 9215 }, // U+0176
    { 16, 23, 202, -2, 18, 92, 9311 }, // U+0177
    { 16, 22, 251, 2, 22, 88, 9403 }, // U+0178
    { 17, 24, 237, -1, 24, 102, 9491 }, // U+0179
    { 14, 18, 190, -1, 18, 63, 9593 }, // U+017A
    { 17, 22, 237, -1, 22, 94, 9656 }, // U+017B
    { 14, 18, 190, -1, 18, 63, 9750 }, // U+017C
    { 17, 24, 237, -1, 24, 102, 9813 }, // U+017D
    { 14, 18, 190, -1, 18, 63, 9915 }, // U+017E
    { 21, 18, 295, 1, 18, 95, 0 }, // U+01A0
    { 19, 13, 260, 0, 13, 62, 95 }, // U+01A1
    { 21, 18, 297, 1, 18, 95, 157 }, // U+01AF
    { 19, 13, 260, 0, 13, 62, 252 }, // U+01B0
    { 17, 24, 256, -1, 24, 102, 314 }, // U+01CD
    { 14, 18, 223, 0, 18, 63, 416 }, // U+01CE
    { 11, 24, 129, 1, 24, 66, 479 }, // U+01CF
    { 10, 18, 112, 0, 18, 45, 545 }, // U+01D0
    { 17, 24, 276, 1, 24, 102, 590 }, // U+01D1
    { 14, 18, 232, 0, 18, 63, 692 }, // U+01D2
    { 17, 24, 265, 1, 24, 102, 755 }, // U+01D3
    { 14, 18, 224, 0, 18, 63, 857 }, // U+01D4
    { 17, 26, 265, 1, 26, 111, 920 }, // U+01D5
    { 14, 21, 224, 0, 21, 74, 1031 }, // U+01D6
    { 17, 27, 265, 1, 27, 115, 1105 }, // U+01D7
    { 14, 22, 224, 0, 22, 77, 1220 }, // U+01D8
    { 17, 27, 265, 1, 27, 115, 1297 }, // U+01D9
    { 14, 22, 224, 0, 22, 77, 1412 }, // U+01DA
    { 17, 27, 265, 1, 27, 115, 1489 }, // U+01DB
    { 14, 22, 224, 0, 22, 77, 1604 }, // U+01DC
    { 17, 24, 261, 0, 24, 102, 1681 }, // U+01E6
    { 15, 24, 222, -1, 18, 90, 1783 }, // U+01E7
    { 16, 27, 256, -1, 27, 108, 1873 }, // U+01FA
    { 14, 23, 223, 0, 23, 81, 1981 }, // U+01FB
    { 23, 24, 331, -1, 24, 138, 2062 }, // U+01FC
    { 20, 18, 327, 0, 18, 90, 2200 }, // U+01FD
    { 18, 25, 276, 0, 24, 113, 2290 }, // U+01FE
    { 14, 19, 232, 0, 18, 67, 2403 }, // U+01FF
    { 15, 26, 220, 0, 18, 98, 2470 }, // U+0218
    { 12, 21, 176, -1, 13, 63, 2568 }, // U+0219
    { 16, 27, 236, 1, 18, 108, 2631 }, // U+021A
    { 10, 26, 168, 1, 18, 65, 2739 }, // U+021B
    { 5, 4, 0, -2, 18, 5, 0 }, // U+0300
    { 7, 4, 0, 0, 18, 7, 5 }, // U+0301
    { 9, 4, 0, -3, 18, 9, 12 }, // U+0302
    { 9, 4, 0, -3, 18, 9, 21 }, // U+0303
    { 10, 3, 0, -3, 18, 8, 30 }, // U+0304
    { 10, 4, 0, -3, 18, 10, 38 }, // U+0306
    { 5, 3, 0, -1, 17, 4, 48 }, // U+0307
    { 9, 3, 0, -3, 17, 7, 52 }, // U+0308
    { 7, 7, 0, -2, 21, 13, 59 }, // U+0309
    { 6, 6, 0, -1, 19, 9, 72 }, // U+030A
    { 11, 4, 0, -3, 18, 11, 81 }, // U+030B
    { 10, 4, 0, -3, 18, 10, 92 }, // U+030C
    { 7, 7, 0, -3, 15, 13, 102 }, // U+031B
    { 4, 3, 0, -4, -2, 3, 115 }, // U+0323
    { 10, 3, 0, -7, -2, 8, 118 }, // U+0324
    { 5, 7, 0, -4, -2, 9, 126 }, // U+0326
    { 6, 7, 0, -5, 1, 11, 135 }, // U+0327
    { 7, 6, 0, -6, 0, 11, 146 }, // U+0328
    { 9, 4, 0, -6, -2, 9, 157 }, // U+032E
    { 10, 3, 0, -7, -1, 8, 166 }, // U+0331
    { 14, 15, 239, 0, 15, 53, 0 }, // U+0E01
    { 16, 15, 253, 0, 15, 60, 53 }, // U+0E02
    { 17, 16, 262, 0, 16, 68, 113 }, // U+0E03
    { 15, 15, 250, 0, 15, 57, 181 }, // U+0E04
    { 15, 15, 251, 0, 15, 57, 238 }, // U+0E05
    { 17, 16, 272, 0, 16, 68, 295 }, // U+0E06
    { 12, 15, 193, 0, 15, 45, 363 }, // U+0E07
    { 13, 15, 228, 1, 15, 49, 408 }, // U+0E08
    { 14, 15, 238, 0, 15, 53, 457 }, // U+0E09
    { 17, 16, 260, 0, 16, 68, 510 }, // U+0E0A
    { 18, 16, 267, 0, 16, 72, 578 }, // U+0E0B
    { 21, 15, 333, 0, 15, 79, 650 }, // U+0E0C
    { 22, 22, 340, 0, 15, 121, 729 }, // U+0E0D
    { 16, 23, 249, -1, 15, 92, 850 }, // U+0E0E
    { 17, 24, 249, -2, 15, 102, 942 }, // U+0E0F
    { 17, 24, 229, -2, 16, 102, 1044 }, // U+0E10
    { 19, 15, 304, 0, 15, 72, 1146 }, // U+0E11
    { 22, 16, 350, 0, 16, 88, 1218 }, // U+0E12
    { 22, 15, 354, 0, 15, 83, 1306 }, // U+0E13
    { 15, 15, 246, 0, 15, 57, 1389 }, // U+0E14
    { 15, 16, 251, 0, 16, 60, 1446 }, // U+0E15
    { 14, 15, 239, 0, 15, 53, 1506 }, // U+0E16
    { 16, 15, 271, 1, 15, 60, 1559 }, // U+0E17
    { 14, 16, 234, 1, 16, 56, 1619 }, // U+0E18
    { 15, 15, 260, 1, 15, 57, 1675 }, // U+0E19
    { 16, 15, 260, 1, 15, 60, 1732 }, // U+0E1A
    { 17, 21, 268, 1, 21, 90, 1792 }, // U+0E1B
    { 17, 15, 260, 0, 15, 64, 1882 }, // U+0E1C
    { 18, 21, 260, 0, 21, 95, 1946 }, // U+0E1D
    { 18, 15, 296, 1, 15, 68, 2041 }, // U+0E1E
    { 19, 21, 296, 1, 21, 100, 2109 }, // U+0E1F
    { 16, 15, 252, -1, 15, 60, 2209 }, // U+0E20
    { 16, 15, 252, 0, 15, 60, 2269 }, // U+0E21
    { 15, 15, 235, 0, 15, 57, 2329 }, // U+0E22
    { 13, 16, 199, 1, 16, 52, 2386 }, // U+0E23
    { 14, 21, 239, 0, 15, 74, 2438 }, // U+0E24
    { 15, 15, 240, 0, 15, 57, 2512 }, // U+0E25
    { 16, 21, 249, -1, 15, 84, 2569 }, // U+0E26
    { 12, 15, 214, 1, 15, 45, 2653 }, // U+0E27
    { 17, 16, 250, 0, 16, 68, 2698 }, // U+0E28
    { 18, 15, 287, 1, 15, 68, 2766 }, // U+0E29
    { 16, 17, 240, 0, 17, 68, 2834 }, // U+0E2A
    { 15, 15, 258, 1, 15, 57, 2902 }, // U+0E2B
    { 19, 17, 296, 1, 17, 81, 2959 }, // U+0E2C
    { 14, 15, 240, 1, 15, 53, 3040 }, // U+0E2D
    { 16, 15, 234, 0, 15, 60, 3093 }, // U+0E2E
    { 13, 15, 230, 1, 15, 49, 3153 }, // U+0E2F
    { 15, 15, 219, 0, 15, 57, 3202 }, // U+0E30
    { 14, 7, 0, -8, 24, 25, 3259 }, // U+0E31
    { 11, 15, 204, 1, 15, 42, 3284 }, // U+0E32
    { 17, 23, 204, -5, 23, 98, 3326 }, // U+0E33
    { 13, 7, 0, -12, 23, 23, 3424 }, // U+0E34
    { 14, 8, 0, -12, 24, 28, 3447 }, // U+0E35
    { 15, 8, 0, -12, 24, 30, 3475 }, // U+0E36
    { 14, 8, 0, -12, 24, 28, 3505 }, // U+0E37
    { 6, 8, 0, -9, -1, 12, 3533 }, // U+0E38
    { 12, 7, 0, -14, -2, 21, 3545 }, // U+0E39
    { 5, 4, 0, -7, -1, 5, 3566 }, // U+0E3A
    { 15, 22, 241, 0, 20, 83, 3571 }, // U+0E3F
    { 7, 15, 130, 1, 15, 27, 3654 }, // U+0E40
    { 14, 15, 246, 1, 15, 53, 3681 }, // U+0E41
    { 12, 26, 164, 1, 26, 78, 3734 }, // U+0E42
    { 11, 26, 174, 1, 26, 72, 3812 }, // U+0E43
    { 10, 26, 180, 1, 26, 65, 3884 }, // U+0E44
    { 12, 22, 123, -5, 15, 66, 3949 }, // U+0E45
    { 14, 23, 266, 2, 16, 81, 4015 }, // U+0E46
    { 13, 10, 0, -11, 27, 33, 4096 }, // U+0E47
    { 5, 6, 0, -3, 24, 8, 4129 }, // U+0E48
    { 13, 7, 0, -8, 25, 23, 4137 }, // U+0E49
    { 14, 8, 0, -10, 25, 28, 4160 }, // U+0E4A
    { 8, 6, 0, -5, 24, 12, 4188 }, // U+0E4B
    { 10, 8, 0, -6, 26, 20, 4200 }, // U+0E4C
    { 8, 6, 0, -5, 23, 12, 4220 }, // U+0E4D
    { 9, 9, 0, -6, 26, 21, 4232 }, // U+0E4E
    { 14, 13, 250, 1, 13, 46, 4253 }, // U+0E4F
    { 16, 12, 266, 0, 12, 48, 4299 }, // U+0E50
    { 16, 12, 276, 0, 12, 48, 4347 }, // U+0E51
    { 16, 16, 286, 1, 16, 64, 4395 }, // U+0E52
    { 17, 12, 284, 0, 12, 51, 4459 }, // U+0E53
    { 19, 17, 275, 0, 16, 81, 4510 }, // U+0E54
    { 19, 17, 275, 0, 16, 81, 4591 }, // U+0E55
    { 14, 16, 269, 2, 16, 56, 4672 }, // U+0E56
    { 21, 16, 317, 0, 16, 84, 4728 }, // U+0E57
    { 18, 16, 274, 0, 16, 72, 4812 }, // U+0E58
    { 19, 17, 280, 0, 16, 81, 4884 }, // U+0E59
    { 20, 15, 332, 1, 15, 75, 4965 }, // U+0E5A
    { 25, 14, 422, 1, 14, 88, 5040 }, // U+0E5B
    { 16, 24, 256, -1, 18, 96, 0 }, // U+1EA0
    { 14, 19, 223, 0, 13, 67, 96 }, // U+1EA1
    { 16, 26, 256, -1, 26, 104, 163 }, // U+1EA2
    { 14, 21, 223, 0, 21, 74, 267 }, // U+1EA3
    { 19, 26, 256, -1, 26, 124, 341 }, // U+1EA4
    { 16, 21, 223, 0, 21, 84, 465 }, // U+1EA5
    { 18, 26, 256, -1, 26, 117, 549 }, // U+1EA6
    { 14, 21, 223, 0, 21, 74, 666 }, // U+1EA7
    { 19, 27, 256, -1, 27, 129, 740 }, // U+1EA8
    { 16, 22, 223, 0, 22, 88, 869 }, // U+1EA9
    { 17, 28, 256, -1, 28, 119, 957 }, // U+1EAA
    { 14, 23, 223, 0, 23, 81, 1076 }, // U+1EAB
    { 16, 29, 256, -1, 23, 116, 1157 }, // U+1EAC
    { 14, 24, 223, 0, 18, 84, 1273 }, // U+1EAD
    { 16, 27, 256, -1, 27, 108, 1357 }, // U+1EAE
    { 14, 22, 223, 0, 22, 77, 1465 }, // U+1EAF
    { 16, 27, 256, -1, 27, 108, 1542 }, // U+1EB0
    { 14, 22, 223, 0, 22, 77, 1650 }, // U+1EB1
    { 16, 29, 256, -1, 29, 116, 1727 }, // U+1EB2
    { 14, 24, 223, 0, 24, 84, 1843 }, // U+1EB3
    { 17, 27, 256, -1, 27, 115, 1927 }, // U+1EB4
    { 14, 22, 223, 0, 22, 77, 2042 }, // U+1EB5
    { 16, 29, 256, -1, 23, 116, 2119 }, // U+1EB6
    { 14, 24, 223, 0, 18, 84, 2235 }, // U+1EB7
    { 16, 24, 228, 0, 18, 96, 2319 }, // U+1EB8
    { 13, 19, 217, 0, 13, 62, 2415 }, // U+1EB9
    { 16, 26, 228, 0, 26, 104, 2477 }, // U+1EBA
    { 13, 21, 217, 0, 21, 69, 2581 }, // U+1EBB
    { 16, 23, 228, 0, 23, 92, 2650 }, // U+1EBC
    { 13, 18, 217, 0, 18, 59, 2742 }, // U+1EBD
    { 17, 26, 228, 0, 26, 111, 2801 }, // U+1EBE
    { 16, 21, 217, 0, 21, 84, 2912 }, // U+1EBF
    { 16, 26, 228, 0, 26, 104, 2996 }, // U+1EC0
    { 15, 21, 217, 0, 21, 79, 3100 }, // U+1EC1
    { 18, 27, 228, 0, 27, 122, 3179 }, // U+1EC2
    { 16, 22, 217, 0, 22, 88, 3301 }, // U+1EC3
    { 16, 28, 228, 0, 28, 112, 3389 }, // U+1EC4
    { 14, 23, 217, 0, 23, 81, 3501 }, // U+1EC5
    { 16, 29, 228, 0, 23, 116, 3582 }, // U+1EC6
    { 13, 24, 217, 0, 18, 78, 3698 }, // U+1EC7
    { 9, 26, 129, 1, 26, 59, 3776 }, // U+1EC8
    { 9, 21, 112, 0, 21, 48, 3835 }, // U+1EC9
    { 8, 24, 129, 0, 18, 48, 3883 }, // U+1ECA
    { 9, 24, 109, -1, 18, 54, 3931 }, // U+1ECB
    { 17, 24, 276, 1, 18, 102, 3985 }, // U+1ECC
    { 14, 19, 232, 0, 13, 67, 4087 }, // U+1ECD
    { 17, 25, 276, 1, 25, 107, 4154 }, // U+1ECE
    { 14, 21, 232, 0, 21, 74, 4261 }, // U+1ECF
    { 17, 26, 276, 1, 26, 111, 4335 }, // U+1ED0
    { 16, 21, 232, 0, 21, 84, 4446 }, // U+1ED1
    { 17, 26, 276, 1, 26, 111, 4530 }, // U+1ED2
    { 15, 21, 232, 0, 21, 79, 4641 }, // U+1ED3
    { 18, 27, 276, 1, 27, 122, 4720 }, // U+1ED4
    { 17, 22, 232, 0, 22, 94, 4842 }, // U+1ED5
    { 17, 28, 276, 1, 28, 119, 4936 }, // U+1ED6
    { 14, 23, 232, 0, 23, 81, 5055 }, // U+1ED7
    { 17, 29, 276, 1, 23, 124, 5136 }, // U+1ED8
    { 14, 24, 232, 0, 18, 84, 5260 }, // U+1ED9
    { 21, 24, 295, 1, 24, 126, 5344 }, // U+1EDA
    { 19, 18, 260, 0, 18, 86, 5470 }, // U+1EDB
    { 21, 24, 295, 1, 24, 126, 5556 }, // U+1EDC
    { 19, 18, 260, 0, 18, 86, 5682 }, // U+1EDD
    { 21, 25, 295, 1, 25, 132, 5768 }, // U+1EDE
    { 19, 21, 260, 0, 21, 100, 5900 }, // U+1EDF
    { 21, 23, 295, 1, 23, 121, 6000 }, // U+1EE0
    { 19, 18, 260, 0, 18, 86, 6121 }, // U+1EE1
    { 21, 24, 295, 1, 18, 126, 6207 }, // U+1EE2
    { 19, 19, 260, 0, 13, 91, 6333 }, // U+1EE3
    { 17, 24, 265, 1, 18, 102, 6424 }, // U+1EE4
    { 14, 19, 224, 0, 13, 67, 6526 }, // U+1EE5
    { 17, 25, 265, 1, 25, 107, 6593 }, // U+1EE6
    { 14, 21, 224, 0, 21, 74, 6700 }, // U+1EE7
    { 21, 24, 297, 1, 24, 126, 6774 }, // U+1EE8
    { 19, 18, 260, 0, 18, 86, 6900 }, // U+1EE9
    { 21, 24, 297, 1, 24, 126, 6986 }, // U+1EEA
    { 19, 18, 260, 0, 18, 86, 7112 }, // U+1EEB
    { 21, 25, 297, 1, 25, 132, 7198 }, // U+1EEC
    { 19, 21, 260, 0, 21, 100, 7330 }, // U+1EED
    { 21, 23, 297, 1, 23, 121, 7430 }, // U+1EEE
    { 19, 18, 260, 0, 18, 86, 7551 }, // U+1EEF
    { 21, 24, 297, 1, 18, 126, 7637 }, // U+1EF0
    { 19, 19, 260, 0, 13, 91, 7763 }, // U+1EF1
    { 16, 23, 251, 2, 23, 92, 7854 }, // U+1EF2
    { 16, 23, 202, -2, 18, 92, 7946 }, // U+1EF3
    { 16, 24, 251, 2, 18, 96, 8038 }, // U+1EF4
    { 16, 19, 202, -2, 13, 76, 8134 }, // U+1EF5
    { 16, 26, 251, 2, 26, 104, 8210 }, // U+1EF6
    { 16, 26, 202, -2, 21, 104, 8314 }, // U+1EF7
    { 16, 23, 251, 2, 23, 92, 8418 }, // U+1EF8
    { 16, 23, 202, -2, 18, 92, 8510 }, // U+1EF9
    { 0, 0, 226, 0, 0, 0, 0 }, // U+2007
    { 9, 3, 136, 0, 9, 7, 0 }, // U+2010
    { 14, 3, 216, 0, 9, 11, 7 }, // U+2012
    { 14, 3, 216, 0, 9, 11, 18 }, // U+2013
    { 21, 3, 334, 0, 9, 16, 29 }, // U+2014
    { 21, 3, 334, 0, 9, 16, 45 }, // U+2015
    { 7, 9, 131, 2, 19, 16, 61 }, // U+2018
    { 7, 9, 131, 2, 18, 16, 77 }, // U+2019
    { 6, 9, 131, 0, 4, 14, 93 }, // U+201A
    { 13, 9, 226, 2, 19, 30, 107 }, // U+201C
    { 13, 9, 226, 2, 18, 30, 137 }, // U+201D
    { 12, 9, 226, 0, 4, 27, 167 }, // U+201E
    { 14, 18, 219, 1, 18, 63, 194 }, // U+2020
    { 15, 18, 219, 0, 18, 68, 257 }, // U+2021
    { 8, 7, 147, 1, 11, 14, 325 }, // U+2022
    { 18, 4, 320, 0, 4, 18, 339 }, // U+2026
    { 32, 18, 551, 2, 18, 144, 357 }, // U+2030
    { 8, 6, 118, 1, 18, 12, 501 }, // U+2032
    { 13, 6, 195, 1, 18, 20, 513 }, // U+2033
    { 9, 10, 141, 0, 12, 23, 533 }, // U+2039
    { 10, 10, 141, -1, 12, 25, 556 }, // U+203A
    { 17, 20, 90, -5, 18, 85, 581 }, // U+2044
    { 11, 12, 172, 1, 17, 33, 0 }, // U+2070
    { 11, 12, 172, 0, 17, 33, 33 }, // U+2074
    { 12, 12, 172, 0, 17, 36, 66 }, // U+2075
    { 10, 12, 172, 1, 17, 30, 102 }, // U+2076
    { 10, 12, 172, 2, 17, 30, 132 }, // U+2077
    { 11, 12, 172, 1, 17, 33, 162 }, // U+2078
    { 10, 13, 172, 2, 17, 33, 195 }, // U+2079
    { 8, 14, 108, 1, 18, 28, 228 }, // U+207D
    { 8, 14, 108, 0, 18, 28, 256 }, // U+207E
    { 10, 8, 156, 1, 17, 20, 284 }, // U+207F
    { 11, 12, 172, -1, 8, 33, 304 }, // U+2080
    { 8, 12, 172, 0, 8, 24, 337 }, // U+2081
    { 11, 12, 172, -1, 8, 33, 361 }, // U+2082
    { 11, 12, 172, -1, 8, 33, 394 }, // U+2083
    { 11, 12, 172, -1, 8, 33, 427 }, // U+2084
    { 11, 12, 172, -1, 8, 33, 460 }, // U+2085
    { 11, 12, 172, -1, 8, 33, 493 }, // U+2086
    { 11, 12, 172, 0, 8, 33, 526 }, // U+2087
    { 11, 12, 172, -1, 8, 33, 559 }, // U+2088
    { 10, 13, 172, 0, 8, 33, 592 }, // U+2089
    { 8, 14, 108, -1, 9, 28, 625 }, // U+208D
    { 8, 14, 108, -2, 9, 28, 653 }, // U+208E
    { 16, 22, 246, 1, 20, 88, 0 }, // U+20A1
    { 15, 18, 220, 0, 18, 68, 88 }, // U+20A4
    { 21, 18, 324, 0, 18, 95, 156 }, // U+20A6
    { 17, 18, 267, 1, 18, 77, 251 }, // U+20A7
    { 16, 22, 234, 0, 18, 88, 328 }, // U+20AB
    { 18, 18, 270, 0, 18, 81, 416 }, // U+20AC
    { 19, 18, 285, 0, 18, 86, 497 }, // U+20B1
    { 17, 22, 258, 0, 20, 94, 583 }, // U+20B2
    { 16, 22, 246, 1, 20, 88, 677 }, // U+20B5
    { 16, 18, 253, 1, 18, 72, 765 }, // U+20B9
    { 15, 18, 238, 0, 18, 68, 837 }, // U+20BA
    { 17, 18, 229, -1, 18, 77, 905 }, // U+20BD
    { 16, 7, 360, 3, 10, 28, 0 }, // U+2190
    { 8, 15, 200, 3, 15, 30, 28 }, // U+2191
    { 16, 7, 360, 3, 10, 28, 58 }, // U+2192
    { 7, 15, 200, 2, 15, 27, 86 }, // U+2193
    { 13, 18, 210, 0, 18, 59, 0 }, // U+2202
    { 17, 18, 262, -1, 18, 77, 59 }, // U+2206
    { 17, 21, 272, 0, 18, 90, 136 }, // U+220F
    { 19, 21, 262, -1, 18, 100, 226 }, // U+2211
    { 14, 3, 247, 1, 8, 11, 326 }, // U+2212
    { 17, 18, 104, -5, 18, 77, 337 }, // U+2215
    { 6, 5, 118, 1, 11, 8, 414 }, // U+2219
    { 22, 20, 251, 0, 18, 110, 422 }, // U+221A
    { 20, 9, 344, 1, 12, 45, 532 }, // U+221E
    { 14, 23, 141, -3, 18, 81, 577 }, // U+222B
    { 16, 11, 247, 0, 13, 44, 658 }, // U+2248
    { 15, 14, 247, 0, 14, 53, 702 }, // U+2260
    { 16, 15, 247, 0, 15, 60, 755 }, // U+2264
    { 15, 15, 247, 0, 15, 57, 815 }, // U+2265
    { 16, 18, 246, 1, 18, 72, 0 }, // U+FB01
    { 15, 18, 261, 1, 18, 68, 72 }, // U+FB02
};

static const EpdUnicodeInterval sarabun_12_bolditalicIntervals[] = {
    { 0x0, 0x0, 0x0 },
    { 0xD, 0xD, 0x1 },
    { 0x20, 0x7E, 0x2 },
    { 0xA0, 0x17E, 0x61 },
    { 0x1A0, 0x1A1, 0x140 },
    { 0x1AF, 0x1B0, 0x142 },
    { 0x1CD, 0x1DC, 0x144 },
    { 0x1E6, 0x1E7, 0x154 },
    { 0x1FA, 0x1FF, 0x156 },
    { 0x218, 0x21B, 0x15C },
    { 0x300, 0x304, 0x160 },
    { 0x306, 0x30C, 0x165 },
    { 0x31B, 0x31B, 0x16C },
    { 0x323, 0x324, 0x16D },
    { 0x326, 0x328, 0x16F },
    { 0x32E, 0x32E, 0x172 },
    { 0x331, 0x331, 0x173 },
    { 0xE01, 0xE3A, 0x174 },
    { 0xE3F, 0xE5B, 0x1AE },
    { 0x1EA0, 0x1EF9, 0x1CB },
    { 0x2007, 0x2007, 0x225 },
    { 0x2010, 0x2010, 0x226 },
    { 0x2012, 0x2015, 0x227 },
    { 0x2018, 0x201A, 0x22B },
    { 0x201C, 0x201E, 0x22E },
    { 0x2020, 0x2022, 0x231 },
    { 0x2026, 0x2026, 0x234 },
    { 0x2030, 0x2030, 0x235 },
    { 0x2032, 0x2033, 0x236 },
    { 0x2039, 0x203A, 0x238 },
    { 0x2044, 0x2044, 0x23A },
    { 0x2070, 0x2070, 0x23B },
    { 0x2074, 0x2079, 0x23C },
    { 0x207D, 0x2089, 0x242 },
    { 0x208D, 0x208E, 0x24F },
    { 0x20A1, 0x20A1, 0x251 },
    { 0x20A4, 0x20A4, 0x252 },
    { 0x20A6, 0x20A7, 0x253 },
    { 0x20AB, 0x20AC, 0x255 },
    { 0x20B1, 0x20B2, 0x257 },
    { 0x20B5, 0x20B5, 0x259 },
    { 0x20B9, 0x20BA, 0x25A },
    { 0x20BD, 0x20BD, 0x25C },
    { 0x2190, 0x2193, 0x25D },
    { 0x2202, 0x2202, 0x261 },
    { 0x2206, 0x2206, 0x262 },
    { 0x220F, 0x220F, 0x263 },
    { 0x2211, 0x2212, 0x264 },
    { 0x2215, 0x2215, 0x266 },
    { 0x2219, 0x221A, 0x267 },
    { 0x221E, 0x221E, 0x269 },
    { 0x222B, 0x222B, 0x26A },
    { 0x2248, 0x2248, 0x26B },
    { 0x2260, 0x2260, 0x26C },
    { 0x2264, 0x2265, 0x26D },
    { 0xFB01, 0xFB02, 0x26F },
};

static const EpdFontGroup sarabun_12_bolditalicGroups[] = {
    { 0, 2959, 5919, 97, 0 },
    { 2959, 2585, 6859, 96, 97 },
    { 5544, 3313, 11004, 127, 193 },
    { 8857, 1281, 3135, 32, 320 },
    { 10138, 183, 213, 20, 352 },
    { 10321, 3215, 5612, 87, 372 },
    { 13536, 1862, 9404, 90, 459 },
    { 15398, 415, 740, 22, 549 },
    { 15813, 504, 742, 22, 571 },
    { 16317, 626, 1058, 12, 593 },
    { 16943, 99, 116, 4, 605 },
    { 17042, 504, 961, 14, 609 },
    { 17546, 127, 144, 2, 623 },
};

static const uint16_t sarabun_12_bolditalicKernLeftCodepoints[] = {
    0x002C, 0x002E, 0x0041, 0x0042, 0x0044, 0x0046, 0x004B, 0x004C, 0x004F, 0x0050, 0x0051, 0x0053,
    0x0054, 0x0055, 0x0056, 0x0057, 0x0058, 0x0059, 0x005A, 0x0061, 0x0062, 0x0063, 0x0065, 0x0066,
    0x0067, 0x006B, 0x006C, 0x006D, 0x006E, 0x006F, 0x0070, 0x0072, 0x0073, 0x0074, 0x0075, 0x0076,
    0x0078, 0x0079, 0x007A, 0x00C0, 0x00C1, 0x00C2, 0x00C3, 0x00C4, 0x00C5, 0x00D0, 0x00D2, 0x00D3,
    0x00D4, 0x00D5, 0x00D6, 0x00D8, 0x00D9, 0x00DA, 0x00DB, 0x00DC, 0x00DD, 0x00E0, 0x00E1, 0x00E2,
    0x00E3, 0x00E4, 0x00E5, 0x00E6, 0x00E7, 0x00E8, 0x00E9, 0x00EA, 0x00EB, 0x00F1, 0x00F2, 0x00F3,
    0x00F4, 0x00F5, 0x00F6, 0x00FD, 0x00FE, 0x00FF, 0x0100, 0x0101, 0x0102, 0x0103, 0x0104, 0x0105,
    0x0107, 0x0109, 0x010B, 0x010D, 0x010E, 0x0110, 0x0113, 0x0115, 0x0117, 0x0119, 0x011B, 0x0125,
    0x0127, 0x0132, 0x0134, 0x0136, 0x0137, 0x0138, 0x0139, 0x013B, 0x013D, 0x013F, 0x0141, 0x0144,
    0x0146, 0x0148, 0x0149, 0x014B, 0x014C, 0x014D, 0x014E, 0x014F, 0x0150, 0x0151, 0x0153, 0x0154,
    0x0155, 0x0156, 0x0157, 0x0158, 0x0159, 0x015A, 0x015B, 0x015C, 0x015D, 0x015E, 0x015F, 0x0160,
    0x0161, 0x0162, 0x0163, 0x0164, 0x0165, 0x0166, 0x0167, 0x0168, 0x016A, 0x016C, 0x016E, 0x0170,
    0x0172, 0x0174, 0x0175, 0x0176, 0x0177, 0x0178, 0x01A0, 0x01CD, 0x01CE, 0x01D1, 0x01D2, 0x01D3,
    0x01D5, 0x01D7, 0x01D9, 0x01DB, 0x01FA, 0x01FB, 0x01FD, 0x01FE, 0x01FF, 0x0218, 0x0219, 0x021A,
    0x021B, 0x1EA0, 0x1EA1, 0x1EA2, 0x1EA3, 0x1EA4, 0x1EA5, 0x1EA6, 0x1EA7, 0x1EA8, 0x1EA9, 0x1EAA,
    0x1EAB, 0x1EAC, 0x1EAD, 0x1EAE, 0x1EAF, 0x1EB0, 0x1EB1, 0x1EB2, 0x1EB3, 0x1EB4, 0x1EB5, 0x1EB6,
    0x1EB7, 0x1EB9, 0x1EBB, 0x1EBD, 0x1EBF, 0x1EC1, 0x1EC3, 0x1EC5, 0x1EC7, 0x1ECC, 0x1ECD, 0x1ECE,
    0x1ECF, 0x1ED0, 0x1ED1, 0x1ED2, 0x1ED3, 0x1ED4, 0x1ED5, 0x1ED6, 0x1ED7, 0x1ED8, 0x1ED9, 0x1EDA,
    0x1EDB, 0x1EDC, 0x1EDD, 0x1EDE, 0x1EDF, 0x1EE0, 0x1EE1, 0x1EE2, 0x1EE3, 0x1EE4, 0x1EE6, 0x1EF2,
    0x1EF3, 0x1EF4, 0x1EF5, 0x1EF6, 0x1EF7, 0x1EF8, 0x1EF9, 0x2018, 0x201C, 0x2026,
};

static const uint8_t sarabun_12_bolditalicKernLeftClassIds[] = {
      1,   1,   2,   3,   4,   5,   6,   7,   8,   9,   8,  10,  11,  12,  13,  14,
     15,  16,  17,  18,  19,  20,  21,  22,  23,  24,  25,  26,  26,  27,  28,  29,
     30,  31,  32,  33,  34,  35,  36,  37,  37,  37,  37,  37,  37,  38,  39,  39,
     39,  39,  39,  40,  12,  12,  12,  12,  16,  18,  18,  18,  18,  18,  18,  41,
     42,  41,  41,  41,  41,  43,  27,  27,  27,  27,  27,  35,  44,  35,  37,  18,
     37,  18,  37,  18,  42,  42,  42,  42,  45,  38,  41,  41,  41,  41,  41,  46,
     46,  47,  47,  48,  49,  49,  50,  50,  50,  50,  51,  43,  43,  43,  43,  43,
     39,  27,  39,  27,  39,  27,  41,  52,  53,  52,  53,  52,  53,  54,  55,  54,
     55,  54,  55,  54,  55,  56,  57,  56,  57,  56,  57,  12,  12,  12,  12,  12,
     12,  58,  59,  16,  35,  16,  40,  37,  18,  39,  27,  12,  12,  12,  12,  12,
     37,  18,  41,  39,  27,  54,  55,  56,  57,  37,  18,  37,  18,  37,  18,  37,
     18,  37,  18,  37,  18,  37,  18,  37,  18,  37,  18,  37,  18,  37,  18,  37,
     18,  41,  41,  41,  41,  41,  41,  41,  41,  39,  27,  39,  27,  39,  27,  39,
     27,  39,  27,  39,  27,  39,  27,  40,  27,  40,  27,  40,  27,  40,  27,  40,
     27,  12,  12,  16,  35,  16,  35,  16,  35,  16,  35,  60,  60,  61,
};

static const uint16_t sarabun_12_bolditalicKernRightCodepoints[] = {
    0x002C, 0x002E, 0x0041, 0x0043, 0x0047, 0x004A, 0x004F, 0x0051, 0x0053, 0x0054, 0x0055, 0x0056,
    0x0057, 0x0058, 0x0059, 0x0061, 0x0063, 0x0064, 0x0065, 0x0066, 0x0067, 0x006A, 0x006D, 0x006E,
    0x006F, 0x0070, 0x0071, 0x0072, 0x0073, 0x0074, 0x0075, 0x0076, 0x0077, 0x0078, 0x0079, 0x007A,
    0x00C0, 0x00C1, 0x00C2, 0x00C3, 0x00C4, 0x00C5, 0x00C6, 0x00C7, 0x00D2, 0x00D3, 0x00D4, 0x00D5,
    0x00D6, 0x00D8, 0x00D9, 0x00DA, 0x00DB, 0x00DC, 0x00DD, 0x00DF, 0x00E0, 0x00E1, 0x00E2, 0x00E3,
    0x00E4, 0x00E5, 0x00E6, 0x00E7, 0x00E8, 0x00E9, 0x00EA, 0x00EB, 0x00F0, 0x00F1, 0x00F2, 0x00F3,
    0x00F4, 0x00F5, 0x00F6, 0x00F8, 0x00F9, 0x00FA, 0x00FB, 0x00FC, 0x00FD, 0x00FF, 0x0100, 0x0101,
    0x0102, 0x0103, 0x0104, 0x0105, 0x0106, 0x0107, 0x0108, 0x0109, 0x010A, 0x010B, 0x010C, 0x010D,
    0x010F, 0x0111, 0x0113, 0x0115, 0x0117, 0x0119, 0x011B, 0x011C, 0x011D, 0x011E, 0x011F, 0x0120,
    0x0121, 0x0122, 0x0123, 0x0134, 0x0135, 0x0144, 0x0146, 0x0148, 0x0149, 0x014B, 0x014C, 0x014D,
    0x014E, 0x014F, 0x0150, 0x0151, 0x0153, 0x0155, 0x0157, 0x0159, 0x015A, 0x015B, 0x015C, 0x015D,
    0x015E, 0x015F, 0x0160, 0x0161, 0x0162, 0x0163, 0x0164, 0x0165, 0x0166, 0x0167, 0x0168, 0x0169,
    0x016A, 0x016B, 0x016C, 0x016D, 0x016E, 0x016F, 0x0170, 0x0171, 0x0172, 0x0173, 0x0174, 0x0175,
    0x0176, 0x0177, 0x0178, 0x017A, 0x017C, 0x017E, 0x01A0, 0x01A1, 0x01AF, 0x01B0, 0x01CD, 0x01CE,
    0x01D1, 0x01D2, 0x01D3, 0x01D4, 0x01D5, 0x01D6, 0x01D7, 0x01D8, 0x01D9, 0x01DA, 0x01DB, 0x01DC,
    0x01E6, 0x01E7, 0x01FA, 0x01FB, 0x01FC, 0x01FD, 0x01FE, 0x01FF, 0x0218, 0x0219, 0x021A, 0x021B,
    0x1EA0, 0x1EA1, 0x1EA2, 0x1EA3, 0x1EA4, 0x1EA5, 0x1EA6, 0x1EA7, 0x1EA8, 0x1EA9, 0x1EAA, 0x1EAB,
    0x1EAC, 0x1EAD, 0x1EAE, 0x1EAF, 0x1EB0, 0x1EB1, 0x1EB2, 0x1EB3, 0x1EB4, 0x1EB5, 0x1EB6, 0x1EB7,
    0x1EB9, 0x1EBB, 0x1EBD, 0x1EBF, 0x1EC1, 0x1EC3, 0x1EC5, 0x1EC7, 0x1ECC, 0x1ECD, 0x1ECE, 0x1ECF,
    0x1ED0, 0x1ED1, 0x1ED2, 0x1ED3, 0x1ED4, 0x1ED5, 0x1ED6, 0x1ED7, 0x1ED8, 0x1ED9, 0x1EDA, 0x1EDB,
    0x1EDC, 0x1EDD, 0x1EDE, 0x1EDF, 0x1EE0, 0x1EE1, 0x1EE2, 0x1EE3, 0x1EE4, 0x1EE5, 0x1EE6, 0x1EE7,
    0x1EE8, 0x1EE9, 0x1EEA, 0x1EEB, 0x1EEC, 0x1EED, 0x1EEE, 0x1EEF, 0x1EF0, 0x1EF1, 0x1EF2, 0x1EF3,
    0x1EF4, 0x1EF5, 0x1EF6, 0x1EF7, 0x1EF8, 0x1EF9, 0x2019, 0x201D, 0x2026, 0xFB01, 0xFB02,
};

static const uint8_t sarabun_12_bolditalicKernRightClassIds[] = {
      1,   2,   3,   4,   5,   6,   7,   8,   9,  10,  11,  12,  13,  14,  15,  16,
     17,  18,  19,  20,  21,  22,  23,  24,  25,  26,  27,  28,  29,  30,  31,  32,
     33,  34,  35,  36,  37,  37,  37,  37,  37,  37,  37,  38,  39,  39,  39,  39,
     39,  40,  41,  41,  41,  41,  42,  43,  44,  44,  44,  44,  44,  44,  44,  45,
     46,  46,  46,  46,  47,  48,  49,  49,  49,  49,  49,  50,  51,  51,  51,  51,
     52,  52,  37,  44,  37,  44,  37,  44,  38,  45,  38,  45,  38,  45,  38,  45,
     53,  47,  46,  46,  46,  46,  46,  54,  55,  54,  55,  54,  55,  54,  55,  56,
     22,  48,  48,  48,  48,  48,  39,  49,  39,  49,  39,  49,  57,  58,  58,  58,
     59,  60,  59,  60,  59,  60,  59,  60,  61,  62,  61,  62,  61,  62,  41,  51,
     41,  51,  41,  51,  41,  51,  41,  51,  41,  51,  63,  64,  42,  52,  42,  65,
     65,  65,  39,  50,  41,  66,  37,  44,  39,  49,  41,  51,  41,  51,  41,  51,
     41,  51,  41,  51,  54,  55,  37,  44,  37,  44,  39,  49,  59,  60,  61,  62,
     37,  44,  37,  44,  37,  44,  37,  44,  37,  44,  37,  44,  37,  44,  37,  44,
     37,  44,  37,  44,  37,  44,  37,  44,  46,  46,  46,  46,  46,  46,  46,  46,
     39,  49,  39,  49,  39,  49,  39,  49,  39,  49,  39,  49,  39,  49,  39,  49,
     39,  49,  39,  49,  39,  49,  39,  49,  41,  51,  41,  51,  41,  51,  41,  51,
     41,  51,  41,  51,  41,  51,  42,  52,  42,  52,  42,  52,  42,  52,  67,  68,
     69,  43,  43,
};

static const uint16_t sarabun_12_bolditalicKernRowOffsets[] = {
        0,    12,    49,    55,    62,    69,    81,   118,   127,   151,   156,   193,   197,   249,   269,   300,
      344,   355,   360,   368,   372,   388,   407,   410,   431,   448,   454,   467,   478,   483,   493,   496,
      502,   529,   540,   562,   568,   606,   611,   621,   627,   646,   651,   658,   663,   672,   677,   681,
      717,   739,   776,   787,   792,   794,   799,   810,   849,   854,   899,   915,   918,   923,
};

static const uint8_t sarabun_12_bolditalicKernSparseCols[] = {
      9,  11,  14,  17,  20,  24,  26,  31,  32,  48,  52,  56,   3,   6,   7,   8,
      9,  10,  11,  12,  14,  15,  16,  17,  18,  20,  24,  26,  30,  31,  34,  37,
     38,  40,  41,  43,  44,  45,  48,  50,  51,  52,  56,  58,  60,  62,  63,  66,
     67,   2,  11,  13,  14,  36,  41,   2,  11,  14,  36,  41,  55,  62,   0,   1,
      2,   5,  36,  55,  68,  15,  16,  17,  18,  20,  26,  34,  43,  44,  45,  51,
     52,   3,   4,   6,   7,   9,  10,  11,  12,  14,  15,  16,  17,  18,  20,  24,
     26,  29,  31,  32,  34,  37,  38,  40,  41,  43,  44,  45,  48,  51,  52,  53,
     56,  60,  62,  63,  66,  67,   2,  11,  12,  13,  14,  36,  41,  55,  62,   0,
      1,   2,   5,  11,  13,  14,  15,  16,  17,  20,  24,  26,  28,  36,  41,  43,
     44,  48,  52,  55,  56,  59,  68,   2,  11,  14,  36,  41,   0,   1,   2,   3,
     15,  16,  17,  18,  20,  22,  23,  24,  26,  28,  30,  31,  32,  33,  34,  35,
     36,  37,  43,  44,  45,  47,  48,  50,  51,  52,  54,  55,  56,  57,  59,  63,
     64,   0,   1,   2,  36,   0,   1,   2,   3,   4,   5,   6,   7,   8,  15,  16,
     17,  18,  20,  21,  22,  23,  24,  25,  26,  28,  30,  31,  33,  34,  36,  37,
     38,  39,  42,  43,  44,  45,  46,  47,  48,  49,  50,  51,  52,  53,  54,  55,
     56,  57,  58,  59,  61,  63,  64,  65,  68,   0,   1,   2,   6,   7,  15,  16,
     17,  18,  20,  24,  26,  36,  38,  43,  44,  45,  48,  52,  56,   3,   4,   6,
      7,  15,  16,  17,  18,  20,  24,  26,  30,  31,  34,  37,  38,  39,  43,  44,
     45,  46,  48,  49,  50,  51,  52,  53,  56,  61,  63,  65,   0,   1,   2,   3,
      4,   5,   6,   7,   8,  15,  16,  17,  18,  20,  22,  23,  24,  26,  28,  30,
     31,  33,  34,  36,  37,  38,  43,  44,  45,  47,  48,  50,  51,  52,  53,  54,
     55,  56,  57,  58,  59,  61,  63,  64,  16,  17,  18,  20,  24,  26,  44,  45,
     48,  52,  56,  11,  14,  41,  62,  63,   0,   1,  11,  14,  34,  41,  51,  62,
     11,  14,  41,  62,   0,   1,   2,  11,  13,  14,  28,  31,  34,  36,  41,  51,
     54,  59,  62,  63,   0,   1,  15,  16,  17,  18,  20,  24,  26,  43,  44,  45,
     46,  48,  49,  52,  54,  56,  68,  11,  14,  41,   9,  11,  14,  15,  16,  17,
     18,  20,  24,  26,  34,  41,  43,  44,  45,  48,  51,  52,  56,  60,  62,  16,
     17,  18,  20,  24,  26,  28,  31,  32,  34,  44,  45,  48,  51,  52,  56,  59,
      9,  11,  14,  41,  60,  62,   0,   1,   2,   9,  11,  14,  31,  34,  36,  41,
     51,  60,  62,   0,   1,   9,  11,  12,  13,  31,  34,  51,  60,  62,   0,   1,
     24,  48,  56,   1,   9,  11,  13,  14,  18,  41,  45,  60,  62,  24,  48,  56,
      9,  11,  14,  41,  60,  62,   0,   1,   2,   9,  11,  13,  14,  15,  16,  17,
     18,  20,  24,  26,  36,  41,  43,  44,  45,  46,  48,  52,  55,  56,  60,  62,
     68,   9,  11,  14,  17,  20,  26,  41,  46,  52,  60,  62,   0,   1,   2,   9,
     13,  14,  15,  17,  18,  20,  24,  26,  36,  41,  43,  45,  48,  52,  55,  56,
     60,  62,   9,  11,  14,  41,  60,  62,   3,   6,   7,   8,   9,  10,  11,  12,
     14,  15,  16,  17,  18,  20,  24,  26,  30,  31,  32,  34,  37,  38,  40,  41,
     43,  44,  45,  48,  50,  51,  52,  56,  58,  60,  62,  63,  66,  67,   2,   5,
     11,  12,  14,   2,   5,  11,  12,  13,  14,  36,  41,  55,  62,   2,   5,  11,
     12,  13,  14,   0,   1,   2,  11,  12,  13,  14,  20,  28,  31,  32,  34,  36,
     41,  51,  54,  59,  62,  63,  11,  12,  14,  41,  62,   9,  11,  12,  14,  41,
     60,  62,   0,   1,  31,  34,  51,   2,   5,  11,  12,  14,  36,  41,  55,  62,
     11,  12,  14,  41,  62,   2,   5,  36,  55,   3,   4,   6,   7,   8,  11,  12,
     14,  15,  16,  17,  18,  20,  24,  26,  29,  30,  31,  32,  34,  37,  38,  41,
     43,  44,  45,  48,  50,  51,  52,  53,  56,  58,  61,  62,  63,   9,  11,  12,
     14,  15,  16,  17,  18,  20,  24,  26,  34,  41,  43,  44,  45,  48,  51,  52,
     56,  60,  62,   3,   4,   6,   7,   9,  10,  11,  12,  14,  15,  16,  17,  18,
     20,  24,  26,  29,  31,  32,  34,  37,  38,  40,  41,  43,  44,  45,  48,  51,
     52,  53,  56,  60,  62,  63,  66,  67,   3,   4,   6,   9,  11,  12,  14,  31,
     32,  34,  66,  11,  12,  14,  41,  62,  18,  45,   2,  11,  14,  36,  41,   1,
      9,  11,  12,  13,  14,  18,  41,  45,  60,  62,   0,   1,   2,   3,   5,  15,
     16,  17,  18,  20,  22,  23,  24,  26,  27,  28,  30,  31,  32,  33,  34,  35,
     36,  37,  43,  44,  45,  47,  48,  50,  51,  52,  54,  55,  56,  57,  59,  63,
     64,  11,  12,  14,  41,  62,   0,   2,   3,   4,   5,   6,   7,  15,  16,  17,
     18,  19,  20,  21,  22,  23,  24,  26,  28,  29,  30,  31,  32,  33,  34,  35,
     36,  37,  38,  43,  44,  45,  47,  48,  50,  51,  52,  53,  54,  55,  56,  59,
     61,  63,  64,   2,   9,  14,  15,  17,  18,  20,  26,  36,  41,  43,  45,  52,
     55,  60,  62,   2,   5,  36,   9,  11,  14,  31,  32,
};

static const int8_t sarabun_12_bolditalicKernSparseValues[] = {
     -40,  -40,  -40,  -12,  -12,  -12,  -12,  -24,  -24,  -12,  -12,  -12,  -12,  -12,  -12,  -16,
     -24,  -24,  -20,  -12,  -24,  -12,  -12,  -12,  -12,  -12,  -12,  -12,  -16,  -16,  -16,  -12,
     -12,  -24,  -24,  -12,  -12,  -12,  -12,  -16,  -16,  -12,  -12,  -16,  -24,  -40,  -32,  -32,
     -52,   -8,  -12,  -16,  -16,   -8,  -16,  -16,  -24,  -20,  -16,  -20,  -20,  -24,  -40,  -40,
     -40,  -36,  -72,  -40,  -40,  -12,   -8,   -8,   -8,   -8,   -8,  -16,  -12,   -8,   -8,  -16,
      -8,  -12,  -12,  -20,  -20,  -44,  -12,  -40,  -32,  -40,   -8,   -8,   -8,   -8,   -8,   -8,
      -8,  -12,  -24,  -16,  -32,  -12,  -20,  -12,  -40,   -8,   -8,   -8,   -8,  -32,   -8,  -12,
      -8,  -44,  -32,  -32,  -56,  -32,  -12,  -12,   -4,  -16,  -16,  -12,  -16,  -16,  -16,  -40,
     -40,  -32,  -40,  -12,  -24,  -12,  -12,  -12,  -12,  -12,  -12,  -12,   -8,  -64,  -24,  -12,
     -12,  -12,  -12,  -48,  -12,   -8,  -40,  -12,  -12,  -12,  -12,  -12,  -40,  -40,  -24,  -16,
     -32,  -24,  -32,  -32,  -32,  -24,  -24,  -32,  -32,  -28,  -24,  -24,  -16,  -20,  -16,  -20,
     -24,  -16,  -32,  -24,  -32,  -24,  -32,  -24,  -16,  -32,  -24,  -24,  -32,  -16,  -28,  -16,
      -8,  -16,  -16,  -24,  -24,  -40,  -40,  -20,  -16,  -16,  -28,  -12,  -12,  -12,  -32,  -32,
     -32,  -32,  -32,  -32,  -20,  -20,  -24,  -20,  -32,  -20,  -20,  -24,  -20,  -20,  -80,  -32,
     -32,  -20,  -16,  -64,  -64,  -64,  -32,  -40,  -48,  -24,  -40,  -40,  -64,  -40,  -64,  -48,
     -24,  -40,  -24,  -40,  -40,  -40,  -32,  -20,  -40,  -32,  -32,  -12,   -4,   -4,   -8,   -8,
      -8,   -8,   -8,   -8,   -8,  -12,   -4,   -8,   -8,   -8,   -8,   -8,   -8,  -16,  -12,  -16,
     -16,  -20,  -12,  -12,  -16,  -12,  -12,  -12,  -12,  -20,  -28,  -32,  -32,  -16,  -40,  -32,
     -36,  -20,  -36,  -24,  -24,  -56,  -32,  -28,  -12,  -24,  -40,  -12,  -40,  -40,  -24,  -20,
     -24,  -28,  -16,  -16,  -12,  -24,  -24,  -24,  -24,  -24,  -24,  -24,  -24,  -24,  -24,  -24,
     -24,  -32,  -24,  -24,  -20,  -16,  -24,  -24,  -24,  -24,  -24,  -24,  -24,  -24,  -24,  -32,
     -32,  -24,  -24,  -12,  -24,  -24,  -32,  -20,   -8,   -8,   -8,   -8,   -8,   -8,   -8,   -8,
      -8,   -8,   -8,  -24,  -32,  -32,  -24,  -24,  -12,  -12,  -32,  -32,   -8,  -32,  -24,  -24,
     -16,  -24,  -24,  -16,  -12,  -12,  -16,  -32,  -20,  -32,    8,  -12,   -8,  -16,  -32,   -8,
       8,    8,  -24,   -8,  -24,  -24,  -16,  -16,  -16,  -12,  -16,  -16,  -16,  -32,  -32,  -28,
     -16,  -32,  -16,  -32,  -32,  -16,  -24,  -16,  -24,  -48,  -24,  -36,  -24,  -16,  -16,  -16,
      -8,  -16,   -8,  -16,  -12,  -24,  -16,  -16,   -8,   -8,  -12,  -16,   -8,  -24,  -28,   -8,
      -8,  -12,   -8,  -12,   -8,   -8,  -12,   -8,  -12,   -8,  -12,  -12,  -12,   -8,  -12,   -8,
     -24,  -28,  -32,  -32,  -24,  -28,  -12,  -12,  -16,  -24,  -24,  -28,   -4,   -4,  -16,  -28,
      -4,  -24,  -24,  -12,  -12,  -24,  -24,  -24,  -20,   -8,   -4,   -4,  -24,  -24,  -24,  -24,
      -4,   -4,   -4,  -12,  -24,  -20,  -16,  -24,    8,  -24,    8,  -24,  -16,  -12,  -12,  -12,
     -32,  -20,  -24,  -48,  -64,  -40,  -24,  -24,  -40,  -16,  -24,  -20,  -24,  -12,  -12,   -8,
      -8,   -8,   -4,   -8,  -80,  -48,  -28,  -28,  -20,  -16,   -4,  -24,  -64,   -4,  -32,  -40,
     -24,  -16,  -20,  -32,  -12,  -12,  -12,  -64,  -16,  -28,  -32,  -40,  -16,  -16,  -32,  -16,
     -24,  -24,  -12,   -4,   -4,   -4,   -4,   -4,  -32,  -24,  -12,   -4,   -4,   -4,  -32,   -4,
     -16,  -20,   -8,  -16,  -16,  -32,  -16,  -32,  -36,  -32,  -12,  -32,  -64,  -48,  -80,  -52,
     -72,  -28,  -28,  -28,  -28,  -12,  -28,  -12,  -32,  -56,  -32,  -48,  -12,  -12,  -24,  -24,
     -12,  -12,  -12,  -12,  -16,  -16,  -12,  -12,  -16,  -24,  -40,  -32,  -64,  -52,  -16,  -20,
     -24,  -24,  -20,  -32,  -16,  -32,  -20,  -32,  -36,  -12,  -16,  -16,  -16,  -20,  -16,  -20,
     -16,  -16,  -20,  -12,  -12,  -16,  -64,  -24,  -40,  -64,    8,   16,  -24,   -8,  -20,  -16,
     -32,   -8,    8,    8,  -24,   -8,  -32,  -16,  -48,  -24,  -16,  -48,  -56,  -28,  -64,  -32,
     -24,  -28,  -12,  -12,   -8,   -4,   -4,  -32,  -20,  -48,  -24,  -40,  -16,  -20,  -20,  -24,
     -64,  -24,  -64,  -32,  -24,  -48,  -16,  -24,  -16,  -40,  -40,  -40,  -20,  -32,  -40,  -20,
     -40,  -32,  -48,  -48,  -48,  -24,  -48,  -24,  -24,  -32,  -80,  -40,  -80,  -20,  -20,  -20,
     -16,  -24,  -24,  -24,  -16,  -40,  -24,  -20,  -24,  -16,  -24,  -20,  -40,  -48,  -72,  -28,
     -48,  -32,  -32,  -32,  -24,  -16,  -24,  -16,  -24,  -24,  -16,  -16,   -8,   -8,  -12,  -16,
      -8,  -24,  -28,  -24,  -24,  -32,  -20,  -88,  -12,  -80,  -64,  -80,   -8,   -8,   -8,   -8,
      -8,   -8,   -8,  -12,  -64,  -48,  -64,  -12,  -20,  -12,  -40,   -8,   -8,   -8,   -8,  -32,
      -8,  -12,   -8,  -44,  -32,  -32,  -56,  -32,  -12,  -12,  -12,  -44,  -40,  -32,  -40,  -40,
     -32,  -32,  -24,  -48,  -16,  -48,  -24,  -16,  -16,  -16,  -28,  -24,  -24,  -12,  -12,  -12,
     -48,  -40,  -16,  -32,  -48,   16,  -24,    8,  -24,  -16,  -40,  -40,  -64,  -32,  -24,  -56,
     -48,  -56,  -56,  -56,  -48,  -24,  -56,  -32,  -16,  -52,  -48,  -40,  -32,  -36,  -32,  -28,
     -24,  -16,  -32,  -24,  -32,  -24,  -32,  -24,  -16,  -32,  -24,  -24,  -32,  -16,  -28,  -16,
      -8,  -48,  -24,  -64,  -32,  -24,  -40,  -80,  -32,  -32,  -24,  -32,  -16,  -48,  -48,  -48,
     -48,  -16,  -48,  -16,  -32,  -16,  -48,  -24,  -32,  -16,  -40,  -40,  -20,  -40,  -40,  -16,
     -40,  -16,  -16,  -24,  -24,  -24,  -16,  -24,  -20,  -20,  -24,  -16,  -24,  -24,  -24,  -16,
     -16,  -20,  -16,  -32,  -16,  -32,  -16,  -16,   -8,  -16,  -16,  -32,  -32,  -16,   -8,  -16,
     -28,  -16,  -20,  -20,  -32,  -20,  -40,  -40,  -40,  -24,  -24,
};

static const EpdLigaturePair sarabun_12_bolditalicLigaturePairs[] = {
    { 0x00660069, 0xFB01 }, // f i -> U+FB01
    { 0x0066006C, 0xFB02 }, // f l -> U+FB02
};

static const EpdFontData sarabun_12_bolditalic = {
    sarabun_12_bolditalicBitmaps,
    sarabun_12_bolditalicGlyphs,
    sarabun_12_bolditalicIntervals,
    56,
    33,
    27,
    -6,
    true,
    sarabun_12_bolditalicGroups,
    13,
    nullptr,
    nullptr,  // kernLeftClasses: built-in fonts use the split arrays below
    nullptr,  // kernRightClasses
    sarabun_12_bolditalicKernLeftCodepoints,
    sarabun_12_bolditalicKernLeftClassIds,
    sarabun_12_bolditalicKernRightCodepoints,
    sarabun_12_bolditalicKernRightClassIds,
    nullptr,  // kernMatrix: built-in fonts use the sparse form below
    sarabun_12_bolditalicKernRowOffsets,
    sarabun_12_bolditalicKernSparseCols,
    sarabun_12_bolditalicKernSparseValues,
    238,
    275,
    61,
    69,
    sarabun_12_bolditalicLigaturePairs,
    2,
};
