/**
 * generated by fontconvert.py
 * name: sarabun_18_bold
 * size: 18
 * mode: 2-bit  compressed: true
 * Command used: fontconvert.py sarabun_18_bold 18 ../builtinFonts/source/Sarabun/Sarabun-Bold.ttf --2bit --compress --pnum --zopfli --additional-intervals 0x0E00,0x0E7F
 */
#pragma once
#include "EpdFontData.h"

static const uint8_t sarabun_18_boldBitmaps[23063] = {
    0xC5, 0x9A, 0x01, 0xA4, 0x25, 0xC9, 0x7A, 0xC7, 0xBF, 0xEE, 0xDE, 0x9D, 0x0E, 0x4D, 0x3A, 0x08,
    0xF2, 0xDE, 0x90, 0x0E, 0x80, 0x27, 0xD1, 0x00, 0x80, 0x6A, 0x59, 0x04, 0x41, 0x16, 0x40, 0x20,
    0x10, 0xB0, 0x0F, 0x03, 0x00, 0xA1, 0x5B, 0x16, 0x41, 0x90, 0x01, 0x00, 0x2C, 0x60, 0xDE, 0x19,
    0xDC, 0x00, 0x82, 0x17, 0xD5, 0xB3, 0x83, 0x45, 0xB0, 0xFD, 0x04, 0xC1, 0xC3, 0x54, 0x9E, 0x21,
    0xCC, 0x62, 0x8A, 0x34, 0xDB, 0x33, 0x5B, 0x5D, 0xFF, 0xD4, 0xFF, 0xAB, 0x73, 0xEE, 0xBD, 0x77,
    0xE6, 0xEC, 0xEC, 0xBD, 0x33, 0x9B, 0x7D, 0xE7, 0x76, 0xFF, 0xAA, 0x4E, 0x57, 0xD5, 0x57, 0xDF,
    0x57, 0x55, 0xE7, 0xAB, 0xAA, 0xEA, 0x6B, 0xFC, 0x0F, 0xFF, 0x89, 0x74, 0xCB, 0xB8, 0x22, 0xF0,
    0x6F, 0x5C, 0xBB, 0x05, 0x4F, 0xF1, 0x8E, 0x4B, 0xCC, 0x2A, 0xD6, 0x49, 0x2A, 0x06, 0x27, 0x63,
    0xE2, 0x72, 0xA4, 0x4D, 0x9C, 0x53, 0x52, 0x91, 0x88, 0x25, 0x11, 0xFC, 0x84, 0xEB, 0x7C, 0x8C,
    0x17, 0x8F, 0xF1, 0xA8, 0xC4, 0x5C, 0x41, 0x4A, 0x4C, 0x89, 0x15, 0xA6, 0x9A, 0x1C, 0x12, 0x1F,
    0xE3, 0x70, 0x81, 0x47, 0x6F, 0x97, 0x6A, 0xA2, 0xB4, 0x41, 0x12, 0xBB, 0x20, 0xED, 0x7E, 0x64,
    0x9F, 0x18, 0xA4, 0xDF, 0xF8, 0xD5, 0x64, 0xAE, 0x22, 0x55, 0x90, 0x23, 0xEE, 0xC7, 0x49, 0x0A,
    0x60, 0x93, 0x1A, 0x80, 0xB4, 0x09, 0x73, 0xBF, 0x17, 0x18, 0x8C, 0x97, 0x3F, 0x97, 0x04, 0x39,
    0x82, 0x79, 0x3B, 0x0C, 0x22, 0x2D, 0x58, 0x1E, 0x8C, 0x5A, 0x46, 0x3B, 0xEC, 0x22, 0x85, 0x7E,
    0xEF, 0x31, 0x8B, 0x94, 0x58, 0x44, 0x68, 0xB9, 0x88, 0x71, 0x7F, 0x48, 0x98, 0x59, 0x46, 0x67,
    0x5F, 0xA5, 0x84, 0x91, 0xE2, 0xBB, 0x04, 0xD6, 0x16, 0x44, 0x46, 0x2C, 0xD7, 0x75, 0x51, 0xD8,
    0x45, 0xA8, 0xA5, 0xD4, 0x94, 0xAB, 0x8D, 0x0E, 0x64, 0x79, 0xE6, 0x35, 0x5B, 0x6C, 0x66, 0x16,
    0xBB, 0x54, 0xAC, 0x10, 0xF3, 0xE8, 0x6A, 0x08, 0x23, 0xC6, 0xB5, 0xE1, 0x18, 0xE9, 0xB7, 0x63,
    0x44, 0x35, 0xB7, 0xF3, 0xB8, 0xA8, 0x4A, 0xA3, 0xC3, 0x13, 0xCC, 0x3F, 0x13, 0x31, 0xC0, 0xE7,
    0x28, 0xE1, 0x68, 0x6D, 0x13, 0x5B, 0x04, 0x29, 0xB1, 0x75, 0xC1, 0x20, 0x8A, 0xFC, 0x6C, 0x30,
    0xEB, 0xF8, 0x3B, 0x0C, 0x2C, 0xE8, 0xED, 0x8C, 0x49, 0x45, 0xF1, 0x4F, 0xD8, 0x07, 0x39, 0x52,
    0x43, 0x34, 0xC2, 0xF6, 0xD5, 0x08, 0x5B, 0x59, 0x33, 0xB3, 0x8B, 0xC7, 0xDF, 0xA8, 0x6A, 0x4E,
    0xCC, 0x77, 0x60, 0xCB, 0xCC, 0xB9, 0x89, 0xA8, 0x70, 0x83, 0x55, 0x12, 0x28, 0x7C, 0x62, 0x4B,
    0x3D, 0x14, 0x36, 0xDA, 0xC6, 0xEF, 0x50, 0x33, 0xBE, 0xC1, 0x20, 0x25, 0x06, 0xCC, 0x89, 0x72,
    0x8D, 0x03, 0x65, 0xE3, 0xA9, 0x36, 0xFA, 0x6F, 0xA3, 0xD0, 0x86, 0x40, 0x93, 0xE0, 0x28, 0x26,
    0x77, 0x0B, 0xA6, 0x7B, 0x8F, 0xFA, 0x88, 0xD4, 0x0E, 0xE3, 0x66, 0xB7, 0x36, 0xD8, 0xB5, 0x8F,
    0xDD, 0x06, 0xDF, 0x00, 0x2B, 0x7C, 0x09, 0x78, 0x78, 0xB1, 0x58, 0x6C, 0x60, 0x47, 0x19, 0x0C,
    0x0F, 0xE0, 0xFB, 0x3C, 0x70, 0x94, 0x45, 0xC2, 0x5F, 0x7B, 0xB9, 0x8F, 0x2F, 0x8A, 0x59, 0xF4,
    0x83, 0xF9, 0xED, 0x3F, 0x1D, 0xD0, 0x73, 0x09, 0xA9, 0x75, 0xB4, 0x75, 0x9B, 0xF4, 0x9E, 0xCF,
    0x46, 0x27, 0xE3, 0x22, 0x76, 0x16, 0x9C, 0xBF, 0x98, 0x34, 0x2E, 0xCC, 0x66, 0x3C, 0x8B, 0x74,
    0x1B, 0x8B, 0xD7, 0x91, 0x26, 0x8A, 0x8A, 0x35, 0x4E, 0xDA, 0x4D, 0xEA, 0x5D, 0x2A, 0x3E, 0x99,
    0x04, 0x5A, 0xC0, 0x5C, 0x16, 0x58, 0x99, 0x7C, 0xEE, 0x62, 0x52, 0x56, 0xC2, 0xA8, 0x12, 0x98,
    0x0B, 0xFE, 0x66, 0x28, 0xAA, 0xDD, 0xF8, 0x8C, 0x9F, 0xC2, 0xFD, 0x85, 0xB4, 0xDE, 0xCC, 0xF5,
    0x66, 0x87, 0x22, 0xEC, 0x22, 0x76, 0x93, 0x83, 0x7D, 0xFD, 0x88, 0x96, 0x9F, 0x6E, 0xFD, 0x69,
    0xC4, 0x20, 0x55, 0x80, 0x34, 0xEB, 0x38, 0xD5, 0xDE, 0x0C, 0xF2, 0xE9, 0x1F, 0x0B, 0x35, 0xBA,
    0x0D, 0x0E, 0x8F, 0x71, 0x38, 0xE0, 0xE6, 0xE7, 0xB6, 0x65, 0xEB, 0xB5, 0xDB, 0x0D, 0x0C, 0x7A,
    0x34, 0x28, 0x62, 0x15, 0xEA, 0x2D, 0x69, 0xBB, 0xB4, 0x43, 0x21, 0x87, 0x43, 0x52, 0x32, 0xE4,
    0xAB, 0x9F, 0xAC, 0x63, 0x3F, 0x5A, 0xD7, 0x73, 0x64, 0xEA, 0x90, 0xEF, 0xB6, 0xD3, 0x8F, 0x74,
    0x74, 0xDA, 0x69, 0x1C, 0x74, 0xD3, 0x51, 0x74, 0x1D, 0x7F, 0x92, 0x6C, 0x9F, 0x51, 0x1B, 0x69,
    0x98, 0xD1, 0x62, 0xA3, 0x7B, 0x80, 0x34, 0x78, 0x8C, 0x29, 0x65, 0xC6, 0xDC, 0xAF, 0x29, 0x97,
    0x61, 0x0F, 0xA5, 0xCC, 0xFD, 0x6A, 0x97, 0x54, 0x1C, 0x73, 0x12, 0x74, 0x0B, 0x68, 0x66, 0x2D,
    0xA6, 0x02, 0x54, 0x94, 0x0A, 0x55, 0xF1, 0x5A, 0x91, 0x56, 0x99, 0x2B, 0x6F, 0xBD, 0xD0, 0xBF,
    0x56, 0xF0, 0xD2, 0xA5, 0x7B, 0xE4, 0x88, 0xE7, 0x3D, 0x7A, 0xF9, 0xB7, 0x54, 0xFE, 0x53, 0x6A,
    0xFC, 0x1E, 0xF7, 0x2F, 0xD2, 0x40, 0x31, 0x40, 0x38, 0xDD, 0x72, 0x1F, 0x93, 0x94, 0xC0, 0xA6,
    0x0E, 0x53, 0x4C, 0xC2, 0x3C, 0xD2, 0xC1, 0xF5, 0x8B, 0x58, 0xD7, 0x68, 0x99, 0xEB, 0x18, 0x09,
    0xBB, 0x24, 0x64, 0x0F, 0x39, 0xA9, 0x0F, 0xA1, 0xFF, 0x38, 0xB9, 0x56, 0x78, 0x91, 0x4A, 0x5D,
    0x0A, 0x06, 0x11, 0xA3, 0x2E, 0x55, 0x8D, 0xA2, 0xDF, 0xC3, 0x8B, 0x03, 0xAB, 0x47, 0xB8, 0x82,
    0xF4, 0x71, 0x60, 0x33, 0xAF, 0x74, 0x8F, 0xBB, 0x8C, 0xAA, 0xC6, 0xF3, 0x1A, 0x43, 0xCB, 0xEE,
    0xFA, 0x48, 0x7F, 0x40, 0x19, 0x05, 0x86, 0x5C, 0xDB, 0xCF, 0x6D, 0xA0, 0xB7, 0xF1, 0xC4, 0x4A,
    0x40, 0x98, 0x30, 0x27, 0x66, 0xFF, 0x78, 0x4D, 0xE7, 0x8F, 0xF9, 0xB5, 0x1D, 0x04, 0xCE, 0xAC,
    0x75, 0xF6, 0xDB, 0x53, 0x9F, 0xFD, 0x36, 0xD5, 0x7A, 0x10, 0xE9, 0x20, 0x4B, 0xF5, 0x85, 0x44,
    0x4B, 0xF4, 0x84, 0x21, 0x90, 0x50, 0x10, 0x15, 0xD1, 0xEC, 0x09, 0xDA, 0xE1, 0xC6, 0x27, 0xD8,
    0x25, 0x01, 0x93, 0xCE, 0x6D, 0x98, 0xEB, 0x3D, 0x21, 0x0F, 0x12, 0xAF, 0xEE, 0x3C, 0x01, 0x67,
    0x3E, 0xB9, 0xE9, 0x6E, 0x82, 0x9D, 0xEF, 0xDF, 0x40, 0x7D, 0x39, 0x4C, 0x9B, 0x2B, 0xEC, 0x0F,
    0x9E, 0x6B, 0x47, 0x29, 0xE6, 0x16, 0xDF, 0xC0, 0xB5, 0x91, 0x06, 0x6E, 0x9C, 0x18, 0xF3, 0x74,
    0x23, 0xED, 0x9B, 0xA8, 0x25, 0xA5, 0xB6, 0x8B, 0x98, 0x95, 0x13, 0xA2, 0xBA, 0xCA, 0xB9, 0x49,
    0x18, 0x0A, 0x9D, 0xBB, 0xEE, 0xAB, 0xF7, 0x96, 0x82, 0xB7, 0x55, 0x3F, 0x7E, 0x9C, 0x06, 0x1B,
    0xC2, 0xB0, 0xE3, 0x10, 0xD9, 0x48, 0x2B, 0x1B, 0x69, 0x39, 0xF6, 0x6C, 0x87, 0x54, 0x4C, 0x87,
    0x90, 0x76, 0x99, 0x4D, 0x98, 0x6C, 0x2C, 0x31, 0x23, 0x88, 0x75, 0x58, 0xD9, 0x46, 0xFE, 0x06,
    0x2C, 0x9F, 0x19, 0xA6, 0x1A, 0xE6, 0x6B, 0xA9, 0x41, 0x0D, 0x8A, 0x06, 0x56, 0xAA, 0x31, 0x08,
    0x68, 0xF9, 0x4D, 0x5C, 0x0D, 0x27, 0xDA, 0xA7, 0xC3, 0x4C, 0xA7, 0x19, 0x9F, 0x40, 0xD5, 0x0A,
    0x26, 0x56, 0x57, 0x3F, 0x6C, 0xA2, 0x89, 0x37, 0x5A, 0xA0, 0xDB, 0x88, 0x95, 0xA6, 0x29, 0x74,
    0x64, 0x7C, 0x1F, 0xB4, 0x35, 0x68, 0x56, 0x75, 0xD9, 0xCE, 0x5D, 0x2C, 0xB1, 0xE8, 0xEF, 0x95,
    0xCE, 0x39, 0x23, 0x89, 0x1B, 0x97, 0x96, 0x76, 0x34, 0xB4, 0xBC, 0xA4, 0x1D, 0x35, 0x2D, 0xEA,
    0xF0, 0x18, 0x8B, 0x49, 0xA9, 0x7E, 0x5C, 0x52, 0xA5, 0x67, 0x3D, 0x81, 0x93, 0x7E, 0x1B, 0x4F,
    0x5D, 0xE1, 0x54, 0x40, 0x01, 0xEC, 0x5A, 0x39, 0x71, 0x5C, 0xC8, 0x30, 0x41, 0x3A, 0x6A, 0x60,
    0xB6, 0x1A, 0x8E, 0x43, 0x8A, 0xE3, 0x6E, 0xA4, 0x50, 0x13, 0x6E, 0x60, 0xA4, 0x7B, 0xB1, 0xC1,
    0xAC, 0x25, 0x42, 0x87, 0x0B, 0x6C, 0x2C, 0xBB, 0x16, 0x80, 0xFA, 0x0F, 0xB8, 0xE3, 0xF0, 0xEE,
    0x74, 0x66, 0x07, 0xBF, 0x05, 0x46, 0x98, 0x78, 0x9A, 0xD6, 0x5B, 0xB8, 0x84, 0x57, 0x22, 0xF2,
    0x71, 0xBA, 0xE5, 0xA6, 0x83, 0xBE, 0xFA, 0xDC, 0x4C, 0x69, 0x5C, 0xBF, 0x99, 0x60, 0x42, 0xBF,
    0x35, 0xEE, 0x66, 0xAE, 0xAB, 0x69, 0xA0, 0x45, 0x19, 0xAB, 0xD0, 0x6C, 0x9D, 0x37, 0x73, 0x3B,
    0x7C, 0xA4, 0xA9, 0xCA, 0x7F, 0x60, 0x36, 0x9D, 0xFD, 0x13, 0x6A, 0x6C, 0x22, 0x86, 0xDE, 0x88,
    0x91, 0xFE, 0x7A, 0x44, 0xA8, 0x9E, 0x60, 0x65, 0x4E, 0xF5, 0x01, 0x57, 0xD1, 0x46, 0xA3, 0xF6,
    0x5A, 0x94, 0xF2, 0x1A, 0x42, 0x7E, 0x4D, 0xFC, 0xC1, 0x21, 0x7D, 0x74, 0x89, 0x19, 0xAE, 0x20,
    0x67, 0x3E, 0xE7, 0xF2, 0x0D, 0x4C, 0x58, 0x09, 0x30, 0x7A, 0xBD, 0x2E, 0xCF, 0x68, 0x14, 0x46,
    0xDD, 0x29, 0xDA, 0xE6, 0xF1, 0x78, 0x65, 0xD1, 0xAA, 0x5A, 0x9E, 0x22, 0x93, 0xDA, 0xA8, 0x11,
    0x61, 0x24, 0x7B, 0x36, 0x46, 0x64, 0x22, 0xE4, 0xC1, 0x2B, 0x76, 0xF9, 0x62, 0x80, 0xD5, 0xBE,
    0xB6, 0x61, 0x9C, 0xDA, 0xFD, 0x4F, 0xA5, 0x8A, 0x1F, 0xA5, 0x5B, 0xF4, 0xAE, 0xD9, 0x4D, 0x21,
    0x0F, 0x54, 0xBB, 0xE8, 0x74, 0x56, 0x41, 0x1F, 0xE9, 0xF0, 0xEE, 0x7D, 0xBE, 0x7F, 0xFE, 0x85,
    0xE8, 0x87, 0x5D, 0xD2, 0xB3, 0x55, 0x03, 0x6F, 0xC6, 0xF5, 0x19, 0x47, 0xD8, 0x73, 0xA1, 0xA6,
    0xD0, 0x99, 0x06, 0xC8, 0xFA, 0x1D, 0x6C, 0x94, 0x02, 0x2B, 0x17, 0x69, 0xBA, 0x26, 0x1D, 0xE7,
    0x36, 0x94, 0x98, 0x5A, 0xD7, 0xAD, 0x3D, 0xD6, 0xDA, 0x1B, 0x07, 0x84, 0x6A, 0x35, 0x4F, 0x5E,
    0x49, 0x2C, 0xB6, 0x71, 0xFA, 0x54, 0x8C, 0x04, 0x3B, 0x08, 0x03, 0x50, 0x73, 0x06, 0xA3, 0x06,
    0x45, 0xD4, 0x87, 0xD5, 0x2A, 0xA6, 0xDC, 0x50, 0x79, 0x31, 0x95, 0xB7, 0x9F, 0x78, 0xB1, 0x8D,
    0xB3, 0xFF, 0xB8, 0xDF, 0xC3, 0xC5, 0x6C, 0x66, 0xCB, 0x35, 0xA2, 0x71, 0x5D, 0xFC, 0x44, 0xD7,
    0x3D, 0xFC, 0xB4, 0x51, 0x83, 0x0A, 0x8B, 0x34, 0x29, 0x44, 0x3C, 0x80, 0xE2, 0xB3, 0x9E, 0x35,
    0xB0, 0x6B, 0x2B, 0xA9, 0xBB, 0x52, 0x63, 0x68, 0x96, 0x52, 0x13, 0x6C, 0x24, 0x01, 0x39, 0xAD,
    0xE2, 0x4B, 0x64, 0xB7, 0xA0, 0xDE, 0x3D, 0xDA, 0x85, 0x0E, 0x74, 0x74, 0x6C, 0x2F, 0x5D, 0x8D,
    0x87, 0x9E, 0x6D, 0xB6, 0x76, 0xDA, 0xA0, 0x6D, 0xE2, 0xE8, 0x39, 0x8D, 0xF1, 0x07, 0x99, 0xB8,
    0x54, 0xA0, 0x6F, 0xA9, 0xF2, 0xD4, 0xCC, 0x08, 0xD9, 0x90, 0xAE, 0x25, 0x35, 0xF3, 0xE8, 0x7B,
    0x16, 0xDF, 0x0C, 0x87, 0x6A, 0x18, 0x57, 0xBA, 0x28, 0xD0, 0x33, 0x26, 0xEC, 0x04, 0x26, 0xBC,
    0xB8, 0x80, 0xCE, 0x14, 0x2E, 0x61, 0xF4, 0x09, 0xE6, 0x12, 0x23, 0x9F, 0x61, 0x61, 0x96, 0xE9,
    0x54, 0x22, 0x12, 0x2C, 0x51, 0x80, 0x59, 0xFA, 0xB3, 0x2E, 0xE4, 0x72, 0x22, 0x5A, 0xB9, 0xC1,
    0xF2, 0x5A, 0x82, 0x10, 0x80, 0x7D, 0x5B, 0x68, 0x5B, 0x74, 0xEA, 0x3D, 0x2D, 0xE5, 0x96, 0x9A,
    0xD8, 0x60, 0xE1, 0xC4, 0x9A, 0xD2, 0xFE, 0x5D, 0xDB, 0xEF, 0xCF, 0xB2, 0xCB, 0x93, 0xD1, 0x91,
    0x76, 0x21, 0x31, 0xFF, 0x30, 0xED, 0x72, 0x55, 0x2A, 0x4B, 0xC8, 0xD2, 0xB2, 0xE4, 0x5C, 0x4B,
    0xAE, 0x51, 0x6B, 0x3F, 0x69, 0xA2, 0x5A, 0xDD, 0x6C, 0x9D, 0xE1, 0x86, 0xAD, 0xE6, 0x72, 0x31,
    0xD5, 0x10, 0xF5, 0x9E, 0x50, 0xC5, 0x9B, 0xC0, 0xDB, 0xCF, 0x6A, 0xC5, 0x7E, 0xD9, 0x30, 0x84,
    0x59, 0x31, 0x97, 0x57, 0x0D, 0xA3, 0x15, 0x05, 0x01, 0xE2, 0xA4, 0xF5, 0xBA, 0x37, 0x41, 0xBB,
    0xBE, 0x1F, 0x00, 0xDE, 0x02, 0x13, 0x6E, 0x03, 0x8A, 0xBF, 0x05, 0x6E, 0x29, 0x6A, 0x7E, 0x13,
    0x4C, 0xB8, 0x33, 0xD8, 0x17, 0xF4, 0xF4, 0x79, 0x6A, 0xB0, 0x40, 0xB8, 0x3E, 0x42, 0xB4, 0x1F,
    0x7F, 0xAD, 0x7D, 0xFA, 0x47, 0xEF, 0x18, 0x21, 0xF7, 0x0E, 0x87, 0x41, 0xA7, 0xF1, 0xF9, 0x26,
    0x99, 0x66, 0x17, 0x72, 0x74, 0x4A, 0x4F, 0x9A, 0x95, 0xEC, 0x02, 0xD9, 0x62, 0xD0, 0x23, 0x81,
    0xD7, 0x16, 0x73, 0xB6, 0x4A, 0x7A, 0x65, 0x89, 0xE7, 0x26, 0x4B, 0xF8, 0x30, 0xF2, 0x73, 0x86,
    0x1F, 0x2E, 0xF9, 0x7D, 0xFE, 0xE8, 0x82, 0x7E, 0xBC, 0xBB, 0xC6, 0xC7, 0xD2, 0xC4, 0x76, 0xE9,
    0xF7, 0x3E, 0x2F, 0xA1, 0x3D, 0xE7, 0x0C, 0x49, 0xDD, 0xC9, 0x56, 0x8C, 0xE4, 0x18, 0x48, 0xF8,
    0xC4, 0x8A, 0x91, 0xB9, 0xC1, 0x90, 0xD8, 0x45, 0xED, 0x87, 0x8D, 0x84, 0x4F, 0xFC, 0x52, 0x6D,
    0xFA, 0x0F, 0x0C, 0x89, 0xCF, 0x90, 0x07, 0xD8, 0xA4, 0x5C, 0x94, 0x9E, 0xB4, 0x6B, 0xE2, 0x6E,
    0x42, 0xE2, 0xA6, 0x12, 0x5C, 0x0B, 0xB9, 0x94, 0x5C, 0x62, 0xC9, 0x75, 0x91, 0xE3, 0x46, 0x9A,
    0x40, 0x76, 0x20, 0x53, 0xC5, 0x89, 0xD5, 0x69, 0x98, 0xFE, 0x64, 0xA0, 0xF2, 0x6F, 0x62, 0xD1,
    0x75, 0x3E, 0x9C, 0xA8, 0x3E, 0x5E, 0x57, 0x44, 0xF9, 0x14, 0x63, 0xC6, 0xA6, 0x2B, 0x7F, 0x70,
    0x1E, 0x4D, 0xC1, 0xAE, 0x5B, 0x00, 0x40, 0xC4, 0xE4, 0x60, 0x64, 0x30, 0x09, 0x18, 0xCC, 0x39,
    0x58, 0xCA, 0x98, 0x82, 0x97, 0xAE, 0xDA, 0x53, 0xF0, 0xB5, 0xAF, 0x02, 0x83, 0xB5, 0xD9, 0x52,
    0xF0, 0xD5, 0xD6, 0xFA, 0x14, 0x3C, 0x0D, 0x1D, 0x83, 0x2F, 0xF7, 0x7E, 0x49, 0xC1, 0x13, 0x98,
    0x3C, 0x1C, 0xEC, 0xC4, 0xC0, 0x62, 0x60, 0x60, 0x20, 0x1A, 0x44, 0x0D, 0xFA, 0x5D, 0x83, 0x36,
    0xE4, 0x60, 0xD3, 0x40, 0x48, 0xA7, 0x5C, 0x95, 0x41, 0x19, 0x95, 0x18, 0x94, 0xB3, 0xD2, 0x29,
    0x57, 0x65, 0x20, 0xBF, 0x8E, 0xE4, 0x57, 0x18, 0xA8, 0x0D, 0x72, 0xF5, 0x8E, 0x1C, 0x57, 0xD2,
    0x84, 0xAB, 0xDF, 0x6C, 0xAD, 0x2C, 0x95, 0x92, 0x39, 0x2A, 0x7B, 0x65, 0xAB, 0xAC, 0x95, 0xE5,
    0x49, 0xAB, 0xA3, 0x0F, 0xE9, 0x4F, 0xC3, 0x25, 0xEF, 0x96, 0xA3, 0xB4, 0x58, 0x3A, 0x4C, 0x5D,
    0x94, 0x32, 0x8F, 0x36, 0xEB, 0xF2, 0xE6, 0x93, 0xDE, 0xA0, 0xF7, 0x7A, 0x2A, 0xB6, 0xEA, 0x8A,
    0x7E, 0x7B, 0x37, 0x73, 0xCE, 0x5C, 0x2A, 0x4B, 0xC8, 0xD2, 0xB2, 0xE4, 0x5C, 0x4B, 0xAE, 0x51,
    0x6B, 0x3F, 0x69, 0xA2, 0x5A, 0x9D, 0x1C, 0xFD, 0x46, 0x80, 0xA0, 0xD6, 0xF7, 0x74, 0x22, 0xB6,
    0x4E, 0xA7, 0xDF, 0xF3, 0xD0, 0x54, 0x9A, 0x08, 0x60, 0x3A, 0xCD, 0xC6, 0x2B, 0xE5, 0x0D, 0x77,
    0xF5, 0xB0, 0xE7, 0x5B, 0xA7, 0xA1, 0xDE, 0xC3, 0x7B, 0xB5, 0x4E, 0xB8, 0xF1, 0x84, 0x39, 0x37,
    0xCB, 0x52, 0xEB, 0x98, 0x5B, 0x67, 0x3D, 0xAD, 0x47, 0xB0, 0xB4, 0xDC, 0x5A, 0xCD, 0x35, 0x3D,
    0xEC, 0x50, 0xE6, 0x36, 0xB2, 0xC8, 0xA3, 0x1D, 0xD3, 0xE5, 0x5A, 0xA9, 0x43, 0xFC, 0x42, 0xA4,
    0xD0, 0x04, 0xB9, 0x0F, 0xF5, 0xF4, 0xBF, 0xF4, 0x67, 0x66, 0x68, 0x8E, 0x8D, 0x73, 0xEB, 0x97,
    0x0C, 0x26, 0xD8, 0x85, 0xCD, 0x3B, 0x9F, 0x4A, 0x68, 0xD9, 0x55, 0x72, 0x6C, 0x56, 0x67, 0x50,
    0x13, 0x7A, 0xF2, 0x98, 0x47, 0xD0, 0x9B, 0x8B, 0x22, 0x5A, 0xDD, 0xE7, 0xD5, 0x8D, 0xEE, 0x83,
    0x74, 0x73, 0xAA, 0x5B, 0xAA, 0x1F, 0x3A, 0xCB, 0xD5, 0x45, 0xEC, 0xA6, 0x2B, 0xBD, 0xE9, 0xF2,
    0x2C, 0x37, 0xAA, 0x61, 0x13, 0xA3, 0xEF, 0x3E, 0xCB, 0x9D, 0xF5, 0x4C, 0xA0, 0x4B, 0xC8, 0x07,
    0x21, 0x7A, 0x20, 0xF1, 0xF6, 0xDC, 0x71, 0x38, 0xE0, 0xC5, 0x61, 0xCA, 0x9D, 0xFB, 0xFB, 0xA5,
    0x7A, 0xD4, 0xFF, 0x17, 0xD8, 0x85, 0xEB, 0x64, 0x27, 0x4D, 0x34, 0xAB, 0x74, 0xC1, 0x44, 0xB1,
    0x5B, 0x9B, 0x0F, 0x23, 0x38, 0x8C, 0x13, 0x38, 0x4C, 0x9C, 0x8C, 0x2B, 0xD7, 0xEA, 0x66, 0xD3,
    0x45, 0x74, 0xE0, 0xCA, 0x97, 0x6B, 0x61, 0xB3, 0xB6, 0x91, 0x23, 0xB0, 0x01, 0xB7, 0xE7, 0xD5,
    0x71, 0x11, 0x3D, 0xE9, 0x29, 0xE6, 0x5C, 0x6A, 0xA4, 0xC2, 0xA0, 0x0F, 0x99, 0xAD, 0x8E, 0xEC,
    0x45, 0x16, 0xEC, 0x57, 0xDD, 0xC1, 0x6C, 0x1D, 0xDD, 0xB0, 0xAE, 0xCA, 0x9B, 0xDD, 0xD0, 0x41,
    0xC7, 0x51, 0xBD, 0xB5, 0xD5, 0x0E, 0xC4, 0x7C, 0xEA, 0x51, 0x01, 0x12, 0xC4, 0x2A, 0xCD, 0xAE,
    0x0C, 0x64, 0x1F, 0x18, 0xD3, 0xF7, 0x05, 0x31, 0xC5, 0xFB, 0x3D, 0x87, 0x26, 0x4A, 0xB7, 0x77,
    0xBB, 0x18, 0x48, 0x47, 0x4D, 0x47, 0x50, 0xE3, 0xC8, 0xAD, 0x9C, 0xD9, 0x1A, 0x08, 0x30, 0xF1,
    0x70, 0x48, 0x60, 0x67, 0x86, 0x05, 0xCC, 0x3C, 0xFA, 0x0A, 0x65, 0x34, 0x0B, 0xC3, 0x4F, 0xF6,
    0xDE, 0x59, 0x57, 0xE2, 0x73, 0x3A, 0xF4, 0xA5, 0xC0, 0x3F, 0x05, 0xFA, 0xF7, 0x34, 0x71, 0x6E,
    0x2D, 0xC7, 0x2C, 0xDD, 0xFE, 0x2B, 0x86, 0xCF, 0x7C, 0xBD, 0x63, 0x12, 0xFB, 0xD2, 0x57, 0x11,
    0x83, 0x8C, 0x70, 0x55, 0x9E, 0x43, 0x96, 0x52, 0x43, 0xB6, 0x43, 0xCC, 0xA7, 0x4B, 0xD8, 0x19,
    0x4E, 0x1A, 0x76, 0x18, 0x74, 0xD7, 0xDA, 0xB2, 0x55, 0x8E, 0x21, 0x9B, 0xB6, 0x89, 0x6C, 0x52,
    0x4E, 0xAA, 0x02, 0xDF, 0xEF, 0x1C, 0xC2, 0x29, 0xA9, 0xC6, 0xC4, 0x25, 0x3C, 0x38, 0x89, 0x25,
    0x93, 0x0A, 0x38, 0x9A, 0x6E, 0xBD, 0xF5, 0x34, 0x1D, 0x8E, 0xF2, 0xD4, 0x41, 0xE8, 0x0E, 0x48,
    0x15, 0x90, 0x12, 0xDA, 0x3A, 0xD8, 0xE4, 0xB4, 0x3D, 0xAD, 0xA0, 0x5B, 0x57, 0x4D, 0x6D, 0xB5,
    0x4D, 0x4D, 0xC4, 0x22, 0x32, 0xAE, 0xF0, 0xAC, 0x6E, 0xDC, 0x58, 0x5D, 0x1F, 0x78, 0xB0, 0xD2,
    0x42, 0x58, 0x2F, 0x7D, 0x16, 0x2B, 0x35, 0x81, 0x95, 0x72, 0x55, 0x60, 0x57, 0xF5, 0x5F, 0xD9,
    0xE3, 0xB8, 0x56, 0x3D, 0x5A, 0x03, 0x16, 0xD1, 0xB7, 0x3B, 0xFC, 0xCA, 0x01, 0x81, 0x85, 0x8B,
    0xBE, 0x51, 0xDD, 0x93, 0x51, 0x57, 0xD5, 0x05, 0xD6, 0xD5, 0x46, 0xCC, 0x57, 0x1A, 0x46, 0xD5,
    0x30, 0x90, 0x76, 0x23, 0x8D, 0xFF, 0x30, 0x1A, 0x00, 0xB8, 0x89, 0xCB, 0xC3, 0x23, 0xF8, 0xEC,
    0x11, 0xA8, 0x6B, 0x6E, 0x70, 0xE9, 0xDF, 0x4E, 0xAC, 0x6F, 0x26, 0x8E, 0xEF, 0x4C, 0xC4, 0xB9,
    0x8F, 0x3B, 0x5E, 0x2F, 0x1E, 0x62, 0x96, 0x0F, 0xBD, 0x4E, 0xD2, 0x0E, 0x87, 0x87, 0x76, 0x39,
    0x99, 0xDA, 0xAF, 0xA7, 0x43, 0xAE, 0x86, 0x6A, 0x54, 0xB9, 0x31, 0x87, 0x93, 0xBF, 0xF8, 0x69,
    0x32, 0xDE, 0x7B, 0x04, 0xCC, 0xF9, 0x3A, 0xFC, 0x08, 0x86, 0xCE, 0x57, 0xD2, 0x0E, 0x83, 0x88,
    0xD6, 0x5D, 0x60, 0x56, 0x65, 0x58, 0x7B, 0x0D, 0x4F, 0xED, 0x94, 0xEA, 0xF7, 0xA5, 0xFF, 0x96,
    0x6A, 0x98, 0xFF, 0x8C, 0x89, 0xF6, 0x09, 0x12, 0x31, 0x61, 0x90, 0x02, 0x62, 0xB9, 0x45, 0x14,
    0xB3, 0xF0, 0xE8, 0xC4, 0x78, 0xAA, 0xDB, 0x25, 0xEA, 0x0B, 0x98, 0xDE, 0xF3, 0x9C, 0xC8, 0x38,
    0x66, 0xB0, 0x5C, 0xD6, 0xF0, 0x08, 0x68, 0x82, 0xD6, 0x9C, 0x6F, 0xE3, 0x34, 0xF7, 0x26, 0x55,
    0x90, 0x92, 0x23, 0x59, 0x64, 0x9C, 0xF4, 0xC8, 0xB8, 0x06, 0x56, 0xE9, 0x39, 0xA2, 0x4C, 0xBC,
    0x80, 0xB4, 0x43, 0x89, 0xE1, 0xDA, 0x51, 0xF5, 0x03, 0x3D, 0x29, 0x48, 0xE8, 0x89, 0x31, 0x1E,
    0x74, 0x09, 0x97, 0x30, 0x2B, 0x8A, 0x84, 0xA5, 0x4E, 0x09, 0xDC, 0xFF, 0x98, 0x7C, 0x92, 0xBB,
    0x8F, 0x73, 0x61, 0x17, 0x33, 0x6B, 0xD3, 0xDE, 0x1E, 0xF6, 0xB9, 0x98, 0x6F, 0x4F, 0x07, 0xF7,
    0x86, 0xE7, 0xC1, 0x66, 0xCF, 0xBF, 0xB5, 0x7E, 0xA3, 0xBD, 0x8A, 0xF0, 0x7D, 0xD8, 0x98, 0x6F,
    0xD5, 0x12, 0x2C, 0xBB, 0x50, 0xCA, 0x64, 0xFE, 0x0B, 0x6C, 0x31, 0xEB, 0xE8, 0xEB, 0xAF, 0xBF,
    0x52, 0xE5, 0xC9, 0xE6, 0x64, 0x36, 0xB1, 0x29, 0xBB, 0xFC, 0xC9, 0xD5, 0x5B, 0x80, 0xB3, 0xD0,
    0x54, 0xCD, 0xA7, 0x25, 0xB4, 0xAC, 0x4A, 0x51, 0x79, 0x2A, 0xF9, 0x4E, 0x86, 0xAA, 0x3D, 0x25,
    0xC0, 0xE9, 0x05, 0xF0, 0x3C, 0xE3, 0x4C, 0x56, 0x16, 0xE0, 0xBA, 0x69, 0xF4, 0xF6, 0x1D, 0x0B,
    0x3A, 0xA3, 0xA9, 0x9A, 0x4F, 0x4B, 0x68, 0x59, 0x4A, 0x79, 0x49, 0x79, 0x7F, 0xE7, 0x79, 0x04,
    0xE4, 0xA5, 0xE6, 0xA9, 0x92, 0xC5, 0xAE, 0xAB, 0xB4, 0xA1, 0xC1, 0x63, 0xEE, 0x55, 0x59, 0xC2,
    0x4B, 0xA7, 0x2F, 0xF4, 0xD6, 0xF1, 0xF5, 0xE1, 0x62, 0x1B, 0x01, 0x28, 0x42, 0x86, 0xBB, 0xD4,
    0x70, 0x95, 0x6A, 0xE8, 0x76, 0xE9, 0x96, 0x16, 0x2F, 0xF2, 0x11, 0xFE, 0x22, 0x96, 0x6E, 0xAD,
    0xA1, 0xE4, 0x26, 0xEA, 0x84, 0x50, 0x80, 0x93, 0xC1, 0x37, 0xD3, 0xF5, 0x0D, 0xDD, 0xF5, 0x11,
    0xF7, 0x18, 0x07, 0x4D, 0x7B, 0xDF, 0x5B, 0x1E, 0x6C, 0xAD, 0xAF, 0x68, 0x95, 0x4E, 0xDB, 0xFD,
    0xFB, 0xB6, 0x92, 0xB0, 0xEC, 0x63, 0x64, 0x29, 0x25, 0x60, 0x7D, 0x3A, 0x9C, 0xBC, 0xD6, 0x1D,
    0x4E, 0x7B, 0xF8, 0x9E, 0xBA, 0xF8, 0xD7, 0x17, 0xFA, 0x46, 0x25, 0x4A, 0xA7, 0x3D, 0x7B, 0x71,
    0xD7, 0x85, 0x32, 0x9E, 0xD8, 0x45, 0xF0, 0x35, 0xC2, 0x71, 0xA9, 0xCE, 0xA6, 0xC7, 0x56, 0x24,
    0xB8, 0xFC, 0x8A, 0xC5, 0xB8, 0x4B, 0xF8, 0xBB, 0xE3, 0xE6, 0x39, 0xB6, 0xF1, 0xB7, 0xF9, 0x93,
    0x86, 0x27, 0xF4, 0x62, 0x02, 0xAF, 0x7E, 0xE3, 0x57, 0xF5, 0x75, 0xEF, 0x7B, 0x6D, 0xBC, 0xFA,
    0xED, 0x33, 0x78, 0x75, 0xE1, 0x53, 0xDE, 0xAC, 0xCB, 0x1D, 0xA0, 0xEB, 0xE6, 0x36, 0xE6, 0xFD,
    0x7B, 0xF6, 0x26, 0x4F, 0x31, 0x09, 0xB7, 0x78, 0x02, 0x6C, 0x97, 0xD8, 0x09, 0x24, 0x7C, 0xC7,
    0x54, 0xA7, 0x0E, 0xC7, 0xFA, 0x7C, 0xFC, 0xA2, 0x23, 0x9A, 0x8E, 0x49, 0xE5, 0x0D, 0xEA, 0x87,
    0x4E, 0xDB, 0xA1, 0x1F, 0xE7, 0x7A, 0x3D, 0xA9, 0x43, 0x9B, 0x9B, 0x28, 0x66, 0xE6, 0x92, 0x69,
    0x12, 0xF3, 0x15, 0xF6, 0x0E, 0x9B, 0x98, 0x67, 0xC0, 0x48, 0xC7, 0x82, 0x0B, 0xA4, 0x4B, 0x4C,
    0x28, 0xB1, 0x56, 0x98, 0xA8, 0x97, 0x2B, 0x30, 0x1B, 0x2A, 0x29, 0x3F, 0x41, 0xB8, 0x3C, 0x78,
    0x9E, 0x66, 0x0A, 0x44, 0xD5, 0x68, 0xA2, 0xDB, 0x9B, 0xCD, 0x2E, 0x76, 0x31, 0x9B, 0x98, 0xFC,
    0x6A, 0xF7, 0x43, 0x70, 0xDA, 0xB9, 0xEC, 0xD7, 0x5F, 0x06, 0x6D, 0x62, 0xFD, 0x98, 0x52, 0x7F,
    0xE0, 0x7D, 0xB1, 0xA6, 0x6A, 0x3E, 0x2D, 0xA1, 0x65, 0x55, 0xCA, 0xD5, 0xBB, 0x21, 0xB3, 0x8C,
    0xCF, 0x25, 0x3B, 0xE8, 0x97, 0x6F, 0x39, 0xFC, 0xF5, 0xCE, 0x0E, 0xDF, 0xE5, 0x69, 0xE3, 0x3B,
    0x44, 0x9D, 0x4A, 0xEE, 0xE2, 0x8E, 0xD5, 0xD7, 0x74, 0xBE, 0xFC, 0x70, 0x5F, 0x53, 0x68, 0xD9,
    0x2B, 0x5F, 0x33, 0x26, 0x5F, 0xB3, 0xDE, 0x71, 0x1A, 0x34, 0xAE, 0x73, 0xE6, 0xBF, 0xE1, 0xCC,
    0xFF, 0xD0, 0xA6, 0xF8, 0xD0, 0x60, 0x11, 0x83, 0xE3, 0x9B, 0x8F, 0xED, 0x4E, 0x6F, 0xC8, 0x69,
    0x17, 0x3B, 0x6F, 0x6A, 0x69, 0x54, 0xE4, 0xF6, 0xBC, 0x1A, 0xF8, 0xBC, 0xD7, 0xB5, 0xF9, 0x22,
    0x75, 0xDE, 0x4C, 0x2F, 0x79, 0x05, 0x32, 0xEA, 0x9E, 0xA5, 0x48, 0x77, 0x3B, 0x75, 0xC1, 0xBC,
    0xB6, 0x6B, 0x0F, 0x38, 0xDD, 0x65, 0xDB, 0x4D, 0xF4, 0x73, 0x5F, 0xA4, 0x3C, 0xE3, 0xAB, 0x69,
    0xEE, 0xE9, 0x4E, 0x7E, 0xFF, 0x8B, 0xDB, 0xF8, 0xF7, 0x92, 0xB7, 0x4E, 0xCA, 0xAF, 0xFF, 0x55,
    0x00, 0x2F, 0x06, 0x3A, 0x75, 0xE9, 0xD0, 0xFE, 0x10, 0x58, 0x6E, 0xCA, 0x47, 0xD7, 0xF0, 0x2C,
    0xCA, 0x72, 0xDD, 0x12, 0xED, 0xDC, 0x60, 0xB3, 0x73, 0x81, 0x87, 0xE3, 0x32, 0xBA, 0xD3, 0xF8,
    0xE9, 0x57, 0xE9, 0xD6, 0x76, 0xCB, 0x2F, 0x4C, 0x8C, 0xAB, 0x77, 0xB1, 0x73, 0x15, 0xF5, 0x20,
    0x50, 0x30, 0x08, 0xFE, 0x92, 0x86, 0x7D, 0xCE, 0x6D, 0xE0, 0x53, 0xEE, 0x08, 0x7F, 0xCB, 0xCD,
    0xE1, 0x4B, 0xDD, 0x8F, 0xFB, 0xE3, 0xFB, 0xB1, 0x26, 0xAF, 0xBB, 0xE7, 0x6C, 0x88, 0x14, 0x10,
    0x19, 0x5D, 0x15, 0xF5, 0x07, 0x54, 0x23, 0xC5, 0x8D, 0x6F, 0x52, 0xB0, 0xF4, 0xBE, 0xC5, 0x60,
    0xE7, 0x54, 0x9B, 0xBA, 0xBE, 0xAD, 0xC3, 0x8C, 0xA9, 0x0D, 0xFD, 0xB3, 0x27, 0x18, 0x9A, 0x60,
    0xFE, 0xE5, 0x37, 0x90, 0x3A, 0x98, 0xBF, 0xF9, 0x1D, 0xA4, 0xDA, 0x6D, 0xF3, 0xBF, 0x51, 0xAA,
    0x88, 0xFA, 0x5B, 0x6E, 0x93, 0x62, 0x05, 0xEE, 0x51, 0x76, 0xDD, 0xF6, 0x20, 0x14, 0xD8, 0x18,
    0x08, 0x74, 0xCB, 0x22, 0xDA, 0x69, 0x5E, 0x6C, 0xEE, 0xED, 0xD1, 0xE9, 0x6C, 0x66, 0x16, 0xE9,
    0x8F, 0x46, 0xD9, 0xA5, 0x86, 0xEE, 0x57, 0x3F, 0x01, 0x0F, 0x47, 0x77, 0x91, 0x11, 0xB4, 0x22,
    0x1B, 0xA0, 0x2B, 0x7F, 0xDD, 0xB6, 0x0C, 0x34, 0x65, 0xE6, 0x33, 0x4A, 0x52, 0xE1, 0xCF, 0x58,
    0xED, 0xE7, 0x48, 0x89, 0xC9, 0xB4, 0x66, 0x17, 0x2C, 0xA7, 0x25, 0x44, 0xBF, 0x59, 0x77, 0x72,
    0x11, 0xFD, 0x2A, 0x76, 0xE9, 0x36, 0xC9, 0x07, 0x7D, 0x53, 0xCD, 0x73, 0x8D, 0x2A, 0x56, 0x90,
    0x12, 0x55, 0x94, 0x02, 0x7F, 0x45, 0xAD, 0xFF, 0x39, 0x61, 0xFC, 0x9A, 0x3B, 0xA6, 0x97, 0x9E,
    0x95, 0x3B, 0xAD, 0x9C, 0x98, 0xA9, 0xC1, 0xE9, 0x6D, 0xB7, 0xA2, 0xDE, 0x8F, 0x0B, 0x71, 0xDA,
    0x20, 0x03, 0x2D, 0x03, 0x16, 0x62, 0x48, 0x60, 0xE2, 0xDF, 0x0E, 0x09, 0x06, 0xC0, 0xE9, 0xFE,
    0xC5, 0xE1, 0x22, 0xBF, 0x33, 0xD4, 0x06, 0xD0, 0xBD, 0x7F, 0x5E, 0xEF, 0x77, 0xF9, 0xC7, 0x92,
    0x1F, 0x0D, 0xBA, 0x07, 0xD5, 0xF7, 0x63, 0xF1, 0xE6, 0xBF, 0x03, 0x31, 0x61, 0x8C, 0x82, 0x58,
    0xE2, 0x57, 0x15, 0xE4, 0xFC, 0xC5, 0x5D, 0x37, 0x7F, 0x04, 0xD6, 0xC9, 0x18, 0x58, 0x22, 0x3D,
    0xF9, 0xBE, 0xCC, 0x05, 0x28, 0x4D, 0xFA, 0x28, 0xC5, 0xAF, 0x30, 0x7F, 0xD8, 0x9F, 0x75, 0xDC,
    0x4F, 0x5B, 0xC8, 0x2F, 0x39, 0x22, 0x27, 0xBD, 0xE6, 0x33, 0x97, 0x75, 0xAC, 0xAF, 0x8D, 0x62,
    0xD8, 0x55, 0xE7, 0xF3, 0x60, 0x2A, 0x30, 0x59, 0x0C, 0x36, 0xD2, 0x92, 0xCF, 0x06, 0x91, 0xBF,
    0x97, 0xF2, 0x51, 0x83, 0xA9, 0x0A, 0x06, 0x5B, 0x1D, 0x2C, 0x70, 0xB1, 0xE1, 0x4B, 0xC0, 0x63,
    0xE8, 0xB1, 0x80, 0xFB, 0x84, 0xFF, 0x03, 0xD5, 0x7A, 0x01, 0xC4, 0x2D, 0x49, 0x76, 0xFF, 0xAF,
    0xBB, 0x67, 0xB7, 0xED, 0x34, 0x5B, 0x7F, 0xFC, 0xB3, 0x62, 0x26, 0xF4, 0x22, 0x60, 0x62, 0xB7,
    0x03, 0x08, 0x5E, 0xA6, 0x3A, 0x60, 0x11, 0x64, 0x30, 0x23, 0x12, 0x10, 0x02, 0x26, 0xF0, 0x00,
    0x60, 0x92, 0x6E, 0x06, 0x30, 0x98, 0x07, 0x04, 0x90, 0x41, 0xC2, 0xCE, 0x37, 0x78, 0x08, 0x0C,
    0x76, 0x5F, 0xF5, 0xEC, 0x90, 0x41, 0x30, 0x9D, 0xAC, 0x08, 0x60, 0x2A, 0xF6, 0x25, 0x61, 0x82,
    0xA9, 0x24, 0xCD, 0xF6, 0xBC, 0xAD, 0xAE, 0x5F, 0xEA, 0x9C, 0xEE, 0xFB, 0xDD, 0xBC, 0x6F, 0xBF,
    0xFD, 0x66, 0x26, 0x6F, 0xE6, 0xF3, 0xA6, 0x6E, 0xF7, 0xAF, 0xCE, 0xED, 0xAA, 0x3A, 0xF5, 0x3B,
    0x55, 0x75, 0xCF, 0xAD, 0x53, 0xF7, 0xB6, 0xF3, 0xB0, 0x30, 0xCA, 0x6B, 0x58, 0xDA, 0x19, 0x00,
    0x6C, 0xF8, 0xEC, 0x17, 0x10, 0x01, 0x9C, 0xE1, 0x1B, 0xA9, 0x07, 0x06, 0xAE, 0xA8, 0x48, 0xC2,
    0x64, 0x98, 0xBA, 0x54, 0x70, 0xB4, 0x01, 0xDF, 0x87, 0xF3, 0x78, 0x06, 0x6E, 0x02, 0xC0, 0x6B,
    0xC0, 0x09, 0x68, 0x15, 0xAD, 0xAC, 0xCD, 0x54, 0x81, 0xAA, 0x52, 0xA5, 0xAA, 0xFE, 0x6A, 0x97,
    0x85, 0x7B, 0x08, 0xE9, 0x09, 0xB0, 0xE4, 0x04, 0x92, 0x63, 0x41, 0xDF, 0xA2, 0xCC, 0x79, 0x06,
    0xE0, 0x2A, 0x14, 0xEC, 0x81, 0x17, 0x78, 0xF1, 0x43, 0x69, 0x10, 0xCF, 0x70, 0x2D, 0xAD, 0x4C,
    0x02, 0xA8, 0x08, 0xA0, 0x49, 0x19, 0x6C, 0xBA, 0xB8, 0x18, 0x29, 0xAC, 0xCE, 0x50, 0x00, 0x99,
    0x74, 0xFD, 0x9E, 0x7B, 0xD8, 0xA2, 0x93, 0x27, 0xB3, 0xA2, 0x6F, 0xF8, 0xC8, 0x71, 0xAC, 0xD9,
    0x37, 0xEC, 0xCD, 0x86, 0x92, 0x53, 0xBB, 0x8A, 0xD2, 0x2E, 0x00, 0xC3, 0x6C, 0x33, 0x5A, 0xFF,
    0xCB, 0xB8, 0x97, 0xEE, 0x35, 0x73, 0xAB, 0x82, 0x53, 0xA3, 0x1A, 0x54, 0x5B, 0xBF, 0x6B, 0xDE,
    0xB1, 0xFE, 0x07, 0xB7, 0xB6, 0x7D, 0x01, 0x49, 0x6E, 0x01, 0x86, 0xD5, 0x8A, 0x0D, 0xA1, 0x95,
    0x56, 0xDE, 0x10, 0x15, 0xA7, 0xDC, 0x7B, 0xBE, 0xB2, 0x60, 0x08, 0x70, 0xCE, 0x45, 0x70, 0x41,
    0xAA, 0xD9, 0x65, 0x08, 0x40, 0x17, 0xE9, 0x01, 0x93, 0x38, 0xE1, 0xD9, 0xFB, 0xE4, 0xC7, 0x3A,
    0xE0, 0x52, 0xF9, 0x8C, 0x80, 0xF0, 0xDA, 0xF1, 0xD9, 0x0B, 0xF7, 0xE8, 0xE2, 0x86, 0x3A, 0xD7,
    0x23, 0xA7, 0x9B, 0x5E, 0x90, 0xF4, 0x59, 0x75, 0x9E, 0xE7, 0x88, 0x82, 0x5C, 0xD1, 0x90, 0x44,
    0xCB, 0x77, 0x38, 0xDA, 0x05, 0x7F, 0xAE, 0xEA, 0x77, 0xE8, 0xD6, 0x0C, 0x86, 0x3D, 0x50, 0x73,
    0x15, 0x89, 0x23, 0x3A, 0x69, 0x61, 0xFF, 0x8B, 0x84, 0x0D, 0x1D, 0x27, 0xBB, 0x54, 0x32, 0x35,
    0x70, 0xDE, 0xD0, 0x5B, 0x5F, 0x31, 0x59, 0x8F, 0x41, 0xE8, 0xD7, 0x52, 0x1B, 0x77, 0x05, 0x72,
    0x95, 0x7D, 0x19, 0x02, 0xB9, 0xCA, 0x98, 0xC1, 0x2C, 0x70, 0xB3, 0xCD, 0x5D, 0x4E, 0x2D, 0x49,
    0x94, 0xA2, 0x54, 0x09, 0xBD, 0x98, 0x5F, 0x1C, 0xCF, 0x2F, 0x79, 0x2F, 0x25, 0xF7, 0x00, 0xD1,
    0x28, 0x5C, 0x3A, 0x92, 0x1E, 0x60, 0xBA, 0x60, 0x44, 0xC5, 0x11, 0x0D, 0xD1, 0x44, 0xBC, 0x02,
    0x8E, 0x6D, 0x68, 0xE8, 0xED, 0x6C, 0x27, 0xCB, 0xD5, 0x04, 0xDB, 0x3B, 0xC6, 0x3A, 0x0C, 0xE0,
    0xF8, 0xA3, 0x6A, 0xF9, 0x71, 0x49, 0xFC, 0xBF, 0x62, 0x8D, 0xD5, 0x06, 0x20, 0xC6, 0x2A, 0x5E,
    0x97, 0x69, 0x99, 0xD4, 0xFC, 0x6E, 0xB1, 0x4A, 0xBB, 0x58, 0x2D, 0x87, 0x96, 0x2E, 0xEB, 0x5C,
    0x8C, 0x37, 0xBE, 0x61, 0xD6, 0xDF, 0x44, 0xBC, 0x0A, 0x8E, 0x47, 0xEF, 0x07, 0x97, 0x83, 0xD9,
    0xC1, 0xF3, 0x60, 0x5D, 0xCA, 0xFA, 0x0A, 0x03, 0xD7, 0xDF, 0xA8, 0x33, 0xDB, 0xD8, 0x30, 0x5A,
    0x46, 0xBE, 0x1E, 0x59, 0xC9, 0xE5, 0xDE, 0x94, 0xB7, 0xE6, 0x5F, 0x23, 0xBA, 0xD5, 0x6C, 0x18,
    0x42, 0xB7, 0x82, 0xD3, 0x10, 0x2A, 0xF6, 0x9C, 0x9A, 0x94, 0xB3, 0x36, 0x36, 0x09, 0x36, 0xB4,
    0x11, 0xCE, 0xDB, 0x65, 0x97, 0xF4, 0x99, 0x96, 0x6A, 0x3D, 0x6D, 0xA1, 0x6D, 0x55, 0xCB, 0x45,
    0x4E, 0x6F, 0xF3, 0xF1, 0x04, 0xA0, 0xFA, 0x6C, 0x28, 0xDF, 0xBE, 0xB8, 0xF8, 0x21, 0x19, 0xF7,
    0x0B, 0x5D, 0x12, 0xFA, 0xF4, 0x30, 0xBE, 0x8C, 0xE8, 0xEC, 0xC3, 0x17, 0x71, 0xC7, 0x26, 0x83,
    0x77, 0xEF, 0x98, 0x66, 0x0C, 0x77, 0x4C, 0x3D, 0x05, 0x9B, 0xAA, 0x0C, 0x6B, 0x86, 0x3B, 0x4B,
    0x35, 0xBD, 0x7B, 0xE7, 0xB5, 0x66, 0x7C, 0xED, 0xCE, 0xF7, 0x0C, 0xBA, 0xFF, 0xFF, 0x8D, 0x17,
    0x61, 0xE6, 0x32, 0xEE, 0x0A, 0x54, 0x95, 0x24, 0x92, 0x93, 0xDC, 0xDF, 0x4C, 0xE8, 0x38, 0x0F,
    0x3F, 0x08, 0x31, 0xCF, 0x08, 0xA2, 0x5C, 0xC5, 0x9A, 0xDF, 0xE6, 0x87, 0xB9, 0xE8, 0x66, 0x9A,
    0x7C, 0x3C, 0x5D, 0xBC, 0xC3, 0x8B, 0x8B, 0x9B, 0x5B, 0x68, 0xBA, 0xB8, 0x50, 0xE3, 0xC8, 0x78,
    0x06, 0xB8, 0x87, 0x68, 0x48, 0x75, 0x72, 0xF6, 0xDF, 0xE8, 0x8D, 0xAE, 0x7B, 0xBD, 0x3D, 0xE0,
    0x66, 0x75, 0x57, 0x15, 0x7B, 0x34, 0x69, 0xFF, 0x34, 0xB8, 0x20, 0x0E, 0x00, 0x2D, 0x5F, 0x79,
    0xC9, 0x92, 0xE1, 0x74, 0x17, 0xCE, 0xA3, 0x65, 0xC2, 0x40, 0xF6, 0xF6, 0x2F, 0x39, 0x7E, 0x4B,
    0xDA, 0x81, 0x23, 0xFE, 0x90, 0x00, 0xB7, 0xE3, 0xE6, 0x98, 0x61, 0xDE, 0x75, 0xDB, 0xF0, 0x6D,
    0x0C, 0x3E, 0xF7, 0x39, 0x0F, 0xD4, 0x0F, 0x81, 0xB8, 0x5C, 0x21, 0x5B, 0x45, 0x34, 0x2B, 0x4C,
    0x40, 0x37, 0xC3, 0x8E, 0x70, 0x4A, 0x81, 0xD3, 0x93, 0x41, 0x99, 0xC1, 0x37, 0x19, 0x92, 0xBB,
    0x74, 0xB2, 0x69, 0x98, 0xF8, 0xC9, 0x32, 0xCC, 0xC2, 0x14, 0x37, 0x03, 0xBE, 0x49, 0xC2, 0x91,
    0x15, 0xA3, 0x31, 0xF9, 0xEE, 0xF2, 0x6D, 0xF3, 0x3D, 0x5C, 0x73, 0xDB, 0xA3, 0x5C, 0xEA, 0x49,
    0x7D, 0x0C, 0xF9, 0x2E, 0x5E, 0x33, 0xC0, 0x9D, 0x2F, 0x7C, 0x77, 0xA3, 0xF3, 0x0C, 0x0C, 0xCE,
    0x77, 0x63, 0x15, 0x1A, 0x6F, 0xA6, 0x6E, 0x35, 0x09, 0x03, 0xAC, 0x4D, 0x43, 0xEC, 0x3C, 0x86,
    0xA9, 0xE2, 0xD4, 0x71, 0x72, 0x7A, 0x3D, 0xE0, 0xF4, 0x27, 0x9C, 0x70, 0xDD, 0xF5, 0x6B, 0xFC,
    0x27, 0x4B, 0xEE, 0x57, 0xE1, 0xEE, 0xC1, 0xEC, 0x5F, 0x4F, 0x59, 0x01, 0x7B, 0xF6, 0xC3, 0x48,
    0xD8, 0xE9, 0x74, 0xCB, 0x7B, 0x79, 0x2E, 0xE5, 0x52, 0xAF, 0xE0, 0x8C, 0xC1, 0x77, 0x0B, 0xBA,
    0xC5, 0x44, 0x98, 0x4D, 0x26, 0x89, 0x05, 0xC7, 0x7C, 0xB9, 0x59, 0xDC, 0x58, 0x80, 0x5D, 0x8E,
    0x4F, 0xA5, 0x4A, 0xFA, 0x4C, 0x4B, 0xB5, 0x9E, 0xB6, 0xD0, 0xB6, 0xAA, 0x45, 0x53, 0xF9, 0x56,
    0x06, 0x02, 0x68, 0x42, 0xBE, 0x45, 0x68, 0x65, 0x61, 0x88, 0x60, 0x27, 0xC0, 0x89, 0x30, 0xE0,
    0x10, 0x12, 0x80, 0xBF, 0x25, 0x50, 0xC4, 0x63, 0x3D, 0x57, 0xEB, 0x21, 0xD4, 0xE1, 0x10, 0x8C,
    0x3F, 0x84, 0x76, 0x3A, 0x04, 0x3B, 0x2A, 0x4F, 0x51, 0x63, 0x76, 0x21, 0xA1, 0x25, 0x2C, 0x43,
    0x56, 0x63, 0x55, 0xC8, 0x6A, 0x9C, 0x0A, 0x4D, 0x00, 0x89, 0x17, 0x2E, 0xDE, 0x32, 0xBE, 0xFC,
    0x39, 0x01, 0xA0, 0x9B, 0xAA, 0xFF, 0x56, 0xC1, 0x8E, 0xE6, 0x7D, 0x15, 0x1C, 0xDA, 0xD7, 0x55,
    0xD8, 0x60, 0xDF, 0x61, 0xA6, 0x5F, 0x8A, 0x1A, 0x06, 0xA0, 0x5A, 0x0E, 0xA1, 0x09, 0x87, 0x60,
    0x66, 0xE1, 0xA0, 0x6A, 0x0E, 0xC1, 0xF6, 0xD8, 0xD3, 0xAB, 0x38, 0x27, 0x29, 0xC5, 0xA9, 0xB4,
    0x11, 0xC1, 0x89, 0xD9, 0x22, 0x6C, 0x87, 0xED, 0x65, 0x54, 0x41, 0x3B, 0x01, 0xFE, 0x94, 0xDA,
    0xC9, 0x61, 0xF2, 0x7C, 0x08, 0xDD, 0xA5, 0xC9, 0xFD, 0x21, 0x38, 0x7C, 0xE7, 0x25, 0x15, 0xB6,
    0x92, 0x9B, 0x08, 0x65, 0x34, 0x24, 0x7E, 0x8B, 0x6F, 0xD5, 0x8B, 0xF9, 0x77, 0x8E, 0x96, 0xC1,
    0x84, 0xBA, 0xE7, 0x94, 0x85, 0x76, 0x2E, 0xA0, 0x82, 0x9D, 0x8E, 0xD5, 0x3E, 0xF4, 0xFB, 0x6E,
    0x06, 0x3C, 0xC8, 0x17, 0x1B, 0xD0, 0xE8, 0xD8, 0x67, 0x68, 0x85, 0x48, 0x9D, 0x61, 0x90, 0xFE,
    0x4D, 0x38, 0xEA, 0xB6, 0x33, 0x1A, 0x5E, 0xBC, 0x25, 0x03, 0x06, 0xA3, 0x83, 0x30, 0xE0, 0x10,
    0xD2, 0x21, 0xC8, 0xF4, 0x69, 0x2A, 0xFE, 0xFA, 0x10, 0xFE, 0x48, 0x3E, 0x5A, 0xF7, 0x80, 0x46,
    0xAA, 0x75, 0x1E, 0xB0, 0x8C, 0xA7, 0x05, 0x90, 0x32, 0x8C, 0xC0, 0xF7, 0xEA, 0xA4, 0x44, 0x80,
    0x2A, 0xA1, 0x4C, 0x22, 0xE8, 0xF7, 0x88, 0xA8, 0xE1, 0x22, 0xAE, 0x02, 0x28, 0xE9, 0x85, 0x88,
    0x08, 0xAB, 0xA8, 0x91, 0x3A, 0x9B, 0xAA, 0x51, 0x03, 0xDC, 0x58, 0x13, 0xCF, 0x64, 0x81, 0x30,
    0xC4, 0xF7, 0x6B, 0x66, 0x35, 0x1D, 0x31, 0x30, 0x55, 0x31, 0xA3, 0x74, 0x9A, 0xD5, 0x90, 0x68,
    0xE8, 0x4D, 0x28, 0x49, 0x99, 0xA5, 0xCE, 0xD7, 0xFB, 0x02, 0x18, 0x26, 0xF3, 0x33, 0x15, 0xD8,
    0x77, 0xBA, 0x12, 0x0A, 0x62, 0xD8, 0x3D, 0xEB, 0x06, 0xD9, 0x33, 0x28, 0xA1, 0x7D, 0xC3, 0x62,
    0x96, 0x43, 0x68, 0xC3, 0x21, 0x58, 0x5D, 0x09, 0xAA, 0xE6, 0x10, 0xD8, 0x63, 0x4F, 0x6F, 0x1F,
    0x79, 0xE3, 0x77, 0xD7, 0x6A, 0xA3, 0xDE, 0x22, 0xEB, 0x33, 0x49, 0xCF, 0xBD, 0x85, 0x9B, 0x3C,
    0x72, 0x2B, 0x4D, 0x64, 0x2A, 0x3C, 0x40, 0x2D, 0xD2, 0xFB, 0xBB, 0x59, 0x7E, 0xD7, 0x85, 0x72,
    0xB3, 0xE9, 0x7E, 0xEA, 0xC8, 0x58, 0x93, 0x1E, 0x77, 0x3F, 0x95, 0x59, 0x3C, 0x46, 0x52, 0xED,
    0x10, 0xD4, 0x41, 0xC6, 0x31, 0x58, 0xC6, 0xE3, 0x4A, 0x12, 0x32, 0x42, 0x4B, 0x71, 0x13, 0x74,
    0x49, 0x90, 0x54, 0x0D, 0x62, 0x4C, 0x49, 0xDD, 0xE2, 0xA8, 0xB9, 0x75, 0x12, 0x86, 0xCD, 0x26,
    0x84, 0x4C, 0xB4, 0x41, 0x28, 0x76, 0x0B, 0xD0, 0x2D, 0x4A, 0x35, 0x98, 0x8C, 0x43, 0x30, 0x1B,
    0x20, 0xEE, 0x58, 0x48, 0x57, 0x44, 0xC1, 0xA9, 0x92, 0xAD, 0x04, 0x29, 0x82, 0x60, 0x23, 0xE8,
    0x8D, 0xA0, 0x56, 0x1E, 0x42, 0x27, 0xCD, 0x57, 0xBB, 0x02, 0x5D, 0x1C, 0x16, 0xA0, 0xDD, 0xA0,
    0x23, 0x72, 0x8C, 0xEC, 0x31, 0xAC, 0xFB, 0xFA, 0xA8, 0xA2, 0x60, 0xB3, 0x7C, 0x9D, 0x6C, 0x69,
    0xC2, 0x99, 0xE1, 0x90, 0x84, 0x4F, 0x72, 0xBD, 0x98, 0x22, 0x13, 0x63, 0x82, 0x09, 0x5F, 0x23,
    0x5B, 0x1E, 0x60, 0xF7, 0xD3, 0xFF, 0x22, 0x59, 0x43, 0x0A, 0x55, 0xF3, 0x0B, 0x06, 0xC9, 0xA6,
    0x61, 0xC4, 0x2F, 0x25, 0x51, 0x05, 0xA0, 0x4D, 0x9A, 0x59, 0x1E, 0x59, 0xAF, 0x66, 0x71, 0x9F,
    0xDE, 0x53, 0x36, 0x43, 0x2D, 0x0B, 0xDA, 0xC3, 0x20, 0x59, 0x4D, 0x1D, 0x8C, 0x26, 0xB5, 0x51,
    0x75, 0x19, 0xC9, 0xF4, 0xBB, 0x48, 0x86, 0xA9, 0x16, 0x6D, 0xB2, 0x49, 0xEF, 0x85, 0x6E, 0xC9,
    0x51, 0x4C, 0x2C, 0x44, 0x1B, 0x67, 0xB9, 0x0A, 0x35, 0x09, 0x6A, 0x5F, 0xD8, 0xB3, 0x45, 0x48,
    0x0B, 0x6D, 0x93, 0x44, 0x91, 0xD0, 0x93, 0x5B, 0x4C, 0x35, 0x84, 0xD8, 0x2A, 0x4A, 0x2B, 0x5F,
    0xC9, 0x60, 0xAE, 0x66, 0x7D, 0x1C, 0xF5, 0xF9, 0xE3, 0x49, 0x89, 0xA1, 0xDB, 0x04, 0x6D, 0x12,
    0x1C, 0x28, 0xE8, 0xD8, 0x9F, 0x4C, 0x2B, 0x14, 0x4B, 0xB1, 0xEF, 0xB0, 0xAB, 0x4E, 0x36, 0x63,
    0xB3, 0xC9, 0x34, 0x99, 0x28, 0x2A, 0xDA, 0x68, 0xF4, 0xF3, 0xDE, 0x6C, 0x19, 0x83, 0x70, 0x90,
    0x7D, 0xB2, 0xD8, 0x53, 0x71, 0x04, 0xA7, 0x22, 0x5F, 0xE7, 0xC9, 0xF2, 0x8A, 0xA1, 0x56, 0x14,
    0x4B, 0xEC, 0x2A, 0x86, 0x74, 0xB1, 0x53, 0x55, 0x56, 0x08, 0xA7, 0x93, 0xA7, 0x19, 0x36, 0xC1,
    0xB5, 0x13, 0x0C, 0x66, 0x97, 0xCF, 0xCF, 0x9F, 0xF7, 0xD7, 0x2F, 0xBC, 0xE1, 0xFF, 0xB4, 0xF0,
    0x56, 0xB1, 0xC8, 0x2E, 0xED, 0x7A, 0xDD, 0xC2, 0x13, 0xF2, 0x28, 0x05, 0xFB, 0x5F, 0xB5, 0xF0,
    0xDA, 0x5F, 0xED, 0x10, 0xC8, 0xD3, 0x30, 0x6A, 0x5E, 0x1D, 0x79, 0x7D, 0xE4, 0x86, 0x4A, 0x1B,
    0xED, 0x91, 0xDB, 0x23, 0x1F, 0x3E, 0xD9, 0x73, 0xF7, 0xE1, 0x9E, 0xF3, 0x4D, 0xCD, 0x4B, 0xFE,
    0x01, 0x99, 0x44, 0x8D, 0xD1, 0xBC, 0x49, 0x7B, 0x6E, 0xA2, 0xE6, 0xC7, 0x7C, 0x88, 0x2D, 0x92,
    0x0B, 0xA9, 0x3D, 0xA7, 0x3F, 0xF2, 0x8F, 0xEF, 0x4B, 0x2E, 0x6C, 0x24, 0xAF, 0x8E, 0xBC, 0x39,
    0x72, 0x93, 0x60, 0x84, 0x57, 0x1B, 0xF7, 0xDC, 0x1E, 0xF9, 0xB0, 0xEE, 0x39, 0x70, 0x3F, 0xF5,
    0x10, 0x79, 0x01, 0x1C, 0x99, 0x54, 0x93, 0xC4, 0xFE, 0x73, 0xCD, 0x49, 0xE6, 0xEE, 0x2F, 0x74,
    0x36, 0x7E, 0xFD, 0x88, 0x8A, 0x07, 0x2F, 0xE8, 0x66, 0x41, 0x4E, 0x9F, 0x8D, 0x6E, 0x3E, 0xB7,
    0x52, 0x0D, 0x87, 0xB6, 0x5D, 0x73, 0xA3, 0xBD, 0xEC, 0x3D, 0x4A, 0xEF, 0x94, 0x61, 0xE3, 0x0A,
    0x14, 0x8E, 0x23, 0x4E, 0x0E, 0xCB, 0x4C, 0x82, 0xDD, 0x43, 0xC1, 0x76, 0x13, 0x84, 0x53, 0xB4,
    0x02, 0x7F, 0x43, 0x41, 0x46, 0xC1, 0xBB, 0x1E, 0xA8, 0xA4, 0x46, 0xC1, 0xCB, 0x6F, 0x1D, 0x3B,
    0x49, 0x33, 0x21, 0xF0, 0xB8, 0x7F, 0xD3, 0xC9, 0xBE, 0x0A, 0x37, 0xEF, 0xD2, 0x73, 0xBA, 0x0A,
    0x52, 0xF0, 0xD9, 0x70, 0x7D, 0x6F, 0x40, 0x1B, 0x4E, 0x5F, 0x30, 0xEE, 0xB4, 0x4B, 0x2B, 0x85,
    0x7E, 0x15, 0x9F, 0x32, 0xA6, 0xF5, 0x02, 0xC0, 0xC4, 0x93, 0xE3, 0x74, 0xC3, 0x94, 0x89, 0x66,
    0xF6, 0xF5, 0xDA, 0xAC, 0x4F, 0x15, 0xD3, 0x32, 0x94, 0x01, 0x4D, 0x6C, 0x22, 0xCE, 0x20, 0xCF,
    0x9E, 0x2A, 0x92, 0x76, 0x96, 0x99, 0x6F, 0x16, 0x54, 0x51, 0xB7, 0xBD, 0x0E, 0x47, 0xE2, 0xF4,
    0x25, 0x5E, 0x65, 0xCA, 0xFA, 0xA5, 0x17, 0xE3, 0xD1, 0x4D, 0xB0, 0xFD, 0x57, 0xD1, 0x09, 0x30,
    0xE0, 0xD8, 0x2D, 0x7A, 0x34, 0x3F, 0x5F, 0xD0, 0xFE, 0xE3, 0x06, 0x89, 0xF4, 0x70, 0xB6, 0xE9,
    0x56, 0xEE, 0x6B, 0x8E, 0xB4, 0x6E, 0x9D, 0x43, 0x45, 0x7E, 0x0A, 0x41, 0xCE, 0x8A, 0xAB, 0xE2,
    0x96, 0x11, 0xCF, 0x53, 0xB0, 0xE4, 0x98, 0x11, 0x9C, 0x04, 0x9D, 0xE2, 0x30, 0x0B, 0x5A, 0xBF,
    0xE3, 0x3B, 0x39, 0xBA, 0xB1, 0x9E, 0x64, 0xB0, 0x41, 0xD1, 0xEF, 0x78, 0xAE, 0x33, 0xEC, 0x38,
    0x9F, 0x35, 0x50, 0xB0, 0x52, 0xCD, 0x2D, 0x8F, 0x1E, 0xCF, 0xBD, 0xCF, 0x07, 0x2B, 0x48, 0x60,
    0x0F, 0xD8, 0xD4, 0x66, 0x74, 0xE4, 0x08, 0xD0, 0x11, 0x40, 0xAC, 0x57, 0x48, 0xBA, 0x32, 0x58,
    0xF4, 0x8A, 0x8B, 0x62, 0x54, 0x4C, 0x8A, 0xEC, 0x15, 0x27, 0x45, 0xAF, 0xB8, 0x28, 0x46, 0xC1,
    0x0F, 0x93, 0xE0, 0x07, 0xEC, 0x33, 0xBE, 0xCF, 0x49, 0x5F, 0x41, 0x70, 0x58, 0x04, 0xBB, 0x28,
    0x68, 0x28, 0x58, 0x2B, 0x96, 0x8A, 0xD8, 0x71, 0x50, 0xEC, 0x14, 0x8D, 0x62, 0xAD, 0x58, 0x2A,
    0x42, 0x9E, 0x2E, 0xC0, 0x65, 0x84, 0xB1, 0x09, 0xE2, 0x6A, 0x84, 0x71, 0x4D, 0x2A, 0x9C, 0x8C,
    0x40, 0x27, 0xA3, 0x81, 0xCB, 0x91, 0x49, 0x30, 0x9C, 0x5B, 0x8E, 0x6D, 0x12, 0xFD, 0x76, 0x05,
    0x9C, 0xDF, 0xC3, 0xA0, 0xC1, 0x03, 0x5D, 0x70, 0xB3, 0xC4, 0xA1, 0xD2, 0xAF, 0x59, 0x6F, 0xC6,
    0xBD, 0xE6, 0xDE, 0x6A, 0xD7, 0xB0, 0x6B, 0xDB, 0x35, 0xEF, 0xBD, 0x68, 0x8F, 0x47, 0xEF, 0x07,
    0x13, 0x61, 0x75, 0x35, 0xB6, 0xE0, 0xD5, 0xD8, 0xC2, 0x84, 0xAF, 0x9F, 0x45, 0xDF, 0xEC, 0x05,
    0xAD, 0x17, 0x74, 0xAB, 0xB0, 0xE5, 0xA6, 0x21, 0x35, 0x7B, 0x31, 0x48, 0x26, 0xE9, 0xB9, 0xF1,
    0xD9, 0x7B, 0x5F, 0x23, 0x8B, 0x5E, 0x92, 0xA3, 0xA4, 0x3A, 0x55, 0x01, 0x30, 0xFC, 0x20, 0x9C,
    0x4A, 0xED, 0xEF, 0x73, 0xCC, 0x58, 0x3C, 0xF8, 0x1A, 0xCD, 0x4E, 0x33, 0x35, 0x93, 0x34, 0xEC,
    0xC2, 0xE3, 0x28, 0xCF, 0xBF, 0xB8, 0x15, 0x51, 0xAD, 0x58, 0xD4, 0x0A, 0x55, 0xE5, 0xBC, 0x5A,
    0x31, 0x0B, 0xCF, 0x9B, 0x71, 0xAF, 0xB9, 0xB7, 0xDA, 0x35, 0xD8, 0xF8, 0xB9, 0xAD, 0x90, 0x64,
    0x80, 0x6A, 0xB2, 0xE2, 0x13, 0x5C, 0x80, 0x95, 0x90, 0xC3, 0x05, 0x93, 0x74, 0x5F, 0xFF, 0x06,
    0xA5, 0x51, 0x04, 0x2C, 0x75, 0xCA, 0x26, 0xA0, 0xE1, 0x28, 0x2A, 0x3C, 0xE0, 0xB8, 0xA2, 0xE0,
    0x47, 0x09, 0x35, 0xAB, 0x6C, 0xC8, 0x06, 0xCE, 0xC3, 0x82, 0x61, 0x71, 0xB3, 0xC4, 0x0D, 0x3D,
    0x6A, 0xFF, 0x0D, 0xA0, 0x50, 0x7F, 0x42, 0xE9, 0xEF, 0x51, 0x02, 0x5A, 0xD5, 0x46, 0x41, 0xE1,
    0x44, 0x34, 0x9C, 0x2D, 0xA7, 0xCC, 0x75, 0xC8, 0xC2, 0x0A, 0xD2, 0xDB, 0x50, 0x70, 0x08, 0x83,
    0xAF, 0xB6, 0x2E, 0xAB, 0xAA, 0xA3, 0xCC, 0xA5, 0x59, 0x64, 0xCE, 0xBA, 0x20, 0x68, 0x67, 0x41,
    0x37, 0x0A, 0x12, 0x19, 0x7F, 0x92, 0x32, 0xBA, 0x9F, 0x46, 0x19, 0x85, 0x4F, 0x56, 0x74, 0x41,
    0xC8, 0xDA, 0x8C, 0xB3, 0x8C, 0x02, 0xA7, 0xD3, 0x28, 0xF4, 0xFB, 0x28, 0x08, 0xAE, 0xA8, 0x33,
    0xCE, 0x30, 0xFF, 0x29, 0xA3, 0xD0, 0xCD, 0x97, 0x0E, 0x1B, 0x56, 0x64, 0xDD, 0x4F, 0x36, 0xEB,
    0xC9, 0x85, 0x14, 0x09, 0x57, 0x93, 0x7E, 0x4B, 0x7D, 0x25, 0xE0, 0x66, 0x89, 0xC3, 0x3C, 0x9A,
    0x64, 0x17, 0x09, 0xFD, 0x12, 0xDC, 0x6A, 0x4E, 0xC1, 0xE1, 0x8C, 0x0C, 0xC0, 0xF3, 0xF4, 0xC2,
    0x2D, 0x9D, 0x5C, 0xB8, 0x7A, 0xF3, 0xCE, 0x9F, 0x1C, 0xB7, 0xEB, 0x9F, 0x46, 0xBA, 0xAF, 0x9E,
    0x7E, 0x78, 0xAD, 0xF6, 0xF0, 0x2E, 0x00, 0xF6, 0x9F, 0x23, 0xE0, 0x7E, 0x2F, 0x01, 0x6F, 0xE3,
    0xCF, 0x9E, 0x2E, 0xBA, 0xBA, 0xEF, 0x91, 0x0D, 0xD0, 0x19, 0xE4, 0xD9, 0xD3, 0x45, 0xF2, 0x88,
    0x77, 0x40, 0x5C, 0x7B, 0x9E, 0x76, 0xF5, 0x84, 0x50, 0xBD, 0x9B, 0x06, 0xE3, 0xF4, 0x46, 0xBD,
    0x43, 0x73, 0xEC, 0x78, 0xFA, 0x9A, 0xEA, 0x2C, 0x12, 0xC0, 0xB9, 0xD5, 0x30, 0x5F, 0x5D, 0x89,
    0xBA, 0x95, 0x36, 0xAA, 0xA3, 0x49, 0x47, 0x94, 0x2E, 0x5D, 0x31, 0x9D, 0x83, 0x45, 0xB7, 0x0A,
    0xDA, 0xF0, 0x24, 0x78, 0xCD, 0x76, 0xFF, 0x53, 0x01, 0x7A, 0x81, 0x55, 0x20, 0x81, 0x53, 0xCB,
    0x0C, 0xFA, 0x2B, 0x62, 0xC1, 0x91, 0x13, 0x1E, 0x07, 0x7D, 0xA6, 0xA5, 0x52, 0x8F, 0xDC, 0x2E,
    0xDB, 0xCE, 0x87, 0xBE, 0x09, 0x37, 0x00, 0xEE, 0x26, 0xB5, 0xCF, 0xC3, 0x90, 0x11, 0x72, 0x1C,
    0x8B, 0x21, 0xD4, 0x84, 0x9B, 0x2B, 0xED, 0x57, 0xA0, 0x16, 0x1A, 0x26, 0x66, 0xB0, 0x4B, 0x06,
    0xD1, 0xFC, 0x13, 0xF6, 0x02, 0x10, 0x18, 0xC1, 0xF7, 0x28, 0x05, 0x8E, 0x19, 0x3A, 0xCE, 0xE2,
    0x7D, 0x16, 0x4E, 0xE8, 0xD6, 0x0C, 0x26, 0x72, 0xEA, 0x33, 0xBC, 0x9F, 0x87, 0x98, 0x1F, 0x26,
    0xB7, 0xF2, 0x43, 0x32, 0xE4, 0x66, 0x9C, 0x38, 0xE5, 0x13, 0xDF, 0x8A, 0x97, 0x1B, 0x18, 0x77,
    0xE9, 0x8B, 0x4C, 0xD8, 0x8F, 0xF0, 0xCF, 0x49, 0x98, 0xF6, 0xA8, 0xC9, 0x05, 0x1D, 0xB9, 0x09,
    0x53, 0xC2, 0xF4, 0x25, 0xFB, 0x67, 0x00, 0x8E, 0x50, 0xB8, 0x4B, 0x99, 0xDD, 0x0C, 0x9D, 0xC0,
    0x90, 0x2E, 0x74, 0x2B, 0x2A, 0x1D, 0x29, 0x14, 0xC2, 0xBD, 0xCE, 0x05, 0x8F, 0x1C, 0x27, 0x2B,
    0x55, 0x0C, 0xB7, 0x61, 0x2A, 0xDC, 0x6C, 0xA7, 0x93, 0x3F, 0x09, 0xEA, 0x4F, 0x0E, 0x46, 0x05,
    0x75, 0x71, 0xDD, 0x26, 0x8D, 0x6A, 0x3D, 0x1D, 0x37, 0x76, 0xC2, 0x60, 0x70, 0x13, 0x0A, 0x9A,
    0x80, 0x4A, 0xB6, 0xDA, 0xC5, 0x4B, 0x78, 0xF9, 0x76, 0x68, 0x3C, 0x40, 0xDC, 0xCF, 0x47, 0x1B,
    0x72, 0xD5, 0xB3, 0x51, 0x3D, 0x19, 0xBD, 0x61, 0x20, 0x1E, 0x65, 0x06, 0xED, 0x97, 0xC7, 0xE0,
    0xE6, 0x58, 0xFC, 0xFA, 0x31, 0xF8, 0x72, 0x19, 0x40, 0x63, 0x9B, 0x96, 0x3D, 0xF0, 0xBB, 0xCD,
    0x04, 0xDC, 0xA9, 0xA6, 0x43, 0x92, 0x67, 0x52, 0xFA, 0x55, 0x2F, 0x8B, 0x66, 0xE7, 0xE2, 0xED,
    0x94, 0xD5, 0xE3, 0xEE, 0x06, 0xE9, 0xE1, 0x67, 0xE4, 0x8C, 0x8E, 0x92, 0x56, 0xD8, 0x5C, 0x37,
    0xB9, 0x0D, 0x6D, 0x5F, 0xD3, 0x57, 0xC4, 0x33, 0xA8, 0x44, 0x91, 0x7A, 0xAB, 0x1E, 0xF9, 0xFA,
    0x8E, 0xFC, 0xF4, 0xCE, 0xB1, 0xA6, 0xA6, 0xB1, 0x13, 0x94, 0xCE, 0x8F, 0x9C, 0x0F, 0x4B, 0xEE,
    0x6E, 0x5D, 0xEA, 0x4B, 0x9E, 0xDB, 0xE3, 0xB7, 0x21, 0x7D, 0xFB, 0x62, 0x83, 0x70, 0x11, 0x53,
    0x2C, 0x25, 0x6D, 0x68, 0xC8, 0xD7, 0xC9, 0x20, 0xBF, 0x84, 0x0B, 0x25, 0xE0, 0xF9, 0xD4, 0xA3,
    0x38, 0x0E, 0xA4, 0x93, 0xFE, 0x43, 0xA5, 0xB7, 0x2B, 0x7E, 0x8C, 0xC1, 0xE3, 0x37, 0xE1, 0x6E,
    0x74, 0x3D, 0x6E, 0xCE, 0x30, 0x04, 0xFC, 0x0E, 0xEC, 0x56, 0x12, 0x86, 0x24, 0x6A, 0xE9, 0x04,
    0xA2, 0x0F, 0xCF, 0x66, 0xCD, 0x28, 0x74, 0x3B, 0xA2, 0xCE, 0x60, 0x13, 0x49, 0x87, 0xB2, 0x93,
    0xD6, 0x26, 0xC3, 0xB7, 0xEE, 0x8E, 0x40, 0xCB, 0xD3, 0xB6, 0x45, 0x0B, 0x07, 0x29, 0xEC, 0xFC,
    0x69, 0x7F, 0x50, 0xC7, 0xD3, 0xB1, 0xD8, 0x39, 0xD5, 0xBC, 0x07, 0xB8, 0x23, 0xD0, 0xED, 0x1B,
    0xFD, 0x8B, 0x4B, 0x14, 0xE7, 0x1F, 0xD0, 0x06, 0xEB, 0x73, 0xC3, 0xE1, 0xD1, 0xC5, 0xFD, 0x55,
    0xC6, 0x48, 0x21, 0xEE, 0x20, 0x3A, 0x6D, 0x10, 0x58, 0x50, 0xF5, 0xED, 0x86, 0x76, 0x36, 0xFC,
    0x98, 0x61, 0x0F, 0x94, 0x1D, 0x13, 0xD0, 0x88, 0xE6, 0x3D, 0xB4, 0x34, 0xBA, 0x78, 0xB4, 0xBA,
    0xDA, 0x29, 0xDC, 0x78, 0xAB, 0x34, 0x92, 0x0E, 0x58, 0x2F, 0x6F, 0x27, 0xA0, 0xFB, 0x24, 0x00,
    0xC3, 0x07, 0x11, 0x60, 0x99, 0x80, 0x97, 0xF1, 0xCA, 0xED, 0xD0, 0x58, 0xF3, 0xAB, 0x4A, 0x55,
    0x3A, 0xC3, 0xFE, 0xEC, 0x9C, 0xF6, 0xCD, 0xB5, 0xDB, 0x43, 0x84, 0x04, 0x23, 0x6B, 0xA8, 0x5D,
    0xC1, 0xC9, 0x06, 0xD8, 0xD9, 0xCE, 0xB0, 0x7E, 0xF8, 0xF8, 0xC2, 0x05, 0xE9, 0xF7, 0x7F, 0xC3,
    0x2C, 0x9D, 0x1F, 0x34, 0xBE, 0x8D, 0xCC, 0xD9, 0x8E, 0x46, 0xD8, 0x0B, 0x83, 0x51, 0x2D, 0x52,
    0x06, 0xB9, 0x5E, 0x17, 0x64, 0x31, 0xD4, 0x51, 0x17, 0x02, 0x9F, 0xF4, 0xBC, 0xAC, 0x24, 0xAA,
    0xED, 0xFC, 0x0F, 0x90, 0x61, 0x7C, 0x42, 0x7D, 0x40, 0x9B, 0xEF, 0x21, 0x00, 0x8C, 0x59, 0x73,
    0x92, 0x90, 0x64, 0xEC, 0xE6, 0xAC, 0xFA, 0x94, 0x6C, 0xF8, 0xB2, 0xEE, 0xDB, 0x3B, 0xE9, 0x3A,
    0xD2, 0x84, 0xF6, 0x5E, 0x13, 0xD0, 0xA5, 0x61, 0x41, 0x4B, 0x29, 0x70, 0x09, 0x19, 0xA8, 0xBE,
    0x2C, 0x97, 0x4A, 0x24, 0x67, 0xE6, 0x6E, 0x41, 0x09, 0x13, 0x81, 0x8E, 0x1B, 0xCA, 0x3D, 0x44,
    0x22, 0xFB, 0x36, 0xDD, 0xE7, 0x68, 0x43, 0xCD, 0xD1, 0xCD, 0x85, 0x3A, 0xCA, 0x6B, 0x41, 0x4B,
    0x7B, 0x1B, 0x2A, 0xA2, 0x4B, 0xF7, 0x23, 0x0C, 0xB9, 0x1C, 0xBF, 0x54, 0x75, 0x9F, 0xEA, 0x91,
    0xC2, 0x0B, 0x80, 0x5B, 0x06, 0x14, 0x47, 0x28, 0x14, 0x51, 0x85, 0xBB, 0x1E, 0xE7, 0x64, 0xE7,
    0xBB, 0x0F, 0x61, 0x7F, 0xCA, 0x04, 0xFB, 0x11, 0x39, 0x5A, 0xFE, 0x07, 0x27, 0xBB, 0xC1, 0x49,
    0x74, 0x66, 0xBD, 0x2C, 0xC4, 0xF0, 0x24, 0x00, 0xF6, 0x97, 0xAE, 0xE9, 0xBC, 0xBD, 0x59, 0x33,
    0x94, 0x11, 0xE7, 0xA4, 0xFF, 0x47, 0x13, 0x92, 0x1B, 0x6A, 0x31, 0x5F, 0xDC, 0xA9, 0x30, 0x70,
    0x12, 0x1E, 0x5B, 0x0D, 0x31, 0x8F, 0x1D, 0xD5, 0x35, 0xA0, 0xA5, 0x5A, 0x4F, 0x5B, 0x68, 0x5B,
    0xD5, 0xA2, 0xFA, 0x44, 0xF3, 0x4D, 0x81, 0x53, 0xBA, 0x45, 0x1A, 0xE7, 0x7F, 0xC9, 0xC0, 0xEC,
    0xAE, 0xC9, 0x03, 0xC3, 0x1B, 0x0B, 0xC0, 0x2A, 0x8A, 0x6B, 0x7A, 0xF9, 0x76, 0x68, 0x74, 0xA3,
    0x05, 0xB8, 0x0E, 0x28, 0x75, 0x59, 0x24, 0x5D, 0x16, 0xAD, 0xBF, 0xC5, 0x81, 0xF8, 0x51, 0x7E,
    0x95, 0x2C, 0x79, 0x06, 0x7D, 0x76, 0x8B, 0x0C, 0xF0, 0x00, 0x40, 0xC9, 0x51, 0x03, 0x54, 0x95,
    0xF4, 0xD9, 0xD5, 0xC4, 0xC7, 0xD3, 0x85, 0x24, 0x9C, 0xD3, 0x0D, 0x5A, 0x9E, 0x13, 0xB0, 0xD2,
    0x5B, 0x7A, 0xCC, 0x8E, 0xFB, 0x9C, 0xEC, 0xDA, 0x30, 0xDB, 0x61, 0x18, 0xDC, 0xDC, 0xFD, 0xD5,
    0x9A, 0x1F, 0x08, 0xF1, 0x07, 0x19, 0xDE, 0x8B, 0x12, 0x30, 0x2C, 0x19, 0x3E, 0x08, 0xD9, 0x8E,
    0x8F, 0xE6, 0x6C, 0x87, 0x04, 0x1F, 0x96, 0xBD, 0x0B, 0xE6, 0xD2, 0x8E, 0x52, 0xF4, 0x55, 0xBF,
    0xC8, 0x76, 0x34, 0x5E, 0x09, 0x64, 0xB8, 0xFE, 0xA3, 0xB6, 0xE0, 0x9C, 0x9E, 0xFC, 0xDF, 0x7A,
    0x4E, 0x4E, 0x57, 0x06, 0xDF, 0x70, 0xB2, 0xC9, 0x71, 0xEA, 0x98, 0xDC, 0xD4, 0x70, 0x75, 0x53,
    0xC1, 0x7B, 0xC3, 0x7C, 0xF5, 0x03, 0xA6, 0x8C, 0x8A, 0xA4, 0x91, 0xC4, 0x6D, 0xD2, 0xD0, 0x48,
    0xA2, 0xD9, 0x23, 0x09, 0xEC, 0x91, 0x04, 0xD2, 0x11, 0x49, 0xDC, 0x22, 0x8D, 0xB5, 0x0C, 0xA8,
    0x52, 0x13, 0x71, 0x06, 0x79, 0x76, 0x7B, 0x0C, 0x3E, 0xAF, 0xD7, 0x73, 0xFE, 0xE4, 0xAE, 0xBB,
    0x05, 0x6E, 0x6E, 0xD7, 0x23, 0xE8, 0x1D, 0xEB, 0xAD, 0x60, 0x5F, 0xA5, 0x8A, 0x28, 0x59, 0xC9,
    0x2A, 0xFE, 0x41, 0x04, 0xF8, 0x46, 0x86, 0xE1, 0xC3, 0x05, 0xB0, 0x9F, 0x84, 0xE3, 0x6C, 0xD0,
    0x70, 0x16, 0x98, 0x80, 0x7A, 0xFF, 0x2C, 0xE0, 0x00, 0xDD, 0xBC, 0x9A, 0x78, 0xFC, 0x80, 0xDD,
    0xBB, 0x00, 0x90, 0xB3, 0x40, 0x9F, 0x41, 0x0A, 0xFF, 0x78, 0xDF, 0x7D, 0x7F, 0x11, 0xF8, 0xBB,
    0xD4, 0x83, 0x64, 0x10, 0x88, 0xA0, 0x44, 0xEE, 0x0C, 0x35, 0xC1, 0xB9, 0x3C, 0x1F, 0x11, 0xDC,
    0xF0, 0xA5, 0x29, 0xF5, 0xFA, 0xBD, 0x45, 0x72, 0xE7, 0x63, 0x03, 0x0F, 0xFE, 0x7D, 0xFA, 0xDC,
    0x34, 0x3E, 0xCF, 0x06, 0xCF, 0xCD, 0xC7, 0xC0, 0xFA, 0x2E, 0x3C, 0x36, 0xB0, 0x4D, 0x2C, 0x29,
    0x2D, 0x32, 0xB0, 0xDA, 0x4E, 0x03, 0xFB, 0xE6, 0x0A, 0xB8, 0xCB, 0x81, 0xB5, 0xF4, 0x40, 0x2B,
    0x5D, 0x19, 0x81, 0x46, 0x43, 0xAF, 0xCF, 0x39, 0xB0, 0xF1, 0x34, 0xB0, 0xFF, 0x03, 0xD5, 0x9C,
    0x31, 0x6C, 0xE5, 0xC8, 0x79, 0xC7, 0x3F, 0x92, 0xBE, 0x65, 0x7C, 0x44, 0xCC, 0x2B, 0x8C, 0xC0,
    0xC9, 0x22, 0xA1, 0xCB, 0xE4, 0x12, 0x80, 0x3D, 0x10, 0xDC, 0x30, 0x48, 0xE1, 0x32, 0x07, 0x24,
    0x4D, 0x92, 0x22, 0x55, 0x0A, 0xA7, 0xD9, 0x36, 0x8D, 0x41, 0x02, 0x2E, 0x52, 0xB8, 0x88, 0x80,
    0xF4, 0x80, 0x8B, 0x04, 0x30, 0x74, 0x31, 0xD6, 0xC5, 0x95, 0xF6, 0x91, 0xB7, 0x57, 0xB8, 0x70,
    0xB1, 0x34, 0xD2, 0x63, 0x69, 0xE3, 0x80, 0x04, 0xBE, 0xE2, 0x26, 0x30, 0x01, 0x73, 0xE5, 0xE1,
    0xFC, 0x33, 0xFF, 0x6F, 0xF4, 0x9E, 0x1E, 0xB5, 0x6F, 0x4F, 0xBB, 0x2B, 0x49, 0xD1, 0x8D, 0xC4,
    0xDF, 0x27, 0x91, 0x9C, 0x99, 0x6F, 0xFE, 0xFC, 0x28, 0x0E, 0x67, 0xE6, 0x49, 0x4A, 0xC0, 0x89,
    0x5C, 0x32, 0x6F, 0x9F, 0x9E, 0xFE, 0x40, 0x5E, 0x48, 0xA5, 0x53, 0x53, 0xAD, 0x6A, 0x0C, 0x0E,
    0x4D, 0x8F, 0x86, 0x06, 0x18, 0x2E, 0x4C, 0x0A, 0x4C, 0xC1, 0x64, 0x30, 0x36, 0x98, 0x3C, 0x9A,
    0xC2, 0xD7, 0x8B, 0x96, 0xA5, 0xA5, 0x55, 0xAE, 0x64, 0x69, 0xF5, 0x52, 0x78, 0x96, 0x35, 0xE7,
    0x2C, 0xAD, 0xB5, 0x19, 0x4B, 0xEB, 0xA7, 0x14, 0x9D, 0x08, 0xC6, 0x04, 0x83, 0x24, 0x08, 0x69,
    0x94, 0x8C, 0x66, 0x8A, 0xC6, 0x4A, 0x4E, 0x33, 0x4B, 0xE9, 0x45, 0x8C, 0x13, 0x96, 0x54, 0x39,
    0xA9, 0x9D, 0xF0, 0x47, 0xB3, 0x04, 0x03, 0x6D, 0xD0, 0x01, 0x2E, 0x37, 0xEC, 0x91, 0x6F, 0x24,
    0x67, 0x19, 0x35, 0x10, 0xF2, 0x9C, 0x3D, 0x86, 0x54, 0x4D, 0x8A, 0xE6, 0x2B, 0x22, 0xAC, 0x9B,
    0x78, 0x04, 0x0C, 0x05, 0x02, 0x6A, 0xA2, 0xF5, 0xA7, 0x18, 0x30, 0x49, 0xC0, 0xA0, 0x48, 0x02,
    0xC6, 0x3C, 0x1C, 0x38, 0xEB, 0x31, 0x18, 0x9E, 0x52, 0x62, 0x6D, 0x87, 0xA4, 0x1F, 0xCD, 0x20,
    0xE5, 0x90, 0x59, 0x91, 0x72, 0x2A, 0x02, 0x0B, 0xDF, 0x4F, 0x14, 0x83, 0xD2, 0x24, 0x50, 0xB9,
    0xA8, 0xC4, 0x36, 0xC5, 0x3D, 0xC6, 0x91, 0xED, 0x4A, 0xF6, 0x9E, 0x04, 0x24, 0xE6, 0x52, 0x55,
    0xBB, 0x5D, 0x39, 0xB9, 0xEF, 0x47, 0x91, 0x62, 0x6D, 0x27, 0x2A, 0x4A, 0x7D, 0xAB, 0xA5, 0x9E,
    0x29, 0x64, 0xB5, 0x04, 0xDA, 0xD2, 0x51, 0x4D, 0x0A, 0x43, 0x1F, 0x03, 0x87, 0x0C, 0x92, 0x90,
    0x8D, 0x4A, 0x38, 0x44, 0x16, 0xE4, 0x58, 0x92, 0x7A, 0x72, 0x6B, 0x29, 0xA2, 0x59, 0xA8, 0x61,
    0xED, 0xCC, 0x4C, 0x5D, 0x33, 0x2B, 0x4E, 0x32, 0xFF, 0x81, 0xA3, 0x1B, 0x61, 0x4F, 0xCF, 0x6B,
    0xFB, 0xD0, 0x37, 0x1B, 0xEF, 0xB7, 0x6A, 0xFA, 0xA0, 0x66, 0xD9, 0x05, 0x35, 0xE5, 0x66, 0xD4,
    0x14, 0x36, 0x8A, 0x1E, 0x91, 0x66, 0x25, 0xDB, 0xBD, 0x3A, 0x64, 0x43, 0x8D, 0xA2, 0x3A, 0xFD,
    0x10, 0xE8, 0x5B, 0x55, 0xC7, 0xA8, 0x3A, 0xB5, 0x0D, 0x5C, 0xAA, 0x59, 0xA4, 0x9E, 0x4B, 0x55,
    0xA7, 0xA0, 0x3A, 0x53, 0xBE, 0x8A, 0xF4, 0x63, 0xE6, 0xF7, 0xEA, 0x84, 0xD4, 0xA4, 0x64, 0x17,
    0xD5, 0xC9, 0xC9, 0xB1, 0xF0, 0x3C, 0xB9, 0x74, 0xCC, 0x58, 0x91, 0xB3, 0xAA, 0xB3, 0x44, 0x75,
    0x58, 0x7F, 0x31, 0x91, 0x86, 0x90, 0xEF, 0x28, 0x9D, 0x12, 0x3F, 0x54, 0xFA, 0x0B, 0x7F, 0xAB,
    0xF9, 0x58, 0xE0, 0x7D, 0xAD, 0xD9, 0x4B, 0xF5, 0xD6, 0x29, 0xBA, 0x54, 0x5B, 0x4F, 0x18, 0xA2,
    0x9F, 0x55, 0xA0, 0x8D, 0x54, 0xBD, 0x4A, 0xE5, 0xFB, 0x73, 0x35, 0x0B, 0xAC, 0x3D, 0xA5, 0x6A,
    0x79, 0xF3, 0x7D, 0x14, 0xB6, 0x6C, 0x0E, 0xC8, 0xC7, 0x80, 0x72, 0x20, 0xCE, 0x28, 0x04, 0xAC,
    0x48, 0x4E, 0x24, 0x5A, 0x9B, 0x19, 0x25, 0xD6, 0xC9, 0x1D, 0xC2, 0x4C, 0x2B, 0x99, 0x2F, 0x64,
    0x69, 0xE5, 0x58, 0x4A, 0x34, 0x28, 0x2B, 0xB0, 0x94, 0x9E, 0xFE, 0xAB, 0x5C, 0x52, 0xF0, 0xD2,
    0x35, 0xBC, 0x1B, 0x7F, 0xA2, 0x81, 0xFC, 0x4D, 0x61, 0x44, 0x52, 0x36, 0xB2, 0x8F, 0x15, 0x0D,
    0x57, 0x33, 0x9E, 0x19, 0x73, 0xC5, 0x12, 0x62, 0x69, 0xB1, 0xE4, 0x58, 0x4B, 0xAC, 0x31, 0xD6,
    0xAE, 0x9E, 0xEC, 0xBC, 0x92, 0xDC, 0xD1, 0xF1, 0x99, 0xB9, 0x98, 0xD7, 0xB0, 0xC8, 0x5E, 0x75,
    0x95, 0xC3, 0xF4, 0x10, 0x1D, 0xAF, 0xF5, 0x22, 0x39, 0x0B, 0xAA, 0xF0, 0x01, 0x3A, 0xB3, 0x48,
    0x2F, 0xAD, 0x95, 0x6F, 0x44, 0x0F, 0x30, 0x1C, 0x87, 0x1E, 0x8D, 0xE7, 0x31, 0x47, 0xCC, 0xAB,
    0xA5, 0xB0, 0xBC, 0x58, 0xB2, 0xC8, 0x03, 0x42, 0xAA, 0x28, 0x80, 0xDB, 0x47, 0x40, 0xE6, 0xFA,
    0x86, 0xEE, 0x51, 0xF6, 0xB7, 0x4F, 0xDE, 0x3E, 0xF9, 0x12, 0x09, 0xBB, 0xD2, 0x7D, 0x50, 0x5C,
    0x96, 0x56, 0x7F, 0x3E, 0x89, 0xB4, 0xDF, 0x5B, 0x44, 0x90, 0x86, 0x23, 0x7F, 0x13, 0xBE, 0xEE,
    0x46, 0xD8, 0x4C, 0xDD, 0x2F, 0x97, 0x2D, 0xE3, 0xFE, 0x6D, 0x7A, 0xEC, 0x29, 0xF5, 0xF9, 0x5F,
    0x2B, 0x78, 0x15, 0x93, 0x05, 0x8E, 0x0F, 0x30, 0xB0, 0xC9, 0xAD, 0x36, 0xFF, 0x1B, 0x37, 0x2A,
    0xE6, 0xEF, 0x48, 0x2C, 0x39, 0xD6, 0x12, 0x6B, 0xD4, 0xDA, 0x77, 0x9E, 0x44, 0xAF, 0xE4, 0xC7,
    0xFA, 0x7C, 0xDC, 0x80, 0xFB, 0x36, 0x01, 0xDA, 0x1C, 0xD1, 0xF1, 0x23, 0xEA, 0xF3, 0xC7, 0xAF,
    0xA4, 0x23, 0xCF, 0x63, 0x8E, 0xE3, 0x3A, 0xC6, 0xE0, 0x8B, 0x81, 0x18, 0x83, 0x72, 0xF7, 0x27,
    0xCA, 0xED, 0x03, 0x97, 0x41, 0xFC, 0xA5, 0x09, 0xD0, 0xC4, 0xA7, 0x81, 0xFD, 0xB7, 0x9C, 0x88,
    0x79, 0x66, 0xCF, 0xA3, 0x34, 0x9C, 0xCF, 0x23, 0x2C, 0xE9, 0xEB, 0x77, 0x73, 0xE7, 0xA7, 0x2B,
    0xDD, 0x40, 0xBE, 0x6C, 0xDD, 0x10, 0x09, 0x47, 0xE4, 0x20, 0x01, 0x38, 0x21, 0x56, 0x02, 0x0D,
    0x31, 0x62, 0x48, 0x60, 0x31, 0x84, 0xC2, 0x03, 0x4A, 0x17, 0x50, 0x10, 0xF9, 0x1A, 0x90, 0xF9,
    0x2D, 0xF0, 0xE2, 0xBE, 0x5C, 0xB1, 0xEE, 0xF2, 0x56, 0x84, 0x99, 0x19, 0x85, 0x56, 0x8B, 0xDF,
    0x55, 0xE4, 0x04, 0xF0, 0x9D, 0x68, 0x2A, 0x26, 0x95, 0xBA, 0x5E, 0xD4, 0x18, 0x77, 0x68, 0xAA,
    0x68, 0xB2, 0x39, 0x1A, 0xAB, 0xA6, 0x1C, 0xD5, 0xE4, 0x9D, 0x1A, 0xBD, 0x42, 0x34, 0x29, 0xD0,
    0x06, 0x53, 0x00, 0x08, 0xA6, 0xC2, 0x63, 0x1A, 0x33, 0x27, 0x34, 0xED, 0x24, 0x3C, 0xD6, 0x0F,
    0x9A, 0x01, 0x57, 0x9B, 0x3E, 0x9A, 0x98, 0x2F, 0x96, 0x12, 0xCB, 0x8C, 0x35, 0x7C, 0x1E, 0xEB,
    0xFB, 0x07, 0xAD, 0x7D, 0xAE, 0xAC, 0x50, 0x8D, 0xE7, 0x4A, 0x8C, 0xCA, 0x45, 0xB9, 0x06, 0xCA,
    0x43, 0x90, 0x29, 0xBA, 0x40, 0xC1, 0x40, 0xF6, 0xCA, 0x76, 0x24, 0xCD, 0x14, 0xF9, 0x01, 0x4E,
    0xBF, 0x6F, 0x26, 0x7A, 0x6F, 0xAC, 0x72, 0x8A, 0xBC, 0x38, 0xA7, 0x8D, 0x1C, 0x2F, 0x4A, 0x00,
    0x99, 0x69, 0xC9, 0x15, 0x62, 0x8D, 0x07, 0xB5, 0x8F, 0xE7, 0x5E, 0x45, 0x9D, 0x22, 0x4E, 0xFB,
    0x33, 0xBD, 0xF2, 0x87, 0xD8, 0x1D, 0x8D, 0xA0, 0x9A, 0xAA, 0xA5, 0x2A, 0xA9, 0x6D, 0xD6, 0xF6,
    0xAB, 0x16, 0xAA, 0x0B, 0x5E, 0x86, 0x9E, 0xE0, 0x79, 0x9A, 0x23, 0xE6, 0x55, 0xB5, 0xA2, 0x56,
    0x54, 0xEA, 0x8B, 0x7B, 0xC3, 0xDA, 0xB7, 0xBE, 0x0C, 0x86, 0xFD, 0xCB, 0x11, 0xD2, 0x65, 0xF0,
    0xC0, 0xD5, 0x38, 0x5E, 0x1B, 0x75, 0x93, 0x0B, 0xA4, 0xA7, 0xA7, 0xA7, 0x72, 0x90, 0x0A, 0x74,
    0x22, 0x7D, 0xD4, 0xD7, 0x4B, 0x89, 0x0F, 0xD0, 0x54, 0x8B, 0x60, 0x30, 0x56, 0xCC, 0x68, 0x46,
    0x31, 0x53, 0xFB, 0xAB, 0xD3, 0xDE, 0xB6, 0x00, 0x0E, 0xA1, 0x11, 0x3B, 0x45, 0x7D, 0x0B, 0x7D,
    0x45, 0xE8, 0x98, 0x77, 0xCC, 0xCE, 0xFF, 0x38, 0xAF, 0x2C, 0xF9, 0x44, 0x62, 0x0F, 0x77, 0x49,
    0x9D, 0xA4, 0x78, 0xBC, 0x88, 0x40, 0x63, 0x17, 0xEC, 0x42, 0x7A, 0xB9, 0x5F, 0x32, 0x5D, 0xD9,
    0x17, 0xDF, 0x3E, 0x3E, 0xBC, 0xDE, 0x3C, 0x8D, 0x61, 0x17, 0x32, 0xA8, 0x61, 0x46, 0x86, 0xCA,
    0x04, 0x6A, 0xC5, 0xF2, 0x0E, 0xC1, 0x2A, 0x7B, 0xA2, 0x9D, 0xE4, 0x77, 0x25, 0xE4, 0x68, 0x9B,
    0x0A, 0x1F, 0xC4, 0x3E, 0x7B, 0x93, 0x30, 0xC2, 0xE3, 0xE3, 0x23, 0xD5, 0x77, 0x39, 0xB7, 0x41,
    0x6A, 0xEF, 0x97, 0x4C, 0x22, 0x8B, 0x48, 0xD0, 0x69, 0x03, 0xEE, 0x3B, 0x48, 0x39, 0x4E, 0xA8,
    0x5F, 0xBC, 0x71, 0x9B, 0x82, 0x4D, 0xAD, 0x1C, 0x6F, 0x21, 0x2B, 0x95, 0x35, 0x93, 0x94, 0x73,
    0x08, 0xA9, 0xC7, 0x0B, 0x03, 0x49, 0xE1, 0x14, 0x9B, 0x90, 0xCA, 0x9B, 0x90, 0xA3, 0x1A, 0x4B,
    0xFC, 0x0A, 0x36, 0xDE, 0xF8, 0x3D, 0xBC, 0x86, 0xD4, 0xBD, 0xD0, 0x40, 0xEA, 0xEE, 0xBC, 0xF3,
    0x96, 0xCC, 0x14, 0xC1, 0x12, 0xFE, 0xC3, 0x00, 0x2C, 0x61, 0x1F, 0x21, 0xED, 0xF8, 0x2A, 0x42,
    0x9C, 0x1D, 0x11, 0x22, 0x6A, 0x40, 0xCC, 0x92, 0x35, 0xD5, 0x7A, 0x28, 0xC4, 0xB0, 0x13, 0x62,
    0x96, 0xC0, 0x8B, 0xD7, 0x90, 0xF1, 0x9D, 0x00, 0xD8, 0xF3, 0x23, 0x99, 0x3A, 0xF9, 0xB7, 0x92,
    0x2F, 0xC5, 0x22, 0xE9, 0x5A, 0x59, 0x91, 0x9E, 0x6F, 0x30, 0x06, 0xBB, 0x21, 0x87, 0x7C, 0xBE,
    0x5F, 0x71, 0x95, 0x20, 0x81, 0x48, 0xFF, 0x5D, 0x27, 0x52, 0xC7, 0x47, 0xFC, 0xC8, 0x66, 0x74,
    0x97, 0x7B, 0x1A, 0x37, 0xAE, 0xE9, 0x36, 0xB8, 0x76, 0xDD, 0xB3, 0xDA, 0x92, 0xFD, 0x12, 0x90,
    0x60, 0xBD, 0x78, 0xC7, 0xB0, 0x66, 0x10, 0xF9, 0x83, 0x23, 0xEF, 0x18, 0xCF, 0x63, 0x17, 0x6E,
    0xA2, 0x6F, 0x70, 0x87, 0x5D, 0x38, 0xED, 0x68, 0xFD, 0x58, 0x3B, 0x5D, 0xEF, 0x7C, 0x41, 0x17,
    0xEE, 0xC1, 0xE9, 0x69, 0xA3, 0xEF, 0xA6, 0xC3, 0x96, 0x3C, 0xD6, 0x8F, 0x64, 0x3B, 0x29, 0x2D,
    0x69, 0x66, 0xB2, 0x72, 0x64, 0xC9, 0xFE, 0xDB, 0x90, 0x81, 0xAF, 0xF7, 0xD4, 0x36, 0xB0, 0x56,
    0xA6, 0xF8, 0xD4, 0x0C, 0x92, 0xB1, 0x11, 0xC5, 0x1A, 0x50, 0x83, 0x75, 0xF7, 0x2C, 0xB2, 0xB4,
    0x92, 0xB9, 0x7C, 0x91, 0xE4, 0xFD, 0x64, 0xF7, 0x8E, 0xF1, 0x68, 0x29, 0x6D, 0xC6, 0xA7, 0x5A,
    0x09, 0xC0, 0xD6, 0x6F, 0xFA, 0x94, 0x14, 0xE6, 0xFD, 0x00, 0xB1, 0x94, 0x14, 0xE8, 0xAD, 0x3C,
    0x7A, 0x1E, 0x95, 0x57, 0x4C, 0xDA, 0xF2, 0x07, 0x12, 0x5C, 0x2E, 0xC3, 0x1B, 0x7A, 0x57, 0xC7,
    0x3F, 0xA5, 0x58, 0x62, 0x2F, 0x7E, 0x37, 0xBC, 0x33, 0xE6, 0x81, 0xC5, 0x5C, 0x4D, 0xBC, 0xE2,
    0x18, 0xE3, 0x10, 0xCD, 0x7E, 0xE8, 0xE6, 0xC1, 0xC9, 0x2B, 0x48, 0xFF, 0x20, 0xF6, 0x9E, 0xBF,
    0xA3, 0xD2, 0x7F, 0xE5, 0x4A, 0xE9, 0x73, 0xCA, 0xBD, 0xE3, 0x51, 0xE9, 0xCD, 0xAB, 0x4B, 0x9F,
    0xE0, 0x7F, 0xCC, 0x70, 0xD5, 0x23, 0xE5, 0xEE, 0x55, 0x6F, 0x8E, 0xA8, 0xFE, 0x48, 0x1D, 0x2A,
    0x86, 0x18, 0xF6, 0x5B, 0xEA, 0xFE, 0x5B, 0x0A, 0xF5, 0x02, 0x18, 0xB6, 0xBC, 0x6E, 0xA8, 0x5F,
    0xF1, 0x00, 0xBD, 0x3F, 0x51, 0x7E, 0x73, 0x2A, 0x6E, 0xA3, 0xF6, 0x66, 0x54, 0xDC, 0xA4, 0xA4,
    0xB9, 0x78, 0x73, 0x35, 0xEE, 0x82, 0x95, 0x32, 0x5F, 0xC8, 0xCC, 0x92, 0xE5, 0x44, 0xE6, 0x9D,
    0x6C, 0xD3, 0x87, 0x2C, 0xC4, 0xED, 0xCE, 0x2A, 0x66, 0x9E, 0xE9, 0x09, 0x44, 0xEC, 0x06, 0xC7,
    0xDE, 0xBF, 0x8F, 0x97, 0x49, 0xDA, 0x38, 0x86, 0x17, 0x87, 0xDC, 0xD5, 0xF7, 0xDF, 0xD0, 0x5B,
    0x33, 0x22, 0x10, 0x5D, 0xBB, 0x55, 0x2B, 0x8A, 0x7F, 0x2D, 0x32, 0x1D, 0xE1, 0xF5, 0x4B, 0x96,
    0xDF, 0xD7, 0x10, 0x62, 0x37, 0x93, 0xCD, 0xC9, 0xD9, 0x9A, 0xEA, 0xD7, 0xAB, 0x88, 0x19, 0x20,
    0xF2, 0x4F, 0xF2, 0x6E, 0xB3, 0x6B, 0xC3, 0xEB, 0xE0, 0xE3, 0x7E, 0x14, 0x3C, 0x85, 0x3B, 0xEF,
    0x00, 0xF0, 0x69, 0x8C, 0x25, 0x09, 0x98, 0x82, 0xAE, 0x60, 0x8F, 0x78, 0x0F, 0xFB, 0xFA, 0x60,
    0x4F, 0x25, 0x6C, 0x47, 0x0D, 0xA2, 0x30, 0x5B, 0xF3, 0xD8, 0x9F, 0x9E, 0x3E, 0xF6, 0xDD, 0xF1,
    0x7C, 0x3C, 0xE3, 0xB8, 0x89, 0xA7, 0xDC, 0xA4, 0x39, 0x00, 0x80, 0x43, 0x04, 0x17, 0x65, 0x73,
    0xCA, 0xC3, 0x35, 0x20, 0x0E, 0x4B, 0x33, 0x50, 0xCF, 0x7A, 0x57, 0xA2, 0xAB, 0x02, 0xA4, 0xF0,
    0xE5, 0x2A, 0x99, 0x2F, 0xDD, 0x39, 0xF0, 0xFA, 0x28, 0x46, 0x63, 0x5C, 0xDB, 0xC3, 0xA3, 0x77,
    0xAE, 0x98, 0xF6, 0x71, 0x7A, 0x83, 0xDF, 0x0F, 0x9A, 0x77, 0xEB, 0xC5, 0xB4, 0xF0, 0x80, 0x73,
    0xD5, 0x75, 0xAB, 0x00, 0x2E, 0xB6, 0xF0, 0xA6, 0xDA, 0x6D, 0xEF, 0xAD, 0xDB, 0xDF, 0x58, 0xE7,
    0xA1, 0x0F, 0xB7, 0x51, 0xBF, 0x13, 0xE3, 0xA5, 0xEF, 0x3F, 0xF3, 0x06, 0xAE, 0xC2, 0x9C, 0xA2,
    0xBB, 0x8D, 0xEB, 0xE2, 0xC4, 0x40, 0xD0, 0x83, 0xB5, 0x94, 0x98, 0xE4, 0xDB, 0xD7, 0xAA, 0xA2,
    0x74, 0xAF, 0xFF, 0x55, 0x4C, 0x46, 0xBE, 0x23, 0x4E, 0xF0, 0x43, 0xF8, 0xD6, 0x57, 0x73, 0xBA,
    0x48, 0xE1, 0xE3, 0x04, 0x22, 0x7F, 0x08, 0xBF, 0xEA, 0x0D, 0xF0, 0x86, 0xDF, 0xC5, 0x24, 0x46,
    0x27, 0x85, 0x9C, 0x4E, 0x07, 0x01, 0xD2, 0x42, 0xAA, 0x59, 0xDE, 0x13, 0x74, 0xFC, 0x7A, 0xEF,
    0xBC, 0xBD, 0xB7, 0xF7, 0x25, 0x92, 0xE1, 0xAE, 0x99, 0x07, 0x7E, 0x35, 0xA8, 0x87, 0xA1, 0x3A,
    0xA9, 0x57, 0x9D, 0xC7, 0x72, 0x18, 0x5A, 0xC0, 0x86, 0x3D, 0xA0, 0x57, 0xEC, 0x5A, 0xD4, 0x9D,
    0x7C, 0x14, 0xE7, 0x7A, 0x61, 0x33, 0x0C, 0x0A, 0xFD, 0x55, 0x0F, 0x68, 0x32, 0x61, 0xDF, 0x2D,
    0x42, 0xE4, 0x12, 0x4A, 0x1F, 0x36, 0x38, 0x62, 0x21, 0x46, 0x91, 0xE4, 0x1F, 0x45, 0xE4, 0xF0,
    0xB9, 0x34, 0xB2, 0x7D, 0x96, 0xCF, 0x25, 0xC7, 0xE7, 0x92, 0x0F, 0xCF, 0xA5, 0xF0, 0x75, 0x98,
    0x32, 0xDC, 0x2A, 0x72, 0xC8, 0x5B, 0x1A, 0xA3, 0x63, 0xBD, 0x4A, 0x0D, 0xF0, 0x1E, 0x82, 0x95,
    0x02, 0x74, 0x2D, 0xE8, 0x1A, 0xDF, 0x9B, 0x4B, 0x7A, 0x07, 0x11, 0xB4, 0x5D, 0xBA, 0x56, 0x53,
    0xB1, 0x14, 0xF3, 0x66, 0x3E, 0xFF, 0xC6, 0xB6, 0x25, 0x6E, 0xF5, 0x22, 0xEF, 0xC2, 0x8A, 0xC1,
    0x14, 0xB6, 0x41, 0xEA, 0xE0, 0x47, 0x30, 0x25, 0x48, 0xB3, 0x92, 0xFD, 0x12, 0x98, 0x62, 0x0A,
    0xCC, 0xE3, 0xED, 0x0A, 0x09, 0x34, 0x2B, 0x89, 0x39, 0xF0, 0x09, 0xA6, 0xC0, 0x9F, 0x62, 0x08,
    0x7C, 0x8A, 0x2E, 0x10, 0x18, 0x94, 0x56, 0x39, 0x93, 0xBD, 0x0B, 0xF4, 0xB5, 0x0F, 0x5C, 0xB4,
    0x04, 0x1B, 0x4B, 0xCB, 0x30, 0x06, 0x0A, 0xEC, 0xBE, 0x2E, 0x31, 0x8E, 0xAC, 0x3C, 0x59, 0xA0,
    0x09, 0x64, 0x9C, 0x0D, 0xDA, 0x57, 0xDA, 0xA4, 0xAF, 0xCB, 0xC5, 0x2C, 0x28, 0x86, 0x3D, 0x13,
    0xA5, 0xB4, 0x1D, 0x69, 0x08, 0xF1, 0xCA, 0x7F, 0x26, 0x5E, 0xBF, 0x27, 0x42, 0x27, 0x3B, 0x0C,
    0x25, 0x1D, 0x32, 0xF4, 0x90, 0x62, 0x7C, 0x82, 0x2E, 0xB4, 0x96, 0xCD, 0xC1, 0xB2, 0xC7, 0x4A,
    0x20, 0xE0, 0xB7, 0x3C, 0xFA, 0x0B, 0x6D, 0x60, 0x6F, 0x63, 0x17, 0x99, 0x3D, 0xE4, 0x80, 0xC2,
    0xB3, 0x3C, 0xB6, 0x2A, 0xD1, 0x46, 0x6D, 0xDA, 0x94, 0x34, 0xBB, 0x0E, 0xB1, 0x71, 0x3B, 0x54,
    0x44, 0xBE, 0xEC, 0x7A, 0xB9, 0xE5, 0x74, 0xD8, 0x13, 0xC6, 0xA0, 0xD2, 0xE8, 0xF5, 0xAA, 0xDD,
    0x79, 0x6D, 0x1F, 0x63, 0xA0, 0x7F, 0x4D, 0xF0, 0x4F, 0x1D, 0x72, 0x1B, 0xD7, 0x40, 0xD7, 0x1C,
    0x55, 0xB7, 0xAD, 0xDD, 0xB5, 0xA8, 0x54, 0xD7, 0xB0, 0x75, 0x8D, 0x77, 0xF5, 0xAE, 0x0F, 0x5D,
    0x2C, 0xBB, 0xE9, 0xE5, 0x7A, 0x0C, 0x30, 0xDD, 0xA5, 0xCE, 0xE9, 0x9D, 0x82, 0x91, 0x75, 0x09,
    0x29, 0xE8, 0x67, 0xB1, 0xD0, 0xC7, 0x7A, 0xBC, 0xF0, 0x0F, 0xDD, 0x0D, 0x3D, 0xF3, 0xCE, 0xBA,
    0x1E, 0x83, 0xE1, 0xF5, 0xBB, 0x07, 0xAD, 0x95, 0x83, 0xF4, 0xFE, 0x7E, 0x0E, 0x1D, 0x3B, 0xE4,
    0x44, 0x1C, 0xDB, 0xE2, 0x81, 0x6C, 0xE1, 0xAF, 0x37, 0xDE, 0x41, 0x3B, 0x1B, 0x7A, 0x8C, 0x06,
    0x63, 0xEE, 0x9B, 0xBD, 0x2B, 0xB9, 0xDB, 0x3D, 0x83, 0xA1, 0x0E, 0x38, 0xC9, 0xE6, 0x58, 0x35,
    0xB3, 0x7C, 0xB4, 0xBB, 0x95, 0x34, 0x68, 0x53, 0x42, 0xDA, 0x2E, 0xC0, 0x34, 0xE7, 0x47, 0xE5,
    0xC7, 0xB7, 0xA8, 0x1A, 0x86, 0x50, 0xC5, 0x13, 0x74, 0xF8, 0x04, 0x43, 0xB0, 0xA1, 0xF6, 0x3E,
    0x54, 0xCE, 0xBA, 0x59, 0x35, 0x6B, 0x7E, 0xE7, 0x7A, 0xDD, 0xAF, 0xB3, 0x4E, 0x7A, 0xB6, 0x26,
    0x6C, 0x85, 0x7F, 0x33, 0xD7, 0xEB, 0x2E, 0xA0, 0x9F, 0x02, 0x60, 0x23, 0xF4, 0x57, 0x1E, 0x78,
    0xA3, 0x16, 0xCB, 0xD5, 0xDF, 0x4F, 0x16, 0xFC, 0xCC, 0xE3, 0x29, 0xC2, 0x37, 0x7F, 0x08, 0xBF,
    0xBE, 0x78, 0xCE, 0x67, 0x4D, 0x8F, 0xCE, 0xA0, 0x2B, 0xD6, 0xF8, 0x30, 0x7B, 0x3D, 0xFE, 0x88,
    0xAC, 0x2C, 0x89, 0x3D, 0x73, 0xE0, 0x44, 0xA4, 0xC5, 0x1C, 0x57, 0xA3, 0x29, 0x65, 0xCF, 0xBF,
    0xBE, 0xA2, 0xCC, 0x90, 0x86, 0x17, 0x79, 0x45, 0xC7, 0x6E, 0x5D, 0x4A, 0x84, 0xEF, 0xB9, 0x47,
    0x07, 0x27, 0xE1, 0xFB, 0xD9, 0xCB, 0xCE, 0xC4, 0x7F, 0xE6, 0x58, 0x33, 0xAC, 0xD2, 0x7E, 0x2A,
    0x92, 0xA2, 0xD9, 0xCF, 0x46, 0x14, 0x07, 0xB3, 0xED, 0x66, 0x24, 0xDB, 0x41, 0x8E, 0xBD, 0xA8,
    0x4F, 0xCA, 0x59, 0xE9, 0x94, 0x5E, 0x89, 0x46, 0x39, 0x28, 0x27, 0xE5, 0xAC, 0x74, 0xE4, 0x53,
    0x4F, 0xFE, 0x14, 0x4D, 0x20, 0xA3, 0x94, 0x5F, 0x13, 0xD9, 0xCE, 0xA4, 0x71, 0x64, 0x09, 0x32,
    0x57, 0xA6, 0x4A, 0x89, 0x6C, 0x95, 0xB5, 0xB2, 0x54, 0xE6, 0xCA, 0x54, 0x29, 0xDC, 0x8A, 0x8B,
    0xD5, 0x36, 0xD3, 0x66, 0xB5, 0x8D, 0x97, 0x83, 0x64, 0xC6, 0x47, 0x9F, 0x8A, 0xF9, 0x2F, 0x78,
    0x31, 0xCF, 0xC0, 0x0B, 0xFF, 0x99, 0x3E, 0xF0, 0xFB, 0xD1, 0x2C, 0x62, 0x26, 0x63, 0xC5, 0xD8,
    0xEB, 0xE0, 0x5E, 0x4B, 0xB4, 0x49, 0x6F, 0xC9, 0xC5, 0x25, 0x86, 0xBD, 0x60, 0xAB, 0xAC, 0x26,
    0xB2, 0x1C, 0x48, 0xD3, 0x91, 0x7F, 0x74, 0x57, 0x12, 0x5E, 0xEE, 0x06, 0x25, 0xD8, 0x75, 0x7F,
    0x14, 0x09, 0x21, 0x6D, 0xB7, 0xEB, 0x00, 0xF9, 0x4D, 0xF7, 0x07, 0x0D, 0xFB, 0xC4, 0xE6, 0x63,
    0xAF, 0x83, 0x4E, 0x4E, 0x62, 0xD7, 0x38, 0xE6, 0xD2, 0x78, 0xF8, 0xF2, 0x44, 0x74, 0xE2, 0xD3,
    0x95, 0xAB, 0x48, 0x36, 0xCB, 0x37, 0x32, 0xB0, 0x31, 0x6B, 0x80, 0xBC, 0x73, 0x37, 0x97, 0xA3,
    0xEE, 0x54, 0xA8, 0x49, 0x69, 0xC9, 0x5E, 0x59, 0x1F, 0x46, 0x48, 0x43, 0xFE, 0x61, 0x39, 0x3F,
    0x7C, 0xCE, 0x5B, 0x10, 0xE8, 0x82, 0xF8, 0x54, 0xAC, 0xC4, 0x19, 0x6C, 0x60, 0x53, 0xEB, 0xDA,
    0xD8, 0x72, 0x91, 0xD2, 0xDD, 0xE0, 0xF7, 0x8D, 0x5F, 0x3E, 0x7B, 0xB3, 0x77, 0xDB, 0x86, 0xDD,
    0x9E, 0x09, 0xF9, 0xCD, 0xB8, 0xB2, 0xF8, 0x31, 0x24, 0x76, 0x64, 0xE3, 0x6C, 0x87, 0xCE, 0x74,
    0xDC, 0xFE, 0x1D, 0x76, 0x19, 0xFD, 0x14, 0x36, 0x8C, 0x44, 0x27, 0x42, 0xF9, 0xE4, 0xF7, 0xDE,
    0x17, 0x79, 0xF7, 0xF4, 0xF4, 0xFB, 0xA2, 0x2F, 0x73, 0x1B, 0x32, 0x1D, 0x9D, 0xDF, 0xA8, 0xC1,
    0x32, 0xF6, 0xEB, 0x4E, 0xBC, 0x94, 0x18, 0x2B, 0x74, 0x95, 0xA7, 0x2C, 0x66, 0x61, 0x3D, 0xAC,
    0x4E, 0x07, 0x9A, 0xA5, 0xB6, 0xFD, 0x28, 0x52, 0xCD, 0x94, 0xA7, 0x5C, 0xBE, 0x98, 0xF1, 0xCC,
    0x98, 0x2B, 0x96, 0x10, 0x4B, 0x8B, 0x25, 0xC7, 0x5A, 0x62, 0x8D, 0xB1, 0xF6, 0xE8, 0x49, 0xF4,
    0xEA, 0x8A, 0x95, 0x1C, 0x0F, 0x71, 0x42, 0xE9, 0x57, 0xC9, 0x01, 0xE8, 0x0A, 0x03, 0xAA, 0xDC,
    0xF3, 0x0D, 0xC2, 0xCC, 0xA1, 0xDE, 0x2A, 0xAE, 0x80, 0x3A, 0x06, 0x3D, 0xAA, 0xE7, 0x69, 0x0E,
    0xCD, 0x9B, 0x1F, 0xAE, 0x4E, 0x38, 0x79, 0xFD, 0x89, 0xB9, 0x7B, 0x2C, 0xA4, 0x38, 0x31, 0x22,
    0x38, 0x85, 0x48, 0xCB, 0xF6, 0xD5, 0x3C, 0xFE, 0x00, 0x27, 0x77, 0xA8, 0xA6, 0xF4, 0x9F, 0xF8,
    0x40, 0x7C, 0xCB, 0x51, 0x41, 0x3E, 0xEC, 0x33, 0x57, 0x4D, 0x54, 0xD6, 0xB0, 0x79, 0x53, 0xDF,
    0x7C, 0xB9, 0x82, 0x93, 0xFE, 0x9B, 0x21, 0xB8, 0x1F, 0x1C, 0x2F, 0x27, 0x84, 0x43, 0x4F, 0x9C,
    0x88, 0xF9, 0x2E, 0xF3, 0x17, 0xF6, 0x6E, 0x34, 0x7D, 0x80, 0x7F, 0x03, 0x60, 0xA5, 0x05, 0x68,
    0x53, 0x44, 0x5B, 0x9C, 0xDB, 0xD2, 0x27, 0x40, 0x5C, 0xFE, 0x68, 0x68, 0x8D, 0x95, 0x92, 0xB6,
    0x1D, 0xA3, 0xED, 0x07, 0xC9, 0x0F, 0x2D, 0x06, 0x95, 0x77, 0x38, 0x6A, 0x39, 0xF9, 0x46, 0xBB,
    0x3B, 0x6F, 0x9B, 0xBF, 0x38, 0x28, 0x97, 0xF5, 0x54, 0x87, 0xF5, 0xEE, 0xFC, 0x28, 0xB0, 0xF5,
    0x73, 0xE7, 0xF7, 0xBE, 0x1D, 0xB5, 0x6F, 0x72, 0x74, 0xBC, 0xC1, 0x6C, 0x8F, 0x45, 0x4A, 0xC0,
    0x03, 0x10, 0xCE, 0x86, 0xE9, 0x02, 0xCB, 0x39, 0x83, 0x8B, 0xD3, 0x7C, 0xB0, 0x71, 0x01, 0x52,
    0x1F, 0xEC, 0x84, 0x60, 0xCF, 0xB8, 0x0C, 0x69, 0xD0, 0x12, 0x8F, 0xD9, 0x7E, 0x52, 0x3F, 0xA3,
    0x8D, 0xF9, 0xBF, 0x2A, 0xB1, 0xBC, 0xBA, 0x89, 0xE5, 0xF3, 0x7A, 0x6B, 0xEA, 0x62, 0xFD, 0xAB,
    0xD0, 0x9F, 0xB8, 0x46, 0xA2, 0x9A, 0x03, 0xCC, 0xB4, 0xEB, 0x75, 0xA1, 0x11, 0x49, 0xBD, 0x86,
    0xC0, 0x15, 0xAB, 0x31, 0xF5, 0xD9, 0x33, 0xD1, 0x91, 0x63, 0xF3, 0x3D, 0xEA, 0xF9, 0x88, 0xE1,
    0x01, 0x06, 0xCD, 0xB1, 0xCB, 0x3B, 0x9F, 0x97, 0x32, 0x54, 0x08, 0xC8, 0x89, 0x0C, 0xDD, 0xEE,
    0xE5, 0x14, 0x23, 0x71, 0x51, 0xE8, 0x1C, 0x50, 0xC7, 0xA0, 0xD1, 0x1E, 0x57, 0xB6, 0xC6, 0x77,
    0xEF, 0xD2, 0xC6, 0x71, 0x91, 0x83, 0x19, 0x4E, 0x33, 0x55, 0x93, 0xF9, 0x05, 0x26, 0xF3, 0xDF,
    0x61, 0x83, 0x3F, 0x31, 0x18, 0xC5, 0x20, 0x8E, 0xE9, 0x30, 0xF2, 0x8D, 0x7D, 0xD5, 0xED, 0x3E,
    0xB4, 0xF6, 0x3A, 0x03, 0x0E, 0x37, 0xA7, 0xC4, 0xB6, 0x5F, 0x5E, 0x8F, 0x17, 0xFB, 0xEB, 0xB0,
    0xE5, 0x53, 0xD8, 0xC6, 0xD8, 0xDB, 0x2A, 0x24, 0xA6, 0x62, 0xC9, 0xDD, 0xF9, 0x22, 0x25, 0xC4,
    0x45, 0x4A, 0x8D, 0x48, 0xB9, 0xD2, 0xE5, 0xE5, 0x7E, 0xC5, 0x53, 0xDF, 0xF5, 0x4D, 0xFD, 0x73,
    0xAF, 0xFD, 0xF1, 0x0C, 0x56, 0x12, 0x8C, 0xB1, 0x03, 0xFF, 0xD6, 0x6D, 0xA8, 0x58, 0x2E, 0xDB,
    0xCF, 0x5B, 0x74, 0x01, 0xBB, 0xB1, 0x3E, 0xA6, 0x23, 0x4F, 0x2B, 0x17, 0xFF, 0xB2, 0x96, 0x94,
    0xA6, 0x5E, 0x13, 0x34, 0xC6, 0xCA, 0x9F, 0xC5, 0xE2, 0x22, 0x5C, 0x40, 0x85, 0xEE, 0x7C, 0x14,
    0x3E, 0x43, 0x5C, 0xFC, 0x39, 0x73, 0xA7, 0xDF, 0x7D, 0xD0, 0xA7, 0xC2, 0x10, 0x07, 0xE3, 0xB5,
    0x37, 0xC5, 0x56, 0x7D, 0x8D, 0x30, 0x41, 0x90, 0xA9, 0x7F, 0x9E, 0xEA, 0x6C, 0x03, 0xBA, 0x2A,
    0x40, 0xD2, 0xF8, 0x14, 0xF0, 0xF1, 0x43, 0x2F, 0xD1, 0x47, 0x88, 0xA4, 0x6B, 0x8C, 0xAF, 0xD2,
    0x1E, 0xCE, 0xE8, 0xD3, 0xB7, 0xAE, 0x04, 0x6C, 0xED, 0xF9, 0x80, 0xCA, 0x1A, 0x0D, 0x0A, 0x17,
    0x27, 0x03, 0x72, 0xF8, 0xD8, 0x71, 0x2B, 0x74, 0x85, 0x28, 0x33, 0xBB, 0x24, 0x6C, 0x65, 0x57,
    0x39, 0x73, 0xD6, 0xCF, 0x35, 0x30, 0x15, 0x74, 0xAF, 0x0F, 0x87, 0x92, 0x7F, 0xDF, 0x84, 0xB7,
    0xA1, 0xC3, 0x7D, 0x35, 0x49, 0xB2, 0x16, 0x73, 0x38, 0xC8, 0xC3, 0xF7, 0x49, 0x9A, 0x92, 0x0F,
    0xD4, 0x59, 0xA4, 0x77, 0x92, 0x78, 0xE8, 0x83, 0xB2, 0xB4, 0xF5, 0xF4, 0x56, 0xF3, 0xD6, 0xFB,
    0x37, 0x2C, 0xCD, 0x0D, 0xB6, 0xB6, 0xB9, 0xBA, 0xB5, 0x63, 0xCB, 0xE2, 0xB5, 0xB5, 0x19, 0xAB,
    0x94, 0x47, 0x18, 0xE3, 0x85, 0x97, 0x9C, 0x95, 0x94, 0xCF, 0x03, 0x0A, 0x96, 0x24, 0xF5, 0xC0,
    0xDF, 0x03, 0xFE, 0x84, 0xB7, 0x8B, 0x89, 0x8F, 0xC3, 0xD8, 0xF4, 0x6C, 0xDF, 0xF4, 0xC7, 0xD6,
    0xD8, 0xB4, 0x33, 0x36, 0xDE, 0x2C, 0x95, 0xB6, 0x78, 0xA5, 0x2F, 0x83, 0xD4, 0x7A, 0xB7, 0x71,
    0x2F, 0x45, 0x71, 0x79, 0xD8, 0xEA, 0xD1, 0x2C, 0x46, 0xA7, 0xCC, 0x31, 0x24, 0xF0, 0x51, 0xE6,
    0x6A, 0x10, 0x31, 0x9F, 0x8A, 0xD4, 0x2B, 0x9D, 0x8E, 0x6F, 0xD6, 0xFF, 0x01, 0x11, 0x38, 0xB6,
    0x21, 0xC6, 0x06, 0xA3, 0x24, 0xC6, 0x4B, 0x8C, 0x9C, 0x12, 0xBB, 0x68, 0x0A, 0x07, 0xEF, 0x55,
    0xE4, 0x94, 0xB6, 0xB2, 0xF9, 0x62, 0x86, 0x74, 0x85, 0x48, 0xBF, 0x52, 0x97, 0x78, 0x53, 0x25,
    0xCD, 0x8D, 0xDF, 0x54, 0x2F, 0xAE, 0x39, 0x39, 0x3D, 0xC5, 0xAF, 0x38, 0x01, 0x4F, 0xCF, 0xFF,
    0xBF, 0x69, 0x08, 0xF9, 0x89, 0x72, 0x55, 0x62, 0x24, 0x1F, 0x5A, 0x32, 0x23, 0xD3, 0xBF, 0x27,
    0x73, 0xDD, 0x9F, 0xFA, 0xFD, 0x35, 0xA4, 0xEA, 0x22, 0xD9, 0xA5, 0x0D, 0x80, 0xDD, 0x6D, 0xFC,
    0x98, 0x02, 0xF7, 0x5D, 0xB5, 0xA5, 0xBA, 0x0D, 0x92, 0xC0, 0x5B, 0x01, 0xAC, 0x18, 0xF6, 0xD5,
    0x7C, 0xA7, 0x11, 0xCF, 0x80, 0x2F, 0x3D, 0x4F, 0xE8, 0x62, 0xA0, 0x57, 0x0C, 0xDA, 0x46, 0x0C,
    0x23, 0xE0, 0x7D, 0x76, 0x94, 0x78, 0x1F, 0xD4, 0xBF, 0xA4, 0x63, 0xC5, 0x6F, 0x16, 0x61, 0x91,
    0x76, 0xD3, 0xBE, 0x4D, 0xBA, 0xDF, 0x57, 0xE3, 0x48, 0xFF, 0xE2, 0x91, 0x14, 0xC8, 0x20, 0x89,
    0x0F, 0x10, 0x17, 0x90, 0x2E, 0x84, 0x0D, 0x88, 0x6A, 0x1F, 0x80, 0x82, 0xBF, 0xDE, 0xBC, 0x6C,
    0x1A, 0xD1, 0xF1, 0x6E, 0x3A, 0xFB, 0x90, 0x05, 0xCE, 0x22, 0x86, 0xC8, 0xF1, 0xFD, 0x1B, 0x10,
    0xEB, 0xED, 0x70, 0xFE, 0x0F, 0xA4, 0x04, 0xE0, 0x36, 0xBC, 0xBE, 0x58, 0x6F, 0x1A, 0x84, 0x06,
    0xD8, 0x6F, 0x7F, 0x8A, 0xD3, 0x4B, 0x41, 0xD8, 0x51, 0x87, 0x1F, 0xED, 0x83, 0x90, 0x6B, 0xA2,
    0xC3, 0x32, 0x1C, 0x7D, 0x6D, 0x13, 0x69, 0x5D, 0x1B, 0x57, 0x48, 0xCB, 0xDA, 0x3A, 0x11, 0x97,
    0x4F, 0xDB, 0x71, 0xC2, 0x0C, 0xB7, 0x82, 0x7E, 0x94, 0xDC, 0xF7, 0x93, 0x14, 0xDE, 0xCC, 0x52,
    0x39, 0xE3, 0xA5, 0x5F, 0xA8, 0xA2, 0xCD, 0x03, 0x46, 0x09, 0x08, 0x42, 0x80, 0x8F, 0xC2, 0xC6,
    0x89, 0xE0, 0x7F, 0x5D, 0xFC, 0x43, 0x97, 0x79, 0x58, 0xC9, 0x6C, 0xDD, 0x6D, 0x9D, 0xC4, 0x70,
    0x1D, 0xF4, 0xEC, 0xCB, 0xB5, 0x53, 0x81, 0xC1, 0xC4, 0x4F, 0xF2, 0xFA, 0x7E, 0x28, 0xB0, 0xF4,
    0x43, 0x82, 0x93, 0x76, 0x14, 0x5D, 0x58, 0xC4, 0x38, 0x39, 0x00, 0xD3, 0x3D, 0x92, 0xE9, 0xD8,
    0x87, 0xEC, 0xEF, 0x50, 0x21, 0x1D, 0x20, 0x59, 0x85, 0x81, 0xF4, 0x17, 0xFE, 0x70, 0x94, 0xA4,
    0x00, 0xA3, 0xE9, 0xDB, 0xF7, 0x46, 0xA6, 0x2B, 0xD7, 0x58, 0xDF, 0xBE, 0x56, 0xF2, 0xD1, 0x6E,
    0x58, 0xBF, 0x78, 0xC2, 0xA7, 0x80, 0xEC, 0xA0, 0xBF, 0x66, 0x18, 0x85, 0xA7, 0xDC, 0xAB, 0xE0,
    0x8A, 0x6B, 0xAF, 0x2A, 0x34, 0x22, 0xEF, 0x15, 0x83, 0xC8, 0x9F, 0x67, 0x43, 0xFC, 0x29, 0xEE,
    0x7B, 0xB0, 0xC8, 0x1D, 0xE8, 0xD7, 0x52, 0x3F, 0x33, 0x4A, 0xE6, 0x2B, 0x2B, 0x85, 0x0B, 0x3F,
    0x95, 0x73, 0x3B, 0x48, 0x3D, 0xA1, 0x89, 0xF3, 0x1E, 0x88, 0xE3, 0x09, 0xF7, 0x4C, 0xBA, 0x72,
    0xEE, 0xD5, 0x49, 0x11, 0xF3, 0x89, 0x4E, 0x6B, 0xB8, 0xF8, 0x79, 0x8A, 0xD4, 0x55, 0xD3, 0xDD,
    0x45, 0xDD, 0x2D, 0x0A, 0x41, 0x0D, 0x5A, 0x2B, 0xE5, 0x6A, 0x9C, 0xB4, 0xAE, 0xC6, 0x67, 0x98,
    0x29, 0xC4, 0x94, 0x06, 0x74, 0xD2, 0x62, 0x89, 0xC3, 0x08, 0x31, 0x86, 0xF4, 0xE1, 0x52, 0x0C,
    0xC7, 0xFF, 0x1D, 0x82, 0x4E, 0x53, 0xE9, 0xEB, 0xF8, 0x9B, 0x43, 0x97, 0x7B, 0xC3, 0xB6, 0x36,
    0x83, 0x35, 0xFE, 0x31, 0x6C, 0x1D, 0x3F, 0xC9, 0xB9, 0x1A, 0x9B, 0xF4, 0xA3, 0x39, 0xAF, 0x44,
    0xD2, 0xCB, 0xFF, 0x96, 0xE1, 0xC3, 0x00, 0xBA, 0x9A, 0x13, 0xD2, 0x9F, 0xC4, 0x97, 0x12, 0x4D,
    0x95, 0x8B, 0xD6, 0x20, 0x5A, 0xB4, 0x1D, 0x4D, 0xB6, 0xD6, 0x13, 0xED, 0x6E, 0x3D, 0xD7, 0x36,
    0x19, 0xC7, 0x7C, 0xA5, 0xAF, 0x9D, 0xD4, 0x6B, 0xB4, 0xC6, 0x4B, 0xB5, 0x56, 0xAB, 0x18, 0xC4,
    0xFF, 0xB9, 0xD2, 0x42, 0x6A, 0x57, 0x7A, 0xE9, 0xD1, 0x98, 0xA5, 0x80, 0x80, 0x63, 0x74, 0x79,
    0xB0, 0xFD, 0x40, 0x9B, 0xC0, 0x0C, 0x6C, 0x46, 0xEA, 0xCD, 0x48, 0xFB, 0x97, 0xA1, 0xBE, 0x3E,
    0xA8, 0xFA, 0x5D, 0x57, 0x59, 0x8C, 0x09, 0xFE, 0xC5, 0x95, 0x6C, 0x30, 0x7E, 0xB6, 0x94, 0x33,
    0xED, 0xD3, 0xB9, 0x78, 0x4E, 0xFB, 0xCC, 0xE6, 0x2B, 0xFB, 0xE8, 0x9F, 0xDB, 0xCC, 0xA3, 0x91,
    0x16, 0x53, 0x06, 0xD0, 0xFB, 0x31, 0x8D, 0x36, 0xBE, 0xFE, 0xD4, 0x3C, 0x77, 0xA5, 0xED, 0x68,
    0xF5, 0x4E, 0xEE, 0x5D, 0xEC, 0xA1, 0xB5, 0xD1, 0xEA, 0xFB, 0x43, 0xE1, 0x83, 0x65, 0x03, 0xD3,
    0x28, 0x43, 0x0E, 0x35, 0x25, 0x54, 0x04, 0xF3, 0x6C, 0xA2, 0x41, 0xA1, 0x67, 0xAC, 0x2F, 0x8E,
    0x35, 0xB4, 0x53, 0xE6, 0x75, 0xFA, 0x25, 0x47, 0xF8, 0xD9, 0xD8, 0x22, 0x98, 0xB1, 0xB6, 0x25,
    0x9A, 0x7E, 0xA8, 0xE6, 0x52, 0x17, 0x61, 0x2D, 0x15, 0x06, 0x74, 0xA5, 0xAB, 0x9F, 0x7D, 0x8C,
    0xA6, 0x70, 0xE6, 0x5F, 0x7F, 0x0E, 0xC9, 0x9D, 0xF9, 0xAB, 0x5F, 0x22, 0x88, 0xDC, 0x17, 0xBF,
    0xF6, 0x7C, 0xEA, 0xE7, 0xBF, 0x59, 0x25, 0x85, 0xCF, 0xE0, 0x24, 0xC1, 0x9A, 0x06, 0x23, 0x70,
    0x09, 0x16, 0x1A, 0xD1, 0x3F, 0xE5, 0xB3, 0xE8, 0x6B, 0x8B, 0x95, 0x3E, 0x8E, 0x89, 0xB4, 0x53,
    0x30, 0x93, 0x98, 0xDD, 0x55, 0xE6, 0x4E, 0x12, 0x4E, 0x7D, 0xD5, 0xAE, 0xF5, 0xCC, 0x6B, 0x59,
    0x4D, 0xF5, 0x28, 0x87, 0x89, 0xED, 0xEE, 0x6D, 0xCD, 0x2A, 0xA6, 0x52, 0x07, 0xB3, 0x8B, 0xF3,
    0x4F, 0x19, 0x37, 0x39, 0xF8, 0x6B, 0xD8, 0x29, 0x18, 0x2B, 0xC7, 0xEA, 0xCC, 0x4C, 0x81, 0x5A,
    0xCB, 0x40, 0xC1, 0xC8, 0x6E, 0x3D, 0x06, 0x11, 0xD5, 0x9C, 0x0E, 0xEF, 0x6B, 0x94, 0x7E, 0x89,
    0x3E, 0x5C, 0x93, 0xC9, 0xF6, 0x9F, 0x40, 0xE8, 0x14, 0x29, 0x27, 0x4B, 0x53, 0x9F, 0x1E, 0xAA,
    0xDF, 0x4F, 0xFB, 0x89, 0xCC, 0x59, 0xFA, 0xB1, 0xDA, 0x2D, 0x09, 0xEB, 0x72, 0xBE, 0x93, 0x66,
    0x3E, 0x63, 0x43, 0x32, 0x2F, 0x09, 0xF4, 0x2F, 0xD2, 0xF7, 0x02, 0xDA, 0xA7, 0x6C, 0xCA, 0xE7,
    0x96, 0x41, 0x31, 0xC5, 0x57, 0xC2, 0x58, 0x47, 0x8E, 0x6E, 0xB3, 0xEC, 0x91, 0xF5, 0x94, 0xEE,
    0xFC, 0xA5, 0xBC, 0xA1, 0xDC, 0xC0, 0x48, 0x34, 0x01, 0x3C, 0xF8, 0x77, 0x8D, 0xC6, 0x48, 0x57,
    0x76, 0xFA, 0xD6, 0x3A, 0x6D, 0xC9, 0xFD, 0xDB, 0x20, 0xD1, 0xCB, 0x67, 0x54, 0xEF, 0x6A, 0x55,
    0x81, 0x77, 0x7A, 0x17, 0x07, 0x7A, 0xF3, 0x82, 0xF4, 0xE7, 0x7A, 0xF7, 0x97, 0xF4, 0xCE, 0x6F,
    0x4B, 0xEF, 0x5D, 0x9B, 0xDD, 0x6E, 0x88, 0xAD, 0xDA, 0x0F, 0xB1, 0xB5, 0xCD, 0x61, 0xCC, 0x20,
    0xA4, 0x2D, 0xD6, 0xF3, 0x50, 0xD2, 0xB8, 0x4C, 0xF7, 0x9F, 0x50, 0x2C, 0x41, 0xE5, 0x5E, 0x3C,
    0x98, 0x6F, 0x0F, 0xB6, 0x5F, 0x78, 0x10, 0x2F, 0x26, 0xF6, 0xE7, 0x8F, 0x8C, 0xAB, 0x6D, 0x3C,
    0xDC, 0x6D, 0xEF, 0x9E, 0x3E, 0x76, 0x71, 0x60, 0xBE, 0x9D, 0xF6, 0x53, 0x12, 0xC5, 0x2A, 0x52,
    0x2D, 0xDA, 0xEC, 0xB8, 0xAB, 0xD1, 0xBB, 0x9F, 0x61, 0x6E, 0xFC, 0xE9, 0xE9, 0xB6, 0xAE, 0xF7,
    0x54, 0xE8, 0x6E, 0x03, 0xEE, 0xBB, 0x96, 0x20, 0xAD, 0xDB, 0xB6, 0x79, 0x78, 0xC9, 0xC1, 0x69,
    0x73, 0xD0, 0xBF, 0x4C, 0x90, 0x8C, 0xC1, 0xB6, 0xEC, 0x37, 0xFE, 0xFE, 0x72, 0x31, 0xEA, 0xE3,
    0x62, 0xB4, 0xAF, 0x20, 0x06, 0x1A, 0xF6, 0x41, 0x9E, 0xAC, 0x22, 0xE5, 0x6F, 0xF5, 0x19, 0x32,
    0xED, 0x16, 0x5E, 0xF4, 0x72, 0xAF, 0x42, 0x24, 0x5F, 0x8A, 0x39, 0x5D, 0xEB, 0x51, 0x9F, 0x61,
    0x06, 0xF1, 0x2E, 0xCE, 0xED, 0xAD, 0x84, 0xC8, 0xFF, 0x01, 0xD5, 0x97, 0x3F, 0x8C, 0xDE, 0x48,
    0x19, 0xC6, 0x7F, 0xFE, 0x7C, 0xCA, 0x27, 0x61, 0x09, 0x53, 0x20, 0x8A, 0xA4, 0x70, 0x8F, 0x4E,
    0x32, 0xBD, 0x80, 0x31, 0x15, 0x25, 0xD7, 0x37, 0x57, 0x43, 0x93, 0x96, 0xCE, 0x16, 0xF4, 0x62,
    0xFB, 0x86, 0x14, 0x34, 0x6C, 0x8A, 0xA5, 0x17, 0xCA, 0x0C, 0x50, 0x50, 0x62, 0x1D, 0xC5, 0x95,
    0x67, 0x89, 0x54, 0xD7, 0xDC, 0x44, 0x58, 0x3A, 0x67, 0xCF, 0xF6, 0xC3, 0x37, 0xF3, 0x2A, 0xDF,
    0x26, 0xCB, 0x26, 0x3A, 0x04, 0xE1, 0x92, 0x37, 0xF2, 0xEF, 0xD9, 0x78, 0xE7, 0xCF, 0xEB, 0xF1,
    0xF8, 0xD9, 0x77, 0x28, 0xFC, 0x73, 0x10, 0xAD, 0x34, 0x22, 0x24, 0xAD, 0xA8, 0x94, 0x24, 0x54,
    0x69, 0x6C, 0xF4, 0xAB, 0xAD, 0xD9, 0x39, 0xE8, 0xD3, 0xD5, 0x2D, 0xE0, 0x35, 0xBB, 0x08, 0x4E,
    0x63, 0x3F, 0x41, 0xBB, 0xE3, 0x47, 0x68, 0x16, 0x14, 0xA0, 0xFE, 0x3A, 0x62, 0x1D, 0x66, 0x72,
    0xF7, 0x48, 0x1E, 0x2C, 0x92, 0x87, 0x9E, 0xC8, 0x13, 0x05, 0xEA, 0x34, 0x6D, 0x47, 0x4A, 0x62,
    0x07, 0x24, 0x2D, 0x60, 0x09, 0x62, 0xE9, 0xC2, 0x03, 0x5D, 0xA0, 0x42, 0xDA, 0xD0, 0x51, 0x52,
    0xA7, 0x46, 0x8F, 0x35, 0xCA, 0x2D, 0xF8, 0x67, 0x7B, 0x1F, 0x71, 0x5F, 0xAE, 0x7E, 0xA4, 0xD1,
    0x92, 0xC7, 0x9B, 0x32, 0xBB, 0xC4, 0x95, 0x97, 0x99, 0xDA, 0x2C, 0xA4, 0xF6, 0x33, 0xA9, 0x6F,
    0x24, 0x8F, 0x43, 0x1E, 0x93, 0x3C, 0xBE, 0xCD, 0x85, 0x02, 0xA5, 0xCA, 0xF5, 0xF5, 0x52, 0x2D,
    0x59, 0xEA, 0x98, 0xC5, 0x4D, 0x59, 0x34, 0x64, 0xD9, 0xC8, 0x32, 0x99, 0xF0, 0x9F, 0x8B, 0x1F,
    0x39, 0xEE, 0x79, 0x8D, 0xAA, 0x9D, 0x94, 0x6C, 0xB3, 0x82, 0xDB, 0xF1, 0x2B, 0xD4, 0x92, 0x22,
    0x39, 0xE5, 0xD1, 0x96, 0xCB, 0x16, 0xE8, 0x29, 0xB9, 0xBB, 0x8B, 0xBA, 0x9B, 0xCF, 0xF6, 0xC4,
    0x7F, 0xAE, 0x89, 0x5A, 0x32, 0x63, 0x66, 0x48, 0xDC, 0xAC, 0xEF, 0x0D, 0xFB, 0x88, 0x0F, 0x28,
    0xD2, 0xC7, 0xF2, 0x44, 0xB7, 0x5F, 0x9D, 0xD8, 0x4A, 0x7D, 0xA4, 0xD2, 0xE6, 0x22, 0x85, 0x1F,
    0xDB, 0x08, 0x75, 0xAC, 0x23, 0x94, 0xAB, 0x0B, 0x50, 0xEC, 0xBE, 0x03, 0xFA, 0x1D, 0xA0, 0x5D,
    0x12, 0xAB, 0xC8, 0xAD, 0xB0, 0xFB, 0x6E, 0xCD, 0xDC, 0x12, 0x7D, 0x6E, 0x2F, 0x01, 0x85, 0xD4,
    0xC1, 0x41, 0x1A, 0xA0, 0x94, 0x02, 0x1C, 0x77, 0x3F, 0x42, 0xB5, 0xF5, 0x13, 0xD4, 0xAB, 0x8B,
    0xD0, 0xAC, 0xED, 0x0C, 0xED, 0x9C, 0xD7, 0x24, 0xD6, 0x2B, 0xF4, 0xB1, 0xDE, 0x40, 0x53, 0x25,
    0xD0, 0x58, 0x8A, 0x42, 0xA1, 0xD4, 0x90, 0xB7, 0x75, 0x30, 0x56, 0x89, 0x53, 0x9D, 0x98, 0x1B,
    0xF7, 0xB1, 0x4D, 0xDD, 0x17, 0xB7, 0x40, 0xBB, 0xF6, 0x33, 0x34, 0xDB, 0x71, 0x2D, 0x57, 0x8A,
    0xBD, 0x8E, 0xE0, 0x1F, 0x8E, 0xE0, 0xD4, 0x41, 0xBD, 0x03, 0x65, 0xCE, 0xF6, 0x23, 0x2C, 0x78,
    0xB8, 0x77, 0x1C, 0xA5, 0x99, 0x56, 0xDA, 0xF2, 0xD2, 0x50, 0x77, 0x07, 0x75, 0x1F, 0x80, 0x06,
    0x32, 0x1E, 0xDA, 0x9C, 0x0A, 0x6D, 0x42, 0xBF, 0x5F, 0x2A, 0xE4, 0xFD, 0xA0, 0x90, 0x51, 0x9C,
    0x30, 0x1E, 0x15, 0xFA, 0x6B, 0xAF, 0xE0, 0x52, 0x93, 0x5A, 0x5B, 0x1F, 0x0A, 0x3F, 0xBA, 0xD0,
    0x0F, 0xA2, 0xF9, 0x64, 0xA3, 0xFA, 0x72, 0xCE, 0x9B, 0x08, 0x05, 0xE8, 0xB9, 0x09, 0x85, 0xFF,
    0xCB, 0xD5, 0x4E, 0xED, 0x58, 0xCF, 0x7E, 0x28, 0xB7, 0x1D, 0x94, 0x97, 0x19, 0x9A, 0xC0, 0x39,
    0x5C, 0xFC, 0xDF, 0x5D, 0xF7, 0x87, 0x6F, 0x5D, 0x40, 0x1D, 0x5D, 0x80, 0xE3, 0xAA, 0x0E, 0x0A,
    0xD9, 0xE6, 0xB0, 0xED, 0x32, 0x25, 0xDE, 0xEB, 0x78, 0x35, 0xCC, 0x1D, 0xCC, 0x2A, 0x24, 0x2D,
    0x66, 0x22, 0xE6, 0x28, 0x83, 0xD9, 0x8B, 0x79, 0x8D, 0x4D, 0x63, 0x2E, 0x64, 0x96, 0x64, 0xFE,
    0xF4, 0x66, 0x5A, 0x4B, 0xEB, 0x65, 0x23, 0xD8, 0x68, 0x36, 0xB2, 0xCD, 0x62, 0x33, 0xDA, 0xEC,
    0x96, 0x89, 0x65, 0x55, 0xEC, 0x87, 0x0D, 0xFC, 0x4F, 0x17, 0x70, 0x9F, 0x45, 0xA8, 0xF3, 0x66,
    0x16, 0x50, 0x6C, 0x37, 0x9B, 0xC9, 0xEC, 0xC6, 0x9C, 0x27, 0x9B, 0x50, 0xF6, 0xA3, 0x6C, 0x4D,
    0xD9, 0xA5, 0xB2, 0x61, 0x65, 0xEF, 0xBA, 0x0B, 0xF9, 0xB7, 0xB9, 0x5D, 0xEE, 0x91, 0xFB, 0xE6,
    0x51, 0xD2, 0x78, 0x36, 0x32, 0xBF, 0xE7, 0x17, 0xE0, 0x7F, 0xB2, 0x83, 0xFB, 0x34, 0xBB, 0x47,
    0x84, 0x52, 0x01, 0x0A, 0x75, 0xC0, 0xCF, 0xB9, 0x09, 0x73, 0x9F, 0xB7, 0x82, 0x6C, 0x68, 0xD9,
    0xCE, 0xB2, 0x99, 0x25, 0x2B, 0x5B, 0xB2, 0x91, 0x99, 0x8D, 0x49, 0x4A, 0xE9, 0x4E, 0x94, 0xEB,
    0x71, 0x01, 0xD5, 0x11, 0x7A, 0x1F, 0xA0, 0x15, 0x50, 0x6D, 0x40, 0xB9, 0xDC, 0xCA, 0x54, 0xE1,
    0xBF, 0x81, 0x0F, 0x07, 0x85, 0x7E, 0xAA, 0x14, 0xDC, 0xEE, 0x15, 0x5A, 0xED, 0x3E, 0x54, 0x5A,
    0x7C, 0x28, 0x74, 0xD1, 0x8F, 0x38, 0x09, 0xC3, 0xAD, 0xF8, 0xF1, 0xE9, 0x1F, 0x1A, 0x34, 0xDC,
    0xC0, 0xEE, 0xBD, 0x43, 0x8B, 0x68, 0x21, 0xAD, 0x86, 0x97, 0x62, 0x39, 0x44, 0xCA, 0xBD, 0x5A,
    0x6F, 0x60, 0xF7, 0xDE, 0xFE, 0xC2, 0xF6, 0x69, 0x61, 0xDD, 0x08, 0xF7, 0x1E, 0x01, 0xF5, 0x08,
    0xB4, 0x01, 0xE8, 0xBB, 0xF7, 0x6F, 0x75, 0xBF, 0x0F, 0xD0, 0x27, 0xAC, 0x40, 0xB1, 0x7C, 0xE3,
    0xAB, 0x7B, 0xDE, 0xB6, 0x7D, 0xE7, 0xA1, 0xF9, 0x64, 0x85, 0xE3, 0x57, 0x91, 0x5C, 0x5D, 0x81,
    0xEF, 0xDE, 0xA7, 0xD5, 0xFD, 0xDD, 0xE1, 0x11, 0x3C, 0xA9, 0x27, 0x70, 0x1F, 0x0F, 0x50, 0xEB,
    0xFC, 0xE7, 0xF7, 0xD1, 0xBB, 0xB0, 0xC4, 0xB6, 0x7F, 0x93, 0x49, 0x91, 0xFC, 0x1D, 0xF4, 0xFE,
    0xD9, 0xC3, 0xFD, 0xE1, 0xC5, 0x27, 0x78, 0x9C, 0x80, 0x43, 0x7C, 0x77, 0x36, 0xF0, 0xFD, 0x8B,
    0x9B, 0x32, 0xA0, 0x5C, 0xFD, 0xED, 0x32, 0xA0, 0x8D, 0x89, 0xF7, 0x86, 0x3B, 0xCB, 0x80, 0x46,
    0x9A, 0xC0, 0x4B, 0x2B, 0x07, 0x49, 0xA2, 0xD2, 0x78, 0x14, 0xF5, 0x0E, 0x7F, 0xCC, 0x55, 0xE7,
    0x77, 0x70, 0xB9, 0x7F, 0x3F, 0x25, 0xFA, 0xD1, 0x1E, 0xC8, 0x78, 0xEF, 0xF2, 0xB2, 0x53, 0xA8,
    0xA5, 0xF0, 0x2A, 0x41, 0x21, 0xB5, 0x4C, 0x49, 0x67, 0xC6, 0x44, 0x37, 0x27, 0x36, 0x6B, 0x62,
    0xAD, 0xEE, 0xA0, 0x50, 0x2A, 0x55, 0x72, 0x48, 0x3A, 0xB1, 0xCD, 0x3C, 0xE8, 0xA9, 0x0B, 0xE5,
    0x7A, 0x3C, 0xD7, 0x94, 0xFD, 0x08, 0xED, 0x6B, 0x6B, 0xCA, 0xA5, 0x8E, 0xA5, 0xF4, 0x71, 0xCC,
    0xAF, 0xAC, 0xD5, 0x95, 0xA2, 0x9B, 0x0B, 0xA5, 0x9A, 0xA5, 0x8F, 0x3E, 0x57, 0xF1, 0xAF, 0x83,
    0x4F, 0xC8, 0xED, 0xDC, 0x4C, 0xEA, 0xFB, 0x58, 0x36, 0xCA, 0x41, 0xF2, 0x91, 0x87, 0xCF, 0xF3,
    0x63, 0x1B, 0xA6, 0xFC, 0xE4, 0xF7, 0x72, 0xFD, 0x72, 0x7D, 0xA5, 0xA1, 0x95, 0x76, 0x1A, 0x69,
    0x81, 0xAB, 0xBD, 0xE3, 0x6C, 0x17, 0x3B, 0xE7, 0x14, 0x0F, 0x8F, 0x38, 0x47, 0x35, 0x25, 0xF6,
    0x5B, 0xE2, 0xD2, 0x26, 0xC6, 0xDA, 0x7E, 0xB6, 0xFB, 0xD6, 0xE6, 0xEE, 0x62, 0xBF, 0xFF, 0xBA,
    0xC5, 0x7E, 0xFD, 0x72, 0xB1, 0xBF, 0xB4, 0x33, 0xB8, 0xD7, 0x15, 0xFB, 0xA1, 0x14, 0x87, 0x37,
    0x16, 0xFB, 0xCD, 0x06, 0xFD, 0xFC, 0xEF, 0xC5, 0xBE, 0x7D, 0x06, 0xB8, 0x00, 0x9C, 0xAB, 0xB2,
    0x73, 0xD8, 0x17, 0xDE, 0xA8, 0x83, 0x1F, 0x55, 0x01, 0x7E, 0x58, 0x86, 0xFC, 0x93, 0xDD, 0xB3,
    0xDF, 0xC2, 0xDB, 0x3C, 0x0F, 0x54, 0x76, 0x1E, 0x98, 0x72, 0x82, 0xD4, 0x2B, 0x39, 0x9A, 0x68,
    0xEA, 0x46, 0x4C, 0x07, 0x53, 0x8F, 0xC5, 0xC6, 0x9D, 0x61, 0xDB, 0x92, 0x83, 0x29, 0xA5, 0x29,
    0x47, 0x53, 0x6A, 0xAD, 0x36, 0xBA, 0x29, 0xCE, 0x94, 0xFE, 0x0B, 0x53, 0xFF, 0x37, 0x53, 0xFD,
    0x26, 0xEB, 0x41, 0x3F, 0x93, 0x76, 0x28, 0x55, 0x67, 0xAD, 0x76, 0xD3, 0x7A, 0x35, 0x6D, 0x56,
    0x4B, 0xD7, 0xCD, 0xA6, 0x7D, 0x34, 0xD5, 0x64, 0xAA, 0xCF, 0xAF, 0x56, 0x2C, 0x9B, 0xA4, 0xA5,
    0x29, 0x95, 0x29, 0xF5, 0x4E, 0x2D, 0xA5, 0xCF, 0xCB, 0xD4, 0x99, 0x86, 0x7E, 0x31, 0xCD, 0x5D,
    0xC9, 0x51, 0x6E, 0xA6, 0xD5, 0x62, 0x5A, 0x47, 0xD3, 0xF6, 0xD6, 0xF2, 0x70, 0xEB, 0x75, 0xF1,
    0x70, 0xCB, 0x4F, 0xFF, 0x0F, 0x69, 0xA4, 0x55, 0x8A, 0x05, 0x77, 0xED, 0xB5, 0xFB, 0x8D, 0xA6,
    0x3B, 0x6A, 0x2A, 0xC5, 0x07, 0x94, 0xE9, 0xC5, 0xE4, 0xE9, 0x3A, 0xD4, 0xF1, 0xBD, 0xC7, 0xBA,
    0xBC, 0xD4, 0x70, 0x54, 0x8E, 0xA1, 0x35, 0x0D, 0xBD, 0x4C, 0xF5, 0xD4, 0xD2, 0x52, 0x48, 0xED,
    0x6D, 0x73, 0x06, 0x7E, 0x40, 0x7A, 0x97, 0x53, 0xB1, 0xD1, 0xA7, 0xF1, 0xAF, 0x84, 0x53, 0x8A,
    0x8D, 0x4A, 0xFA, 0xB5, 0x14, 0x29, 0xFC, 0xD3, 0x94, 0x52, 0x8A, 0x3E, 0x24, 0xE6, 0xDE, 0x07,
    0xDD, 0x7C, 0x81, 0xD5, 0x7C, 0x7E, 0xB8, 0x5B, 0x21, 0x28, 0xFC, 0x75, 0x5A, 0x73, 0x2B, 0xF7,
    0x12, 0xCB, 0x17, 0xE6, 0xE7, 0x14, 0x9A, 0x9D, 0x3E, 0x9F, 0x27, 0xA4, 0xC9, 0xC5, 0x42, 0x7D,
    0xEC, 0xA7, 0x72, 0x6B, 0x67, 0x3F, 0x1E, 0xD7, 0x74, 0x06, 0xAA, 0xE7, 0x74, 0xD6, 0x69, 0x63,
    0xA2, 0x1B, 0x13, 0xFD, 0x90, 0x28, 0x4E, 0xFC, 0xF3, 0x7E, 0xA2, 0xFF, 0xFB, 0x9A, 0xCE, 0x40,
    0x5F, 0x2C, 0xB4, 0xD1, 0x29, 0xE2, 0x4E, 0x1C, 0xD3, 0x19, 0x48, 0xE1, 0xC5, 0x19, 0xA8, 0xB3,
    0x33, 0x50, 0xE2, 0x82, 0xFD, 0xB1, 0xA9, 0x9F, 0xF9, 0xE7, 0x37, 0xAF, 0xA1, 0xCA, 0xAF, 0x75,
    0x06, 0xDA, 0x09, 0x70, 0xE7, 0xAA, 0x64, 0xE7, 0x1C, 0xAE, 0xE3, 0x81, 0xF4, 0xCA, 0x49, 0xE8,
    0x2A, 0x9D, 0xDE, 0x2A, 0xC5, 0x3E, 0xD6, 0x8A, 0x7E, 0x6C, 0x7F, 0x9B, 0x92, 0x4C, 0x47, 0x9F,
    0x27, 0x27, 0xFC, 0x69, 0x3D, 0xE1, 0x2F, 0xF3, 0x09, 0x7F, 0x8D, 0xF5, 0xEA, 0x3F, 0x1B, 0x9B,
    0xA5, 0x4F, 0xC6, 0xEC, 0xD4, 0xF9, 0x58, 0x9F, 0x4F, 0x42, 0x87, 0x34, 0x5E, 0xF9, 0x95, 0x2E,
    0xB2, 0x2D, 0x9D, 0x4F, 0x5B, 0xAB, 0xCD, 0x91, 0xF7, 0x53, 0xBB, 0x15, 0xEA, 0x5C, 0xE4, 0x43,
    0xB3, 0x48, 0xC3, 0x0A, 0x34, 0xCA, 0x05, 0xC8, 0x02, 0xA5, 0xD2, 0x8F, 0x5E, 0x73, 0xBA, 0xB9,
    0x43, 0x91, 0xFF, 0xDF, 0xD8, 0x37, 0x35, 0x02, 0x3E, 0x3F, 0xD7, 0xF4, 0xED, 0x04, 0x17, 0xE8,
    0x27, 0xFF, 0xFC, 0x60, 0x3B, 0x63, 0x68, 0x24, 0x71, 0xB0, 0xE3, 0xA1, 0x39, 0xEC, 0x39, 0xBE,
    0x4B, 0x1A, 0x0A, 0x3B, 0x90, 0x19, 0x8A, 0x04, 0xFA, 0x6C, 0x4D, 0x67, 0x1F, 0xFE, 0xE5, 0x79,
    0xE7, 0xE6, 0xF5, 0x1D, 0x6A, 0x29, 0xB6, 0xFB, 0x55, 0x74, 0xB1, 0x1C, 0x52, 0xBA, 0x6D, 0x3E,
    0xD8, 0x8D, 0x1C, 0xB5, 0x83, 0xD7, 0x48, 0xA5, 0x08, 0xFD, 0x02, 0xF5, 0x5A, 0xA4, 0xCF, 0x72,
    0x68, 0x56, 0x77, 0xAD, 0xB9, 0x55, 0xB2, 0x4D, 0x0D, 0xF8, 0x85, 0x73, 0x14, 0x9D, 0xD9, 0x8A,
    0x5B, 0xED, 0x6A, 0x56, 0xF3, 0xB7, 0x32, 0x9A, 0x95, 0x1F, 0x07, 0x52, 0xD8, 0x1E, 0x7F, 0x99,
    0x97, 0x97, 0xFA, 0xFC, 0x72, 0x00, 0x05, 0xF8, 0xA6, 0x79, 0x7B, 0x55, 0xC1, 0x77, 0xB7, 0xDB,
    0xF8, 0xCC, 0x66, 0xC8, 0xEC, 0x12, 0x5D, 0x02, 0x1F, 0xF2, 0x4A, 0x3C, 0xB0, 0x6F, 0xAF, 0xBC,
    0x75, 0x49, 0x8A, 0x2F, 0xAE, 0x93, 0x0F, 0x3C, 0xB2, 0xFB, 0x6F, 0xBE, 0x0E, 0xF9, 0x1A, 0x28,
    0x74, 0xFD, 0x07, 0xA4, 0x88, 0x53, 0xE4, 0xA8, 0x0B, 0xCE, 0xF1, 0x11, 0x1C, 0xF3, 0xCB, 0xB3,
    0xEB, 0x28, 0xE0, 0x09, 0xB0, 0xC2, 0x61, 0x01, 0x22, 0x29, 0xFE, 0x05, 0x4C, 0xCE, 0x01, 0x66,
    0x44, 0x31, 0x10, 0xC6, 0xF1, 0x6F, 0xF7, 0xD1, 0x2D, 0x0F, 0x29, 0x0A, 0x40, 0x00, 0x14, 0xE4,
    0x06, 0x6F, 0x96, 0x5E, 0xA6, 0x97, 0xA8, 0xE4, 0x3C, 0x4B, 0x01, 0x58, 0x54, 0x67, 0xF4, 0x04,
    0x7B, 0x84, 0x01, 0x94, 0x42, 0x10, 0x3C, 0x95, 0x9D, 0x69, 0xD3, 0xB5, 0x5A, 0x7F, 0x1F, 0xC9,
    0x80, 0x1F, 0x0B, 0x9D, 0x62, 0x9D, 0xD7, 0xA9, 0x6F, 0x6C, 0xB2, 0xB9, 0x87, 0x96, 0x94, 0x84,
    0x01, 0x12, 0x80, 0x15, 0x1B, 0x6F, 0xD8, 0x7D, 0x9D, 0x11, 0xAA, 0x83, 0x84, 0x64, 0x56, 0x22,
    0x63, 0x76, 0x73, 0xEE, 0x7D, 0xD6, 0xC3, 0xE1, 0x50, 0xDC, 0x5D, 0xAE, 0x7B, 0xC2, 0xC3, 0x19,
    0x99, 0x3F, 0x2D, 0xFB, 0x39, 0x7A, 0xDB, 0x7A, 0x59, 0xE0, 0x65, 0xB4, 0x60, 0x74, 0x79, 0xFF,
    0x5D, 0x6E, 0x3E, 0x90, 0x7C, 0xCF, 0x2E, 0xCF, 0x41, 0xEE, 0x83, 0x80, 0xF6, 0x30, 0x6C, 0x57,
    0x4C, 0x15, 0xB3, 0x52, 0x3F, 0x2E, 0x35, 0xD4, 0xB0, 0x26, 0xEA, 0xB3, 0x4E, 0xF6, 0xE3, 0xEC,
    0xA4, 0xA1, 0x65, 0x49, 0xEA, 0xA0, 0x77, 0x03, 0x3F, 0xF6, 0x5F, 0xD5, 0xD0, 0x0D, 0xE5, 0xD0,
    0x82, 0xF5, 0xA2, 0xF7, 0x4B, 0x1B, 0x9B, 0x7A, 0x58, 0xB3, 0x72, 0x39, 0x02, 0xF8, 0xCF, 0x49,
    0xF0, 0xC2, 0x72, 0xDD, 0xF8, 0xA7, 0xC2, 0xEA, 0xD5, 0x2B, 0xD5, 0x70, 0x8A, 0x42, 0xB8, 0xC5,
    0x54, 0x77, 0x1A, 0x24, 0xB6, 0x60, 0x60, 0xD0, 0xDD, 0x5B, 0xEE, 0x49, 0x77, 0x35, 0x96, 0x05,
    0xAF, 0xE8, 0xF0, 0x17, 0xB7, 0x6C, 0xB1, 0x7D, 0x0F, 0xD3, 0xDB, 0xE8, 0x01, 0x03, 0x00, 0xCD,
    0x99, 0x31, 0xAC, 0x1D, 0xC7, 0x75, 0xF7, 0xCF, 0xDD, 0xB5, 0xDF, 0xFD, 0xE0, 0x2D, 0x46, 0xC0,
    0x07, 0x07, 0x88, 0x08, 0x78, 0xDB, 0xC0, 0x48, 0x3C, 0x3D, 0x40, 0x6B, 0xD6, 0x12, 0x02, 0x16,
    0x2A, 0xA4, 0x22, 0x76, 0x91, 0x46, 0x6D, 0xA0, 0x00, 0x7E, 0xE9, 0xC1, 0x70, 0x46, 0x62, 0xC1,
    0x82, 0x05, 0x5F, 0xDF, 0xC8, 0x85, 0x0B, 0x5B, 0x8D, 0xD2, 0xC5, 0x85, 0xC8, 0x19, 0xF3, 0x15,
    0x2A, 0x54, 0x70, 0x49, 0x05, 0x70, 0xE1, 0xE2, 0xAD, 0x64, 0x01, 0x46, 0x90, 0x82, 0x63, 0x72,
    0x15, 0xCE, 0x33, 0x77, 0xE6, 0x9F, 0x73, 0x66, 0xF0, 0xE8, 0x47, 0x59, 0x94, 0x2D, 0xD9, 0x72,
    0x32, 0xBC, 0xF7, 0xF7, 0xDF, 0x9D, 0xD9, 0x79, 0x73, 0x66, 0xF6, 0xCC, 0xD9, 0xB3, 0x97, 0x74,
    0x01, 0x47, 0x44, 0x40, 0xA6, 0x3D, 0x00, 0x37, 0x32, 0x66, 0xB3, 0x12, 0xA2, 0x0D, 0x64, 0x56,
    0x38, 0x1A, 0x13, 0x0A, 0xA9, 0xF4, 0x0E, 0x82, 0x4A, 0x1D, 0x9C, 0x4A, 0xC3, 0xC6, 0xA7, 0xE3,
    0xCA, 0xD0, 0xF1, 0x8B, 0x82, 0xFC, 0x29, 0xC1, 0x0D, 0x80, 0x83, 0xD3, 0x40, 0x84, 0xB3, 0xAB,
    0x5D, 0xE1, 0x90, 0xC7, 0xC4, 0xF4, 0x8A, 0xB9, 0xA9, 0xC6, 0x91, 0xEB, 0x6F, 0x1D, 0xEA, 0x08,
    0x67, 0xB2, 0x9D, 0xB9, 0xD7, 0x8A, 0x00, 0x47, 0x3B, 0x10, 0xB3, 0x6F, 0x2C, 0xCF, 0x20, 0x76,
    0xCC, 0x0E, 0xC0, 0x44, 0xC4, 0x24, 0x22, 0x8B, 0x8D, 0xB9, 0xC7, 0x11, 0xF3, 0x6B, 0xFC, 0xED,
    0x92, 0x76, 0x66, 0x51, 0xC5, 0x47, 0xB3, 0x68, 0x60, 0x33, 0x8B, 0x3D, 0xF9, 0x65, 0x36, 0x8B,
    0x7F, 0xF3, 0xA5, 0x62, 0x16, 0xA4, 0x5E, 0x58, 0x84, 0x79, 0xDC, 0x73, 0xFD, 0xA6, 0x06, 0xBE,
    0xE6, 0xE6, 0xA8, 0x56, 0xB3, 0x98, 0x62, 0x22, 0xF7, 0x5D, 0xED, 0x6C, 0x16, 0x22, 0x1F, 0x84,
    0x70, 0xCF, 0x60, 0xB0, 0x4C, 0x0F, 0xCC, 0x44, 0x06, 0x08, 0x44, 0x63, 0xB5, 0x67, 0x87, 0x8F,
    0x89, 0x2E, 0x30, 0x76, 0x40, 0x5D, 0x11, 0x44, 0x0D, 0xB1, 0x23, 0x91, 0xCE, 0x7E, 0xA1, 0x7D,
    0x41, 0xA0, 0x1E, 0x70, 0xFE, 0x45, 0xE0, 0x1A, 0xEE, 0x01, 0x77, 0x6E, 0x3F, 0x80, 0xBF, 0xEF,
    0x18, 0xE0, 0x23, 0x0B, 0xAE, 0x33, 0x1B, 0xB7, 0x72, 0x8F, 0x0E, 0x66, 0x65, 0xE8, 0xF8, 0x79,
    0xA0, 0xCB, 0xF4, 0x1D, 0xEA, 0xE1, 0xB0, 0x28, 0x3C, 0xC6, 0x6A, 0x64, 0x34, 0x7B, 0x17, 0xD7,
    0x8B, 0x0F, 0x7F, 0xDB, 0xA3, 0x8D, 0x26, 0x8B, 0xD6, 0x86, 0x7C, 0x0F, 0xF7, 0xE0, 0x9F, 0x0C,
    0x69, 0x65, 0x48, 0xF3, 0xF4, 0x90, 0xFA, 0x73, 0x87, 0xA4, 0x5A, 0xBA, 0xD5, 0x4C, 0x2A, 0xA9,
    0x82, 0xA8, 0x92, 0xAC, 0xB2, 0x4A, 0xE6, 0xE4, 0x24, 0xAB, 0xE4, 0xDF, 0xDC, 0x17, 0x95, 0x90,
    0x7A, 0x61, 0x11, 0xF2, 0x2A, 0x73, 0xAB, 0xDC, 0x7B, 0x95, 0x6E, 0x8E, 0x63, 0xE4, 0x2B, 0x79,
    0xED, 0xF9, 0x6C, 0xF5, 0x41, 0x25, 0x59, 0x4D, 0xE6, 0x0E, 0x81, 0xA9, 0x51, 0x98, 0x16, 0x38,
    0x49, 0x54, 0x34, 0x90, 0x68, 0x53, 0xF7, 0x2B, 0x8F, 0x99, 0xDE, 0x3B, 0x9F, 0xC8, 0x80, 0x74,
    0xA2, 0x21, 0x91, 0xF4, 0xD5, 0x0B, 0x11, 0x36, 0xEA, 0x3E, 0x29, 0xD4, 0xCF, 0x56, 0xBE, 0x7C,
    0x0C, 0x22, 0x80, 0xDB, 0xD0, 0x51, 0x07, 0xE5, 0xD8, 0xEC, 0x85, 0xBF, 0xA9, 0xC3, 0x90, 0x3B,
    0x74, 0x78, 0x11, 0xE4, 0xEF, 0x81, 0xF4, 0x7F, 0x83, 0x14, 0x40, 0x3D, 0xD0, 0xAE, 0x37, 0x20,
    0x52, 0x20, 0xAE, 0xA0, 0x0B, 0x58, 0x68, 0x07, 0x14, 0x1A, 0x00, 0x04, 0xCD, 0x88, 0x26, 0x91,
    0x5D, 0xFD, 0x4C, 0x63, 0x7A, 0xDD, 0xD5, 0xA1, 0x05, 0x9E, 0x97, 0x60, 0x0F, 0x99, 0xCB, 0xB5,
    0xC8, 0xE8, 0x56, 0xC6, 0xD5, 0x24, 0x75, 0x8C, 0x9D, 0x2C, 0x0A, 0xF5, 0x15, 0x99, 0xD1, 0x15,
    0x01, 0x20, 0x53, 0x46, 0x24, 0xB2, 0xE2, 0x38, 0x43, 0x21, 0x3A, 0x10, 0x87, 0xF1, 0x80, 0xDB,
    0x03, 0x88, 0x8A, 0xB1, 0x99, 0x4C, 0x63, 0x36, 0x91, 0xF6, 0xE5, 0x9B, 0xAF, 0x8A, 0xE7, 0x13,
    0xA3, 0xCB, 0x0C, 0x85, 0xA9, 0x2F, 0x5A, 0x85, 0xBE, 0x7C, 0x77, 0xCF, 0xB8, 0xD8, 0x33, 0xBE,
    0x33, 0xB8, 0x21, 0x73, 0xC3, 0x21, 0x8F, 0xBB, 0x07, 0x8F, 0xAB, 0x91, 0x3B, 0x60, 0x35, 0x8C,
    0xC8, 0xF8, 0x24, 0xD9, 0x0E, 0xB3, 0xD4, 0xB9, 0x71, 0x21, 0x2E, 0xDF, 0xF8, 0xB1, 0x90, 0x2D,
    0xF4, 0x89, 0xC6, 0x75, 0x00, 0x26, 0x1D, 0x0D, 0x10, 0xEC, 0x6C, 0x57, 0xFB, 0x51, 0xDD, 0xB3,
    0x0F, 0x41, 0xF0, 0xEA, 0x61, 0xDD, 0xB3, 0xBF, 0xC1, 0xBC, 0xA9, 0x71, 0x31, 0x0B, 0xEF, 0x59,
    0xDE, 0x17, 0x26, 0xDB, 0x60, 0x96, 0x61, 0xAD, 0xBB, 0x60, 0x07, 0x62, 0xF6, 0x8D, 0xE5, 0x19,
    0xC4, 0xE4, 0x17, 0x99, 0xB9, 0x4C, 0x98, 0xE9, 0x88, 0x0C, 0x0A, 0xC9, 0xC4, 0x17, 0x26, 0xEB,
    0x8F, 0xE9, 0xB9, 0xAF, 0x91, 0xDA, 0xBA, 0x64, 0x5C, 0xF5, 0xA9, 0x55, 0xAD, 0xE2, 0x53, 0x3A,
    0x5A, 0xF6, 0x29, 0x1F, 0x64, 0xE7, 0x82, 0xC4, 0xA7, 0xE0, 0xC4, 0xA7, 0xEC, 0x5C, 0x77, 0x6E,
    0x94, 0x9D, 0xAB, 0xA3, 0xEC, 0x5C, 0x1D, 0x65, 0xE7, 0xEA, 0xA8, 0x56, 0x1B, 0x74, 0x24, 0x42,
    0xA3, 0x7B, 0x06, 0x83, 0x61, 0x7A, 0x60, 0x39, 0xDB, 0xB9, 0xAA, 0xC6, 0x93, 0x9D, 0xAF, 0x3B,
    0xF7, 0x88, 0xED, 0xDE, 0x01, 0x1B, 0xCB, 0x00, 0x80, 0x65, 0x64, 0xE1, 0x85, 0x36, 0xEB, 0x0E,
    0x73, 0x5F, 0x7C, 0x20, 0xBB, 0xF4, 0x85, 0xAF, 0x33, 0x91, 0x05, 0x93, 0x66, 0xF9, 0x67, 0x04,
    0x91, 0xBE, 0x9D, 0xA9, 0x8D, 0x44, 0xC6, 0xB5, 0x8A, 0x8E, 0x4F, 0x49, 0x26, 0x80, 0x43, 0x11,
    0x5E, 0x02, 0x1E, 0x95, 0x7F, 0x1D, 0xAF, 0xDF, 0x05, 0xCA, 0xA6, 0xEE, 0x84, 0x26, 0xF3, 0x66,
    0xCB, 0x2D, 0x7D, 0x0D, 0x69, 0x2C, 0x06, 0x3D, 0xE2, 0xBE, 0x0C, 0x89, 0xBC, 0xEB, 0x0B, 0x5D,
    0xA8, 0x9B, 0x78, 0x07, 0x24, 0x96, 0x01, 0x00, 0x8B, 0x66, 0x71, 0x12, 0x24, 0x3A, 0x84, 0x0E,
    0x6C, 0x99, 0x9F, 0x65, 0x9F, 0x93, 0x59, 0x58, 0x72, 0x13, 0x04, 0x91, 0xAE, 0xC9, 0xD0, 0x2A,
    0x55, 0xAA, 0xA2, 0xE3, 0x67, 0x09, 0xA6, 0x26, 0x4B, 0x95, 0x9F, 0x47, 0xB3, 0xEE, 0xA1, 0x5D,
    0xD4, 0x40, 0x19, 0xEF, 0x45, 0x05, 0x6C, 0x03, 0xE6, 0x1E, 0x88, 0xBB, 0x32, 0xD1, 0x21, 0x7F,
    0x9F, 0x51, 0xF6, 0x89, 0xC0, 0xA2, 0x4B, 0x95, 0xEF, 0xEA, 0x5D, 0x61, 0xB9, 0xA8, 0xFA, 0xCC,
    0x62, 0x6E, 0xAA, 0x8D, 0x65, 0x04, 0xA2, 0x5C, 0x09, 0x04, 0x16, 0x79, 0x88, 0xD0, 0x4E, 0x20,
    0x0D, 0x33, 0x91, 0x05, 0x24, 0x36, 0x00, 0x45, 0xE2, 0xDB, 0x00, 0xDA, 0x67, 0x71, 0x27, 0x95,
    0xB9, 0xD2, 0x29, 0xAC, 0x04, 0x77, 0xE0, 0x37, 0x26, 0x8D, 0x49, 0x68, 0x66, 0xA1, 0x0F, 0x9F,
    0xE2, 0x08, 0xA1, 0xA9, 0xBC, 0xA9, 0x85, 0xAB, 0x6A, 0xAC, 0x35, 0xC6, 0xD5, 0x56, 0x62, 0x0E,
    0x49, 0x48, 0x74, 0x9E, 0x07, 0x93, 0x50, 0xCD, 0x70, 0xB2, 0xB4, 0x32, 0x2E, 0xF8, 0xD8, 0x38,
    0x9B, 0x98, 0xE4, 0xC1, 0x7C, 0x31, 0x8F, 0x32, 0x4A, 0xDA, 0xB3, 0x3D, 0x98, 0x77, 0xAD, 0x2F,
    0x3D, 0x63, 0x2E, 0xF9, 0xCB, 0xCE, 0xC5, 0x0A, 0xD5, 0x9F, 0x34, 0x97, 0x9F, 0x09, 0x77, 0x49,
    0x5A, 0xB1, 0x30, 0x0D, 0xE6, 0x7F, 0x81, 0xF3, 0x97, 0xD6, 0x0D, 0x6E, 0xEB, 0x01, 0xE6, 0x1E,
    0x27, 0x70, 0xB7, 0xC6, 0xB7, 0xAE, 0x49, 0xEB, 0xD0, 0xC9, 0xDF, 0xD9, 0x91, 0x77, 0x54, 0x8B,
    0x3E, 0xFD, 0x5E, 0x92, 0x39, 0x6C, 0x7B, 0xC6, 0xAA, 0x18, 0x71, 0x4C, 0xBB, 0xD7, 0x27, 0x0D,
    0x9E, 0x68, 0x8D, 0xD8, 0xCF, 0x03, 0x32, 0xC4, 0xA1, 0x2C, 0xC3, 0x64, 0xE3, 0x80, 0x79, 0x8C,
    0xEA, 0xD2, 0xA2, 0xA2, 0xEA, 0x23, 0xE3, 0x12, 0x63, 0x00, 0xA3, 0x13, 0x90, 0x6E, 0x18, 0x63,
    0xF3, 0x04, 0x59, 0xDA, 0xF6, 0xB4, 0xA2, 0xC3, 0x44, 0xE7, 0x4A, 0xB7, 0x68, 0x47, 0x7D, 0xFC,
    0xF7, 0x85, 0xF6, 0xF3, 0x83, 0x78, 0x01, 0xE1, 0x51, 0xB4, 0xB2, 0x8D, 0xB3, 0x8A, 0xFF, 0x3F,
    0x6E, 0xFA, 0xB7, 0x8F, 0xA3, 0xCF, 0x06, 0x51, 0xAF, 0xDF, 0x52, 0xB1, 0xF5, 0xF8, 0xB7, 0x6F,
    0xD1, 0x41, 0xA1, 0x21, 0xFB, 0x79, 0x44, 0x18, 0x81, 0xD5, 0x60, 0x36, 0x27, 0xF7, 0x93, 0x07,
    0x67, 0x02, 0x6A, 0xAB, 0xA9, 0xC0, 0x90, 0x37, 0x96, 0xA2, 0x0A, 0x4B, 0x1E, 0xD5, 0xE3, 0x55,
    0xB2, 0x81, 0xF1, 0x51, 0x94, 0x74, 0xC0, 0xFC, 0xD7, 0x52, 0xF3, 0x81, 0x93, 0x59, 0x12, 0x02,
    0x7F, 0xA7, 0xE5, 0x02, 0x27, 0xAE, 0xCA, 0x3B, 0x54, 0xC5, 0x37, 0xC9, 0x4D, 0xB6, 0x26, 0xA9,
    0xC9, 0xDA, 0x24, 0x36, 0x59, 0x9A, 0x04, 0x91, 0xB3, 0x62, 0x27, 0x3D, 0x91, 0x0F, 0x3D, 0x3E,
    0xC4, 0xC2, 0xAA, 0x00, 0xAC, 0xAC, 0xE6, 0x31, 0xB0, 0xB1, 0xDA, 0xC5, 0x5E, 0xCA, 0xAC, 0x3E,
    0xFC, 0xBF, 0xBE, 0xB0, 0x22, 0x50, 0x53, 0x67, 0x5F, 0xAA, 0x7A, 0x1B, 0x1F, 0x54, 0x3D, 0xBE,
    0xFB, 0x50, 0xD4, 0x1F, 0x87, 0xA6, 0x1F, 0x7C, 0x54, 0xD5, 0x7E, 0xD8, 0xDA, 0x79, 0x16, 0x57,
    0xAB, 0xFE, 0xA6, 0x8C, 0x58, 0xE4, 0xEF, 0x27, 0x8B, 0xE2, 0x83, 0xC6, 0x9C, 0x47, 0x80, 0x75,
    0xDA, 0x94, 0x68, 0xA6, 0x6D, 0xBC, 0xCE, 0x9A, 0xC8, 0xE3, 0x45, 0xD6, 0x48, 0x06, 0x54, 0x75,
    0x48, 0x64, 0x43, 0x8D, 0x3F, 0xE4, 0x83, 0x04, 0x20, 0xD1, 0x01, 0x80, 0x68, 0x0D, 0x8E, 0xAC,
    0x35, 0x3A, 0x56, 0x7B, 0xC9, 0x46, 0x56, 0x3E, 0x31, 0x55, 0x31, 0x69, 0x51, 0x89, 0x90, 0xA2,
    0x3D, 0xDA, 0xB9, 0xDA, 0xA8, 0xEA, 0xB8, 0x8A, 0x4A, 0x23, 0xEB, 0x0E, 0xAE, 0xEA, 0x00, 0xD2,
    0x72, 0x9D, 0x67, 0x60, 0xD6, 0x0F, 0xC1, 0xB8, 0x1D, 0x35, 0x70, 0x2D, 0x6A, 0x27, 0xDA, 0x37,
    0xB5, 0x7D, 0xE4, 0x90, 0xA4, 0xB3, 0xBE, 0xBE, 0x0C, 0x7C, 0x49, 0x52, 0x08, 0xBB, 0xC2, 0xFD,
    0xBB, 0x42, 0x67, 0x4F, 0x71, 0xD0, 0xC0, 0x98, 0x9F, 0x3C, 0xC5, 0x37, 0xBF, 0x90, 0xDA, 0x10,
    0x24, 0x11, 0x7B, 0xA3, 0xF4, 0x05, 0xD7, 0x78, 0x9D, 0x70, 0xE7, 0xCD, 0x87, 0xC5, 0xDF, 0x21,
    0xC6, 0x09, 0x1F, 0xD9, 0x0F, 0xB8, 0xCE, 0x2C, 0xFE, 0x6A, 0xE1, 0x55, 0xEB, 0x8B, 0x79, 0xB4,
    0xF6, 0x85, 0xED, 0x10, 0x4C, 0x8C, 0x4C, 0x8C, 0x24, 0x88, 0x67, 0xA0, 0x5A, 0x2C, 0x69, 0xD7,
    0xE3, 0x6E, 0x7B, 0x8A, 0xA7, 0x7A, 0x27, 0xED, 0x62, 0xAF, 0x16, 0xB9, 0x87, 0x40, 0xA8, 0x39,
    0xD8, 0x0F, 0x19, 0x6F, 0xE0, 0x1E, 0x70, 0x7C, 0xEF, 0x01, 0xF8, 0xA6, 0x09, 0xEE, 0x3E, 0x80,
    0xBD, 0x87, 0x8F, 0x60, 0x16, 0x7B, 0x1B, 0x26, 0x96, 0x0E, 0xE6, 0x51, 0xEA, 0xC0, 0x43, 0x0A,
    0x26, 0x46, 0x26, 0x46, 0x12, 0xC4, 0x33, 0x3C, 0x33, 0xC1, 0xF7, 0x35, 0xC1, 0x97, 0x5C, 0x05,
    0x98, 0x54, 0x3A, 0xAC, 0x09, 0xBE, 0x1C, 0xA9, 0xCF, 0x4A, 0xF0, 0x31, 0x09, 0x66, 0xC6, 0xBD,
    0xC8, 0x70, 0x67, 0x18, 0xE5, 0x74, 0x90, 0x06, 0x5E, 0x51, 0x3E, 0x92, 0xE0, 0x35, 0x19, 0x90,
    0xC2, 0x72, 0xD3, 0x3A, 0x8D, 0xB8, 0x8E, 0xC1, 0x20, 0x31, 0x3D, 0x27, 0x76, 0x36, 0x40, 0x25,
    0x83, 0x90, 0xA5, 0xCF, 0x6D, 0x49, 0x7A, 0xFC, 0x71, 0xAA, 0x8C, 0xC2, 0xF7, 0x2B, 0xEF, 0xCC,
    0x95, 0x41, 0x78, 0xE2, 0x84, 0xF7, 0x49, 0x88, 0xCA, 0x5C, 0xB9, 0x55, 0xA6, 0xCA, 0x78, 0x8E,
    0xB3, 0xB0, 0x16, 0xFF, 0xF1, 0x70, 0x54, 0x53, 0xA5, 0x36, 0x63, 0x86, 0xB3, 0xCB, 0xEE, 0xA7,
    0xE4, 0x7F, 0xFB, 0x2A, 0x11, 0x80, 0x23, 0x41, 0xA1, 0x1F, 0xBC, 0x03, 0x38, 0xF1, 0x82, 0xF0,
    0x6D, 0xAE, 0x91, 0xED, 0xEB, 0x3F, 0x07, 0xEB, 0xAE, 0x25, 0x7A, 0x4E, 0x31, 0xA8, 0x07, 0x36,
    0xA2, 0x43, 0x38, 0x71, 0x7D, 0x69, 0x86, 0x90, 0xA7, 0xCD, 0xE4, 0x09, 0x37, 0xD6, 0x1A, 0xA1,
    0x81, 0x70, 0x10, 0x3E, 0xE3, 0x03, 0xE1, 0x0E, 0xAE, 0x5E, 0x46, 0x4C, 0x8F, 0x89, 0x17, 0x05,
    0xB2, 0x61, 0xC4, 0xA7, 0x85, 0xBD, 0xD0, 0x08, 0x13, 0x7B, 0x33, 0xF9, 0xA8, 0x6A, 0xAF, 0xAE,
    0x54, 0x1B, 0xCC, 0x62, 0x20, 0x64, 0x1B, 0x98, 0x32, 0x7A, 0xA3, 0xD4, 0x08, 0x0D, 0x84, 0x43,
    0x25, 0xF9, 0x2F, 0xC7, 0x85, 0xB0, 0x90, 0x85, 0x58, 0xA5, 0x01, 0x99, 0x3C, 0x90, 0x49, 0xD6,
    0xE1, 0x88, 0xA4, 0xE8, 0xF8, 0x45, 0x39, 0x24, 0xA1, 0x81, 0x90, 0x2D, 0x67, 0x8A, 0xCD, 0x8D,
    0x52, 0x23, 0x34, 0x10, 0x0E, 0x95, 0xE4, 0xBF, 0x38, 0x0D, 0xB3, 0x7E, 0x2C, 0x80, 0x45, 0x2C,
    0x97, 0xBD, 0x0D, 0x94, 0x66, 0x39, 0x0D, 0xB2, 0x51, 0x0D, 0x18, 0xFE, 0x35, 0xD7, 0x97, 0xBC,
    0x0F, 0x02, 0x06, 0xE4, 0x14, 0x20, 0x46, 0x12, 0xB8, 0xDF, 0xE1, 0x6D, 0xC6, 0x9B, 0x78, 0x49,
    0x62, 0xC3, 0x71, 0xC1, 0x0D, 0xFC, 0xAA, 0xE0, 0x9D, 0x93, 0x47, 0x05, 0x38, 0x06, 0xA3, 0x63,
    0x14, 0x62, 0x6C, 0x64, 0x0B, 0x22, 0xE9, 0x82, 0x85, 0x54, 0x91, 0x61, 0x6B, 0xAA, 0xFE, 0x47,
    0xE3, 0x2F, 0x6B, 0x9A, 0x44, 0xF1, 0xA9, 0x26, 0x07, 0xDE, 0xC1, 0xF1, 0xED, 0x40, 0x80, 0x5B,
    0xC7, 0xD0, 0xE4, 0xE7, 0x98, 0xA5, 0xF2, 0x36, 0x16, 0xB9, 0xE4, 0xF8, 0x71, 0x84, 0x1B, 0x70,
    0xFC, 0x90, 0x85, 0xFC, 0x7B, 0x1F, 0xAD, 0x22, 0xEF, 0xDF, 0x4D, 0x22, 0x77, 0xC2, 0x26, 0x72,
    0x12, 0xB2, 0xC8, 0x7D, 0x77, 0x45, 0x04, 0xF4, 0x42, 0x13, 0x23, 0x52, 0x48, 0x8B, 0x64, 0x52,
    0x22, 0x5B, 0x93, 0x44, 0x83, 0xC8, 0x4A, 0x7B, 0x91, 0x48, 0xBD, 0xC8, 0x42, 0x1D, 0x8B, 0x94,
    0x2F, 0x2F, 0xFF, 0x87, 0x27, 0xD6, 0x12, 0x40, 0xF5, 0xBF, 0x98, 0x00, 0x0A, 0x3B, 0x18, 0x30,
    0xDE, 0xB5, 0xAE, 0x03, 0xAF, 0x4B, 0x85, 0x9C, 0x32, 0x0C, 0x18, 0x83, 0x80, 0xFC, 0x33, 0xB0,
    0x03, 0x43, 0x23, 0x75, 0xED, 0xA7, 0x89, 0x3C, 0x02, 0xD8, 0x54, 0xC5, 0x2F, 0x00, 0x8F, 0x60,
    0x61, 0x30, 0x0D, 0xA8, 0x03, 0xF1, 0x9C, 0x74, 0xAC, 0x8F, 0x6E, 0x7B, 0x29, 0xE8, 0xE8, 0x7B,
    0x06, 0xE4, 0x08, 0x70, 0x8C, 0x42, 0x5C, 0x17, 0x18, 0x76, 0x66, 0x68, 0xAC, 0x3A, 0x0E, 0x82,
    0x51, 0x60, 0x04, 0xD2, 0xFA, 0x34, 0x4C, 0xAC, 0xFB, 0xDB, 0x00, 0x98, 0x47, 0x86, 0x6B, 0x9B,
    0xFB, 0x2C, 0x2A, 0xF1, 0x1A, 0x1F, 0xBD, 0xC0, 0xC3, 0x83, 0x07, 0x65, 0x90, 0x01, 0x32, 0xD9,
    0x70, 0xF0, 0x23, 0xF2, 0xFF, 0x39, 0x11, 0x01, 0x59, 0x80, 0x99, 0xBE, 0x7E, 0x88, 0x95, 0x88,
    0xEC, 0xC6, 0x50, 0x82, 0xE1, 0x69, 0x78, 0x46, 0x0F, 0xC6, 0xF0, 0x0B, 0x86, 0xFA, 0x5E, 0x83,
    0x9C, 0x26, 0x69, 0x88, 0x72, 0x89, 0xA3, 0xBF, 0xEC, 0x53, 0x97, 0xE8, 0x8B, 0xE0, 0xEC, 0x57,
    0xA7, 0xBA, 0x1A, 0x8B, 0x66, 0x24, 0x73, 0x4A, 0x63, 0xB6, 0x8B, 0xFC, 0x92, 0x30, 0x49, 0xD8,
    0x39, 0x00, 0x27, 0x83, 0x16, 0x8F, 0x4B, 0x07, 0xA0, 0xEC, 0x05, 0x43, 0xA1, 0xB1, 0xA8, 0x8D,
    0x2F, 0x51, 0x12, 0x6C, 0x14, 0x9C, 0x20, 0x32, 0x3E, 0x49, 0x8C, 0xF9, 0xB2, 0x80, 0x31, 0xAC,
    0x7C, 0xDA, 0x4B, 0x43, 0x7D, 0x1F, 0x7D, 0xF6, 0x8B, 0xDA, 0x5F, 0xF2, 0xE5, 0xE6, 0x4B, 0x51,
    0xDE, 0x59, 0x7B, 0x60, 0x15, 0xE3, 0x0B, 0x19, 0x00, 0x64, 0xD7, 0x0E, 0x0E, 0x33, 0x21, 0x20,
    0x30, 0xBE, 0x49, 0x62, 0xD6, 0x1F, 0xC0, 0x00, 0x86, 0x11, 0xDC, 0xB4, 0x8C, 0x75, 0x6C, 0x90,
    0x53, 0x27, 0x0D, 0xE2, 0x58, 0x89, 0xD1, 0x42, 0x9C, 0xAC, 0x07, 0x5D, 0xC0, 0xAF, 0xD1, 0x62,
    0x00, 0x0D, 0xCC, 0x44, 0xBA, 0xD2, 0x24, 0xC2, 0x46, 0x7E, 0xE9, 0xB9, 0x1E, 0x41, 0x3D, 0x2E,
    0x04, 0xE7, 0x8F, 0x99, 0x9C, 0x9B, 0x32, 0xEF, 0xDC, 0x7E, 0x58, 0x24, 0x20, 0x09, 0x21, 0xC7,
    0x16, 0x52, 0x6F, 0x36, 0xFF, 0x12, 0x33, 0x51, 0xCF, 0x5C, 0x85, 0x3A, 0xFE, 0x61, 0x8A, 0x49,
    0x8A, 0x87, 0x84, 0x88, 0x98, 0x2A, 0x22, 0x66, 0x37, 0x69, 0x95, 0x55, 0x0C, 0x6E, 0x17, 0x95,
    0xDC, 0x80, 0xF7, 0x71, 0xE3, 0x34, 0x72, 0x7C, 0x7C, 0xF9, 0x0E, 0x12, 0x4B, 0x7F, 0x07, 0x72,
    0x76, 0xFF, 0x06, 0x02, 0x87, 0xD0, 0xF6, 0x1A, 0xF0, 0x73, 0x60, 0x63, 0x09, 0x17, 0x90, 0x44,
    0x48, 0xFD, 0xBE, 0xAC, 0x64, 0x58, 0x2C, 0x80, 0x95, 0xEA, 0xBC, 0x17, 0xAA, 0x7B, 0x68, 0xAA,
    0x0F, 0xEA, 0x8F, 0xDB, 0x5E, 0x46, 0x68, 0xEB, 0xF5, 0xBB, 0x95, 0x2A, 0x4F, 0xAF, 0x54, 0xDE,
    0xC9, 0xF6, 0x5E, 0x06, 0x14, 0x7A, 0xDD, 0x69, 0x5E, 0x05, 0xA2, 0xD2, 0x33, 0x47, 0x3C, 0x64,
    0x36, 0x0F, 0xAC, 0x1C, 0x30, 0xE9, 0x42, 0xD5, 0xAF, 0x65, 0xFC, 0x9E, 0x09, 0x57, 0x19, 0x85,
    0xE2, 0xDB, 0x24, 0x7E, 0x7D, 0xC6, 0xEA, 0xDE, 0xD4, 0xFC, 0xBB, 0x39, 0xB8, 0xA4, 0xBC, 0x99,
    0x0C, 0x68, 0x8F, 0x89, 0xD7, 0x49, 0x5D, 0x97, 0xAC, 0x4F, 0xF5, 0x21, 0x56, 0x26, 0x13, 0xB8,
    0xC6, 0x22, 0x70, 0xEB, 0x88, 0xA0, 0xD0, 0x12, 0x45, 0xC7, 0xF4, 0x08, 0xCC, 0xE4, 0x99, 0xC7,
    0x51, 0xF8, 0xDE, 0x22, 0xBC, 0x13, 0x84, 0xF7, 0x9D, 0x10, 0x24, 0xCC, 0x95, 0x5B, 0xE5, 0x5A,
    0x19, 0x2B, 0x67, 0x61, 0xFB, 0xB4, 0x1F, 0xC8, 0xAA, 0xA8, 0x55, 0x38, 0x20, 0x0E, 0x75, 0x1D,
    0x6B, 0x56, 0x9A, 0xAC, 0x98, 0x46, 0x51, 0xCB, 0x03, 0xEF, 0x4C, 0x92, 0x75, 0x72, 0x0B, 0x6D,
    0xDB, 0x4A, 0x23, 0xDC, 0x20, 0x1E, 0xDD, 0x4C, 0x0B, 0x55, 0x50, 0xE5, 0x36, 0x16, 0x91, 0x63,
    0xB4, 0x87, 0xE1, 0xA3, 0xF6, 0x14, 0x7C, 0xD0, 0x9E, 0x82, 0x73, 0x16, 0x41, 0xF0, 0x55, 0x26,
    0x7B, 0xEE, 0x29, 0x98, 0x69, 0xFC, 0xFD, 0xC7, 0x5F, 0x7B, 0xEE, 0x49, 0x74, 0xEC, 0x00, 0x59,
    0x66, 0x88, 0x85, 0x40, 0xB4, 0x2B, 0xD9, 0x84, 0x40, 0x6A, 0xFB, 0x7E, 0x8D, 0xB4, 0xDE, 0x0D,
    0x5B, 0x8F, 0x38, 0x6C, 0xC3, 0x87, 0x69, 0xD8, 0x54, 0xB8, 0x7C, 0x86, 0x7A, 0x8A, 0x28, 0x70,
    0x8C, 0x44, 0x15, 0x6A, 0x53, 0x85, 0xF4, 0xB6, 0x07, 0x90, 0x7A, 0x46, 0x4D, 0x96, 0x9D, 0xFC,
    0x6A, 0x2A, 0x11, 0x68, 0xD8, 0x34, 0x70, 0x92, 0xBC, 0x34, 0x60, 0xDA, 0x63, 0x06, 0x00, 0x67,
    0x18, 0xE1, 0x00, 0xBF, 0x45, 0xDB, 0xAA, 0x43, 0x66, 0x18, 0x4C, 0x3E, 0xDC, 0x1A, 0x78, 0x05,
    0xB6, 0x9E, 0x51, 0x06, 0x06, 0xA4, 0x0E, 0xD2, 0x8A, 0xD0, 0x80, 0x80, 0xA5, 0x93, 0x49, 0x73,
    0x93, 0x61, 0xD0, 0x00, 0x24, 0xAA, 0x11, 0x63, 0x48, 0x35, 0xFA, 0xEC, 0x10, 0x6F, 0xE9, 0xAB,
    0x48, 0x9B, 0x7A, 0x5F, 0x70, 0xFF, 0x7E, 0xCA, 0x23, 0x6E, 0x24, 0x8B, 0x22, 0x11, 0x7D, 0x55,
    0xE9, 0x00, 0x53, 0x0D, 0xC8, 0x7F, 0x1A, 0x86, 0x54, 0xB3, 0x7A, 0xC6, 0x2D, 0xED, 0xEC, 0xBC,
    0x29, 0x36, 0x97, 0x81, 0x90, 0xC7, 0xF7, 0xD8, 0x6A, 0xB4, 0xC0, 0x25, 0xB7, 0x00, 0x0B, 0x75,
    0x75, 0x17, 0x7D, 0xFD, 0x55, 0x6A, 0x65, 0x77, 0x44, 0xDF, 0x3E, 0xD2, 0x85, 0xFB, 0x5A, 0x4C,
    0x66, 0xCE, 0x63, 0xEB, 0x0B, 0xC6, 0x31, 0xF7, 0xF5, 0xAD, 0xAF, 0xDC, 0x37, 0xCC, 0xF5, 0x47,
    0x37, 0x29, 0xDF, 0x38, 0x1A, 0x17, 0x52, 0xD1, 0x6E, 0x34, 0xC6, 0xCD, 0x90, 0x5E, 0xA2, 0x22,
    0xC3, 0x1E, 0x4F, 0x70, 0xB7, 0x6E, 0xED, 0x71, 0x6E, 0xB4, 0x16, 0xF8, 0x0F, 0x0B, 0xED, 0x81,
    0x65, 0x04, 0x92, 0x01, 0xB2, 0x8F, 0x43, 0x41, 0xE8, 0x81, 0xD0, 0xE1, 0xFB, 0x53, 0x07, 0xA2,
    0x2F, 0xF7, 0xDD, 0x67, 0x92, 0xA2, 0xE1, 0x44, 0x2C, 0x66, 0x91, 0x3C, 0x2C, 0x22, 0x5B, 0x1F,
    0xCF, 0x49, 0x69, 0x95, 0x16, 0xA1, 0x75, 0x98, 0x44, 0x0E, 0x12, 0x7D, 0x66, 0xE9, 0x5A, 0x80,
    0xD1, 0xA8, 0x97, 0x01, 0x98, 0xA5, 0x0E, 0x88, 0x35, 0x2E, 0x9B, 0x95, 0x88, 0x07, 0x1E, 0x53,
    0x75, 0x50, 0xC5, 0xB2, 0xFB, 0x87, 0x2A, 0x44, 0x5F, 0xB1, 0xE8, 0x32, 0x89, 0x1D, 0x2B, 0xA9,
    0xF6, 0x7B, 0xED, 0x0E, 0x93, 0x75, 0x64, 0x02, 0x50, 0xDE, 0x9A, 0xD1, 0x82, 0xE4, 0x3F, 0x22,
    0xCA, 0xCC, 0x04, 0x4F, 0x7A, 0xB7, 0xBE, 0xAF, 0xA4, 0x0E, 0x40, 0x52, 0x02, 0xE9, 0x9B, 0xB8,
    0xAF, 0x4E, 0xD2, 0x97, 0x51, 0x1D, 0xF7, 0xAF, 0x04, 0xB4, 0xFB, 0xD9, 0x59, 0xDF, 0xFD, 0xCA,
    0x18, 0x33, 0x8D, 0xE5, 0xCA, 0xD8, 0x01, 0x59, 0x49, 0xDF, 0x2B, 0xE6, 0xE3, 0x9D, 0xDF, 0xB8,
    0xEF, 0xB8, 0x48, 0x5F, 0x06, 0x10, 0x7F, 0x6F, 0x5C, 0x75, 0x1C, 0x1B, 0x34, 0x8E, 0x63, 0x07,
    0x3C, 0x8A, 0xD2, 0x37, 0xCA, 0xB8, 0x51, 0xC6, 0x8D, 0xD2, 0x37, 0x7E, 0x76, 0xDF, 0x71, 0xB5,
    0x79, 0x45, 0xF4, 0x09, 0x16, 0x1A, 0x84, 0xF6, 0x6F, 0x58, 0xFA, 0xCD, 0xE6, 0x7E, 0x5B, 0xAF,
    0xF4, 0x5B, 0x34, 0xAC, 0x96, 0xCF, 0xD1, 0x6F, 0x23, 0x7F, 0xC9, 0xEE, 0xF9, 0x8B, 0x8D, 0x0C,
    0x22, 0xF1, 0x96, 0xD2, 0xCE, 0x2F, 0x88, 0x88, 0x7E, 0xD1, 0xEE, 0x53, 0x99, 0x1B, 0x80, 0x23,
    0x41, 0x16, 0xC0, 0x09, 0x66, 0x84, 0x1D, 0x16, 0x04, 0xB2, 0x91, 0x61, 0x9E, 0xC0, 0x2E, 0xD2,
    0x10, 0x00, 0x60, 0x02, 0xB0, 0x11, 0xA3, 0x08, 0x5A, 0x8F, 0x7A, 0x5D, 0x62, 0x8C, 0x1B, 0x43,
    0x3D, 0x0D, 0x2D, 0xF0, 0x2B, 0x00, 0x44, 0xC1, 0x7C, 0xF6, 0x57, 0x3E, 0xA6, 0x4F, 0x1B, 0xE4,
    0xFE, 0xE8, 0x4F, 0x22, 0x80, 0xF0, 0x9A, 0xCB, 0xFB, 0x90, 0xFB, 0xE0, 0x5F, 0x71, 0x06, 0x2D,
    0xD0, 0xF4, 0xE5, 0xCF, 0x80, 0xD4, 0x63, 0x01, 0x7A, 0x6C, 0x78, 0xED, 0x6A, 0xBE, 0x92, 0xF7,
    0xC7, 0xEB, 0x98, 0xFB, 0xE3, 0x55, 0xF9, 0x57, 0xDE, 0xCC, 0x2F, 0x18, 0x10, 0x36, 0x1E, 0x4B,
    0x2F, 0xE4, 0x8F, 0xFE, 0x9A, 0xF6, 0xC8, 0xC6, 0x8D, 0x4F, 0xE2, 0x9E, 0x5D, 0xB4, 0xC4, 0xC5,
    0xEE, 0x47, 0x04, 0xD9, 0x91, 0x75, 0xC3, 0x1C, 0x54, 0x67, 0xD2, 0x72, 0x3E, 0x14, 0x46, 0xFF,
    0x15, 0x03, 0x8B, 0x60, 0x63, 0xE4, 0x2B, 0x8C, 0x75, 0x6C, 0xA0, 0x2E, 0xBF, 0x40, 0x44, 0xD2,
    0x20, 0xC6, 0xD3, 0xE1, 0x29, 0xD1, 0x5E, 0x0C, 0x1C, 0x81, 0xD4, 0xE2, 0x94, 0x5F, 0x54, 0x21,
    0x48, 0x62, 0x50, 0x0E, 0x39, 0xE1, 0xDD, 0xD4, 0x7B, 0x99, 0x6E, 0x8E, 0x37, 0xC4, 0x9B, 0x5E,
    0x8B, 0xA4, 0x36, 0xC3, 0xDD, 0xC8, 0xCC, 0x0C, 0x1B, 0x18, 0xFE, 0x2B, 0x41, 0x16, 0x60, 0x62,
    0xBC, 0x1C, 0x18, 0xFD, 0x19, 0xAC, 0x9C, 0x6A, 0x69, 0xD8, 0x27, 0x32, 0x4E, 0x31, 0x82, 0x11,
    0xF8, 0x44, 0x3A, 0x20, 0xD1, 0xF8, 0x81, 0xE0, 0x97, 0x0C, 0x85, 0x13, 0xC1, 0x0D, 0x81, 0x62,
    0x64, 0xC6, 0x41, 0x62, 0xD0, 0x73, 0x02, 0xFA, 0x0A, 0x01, 0x27, 0x88, 0x8C, 0x4F, 0x12, 0x63,
    0xBE, 0x2C, 0xB8, 0x48, 0x34, 0xAC, 0xE7, 0x5F, 0x87, 0x3E, 0xEF, 0x29, 0x40, 0x1D, 0xE8, 0x2B,
    0xFD, 0xD2, 0xF7, 0xA9, 0x96, 0x2B, 0xF4, 0x33, 0x3E, 0x3F, 0x86, 0x1B, 0xD0, 0x6C, 0xC1, 0x6A,
    0x3E, 0x84, 0x4A, 0x36, 0xFC, 0x8D, 0xDA, 0xFC, 0x29, 0x0D, 0x1B, 0xE0, 0x04, 0xF3, 0xB0, 0x95,
    0x21, 0x0E, 0xDB, 0xD6, 0x33, 0xDE, 0x15, 0x58, 0xC5, 0x75, 0x1A, 0x61, 0xD8, 0xF6, 0xB9, 0xEE,
    0xDD, 0x3F, 0x3B, 0x0E, 0x7E, 0xC2, 0x30, 0xED, 0x4B, 0x65, 0xE7, 0x91, 0xDB, 0x62, 0x61, 0x16,
    0x2F, 0x01, 0x75, 0x09, 0xEA, 0xE5, 0x02, 0x7F, 0x5F, 0x59, 0xE0, 0x35, 0xB3, 0x20, 0x0F, 0xE1,
    0xC2, 0xDA, 0xDE, 0x54, 0x9E, 0xFE, 0x37, 0xCE, 0xDD, 0x4F, 0xEC, 0xDA, 0x6F, 0xE9, 0xDD, 0x7D,
    0x8A, 0x17, 0x87, 0x35, 0xBD, 0x3B, 0x46, 0x9B, 0xCC, 0x3C, 0xAE, 0x70, 0xFB, 0xC7, 0x85, 0x34,
    0x56, 0x02, 0x1C, 0xE1, 0x63, 0x6A, 0x65, 0x17, 0xFF, 0xAE, 0xDF, 0x54, 0xC1, 0xF1, 0x66, 0x70,
    0xFF, 0x57, 0x9B, 0xDD, 0x5F, 0x7A, 0x94, 0xFC, 0xDC, 0x3F, 0x8E, 0x35, 0x30, 0xAC, 0x97, 0x07,
    0x84, 0xF5, 0xE2, 0x88, 0xC9, 0x26, 0xB3, 0xD1, 0xB8, 0x18, 0x27, 0xFB, 0xAE, 0x7D, 0x80, 0xED,
    0xC9, 0xA7, 0xD5, 0x10, 0x41, 0xC4, 0x6F, 0x03, 0x66, 0x73, 0x4A, 0x3E, 0xD1, 0x76, 0x99, 0xB6,
    0x8B, 0x94, 0x2F, 0x93, 0x5D, 0x69, 0x9C, 0xD9, 0x2F, 0xC5, 0xA9, 0x2D, 0x42, 0x19, 0x16, 0x5E,
    0x60, 0xFE, 0xE4, 0x61, 0xB1, 0x98, 0x35, 0x9C, 0x3C, 0xD4, 0x0F, 0x8F, 0x7A, 0x70, 0xDF, 0x55,
    0xAD, 0xCF, 0xA9, 0x48, 0xFB, 0x32, 0xF1, 0xC0, 0x57, 0x7E, 0x40, 0x1B, 0x11, 0x37, 0xA2, 0x90,
    0xAD, 0x09, 0x77, 0xCD, 0x25, 0xC9, 0x23, 0x51, 0x9F, 0xFF, 0x1E, 0xA4, 0x66, 0x1A, 0x83, 0xEE,
    0x4A, 0xBF, 0x7C, 0x77, 0xC4, 0xDD, 0xF8, 0xAE, 0xB9, 0x14, 0xD3, 0xFA, 0x2E, 0xA5, 0xCB, 0xEB,
    0x4A, 0x97, 0x2F, 0xC7, 0x48, 0x17, 0x2F, 0xD6, 0xA3, 0x5A, 0x57, 0x5B, 0xEB, 0x75, 0xB5, 0x47,
    0xED, 0x5B, 0xFF, 0x0A, 0x79, 0x9C, 0xFD, 0xE5, 0xDD, 0xDB, 0x92, 0x4B, 0x5B, 0xC0, 0x51, 0x07,
    0xB4, 0xE7, 0x2E, 0x0A, 0xE9, 0x6A, 0x8E, 0x5D, 0x49, 0x72, 0x3F, 0xC9, 0x89, 0xE6, 0xFA, 0x6E,
    0xB7, 0xC0, 0x55, 0x06, 0xA1, 0x67, 0xDA, 0xD9, 0x46, 0xDA, 0x21, 0x98, 0x2C, 0x7F, 0x4E, 0xFA,
    0x82, 0x7A, 0x46, 0x92, 0x31, 0x5A, 0x88, 0x3C, 0xA5, 0x33, 0x5A, 0x60, 0xA9, 0xAD, 0xB9, 0x8E,
    0x82, 0xC9, 0xC8, 0x66, 0x09, 0x36, 0x8E, 0x33, 0xA2, 0x9F, 0x7D, 0x34, 0x11, 0x61, 0x4D, 0x72,
    0xFB, 0xE2, 0xA6, 0x12, 0x1F, 0x57, 0x7A, 0xA6, 0x5D, 0x74, 0x52, 0xAB, 0x49, 0x43, 0xD4, 0x71,
    0x04, 0x66, 0x13, 0xF7, 0xC0, 0xC4, 0x96, 0x1D, 0xAE, 0xED, 0x15, 0x69, 0x0F, 0xD9, 0x7D, 0x52,
    0x7C, 0x6C, 0x92, 0xAA, 0xD8, 0xCF, 0xCE, 0x33, 0xBA, 0x34, 0x2E, 0x2C, 0x0A, 0x36, 0xB3, 0x18,
    0x00, 0x2C, 0xF6, 0xDA, 0x03, 0x49, 0x55, 0x7D, 0xB7, 0xC0, 0xA9, 0x84, 0x4F, 0x8E, 0x10, 0x58,
    0x32, 0x79, 0x96, 0x4D, 0x37, 0x51, 0x04, 0x96, 0x9B, 0x5A, 0x64, 0x93, 0x97, 0x2F, 0x37, 0x94,
    0x61, 0xED, 0x25, 0xD5, 0x3E, 0xA2, 0x11, 0x75, 0x11, 0x91, 0xEB, 0xEC, 0xB1, 0x12, 0x8D, 0x2C,
    0xEE, 0xC9, 0xFB, 0xDC, 0xF3, 0x47, 0xDD, 0x4F, 0xA9, 0x43, 0xD6, 0xDC, 0x19, 0xF0, 0x88, 0x1A,
    0x00, 0x92, 0x59, 0x4D, 0x1E, 0x37, 0x3B, 0x8F, 0x9B, 0xDA, 0x64, 0x90, 0x61, 0x43, 0xA3, 0x3B,
    0xC7, 0x52, 0x89, 0x1B, 0x4C, 0xBF, 0xBF, 0xC3, 0xB4, 0xBD, 0xD0, 0xBC, 0x2C, 0x1C, 0xF1, 0x0A,
    0xB3, 0xCB, 0x8A, 0xD9, 0x66, 0x3F, 0x9D, 0x17, 0x54, 0xEE, 0x9A, 0xF4, 0xB9, 0x8A, 0xDE, 0xE4,
    0xB6, 0x00, 0xB1, 0xD9, 0x1A, 0x68, 0x0F, 0xC8, 0x5D, 0x1A, 0x4B, 0xED, 0x63, 0x56, 0x21, 0xD9,
    0x79, 0x90, 0x03, 0x1F, 0xAC, 0xF4, 0x42, 0x48, 0x5A, 0xC4, 0x45, 0x55, 0xCF, 0x4E, 0x0F, 0x45,
    0x5A, 0x9B, 0x5F, 0x6A, 0x4F, 0x9B, 0x76, 0xBE, 0x10, 0xE9, 0x96, 0xAA, 0x29, 0x91, 0xDC, 0x16,
    0x65, 0xE3, 0xDA, 0xF2, 0xEA, 0x6E, 0xA5, 0x5A, 0x9E, 0x13, 0x34, 0x03, 0x87, 0x54, 0xC5, 0xA0,
    0xDA, 0x79, 0x4B, 0xBF, 0x21, 0xC2, 0x99, 0x79, 0x61, 0xB9, 0x39, 0x9E, 0x70, 0xBF, 0x9D, 0xAF,
    0x1E, 0x65, 0x71, 0xE6, 0x40, 0x98, 0x48, 0x01, 0x85, 0x5D, 0xD7, 0xE4, 0x66, 0x67, 0xFC, 0x1C,
    0x3B, 0xDD, 0xE9, 0x0F, 0x9B, 0x9D, 0x1B, 0x8B, 0x9F, 0x9F, 0xD8, 0x99, 0xB9, 0xFB, 0x1F, 0xB6,
    0xD3, 0x04, 0x51, 0xBD, 0x08, 0xC7, 0x28, 0x54, 0x95, 0xC3, 0x2A, 0xDC, 0x27, 0x61, 0x9F, 0x0E,
    0xDE, 0x9E, 0xA8, 0xCF, 0x40, 0x6E, 0xF6, 0xB9, 0x4E, 0x18, 0x3B, 0xFC, 0xC7, 0xCE, 0xA7, 0x2E,
    0x73, 0xCF, 0xAD, 0xF6, 0xC9, 0xC2, 0xBE, 0xD0, 0xB8, 0x0A, 0x6D, 0x16, 0x26, 0x2B, 0xF5, 0xD1,
    0xC8, 0x35, 0xF9, 0x16, 0x5F, 0x4F, 0x5E, 0xFA, 0x92, 0x39, 0xFF, 0x7F, 0x0E, 0xEF, 0x14, 0x47,
    0xE7, 0x6F, 0xDF, 0x7E, 0xAB, 0x32, 0x34, 0x51, 0xDB, 0xA7, 0xBC, 0xFC, 0xF5, 0xE9, 0x79, 0xA7,
    0x52, 0x8F, 0x88, 0x24, 0x5E, 0x0E, 0x64, 0x95, 0x34, 0x0B, 0x54, 0x32, 0xD1, 0x7F, 0xC4, 0xEE,
    0xE2, 0x83, 0x09, 0xB8, 0x71, 0x26, 0x70, 0xE7, 0x64, 0xAD, 0xF2, 0x5A, 0x44, 0xA1, 0x1D, 0x6C,
    0xAC, 0xB3, 0xB1, 0xB3, 0xBF, 0x14, 0x3A, 0x20, 0xD8, 0x3E, 0xF4, 0x00, 0x99, 0x97, 0xC3, 0x1E,
    0x99, 0x46, 0x71, 0xFC, 0x85, 0x64, 0x86, 0xA7, 0xF4, 0x8C, 0xFF, 0x14, 0x31, 0xE7, 0x68, 0x17,
    0x3A, 0xF8, 0xE9, 0x0E, 0x73, 0xF3, 0xB9, 0x3D, 0x03, 0x34, 0x32, 0x36, 0xE2, 0x10, 0xFA, 0xFA,
    0x91, 0xB4, 0xD7, 0xDB, 0x28, 0x04, 0xD3, 0x4F, 0x35, 0x30, 0xCD, 0x08, 0x97, 0xFB, 0x7B, 0x11,
    0xC7, 0xA5, 0x0F, 0x11, 0x27, 0x78, 0xE9, 0xD7, 0xD1, 0x03, 0x1F, 0x22, 0x1A, 0xBC, 0x05, 0xCC,
    0x1A, 0x03, 0x64, 0x3F, 0xEE, 0x00, 0xEA, 0x13, 0xE9, 0xB5, 0xF9, 0x7B, 0xF9, 0x1D, 0x09, 0x9F,
    0xC1, 0xE7, 0x7F, 0x7C, 0xE0, 0xB0, 0x03, 0xDE, 0xFA, 0xA4, 0x54, 0x4B, 0xF2, 0x28, 0xDC, 0x4C,
    0x1A, 0x70, 0x61, 0xB1, 0x4B, 0x57, 0xAA, 0x25, 0x20, 0x02, 0xD3, 0x9D, 0xFD, 0x28, 0xF7, 0x5E,
    0x32, 0x0B, 0xE1, 0x04, 0x2A, 0x92, 0x2F, 0xFA, 0x3A, 0x5B, 0xCE, 0xBE, 0x0A, 0xD2, 0x59, 0x05,
    0x04, 0x05, 0xED, 0xB8, 0xA7, 0xCC, 0x2A, 0x70, 0x6C, 0xA2, 0x03, 0x6A, 0xA5, 0xA6, 0xB0, 0x7A,
    0xAD, 0x6F, 0xCB, 0x26, 0xCB, 0xFB, 0xF2, 0x6A, 0x51, 0xDF, 0x98, 0x01, 0x79, 0x67, 0xC6, 0x63,
    0xC8, 0x5B, 0x33, 0x1E, 0xC0, 0xA2, 0x28, 0xDC, 0x86, 0xC6, 0xAA, 0xD0, 0x41, 0xDE, 0x9D, 0xB7,
    0x0E, 0xF5, 0xA6, 0x7E, 0x45, 0xF2, 0xFC, 0xD9, 0xCF, 0xC6, 0x28, 0x55, 0x69, 0x00, 0x9C, 0x28,
    0x8D, 0x40, 0x10, 0x25, 0xB3, 0x8E, 0xCB, 0xDB, 0xAC, 0x64, 0xC3, 0x3E, 0xD6, 0x46, 0xEF, 0xFA,
    0x88, 0xE3, 0xF8, 0x4F, 0x84, 0x17, 0x11, 0xF1, 0x8B, 0x54, 0x08, 0x7B, 0x44, 0xDC, 0x2F, 0x98,
    0xA0, 0xAE, 0x45, 0xD4, 0xA2, 0xFA, 0x0F, 0x01, 0xFF, 0x6B, 0x40, 0x5D, 0xBF, 0x0D, 0x98, 0x63,
    0xE0, 0x12, 0xAE, 0x9E, 0x62, 0x74, 0xE4, 0xDF, 0xC8, 0xC3, 0x9A, 0xBF, 0x2E, 0x29, 0xE7, 0x99,
    0xAB, 0xAC, 0xE2, 0x15, 0x62, 0x13, 0xD0, 0x86, 0xDF, 0xE3, 0xCC, 0x20, 0x60, 0xAD, 0x4A, 0x17,
    0xCA, 0x54, 0xF5, 0x7F, 0x00, 0xDD, 0x5B, 0x3D, 0xAC, 0xE5, 0x46, 0x15, 0xFE, 0x7C, 0xBD, 0xBB,
    0x96, 0x9E, 0x05, 0x93, 0x22, 0x50, 0x24, 0x48, 0x6E, 0x49, 0x0A, 0xDC, 0xD0, 0x66, 0xC7, 0x0A,
    0xC5, 0x16, 0x29, 0xB2, 0x45, 0x68, 0xA8, 0x69, 0xA8, 0x92, 0x5E, 0x09, 0x36, 0x49, 0x41, 0x91,
    0x82, 0xED, 0x1B, 0x52, 0xA2, 0xA4, 0x48, 0x8F, 0x92, 0xB5, 0x81, 0x22, 0x25, 0x16, 0x14, 0x94,
    0x18, 0x29, 0x05, 0x4A, 0x8A, 0x4C, 0x84, 0x25, 0x4C, 0x18, 0xFB, 0x70, 0xBF, 0x33, 0x1A, 0x66,
    0xDF, 0xDD, 0xF7, 0xE0, 0x25, 0xFB, 0xF3, 0xEE, 0x7B, 0xF3, 0x9E, 0xBE, 0x91, 0xEC, 0xEB, 0xF1,
    0x99, 0xEF, 0x3B, 0xE7, 0xCC, 0xF1, 0x1F, 0x60, 0x1D, 0x00, 0xB4, 0x8A, 0x32, 0x2B, 0x7A, 0x00,
    0x99, 0x62, 0x2E, 0x9B, 0xA2, 0x00, 0x28, 0x15, 0xCD, 0x2A, 0xDD, 0x1E, 0x17, 0x19, 0x80, 0x7A,
    0xEE, 0x47, 0x0E, 0xD0, 0x4E, 0x1C, 0x80, 0x03, 0xF5, 0x93, 0x9D, 0x01, 0x19, 0xEB, 0x05, 0x99,
    0x0C, 0x95, 0xC7, 0x4E, 0x3A, 0xB3, 0x22, 0x97, 0xA6, 0xDC, 0x50, 0xC8, 0xBE, 0xA1, 0x24, 0x36,
    0x86, 0x38, 0x54, 0x8A, 0xB5, 0xE7, 0x21, 0x7A, 0xA0, 0xA3, 0x1D, 0xAD, 0x93, 0x3D, 0xDA, 0x05,
    0x67, 0x34, 0xD3, 0x11, 0xED, 0x74, 0x88, 0xBA, 0xFD, 0xF5, 0xAD, 0xE1, 0x49, 0x66, 0xD4, 0x22,
    0x2B, 0xEC, 0xF6, 0xA1, 0xC0, 0x34, 0x3B, 0x69, 0x6E, 0x00, 0xD2, 0x41, 0xE1, 0x75, 0x91, 0xA1,
    0xD4, 0x93, 0x12, 0xDA, 0xED, 0x7D, 0x19, 0x64, 0xC2, 0x1E, 0x06, 0x85, 0x6C, 0x0F, 0x63, 0x21,
    0x43, 0xFB, 0x55, 0x2F, 0x83, 0xE5, 0x4F, 0x8C, 0xAC, 0xED, 0x90, 0xF5, 0xA3, 0x1D, 0x90, 0xDA,
    0xCE, 0x91, 0x0F, 0x9F, 0x20, 0x6E, 0xC3, 0xF3, 0xEF, 0x11, 0xFB, 0x95, 0x1B, 0x94, 0xAF, 0x6C,
    0xB6, 0x00, 0x70, 0x57, 0x11, 0x2B, 0x21, 0x5F, 0x88, 0x65, 0xB0, 0x7B, 0xC0, 0x41, 0xB3, 0x4E,
    0x71, 0x26, 0xF6, 0x4B, 0xD0, 0x43, 0x51, 0xC7, 0x4C, 0x7A, 0x70, 0xA6, 0x0D, 0x50, 0x6E, 0xFD,
    0x00, 0x18, 0xDF, 0xEE, 0xB1, 0xF2, 0x24, 0xA3, 0x5E, 0x2C, 0xE9, 0x9B, 0x6B, 0xA5, 0xB2, 0x5A,
    0xA8, 0x8A, 0x51, 0x8A, 0xCD, 0x4A, 0x55, 0xCA, 0x0D, 0xB9, 0x74, 0x85, 0x20, 0x57, 0x25, 0x0A,
    0x62, 0x17, 0xF4, 0x50, 0x1C, 0x2B, 0x0F, 0xF4, 0xCE, 0x2E, 0x2A, 0xEA, 0x4C, 0x25, 0x7A, 0x07,
    0xD4, 0x1E, 0xB7, 0xFE, 0x0E, 0xA0, 0x16, 0x1A, 0x46, 0xF9, 0xDF, 0xAA, 0xF6, 0xF0, 0xAC, 0xCE,
    0xA0, 0x6E, 0x00, 0xDC, 0xA7, 0x81, 0xEA, 0x35, 0x0E, 0xA9, 0x3D, 0x31, 0x59, 0x7A, 0xCA, 0xD2,
    0x2A, 0x7F, 0xB5, 0x62, 0xA0, 0xF8, 0x63, 0xB2, 0xEA, 0x7E, 0x03, 0x5A, 0xAC, 0x1C, 0x6E, 0x54,
    0x61, 0xEB, 0x1B, 0x20, 0xF7, 0x76, 0xE4, 0x4E, 0x73, 0xDA, 0x3E, 0x52, 0x46, 0xB4, 0x5E, 0x71,
    0x45, 0x3C, 0x0A, 0x41, 0x41, 0xF2, 0x4C, 0x35, 0x3B, 0x65, 0x7E, 0x00, 0x8A, 0x8D, 0x7E, 0x5F,
    0xAE, 0xED, 0x44, 0xE6, 0xAD, 0x23, 0xF3, 0xF5, 0xCC, 0x78, 0x20, 0x75, 0xD6, 0x19, 0x4F, 0xEA,
    0xCC, 0x0A, 0xC8, 0x54, 0x0A, 0x99, 0xCF, 0x85, 0xCC, 0xE7, 0xD2, 0xE5, 0xCA, 0x73, 0xC0, 0x92,
    0x38, 0x19, 0xA2, 0xFE, 0xB8, 0x75, 0xB5, 0x27, 0xDB, 0x64, 0xBE, 0xF6, 0xED, 0x0C, 0x54, 0x6B,
    0x74, 0x94, 0xC8, 0x72, 0xBE, 0xBC, 0xC0, 0x18, 0x54, 0x1D, 0x1A, 0xA0, 0xED, 0x07, 0x64, 0x62,
    0x1C, 0x72, 0x5F, 0xA4, 0x78, 0x79, 0x1A, 0xA1, 0x90, 0xCF, 0x60, 0xF3, 0x48, 0x9C, 0xBF, 0x70,
    0x7D, 0x38, 0x57, 0x7B, 0x5A, 0x44, 0xCE, 0x4F, 0x9A, 0x63, 0xE0, 0x3C, 0xB6, 0xBE, 0x03, 0x59,
    0x99, 0xC8, 0xD3, 0xEF, 0x1D, 0x62, 0xC0, 0xA9, 0x8F, 0x98, 0xC9, 0x2A, 0xB7, 0xDF, 0x89, 0x59,
    0x28, 0xDB, 0x68, 0x73, 0xE1, 0x2D, 0x77, 0xBA, 0xEA, 0x21, 0x15, 0xE6, 0xA4, 0x42, 0xEB, 0x0F,
    0x55, 0x50, 0xCC, 0x1F, 0x52, 0xC1, 0xF8, 0xA4, 0x42, 0xBD, 0x68, 0x8A, 0x98, 0x29, 0xA7, 0x75,
    0x9A, 0x3A, 0x26, 0x55, 0x61, 0x2C, 0x95, 0xFF, 0x42, 0xB0, 0x23, 0xF9, 0x4D, 0xE0, 0xBF, 0x38,
    0x54, 0x41, 0x0F, 0x69, 0xE7, 0x53, 0x2A, 0x38, 0x55, 0x21, 0x5A, 0x38, 0x02, 0x10, 0xDA, 0xFD,
    0x86, 0xDA, 0x4A, 0xC8, 0x27, 0xE4, 0x8B, 0x19, 0x60, 0xD6, 0x93, 0xE6, 0x2C, 0x51, 0xB2, 0xBB,
    0xD9, 0x6B, 0x4F, 0x49, 0x94, 0x67, 0x70, 0x97, 0x44, 0xBD, 0x3D, 0x21, 0x52, 0xF4, 0x3B, 0x69,
    0x10, 0x5B, 0xD6, 0x10, 0x83, 0xEF, 0xDB, 0x07, 0x43, 0xA3, 0xED, 0x28, 0x4A, 0x7D, 0xE5, 0x42,
    0xE3, 0x06, 0x9E, 0xA1, 0xC2, 0x33, 0xCD, 0x70, 0xC8, 0xA7, 0x36, 0xF9, 0x65, 0x5C, 0xD9, 0x78,
    0xEC, 0x25, 0x8B, 0x52, 0x0D, 0x69, 0x25, 0x15, 0xDA, 0x94, 0xAF, 0x24, 0xB0, 0x9C, 0x99, 0x91,
    0xAA, 0xC9, 0x8E, 0x38, 0xDD, 0xAE, 0x51, 0x0D, 0xA4, 0x79, 0xD9, 0x78, 0xC4, 0x85, 0x9A, 0x12,
    0x6C, 0xF5, 0x84, 0xDC, 0x9B, 0x24, 0xC1, 0x71, 0xD4, 0x4A, 0xF8, 0x99, 0xA2, 0x47, 0x34, 0x1B,
    0xC5, 0x94, 0x26, 0x39, 0xE4, 0x6E, 0x8F, 0x53, 0xE9, 0xB4, 0xC6, 0x89, 0xE1, 0xA5, 0xEE, 0x1F,
    0x43, 0xE4, 0xDC, 0xA0, 0x69, 0xBF, 0x51, 0xD0, 0x2C, 0xB5, 0x66, 0xB2, 0x6A, 0x39, 0x1D, 0x34,
    0x9C, 0x24, 0x20, 0x43, 0x0C, 0x9A, 0xE6, 0xA1, 0xA0, 0x19, 0xCF, 0x0B, 0x1A, 0xEA, 0xC9, 0x18,
    0x7C, 0x51, 0x8D, 0x22, 0x68, 0x4A, 0x3E, 0x65, 0x7B, 0xEE, 0xE0, 0x91, 0x6F, 0x1F, 0x78, 0x64,
    0x94, 0x03, 0xBD, 0x4C, 0xC0, 0xF3, 0x5B, 0x73, 0x6A, 0x6E, 0x67, 0x88, 0xD5, 0xED, 0xA4, 0xC1,
    0x63, 0x11, 0x2B, 0x0A, 0xD1, 0x2A, 0xD6, 0x5D, 0xA0, 0xFF, 0x5A, 0x2A, 0xF1, 0x62, 0x83, 0x90,
    0x1D, 0x50, 0x8E, 0xCA, 0xFD, 0x91, 0x29, 0x11, 0x29, 0x9F, 0x53, 0xEA, 0xFF, 0xFE, 0x4B, 0x44,
    0xBC, 0x49, 0xD8, 0xCD, 0xC4, 0xFC, 0x38, 0xA3, 0xA4, 0xFC, 0x66, 0xDA, 0xD8, 0xA8, 0x8D, 0xB6,
    0x62, 0xA5, 0x40, 0x02, 0xE0, 0xC4, 0xA8, 0x56, 0x84, 0x36, 0xA6, 0x89, 0x6C, 0x3E, 0x22, 0xA9,
    0x9E, 0xC5, 0x3D, 0x52, 0xF6, 0xE7, 0x11, 0xC8, 0x3F, 0x57, 0xB2, 0xBA, 0xFB, 0x88, 0xED, 0xA4,
    0xDB, 0xBD, 0x07, 0x98, 0xB1, 0xB8, 0x06, 0x41, 0x73, 0x13, 0x3F, 0x05, 0xFA, 0x4F, 0x67, 0xE0,
    0x2B, 0x71, 0xD8, 0x4D, 0x75, 0x77, 0x54, 0x41, 0xF3, 0xF5, 0x83, 0x80, 0xE4, 0x44, 0x97, 0xB3,
    0xAB, 0xA2, 0x10, 0x7B, 0x45, 0x3D, 0x2A, 0xD3, 0x11, 0x76, 0x8A, 0xB9, 0xB4, 0x23, 0x19, 0xB7,
    0x8E, 0x8C, 0xD7, 0x8E, 0x03, 0x54, 0x33, 0x19, 0x37, 0x5E, 0xB9, 0x56, 0x2C, 0x57, 0xA0, 0x9F,
    0x4E, 0x73, 0xDD, 0xED, 0x24, 0x71, 0x5D, 0x3C, 0x54, 0x5F, 0x55, 0x0F, 0x73, 0x7D, 0xD0, 0x52,
    0xB8, 0x9B, 0xE5, 0x10, 0xF3, 0xE9, 0x18, 0xD8, 0xBF, 0xC0, 0x4A, 0xAF, 0xF3, 0x3E, 0x04, 0x1E,
    0x78, 0x3E, 0xEC, 0xDB, 0x21, 0x70, 0xC7, 0x05, 0xE0, 0xCC, 0xB3, 0x81, 0xED, 0x02, 0x96, 0xA2,
    0x24, 0x23, 0xBD, 0x2C, 0xF4, 0xA0, 0x0D, 0x46, 0x3E, 0x90, 0xA6, 0x5A, 0x20, 0x83, 0x75, 0xB0,
    0xA3, 0x1D, 0x61, 0xA7, 0xF6, 0xB3, 0xF7, 0x7B, 0xD7, 0x8A, 0xC8, 0x83, 0x30, 0xC6, 0x1A, 0xCC,
    0x3A, 0x7C, 0x9B, 0x32, 0xDA, 0x86, 0xC7, 0xAA, 0xF0, 0x1D, 0x48, 0x3B, 0x9E, 0x97, 0x7B, 0x78,
    0xB0, 0x69, 0x55, 0xBA, 0x25, 0x88, 0xDB, 0xF4, 0x1E, 0x8B, 0xBA, 0xA3, 0xFA, 0xDE, 0xC7, 0x86,
    0xD7, 0x18, 0x04, 0x58, 0x2A, 0xB6, 0xD2, 0xD2, 0xE5, 0x70, 0xE9, 0x3A, 0x06, 0x8A, 0xB3, 0xDF,
    0x2A, 0x7F, 0x03, 0x50, 0x0B, 0xD3, 0xD1, 0x9D, 0x3D, 0xDC, 0xCC, 0x95, 0xD4, 0x31, 0x96, 0x15,
    0x7D, 0x4C, 0xE4, 0xA9, 0x15, 0xE4, 0xA5, 0x97, 0x15, 0xE4, 0xAA, 0x29, 0xC9, 0x5A, 0xE5, 0x43,
    0x25, 0x5D, 0x11, 0xCC, 0xDC, 0x7E, 0xF5, 0xFE, 0x87, 0x0B, 0x79, 0x56, 0xF0, 0x01, 0x02, 0xD9,
    0x84, 0x19, 0x05, 0xAA, 0x15, 0xF5, 0x60, 0xE4, 0x33, 0x71, 0x1C, 0x65, 0x44, 0x2F, 0x1B, 0x50,
    0x72, 0xE4, 0xFB, 0x8C, 0x0F, 0xF9, 0x9B, 0x47, 0x29, 0xB2, 0xC0, 0xFC, 0x5B, 0x1C, 0xCC, 0xD0,
    0x76, 0xC7, 0x45, 0x5D, 0xDD, 0x78, 0x40, 0xBE, 0xF4, 0xD8, 0xD1, 0xC8, 0x7C, 0x13, 0x87, 0xDC,
    0xA5, 0x2C, 0x8B, 0xC7, 0xE3, 0x98, 0xDF, 0x02, 0x89, 0x4D, 0x8E, 0xD9, 0x9C, 0x72, 0x4C, 0x33,
    0xC5, 0xCA, 0xC8, 0x02, 0xC5, 0xFC, 0x02, 0x48, 0x6A, 0xF4, 0xC4, 0x76, 0xC0, 0x6E, 0xAD, 0x1C,
    0x8A, 0xB9, 0x5C, 0x8E, 0x8A, 0xBA, 0x78, 0xCD, 0x59, 0x38, 0x00, 0x66, 0x04, 0xB6, 0x93, 0x06,
    0xB9, 0x34, 0xD1, 0x13, 0xFF, 0xEA, 0x80, 0xF6, 0x1D, 0x66, 0xC7, 0xDD, 0x76, 0x71, 0xAF, 0x9B,
    0x2E, 0xE2, 0x75, 0x79, 0x53, 0xAD, 0xA8, 0xC6, 0x33, 0xBD, 0x0E, 0x99, 0x07, 0xE8, 0x7C, 0x91,
    0xCE, 0x93, 0xE6, 0xAA, 0xD0, 0x69, 0x63, 0x85, 0x1C, 0xE8, 0xDC, 0xDD, 0x3B, 0x06, 0x3A, 0x43,
    0xAB, 0xA7, 0x78, 0x39, 0xFF, 0xC6, 0x47, 0x31, 0x91, 0xE4, 0x64, 0x51, 0xEF, 0x04, 0xDD, 0x6C,
    0x60, 0x69, 0x69, 0xFF, 0x5F, 0x76, 0x97, 0xC2, 0x3F, 0x32, 0xBB, 0xCD, 0x01, 0x3C, 0x8E, 0x55,
    0x48, 0x45, 0xB7, 0x24, 0xF0, 0x7B, 0x75, 0xF0, 0x90, 0x30, 0x99, 0x2D, 0x77, 0xC8, 0xE5, 0xE5,
    0x7B, 0x28, 0x65, 0x04, 0xEA, 0x2F, 0x48, 0xF6, 0x27, 0x1E, 0x90, 0x9D, 0x00, 0xAF, 0xE1, 0xC7,
    0x4F, 0x96, 0x6C, 0x41, 0x38, 0xEF, 0x0D, 0xDC, 0x05, 0xFA, 0xD1, 0x61, 0x27, 0xCC, 0x43, 0x63,
    0x1F, 0xF3, 0x50, 0x76, 0x37, 0xDA, 0xAE, 0xAE, 0xAC, 0x64, 0x8B, 0x8D, 0x64, 0xCF, 0xC5, 0x91,
    0xB9, 0x72, 0x86, 0x1B, 0x40, 0x3D, 0xBF, 0x04, 0xB4, 0xE2, 0x81, 0xE5, 0xE0, 0xD6, 0xE7, 0x06,
    0x24, 0xCF, 0x3E, 0x45, 0xF6, 0xA6, 0x64, 0x3F, 0x1D, 0xCF, 0x4E, 0x77, 0x6B, 0xAC, 0x00, 0xC1,
    0x77, 0x37, 0xD2, 0xE9, 0x0F, 0x33, 0xC3, 0x55, 0xA9, 0xA0, 0x34, 0xF3, 0x15, 0x64, 0xD7, 0x90,
    0x5D, 0xFB, 0xC5, 0x08, 0xF4, 0xAF, 0x3A, 0x64, 0x5B, 0xEE, 0x49, 0xAC, 0xDE, 0x7F, 0x3A, 0x82,
    0x4A, 0x8B, 0x85, 0x56, 0x2D, 0x4D, 0x2F, 0xC3, 0x5B, 0x66, 0xE0, 0x43, 0x2C, 0xDB, 0x60, 0xC5,
    0x6E, 0x49, 0x85, 0x95, 0xF1, 0x8F, 0xF3, 0x7F, 0xB7, 0x35, 0x46, 0x46, 0x2B, 0xEE, 0x07, 0xB9,
    0xBB, 0x51, 0x4C, 0x4C, 0xB1, 0x6D, 0xAA, 0x85, 0x72, 0xF9, 0x86, 0xFF, 0x32, 0x7C, 0xFD, 0x3F,
    0x68, 0xBB, 0x0D, 0xE9, 0xF8, 0x77, 0x1B, 0x75, 0xD7, 0x4F, 0xE2, 0xC4, 0xF5, 0x7A, 0x65, 0x67,
    0xDD, 0x45, 0xFE, 0xE2, 0x9D, 0x48, 0x3B, 0xF1, 0xCF, 0x74, 0xC8, 0xFA, 0x7F, 0x01, 0xA8, 0xE9,
    0xDE, 0x10, 0x09, 0xBA, 0xAA, 0xB0, 0x63, 0x25, 0x5D, 0xB5, 0x61, 0x27, 0x83, 0xD5, 0x47, 0x91,
    0xD6, 0xC5, 0xDB, 0xA5, 0xB5, 0xEB, 0x47, 0xA0, 0x9A, 0x69, 0x91, 0x59, 0xFE, 0x37, 0x86, 0x5F,
    0x86, 0xA3, 0xC2, 0x08, 0x61, 0xB4, 0x30, 0x72, 0x38, 0x8B, 0x9E, 0x31, 0x9C, 0x3D, 0x5A, 0x42,
    0xAB, 0x0E, 0x5A, 0x39, 0x10, 0x6B, 0x77, 0x88, 0xDC, 0xAE, 0xBE, 0x93, 0xD1, 0x8B, 0x0A, 0x86,
    0x7B, 0x25, 0x1F, 0xC8, 0x68, 0x17, 0xF4, 0xAE, 0x75, 0xB0, 0x73, 0x3F, 0xA2, 0xA2, 0x39, 0xC6,
    0x9F, 0x05, 0xBA, 0x57, 0x7F, 0xA7, 0x47, 0xE8, 0xB1, 0x3A, 0x4A, 0x76, 0xA6, 0x57, 0x72, 0x05,
    0xDB, 0x49, 0x82, 0xB8, 0x0D, 0xF5, 0x44, 0xE4, 0x21, 0xA4, 0x10, 0x40, 0xE6, 0x2C, 0x00, 0x34,
    0x17, 0x7D, 0x82, 0x7C, 0xCC, 0x4A, 0x1C, 0x5C, 0x24, 0xD4, 0x17, 0xB9, 0x48, 0x78, 0x2A, 0xB2,
    0x3C, 0xA7, 0xF8, 0x73, 0xC4, 0x73, 0x9F, 0xFC, 0x62, 0x89, 0x29, 0x1C, 0xFD, 0x42, 0xCB, 0x83,
    0x22, 0x5E, 0x00, 0x26, 0xFD, 0x81, 0x42, 0xD5, 0xD3, 0xD5, 0x61, 0x3E, 0xD5, 0xC8, 0x00, 0xC3,
    0xD5, 0x3F, 0x07, 0xE4, 0x3A, 0x99, 0x50, 0xD9, 0x4D, 0x40, 0xFB, 0xCA, 0x0C, 0x48, 0xEE, 0x9F,
    0x2A, 0xF3, 0xB7, 0x14, 0x73, 0x47, 0xCC, 0x16, 0x32, 0xDF, 0x7D, 0x74, 0xDD, 0x98, 0xEF, 0x09,
    0xB6, 0x09, 0xC1, 0x9A, 0xF9, 0x5B, 0xDD, 0x51, 0x30, 0x8F, 0x9E, 0x90, 0xD3, 0x08, 0xEC, 0xFE,
    0x34, 0x82, 0x1D, 0x51, 0x33, 0xE1, 0xAD, 0xAE, 0x6E, 0x74, 0xB6, 0x00, 0xDA, 0x25, 0x65, 0xA4,
    0x55, 0xB4, 0x08, 0xB4, 0x03, 0x77, 0x56, 0x57, 0x4A, 0x05, 0x6D, 0xD5, 0x1C, 0x1F, 0x74, 0xFF,
    0xF0, 0xAD, 0x98, 0x72, 0xF3, 0x19, 0x99, 0x2F, 0x47, 0xE4, 0xB2, 0x57, 0xC6, 0x48, 0xC7, 0x72,
    0x90, 0xA2, 0xBC, 0xAB, 0xA2, 0xA4, 0xAA, 0x25, 0x89, 0xE2, 0x93, 0x28, 0xC3, 0x23, 0x88, 0x32,
    0x44, 0x51, 0x7C, 0x14, 0xE5, 0x99, 0xAC, 0xA1, 0x24, 0x77, 0x06, 0xA0, 0x14, 0x5A, 0x62, 0x5E,
    0xDE, 0x92, 0xF1, 0x37, 0x9B, 0xB4, 0x40, 0xB4, 0x33, 0x51, 0x7C, 0x12, 0x65, 0x6E, 0xBB, 0xF8,
    0x70, 0xF3, 0xCA, 0x2C, 0x07, 0x78, 0x16, 0xA8, 0xE7, 0x37, 0x81, 0x56, 0x66, 0x60, 0x3E, 0x1D,
    0xD6, 0x99, 0x4E, 0x4E, 0x80, 0xF3, 0x45, 0x79, 0x2A, 0x91, 0x72, 0xAB, 0x49, 0x55, 0x42, 0x9B,
    0x32, 0x52, 0xE1, 0xFB, 0x06, 0x30, 0x8E, 0xB1, 0xF0, 0xDC, 0xBD, 0x93, 0xD3, 0xCB, 0xFB, 0x35,
    0xA9, 0x87, 0xB0, 0x46, 0x09, 0x4A, 0x19, 0xA2, 0x04, 0xBF, 0x3C, 0x90, 0xE0, 0x38, 0xEA, 0x26,
    0xB4, 0x03, 0x11, 0xD2, 0x20, 0xEE, 0x00, 0x68, 0xA5, 0xC6, 0x06, 0x11, 0xC6, 0xE1, 0xBC, 0xA6,
    0xC4, 0x48, 0x60, 0x49, 0x48, 0x99, 0x87, 0x90, 0x3F, 0x81, 0x94, 0x24, 0xF3, 0xED, 0x55, 0x99,
    0xFD, 0x8B, 0x57, 0x9A, 0x65, 0x56, 0xCE, 0x65, 0x54, 0x01, 0x36, 0xA8, 0x1A, 0x0B, 0x54, 0x9A,
    0x0B, 0x75, 0x41, 0x3E, 0x04, 0xFD, 0x10, 0x04, 0x44, 0x50, 0x10, 0x41, 0x42, 0xA8, 0x86, 0x0D,
    0x82, 0x88, 0x51, 0xC5, 0x60, 0x60, 0xD2, 0xB1, 0xF4, 0x44, 0x33, 0xA7, 0xBC, 0x60, 0x07, 0x62,
    0xDF, 0x10, 0x37, 0x1C, 0x34, 0x92, 0x29, 0xCA, 0xAB, 0x28, 0xC5, 0xA2, 0x6C, 0x0B, 0x89, 0xFF,
    0x72, 0xA3, 0x06, 0xFF, 0x54, 0x39, 0x44, 0xD5, 0x92, 0x49, 0xB1, 0x21, 0x7A, 0x3C, 0x88, 0x2A,
    0x19, 0x54, 0x33, 0xA8, 0x68, 0xD0, 0x71, 0x82, 0xF8, 0xC1, 0x0F, 0xA2, 0x70, 0x66, 0x4E, 0x76,
    0x32, 0x53, 0x41, 0x9B, 0xA4, 0x17, 0x99, 0xD4, 0xE4, 0x6B, 0x26, 0x8B, 0x34, 0xC9, 0x1F, 0xEB,
    0x31, 0x79, 0x5E, 0xB1, 0x10, 0x77, 0xFE, 0xD2, 0x65, 0x89, 0xCE, 0x02, 0xDD, 0xC4, 0xC9, 0x20,
    0x5D, 0x68, 0xA0, 0x09, 0x1D, 0x56, 0xC5, 0x7C, 0x41, 0xBA, 0xD8, 0x80, 0x19, 0xAE, 0x8B, 0x48,
    0x7A, 0x29, 0xC2, 0xB4, 0xA6, 0x7B, 0x1C, 0xF1, 0x0E, 0x31, 0x5C, 0x8E, 0xA0, 0x1C, 0xD3, 0xCB,
    0x10, 0x3D, 0x01, 0xC7, 0x20, 0xDB, 0x5D, 0x3E, 0x55, 0x46, 0xB1, 0xA9, 0x8D, 0x46, 0x3E, 0x71,
    0x69, 0x5A, 0xF6, 0x15, 0xE9, 0xD8, 0x65, 0xF7, 0xAF, 0x8B, 0x42, 0x75, 0x67, 0x01, 0xC8, 0xD2,
    0x02, 0x3B, 0xFD, 0x59, 0xBE, 0x89, 0xDF, 0xA3, 0xAB, 0xA6, 0x4B, 0x57, 0xE2, 0x4A, 0x32, 0x7A,
    0xF6, 0xD2, 0xCF, 0x11, 0x0F, 0x3B, 0xEE, 0xBB, 0x1C, 0x62, 0x0F, 0x17, 0x7B, 0x6A, 0x7F, 0x88,
    0xBA, 0x5D, 0x06, 0xE4, 0xF2, 0x44, 0xA0, 0x1F, 0x51, 0x6C, 0xFD, 0x84, 0x72, 0xB3, 0x33, 0x2A,
    0x6F, 0x37, 0xF4, 0x8B, 0x11, 0x11, 0x57, 0x88, 0xCA, 0x2D, 0x42, 0x63, 0x4F, 0xFB, 0xE0, 0x6D,
    0x82, 0x74, 0x09, 0xC2, 0x36, 0x7D, 0x80, 0xFE, 0x28, 0xD0, 0x0F, 0x3B, 0x19, 0xDA, 0xA9, 0x94,
    0xC1, 0x6E, 0xBD, 0x0C, 0xB5, 0x6C, 0xFD, 0x50, 0xCA, 0xD2, 0x0F, 0x99, 0xDC, 0x6B, 0xC7, 0x8B,
    0x14, 0x46, 0xD9, 0xA6, 0x69, 0x6E, 0x0C, 0x59, 0x0E, 0xE6, 0x9D, 0x3D, 0x64, 0xE1, 0x96, 0x4B,
    0x7A, 0xE4, 0xD7, 0x10, 0x10, 0xDB, 0x71, 0xB0, 0xAB, 0x8F, 0xB9, 0xE9, 0xD2, 0x68, 0xF5, 0x6B,
    0x03, 0xB3, 0x87, 0x1B, 0xFF, 0xE7, 0x49, 0xF8, 0x53, 0x60, 0x3C, 0xDF, 0x52, 0x45, 0xA3, 0xF5,
    0x4D, 0x5A, 0x4E, 0x63, 0x25, 0xD3, 0x37, 0x38, 0xA7, 0x29, 0x03, 0xB9, 0x3F, 0xBF, 0x2B, 0x17,
    0xED, 0x8C, 0xD3, 0xCE, 0x4E, 0xDA, 0x49, 0xA7, 0xDD, 0x0A, 0xED, 0xA6, 0xD0, 0xE1, 0xEB, 0x77,
    0x4A, 0x3D, 0xA0, 0xE4, 0x03, 0x4A, 0x3F, 0x40, 0x01, 0x3C, 0xA0, 0x12, 0x00, 0x41, 0x04, 0x04,
    0x19, 0x28, 0xC4, 0xA7, 0x0F, 0xBE, 0x31, 0xE3, 0x88, 0x76, 0x24, 0xF6, 0x03, 0x51, 0x08, 0xBB,
    0xF5, 0xE1, 0x59, 0x5A, 0x27, 0x67, 0xE3, 0x97, 0x1B, 0xF1, 0x1F, 0x9E, 0x28, 0x8B, 0xA2, 0x53,
    0x1C, 0x88, 0x2B, 0x88, 0x2E, 0x61, 0xEB, 0x78, 0x26, 0x71, 0x68, 0x5D, 0x2E, 0x4E, 0xDF, 0x5E,
    0x71, 0x4C, 0x6A, 0xAD, 0x43, 0x29, 0xAB, 0x75, 0xC8, 0xFA, 0xB1, 0x76, 0x7A, 0xCA, 0x68, 0x5B,
    0x34, 0x14, 0x28, 0x97, 0x74, 0x11, 0xA0, 0x81, 0x70, 0xAD, 0x64, 0x89, 0xC9, 0x50, 0x3A, 0xA4,
    0x6A, 0x73, 0x42, 0xAA, 0x36, 0xFD, 0xE5, 0xCB, 0x42, 0xCE, 0x63, 0xFA, 0x89, 0x65, 0x56, 0x48,
    0x41, 0x31, 0x09, 0x85, 0x34, 0x14, 0x13, 0x91, 0xC6, 0xB6, 0x76, 0xD7, 0x45, 0x24, 0xE6, 0xA8,
    0x98, 0xC7, 0x42, 0x22, 0xD3, 0x4C, 0xA6, 0xA9, 0x2C, 0xCD, 0x77, 0x4D, 0xBF, 0xCC, 0xDD, 0xE5,
    0xCA, 0xB6, 0x47, 0xDC, 0x6A, 0x5E, 0x04, 0xE2, 0xED, 0x3F, 0xB4, 0xBE, 0x65, 0xD7, 0xCB, 0xAA,
    0xA6, 0xB6, 0x9E, 0x9D, 0x2F, 0xA6, 0xEB, 0xA2, 0x50, 0xDD, 0x78, 0x84, 0xF7, 0x6F, 0xC2, 0x0B,
    0x38, 0xE1, 0x0D, 0x1C, 0x7D, 0x05, 0xE7, 0x92, 0x95, 0xB8, 0xA2, 0x8C, 0x1E, 0xB6, 0xDB, 0x48,
    0x89, 0xEA, 0xB0, 0xBB, 0x7D, 0x49, 0x99, 0xE9, 0xC2, 0x75, 0x26, 0xCC, 0x92, 0xB2, 0xE9, 0x6E,
    0x23, 0x42, 0x14, 0xDB, 0x26, 0x7D, 0x7B, 0x98, 0x9A, 0x56, 0xE5, 0xFA, 0x1A, 0xAD, 0x4C, 0x46,
    0x4B, 0xF3, 0x52, 0xA0, 0x9F, 0xDA, 0x34, 0xE1, 0x5B, 0x28, 0xB3, 0x01, 0xFA, 0x91, 0x65, 0xFC,
    0xBC, 0x72, 0xD6, 0x0F, 0x9E, 0x3C, 0x79, 0x34, 0x9C, 0x2C, 0x15, 0x54, 0x1B, 0xB6, 0xF4, 0xF5,
    0x67, 0xBF, 0x10, 0xAD, 0x7B, 0x44, 0x94, 0x26, 0x2E, 0xDD, 0x76, 0x8C, 0x0B, 0x45, 0xB9, 0xA4,
    0x35, 0x52, 0x1B, 0x15, 0xD7, 0xC7, 0xC0, 0x7B, 0xA8, 0x67, 0xF4, 0xA3, 0x5E, 0xAA, 0x18, 0x0F,
    0xE9, 0x8A, 0x35, 0x93, 0x26, 0xDF, 0x72, 0x4E, 0x24, 0xDF, 0x90, 0xC9, 0x1D, 0xCE, 0xF3, 0x5D,
    0xCE, 0xE5, 0x8F, 0x9C, 0x0A, 0x5F, 0xA3, 0xA8, 0x65, 0x02, 0x8C, 0x8C, 0x84, 0x01, 0x28, 0x28,
    0x74, 0x2E, 0x08, 0x80, 0x62, 0x8D, 0xE5, 0x44, 0xBD, 0x00, 0x4D, 0xEF, 0x00, 0x91, 0x91, 0xD0,
    0x00, 0xC2, 0x9D, 0x3F, 0x69, 0x8E, 0x9B, 0xC5, 0x33, 0x9B, 0x19, 0x88, 0x76, 0x42, 0xFA, 0xE5,
    0x14, 0xB7, 0xF7, 0x63, 0x60, 0xB3, 0xA5, 0xE3, 0xF5, 0x03, 0xD9, 0xEC, 0x8C, 0xCF, 0xA4, 0x29,
    0xFC, 0x4E, 0xB0, 0x67, 0x93, 0xF3, 0x2B, 0x3C, 0x32, 0x79, 0x85, 0xF3, 0xFD, 0xD5, 0x4C, 0x36,
    0xF5, 0x7A, 0x51, 0xD9, 0x0C, 0x44, 0x12, 0x3A, 0xB2, 0xD9, 0x44, 0x36, 0xB7, 0xE0, 0x95, 0x91,
    0xCD, 0x59, 0xD9, 0xBC, 0x0D, 0x91, 0x41, 0x3A, 0x91, 0x66, 0x0F, 0x54, 0x6C, 0xCF, 0xE6, 0xED,
    0x8B, 0x7E, 0x97, 0x3C, 0x9F, 0xFF, 0x54, 0x99, 0x7A, 0xB4, 0x0B, 0xF5, 0xE8, 0x5D, 0xA0, 0xBE,
    0x54, 0x19, 0x82, 0x24, 0x94, 0x67, 0x53, 0xA9, 0x54, 0x0F, 0x2A, 0x6B, 0xC3, 0x4B, 0xE9, 0x6B,
    0xAB, 0xE6, 0x07, 0x3D, 0xA4, 0x79, 0x42, 0x7A, 0xDC, 0x8F, 0x35, 0x46, 0x25, 0x3C, 0xE9, 0x8F,
    0xE2, 0x53, 0x65, 0x98, 0x31, 0x2E, 0xB1, 0xF7, 0x1F, 0xBA, 0x85, 0x43, 0xFF, 0x9E, 0xEB, 0x79,
    0xDF, 0x9B, 0x05, 0x2D, 0x4D, 0xEF, 0x87, 0x82, 0xF9, 0x24, 0xDF, 0xC0, 0x29, 0x65, 0x82, 0x4C,
    0x5E, 0x16, 0x40, 0xFE, 0xB0, 0x86, 0x97, 0x83, 0x60, 0x3F, 0x5F, 0xA8, 0xC8, 0x1C, 0x4E, 0x04,
    0x43, 0x4F, 0x2F, 0x74, 0x6E, 0x84, 0x9D, 0xCE, 0xEF, 0x0C, 0x4F, 0x6F, 0xC3, 0x9B, 0xD9, 0x04,
    0xBA, 0x03, 0x09, 0xF8, 0xEE, 0x5D, 0x50, 0x8A, 0xD9, 0xA8, 0xB0, 0xD5, 0x1E, 0x6B, 0x91, 0x8E,
    0x11, 0x24, 0xD8, 0xE3, 0x6E, 0xC1, 0xA9, 0xD6, 0xCF, 0x80, 0x38, 0x4B, 0x1F, 0x19, 0xAB, 0x95,
    0xA7, 0x33, 0x42, 0x5F, 0xD8, 0xFF, 0x07, 0x1D, 0xC2, 0x07, 0xDE, 0xB5, 0x46, 0x4D, 0xF8, 0xFC,
    0xBB, 0x9F, 0x34, 0x1C, 0x38, 0xFE, 0x16, 0x3C, 0x47, 0x2D, 0x7B, 0xFC, 0xF4, 0x5F, 0xE0, 0xF5,
    0xD5, 0x7E, 0x44, 0x3B, 0x69, 0x7E, 0xAE, 0x09, 0xD5, 0x9C, 0x31, 0x02, 0x76, 0x82, 0xD2, 0xE7,
    0x82, 0x7C, 0xCD, 0x57, 0xEC, 0xA4, 0xE4, 0xEC, 0x98, 0x6C, 0xE5, 0x55, 0xF2, 0xF5, 0x6B, 0x8D,
    0x80, 0x89, 0xA0, 0xC2, 0xC6, 0x08, 0x28, 0x75, 0x1A, 0x0A, 0x2B, 0x62, 0x04, 0x2C, 0x29, 0x02,
    0xC0, 0x08, 0x88, 0xF9, 0x64, 0x89, 0xF9, 0xE4, 0x3F, 0xB5, 0x51, 0x21, 0x8C, 0xDD, 0x38, 0x14,
    0x9C, 0x24, 0x20, 0x20, 0xC0, 0x47, 0x17, 0x85, 0xA3, 0x70, 0xF4, 0x7C, 0xC7, 0xE9, 0x71, 0x7E,
    0x1C, 0x9E, 0xE4, 0xA8, 0xE5, 0x9C, 0x16, 0x14, 0x54, 0xBF, 0x1C, 0xDB, 0x55, 0xB9, 0x94, 0x72,
    0x62, 0x95, 0x96, 0x18, 0x04, 0x58, 0xAD, 0x93, 0xE9, 0x73, 0xF2, 0xBF, 0xFE, 0x6A, 0xB5, 0xDB,
    0x82, 0x55, 0x9F, 0xAC, 0xC9, 0xCC, 0xBC, 0xF9, 0xE3, 0x7C, 0xE5, 0x72, 0xF9, 0x40, 0x96, 0xF3,
    0x5C, 0x74, 0x54, 0x29, 0xBB, 0xC1, 0xCB, 0x9E, 0xCE, 0x3B, 0x9E, 0x93, 0x9E, 0x3E, 0x7F, 0xB7,
    0x87, 0x6D, 0x53, 0x5F, 0x4C, 0x92, 0x45, 0x82, 0xB7, 0x8C, 0xCC, 0x2C, 0x2C, 0x6E, 0x1D, 0x97,
    0x7E, 0x1D, 0x37, 0xA1, 0x70, 0xE2, 0xC0, 0x66, 0xEF, 0x4A, 0x9F, 0x6B, 0xCA, 0xD8, 0x06, 0x2F,
    0x6F, 0x60, 0xF1, 0x17, 0xDA, 0x84, 0xFF, 0xD1, 0x97, 0x86, 0x30, 0xA9, 0x2B, 0x90, 0x65, 0x58,
    0x21, 0xC1, 0x24, 0x78, 0x3B, 0x2D, 0x60, 0x94, 0x0C, 0x66, 0xD9, 0xC1, 0x22, 0x3C, 0xC1, 0x69,
    0x21, 0xEA, 0x8D, 0x5A, 0xDD, 0x28, 0xDB, 0x7A, 0x5A, 0xA1, 0x61, 0x38, 0xA0, 0x5E, 0x13, 0x06,
    0xB6, 0x0C, 0xCD, 0x0E, 0x37, 0x6B, 0x25, 0xD1, 0x67, 0xE5, 0xD7, 0x7A, 0xB3, 0xC2, 0xD8, 0x6E,
    0x41, 0xBD, 0xFE, 0xF5, 0x05, 0xE8, 0x88, 0x97, 0xE1, 0xBF, 0x8F, 0xBC, 0xBC, 0xF7, 0x24, 0xF3,
    0x1D, 0x8E, 0xC5, 0x1F, 0x83, 0xD7, 0xBF, 0xC1, 0x93, 0xF0, 0x51, 0xF0, 0xEB, 0x5F, 0xB4, 0x3B,
    0x46, 0x2E, 0xC2, 0xE4, 0x99, 0xC9, 0x72, 0x1E, 0xE5, 0xEA, 0xA8, 0xAF, 0xDB, 0x69, 0x6E, 0xB3,
    0x82, 0x8F, 0xC3, 0x0E, 0x1F, 0x99, 0x0C, 0xC1, 0x74, 0x7D, 0x5C, 0xCD, 0x6B, 0x04, 0x7E, 0x01,
    0xC6, 0x82, 0x63, 0x7A, 0x6E, 0x80, 0xA4, 0x53, 0x8C, 0x24, 0x34, 0x77, 0x0A, 0xF9, 0xCE, 0x00,
    0x3D, 0xC7, 0xF8, 0xC5, 0x2F, 0x1D, 0xED, 0x29, 0x18, 0x5C, 0xEC, 0x89, 0x9B, 0x90, 0x68, 0xCA,
    0x23, 0x31, 0xE5, 0x47, 0xE2, 0xD6, 0x0C, 0x1F, 0xDC, 0xC2, 0xE5, 0x2A, 0x5C, 0xE4, 0x27, 0x86,
    0x07, 0x65, 0xFF, 0x02, 0x42, 0xBE, 0x65, 0xCB, 0x88, 0x41, 0xF7, 0x86, 0x1C, 0x76, 0xC3, 0xA2,
    0x6E, 0x46, 0xCB, 0x3C, 0x16, 0xE1, 0x0E, 0xCF, 0x0D, 0x78, 0xB0, 0xB2, 0xBA, 0xAF, 0xB4, 0xFC,
    0xCC, 0xA3, 0x30, 0xF9, 0xC0, 0x37, 0x6C, 0x68, 0x8F, 0xAB, 0x18, 0xAA, 0xCF, 0x19, 0xE8, 0x38,
    0xDF, 0x45, 0x4F, 0xDC, 0x85, 0xD9, 0x1E, 0x89, 0xA9, 0xE0, 0x5E, 0xE0, 0x12, 0xDC, 0x17, 0xFE,
    0xCD, 0x7F, 0x08, 0x80, 0x11, 0xF2, 0x83, 0xE0, 0xB7, 0x1D, 0x68, 0x18, 0x30, 0x72, 0x83, 0x63,
    0xD1, 0x66, 0x8D, 0x0E, 0x5C, 0xD5, 0x48, 0x50, 0x02, 0xC0, 0xCF, 0x68, 0xD5, 0xEC, 0x69, 0x55,
    0x9A, 0x1D, 0xA6, 0x60, 0x2C, 0x98, 0x56, 0x48, 0x82, 0x44, 0xB8, 0xA0, 0x2B, 0xB3, 0xEB, 0x3F,
    0x2A, 0x66, 0x1B, 0xB3, 0x29, 0xD3, 0x3A, 0xAE, 0x92, 0xA6, 0x24, 0x51, 0xA2, 0x0B, 0x12, 0xFC,
    0xEC, 0x02, 0x2D, 0xA6, 0x5C, 0xDF, 0x80, 0xA1, 0xD3, 0x9E, 0xBD, 0x36, 0x48, 0x82, 0x8F, 0x8A,
    0x95, 0xAB, 0xA3, 0xBE, 0x6E, 0x35, 0xA3, 0x49, 0x17, 0x6B, 0xBF, 0xD9, 0xD4, 0x44, 0xC3, 0xE3,
    0x63, 0xCA, 0xAA, 0x39, 0x45, 0xE5, 0xEA, 0xA8, 0xAF, 0x5B, 0xCD, 0x68, 0x52, 0x67, 0x48, 0x0A,
    0xA6, 0x52, 0x09, 0x0A, 0x6E, 0x56, 0x20, 0x80, 0x66, 0x57, 0xE8, 0x8A, 0x42, 0x9F, 0x6B, 0xA2,
    0xC6, 0xC6, 0x67, 0x62, 0xDB, 0x2D, 0x36, 0xAC, 0xB7, 0xD8, 0xB4, 0xDC, 0x62, 0xDE, 0x5E, 0x63,
    0xED, 0x73, 0xB1, 0x9A, 0x90, 0xB9, 0xC6, 0xA0, 0xF3, 0x13, 0xE5, 0x53, 0x31, 0x6E, 0x14, 0x41,
    0x10, 0xAC, 0xDD, 0x95, 0xB5, 0xC1, 0x4A, 0x6C, 0x44, 0x88, 0xF6, 0x05, 0xE8, 0x9E, 0x30, 0xF3,
    0x04, 0x92, 0x8B, 0x78, 0x04, 0x4F, 0x98, 0x7D, 0x14, 0xF9, 0x74, 0x46, 0x3A, 0x48, 0x20, 0x42,
    0x06, 0x09, 0x1C, 0x6F, 0x60, 0x1D, 0x67, 0xEB, 0xCE, 0x45, 0x97, 0x7C, 0x6B, 0x9F, 0x25, 0x1B,
    0x59, 0x22, 0x44, 0x33, 0x15, 0x5C, 0xBB, 0x6A, 0xBA, 0xDB, 0x5B, 0x85, 0x5C, 0xD1, 0xF3, 0x88,
    0x91, 0x44, 0xB8, 0xA1, 0xA5, 0x9A, 0x2D, 0x5B, 0xA8, 0xB4, 0xB0, 0x3C, 0x05, 0xFD, 0xCD, 0x39,
    0x45, 0x5C, 0x69, 0xA4, 0xD5, 0x1B, 0x68, 0x69, 0xE8, 0x1C, 0xA3, 0x63, 0x72, 0x04, 0x47, 0xA6,
    0x35, 0x47, 0x5A, 0x77, 0xA0, 0x0D, 0xAE, 0x9E, 0xF4, 0xAA, 0xD1, 0x72, 0xA4, 0x91, 0x3C, 0xAC,
    0xD8, 0x6E, 0xF9, 0x05, 0xA0, 0x09, 0x13, 0x59, 0x84, 0x8D, 0xF0, 0x6B, 0x1B, 0x37, 0x5E, 0x0D,
    0xDF, 0xAF, 0x10, 0x48, 0xC1, 0xC2, 0x8E, 0x25, 0xF8, 0x94, 0x5E, 0x5D, 0x4E, 0xA8, 0x6F, 0x7D,
    0x80, 0x70, 0x49, 0xCB, 0xE4, 0xBC, 0xE1, 0x2D, 0x1A, 0xCD, 0x83, 0x0F, 0x11, 0x03, 0x23, 0x12,
    0xE7, 0x96, 0xD7, 0xE8, 0x19, 0x31, 0x1E, 0x23, 0x02, 0x8F, 0x5E, 0x62, 0xCC, 0xA4, 0xB1, 0xFA,
    0x39, 0xDB, 0x35, 0x97, 0x54, 0x7D, 0x2F, 0xF5, 0x9E, 0x07, 0x7F, 0x07, 0xF9, 0x27, 0x48, 0xDA,
    0x0A, 0x9F, 0x13, 0x68, 0xBD, 0xDE, 0x1F, 0x80, 0xF1, 0x0A, 0xD8, 0xA8, 0x7D, 0x05, 0x92, 0x46,
    0x17, 0x66, 0x34, 0x8E, 0x96, 0xD1, 0x01, 0x08, 0xDD, 0x09, 0x2D, 0x2B, 0xA6, 0xB5, 0xF7, 0x8E,
    0xA6, 0x93, 0x3F, 0xD3, 0x02, 0x19, 0x07, 0xAF, 0x4F, 0xA7, 0xFF, 0x7F, 0xB6, 0x54, 0x1E, 0x66,
    0x4A, 0x35, 0xF9, 0x3C, 0xE1, 0x34, 0x8F, 0xEF, 0xE5, 0x28, 0x18, 0x9D, 0x2F, 0x5D, 0x72, 0x3E,
    0x1F, 0xF3, 0x97, 0xB4, 0x63, 0x0D, 0x64, 0x1D, 0xC9, 0xD2, 0x64, 0x1A, 0x06, 0x6A, 0x69, 0xF4,
    0x3C, 0x60, 0xE2, 0xE2, 0xDA, 0x19, 0x1A, 0xFD, 0x02, 0x9A, 0x49, 0x9B, 0x8C, 0x7B, 0xED, 0x11,
    0x16, 0xA4, 0x0A, 0x7F, 0x3C, 0x1B, 0xF8, 0xF8, 0x66, 0x53, 0x3D, 0x15, 0x84, 0xEA, 0x4C, 0xE7,
    0xBB, 0x4A, 0xDA, 0x50, 0x30, 0x5D, 0x61, 0x38, 0xA0, 0x3F, 0xA2, 0xA3, 0x2A, 0x0D, 0x23, 0x38,
    0xFB, 0x3D, 0xD3, 0xEB, 0xA7, 0xD7, 0x5B, 0x3A, 0xC7, 0x99, 0xE2, 0xBB, 0xCA, 0xB5, 0xE1, 0xD3,
    0xDE, 0xBF, 0x2C, 0xA1, 0xED, 0xC2, 0x35, 0x2D, 0x94, 0x60, 0x7F, 0x3B, 0x72, 0x59, 0x47, 0x9F,
    0x97, 0xC4, 0xE6, 0xC6, 0x35, 0x72, 0x6A, 0x49, 0xE5, 0x39, 0xB7, 0xAA, 0xAE, 0x2F, 0x2A, 0x9E,
    0xF8, 0xD2, 0x49, 0xAF, 0x77, 0x90, 0xAC, 0x95, 0xD7, 0x2C, 0xC9, 0x35, 0xBA, 0x1F, 0x69, 0x78,
    0xE6, 0xBE, 0xE6, 0xD7, 0x40, 0xDE, 0x5D, 0x59, 0x62, 0x58, 0xAD, 0x78, 0xC9, 0x32, 0xC5, 0x54,
    0x2F, 0xEE, 0xAD, 0x28, 0x5B, 0xD2, 0xE4, 0x01, 0x2D, 0xEB, 0x7E, 0xF3, 0xF2, 0x1E, 0xA0, 0x06,
    0x57, 0x2A, 0xB6, 0xEF, 0x02, 0xB9, 0xAC, 0x68, 0xF2, 0xBD, 0x25, 0x10, 0xBE, 0x71, 0x7E, 0x23,
    0xED, 0xAA, 0x7F, 0x4F, 0x80, 0xC7, 0x13, 0xFC, 0x37, 0x58, 0xE4, 0x35, 0xC7, 0xF2, 0xCA, 0xFB,
    0xA8, 0x77, 0xA2, 0x56, 0x20, 0x1A, 0x9F, 0x09, 0xCD, 0x29, 0x7E, 0xC3, 0x59, 0xFC, 0x92, 0xE3,
    0x96, 0xD6, 0x1E, 0x68, 0xDD, 0x9E, 0x36, 0x2A, 0x82, 0xE5, 0xE5, 0x11, 0x14, 0xD6, 0x08, 0xFE,
    0x73, 0x0C, 0x83, 0x5C, 0xC0, 0xD8, 0xB3, 0x62, 0xA4, 0xBF, 0xF7, 0xC2, 0x28, 0x4E, 0xE4, 0xDC,
    0x3F, 0x1D, 0xC5, 0xF8, 0x10, 0xC5, 0x3D, 0x30, 0xAD, 0x51, 0x2C, 0xCE, 0x3D, 0x8B, 0xA3, 0x68,
    0xC2, 0x59, 0x14, 0x85, 0x86, 0x75, 0x8D, 0x11, 0xF2, 0x6F, 0xCE, 0xB4, 0xBB, 0x93, 0x7E, 0x70,
    0x56, 0xED, 0xFF, 0x89, 0x64, 0xA7, 0x48, 0xAA, 0xBF, 0x6B, 0xFF, 0x00, 0xA4, 0xD2, 0x01, 0x84,
    0xE5, 0x56, 0x1B, 0xC6, 0xF1, 0x27, 0xC9, 0xDA, 0xFB, 0x71, 0x11, 0xF0, 0x81, 0x22, 0x50, 0xD0,
    0xD2, 0x00, 0x14, 0x6C, 0x42, 0x01, 0x50, 0x50, 0x00, 0x85, 0x82, 0x85, 0x05, 0x00, 0x2B, 0x97,
    0x05, 0x40, 0x87, 0x02, 0x00, 0x14, 0x2B, 0x83, 0x02, 0x14, 0x5B, 0x39, 0x33, 0xC5, 0xA2, 0x68,
    0x80, 0x02, 0x7A, 0xE8, 0x52, 0x2E, 0xCC, 0x51, 0x29, 0x99, 0x91, 0x9B, 0x7F, 0xCF, 0xEB, 0x1E,
    0x9D, 0xCC, 0x6E, 0xAB, 0xAA, 0x21, 0xBF, 0x87, 0x9C, 0xE7, 0xBC, 0x4E, 0x24, 0x52, 0x31, 0x2E,
    0x92, 0x76, 0x6E, 0x8E, 0x3E, 0xBB, 0x0B, 0xD2, 0x1E, 0xA2, 0x1D, 0x9C, 0x94, 0x01, 0x68, 0x07,
    0x25, 0x6D, 0xB9, 0x3E, 0x29, 0x4F, 0xAA, 0xE7, 0xE7, 0xE5, 0xD7, 0x6A, 0xC2, 0xAB, 0xAA, 0x55,
    0xE7, 0x97, 0x5A, 0x1A, 0xC6, 0xB9, 0x91, 0xB8, 0x9A, 0x9E, 0x44, 0xAF, 0xC3, 0xF3, 0xE8, 0xF7,
    0xE1, 0x95, 0xE9, 0x97, 0xE8, 0xEB, 0x71, 0x8E, 0xFE, 0x70, 0x35, 0x45, 0x7F, 0xBE, 0x0E, 0xD2,
    0x70, 0xF3, 0xC2, 0xC6, 0xF3, 0x89, 0x97, 0x1A, 0x76, 0xA3, 0x54, 0xB3, 0x77, 0x1F, 0xAB, 0xE4,
    0xCB, 0x2B, 0xB4, 0x87, 0x1B, 0x0E, 0x39, 0x80, 0x14, 0x59, 0x4C, 0xBC, 0xF4, 0xFB, 0x70, 0x2B,
    0x65, 0x36, 0x5E, 0xB9, 0x8D, 0x57, 0x76, 0xF1, 0x85, 0x2C, 0x86, 0x37, 0x52, 0x05, 0x36, 0x12,
    0x27, 0xE0, 0x90, 0xE1, 0x2B, 0xE5, 0xB4, 0x59, 0x44, 0xDA, 0xF0, 0x21, 0xFD, 0x4B, 0x35, 0xB0,
    0x6C, 0x10, 0x4E, 0x67, 0x3E, 0xE0, 0xF8, 0x97, 0xAB, 0x36, 0x4A, 0xDA, 0xAF, 0x92, 0xEA, 0xB5,
    0xEF, 0x0F, 0x00, 0xEE, 0x1E, 0xAB, 0x9C, 0x6F, 0x9F, 0x72, 0x4A, 0xB9, 0xA4, 0x5C, 0x53, 0xD2,
    0xA6, 0x74, 0x29, 0xBD, 0x65, 0x0F, 0x93, 0x38, 0x1E, 0xE0, 0x66, 0xB1, 0x35, 0xF8, 0x71, 0x3D,
    0xE7, 0x6B, 0x5A, 0xAC, 0x7B, 0x8D, 0xB3, 0x7E, 0xD4, 0x9F, 0xB3, 0x9B, 0xB0, 0x7D, 0xAE, 0x5E,
    0xB0, 0x7D, 0xAE, 0x5C, 0x23, 0xE0, 0x76, 0x9C, 0x33, 0xB7, 0xB4, 0xD9, 0x16, 0x96, 0x5D, 0xCA,
    0x3A, 0x65, 0x99, 0x72, 0x97, 0x32, 0x4F, 0x69, 0x77, 0x01, 0xB7, 0x32, 0xF1, 0x26, 0xB3, 0xC9,
    0x29, 0xAA, 0x0A, 0x73, 0x47, 0x7B, 0x49, 0x7F, 0xC9, 0x4B, 0x00, 0x96, 0xAD, 0x85, 0x15, 0x5A,
    0xEB, 0xA0, 0x68, 0xBD, 0x46, 0x61, 0x31, 0x99, 0xCC, 0xCD, 0x7C, 0xE9, 0xDF, 0x2B, 0xA9, 0x09,
    0x89, 0x7E, 0xB8, 0x93, 0x80, 0x2D, 0x69, 0x35, 0x51, 0xCF, 0x4D, 0xC8, 0xA1, 0x0B, 0x7B, 0x20,
    0x54, 0x7C, 0x43, 0x68, 0xA6, 0x8C, 0xD0, 0x79, 0x75, 0x61, 0x70, 0xB1, 0xC2, 0xDF, 0x31, 0x18,
    0xD6, 0xB3, 0x1D, 0x69, 0xAF, 0xFD, 0x9A, 0x36, 0xEF, 0xF3, 0x38, 0x79, 0xAA, 0x82, 0xFE, 0xBC,
    0x0A, 0x60, 0x43, 0xDE, 0xF7, 0xBD, 0xA4, 0xC7, 0xBC, 0x89, 0x76, 0x70, 0xB0, 0xC7, 0x04, 0x95,
    0xD1, 0x45, 0xCD, 0xDA, 0x56, 0x8B, 0xBA, 0x49, 0x79, 0x10, 0xA3, 0xD4, 0x66, 0x38, 0x49, 0x40,
    0xCC, 0xAD, 0x97, 0xC4, 0x7F, 0xED, 0xC1, 0xDB, 0xBF, 0xDB, 0xE9, 0x39, 0xC6, 0x8E, 0xB0, 0x09,
    0x1A, 0xBC, 0xE4, 0xD4, 0xCC, 0x2A, 0x26, 0xD5, 0xB4, 0xF5, 0x49, 0x7B, 0x60, 0x51, 0x1E, 0x0D,
    0xE7, 0x93, 0xA4, 0x53, 0x01, 0x17, 0xB2, 0xE0, 0x74, 0x0E, 0x5A, 0xF5, 0x16, 0xC7, 0x0B, 0x70,
    0x8F, 0xC1, 0xC7, 0xD0, 0x70, 0x8E, 0x06, 0x2F, 0x8B, 0xA0, 0x87, 0x81, 0xC5, 0xB6, 0x99, 0x83,
    0x4F, 0x53, 0x64, 0x21, 0x59, 0xCC, 0x16, 0xAC, 0xAD, 0x85, 0x93, 0xFE, 0x43, 0xA8, 0xB4, 0xDC,
    0x9A, 0x0D, 0x36, 0xB7, 0x82, 0x20, 0x0D, 0xA4, 0x57, 0x45, 0x7B, 0x6E, 0x7E, 0xA2, 0x2D, 0x29,
    0xDD, 0x77, 0xAA, 0x97, 0xD2, 0xBD, 0xAF, 0x26, 0x58, 0xBF, 0xF3, 0xE6, 0x30, 0x9A, 0xB8, 0x07,
    0x82, 0x7B, 0xCB, 0x23, 0xCE, 0x9A, 0x51, 0x6F, 0x76, 0xC1, 0x6C, 0x26, 0xD3, 0x66, 0x5A, 0xEF,
    0xD3, 0x6B, 0xDC, 0x0E, 0xC0, 0x65, 0x98, 0xEA, 0x30, 0xF7, 0xCC, 0x8D, 0x93, 0xAA, 0xB7, 0x4F,
    0xAB, 0x22, 0xDC, 0xFB, 0xDE, 0x6D, 0x64, 0x07, 0x5E, 0x6A, 0xE0, 0x94, 0xBE, 0x42, 0x11, 0xB1,
    0xC9, 0x2F, 0xC2, 0x70, 0xA8, 0x4E, 0x45, 0xF8, 0x48, 0xCD, 0x5C, 0x84, 0x47, 0x6A, 0x82, 0xED,
    0xEA, 0xBC, 0x39, 0x8C, 0x26, 0xEE, 0x1F, 0x4D, 0xCD, 0x2E, 0x98, 0x8D, 0xA9, 0x7A, 0x29, 0xC2,
    0xFF, 0x54, 0x52, 0x84, 0x46, 0x7B, 0x7E, 0xF9, 0x2D, 0xF6, 0xE0, 0xFC, 0x05, 0x41, 0xAA, 0x60,
    0x91, 0x32, 0xB8, 0x48, 0xE7, 0xDC, 0xFA, 0xFF, 0xCF, 0xE2, 0x65, 0x45, 0x68, 0xB7, 0x3E, 0xED,
    0x07, 0x8E, 0x92, 0x72, 0xC6, 0xF4, 0x17, 0x3E, 0xED, 0x7B, 0xEE, 0xF4, 0xB0, 0x63, 0x4F, 0x24,
    0xE1, 0xAD, 0x89, 0x93, 0xED, 0x3A, 0x58, 0x07, 0x99, 0xB3, 0x49, 0x90, 0x62, 0x9A, 0x6A, 0x16,
    0xB3, 0x3A, 0x99, 0x25, 0x66, 0x41, 0x9B, 0xF6, 0x4A, 0x62, 0xDC, 0x54, 0x67, 0xB3, 0x5E, 0x54,
    0x20, 0xBD, 0x4B, 0xF6, 0x6D, 0xE4, 0xD9, 0x1C, 0xC1, 0x60, 0x54, 0xC7, 0x24, 0x81, 0x0C, 0x3D,
    0xD2, 0xAF, 0x3C, 0xB6, 0x85, 0x21, 0x55, 0x76, 0x60, 0x07, 0xF3, 0xF7, 0x95, 0x82, 0xAF, 0x8C,
    0x02, 0xED, 0xD7, 0x48, 0xBD, 0xC4, 0xA1, 0xCC, 0x05, 0x10, 0x0C, 0x17, 0x39, 0x29, 0x72, 0xA1,
    0x12, 0xBC, 0xB1, 0x1A, 0x38, 0xC3, 0x97, 0x8B, 0x86, 0x10, 0xA9, 0xA7, 0x48, 0x35, 0x47, 0xCA,
    0x87, 0x54, 0x86, 0xAD, 0xC6, 0x1E, 0xC0, 0x68, 0x1C, 0xB0, 0x29, 0x60, 0x43, 0x17, 0xE9, 0xCC,
    0x1F, 0x5B, 0xFF, 0x6F, 0x15, 0x5A, 0x91, 0x07, 0x95, 0x40, 0x10, 0x00, 0x63, 0x90, 0x60, 0x00,
    0x81, 0x0A, 0x10, 0xC1, 0xF4, 0x00, 0x44, 0xF2, 0x1F, 0x00, 0x91, 0xF6, 0xFF, 0x81, 0xE0, 0x0F,
    0x84, 0xE4, 0xBF, 0x1A, 0x1A, 0x1A, 0x1A, 0x02, 0x91, 0x65, 0xD8, 0x02, 0x22, 0x80, 0xBA, 0xA0,
    0xE0, 0x0B, 0x03, 0xD3, 0x1F, 0x06, 0xEE, 0xFF, 0x0C, 0xF2, 0xFF, 0x1B, 0x6C, 0xBE, 0x3D, 0x48,
    0xF8, 0x52, 0x00, 0x14, 0x21, 0x09, 0x81, 0x80, 0x02, 0x98, 0xD4, 0x05, 0x93, 0xFC, 0x0D, 0x20,
    0x92, 0xFD, 0x01, 0xB2, 0x03, 0x44, 0x81, 0xF6, 0x87, 0x7F, 0x80, 0xC8, 0x22, 0x54, 0xAA, 0x80,
    0x08, 0x52, 0xAD, 0x2B, 0xF8, 0x52, 0x60, 0xF3, 0xED, 0x02, 0xFF, 0xFF, 0x06, 0xF6, 0xFF, 0x20,
    0x97, 0x33, 0x6C, 0x60, 0x00, 0x00, 0xC5, 0x94, 0x21, 0x88, 0xDE, 0x4A, 0x14, 0x85, 0xCF, 0x9F,
    0x3C, 0xDE, 0x0F, 0x2F, 0x22, 0x4F, 0x77, 0x0B, 0xF1, 0x50, 0x88, 0x57, 0x33, 0x50, 0xEF, 0x76,
    0xBD, 0xAF, 0x59, 0x53, 0x9F, 0x78, 0xB5, 0x5E, 0x57, 0x6C, 0xEB, 0x75, 0x13, 0xEA, 0x45, 0x54,
    0x6B, 0x23, 0x16, 0x6A, 0x03, 0x0D, 0x74, 0xC4, 0x24, 0xA7, 0xF7, 0x30, 0x19, 0xF6, 0x67, 0xFB,
    0xDB, 0xD2, 0x0B, 0xFB, 0x5D, 0x66, 0xF6, 0x9C, 0xB9, 0x77, 0x72, 0x67, 0x17, 0xF8, 0x1F, 0xC0,
    0x99, 0x1E, 0x70, 0x9C, 0x81, 0x81, 0x2B, 0x4E, 0x64, 0x44, 0xC9, 0x7A, 0x43, 0x19, 0xAB, 0x1D,
    0x78, 0x7F, 0x26, 0x60, 0x1B, 0x19, 0x37, 0xF4, 0xA8, 0x68, 0x18, 0x48, 0xDB, 0xF9, 0x4E, 0xD4,
    0xBB, 0x49, 0xDA, 0xB5, 0x22, 0xDC, 0x5C, 0xEF, 0x18, 0x46, 0x03, 0xFB, 0x26, 0x82, 0xBE, 0x15,
    0x5C, 0xB0, 0xE5, 0xB0, 0x60, 0xF8, 0xC2, 0x09, 0x1D, 0x39, 0xC2, 0x91, 0x40, 0xCD, 0x08, 0x14,
    0xB6, 0x95, 0xE3, 0xE4, 0xC5, 0x6A, 0x16, 0xEB, 0x45, 0x6C, 0x83, 0xE8, 0xA2, 0xD8, 0x6D, 0x22,
    0x29, 0x21, 0xE9, 0x65, 0xE5, 0x08, 0x94, 0x7B, 0x67, 0xAC, 0xA2, 0x9B, 0xCD, 0x14, 0x5A, 0xB3,
    0x35, 0x6B, 0x1D, 0x00, 0xB7, 0xD4, 0xD1, 0x4C, 0xD3, 0xD9, 0x6C, 0x1C, 0xD5, 0x39, 0xFB, 0x82,
    0xBE, 0x60, 0x5E, 0x0E, 0x63, 0xB5, 0x99, 0x60, 0x96, 0xCC, 0x2D, 0x4D, 0x30, 0x63, 0x70, 0x66,
    0xAF, 0x63, 0x47, 0x8B, 0x8D, 0xBF, 0xC5, 0x9D, 0xC5, 0x2D, 0x2D, 0xE2, 0x05, 0x3C, 0xCE, 0x7F,
    0x19, 0x40, 0x99, 0x5A, 0x5E, 0x2E, 0xE9, 0x28, 0x36, 0x84, 0x06, 0xCC, 0xDE, 0x78, 0xE2, 0xAC,
    0xC5, 0x10, 0xC4, 0x76, 0x13, 0x2B, 0x7A, 0x63, 0x99, 0x66, 0xC0, 0xE5, 0xF9, 0x63, 0xD7, 0x87,
    0xCF, 0x4B, 0x44, 0xC8, 0xB0, 0x8B, 0x9D, 0xCC, 0x27, 0x2E, 0x72, 0x71, 0xCC, 0xC2, 0xC3, 0x34,
    0xAC, 0xC8, 0x03, 0x4D, 0x15, 0x1B, 0x79, 0xE0, 0x68, 0x11, 0x3A, 0x31, 0x5E, 0xF2, 0x93, 0xC5,
    0x47, 0x5A, 0xEC, 0xCF, 0x90, 0xFE, 0xCE, 0x8B, 0x14, 0x0B, 0x42, 0x95, 0x52, 0x4B, 0x41, 0x6C,
    0x52, 0x93, 0x93, 0x38, 0x8C, 0x62, 0x92, 0xEC, 0xE2, 0x39, 0x09, 0x57, 0xB1, 0x4D, 0xC2, 0x51,
    0x4C, 0xD7, 0x4F, 0xC2, 0x74, 0xEF, 0x24, 0x4C, 0x92, 0x59, 0xEC, 0xC6, 0x97, 0x45, 0xB7, 0xEB,
    0x45, 0x9B, 0xB9, 0x8B, 0xDC, 0xD5, 0xEB, 0xB0, 0xB5, 0x21, 0x3D, 0xD9, 0x92, 0xEC, 0xA1, 0xFA,
    0x47, 0xAE, 0x2C, 0x67, 0x77, 0xF6, 0xE7, 0x9E, 0xF2, 0x49, 0xB9, 0x68, 0xBE, 0x48, 0x2E, 0x9F,
    0x3B, 0x75, 0x3B, 0x8A, 0x5D, 0x99, 0x6A, 0x45, 0xF9, 0xB8, 0x1E, 0xFB, 0x2A, 0x24, 0x53, 0xBA,
    0xA8, 0x1B, 0x73, 0x7B, 0xED, 0x9C, 0x8A, 0x1C, 0x8D, 0x2E, 0xE9, 0xF8, 0x7A, 0x1D, 0x52, 0x53,
    0x81, 0x50, 0x9C, 0xB7, 0x94, 0x4B, 0xEE, 0x47, 0x8E, 0x50, 0x14, 0x47, 0x06, 0xD7, 0x23, 0x2F,
    0xB8, 0x8C, 0x61, 0x32, 0x89, 0x47, 0xC5, 0x0D, 0xAD, 0x49, 0x5A, 0x72, 0x24, 0x37, 0x38, 0xF2,
    0x27, 0x49, 0x0C, 0xB3, 0xE3, 0x5E, 0xB0, 0xE7, 0x58, 0x31, 0x80, 0x23, 0xC7, 0x82, 0xF3, 0x45,
    0xCE, 0xFB, 0x9D, 0xDE, 0xE7, 0x5B, 0xF6, 0x8E, 0xFC, 0x21, 0x5F, 0x73, 0x9C, 0xA3, 0x76, 0x1A,
    0x95, 0xBE, 0x7F, 0xC0, 0xE9, 0xB3, 0x07, 0xF0, 0xEE, 0xC1, 0x36, 0x57, 0xD4, 0x5C, 0xD0, 0x70,
    0x42, 0x1B, 0xBC, 0x3E, 0xE0, 0x1F, 0xFD, 0x71, 0x0B, 0xFE, 0xE9, 0x16, 0xD4, 0x9C, 0xD1, 0x72,
    0x84, 0xA3, 0xC7, 0xAB, 0x0F, 0xC0, 0xE9, 0x11, 0xC5, 0x63, 0xCD, 0xE9, 0x1C, 0x1D, 0xB7, 0x2A,
    0x0E, 0x24, 0x03, 0xBF, 0x92, 0x0B, 0x7D, 0xCB, 0x89, 0x69, 0x50, 0x8A, 0x5B, 0xD3, 0x55, 0x2F,
    0x74, 0xDF, 0xC8, 0x95, 0x59, 0xE7, 0x81, 0x82, 0xF9, 0xBD, 0x56, 0x31, 0xBD, 0x11, 0x5A, 0xC4,
    0x17, 0xB8, 0x22, 0xBB, 0xAA, 0xD3, 0x48, 0x50, 0x12, 0x9A, 0xAB, 0xE1, 0xBF, 0x47, 0x5C, 0xC4,
    0x9B, 0xFC, 0x37, 0x31, 0x18, 0x1A, 0xEA, 0x50, 0xF6, 0xE8, 0xF8, 0xA4, 0x29, 0x02, 0x5A, 0x80,
    0x41, 0xBF, 0xE7, 0x83, 0x29, 0xA9, 0x6A, 0xF7, 0x9A, 0xC1, 0x89, 0xDA, 0xB8, 0xA1, 0xBC, 0x9D,
    0xF0, 0xAF, 0x80, 0xD7, 0xD7, 0xFE, 0x03, 0x42, 0xF1, 0x24, 0xD0, 0x0B, 0x41, 0xE0, 0x04, 0x54,
    0xBC, 0x3C, 0xAF, 0xD7, 0x46, 0xEE, 0xE5, 0x86, 0x41, 0xBD, 0x78, 0xF5, 0x62, 0x0B, 0xF5, 0xA2,
    0x82, 0x92, 0x62, 0xD7, 0x29, 0x33, 0x2C, 0xAE, 0x55, 0xFB, 0x05, 0xB4, 0xCE, 0x01, 0x06, 0xC3,
    0x30, 0x18, 0x47, 0xF1, 0xD7, 0x14, 0xD0, 0x4B, 0x95, 0x1D, 0xAC, 0x61, 0xB7, 0xD9, 0xEE, 0xD0,
    0x7D, 0xF4, 0x08, 0xBB, 0xC1, 0x06, 0xC8, 0x1D, 0xFA, 0xD6, 0x0F, 0x61, 0x14, 0x60, 0x83, 0xF7,
    0x0B, 0x49, 0xF8, 0x33, 0xED, 0xF3, 0x0A, 0x8B, 0x2F, 0xEB, 0xA0, 0x4F, 0xA3, 0xD8, 0x36, 0x63,
    0x94, 0x62, 0x3D, 0xCA, 0x4A, 0x16, 0xD4, 0x30, 0xBE, 0x7B, 0xF7, 0x56, 0xF3, 0x25, 0xFC, 0xA7,
    0x40, 0x1E, 0x3A, 0xD3, 0x7E, 0x49, 0x16, 0xDF, 0x42, 0x6E, 0x15, 0x8A, 0xED, 0x2A, 0x79, 0x3F,
    0x9E, 0x50, 0xB7, 0x13, 0xC7, 0xE6, 0xFE, 0xE1, 0x27, 0x94, 0x4E, 0x4B, 0x06, 0x4D, 0x78, 0x38,
    0x27, 0x9F, 0xC9, 0xFF, 0x64, 0x00, 0x00,
};

static const EpdGlyph sarabun_18_boldGlyphs[] = {
    { 0, 0, 0, 0, 0, 0, 0 }, // U+0000
    { 0, 0, 140, 0, 0, 0, 0 }, // U+000D
    { 0, 0, 140, 0, 0, 0, 0 }, // U+0020
    { 7, 26, 154, 1, 26, 46, 0 }, // !
    { 12, 10, 243, 1, 26, 30, 46 }, // "
    { 23, 26, 424, 2, 26, 150, 76 }, // #
    { 18, 31, 325, 1, 28, 140, 226 }, // $
    { 33, 26, 581, 2, 26, 215, 366 }, // %
    { 24, 27, 418, 1, 26, 162, 581 }, // &
    { 5, 10, 123, 1, 26, 13, 743 }, // '
    { 11, 30, 212, 1, 28, 83, 756 }, // (
    { 11, 30, 212, 0, 28, 83, 839 }, // )
    { 15, 16, 269, 1, 29, 60, 922 }, // *
    { 20, 20, 370, 2, 20, 100, 982 }, // +
    { 8, 13, 175, 1, 6, 26, 1082 }, // ,
    { 11, 4, 204, 1, 12, 11, 1108 }, // -
    { 6, 6, 175, 2, 6, 9, 1119 }, // .
    { 20, 29, 281, -1, 27, 145, 1128 }, // /
    { 19, 26, 339, 1, 26, 124, 1273 }, // 0
    { 15, 26, 339, 3, 26, 98, 1397 }, // 1
    { 19, 26, 339, 1, 26, 124, 1495 }, // 2
    { 18, 26, 339, 1, 26, 117, 1619 }, // 3
    { 20, 26, 339, 1, 26, 130, 1736 }, // 4
    { 19, 26, 339, 0, 26, 124, 1866 }, // 5
    { 18, 27, 339, 1, 27, 122, 1990 }, // 6
    { 18, 26, 339, 2, 26, 117, 2112 }, // 7
    { 19, 26, 339, 1, 26, 124, 2229 }, // 8
    { 19, 27, 339, 1, 26, 129, 2353 }, // 9
    { 6, 19, 175, 2, 19, 29, 2482 }, // :
    { 8, 26, 175, 1, 19, 52, 2511 }, // ;
    { 19, 22, 370, 2, 22, 105, 2563 }, // <
    { 19, 12, 370, 2, 16, 57, 2668 }, // =
    { 19, 22, 370, 2, 22, 105, 2725 }, // >
    { 16, 26, 283, 1, 26, 104, 2830 }, // ?
    { 27, 28, 483, 1, 22, 189, 2934 }, // @
    { 24, 26, 385, 0, 26, 156, 3123 }, // A
    { 19, 26, 364, 3, 26, 124, 3279 }, // B
    { 21, 26, 372, 1, 26, 137, 3403 }, // C
    { 20, 26, 385, 3, 26, 130, 3540 }, // D
    { 18, 26, 343, 3, 26, 117, 3670 }, // E
    { 18, 26, 344, 3, 26, 117, 3787 }, // F
    { 21, 26, 392, 1, 26, 137, 3904 }, // G
    { 21, 26, 415, 3, 26, 137, 4041 }, // H
    { 5, 26, 194, 3, 26, 33, 4178 }, // I
    { 16, 26, 295, 0, 26, 104, 4211 }, // J
    { 22, 26, 394, 3, 26, 143, 4315 }, // K
    { 18, 26, 339, 3, 26, 117, 4458 }, // L
    { 25, 26, 490, 3, 26, 163, 4575 }, // M
    { 21, 26, 419, 3, 26, 137, 4738 }, // N
    { 23, 26, 414, 1, 26, 150, 4875 }, // O
    { 18, 26, 354, 3, 26, 117, 5025 }, // P
    { 23, 31, 414, 1, 26, 179, 5142 }, // Q
    { 20, 26, 358, 3, 26, 130, 5321 }, // R
    { 18, 26, 331, 1, 26, 117, 5451 }, // S
    { 21, 26, 354, 1, 26, 137, 5568 }, // T
    { 20, 26, 397, 2, 26, 130, 5705 }, // U
    { 24, 26, 388, 0, 26, 156, 5835 }, // V
    { 32, 26, 524, 0, 26, 208, 5991 }, // W
    { 23, 26, 393, 1, 26, 150, 6199 }, // X
    { 23, 26, 377, 0, 26, 150, 6349 }, // Y
    { 20, 26, 355, 1, 26, 130, 6499 }, // Z
    { 10, 30, 199, 2, 26, 75, 6629 }, // [
    { 20, 29, 231, -1, 27, 145, 6704 }, // <backslash>
    { 9, 30, 199, 1, 26, 68, 6849 }, // ]
    { 21, 18, 359, 1, 26, 95, 6917 }, // ^
    { 13, 4, 215, 0, -8, 13, 7012 }, // _
    { 9, 7, 240, 2, 28, 16, 7025 }, // `
    { 18, 19, 317, 1, 19, 86, 7041 }, // a
    { 19, 28, 335, 1, 28, 133, 7127 }, // b
    { 17, 19, 295, 1, 19, 81, 7260 }, // c
    { 19, 28, 335, 1, 28, 133, 7341 }, // d
    { 19, 19, 325, 1, 19, 91, 7474 }, // e
    { 14, 26, 226, 1, 26, 91, 7565 }, // f
    { 18, 27, 333, 1, 19, 122, 7656 }, // g
    { 18, 28, 340, 2, 28, 126, 7778 }, // h
    { 6, 26, 164, 2, 26, 39, 7904 }, // i
    { 11, 33, 167, -2, 26, 91, 7943 }, // j
    { 18, 28, 320, 2, 28, 126, 8034 }, // k
    { 10, 28, 181, 2, 28, 70, 8160 }, // l
    { 29, 19, 508, 1, 19, 138, 8230 }, // m
    { 18, 19, 338, 1, 19, 86, 8368 }, // n
    { 19, 19, 347, 1, 19, 91, 8454 }, // o
    { 19, 28, 339, 1, 19, 133, 8545 }, // p
    { 18, 28, 339, 1, 19, 126, 8678 }, // q
    { 14, 19, 238, 1, 19, 67, 8804 }, // r
    { 15, 19, 265, 0, 19, 72, 8871 }, // s
    { 14, 26, 252, 1, 26, 91, 8943 }, // t
    { 18, 19, 337, 2, 19, 86, 9034 }, // u
    { 20, 19, 317, 0, 19, 95, 9120 }, // v
    { 27, 19, 424, 0, 19, 129, 9215 }, // w
    { 20, 19, 312, 0, 19, 95, 9344 }, // x
    { 19, 26, 303, 0, 19, 124, 9439 }, // y
    { 16, 19, 286, 1, 19, 76, 9563 }, // z
    { 12, 31, 210, 1, 26, 93, 9639 }, // {
    { 5, 32, 154, 2, 26, 40, 9732 }, // |
    { 12, 31, 210, 1, 26, 93, 9772 }, // }
    { 19, 7, 370, 2, 14, 34, 9865 }, // ~
    { 0, 0, 140, 0, 0, 0, 0 }, // U+00A0
    { 7, 27, 154, 1, 19, 48, 0 }, // U+00A1
    { 18, 26, 293, 1, 25, 117, 48 }, // U+00A2
    { 18, 26, 331, 2, 26, 117, 165 }, // U+00A3
    { 23, 22, 379, 0, 23, 127, 282 }, // U+00A4
    { 24, 26, 383, 1, 26, 156, 409 }, // U+00A5
    { 5, 33, 154, 2, 26, 42, 565 }, // U+00A6
    { 18, 30, 328, 1, 26, 135, 607 }, // U+00A7
    { 13, 5, 240, 1, 26, 17, 742 }, // U+00A8
    { 27, 27, 486, 1, 27, 183, 759 }, // U+00A9
    { 12, 13, 217, 1, 26, 39, 942 }, // U+00AA
    { 20, 15, 351, 1, 17, 75, 981 }, // U+00AB
    { 20, 12, 369, 2, 16, 60, 1056 }, // U+00AC
    { 11, 4, 204, 1, 12, 11, 1116 }, // U+00AD
    { 17, 16, 318, 2, 26, 68, 1127 }, // U+00AE
    { 13, 3, 240, 1, 24, 10, 1195 }, // U+00AF
    { 11, 10, 193, 1, 26, 28, 1205 }, // U+00B0
    { 20, 21, 370, 2, 21, 105, 1233 }, // U+00B1
    { 14, 18, 258, 1, 26, 63, 1338 }, // U+00B2
    { 14, 18, 258, 1, 26, 63, 1401 }, // U+00B3
    { 9, 7, 240, 4, 28, 16, 1464 }, // U+00B4
    { 18, 26, 337, 2, 19, 117, 1480 }, // U+00B5
    { 16, 30, 326, 1, 26, 120, 1597 }, // U+00B6
    { 6, 6, 175, 2, 13, 9, 1717 }, // U+00B7
    { 8, 10, 240, 3, 0, 20, 1726 }, // U+00B8
    { 12, 18, 258, 2, 26, 54, 1746 }, // U+00B9
    { 13, 13, 234, 1, 26, 43, 1800 }, // U+00BA
    { 20, 15, 351, 1, 17, 75, 1843 }, // U+00BB
    { 34, 29, 613, 2, 27, 247, 1918 }, // U+00BC
    { 34, 29, 613, 2, 27, 247, 2165 }, // U+00BD
    { 33, 29, 613, 2, 27, 240, 2412 }, // U+00BE
    { 16, 27, 283, 1, 19, 108, 2652 }, // U+00BF
    { 24, 34, 385, 0, 34, 204, 2760 }, // U+00C0
    { 24, 34, 385, 0, 34, 204, 2964 }, // U+00C1
    { 24, 34, 385, 0, 34, 204, 3168 }, // U+00C2
    { 25, 33, 385, 0, 33, 207, 3372 }, // U+00C3
    { 24, 33, 385, 0, 33, 198, 3579 }, // U+00C4
    { 24, 34, 385, 0, 34, 204, 3777 }, // U+00C5
    { 29, 26, 496, 0, 26, 189, 3981 }, // U+00C6
    { 22, 35, 372, 1, 26, 193, 4170 }, // U+00C7
    { 18, 34, 343, 3, 34, 153, 4363 }, // U+00C8
    { 18, 34, 343, 3, 34, 153, 4516 }, // U+00C9
    { 18, 34, 343, 3, 34, 153, 4669 }, // U+00CA
    { 18, 33, 343, 3, 33, 149, 4822 }, // U+00CB
    { 9, 34, 194, -1, 34, 77, 4971 }, // U+00CC
    { 9, 34, 194, 3, 34, 77, 5048 }, // U+00CD
    { 13, 34, 194, -1, 34, 111, 5125 }, // U+00CE
    { 13, 33, 194, 0, 33, 108, 5236 }, // U+00CF
    { 22, 26, 389, 1, 26, 143, 5344 }, // U+00D0
    { 21, 33, 419, 3, 33, 174, 5487 }, // U+00D1
    { 23, 35, 414, 1, 35, 202, 5661 }, // U+00D2
    { 23, 35, 414, 1, 35, 202, 5863 }, // U+00D3
    { 23, 35, 414, 1, 35, 202, 6065 }, // U+00D4
    { 23, 34, 414, 1, 34, 196, 6267 }, // U+00D5
    { 23, 33, 414, 1, 33, 190, 6463 }, // U+00D6
    { 20, 20, 370, 2, 20, 100, 6653 }, // U+00D7
    { 23, 28, 414, 1, 27, 161, 6753 }, // U+00D8
    { 20, 35, 397, 2, 35, 175, 6914 }, // U+00D9
    { 20, 35, 397, 2, 35, 175, 7089 }, // U+00DA
    { 20, 35, 397, 2, 35, 175, 7264 }, // U+00DB
    { 20, 33, 397, 2, 33, 165, 7439 }, // U+00DC
    { 23, 34, 377, 0, 34, 196, 7604 }, // U+00DD
    { 17, 26, 344, 3, 26, 111, 7800 }, // U+00DE
    { 19, 26, 345, 2, 26, 124, 7911 }, // U+00DF
    { 18, 27, 317, 1, 27, 122, 8035 }, // U+00E0
    { 18, 27, 317, 1, 27, 122, 8157 }, // U+00E1
    { 18, 27, 317, 1, 27, 122, 8279 }, // U+00E2
    { 18, 26, 317, 1, 26, 117, 8401 }, // U+00E3
    { 18, 26, 317, 1, 26, 117, 8518 }, // U+00E4
    { 18, 28, 317, 1, 28, 126, 8635 }, // U+00E5
    { 29, 19, 493, 1, 19, 138, 8761 }, // U+00E6
    { 17, 28, 295, 1, 19, 119, 8899 }, // U+00E7
    { 19, 27, 325, 1, 27, 129, 9018 }, // U+00E8
    { 19, 27, 325, 1, 27, 129, 9147 }, // U+00E9
    { 19, 27, 325, 1, 27, 129, 9276 }, // U+00EA
    { 18, 26, 325, 1, 26, 117, 9405 }, // U+00EB
    { 9, 27, 167, -1, 27, 61, 9522 }, // U+00EC
    { 9, 27, 167, 3, 27, 61, 9583 }, // U+00ED
    { 14, 27, 167, -2, 27, 95, 9644 }, // U+00EE
    { 13, 26, 167, -1, 26, 85, 9739 }, // U+00EF
    { 17, 28, 308, 1, 28, 119, 9824 }, // U+00F0
    { 18, 26, 338, 1, 26, 117, 9943 }, // U+00F1
    { 19, 27, 347, 1, 27, 129, 10060 }, // U+00F2
    { 19, 27, 347, 1, 27, 129, 10189 }, // U+00F3
    { 19, 27, 347, 1, 27, 129, 10318 }, // U+00F4
    { 19, 26, 347, 1, 26, 124, 10447 }, // U+00F5
    { 19, 26, 347, 1, 26, 124, 10571 }, // U+00F6
    { 20, 19, 370, 2, 19, 95, 10695 }, // U+00F7
    { 19, 22, 347, 1, 21, 105, 10790 }, // U+00F8
    { 18, 27, 337, 2, 27, 122, 10895 }, // U+00F9
    { 18, 27, 337, 2, 27, 122, 11017 }, // U+00FA
    { 18, 27, 337, 2, 27, 122, 11139 }, // U+00FB
    { 18, 26, 337, 2, 26, 117, 11261 }, // U+00FC
    { 19, 34, 303, 0, 27, 162, 11378 }, // U+00FD
    { 17, 36, 325, 2, 28, 153, 11540 }, // U+00FE
    { 19, 33, 303, 1, 26, 157, 11693 }, // U+00FF
    { 25, 32, 385, 0, 32, 200, 0 }, // U+0100
    { 18, 25, 317, 1, 25, 113, 200 }, // U+0101
    { 24, 34, 385, 0, 34, 204, 313 }, // U+0102
    { 18, 26, 317, 1, 26, 117, 517 }, // U+0103
    { 24, 34, 385, 0, 26, 204, 634 }, // U+0104
    { 19, 27, 317, 1, 19, 129, 838 }, // U+0105
    { 21, 35, 372, 1, 35, 184, 967 }, // U+0106
    { 17, 27, 295, 1, 27, 115, 1151 }, // U+0107
    { 21, 35, 372, 1, 35, 184, 1266 }, // U+0108
    { 17, 27, 295, 1, 27, 115, 1450 }, // U+0109
    { 22, 33, 372, 1, 33, 182, 1565 }, // U+010A
    { 17, 26, 295, 1, 26, 111, 1747 }, // U+010B
    { 21, 35, 372, 1, 35, 184, 1858 }, // U+010C
    { 17, 27, 295, 1, 27, 115, 2042 }, // U+010D
    { 20, 34, 385, 3, 34, 170, 2157 }, // U+010E
    { 27, 29, 445, 1, 29, 196, 2327 }, // U+010F
    { 22, 26, 389, 1, 26, 143, 2523 }, // U+0110
    { 20, 28, 352, 1, 28, 140, 2666 }, // U+0111
    { 18, 32, 343, 3, 32, 144, 2806 }, // U+0112
    { 18, 25, 325, 1, 25, 113, 2950 }, // U+0113
    { 18, 34, 343, 3, 34, 153, 3063 }, // U+0114
    { 18, 26, 325, 1, 26, 117, 3216 }, // U+0115
    { 18, 33, 343, 3, 33, 149, 3333 }, // U+0116
    { 19, 26, 325, 1, 26, 124, 3482 }, // U+0117
    { 19, 34, 343, 3, 26, 162, 3606 }, // U+0118
    { 19, 26, 325, 1, 19, 124, 3768 }, // U+0119
    { 18, 34, 343, 3, 34, 153, 3892 }, // U+011A
    { 19, 27, 325, 1, 27, 129, 4045 }, // U+011B
    { 21, 35, 392, 1, 35, 184, 4174 }, // U+011C
    { 18, 35, 333, 1, 27, 158, 4358 }, // U+011D
    { 21, 34, 392, 1, 34, 179, 4516 }, // U+011E
    { 18, 34, 333, 1, 26, 153, 4695 }, // U+011F
    { 21, 33, 392, 1, 33, 174, 4848 }, // U+0120
    { 18, 34, 333, 1, 26, 153, 5022 }, // U+0121
    { 21, 38, 392, 1, 26, 200, 5175 }, // U+0122
    { 18, 39, 333, 1, 31, 176, 5375 }, // U+0123
    { 21, 34, 415, 3, 34, 179, 5551 }, // U+0124
    { 18, 36, 340, 2, 36, 162, 5730 }, // U+0125
    { 25, 26, 425, 1, 26, 163, 5892 }, // U+0126
    { 20, 28, 340, 0, 28, 140, 6055 }, // U+0127
    { 12, 33, 194, 0, 33, 99, 6195 }, // U+0128
    { 12, 26, 167, -1, 26, 78, 6294 }, // U+0129
    { 13, 32, 194, 0, 32, 104, 6372 }, // U+012A
    { 13, 25, 167, -1, 25, 82, 6476 }, // U+012B
    { 12, 34, 194, 0, 34, 102, 6558 }, // U+012C
    { 12, 26, 167, -1, 26, 78, 6660 }, // U+012D
    { 8, 34, 194, 1, 26, 68, 6738 }, // U+012E
    { 9, 34, 164, 1, 26, 77, 6806 }, // U+012F
    { 5, 33, 194, 3, 33, 42, 6883 }, // U+0130
    { 5, 19, 167, 3, 19, 24, 6925 }, // U+0131
    { 24, 26, 489, 3, 26, 156, 6949 }, // U+0132
    { 17, 34, 331, 2, 26, 145, 7105 }, // U+0133
    { 17, 35, 295, 0, 35, 149, 7250 }, // U+0134
    { 15, 34, 166, -3, 27, 128, 7399 }, // U+0135
    { 22, 38, 394, 3, 26, 209, 7527 }, // U+0136
    { 18, 40, 320, 2, 28, 180, 7736 }, // U+0137
    { 18, 19, 320, 2, 19, 86, 7916 }, // U+0138
    { 18, 34, 339, 3, 34, 153, 8002 }, // U+0139
    { 10, 36, 181, 2, 36, 90, 8155 }, // U+013A
    { 18, 38, 339, 3, 26, 171, 8245 }, // U+013B
    { 10, 40, 181, 2, 28, 100, 8416 }, // U+013C
    { 18, 26, 339, 3, 26, 117, 8516 }, // U+013D
    { 13, 28, 233, 2, 28, 91, 8633 }, // U+013E
    { 18, 26, 339, 3, 26, 117, 8724 }, // U+013F
    { 12, 28, 246, 2, 28, 84, 8841 }, // U+0140
    { 21, 26, 339, 0, 26, 137, 8925 }, // U+0141
    { 12, 28, 196, 1, 28, 84, 9062 }, // U+0142
    { 21, 34, 419, 3, 34, 179, 9146 }, // U+0143
    { 18, 27, 338, 1, 27, 122, 9325 }, // U+0144
    { 21, 38, 419, 3, 26, 200, 9447 }, // U+0145
    { 18, 31, 338, 1, 19, 140, 9647 }, // U+0146
    { 21, 34, 419, 3, 34, 179, 9787 }, // U+0147
    { 18, 27, 338, 1, 27, 122, 9966 }, // U+0148
    { 23, 26, 410, 1, 26, 150, 10088 }, // U+0149
    { 21, 36, 419, 3, 26, 189, 10238 }, // U+014A
    { 18, 27, 338, 1, 19, 122, 10427 }, // U+014B
    { 23, 33, 414, 1, 33, 190, 10549 }, // U+014C
    { 19, 25, 347, 1, 25, 119, 10739 }, // U+014D
    { 23, 34, 414, 1, 34, 196, 10858 }, // U+014E
    { 19, 26, 347, 1, 26, 124, 11054 }, // U+014F
    { 23, 35, 414, 1, 35, 202, 11178 }, // U+0150
    { 19, 26, 347, 1, 26, 124, 11380 }, // U+0151
    { 30, 26, 532, 1, 26, 195, 11504 }, // U+0152
    { 30, 19, 517, 1, 19, 143, 11699 }, // U+0153
    { 20, 34, 358, 3, 34, 170, 11842 }, // U+0154
    { 14, 27, 238, 1, 27, 95, 12012 }, // U+0155
    { 20, 38, 358, 3, 26, 190, 12107 }, // U+0156
    { 14, 31, 238, 1, 19, 109, 12297 }, // U+0157
    { 20, 34, 358, 3, 34, 170, 12406 }, // U+0158
    { 14, 27, 238, 1, 27, 95, 12576 }, // U+0159
    { 18, 35, 331, 1, 35, 158, 12671 }, // U+015A
    { 15, 27, 265, 0, 27, 102, 12829 }, // U+015B
    { 18, 35, 331, 1, 35, 158, 12931 }, // U+015C
    { 15, 27, 265, 0, 27, 102, 13089 }, // U+015D
    { 18, 35, 331, 1, 26, 158, 13191 }, // U+015E
    { 15, 28, 265, 0, 19, 105, 13349 }, // U+015F
    { 18, 35, 331, 1, 35, 158, 13454 }, // U+0160
    { 15, 27, 265, 0, 27, 102, 13612 }, // U+0161
    { 21, 35, 354, 1, 26, 184, 13714 }, // U+0162
    { 14, 35, 252, 1, 26, 123, 13898 }, // U+0163
    { 21, 34, 354, 1, 34, 179, 14021 }, // U+0164
    { 20, 29, 324, 1, 29, 145, 14200 }, // U+0165
    { 21, 26, 354, 1, 26, 137, 14345 }, // U+0166
    { 14, 26, 252, 1, 26, 91, 14482 }, // U+0167
    { 20, 34, 397, 2, 34, 170, 14573 }, // U+0168
    { 18, 26, 337, 2, 26, 117, 14743 }, // U+0169
    { 20, 33, 397, 2, 33, 165, 14860 }, // U+016A
    { 18, 25, 337, 2, 25, 113, 15025 }, // U+016B
    { 20, 34, 397, 2, 34, 170, 15138 }, // U+016C
    { 18, 26, 337, 2, 26, 117, 15308 }, // U+016D
    { 20, 36, 397, 2, 36, 180, 15425 }, // U+016E
    { 18, 28, 337, 2, 28, 126, 15605 }, // U+016F
    { 20, 35, 397, 2, 35, 175, 15731 }, // U+0170
    { 18, 27, 337, 2, 27, 122, 15906 }, // U+0171
    { 20, 34, 397, 2, 26, 170, 16028 }, // U+0172
    { 19, 27, 337, 2, 19, 129, 16198 }, // U+0173
    { 32, 34, 524, 0, 34, 272, 16327 }, // U+0174
    { 27, 27, 424, 0, 27, 183, 16599 }, // U+0175
    { 23, 34, 377, 0, 34, 196, 16782 }, // U+0176
    { 19, 34, 303, 0, 27, 162, 16978 }, // U+0177
    { 23, 33, 377, 0, 33, 190, 17140 }, // U+0178
    { 20, 34, 355, 1, 34, 170, 17330 }, // U+0179
    { 16, 27, 286, 1, 27, 108, 17500 }, // U+017A
    { 20, 33, 355, 1, 33, 165, 17608 }, // U+017B
    { 16, 26, 286, 1, 26, 104, 17773 }, // U+017C
    { 20, 34, 355, 1, 34, 170, 17877 }, // U+017D
    { 16, 27, 286, 1, 27, 108, 18047 }, // U+017E
    { 28, 26, 443, 1, 26, 182, 0 }, // U+01A0
    { 24, 19, 391, 1, 19, 114, 182 }, // U+01A1
    { 27, 26, 446, 2, 26, 176, 296 }, // U+01AF
    { 24, 19, 389, 2, 19, 114, 472 }, // U+01B0
    { 24, 34, 385, 0, 34, 204, 586 }, // U+01CD
    { 18, 27, 317, 1, 27, 122, 790 }, // U+01CE
    { 13, 34, 194, -1, 34, 111, 912 }, // U+01CF
    { 14, 27, 167, -2, 27, 95, 1023 }, // U+01D0
    { 23, 35, 414, 1, 35, 202, 1118 }, // U+01D1
    { 19, 27, 347, 1, 27, 129, 1320 }, // U+01D2
    { 20, 35, 397, 2, 35, 175, 1449 }, // U+01D3
    { 18, 27, 337, 2, 27, 122, 1624 }, // U+01D4
    { 20, 38, 397, 2, 38, 190, 1746 }, // U+01D5
    { 18, 31, 337, 2, 31, 140, 1936 }, // U+01D6
    { 20, 39, 397, 2, 39, 195, 2076 }, // U+01D7
    { 18, 31, 337, 2, 31, 140, 2271 }, // U+01D8
    { 20, 39, 397, 2, 39, 195, 2411 }, // U+01D9
    { 18, 32, 337, 2, 32, 144, 2606 }, // U+01DA
    { 20, 39, 397, 2, 39, 195, 2750 }, // U+01DB
    { 18, 31, 337, 2, 31, 140, 2945 }, // U+01DC
    { 21, 35, 392, 1, 35, 184, 3085 }, // U+01E6
    { 18, 35, 333, 1, 27, 158, 3269 }, // U+01E7
    { 24, 39, 385, 0, 39, 234, 3427 }, // U+01FA
    { 18, 34, 317, 1, 34, 153, 3661 }, // U+01FB
    { 29, 34, 496, 0, 34, 247, 3814 }, // U+01FC
    { 29, 27, 493, 1, 27, 196, 4061 }, // U+01FD
    { 23, 36, 414, 1, 35, 207, 4257 }, // U+01FE
    { 19, 28, 347, 1, 27, 133, 4464 }, // U+01FF
    { 18, 38, 331, 1, 26, 171, 4597 }, // U+0218
    { 15, 31, 265, 0, 19, 117, 4768 }, // U+0219
    { 21, 38, 354, 1, 26, 200, 4885 }, // U+021A
    { 14, 38, 252, 1, 26, 133, 5085 }, // U+021B
    { 8, 6, 0, -6, 27, 12, 0 }, // U+0300
    { 8, 6, 0, -2, 27, 12, 12 }, // U+0301
    { 14, 6, 0, -7, 27, 21, 24 }, // U+0302
    { 12, 5, 0, -6, 26, 15, 45 }, // U+0303
    { 13, 4, 0, -6, 25, 13, 60 }, // U+0304
    { 12, 6, 0, -6, 27, 18, 73 }, // U+0306
    { 5, 5, 0, -2, 26, 7, 91 }, // U+0307
    { 13, 5, 0, -6, 26, 17, 98 }, // U+0308
    { 9, 9, 0, -5, 30, 21, 115 }, // U+0309
    { 8, 8, 0, -4, 29, 16, 136 }, // U+030A
    { 15, 6, 0, -6, 27, 23, 152 }, // U+030B
    { 14, 6, 0, -7, 27, 21, 175 }, // U+030C
    { 8, 11, 0, -4, 22, 22, 196 }, // U+031B
    { 5, 5, 0, -2, -3, 7, 218 }, // U+0323
    { 13, 5, 0, -6, -3, 17, 225 }, // U+0324
    { 6, 9, 0, -3, -3, 14, 242 }, // U+0326
    { 8, 10, 0, -4, 1, 20, 256 }, // U+0327
    { 8, 9, 0, -5, 0, 18, 276 }, // U+0328
    { 12, 6, 0, -6, -2, 18, 294 }, // U+032E
    { 13, 4, 0, -6, -2, 13, 312 }, // U+0331
    { 19, 22, 358, 1, 22, 105, 0 }, // U+0E01
    { 21, 22, 379, 1, 22, 116, 105 }, // U+0E02
    { 22, 23, 394, 1, 23, 127, 221 }, // U+0E03
    { 20, 22, 374, 1, 22, 110, 348 }, // U+0E04
    { 20, 22, 377, 1, 22, 110, 458 }, // U+0E05
    { 23, 23, 407, 1, 23, 133, 568 }, // U+0E06
    { 16, 22, 289, 0, 22, 88, 701 }, // U+0E07
    { 19, 22, 343, 0, 22, 105, 789 }, // U+0E08
    { 20, 22, 356, 0, 22, 110, 894 }, // U+0E09
    { 23, 24, 390, 1, 24, 138, 1004 }, // U+0E0A
    { 24, 24, 400, 1, 24, 144, 1142 }, // U+0E0B
    { 28, 22, 499, 1, 22, 154, 1286 }, // U+0E0C
    { 28, 33, 509, 1, 22, 231, 1440 }, // U+0E0D
    { 21, 34, 373, 1, 22, 179, 1671 }, // U+0E0E
    { 21, 34, 373, 1, 22, 179, 1850 }, // U+0E0F
    { 20, 35, 344, 1, 23, 175, 2029 }, // U+0E10
    { 26, 22, 457, 1, 22, 143, 2204 }, // U+0E11
    { 29, 23, 526, 1, 23, 167, 2347 }, // U+0E12
    { 30, 22, 530, 1, 22, 165, 2514 }, // U+0E13
    { 20, 22, 368, 1, 22, 110, 2679 }, // U+0E14
    { 20, 23, 377, 1, 23, 115, 2789 }, // U+0E15
    { 19, 22, 359, 1, 22, 105, 2904 }, // U+0E16
    { 23, 22, 407, 1, 22, 127, 3009 }, // U+0E17
    { 19, 23, 350, 2, 23, 110, 3136 }, // U+0E18
    { 22, 22, 390, 1, 22, 121, 3246 }, // U+0E19
    { 22, 22, 391, 1, 22, 121, 3367 }, // U+0E1A
    { 22, 31, 401, 1, 31, 171, 3488 }, // U+0E1B
    { 20, 22, 389, 2, 22, 110, 3659 }, // U+0E1C
    { 20, 31, 389, 2, 31, 155, 3769 }, // U+0E1D
    { 25, 22, 443, 1, 22, 138, 3924 }, // U+0E1E
    { 25, 31, 443, 1, 31, 194, 4062 }, // U+0E1F
    { 21, 22, 378, 1, 22, 116, 4256 }, // U+0E20
    { 20, 22, 378, 1, 22, 110, 4372 }, // U+0E21
    { 18, 22, 352, 2, 22, 99, 4482 }, // U+0E22
    { 17, 23, 299, 1, 23, 98, 4581 }, // U+0E23
    { 19, 31, 359, 1, 22, 148, 4679 }, // U+0E24
    { 20, 22, 360, 1, 22, 110, 4827 }, // U+0E25
    { 21, 31, 373, 1, 22, 163, 4937 }, // U+0E26
    { 17, 22, 321, 1, 22, 94, 5100 }, // U+0E27
    { 21, 24, 374, 1, 24, 126, 5194 }, // U+0E28
    { 27, 22, 431, 1, 22, 149, 5320 }, // U+0E29
    { 21, 24, 360, 1, 24, 126, 5469 }, // U+0E2A
    { 22, 22, 387, 1, 22, 121, 5595 }, // U+0E2B
    { 27, 25, 443, 1, 25, 169, 5716 }, // U+0E2C
    { 19, 22, 361, 1, 22, 105, 5885 }, // U+0E2D
    { 19, 22, 350, 2, 22, 105, 5990 }, // U+0E2E
    { 19, 22, 344, 1, 22, 105, 6095 }, // U+0E2F
    { 18, 22, 329, 2, 22, 99, 6200 }, // U+0E30
    { 18, 10, 0, -15, 35, 45, 6299 }, // U+0E31
    { 16, 22, 306, 1, 22, 88, 6344 }, // U+0E32
    { 27, 34, 306, -10, 34, 230, 6432 }, // U+0E33
    { 18, 10, 0, -20, 34, 45, 6662 }, // U+0E34
    { 19, 12, 0, -20, 36, 57, 6707 }, // U+0E35
    { 20, 12, 0, -20, 36, 60, 6764 }, // U+0E36
    { 18, 12, 0, -20, 36, 54, 6824 }, // U+0E37
    { 8, 12, 0, -11, -1, 24, 6878 }, // U+0E38
    { 15, 11, 0, -17, -2, 42, 6902 }, // U+0E39
    { 6, 6, 0, -7, -2, 9, 6944 }, // U+0E3A
    { 19, 32, 362, 3, 29, 152, 6953 }, // U+0E3F
    { 9, 22, 196, 3, 22, 50, 7105 }, // U+0E40
    { 20, 22, 370, 3, 22, 110, 7155 }, // U+0E41
    { 17, 38, 245, -2, 38, 162, 7265 }, // U+0E42
    { 18, 38, 255, -2, 38, 171, 7427 }, // U+0E43
    { 19, 38, 269, -3, 38, 181, 7598 }, // U+0E44
    { 16, 32, 182, -7, 22, 128, 7779 }, // U+0E45
    { 19, 33, 400, 3, 23, 157, 7907 }, // U+0E46
    { 16, 14, 0, -19, 39, 56, 8064 }, // U+0E47
    { 5, 8, 0, -7, 34, 10, 8120 }, // U+0E48
    { 16, 11, 0, -14, 37, 44, 8130 }, // U+0E49
    { 19, 11, 0, -18, 37, 53, 8174 }, // U+0E4A
    { 11, 9, 0, -10, 35, 25, 8227 }, // U+0E4B
    { 12, 11, 0, -12, 37, 33, 8252 }, // U+0E4C
    { 10, 10, 0, -10, 35, 25, 8285 }, // U+0E4D
    { 11, 13, 0, -12, 39, 36, 8310 }, // U+0E4E
    { 19, 19, 376, 2, 19, 91, 8346 }, // U+0E4F
    { 22, 17, 400, 2, 17, 94, 8437 }, // U+0E50
    { 23, 17, 415, 2, 16, 98, 8531 }, // U+0E51
    { 25, 23, 430, 0, 23, 144, 8629 }, // U+0E52
    { 23, 17, 425, 2, 17, 98, 8773 }, // U+0E53
    { 25, 24, 413, 2, 23, 150, 8871 }, // U+0E54
    { 25, 24, 413, 2, 23, 150, 9021 }, // U+0E55
    { 24, 23, 404, 0, 23, 138, 9171 }, // U+0E56
    { 28, 23, 476, 2, 23, 161, 9309 }, // U+0E57
    { 22, 23, 410, 2, 23, 127, 9470 }, // U+0E58
    { 24, 24, 420, 2, 23, 144, 9597 }, // U+0E59
    { 28, 22, 499, 1, 22, 154, 9741 }, // U+0E5A
    { 36, 20, 633, 2, 20, 180, 9895 }, // U+0E5B
    { 23, 34, 385, 1, 26, 196, 0 }, // U+1EA0
    { 18, 26, 317, 1, 19, 117, 196 }, // U+1EA1
    { 24, 37, 385, 0, 37, 222, 313 }, // U+1EA2
    { 18, 30, 317, 1, 30, 135, 535 }, // U+1EA3
    { 24, 37, 385, 0, 37, 222, 670 }, // U+1EA4
    { 18, 30, 317, 1, 30, 135, 892 }, // U+1EA5
    { 24, 37, 385, 0, 37, 222, 1027 }, // U+1EA6
    { 18, 30, 317, 1, 30, 135, 1249 }, // U+1EA7
    { 24, 40, 385, 0, 40, 240, 1384 }, // U+1EA8
    { 19, 33, 317, 1, 33, 157, 1624 }, // U+1EA9
    { 24, 40, 385, 0, 40, 240, 1781 }, // U+1EAA
    { 18, 33, 317, 1, 33, 149, 2021 }, // U+1EAB
    { 23, 42, 385, 1, 34, 242, 2170 }, // U+1EAC
    { 18, 34, 317, 1, 27, 153, 2412 }, // U+1EAD
    { 24, 39, 385, 0, 39, 234, 2565 }, // U+1EAE
    { 18, 32, 317, 1, 32, 144, 2799 }, // U+1EAF
    { 24, 39, 385, 0, 39, 234, 2943 }, // U+1EB0
    { 18, 32, 317, 1, 32, 144, 3177 }, // U+1EB1
    { 24, 42, 385, 0, 42, 252, 3321 }, // U+1EB2
    { 18, 35, 317, 1, 35, 158, 3573 }, // U+1EB3
    { 24, 39, 385, 0, 39, 234, 3731 }, // U+1EB4
    { 18, 32, 317, 1, 32, 144, 3965 }, // U+1EB5
    { 24, 42, 385, 0, 34, 252, 4109 }, // U+1EB6
    { 18, 33, 317, 1, 26, 149, 4361 }, // U+1EB7
    { 18, 34, 343, 3, 26, 153, 4510 }, // U+1EB8
    { 18, 26, 325, 1, 19, 117, 4663 }, // U+1EB9
    { 18, 37, 343, 3, 37, 167, 4780 }, // U+1EBA
    { 19, 30, 325, 1, 30, 143, 4947 }, // U+1EBB
    { 18, 33, 343, 3, 33, 149, 5090 }, // U+1EBC
    { 18, 26, 325, 1, 26, 117, 5239 }, // U+1EBD
    { 18, 37, 343, 3, 37, 167, 5356 }, // U+1EBE
    { 19, 30, 325, 1, 30, 143, 5523 }, // U+1EBF
    { 18, 37, 343, 3, 37, 167, 5666 }, // U+1EC0
    { 19, 30, 325, 1, 30, 143, 5833 }, // U+1EC1
    { 19, 40, 343, 3, 40, 190, 5976 }, // U+1EC2
    { 20, 33, 325, 1, 33, 165, 6166 }, // U+1EC3
    { 18, 40, 343, 3, 40, 180, 6331 }, // U+1EC4
    { 19, 33, 325, 1, 33, 157, 6511 }, // U+1EC5
    { 18, 42, 343, 3, 34, 189, 6668 }, // U+1EC6
    { 18, 34, 325, 1, 27, 153, 6857 }, // U+1EC7
    { 9, 37, 194, 1, 37, 84, 7010 }, // U+1EC8
    { 10, 29, 167, 0, 29, 73, 7094 }, // U+1EC9
    { 5, 34, 194, 3, 26, 43, 7167 }, // U+1ECA
    { 6, 34, 164, 2, 26, 51, 7210 }, // U+1ECB
    { 23, 33, 414, 1, 26, 190, 7261 }, // U+1ECC
    { 19, 26, 347, 1, 19, 124, 7451 }, // U+1ECD
    { 23, 37, 414, 1, 37, 213, 7575 }, // U+1ECE
    { 19, 30, 347, 1, 30, 143, 7788 }, // U+1ECF
    { 23, 38, 414, 1, 38, 219, 7931 }, // U+1ED0
    { 19, 30, 347, 1, 30, 143, 8150 }, // U+1ED1
    { 23, 38, 414, 1, 38, 219, 8293 }, // U+1ED2
    { 19, 30, 347, 1, 30, 143, 8512 }, // U+1ED3
    { 23, 40, 414, 1, 40, 230, 8655 }, // U+1ED4
    { 20, 33, 347, 1, 33, 165, 8885 }, // U+1ED5
    { 23, 40, 414, 1, 40, 230, 9050 }, // U+1ED6
    { 19, 33, 347, 1, 33, 157, 9280 }, // U+1ED7
    { 23, 42, 414, 1, 35, 242, 9437 }, // U+1ED8
    { 19, 34, 347, 1, 27, 162, 9679 }, // U+1ED9
    { 28, 35, 443, 1, 35, 245, 9841 }, // U+1EDA
    { 24, 27, 391, 1, 27, 162, 10086 }, // U+1EDB
    { 28, 35, 443, 1, 35, 245, 10248 }, // U+1EDC
    { 24, 27, 391, 1, 27, 162, 10493 }, // U+1EDD
    { 28, 37, 443, 1, 37, 259, 10655 }, // U+1EDE
    { 24, 30, 391, 1, 30, 180, 10914 }, // U+1EDF
    { 28, 34, 443, 1, 34, 238, 11094 }, // U+1EE0
    { 24, 26, 391, 1, 26, 156, 11332 }, // U+1EE1
    { 28, 33, 443, 1, 26, 231, 11488 }, // U+1EE2
    { 24, 26, 391, 1, 19, 156, 11719 }, // U+1EE3
    { 20, 33, 397, 2, 26, 165, 11875 }, // U+1EE4
    { 18, 26, 337, 2, 19, 117, 12040 }, // U+1EE5
    { 20, 37, 397, 2, 37, 185, 12157 }, // U+1EE6
    { 18, 30, 337, 2, 30, 135, 12342 }, // U+1EE7
    { 27, 35, 446, 2, 35, 237, 12477 }, // U+1EE8
    { 24, 27, 389, 2, 27, 162, 12714 }, // U+1EE9
    { 27, 35, 446, 2, 35, 237, 12876 }, // U+1EEA
    { 24, 27, 389, 2, 27, 162, 13113 }, // U+1EEB
    { 27, 37, 446, 2, 37, 250, 13275 }, // U+1EEC
    { 24, 30, 389, 2, 30, 180, 13525 }, // U+1EED
    { 27, 34, 446, 2, 34, 230, 13705 }, // U+1EEE
    { 24, 26, 389, 2, 26, 156, 13935 }, // U+1EEF
    { 27, 33, 446, 2, 26, 223, 14091 }, // U+1EF0
    { 24, 26, 389, 2, 19, 156, 14314 }, // U+1EF1
    { 23, 34, 377, 0, 34, 196, 14470 }, // U+1EF2
    { 19, 34, 303, 0, 27, 162, 14666 }, // U+1EF3
    { 23, 34, 377, 0, 26, 196, 14828 }, // U+1EF4
    { 18, 26, 303, 1, 19, 117, 15024 }, // U+1EF5
    { 23, 37, 377, 0, 37, 213, 15141 }, // U+1EF6
    { 19, 37, 303, 0, 30, 176, 15354 }, // U+1EF7
    { 23, 33, 377, 0, 33, 190, 15530 }, // U+1EF8
    { 18, 33, 303, 1, 26, 149, 15720 }, // U+1EF9
    { 0, 0, 339, 0, 0, 0, 0 }, // U+2007
    { 11, 4, 204, 1, 12, 11, 0 }, // U+2010
    { 19, 4, 324, 1, 12, 19, 11 }, // U+2012
    { 19, 4, 324, 1, 12, 19, 30 }, // U+2013
    { 30, 4, 502, 1, 12, 30, 49 }, // U+2014
    { 30, 4, 502, 1, 12, 30, 79 }, // U+2015
    { 8, 13, 197, 3, 28, 26, 109 }, // U+2018
    { 8, 13, 197, 2, 27, 26, 135 }, // U+2019
    { 8, 13, 197, 2, 6, 26, 161 }, // U+201A
    { 17, 13, 338, 3, 28, 56, 187 }, // U+201C
    { 17, 13, 338, 2, 27, 56, 243 }, // U+201D
    { 17, 13, 338, 2, 6, 56, 299 }, // U+201E
    { 19, 26, 328, 1, 26, 124, 355 }, // U+2020
    { 19, 26, 328, 1, 26, 124, 479 }, // U+2021
    { 11, 11, 221, 2, 17, 31, 603 }, // U+2022
    { 26, 6, 479, 2, 6, 39, 634 }, // U+2026
    { 49, 26, 827, 2, 26, 319, 673 }, // U+2030
    { 9, 9, 178, 1, 26, 21, 992 }, // U+2032
    { 16, 9, 292, 1, 26, 36, 1013 }, // U+2033
    { 11, 15, 211, 1, 17, 42, 1049 }, // U+2039
    { 11, 15, 211, 1, 17, 42, 1091 }, // U+203A
    { 19, 28, 136, -5, 27, 133, 1133 }, // U+2044
    { 14, 18, 258, 1, 26, 63, 0 }, // U+2070
    { 15, 18, 258, 1, 26, 68, 63 }, // U+2074
    { 14, 18, 258, 1, 26, 63, 131 }, // U+2075
    { 14, 18, 258, 1, 26, 63, 194 }, // U+2076
    { 13, 18, 258, 1, 26, 59, 257 }, // U+2077
    { 14, 18, 258, 1, 26, 63, 316 }, // U+2078
    { 14, 19, 258, 1, 26, 67, 379 }, // U+2079
    { 9, 21, 163, 1, 28, 48, 446 }, // U+207D
    { 9, 21, 163, 0, 28, 48, 494 }, // U+207E
    { 13, 12, 234, 0, 26, 39, 542 }, // U+207F
    { 14, 19, 258, 1, 13, 67, 581 }, // U+2080
    { 12, 19, 258, 2, 13, 57, 648 }, // U+2081
    { 14, 19, 258, 1, 13, 67, 705 }, // U+2082
    { 14, 19, 258, 1, 13, 67, 772 }, // U+2083
    { 15, 19, 258, 1, 13, 72, 839 }, // U+2084
    { 14, 19, 258, 1, 13, 67, 911 }, // U+2085
    { 14, 19, 258, 1, 13, 67, 978 }, // U+2086
    { 13, 19, 258, 1, 13, 62, 1045 }, // U+2087
    { 14, 19, 258, 1, 13, 67, 1107 }, // U+2088
    { 14, 19, 258, 1, 13, 67, 1174 }, // U+2089
    { 9, 21, 163, 1, 14, 48, 1241 }, // U+208D
    { 9, 21, 163, 0, 14, 48, 1289 }, // U+208E
    { 21, 32, 368, 1, 29, 168, 0 }, // U+20A1
    { 18, 26, 331, 2, 26, 117, 168 }, // U+20A4
    { 29, 26, 486, 1, 26, 189, 285 }, // U+20A6
    { 23, 26, 400, 1, 26, 150, 474 }, // U+20A7
    { 20, 34, 352, 1, 28, 170, 624 }, // U+20AB
    { 24, 26, 404, 1, 26, 156, 794 }, // U+20AC
    { 26, 26, 428, 1, 26, 169, 950 }, // U+20B1
    { 21, 32, 386, 1, 29, 168, 1119 }, // U+20B2
    { 22, 32, 368, 1, 29, 176, 1287 }, // U+20B5
    { 21, 27, 380, 2, 27, 142, 1463 }, // U+20B9
    { 20, 26, 358, 1, 26, 130, 1605 }, // U+20BA
    { 19, 26, 344, 1, 26, 124, 1735 }, // U+20BD
    { 23, 10, 540, 5, 15, 58, 0 }, // U+2190
    { 10, 23, 300, 4, 23, 58, 58 }, // U+2191
    { 23, 10, 540, 5, 15, 58, 116 }, // U+2192
    { 10, 23, 300, 4, 23, 58, 174 }, // U+2193
    { 17, 28, 315, 1, 27, 119, 0 }, // U+2202
    { 24, 27, 394, 0, 27, 162, 119 }, // U+2206
    { 20, 31, 409, 3, 27, 155, 281 }, // U+220F
    { 23, 30, 393, 1, 26, 173, 436 }, // U+2211
    { 20, 4, 370, 2, 12, 20, 609 }, // U+2212
    { 21, 27, 155, -6, 27, 142, 629 }, // U+2215
    { 8, 8, 177, 2, 17, 16, 771 }, // U+2219
    { 29, 29, 377, 0, 26, 211, 787 }, // U+221A
    { 29, 14, 517, 2, 18, 102, 998 }, // U+221E
    { 15, 35, 211, -1, 27, 132, 1100 }, // U+222B
    { 20, 15, 370, 2, 19, 75, 1232 }, // U+2248
    { 19, 20, 370, 2, 20, 95, 1307 }, // U+2260
    { 20, 22, 370, 2, 22, 110, 1402 }, // U+2264
    { 20, 22, 370, 2, 22, 110, 1512 }, // U+2265
    { 21, 26, 369, 1, 26, 137, 0 }, // U+FB01
    { 25, 28, 392, 1, 28, 175, 137 }, // U+FB02
};

static const EpdUnicodeInterval sarabun_18_boldIntervals[] = {
    { 0x0, 0x0, 0x0 },
    { 0xD, 0xD, 0x1 },
    { 0x20, 0x7E, 0x2 },
    { 0xA0, 0x17E, 0x61 },
    { 0x1A0, 0x1A1, 0x140 },
    { 0x1AF, 0x1B0, 0x142 },
    { 0x1CD, 0x1DC, 0x144 },
    { 0x1E6, 0x1E7, 0x154 },
    { 0x1FA, 0x1FF, 0x156 },
    { 0x218, 0x21B, 0x15C },
    { 0x300, 0x304, 0x160 },
    { 0x306, 0x30C, 0x165 },
    { 0x31B, 0x31B, 0x16C },
    { 0x323, 0x324, 0x16D },
    { 0x326, 0x328, 0x16F },
    { 0x32E, 0x32E, 0x172 },
    { 0x331, 0x331, 0x173 },
    { 0xE01, 0xE3A, 0x174 },
    { 0xE3F, 0xE5B, 0x1AE },
    { 0x1EA0, 0x1EF9, 0x1CB },
    { 0x2007, 0x2007, 0x225 },
    { 0x2010, 0x2010, 0x226 },
    { 0x2012, 0x2015, 0x227 },
    { 0x2018, 0x201A, 0x22B },
    { 0x201C, 0x201E, 0x22E },
    { 0x2020, 0x2022, 0x231 },
    { 0x2026, 0x2026, 0x234 },
    { 0x2030, 0x2030, 0x235 },
    { 0x2032, 0x2033, 0x236 },
    { 0x2039, 0x203A, 0x238 },
    { 0x2044, 0x2044, 0x23A },
    { 0x2070, 0x2070, 0x23B },
    { 0x2074, 0x2079, 0x23C },
    { 0x207D, 0x2089, 0x242 },
    { 0x208D, 0x208E, 0x24F },
    { 0x20A1, 0x20A1, 0x251 },
    { 0x20A4, 0x20A4, 0x252 },
    { 0x20A6, 0x20A7, 0x253 },
    { 0x20AB, 0x20AC, 0x255 },
    { 0x20B1, 0x20B2, 0x257 },
    { 0x20B5, 0x20B5, 0x259 },
    { 0x20B9, 0x20BA, 0x25A },
    { 0x20BD, 0x20BD, 0x25C },
    { 0x2190, 0x2193, 0x25D },
    { 0x2202, 0x2202, 0x261 },
    { 0x2206, 0x2206, 0x262 },
    { 0x220F, 0x220F, 0x263 },
    { 0x2211, 0x2212, 0x264 },
    { 0x2215, 0x2215, 0x266 },
    { 0x2219, 0x221A, 0x267 },
    { 0x221E, 0x221E, 0x269 },
    { 0x222B, 0x222B, 0x26A },
    { 0x2248, 0x2248, 0x26B },
    { 0x2260, 0x2260, 0x26C },
    { 0x2264, 0x2265, 0x26D },
    { 0xFB01, 0xFB02, 0x26F },
};

static const EpdFontGroup sarabun_18_boldGroups[] = {
    { 0, 3559, 10626, 97, 0 },
    { 3559, 3543, 12773, 96, 97 },
    { 7102, 4348, 19671, 127, 193 },
    { 11450, 1602, 5557, 32, 320 },
    { 13052, 227, 360, 20, 352 },
    { 13279, 4198, 10699, 87, 372 },
    { 17477, 2900, 16616, 90, 459 },
    { 20377, 513, 1355, 22, 549 },
    { 20890, 546, 1549, 22, 571 },
    { 21436, 784, 2000, 12, 593 },
    { 22220, 106, 258, 4, 605 },
    { 22326, 629, 1714, 14, 609 },
    { 22955, 108, 352, 2, 623 },
};

static const uint16_t sarabun_18_boldKernLeftCodepoints[] = {
    0x002C, 0x002E, 0x0041, 0x0042, 0x0044, 0x0046, 0x004B, 0x004C, 0x004F, 0x0050, 0x0051, 0x0053,
    0x0054, 0x0055, 0x0056, 0x0057, 0x0058, 0x0059, 0x005A, 0x0061, 0x0062, 0x0063, 0x0065, 0x0066,
    0x0067, 0x006B, 0x006C, 0x006D, 0x006E, 0x006F, 0x0070, 0x0072, 0x0073, 0x0074, 0x0075, 0x0076,
    0x0078, 0x0079, 0x007A, 0x00C0, 0x00C1, 0x00C2, 0x00C3, 0x00C4, 0x00C5, 0x00D0, 0x00D2, 0x00D3,
    0x00D4, 0x00D5, 0x00D6, 0x00D8, 0x00D9, 0x00DA, 0x00DB, 0x00DC, 0x00DD, 0x00E0, 0x00E1, 0x00E2,
    0x00E3, 0x00E4, 0x00E5, 0x00E6, 0x00E7, 0x00E8, 0x00E9, 0x00EA, 0x00EB, 0x00F1, 0x00F2, 0x00F3,
    0x00F4, 0x00F5, 0x00F6, 0x00FD, 0x00FE, 0x00FF, 0x0100, 0x0101, 0x0102, 0x0103, 0x0104, 0x0105,
    0x0107, 0x0109, 0x010B, 0x010D, 0x010E, 0x0110, 0x0113, 0x0115, 0x0117, 0x0119, 0x011B, 0x0125,
    0x0127, 0x0132, 0x0134, 0x0136, 0x0137, 0x0138, 0x0139, 0x013B, 0x013D, 0x013F, 0x0141, 0x0144,
    0x0146, 0x0148, 0x0149, 0x014B, 0x014C, 0x014D, 0x014E, 0x014F, 0x0150, 0x0151, 0x0153, 0x0154,
    0x0155, 0x0156, 0x0157, 0x0158, 0x0159, 0x015A, 0x015B, 0x015C, 0x015D, 0x015E, 0x015F, 0x0160,
    0x0161, 0x0162, 0x0163, 0x0164, 0x0165, 0x0166, 0x0167, 0x0168, 0x016A, 0x016C, 0x016E, 0x0170,
    0x0172, 0x0174, 0x0175, 0x0176, 0x0177, 0x0178, 0x01A0, 0x01CD, 0x01CE, 0x01D1, 0x01D2, 0x01D3,
    0x01D5, 0x01D7, 0x01D9, 0x01DB, 0x01FA, 0x01FB, 0x01FD, 0x01FE, 0x01FF, 0x0218, 0x0219, 0x021A,
    0x021B, 0x1EA0, 0x1EA1, 0x1EA2, 0x1EA3, 0x1EA4, 0x1EA5, 0x1EA6, 0x1EA7, 0x1EA8, 0x1EA9, 0x1EAA,
    0x1EAB, 0x1EAC, 0x1EAD, 0x1EAE, 0x1EAF, 0x1EB0, 0x1EB1, 0x1EB2, 0x1EB3, 0x1EB4, 0x1EB5, 0x1EB6,
    0x1EB7, 0x1EB9, 0x1EBB, 0x1EBD, 0x1EBF, 0x1EC1, 0x1EC3, 0x1EC5, 0x1EC7, 0x1ECC, 0x1ECD, 0x1ECE,
    0x1ECF, 0x1ED0, 0x1ED1, 0x1ED2, 0x1ED3, 0x1ED4, 0x1ED5, 0x1ED6, 0x1ED7, 0x1ED8, 0x1ED9, 0x1EDA,
    0x1EDB, 0x1EDC, 0x1EDD, 0x1EDE, 0x1EDF, 0x1EE0, 0x1EE1, 0x1EE2, 0x1EE3, 0x1EE4, 0x1EE6, 0x1EF2,
    0x1EF3, 0x1EF4, 0x1EF5, 0x1EF6, 0x1EF7, 0x1EF8, 0x1EF9, 0x2018, 0x201C, 0x2026,
};

static const uint8_t sarabun_18_boldKernLeftClassIds[] = {
      1,   1,   2,   3,   4,   5,   6,   7,   8,   9,   8,  10,  11,  12,  13,  14,
     15,  16,  17,  18,  19,  20,  21,  22,  23,  24,  25,  26,  26,  27,  28,  29,
     30,  31,  32,  33,  34,  35,  36,  37,  37,  37,  37,  37,  37,  38,  39,  39,
     39,  39,  39,  40,  12,  12,  12,  12,  16,  18,  18,  18,  18,  18,  18,  41,
     42,  41,  41,  41,  41,  43,  27,  27,  27,  27,  27,  35,  44,  35,  37,  18,
     37,  18,  37,  18,  42,  42,  42,  42,  45,  38,  41,  41,  41,  41,  41,  46,
     46,  47,  47,  48,  49,  49,  50,  50,  50,  50,  51,  43,  43,  43,  43,  43,
     39,  27,  39,  27,  39,  27,  41,  52,  53,  52,  53,  52,  53,  54,  55,  54,
     55,  54,  55,  54,  55,  56,  57,  56,  57,  56,  57,  12,  12,  12,  12,  12,
     12,  58,  59,  16,  35,  16,  40,  37,  18,  39,  27,  12,  12,  12,  12,  12,
     37,  18,  41,  39,  27,  54,  55,  56,  57,  37,  18,  37,  18,  37,  18,  37,
     18,  37,  18,  37,  18,  37,  18,  37,  18,  37,  18,  37,  18,  37,  18,  37,
     18,  41,  41,  41,  41,  41,  41,  41,  41,  39,  27,  39,  27,  39,  27,  39,
     27,  39,  27,  39,  27,  39,  27,  40,  27,  40,  27,  40,  27,  40,  27,  40,
     27,  12,  12,  16,  35,  16,  35,  16,  35,  16,  35,  60,  60,  61,
};

static const uint16_t sarabun_18_boldKernRightCodepoints[] = {
    0x002C, 0x002E, 0x0041, 0x0043, 0x0047, 0x004A, 0x004F, 0x0051, 0x0053, 0x0054, 0x0055, 0x0056,
    0x0057, 0x0058, 0x0059, 0x0061, 0x0063, 0x0064, 0x0065, 0x0066, 0x0067, 0x006A, 0x006D, 0x006E,
    0x006F, 0x0070, 0x0071, 0x0072, 0x0073, 0x0074, 0x0075, 0x0076, 0x0077, 0x0078, 0x0079, 0x007A,
    0x00C0, 0x00C1, 0x00C2, 0x00C3, 0x00C4, 0x00C5, 0x00C6, 0x00C7, 0x00D2, 0x00D3, 0x00D4, 0x00D5,
    0x00D6, 0x00D8, 0x00D9, 0x00DA, 0x00DB, 0x00DC, 0x00DD, 0x00DF, 0x00E0, 0x00E1, 0x00E2, 0x00E3,
    0x00E4, 0x00E5, 0x00E6, 0x00E7, 0x00E8, 0x00E9, 0x00EA, 0x00EB, 0x00F0, 0x00F1, 0x00F2, 0x00F3,
    0x00F4, 0x00F5, 0x00F6, 0x00F8, 0x00F9, 0x00FA, 0x00FB, 0x00FC, 0x00FD, 0x00FF, 0x0100, 0x0101,
    0x0102, 0x0103, 0x0104, 0x0105, 0x0106, 0x0107, 0x0108, 0x0109, 0x010A, 0x010B, 0x010C, 0x010D,
    0x010F, 0x0111, 0x0113, 0x0115, 0x0117, 0x0119, 0x011B, 0x011C, 0x011D, 0x011E, 0x011F, 0x0120,
    0x0121, 0x0122, 0x0123, 0x0134, 0x0135, 0x0144, 0x0146, 0x0148, 0x0149, 0x014B, 0x014C, 0x014D,
    0x014E, 0x014F, 0x0150, 0x0151, 0x0153, 0x0155, 0x0157, 0x0159, 0x015A, 0x015B, 0x015C, 0x015D,
    0x015E, 0x015F, 0x0160, 0x0161, 0x0162, 0x0163, 0x0164, 0x0165, 0x0166, 0x0167, 0x0168, 0x0169,
    0x016A, 0x016B, 0x016C, 0x016D, 0x016E, 0x016F, 0x0170, 0x0171, 0x0172, 0x0173, 0x0174, 0x0175,
    0x0176, 0x0177, 0x0178, 0x017A, 0x017C, 0x017E, 0x01A0, 0x01A1, 0x01AF, 0x01B0, 0x01CD, 0x01CE,
    0x01D1, 0x01D2, 0x01D3, 0x01D4, 0x01D5, 0x01D6, 0x01D7, 0x01D8, 0x01D9, 0x01DA, 0x01DB, 0x01DC,
    0x01E6, 0x01E7, 0x01FA, 0x01FB, 0x01FC, 0x01FD, 0x01FE, 0x01FF, 0x0218, 0x0219, 0x021A, 0x021B,
    0x1EA0, 0x1EA1, 0x1EA2, 0x1EA3, 0x1EA4, 0x1EA5, 0x1EA6, 0x1EA7, 0x1EA8, 0x1EA9, 0x1EAA, 0x1EAB,
    0x1EAC, 0x1EAD, 0x1EAE, 0x1EAF, 0x1EB0, 0x1EB1, 0x1EB2, 0x1EB3, 0x1EB4, 0x1EB5, 0x1EB6, 0x1EB7,
    0x1EB9, 0x1EBB, 0x1EBD, 0x1EBF, 0x1EC1, 0x1EC3, 0x1EC5, 0x1EC7, 0x1ECC, 0x1ECD, 0x1ECE, 0x1ECF,
    0x1ED0, 0x1ED1, 0x1ED2, 0x1ED3, 0x1ED4, 0x1ED5, 0x1ED6, 0x1ED7, 0x1ED8, 0x1ED9, 0x1EDA, 0x1EDB,
    0x1EDC, 0x1EDD, 0x1EDE, 0x1EDF, 0x1EE0, 0x1EE1, 0x1EE2, 0x1EE3, 0x1EE4, 0x1EE5, 0x1EE6, 0x1EE7,
    0x1EE8, 0x1EE9, 0x1EEA, 0x1EEB, 0x1EEC, 0x1EED, 0x1EEE, 0x1EEF, 0x1EF0, 0x1EF1, 0x1EF2, 0x1EF3,
    0x1EF4, 0x1EF5, 0x1EF6, 0x1EF7, 0x1EF8, 0x1EF9, 0x2019, 0x201D, 0x2026, 0xFB01, 0xFB02,
};

static const uint8_t sarabun_18_boldKernRightClassIds[] = {
      1,   2,   3,   4,   5,   6,   7,   8,   9,  10,  11,  12,  13,  14,  15,  16,
     17,  18,  19,  20,  21,  22,  23,  24,  25,  26,  27,  28,  29,  30,  31,  32,
     33,  34,  35,  36,  37,  37,  37,  37,  37,  37,  37,  38,  39,  39,  39,  39,
     39,  40,  41,  41,  41,  41,  42,  43,  44,  44,  44,  44,  44,  44,  44,  45,
     46,  46,  46,  46,  47,  48,  49,  49,  49,  49,  49,  50,  51,  51,  51,  51,
     52,  52,  37,  44,  37,  44,  37,  44,  38,  45,  38,  45,  38,  45,  38,  45,
     53,  47,  46,  46,  46,  46,  46,  54,  55,  54,  55,  54,  55,  54,  55,  56,
     22,  48,  48,  48,  48,  48,  39,  49,  39,  49,  39,  49,  57,  58,  58,  58,
     59,  60,  59,  60,  59,  60,  59,  60,  61,  62,  61,  62,  61,  62,  41,  51,
     41,  51,  41,  51,  41,  51,  41,  51,  41,  51,  63,  64,  42,  52,  42,  65,
     65,  65,  39,  50,  41,  66,  37,  44,  39,  49,  41,  51,  41,  51,  41,  51,
     41,  51,  41,  51,  54,  55,  37,  44,  37,  44,  39,  49,  59,  60,  61,  62,
     37,  44,  37,  44,  37,  44,  37,  44,  37,  44,  37,  44,  37,  44,  37,  44,
     37,  44,  37,  44,  37,  44,  37,  44,  46,  46,  46,  46,  46,  46,  46,  46,
     39,  49,  39,  49,  39,  49,  39,  49,  39,  49,  39,  49,  39,  49,  39,  49,
     39,  49,  39,  49,  39,  49,  39,  49,  41,  51,  41,  51,  41,  51,  41,  51,
     41,  51,  41,  51,  41,  51,  42,  52,  42,  52,  42,  52,  42,  52,  67,  68,
     69,  43,  43,
};

static const uint16_t sarabun_18_boldKernRowOffsets[] = {
        0,    12,    49,    55,    62,    69,    81,   118,   127,   151,   156,   193,   197,   249,   269,   300,
      344,   355,   360,   368,   372,   388,   407,   410,   431,   448,   454,   467,   478,   483,   493,   496,
      502,   529,   540,   562,   568,   606,   611,   621,   627,   646,   651,   658,   663,   672,   677,   681,
      717,   739,   776,   787,   792,   794,   799,   810,   849,   854,   899,   915,   918,   923,
};

static const uint8_t sarabun_18_boldKernSparseCols[] = {
      9,  11,  14,  17,  20,  24,  26,  31,  32,  48,  52,  56,   3,   6,   7,   8,
      9,  10,  11,  12,  14,  15,  16,  17,  18,  20,  24,  26,  30,  31,  34,  37,
     38,  40,  41,  43,  44,  45,  48,  50,  51,  52,  56,  58,  60,  62,  63,  66,
     67,   2,  11,  13,  14,  36,  41,   2,  11,  14,  36,  41,  55,  62,   0,   1,
      2,   5,  36,  55,  68,  15,  16,  17,  18,  20,  26,  34,  43,  44,  45,  51,
     52,   3,   4,   6,   7,   9,  10,  11,  12,  14,  15,  16,  17,  18,  20,  24,
     26,  29,  31,  32,  34,  37,  38,  40,  41,  43,  44,  45,  48,  51,  52,  53,
     56,  60,  62,  63,  66,  67,   2,  11,  12,  13,  14,  36,  41,  55,  62,   0,
      1,   2,   5,  11,  13,  14,  15,  16,  17,  20,  24,  26,  28,  36,  41,  43,
     44,  48,  52,  55,  56,  59,  68,   2,  11,  14,  36,  41,   0,   1,   2,   3,
     15,  16,  17,  18,  20,  22,  23,  24,  26,  28,  30,  31,  32,  33,  34,  35,
     36,  37,  43,  44,  45,  47,  48,  50,  51,  52,  54,  55,  56,  57,  59,  63,
     64,   0,   1,   2,  36,   0,   1,   2,   3,   4,   5,   6,   7,   8,  15,  16,
     17,  18,  20,  21,  22,  23,  24,  25,  26,  28,  30,  31,  33,  34,  36,  37,
     38,  39,  42,  43,  44,  45,  46,  47,  48,  49,  50,  51,  52,  53,  54,  55,
     56,  57,  58,  59,  61,  63,  64,  65,  68,   0,   1,   2,   6,   7,  15,  16,
     17,  18,  20,  24,  26,  36,  38,  43,  44,  45,  48,  52,  56,   3,   4,   6,
      7,  15,  16,  17,  18,  20,  24,  26,  30,  31,  34,  37,  38,  39,  43,  44,
     45,  46,  48,  49,  50,  51,  52,  53,  56,  61,  63,  65,   0,   1,   2,   3,
      4,   5,   6,   7,   8,  15,  16,  17,  18,  20,  22,  23,  24,  26,  28,  30,
     31,  33,  34,  36,  37,  38,  43,  44,  45,  47,  48,  50,  51,  52,  53,  54,
     55,  56,  57,  58,  59,  61,  63,  64,  16,  17,  18,  20,  24,  26,  44,  45,
     48,  52,  56,  11,  14,  41,  62,  63,   0,   1,  11,  14,  34,  41,  51,  62,
     11,  14,  41,  62,   0,   1,   2,  11,  13,  14,  28,  31,  34,  36,  41,  51,
     54,  59,  62,  63,   0,   1,  15,  16,  17,  18,  20,  24,  26,  43,  44,  45,
     46,  48,  49,  52,  54,  56,  68,  11,  14,  41,   9,  11,  14,  15,  16,  17,
     18,  20,  24,  26,  34,  41,  43,  44,  45,  48,  51,  52,  56,  60,  62,  16,
     17,  18,  20,  24,  26,  28,  31,  32,  34,  44,  45,  48,  51,  52,  56,  59,
      9,  11,  14,  41,  60,  62,   0,   1,   2,   9,  11,  14,  31,  34,  36,  41,
     51,  60,  62,   0,   1,   9,  11,  12,  13,  31,  34,  51,  60,  62,   0,   1,
     24,  48,  56,   1,   9,  11,  13,  14,  18,  41,  45,  60,  62,  24,  48,  56,
      9,  11,  14,  41,  60,  62,   0,   1,   2,   9,  11,  13,  14,  15,  16,  17,
     18,  20,  24,  26,  36,  41,  43,  44,  45,  46,  48,  52,  55,  56,  60,  62,
     68,   9,  11,  14,  17,  20,  26,  41,  46,  52,  60,  62,   0,   1,   2,   9,
     13,  14,  15,  17,  18,  20,  24,  26,  36,  41,  43,  45,  48,  52,  55,  56,
     60,  62,   9,  11,  14,  41,  60,  62,   3,   6,   7,   8,   9,  10,  11,  12,
     14,  15,  16,  17,  18,  20,  24,  26,  30,  31,  32,  34,  37,  38,  40,  41,
     43,  44,  45,  48,  50,  51,  52,  56,  58,  60,  62,  63,  66,  67,   2,   5,
     11,  12,  14,   2,   5,  11,  12,  13,  14,  36,  41,  55,  62,   2,   5,  11,
     12,  13,  14,   0,   1,   2,  11,  12,  13,  14,  20,  28,  31,  32,  34,  36,
     41,  51,  54,  59,  62,  63,  11,  12,  14,  41,  62,   9,  11,  12,  14,  41,
     60,  62,   0,   1,  31,  34,  51,   2,   5,  11,  12,  14,  36,  41,  55,  62,
     11,  12,  14,  41,  62,   2,   5,  36,  55,   3,   4,   6,   7,   8,  11,  12,
     14,  15,  16,  17,  18,  20,  24,  26,  29,  30,  31,  32,  34,  37,  38,  41,
     43,  44,  45,  48,  50,  51,  52,  53,  56,  58,  61,  62,  63,   9,  11,  12,
     14,  15,  16,  17,  18,  20,  24,  26,  34,  41,  43,  44,  45,  48,  51,  52,
     56,  60,  62,   3,   4,   6,   7,   9,  10,  11,  12,  14,  15,  16,  17,  18,
     20,  24,  26,  29,  31,  32,  34,  37,  38,  40,  41,  43,  44,  45,  48,  51,
     52,  53,  56,  60,  62,  63,  66,  67,   3,   4,   6,   9,  11,  12,  14,  31,
     32,  34,  66,  11,  12,  14,  41,  62,  18,  45,   2,  11,  14,  36,  41,   1,
      9,  11,  12,  13,  14,  18,  41,  45,  60,  62,   0,   1,   2,   3,   5,  15,
     16,  17,  18,  20,  22,  23,  24,  26,  27,  28,  30,  31,  32,  33,  34,  35,
     36,  37,  43,  44,  45,  47,  48,  50,  51,  52,  54,  55,  56,  57,  59,  63,
     64,  11,  12,  14,  41,  62,   0,   2,   3,   4,   5,   6,   7,  15,  16,  17,
     18,  19,  20,  21,  22,  23,  24,  26,  28,  29,  30,  31,  32,  33,  34,  35,
     36,  37,  38,  43,  44,  45,  47,  48,  50,  51,  52,  53,  54,  55,  56,  59,
     61,  63,  64,   2,   9,  14,  15,  17,  18,  20,  26,  36,  41,  43,  45,  52,
     55,  60,  62,   2,   5,  36,   9,  11,  14,  31,  32,
};

static const int8_t sarabun_18_boldKernSparseValues[] = {
     -60,  -60,  -60,  -18,  -18,  -18,  -18,  -36,  -36,  -18,  -18,  -18,  -18,  -18,  -18,  -24,
     -36,  -36,  -30,  -18,  -36,  -18,  -18,  -18,  -18,  -18,  -18,  -18,  -24,  -24,  -24,  -18,
     -18,  -36,  -36,  -18,  -18,  -18,  -18,  -24,  -24,  -18,  -18,  -24,  -36,  -60,  -48,  -48,
     -78,  -12,  -18,  -24,  -24,  -12,  -24,  -24,  -36,  -30,  -24,  -30,  -30,  -36,  -60,  -60,
     -60,  -54, -108,  -60,  -60,  -18,  -12,  -12,  -12,  -12,  -12,  -24,  -18,  -12,  -12,  -24,
     -12,  -18,  -18,  -30,  -30,  -66,  -18,  -60,  -48,  -60,  -12,  -12,  -12,  -12,  -12,  -12,
     -12,  -18,  -36,  -24,  -48,  -18,  -30,  -18,  -60,  -12,  -12,  -12,  -12,  -48,  -12,  -18,
     -12,  -66,  -48,  -48,  -84,  -48,  -18,  -18,   -6,  -24,  -24,  -18,  -24,  -24,  -24,  -60,
     -60,  -48,  -60,  -18,  -36,  -18,  -18,  -18,  -18,  -18,  -18,  -18,  -12,  -96,  -36,  -18,
     -18,  -18,  -18,  -72,  -18,  -12,  -60,  -18,  -18,  -18,  -18,  -18,  -60,  -60,  -36,  -24,
     -48,  -36,  -48,  -48,  -48,  -36,  -36,  -48,  -48,  -42,  -36,  -36,  -24,  -30,  -24,  -30,
     -36,  -24,  -48,  -36,  -48,  -36,  -48,  -36,  -24,  -48,  -36,  -36,  -48,  -24,  -42,  -24,
     -12,  -24,  -24,  -36,  -36,  -60,  -60,  -30,  -24,  -24,  -42,  -18,  -18,  -18,  -48,  -48,
     -48,  -48,  -48,  -48,  -30,  -30,  -36,  -30,  -48,  -30,  -30,  -36,  -30,  -30, -120,  -48,
     -48,  -30,  -24,  -96,  -96,  -96,  -48,  -60,  -72,  -36,  -60,  -60,  -96,  -60,  -96,  -72,
     -36,  -60,  -36,  -60,  -60,  -60,  -48,  -30,  -60,  -48,  -48,  -18,   -6,   -6,  -12,  -12,
     -12,  -12,  -12,  -12,  -12,  -18,   -6,  -12,  -12,  -12,  -12,  -12,  -12,  -24,  -18,  -24,
     -24,  -30,  -18,  -18,  -24,  -18,  -18,  -18,  -18,  -30,  -42,  -48,  -48,  -24,  -60,  -48,
     -54,  -30,  -54,  -36,  -36,  -84,  -48,  -42,  -18,  -36,  -60,  -18,  -60,  -60,  -36,  -30,
     -36,  -42,  -24,  -24,  -18,  -36,  -36,  -36,  -36,  -36,  -36,  -36,  -36,  -36,  -36,  -36,
     -36,  -48,  -36,  -36,  -30,  -24,  -36,  -36,  -36,  -36,  -36,  -36,  -36,  -36,  -36,  -48,
     -48,  -36,  -36,  -18,  -36,  -36,  -48,  -30,  -12,  -12,  -12,  -12,  -12,  -12,  -12,  -12,
     -12,  -12,  -12,  -36,  -48,  -48,  -36,  -36,  -18,  -18,  -48,  -48,  -12,  -48,  -36,  -36,
     -24,  -36,  -36,  -24,  -18,  -18,  -24,  -48,  -30,  -48,   12,  -18,  -12,  -24,  -48,  -12,
      12,   12,  -36,  -12,  -36,  -36,  -24,  -24,  -24,  -18,  -24,  -24,  -24,  -48,  -48,  -42,
     -24,  -48,  -24,  -48,  -48,  -24,  -36,  -24,  -36,  -72,  -36,  -54,  -36,  -24,  -24,  -24,
     -12,  -24,  -12,  -24,  -18,  -36,  -24,  -24,  -12,  -12,  -18,  -24,  -12,  -36,  -42,  -12,
     -12,  -18,  -12,  -18,  -12,  -12,  -18,  -12,  -18,  -12,  -18,  -18,  -18,  -12,  -18,  -12,
     -36,  -42,  -48,  -48,  -36,  -42,  -18,  -18,  -24,  -36,  -36,  -42,   -6,   -6,  -24,  -42,
      -6,  -36,  -36,  -18,  -18,  -36,  -36,  -36,  -30,  -12,   -6,   -6,  -36,  -36,  -36,  -36,
      -6,   -6,   -6,  -18,  -36,  -30,  -24,  -36,   12,  -36,   12,  -36,  -24,  -18,  -18,  -18,
     -48,  -30,  -36,  -72,  -96,  -60,  -36,  -36,  -60,  -24,  -36,  -30,  -36,  -18,  -18,  -12,
     -12,  -12,   -6,  -12, -120,  -72,  -42,  -42,  -30,  -24,   -6,  -36,  -96,   -6,  -48,  -60,
     -36,  -24,  -30,  -48,  -18,  -18,  -18,  -96,  -24,  -42,  -48,  -60,  -24,  -24,  -48,  -24,
     -36,  -36,  -18,   -6,   -6,   -6,   -6,   -6,  -48,  -36,  -18,   -6,   -6,   -6,  -48,   -6,
     -24,  -30,  -12,  -24,  -24,  -48,  -24,  -48,  -54,  -48,  -18,  -48,  -96,  -72, -120,  -78,
    -108,  -42,  -42,  -42,  -42,  -18,  -42,  -18,  -48,  -84,  -48,  -72,  -18,  -18,  -36,  -36,
     -18,  -18,  -18,  -18,  -24,  -24,  -18,  -18,  -24,  -36,  -60,  -48,  -96,  -78,  -24,  -30,
     -36,  -36,  -30,  -48,  -24,  -48,  -30,  -48,  -54,  -18,  -24,  -24,  -24,  -30,  -24,  -30,
     -24,  -24,  -30,  -18,  -18,  -24,  -96,  -36,  -60,  -96,   12,   24,  -36,  -12,  -30,  -24,
     -48,  -12,   12,   12,  -36,  -12,  -48,  -24,  -72,  -36,  -24,  -72,  -84,  -42,  -96,  -48,
     -36,  -42,  -18,  -18,  -12,   -6,   -6,  -48,  -30,  -72,  -36,  -60,  -24,  -30,  -30,  -36,
     -96,  -36,  -96,  -48,  -36,  -72,  -24,  -36,  -24,  -60,  -60,  -60,  -30,  -48,  -60,  -30,
     -60,  -48,  -72,  -72,  -72,  -36,  -72,  -36,  -36,  -48, -120,  -60, -120,  -30,  -30,  -30,
     -24,  -36,  -36,  -36,  -24,  -60,  -36,  -30,  -36,  -24,  -36,  -30,  -60,  -72, -108,  -42,
     -72,  -48,  -48,  -48,  -36,  -24,  -36,  -24,  -36,  -36,  -24,  -24,  -12,  -12,  -18,  -24,
     -12,  -36,  -42,  -36,  -36,  -48,  -30, -128,  -18, -120,  -96, -120,  -12,  -12,  -12,  -12,
     -12,  -12,  -12,  -18,  -96,  -72,  -96,  -18,  -30,  -18,  -60,  -12,  -12,  -12,  -12,  -48,
     -12,  -18,  -12,  -66,  -48,  -48,  -84,  -48,  -18,  -18,  -18,  -66,  -60,  -48,  -60,  -60,
     -48,  -48,  -36,  -72,  -24,  -72,  -36,  -24,  -24,  -24,  -42,  -36,  -36,  -18,  -18,  -18,
     -72,  -60,  -24,  -48,  -72,   24,  -36,   12,  -36,  -24,  -60,  -60,  -96,  -48,  -36,  -84,
     -72,  -84,  -84,  -84,  -72,  -36,  -84,  -48,  -24,  -78,  -72,  -60,  -48,  -54,  -48,  -42,
     -36,  -24,  -48,  -36,  -48,  -36,  -48,  -36,  -24,  -48,  -36,  -36,  -48,  -24,  -42,  -24,
     -12,  -72,  -36,  -96,  -48,  -36,  -60, -120,  -48,  -48,  -36,  -48,  -24,  -72,  -72,  -72,
     -72,  -24,  -72,  -24,  -48,  -24,  -72,  -36,  -48,  -24,  -60,  -60,  -30,  -60,  -60,  -24,
     -60,  -24,  -24,  -36,  -36,  -36,  -24,  -36,  -30,  -30,  -36,  -24,  -36,  -36,  -36,  -24,
     -24,  -30,  -24,  -48,  -24,  -48,  -24,  -24,  -12,  -24,  -24,  -48,  -48,  -24,  -12,  -24,
     -42,  -24,  -30,  -30,  -48,  -30,  -60,  -60,  -60,  -36,  -36,
};

static const EpdLigaturePair sarabun_18_boldLigaturePairs[] = {
    { 0x00660069, 0xFB01 }, // f i -> U+FB01
    { 0x0066006C, 0xFB02 }, // f l -> U+FB02
};

static const EpdFontData sarabun_18_bold = {
    sarabun_18_boldBitmaps,
    sarabun_18_boldGlyphs,
    sarabun_18_boldIntervals,
    56,
    49,
    41,
    -9,
    true,
    sarabun_18_boldGroups,
    13,
    nullptr,
    nullptr,  // kernLeftClasses: built-in fonts use the split arrays below
    nullptr,  // kernRightClasses
    sarabun_18_boldKernLeftCodepoints,
    sarabun_18_boldKernLeftClassIds,
    sarabun_18_boldKernRightCodepoints,
    sarabun_18_boldKernRightClassIds,
    nullptr,  // kernMatrix: built-in fonts use the sparse form below
    sarabun_18_boldKernRowOffsets,
    sarabun_18_boldKernSparseCols,
    sarabun_18_boldKernSparseValues,
    238,
    275,
    61,
    69,
    sarabun_18_boldLigaturePairs,
    2,
};
