/**
 * generated by fontconvert.py
 * name: sarabun_16_italic
 * size: 16
 * mode: 2-bit  compressed: true
 * Command used: fontconvert.py sarabun_16_italic 16 ../builtinFonts/source/Sarabun/Sarabun-Italic.ttf --2bit --compress --pnum --zopfli --additional-intervals 0x0E00,0x0E7F
 */
#pragma once
#include "EpdFontData.h"

static const uint8_t sarabun_16_italicBitmaps[22749] = {
    0xAD, 0x99, 0x3D, 0x8C, 0xEC, 0x58, 0x56, 0xC7, 0xFF, 0x65, 0xB3, 0xCF, 0x2B, 0x19, 0xE1, 0x09,
    0xF8, 0x7E, 0xC1, 0x9D, 0x70, 0x08, 0x18, 0xA7, 0x04, 0xD3, 0x75, 0xCD, 0x48, 0xCC, 0x84, 0x90,
    0x40, 0xBA, 0x04, 0x04, 0x44, 0x74, 0x2E, 0xBD, 0x2E, 0x1B, 0x21, 0x91, 0xF2, 0x5E, 0x1E, 0x40,
    0xCA, 0x6C, 0xBA, 0xC1, 0x04, 0xDD, 0x55, 0x5E, 0xF2, 0xC0, 0xB3, 0x0B, 0x22, 0x20, 0xC0, 0xEC,
    0x34, 0x42, 0x22, 0x79, 0xDE, 0x19, 0x8F, 0x9E, 0x9B, 0x67, 0xD7, 0xE5, 0xFC, 0x64, 0xBB, 0xAB,
    0x4B, 0xDD, 0xEF, 0x69, 0x17, 0x61, 0xB9, 0xFE, 0xEE, 0x2A, 0x1F, 0x9F, 0xEF, 0x73, 0xEE, 0xB9,
    0x6E, 0x79, 0xA9, 0xE4, 0xD4, 0x5E, 0x9A, 0xA4, 0x91, 0x73, 0x63, 0xE7, 0xA0, 0xA8, 0x57, 0xD4,
    0x29, 0xB6, 0xB3, 0xE5, 0x4C, 0x1A, 0xA5, 0xB5, 0x9E, 0x55, 0x9A, 0x0F, 0x57, 0xA9, 0xAC, 0x39,
    0xBD, 0x94, 0x7F, 0xDE, 0xFA, 0xA4, 0xF1, 0x69, 0xB3, 0x4D, 0xEB, 0xAB, 0xAC, 0x7E, 0x91, 0x55,
    0xD7, 0x59, 0xF1, 0xA5, 0x93, 0x74, 0xAD, 0xAC, 0x92, 0x06, 0xB9, 0x42, 0x9B, 0x5E, 0xB9, 0xE0,
    0xB8, 0x15, 0xEC, 0xAE, 0x04, 0xC7, 0x6B, 0xC5, 0xC1, 0x8E, 0x26, 0x09, 0xA0, 0x31, 0x35, 0x71,
    0x46, 0x06, 0x7A, 0x25, 0xAD, 0x8C, 0x38, 0x6D, 0x64, 0xC4, 0x59, 0x2D, 0x8D, 0x30, 0xF3, 0x46,
    0x38, 0xA9, 0x04, 0xD1, 0xD0, 0x0B, 0xE2, 0x2B, 0x58, 0x1A, 0x33, 0x88, 0x47, 0x41, 0x3C, 0x18,
    0x56, 0x26, 0xD2, 0x24, 0xC3, 0xCC, 0xEE, 0x37, 0x06, 0x09, 0x70, 0x68, 0x8D, 0x2E, 0x1C, 0x05,
    0xAB, 0x5A, 0x87, 0x97, 0x79, 0xAB, 0xA3, 0xDD, 0x36, 0xA3, 0x65, 0x66, 0x03, 0xFC, 0xA5, 0x23,
    0x50, 0x62, 0x6E, 0xDE, 0x8B, 0x27, 0xF8, 0x1E, 0x60, 0xE0, 0xF8, 0x1E, 0x3F, 0x20, 0x02, 0xFC,
    0x0C, 0xDF, 0xC7, 0x91, 0x5E, 0x9B, 0x49, 0xBE, 0x4D, 0xCD, 0xEE, 0x10, 0x5A, 0x45, 0x21, 0x14,
    0x92, 0x6B, 0x84, 0x66, 0x00, 0x4C, 0x2F, 0x1B, 0xC8, 0xA3, 0x30, 0x60, 0x57, 0xFA, 0x9F, 0x93,
    0xE2, 0xDE, 0x6E, 0x60, 0xAE, 0x72, 0x79, 0xDC, 0xBB, 0xD5, 0x16, 0xAE, 0x5C, 0x46, 0x2E, 0x57,
    0x46, 0xC1, 0xDF, 0x38, 0x24, 0xFF, 0xB4, 0x37, 0x0A, 0x65, 0xA1, 0xF5, 0x51, 0x28, 0xE2, 0x50,
    0x8C, 0x19, 0xAA, 0xC5, 0xBD, 0xFF, 0xBC, 0xC3, 0x0B, 0xD7, 0x51, 0x47, 0x88, 0x06, 0x3C, 0x50,
    0x6E, 0x7A, 0x2E, 0xE3, 0xA6, 0xDB, 0x74, 0x8A, 0x0D, 0xEC, 0x5E, 0xDA, 0x6C, 0x3A, 0xF3, 0x98,
    0x33, 0x17, 0xA5, 0x0D, 0x06, 0x4C, 0x79, 0x85, 0x94, 0xF2, 0x88, 0x3B, 0xB1, 0xD0, 0x00, 0x5F,
    0x08, 0xDD, 0x15, 0xDF, 0xE5, 0x35, 0x6C, 0xB3, 0x1A, 0x13, 0x52, 0xB0, 0x9A, 0xFF, 0x76, 0x05,
    0x88, 0x07, 0xD2, 0xAF, 0x46, 0x3C, 0x6C, 0xF6, 0xE2, 0xAC, 0x02, 0x47, 0x8F, 0xC2, 0x4F, 0x07,
    0x6D, 0x8A, 0xB4, 0xF5, 0x95, 0x11, 0xD7, 0x59, 0xE3, 0x2A, 0x5F, 0x24, 0xBD, 0xC7, 0xF6, 0x09,
    0x4F, 0x41, 0xE5, 0x0B, 0xE5, 0x9D, 0x7C, 0x8D, 0xA7, 0xDD, 0xDD, 0xB3, 0x30, 0x19, 0x9B, 0xD0,
    0xEF, 0xCD, 0x49, 0xC7, 0xE2, 0x23, 0xE5, 0x05, 0xD4, 0x66, 0xBF, 0x5E, 0x58, 0x88, 0xBF, 0x24,
    0x3E, 0xA4, 0x46, 0x56, 0xF3, 0xF4, 0x8D, 0x34, 0x92, 0x07, 0x31, 0x36, 0xF1, 0x9B, 0xAB, 0xEC,
    0x01, 0x79, 0x71, 0xEE, 0x9E, 0x3A, 0x3D, 0x27, 0x34, 0x59, 0xCD, 0x23, 0x71, 0xBF, 0x7E, 0x89,
    0x3B, 0x4E, 0x32, 0x60, 0x7C, 0xD7, 0xC9, 0xDD, 0x59, 0x58, 0xD2, 0x2E, 0xF2, 0x66, 0x61, 0x37,
    0xDC, 0x89, 0xBB, 0x45, 0x29, 0x0E, 0xFD, 0xE8, 0xD7, 0xA4, 0x21, 0x97, 0xAE, 0x5F, 0x48, 0x17,
    0x64, 0x75, 0x43, 0xC2, 0xB5, 0x96, 0xB9, 0x0D, 0xA6, 0xEA, 0x8D, 0xC9, 0xFE, 0x19, 0x4F, 0x0C,
    0x4A, 0x0A, 0x9C, 0xC6, 0xF1, 0x3B, 0x80, 0x07, 0xB6, 0xC0, 0x05, 0x70, 0x05, 0x5C, 0xDF, 0xC3,
    0x48, 0xE2, 0xC2, 0x08, 0xF8, 0x8D, 0x3F, 0xFB, 0xEE, 0x4F, 0x0B, 0x8A, 0x8A, 0x32, 0x00, 0xDA,
    0x15, 0x92, 0x06, 0xA8, 0x25, 0xAA, 0x96, 0x08, 0x74, 0x59, 0x9F, 0xF5, 0x69, 0x17, 0xB5, 0x71,
    0x9D, 0x15, 0x1F, 0xEB, 0x0F, 0xC4, 0x21, 0xD3, 0xC6, 0xAA, 0x20, 0xAB, 0x7C, 0xED, 0x6B, 0x33,
    0x85, 0x6C, 0xD7, 0xBD, 0x50, 0x0D, 0x00, 0xDC, 0x17, 0x7E, 0xA4, 0xEE, 0x53, 0x24, 0xF1, 0x23,
    0x12, 0xFF, 0x7F, 0x26, 0x49, 0x1F, 0x91, 0x7C, 0x04, 0x98, 0x0D, 0x07, 0x32, 0x9E, 0x82, 0x29,
    0x5F, 0x4D, 0x34, 0x2B, 0x4F, 0xF0, 0xF2, 0x8A, 0x5C, 0xA8, 0xB3, 0xDA, 0xC0, 0x55, 0x06, 0x04,
    0xB3, 0xF6, 0x5A, 0xA1, 0x94, 0x5C, 0xBD, 0x33, 0xA8, 0x0C, 0xF2, 0x62, 0x0F, 0x53, 0x80, 0x54,
    0xB8, 0x01, 0xC6, 0x95, 0x4F, 0x6A, 0x7C, 0xDA, 0xB2, 0x52, 0x4C, 0x6F, 0x50, 0xD9, 0x2E, 0x96,
    0x46, 0xF6, 0xCD, 0xD9, 0x27, 0x4C, 0x16, 0x63, 0xCB, 0xB5, 0x6A, 0x14, 0x0F, 0x11, 0x70, 0x72,
    0x41, 0x7C, 0xD0, 0x9C, 0x4F, 0xC2, 0xA7, 0x9D, 0x6D, 0xC8, 0xF8, 0xD4, 0x7C, 0x10, 0x2E, 0x13,
    0xC0, 0x87, 0xD8, 0xF1, 0xC1, 0x9C, 0x5B, 0xC9, 0x21, 0xEB, 0xF0, 0xAA, 0xAC, 0xE8, 0x91, 0xB5,
    0xFE, 0x41, 0x3C, 0xF5, 0x10, 0x6A, 0xF1, 0x14, 0xFA, 0xAC, 0xED, 0x26, 0x42, 0x7E, 0xDA, 0x69,
    0xE9, 0x28, 0x65, 0x61, 0xAC, 0x26, 0x7E, 0xEA, 0x71, 0x58, 0x63, 0xDF, 0x02, 0xDF, 0x06, 0xBE,
    0xB5, 0x40, 0x08, 0x47, 0x60, 0x42, 0xE4, 0x80, 0xC8, 0x50, 0xA8, 0x7C, 0x79, 0xD9, 0x58, 0x29,
    0x99, 0xC9, 0x1F, 0xA0, 0x30, 0x1A, 0x2F, 0xD2, 0x28, 0x46, 0x3D, 0x33, 0xE2, 0x38, 0x34, 0x0B,
    0xE8, 0x39, 0x22, 0x75, 0x00, 0xB8, 0xAB, 0x7C, 0x01, 0xBE, 0x02, 0xFA, 0x55, 0xD1, 0xF5, 0x50,
    0xCD, 0xDF, 0xFE, 0xA0, 0x53, 0x1A, 0x42, 0x65, 0xF4, 0x77, 0xE2, 0xF0, 0x0D, 0xCF, 0xD6, 0xE8,
    0x55, 0xC3, 0x90, 0x20, 0xBE, 0xC6, 0x17, 0x30, 0xB8, 0xF2, 0x38, 0xD2, 0x93, 0xB3, 0x1E, 0xF9,
    0xC4, 0x48, 0x37, 0x64, 0xC5, 0x44, 0x52, 0x8C, 0x78, 0x75, 0xB4, 0xDF, 0xCD, 0xD9, 0xB9, 0xA2,
    0x41, 0xE5, 0x17, 0x3F, 0xFC, 0x9F, 0xEA, 0x10, 0x2C, 0x65, 0x81, 0x6A, 0xF6, 0xFA, 0x62, 0xC1,
    0x6A, 0x46, 0x16, 0xC2, 0x80, 0x95, 0xFD, 0xA2, 0xA2, 0x80, 0xF3, 0x42, 0xC2, 0x9E, 0xCD, 0x9D,
    0x51, 0x44, 0xF8, 0x25, 0x3E, 0x6E, 0x02, 0x8C, 0x7C, 0xB5, 0x29, 0x94, 0xE3, 0x03, 0xB7, 0x00,
    0xBE, 0x3F, 0x59, 0xF9, 0x7D, 0x02, 0xB0, 0x55, 0x8C, 0x95, 0x97, 0x1D, 0x72, 0x2A, 0xE1, 0x52,
    0x8E, 0x67, 0x05, 0x06, 0x16, 0xA4, 0x0A, 0xE6, 0xE2, 0xBA, 0x09, 0x8F, 0xB6, 0x3C, 0x59, 0xAD,
    0xA1, 0x83, 0x36, 0x79, 0x13, 0x2A, 0x9E, 0xED, 0xAC, 0xD5, 0x25, 0x23, 0x31, 0x9A, 0xA0, 0xD8,
    0xCD, 0xCB, 0xF0, 0x61, 0xC9, 0xCF, 0x1D, 0x5E, 0xB8, 0x01, 0x46, 0xED, 0x78, 0xD0, 0xBA, 0xA6,
    0x3D, 0xD1, 0x96, 0x35, 0xBD, 0x51, 0x12, 0xD9, 0x93, 0x07, 0x92, 0x09, 0x30, 0xE1, 0x08, 0x88,
    0x87, 0x45, 0x26, 0x66, 0x2C, 0x39, 0x33, 0xAD, 0xBF, 0x27, 0xDD, 0x9A, 0x55, 0xF9, 0x1A, 0xE7,
    0x13, 0x05, 0x2E, 0x41, 0x0C, 0x1E, 0x5D, 0xE1, 0x3C, 0x31, 0x00, 0x0E, 0x0C, 0xB6, 0x00, 0x17,
    0x38, 0xA1, 0xD1, 0x81, 0x54, 0x1C, 0xE1, 0x0D, 0x6C, 0x46, 0xC2, 0x30, 0x42, 0x7A, 0x28, 0x30,
    0x85, 0x6A, 0xCD, 0x0D, 0x36, 0xC7, 0xCF, 0x8E, 0x10, 0x79, 0x6E, 0xE5, 0x95, 0x79, 0xD5, 0x55,
    0x5E, 0x0F, 0xC0, 0x17, 0xA6, 0x4F, 0x69, 0x9A, 0x59, 0x2E, 0x67, 0xFD, 0xF3, 0x01, 0x2B, 0x1B,
    0xE9, 0x92, 0x1C, 0x4A, 0x8F, 0x85, 0x54, 0x86, 0xCE, 0x4A, 0xF1, 0xF3, 0x11, 0x79, 0x37, 0x70,
    0xF1, 0x73, 0xEB, 0xF5, 0x5A, 0x01, 0xFF, 0x01, 0x07, 0x79, 0xBC, 0xE1, 0xAB, 0x64, 0x92, 0xBB,
    0xBD, 0x1C, 0x61, 0x35, 0xD8, 0xCF, 0xFF, 0xBA, 0xDA, 0x7F, 0x0A, 0x48, 0x82, 0xC1, 0x79, 0x6B,
    0xE1, 0x23, 0x74, 0x58, 0xA6, 0xC0, 0xBD, 0x97, 0xE2, 0x18, 0xA2, 0x31, 0x1E, 0x59, 0x3A, 0xCF,
    0x8F, 0xFB, 0x66, 0xB9, 0x45, 0x96, 0x02, 0x89, 0xF5, 0xF4, 0x51, 0xA0, 0x6C, 0xD6, 0xCB, 0x19,
    0x9A, 0xF6, 0xAD, 0xE2, 0x5A, 0x59, 0xA1, 0x8F, 0xB5, 0x74, 0x5F, 0x8E, 0x0F, 0xD7, 0x0E, 0x8B,
    0x1A, 0x11, 0x6A, 0xE4, 0xFD, 0x53, 0x7F, 0x68, 0x5E, 0x52, 0x2B, 0x14, 0x40, 0x4F, 0x92, 0x8D,
    0x87, 0x78, 0x7C, 0x9E, 0x42, 0x9A, 0xC5, 0xA0, 0x25, 0xC7, 0x7F, 0x9B, 0x24, 0x0B, 0x1D, 0x00,
    0xD1, 0xD3, 0x47, 0x49, 0x15, 0x01, 0x85, 0x60, 0x87, 0xB1, 0xF8, 0x6E, 0x2D, 0x5B, 0xF3, 0xE0,
    0xBB, 0x84, 0x26, 0xFD, 0xD2, 0x24, 0x93, 0xE3, 0x93, 0x7F, 0xF8, 0x76, 0x5D, 0xC4, 0xFE, 0x1C,
    0xA0, 0xDB, 0x65, 0x34, 0xA2, 0x57, 0x87, 0xE2, 0x85, 0xF2, 0xEA, 0x43, 0xB9, 0xB5, 0x2F, 0x16,
    0x04, 0x8F, 0x64, 0xA7, 0x95, 0x92, 0x6F, 0xFC, 0xC4, 0xD7, 0xCD, 0xB0, 0x74, 0x56, 0x78, 0xD2,
    0xD8, 0x10, 0xBE, 0x2C, 0x68, 0xE8, 0x90, 0x37, 0x82, 0xC3, 0x7A, 0x10, 0x45, 0x24, 0xEB, 0x80,
    0xC5, 0xA6, 0x45, 0x91, 0x8E, 0x82, 0x88, 0x28, 0xED, 0xAD, 0xFB, 0xB8, 0x6A, 0x33, 0xB8, 0xD0,
    0xA5, 0x75, 0xDC, 0x6E, 0x35, 0xC4, 0x4D, 0x5A, 0x7F, 0xA0, 0x4F, 0xE2, 0xC6, 0x22, 0xA2, 0x17,
    0x71, 0xEB, 0x94, 0x86, 0x31, 0x6E, 0xB6, 0xE6, 0x13, 0xBB, 0x77, 0xB1, 0xB9, 0xD3, 0x8F, 0xE2,
    0xFA, 0xC2, 0x64, 0xF7, 0x49, 0xFD, 0x22, 0xA9, 0xD5, 0x65, 0x95, 0x5D, 0x36, 0x5D, 0x2E, 0xBB,
    0xC4, 0xDD, 0x8D, 0x2E, 0xE2, 0xFE, 0xAF, 0xDE, 0x0E, 0xDA, 0xDA, 0x0C, 0x17, 0x18, 0xDA, 0xCA,
    0xEA, 0x1F, 0x97, 0xA6, 0xB1, 0xF4, 0x67, 0x22, 0x53, 0x3C, 0xAF, 0x67, 0x8D, 0x2A, 0x7E, 0x0D,
    0xB7, 0x67, 0xDE, 0x1F, 0x21, 0x01, 0xE2, 0x89, 0xBB, 0x28, 0x9F, 0xED, 0xF1, 0x1D, 0xFE, 0xD8,
    0xE5, 0x50, 0x38, 0xDC, 0xE0, 0x0A, 0xC5, 0x26, 0x5E, 0x49, 0x6B, 0xC0, 0x5A, 0x67, 0x66, 0xA7,
    0x54, 0x80, 0xC1, 0x0E, 0xD7, 0x1C, 0xBF, 0xF8, 0x61, 0x1B, 0x11, 0xE8, 0x98, 0x90, 0xA7, 0x1D,
    0xE4, 0x8D, 0xA2, 0x2E, 0xAF, 0xCD, 0xA7, 0xBE, 0x30, 0x16, 0x07, 0xF8, 0x28, 0xA0, 0x00, 0xD1,
    0xD6, 0xB8, 0x29, 0x69, 0xAA, 0x69, 0x6B, 0x90, 0x74, 0x51, 0x6F, 0xBC, 0x19, 0xA1, 0x80, 0xAC,
    0x36, 0xC8, 0xAD, 0xDD, 0x7C, 0x6F, 0xA2, 0xD0, 0x5B, 0x60, 0xA0, 0x07, 0x07, 0x03, 0xF9, 0xC2,
    0x21, 0xDE, 0xFC, 0xEE, 0xA8, 0x01, 0xC6, 0x39, 0x0B, 0xE7, 0x5A, 0x85, 0x41, 0x25, 0xAB, 0x05,
    0x11, 0x30, 0xC0, 0x20, 0xE5, 0xC7, 0x82, 0x36, 0xDB, 0xCB, 0x7D, 0xF7, 0x5B, 0x23, 0xCB, 0xD5,
    0x15, 0xF3, 0xF5, 0x87, 0x71, 0x8F, 0xC9, 0xED, 0xD9, 0x1A, 0xE7, 0xB5, 0x42, 0x09, 0xEC, 0x80,
    0xFD, 0x3D, 0xEC, 0xCE, 0x66, 0x6D, 0x9E, 0x88, 0x28, 0x67, 0x57, 0x24, 0x77, 0xDF, 0x0B, 0xDA,
    0xA0, 0xA4, 0x9E, 0x1F, 0x0B, 0x0C, 0xBC, 0x03, 0x42, 0xAD, 0x51, 0x97, 0x1D, 0x83, 0x59, 0x6F,
    0xB0, 0x19, 0x49, 0xAF, 0x31, 0xEE, 0x16, 0x98, 0x62, 0x80, 0x1E, 0x37, 0xA6, 0x2D, 0xD0, 0x18,
    0x98, 0x2E, 0x1B, 0x20, 0x1A, 0xCC, 0xCA, 0x98, 0x19, 0x3B, 0xE9, 0xCC, 0xCA, 0xB4, 0xF5, 0x85,
    0xD9, 0x3B, 0xF7, 0x29, 0x0A, 0xA4, 0x94, 0x1B, 0xB0, 0xB2, 0x36, 0xA0, 0x30, 0x70, 0xFB, 0x0C,
    0xA7, 0x5D, 0x04, 0x80, 0x48, 0xE3, 0x73, 0xDE, 0x56, 0x01, 0xF3, 0xE9, 0x04, 0x8C, 0x0F, 0x7A,
    0xAB, 0x03, 0x5C, 0x75, 0xBE, 0xB6, 0x9E, 0xB9, 0x04, 0x91, 0x03, 0x60, 0x1C, 0x03, 0xF8, 0x4E,
    0x91, 0xDD, 0x13, 0x22, 0x5B, 0x80, 0x69, 0x20, 0x03, 0x7E, 0x01, 0x91, 0xA7, 0x00, 0xDC, 0x00,
    0x67, 0xB1, 0xFC, 0xCD, 0xE9, 0x3E, 0x96, 0xBF, 0xFE, 0x28, 0x96, 0x67, 0xAC, 0x4A, 0x86, 0xB6,
    0x1D, 0xB0, 0x47, 0x3B, 0x83, 0xB8, 0x03, 0xBA, 0x12, 0xC5, 0xBC, 0x41, 0xEB, 0x2B, 0xA5, 0x8D,
    0x6B, 0xE4, 0x9A, 0xD4, 0xC6, 0xFF, 0x7A, 0x43, 0xF0, 0x4C, 0xD8, 0xE7, 0xB5, 0xA6, 0xFB, 0x3D,
    0x1D, 0x28, 0x26, 0x01, 0x30, 0x1A, 0xD0, 0x1D, 0x53, 0x97, 0x2D, 0x63, 0x01, 0xFA, 0xFB, 0x8D,
    0x23, 0x98, 0x86, 0xC5, 0x56, 0xF0, 0xBF, 0xBF, 0xF8, 0x62, 0x5A, 0x36, 0x91, 0x0E, 0xC4, 0xE8,
    0xCD, 0x88, 0xD5, 0xC6, 0xD0, 0xA3, 0x17, 0x18, 0x83, 0x30, 0xD9, 0x09, 0xDC, 0xA3, 0x1B, 0xB6,
    0x63, 0x9B, 0xC7, 0x12, 0x6E, 0xDC, 0x9C, 0x6F, 0x07, 0x96, 0x1D, 0x01, 0x67, 0x72, 0xBF, 0x2F,
    0xB0, 0xB3, 0x5E, 0x77, 0x23, 0xA7, 0x0D, 0xC9, 0xEA, 0x4E, 0xBC, 0x39, 0xF2, 0x39, 0x9F, 0x24,
    0xE3, 0x87, 0x93, 0x64, 0xFB, 0x60, 0x92, 0xAC, 0xCF, 0x27, 0x49, 0x5C, 0xEB, 0xF5, 0x81, 0x26,
    0x5D, 0x24, 0xD4, 0x5A, 0x27, 0xD2, 0x1E, 0x57, 0x1D, 0xE0, 0x17, 0x8D, 0x60, 0xDA, 0xC1, 0x37,
    0x27, 0x95, 0x75, 0x80, 0x3F, 0x3F, 0xC7, 0x5D, 0xDA, 0x82, 0xBE, 0x02, 0x8F, 0x64, 0xC6, 0xD7,
    0x28, 0x91, 0xBE, 0xB6, 0x87, 0x71, 0x15, 0x78, 0x84, 0x7F, 0x36, 0x20, 0xC9, 0xB5, 0xB3, 0x4C,
    0x34, 0x59, 0x5D, 0x8C, 0xEB, 0x3D, 0x12, 0xC0, 0x9B, 0x75, 0x4B, 0xB5, 0x87, 0x80, 0xAF, 0x3C,
    0x30, 0xE9, 0xDC, 0xB6, 0xD5, 0xBE, 0xEE, 0xDC, 0xBE, 0xB4, 0x3D, 0x9F, 0x92, 0xCF, 0x56, 0x04,
    0x3E, 0x9A, 0x3F, 0xE5, 0x9C, 0xF8, 0x23, 0xC9, 0xAF, 0x30, 0x0F, 0xBE, 0x5C, 0xBC, 0x5D, 0x98,
    0x0C, 0xEA, 0x0D, 0x17, 0xD2, 0xA6, 0x52, 0x14, 0xAA, 0x28, 0xD4, 0x8C, 0x99, 0xF1, 0xDB, 0xDA,
    0xEC, 0x2A, 0xE2, 0x37, 0x16, 0x88, 0x52, 0xF1, 0xB7, 0x8D, 0x72, 0x6F, 0xE6, 0xB6, 0xCC, 0x9C,
    0xE9, 0x4F, 0x3A, 0x8D, 0x3B, 0x2E, 0x9B, 0xFE, 0x46, 0xD9, 0x8F, 0xBB, 0xB8, 0x65, 0xA6, 0xB0,
    0x4E, 0x4F, 0x62, 0x0C, 0x59, 0xC5, 0xE5, 0xCB, 0x5C, 0x24, 0xC8, 0xF5, 0x05, 0x19, 0xA2, 0x17,
    0xD7, 0xA4, 0x88, 0x2E, 0x7A, 0x06, 0x45, 0xF9, 0x8E, 0x24, 0x51, 0xDE, 0xD8, 0xE5, 0x86, 0x3D,
    0x08, 0x69, 0xE2, 0x84, 0x55, 0x47, 0x71, 0x09, 0x22, 0x74, 0x4C, 0x7A, 0xCD, 0x26, 0xD4, 0x64,
    0x6C, 0x68, 0xC0, 0xB7, 0x1D, 0x19, 0xFB, 0x0D, 0xFB, 0x8D, 0xB8, 0x83, 0x3D, 0x48, 0xC6, 0xEE,
    0x0C, 0xD3, 0xC6, 0x53, 0x2D, 0x0D, 0x7B, 0x15, 0xDA, 0x3C, 0x3A, 0xA5, 0xCD, 0x64, 0x8E, 0x81,
    0xCA, 0x55, 0x51, 0xCF, 0x13, 0x9B, 0x3B, 0x9E, 0xD0, 0x71, 0x00, 0xCB, 0x1E, 0xF4, 0x28, 0xA3,
    0x9C, 0x8C, 0x55, 0xD6, 0x2D, 0x19, 0x4B, 0xB9, 0x1A, 0xC4, 0xF4, 0x62, 0x39, 0x66, 0x2A, 0x1D,
    0x0A, 0x4D, 0xA4, 0xBD, 0xCC, 0x21, 0x3D, 0x4E, 0x86, 0x2C, 0xAF, 0xE6, 0x20, 0x53, 0xB6, 0xF4,
    0x38, 0xFE, 0x9E, 0xB1, 0x14, 0x77, 0x77, 0x82, 0x72, 0x0F, 0x0A, 0x2C, 0x05, 0x4E, 0x76, 0x85,
    0xD5, 0x52, 0x35, 0x66, 0x68, 0x4B, 0x30, 0x7D, 0xAD, 0xE4, 0xEE, 0xD9, 0x51, 0xF4, 0xE3, 0x1E,
    0x26, 0x64, 0xE6, 0xE3, 0x75, 0x27, 0xBB, 0x5F, 0x77, 0x62, 0x3C, 0x09, 0x2C, 0x2B, 0x50, 0x93,
    0xB4, 0x58, 0xDD, 0xA2, 0x5C, 0xB3, 0xA1, 0x7E, 0x43, 0x0F, 0x54, 0xBF, 0x74, 0xAF, 0x5A, 0x8C,
    0x6F, 0x56, 0xE3, 0xCB, 0xF7, 0x19, 0xEF, 0x66, 0xE3, 0x0B, 0xF0, 0xCC, 0x78, 0xF0, 0x91, 0xF1,
    0x7B, 0xC4, 0x69, 0xC4, 0x05, 0x31, 0xA3, 0x39, 0xD5, 0x96, 0xD7, 0xCC, 0x1A, 0x59, 0x4F, 0x32,
    0xC6, 0x74, 0x77, 0x92, 0x96, 0x28, 0x24, 0x41, 0x1C, 0xE5, 0x5D, 0xC1, 0x17, 0xF4, 0x91, 0x98,
    0x0A, 0x38, 0xF0, 0xCA, 0x00, 0x84, 0x8A, 0xC5, 0xAA, 0xC1, 0x2B, 0x9D, 0x41, 0xFC, 0x84, 0x6B,
    0x32, 0x5C, 0xC3, 0x36, 0xF5, 0x7B, 0x47, 0xA5, 0x8B, 0x57, 0xC8, 0x2C, 0xD7, 0x9A, 0xCE, 0x09,
    0x79, 0xC5, 0xBA, 0x5D, 0x10, 0x8D, 0x82, 0x0D, 0xC3, 0x12, 0x9D, 0x11, 0x5D, 0x27, 0xD4, 0xDE,
    0xE3, 0x9A, 0x03, 0xB3, 0x18, 0x73, 0x16, 0x22, 0xFD, 0x3F, 0x5F, 0xB6, 0xF6, 0x73, 0xD2, 0xD0,
    0xCB, 0xCE, 0x5F, 0x7E, 0xAD, 0x73, 0x9F, 0xE7, 0xC7, 0x8C, 0x02, 0x8B, 0xB0, 0x46, 0x39, 0xDF,
    0x93, 0xE9, 0xF1, 0xCB, 0xAF, 0x75, 0x1B, 0x58, 0x0A, 0xB9, 0xB7, 0xAE, 0x9B, 0xF5, 0x63, 0x1B,
    0x28, 0xF6, 0x28, 0x03, 0xD0, 0xA3, 0x8F, 0x80, 0xF7, 0x2F, 0x90, 0x4F, 0x6F, 0x3E, 0x80, 0x25,
    0x03, 0x96, 0x34, 0x78, 0x7A, 0x66, 0xB8, 0x59, 0x38, 0x79, 0x60, 0x07, 0xBB, 0x3D, 0xEC, 0x6E,
    0xE6, 0x25, 0xFE, 0xC1, 0x3A, 0xCF, 0x6C, 0xC5, 0x88, 0x94, 0x57, 0x46, 0x9F, 0x17, 0x06, 0x5E,
    0x00, 0xE2, 0x0D, 0xD2, 0x76, 0x87, 0x0E, 0x3B, 0x24, 0xEF, 0x97, 0xF7, 0x08, 0xBE, 0x60, 0x9F,
    0x61, 0x97, 0x0D, 0xBB, 0x8B, 0xE7, 0xFD, 0xB2, 0x51, 0xC1, 0xCA, 0x1B, 0xBC, 0xB7, 0xC7, 0x9C,
    0x1D, 0x46, 0x78, 0xBA, 0x9B, 0x41, 0x5E, 0x1B, 0x78, 0xB4, 0xDD, 0x03, 0x23, 0x85, 0xCC, 0x3C,
    0x45, 0x48, 0x49, 0x74, 0x2A, 0x5D, 0x69, 0x9D, 0x57, 0xD4, 0x3F, 0x92, 0x61, 0xD1, 0x8E, 0x12,
    0x6D, 0xC2, 0x1A, 0x57, 0x27, 0x45, 0x6F, 0x1B, 0xFC, 0x5F, 0xAF, 0x13, 0x78, 0x58, 0xB7, 0x6D,
    0x38, 0x9B, 0x95, 0x94, 0xA6, 0x9F, 0xD8, 0x25, 0x1E, 0x4D, 0x66, 0xA9, 0x94, 0xB5, 0xAE, 0x54,
    0x36, 0x99, 0xA3, 0x4A, 0xE5, 0x57, 0x68, 0xAD, 0xED, 0x96, 0xC6, 0xA5, 0xAB, 0xAD, 0x6E, 0xEC,
    0x32, 0xF2, 0x56, 0xD1, 0x6F, 0xFA, 0x9C, 0xEE, 0x16, 0x75, 0x39, 0xDD, 0x2D, 0x6E, 0x73, 0xBA,
    0x5B, 0x5A, 0x3B, 0x73, 0x97, 0xCF, 0x2A, 0xC7, 0x90, 0xE9, 0xE4, 0x18, 0xFB, 0xB6, 0xCA, 0x7E,
    0x50, 0xC8, 0x5F, 0xD1, 0x4C, 0xE5, 0x47, 0x06, 0x55, 0x79, 0xCB, 0xC1, 0x91, 0xEE, 0x33, 0x5F,
    0x5A, 0xA5, 0xD4, 0x55, 0x4D, 0x35, 0x08, 0x73, 0x96, 0x8D, 0x68, 0xD6, 0x51, 0xBB, 0xFC, 0xD1,
    0xAA, 0x2C, 0x08, 0xEF, 0x11, 0x27, 0xC5, 0x23, 0x4B, 0x03, 0xB4, 0x1A, 0x5D, 0x4D, 0xD8, 0xE6,
    0x92, 0xDE, 0x0B, 0x1C, 0x41, 0xD7, 0x09, 0x6C, 0x41, 0xDF, 0x81, 0x64, 0x90, 0x19, 0x3B, 0x0A,
    0x0F, 0xE3, 0x01, 0xCC, 0x65, 0x47, 0xE7, 0xB9, 0x89, 0xD4, 0x88, 0x91, 0x8A, 0xED, 0x09, 0x8B,
    0x70, 0x8B, 0x34, 0xCF, 0x28, 0x47, 0x01, 0xA4, 0x5D, 0xB9, 0x54, 0xB9, 0x2F, 0x8C, 0x72, 0xCF,
    0x38, 0x81, 0xC3, 0xA8, 0xB0, 0xD6, 0x68, 0xE3, 0xCE, 0x41, 0xEA, 0xC9, 0x4D, 0x78, 0x1F, 0x07,
    0xAA, 0x00, 0xB9, 0x65, 0x2D, 0x84, 0xBC, 0x27, 0xDF, 0x34, 0x01, 0xE7, 0xC9, 0x2D, 0x37, 0x0F,
    0x32, 0x86, 0x95, 0x60, 0x05, 0x58, 0xDE, 0xAC, 0x29, 0x8F, 0x7E, 0x70, 0x5B, 0x6F, 0x62, 0x19,
    0x98, 0xCC, 0x37, 0x9B, 0xD3, 0xCD, 0xF0, 0xE0, 0x66, 0x07, 0xBA, 0x07, 0x37, 0x8F, 0xA7, 0x9B,
    0xE9, 0xC3, 0x9B, 0x81, 0xCE, 0x0F, 0x36, 0x68, 0x82, 0x1E, 0xD5, 0xD9, 0xBA, 0xBA, 0x43, 0xF5,
    0xF7, 0x8C, 0x23, 0xDD, 0x2F, 0x36, 0x8E, 0x50, 0x86, 0x7C, 0x3C, 0xEC, 0x69, 0xF1, 0x6C, 0x40,
    0xD9, 0xFA, 0x91, 0xFB, 0x12, 0x5B, 0x16, 0xF2, 0x5B, 0x49, 0x03, 0xAB, 0xA8, 0x63, 0x97, 0xB9,
    0x10, 0x5D, 0x41, 0x07, 0x91, 0x2B, 0x16, 0x3A, 0x88, 0x5A, 0xE8, 0x20, 0x1A, 0xA4, 0xBF, 0x50,
    0xBE, 0x68, 0xBE, 0xC8, 0x39, 0x57, 0x7F, 0xF7, 0x94, 0xFA, 0xEF, 0x34, 0x01, 0xF5, 0xCF, 0x4D,
    0x80, 0xED, 0xAC, 0xB5, 0x0F, 0xBA, 0x9F, 0x5F, 0x81, 0x12, 0x1F, 0xD2, 0xF1, 0xA2, 0x6F, 0x60,
    0xF0, 0x1F, 0x1D, 0x37, 0x7B, 0x34, 0x1D, 0x10, 0x7F, 0x8D, 0xFE, 0x2F, 0x10, 0x74, 0x01, 0xF7,
    0xF9, 0xBD, 0x3D, 0xFC, 0x5C, 0xE1, 0xE1, 0xBB, 0x83, 0x7C, 0x0E, 0x82, 0x0F, 0x47, 0x6F, 0x3F,
    0x67, 0x55, 0x52, 0xC7, 0x8D, 0x9E, 0x1D, 0x0D, 0x7C, 0xF8, 0x69, 0x6D, 0xAF, 0x44, 0xDE, 0xD6,
    0x71, 0xAF, 0x92, 0x1E, 0xC0, 0x32, 0x64, 0xE0, 0x98, 0x15, 0x73, 0x3C, 0xE2, 0x11, 0xB2, 0xC2,
    0x16, 0xD8, 0x01, 0x93, 0x79, 0x9C, 0x1A, 0xBF, 0xBD, 0xE4, 0x3F, 0x27, 0x94, 0xC1, 0xE1, 0xE5,
    0x00, 0x01, 0xBE, 0x78, 0xF4, 0x8E, 0x6B, 0x01, 0x23, 0xC0, 0x9D, 0xB8, 0xA4, 0x6C, 0x15, 0xBD,
    0xE1, 0x95, 0x57, 0x78, 0x75, 0x50, 0x4C, 0x7B, 0xE0, 0xDF, 0x0E, 0xF5, 0xBC, 0xE6, 0xF2, 0x0F,
    0x1E, 0xC6, 0xD6, 0x05, 0x88, 0x07, 0xDB, 0x3C, 0xB4, 0xF2, 0xA2, 0x5E, 0xE4, 0xF9, 0x2F, 0xC9,
    0xF6, 0xEE, 0x79, 0xA7, 0x8B, 0x32, 0xD4, 0x7A, 0x91, 0xDE, 0xC1, 0x35, 0xBC, 0x94, 0xF2, 0x30,
    0x4A, 0xE1, 0x0F, 0x03, 0xEB, 0xE1, 0xC7, 0x54, 0xFE, 0xAF, 0x3C, 0xEC, 0xD6, 0xC2, 0x13, 0x4F,
    0x03, 0xFB, 0xAA, 0x0D, 0x6F, 0x49, 0x5C, 0xAB, 0x98, 0x3A, 0xD1, 0x25, 0xFA, 0x3E, 0xA1, 0x3B,
    0xD0, 0x9D, 0xEF, 0x6D, 0x5A, 0x73, 0x67, 0x82, 0x3B, 0xFF, 0xAD, 0xD6, 0xF1, 0xB3, 0xF0, 0xFF,
    0xE4, 0x4E, 0x86, 0x48, 0x2C, 0x62, 0x61, 0xFE, 0xA3, 0x89, 0x52, 0xF5, 0x58, 0xE4, 0xB0, 0xC8,
    0x15, 0xAE, 0x30, 0x38, 0xBD, 0x79, 0x7B, 0x6C, 0xD1, 0x07, 0xAB, 0x45, 0xE6, 0xA6, 0x93, 0x45,
    0xBC, 0x0B, 0xA0, 0x0A, 0xE5, 0xFF, 0xF6, 0x94, 0xB2, 0xC3, 0x6C, 0x5C, 0x19, 0x18, 0xE3, 0xC7,
    0xD3, 0xCB, 0x0E, 0x3E, 0xA4, 0x6A, 0x7D, 0x9E, 0xAA, 0x8E, 0x4F, 0x81, 0x3D, 0xA7, 0x2A, 0xD8,
    0x2E, 0x41, 0xE7, 0xF5, 0x38, 0x23, 0xC1, 0x77, 0x9D, 0x7C, 0xB3, 0xA7, 0xC5, 0xBA, 0x8E, 0x65,
    0x66, 0x1D, 0xAA, 0x0C, 0xD2, 0xFA, 0x2C, 0xC0, 0x00, 0x7E, 0xCA, 0x0B, 0x03, 0x2C, 0x54, 0x50,
    0x7C, 0xF7, 0x3C, 0x30, 0xBA, 0x31, 0x4D, 0x0E, 0xA7, 0xFF, 0x3E, 0x8C, 0x4B, 0x14, 0x68, 0x3E,
    0x1F, 0xFF, 0xC9, 0x65, 0x8D, 0xE9, 0xD2, 0x33, 0xA6, 0x3A, 0xFD, 0x9E, 0xD0, 0xE2, 0xFD, 0xB9,
    0x27, 0x20, 0xEF, 0xAD, 0x96, 0xC2, 0x91, 0x77, 0xCA, 0x87, 0x22, 0x3E, 0xE2, 0xFA, 0x81, 0xDC,
    0xEB, 0x44, 0xEE, 0x01, 0x27, 0xAD, 0xA8, 0x23, 0xA2, 0x67, 0x17, 0x72, 0xEF, 0x2C, 0x70, 0x08,
    0xBB, 0x42, 0x18, 0x35, 0xB8, 0x99, 0xA2, 0x69, 0xFD, 0xEF, 0x41, 0xDC, 0x26, 0x6D, 0xD2, 0x60,
    0x22, 0xD9, 0xEB, 0x0A, 0x62, 0xBF, 0xFE, 0xEB, 0xE8, 0x06, 0x6A, 0x9C, 0x4A, 0xCF, 0x95, 0xA3,
    0x17, 0x54, 0x5A, 0x8E, 0xA5, 0xB5, 0x3C, 0x70, 0xE8, 0x6E, 0xB1, 0x86, 0x67, 0xC6, 0x07, 0xB1,
    0x5A, 0xE2, 0x15, 0xAD, 0x6D, 0x65, 0x8D, 0xD7, 0x83, 0xB6, 0xC2, 0xBE, 0x92, 0x37, 0x9F, 0x93,
    0x7D, 0xDA, 0x5F, 0xC6, 0x3D, 0x4C, 0x6D, 0xDD, 0x66, 0x32, 0xA6, 0x49, 0x67, 0x5C, 0xF3, 0xDA,
    0xC0, 0x18, 0x25, 0x3F, 0x35, 0x9A, 0xF4, 0xDF, 0x51, 0x38, 0xD0, 0x83, 0x42, 0x6F, 0xD0, 0x8D,
    0xAC, 0x63, 0x37, 0x06, 0x05, 0x4D, 0x16, 0xFD, 0x3D, 0xD2, 0x3D, 0x6A, 0x6C, 0x89, 0xD2, 0x15,
    0x69, 0xAB, 0x51, 0xA3, 0x86, 0x4D, 0x6F, 0x9B, 0xBF, 0xEE, 0x91, 0x7B, 0xAA, 0x73, 0xF7, 0xEC,
    0x3E, 0xF0, 0x83, 0x6B, 0xA3, 0xEE, 0xB2, 0xB1, 0xE9, 0x3D, 0xFE, 0x3A, 0x8C, 0xB9, 0x95, 0xD3,
    0xEB, 0x57, 0xD3, 0x9D, 0xEB, 0xE2, 0x49, 0x65, 0x63, 0x6A, 0x31, 0xE6, 0x47, 0x3D, 0xA3, 0x81,
    0x55, 0x63, 0xDA, 0x70, 0xE9, 0x4C, 0xE8, 0x4E, 0x31, 0x97, 0x2B, 0x2E, 0x95, 0x19, 0x18, 0xB7,
    0x8E, 0x61, 0x36, 0x69, 0x5D, 0xC1, 0xA5, 0xC9, 0x31, 0x33, 0xAD, 0x3D, 0x36, 0x66, 0xEB, 0x65,
    0x8B, 0x13, 0xB3, 0x8A, 0x87, 0xCC, 0x08, 0x13, 0x7B, 0x6B, 0xE3, 0x0E, 0x8D, 0xE9, 0xF5, 0x57,
    0x73, 0x63, 0x2A, 0x92, 0x9E, 0x8D, 0x27, 0x44, 0x26, 0xCA, 0x91, 0xA8, 0xAE, 0x98, 0xB3, 0xB5,
    0x92, 0x5F, 0xF2, 0x82, 0x77, 0xB0, 0xF9, 0x52, 0xCB, 0x57, 0xC0, 0x35, 0xAE, 0x1E, 0x71, 0xF5,
    0x88, 0xC3, 0x0A, 0x66, 0xF0, 0x5E, 0xF1, 0xF1, 0xB3, 0x91, 0xB8, 0x97, 0xB4, 0x76, 0x8C, 0xB6,
    0xC7, 0x77, 0x84, 0xEA, 0x06, 0x18, 0xF9, 0x6A, 0x90, 0x03, 0x5E, 0xE3, 0x32, 0x28, 0x33, 0xDD,
    0x9B, 0x0E, 0x79, 0x73, 0xD9, 0x30, 0x2C, 0xC3, 0xEA, 0x96, 0x00, 0xB2, 0x95, 0x18, 0xF9, 0x1E,
    0x6E, 0xAD, 0x10, 0x02, 0xC5, 0x4A, 0xE5, 0xAE, 0x43, 0x3B, 0x9E, 0x56, 0xFC, 0x00, 0x92, 0xD6,
    0x48, 0xE6, 0x06, 0xCB, 0x26, 0x21, 0xEB, 0xD9, 0xE2, 0x1D, 0x3F, 0x9B, 0x94, 0xFD, 0x3D, 0x2F,
    0x52, 0x3E, 0x0D, 0x05, 0x76, 0x9C, 0x9A, 0xE4, 0xD3, 0xDD, 0xFC, 0x2F, 0x01, 0x3D, 0x1F, 0xCC,
    0xF8, 0x10, 0xFE, 0xAE, 0x88, 0xA7, 0xF4, 0x35, 0x03, 0x42, 0x58, 0xFA, 0x32, 0xF4, 0x3B, 0xE8,
    0xA9, 0x09, 0x4C, 0x18, 0xEF, 0x61, 0x30, 0x88, 0x7A, 0xE2, 0xD2, 0x23, 0xB9, 0xE3, 0x15, 0x2C,
    0xB3, 0xB9, 0xCD, 0x95, 0x9B, 0xF0, 0x37, 0xCB, 0xBF, 0x0A, 0xC9, 0x5F, 0xA0, 0x3E, 0xFB, 0x1F,
    0xB5, 0x03, 0x1C, 0xCA, 0xFD, 0xAE, 0xB4, 0xE9, 0xF2, 0x2A, 0xFA, 0x79, 0xA8, 0xA2, 0x37, 0x16,
    0xAA, 0x20, 0x46, 0x4D, 0x58, 0x9E, 0x8F, 0x05, 0xEF, 0x6F, 0x54, 0x34, 0x15, 0xBA, 0x4B, 0x11,
    0xDF, 0x39, 0x2B, 0xF9, 0x08, 0x7A, 0xFA, 0x0E, 0xFB, 0x09, 0xFB, 0xBD, 0xE1, 0x3E, 0x8D, 0x92,
    0x27, 0xB4, 0x3E, 0xFD, 0x91, 0x19, 0xB6, 0xB7, 0xF8, 0x79, 0xF3, 0x16, 0xAF, 0xE9, 0x39, 0x7E,
    0x9F, 0x16, 0x8A, 0xAD, 0x23, 0x67, 0x19, 0x26, 0xEB, 0xA0, 0xF7, 0x6F, 0x61, 0x62, 0x1C, 0x8E,
    0x4A, 0xF4, 0x13, 0x4E, 0x54, 0x72, 0x9C, 0xE6, 0xB1, 0x22, 0x0D, 0xBC, 0x27, 0xE0, 0xD6, 0xA3,
    0x94, 0x02, 0xDC, 0xBB, 0x52, 0x6A, 0x07, 0x5C, 0xF1, 0x2E, 0x63, 0xC7, 0x5B, 0xF6, 0x52, 0xAE,
    0x97, 0xFF, 0x97, 0x63, 0x27, 0x17, 0x7E, 0xD6, 0xD9, 0x32, 0xF4, 0x69, 0x07, 0x5D, 0x29, 0x0F,
    0x5D, 0x4E, 0xAB, 0x70, 0x73, 0x6E, 0x13, 0x7A, 0x44, 0x51, 0x72, 0x94, 0x81, 0x94, 0xD4, 0x57,
    0x38, 0x1D, 0xFF, 0x7D, 0xD5, 0x1B, 0x7C, 0xCD, 0x84, 0xFF, 0xA6, 0xC6, 0x05, 0x15, 0xB0, 0xCC,
    0x74, 0x30, 0xC2, 0x6D, 0xEC, 0x14, 0x3C, 0xEF, 0x00, 0x5A, 0x2F, 0x5F, 0xB3, 0x47, 0x28, 0x6B,
    0xEA, 0xE8, 0x4D, 0xE3, 0x0A, 0xBF, 0xF9, 0xC6, 0xBE, 0xE7, 0xF1, 0x4F, 0xDA, 0xAD, 0xE1, 0x8F,
    0xDB, 0x6B, 0xE5, 0xE9, 0x5F, 0xF3, 0xAE, 0x20, 0xD3, 0xCF, 0x7B, 0xB9, 0x8F, 0x65, 0xC3, 0x8B,
    0xFB, 0x44, 0xDF, 0xB6, 0x72, 0x5F, 0xEA, 0x2D, 0xA3, 0x38, 0xBB, 0x3A, 0xB0, 0x20, 0x7D, 0x4A,
    0x89, 0xCA, 0x15, 0x29, 0x9F, 0xB6, 0x98, 0x8F, 0x37, 0x3C, 0xBF, 0x52, 0x3F, 0xFF, 0x84, 0x76,
    0xFF, 0xD5, 0x2E, 0x0B, 0xE2, 0xBA, 0xEB, 0x58, 0x22, 0x94, 0xBE, 0x36, 0x70, 0x7F, 0x6C, 0x37,
    0x76, 0xA4, 0xCD, 0xC8, 0xD8, 0xD6, 0x51, 0xD4, 0x6C, 0x62, 0x73, 0x3A, 0x00, 0xBE, 0x98, 0x16,
    0x5F, 0x14, 0xEC, 0x76, 0xCE, 0xFE, 0x55, 0xBB, 0xF8, 0xA2, 0x31, 0xE9, 0x71, 0x33, 0x32, 0x62,
    0xD1, 0x59, 0xBF, 0xED, 0xF0, 0x45, 0x83, 0x1B, 0x6A, 0x44, 0x16, 0xAB, 0x2F, 0xAE, 0xD7, 0x76,
    0x69, 0x22, 0x78, 0x6C, 0x4D, 0x4F, 0xC6, 0xE6, 0x72, 0x00, 0xF8, 0x89, 0x83, 0x0C, 0x0B, 0xC0,
    0x49, 0xDF, 0xE5, 0xFD, 0xE4, 0xF2, 0xC8, 0x6E, 0xD9, 0xE6, 0x12, 0x9F, 0x75, 0x4C, 0x7B, 0x4C,
    0x9A, 0x43, 0x5A, 0x86, 0x60, 0xBE, 0x02, 0xC4, 0xBE, 0x62, 0x64, 0x7E, 0xDE, 0x9D, 0x32, 0x4F,
    0x03, 0xDD, 0x8C, 0xAA, 0x27, 0xF3, 0xF0, 0x1E, 0x9B, 0x43, 0x06, 0xA7, 0xF3, 0xCC, 0x2B, 0x48,
    0x29, 0x3F, 0x9F, 0x05, 0x49, 0x9E, 0x22, 0x66, 0xFD, 0x89, 0xF5, 0x8C, 0x73, 0x61, 0x3B, 0xAC,
    0x6C, 0x3B, 0xCE, 0x25, 0xA1, 0x1B, 0xCE, 0xB3, 0x84, 0x2E, 0xE4, 0xB4, 0xB0, 0xDD, 0x72, 0x2E,
    0x0C, 0x68, 0x14, 0xBE, 0x52, 0x69, 0xCF, 0xDC, 0x3F, 0xCF, 0x49, 0x4D, 0xC0, 0xA2, 0x59, 0x58,
    0xA4, 0x3D, 0xB9, 0x9C, 0xDE, 0xCE, 0x69, 0xCF, 0x49, 0xFF, 0x38, 0xBD, 0xDD, 0xA4, 0x9F, 0x99,
    0xE9, 0x2D, 0x21, 0x58, 0x8F, 0xC8, 0x2A, 0xB7, 0x4D, 0x43, 0x17, 0x37, 0xEE, 0xD3, 0xA3, 0xAB,
    0xB7, 0x0C, 0xCD, 0x9F, 0x50, 0x0D, 0xFF, 0x0B, 0xCD, 0x9A, 0x31, 0x8C, 0x24, 0xB9, 0x7D, 0xF5,
    0x7F, 0x55, 0x3C, 0x6D, 0x01, 0x2A, 0x7C, 0x47, 0x05, 0x07, 0x7C, 0x12, 0x56, 0x3A, 0x2A, 0x50,
    0x20, 0xC8, 0x7B, 0xC3, 0x44, 0x80, 0x37, 0x98, 0x69, 0xD6, 0x5A, 0xD0, 0x5D, 0x7A, 0xB9, 0x03,
    0x39, 0x50, 0xE6, 0x60, 0x37, 0xB8, 0xC0, 0x06, 0x66, 0xBA, 0x0A, 0x70, 0xA0, 0xD0, 0x97, 0x27,
    0x56, 0xE0, 0x48, 0x0A, 0xB4, 0xCE, 0x36, 0xE8, 0x99, 0xA6, 0x4E, 0x39, 0xC4, 0x83, 0x64, 0x38,
    0x34, 0xEF, 0xBC, 0x86, 0x03, 0x07, 0x47, 0x9F, 0xEA, 0xAC, 0x5A, 0x6D, 0x55, 0xD3, 0xFD, 0xE7,
    0xCE, 0xB4, 0x66, 0xB5, 0xBA, 0x44, 0xF0, 0x78, 0x8E, 0x43, 0x3E, 0xA2, 0xBB, 0xC8, 0xFF, 0x7B,
    0x8F, 0x4B, 0xB2, 0x9A, 0x55, 0xCB, 0x0A, 0x72, 0x47, 0x86, 0x73, 0x2E, 0xD3, 0x3F, 0xC2, 0x48,
    0x35, 0x52, 0x27, 0xD4, 0x8B, 0x1C, 0x69, 0x22, 0x6D, 0x40, 0xFB, 0xCB, 0x6C, 0x3C, 0x76, 0xC0,
    0x75, 0x25, 0xC3, 0x77, 0x00, 0x8E, 0x2F, 0xCB, 0x29, 0xB4, 0xF9, 0x7D, 0xB6, 0x79, 0xAA, 0x97,
    0x6A, 0x69, 0x13, 0xF7, 0xB5, 0x07, 0xDB, 0x81, 0x03, 0xD6, 0x14, 0xA6, 0x52, 0x36, 0x97, 0xF5,
    0x1A, 0x3A, 0x87, 0x0A, 0xF6, 0xE9, 0x43, 0xDF, 0xE6, 0x4C, 0x95, 0x47, 0x78, 0x13, 0x78, 0xEB,
    0x32, 0x24, 0x77, 0xB2, 0x74, 0xCF, 0x09, 0x76, 0x6F, 0x07, 0xEA, 0x09, 0x44, 0x17, 0xB4, 0x41,
    0xC0, 0x03, 0xFA, 0x55, 0x50, 0x39, 0x8F, 0x02, 0xE9, 0xA5, 0x0B, 0x03, 0x45, 0x0C, 0x38, 0x80,
    0x05, 0x50, 0x13, 0x60, 0x22, 0xD0, 0xE7, 0x3C, 0xB1, 0x95, 0x6E, 0x97, 0xE9, 0xC7, 0x0F, 0x9F,
    0x35, 0xA8, 0xE7, 0x39, 0x7F, 0xE2, 0xAB, 0xFC, 0xD4, 0x64, 0xC8, 0xD4, 0x33, 0xD5, 0x04, 0x4B,
    0x51, 0xB0, 0x2E, 0x12, 0x9C, 0xC4, 0x16, 0x1C, 0x60, 0x85, 0xE9, 0xAE, 0xF0, 0xAC, 0xE0, 0x8C,
    0x19, 0xA4, 0x8B, 0xF6, 0x34, 0x89, 0x36, 0x61, 0x02, 0x76, 0xF7, 0xFD, 0x1C, 0xE9, 0xB7, 0xF9,
    0xF9, 0xC8, 0xFD, 0x76, 0xF7, 0x20, 0x00, 0x80, 0x5C, 0x65, 0x2B, 0x91, 0xAB, 0x19, 0x35, 0x4A,
    0xAE, 0x66, 0xDA, 0x58, 0x82, 0x78, 0x38, 0xC7, 0x01, 0x3D, 0x0B, 0xE0, 0xCA, 0x30, 0xD8, 0x1F,
    0x25, 0x40, 0xFF, 0xD2, 0x0B, 0xE6, 0x4E, 0x20, 0xE7, 0x01, 0xB3, 0xC7, 0x0E, 0xE9, 0x0F, 0xA8,
    0x74, 0x40, 0x97, 0xF3, 0xEE, 0x0A, 0x4B, 0x5C, 0xD0, 0xA1, 0xA0, 0x3F, 0x20, 0xA6, 0xA0, 0x2B,
    0x79, 0x05, 0x67, 0x25, 0x6F, 0x60, 0x2E, 0x79, 0xBA, 0x9C, 0x1B, 0x65, 0x7A, 0x70, 0x48, 0xAD,
    0x97, 0x2C, 0xD3, 0x63, 0xC0, 0x74, 0x92, 0xED, 0x1F, 0x8B, 0x01, 0xDB, 0x11, 0x5A, 0x51, 0xE7,
    0x7E, 0xFD, 0x30, 0x70, 0x81, 0x0A, 0xCC, 0xC0, 0x35, 0xC8, 0x00, 0x7D, 0x84, 0x4A, 0x64, 0xAA,
    0xFF, 0xCA, 0x81, 0x26, 0x9A, 0x89, 0x26, 0xD4, 0x3B, 0x9A, 0x84, 0x43, 0xED, 0x30, 0x90, 0xA3,
    0x05, 0xB3, 0xAC, 0xA0, 0xCE, 0x33, 0x60, 0x47, 0x40, 0x5D, 0x0F, 0xF6, 0x55, 0xAA, 0x99, 0x35,
    0x6A, 0xA4, 0xFF, 0xF5, 0xC3, 0x84, 0x91, 0xA1, 0xA9, 0xB6, 0x13, 0x58, 0xC6, 0xBE, 0x9E, 0x57,
    0xD5, 0xC8, 0x41, 0x7F, 0x7E, 0x86, 0x30, 0xE6, 0xEC, 0xA1, 0x7D, 0xC6, 0xDD, 0x11, 0xDC, 0x00,
    0x0B, 0xCC, 0x80, 0xA3, 0x4E, 0x75, 0x1E, 0x74, 0xD7, 0x78, 0x9D, 0xD3, 0x1E, 0x3A, 0xF7, 0x60,
    0x54, 0xDE, 0xB0, 0x01, 0xE5, 0xDF, 0x62, 0x84, 0xDA, 0x1F, 0x57, 0xA9, 0x54, 0x75, 0x94, 0xEA,
    0x7E, 0x1D, 0xE4, 0xDA, 0xDF, 0xA8, 0x43, 0x45, 0x33, 0x1C, 0xD7, 0xA9, 0x42, 0x73, 0xCC, 0xD4,
    0x0E, 0x6F, 0x72, 0xC2, 0x36, 0x73, 0x8C, 0xC1, 0x4C, 0x94, 0x09, 0x42, 0x13, 0x45, 0x2D, 0x76,
    0x80, 0xFC, 0xFE, 0xDD, 0x05, 0xB0, 0x39, 0x47, 0xA0, 0xDA, 0x8A, 0x3E, 0xB6, 0x43, 0x93, 0x53,
    0xFB, 0x60, 0x04, 0xC9, 0x77, 0x72, 0xB2, 0x39, 0xAD, 0xAB, 0x74, 0x5A, 0xC7, 0xE3, 0x36, 0x98,
    0xFF, 0x0E, 0x00, 0x3A, 0xAC, 0xC1, 0x3E, 0x98, 0xE0, 0xBC, 0x89, 0xD4, 0xA3, 0x19, 0x68, 0x43,
    0x2F, 0x5F, 0xCD, 0x70, 0xA1, 0x12, 0xB8, 0x7A, 0x04, 0x33, 0xCC, 0x97, 0x6D, 0x55, 0x72, 0x1D,
    0xF5, 0x24, 0xFC, 0x73, 0x1B, 0x01, 0xC0, 0xE5, 0x9C, 0xA7, 0x02, 0x40, 0x19, 0xA7, 0x3A, 0x21,
    0x4D, 0x0F, 0x10, 0x81, 0x26, 0x00, 0xAD, 0x40, 0xCE, 0x41, 0x86, 0xCE, 0x4E, 0xD4, 0x4F, 0xEF,
    0x76, 0xBA, 0xFF, 0x28, 0xDC, 0x7B, 0xF4, 0xDE, 0xE3, 0xEF, 0x3E, 0xFA, 0xEE, 0xA3, 0xC7, 0x8F,
    0x1F, 0x3F, 0xFA, 0x71, 0x0E, 0x8F, 0xE2, 0x7F, 0x74, 0x8F, 0xE3, 0xAF, 0x86, 0xF8, 0x4F, 0x1F,
    0x7C, 0xE0, 0xEF, 0xD3, 0x76, 0x6F, 0x72, 0x46, 0x9D, 0x03, 0x97, 0x29, 0xE7, 0x25, 0xE7, 0xB9,
    0xDA, 0xD1, 0x66, 0x6F, 0xDE, 0x09, 0xC7, 0x55, 0xBC, 0xBF, 0xCF, 0x75, 0x58, 0xDD, 0xF5, 0x36,
    0xD3, 0x4C, 0x40, 0x3D, 0xBC, 0xBC, 0xDC, 0x87, 0x2B, 0x30, 0x1D, 0x60, 0x3B, 0xDA, 0x9C, 0xF3,
    0xAC, 0x05, 0x60, 0x05, 0x70, 0x02, 0x70, 0x06, 0xB0, 0x39, 0xC0, 0xC4, 0xB5, 0x24, 0x0E, 0x7D,
    0x2F, 0x80, 0x1D, 0xA9, 0xF3, 0x8E, 0x26, 0xB8, 0xAE, 0x2E, 0x11, 0xCD, 0xB5, 0x3D, 0x6B, 0x86,
    0x7A, 0x2C, 0x56, 0x85, 0x87, 0x05, 0x9A, 0x04, 0xD6, 0x43, 0x9F, 0x67, 0xB6, 0x42, 0x58, 0xFA,
    0x67, 0xD9, 0xC7, 0x2E, 0xFB, 0x5A, 0xA8, 0xCE, 0xC1, 0x45, 0xE8, 0x13, 0x54, 0xF3, 0x65, 0xAC,
    0x55, 0x29, 0xDF, 0xE2, 0x9C, 0x75, 0x3D, 0xE1, 0x72, 0xA4, 0xD9, 0x75, 0x30, 0xD7, 0xA9, 0x09,
    0xBA, 0x3B, 0x2A, 0x32, 0x27, 0x66, 0x19, 0xF5, 0x59, 0x58, 0x27, 0x54, 0xAA, 0x0A, 0x8C, 0x7B,
    0xA8, 0x13, 0x4D, 0x54, 0x7B, 0x08, 0x7B, 0x68, 0xBD, 0x8A, 0x68, 0xDF, 0x84, 0x3D, 0xB4, 0x01,
    0x3B, 0xB4, 0x91, 0x7E, 0xD0, 0xA9, 0xCA, 0x9D, 0x5E, 0xFE, 0xF2, 0x93, 0x4E, 0xE7, 0x6C, 0x30,
    0x3F, 0x98, 0x2C, 0x16, 0x28, 0x80, 0xE3, 0x52, 0x03, 0xEB, 0x97, 0x47, 0x87, 0x3B, 0x79, 0x11,
    0x3B, 0x75, 0x9E, 0xEF, 0xB5, 0xFB, 0x62, 0xF2, 0x74, 0xDF, 0x95, 0x32, 0xBE, 0xD7, 0xE7, 0xF4,
    0x68, 0x5F, 0x1E, 0xEF, 0x4B, 0xEA, 0x73, 0x8C, 0x2E, 0x87, 0x60, 0xF2, 0x87, 0xA1, 0xC9, 0x3F,
    0xF7, 0xFC, 0xF5, 0x07, 0x1E, 0xF5, 0x8B, 0x7D, 0xF9, 0xBB, 0x01, 0xF5, 0xBD, 0x8E, 0xA6, 0xE9,
    0x68, 0x5B, 0xD0, 0x2D, 0xBC, 0xAE, 0xF7, 0xE5, 0x75, 0xF8, 0xC6, 0xFF, 0x83, 0xAF, 0x7F, 0x1D,
    0xEE, 0xDD, 0x83, 0x6F, 0xDF, 0xE3, 0x88, 0x6D, 0x97, 0x85, 0xFB, 0x71, 0x15, 0x55, 0x68, 0x66,
    0x4E, 0x38, 0xB3, 0x93, 0x0D, 0xB4, 0xBE, 0xCC, 0xF1, 0xAE, 0xFD, 0x59, 0xF7, 0x9A, 0xBD, 0xDA,
    0x3E, 0x56, 0xAF, 0x6C, 0x41, 0x32, 0x6E, 0xBE, 0xCF, 0x9E, 0x3E, 0xA8, 0x3C, 0xE9, 0x70, 0x6E,
    0x38, 0x3A, 0xE1, 0xE8, 0x98, 0xA3, 0x53, 0xC9, 0xC7, 0xC7, 0x6C, 0x56, 0x75, 0x32, 0xF9, 0xC5,
    0x96, 0xE1, 0x64, 0x15, 0x78, 0xE6, 0x36, 0xB0, 0x56, 0x09, 0xF7, 0x40, 0x16, 0xDB, 0x82, 0x0E,
    0x3D, 0x76, 0x98, 0xB9, 0x90, 0xF1, 0xD5, 0xBE, 0x89, 0x4E, 0x16, 0x85, 0x34, 0x29, 0x7C, 0x9C,
    0x50, 0xCF, 0xC0, 0x13, 0xF4, 0x0C, 0x55, 0xE2, 0x1B, 0x1B, 0x50, 0x01, 0x26, 0xD0, 0x03, 0x8C,
    0x60, 0x81, 0x04, 0xA7, 0xE5, 0x32, 0x23, 0x65, 0x57, 0x8C, 0x48, 0x69, 0xBD, 0x4A, 0xFB, 0xCA,
    0xD0, 0x26, 0x15, 0x38, 0xC1, 0xA4, 0xED, 0xC2, 0xC4, 0x9F, 0xC7, 0xBC, 0xD4, 0x89, 0x7F, 0x8B,
    0xD0, 0x78, 0xF5, 0x8B, 0x00, 0xBA, 0x6B, 0x1B, 0x0F, 0x47, 0x7C, 0xA3, 0xF5, 0x12, 0xEA, 0xBE,
    0x54, 0x89, 0xA4, 0x07, 0x54, 0xA8, 0x73, 0x4E, 0xB4, 0x43, 0xA9, 0x0C, 0x48, 0x39, 0x06, 0x2C,
    0x8C, 0xC0, 0x6B, 0xF0, 0x55, 0xE0, 0xAF, 0x60, 0x29, 0xD4, 0xED, 0x2C, 0x51, 0x79, 0x73, 0x23,
    0x51, 0x79, 0xE3, 0x09, 0xAC, 0x80, 0xA9, 0x08, 0x64, 0x84, 0x24, 0x3A, 0x8B, 0x85, 0x4A, 0xA2,
    0x96, 0x3E, 0x46, 0x86, 0x30, 0x72, 0xA2, 0xF2, 0xA4, 0x82, 0x6C, 0x4B, 0xF3, 0x9E, 0x35, 0xD5,
    0x9C, 0x6E, 0x97, 0x46, 0xF4, 0xE4, 0x45, 0x77, 0x30, 0x89, 0x40, 0xAA, 0xE2, 0xB5, 0x04, 0x48,
    0x50, 0x04, 0x0A, 0x45, 0x09, 0x35, 0x81, 0x29, 0x97, 0x38, 0x01, 0x53, 0xBA, 0xD0, 0x67, 0x99,
    0xAE, 0x6C, 0x73, 0x52, 0x9E, 0x97, 0x92, 0x95, 0xB1, 0x1A, 0xA8, 0xF2, 0x02, 0xAD, 0xC4, 0x59,
    0x83, 0x01, 0x58, 0x15, 0x83, 0x25, 0xC8, 0x08, 0x54, 0x13, 0x75, 0x04, 0x5C, 0x40, 0xD4, 0xD0,
    0x47, 0x34, 0xE5, 0x7B, 0x69, 0x01, 0x6C, 0x78, 0x82, 0x93, 0xBA, 0x4A, 0x64, 0x5E, 0x63, 0x56,
    0xBE, 0xDE, 0xB1, 0x7A, 0x67, 0xD4, 0x5D, 0x73, 0x8E, 0xC9, 0xF1, 0x88, 0xD7, 0x4F, 0xB8, 0xB3,
    0xEB, 0x4E, 0x39, 0x3E, 0x05, 0x48, 0xA4, 0x0D, 0xC8, 0xD0, 0x86, 0x27, 0x08, 0x79, 0xD3, 0x4D,
    0x80, 0xE1, 0xF5, 0x6A, 0x44, 0xC8, 0x6D, 0xDE, 0x01, 0x23, 0x4E, 0x6A, 0x21, 0x17, 0x0B, 0x42,
    0xAE, 0x22, 0x68, 0x80, 0x0E, 0x38, 0x83, 0x2A, 0x43, 0xB5, 0xBB, 0xB6, 0xA3, 0xBC, 0x0B, 0x8C,
    0x20, 0x71, 0xA4, 0x4F, 0x69, 0xEF, 0xC1, 0x01, 0x33, 0xA8, 0x44, 0xF9, 0x68, 0x87, 0x3F, 0xFC,
    0x29, 0xA4, 0xD8, 0x62, 0x06, 0xF7, 0xEF, 0x19, 0x93, 0x67, 0xEA, 0xFC, 0x3E, 0xD0, 0x04, 0x28,
    0x5D, 0xA8, 0x04, 0x18, 0x01, 0x36, 0xBC, 0x94, 0x66, 0xA0, 0x16, 0x50, 0x0B, 0xD0, 0xEE, 0x00,
    0x7D, 0x01, 0xB8, 0x12, 0xDE, 0x02, 0xB3, 0x81, 0x6A, 0x32, 0x1D, 0x4A, 0xA6, 0x53, 0x13, 0xF7,
    0xA0, 0xBD, 0xF6, 0x98, 0xA1, 0xF5, 0x38, 0xF6, 0xB0, 0x16, 0xA6, 0xDD, 0x4F, 0x7E, 0x1A, 0xEB,
    0x9C, 0x73, 0x54, 0x7B, 0x48, 0x6D, 0x92, 0xE6, 0x81, 0x3A, 0x59, 0x4F, 0x3D, 0xBA, 0x8E, 0x6A,
    0xDA, 0xB2, 0x87, 0x03, 0x67, 0x02, 0x1A, 0x0F, 0xE8, 0x0E, 0x58, 0xDD, 0xBA, 0x2A, 0x0B, 0xB0,
    0x1D, 0xA0, 0xFE, 0xAD, 0x87, 0xE6, 0x83, 0x08, 0x86, 0xF1, 0x96, 0x55, 0x35, 0xF1, 0x1E, 0xE8,
    0xE5, 0x14, 0x8E, 0xFA, 0x04, 0xC7, 0x6D, 0xB8, 0x65, 0x41, 0xA6, 0xDB, 0x80, 0x1B, 0x66, 0xB0,
    0x4C, 0xB7, 0xAC, 0x85, 0xBE, 0x03, 0x3E, 0xF6, 0x50, 0xFB, 0x00, 0x6A, 0x08, 0x50, 0x7F, 0xE0,
    0x81, 0x7C, 0x9B, 0xAA, 0x9A, 0x9C, 0x73, 0x07, 0xE8, 0xCB, 0xDA, 0x4E, 0x00, 0xE0, 0x2E, 0xEB,
    0x3C, 0x02, 0x50, 0x3F, 0x4F, 0x00, 0xA8, 0xDF, 0x94, 0x1A, 0xFD, 0x2F, 0xA5, 0xC6, 0xFC, 0x28,
    0x02, 0xE0, 0xDA, 0x52, 0xB3, 0xE8, 0x9C, 0x23, 0x54, 0xF3, 0xBE, 0x0E, 0x08, 0xAD, 0x07, 0x68,
    0xA3, 0x19, 0x00, 0x8C, 0xB7, 0xA5, 0x76, 0x9D, 0xED, 0x00, 0xB6, 0x39, 0x03, 0x54, 0x59, 0x6A,
    0x69, 0x4E, 0x4F, 0x69, 0xCE, 0x9A, 0xD2, 0x9C, 0x0B, 0x4A, 0x73, 0x72, 0xCE, 0x9E, 0x2D, 0x52,
    0x0F, 0xC0, 0x9F, 0xED, 0x3A, 0xEA, 0x9C, 0x47, 0xCC, 0x67, 0xFF, 0x7F, 0x96, 0xA1, 0x3D, 0xAF,
    0x66, 0xF8, 0xA6, 0x1A, 0x81, 0x22, 0xA5, 0xF0, 0x16, 0x32, 0xD7, 0x09, 0x00, 0xF4, 0x00, 0x25,
    0xF0, 0xC5, 0x01, 0xD6, 0x07, 0x70, 0x97, 0x4C, 0x15, 0x26, 0xC8, 0x2D, 0x6A, 0xAA, 0xB6, 0x42,
    0x31, 0xC3, 0x43, 0xD9, 0x9F, 0xAA, 0x08, 0x28, 0x0F, 0xB4, 0x23, 0xC0, 0x29, 0xC0, 0x31, 0xF0,
    0x9D, 0x09, 0x70, 0x01, 0xE0, 0x1C, 0x60, 0x05, 0x60, 0x01, 0x74, 0x07, 0xB4, 0x03, 0x87, 0x54,
    0xE4, 0x27, 0x0A, 0xCC, 0x40, 0x35, 0x5D, 0x41, 0x3D, 0x02, 0xAA, 0x40, 0xBA, 0x82, 0x46, 0xA0,
    0xCD, 0x79, 0x11, 0x98, 0xAF, 0x1D, 0xE9, 0x4C, 0x81, 0xDF, 0x9F, 0xEB, 0x0A, 0xF0, 0x92, 0xCB,
    0xED, 0xF5, 0x83, 0x9D, 0x1E, 0x00, 0x77, 0x10, 0x5D, 0x58, 0xC2, 0x6D, 0xAB, 0x52, 0xE9, 0x6A,
    0x28, 0xAD, 0xA8, 0xDA, 0x94, 0x9B, 0xAD, 0xBE, 0x65, 0x55, 0x55, 0x6A, 0x3D, 0x6A, 0x34, 0x9E,
    0x3A, 0xEA, 0xE1, 0x56, 0xB5, 0x54, 0x23, 0xCC, 0x70, 0x0A, 0x27, 0x60, 0xB9, 0x4C, 0x0E, 0x7A,
    0x58, 0xC3, 0x39, 0xCC, 0x94, 0x2C, 0x42, 0xEA, 0x49, 0x94, 0xA8, 0x24, 0xB9, 0x49, 0x57, 0x0F,
    0x2F, 0x2E, 0x9F, 0x5F, 0x08, 0xA5, 0x1D, 0x84, 0xD3, 0x5D, 0xE3, 0xDB, 0x88, 0x5B, 0x50, 0x01,
    0xAE, 0x3B, 0x75, 0x40, 0x7F, 0xED, 0x5E, 0x3D, 0x1F, 0x8A, 0xF0, 0x08, 0x91, 0x30, 0x09, 0x4F,
    0x29, 0x8D, 0x94, 0x88, 0xD0, 0xA1, 0xA5, 0xF8, 0x52, 0x84, 0x12, 0x2B, 0xA5, 0x03, 0x07, 0xA5,
    0xD0, 0x7A, 0x6C, 0xE4, 0x3C, 0x55, 0xE9, 0x49, 0xE3, 0x4F, 0xFE, 0x17, 0x1D, 0x35, 0xC1, 0xA2,
    0xA3, 0x6C, 0x7F, 0xAB, 0xFF, 0x1B, 0x27, 0x36, 0xEF, 0xE4, 0x63, 0xCE, 0x09, 0x1C, 0x77, 0x67,
    0x41, 0x76, 0x85, 0xAB, 0x2F, 0x6C, 0x8E, 0x82, 0x1D, 0x33, 0xD8, 0x4B, 0xAC, 0xA4, 0x59, 0x27,
    0xBC, 0x4E, 0xBA, 0x06, 0x47, 0x9F, 0xB3, 0x77, 0x85, 0x7D, 0x5D, 0x70, 0x29, 0x0A, 0x66, 0xDA,
    0x28, 0xF2, 0xDA, 0x20, 0xA2, 0xC4, 0x70, 0x10, 0xEC, 0x07, 0x8C, 0x6F, 0x76, 0x60, 0x72, 0x1E,
    0x8B, 0x04, 0x40, 0xF4, 0xBE, 0x07, 0xD8, 0x29, 0x01, 0x27, 0xDB, 0x08, 0xBC, 0x27, 0x92, 0xAF,
    0xA7, 0x1D, 0x12, 0x37, 0x23, 0x11, 0xF3, 0x80, 0x0E, 0x55, 0x96, 0x51, 0xAC, 0x73, 0x10, 0x7C,
    0x9E, 0x30, 0x83, 0xFA, 0x74, 0xC4, 0x0E, 0x2A, 0xCD, 0xD8, 0x4E, 0xD0, 0xD1, 0xC4, 0x35, 0x8E,
    0x56, 0x54, 0xA2, 0x83, 0x19, 0xD6, 0xE5, 0x46, 0x73, 0x5E, 0x8E, 0x5D, 0x0B, 0xC6, 0x4B, 0x2B,
    0x33, 0xD4, 0xA3, 0xF4, 0xA8, 0x9E, 0x49, 0x0F, 0x76, 0x93, 0x60, 0x3F, 0x0A, 0xBA, 0xC4, 0x1A,
    0x6C, 0xE2, 0x02, 0x74, 0xE2, 0x1C, 0x31, 0x05, 0x45, 0x9A, 0xB8, 0x01, 0x9A, 0x00, 0xA0, 0x22,
    0x40, 0x95, 0xE0, 0xE5, 0x64, 0x77, 0x80, 0xCA, 0x39, 0x82, 0x19, 0xEF, 0x4E, 0xB0, 0xED, 0x58,
    0xA8, 0x66, 0xE8, 0x51, 0x23, 0xB8, 0x4E, 0x02, 0xDA, 0xE1, 0xC5, 0xBF, 0x91, 0x1D, 0xC0, 0x78,
    0x57, 0x18, 0x5E, 0x60, 0x8F, 0x5C, 0x5D, 0x23, 0x2D, 0x2F, 0x04, 0x11, 0xEC, 0x0B, 0x2E, 0xF4,
    0x48, 0x28, 0x87, 0x84, 0x72, 0x03, 0x3A, 0xA2, 0x03, 0xCE, 0xD3, 0x3C, 0xBB, 0xB3, 0x83, 0xAA,
    0x8C, 0x30, 0x66, 0xD7, 0x01, 0x50, 0xBD, 0xCF, 0x41, 0xA8, 0x1E, 0x00, 0x2C, 0x87, 0xDD, 0x94,
    0x1F, 0x7E, 0x81, 0x95, 0x6F, 0x00, 0xEA, 0x0C, 0xD0, 0xFE, 0xB2, 0x03, 0x6C, 0xE3, 0x81, 0x6F,
    0x89, 0xA3, 0x2F, 0xA8, 0x66, 0x3D, 0x3C, 0x06, 0xDC, 0x67, 0x09, 0xF8, 0xDB, 0x1C, 0x80, 0xC7,
    0xB6, 0xFB, 0xC2, 0xAA, 0x3D, 0xA9, 0x12, 0x70, 0x21, 0xA4, 0x9C, 0xD6, 0x11, 0x00, 0xBE, 0xA8,
    0x6A, 0xBF, 0xB9, 0xCF, 0xD5, 0x08, 0x1B, 0x16, 0xD4, 0x54, 0xD6, 0x35, 0xD6, 0xBB, 0x0E, 0xFD,
    0xD1, 0x02, 0xEA, 0x79, 0x92, 0xF6, 0x1E, 0xC8, 0x45, 0xB0, 0x07, 0xFD, 0xAF, 0x11, 0xDC, 0xF7,
    0x46, 0xAA, 0xA5, 0x9A, 0x69, 0x12, 0x5B, 0x8C, 0xC7, 0x0D, 0x16, 0x74, 0xF7, 0x1A, 0x97, 0x49,
    0x77, 0x62, 0x72, 0x55, 0x4C, 0xCE, 0xC5, 0xE4, 0x2C, 0x26, 0xD5, 0x4E, 0x94, 0xB5, 0x59, 0x94,
    0x99, 0x62, 0xF2, 0xA4, 0x98, 0x9C, 0xC4, 0x64, 0x9D, 0xC4, 0x64, 0x13, 0xC4, 0xA4, 0x1E, 0xC4,
    0xA4, 0x2D, 0x26, 0x4F, 0xB1, 0xDD, 0x05, 0xA3, 0x98, 0x54, 0x91, 0x9E, 0x75, 0xEB, 0xC5, 0xA4,
    0x29, 0x26, 0x4F, 0x8A, 0xC9, 0x49, 0x4C, 0x9A, 0x24, 0x6E, 0xDB, 0x45, 0x4C, 0xEA, 0x62, 0xF2,
    0xC8, 0x8A, 0xC9, 0x0D, 0x00, 0x70, 0x06, 0xE0, 0x00, 0xCC, 0x61, 0xD9, 0x36, 0x1E, 0x0E, 0x49,
    0x25, 0x70, 0x02, 0xEB, 0x26, 0xC1, 0x45, 0x13, 0xE1, 0xBC, 0x0D, 0x30, 0xEB, 0x02, 0x9E, 0xAA,
    0xC0, 0x64, 0x3C, 0xF5, 0x68, 0x07, 0x54, 0xB2, 0xDD, 0x1E, 0x1C, 0x14, 0x68, 0xA2, 0x83, 0x36,
    0xAE, 0xA1, 0x0D, 0x7B, 0xD0, 0xFE, 0x02, 0x8C, 0x5F, 0x83, 0xEB, 0x7A, 0xE8, 0xF7, 0x55, 0xB5,
    0x60, 0x9E, 0xDE, 0x1D, 0x69, 0x72, 0x0E, 0xB0, 0x7D, 0x06, 0xC0, 0x9D, 0x0E, 0x30, 0x02, 0x2B,
    0xA0, 0xA8, 0xAD, 0x92, 0xC0, 0x70, 0xDB, 0xD2, 0xEA, 0x04, 0xB4, 0x13, 0x60, 0x4F, 0x80, 0x8D,
    0x91, 0x7D, 0xEF, 0xCE, 0x2D, 0xAB, 0xAA, 0xC6, 0xD6, 0xA3, 0xA6, 0x72, 0x76, 0xD1, 0x03, 0xC0,
    0xED, 0x0A, 0x12, 0x45, 0x80, 0x3A, 0x9C, 0x30, 0x0C, 0xC0, 0x31, 0xD7, 0xD2, 0x05, 0xB4, 0xA9,
    0x97, 0x50, 0xE5, 0x6D, 0x91, 0x1D, 0xB8, 0x40, 0xFB, 0x6A, 0x46, 0x07, 0x95, 0xE4, 0xC4, 0x16,
    0x51, 0xC9, 0x78, 0xD4, 0xE8, 0xA0, 0x9A, 0x16, 0x60, 0x37, 0x01, 0xDB, 0x04, 0xF4, 0x1E, 0x70,
    0x83, 0x00, 0xAF, 0x9E, 0x5A, 0xCE, 0x01, 0x16, 0x80, 0xF9, 0x0A, 0xAA, 0x89, 0x57, 0xBF, 0xCB,
    0x39, 0x08, 0x2C, 0xD4, 0xBF, 0xFB, 0x49, 0xEE, 0x54, 0xC2, 0xF9, 0x3D, 0xE8, 0x17, 0xD0, 0xC4,
    0x3D, 0xB4, 0x05, 0x02, 0x46, 0xD6, 0xA3, 0xEB, 0xF6, 0x70, 0x81, 0xF1, 0xCD, 0x8C, 0xC9, 0x39,
    0x96, 0x5F, 0x37, 0x2F, 0xFF, 0x3A, 0xBD, 0x7E, 0x6C, 0x3A, 0x87, 0x6B, 0x6F, 0x35, 0xC0, 0x86,
    0x87, 0x9E, 0x1E, 0xED, 0x99, 0x69, 0x3D, 0x93, 0xB8, 0x1D, 0x91, 0x15, 0xCE, 0x05, 0x2A, 0x35,
    0x93, 0xF8, 0x0D, 0xA8, 0xE8, 0xA0, 0x09, 0x2B, 0x68, 0x65, 0x64, 0x5A, 0x6F, 0x47, 0x51, 0xB3,
    0x43, 0x0F, 0xF4, 0x83, 0x19, 0xD0, 0xDE, 0x94, 0xAF, 0x41, 0x7B, 0xD7, 0xC8, 0xEE, 0xA7, 0x3F,
    0xDC, 0xB2, 0x6A, 0xF3, 0xCC, 0x59, 0xB5, 0x0D, 0xA0, 0x12, 0x50, 0x5F, 0x7F, 0x36, 0x74, 0x7D,
    0xEC, 0xEF, 0xEC, 0x54, 0xC0, 0xE5, 0x5F, 0xF9, 0x6A, 0xF7, 0xF6, 0x73, 0xAF, 0x46, 0x7A, 0x71,
    0x69, 0xC5, 0xA0, 0x95, 0xF0, 0xB6, 0xB3, 0x60, 0x71, 0xE0, 0x0E, 0xB0, 0x12, 0x58, 0x0B, 0x2C,
    0x98, 0x41, 0xCD, 0xE8, 0xA7, 0x0F, 0x37, 0xA8, 0x3C, 0xCF, 0xB0, 0x7D, 0x7F, 0x3A, 0xAC, 0xD0,
    0xC3, 0x89, 0x49, 0x0F, 0xC0, 0xD7, 0x6E, 0x96, 0xD2, 0x74, 0x40, 0xEF, 0xA1, 0xFA, 0x34, 0x42,
    0xE3, 0x47, 0xF8, 0x32, 0x3F, 0xBC, 0x59, 0x97, 0x80, 0x7A, 0xF6, 0x16, 0xE8, 0x3C, 0xC3, 0x9B,
    0x26, 0x01, 0xDC, 0xA8, 0xCB, 0x76, 0x38, 0x03, 0xE3, 0x77, 0xA0, 0xBB, 0xCD, 0x8D, 0xB3, 0x61,
    0x07, 0xE0, 0xB3, 0x08, 0x95, 0x7F, 0x0C, 0xB5, 0x8F, 0x50, 0x7D, 0x18, 0x80, 0x6D, 0x77, 0xA3,
    0x2E, 0x77, 0x9D, 0x7D, 0x06, 0xDB, 0xFC, 0x71, 0xCE, 0x83, 0x7A, 0xD6, 0xE4, 0xD1, 0x44, 0xE5,
    0xC9, 0xBE, 0x4E, 0x40, 0x86, 0x11, 0x58, 0x60, 0x02, 0x66, 0xA9, 0xB6, 0x79, 0x9F, 0xC6, 0x36,
    0x97, 0xCA, 0xC6, 0xD2, 0xCC, 0xA1, 0xA4, 0x3A, 0x43, 0x8D, 0xC0, 0x86, 0x66, 0xA2, 0xE2, 0x0C,
    0x33, 0x23, 0xAF, 0xE4, 0x72, 0x7E, 0xB0, 0xC5, 0xE4, 0xC9, 0xE5, 0x89, 0x3B, 0x79, 0xD8, 0x67,
    0x28, 0xCF, 0x53, 0x6D, 0x9E, 0x21, 0x3F, 0xC8, 0xA8, 0x89, 0x23, 0xDA, 0xC8, 0x6B, 0xE8, 0xDF,
    0x9F, 0x3F, 0x01, 0xDC, 0xE7, 0x81, 0x1D, 0xAA, 0x88, 0x8E, 0x77, 0x13, 0x2A, 0xE7, 0xE1, 0x72,
    0xE7, 0xD3, 0x00, 0x6F, 0x01, 0x38, 0x0F, 0xD4, 0x11, 0xA8, 0x04, 0x7E, 0x1A, 0xA0, 0xDA, 0x71,
    0x58, 0x9B, 0xD3, 0xCB, 0x6B, 0xF3, 0x08, 0x00, 0x44, 0xD5, 0x20, 0xAA, 0x26, 0xC8, 0xDF, 0x5F,
    0xC4, 0x8C, 0x13, 0x55, 0x46, 0x54, 0x99, 0xCE, 0x74, 0x7B, 0xB0, 0x39, 0x67, 0x9C, 0xC0, 0xAB,
    0xAA, 0xBE, 0x82, 0xF1, 0x55, 0x42, 0x8F, 0x07, 0x55, 0x0F, 0x27, 0x0E, 0x1B, 0xD3, 0x74, 0xB8,
    0x81, 0x79, 0xE0, 0xCB, 0x37, 0x4B, 0xA9, 0x3D, 0xE0, 0x02, 0xF0, 0x2C, 0x81, 0x8A, 0x4F, 0xE0,
    0x4E, 0xF7, 0xED, 0x9B, 0xA4, 0x6C, 0xFC, 0x11, 0xE8, 0xD0, 0x43, 0x3B, 0x9C, 0x00, 0xDC, 0xA4,
    0x41, 0xB9, 0x27, 0x34, 0x5E, 0xC5, 0x4A, 0xCC, 0xA5, 0xFD, 0x5F, 0x6C, 0x42, 0x1B, 0x5A, 0xAF,
    0xE5, 0x6F, 0x30, 0x9D, 0xAC, 0x04, 0x87, 0x63, 0xC5, 0x19, 0xE7, 0xD2, 0xA4, 0x9C, 0xEB, 0xE1,
    0x14, 0xDE, 0x05, 0xAE, 0xFD, 0x17, 0x8A, 0x40, 0x1B, 0xE4, 0xA2, 0xBE, 0xF6, 0x9A, 0xDC, 0xBE,
    0xF2, 0x9A, 0xFC, 0x1C, 0xD8, 0x50, 0x67, 0xDA, 0xBF, 0xEF, 0x56, 0xCA, 0xBF, 0x51, 0x75, 0x7F,
    0x5A, 0x90, 0x93, 0x2A, 0x5D, 0xA8, 0xF1, 0x54, 0x45, 0xF8, 0x53, 0x65, 0xBC, 0xC1, 0x97, 0x70,
    0x43, 0xCF, 0xDD, 0xDF, 0x4D, 0x54, 0xE5, 0x26, 0x3A, 0xA0, 0xFF, 0x33, 0xD0, 0xAB, 0xC4, 0x77,
    0xAB, 0x09, 0x98, 0x69, 0x9F, 0x6D, 0xD8, 0xE6, 0xA5, 0x5E, 0x9A, 0xA5, 0x49, 0xD5, 0x4E, 0x7B,
    0x76, 0xB6, 0xE3, 0xC2, 0xC1, 0xF9, 0x0A, 0x36, 0x2B, 0x98, 0x57, 0x30, 0xBA, 0xF2, 0x73, 0xA3,
    0x0D, 0x3A, 0xF6, 0x43, 0x93, 0x17, 0xD8, 0x46, 0xA8, 0xA6, 0x16, 0x54, 0xFE, 0x01, 0xB4, 0xFF,
    0xB0, 0x80, 0xAE, 0x47, 0x00, 0xA8, 0xD3, 0xC3, 0xA7, 0xA8, 0x4F, 0xF3, 0x82, 0xFA, 0xE4, 0xC3,
    0x2D, 0x6A, 0xC1, 0x76, 0xCD, 0x88, 0x19, 0x9A, 0x84, 0x1E, 0xAE, 0xEE, 0xD3, 0xA6, 0xDB, 0x83,
    0xED, 0xF4, 0x80, 0x13, 0x0B, 0x4E, 0x4C, 0xAC, 0xB0, 0x97, 0x5B, 0xD0, 0x99, 0xC0, 0x06, 0xE1,
    0xE7, 0x4C, 0x00, 0x15, 0x0F, 0x2F, 0x54, 0x46, 0x80, 0x89, 0xC3, 0x99, 0x15, 0x68, 0x73, 0x07,
    0xDB, 0x3C, 0xA2, 0x76, 0x6F, 0xCF, 0xE8, 0x48, 0x8F, 0xF5, 0x58, 0x1C, 0x98, 0x6E, 0x0D, 0x66,
    0x38, 0x17, 0x98, 0xE5, 0xE3, 0x0C, 0x56, 0xC0, 0x31, 0xC3, 0x05, 0xE7, 0x30, 0xD3, 0xD3, 0x8C,
    0x72, 0xEF, 0x0F, 0xB4, 0xB9, 0x84, 0x7A, 0xCA, 0xE7, 0xBC, 0x2D, 0xF9, 0xDA, 0xCD, 0x52, 0x5A,
    0x80, 0xAD, 0x87, 0xFA, 0x37, 0x01, 0xDA, 0x9F, 0xA7, 0x72, 0xBF, 0xBC, 0x59, 0x97, 0x40, 0x33,
    0x1D, 0x83, 0xCE, 0x13, 0xBC, 0x65, 0x22, 0xC0, 0x8D, 0xBA, 0xD4, 0xDD, 0x29, 0xD8, 0x61, 0x01,
    0xC3, 0x93, 0x1B, 0x67, 0xE3, 0x08, 0x60, 0x7B, 0x80, 0x33, 0xFE, 0x30, 0xC9, 0x8E, 0x12, 0x7B,
    0x01, 0x78, 0x39, 0xA9, 0x08, 0xB4, 0x09, 0xD0, 0x02, 0x4D, 0x00, 0xC0, 0x88, 0xD2, 0x53, 0x51,
    0x3A, 0xA1, 0x76, 0xEF, 0x88, 0x52, 0x95, 0xB1, 0x5E, 0xF7, 0x38, 0x8E, 0x44, 0xE9, 0xA9, 0x28,
    0x4D, 0x7B, 0xA5, 0x75, 0xD8, 0x2B, 0x6D, 0x86, 0xBD, 0x52, 0x2D, 0x4A, 0x4F, 0x44, 0xE9, 0x13,
    0x66, 0x5C, 0x12, 0xA5, 0xF1, 0x61, 0x44, 0x8B, 0xD2, 0x23, 0x51, 0x7A, 0xCC, 0x81, 0xB2, 0xFE,
    0x9C, 0x89, 0x2E, 0x0B, 0xFF, 0x95, 0xD5, 0x53, 0xE0, 0xF3, 0x56, 0xCF, 0x5A, 0xE0, 0x8C, 0x7A,
    0x62, 0x4D, 0x33, 0xD1, 0x63, 0x46, 0xDC, 0x3F, 0xEF, 0x12, 0x26, 0x7F, 0x9C, 0xB8, 0xB3, 0xFB,
    0x8B, 0xC4, 0xAB, 0x13, 0x1D, 0xE0, 0x8D, 0x9B, 0xA4, 0xBC, 0x3E, 0xD1, 0x3F, 0x8D, 0x42, 0x92,
    0xE0, 0x4B, 0x7C, 0xE5, 0x26, 0x29, 0x5F, 0xCC, 0x3A, 0x7F, 0x7D, 0xD6, 0xDD, 0x1C, 0xDB, 0xE1,
    0x5C, 0x35, 0x5C, 0x3F, 0x1D, 0xF3, 0x2E, 0x00, 0xE0, 0x60, 0xC1, 0x52, 0x4D, 0x98, 0x4E, 0xC9,
    0xB6, 0x58, 0x0E, 0x32, 0x65, 0x4F, 0x37, 0x03, 0xAD, 0x2F, 0xA7, 0x8B, 0x33, 0x50, 0x61, 0x06,
    0xF5, 0xD1, 0x28, 0xFB, 0x41, 0x82, 0xFA, 0xB7, 0xE1, 0xF0, 0x54, 0xA3, 0x03, 0x76, 0x87, 0xC0,
    0x13, 0x50, 0x1F, 0xA6, 0xA8, 0x19, 0x80, 0x2D, 0xD0, 0x4F, 0x02, 0x81, 0xAB, 0xF4, 0xE5, 0xAE,
    0x5C, 0x15, 0xE8, 0x5E, 0xFD, 0xE5, 0xB4, 0x7A, 0xF9, 0x70, 0xB6, 0xB1, 0x13, 0x2C, 0x39, 0x43,
    0x7E, 0xDA, 0xFB, 0x2A, 0xA3, 0x43, 0x35, 0xD3, 0xC4, 0x7A, 0x2C, 0xB7, 0xD2, 0xEB, 0x10, 0x1B,
    0xB9, 0x35, 0x5D, 0x9D, 0xC6, 0x8C, 0xD7, 0x11, 0xD7, 0xE9, 0xC4, 0x0E, 0xBD, 0xC8, 0x41, 0xEC,
    0x67, 0x39, 0x62, 0xDF, 0xD9, 0xFD, 0x71, 0xC6, 0xB3, 0x83, 0x8B, 0x19, 0xB8, 0x7A, 0xF6, 0xB4,
    0x34, 0x09, 0x9E, 0xA8, 0x00, 0x70, 0xBB, 0xA3, 0xF6, 0x3F, 0xCD, 0x9A, 0xD5, 0xBB, 0xE4, 0x38,
    0x7A, 0xC6, 0x5F, 0xDB, 0x33, 0xC7, 0x99, 0x75, 0x32, 0x5A, 0xA6, 0x01, 0x85, 0xB1, 0xA7, 0x1D,
    0xC6, 0x3E, 0x25, 0x87, 0x99, 0x73, 0x1B, 0xC6, 0xBB, 0x30, 0xF7, 0x29, 0x2B, 0x7C, 0xB7, 0xF0,
    0x1F, 0xEC, 0x6D, 0x98, 0x93, 0x85, 0x03, 0x0A, 0x73, 0xE2, 0x30, 0x27, 0x9E, 0x2C, 0xB3, 0x76,
    0xD6, 0xF3, 0x8C, 0xCF, 0x33, 0xAE, 0x52, 0xF4, 0x4A, 0x47, 0xE5, 0xA9, 0x3E, 0xCD, 0xCF, 0x9C,
    0xAD, 0x56, 0x97, 0x7E, 0xEE, 0x3A, 0x96, 0xAD, 0xEF, 0x7B, 0x25, 0x7F, 0x02, 0x17, 0x62, 0x52,
    0x6E, 0x45, 0x4C, 0x78, 0x66, 0xE2, 0xB7, 0x9C, 0x28, 0x56, 0x1E, 0xD5, 0xDA, 0x43, 0x1C, 0xB3,
    0xB0, 0xF2, 0x58, 0xD6, 0x2C, 0x21, 0x81, 0x6C, 0x94, 0x0D, 0x0A, 0x2B, 0x34, 0xCA, 0xDE, 0x43,
    0x18, 0x61, 0x20, 0x75, 0x65, 0xA0, 0xE0, 0xB1, 0x44, 0xD9, 0x61, 0xFD, 0x4B, 0xBF, 0xDC, 0xE7,
    0xCE, 0xB9, 0xBE, 0xF0, 0xB0, 0x95, 0x65, 0xF1, 0x0E, 0xB9, 0xAD, 0x0D, 0xF2, 0x41, 0x35, 0xC8,
    0xC6, 0x13, 0x78, 0x20, 0xA4, 0xDA, 0xAD, 0x01, 0x45, 0xCC, 0x69, 0x6F, 0x5D, 0x74, 0x50, 0xEE,
    0x1F, 0x4D, 0xB6, 0xFE, 0xA2, 0xA7, 0x4D, 0x31, 0xA0, 0x35, 0x55, 0x8F, 0x5A, 0x0B, 0xE3, 0x21,
    0x35, 0xEA, 0xA6, 0x06, 0x6A, 0x28, 0x40, 0x6D, 0xB0, 0x20, 0x96, 0xC4, 0x0A, 0x52, 0x17, 0x13,
    0xC4, 0x9B, 0xBE, 0xF7, 0x10, 0x85, 0x9B, 0x26, 0xE0, 0xE4, 0x55, 0xAC, 0xEC, 0x01, 0x7C, 0x10,
    0xF0, 0x20, 0xAE, 0x00, 0xE2, 0xD5, 0x23, 0x50, 0x39, 0x0B, 0x64, 0x4E, 0xEF, 0x56, 0x03, 0x81,
    0x47, 0x01, 0xA1, 0x0F, 0x80, 0xD2, 0x8D, 0xB4, 0xA7, 0xBB, 0x78, 0x21, 0x76, 0xD1, 0xD2, 0x39,
    0xFD, 0x12, 0x00, 0x70, 0x85, 0xF8, 0x31, 0xE2, 0xE8, 0xB9, 0x1E, 0xED, 0xE0, 0x51, 0x77, 0x77,
    0xEF, 0xEA, 0xC1, 0xCD, 0x5C, 0xCD, 0x58, 0x6D, 0xD9, 0x00, 0x94, 0x19, 0x78, 0x8C, 0x58, 0xDC,
    0x47, 0x57, 0xE9, 0xBE, 0xE8, 0xC1, 0x32, 0xAF, 0xA1, 0x12, 0x3D, 0x40, 0xB7, 0x00, 0x09, 0x00,
    0xFB, 0xC4, 0x77, 0x10, 0x9B, 0x54, 0xAF, 0x1B, 0x78, 0x5F, 0x07, 0xC8, 0x27, 0x5F, 0x32, 0xA1,
    0x6D, 0x70, 0x90, 0x4D, 0xC0, 0x87, 0x16, 0xB4, 0xBF, 0xE2, 0xD5, 0xC2, 0xB0, 0x94, 0x06, 0x8D,
    0x4B, 0x68, 0x89, 0x25, 0x71, 0x9C, 0x10, 0xBF, 0xB6, 0xA9, 0x08, 0xAF, 0xC8, 0x21, 0x3A, 0xC8,
    0xA6, 0x3C, 0xBD, 0xDF, 0x21, 0x73, 0xEC, 0x07, 0x0F, 0xAD, 0x9B, 0x58, 0x20, 0xB5, 0x96, 0xA5,
    0x1F, 0xAC, 0xE0, 0x39, 0xC9, 0x9E, 0xDC, 0xBD, 0x0A, 0xA8, 0xF9, 0x0C, 0xBB, 0xCF, 0x75, 0x28,
    0x46, 0x5C, 0xA6, 0x19, 0xF7, 0x45, 0x33, 0x24, 0xCD, 0xA8, 0x37, 0xB7, 0x38, 0x8F, 0x06, 0xD2,
    0x64, 0x16, 0x62, 0x90, 0x3D, 0x0A, 0xC7, 0xA7, 0xE0, 0x7B, 0xA9, 0x17, 0xE5, 0x64, 0x2F, 0x64,
    0x6D, 0x7F, 0xA5, 0x01, 0x59, 0x74, 0xC0, 0x4B, 0xB3, 0x57, 0xED, 0x58, 0x88, 0x2A, 0xDC, 0x91,
    0xF7, 0x7E, 0xAD, 0xA5, 0x18, 0x57, 0x81, 0x3D, 0xFD, 0xB1, 0x17, 0x2B, 0xC4, 0x61, 0xD2, 0x1E,
    0xF1, 0x3B, 0x76, 0xAC, 0x81, 0x08, 0x9E, 0x04, 0x9F, 0x1A, 0x30, 0x5D, 0xA8, 0xFB, 0x32, 0x1B,
    0x80, 0xEA, 0x17, 0x3A, 0xA0, 0x78, 0x2F, 0x00, 0x7A, 0x07, 0x7C, 0xCB, 0x8E, 0x35, 0xC8, 0x7B,
    0xBA, 0x32, 0x1C, 0xF2, 0x1A, 0xCB, 0xE2, 0x17, 0xFF, 0x40, 0xE0, 0x0A, 0x9F, 0x80, 0xCB, 0x14,
    0x5F, 0xD0, 0xCE, 0x92, 0x7F, 0x2C, 0x2C, 0x30, 0x27, 0xE7, 0x4E, 0x09, 0x67, 0x30, 0xE1, 0x7B,
    0x6D, 0x36, 0xA2, 0x18, 0x3C, 0xB2, 0x29, 0x1F, 0x80, 0x89, 0x45, 0x03, 0x56, 0x01, 0x65, 0x0F,
    0x4C, 0x55, 0x40, 0xE7, 0x21, 0x0C, 0x32, 0x22, 0x1F, 0xA5, 0x41, 0x31, 0x48, 0x8D, 0xD2, 0xD6,
    0x0D, 0xAA, 0x5E, 0xD1, 0x1C, 0x86, 0xB9, 0x46, 0x21, 0x5B, 0xA3, 0x85, 0x1C, 0x71, 0xE2, 0xAB,
    0xF0, 0x48, 0xBD, 0xF1, 0x72, 0xE0, 0xD4, 0x92, 0x18, 0x4F, 0xC8, 0x6C, 0x50, 0x3C, 0xE4, 0xF6,
    0x91, 0x78, 0xB8, 0x82, 0x60, 0xEC, 0xF7, 0x85, 0x43, 0x8F, 0xCD, 0x61, 0x6F, 0x5D, 0x76, 0xF4,
    0xDA, 0xFD, 0x27, 0xA5, 0x59, 0x7F, 0x91, 0x33, 0x40, 0x88, 0xB8, 0x6C, 0x38, 0xEA, 0x4F, 0xCD,
    0x78, 0x08, 0x71, 0x97, 0xBA, 0xF1, 0x03, 0xDA, 0xB3, 0x75, 0x58, 0xC4, 0xC3, 0x32, 0x1E, 0x56,
    0x40, 0x8C, 0xC2, 0x88, 0x71, 0x18, 0x67, 0x91, 0x38, 0xC5, 0x62, 0x0E, 0xF5, 0x0D, 0x6B, 0x75,
    0xD6, 0x13, 0x0F, 0x4D, 0x24, 0xD6, 0xBC, 0x9E, 0xAD, 0x7F, 0x14, 0xBE, 0x92, 0x0D, 0x26, 0xA0,
    0x3E, 0x63, 0xC6, 0x62, 0x4D, 0x3E, 0x7A, 0xF2, 0xD2, 0x4E, 0xA1, 0xF5, 0x3A, 0x28, 0x50, 0xCE,
    0x65, 0xE0, 0x0A, 0x41, 0x55, 0x9A, 0xEE, 0x8B, 0x79, 0x5D, 0x4B, 0x4B, 0xFB, 0x45, 0x47, 0xB6,
    0x1A, 0xD2, 0x94, 0x6B, 0x40, 0xB2, 0xA7, 0xD2, 0x84, 0x79, 0xA4, 0xA7, 0x6E, 0x51, 0x36, 0x70,
    0xF8, 0x75, 0x1B, 0xF2, 0xB6, 0x33, 0xFB, 0x24, 0x98, 0xD7, 0xCB, 0x93, 0x72, 0x9D, 0xA9, 0x15,
    0xC5, 0x8A, 0x5A, 0x45, 0xA9, 0xA2, 0x52, 0x6A, 0xFB, 0xB3, 0x48, 0x2A, 0x51, 0xA4, 0xA4, 0x11,
    0x25, 0x4A, 0x0A, 0x25, 0x81, 0x98, 0x0A, 0xEF, 0x23, 0xCD, 0x30, 0x98, 0x13, 0x07, 0xD7, 0x08,
    0x16, 0xCE, 0xC6, 0x84, 0x9C, 0x86, 0x17, 0x01, 0x36, 0xA1, 0x24, 0x2A, 0xE7, 0x56, 0xC4, 0x44,
    0xE3, 0x10, 0x21, 0xE7, 0xC7, 0xA0, 0x01, 0x35, 0x3D, 0xF7, 0x5C, 0xB2, 0x87, 0x8D, 0xC4, 0x80,
    0x90, 0xA8, 0x59, 0xC0, 0x76, 0xB8, 0xD1, 0x94, 0x71, 0x04, 0xDC, 0x17, 0xAE, 0x58, 0xB9, 0xA2,
    0x0C, 0x92, 0x75, 0xC8, 0x46, 0x36, 0x1E, 0xB5, 0xB7, 0x14, 0x8A, 0x38, 0xFF, 0x94, 0x3D, 0x37,
    0x3D, 0x65, 0x0F, 0xD9, 0xAD, 0xA7, 0x4C, 0x67, 0x1A, 0x59, 0x5F, 0x18, 0x60, 0x94, 0x9A, 0x86,
    0xB0, 0xF6, 0x11, 0xBB, 0xD5, 0xA0, 0x6C, 0x84, 0x87, 0x59, 0x86, 0x66, 0xE2, 0xA9, 0xFE, 0xE2,
    0x85, 0x28, 0x3A, 0x9A, 0x1E, 0x9C, 0xE8, 0x76, 0xEC, 0x3E, 0x44, 0x93, 0xE2, 0xB7, 0xC4, 0x85,
    0x7B, 0xBE, 0x0B, 0x07, 0xF3, 0x3E, 0x79, 0xF9, 0xD8, 0x66, 0x66, 0xBA, 0xFF, 0x42, 0x16, 0x67,
    0xCD, 0xB2, 0xBB, 0x00, 0x57, 0x57, 0x3C, 0xF5, 0x3B, 0x84, 0xA5, 0x87, 0x04, 0x5C, 0x4F, 0xBB,
    0x74, 0x92, 0x77, 0xE4, 0x6C, 0xE7, 0x4A, 0xCD, 0x10, 0x7F, 0x95, 0xF6, 0xDD, 0x13, 0x9D, 0xA1,
    0xE8, 0x16, 0x34, 0x97, 0xB5, 0xBC, 0xA1, 0x67, 0x21, 0x5E, 0xF8, 0xF2, 0x8B, 0xEB, 0x11, 0x77,
    0x3E, 0x17, 0x7D, 0xF1, 0x6A, 0x33, 0x07, 0x79, 0xE1, 0x75, 0xE7, 0x20, 0xCD, 0xEC, 0x9B, 0x70,
    0xE3, 0x92, 0x38, 0xA6, 0x66, 0x1E, 0x85, 0x0D, 0x68, 0x29, 0x97, 0xF2, 0xE8, 0x95, 0x46, 0xD5,
    0xC9, 0x0E, 0xB2, 0xAB, 0x4E, 0xF7, 0x9C, 0xC9, 0x38, 0xBC, 0xFB, 0xCA, 0xBE, 0xD8, 0x9C, 0x35,
    0x85, 0xB4, 0x34, 0xEF, 0xB5, 0x1C, 0x3B, 0xF6, 0x81, 0xFC, 0x55, 0x2F, 0x43, 0x4C, 0xD9, 0x89,
    0x1E, 0x20, 0xDC, 0x93, 0x16, 0xAA, 0x3B, 0xB6, 0x58, 0x43, 0xDA, 0x7C, 0x84, 0xE8, 0x0B, 0x8B,
    0xAA, 0x2B, 0x7B, 0x8F, 0xCA, 0xA0, 0x32, 0x1C, 0x9E, 0x66, 0x68, 0x8F, 0xBA, 0xF1, 0x08, 0xAA,
    0x39, 0x14, 0xA7, 0x0F, 0x85, 0x69, 0xCF, 0x12, 0xA8, 0xC7, 0xFD, 0x24, 0x04, 0xA6, 0xCD, 0x50,
    0x65, 0x71, 0xF9, 0x6B, 0xBE, 0xD7, 0x50, 0x4E, 0x60, 0xCF, 0xBD, 0x29, 0xF6, 0xDD, 0x1F, 0x23,
    0x38, 0xC4, 0x7D, 0xB1, 0x05, 0x04, 0xC7, 0x8F, 0x7C, 0x8D, 0xDD, 0x6A, 0x55, 0x98, 0x52, 0x23,
    0x7F, 0xD3, 0xF7, 0x36, 0xC8, 0x1C, 0x6D, 0xA9, 0x83, 0xA9, 0xD8, 0xB5, 0x56, 0xE7, 0xA7, 0xF6,
    0xBB, 0x95, 0x29, 0x2E, 0x6F, 0x44, 0x47, 0xE8, 0xDD, 0x2B, 0xB4, 0x13, 0x0D, 0xE6, 0x94, 0x46,
    0xC0, 0x14, 0xF9, 0x58, 0x5D, 0xCE, 0x02, 0xA5, 0x9E, 0x67, 0xFB, 0x73, 0x62, 0xE9, 0x22, 0x9C,
    0x6E, 0x92, 0x5D, 0x82, 0x97, 0xC8, 0x70, 0x9B, 0x7B, 0x41, 0xCE, 0x54, 0x24, 0x73, 0x64, 0xF1,
    0xBF, 0xB4, 0x49, 0x7C, 0x3E, 0x0D, 0x5D, 0xE4, 0x3D, 0xB6, 0xD2, 0x0A, 0xDE, 0x08, 0xDE, 0x4B,
    0x44, 0x9A, 0x6C, 0x24, 0x73, 0x4F, 0x69, 0xF2, 0xC1, 0x53, 0x17, 0x96, 0x01, 0x9B, 0x54, 0x88,
    0x2C, 0x7B, 0xB2, 0xF2, 0x5A, 0xAE, 0x21, 0x22, 0xDF, 0xF1, 0x4B, 0xBF, 0xB4, 0x0A, 0x5A, 0x4C,
    0x90, 0x91, 0x9A, 0x4B, 0xB8, 0x9A, 0x3B, 0x32, 0x50, 0x6C, 0x1D, 0xB2, 0x88, 0xB4, 0x58, 0x06,
    0x1E, 0x07, 0xB1, 0x8F, 0xCE, 0x5A, 0xF8, 0x01, 0xA4, 0xC6, 0x0D, 0xAB, 0x83, 0x37, 0xF6, 0xEC,
    0x9C, 0x96, 0x7F, 0x4F, 0xDB, 0x22, 0x1F, 0x47, 0x2C, 0x92, 0x7B, 0xE9, 0xA1, 0x4A, 0x18, 0xA3,
    0x20, 0x44, 0x3D, 0x20, 0x7F, 0xC2, 0x9B, 0x55, 0xB8, 0xEE, 0xA4, 0x29, 0xD6, 0x74, 0x62, 0x84,
    0x30, 0x61, 0x9A, 0x5E, 0x75, 0xC4, 0x2C, 0xB6, 0xE6, 0x80, 0xA1, 0x51, 0xFB, 0x03, 0x14, 0xEA,
    0xAD, 0x3D, 0x2D, 0x56, 0x76, 0xC0, 0xCA, 0x0E, 0xF9, 0x85, 0x4A, 0x1F, 0x05, 0x93, 0xA7, 0x8D,
    0x6A, 0x46, 0x3A, 0x9F, 0xA6, 0xC8, 0x33, 0xBD, 0x86, 0xA4, 0x57, 0x52, 0xAD, 0xE4, 0xD9, 0x33,
    0xD2, 0xD5, 0xE3, 0xA0, 0xD4, 0x51, 0xE0, 0x46, 0x35, 0x4D, 0xD6, 0x9A, 0x7A, 0x5D, 0xAB, 0x9A,
    0xDD, 0x52, 0x2D, 0xCA, 0xB0, 0x4C, 0x32, 0x54, 0xDE, 0x4F, 0xE2, 0x9C, 0x0C, 0xF9, 0xAD, 0x65,
    0x10, 0x77, 0x2C, 0x43, 0x36, 0x0A, 0x14, 0xEE, 0x9B, 0x50, 0x7D, 0xF3, 0x04, 0x41, 0x7F, 0x53,
    0x52, 0x00, 0xDA, 0x68, 0x17, 0x45, 0xC2, 0xB4, 0xC9, 0xF4, 0x05, 0x39, 0xF3, 0x40, 0xFB, 0x63,
    0x2E, 0x99, 0xFB, 0x20, 0x23, 0x04, 0xB3, 0x89, 0x99, 0x32, 0xD4, 0xCC, 0x0D, 0x6F, 0x19, 0xB3,
    0xD0, 0xBF, 0xA1, 0x9E, 0xB4, 0x3F, 0xEE, 0xBA, 0xDF, 0xE0, 0x5F, 0x79, 0x39, 0x3F, 0x3D, 0xCA,
    0x8E, 0x97, 0xB3, 0x29, 0xE3, 0x87, 0x2E, 0xF0, 0xC2, 0xCD, 0x7A, 0x88, 0x66, 0xD3, 0x1A, 0x26,
    0x76, 0xD4, 0xC6, 0xE7, 0x8B, 0xB7, 0x98, 0xD9, 0xAD, 0xFC, 0x67, 0xB3, 0xEE, 0xE3, 0x67, 0x64,
    0xA3, 0xE4, 0xFE, 0x63, 0x6F, 0xED, 0x40, 0xDE, 0xEC, 0xA1, 0xD0, 0x02, 0xC5, 0x9B, 0x96, 0xC8,
    0xB9, 0x10, 0x68, 0xFB, 0x0F, 0x88, 0xD9, 0x9F, 0x89, 0x1F, 0xBA, 0x02, 0xBB, 0xF8, 0xE2, 0x5E,
    0x3A, 0xB3, 0xB7, 0xC6, 0xDD, 0x6A, 0x3D, 0x21, 0xF3, 0x9F, 0x91, 0x66, 0x14, 0xC9, 0x5B, 0x06,
    0x3B, 0xC6, 0xBB, 0xB3, 0xEB, 0xA5, 0x39, 0x5B, 0xBE, 0x2A, 0xFF, 0x49, 0x8B, 0xD5, 0x63, 0x5E,
    0x1F, 0xE5, 0xCA, 0x7C, 0xD9, 0x06, 0x8F, 0x84, 0x19, 0xF2, 0xE2, 0x85, 0x9C, 0x1D, 0xCB, 0x1E,
    0xD4, 0xAE, 0x1C, 0x50, 0x0D, 0x34, 0x28, 0xA4, 0x64, 0x8A, 0xFF, 0x5C, 0xCF, 0x94, 0xC3, 0xF3,
    0xE2, 0x33, 0xA6, 0x3F, 0x4A, 0x4F, 0x39, 0x25, 0x3E, 0x7D, 0x2E, 0x4E, 0x2C, 0x55, 0xE0, 0x4D,
    0x6A, 0xCE, 0x1C, 0x67, 0x8D, 0x5B, 0x9A, 0xB4, 0xB1, 0x07, 0xD1, 0xA1, 0xD9, 0x27, 0xEA, 0x5A,
    0x46, 0x87, 0x92, 0x4F, 0x74, 0xC8, 0x7F, 0x92, 0x43, 0x85, 0xF5, 0xFF, 0xFA, 0xB2, 0x63, 0x8C,
    0x17, 0xFC, 0xA7, 0x65, 0xC3, 0x2D, 0x65, 0x3E, 0x57, 0x0B, 0x1C, 0xF0, 0xD6, 0xD4, 0x7C, 0xC5,
    0x9A, 0x30, 0x61, 0x19, 0x78, 0xC4, 0x46, 0x64, 0x7D, 0x79, 0xE4, 0x40, 0x16, 0x36, 0x1B, 0xC9,
    0x3C, 0x72, 0x60, 0x83, 0x16, 0x96, 0x4D, 0x4A, 0x8A, 0xAE, 0x24, 0x4D, 0xD9, 0x93, 0x6C, 0x66,
    0xA9, 0x45, 0xA4, 0x61, 0xF3, 0x92, 0xCA, 0x7F, 0xA3, 0x3F, 0xB5, 0x7E, 0x2E, 0x18, 0x94, 0x7F,
    0xBC, 0x62, 0x78, 0x71, 0xAE, 0xE7, 0x99, 0x35, 0xA8, 0xD4, 0x41, 0xB6, 0x82, 0xCB, 0x57, 0x58,
    0x63, 0xA4, 0x6E, 0x21, 0xB1, 0xE6, 0xA1, 0xE8, 0xF3, 0xA1, 0xEC, 0x73, 0x5B, 0xFA, 0xDA, 0x2A,
    0x53, 0xF4, 0xBE, 0x26, 0xE6, 0x4E, 0xE8, 0xCA, 0x48, 0x7F, 0xF7, 0x9A, 0x19, 0x42, 0x2B, 0x48,
    0xE6, 0x66, 0x81, 0x3A, 0xEC, 0x90, 0x1F, 0xF9, 0x7C, 0x88, 0x05, 0xD8, 0x18, 0xAC, 0x80, 0xEE,
    0xB1, 0xF9, 0x72, 0xC7, 0xED, 0xAE, 0xA4, 0x74, 0x68, 0x49, 0x31, 0x78, 0xEC, 0x5F, 0xF5, 0x18,
    0x2E, 0x03, 0xD9, 0xAB, 0x1E, 0xC0, 0x56, 0x3A, 0x06, 0x52, 0xCF, 0x9A, 0x71, 0xD3, 0x15, 0x48,
    0x9F, 0x40, 0x39, 0x20, 0xCC, 0x16, 0xE4, 0x33, 0x27, 0x11, 0xCF, 0xC5, 0x0A, 0xD8, 0x2F, 0x27,
    0x2E, 0x3D, 0xEC, 0x66, 0x17, 0xBC, 0xA2, 0x72, 0x16, 0x38, 0x7C, 0x6D, 0xD8, 0xD3, 0xCA, 0x9A,
    0xFB, 0x10, 0x52, 0x8D, 0xF9, 0x61, 0x59, 0x6E, 0x7B, 0x16, 0xF2, 0x08, 0x64, 0xCC, 0x43, 0xDC,
    0x3F, 0x2F, 0x52, 0xEE, 0xE3, 0x24, 0xBE, 0x62, 0x36, 0xD1, 0x0C, 0xC6, 0xF8, 0x93, 0xF8, 0x56,
    0x40, 0x75, 0x00, 0xCD, 0x38, 0xE1, 0x4D, 0xF2, 0x89, 0xAC, 0x2C, 0x6F, 0x54, 0x1B, 0xF6, 0x83,
    0x13, 0x3A, 0xC9, 0x3F, 0x7B, 0xFD, 0x7B, 0x52, 0x69, 0x72, 0x4D, 0x1F, 0xDF, 0xC8, 0x5A, 0xAB,
    0xF7, 0xAE, 0x62, 0x7C, 0x23, 0xD7, 0xF4, 0x4C, 0x8C, 0x74, 0x52, 0xF6, 0xF1, 0x41, 0xA7, 0x12,
    0x69, 0x28, 0xCA, 0x47, 0x12, 0x53, 0xE0, 0x51, 0xDA, 0x23, 0x3A, 0x66, 0x01, 0x7E, 0x15, 0x06,
    0x5B, 0x49, 0x34, 0xA4, 0x32, 0x33, 0x6B, 0x4D, 0x56, 0x04, 0x1E, 0x09, 0xFC, 0x58, 0xE2, 0x4E,
    0x47, 0x68, 0xEE, 0xB0, 0xD9, 0x6C, 0x85, 0xC2, 0x96, 0x8C, 0x2F, 0xB5, 0xF1, 0x38, 0x01, 0xCA,
    0x7F, 0x1C, 0x81, 0xEA, 0x7F, 0x7B, 0x0F, 0x67, 0xE9, 0xD3, 0xE0, 0x61, 0x27, 0x40, 0x9A, 0x23,
    0x8F, 0x46, 0x01, 0x75, 0x7C, 0xC4, 0xE2, 0xFC, 0xA8, 0xC3, 0x82, 0x4F, 0xE2, 0x41, 0xE8, 0x01,
    0x73, 0xDA, 0x27, 0xDC, 0x06, 0xC7, 0xC4, 0x25, 0xE2, 0x87, 0x88, 0xD7, 0x10, 0x4C, 0xB9, 0x85,
    0xA2, 0x2E, 0x34, 0xA3, 0x18, 0x50, 0x50, 0xAF, 0xB2, 0xE7, 0xE4, 0xF1, 0xEF, 0x39, 0xC2, 0xFF,
    0x19, 0x2D, 0x78, 0x2F, 0xE1, 0x46, 0x6A, 0x4A, 0x33, 0xBA, 0xE3, 0x6D, 0x33, 0x24, 0xCD, 0x10,
    0xDB, 0x66, 0x1C, 0x46, 0x2F, 0x0B, 0x46, 0x5B, 0x36, 0x03, 0xE6, 0xB4, 0xBA, 0x79, 0xB0, 0x2E,
    0x52, 0xB0, 0xEE, 0xAF, 0x09, 0xD6, 0xCC, 0x29, 0x58, 0x33, 0xCF, 0xE3, 0x00, 0x57, 0xCB, 0x93,
    0xCF, 0x23, 0xDF, 0x1E, 0x65, 0x74, 0x82, 0x95, 0x5E, 0xC6, 0xCD, 0x06, 0x9F, 0x9E, 0x95, 0x94,
    0xD7, 0x84, 0x73, 0x7D, 0xFD, 0x70, 0xBE, 0x7C, 0x6E, 0x8A, 0xBE, 0x17, 0x69, 0x7B, 0x4A, 0xF2,
    0x6C, 0xA1, 0xDF, 0x9E, 0x15, 0x7C, 0xF0, 0x6C, 0x93, 0xE4, 0x53, 0x37, 0xEE, 0x4C, 0x18, 0xB3,
    0x21, 0x1F, 0xF2, 0x18, 0x5D, 0xFB, 0x72, 0x8E, 0xAE, 0x7A, 0x2B, 0xBA, 0x7A, 0xC3, 0xD5, 0x48,
    0xB3, 0x79, 0x53, 0xA5, 0xFD, 0xBF, 0x46, 0xE0, 0x12, 0x6F, 0x44, 0x4F, 0x2A, 0x1D, 0x26, 0xAA,
    0x1E, 0x35, 0x67, 0xBC, 0x61, 0xC2, 0x5B, 0x36, 0xDE, 0x9D, 0x07, 0xE9, 0xC7, 0x4B, 0xAF, 0x8D,
    0x25, 0x15, 0x41, 0xA7, 0xEE, 0x78, 0x37, 0x63, 0x42, 0xF4, 0x6F, 0x92, 0x3E, 0x2B, 0x8D, 0x51,
    0xE9, 0x6C, 0xA8, 0x7D, 0x4D, 0x02, 0xB9, 0xBD, 0x84, 0xC2, 0x7E, 0x6A, 0x8C, 0x0E, 0xCC, 0x29,
    0x3A, 0xA4, 0xAC, 0x93, 0x70, 0xDB, 0x81, 0x27, 0x85, 0xD4, 0x23, 0x84, 0xD6, 0x61, 0xF3, 0xB0,
    0x7D, 0x6E, 0xB3, 0x81, 0x64, 0x53, 0xF5, 0x4A, 0x8B, 0xAE, 0xD5, 0xC2, 0x2C, 0x6E, 0xBF, 0x81,
    0x6E, 0xA7, 0x1F, 0xFD, 0x51, 0x2F, 0x5E, 0x69, 0xE5, 0x2B, 0x6D, 0xFD, 0xE5, 0xE6, 0x26, 0xFD,
    0x68, 0xAB, 0x8E, 0xE5, 0xF5, 0x26, 0x32, 0xB9, 0xCE, 0xC6, 0x56, 0xE7, 0x71, 0xE2, 0x8A, 0xFA,
    0x14, 0x50, 0x16, 0xF8, 0xEE, 0x1B, 0x4D, 0x64, 0x7C, 0xE6, 0x5E, 0x8F, 0xCF, 0xEB, 0x6B, 0xCC,
    0x2C, 0x9E, 0x69, 0xE6, 0xBF, 0x98, 0xCA, 0x69, 0x79, 0x8A, 0x13, 0x03, 0x97, 0x66, 0x2F, 0x37,
    0x33, 0x33, 0x8A, 0x07, 0xFA, 0xB7, 0x59, 0x26, 0xD7, 0x04, 0xAE, 0x62, 0x3B, 0xAD, 0x83, 0x61,
    0x8E, 0xA6, 0xF1, 0xD6, 0xA2, 0xCB, 0x1C, 0x05, 0xC9, 0x5D, 0x47, 0x3E, 0x6D, 0x39, 0xEF, 0x7E,
    0x62, 0x40, 0xAD, 0x0B, 0xCB, 0xC1, 0x97, 0xE4, 0x1A, 0x6A, 0x19, 0x02, 0x98, 0xE2, 0x2A, 0xB6,
    0x93, 0x7A, 0x09, 0x76, 0xE3, 0xA3, 0x30, 0x84, 0xAF, 0x20, 0x0D, 0x4B, 0x49, 0x9D, 0x0F, 0xBC,
    0x22, 0x3B, 0xE5, 0x15, 0x58, 0x8F, 0x64, 0x3B, 0x90, 0xCA, 0x52, 0xB7, 0x3A, 0xAC, 0xA1, 0x84,
    0xDD, 0xAC, 0xA1, 0xA0, 0x52, 0xD8, 0xCD, 0x6C, 0x5A, 0xA6, 0x3E, 0xA7, 0x49, 0xD1, 0xEE, 0x7B,
    0xDF, 0x84, 0xE2, 0x09, 0xB7, 0x42, 0xF1, 0xDE, 0xBF, 0x3F, 0x41, 0xB1, 0x42, 0xDD, 0x94, 0x03,
    0xC7, 0x07, 0x0B, 0xA1, 0xAB, 0x2E, 0xCE, 0x18, 0x64, 0x13, 0x97, 0x9F, 0x1A, 0x8A, 0x22, 0x29,
    0xCA, 0xB4, 0xA0, 0xE3, 0xCB, 0xF4, 0xEA, 0x3B, 0x8E, 0xEA, 0x13, 0x0E, 0x88, 0x7B, 0xCA, 0xF9,
    0x39, 0xE5, 0x3D, 0x59, 0xD9, 0x99, 0x65, 0x60, 0xD6, 0x91, 0xC5, 0x3C, 0x86, 0x5D, 0x9C, 0x34,
    0xE7, 0x86, 0x51, 0x65, 0x12, 0x6A, 0x9D, 0xAA, 0x7F, 0xE4, 0x9A, 0x01, 0x54, 0x60, 0xE0, 0xA9,
    0x9F, 0xE9, 0xD2, 0xBA, 0x3D, 0x6D, 0xA9, 0x8D, 0xF7, 0x6A, 0x9F, 0x3B, 0xF7, 0x8A, 0xB4, 0x0E,
    0x7D, 0xEE, 0x22, 0x85, 0x95, 0x48, 0xF1, 0xB6, 0xDD, 0x04, 0xDD, 0x87, 0x89, 0x4F, 0x24, 0x30,
    0x3E, 0x34, 0x7A, 0x38, 0x07, 0x3C, 0xFD, 0xA6, 0xD6, 0x64, 0x8E, 0x82, 0x4C, 0xDE, 0x6B, 0x86,
    0x78, 0xCE, 0x98, 0xAB, 0x00, 0xCE, 0x97, 0x85, 0x29, 0xD3, 0x66, 0xC0, 0xB6, 0x19, 0x35, 0xE4,
    0x6C, 0x0B, 0xB0, 0xD8, 0x91, 0xDE, 0xC3, 0xF5, 0xF4, 0xDE, 0xB0, 0x23, 0x85, 0x99, 0x59, 0x6B,
    0xB2, 0xE5, 0xF7, 0xCF, 0x5B, 0x79, 0xCA, 0x30, 0xB0, 0xEE, 0x39, 0x7D, 0x61, 0x1D, 0x7C, 0x9E,
    0xD1, 0x15, 0xF6, 0x6C, 0x07, 0xAC, 0x64, 0x75, 0xD5, 0x0A, 0x29, 0x71, 0xF0, 0x20, 0x59, 0xE8,
    0x7C, 0xAA, 0xD7, 0xBC, 0x96, 0x0B, 0x11, 0xC8, 0x81, 0xED, 0x76, 0xD2, 0x60, 0x85, 0x6C, 0xA2,
    0x1B, 0xC5, 0xC0, 0x56, 0xA6, 0xB3, 0xB5, 0x8E, 0x13, 0x59, 0x3A, 0x28, 0x8D, 0x82, 0xA7, 0x8E,
    0x6C, 0x83, 0xDB, 0x4B, 0xB0, 0xE4, 0x31, 0x09, 0xB2, 0x25, 0xE3, 0xCA, 0x2A, 0x9B, 0xD2, 0xBE,
    0x93, 0x86, 0xE8, 0x39, 0x70, 0x28, 0x83, 0xF2, 0x94, 0xAB, 0xDB, 0x2C, 0x1A, 0x25, 0xD7, 0x4D,
    0xB2, 0x46, 0xB9, 0x35, 0x31, 0x1B, 0x4F, 0x99, 0x5D, 0xC3, 0x61, 0x70, 0x40, 0xB1, 0xFE, 0xA2,
    0x89, 0xB7, 0x68, 0xD9, 0xC3, 0x6B, 0xDE, 0x55, 0x36, 0x4B, 0xDA, 0x70, 0x44, 0x4C, 0xFC, 0xEA,
    0x51, 0x13, 0x0A, 0x1E, 0xC7, 0x71, 0xF1, 0xD8, 0x72, 0xCD, 0x53, 0x77, 0xDF, 0xDB, 0xA1, 0x72,
    0xE1, 0x56, 0x6F, 0x42, 0x58, 0x69, 0xFF, 0x58, 0x98, 0xD9, 0x50, 0xB5, 0xC5, 0x17, 0x93, 0xD2,
    0x19, 0x4F, 0xDA, 0x75, 0x8F, 0x2A, 0x24, 0xF0, 0x88, 0x47, 0x73, 0x48, 0x49, 0x06, 0x9E, 0xEB,
    0x2E, 0x5E, 0x26, 0x1C, 0x1E, 0x84, 0x0E, 0x36, 0x52, 0x83, 0x7F, 0xB4, 0xB4, 0xE2, 0x17, 0x0C,
    0x1D, 0x12, 0xF7, 0xAC, 0x4C, 0xA8, 0x6B, 0x8F, 0xAB, 0xFB, 0x1E, 0x34, 0x3B, 0xFF, 0x3F, 0x4E,
    0x5B, 0xFE, 0xC8, 0x5C, 0xA0, 0x4C, 0xA4, 0xA2, 0xE7, 0xFE, 0x4F, 0x2D, 0xDF, 0xE5, 0xAB, 0xAE,
    0xA5, 0x1A, 0x58, 0x43, 0xF0, 0x98, 0x8F, 0x7C, 0xDE, 0x01, 0x2E, 0xB4, 0x26, 0x80, 0xA6, 0xE7,
    0x3C, 0x4A, 0xC3, 0x23, 0xDD, 0x66, 0x11, 0x3A, 0x8E, 0x9C, 0x4F, 0x2B, 0xDD, 0xA4, 0x47, 0x6D,
    0x7C, 0xAA, 0xD3, 0xAE, 0x63, 0xDC, 0xAD, 0x8D, 0xC7, 0x8A, 0xC7, 0x23, 0xDE, 0x8A, 0xDF, 0x79,
    0x2B, 0x96, 0x4B, 0x43, 0x1C, 0xE0, 0xE2, 0x28, 0x57, 0x38, 0x1D, 0x7F, 0x9A, 0xC1, 0x23, 0x6F,
    0xFA, 0xBD, 0xCE, 0x59, 0x46, 0xB7, 0x60, 0x2E, 0x23, 0x53, 0xCE, 0x33, 0xCA, 0x0D, 0x35, 0x15,
    0xF4, 0x92, 0xAC, 0x3F, 0x77, 0x45, 0x8D, 0x19, 0xFF, 0x58, 0x89, 0xEA, 0x51, 0x43, 0x18, 0xDE,
    0x57, 0x86, 0x88, 0xC4, 0xD0, 0x5C, 0x23, 0xBD, 0xD6, 0x9B, 0x8F, 0xF3, 0xA6, 0x4D, 0xAC, 0x3F,
    0x1E, 0x33, 0x7F, 0x6C, 0x50, 0xEB, 0xD2, 0xE9, 0xCC, 0xD2, 0x8E, 0xFF, 0x3D, 0xFB, 0xAD, 0x4D,
    0x99, 0xC4, 0xF3, 0x15, 0x31, 0x09, 0x7D, 0x7E, 0xEA, 0x74, 0xCD, 0xFB, 0xCF, 0x91, 0x70, 0x5C,
    0x36, 0x7C, 0x6F, 0x97, 0x8D, 0x28, 0xAD, 0x07, 0x37, 0x63, 0x3C, 0x0A, 0x1B, 0x51, 0xF6, 0x1E,
    0x82, 0xFB, 0xFA, 0xB5, 0xAE, 0xFA, 0xFB, 0xD7, 0xA8, 0x28, 0xA3, 0x70, 0x61, 0xA4, 0x90, 0x3D,
    0xA4, 0x29, 0xC3, 0x38, 0x61, 0x39, 0x40, 0x84, 0x15, 0x30, 0xC5, 0x8E, 0x1D, 0x6B, 0xA2, 0x7C,
    0x2B, 0x6A, 0x19, 0x5A, 0xFA, 0x24, 0x6D, 0x42, 0x9C, 0xCD, 0xF5, 0x07, 0x6E, 0x8B, 0x00, 0xC1,
    0xB8, 0x5A, 0xE7, 0xEF, 0xF3, 0xCA, 0x3D, 0xF5, 0x26, 0x14, 0x0E, 0x6C, 0x52, 0x2A, 0x96, 0xA6,
    0xC6, 0xE7, 0x56, 0x0F, 0xF2, 0xDC, 0xEA, 0x61, 0x37, 0xEE, 0xCC, 0xA9, 0xBE, 0xCE, 0xF0, 0xFD,
    0x20, 0x71, 0x65, 0x1E, 0xC3, 0x99, 0xAE, 0x56, 0x3D, 0x0E, 0xDB, 0x1E, 0x47, 0xA7, 0xB1, 0x43,
    0x39, 0xF0, 0x96, 0xC8, 0xB6, 0x97, 0x35, 0x37, 0x5D, 0x3E, 0xCD, 0x55, 0xB2, 0xC6, 0xF3, 0xCB,
    0xCA, 0xB9, 0xB2, 0x81, 0xC5, 0xAF, 0xB2, 0xDC, 0xE5, 0xC3, 0xF4, 0x22, 0xA8, 0x32, 0x3B, 0xEE,
    0x02, 0x57, 0x4B, 0x83, 0x85, 0x04, 0xC4, 0x01, 0xF8, 0xDC, 0x23, 0xD7, 0xCF, 0x5E, 0x17, 0x00,
    0xF6, 0x1A, 0xF0, 0x5C, 0xFA, 0xC3, 0x98, 0x7E, 0xF4, 0x99, 0x5D, 0xF3, 0x0A, 0x6B, 0x00, 0xBD,
    0xD0, 0x50, 0xFF, 0xF4, 0xBD, 0x3D, 0x8E, 0xA9, 0xF3, 0x84, 0x8C, 0xCD, 0x90, 0x7E, 0xA4, 0xB7,
    0x26, 0x4E, 0x74, 0xFA, 0x15, 0x83, 0x70, 0x0D, 0xB8, 0xCB, 0x47, 0xDD, 0xF9, 0xBD, 0x5C, 0xA5,
    0x42, 0x9B, 0xE7, 0x93, 0xF8, 0x60, 0xFA, 0xD9, 0x06, 0xDF, 0xDF, 0x24, 0x6D, 0xD4, 0x08, 0x27,
    0xA7, 0x69, 0x53, 0x90, 0x0E, 0x84, 0x48, 0x3A, 0x6F, 0xD8, 0xD4, 0x23, 0x43, 0x6D, 0x53, 0x9C,
    0x4A, 0x53, 0x75, 0x79, 0x28, 0x51, 0xF5, 0xBC, 0x7F, 0x1C, 0x8D, 0x78, 0x3E, 0x4E, 0x97, 0x15,
    0x92, 0xC3, 0x1F, 0x8B, 0x25, 0x8E, 0xBF, 0x68, 0x62, 0x88, 0xC1, 0x9E, 0x6B, 0xD2, 0x44, 0x45,
    0x8C, 0xF4, 0xFA, 0x0A, 0xBD, 0x96, 0x7C, 0xB2, 0xF6, 0x76, 0xED, 0x31, 0x5B, 0x70, 0x0D, 0x88,
    0x57, 0x02, 0x8B, 0xCA, 0xE0, 0x7B, 0x72, 0xFD, 0xAC, 0x79, 0x7C, 0x67, 0xEE, 0x0C, 0x77, 0xE9,
    0xCE, 0x40, 0x77, 0x3A, 0xBA, 0x93, 0x9E, 0xE6, 0x7D, 0x42, 0xE9, 0x14, 0x4A, 0x73, 0x8F, 0xEC,
    0x97, 0x0D, 0xED, 0xBD, 0x23, 0xCF, 0xDA, 0x8D, 0x67, 0x1F, 0xC9, 0xE1, 0x38, 0x0F, 0x9E, 0xC5,
    0x59, 0xA6, 0x8D, 0x77, 0x2D, 0xE8, 0xC3, 0xE5, 0x98, 0x5F, 0x7E, 0x88, 0xB3, 0xC5, 0xFB, 0x6B,
    0x37, 0xBF, 0x69, 0x91, 0xAF, 0x4D, 0x6F, 0x68, 0xF3, 0x66, 0xC7, 0xED, 0xBC, 0xC8, 0xFD, 0x57,
    0xBE, 0xF2, 0x7D, 0x2F, 0xCD, 0x7E, 0x56, 0x7B, 0x36, 0x87, 0xC2, 0x91, 0x18, 0x6E, 0x6B, 0x87,
    0x9C, 0xB8, 0xF9, 0x0E, 0x79, 0x1D, 0xD0, 0xDC, 0xE0, 0xB7, 0xB4, 0x47, 0x69, 0x37, 0x35, 0x0B,
    0xC2, 0x86, 0x1A, 0x25, 0x21, 0xB8, 0xFA, 0x3B, 0x4E, 0x9B, 0xFA, 0x4C, 0x8F, 0x6D, 0xBD, 0x8B,
    0x69, 0xDD, 0xAA, 0x75, 0xD3, 0xF6, 0xE6, 0xCC, 0xB9, 0x57, 0x4B, 0xE1, 0x23, 0xBA, 0xA6, 0xE2,
    0x1B, 0x7B, 0x9D, 0xF5, 0x28, 0x0C, 0xCA, 0x11, 0xD8, 0xE7, 0xE7, 0xE5, 0x13, 0x6A, 0x8A, 0x63,
    0xFC, 0xB7, 0xBC, 0x67, 0x2D, 0x4F, 0xF5, 0xA9, 0x99, 0x16, 0x98, 0xD3, 0x4E, 0x24, 0x01, 0x6A,
    0xA2, 0x6D, 0x88, 0xCD, 0x9A, 0xE9, 0x61, 0xD6, 0xFD, 0x43, 0x04, 0x28, 0x00, 0x31, 0x25, 0x2B,
    0xEC, 0x06, 0xFD, 0x6C, 0x00, 0xB1, 0x6D, 0x80, 0x60, 0xDD, 0x32, 0x81, 0xE2, 0x00, 0x5E, 0x1E,
    0xC0, 0x0B, 0x74, 0x57, 0xAE, 0x56, 0x7D, 0xB8, 0x8C, 0x2D, 0xE2, 0xC6, 0xBB, 0x73, 0x15, 0xA8,
    0x9A, 0x73, 0xFB, 0x93, 0xD2, 0xB9, 0xC6, 0x67, 0x16, 0x3A, 0xF7, 0x62, 0x44, 0x39, 0x8B, 0xD6,
    0xE7, 0x73, 0x63, 0x37, 0xF3, 0xF0, 0x5C, 0x14, 0x61, 0x7A, 0xD8, 0xB3, 0x9A, 0x9C, 0x23, 0xFE,
    0xBF, 0x1A, 0xE4, 0x6F, 0x75, 0x0D, 0x0A, 0xB3, 0xA9, 0xF1, 0xCC, 0x07, 0x45, 0x2C, 0xE9, 0xC8,
    0x31, 0x2F, 0x3E, 0x8A, 0x3F, 0x6E, 0xDE, 0xFC, 0xC2, 0x99, 0x18, 0x39, 0xC1, 0x1D, 0x6A, 0x8D,
    0xC2, 0xD6, 0x8D, 0x87, 0x02, 0xC1, 0xCA, 0x14, 0xBD, 0x5F, 0x52, 0x67, 0x0F, 0x61, 0xC2, 0x04,
    0x96, 0xB3, 0xD7, 0xA6, 0xA5, 0x93, 0xAA, 0xC9, 0x56, 0x90, 0x6F, 0x7A, 0x88, 0x51, 0x26, 0x85,
    0xB4, 0x98, 0xCA, 0xF1, 0x12, 0x20, 0xA8, 0xD6, 0x63, 0xB2, 0xC7, 0x9C, 0xCE, 0x6F, 0x20, 0x28,
    0xC8, 0x80, 0x1B, 0xAD, 0x9F, 0x97, 0xC4, 0x01, 0xE7, 0xDD, 0x4B, 0x76, 0xEC, 0x16, 0x72, 0x80,
    0xFA, 0xE7, 0xB5, 0x85, 0x74, 0x7E, 0xC1, 0xB0, 0xB7, 0xFE, 0x3C, 0x8A, 0xC3, 0xDA, 0x03, 0x98,
    0x76, 0xEF, 0xFE, 0xBC, 0x3C, 0xBE, 0x68, 0xCF, 0xD1, 0x33, 0xAE, 0xDB, 0xC2, 0x00, 0xA7, 0xEC,
    0x8D, 0x6D, 0xFA, 0x71, 0xEE, 0x4E, 0x35, 0x10, 0x78, 0xF4, 0xFC, 0x02, 0xF8, 0x82, 0x85, 0xC8,
    0x07, 0x0E, 0xA7, 0x8F, 0x79, 0x5C, 0xFA, 0x10, 0x6E, 0x1B, 0x10, 0x97, 0x2E, 0xD1, 0x18, 0xBB,
    0x53, 0x35, 0x52, 0x84, 0x78, 0xBC, 0x03, 0x72, 0xD3, 0x27, 0xFC, 0xA1, 0x01, 0xE0, 0x9A, 0x0B,
    0x95, 0xA4, 0x78, 0x1F, 0x87, 0xED, 0x3F, 0xEA, 0x01, 0xF1, 0xD5, 0x1A, 0x58, 0xD4, 0x1C, 0xEC,
    0xAF, 0xEE, 0x5C, 0x0D, 0xD9, 0x00, 0x07, 0x0B, 0x00, 0xE3, 0x21, 0x90, 0x3F, 0x1E, 0x56, 0xFD,
    0xDD, 0x05, 0x0A, 0x31, 0x7B, 0x59, 0xDC, 0xDA, 0x4B, 0xA9, 0x51, 0x0C, 0x77, 0xEE, 0x65, 0xFD,
    0xA6, 0x87, 0x46, 0xCE, 0x90, 0x7A, 0x64, 0x6E, 0xDD, 0x9C, 0x8D, 0x41, 0xFB, 0x37, 0xFA, 0x3D,
    0x71, 0xAB, 0x2F, 0xAC, 0xCD, 0x4B, 0x56, 0xFC, 0x28, 0xF8, 0x04, 0x6C, 0x6A, 0x1F, 0x9F, 0xCB,
    0x8A, 0x6D, 0xEA, 0x89, 0x50, 0x04, 0xF7, 0x7D, 0xC8, 0xFC, 0x29, 0xC3, 0x43, 0xF5, 0x87, 0x3D,
    0x0F, 0x12, 0x16, 0xDB, 0x29, 0x4E, 0xCF, 0x0A, 0xDB, 0x72, 0xEA, 0x52, 0xFA, 0x43, 0x31, 0x41,
    0x74, 0x2D, 0x37, 0x2E, 0x85, 0x69, 0x21, 0xBC, 0xEF, 0xBA, 0x45, 0x7D, 0x10, 0xE4, 0x58, 0x2C,
    0xA0, 0xA0, 0xD8, 0xBA, 0x47, 0xFE, 0x30, 0x2D, 0x30, 0x41, 0x65, 0x43, 0x9D, 0x8D, 0x50, 0xB9,
    0xAD, 0xF3, 0x01, 0xAA, 0xE8, 0xEB, 0xC2, 0x42, 0x55, 0x46, 0x96, 0x3D, 0x94, 0xD0, 0xB2, 0x32,
    0x50, 0x12, 0x52, 0xF8, 0xC3, 0x02, 0xE2, 0x9B, 0x1B, 0xA8, 0x03, 0x88, 0x16, 0x50, 0x13, 0xC4,
    0x71, 0x98, 0x66, 0x8B, 0xC9, 0x1F, 0x6C, 0x3C, 0xF4, 0xA8, 0x06, 0x7F, 0x30, 0xA8, 0x2C, 0xBD,
    0xE1, 0xD0, 0x9C, 0x16, 0x63, 0xA8, 0x46, 0x72, 0xB1, 0x4F, 0x8E, 0x92, 0xFC, 0x9A, 0xFB, 0x49,
    0x26, 0xBE, 0xBF, 0x63, 0x6B, 0x4A, 0x53, 0xF4, 0x0A, 0xCA, 0x84, 0x9D, 0x66, 0x23, 0x8C, 0xC2,
    0x53, 0x9D, 0x6C, 0x54, 0xF6, 0x84, 0xFF, 0x5E, 0x17, 0xFF, 0xD0, 0x2F, 0x3C, 0xFF, 0xA0, 0x3F,
    0x44, 0x5D, 0xFD, 0x14, 0x77, 0x9C, 0x05, 0xFC, 0x23, 0x24, 0x2F, 0xE3, 0x09, 0x0B, 0x79, 0x05,
    0xEF, 0xEF, 0x39, 0x43, 0x7E, 0xDA, 0x40, 0x58, 0xCE, 0xA1, 0xC8, 0x06, 0xA2, 0x43, 0xCB, 0x5E,
    0x81, 0x03, 0x6C, 0xF6, 0x0C, 0x00, 0x14, 0xEF, 0xD4, 0x80, 0xE0, 0xDB, 0x89, 0x3A, 0x9B, 0x25,
    0x8D, 0x5B, 0x42, 0xB6, 0x0D, 0x7B, 0x6A, 0x0D, 0x54, 0x53, 0xEB, 0xF0, 0x13, 0xB7, 0x8C, 0x9A,
    0x86, 0x45, 0xB1, 0xE8, 0x51, 0x58, 0x69, 0x50, 0x0C, 0x8A, 0x13, 0x81, 0x15, 0x80, 0x35, 0xFD,
    0x3A, 0xE1, 0x4D, 0x5A, 0xE3, 0xA1, 0xF4, 0xCD, 0xA6, 0x1A, 0xAB, 0x73, 0xBF, 0xFB, 0x48, 0xFF,
    0x2F, 0x56, 0x60, 0x20, 0x60, 0xBF, 0xE4, 0x84, 0xE9, 0x1B, 0xB2, 0x06, 0x21, 0x29, 0x5E, 0x54,
    0xB3, 0xA8, 0x6C, 0xB8, 0x24, 0xD7, 0x65, 0x9F, 0x7E, 0xEF, 0x26, 0x35, 0x2A, 0xC3, 0x47, 0xA0,
    0x3B, 0xE0, 0xDA, 0x64, 0xF2, 0x78, 0x9C, 0x8B, 0xEB, 0xF7, 0x5B, 0xF6, 0x9B, 0x8E, 0x91, 0x7D,
    0x13, 0xC6, 0xD6, 0x69, 0x4F, 0x28, 0x2D, 0x8F, 0x79, 0x59, 0x9A, 0x23, 0x9D, 0xD0, 0xD0, 0x91,
    0xE8, 0x90, 0x52, 0xCD, 0x82, 0x8A, 0xF3, 0xE1, 0x45, 0x36, 0xEC, 0x5C, 0xA1, 0x68, 0x42, 0xD1,
    0xDF, 0xEA, 0x0D, 0xA6, 0x8C, 0x3F, 0x8B, 0xF5, 0xD4, 0x60, 0xA5, 0x44, 0xB6, 0x22, 0x8B, 0x81,
    0x14, 0x3D, 0xA9, 0xE6, 0x93, 0xF9, 0x44, 0x96, 0xF1, 0x64, 0x37, 0x9F, 0x74, 0x98, 0x4F, 0x5A,
    0x52, 0xCE, 0x27, 0xB1, 0x9E, 0x4F, 0x56, 0xCF, 0x3C, 0xE9, 0x18, 0x61, 0xC8, 0x2E, 0xA8, 0x9D,
    0xEC, 0x2E, 0xBA, 0xF4, 0xE6, 0x2C, 0x75, 0xF8, 0xCC, 0x97, 0x89, 0xA0, 0xC7, 0x69, 0x78, 0xAC,
    0xFA, 0xD4, 0x20, 0x94, 0x23, 0x9B, 0x36, 0x8B, 0xFC, 0xA0, 0xDA, 0xF9, 0xA2, 0x0C, 0x17, 0x9C,
    0xF4, 0x5A, 0x9C, 0x10, 0x1B, 0x39, 0x56, 0x81, 0xAF, 0xBD, 0x77, 0xA5, 0x99, 0x37, 0xCE, 0x16,
    0x60, 0xBA, 0x58, 0x55, 0xD2, 0xAB, 0xC8, 0x7E, 0xF3, 0x2A, 0x32, 0x5B, 0x83, 0x69, 0xBA, 0x67,
    0x15, 0x2A, 0xCC, 0x01, 0xC7, 0x5E, 0xDE, 0xF8, 0xE9, 0x2E, 0xB9, 0xF9, 0xC2, 0x8B, 0x94, 0xE9,
    0xFF, 0x01, 0xCD, 0xD7, 0xC7, 0x8E, 0xE4, 0xC8, 0x7A, 0xC5, 0xF1, 0x1F, 0x49, 0xA0, 0x12, 0x10,
    0x05, 0x51, 0xDE, 0x4B, 0x5C, 0xCA, 0x37, 0xE5, 0x96, 0xB7, 0x9A, 0x94, 0xF7, 0xE6, 0x0D, 0x64,
    0xF7, 0xBD, 0x94, 0xEB, 0xCA, 0xA4, 0xFC, 0xB6, 0x5F, 0x43, 0xDE, 0x4B, 0xD7, 0x54, 0x55, 0x86,
    0xF4, 0x04, 0x94, 0xDF, 0x72, 0xCC, 0xFE, 0x12, 0x10, 0x07, 0x37, 0x1B, 0xC3, 0xCC, 0x50, 0x33,
    0x08, 0x54, 0xA1, 0x30, 0xDB, 0x71, 0x81, 0x88, 0x73, 0x36, 0xB4, 0x07, 0xF1, 0xFF, 0xF8, 0x91,
    0xE6, 0xA2, 0x18, 0x15, 0x31, 0x8E, 0xC5, 0xA0, 0x9E, 0xBF, 0xE5, 0xB4, 0x0B, 0x8E, 0x9D, 0x4B,
    0xD9, 0x67, 0x0B, 0x87, 0x5A, 0x31, 0xD3, 0xDE, 0x2A, 0x47, 0x9A, 0x51, 0x15, 0xA8, 0x83, 0xA6,
    0x4F, 0xD6, 0xA2, 0xEE, 0x6D, 0xE6, 0x80, 0xA6, 0xB7, 0x47, 0xDB, 0xB9, 0x47, 0x2B, 0xD9, 0x61,
    0xB3, 0x33, 0x07, 0xB2, 0x85, 0xD6, 0x76, 0xD9, 0x5E, 0x35, 0x52, 0x0D, 0xDA, 0x9E, 0xDD, 0xEB,
    0xAB, 0x0B, 0xB2, 0x18, 0x67, 0xA8, 0x2F, 0x1D, 0x94, 0xB1, 0x2B, 0x06, 0xC7, 0x38, 0xEF, 0x42,
    0x71, 0xF9, 0xC9, 0xA5, 0x0C, 0xD5, 0xE8, 0x50, 0x75, 0x4D, 0xD0, 0x34, 0x5A, 0xEA, 0xC5, 0x9E,
    0x7A, 0x72, 0x47, 0xDD, 0x5B, 0xA8, 0xBB, 0x55, 0x1B, 0xAB, 0xB6, 0x49, 0xEF, 0xB9, 0x63, 0xE1,
    0x60, 0x37, 0xD3, 0x0C, 0x2F, 0x06, 0xCA, 0x18, 0x3B, 0x1C, 0xDF, 0x45, 0x31, 0xD1, 0x96, 0x61,
    0xB5, 0x7D, 0xD5, 0xEF, 0x26, 0xEE, 0xAB, 0x6E, 0x37, 0x72, 0xD7, 0x28, 0x07, 0x96, 0x97, 0xAA,
    0x81, 0xF3, 0xAC, 0x0A, 0xB2, 0x18, 0x92, 0x9D, 0xA9, 0x83, 0x7C, 0xA6, 0xE9, 0x15, 0xAB, 0x75,
    0xDB, 0x85, 0x6C, 0xC6, 0x6E, 0x4C, 0x56, 0x8E, 0xEC, 0x29, 0x87, 0x64, 0x55, 0xE0, 0x9E, 0x3A,
    0xB0, 0x4F, 0x41, 0x39, 0xA4, 0xA9, 0xED, 0xB2, 0x33, 0xEA, 0x77, 0xBF, 0x65, 0xC6, 0x2E, 0xC6,
    0x01, 0x8E, 0xAF, 0xA1, 0x0C, 0xAA, 0x3F, 0x1C, 0xAB, 0xA0, 0xFE, 0xB1, 0xA1, 0x0A, 0x9A, 0x9F,
    0x0A, 0x55, 0xAF, 0xAD, 0xC2, 0x1A, 0x7E, 0xAD, 0xEE, 0x3C, 0xBF, 0xD1, 0x70, 0x98, 0xB5, 0x1C,
    0xFA, 0x55, 0x6F, 0x79, 0xCE, 0xC2, 0x3E, 0xE9, 0x8D, 0xFC, 0xC4, 0xDE, 0xEE, 0xC4, 0x41, 0x3D,
    0xD3, 0xFE, 0xF7, 0x65, 0xA2, 0x8E, 0x6F, 0x4F, 0x5C, 0x5D, 0x7E, 0x74, 0x82, 0xB2, 0xBF, 0xA5,
    0xF8, 0xD7, 0x89, 0xFC, 0x4B, 0x01, 0xB1, 0xC3, 0x8D, 0x27, 0x63, 0x41, 0xBE, 0x4A, 0x71, 0x46,
    0x79, 0x41, 0x75, 0x8F, 0xB6, 0xC5, 0xBE, 0xC1, 0x52, 0x93, 0x9D, 0xEA, 0x35, 0x8E, 0xAA, 0xB7,
    0x1B, 0xDF, 0x48, 0x15, 0xD6, 0x87, 0xEF, 0xCB, 0xA0, 0x55, 0x06, 0x7B, 0xBB, 0xC1, 0xE5, 0xCF,
    0xFF, 0x62, 0xCC, 0xE3, 0xBA, 0xF3, 0xDE, 0xC8, 0x54, 0x4E, 0xEB, 0xE1, 0x83, 0x7C, 0x6A, 0xD6,
    0x54, 0xDB, 0x4E, 0x76, 0x3A, 0x7A, 0x23, 0x76, 0xE1, 0x86, 0xFC, 0xAD, 0x19, 0x5F, 0x1A, 0x70,
    0xE8, 0xF0, 0x5D, 0xC0, 0xFA, 0xE8, 0xC5, 0xA0, 0x8D, 0xFF, 0x19, 0xB2, 0xCB, 0x4F, 0xBE, 0x1F,
    0x8A, 0xD9, 0x21, 0x94, 0xA3, 0xA6, 0x5F, 0x63, 0xEA, 0xEB, 0x5E, 0xD3, 0x35, 0x34, 0x5A, 0xDA,
    0x07, 0x79, 0xBE, 0xCA, 0x7E, 0x95, 0xB3, 0xBA, 0x2F, 0x16, 0xD5, 0xBB, 0x2F, 0x6E, 0x15, 0x71,
    0x59, 0x38, 0xBE, 0x3A, 0xC9, 0xC7, 0x86, 0xE9, 0x96, 0xCF, 0x4D, 0xB4, 0x81, 0xBA, 0x03, 0xA0,
    0xC5, 0x01, 0x7B, 0xDC, 0x61, 0x79, 0x5C, 0xD9, 0x89, 0x7C, 0x5D, 0x33, 0xC5, 0xB4, 0xAD, 0xDD,
    0xBA, 0x46, 0xCA, 0x81, 0x6A, 0x5D, 0x61, 0x5B, 0x75, 0x4F, 0xB3, 0xAE, 0x8E, 0xD6, 0xB6, 0x9A,
    0x7C, 0xAA, 0x7E, 0x2E, 0x14, 0x5F, 0x4C, 0xF9, 0xFE, 0x32, 0x14, 0x53, 0x9A, 0xA3, 0xDD, 0xA0,
    0x1C, 0xD2, 0x3E, 0xD8, 0x66, 0xAF, 0xEE, 0x34, 0x9D, 0x86, 0xD6, 0xF6, 0x4E, 0x6E, 0xB8, 0x83,
    0x26, 0x9B, 0x50, 0xFD, 0x54, 0x40, 0xF1, 0x45, 0xC8, 0x17, 0xF0, 0xAB, 0x9E, 0x8C, 0x44, 0xBF,
    0x04, 0xBF, 0xC4, 0xBE, 0x15, 0xFD, 0xB3, 0x44, 0xFE, 0x46, 0x68, 0x97, 0xB8, 0xEF, 0xB7, 0x07,
    0xDE, 0xA8, 0xDF, 0x68, 0xDF, 0x74, 0x43, 0x7E, 0x23, 0x7E, 0x03, 0x7E, 0xE3, 0x7D, 0xC3, 0x7D,
    0xA3, 0x7D, 0x83, 0x3D, 0xB1, 0x9E, 0x50, 0x0F, 0x89, 0xF4, 0x07, 0xD0, 0x37, 0xCE, 0x77, 0xE1,
    0x25, 0xC5, 0xBF, 0x4F, 0x78, 0x3F, 0xE0, 0x08, 0xDF, 0x09, 0xB6, 0x22, 0x60, 0xAD, 0x01, 0xD6,
    0x12, 0x60, 0xAD, 0x00, 0x9A, 0x60, 0xE3, 0xBF, 0x5B, 0xF1, 0xEF, 0x13, 0xFD, 0x09, 0xFE, 0x85,
    0x66, 0x95, 0x36, 0x91, 0x9F, 0xC0, 0x4F, 0xDC, 0x27, 0xEC, 0x37, 0xEA, 0x37, 0xE8, 0x7D, 0xB6,
    0x0C, 0x5C, 0x37, 0xA8, 0x6F, 0x51, 0x4E, 0xC8, 0x3B, 0x8F, 0x23, 0x61, 0xBC, 0xCA, 0x3E, 0x95,
    0x84, 0x54, 0x10, 0x52, 0x39, 0xA8, 0x92, 0x04, 0x59, 0x92, 0x53, 0x2A, 0x03, 0x6B, 0x11, 0x98,
    0x52, 0x09, 0x68, 0x6D, 0xB2, 0x1B, 0x13, 0xFC, 0x09, 0xFD, 0x04, 0x7E, 0xC2, 0x3E, 0x41, 0x9F,
    0x90, 0x4F, 0xC0, 0x27, 0xDC, 0x13, 0xEC, 0x1B, 0xEA, 0x5B, 0x10, 0x6F, 0x3D, 0x04, 0x71, 0x80,
    0xAF, 0x05, 0x5B, 0x19, 0xE8, 0x57, 0x90, 0xBA, 0x2A, 0x68, 0xBA, 0xB5, 0x06, 0xA8, 0x93, 0x74,
    0x9E, 0x6B, 0xD8, 0x6B, 0xB9, 0x49, 0xF8, 0x27, 0xFA, 0x13, 0xFC, 0x89, 0xFD, 0x84, 0x7E, 0x22,
    0x3F, 0x81, 0x9F, 0xB8, 0x7F, 0xC0, 0x1E, 0xD2, 0x23, 0x24, 0x81, 0x6C, 0x2A, 0x83, 0x62, 0xAE,
    0x83, 0x7C, 0xC5, 0x17, 0x9F, 0x70, 0x2E, 0xA0, 0x8A, 0x97, 0x55, 0xCE, 0x3C, 0x8E, 0xAA, 0xBB,
    0xA5, 0xED, 0xCF, 0xD4, 0x4E, 0xF0, 0x11, 0x67, 0xF5, 0x0C, 0x7E, 0x1B, 0x26, 0x40, 0x36, 0xAF,
    0x59, 0x9D, 0x52, 0xED, 0xFA, 0x94, 0x64, 0xF5, 0x0A, 0xF9, 0x80, 0x5D, 0x8F, 0xEA, 0x31, 0xAB,
    0x97, 0x34, 0x21, 0x65, 0xF5, 0xD9, 0x8F, 0x3E, 0xAB, 0x6F, 0xCC, 0x5E, 0x51, 0x97, 0x3D, 0xE5,
    0x5F, 0xA3, 0x38, 0xC1, 0xAB, 0x4F, 0x61, 0x60, 0xF9, 0x78, 0x8D, 0x79, 0x46, 0x3B, 0xA0, 0xEE,
    0x3E, 0x99, 0xC0, 0x76, 0x01, 0xC5, 0x2A, 0xD9, 0xE8, 0xE9, 0xE6, 0x0A, 0x9F, 0x96, 0xAC, 0x7C,
    0x06, 0xBE, 0x0F, 0xBE, 0xC2, 0x93, 0x98, 0xFA, 0x8F, 0x2B, 0xA6, 0x3A, 0x9B, 0x29, 0xFF, 0x74,
    0xB0, 0x7D, 0xDD, 0xB2, 0xE5, 0x83, 0xDF, 0xB6, 0xE6, 0xD2, 0xC9, 0x63, 0x9C, 0xD5, 0xEF, 0x7D,
    0xFD, 0xD9, 0xA1, 0x73, 0xB3, 0x1E, 0xF5, 0xB5, 0xC5, 0x8C, 0x72, 0x44, 0x15, 0xD0, 0xF4, 0x68,
    0xBB, 0x55, 0xE0, 0xA0, 0x8A, 0xA7, 0xFD, 0x2A, 0xF7, 0xE4, 0xF3, 0x3D, 0xC5, 0x94, 0xE4, 0xC0,
    0x6E, 0x0B, 0xAC, 0xED, 0x95, 0x43, 0x3D, 0xA8, 0x87, 0xF2, 0xF5, 0x55, 0x0C, 0x59, 0x8C, 0x31,
    0x68, 0x2E, 0x3F, 0x15, 0x64, 0x53, 0xDD, 0xF1, 0xD9, 0x6B, 0x3C, 0x9F, 0x51, 0x0F, 0xF8, 0xB2,
    0x0E, 0x90, 0x1D, 0xFB, 0x59, 0x15, 0xDF, 0x9B, 0xB4, 0xC3, 0xFD, 0xE4, 0xA2, 0x9E, 0xF2, 0x93,
    0x6A, 0x2C, 0x26, 0xE5, 0xB0, 0x1B, 0xDF, 0x48, 0x19, 0x94, 0xA1, 0x0A, 0xAA, 0x47, 0xE9, 0xB7,
    0xD4, 0x52, 0xCF, 0x34, 0x8A, 0x8A, 0xD7, 0xDF, 0x12, 0x65, 0x31, 0xEE, 0x69, 0x4E, 0xD7, 0x70,
    0x03, 0x0B, 0xB2, 0x19, 0xBB, 0xC9, 0xB3, 0x5F, 0x7E, 0x11, 0xB4, 0x31, 0x72, 0x15, 0xDF, 0x05,
    0x4E, 0xC8, 0x26, 0x14, 0x01, 0x57, 0x70, 0xE8, 0xF0, 0x76, 0x20, 0x0F, 0x03, 0x45, 0x3F, 0x90,
    0xFF, 0x5B, 0x40, 0xFC, 0xE4, 0xBA, 0x3C, 0xBE, 0x13, 0x3E, 0xFB, 0xE4, 0x69, 0x41, 0xD3, 0xE3,
    0xBD, 0x91, 0x2C, 0xFC, 0x2D, 0x79, 0x18, 0xC9, 0xFE, 0x7D, 0xC0, 0xB1, 0xFB, 0x08, 0x7B, 0x40,
    0xD0, 0x00, 0x6E, 0x3C, 0x66, 0x89, 0x62, 0x84, 0x8D, 0xD7, 0x0F, 0x8E, 0x95, 0x96, 0xD8, 0xA1,
    0xDA, 0x5C, 0x73, 0x02, 0xDA, 0xCD, 0xC5, 0x19, 0xE4, 0xEF, 0x4F, 0xA0, 0xF8, 0xBF, 0xCD, 0xAB,
    0xFF, 0xDD, 0xBC, 0xFE, 0xD3, 0x11, 0xB4, 0xE5, 0xE6, 0xE7, 0x2A, 0xC6, 0xD1, 0xCA, 0xF2, 0x4A,
    0xE1, 0x9A, 0x5F, 0x80, 0x72, 0xAC, 0x7B, 0xA8, 0x43, 0x93, 0xBC, 0xED, 0x9A, 0x0E, 0x8E, 0x31,
    0x42, 0x16, 0x37, 0x2F, 0x26, 0x87, 0xED, 0x70, 0xFB, 0xED, 0x70, 0xF7, 0xDB, 0xE1, 0xD2, 0xE6,
    0x3D, 0x5A, 0xBD, 0xE7, 0xB1, 0xEE, 0x5D, 0x03, 0x27, 0x90, 0x8F, 0x9B, 0xF5, 0x1E, 0xB1, 0xBE,
    0x74, 0xCD, 0x6B, 0x8E, 0xF1, 0xED, 0x18, 0xFB, 0xE2, 0xF5, 0x2E, 0xCE, 0xF5, 0x58, 0x04, 0x31,
    0xE4, 0x13, 0x22, 0x33, 0xCE, 0x9C, 0xB0, 0xAC, 0x76, 0x8C, 0x6F, 0xC6, 0x5C, 0xC6, 0x64, 0xCD,
    0x98, 0x0E, 0x6B, 0x15, 0xAB, 0xDD, 0x48, 0x4C, 0xDE, 0xAE, 0xB4, 0x67, 0x6E, 0xD4, 0x8B, 0xAA,
    0x6B, 0x7F, 0x24, 0xC6, 0x1F, 0x39, 0xAA, 0xE3, 0xA9, 0x8D, 0x27, 0x57, 0xB1, 0x7F, 0x33, 0x21,
    0x7B, 0xF5, 0x98, 0x7E, 0xD5, 0x43, 0x03, 0x5E, 0x82, 0xDF, 0x7C, 0xDA, 0x16, 0xD0, 0x5C, 0x9E,
    0x53, 0xC4, 0xB8, 0xA4, 0xEE, 0x76, 0xE1, 0xD8, 0x15, 0x17, 0xD9, 0xA2, 0x8C, 0x8A, 0x59, 0x9D,
    0xBA, 0xDB, 0xEB, 0xB4, 0x4D, 0x4E, 0x6B, 0x77, 0x9B, 0x4F, 0x75, 0x68, 0xED, 0x86, 0xBA, 0x6F,
    0x55, 0x7D, 0xDD, 0x1F, 0x34, 0xA9, 0xBB, 0x7D, 0xA9, 0xE9, 0xEE, 0xCD, 0x5A, 0xF7, 0xC5, 0xE8,
    0x60, 0x5F, 0x06, 0x67, 0x87, 0x3A, 0x75, 0xB7, 0xD7, 0xA9, 0xBB, 0x5D, 0x59, 0x56, 0x4F, 0xD6,
    0xFA, 0x70, 0xBE, 0x4A, 0x5D, 0x4A, 0x9C, 0x79, 0xB6, 0xD6, 0x21, 0xB7, 0x4F, 0xA0, 0x7A, 0x28,
    0xF4, 0x55, 0x87, 0x6F, 0x02, 0xDF, 0x4E, 0x19, 0x6F, 0x38, 0xC6, 0x93, 0xE2, 0xF2, 0x53, 0xCB,
    0x5A, 0x19, 0xA2, 0x26, 0x54, 0x07, 0xAD, 0x67, 0x6B, 0x8F, 0xFB, 0x72, 0xED, 0x71, 0xA7, 0xBA,
    0x5F, 0xF2, 0xA1, 0xEE, 0x96, 0x5D, 0xDF, 0x74, 0x4B, 0xA5, 0xB5, 0x5C, 0xBB, 0x77, 0xF7, 0x59,
    0x8B, 0x76, 0x5A, 0x7B, 0xDC, 0xF1, 0xC5, 0xB8, 0xDE, 0xBA, 0xF3, 0xEC, 0xF8, 0x2E, 0x9F, 0xB1,
    0xD5, 0x9E, 0x99, 0x32, 0xC6, 0x5E, 0xFB, 0x5F, 0x2F, 0x46, 0xF7, 0x2B, 0x95, 0x8B, 0x6C, 0x83,
    0x2E, 0x5B, 0xE0, 0x02, 0xC7, 0x1E, 0xED, 0x09, 0x55, 0xEC, 0xC8, 0xE3, 0x88, 0xE6, 0x84, 0xDD,
    0xF9, 0xE1, 0xA0, 0x03, 0xB4, 0x9B, 0x7C, 0x39, 0xF7, 0x0E, 0x29, 0x85, 0x77, 0xEB, 0x69, 0xBD,
    0x6F, 0x78, 0xEC, 0xD6, 0x00, 0x35, 0xB4, 0xFD, 0x83, 0x40, 0x05, 0xDF, 0x0B, 0x3F, 0x0C, 0x6C,
    0xF7, 0xC9, 0x62, 0xEC, 0x8A, 0xD7, 0x75, 0x28, 0x87, 0x5C, 0x15, 0x28, 0xC7, 0xED, 0xCE, 0x59,
    0x1C, 0xB6, 0xE7, 0xC8, 0x2F, 0x68, 0xD1, 0x24, 0xFF, 0x4E, 0x7B, 0xF7, 0x3F, 0xB9, 0x68, 0xE3,
    0xEC, 0x2A, 0x76, 0x00, 0xB2, 0x89, 0xE2, 0xB4, 0xAD, 0x7C, 0xC6, 0x44, 0x3E, 0x50, 0x74, 0x40,
    0x1B, 0x63, 0x3C, 0xAD, 0x32, 0xB3, 0xB0, 0x49, 0x0A, 0x23, 0x1D, 0x5D, 0x24, 0x99, 0x36, 0x61,
    0x97, 0x64, 0x44, 0x39, 0xA0, 0x0A, 0x4F, 0x24, 0x21, 0xD8, 0x24, 0xE9, 0x1E, 0x83, 0xC1, 0x01,
    0xF6, 0x70, 0xE7, 0xC9, 0xF8, 0xEC, 0x43, 0x61, 0x7D, 0xB8, 0xAD, 0x7F, 0x44, 0x36, 0x3E, 0xA5,
    0x0C, 0xDF, 0xC7, 0x1D, 0xB7, 0x2C, 0x2C, 0x0E, 0xF1, 0x7C, 0x88, 0x4B, 0x3E, 0x7B, 0xFC, 0x27,
    0x1C, 0x3F, 0xF0, 0x4F, 0x98, 0x66, 0x35, 0x74, 0xE5, 0xFA, 0x6D, 0xEA, 0x1F, 0xF2, 0x28, 0x66,
    0xBB, 0x74, 0xA2, 0x51, 0x11, 0x14, 0xE0, 0xFF, 0x01, 0x1D, 0xCE, 0x21, 0x4C, 0xC4, 0x30, 0x18,
    0x80, 0xD1, 0x6F, 0xAB, 0x58, 0x48, 0x45, 0xF1, 0x24, 0x0C, 0x9F, 0x70, 0x33, 0x67, 0xB7, 0xCD,
    0x63, 0xF0, 0xEA, 0x04, 0x1E, 0x7B, 0xA2, 0x97, 0xD6, 0x7B, 0x8F, 0x77, 0x08, 0xC4, 0xC4, 0x2E,
    0xD4, 0xAB, 0x25, 0xF8, 0x50, 0xAF, 0x7E, 0x92, 0x8A, 0x89, 0x8E, 0x92, 0xF0, 0xBC, 0x78, 0x57,
    0x06, 0x3A, 0xCC, 0xA4, 0x3D, 0x9B, 0x92, 0x26, 0x98, 0xA9, 0x87, 0x4C, 0xBD, 0xA3, 0xBF, 0xE9,
    0xB4, 0xB7, 0x2A, 0x34, 0x9B, 0x6D, 0x4B, 0xEA, 0x5F, 0x57, 0x60, 0x2C, 0xBB, 0x2B, 0xF9, 0x81,
    0xD3, 0x19, 0x19, 0x9A, 0xD8, 0x95, 0xD0, 0xFC, 0xD2, 0x7F, 0x5E, 0x6C, 0x2D, 0x7B, 0x23, 0xB3,
    0x8A, 0xD0, 0x8A, 0xCB, 0x1F, 0x16, 0x4B, 0x52, 0xAB, 0x99, 0x6E, 0x68, 0xD7, 0xF3, 0x7B, 0x3C,
    0xC6, 0xA3, 0xC8, 0xE8, 0x81, 0xBC, 0xD4, 0x3F, 0xA9, 0xF9, 0x8A, 0xE6, 0xC9, 0x1F, 0x5A, 0x86,
    0x5A, 0x8C, 0x0E, 0xFA, 0x0D, 0x95, 0xA9, 0x12, 0x5C, 0xB0, 0x2C, 0x24, 0x15, 0x75, 0x18, 0x78,
    0xE1, 0xB2, 0x2F, 0x07, 0x66, 0x57, 0xE5, 0x9E, 0xD4, 0x4E, 0xA3, 0x1F, 0x7D, 0x37, 0x19, 0x1E,
    0x39, 0x02, 0xD5, 0xAA, 0xBC, 0xF1, 0x46, 0x98, 0x99, 0x9D, 0x38, 0x5F, 0x87, 0x7B, 0xCE, 0x08,
    0xDB, 0x6D, 0x91, 0xD1, 0x9F, 0x78, 0x96, 0x2A, 0x5E, 0xEF, 0xC2, 0x58, 0x26, 0xBD, 0xF1, 0x5F,
    0xCF, 0xAE, 0xE4, 0x3F, 0xC5, 0x58, 0x0D, 0xA4, 0x25, 0x57, 0x9E, 0xFF, 0xD7, 0xAD, 0x74, 0x97,
    0xDD, 0x63, 0xFA, 0x0C, 0x92, 0x5D, 0x23, 0xBB, 0xEF, 0xF8, 0x58, 0xCC, 0xD8, 0xEE, 0x3E, 0x3E,
    0x82, 0x87, 0x7B, 0xEF, 0xA9, 0x64, 0xD8, 0x20, 0x48, 0xFB, 0x48, 0x82, 0x46, 0x0F, 0x16, 0x43,
    0x4C, 0x5E, 0xA3, 0x97, 0x87, 0xFB, 0x51, 0x9B, 0x58, 0x8D, 0x20, 0xED, 0x63, 0x32, 0x18, 0xBC,
    0xF1, 0xB1, 0xAC, 0x5D, 0x4C, 0xA3, 0xF1, 0xD8, 0xFB, 0x5E, 0x55, 0xBA, 0xD1, 0x58, 0xA4, 0x26,
    0x91, 0x0D, 0x16, 0x7D, 0x32, 0x49, 0x4F, 0xEF, 0x8A, 0x9D, 0xAE, 0x74, 0xAA, 0xA3, 0x5E, 0xBA,
    0xEE, 0x3D, 0xFB, 0xFB, 0x39, 0xCA, 0xEB, 0x8F, 0x89, 0x6D, 0xBB, 0xD6, 0xD6, 0xBB, 0xF5, 0xAB,
    0xBA, 0xAF, 0x6E, 0xFD, 0xBF, 0xBF, 0xCE, 0x91, 0x93, 0xE1, 0x8A, 0x88, 0x0B, 0x9D, 0x24, 0xE1,
    0xFD, 0x8D, 0xA4, 0xAD, 0x2C, 0x45, 0x57, 0x62, 0x0B, 0x73, 0x45, 0x4C, 0x61, 0x7B, 0x40, 0xB2,
    0x11, 0x93, 0x8F, 0x5A, 0xB1, 0xB9, 0xAA, 0xC5, 0x89, 0x2E, 0x00, 0x26, 0x97, 0xA9, 0x58, 0x91,
    0x05, 0xEE, 0x65, 0x4E, 0x58, 0xE1, 0x1F, 0xD2, 0xCB, 0x82, 0x30, 0x17, 0xE9, 0xF0, 0x8F, 0xA4,
    0xC3, 0x7D, 0xD2, 0x8A, 0x2C, 0xFD, 0xA8, 0xC9, 0x42, 0x9F, 0x36, 0xE6, 0x7E, 0x48, 0x1B, 0xD7,
    0xBB, 0xD4, 0xCF, 0xC6, 0x36, 0xAB, 0x2F, 0x9D, 0xB6, 0xAA, 0xDE, 0x1D, 0x4F, 0x54, 0xE5, 0xDA,
    0x5E, 0x57, 0xE6, 0xA3, 0x06, 0xAC, 0xB3, 0x1A, 0x1C, 0xF0, 0x25, 0x07, 0x13, 0x9B, 0x83, 0x89,
    0x93, 0x08, 0x0E, 0x1C, 0xF0, 0x59, 0xF0, 0xEE, 0x00, 0xF0, 0x8B, 0x5E, 0xC4, 0x84, 0x46, 0xA0,
    0x42, 0x21, 0xF1, 0x68, 0xE7, 0x49, 0x97, 0x6E, 0x42, 0xD2, 0xEA, 0xBD, 0xF7, 0xDE, 0x6E, 0xEC,
    0x09, 0x7D, 0xA3, 0x71, 0x1E, 0xB0, 0xEC, 0xF4, 0x3B, 0x7E, 0x05, 0x96, 0xFE, 0xDA, 0x78, 0x9A,
    0xD5, 0xBB, 0xBB, 0x3D, 0x58, 0xDE, 0x03, 0x37, 0x75, 0xB9, 0x06, 0x4B, 0x5D, 0x91, 0x65, 0x61,
    0x0A, 0xB0, 0x34, 0x60, 0x99, 0x5B, 0x19, 0xF8, 0x2E, 0x00, 0xFF, 0x0A, 0x46, 0x3A, 0xB4, 0x22,
    0xA3, 0x50, 0x90, 0x9B, 0x87, 0x46, 0x61, 0x43, 0x83, 0x85, 0x22, 0x6B, 0xC5, 0x54, 0x20, 0xA1,
    0x3C, 0xDE, 0xCE, 0xBC, 0x4D, 0xD6, 0x59, 0xED, 0x54, 0x50, 0xB5, 0xB3, 0xEA, 0x95, 0xCA, 0x2D,
    0x95, 0xAE, 0x5C, 0xD8, 0x00, 0x7E, 0xDB, 0xE9, 0xC2, 0x55, 0xD4, 0xA9, 0x00, 0x83, 0x41, 0x31,
    0x77, 0xAC, 0x18, 0xAD, 0x36, 0x27, 0x1C, 0x48, 0x3C, 0x8C, 0x4C, 0x44, 0xCA, 0x0F, 0x42, 0x31,
    0x7A, 0xF0, 0xE0, 0x6E, 0xA5, 0xEA, 0xA0, 0x20, 0xEB, 0x0F, 0x53, 0x0F, 0x09, 0x53, 0x6F, 0x05,
    0xE0, 0x92, 0xFE, 0x98, 0x1B, 0x34, 0x5A, 0x68, 0x30, 0x7A, 0xB0, 0xD1, 0x85, 0xFD, 0xA8, 0x05,
    0x80, 0xDB, 0x77, 0x31, 0x5A, 0x44, 0x6E, 0x83, 0xD5, 0x64, 0x0A, 0xAB, 0xC9, 0x1C, 0x56, 0x2B,
    0x0E, 0x60, 0xB5, 0x6A, 0x05, 0xAB, 0x15, 0x3D, 0xAC, 0x96, 0xF7, 0xB0, 0x9A, 0x74, 0xD7, 0xC6,
    0xF3, 0xA4, 0xDD, 0xDD, 0xED, 0x46, 0xAD, 0xFB, 0xBA, 0x49, 0x1B, 0x58, 0x2D, 0x6D, 0x60, 0x35,
    0x80, 0x29, 0x32, 0x3F, 0x0A, 0x50, 0x5A, 0x85, 0xF0, 0x6E, 0xAD, 0x5F, 0xBE, 0x7B, 0xB7, 0x32,
    0xE9, 0xF5, 0x50, 0x99, 0x0B, 0x55, 0x59, 0xE9, 0x90, 0xBB, 0x62, 0xD4, 0x09, 0x84, 0x90, 0x43,
    0x08, 0x1C, 0x60, 0xE5, 0x5F, 0xC2, 0xDC, 0x29, 0x4E, 0x85, 0x13, 0xDF, 0x33, 0x9C, 0xB2, 0x93,
    0x7F, 0x5F, 0xAC, 0xEC, 0xD2, 0xAF, 0x38, 0x29, 0xA5, 0xAE, 0x16, 0xB0, 0xE6, 0x5C, 0x46, 0xED,
    0x4A, 0xA4, 0xEF, 0x45, 0x1C, 0x9D, 0xDD, 0x89, 0xA8, 0x16, 0x74, 0x70, 0x3E, 0x8F, 0xF7, 0x92,
    0x10, 0x3A, 0xC9, 0x36, 0x6F, 0x6C, 0x44, 0x7B, 0x59, 0x92, 0x8B, 0x93, 0x1F, 0x08, 0x40, 0x08,
    0xC9, 0x1A, 0x74, 0x54, 0x80, 0xAA, 0xA7, 0x74, 0x3E, 0x97, 0x2D, 0x9D, 0xAF, 0x04, 0x02, 0xF5,
    0x92, 0x11, 0x60, 0x9A, 0x0E, 0xF0, 0x62, 0x0B, 0x18, 0x11, 0x7E, 0xDC, 0x00, 0xFE, 0xCD, 0xD3,
    0xD3, 0x15, 0x3C, 0xBD, 0x11, 0xF0, 0x60, 0x6A, 0x84, 0xD0, 0x83, 0xC7, 0xEB, 0x41, 0x34, 0x82,
    0x9F, 0xE6, 0x34, 0xC5, 0x33, 0x7C, 0x3B, 0x61, 0x9C, 0x98, 0x96, 0xD6, 0xED, 0xC1, 0x6D, 0x7F,
    0x0C, 0x6E, 0xD7, 0x76, 0xC1, 0x6D, 0xD9, 0x48, 0x2F, 0xD6, 0x83, 0x68, 0x56, 0x99, 0x46, 0xD4,
    0x75, 0x10, 0xD0, 0x7B, 0xDD, 0x69, 0xD1, 0x9B, 0x6B, 0x63, 0x31, 0xED, 0xC1, 0x4A, 0x4C, 0xED,
    0x5A, 0xA6, 0x58, 0x2D, 0x3C, 0xF0, 0x8A, 0x97, 0x15, 0xF2, 0x23, 0xE9, 0x90, 0x1F, 0x99, 0x47,
    0x7E, 0xD8, 0x02, 0xF9, 0xE1, 0x2A, 0xE4, 0x87, 0x66, 0x7E, 0xC0, 0xC9, 0x2D, 0x3C, 0x8D, 0xFC,
    0x50, 0xCC, 0x8F, 0x18, 0xB1, 0xF4, 0xAE, 0x46, 0x2C, 0xE1, 0x02, 0xA0, 0xF2, 0xB8, 0xC8, 0x34,
    0xFA, 0x79, 0x01, 0x60, 0xD8, 0x9A, 0x21, 0x6C, 0xA3, 0x4D, 0xE4, 0xDA, 0x0C, 0x8F, 0xE8, 0x6B,
    0xCA, 0xB4, 0xF7, 0x76, 0x23, 0xF0, 0xF6, 0x87, 0x95, 0xC0, 0xDD, 0xB7, 0x2A, 0x81, 0xBF, 0xDF,
    0xF5, 0x02, 0x87, 0xC3, 0x16, 0xC8, 0x93, 0xD4, 0x0B, 0x12, 0x25, 0xF3, 0xE2, 0xEE, 0xB5, 0x59,
    0x2D, 0xEA, 0xB2, 0x07, 0x77, 0x72, 0x26, 0x16, 0x44, 0x53, 0x40, 0x00, 0x9A, 0x81, 0x88, 0x2B,
    0xEF, 0x69, 0x7D, 0xF3, 0xBB, 0x0D, 0x50, 0x87, 0x0E, 0x98, 0xC0, 0x88, 0x31, 0x45, 0x15, 0xF8,
    0x84, 0x16, 0x04, 0x92, 0xCD, 0x1B, 0x6B, 0x5C, 0xB2, 0x46, 0x0E, 0x23, 0x21, 0x27, 0x86, 0xF5,
    0xC6, 0x31, 0x5E, 0xD7, 0x51, 0x8F, 0x8D, 0x50, 0x93, 0xB4, 0x61, 0x71, 0xE1, 0x9B, 0x08, 0x51,
    0x01, 0xB3, 0x95, 0x2C, 0xA8, 0x2F, 0x4B, 0x8C, 0x15, 0x5C, 0x56, 0x10, 0xFD, 0xE4, 0x1A, 0x37,
    0xAE, 0xB7, 0xA1, 0xEE, 0x65, 0x77, 0x3C, 0xB6, 0x7D, 0x27, 0x57, 0xC7, 0x97, 0xCE, 0x96, 0x9D,
    0xB4, 0xB3, 0xDD, 0x89, 0x45, 0x45, 0x6B, 0x5D, 0xA7, 0xA0, 0x6A, 0x6D, 0x7C, 0x1A, 0xCB, 0x05,
    0x09, 0x2F, 0x43, 0x8B, 0xCB, 0x68, 0x73, 0x7E, 0x8D, 0x4C, 0x82, 0x2C, 0x25, 0x02, 0x8E, 0xB2,
    0x08, 0x0C, 0xED, 0x85, 0x4C, 0x29, 0x0B, 0x8B, 0x61, 0xBC, 0xC0, 0x1C, 0xD3, 0x28, 0xEE, 0x3C,
    0x5A, 0xFE, 0x80, 0x9A, 0xE7, 0xB2, 0xA2, 0xEA, 0xE7, 0x28, 0x02, 0x84, 0x88, 0x97, 0x4D, 0xD2,
    0xE1, 0xB7, 0x13, 0x93, 0xB4, 0xF8, 0xED, 0x4C, 0xB3, 0x0E, 0xCA, 0x62, 0x2E, 0x9B, 0xF3, 0x1D,
    0x7E, 0x02, 0xC6, 0x9E, 0x01, 0xAB, 0x36, 0xB9, 0x3C, 0x7E, 0x8C, 0x20, 0x33, 0x2D, 0xF7, 0xB3,
    0x51, 0x83, 0xCB, 0xF7, 0x4E, 0x81, 0xA7, 0xC8, 0xD6, 0x19, 0xDA, 0x5D, 0x74, 0x47, 0x03, 0x23,
    0x7A, 0xD7, 0xC2, 0xA3, 0xF4, 0x44, 0x15, 0x72, 0xDC, 0x86, 0x06, 0x3E, 0x3D, 0xDF, 0x33, 0x44,
    0x37, 0x74, 0xC3, 0x52, 0x1C, 0xAC, 0x19, 0x03, 0x33, 0xE9, 0x21, 0x0A, 0xDC, 0x37, 0xA7, 0x26,
    0x07, 0xA2, 0x21, 0x70, 0xB4, 0xE0, 0x05, 0x00, 0x5F, 0xEF, 0x6C, 0x40, 0x91, 0x9E, 0x18, 0xE4,
    0xDA, 0x18, 0xD0, 0x4C, 0x16, 0xC2, 0x1A, 0x0D, 0xA3, 0x28, 0x0F, 0x93, 0x90, 0x65, 0x0D, 0xA0,
    0x0C, 0x33, 0x90, 0x78, 0xB6, 0x85, 0xE7, 0x02, 0xCA, 0x03, 0x42, 0xCB, 0x14, 0xD3, 0x34, 0x98,
    0x7C, 0xAC, 0xF6, 0xEE, 0xCA, 0xD8, 0xA4, 0x81, 0x1C, 0x83, 0xE0, 0xB5, 0x05, 0x75, 0x09, 0x35,
    0xD0, 0x86, 0x1E, 0x88, 0x4A, 0x29, 0x4C, 0x5B, 0x57, 0x90, 0x8E, 0x41, 0xFC, 0x7E, 0x21, 0x1A,
    0x18, 0x88, 0xB2, 0xA4, 0x67, 0x61, 0x2B, 0x16, 0x36, 0xB8, 0x09, 0x58, 0x8B, 0x25, 0x5B, 0x46,
    0xEC, 0x9F, 0x12, 0x49, 0x6B, 0x01, 0x65, 0x2B, 0xAA, 0xF1, 0x72, 0x05, 0x15, 0x4E, 0x65, 0x15,
    0x63, 0xF8, 0x42, 0x41, 0x04, 0xF1, 0x8E, 0xB6, 0x83, 0xA1, 0x45, 0x40, 0x09, 0x90, 0xD3, 0x82,
    0xA3, 0x26, 0x05, 0xBE, 0x51, 0x01, 0xA1, 0x29, 0x8C, 0x69, 0xC3, 0x4B, 0x37, 0x6B, 0x88, 0x7A,
    0xF3, 0xCB, 0x5A, 0x76, 0xCD, 0x86, 0xF4, 0x56, 0xFD, 0x12, 0x4E, 0x6F, 0x2F, 0xB2, 0x36, 0xD7,
    0xDF, 0xFF, 0xE3, 0x63, 0x9F, 0xEC, 0x7C, 0x7B, 0xBE, 0x02, 0xE3, 0x00, 0x13, 0xA9, 0xFB, 0x6F,
    0xAE, 0x85, 0xD6, 0xA5, 0x42, 0x8C, 0x67, 0xF9, 0x13, 0xFE, 0x1B, 0xAC, 0x4A, 0x72, 0xF1, 0x19,
    0xF8, 0x6A, 0xFA, 0x5E, 0x26, 0x13, 0xC1, 0xFD, 0xF6, 0x19, 0xCA, 0x30, 0x9E, 0x8C, 0x80, 0xAE,
    0xA7, 0x24, 0xA6, 0x4F, 0x81, 0x09, 0x11, 0xB2, 0x66, 0x9E, 0xA8, 0x6A, 0xE0, 0x66, 0xA7, 0x12,
    0x7A, 0x50, 0x58, 0x6F, 0xBA, 0xC7, 0xC3, 0xA1, 0x38, 0x00, 0x66, 0x37, 0xF6, 0x80, 0x3A, 0xD5,
    0xF8, 0xC5, 0xEF, 0xD3, 0x0B, 0xB0, 0xD7, 0x86, 0xE5, 0xA9, 0x59, 0xFE, 0xDD, 0x44, 0x24, 0xDC,
    0x7B, 0x00, 0xD1, 0x96, 0x05, 0x62, 0x7F, 0x38, 0xAE, 0xEE, 0xE2, 0x7B, 0xBA, 0x0E, 0x49, 0xA8,
    0xF5, 0xDD, 0x5F, 0xBF, 0xF3, 0x65, 0x8D, 0x1C, 0x7F, 0xF7, 0x72, 0x8D, 0x1C, 0x7F, 0x4F, 0xD5,
    0xC8, 0xF1, 0xB7, 0x54, 0x85, 0x1C, 0x1F, 0xEB, 0x0A, 0x55, 0xBD, 0x03, 0x6E, 0x1F, 0x35, 0x68,
    0x4D, 0xF7, 0xBE, 0xAE, 0xD1, 0xFC, 0x3E, 0xFD, 0xB4, 0x82, 0xFD, 0xF5, 0x87, 0xEC, 0x80, 0x7A,
    0x8F, 0xF6, 0x37, 0x07, 0x42, 0xDC, 0x67, 0xEB, 0xB0, 0x4C, 0x47, 0x71, 0x5E, 0x0E, 0x80, 0xF4,
    0x02, 0x1D, 0xDA, 0xD3, 0x81, 0x72, 0x2C, 0xBA, 0x95, 0x9E, 0x6E, 0x0C, 0x37, 0x03, 0x2E, 0xE9,
    0x37, 0x61, 0xA7, 0x40, 0x24, 0xD5, 0x2B, 0x44, 0x0D, 0x82, 0xE6, 0xFB, 0xB8, 0xD4, 0xE4, 0x50,
    0xA1, 0x5D, 0x25, 0xFB, 0x2C, 0x26, 0x2E, 0x43, 0xC3, 0xC2, 0x45, 0x6B, 0x5C, 0x0A, 0xF7, 0x3D,
    0x0D, 0x31, 0x0A, 0xA7, 0xDF, 0x62, 0x41, 0x71, 0x59, 0x8F, 0x8B, 0xD8, 0x51, 0xE3, 0x58, 0x16,
    0xF4, 0x07, 0xE1, 0x0A, 0x2E, 0xCB, 0xEC, 0x6E, 0x3F, 0x15, 0xDB, 0xE9, 0x2C, 0x1C, 0x42, 0x9A,
    0x2D, 0xF5, 0xDE, 0x1A, 0x82, 0x98, 0x9D, 0x94, 0xF1, 0xAE, 0x37, 0x23, 0x56, 0x07, 0xB8, 0xA4,
    0x8F, 0xA9, 0x3E, 0x1A, 0x52, 0x1D, 0x65, 0x87, 0x51, 0xCD, 0xB2, 0xF3, 0x50, 0xAA, 0x5F, 0x19,
    0x52, 0x9D, 0x4D, 0x47, 0x36, 0xC2, 0x0B, 0xCB, 0x4E, 0x4C, 0xF5, 0x59, 0xAC, 0x71, 0xAB, 0x98,
    0xEA, 0xA4, 0x6F, 0xA9, 0x2B, 0x6C, 0xD2, 0xC1, 0x8D, 0x3D, 0x53, 0xBD, 0x5D, 0x06, 0x99, 0xEE,
    0x8C, 0xEE, 0x85, 0x0B, 0xF9, 0x4C, 0x8F, 0x42, 0xAF, 0xF3, 0xC5, 0x22, 0xDD, 0x9C, 0xDD, 0x81,
    0xE7, 0xD3, 0xCE, 0xA0, 0xD0, 0xA1, 0xE8, 0x64, 0xAD, 0x0C, 0x83, 0x56, 0x2F, 0x9C, 0x1B, 0x98,
    0x0C, 0x96, 0x0C, 0x74, 0x65, 0x0A, 0x80, 0x1D, 0xC1, 0x13, 0x4E, 0x6D, 0xA2, 0x1D, 0x2A, 0x58,
    0x01, 0xA6, 0xD0, 0x3F, 0x33, 0xB0, 0x00, 0xD2, 0x1E, 0xFA, 0xC3, 0x08, 0xAA, 0x00, 0xF7, 0xA9,
    0x40, 0xF3, 0x96, 0x73, 0x17, 0x53, 0xDA, 0x51, 0xB4, 0xA5, 0xB0, 0x1E, 0x12, 0xE2, 0x61, 0x99,
    0x7E, 0xE1, 0xA3, 0x50, 0xC0, 0xF8, 0xB7, 0x2A, 0x55, 0x1F, 0xD2, 0xF0, 0xCF, 0xA6, 0x9E, 0x89,
    0xE5, 0x61, 0xF4, 0xCC, 0xC3, 0xE4, 0x59, 0x0D, 0x46, 0xF0, 0xC1, 0x29, 0x05, 0xD0, 0x5B, 0x74,
    0x43, 0xAF, 0x0B, 0x30, 0x32, 0x85, 0x55, 0x15, 0xEA, 0xF0, 0x59, 0xB1, 0x54, 0x12, 0x76, 0xF7,
    0x84, 0x02, 0x7C, 0x97, 0xC3, 0xDC, 0xF0, 0xB8, 0x32, 0x30, 0xA9, 0xCB, 0x75, 0x15, 0xAB, 0xB8,
    0xA6, 0x31, 0x61, 0xB3, 0x0D, 0x80, 0x03, 0x02, 0x1F, 0xD8, 0xA1, 0x53, 0xC9, 0xD0, 0xA4, 0x3A,
    0xAA, 0xB0, 0x61, 0x59, 0xDF, 0x81, 0x0A, 0x33, 0xCD, 0x0A, 0xB9, 0x00, 0xB8, 0x5E, 0x3A, 0x98,
    0x0C, 0x99, 0xAC, 0xF0, 0xAE, 0x67, 0xB9, 0x6C, 0x0F, 0x0E, 0xE4, 0xDB, 0xAE, 0x99, 0xA4, 0xBE,
    0x6F, 0x67, 0x59, 0xD5, 0x95, 0xBD, 0x7E, 0xB1, 0x75, 0x3D, 0xDA, 0xF6, 0x89, 0x6E, 0x32, 0x6A,
    0x92, 0x76, 0x86, 0x32, 0xDE, 0xB6, 0x80, 0xAF, 0x7C, 0xEA, 0xD3, 0xAF, 0x11, 0x61, 0xE9, 0x83,
    0x42, 0xD5, 0xE9, 0x5D, 0x36, 0x99, 0xDF, 0x03, 0x54, 0x4F, 0x6F, 0xB6, 0xF4, 0x25, 0x05, 0xD2,
    0x35, 0x65, 0xA1, 0xFF, 0xE3, 0x61, 0x8E, 0x5E, 0xAA, 0x05, 0x89, 0x5E, 0xA5, 0x47, 0x6F, 0x06,
    0x41, 0x5A, 0x3E, 0x2B, 0xFA, 0x3F, 0xF8, 0x7F, 0x96, 0xDA, 0xE4, 0xD7, 0xC1, 0xB3, 0x1A, 0x74,
    0x72, 0x42, 0x12, 0xD2, 0x91, 0x9E, 0x7A, 0x70, 0xA8, 0x49, 0x00, 0xAC, 0x36, 0x8E, 0x31, 0x36,
    0x95, 0x34, 0x82, 0x2C, 0x59, 0x01, 0xDD, 0x27, 0x65, 0x05, 0x02, 0x81, 0x75, 0xF0, 0x0B, 0xA1,
    0x32, 0xD2, 0x39, 0x98, 0x8B, 0xCA, 0x8C, 0xDA, 0x66, 0x82, 0x1F, 0x1E, 0xAD, 0x00, 0x25, 0x43,
    0xD2, 0xF6, 0x2C, 0xB4, 0x1D, 0xC2, 0x11, 0xD4, 0x54, 0x05, 0x6A, 0x3A, 0x02, 0xCB, 0x21, 0xEB,
    0x16, 0x7B, 0x93, 0xDA, 0xE0, 0x79, 0x79, 0xB7, 0x50, 0xFF, 0x12, 0xB2, 0x4A, 0x87, 0x3D, 0xC0,
    0x1A, 0xF5, 0x4F, 0x37, 0x3A, 0x40, 0x19, 0x54, 0x3F, 0xF2, 0xE8, 0xC1, 0x43, 0x3A, 0xF0, 0x48,
    0x60, 0x30, 0x70, 0x03, 0x8F, 0x11, 0x78, 0x80, 0x91, 0x25, 0x48, 0x07, 0x6E, 0xE0, 0x91, 0xD5,
    0x23, 0x30, 0xAA, 0x59, 0x17, 0xC9, 0x83, 0xCD, 0x0D, 0x90, 0x01, 0x8A, 0xAC, 0x86, 0x7A, 0xAA,
    0x06, 0x5F, 0xC5, 0xA1, 0x2A, 0x63, 0x7F, 0x44, 0x15, 0x6C, 0x45, 0x6C, 0x6C, 0x58, 0xF8, 0x0D,
    0xD1, 0xE4, 0x44, 0x4B, 0x14, 0x27, 0xC7, 0x38, 0x25, 0xC8, 0x82, 0x20, 0x73, 0xCA, 0x04, 0xF7,
    0x52, 0xA8, 0x5E, 0x20, 0x15, 0x10, 0x62, 0x41, 0x0A, 0xC8, 0x05, 0xEB, 0x95, 0x34, 0x88, 0xD8,
    0x9E, 0xF6, 0xA3, 0x68, 0x0D, 0xBE, 0x12, 0x47, 0x40, 0xCF, 0x9B, 0xAC, 0x26, 0x2A, 0xA0, 0x87,
    0xA4, 0x42, 0x01, 0x81, 0x35, 0x51, 0x41, 0xCE, 0x42, 0x68, 0xE9, 0x9C, 0xF3, 0xD9, 0x46, 0xE2,
    0x38, 0xC8, 0x02, 0x5D, 0x00, 0xF1, 0xC0, 0x8A, 0x2C, 0x19, 0xC0, 0x60, 0x46, 0x6C, 0x38, 0xA1,
    0x25, 0xCD, 0xBE, 0xCC, 0xA1, 0x4F, 0x23, 0x07, 0x92, 0x86, 0x5A, 0xE0, 0x82, 0xFB, 0x22, 0xF4,
    0x01, 0x31, 0x03, 0xD2, 0x0B, 0x67, 0xE9, 0x86, 0xAA, 0x7C, 0xA9, 0x11, 0x54, 0x9C, 0xEB, 0xC0,
    0x9B, 0x77, 0x3E, 0x06, 0xEE, 0xBD, 0xF3, 0xB5, 0x17, 0x53, 0x26, 0x0F, 0x3C, 0x65, 0xC6, 0xDB,
    0x16, 0xCE, 0xAE, 0x98, 0x89, 0x0E, 0x98, 0x33, 0xA4, 0x64, 0x68, 0x97, 0xA2, 0x22, 0x56, 0x44,
    0x3D, 0xE0, 0x93, 0xD6, 0xFB, 0x7F, 0x92, 0x53, 0x21, 0x0A, 0x50, 0x02, 0xFA, 0x51, 0xAB, 0xAA,
    0x83, 0x55, 0x8A, 0xE2, 0xD3, 0x4C, 0x14, 0xB0, 0x9D, 0xE9, 0x95, 0x2E, 0xCA, 0xDE, 0x8E, 0x51,
    0x83, 0xFB, 0xC9, 0xD8, 0xE4, 0x27, 0xBA, 0xD9, 0x84, 0x51, 0xDE, 0x9E, 0x01, 0xDE, 0x6F, 0xCE,
    0x22, 0xD8, 0xBF, 0xAE, 0xB7, 0xA6, 0x82, 0x3C, 0x33, 0xC0, 0x07, 0xB9, 0x9E, 0x0B, 0x33, 0x6D,
    0x25, 0xD9, 0x9A, 0x4D, 0x50, 0xC5, 0x0F, 0x04, 0xEB, 0x44, 0xC3, 0x83, 0xAD, 0x68, 0xB8, 0x12,
    0x58, 0xD1, 0x95, 0x38, 0x86, 0x42, 0x75, 0xDC, 0xAB, 0x65, 0x14, 0xB1, 0x21, 0xA6, 0x11, 0x7D,
    0xC4, 0xC7, 0xE5, 0x54, 0x4F, 0xC8, 0xA9, 0xFF, 0x6F, 0xE4, 0x1C, 0x26, 0xAB, 0xF6, 0xE1, 0xC9,
    0x4A, 0xC4, 0x3D, 0x3A, 0x59, 0x39, 0x3A, 0x7B, 0xC1, 0x77, 0xE6, 0x0F, 0x4F, 0x56, 0xC2, 0xC9,
    0x4A, 0xE2, 0x64, 0xD5, 0x4D, 0x0C, 0xA4, 0xDA, 0x7E, 0x64, 0xB2, 0x6A, 0x94, 0xA7, 0x86, 0xCB,
    0x5C, 0x1C, 0x27, 0x9B, 0x69, 0x7A, 0xC7, 0xCB, 0x3C, 0x7B, 0x11, 0x7D, 0x35, 0xC3, 0x0A, 0x64,
    0x45, 0x87, 0xF7, 0x49, 0xA8, 0xA4, 0x27, 0xE5, 0x0E, 0x00, 0x33, 0xE9, 0x62, 0xC4, 0x09, 0x89,
    0x15, 0x81, 0xB0, 0x24, 0x95, 0x50, 0xA0, 0x96, 0x87, 0x2E, 0xAB, 0x67, 0x16, 0x8B, 0xAF, 0x5D,
    0x63, 0x43, 0x35, 0x5F, 0xA4, 0xA1, 0x02, 0x8F, 0xB2, 0x82, 0x3A, 0xB6, 0x90, 0x65, 0x81, 0x5C,
    0x0F, 0x5E, 0xA1, 0x28, 0x36, 0xEC, 0xB6, 0x1E, 0x10, 0x2A, 0x54, 0xC3, 0x43, 0x61, 0x67, 0x1B,
    0xAA, 0x61, 0x16, 0x6A, 0x27, 0x29, 0x41, 0x7F, 0x92, 0x73, 0xF2, 0x86, 0x56, 0xD3, 0xB8, 0x1E,
    0x85, 0x56, 0x4C, 0xDC, 0x08, 0x87, 0x34, 0x91, 0xBB, 0xBD, 0xE3, 0x59, 0xDB, 0xB8, 0x02, 0xEB,
    0x84, 0x07, 0x22, 0xF5, 0xEF, 0x5B, 0x1D, 0x42, 0x63, 0xDF, 0x2F, 0x0B, 0xE6, 0x7E, 0xF9, 0xEF,
    0x38, 0xA1, 0x46, 0xB2, 0xEC, 0xF0, 0x70, 0x2D, 0xA4, 0x47, 0x72, 0xA4, 0x46, 0x3A, 0x72, 0x02,
    0x27, 0x9E, 0x91, 0x40, 0xFA, 0x1B, 0x18, 0xB9, 0x6A, 0x24, 0xBD, 0xD3, 0x80, 0x4E, 0x25, 0x60,
    0xF2, 0x64, 0xB7, 0x1C, 0x1A, 0x4C, 0xEC, 0x96, 0x3D, 0x20, 0xD9, 0x0C, 0x36, 0x61, 0xB5, 0xE2,
    0xD3, 0xA1, 0xC1, 0x10, 0xDC, 0x39, 0x76, 0x19, 0xF6, 0x45, 0xB7, 0x81, 0xE8, 0x33, 0x0D, 0xC6,
    0xF3, 0xB7, 0x8E, 0x1B, 0x0C, 0x20, 0x46, 0x1F, 0xFC, 0x32, 0x40, 0xDA, 0x10, 0xFC, 0x00, 0xC3,
    0xD8, 0x1B, 0x41, 0xC5, 0xC5, 0xE0, 0x7A, 0x58, 0x0C, 0xC2, 0xB8, 0x60, 0xA4, 0xAB, 0x13, 0x02,
    0x90, 0xE7, 0xD7, 0xBA, 0xC0, 0xD3, 0x5B, 0x05, 0xA2, 0x25, 0xD0, 0xA4, 0x25, 0x64, 0xA5, 0x2C,
    0x02, 0x70, 0x79, 0x94, 0x65, 0x21, 0x6E, 0x0D, 0x59, 0xE6, 0x5B, 0x90, 0x65, 0x7F, 0x4B, 0x20,
    0xDC, 0x1C, 0xC0, 0x49, 0x42, 0x0C, 0xE2, 0x9C, 0x2C, 0x1F, 0x1F, 0xE7, 0xD7, 0x50, 0x89, 0xEF,
    0xE5, 0x24, 0xD3, 0x02, 0x4E, 0xF6, 0xB1, 0xC9, 0xCC, 0x29, 0xD4, 0x01, 0x2C, 0x30, 0x04, 0xDD,
    0x10, 0x79, 0x9D, 0xE2, 0x38, 0x6F, 0xC3, 0x13, 0xE3, 0x7C, 0xA3, 0xFD, 0xC3, 0x7A, 0x0D, 0xCA,
    0x89, 0x3E, 0x86, 0x62, 0xA8, 0x4C, 0x96, 0x60, 0x59, 0xF2, 0x59, 0xFB, 0x6B, 0x75, 0xB4, 0xD3,
    0xD8, 0x2A, 0x6D, 0x1D, 0xC2, 0xF9, 0x47, 0x38, 0xA3, 0xE5, 0x60, 0x7B, 0x4A, 0x12, 0x4F, 0x0F,
    0xBA, 0x38, 0x9F, 0xAF, 0x05, 0xF1, 0x27, 0x1A, 0xA7, 0x01, 0xF5, 0x33, 0x0A, 0x11, 0xB6, 0x03,
    0x33, 0x6D, 0x84, 0x19, 0xC6, 0xE3, 0xA7, 0xB4, 0x7B, 0x0F, 0xFF, 0x7E, 0x8E, 0x20, 0x06, 0xED,
    0x24, 0xFC, 0x9C, 0xBB, 0x28, 0x0C, 0xD8, 0x2A, 0xFD, 0xB2, 0x86, 0x87, 0x5F, 0x1E, 0x76, 0x51,
    0xF6, 0xB8, 0xAF, 0x91, 0x61, 0x17, 0xC5, 0x71, 0x17, 0xA5, 0xFC, 0x6F, 0x76, 0x51, 0xA6, 0x8F,
    0xEE, 0xA2, 0xAC, 0x58, 0x5A, 0xE9, 0xFE, 0x9E, 0xF7, 0x43, 0xEF, 0x21, 0xB6, 0x33, 0x16, 0x9F,
    0x65, 0x6F, 0xFE, 0x16, 0x76, 0xEF, 0xCB, 0xCF, 0xDA, 0x5C, 0x3A, 0xFF, 0xDB, 0x7B, 0xE8, 0xBD,
    0x9F, 0x7D, 0x1C, 0xAA, 0x51, 0x1B, 0x6E, 0x70, 0x72, 0x5D, 0x86, 0x0E, 0xA8, 0x02, 0x8D, 0x46,
    0x6B, 0x65, 0xC0, 0x87, 0x7A, 0x0F, 0xD1, 0x43, 0x84, 0x18, 0x0E, 0xEC, 0x3D, 0xFD, 0xB0, 0x38,
    0x88, 0x0A, 0x0A, 0x83, 0x56, 0x85, 0x5F, 0x78, 0xF8, 0x33, 0x20, 0x2C, 0x18, 0x34, 0x3E, 0x09,
    0x08, 0x1A, 0x75, 0xAB, 0x7A, 0x4E, 0xA6, 0x20, 0x30, 0x82, 0x32, 0xB0, 0xC1, 0x1E, 0x9E, 0xFE,
    0x53, 0x60, 0xBB, 0x0D, 0xFF, 0x83, 0xA0, 0x51, 0x1E, 0x1F, 0xD6, 0x23, 0x6E, 0x2C, 0x1C, 0xAD,
    0xA0, 0x62, 0x33, 0x86, 0x86, 0xCD, 0x7E, 0xD9, 0x4B, 0x68, 0x1C, 0xA0, 0x3A, 0xD1, 0xC1, 0x27,
    0x49, 0xA7, 0x3E, 0x84, 0x72, 0x86, 0xE3, 0xC5, 0x98, 0x93, 0x45, 0x0B, 0xB8, 0xE7, 0x31, 0xA3,
    0x7D, 0x8E, 0x71, 0x2F, 0xBB, 0x05, 0xAE, 0xEA, 0x3F, 0xC1, 0x57, 0x77, 0x84, 0x26, 0x8E, 0xC3,
    0x5C, 0x6C, 0xD3, 0x98, 0x3C, 0x56, 0x84, 0xC3, 0x5E, 0x21, 0x38, 0x49, 0x17, 0x3B, 0x39, 0x35,
    0xAC, 0xAA, 0xD3, 0x0A, 0x2C, 0xB5, 0x42, 0x45, 0xA6, 0xD7, 0xC1, 0x34, 0x0B, 0x05, 0x6D, 0xBE,
    0x83, 0x8A, 0x2C, 0x1C, 0x92, 0x50, 0xB9, 0x59, 0x97, 0x8D, 0xE7, 0x98, 0xE4, 0x1A, 0x46, 0xEF,
    0x41, 0x0B, 0xFC, 0xAA, 0xE9, 0x50, 0x91, 0x3F, 0xF7, 0x33, 0x54, 0xE4, 0x5B, 0xD5, 0x04, 0xFE,
    0xBA, 0xCB, 0x76, 0xA5, 0x10, 0xF2, 0x9D, 0xE8, 0xF8, 0x69, 0x58, 0xA0, 0xD9, 0xF2, 0x1B, 0xE1,
    0x8E, 0x4F, 0x1C, 0x44, 0x34, 0x47, 0x12, 0x07, 0xCB, 0xC5, 0xAD, 0xC0, 0x67, 0x45, 0x40, 0x1F,
    0xFF, 0x61, 0xF6, 0x40, 0xF4, 0xBD, 0x62, 0x2A, 0x5B, 0x59, 0x31, 0x17, 0xAB, 0xF2, 0x95, 0xB8,
    0x10, 0x73, 0x1E, 0x69, 0x73, 0x4E, 0x3A, 0xE8, 0x92, 0x10, 0x10, 0xBA, 0x0B, 0x12, 0x75, 0xB7,
    0xCB, 0x9A, 0x95, 0x2C, 0x8F, 0x53, 0x1A, 0x47, 0x9C, 0x0E, 0x3C, 0xEE, 0x37, 0xEA, 0xE8, 0xF5,
    0x50, 0xA3, 0xC6, 0x94, 0xB9, 0x0A, 0x78, 0x8C, 0xFF, 0x95, 0xA8, 0x59, 0xE7, 0xA0, 0x02, 0xA8,
    0xC1, 0xAD, 0x30, 0x8F, 0xD9, 0xCB, 0x17, 0x72, 0x36, 0xCB, 0xE7, 0xF0, 0xA5, 0x80, 0xD1, 0x66,
    0x60, 0xB4, 0xC8, 0xB9, 0x42, 0x20, 0x8F, 0xC3, 0x3F, 0xC0, 0x43, 0x35, 0x9A, 0xC3, 0x6B, 0x7F,
    0x30, 0x9F, 0xF4, 0xED, 0xE9, 0x6B, 0x7D, 0xBB, 0xF0, 0x7D, 0x19, 0x8A, 0xCE, 0xAE, 0x93, 0x2E,
    0x81, 0xB5, 0x58, 0x8B, 0x9E, 0xCC, 0xAB, 0xAC, 0x8E, 0xD9, 0xAA, 0x87, 0xB3, 0x10, 0x31, 0x3C,
    0x73, 0x79, 0x46, 0x92, 0x1C, 0xD9, 0xC3, 0x32, 0x5F, 0x63, 0x9A, 0xFB, 0x08, 0x2E, 0xCD, 0x3E,
    0xF0, 0x56, 0xB2, 0xEB, 0x35, 0xAA, 0x75, 0xB8, 0xDC, 0x33, 0x38, 0x3D, 0x1C, 0xF2, 0xE8, 0x7E,
    0xC3, 0x39, 0x79, 0x4E, 0x54, 0x4F, 0x3D, 0x58, 0x1F, 0xA7, 0x06, 0x82, 0x8F, 0x35, 0x64, 0x9E,
    0xCC, 0x39, 0x53, 0xAD, 0x4B, 0x26, 0x31, 0x87, 0xAA, 0xD2, 0x0B, 0xE3, 0x7D, 0xE2, 0x5A, 0x99,
    0x61, 0x7F, 0xAB, 0x6B, 0xB6, 0xD3, 0xE6, 0xDB, 0x46, 0xD7, 0xE5, 0x37, 0xB0, 0x76, 0xE8, 0xE3,
    0xE6, 0xAB, 0x3D, 0xA2, 0x6B, 0x0A, 0xD4, 0x89, 0xDA, 0x60, 0x8C, 0x64, 0x87, 0x72, 0x4F, 0x23,
    0x3B, 0x43, 0x5D, 0x5C, 0x3C, 0x21, 0x4A, 0xEC, 0x10, 0x07, 0xB1, 0x54, 0xD8, 0x35, 0x60, 0xB1,
    0x03, 0xB8, 0xA6, 0x01, 0x0D, 0xA1, 0x3D, 0x0B, 0x28, 0x7B, 0x3E, 0x6D, 0x01, 0x89, 0x3C, 0x76,
    0x8C, 0x98, 0x7F, 0x96, 0x4D, 0xA9, 0x7C, 0x7F, 0xCD, 0x2C, 0x5C, 0xD0, 0x0D, 0x2E, 0x8E, 0xE6,
    0x24, 0x47, 0x98, 0x13, 0x56, 0x84, 0x7E, 0x80, 0xD8, 0x0D, 0x1E, 0x6D, 0x09, 0xE9, 0x00, 0x8F,
    0x56, 0xCD, 0xE4, 0x1C, 0x17, 0xE0, 0x30, 0x2C, 0xE2, 0xC3, 0xAB, 0xC6, 0x72, 0xAE, 0xDF, 0x5C,
    0x99, 0x21, 0xC9, 0x41, 0xF2, 0x3C, 0x89, 0xFD, 0x99, 0xF0, 0xA0, 0x9E, 0xF0, 0x8C, 0xCE, 0xF1,
    0x6B, 0xCD, 0x9F, 0xDF, 0x12, 0xFC, 0x3E, 0xC4, 0xBD, 0x2D, 0xBC, 0xB1, 0x60, 0x5D, 0xE0, 0xF2,
    0x1E, 0xC1, 0xFC, 0xD0, 0x4B, 0x34, 0x0D, 0x78, 0xFC, 0x8D, 0xC7, 0x6B, 0xDE, 0xE3, 0xB5, 0xAF,
    0xC8, 0x26, 0xE4, 0x96, 0x82, 0x92, 0x91, 0x44, 0x4E, 0x60, 0xF5, 0xC8, 0x6B, 0xEA, 0x15, 0xBC,
    0xF6, 0xAA, 0x02, 0xB7, 0x40, 0x6E, 0xE1, 0xC3, 0xA7, 0xE1, 0x76, 0xD2, 0x9B, 0x7E, 0x3C, 0xDB,
    0x9E, 0x31, 0x1E, 0xA5, 0x93, 0x16, 0xCA, 0xFF, 0x0A, 0xF1, 0x59, 0xD8, 0x5E, 0xE7, 0xDB, 0x68,
    0x99, 0xDB, 0xFB, 0x46, 0x5C, 0x67, 0x45, 0x21, 0x5F, 0xE5, 0x08, 0xAF, 0xB3, 0xC8, 0x59, 0x2F,
    0x93, 0x72, 0x33, 0xA3, 0x7E, 0x12, 0x21, 0x30, 0xAE, 0x99, 0x26, 0xB2, 0xF9, 0x47, 0x14, 0x9A,
    0x3E, 0xAE, 0xDF, 0xB2, 0x86, 0x5B, 0xA0, 0x9E, 0x55, 0xD0, 0xA7, 0xC3, 0x62, 0xA6, 0xC8, 0xB0,
    0x0C, 0x97, 0x8C, 0x69, 0xAC, 0x08, 0xFA, 0x93, 0xF3, 0x1B, 0x06, 0xC5, 0x32, 0x07, 0x58, 0x76,
    0x77, 0x53, 0x19, 0x82, 0xCD, 0x61, 0x08, 0x97, 0xC7, 0x0D, 0xC5, 0xA5, 0x38, 0xC1, 0x6B, 0xCB,
    0xD7, 0x2E, 0xF4, 0xD4, 0xC3, 0x03, 0x36, 0xB4, 0x94, 0xE0, 0xB0, 0x03, 0x8C, 0x1A, 0x6E, 0xF7,
    0xA4, 0x3E, 0xF3, 0x19, 0xF2, 0x40, 0xF3, 0x0F, 0xF4, 0x0C, 0x2C, 0xE7, 0xE0, 0xA1, 0x89, 0x9E,
    0xE9, 0xC5, 0xC2, 0xF5, 0xDA, 0xC3, 0xB9, 0x2B, 0x01, 0xB0, 0x25, 0x12, 0xBC, 0x40, 0xD6, 0xE3,
    0x45, 0xD1, 0xB0, 0xF0, 0x92, 0x08, 0x05, 0x9E, 0x9B, 0xE3, 0x45, 0x11, 0x9E, 0x83, 0x9C, 0xA6,
    0x4D, 0x75, 0xC8, 0x27, 0xDA, 0x64, 0xC5, 0x4C, 0x9B, 0xB4, 0x58, 0x2C, 0xCC, 0x85, 0x1C, 0xD4,
    0x59, 0xE4, 0xD3, 0x4E, 0x58, 0x94, 0x92, 0xE0, 0xAF, 0x41, 0xC7, 0xC6, 0x14, 0x65, 0xED, 0xF2,
    0x84, 0xED, 0x1B, 0xC9, 0x22, 0xC2, 0xD2, 0x25, 0xFA, 0x29, 0xF3, 0xE1, 0xD1, 0xA9, 0x29, 0x9E,
    0x43, 0xFB, 0xE5, 0x79, 0x5F, 0xD8, 0x6F, 0x71, 0x7A, 0x8C, 0x51, 0x8D, 0x64, 0x95, 0x97, 0xEC,
    0x4E, 0xEC, 0xC1, 0x42, 0x13, 0x95, 0xF8, 0x0E, 0xA7, 0x99, 0xDB, 0x41, 0x9C, 0x77, 0xB2, 0x84,
    0x33, 0x77, 0xC7, 0x4E, 0x2E, 0xED, 0xCE, 0xC5, 0x35, 0x9D, 0x98, 0xEB, 0xAC, 0x31, 0xDF, 0x91,
    0xA3, 0x83, 0x3C, 0xF6, 0x29, 0xE4, 0x39, 0xA2, 0xBE, 0x35, 0x17, 0x2C, 0x20, 0x87, 0xB3, 0xBE,
    0x2A, 0xE9, 0x37, 0x4D, 0xDC, 0x03, 0x2C, 0x73, 0x99, 0x48, 0x3F, 0x49, 0x7B, 0x4C, 0xEE, 0x13,
    0xDB, 0x4D, 0x16, 0xED, 0xF4, 0x5E, 0xE3, 0x6E, 0x34, 0xEE, 0xC7, 0xCD, 0x0F, 0xC0, 0x1B, 0xAC,
    0x55, 0x4D, 0xE6, 0x3A, 0x7E, 0x0A, 0x32, 0xB6, 0xF8, 0x80, 0x2B, 0x3F, 0xE4, 0xC9, 0x7E, 0x4E,
    0x66, 0xFC, 0x74, 0xE0, 0x46, 0x66, 0xE0, 0x95, 0xFA, 0x16, 0x9C, 0xC0, 0x08, 0x7C, 0xC8, 0x66,
    0xA7, 0x63, 0x19, 0xCA, 0xF5, 0xD1, 0xB2, 0xB2, 0x85, 0xAE, 0x1D, 0xFC, 0x3A, 0x8D, 0xAA, 0x7D,
    0x87, 0x7A, 0x4F, 0x6B, 0x6E, 0x9C, 0xDF, 0x55, 0x99, 0x9F, 0x49, 0x44, 0x0E, 0x15, 0x33, 0xB5,
    0x53, 0x9F, 0x76, 0x6B, 0x93, 0x5F, 0x59, 0x70, 0x18, 0x59, 0xB6, 0x32, 0x47, 0xA1, 0x3A, 0x38,
    0x5C, 0xC8, 0xAA, 0x43, 0xDB, 0xDE, 0x87, 0x09, 0x96, 0xBD, 0x74, 0xB6, 0x49, 0xDA, 0x44, 0x46,
    0x4F, 0x12, 0x3B, 0x96, 0xF3, 0x29, 0xC2, 0x42, 0x7E, 0x05, 0x81, 0xE2, 0x7B, 0xCF, 0x5D, 0xA8,
    0x32, 0xE8, 0xCC, 0xA2, 0xC7, 0x27, 0xDC, 0x0E, 0xDA, 0xBF, 0x76, 0xA7, 0x28, 0xC3, 0x8D, 0x62,
    0xA1, 0x83, 0xFC, 0x10, 0xC3, 0x37, 0x0F, 0xC3, 0x49, 0x89, 0x33, 0x92, 0xCC, 0x19, 0xFE, 0x9D,
    0xFC, 0x14, 0x8D, 0xB6, 0x3B, 0x75, 0x2A, 0x69, 0x4F, 0xFD, 0x79, 0xEA, 0x75, 0xCF, 0x35, 0xC6,
    0x52, 0xD2, 0xDF, 0x75, 0x5C, 0x3F, 0x8B, 0x63, 0x33, 0xFC, 0xC9, 0x5F, 0x24, 0xF9, 0x68, 0xBD,
    0xC9, 0x2A, 0x75, 0xF7, 0x96, 0x2A, 0xCC, 0x49, 0xF5, 0x6A, 0xEE, 0x6A, 0x7D, 0x41, 0x26, 0x57,
    0xF5, 0x44, 0x5E, 0xB8, 0x78, 0xB6, 0x95, 0xED, 0xAB, 0x4B, 0x24, 0x46, 0x15, 0x39, 0x50, 0x22,
    0x7E, 0xDE, 0xB8, 0x9F, 0x87, 0x50, 0xE0, 0x93, 0xD6, 0x88, 0x47, 0x7E, 0x44, 0xFE, 0x28, 0x86,
    0xD1, 0xA8, 0x17, 0x29, 0xE1, 0xEB, 0x4E, 0x64, 0x6B, 0x5F, 0x64, 0x7C, 0x1A, 0xE7, 0x58, 0x98,
    0x19, 0x9C, 0x75, 0x59, 0xF6, 0xED, 0x86, 0x25, 0xBF, 0xD5, 0x2C, 0xF7, 0x47, 0x0B, 0x81, 0xC5,
    0x8C, 0x17, 0xBE, 0xE0, 0x7A, 0x59, 0xFF, 0xB5, 0x34, 0x42, 0xF7, 0x07, 0xD1, 0x3F, 0x97, 0x89,
    0xF0, 0xE3, 0x3A, 0x51, 0x6D, 0x8C, 0x3D, 0x08, 0x0E, 0x41, 0xD6, 0x5C, 0x1E, 0x91, 0xB1, 0x7A,
    0x31, 0xBC, 0x54, 0x9F, 0xD2, 0x7F, 0x55, 0xFB, 0xD3, 0xA7, 0xE5, 0x6A, 0xB3, 0xFD, 0x82, 0x5C,
    0x6C, 0xB6, 0x2F, 0xCA, 0x45, 0xFF, 0xC2, 0x55, 0xB9, 0x5A, 0xBF, 0x70, 0x49, 0x7E, 0x53, 0x6D,
    0x4F, 0xB2, 0x77, 0xAA, 0xB1, 0x5A, 0xAB, 0xDC, 0x88, 0x9C, 0x85, 0xF1, 0x13, 0xC6, 0x0F, 0x49,
    0xA1, 0x9F, 0xE1, 0x78, 0x0E, 0xA7, 0x0A, 0xB8, 0x8D, 0x13, 0x5C, 0x6E, 0x3C, 0x47, 0xE8, 0xD6,
    0x16, 0x22, 0xBD, 0xA3, 0xAD, 0xE7, 0x03, 0xF4, 0x2B, 0xC2, 0x9C, 0x49, 0x89, 0x07, 0x59, 0x63,
    0x2B, 0xB1, 0x95, 0x3E, 0x3A, 0x1F, 0x48, 0xAF, 0x1B, 0xB6, 0x4E, 0x22, 0xBD, 0xB5, 0x90, 0x5E,
    0x45, 0x7A, 0x0D, 0xE9, 0x75, 0xB6, 0x28, 0x41, 0x6F, 0x14, 0xAA, 0x83, 0x79, 0xF6, 0x76, 0x3D,
    0x5F, 0xA9, 0x97, 0x08, 0x97, 0xAB, 0xF9, 0x01, 0xD2, 0x78, 0xB5, 0xC4, 0x0C, 0xD2, 0xB9, 0xDB,
    0x07, 0x49, 0xAB, 0x43, 0x9B, 0x72, 0x82, 0x64, 0x70, 0x88, 0x1B, 0x36, 0x12, 0x6A, 0xA2, 0x26,
    0x4A, 0xF6, 0xC8, 0x96, 0xC3, 0x33, 0x72, 0x0E, 0x58, 0xDE, 0xEC, 0x45, 0xBF, 0x13, 0xEE, 0x6E,
    0xC4, 0xBC, 0xE2, 0xD7, 0x4E, 0xCC, 0xAB, 0xC5, 0x35, 0x23, 0xD6, 0x74, 0x17, 0x8D, 0x38, 0x58,
    0x1B, 0x78, 0x56, 0x8B, 0x95, 0xE9, 0x99, 0x53, 0xC0, 0xB9, 0xE9, 0x19, 0x23, 0x99, 0xE7, 0xE0,
    0x4C, 0x95, 0x58, 0xAC, 0xB2, 0x46, 0xF4, 0xD1, 0x6B, 0x25, 0xAB, 0x4A, 0x60, 0xFD, 0xFA, 0xCB,
    0x80, 0xE8, 0xE3, 0xD0, 0x91, 0x73, 0x09, 0x87, 0x37, 0x46, 0x61, 0xBD, 0x0C, 0xF0, 0x9E, 0x6D,
    0x1D, 0x38, 0xEA, 0xDA, 0xE4, 0x5C, 0x8E, 0x99, 0x9C, 0xDF, 0xAC, 0x2C, 0x20, 0xA9, 0xE5, 0x52,
    0x05, 0xDF, 0x0F, 0x5B, 0x93, 0x4F, 0xA5, 0xEC, 0x0D, 0x7C, 0xB7, 0xDE, 0x02, 0x3F, 0xD9, 0x3F,
    0xE5, 0xB8, 0xFF, 0x77, 0x66, 0x0A, 0x74, 0xFD, 0x04, 0x1C, 0x95, 0x9F, 0x33, 0xE7, 0x86, 0xB2,
    0x3E, 0x44, 0x7C, 0x4C, 0xCA, 0x98, 0x87, 0xD4, 0xB2, 0x01, 0x9C, 0x78, 0x3D, 0x54, 0x1C, 0x0C,
    0xD9, 0x0D, 0x24, 0xD0, 0x73, 0x02, 0xB3, 0x0A, 0xD5, 0xF7, 0x91, 0x40, 0x41, 0x67, 0x89, 0x93,
    0xC0, 0xEF, 0xF3, 0x51, 0xDD, 0x90, 0x4E, 0x5A, 0x79, 0xE1, 0xE5, 0xA3, 0x9A, 0x97, 0x51, 0xC8,
    0xF9, 0x4C, 0x4A, 0x5E, 0x60, 0x20, 0xBA, 0xDE, 0xDE, 0x7E, 0x33, 0xB4, 0x74, 0x56, 0xA0, 0xBB,
    0x92, 0xF2, 0xB6, 0xEC, 0xCA, 0x23, 0x07, 0x25, 0x43, 0x66, 0x51, 0x32, 0x1D, 0x28, 0x99, 0x98,
    0x0B, 0x2F, 0x52, 0xB2, 0x33, 0x19, 0x25, 0x13, 0xB3, 0x53, 0x56, 0x28, 0xF7, 0x51, 0xB2, 0xF2,
    0x7F, 0x25, 0xD9, 0xC1, 0x53, 0x4B, 0xE6, 0x08, 0x96, 0x60, 0xF2, 0x01, 0x74, 0x84, 0xE7, 0x00,
    0xAF, 0x84, 0x4E, 0x34, 0x43, 0x59, 0x6F, 0xC4, 0xD6, 0xA6, 0x86, 0x63, 0xCD, 0xB0, 0xF7, 0xD2,
    0x09, 0x01, 0x09, 0x98, 0x74, 0x66, 0xCD, 0xA5, 0xE3, 0x96, 0xA4, 0xCD, 0xF6, 0x29, 0x04, 0x16,
    0x12, 0x74, 0x59, 0xB8, 0x8E, 0x6D, 0x3A, 0x84, 0x06, 0x1C, 0x29, 0xC5, 0x71, 0x9C, 0x31, 0x0C,
    0x79, 0x98, 0x3F, 0xE4, 0xB1, 0x09, 0xF5, 0x2C, 0x39, 0x74, 0x87, 0xCF, 0x43, 0x35, 0x93, 0xEC,
    0xFE, 0x83, 0x5F, 0xFA, 0x15, 0xA2, 0x62, 0x91, 0x7A, 0x6E, 0xA0, 0x4E, 0xD2, 0xA6, 0x13, 0x27,
    0x33, 0xD4, 0x71, 0x59, 0xE0, 0xF2, 0x59, 0x03, 0x6D, 0xF7, 0xB3, 0x8F, 0xBD, 0x1C, 0x7E, 0x21,
    0xEA, 0x26, 0x6A, 0xFA, 0x5A, 0xF4, 0x7B, 0x15, 0x42, 0x45, 0x8C, 0x15, 0xC4, 0x0A, 0xA7, 0x6C,
    0x04, 0x0B, 0xC2, 0x8E, 0xA9, 0xCF, 0x5A, 0x42, 0x7B, 0xFE, 0x48, 0xE2, 0x91, 0xFA, 0x01, 0x87,
    0x5C, 0xD0, 0x15, 0xD1, 0x14, 0xC4, 0x52, 0xE8, 0x8F, 0x5E, 0xB8, 0xEA, 0xF4, 0x32, 0xDA, 0xBC,
    0xF6, 0x9A, 0x88, 0xF2, 0xC7, 0xCF, 0x1D, 0x9E, 0x7B, 0x4A, 0x6E, 0x7B, 0x99, 0x89, 0x8C, 0x27,
    0x70, 0x40, 0x75, 0xE9, 0x8C, 0xAC, 0x74, 0x7D, 0x09, 0xF7, 0xCB, 0x66, 0xDA, 0xCB, 0xE1, 0x51,
    0x67, 0x3B, 0x59, 0xFA, 0xF2, 0xE5, 0x46, 0x5C, 0x65, 0xE1, 0x56, 0x03, 0x4A, 0x12, 0x8F, 0xDD,
    0x27, 0x70, 0x9F, 0x20, 0xD7, 0x04, 0x73, 0xBD, 0x34, 0xB2, 0x5C, 0x9B, 0xAA, 0xE1, 0x4A, 0xE2,
    0x73, 0xAF, 0x5A, 0xD3, 0x95, 0x95, 0x29, 0x46, 0xAD, 0x25, 0xDF, 0x56, 0xC8, 0xB7, 0x1B, 0xFA,
    0xDC, 0x2C, 0xDE, 0x98, 0xDA, 0xE1, 0x66, 0xD9, 0xDA, 0x5C, 0x16, 0x57, 0xB7, 0xA1, 0x8A, 0xF3,
    0xDB, 0xC8, 0x45, 0x73, 0xBF, 0x4D, 0x3B, 0xE1, 0xC2, 0x14, 0xDE, 0x42, 0x68, 0xFC, 0x44, 0xB8,
    0xA4, 0xB0, 0x9E, 0x43, 0x9C, 0x6B, 0xB9, 0xAC, 0xF8, 0xE7, 0x0E, 0x0B, 0x8B, 0xCD, 0x57, 0x2D,
    0x96, 0x16, 0xE1, 0x7A, 0x5B, 0xA2, 0x18, 0x8F, 0x1A, 0x2E, 0x2F, 0xD2, 0x86, 0x0B, 0x8C, 0xB4,
    0x61, 0xEF, 0xA1, 0x95, 0xD2, 0x26, 0xAB, 0x89, 0xAA, 0x02, 0x7A, 0x62, 0xE6, 0x35, 0xB1, 0xA6,
    0x53, 0x55, 0x45, 0x64, 0x1E, 0x13, 0xAD, 0x00, 0x0B, 0x07, 0x34, 0x11, 0xF3, 0x29, 0x00, 0x82,
    0xF3, 0x08, 0xD1, 0x04, 0xE9, 0xD1, 0x4E, 0x0C, 0xF1, 0x9A, 0xB4, 0xF8, 0x9B, 0xEC, 0x7A, 0x4B,
    0xCB, 0x8E, 0xEE, 0xDC, 0x68, 0xC7, 0x67, 0x64, 0xA2, 0xC3, 0x8D, 0xEE, 0x00, 0xFE, 0xDE, 0xB2,
    0x97, 0xD7, 0x9B, 0x52, 0x66, 0xA7, 0xCD, 0x2B, 0xE5, 0x87, 0x77, 0xFA, 0xD5, 0x69, 0xA7, 0x97,
    0xEF, 0x5D, 0xFF, 0x87, 0x95, 0xEE, 0x8D, 0x55, 0xB9, 0xCC, 0x4E, 0xFA, 0xC9, 0x56, 0xEC, 0xC4,
    0x7D, 0xF4, 0x0C, 0xD4, 0x26, 0xDD, 0xDB, 0x4C, 0x2A, 0xC8, 0x17, 0xF9, 0x71, 0xBA, 0x21, 0xCA,
    0x7F, 0x01, 0xD5, 0xD9, 0x01, 0x84, 0x25, 0x79, 0x7E, 0x07, 0xF0, 0x4F, 0x55, 0xDD, 0x4D, 0xDD,
    0x5E, 0xD9, 0xA9, 0xC1, 0xE0, 0x2E, 0x9B, 0x9B, 0x82, 0x60, 0x71, 0xDB, 0x05, 0x87, 0xC5, 0x4C,
    0x57, 0x25, 0x27, 0xB7, 0x88, 0x24, 0x0B, 0x00, 0x21, 0x08, 0x12, 0xB0, 0x07, 0x98, 0xC8, 0xEB,
    0x7E, 0x95, 0x1C, 0x82, 0x45, 0x26, 0x00, 0x40, 0x00, 0x24, 0xB0, 0x58, 0x72, 0xE8, 0xE9, 0x57,
    0xB7, 0x41, 0x00, 0xA9, 0x5C, 0x24, 0x0B, 0x50, 0x17, 0x1B, 0x01, 0xA4, 0xDC, 0xD5, 0xB9, 0xB7,
    0xEE, 0xBD, 0xAE, 0xBC, 0x57, 0x7F, 0xFA, 0x19, 0x73, 0xD7, 0x0E, 0xBA, 0x5F, 0x0F, 0x3F, 0xDF,
    0x06, 0xFA, 0xFD, 0x7C, 0xDE, 0xEF, 0xD5, 0xFF, 0x57, 0x55, 0xD8, 0x20, 0xDE, 0x20, 0xD9, 0x22,
    0xBB, 0x42, 0x7E, 0x89, 0xAA, 0xC2, 0x79, 0x89, 0x4D, 0x41, 0xB4, 0x2E, 0x6A, 0xC9, 0x90, 0x37,
    0xD2, 0x7E, 0x17, 0x79, 0x9B, 0xB7, 0x8A, 0x26, 0x6B, 0x55, 0x76, 0x71, 0x2E, 0xED, 0x5C, 0xFD,
    0xE3, 0x3F, 0xF5, 0xF1, 0x34, 0x4D, 0x7D, 0xB2, 0x8B, 0x21, 0x1B, 0x24, 0x43, 0xDE, 0x89, 0x87,
    0xB2, 0x15, 0x8F, 0x55, 0x2D, 0x5A, 0xAF, 0xEC, 0x02, 0x00, 0x20, 0x1A, 0x90, 0x8C, 0x88, 0x7B,
    0x3C, 0xB8, 0x4A, 0x3A, 0xD5, 0xF4, 0x1F, 0x6D, 0x74, 0xF5, 0xBD, 0x5F, 0xB6, 0xC9, 0x68, 0xD9,
    0x66, 0xBD, 0xB2, 0xC9, 0xDB, 0x5D, 0x14, 0x8D, 0xB2, 0x2E, 0x29, 0x55, 0x54, 0xD7, 0x71, 0xAA,
    0xE2, 0x5C, 0xC5, 0x56, 0xD1, 0x24, 0x1B, 0xF9, 0x17, 0x1F, 0x5D, 0x48, 0xA6, 0xCD, 0x86, 0xD5,
    0x8B, 0x35, 0x00, 0xE4, 0x35, 0xCA, 0x06, 0x05, 0x00, 0xAA, 0x16, 0xD3, 0x40, 0xF4, 0xEF, 0x03,
    0x0C, 0x48, 0x3A, 0x14, 0x35, 0x9E, 0x01, 0xE0, 0x28, 0x60, 0x45, 0x87, 0xD5, 0x80, 0x9F, 0x8F,
    0xA8, 0xC7, 0xC0, 0x46, 0xD6, 0xA2, 0x80, 0x6F, 0x80, 0xDB, 0xF4, 0x7B, 0x21, 0xA0, 0x20, 0x6B,
    0x50, 0xE6, 0xB0, 0x6A, 0x10, 0xFF, 0xA2, 0x45, 0xFA, 0x59, 0x3F, 0x8B, 0x8D, 0xBC, 0x06, 0x16,
    0xC4, 0x02, 0x59, 0x30, 0x0B, 0x68, 0x41, 0x2D, 0xB0, 0x05, 0xB7, 0x00, 0x17, 0xE4, 0x02, 0x5D,
    0xB0, 0x0B, 0x78, 0x41, 0x2F, 0xF0, 0xCD, 0x7E, 0x66, 0x40, 0xB3, 0xA0, 0x99, 0xD0, 0x6C, 0x68,
    0x46, 0x34, 0x2B, 0x0A, 0x8C, 0x30, 0x20, 0xEE, 0x90, 0x36, 0x14, 0x7F, 0x80, 0x65, 0x4B, 0xF4,
    0xD3, 0x9E, 0xB4, 0x1D, 0xF9, 0xBA, 0x3F, 0xBB, 0x65, 0xC7, 0x13, 0x90, 0xC3, 0x93, 0xAC, 0xC6,
    0xB2, 0x46, 0xF4, 0x8A, 0xE0, 0x70, 0x7F, 0x05, 0x73, 0xC8, 0x6A, 0x24, 0x0D, 0x45, 0x8D, 0xBF,
    0x6A, 0x89, 0x7F, 0xD2, 0x93, 0xB5, 0x23, 0x5F, 0xF5, 0xF8, 0x96, 0x05, 0xD3, 0x01, 0xBE, 0xF5,
    0x1C, 0xBC, 0x0F, 0xD1, 0x80, 0x27, 0x49, 0x83, 0xE5, 0xEF, 0x1E, 0x34, 0x7F, 0xDC, 0x23, 0xBF,
    0xCF, 0x9A, 0xE9, 0x88, 0x87, 0x4F, 0xE1, 0xDB, 0xF0, 0x1C, 0x51, 0x4F, 0xF1, 0xDD, 0xE6, 0xCE,
    0x27, 0xF3, 0x22, 0x23, 0x9E, 0xFE, 0x90, 0xE4, 0x83, 0x11, 0xE0, 0xB7, 0x60, 0x59, 0x13, 0xFD,
    0xB2, 0x25, 0xD9, 0x83, 0x06, 0xCF, 0x63, 0x5E, 0x0D, 0xFF, 0x22, 0x21, 0x9A, 0x3E, 0x26, 0xF9,
    0x9B, 0x0D, 0x00, 0x28, 0x6A, 0x77, 0xAE, 0x56, 0xC2, 0xAA, 0x09, 0xD7, 0xC0, 0xF0, 0x03, 0x2E,
    0x8C, 0x00, 0xDC, 0xBF, 0x03, 0xF6, 0x08, 0x4C, 0x37, 0x1C, 0xBF, 0xA1, 0xB9, 0x0E, 0x59, 0x83,
    0x1C, 0x6F, 0xF9, 0x1A, 0x0F, 0x3D, 0x25, 0xAF, 0x7F, 0x48, 0x36, 0x9F, 0xCB, 0xAB, 0xFA, 0xD8,
    0xA6, 0x7F, 0x7A, 0xDD, 0x6D, 0x8B, 0xAC, 0x06, 0xE4, 0x1E, 0x92, 0x37, 0x67, 0xA4, 0xD3, 0x1A,
    0xAB, 0x17, 0xE0, 0x96, 0x7F, 0xAB, 0xF0, 0x14, 0x9E, 0xC1, 0x13, 0x7C, 0xD5, 0x57, 0x08, 0x6A,
    0x7F, 0xBF, 0x26, 0xA8, 0x4D, 0xCD, 0x91, 0xD5, 0x5E, 0xED, 0x51, 0x0E, 0x90, 0x7B, 0xC2, 0x41,
    0x2D, 0x9A, 0xBA, 0x3B, 0x50, 0x2B, 0x3A, 0x7C, 0xE7, 0xB0, 0xE0, 0x35, 0x78, 0x88, 0xB7, 0x7C,
    0xE3, 0x1E, 0xD2, 0x65, 0x3D, 0xDE, 0xFD, 0x14, 0xBE, 0x8F, 0xA8, 0x47, 0x5A, 0xE3, 0xEB, 0xC7,
    0xF2, 0x03, 0x9B, 0x8C, 0x64, 0x7A, 0x9B, 0xF4, 0x6F, 0xD7, 0x70, 0x6F, 0x47, 0xEF, 0x65, 0x4A,
    0x34, 0xFD, 0x31, 0xC9, 0x7F, 0x6D, 0xE0, 0x98, 0xA3, 0x17, 0x2E, 0x69, 0xAF, 0x09, 0xDD, 0xDF,
    0x63, 0xE2, 0x08, 0x4C, 0x37, 0x1C, 0x13, 0xF3, 0x32, 0x35, 0xC7, 0x46, 0x68, 0x3D, 0x44, 0x3C,
    0x22, 0x99, 0x63, 0x08, 0x41, 0x3A, 0x20, 0x9B, 0xA6, 0xED, 0x3E, 0x36, 0xF2, 0x96, 0x10, 0xC5,
    0x1C, 0x0D, 0xCA, 0x1A, 0xD5, 0x1C, 0x42, 0xB0, 0x84, 0xD5, 0x34, 0xAD, 0xF7, 0x31, 0x02, 0x00,
    0x28, 0xA0, 0xAA, 0x71, 0x02, 0xF1, 0xD4, 0x50, 0xEE, 0x5D, 0xA6, 0xDF, 0xDF, 0x4A, 0x46, 0x95,
    0xAC, 0x57, 0xC8, 0x5B, 0x45, 0x5D, 0xD4, 0xBB, 0x28, 0x77, 0xED, 0xAA, 0xE6, 0xC0, 0xAB, 0xF1,
    0x48, 0xD1, 0x46, 0x83, 0x7C, 0x7C, 0x67, 0x90, 0x4C, 0x53, 0xC3, 0x47, 0xEB, 0x9B, 0x3E, 0x0D,
    0x48, 0x37, 0x28, 0x26, 0xBC, 0x57, 0xC0, 0x1C, 0x8B, 0x57, 0x0E, 0x25, 0x70, 0x2C, 0xB0, 0xAC,
    0xC7, 0x72, 0x8D, 0xF1, 0x02, 0x8F, 0x9E, 0xC3, 0x88, 0xB4, 0x43, 0x0E, 0x6F, 0xC1, 0xED, 0xF9,
    0x9D, 0x27, 0x2D, 0xD3, 0xE7, 0x8D, 0xF8, 0xF3, 0x89, 0xA4, 0x7D, 0x79, 0x6C, 0x12, 0x88, 0xB7,
    0x0F, 0xC9, 0xA6, 0x2D, 0x79, 0x36, 0xC2, 0xED, 0x1A, 0xF0, 0x4D, 0x78, 0x0A, 0x9F, 0x92, 0x0C,
    0x3D, 0xD9, 0x88, 0x72, 0x81, 0x8B, 0x13, 0xA2, 0x21, 0x3F, 0xBE, 0xCB, 0xFA, 0x30, 0xB7, 0xE4,
    0xFF, 0x5A, 0x53, 0x75, 0xF8, 0x72, 0x20, 0xE9, 0x7F, 0xC8, 0x83, 0xFA, 0xDD, 0xDB, 0x65, 0x8A,
    0x7B, 0x18, 0x88, 0xFB, 0x4F, 0x82, 0x90, 0x62, 0x81, 0xC5, 0x3D, 0x11, 0xCA, 0x6B, 0xA4, 0x2D,
    0x41, 0xA8, 0xC5, 0x69, 0x87, 0x61, 0x20, 0xE9, 0x16, 0xE1, 0x3E, 0xFB, 0x56, 0x85, 0x5C, 0x42,
    0xF4, 0x79, 0x03, 0xC9, 0x9C, 0x4F, 0x66, 0xB8, 0xE7, 0xC8, 0xC6, 0x47, 0x41, 0x0C, 0x8B, 0x53,
    0x44, 0x63, 0x8E, 0xD7, 0xD8, 0x42, 0xDA, 0x98, 0xD1, 0x0E, 0x39, 0xDB, 0x49, 0x42, 0x0E, 0x87,
    0x9C, 0xFD, 0x02, 0x60, 0x10, 0x94, 0xB7, 0x84, 0xA4, 0x08, 0xD9, 0x08, 0x8C, 0xA8, 0x42, 0x3A,
    0xE4, 0xD2, 0xB5, 0xE5, 0x35, 0xA6, 0x78, 0x8D, 0xEC, 0x4F, 0xE0, 0x6D, 0x78, 0x0A, 0x03, 0xF9,
    0x67, 0xED, 0x5D, 0x4F, 0x5E, 0xD6, 0xFC, 0x03, 0xD5, 0xD0, 0xF1, 0xFD, 0x65, 0x0D, 0x88, 0x5E,
    0x20, 0x1D, 0x51, 0x5C, 0xE0, 0xEC, 0x19, 0xD1, 0x58, 0x1C, 0x7B, 0x06, 0xDF, 0x8B, 0x1B, 0xA6,
    0x7F, 0x21, 0xFA, 0xD1, 0x16, 0x00, 0xE4, 0xAD, 0xBB, 0x56, 0x4B, 0x06, 0xF7, 0xF1, 0x3A, 0x76,
    0xC3, 0xA9, 0x7D, 0x04, 0xA6, 0x1B, 0x7A, 0x21, 0x1F, 0x54, 0x1B, 0x9F, 0x2E, 0x58, 0x30, 0x4A,
    0x3B, 0x39, 0x40, 0xC5, 0x92, 0x73, 0x5E, 0xB2, 0x09, 0xB5, 0xB7, 0x8B, 0x77, 0x35, 0x4A, 0x86,
    0x7D, 0xA5, 0xBB, 0xEA, 0x65, 0x9D, 0x7C, 0x57, 0xAD, 0x79, 0xE9, 0x54, 0xEE, 0xAA, 0x56, 0x51,
    0x01, 0xAB, 0x3A, 0x99, 0xDA, 0xF4, 0x07, 0xAD, 0xA4, 0x95, 0xD7, 0x9E, 0x31, 0xC2, 0xAC, 0x3E,
    0x57, 0x2F, 0xED, 0x64, 0xBB, 0x6A, 0xE5, 0xA1, 0x1A, 0x45, 0xAD, 0xDC, 0x15, 0x15, 0x15, 0xA7,
    0x9C, 0xF1, 0x32, 0xF0, 0x15, 0xBB, 0x3A, 0x7C, 0x86, 0x8A, 0x73, 0x2E, 0x0F, 0x7D, 0x46, 0xBB,
    0x0A, 0x4D, 0x86, 0x3E, 0x43, 0x93, 0xA1, 0xCF, 0x36, 0xF8, 0x03, 0x8A, 0x59, 0xE3, 0x04, 0x25,
    0xCB, 0xDA, 0xAA, 0x76, 0x0A, 0xB0, 0x61, 0x2D, 0xDA, 0xD5, 0x28, 0x1E, 0x7E, 0xA3, 0x56, 0x01,
    0x9C, 0x71, 0xC5, 0x05, 0x94, 0x57, 0x48, 0xA6, 0xA9, 0xA7, 0x18, 0xDF, 0x59, 0xEF, 0x35, 0x6C,
    0x45, 0x1B, 0x96, 0x92, 0x91, 0xAA, 0xCE, 0x7A, 0x61, 0x43, 0x56, 0x34, 0x65, 0x43, 0xD1, 0x56,
    0x28, 0x9A, 0x90, 0x4B, 0x94, 0xCD, 0x39, 0xAA, 0xFA, 0x12, 0x95, 0x7D, 0x2E, 0xE7, 0xDC, 0x5A,
    0x12, 0x6D, 0x54, 0xE6, 0x49, 0x69, 0xE4, 0xBD, 0xBC, 0x53, 0xB5, 0xD2, 0x2F, 0x1F, 0x5C, 0x11,
    0x85, 0x71, 0x2C, 0xAE, 0x6A, 0x00, 0x40, 0xDA, 0x41, 0xDE, 0x43, 0xD6, 0xCE, 0x39, 0xD5, 0xAC,
    0xA6, 0x51, 0x72, 0xF5, 0xBD, 0x8D, 0xBC, 0xB7, 0x54, 0xB6, 0x4A, 0x15, 0x45, 0x7D, 0x4E, 0xD1,
    0xBC, 0xDC, 0xC7, 0x86, 0xA2, 0xDE, 0x50, 0xEE, 0xA3, 0xB2, 0xE1, 0x32, 0xA8, 0x2F, 0xA5, 0xA3,
    0xB2, 0xFB, 0xA8, 0x93, 0x4D, 0xF3, 0xBF, 0xFA, 0x02, 0x00, 0x3C, 0x83, 0x15, 0x2C, 0x00, 0x60,
    0x65, 0xC6, 0x69, 0xB1, 0x9F, 0x0F, 0xA2, 0xA4, 0x85, 0x74, 0xCE, 0x02, 0x2C, 0xC0, 0x08, 0x3E,
    0x04, 0xEE, 0x97, 0x6B, 0x79, 0xFD, 0x92, 0xE8, 0x7F, 0x06, 0xD4, 0xC3, 0xF5, 0xAD, 0x52, 0x83,
    0x13, 0x78, 0x17, 0x6E, 0x93, 0x39, 0x80, 0xE5, 0xE0, 0x3D, 0xB8, 0x78, 0x8C, 0x78, 0x82, 0xEC,
    0xEF, 0x6A, 0x94, 0xB3, 0xEC, 0xEF, 0x44, 0x2F, 0xC0, 0xFD, 0x73, 0x7C, 0xF5, 0x29, 0x5A, 0x43,
    0xF9, 0x10, 0xAB, 0x96, 0xF8, 0x67, 0x1D, 0xD9, 0x8F, 0x86, 0xF0, 0x38, 0xF2, 0x76, 0x1D, 0x17,
    0xE0, 0x29, 0x2C, 0xBE, 0x05, 0x5B, 0x48, 0xFE, 0xEF, 0xE0, 0x58, 0xCC, 0xD4, 0xCF, 0x92, 0xEE,
    0xFE, 0x3A, 0x16, 0x90, 0x43, 0x5A, 0x53, 0xC2, 0x3F, 0xB7, 0xC4, 0x3F, 0xEE, 0xC9, 0x9A, 0x81,
    0xAF, 0x7A, 0x74, 0xCB, 0x8E, 0x45, 0x0B, 0xDF, 0x19, 0xC0, 0x9C, 0x49, 0x8B, 0x3F, 0xCF, 0x61,
    0xFB, 0xB5, 0x6B, 0xD3, 0xFC, 0xE3, 0x06, 0xA7, 0x49, 0x8B, 0xC7, 0xD1, 0x87, 0xF7, 0x51, 0x33,
    0x1D, 0xF0, 0xF6, 0x82, 0xC3, 0xDD, 0x93, 0xB8, 0xA3, 0x4C, 0x9A, 0xBB, 0x9E, 0xCF, 0xA8, 0xFF,
    0x6D, 0x64, 0xDB, 0xF7, 0xF1, 0x76, 0xD1, 0x03, 0xF0, 0x18, 0x6C, 0x21, 0x9E, 0x20, 0xFD, 0xB7,
    0x1A, 0xC5, 0x07, 0x87, 0x59, 0x7D, 0xA4, 0xBE, 0x87, 0xBA, 0xCF, 0x53, 0xA2, 0xE9, 0x8F, 0x48,
    0xAE, 0x9F, 0x1A, 0x02, 0x25, 0x77, 0xAD, 0xEB, 0xE2, 0xE0, 0x97, 0xCD, 0x7E, 0x65, 0x7A, 0xEF,
    0xAF, 0x99, 0x37, 0x9D, 0xE9, 0x47, 0x40, 0xBC, 0xE1, 0xC4, 0x0F, 0x8A, 0x92, 0x1E, 0xE4, 0x0D,
    0x28, 0x81, 0x05, 0x08, 0xAD, 0xBD, 0x6E, 0x9D, 0xF4, 0x33, 0x76, 0xD2, 0xCD, 0xDA, 0x69, 0xBB,
    0xE7, 0xBE, 0xCA, 0x9A, 0xD9, 0xBB, 0x08, 0xE0, 0x17, 0x66, 0xF1, 0xDE, 0x4C, 0xDE, 0x0A, 0xE6,
    0x02, 0xB7, 0xF0, 0x47, 0x60, 0x17, 0xDC, 0x05, 0x78, 0x41, 0x5E, 0xA0, 0x17, 0xEC, 0x05, 0x7C,
    0x41, 0x7F, 0xE6, 0x6F, 0x04, 0xFF, 0xEB, 0x2F, 0xE0, 0xF0, 0x0D, 0x6C, 0x20, 0x1E, 0x1C, 0x8E,
    0xE1, 0x1A, 0xBE, 0x89, 0x03, 0x75, 0xD2, 0xED, 0xAD, 0xD3, 0x76, 0x8F, 0x9D, 0xB5, 0x7B, 0xED,
    0xBC, 0xDE, 0x73, 0x07, 0xEF, 0x8D, 0x3D, 0xF8, 0x60, 0x16, 0x37, 0x93, 0xDB, 0x9B, 0xB3, 0xA1,
    0x12, 0xD4, 0x03, 0x7B, 0x70, 0x0F, 0xF0, 0x41, 0xFE, 0x9A, 0xBE, 0x68, 0x60, 0x26, 0x40, 0xDA,
    0x71, 0xF0, 0x8E, 0x86, 0x37, 0xD0, 0x36, 0xE9, 0xE7, 0x1C, 0x20, 0x1A, 0xC1, 0x1A, 0x2C, 0xEE,
    0xDC, 0x16, 0x60, 0xE5, 0xB0, 0xB2, 0xCE, 0x3B, 0xEB, 0x61, 0x69, 0x95, 0xB6, 0xA0, 0x00, 0x16,
    0xC0, 0x08, 0x7C, 0xF8, 0x26, 0xB9, 0x2B, 0x5B, 0x98, 0x06, 0x84, 0xA5, 0x56, 0x3D, 0x67, 0xDC,
    0x43, 0xDE, 0xC0, 0x09, 0x78, 0xF7, 0xCE, 0xBF, 0x89, 0xBC, 0xF9, 0x04, 0xAA, 0x9F, 0x0F, 0xF0,
    0x97, 0x53, 0x07, 0x9F, 0x94, 0xF5, 0x9B, 0x37, 0xDE, 0x40, 0xBA, 0x7E, 0x8A, 0x7C, 0x5A, 0xE3,
    0xBD, 0xA2, 0x07, 0x77, 0x8E, 0x7A, 0xFF, 0xA9, 0x5E, 0x3F, 0xEA, 0xE4, 0x3D, 0xC8, 0xDA, 0x63,
    0x5C, 0x08, 0xF0, 0x0C, 0xAC, 0xC0, 0x02, 0x92, 0x81, 0x6A, 0x1F, 0xE7, 0xE9, 0xC0, 0x65, 0xDA,
    0xF3, 0x32, 0xEB, 0xD8, 0xE4, 0x73, 0xB4, 0xA2, 0x39, 0xD6, 0x45, 0x2B, 0x1E, 0xCB, 0x46, 0x32,
    0x94, 0xF5, 0x2E, 0x2A, 0x21, 0xD2, 0xBE, 0x22, 0xEB, 0xCF, 0xC9, 0xBA, 0x73, 0xF2, 0xF6, 0x92,
    0xA2, 0x3D, 0xA7, 0xAA, 0x97, 0x2C, 0x55, 0x75, 0xB4, 0x55, 0x7C, 0xF1, 0xCE, 0x28, 0x9D, 0xA6,
    0x8E, 0xD5, 0x97, 0x37, 0x3C, 0xDB, 0xC9, 0x5A, 0x79, 0x33, 0x3F, 0x35, 0xDA, 0x45, 0x59, 0xE7,
    0x8D, 0x4A, 0x31, 0x47, 0xED, 0x54, 0xC9, 0xB9, 0x8A, 0x33, 0x15, 0x17, 0x4E, 0x99, 0x75, 0x36,
    0xCE, 0xC4, 0x6B, 0xE7, 0xD2, 0xB5, 0xA5, 0x62, 0x54, 0xFD, 0xE7, 0xD5, 0xA0, 0x98, 0xFE, 0x7B,
    0xF0, 0xE0, 0xEA, 0xF7, 0x86, 0x5F, 0x7D, 0xBE, 0x9F, 0x01, 0x90, 0x6C, 0x90, 0x4F, 0x78, 0x52,
    0xE0, 0x2B, 0x39, 0x9C, 0xC0, 0x05, 0xE2, 0x01, 0x49, 0x0B, 0x38, 0x0E, 0xD8, 0xAB, 0xF7, 0xEB,
    0xE3, 0xEB, 0xF7, 0xEB, 0xA7, 0xF0, 0x18, 0x6E, 0x11, 0xF1, 0x41, 0x0D, 0x8A, 0x1A, 0x9C, 0x02,
    0x17, 0x20, 0x1A, 0x40, 0xD4, 0x00, 0xBC, 0x8A, 0x95, 0xB5, 0x33, 0x57, 0xDE, 0xCC, 0x60, 0x79,
    0x3D, 0x93, 0x95, 0x66, 0xB4, 0x85, 0xBC, 0x63, 0x3B, 0xDA, 0x9B, 0x4D, 0xED, 0xFC, 0x67, 0xCB,
    0x8C, 0xC7, 0x9E, 0x6F, 0x64, 0x06, 0x64, 0x26, 0x64, 0x46, 0x64, 0x66, 0x64, 0x86, 0x64, 0xA6,
    0x64, 0xC6, 0x64, 0xE6, 0x64, 0x06, 0x15, 0x48, 0x05, 0x54, 0x02, 0x6B, 0x80, 0xFD, 0x35, 0xBB,
    0x10, 0x82, 0xE7, 0x41, 0xF4, 0x07, 0xFD, 0x9E, 0xF4, 0xBB, 0xDD, 0xDE, 0xF4, 0x83, 0x76, 0x8F,
    0x9A, 0xB7, 0x7B, 0xD5, 0x62, 0x66, 0x3D, 0x53, 0xB2, 0x1C, 0x55, 0x2C, 0x9B, 0x20, 0x1B, 0x68,
    0x83, 0x6D, 0xC0, 0x0D, 0xBA, 0x81, 0x37, 0xF8, 0x06, 0xE0, 0x6B, 0xE1, 0x33, 0xA0, 0x02, 0x0A,
    0x20, 0x6F, 0x40, 0xDA, 0xBE, 0x81, 0xB6, 0x49, 0x0F, 0xF1, 0x4D, 0xBB, 0xD0, 0x5D, 0xD9, 0x02,
    0x92, 0x0D, 0xC8, 0x27, 0xF0, 0xA4, 0xE0, 0xFA, 0x27, 0xCF, 0x09, 0x70, 0xE1, 0xD0, 0xB5, 0xE4,
    0x4D, 0x74, 0x7F, 0x75, 0x17, 0x1A, 0x7F, 0xF5, 0x2E, 0x74, 0x7A, 0xA4, 0x29, 0x3F, 0x8F, 0x5B,
    0x98, 0x3E, 0x6F, 0x11, 0xFF, 0xEF, 0x54, 0xCF, 0xCA, 0x2F, 0xDF, 0x44, 0x66, 0x90, 0xAE, 0xBF,
    0xFD, 0xFA, 0x2E, 0x74, 0x97, 0xA8, 0x6F, 0x0E, 0x15, 0x40, 0x01, 0x54, 0x35, 0x38, 0xB9, 0x33,
    0xA9, 0x1B, 0x76, 0xA1, 0x33, 0x90, 0xB7, 0x48, 0x3B, 0x24, 0x3D, 0xA2, 0x01, 0x46, 0x00, 0xB8,
    0x24, 0x1B, 0x96, 0x14, 0x6D, 0x55, 0xAB, 0xEA, 0xB2, 0x71, 0x29, 0x6F, 0xA3, 0x8D, 0xBC, 0x9B,
    0x5F, 0xD9, 0xE4, 0xBD, 0x64, 0x28, 0x5A, 0xC9, 0x58, 0x11, 0xAD, 0xB7, 0xB8, 0x5A, 0x63, 0x35,
    0x60, 0xD9, 0xA2, 0x6A, 0x5E, 0x7F, 0x11, 0x77, 0x0E, 0x2F, 0x61, 0x0B, 0x1B, 0x1C, 0x5E, 0xFD,
    0x51, 0x42, 0xDE, 0x04, 0x25, 0x92, 0x0E, 0x71, 0x0F, 0xA8, 0xD8, 0x2A, 0x45, 0x6B, 0x45, 0x9D,
    0x0C, 0xF2, 0x26, 0xED, 0xE5, 0x6D, 0xDE, 0x9A, 0xED, 0xB2, 0xB6, 0x22, 0xED, 0xCE, 0x48, 0xBA,
    0x0D, 0xC9, 0x4F, 0x46, 0xE2, 0x9F, 0x0D, 0xC4, 0xBF, 0xE8, 0xCC, 0xB3, 0xC0, 0x54, 0xE3, 0x0A,
    0x2E, 0x60, 0x8D, 0x78, 0x20, 0x40, 0x14, 0x0D, 0x56, 0x58, 0xAE, 0xB1, 0xEC, 0x8E, 0x0A, 0x01,
    0x00, 0x41, 0x20, 0x1D, 0x02, 0xC8, 0xAF, 0x83, 0x68, 0x6E, 0x84, 0xF8, 0xE9, 0xB0, 0xD7, 0xF8,
    0x0D, 0x21, 0xFE, 0x7A, 0x64, 0x95, 0x8C, 0x96, 0xEB, 0x78, 0x70, 0x80, 0x00, 0x2C, 0x1B, 0xE2,
    0xA9, 0x23, 0xF9, 0xAC, 0xBF, 0x6E, 0xAE, 0x45, 0x09, 0x0B, 0x38, 0x2E, 0xDD, 0x25, 0x92, 0xA9,
    0x21, 0xFB, 0xB8, 0x25, 0x4A, 0x1B, 0xE4, 0xB0, 0x80, 0x01, 0xEA, 0xE3, 0x8E, 0x94, 0xAC, 0x7B,
    0x9F, 0x62, 0xFB, 0x29, 0xCF, 0x56, 0x03, 0xCF, 0x8B, 0xE6, 0xE8, 0x6A, 0x50, 0x76, 0x03, 0xAB,
    0xA9, 0x63, 0x58, 0xD5, 0x70, 0x5C, 0xA6, 0xFF, 0x07, 0x75, 0x91, 0xB1, 0x76, 0xDC, 0x28, 0x00,
    0x45, 0x2F, 0xA2, 0x50, 0x41, 0x41, 0xB3, 0x3D, 0xED, 0x56, 0xC6, 0xC5, 0x96, 0x9E, 0x81, 0xB3,
    0x5B, 0xEC, 0xE7, 0xE4, 0x07, 0xC6, 0x1E, 0x4E, 0xBE, 0xC8, 0xE5, 0x14, 0xB2, 0x07, 0xFF, 0x01,
    0xC9, 0x17, 0x90, 0x22, 0x3D, 0x05, 0x05, 0x85, 0x6C, 0x22, 0x99, 0x22, 0x2E, 0x62, 0x9E, 0xDE,
    0xE3, 0x09, 0x9D, 0xAB, 0x83, 0x04, 0xD0, 0x7B, 0xEA, 0x3D, 0x02, 0xD0, 0xB7, 0x31, 0xE2, 0x4F,
    0xB7, 0xD0, 0xDF, 0x47, 0x19, 0x53, 0xFE, 0x6C, 0xF1, 0x96, 0x2A, 0x93, 0x0A, 0x1A, 0xEB, 0x5D,
    0xDA, 0x14, 0x8D, 0x97, 0x59, 0x17, 0x53, 0x75, 0x99, 0xCB, 0xF6, 0x24, 0x1A, 0x0E, 0xDC, 0x02,
    0xC2, 0xEB, 0x64, 0xB3, 0xCB, 0x26, 0xC9, 0xA8, 0x82, 0xE1, 0xC4, 0x23, 0x00, 0xC0, 0xAD, 0x08,
    0x54, 0x15, 0x65, 0x36, 0xA8, 0x70, 0x40, 0x73, 0xC1, 0xFA, 0x86, 0xFB, 0xD6, 0x71, 0xDF, 0x37,
    0xBF, 0xBC, 0x61, 0xFC, 0x05, 0x99, 0x2D, 0xBA, 0x9C, 0x83, 0xAE, 0xD7, 0xA8, 0xCB, 0x35, 0xCC,
    0xC5, 0x78, 0x99, 0x0C, 0x2A, 0x1E, 0x30, 0x5C, 0x38, 0x4C, 0x85, 0x7F, 0x44, 0x00, 0x40, 0xF8,
    0xBF, 0xD0, 0xE9, 0x8A, 0xCD, 0xDD, 0xBB, 0x1F, 0x1D, 0x93, 0x3A, 0x32, 0xDE, 0xA0, 0xC3, 0x1D,
    0x86, 0xCA, 0x69, 0xCA, 0x3C, 0xCA, 0x00, 0x02, 0xA0, 0x81, 0xA8, 0xC3, 0x53, 0x01, 0xB9, 0x3B,
    0x73, 0xEE, 0xFD, 0xED, 0xBA, 0x19, 0x95, 0x40, 0x45, 0xD0, 0xBB, 0xC3, 0x66, 0x0F, 0xC6, 0x83,
    0x05, 0x1C, 0xC3, 0x47, 0xE0, 0x1E, 0x38, 0x01, 0x0B, 0xB0, 0x02, 0x0D, 0x06, 0x80, 0xF1, 0x23,
    0x06, 0x83, 0x63, 0x10, 0xF3, 0xFE, 0x13, 0xD5, 0x1E, 0xF0, 0xC4, 0x20, 0x07, 0x4A, 0x1B, 0x31,
    0x36, 0xC5, 0x54, 0xC1, 0xF5, 0xDE, 0x47, 0x20, 0x33, 0x30, 0xA7, 0x11, 0x63, 0x6F, 0xE8, 0xF7,
    0x08, 0x20, 0xAE, 0x5E, 0xF5, 0x64, 0x7A, 0x71, 0xE3, 0xEA, 0xD9, 0xF5, 0x68, 0xBA, 0x9F, 0x1B,
    0xC6, 0xEF, 0x72, 0xF1, 0xB7, 0x2C, 0xBB, 0xF8, 0x92, 0xC0, 0x01, 0x4C, 0xBD, 0xC1, 0x0A, 0xA0,
    0x7E, 0xBE, 0x22, 0xEB, 0xF8, 0x82, 0x23, 0x2A, 0x01, 0x58, 0x1C, 0x26, 0x00, 0x1C, 0x37, 0x39,
    0x60, 0xB4, 0x75, 0x34, 0xEE, 0x07, 0xB0, 0xAF, 0x0C, 0x00, 0xFB, 0x6F, 0x1D, 0x00, 0xBA, 0x67,
    0x37, 0x75, 0x2F, 0x7A, 0x90, 0xDD, 0xAF, 0xBA, 0xA7, 0xB9, 0x17, 0x90, 0xD5, 0xFD, 0x5F, 0xCC,
    0xD7, 0x06, 0x2A, 0x2D, 0x53, 0x71, 0xAC, 0x60, 0x42, 0x13, 0xF5, 0x9E, 0x05, 0xCE, 0xA2, 0x8A,
    0xBA, 0xB0, 0xC0, 0x2A, 0x8A, 0x28, 0x0B, 0x2B, 0x72, 0x9B, 0xA7, 0xD2, 0x68, 0x1B, 0x20, 0x8A,
    0xCC, 0xAB, 0xA8, 0x98, 0x20, 0xEA, 0x86, 0xCB, 0xC2, 0x19, 0x5E, 0x6D, 0x78, 0x30, 0x89, 0x15,
    0xCE, 0x6F, 0xD8, 0xEE, 0x65, 0x01, 0x53, 0x99, 0x1B, 0xE2, 0x75, 0x6A, 0xB2, 0xA8, 0xAC, 0xA3,
    0xF1, 0x8E, 0xBF, 0x61, 0xB5, 0x71, 0x6A, 0x0E, 0x59, 0x9E, 0x99, 0xF3, 0x8A, 0x7E, 0x69, 0x98,
    0xFF, 0x0A, 0x56, 0x26, 0x0E, 0xEF, 0xE7, 0x9D, 0xB0, 0x9E, 0x27, 0xA6, 0x8A, 0xDA, 0x2B, 0xCF,
    0xE0, 0xC0, 0x04, 0x74, 0x42, 0x16, 0xA6, 0x06, 0x2B, 0xF3, 0x56, 0x2A, 0xAC, 0xF0, 0x00, 0xCE,
    0xA3, 0x23, 0x3B, 0x18, 0x78, 0x46, 0x34, 0xE6, 0x8C, 0x09, 0x3C, 0x00, 0x80, 0x01, 0xE0, 0x0E,
    0x80, 0x0A, 0x30, 0x65, 0x80, 0x39, 0x02, 0x68, 0x0F, 0x70, 0x04, 0x60, 0x01, 0x10, 0x05, 0x40,
    0xA6, 0x71, 0x06, 0x00, 0x16, 0x80, 0xD3, 0x27, 0x3C, 0x00, 0x07, 0x00, 0x2E, 0x1F, 0xF8, 0x0F,
    0x2F, 0xBF, 0xF9, 0xC0, 0xFF, 0x02, 0x75, 0xD3, 0x31, 0x8E, 0xE3, 0x36, 0x14, 0xC6, 0xF1, 0xBF,
    0x24, 0x20, 0x0C, 0xA2, 0x82, 0x07, 0x48, 0xC1, 0x3D, 0x41, 0x78, 0x01, 0x5B, 0x64, 0x36, 0x07,
    0xCA, 0x05, 0x2C, 0x8B, 0xC8, 0x85, 0xD2, 0x6C, 0x31, 0x85, 0x1D, 0xF3, 0x06, 0xE1, 0x0D, 0xA2,
    0x22, 0xFD, 0xAA, 0x50, 0xA1, 0x00, 0xB4, 0x18, 0x12, 0xB6, 0x66, 0x04, 0x63, 0x17, 0x78, 0x1F,
    0x0D, 0x0B, 0xEF, 0x51, 0x24, 0xF0, 0x13, 0xEA, 0x5F, 0x48, 0x77, 0x9A, 0xD9, 0x20, 0x82, 0xB2,
    0xD2, 0x4B, 0x97, 0x57, 0xA7, 0x91, 0xCE, 0xE4, 0x74, 0x28, 0x9B, 0x43, 0x87, 0xC9, 0x29, 0x6B,
    0x44, 0xFD, 0x31, 0x23, 0x53, 0xA0, 0x5A, 0x01, 0x64, 0x00, 0xE3, 0xE1, 0xE6, 0xA9, 0xBF, 0x7A,
    0xC4, 0xDF, 0x0E, 0xA9, 0x2C, 0xC7, 0x9C, 0x59, 0x53, 0x8F, 0x06, 0xE1, 0x9F, 0x3B, 0xA4, 0xE4,
    0x4B, 0x20, 0xF2, 0xC8, 0x02, 0xF9, 0x7F, 0x95, 0x53, 0x8F, 0xD0, 0x84, 0x1C, 0x0F, 0xE2, 0x9F,
    0x91, 0x36, 0x45, 0x64, 0xF8, 0x8B, 0x9F, 0x30, 0xF0, 0x9E, 0x8E, 0x4F, 0xDC, 0xB9, 0xD6, 0x0B,
    0x43, 0xCA, 0x3D, 0xAB, 0x05, 0x7E, 0xB6, 0x54, 0xC9, 0xD2, 0xFE, 0x07, 0xC6, 0xC1, 0x1D, 0x9A,
    0x09, 0xDA, 0x34, 0x22, 0x53, 0x44, 0xE7, 0x3D, 0x8C, 0x35, 0x18, 0xF4, 0xEE, 0x0E, 0x57, 0xF4,
    0xE7, 0x05, 0x99, 0x7B, 0xEA, 0xD5, 0x62, 0xD2, 0x3A, 0xA4, 0x3B, 0x2C, 0x34, 0x79, 0xC8, 0xA3,
    0xA1, 0x87, 0x48, 0x35, 0x97, 0xAD, 0x44, 0xA0, 0xF5, 0x48, 0x87, 0xB2, 0x68, 0x30, 0x80, 0x5E,
    0xC8, 0x67, 0xA6, 0x99, 0xB5, 0x13, 0x41, 0xBA, 0xD6, 0x2B, 0x2B, 0xC6, 0x81, 0x3A, 0xE5, 0x1D,
    0x72, 0xA4, 0xBF, 0x62, 0x30, 0xF4, 0x39, 0xD7, 0xF2, 0xCB, 0x19, 0xF3, 0x6B, 0x44, 0xA7, 0x89,
    0x1F, 0x92, 0x85, 0x21, 0xE4, 0x36, 0x19, 0xAE, 0xDA, 0x76, 0x06, 0xD3, 0x61, 0xFA, 0xB2, 0xAE,
    0xE6, 0x73, 0x54, 0x29, 0xD6, 0x69, 0xA6, 0x1D, 0xD1, 0xAE, 0x5A, 0x51, 0x0B, 0x37, 0xC7, 0x1B,
    0x20, 0x2D, 0x47, 0x58, 0xA8, 0x27, 0x9A, 0xF1, 0xF5, 0x40, 0x06, 0xBA, 0x5D, 0x69, 0x50, 0x94,
    0x06, 0x11, 0x60, 0x81, 0xFE, 0xFD, 0xA9, 0xDD, 0x17, 0x7A, 0x9B, 0xEC, 0xE1, 0x02, 0x33, 0x75,
    0xB9, 0x6D, 0x19, 0xEC, 0x40, 0xAA, 0x51, 0x0E, 0x8B, 0x0A, 0x17, 0x6D, 0x0F, 0xBF, 0x70, 0x38,
    0x72, 0x3A, 0xF0, 0x76, 0xE0, 0xCB, 0x89, 0xF9, 0x8D, 0xE9, 0x4B, 0x35, 0xA1, 0xC6, 0x77, 0x39,
    0x6D, 0x91, 0xE3, 0xBE, 0x25, 0x47, 0x73, 0xC4, 0xD0, 0x71, 0xC6, 0x10, 0xD1, 0xBF, 0x3D, 0xE4,
    0xD4, 0x2B, 0xD0, 0x3A, 0x6E, 0x4E, 0x24, 0xDB, 0xFE, 0xC9, 0x8F, 0x66, 0x77, 0x94, 0xC7, 0x69,
    0x22, 0x2C, 0xA5, 0xAA, 0x99, 0x21, 0xF9, 0x21, 0x39, 0x7E, 0x9F, 0xA9, 0xD3, 0x4A, 0x1B, 0x06,
    0x6A, 0xB4, 0x05, 0x0D, 0x18, 0xA0, 0x07, 0x22, 0x34, 0xD3, 0x13, 0xA3, 0x85, 0x3B, 0x88, 0x09,
    0xB4, 0x83, 0x5B, 0x8A, 0x25, 0xA0, 0xCB, 0x7C, 0x42, 0x04, 0x63, 0x2B, 0xD4, 0x63, 0xBE, 0xBA,
    0xC3, 0x30, 0xE6, 0x4C, 0x50, 0xC5, 0xE7, 0x5E, 0x1D, 0xD0, 0xF3, 0x89, 0xC8, 0xB5, 0x59, 0x30,
    0x0F, 0x69, 0x3B, 0xE9, 0xA9, 0x48, 0x77, 0x99, 0xA9, 0x43, 0x29, 0xCB, 0x41, 0xC3, 0x6C, 0x8A,
    0x74, 0xDA, 0x72, 0x6B, 0xFA, 0x17, 0xE9, 0xCB, 0x37, 0xA5, 0x0B, 0x0F, 0xED, 0xD7, 0x87, 0x52,
    0x19, 0xD6, 0x17, 0xE9, 0xE7, 0xC7, 0xFB, 0xC5, 0x26, 0x9D, 0x0F, 0xE9, 0xF2, 0x29, 0x3D, 0x7E,
    0x4F, 0xBA, 0xE1, 0x5C, 0x52, 0xAC, 0x73, 0xC1, 0xEC, 0xA4, 0x67, 0xE6, 0x3B, 0xE9, 0xEE, 0x29,
    0x7D, 0x53, 0x25, 0x02, 0xF2, 0x55, 0xFA, 0xBC, 0x49, 0xB7, 0xAD, 0xFF, 0x90, 0x9E, 0xF9, 0xE6,
    0xCC, 0x28, 0x57, 0x7C, 0x77, 0x14, 0xE9, 0x17, 0x3A, 0xAE, 0xF4, 0x0C, 0x9B, 0xF4, 0xD5, 0xC2,
    0x2D, 0x88, 0x22, 0x3D, 0x6A, 0xBA, 0xC2, 0xBC, 0xD4, 0xF9, 0xCC, 0xDD, 0x14, 0xE9, 0x8B, 0xC8,
    0x5D, 0x6D, 0x78, 0x4A, 0x9F, 0x37, 0xE9, 0xCA, 0xD2, 0x43, 0xF9, 0xF4, 0xB6, 0x03, 0xED, 0xA4,
    0xE6, 0x3A, 0x6E, 0xD5, 0x81, 0x01, 0x4D, 0x69, 0x10, 0x1E, 0x66, 0x38, 0xED, 0x9E, 0xE6, 0x52,
    0xA5, 0xD0, 0x7C, 0xCC, 0x9F, 0x76, 0xDF, 0xB5, 0x7F, 0xBE, 0xEA, 0x7F, 0x55, 0x94, 0x01, 0xA7,
    0xE4, 0x56, 0x14, 0xC7, 0x7F, 0x49, 0x78, 0xD1, 0x86, 0xBD, 0xC5, 0xA2, 0xB0, 0x1B, 0x00, 0xAA,
    0x2B, 0x50, 0x2C, 0x1D, 0xBD, 0x61, 0xE9, 0xA2, 0x50, 0x28, 0x80, 0x7E, 0x84, 0x29, 0x16, 0x0F,
    0x3A, 0x99, 0xF6, 0x13, 0xBC, 0xCF, 0xF1, 0xA0, 0x0F, 0x0F, 0xB0, 0x6F, 0x72, 0x75, 0x29, 0x14,
    0x52, 0x05, 0x14, 0x0D, 0x5E, 0x15, 0x85, 0x5B, 0xC2, 0x66, 0xF5, 0x4E, 0x6E, 0xEF, 0xDF, 0x18,
    0xD9, 0x77, 0xC4, 0xEF, 0x30, 0xB9, 0xE7, 0xDC, 0x73, 0xCE, 0xF9, 0x67, 0x80, 0xE7, 0x1B, 0xE0,
    0xD5, 0x73, 0xE0, 0xE6, 0x16, 0xB6, 0xD1, 0x53, 0xC6, 0x38, 0xD1, 0xFC, 0xFD, 0xE6, 0x48, 0xFF,
    0xD5, 0xCB, 0x90, 0x05, 0x53, 0x7D, 0x54, 0xF8, 0x27, 0x8F, 0xA8, 0xC6, 0xCD, 0x33, 0x8C, 0xBB,
    0xDC, 0xD0, 0xEC, 0x6F, 0x5E, 0x61, 0x5B, 0xEF, 0xB1, 0xF9, 0x6F, 0x23, 0x5D, 0xF1, 0xB3, 0x63,
    0x57, 0xBE, 0x70, 0x1C, 0x4C, 0xD5, 0x72, 0x78, 0x6A, 0x60, 0xF7, 0xE9, 0x13, 0xE8, 0x36, 0x1B,
    0xB0, 0xB7, 0x97, 0x09, 0xFE, 0x26, 0xA7, 0x1E, 0x7D, 0xDD, 0x56, 0xCB, 0x5F, 0x51, 0x57, 0xCC,
    0x98, 0x7A, 0x69, 0x79, 0x64, 0x80, 0x67, 0x4F, 0x81, 0xC7, 0x1F, 0x23, 0xBB, 0x58, 0x5A, 0xB0,
    0xD1, 0xC3, 0xF2, 0xE5, 0x40, 0x31, 0x01, 0xE5, 0x08, 0x54, 0x03, 0x60, 0xDC, 0xFB, 0xC8, 0x95,
    0xA5, 0x50, 0xB5, 0x0F, 0x5F, 0x28, 0xBD, 0xA7, 0x8A, 0x71, 0x84, 0xA6, 0x05, 0x2C, 0xC0, 0x11,
    0xC8, 0x67, 0xA0, 0x1E, 0x81, 0x4E, 0xB1, 0xBD, 0x62, 0x29, 0x66, 0x52, 0x47, 0x14, 0x01, 0x9D,
    0x2E, 0x16, 0xB0, 0x4A, 0x81, 0x5C, 0x15, 0x5B, 0x39, 0xF3, 0xA7, 0x63, 0x07, 0xE6, 0xD7, 0x81,
    0x3B, 0x30, 0x6F, 0x3C, 0x01, 0x13, 0x93, 0x8B, 0xB3, 0x89, 0x3F, 0xCC, 0xC9, 0xA5, 0xD0, 0x90,
    0xCD, 0x60, 0xDB, 0x9D, 0x9C, 0xC5, 0xE6, 0x13, 0x36, 0xD2, 0xBC, 0x88, 0xDE, 0x2E, 0x29, 0x24,
    0x8E, 0x1C, 0xA8, 0x7E, 0xF7, 0x70, 0x47, 0xF9, 0x76, 0x84, 0x40, 0x11, 0x07, 0xB9, 0xEC, 0xE4,
    0x88, 0x0E, 0x85, 0xF6, 0x8E, 0x14, 0x8A, 0x95, 0x53, 0x61, 0xAA, 0x75, 0x06, 0x15, 0xBB, 0x57,
    0x17, 0x5B, 0xC5, 0x52, 0x7A, 0xB1, 0xF0, 0x64, 0x41, 0xE7, 0x9A, 0x98, 0xEC, 0x44, 0xCD, 0xAC,
    0xF4, 0x7A, 0x55, 0x0D, 0x62, 0xE3, 0x28, 0xC7, 0xAC, 0x47, 0x03, 0x09, 0x88, 0x57, 0x60, 0x06,
    0xCE, 0x03, 0xA3, 0x3E, 0x71, 0x2F, 0x36, 0xAD, 0x68, 0x4F, 0x64, 0x65, 0xC7, 0xD9, 0x82, 0xC0,
    0x2C, 0x64, 0x13, 0x68, 0xD6, 0x9C, 0xA9, 0xEB, 0x56, 0x8E, 0x5A, 0x66, 0x39, 0x68, 0x9B, 0x7F,
    0x0C, 0x5A, 0x67, 0x74, 0xAA, 0xAD, 0x73, 0x54, 0xA3, 0xFA, 0x32, 0x4E, 0xAC, 0xF7, 0xBA, 0xB4,
    0x41, 0x8F, 0x7D, 0xF8, 0x7C, 0x81, 0xB8, 0x43, 0x3C, 0xAA, 0x42, 0xAD, 0xC8, 0xDC, 0x6F, 0x5F,
    0x43, 0x11, 0x43, 0x00, 0xFA, 0xAB, 0x99, 0x07, 0x66, 0x62, 0x6C, 0x11, 0x91, 0xE5, 0xF1, 0xFE,
    0xB4, 0xEA, 0x96, 0x3C, 0x7E, 0xBD, 0x1D, 0x30, 0x13, 0xC5, 0x40, 0xE3, 0xD6, 0x96, 0x8E, 0xA7,
    0x28, 0x1D, 0xA9, 0x13, 0xA1, 0x98, 0xD6, 0x16, 0x4A, 0x11, 0x1B, 0xE3, 0x11, 0x65, 0x09, 0xE7,
    0x5F, 0x12, 0xD7, 0x36, 0x27, 0x31, 0x0B, 0xF0, 0x1D, 0x2C, 0x68, 0x83, 0x76, 0xF8, 0xD6, 0x83,
    0xD1, 0xBE, 0xC8, 0x7A, 0x95, 0xD0, 0x28, 0x83, 0x12, 0x0D, 0x89, 0xD4, 0x13, 0x74, 0xE4, 0x81,
    0x66, 0x81, 0xE8, 0xC5, 0x38, 0x72, 0x07, 0x61, 0x7D, 0x52, 0x9E, 0x4E, 0x0A, 0x71, 0xFD, 0x4C,
    0x15, 0x5D, 0xAE, 0xB9, 0x49, 0xF0, 0x0B, 0x52, 0xFC, 0x3D, 0xE7, 0x0A, 0xC7, 0x95, 0xD5, 0xBA,
    0xD3, 0x95, 0xEB, 0x66, 0x45, 0xD9, 0x15, 0x90, 0x29, 0xE0, 0x42, 0xE8, 0xE3, 0x5E, 0x92, 0x98,
    0xB1, 0x6F, 0x7F, 0x39, 0x12, 0x5F, 0xB8, 0xEF, 0xF3, 0x50, 0xEE, 0x1F, 0x97, 0x53, 0xD5, 0x62,
    0xC6, 0x84, 0xDA, 0x19, 0x05, 0x27, 0xD8, 0x56, 0xE0, 0x29, 0x74, 0x34, 0x71, 0xDE, 0x61, 0xE3,
    0x7C, 0x60, 0x53, 0x4C, 0x82, 0x3F, 0x70, 0x59, 0xF8, 0x9D, 0x60, 0xB9, 0x2D, 0x47, 0xDB, 0xFA,
    0x6A, 0xA8, 0x07, 0x6F, 0x06, 0xF3, 0xEE, 0xDF, 0xDE, 0xA5, 0xCA, 0xA3, 0xA3, 0x8B, 0x2F, 0x1D,
    0x85, 0x83, 0x13, 0xF2, 0x16, 0x99, 0x3F, 0x63, 0x1B, 0xDB, 0xD3, 0xA7, 0xDB, 0xFC, 0xF7, 0x4F,
    0xA0, 0xFF, 0x71, 0xB8, 0xCB, 0x8E, 0x85, 0xFB, 0xAC, 0x98, 0x0A, 0x49, 0x26, 0xC1, 0xB8, 0x72,
    0x9F, 0x6A, 0xA9, 0xDA, 0x73, 0x2D, 0x09, 0x9D, 0xB0, 0x53, 0x55, 0x87, 0x13, 0x9E, 0x09, 0x1B,
    0xD8, 0x09, 0x16, 0xA1, 0xBD, 0xCC, 0xA8, 0xDD, 0xAD, 0x69, 0xCD, 0x74, 0xDB, 0xB7, 0x85, 0xF6,
    0x49, 0x1F, 0xA5, 0xCF, 0x77, 0xE7, 0x61, 0xE4, 0x03, 0xF0, 0x4D, 0x32, 0x8A, 0x98, 0x0C, 0x71,
    0x41, 0xFB, 0x63, 0x9D, 0x5E, 0xBD, 0xE7, 0xE2, 0xFA, 0xFA, 0xA7, 0x7B, 0x24, 0x98, 0xC0, 0x87,
    0xD7, 0xD7, 0xDA, 0x2E, 0x58, 0x81, 0x45, 0x28, 0x03, 0x34, 0xEA, 0x01, 0xAB, 0xFD, 0xF3, 0xC9,
    0x75, 0x40, 0x76, 0x60, 0xD5, 0x9C, 0x7D, 0x3F, 0xA5, 0x13, 0xCD, 0x20, 0x56, 0xE3, 0x03, 0x59,
    0xE9, 0xA5, 0xB0, 0x67, 0xFD, 0x1B, 0x3B, 0x23, 0x7B, 0x0D, 0xBB, 0xED, 0xAC, 0x36, 0x5A, 0x2E,
    0xA2, 0xBE, 0xE8, 0x00, 0x7C, 0x10, 0xB8, 0x81, 0xB0, 0xF5, 0x64, 0x51, 0xC3, 0x8C, 0xD2, 0xDB,
    0x0C, 0x7C, 0xEE, 0xA9, 0x5C, 0xE1, 0x35, 0x41, 0x9F, 0x6E, 0x2E, 0x47, 0x3A, 0xAA, 0x21, 0x0F,
    0x98, 0x61, 0xEB, 0xD5, 0x4E, 0x9B, 0x70, 0x56, 0xEA, 0x49, 0xA8, 0xD2, 0x69, 0x42, 0x1E, 0xD8,
    0x41, 0xE0, 0x20, 0xDC, 0x09, 0x41, 0x90, 0x42, 0x13, 0x0A, 0x9F, 0x5C, 0x35, 0x4A, 0x9E, 0x2E,
    0xB5, 0xBD, 0x28, 0x74, 0xA4, 0xF4, 0x67, 0x51, 0x56, 0x42, 0x17, 0x3D, 0xF4, 0x82, 0x71, 0x24,
    0xAC, 0x5D, 0x09, 0xFF, 0x03, 0x35, 0xCE, 0x25, 0x5A, 0x04, 0x50, 0x18, 0x46, 0xE1, 0x77, 0xDC,
    0x67, 0x16, 0x80, 0x76, 0xDC, 0x1D, 0x2E, 0x3B, 0x21, 0x53, 0x70, 0x69, 0xB0, 0x1E, 0x12, 0x91,
    0x82, 0xEC, 0x00, 0xCB, 0xC8, 0x06, 0x70, 0x77, 0x46, 0xCF, 0x73, 0xD2, 0xAF, 0x9F, 0x76, 0x88,
    0x9C, 0x40, 0x2E, 0xC0, 0xD6, 0x4E, 0x19, 0x87, 0x7F, 0x65, 0x4C, 0x81, 0x1C, 0x88, 0x1E, 0x01,
    0x60, 0x4E, 0xE4, 0x59, 0xEC, 0x5B, 0xF1, 0xD6, 0xE0, 0x79, 0x98, 0x3D, 0x0A, 0xE5, 0x6E, 0xD9,
    0xD8, 0xB6, 0xB2, 0xA9, 0x20, 0x45, 0x8E, 0x12, 0x45, 0x0A, 0xB4, 0xD0, 0x4C, 0x27, 0x93, 0x20,
    0x1A, 0xC0, 0x35, 0xD8, 0x34, 0x5F, 0x7E, 0x78, 0xE0, 0xAF, 0x02, 0xD8, 0x83, 0xE8, 0x09, 0x64,
    0x01, 0x24, 0xC9, 0x51, 0x2C, 0x4B, 0xA1, 0x71, 0xAE, 0xEC, 0x28, 0x65, 0x57, 0x59, 0x64, 0x97,
    0x7B, 0xAE, 0x43, 0xEF, 0x59, 0xE8, 0xBA, 0x54, 0x7A, 0x97, 0xBA, 0x56, 0xCE, 0xF3, 0x0F, 0x7C,
    0xD3, 0x21, 0x8C, 0xE4, 0x36, 0x14, 0xC6, 0xF1, 0x7F, 0x12, 0x69, 0x02, 0x02, 0x4C, 0xAE, 0xB4,
    0xE6, 0x25, 0xE6, 0xE0, 0x26, 0xE1, 0xE8, 0x38, 0xE7, 0xC7, 0xA5, 0xEE, 0x25, 0xBC, 0x64, 0x79,
    0x39, 0xA7, 0x05, 0xD3, 0x8B, 0xCB, 0x49, 0x74, 0xA4, 0xD4, 0x95, 0xAA, 0x92, 0x82, 0x5A, 0xAA,
    0x41, 0xAE, 0x72, 0xC6, 0xBD, 0x4F, 0x99, 0x49, 0xD8, 0x5A, 0xDA, 0x9F, 0x9F, 0xF2, 0xFC, 0x9E,
    0xDF, 0x66, 0x37, 0xE0, 0x26, 0x28, 0x91, 0xA6, 0x24, 0xCC, 0x97, 0x8C, 0x1D, 0x32, 0xDF, 0x93,
    0x81, 0xF3, 0x87, 0x8F, 0x99, 0xAE, 0xAC, 0xCC, 0xBF, 0xA7, 0x3A, 0x37, 0xB1, 0x8B, 0x6D, 0xB4,
    0xBE, 0x0B, 0x3D, 0x66, 0xF9, 0x84, 0xF3, 0x37, 0xFA, 0x21, 0x33, 0x93, 0xD9, 0xC8, 0xCD, 0xCA,
    0x66, 0x02, 0x63, 0x99, 0x70, 0x1B, 0x5C, 0x5E, 0x39, 0x57, 0x2B, 0x30, 0x83, 0xEC, 0xBD, 0x1C,
    0x25, 0x65, 0x01, 0xEA, 0x7F, 0x83, 0x8E, 0x7C, 0x89, 0x80, 0xF9, 0x4D, 0x3A, 0x56, 0xE0, 0xD3,
    0x63, 0x88, 0x1B, 0xD4, 0x89, 0x17, 0x68, 0x02, 0x57, 0x30, 0x1E, 0x07, 0x6E, 0xC0, 0x42, 0x0F,
    0x66, 0x22, 0xEB, 0x61, 0xB5, 0x42, 0xE7, 0x9B, 0x08, 0xED, 0x62, 0x16, 0x1D, 0xB6, 0x1E, 0x9A,
    0xD8, 0x97, 0x6F, 0xEB, 0x21, 0xFB, 0xEA, 0x15, 0x3F, 0xBC, 0xEA, 0x24, 0x6A, 0xBE, 0xF0, 0xA3,
    0x6A, 0xB9, 0xA9, 0x0F, 0x59, 0xB2, 0xAA, 0xFF, 0x6E, 0x95, 0xC0, 0x0E, 0x75, 0x04, 0x8B, 0x74,
    0xE8, 0xAE, 0x5E, 0xD5, 0x5C, 0x55, 0xCD, 0x55, 0xD5, 0xBC, 0xA8, 0x8E, 0xDB, 0xAE, 0xAA, 0xC9,
    0x92, 0x15, 0x3B, 0x40, 0xC2, 0x42, 0x95, 0x70, 0xA8, 0x49, 0x2F, 0xF7, 0x11, 0x1E, 0xBE, 0x83,
    0x6A, 0x80, 0x73, 0xCE, 0xCC, 0xF8, 0xCD, 0x95, 0x7E, 0x00, 0xB0, 0x5E, 0x76, 0x51, 0x36, 0xAB,
    0x64, 0x13, 0x8C, 0x02, 0xE7, 0xA5, 0x09, 0xB2, 0x4D, 0xB2, 0xCA, 0x92, 0xED, 0x8C, 0xDB, 0x78,
    0x9E, 0x9C, 0x45, 0x9D, 0x65, 0x77, 0x3E, 0xE6, 0x7E, 0xB6, 0xDF, 0x7B, 0xF5, 0x93, 0x9C, 0x4B,
    0x29, 0x1B, 0x32, 0x73, 0x0E, 0x18, 0x46, 0xC1, 0x73, 0x55, 0xAF, 0xB2, 0xF5, 0xD2, 0x0A, 0xDE,
    0x0B, 0x56, 0x51, 0xC7, 0x33, 0x69, 0x06, 0x79, 0x15, 0xFC, 0xF2, 0x56, 0xF2, 0x26, 0xAA, 0x3D,
    0xB9, 0xBC, 0x91, 0x6C, 0xF6, 0xE4, 0x24, 0x9D, 0xE0, 0x32, 0xF4, 0x61, 0x8E, 0x25, 0xCE, 0x8B,
    0x53, 0x09, 0xAE, 0xF8, 0x7D, 0xEA, 0xE9, 0x28, 0x85, 0x95, 0xF3, 0x72, 0x9A, 0x20, 0xE9, 0x3C,
    0x67, 0x2F, 0x1C, 0x3C, 0x2F, 0x1C, 0x17, 0x6E, 0xDA, 0x02, 0x09, 0x9D, 0xAE, 0x23, 0xAA, 0x6D,
    0x16, 0xB4, 0xA9, 0x8C, 0x2A, 0x9A, 0x01, 0x6D, 0x7B, 0x59, 0x7A, 0xBF, 0x6F, 0x37, 0xC9, 0x9A,
    0x24, 0xFF, 0x45, 0xC9, 0xBC, 0xEC, 0x9B, 0x97, 0x8C, 0x83, 0xE4, 0x07, 0x01, 0xDF, 0x41, 0xF5,
    0x81, 0xBA, 0x44, 0xDC, 0x1D, 0x53, 0xB6, 0xAA, 0x14, 0xDF, 0x4F, 0xF3, 0x4F, 0xC9, 0x86, 0x11,
    0xFB, 0xCF, 0xD4, 0xC6, 0x5F, 0x69, 0xEF, 0x34, 0x31, 0xD3, 0x64, 0xB4, 0x99, 0x3B, 0x6D, 0xF8,
    0xCC, 0x38, 0x4E, 0xD6, 0x8F, 0x7F, 0x67, 0xF3, 0x75, 0x1E, 0x5C, 0x09, 0x4D, 0xD9, 0xB8, 0xDC,
    0xE1, 0x63, 0x00, 0x98, 0x27, 0x68, 0x8A, 0x07, 0xF3, 0x07, 0x60, 0x27, 0xC0, 0x01, 0xF4, 0x07,
    0x57, 0xF1, 0x72, 0x70, 0x13, 0xF9, 0x60, 0x05, 0xAA, 0x04, 0xD4, 0x49, 0x44, 0xA0, 0x39, 0x09,
    0xCF, 0x3F, 0x51, 0xE7, 0x9F, 0x18, 0x2F, 0xA6, 0x27, 0x76, 0x78, 0xDC, 0xF3, 0xEE, 0xB3, 0x82,
    0xBC, 0xBF, 0x52, 0x39, 0x90, 0x9A, 0x92, 0xAA, 0x68, 0xFE, 0xBA, 0xB7, 0xD1, 0x4C, 0xAE, 0x78,
    0xAB, 0xDF, 0xEF, 0x5C, 0xF5, 0x46, 0xE3, 0x4D, 0xF1, 0x9D, 0xEF, 0x7F, 0x5E, 0xED, 0xF4, 0x52,
    0x95, 0xC2, 0x0D, 0xBB, 0x72, 0xAE, 0xE7, 0xD0, 0xEB, 0x73, 0xB6, 0x36, 0x60, 0xF4, 0x95, 0x8B,
    0x00, 0x67, 0xF2, 0x18, 0x57, 0xF3, 0xE9, 0x1F, 0x78, 0x12, 0x03, 0xF9, 0xA8, 0x5C, 0x1E, 0xC9,
    0x73, 0x55, 0x02, 0x27, 0xF6, 0xC1, 0xE6, 0x04, 0x58, 0x85, 0x97, 0xF2, 0x0A, 0x8C, 0xE9, 0x48,
    0x75, 0x5F, 0x65, 0x55, 0x16, 0x80, 0x6E, 0x93, 0xCC, 0x41, 0x76, 0xF7, 0x01, 0x9D, 0x0D, 0xB2,
    0x95, 0xF0, 0x81, 0xF3, 0x73, 0xF2, 0x8C, 0x12, 0x86, 0xE3, 0x55, 0x17, 0x85, 0x6E, 0x45, 0xE1,
    0x04, 0xD8, 0xF5, 0xE8, 0xDD, 0x29, 0xB4, 0x09, 0x2E, 0xCA, 0xCC, 0x7F, 0x6A, 0x9E, 0xC7, 0x38,
    0xFF, 0x0F, 0xAC, 0x41, 0x0F, 0xA4, 0x55, 0x00, 0x88, 0x91, 0x2C, 0x00, 0x9B, 0x0F, 0x00, 0x0D,
    0x8D, 0x01, 0x66, 0xC5, 0x40, 0x00, 0x05, 0xE7, 0xE7, 0xE3, 0xE3, 0x63, 0x8F, 0xB0, 0x47, 0xD8,
    0x1B, 0x64, 0x97, 0x02, 0x7A, 0xA6, 0xB4, 0x0B, 0xDA, 0x4B, 0xB5, 0x12, 0x85, 0x02, 0xE4, 0x08,
    0x39, 0x42, 0x10, 0x2C, 0x56, 0xB7, 0x03, 0x03, 0xE6, 0xBD, 0x61, 0xFA, 0x03, 0xE2, 0xF8, 0x39,
    0xC8, 0x9F, 0xAF, 0x17, 0xDF, 0x84, 0x93, 0xCE, 0x63, 0xA7, 0x01, 0xB7, 0x4B, 0xBC, 0x8F, 0x1E,
    0xEA, 0x3A, 0x7A, 0xAC, 0xF7, 0x93, 0x58, 0xEE, 0x07, 0x89, 0x87, 0xBA, 0x92, 0x78, 0x6E, 0xCC,
    0x84, 0x8D, 0x37, 0xC4, 0x42, 0xA8, 0x7C, 0x11, 0x2B, 0x5D, 0x53, 0x24, 0x68, 0x64, 0x7F, 0xC4,
    0x74, 0x69, 0x4E, 0xA7, 0x92, 0x3F, 0x20, 0x8D, 0xBF, 0x1C, 0xC6, 0x7F, 0x3D, 0xFA, 0x78, 0xEE,
    0xC6, 0x7D, 0xEB, 0x78, 0xD4, 0x84, 0xA3, 0x50, 0x8D, 0xC7, 0x62, 0x3C, 0x15, 0xF5, 0x8C, 0xF1,
    0x8C, 0xF1, 0xD9, 0xB8, 0x49, 0x75, 0x93, 0x9B, 0x49, 0xD1, 0xD5, 0x85, 0xF1, 0x66, 0xDC, 0x75,
    0x32, 0xA9, 0x6E, 0x52, 0xB4, 0x32, 0x73, 0x1B, 0xFB, 0x02, 0x6B, 0xFD, 0x07,
};

static const EpdGlyph sarabun_16_italicGlyphs[] = {
    { 0, 0, 0, 0, 0, 0, 0 }, // U+0000
    { 0, 0, 130, 0, 0, 0, 0 }, // U+000D
    { 0, 0, 130, 0, 0, 0, 0 }, // U+0020
    { 9, 23, 126, 0, 23, 52, 0 }, // !
    { 10, 8, 189, 3, 23, 20, 52 }, // "
    { 22, 23, 366, 1, 23, 127, 72 }, // #
    { 18, 29, 282, 0, 26, 131, 199 }, // $
    { 27, 23, 482, 2, 23, 156, 330 }, // %
    { 22, 23, 356, 0, 23, 127, 486 }, // &
    { 5, 8, 102, 3, 23, 10, 613 }, // '
    { 12, 27, 170, 1, 25, 81, 623 }, // (
    { 12, 27, 170, -1, 25, 81, 704 }, // )
    { 14, 14, 239, 2, 25, 49, 785 }, // *
    { 18, 18, 324, 1, 18, 81, 834 }, // +
    { 7, 11, 134, -1, 5, 20, 915 }, // ,
    { 10, 3, 181, 1, 11, 8, 935 }, // -
    { 6, 4, 134, 0, 4, 6, 943 }, // .
    { 21, 26, 221, -3, 24, 137, 949 }, // /
    { 18, 23, 293, 1, 23, 104, 1086 }, // 0
    { 13, 23, 293, 2, 23, 75, 1190 }, // 1
    { 18, 23, 293, 0, 23, 104, 1265 }, // 2
    { 18, 23, 293, 0, 23, 104, 1369 }, // 3
    { 18, 23, 293, 0, 23, 104, 1473 }, // 4
    { 19, 23, 293, 0, 23, 110, 1577 }, // 5
    { 17, 24, 293, 1, 24, 102, 1687 }, // 6
    { 17, 23, 293, 3, 23, 98, 1789 }, // 7
    { 18, 23, 293, 0, 23, 104, 1887 }, // 8
    { 17, 24, 293, 2, 23, 102, 1991 }, // 9
    { 8, 16, 134, 0, 16, 32, 2093 }, // :
    { 9, 22, 134, -1, 16, 50, 2125 }, // ;
    { 19, 19, 324, 2, 19, 91, 2175 }, // <
    { 18, 9, 324, 1, 13, 41, 2266 }, // =
    { 19, 19, 324, 0, 19, 91, 2307 }, // >
    { 13, 23, 242, 3, 23, 75, 2398 }, // ?
    { 26, 26, 424, 0, 20, 169, 2473 }, // @
    { 19, 23, 318, -1, 23, 110, 2642 }, // A
    { 18, 23, 314, 1, 23, 104, 2752 }, // B
    { 20, 23, 312, 1, 23, 115, 2856 }, // C
    { 20, 23, 332, 1, 23, 115, 2971 }, // D
    { 19, 23, 294, 1, 23, 110, 3086 }, // E
    { 19, 23, 293, 1, 23, 110, 3196 }, // F
    { 20, 23, 339, 1, 23, 115, 3306 }, // G
    { 22, 23, 362, 1, 23, 127, 3421 }, // H
    { 9, 23, 156, 1, 23, 52, 3548 }, // I
    { 16, 23, 235, -1, 23, 92, 3600 }, // J
    { 21, 23, 323, 1, 23, 121, 3692 }, // K
    { 15, 23, 292, 1, 23, 87, 3813 }, // L
    { 26, 23, 426, 1, 23, 150, 3900 }, // M
    { 22, 23, 364, 1, 23, 127, 4050 }, // N
    { 21, 23, 352, 1, 23, 121, 4177 }, // O
    { 18, 23, 306, 1, 23, 104, 4298 }, // P
    { 21, 28, 352, 1, 23, 147, 4402 }, // Q
    { 19, 23, 310, 1, 23, 110, 4549 }, // R
    { 18, 23, 282, 0, 23, 104, 4659 }, // S
    { 19, 23, 298, 2, 23, 110, 4763 }, // T
    { 20, 23, 350, 2, 23, 115, 4873 }, // U
    { 20, 23, 321, 3, 23, 115, 4988 }, // V
    { 27, 23, 443, 3, 23, 156, 5103 }, // W
    { 23, 23, 323, -1, 23, 133, 5259 }, // X
    { 19, 23, 306, 3, 23, 110, 5392 }, // Y
    { 21, 23, 302, -1, 23, 121, 5502 }, // Z
    { 13, 27, 164, -1, 23, 88, 5623 }, // [
    { 11, 26, 204, 2, 24, 72, 5711 }, // <backslash>
    { 13, 27, 164, -2, 23, 88, 5783 }, // ]
    { 17, 16, 312, 1, 24, 68, 5871 }, // ^
    { 12, 3, 172, -4, -7, 9, 5939 }, // _
    { 6, 5, 213, 5, 23, 8, 5948 }, // `
    { 18, 17, 289, 0, 17, 77, 5956 }, // a
    { 18, 25, 289, 0, 25, 113, 6033 }, // b
    { 17, 17, 252, 0, 17, 73, 6146 }, // c
    { 19, 25, 289, 0, 25, 119, 6219 }, // d
    { 17, 17, 276, 0, 17, 73, 6338 }, // e
    { 14, 24, 177, 1, 24, 84, 6411 }, // f
    { 19, 24, 288, -1, 17, 114, 6495 }, // g
    { 17, 25, 298, 0, 25, 107, 6609 }, // h
    { 8, 23, 131, 1, 23, 46, 6716 }, // i
    { 14, 29, 132, -5, 23, 102, 6762 }, // j
    { 18, 25, 260, 0, 25, 113, 6864 }, // k
    { 8, 25, 155, 1, 25, 50, 6977 }, // l
    { 27, 17, 447, 0, 17, 115, 7027 }, // m
    { 17, 17, 293, 0, 17, 73, 7142 }, // n
    { 17, 17, 297, 1, 17, 73, 7215 }, // o
    { 19, 25, 291, -1, 17, 119, 7288 }, // p
    { 17, 25, 291, 1, 17, 107, 7407 }, // q
    { 13, 17, 187, 0, 17, 56, 7514 }, // r
    { 14, 17, 222, 0, 17, 60, 7570 }, // s
    { 12, 23, 201, 1, 23, 69, 7630 }, // t
    { 17, 17, 294, 1, 17, 73, 7699 }, // u
    { 17, 17, 255, 1, 17, 73, 7772 }, // v
    { 23, 17, 356, 1, 17, 98, 7845 }, // w
    { 18, 17, 245, -2, 17, 77, 7943 }, // x
    { 20, 24, 246, -3, 17, 120, 8020 }, // y
    { 17, 17, 240, -1, 17, 73, 8140 }, // z
    { 12, 28, 171, 1, 23, 84, 8213 }, // {
    { 9, 29, 129, 0, 23, 66, 8297 }, // |
    { 11, 28, 171, -1, 23, 77, 8363 }, // }
    { 18, 6, 324, 1, 12, 27, 8440 }, // ~
    { 0, 0, 130, 0, 0, 0, 0 }, // U+00A0
    { 9, 24, 126, -1, 17, 54, 0 }, // U+00A1
    { 16, 23, 252, 1, 22, 92, 54 }, // U+00A2
    { 19, 23, 286, 0, 23, 110, 146 }, // U+00A3
    { 22, 20, 328, 0, 21, 110, 256 }, // U+00A4
    { 21, 23, 308, 1, 23, 121, 366 }, // U+00A5
    { 9, 29, 129, 0, 23, 66, 487 }, // U+00A6
    { 18, 27, 283, 0, 23, 122, 553 }, // U+00A7
    { 11, 3, 213, 3, 21, 9, 675 }, // U+00A8
    { 26, 25, 429, 1, 25, 163, 684 }, // U+00A9
    { 11, 12, 193, 2, 23, 33, 847 }, // U+00AA
    { 17, 13, 275, 1, 15, 56, 880 }, // U+00AB
    { 19, 10, 324, 1, 14, 48, 936 }, // U+00AC
    { 10, 3, 181, 1, 11, 8, 984 }, // U+00AD
    { 15, 14, 276, 3, 23, 53, 992 }, // U+00AE
    { 12, 3, 213, 3, 22, 9, 1045 }, // U+00AF
    { 10, 9, 168, 2, 24, 23, 1054 }, // U+00B0
    { 20, 19, 324, 0, 19, 95, 1077 }, // U+00B1
    { 13, 16, 213, 1, 23, 52, 1172 }, // U+00B2
    { 13, 16, 213, 1, 23, 52, 1224 }, // U+00B3
    { 8, 5, 213, 5, 23, 10, 1276 }, // U+00B4
    { 19, 24, 294, -1, 17, 114, 1286 }, // U+00B5
    { 16, 27, 286, 2, 23, 108, 1400 }, // U+00B6
    { 5, 4, 134, 2, 11, 5, 1508 }, // U+00B7
    { 8, 8, 213, 0, 0, 16, 1513 }, // U+00B8
    { 10, 16, 213, 2, 23, 40, 1529 }, // U+00B9
    { 12, 12, 208, 2, 23, 36, 1569 }, // U+00BA
    { 16, 13, 275, 0, 15, 52, 1605 }, // U+00BB
    { 27, 24, 516, 3, 23, 162, 1657 }, // U+00BC
    { 28, 25, 516, 3, 24, 175, 1819 }, // U+00BD
    { 29, 25, 516, 1, 24, 182, 1994 }, // U+00BE
    { 13, 24, 242, -1, 17, 78, 2176 }, // U+00BF
    { 19, 30, 318, -1, 30, 143, 2254 }, // U+00C0
    { 20, 30, 318, -1, 30, 150, 2397 }, // U+00C1
    { 19, 30, 318, -1, 30, 143, 2547 }, // U+00C2
    { 20, 29, 318, -1, 29, 145, 2690 }, // U+00C3
    { 20, 28, 318, -1, 28, 140, 2835 }, // U+00C4
    { 19, 30, 318, -1, 30, 143, 2975 }, // U+00C5
    { 29, 23, 427, -1, 23, 167, 3118 }, // U+00C6
    { 20, 30, 312, 1, 23, 150, 3285 }, // U+00C7
    { 19, 30, 294, 1, 30, 143, 3435 }, // U+00C8
    { 19, 30, 294, 1, 30, 143, 3578 }, // U+00C9
    { 19, 30, 294, 1, 30, 143, 3721 }, // U+00CA
    { 19, 28, 294, 1, 28, 133, 3864 }, // U+00CB
    { 9, 30, 156, 1, 30, 68, 3997 }, // U+00CC
    { 13, 30, 156, 1, 30, 98, 4065 }, // U+00CD
    { 12, 30, 156, 1, 30, 90, 4163 }, // U+00CE
    { 13, 28, 156, 1, 28, 91, 4253 }, // U+00CF
    { 21, 23, 333, 0, 23, 121, 4344 }, // U+00D0
    { 22, 29, 364, 1, 29, 160, 4465 }, // U+00D1
    { 21, 30, 352, 1, 30, 158, 4625 }, // U+00D2
    { 21, 31, 352, 1, 31, 163, 4783 }, // U+00D3
    { 21, 30, 352, 1, 30, 158, 4946 }, // U+00D4
    { 21, 29, 352, 1, 29, 153, 5104 }, // U+00D5
    { 21, 29, 352, 1, 29, 153, 5257 }, // U+00D6
    { 20, 17, 324, 0, 17, 85, 5410 }, // U+00D7
    { 21, 25, 352, 1, 24, 132, 5495 }, // U+00D8
    { 20, 30, 350, 2, 30, 150, 5627 }, // U+00D9
    { 20, 31, 350, 2, 31, 155, 5777 }, // U+00DA
    { 20, 30, 350, 2, 30, 150, 5932 }, // U+00DB
    { 20, 29, 350, 2, 29, 145, 6082 }, // U+00DC
    { 19, 30, 306, 3, 30, 143, 6227 }, // U+00DD
    { 18, 23, 302, 1, 23, 104, 6370 }, // U+00DE
    { 18, 23, 301, 0, 23, 104, 6474 }, // U+00DF
    { 18, 23, 289, 0, 23, 104, 6578 }, // U+00E0
    { 18, 23, 289, 0, 23, 104, 6682 }, // U+00E1
    { 18, 23, 289, 0, 23, 104, 6786 }, // U+00E2
    { 18, 23, 289, 0, 23, 104, 6890 }, // U+00E3
    { 18, 22, 289, 0, 22, 99, 6994 }, // U+00E4
    { 18, 24, 289, 0, 24, 108, 7093 }, // U+00E5
    { 27, 17, 439, 0, 17, 115, 7201 }, // U+00E6
    { 17, 24, 252, 0, 17, 102, 7316 }, // U+00E7
    { 17, 23, 276, 0, 23, 98, 7418 }, // U+00E8
    { 17, 23, 276, 0, 23, 98, 7516 }, // U+00E9
    { 17, 23, 276, 0, 23, 98, 7614 }, // U+00EA
    { 17, 22, 276, 0, 22, 94, 7712 }, // U+00EB
    { 7, 23, 135, 1, 23, 41, 7806 }, // U+00EC
    { 11, 23, 135, 1, 23, 64, 7847 }, // U+00ED
    { 10, 23, 135, 1, 23, 58, 7911 }, // U+00EE
    { 11, 22, 135, 1, 22, 61, 7969 }, // U+00EF
    { 16, 24, 264, 0, 24, 96, 8030 }, // U+00F0
    { 17, 22, 293, 0, 22, 94, 8126 }, // U+00F1
    { 17, 23, 297, 1, 23, 98, 8220 }, // U+00F2
    { 17, 23, 297, 1, 23, 98, 8318 }, // U+00F3
    { 17, 23, 297, 1, 23, 98, 8416 }, // U+00F4
    { 17, 23, 297, 1, 23, 98, 8514 }, // U+00F5
    { 17, 22, 297, 1, 22, 94, 8612 }, // U+00F6
    { 18, 16, 324, 1, 17, 72, 8706 }, // U+00F7
    { 17, 19, 297, 1, 18, 81, 8778 }, // U+00F8
    { 17, 23, 294, 1, 23, 98, 8859 }, // U+00F9
    { 17, 23, 294, 1, 23, 98, 8957 }, // U+00FA
    { 17, 23, 294, 1, 23, 98, 9055 }, // U+00FB
    { 17, 22, 294, 1, 22, 94, 9153 }, // U+00FC
    { 20, 30, 246, -3, 23, 150, 9247 }, // U+00FD
    { 18, 33, 285, -1, 26, 149, 9397 }, // U+00FE
    { 20, 29, 246, -3, 22, 145, 9546 }, // U+00FF
    { 20, 28, 318, -1, 28, 140, 0 }, // U+0100
    { 18, 22, 289, 0, 22, 99, 140 }, // U+0101
    { 20, 30, 318, -1, 30, 150, 239 }, // U+0102
    { 18, 23, 289, 0, 23, 104, 389 }, // U+0103
    { 19, 30, 318, -1, 23, 143, 493 }, // U+0104
    { 18, 24, 289, 0, 17, 108, 636 }, // U+0105
    { 20, 31, 312, 1, 31, 155, 744 }, // U+0106
    { 17, 23, 252, 0, 23, 98, 899 }, // U+0107
    { 20, 30, 312, 1, 30, 150, 997 }, // U+0108
    { 17, 23, 252, 0, 23, 98, 1147 }, // U+0109
    { 20, 29, 312, 1, 29, 145, 1245 }, // U+010A
    { 17, 22, 252, 0, 22, 94, 1390 }, // U+010B
    { 20, 30, 312, 1, 30, 150, 1484 }, // U+010C
    { 17, 23, 252, 0, 23, 98, 1634 }, // U+010D
    { 20, 30, 332, 1, 30, 150, 1732 }, // U+010E
    { 25, 26, 354, 0, 26, 163, 1882 }, // U+010F
    { 21, 23, 333, 0, 23, 121, 2045 }, // U+0110
    { 21, 25, 298, 0, 25, 132, 2166 }, // U+0111
    { 19, 28, 294, 1, 28, 133, 2298 }, // U+0112
    { 17, 22, 276, 0, 22, 94, 2431 }, // U+0113
    { 19, 30, 294, 1, 30, 143, 2525 }, // U+0114
    { 17, 23, 276, 0, 23, 98, 2668 }, // U+0115
    { 19, 28, 294, 1, 28, 133, 2766 }, // U+0116
    { 17, 22, 276, 0, 22, 94, 2899 }, // U+0117
    { 19, 30, 294, 1, 23, 143, 2993 }, // U+0118
    { 17, 23, 276, 0, 17, 98, 3136 }, // U+0119
    { 19, 30, 294, 1, 30, 143, 3234 }, // U+011A
    { 17, 23, 276, 0, 23, 98, 3377 }, // U+011B
    { 20, 30, 339, 1, 30, 150, 3475 }, // U+011C
    { 19, 30, 288, -1, 23, 143, 3625 }, // U+011D
    { 20, 30, 339, 1, 30, 150, 3768 }, // U+011E
    { 19, 30, 288, -1, 23, 143, 3918 }, // U+011F
    { 20, 29, 339, 1, 29, 145, 4061 }, // U+0120
    { 19, 29, 288, -1, 22, 138, 4206 }, // U+0121
    { 20, 33, 339, 1, 23, 165, 4344 }, // U+0122
    { 19, 34, 288, -1, 27, 162, 4509 }, // U+0123
    { 22, 30, 362, 1, 30, 165, 4671 }, // U+0124
    { 17, 32, 298, 0, 32, 136, 4836 }, // U+0125
    { 24, 23, 372, 1, 23, 138, 4972 }, // U+0126
    { 17, 25, 298, 0, 25, 107, 5110 }, // U+0127
    { 13, 29, 156, 1, 29, 95, 5217 }, // U+0128
    { 11, 22, 135, 1, 22, 61, 5312 }, // U+0129
    { 13, 28, 156, 1, 28, 91, 5373 }, // U+012A
    { 12, 21, 135, 0, 21, 63, 5464 }, // U+012B
    { 13, 30, 156, 1, 30, 98, 5527 }, // U+012C
    { 11, 23, 135, 1, 23, 64, 5625 }, // U+012D
    { 12, 30, 156, -2, 23, 90, 5689 }, // U+012E
    { 11, 30, 131, -2, 23, 83, 5779 }, // U+012F
    { 9, 28, 156, 1, 28, 63, 5862 }, // U+0130
    { 7, 17, 135, 1, 17, 30, 5925 }, // U+0131
    { 24, 23, 390, 1, 23, 138, 5955 }, // U+0132
    { 16, 30, 262, 1, 23, 120, 6093 }, // U+0133
    { 17, 30, 235, -1, 30, 128, 6213 }, // U+0134
    { 16, 29, 132, -5, 23, 116, 6341 }, // U+0135
    { 21, 33, 323, 1, 23, 174, 6457 }, // U+0136
    { 18, 35, 260, 0, 25, 158, 6631 }, // U+0137
    { 18, 17, 260, 0, 17, 77, 6789 }, // U+0138
    { 15, 30, 292, 1, 30, 113, 6866 }, // U+0139
    { 12, 32, 155, 1, 32, 96, 6979 }, // U+013A
    { 15, 33, 292, 1, 23, 124, 7075 }, // U+013B
    { 8, 35, 155, 1, 25, 70, 7199 }, // U+013C
    { 18, 23, 292, 1, 23, 104, 7269 }, // U+013D
    { 13, 25, 177, 1, 25, 82, 7373 }, // U+013E
    { 15, 23, 292, 1, 23, 87, 7455 }, // U+013F
    { 11, 25, 179, 1, 25, 69, 7542 }, // U+0140
    { 16, 23, 292, 0, 23, 92, 7611 }, // U+0141
    { 9, 25, 155, 1, 25, 57, 7703 }, // U+0142
    { 22, 30, 364, 1, 30, 165, 7760 }, // U+0143
    { 17, 23, 293, 0, 23, 98, 7925 }, // U+0144
    { 22, 33, 364, 1, 23, 182, 8023 }, // U+0145
    { 17, 27, 293, 0, 17, 115, 8205 }, // U+0146
    { 22, 30, 364, 1, 30, 165, 8320 }, // U+0147
    { 17, 23, 293, 0, 23, 98, 8485 }, // U+0148
    { 18, 23, 336, 2, 23, 104, 8583 }, // U+0149
    { 22, 32, 364, 1, 23, 176, 8687 }, // U+014A
    { 17, 24, 293, 0, 17, 102, 8863 }, // U+014B
    { 21, 28, 352, 1, 28, 147, 8965 }, // U+014C
    { 17, 22, 297, 1, 22, 94, 9112 }, // U+014D
    { 21, 30, 352, 1, 30, 158, 9206 }, // U+014E
    { 17, 23, 297, 1, 23, 98, 9364 }, // U+014F
    { 21, 30, 352, 1, 30, 158, 9462 }, // U+0150
    { 17, 23, 297, 1, 23, 98, 9620 }, // U+0151
    { 30, 23, 475, 1, 23, 173, 9718 }, // U+0152
    { 29, 17, 464, 0, 17, 124, 9891 }, // U+0153
    { 19, 30, 310, 1, 30, 143, 10015 }, // U+0154
    { 14, 23, 187, 0, 23, 81, 10158 }, // U+0155
    { 19, 33, 310, 1, 23, 157, 10239 }, // U+0156
    { 14, 27, 187, -1, 17, 95, 10396 }, // U+0157
    { 19, 30, 310, 1, 30, 143, 10491 }, // U+0158
    { 14, 23, 187, 0, 23, 81, 10634 }, // U+0159
    { 18, 31, 282, 0, 31, 140, 10715 }, // U+015A
    { 15, 23, 222, 0, 23, 87, 10855 }, // U+015B
    { 18, 30, 282, 0, 30, 135, 10942 }, // U+015C
    { 14, 23, 222, 0, 23, 81, 11077 }, // U+015D
    { 18, 30, 282, 0, 23, 135, 11158 }, // U+015E
    { 14, 24, 222, 0, 17, 84, 11293 }, // U+015F
    { 18, 30, 282, 0, 30, 135, 11377 }, // U+0160
    { 15, 23, 222, 0, 23, 87, 11512 }, // U+0161
    { 19, 30, 298, 2, 23, 143, 11599 }, // U+0162
    { 12, 30, 201, 1, 23, 90, 11742 }, // U+0163
    { 19, 30, 298, 2, 30, 143, 11832 }, // U+0164
    { 17, 24, 244, 1, 24, 102, 11975 }, // U+0165
    { 19, 23, 298, 2, 23, 110, 12077 }, // U+0166
    { 13, 23, 201, 0, 23, 75, 12187 }, // U+0167
    { 20, 29, 350, 2, 29, 145, 12262 }, // U+0168
    { 17, 23, 294, 1, 23, 98, 12407 }, // U+0169
    { 20, 28, 350, 2, 28, 140, 12505 }, // U+016A
    { 17, 22, 294, 1, 22, 94, 12645 }, // U+016B
    { 20, 30, 350, 2, 30, 150, 12739 }, // U+016C
    { 17, 23, 294, 1, 23, 98, 12889 }, // U+016D
    { 20, 31, 350, 2, 31, 155, 12987 }, // U+016E
    { 17, 24, 294, 1, 24, 102, 13142 }, // U+016F
    { 20, 30, 350, 2, 30, 150, 13244 }, // U+0170
    { 17, 23, 294, 1, 23, 98, 13394 }, // U+0171
    { 20, 30, 350, 2, 23, 150, 13492 }, // U+0172
    { 17, 24, 294, 1, 17, 102, 13642 }, // U+0173
    { 27, 30, 443, 3, 30, 203, 13744 }, // U+0174
    { 23, 23, 356, 1, 23, 133, 13947 }, // U+0175
    { 19, 30, 306, 3, 30, 143, 14080 }, // U+0176
    { 20, 30, 246, -3, 23, 150, 14223 }, // U+0177
    { 19, 28, 306, 3, 28, 133, 14373 }, // U+0178
    { 21, 30, 302, -1, 30, 158, 14506 }, // U+0179
    { 17, 23, 240, -1, 23, 98, 14664 }, // U+017A
    { 21, 28, 302, -1, 28, 147, 14762 }, // U+017B
    { 17, 22, 240, -1, 22, 94, 14909 }, // U+017C
    { 21, 30, 302, -1, 30, 158, 15003 }, // U+017D
    { 17, 23, 240, -1, 23, 98, 15161 }, // U+017E
    { 26, 23, 372, 1, 23, 150, 0 }, // U+01A0
    { 22, 17, 319, 1, 17, 94, 150 }, // U+01A1
    { 25, 23, 370, 2, 23, 144, 244 }, // U+01AF
    { 22, 17, 319, 1, 17, 94, 388 }, // U+01B0
    { 20, 30, 318, -1, 30, 150, 482 }, // U+01CD
    { 18, 23, 289, 0, 23, 104, 632 }, // U+01CE
    { 13, 30, 156, 1, 30, 98, 736 }, // U+01CF
    { 11, 23, 135, 1, 23, 64, 834 }, // U+01D0
    { 21, 30, 352, 1, 30, 158, 898 }, // U+01D1
    { 17, 23, 297, 1, 23, 98, 1056 }, // U+01D2
    { 20, 30, 350, 2, 30, 150, 1154 }, // U+01D3
    { 17, 23, 294, 1, 23, 98, 1304 }, // U+01D4
    { 20, 33, 350, 2, 33, 165, 1402 }, // U+01D5
    { 17, 27, 294, 1, 27, 115, 1567 }, // U+01D6
    { 20, 33, 350, 2, 33, 165, 1682 }, // U+01D7
    { 17, 27, 294, 1, 27, 115, 1847 }, // U+01D8
    { 20, 34, 350, 2, 34, 170, 1962 }, // U+01D9
    { 17, 27, 294, 1, 27, 115, 2132 }, // U+01DA
    { 20, 33, 350, 2, 33, 165, 2247 }, // U+01DB
    { 17, 26, 294, 1, 26, 111, 2412 }, // U+01DC
    { 20, 30, 339, 1, 30, 150, 2523 }, // U+01E6
    { 19, 30, 288, -1, 23, 143, 2673 }, // U+01E7
    { 20, 34, 318, -1, 34, 170, 2816 }, // U+01FA
    { 18, 29, 289, 0, 29, 131, 2986 }, // U+01FB
    { 29, 30, 427, -1, 30, 218, 3117 }, // U+01FC
    { 27, 23, 439, 0, 23, 156, 3335 }, // U+01FD
    { 21, 32, 352, 1, 31, 168, 3491 }, // U+01FE
    { 17, 24, 297, 1, 23, 102, 3659 }, // U+01FF
    { 18, 33, 282, 0, 23, 149, 3761 }, // U+0218
    { 14, 27, 222, 0, 17, 95, 3910 }, // U+0219
    { 19, 33, 298, 2, 23, 157, 4005 }, // U+021A
    { 12, 33, 201, 1, 23, 99, 4162 }, // U+021B
    { 5, 5, 0, -2, 23, 7, 0 }, // U+0300
    { 8, 5, 0, 0, 23, 10, 7 }, // U+0301
    { 10, 5, 0, -3, 23, 13, 17 }, // U+0302
    { 12, 3, 0, -4, 21, 9, 30 }, // U+0303
    { 12, 3, 0, -4, 22, 9, 39 }, // U+0304
    { 11, 5, 0, -3, 23, 14, 48 }, // U+0306
    { 4, 3, 0, 0, 21, 3, 62 }, // U+0307
    { 11, 3, 0, -3, 21, 9, 65 }, // U+0308
    { 7, 9, 0, -1, 27, 16, 74 }, // U+0309
    { 7, 7, 0, -1, 24, 13, 90 }, // U+030A
    { 12, 5, 0, -3, 23, 15, 103 }, // U+030B
    { 11, 5, 0, -3, 23, 14, 118 }, // U+030C
    { 8, 8, 0, -3, 18, 16, 132 }, // U+031B
    { 4, 3, 0, -4, -3, 3, 148 }, // U+0323
    { 12, 3, 0, -8, -3, 9, 151 }, // U+0324
    { 5, 8, 0, -5, -2, 10, 160 }, // U+0326
    { 7, 8, 0, -6, 1, 14, 170 }, // U+0327
    { 6, 7, 0, -6, 0, 11, 184 }, // U+0328
    { 10, 5, 0, -7, -2, 13, 195 }, // U+032E
    { 12, 3, 0, -8, -1, 9, 208 }, // U+0331
    { 17, 20, 307, 1, 20, 85, 0 }, // U+0E01
    { 19, 20, 317, 1, 20, 95, 85 }, // U+0E02
    { 19, 21, 323, 1, 21, 100, 180 }, // U+0E03
    { 18, 20, 322, 1, 20, 90, 280 }, // U+0E04
    { 18, 21, 324, 1, 21, 95, 370 }, // U+0E05
    { 20, 21, 340, 1, 21, 105, 465 }, // U+0E06
    { 14, 20, 242, 1, 20, 70, 570 }, // U+0E07
    { 17, 20, 296, 1, 20, 85, 640 }, // U+0E08
    { 17, 20, 304, 1, 20, 85, 725 }, // U+0E09
    { 20, 21, 323, 1, 21, 105, 810 }, // U+0E0A
    { 21, 21, 328, 1, 21, 111, 915 }, // U+0E0B
    { 26, 20, 430, 1, 20, 130, 1026 }, // U+0E0C
    { 27, 29, 443, 1, 20, 196, 1156 }, // U+0E0D
    { 20, 31, 326, -1, 20, 155, 1352 }, // U+0E0E
    { 21, 31, 326, -2, 20, 163, 1507 }, // U+0E0F
    { 22, 32, 287, -3, 21, 176, 1670 }, // U+0E10
    { 22, 20, 378, 1, 20, 110, 1846 }, // U+0E11
    { 27, 21, 443, 1, 21, 142, 1956 }, // U+0E12
    { 27, 20, 443, 1, 20, 135, 2098 }, // U+0E13
    { 18, 20, 316, 1, 20, 90, 2233 }, // U+0E14
    { 18, 21, 324, 1, 21, 95, 2323 }, // U+0E15
    { 17, 20, 310, 1, 20, 85, 2418 }, // U+0E16
    { 19, 20, 350, 2, 20, 95, 2503 }, // U+0E17
    { 18, 21, 289, 1, 21, 95, 2598 }, // U+0E18
    { 19, 20, 340, 2, 20, 95, 2693 }, // U+0E19
    { 19, 20, 344, 2, 20, 95, 2788 }, // U+0E1A
    { 21, 28, 349, 2, 28, 147, 2883 }, // U+0E1B
    { 21, 20, 332, 0, 20, 105, 3030 }, // U+0E1C
    { 22, 28, 332, 0, 28, 154, 3135 }, // U+0E1D
    { 22, 20, 384, 2, 20, 110, 3289 }, // U+0E1E
    { 23, 28, 384, 2, 28, 161, 3399 }, // U+0E1F
    { 20, 20, 328, -1, 20, 100, 3560 }, // U+0E20
    { 20, 20, 327, 0, 20, 100, 3660 }, // U+0E21
    { 18, 20, 305, 1, 20, 90, 3760 }, // U+0E22
    { 15, 21, 258, 2, 21, 79, 3850 }, // U+0E23
    { 17, 29, 310, 1, 20, 124, 3929 }, // U+0E24
    { 17, 20, 309, 1, 20, 85, 4053 }, // U+0E25
    { 20, 29, 326, -1, 20, 145, 4138 }, // U+0E26
    { 15, 20, 273, 1, 20, 75, 4283 }, // U+0E27
    { 20, 22, 321, 1, 22, 110, 4358 }, // U+0E28
    { 22, 20, 361, 2, 20, 110, 4468 }, // U+0E29
    { 20, 22, 309, 1, 22, 110, 4578 }, // U+0E2A
    { 19, 20, 339, 2, 20, 95, 4688 }, // U+0E2B
    { 24, 22, 384, 2, 22, 132, 4783 }, // U+0E2C
    { 17, 20, 313, 2, 20, 85, 4915 }, // U+0E2D
    { 19, 20, 301, 1, 20, 95, 5000 }, // U+0E2E
    { 16, 20, 291, 2, 20, 80, 5095 }, // U+0E2F
    { 18, 20, 285, 0, 21, 90, 5175 }, // U+0E30
    { 16, 8, 0, -9, 31, 32, 5265 }, // U+0E31
    { 14, 20, 259, 1, 20, 70, 5297 }, // U+0E32
    { 20, 31, 259, -5, 31, 155, 5367 }, // U+0E33
    { 16, 10, 0, -15, 32, 40, 5522 }, // U+0E34
    { 17, 11, 0, -15, 33, 47, 5562 }, // U+0E35
    { 18, 11, 0, -15, 33, 50, 5609 }, // U+0E36
    { 17, 11, 0, -15, 33, 47, 5659 }, // U+0E37
    { 8, 10, 0, -12, -2, 20, 5706 }, // U+0E38
    { 13, 9, 0, -17, -2, 30, 5726 }, // U+0E39
    { 4, 4, 0, -8, -2, 4, 5756 }, // U+0E3A
    { 18, 29, 314, 1, 26, 131, 5760 }, // U+0E3F
    { 8, 20, 165, 1, 20, 40, 5891 }, // U+0E40
    { 17, 20, 309, 1, 20, 85, 5931 }, // U+0E41
    { 15, 34, 202, 1, 34, 128, 6016 }, // U+0E42
    { 13, 34, 207, 1, 34, 111, 6144 }, // U+0E43
    { 12, 34, 208, 1, 34, 102, 6255 }, // U+0E44
    { 14, 29, 157, -5, 20, 102, 6357 }, // U+0E45
    { 16, 29, 331, 3, 20, 116, 6459 }, // U+0E46
    { 15, 13, 0, -13, 36, 49, 6575 }, // U+0E47
    { 5, 7, 0, -3, 31, 9, 6624 }, // U+0E48
    { 16, 9, 0, -10, 33, 36, 6633 }, // U+0E49
    { 18, 10, 0, -13, 33, 45, 6669 }, // U+0E4A
    { 9, 8, 0, -5, 31, 18, 6714 }, // U+0E4B
    { 13, 10, 0, -8, 34, 33, 6732 }, // U+0E4C
    { 9, 8, 0, -5, 31, 18, 6765 }, // U+0E4D
    { 12, 11, 0, -8, 34, 33, 6783 }, // U+0E4E
    { 18, 17, 331, 1, 17, 77, 6816 }, // U+0E4F
    { 20, 16, 352, 1, 16, 80, 6893 }, // U+0E50
    { 20, 16, 360, 1, 15, 80, 6973 }, // U+0E51
    { 21, 21, 365, 1, 21, 111, 7053 }, // U+0E52
    { 21, 16, 370, 1, 16, 84, 7164 }, // U+0E53
    { 25, 22, 362, 1, 21, 138, 7248 }, // U+0E54
    { 25, 22, 362, 1, 21, 138, 7386 }, // U+0E55
    { 19, 21, 360, 2, 21, 100, 7524 }, // U+0E56
    { 26, 21, 397, 1, 21, 137, 7624 }, // U+0E57
    { 22, 21, 359, 1, 21, 116, 7761 }, // U+0E58
    { 23, 21, 369, 1, 21, 121, 7877 }, // U+0E59
    { 23, 20, 409, 2, 20, 115, 7998 }, // U+0E5A
    { 31, 17, 544, 2, 18, 132, 8113 }, // U+0E5B
    { 19, 29, 318, -1, 23, 138, 0 }, // U+1EA0
    { 18, 22, 289, 0, 17, 99, 138 }, // U+1EA1
    { 19, 33, 318, -1, 33, 157, 237 }, // U+1EA2
    { 18, 26, 289, 0, 26, 117, 394 }, // U+1EA3
    { 23, 33, 318, -1, 33, 190, 511 }, // U+1EA4
    { 19, 26, 289, 0, 26, 124, 701 }, // U+1EA5
    { 21, 32, 318, -1, 32, 168, 825 }, // U+1EA6
    { 18, 26, 289, 0, 26, 117, 993 }, // U+1EA7
    { 23, 34, 318, -1, 34, 196, 1110 }, // U+1EA8
    { 20, 28, 289, 0, 28, 140, 1306 }, // U+1EA9
    { 20, 34, 318, -1, 34, 170, 1446 }, // U+1EAA
    { 18, 28, 289, 0, 28, 126, 1616 }, // U+1EAB
    { 19, 36, 318, -1, 30, 171, 1742 }, // U+1EAC
    { 18, 28, 289, 0, 23, 126, 1913 }, // U+1EAD
    { 20, 34, 318, -1, 34, 170, 2039 }, // U+1EAE
    { 18, 28, 289, 0, 28, 126, 2209 }, // U+1EAF
    { 20, 34, 318, -1, 34, 170, 2335 }, // U+1EB0
    { 18, 28, 289, 0, 28, 126, 2505 }, // U+1EB1
    { 20, 35, 318, -1, 35, 175, 2631 }, // U+1EB2
    { 18, 29, 289, 0, 29, 131, 2806 }, // U+1EB3
    { 20, 35, 318, -1, 35, 175, 2937 }, // U+1EB4
    { 18, 28, 289, 0, 28, 126, 3112 }, // U+1EB5
    { 20, 36, 318, -1, 30, 180, 3238 }, // U+1EB6
    { 18, 28, 289, 0, 23, 126, 3418 }, // U+1EB7
    { 19, 29, 294, 1, 23, 138, 3544 }, // U+1EB8
    { 17, 22, 276, 0, 17, 94, 3682 }, // U+1EB9
    { 19, 33, 294, 1, 33, 157, 3776 }, // U+1EBA
    { 17, 26, 276, 0, 26, 111, 3933 }, // U+1EBB
    { 19, 29, 294, 1, 29, 138, 4044 }, // U+1EBC
    { 17, 23, 276, 0, 23, 98, 4182 }, // U+1EBD
    { 20, 33, 294, 1, 33, 165, 4280 }, // U+1EBE
    { 19, 26, 276, 0, 26, 124, 4445 }, // U+1EBF
    { 19, 32, 294, 1, 32, 152, 4569 }, // U+1EC0
    { 18, 26, 276, 0, 26, 117, 4721 }, // U+1EC1
    { 21, 34, 294, 1, 34, 179, 4838 }, // U+1EC2
    { 20, 28, 276, 0, 28, 140, 5017 }, // U+1EC3
    { 19, 34, 294, 1, 34, 162, 5157 }, // U+1EC4
    { 17, 28, 276, 0, 28, 119, 5319 }, // U+1EC5
    { 19, 36, 294, 1, 30, 171, 5438 }, // U+1EC6
    { 17, 28, 276, 0, 23, 119, 5609 }, // U+1EC7
    { 12, 33, 156, 1, 33, 99, 5728 }, // U+1EC8
    { 10, 27, 135, 1, 27, 68, 5827 }, // U+1EC9
    { 10, 29, 156, 0, 23, 73, 5895 }, // U+1ECA
    { 9, 29, 131, 0, 23, 66, 5968 }, // U+1ECB
    { 21, 28, 352, 1, 23, 147, 6034 }, // U+1ECC
    { 17, 22, 297, 1, 17, 94, 6181 }, // U+1ECD
    { 21, 34, 352, 1, 34, 179, 6275 }, // U+1ECE
    { 17, 26, 297, 1, 26, 111, 6454 }, // U+1ECF
    { 22, 33, 352, 1, 33, 182, 6565 }, // U+1ED0
    { 19, 26, 297, 1, 26, 124, 6747 }, // U+1ED1
    { 21, 33, 352, 1, 33, 174, 6871 }, // U+1ED2
    { 17, 26, 297, 1, 26, 111, 7045 }, // U+1ED3
    { 22, 34, 352, 1, 34, 187, 7156 }, // U+1ED4
    { 19, 28, 297, 1, 28, 133, 7343 }, // U+1ED5
    { 21, 35, 352, 1, 35, 184, 7476 }, // U+1ED6
    { 17, 28, 297, 1, 28, 119, 7660 }, // U+1ED7
    { 21, 35, 352, 1, 30, 184, 7779 }, // U+1ED8
    { 17, 28, 297, 1, 23, 119, 7963 }, // U+1ED9
    { 26, 31, 372, 1, 31, 202, 8082 }, // U+1EDA
    { 22, 23, 319, 1, 23, 127, 8284 }, // U+1EDB
    { 26, 30, 372, 1, 30, 195, 8411 }, // U+1EDC
    { 22, 23, 319, 1, 23, 127, 8606 }, // U+1EDD
    { 26, 34, 372, 1, 34, 221, 8733 }, // U+1EDE
    { 22, 26, 319, 1, 26, 143, 8954 }, // U+1EDF
    { 26, 29, 372, 1, 29, 189, 9097 }, // U+1EE0
    { 22, 23, 319, 1, 23, 127, 9286 }, // U+1EE1
    { 26, 28, 372, 1, 23, 182, 9413 }, // U+1EE2
    { 22, 22, 319, 1, 17, 121, 9595 }, // U+1EE3
    { 20, 28, 350, 2, 23, 140, 9716 }, // U+1EE4
    { 17, 22, 294, 1, 17, 94, 9856 }, // U+1EE5
    { 20, 34, 350, 2, 34, 170, 9950 }, // U+1EE6
    { 17, 26, 294, 1, 26, 111, 10120 }, // U+1EE7
    { 25, 31, 370, 2, 31, 194, 10231 }, // U+1EE8
    { 22, 23, 319, 1, 23, 127, 10425 }, // U+1EE9
    { 25, 30, 370, 2, 30, 188, 10552 }, // U+1EEA
    { 22, 23, 319, 1, 23, 127, 10740 }, // U+1EEB
    { 25, 34, 370, 2, 34, 213, 10867 }, // U+1EEC
    { 22, 26, 319, 1, 26, 143, 11080 }, // U+1EED
    { 25, 29, 370, 2, 29, 182, 11223 }, // U+1EEE
    { 22, 23, 319, 1, 23, 127, 11405 }, // U+1EEF
    { 25, 28, 370, 2, 23, 175, 11532 }, // U+1EF0
    { 22, 22, 319, 1, 17, 121, 11707 }, // U+1EF1
    { 19, 30, 306, 3, 30, 143, 11828 }, // U+1EF2
    { 20, 30, 246, -3, 23, 150, 11971 }, // U+1EF3
    { 19, 29, 306, 3, 23, 138, 12121 }, // U+1EF4
    { 20, 24, 246, -3, 17, 120, 12259 }, // U+1EF5
    { 19, 33, 306, 3, 33, 157, 12379 }, // U+1EF6
    { 20, 33, 246, -3, 26, 165, 12536 }, // U+1EF7
    { 19, 29, 306, 3, 29, 138, 12701 }, // U+1EF8
    { 20, 30, 246, -3, 23, 150, 12839 }, // U+1EF9
    { 0, 0, 293, 0, 0, 0, 0 }, // U+2007
    { 10, 3, 181, 1, 11, 8, 0 }, // U+2010
    { 17, 3, 288, 1, 11, 13, 8 }, // U+2012
    { 17, 3, 288, 1, 11, 13, 21 }, // U+2013
    { 27, 3, 446, 1, 11, 21, 34 }, // U+2014
    { 27, 3, 446, 1, 11, 21, 55 }, // U+2015
    { 7, 11, 180, 4, 26, 20, 76 }, // U+2018
    { 7, 11, 180, 4, 24, 20, 96 }, // U+2019
    { 6, 11, 179, 1, 5, 17, 116 }, // U+201A
    { 14, 11, 285, 4, 26, 39, 133 }, // U+201C
    { 13, 11, 285, 4, 24, 36, 172 }, // U+201D
    { 13, 11, 284, 1, 5, 36, 208 }, // U+201E
    { 16, 23, 280, 2, 23, 92, 244 }, // U+2020
    { 18, 23, 280, 0, 23, 104, 336 }, // U+2021
    { 10, 9, 196, 1, 14, 23, 440 }, // U+2022
    { 21, 4, 386, 0, 4, 21, 463 }, // U+2026
    { 39, 23, 684, 2, 23, 225, 484 }, // U+2030
    { 8, 8, 133, 2, 23, 16, 709 }, // U+2032
    { 14, 8, 219, 2, 23, 28, 725 }, // U+2033
    { 10, 13, 172, 1, 15, 33, 753 }, // U+2039
    { 10, 13, 172, 0, 15, 33, 786 }, // U+203A
    { 21, 24, 121, -6, 23, 126, 819 }, // U+2044
    { 13, 16, 213, 1, 23, 52, 0 }, // U+2070
    { 14, 16, 213, 0, 23, 56, 52 }, // U+2074
    { 14, 16, 213, 1, 23, 56, 108 }, // U+2075
    { 13, 17, 213, 1, 24, 56, 164 }, // U+2076
    { 12, 16, 213, 3, 23, 48, 220 }, // U+2077
    { 13, 16, 213, 1, 23, 52, 268 }, // U+2078
    { 12, 17, 213, 2, 23, 51, 320 }, // U+2079
    { 9, 19, 126, 1, 25, 43, 371 }, // U+207D
    { 9, 19, 126, 0, 25, 43, 414 }, // U+207E
    { 12, 11, 208, 2, 23, 33, 457 }, // U+207F
    { 13, 16, 213, -1, 11, 52, 490 }, // U+2080
    { 9, 16, 213, 0, 11, 36, 542 }, // U+2081
    { 13, 16, 213, -1, 11, 52, 578 }, // U+2082
    { 13, 16, 213, -1, 11, 52, 630 }, // U+2083
    { 14, 16, 213, -2, 11, 56, 682 }, // U+2084
    { 14, 16, 213, -1, 11, 56, 738 }, // U+2085
    { 13, 17, 213, -1, 12, 56, 794 }, // U+2086
    { 12, 16, 213, 1, 11, 48, 850 }, // U+2087
    { 13, 16, 213, -1, 11, 52, 898 }, // U+2088
    { 12, 17, 213, 0, 11, 51, 950 }, // U+2089
    { 9, 19, 126, -1, 13, 43, 1001 }, // U+208D
    { 9, 19, 126, -2, 13, 43, 1044 }, // U+208E
    { 20, 29, 316, 1, 26, 145, 0 }, // U+20A1
    { 19, 23, 286, 0, 23, 110, 145 }, // U+20A4
    { 27, 23, 426, 0, 23, 156, 255 }, // U+20A6
    { 21, 23, 326, 1, 23, 121, 411 }, // U+20A7
    { 21, 29, 298, 0, 25, 153, 532 }, // U+20AB
    { 22, 23, 330, 0, 23, 127, 685 }, // U+20AC
    { 22, 23, 347, 1, 23, 127, 812 }, // U+20B1
    { 20, 29, 339, 1, 26, 145, 939 }, // U+20B2
    { 20, 28, 316, 1, 25, 140, 1084 }, // U+20B5
    { 21, 24, 325, 2, 24, 126, 1224 }, // U+20B9
    { 18, 23, 301, 0, 23, 104, 1350 }, // U+20BA
    { 20, 23, 302, 0, 23, 115, 1454 }, // U+20BD
    { 21, 9, 480, 5, 13, 48, 0 }, // U+2190
    { 9, 20, 267, 5, 20, 45, 48 }, // U+2191
    { 21, 9, 480, 5, 13, 48, 93 }, // U+2192
    { 9, 20, 267, 3, 20, 45, 141 }, // U+2193
    { 16, 25, 261, 1, 24, 100, 0 }, // U+2202
    { 23, 24, 346, -2, 24, 138, 100 }, // U+2206
    { 23, 28, 355, 0, 24, 161, 238 }, // U+220F
    { 23, 28, 335, -1, 24, 161, 399 }, // U+2211
    { 18, 3, 324, 1, 10, 14, 560 }, // U+2212
    { 22, 24, 87, -8, 24, 132, 574 }, // U+2215
    { 6, 6, 149, 2, 15, 9, 706 }, // U+2219
    { 25, 25, 299, 1, 23, 157, 715 }, // U+221A
    { 26, 12, 454, 1, 16, 78, 872 }, // U+221E
    { 18, 31, 188, -3, 24, 140, 950 }, // U+222B
    { 19, 13, 324, 1, 16, 62, 1090 }, // U+2248
    { 18, 19, 324, 1, 18, 86, 1152 }, // U+2260
    { 21, 19, 324, 0, 19, 100, 1238 }, // U+2264
    { 19, 19, 324, 0, 19, 91, 1338 }, // U+2265
    { 19, 24, 301, 1, 24, 114, 0 }, // U+FB01
    { 18, 25, 328, 1, 25, 113, 114 }, // U+FB02
};

static const EpdUnicodeInterval sarabun_16_italicIntervals[] = {
    { 0x0, 0x0, 0x0 },
    { 0xD, 0xD, 0x1 },
    { 0x20, 0x7E, 0x2 },
    { 0xA0, 0x17E, 0x61 },
    { 0x1A0, 0x1A1, 0x140 },
    { 0x1AF, 0x1B0, 0x142 },
    { 0x1CD, 0x1DC, 0x144 },
    { 0x1E6, 0x1E7, 0x154 },
    { 0x1FA, 0x1FF, 0x156 },
    { 0x218, 0x21B, 0x15C },
    { 0x300, 0x304, 0x160 },
    { 0x306, 0x30C, 0x165 },
    { 0x31B, 0x31B, 0x16C },
    { 0x323, 0x324, 0x16D },
    { 0x326, 0x328, 0x16F },
    { 0x32E, 0x32E, 0x172 },
    { 0x331, 0x331, 0x173 },
    { 0xE01, 0xE3A, 0x174 },
    { 0xE3F, 0xE5B, 0x1AE },
    { 0x1EA0, 0x1EF9, 0x1CB },
    { 0x2007, 0x2007, 0x225 },
    { 0x2010, 0x2010, 0x226 },
    { 0x2012, 0x2015, 0x227 },
    { 0x2018, 0x201A, 0x22B },
    { 0x201C, 0x201E, 0x22E },
    { 0x2020, 0x2022, 0x231 },
    { 0x2026, 0x2026, 0x234 },
    { 0x2030, 0x2030, 0x235 },
    { 0x2032, 0x2033, 0x236 },
    { 0x2039, 0x203A, 0x238 },
    { 0x2044, 0x2044, 0x23A },
    { 0x2070, 0x2070, 0x23B },
    { 0x2074, 0x2079, 0x23C },
    { 0x207D, 0x2089, 0x242 },
    { 0x208D, 0x208E, 0x24F },
    { 0x20A1, 0x20A1, 0x251 },
    { 0x20A4, 0x20A4, 0x252 },
    { 0x20A6, 0x20A7, 0x253 },
    { 0x20AB, 0x20AC, 0x255 },
    { 0x20B1, 0x20B2, 0x257 },
    { 0x20B5, 0x20B5, 0x259 },
    { 0x20B9, 0x20BA, 0x25A },
    { 0x20BD, 0x20BD, 0x25C },
    { 0x2190, 0x2193, 0x25D },
    { 0x2202, 0x2202, 0x261 },
    { 0x2206, 0x2206, 0x262 },
    { 0x220F, 0x220F, 0x263 },
    { 0x2211, 0x2212, 0x264 },
    { 0x2215, 0x2215, 0x266 },
    { 0x2219, 0x221A, 0x267 },
    { 0x221E, 0x221E, 0x269 },
    { 0x222B, 0x222B, 0x26A },
    { 0x2248, 0x2248, 0x26B },
    { 0x2260, 0x2260, 0x26C },
    { 0x2264, 0x2265, 0x26D },
    { 0xFB01, 0xFB02, 0x26F },
};

static const EpdFontGroup sarabun_16_italicGroups[] = {
    { 0, 3896, 9286, 97, 0 },
    { 3896, 3314, 10597, 96, 97 },
    { 7210, 4104, 16606, 127, 193 },
    { 11314, 1591, 4605, 32, 320 },
    { 12905, 203, 240, 20, 352 },
    { 13108, 4574, 8900, 87, 372 },
    { 17682, 2199, 14056, 90, 459 },
    { 19881, 509, 1037, 22, 549 },
    { 20390, 598, 1283, 22, 571 },
    { 20988, 825, 1668, 12, 593 },
    { 21813, 138, 228, 4, 605 },
    { 21951, 640, 1534, 14, 609 },
    { 22591, 158, 245, 2, 623 },
};

static const uint16_t sarabun_16_italicKernLeftCodepoints[] = {
    0x002C, 0x002E, 0x0041, 0x0042, 0x0044, 0x0046, 0x004B, 0x004C, 0x004F, 0x0050, 0x0051, 0x0053,
    0x0054, 0x0055, 0x0056, 0x0057, 0x0058, 0x0059, 0x005A, 0x0061, 0x0062, 0x0063, 0x0065, 0x0066,
    0x0067, 0x006B, 0x006C, 0x006D, 0x006E, 0x006F, 0x0070, 0x0072, 0x0073, 0x0074, 0x0075, 0x0076,
    0x0078, 0x0079, 0x007A, 0x00C0, 0x00C1, 0x00C2, 0x00C3, 0x00C4, 0x00C5, 0x00D0, 0x00D2, 0x00D3,
    0x00D4, 0x00D5, 0x00D6, 0x00D8, 0x00D9, 0x00DA, 0x00DB, 0x00DC, 0x00DD, 0x00E0, 0x00E1, 0x00E2,
    0x00E3, 0x00E4, 0x00E5, 0x00E6, 0x00E7, 0x00E8, 0x00E9, 0x00EA, 0x00EB, 0x00F1, 0x00F2, 0x00F3,
    0x00F4, 0x00F5, 0x00F6, 0x00FD, 0x00FE, 0x00FF, 0x0100, 0x0101, 0x0102, 0x0103, 0x0104, 0x0105,
    0x0107, 0x0109, 0x010B, 0x010D, 0x010E, 0x0110, 0x0113, 0x0115, 0x0117, 0x0119, 0x011B, 0x0125,
    0x0127, 0x0132, 0x0134, 0x0136, 0x0137, 0x0138, 0x0139, 0x013B, 0x013D, 0x013F, 0x0141, 0x0144,
    0x0146, 0x0148, 0x0149, 0x014B, 0x014C, 0x014D, 0x014E, 0x014F, 0x0150, 0x0151, 0x0153, 0x0154,
    0x0155, 0x0156, 0x0157, 0x0158, 0x0159, 0x015A, 0x015B, 0x015C, 0x015D, 0x015E, 0x015F, 0x0160,
    0x0161, 0x0162, 0x0163, 0x0164, 0x0165, 0x0166, 0x0167, 0x0168, 0x016A, 0x016C, 0x016E, 0x0170,
    0x0172, 0x0174, 0x0175, 0x0176, 0x0177, 0x0178, 0x01A0, 0x01CD, 0x01CE, 0x01D1, 0x01D2, 0x01D3,
    0x01D5, 0x01D7, 0x01D9, 0x01DB, 0x01FA, 0x01FB, 0x01FD, 0x01FE, 0x01FF, 0x0218, 0x0219, 0x021A,
    0x021B, 0x1EA0, 0x1EA1, 0x1EA2, 0x1EA3, 0x1EA4, 0x1EA5, 0x1EA6, 0x1EA7, 0x1EA8, 0x1EA9, 0x1EAA,
    0x1EAB, 0x1EAC, 0x1EAD, 0x1EAE, 0x1EAF, 0x1EB0, 0x1EB1, 0x1EB2, 0x1EB3, 0x1EB4, 0x1EB5, 0x1EB6,
    0x1EB7, 0x1EB9, 0x1EBB, 0x1EBD, 0x1EBF, 0x1EC1, 0x1EC3, 0x1EC5, 0x1EC7, 0x1ECC, 0x1ECD, 0x1ECE,
    0x1ECF, 0x1ED0, 0x1ED1, 0x1ED2, 0x1ED3, 0x1ED4, 0x1ED5, 0x1ED6, 0x1ED7, 0x1ED8, 0x1ED9, 0x1EDA,
    0x1EDB, 0x1EDC, 0x1EDD, 0x1EDE, 0x1EDF, 0x1EE0, 0x1EE1, 0x1EE2, 0x1EE3, 0x1EE4, 0x1EE6, 0x1EF2,
    0x1EF3, 0x1EF4, 0x1EF5, 0x1EF6, 0x1EF7, 0x1EF8, 0x1EF9, 0x2018, 0x201C, 0x2026,
};

static const uint8_t sarabun_16_italicKernLeftClassIds[] = {
      1,   1,   2,   3,   4,   5,   6,   7,   8,   9,   8,  10,  11,  12,  13,  14,
     15,  16,  17,  18,  19,  20,  21,  22,  23,  24,  25,  26,  26,  27,  28,  29,
     30,  31,  32,  33,  34,  35,  36,  37,  37,  37,  37,  37,  37,  38,  39,  39,
     39,  39,  39,  40,  12,  12,  12,  12,  16,  18,  18,  18,  18,  18,  18,  41,
     42,  41,  41,  41,  41,  43,  27,  27,  27,  27,  27,  35,  44,  35,  37,  18,
     37,  18,  37,  18,  42,  42,  42,  42,  45,  38,  41,  41,  41,  41,  41,  46,
     46,  47,  47,  48,  49,  49,  50,  50,  50,  50,  51,  43,  43,  43,  43,  43,
     39,  27,  39,  27,  39,  27,  41,  52,  53,  52,  53,  52,  53,  54,  55,  54,
     55,  54,  55,  54,  55,  56,  57,  56,  57,  56,  57,  12,  12,  12,  12,  12,
     12,  58,  59,  16,  35,  16,  40,  37,  18,  39,  27,  12,  12,  12,  12,  12,
     37,  18,  41,  39,  27,  54,  55,  56,  57,  37,  18,  37,  18,  37,  18,  37,
     18,  37,  18,  37,  18,  37,  18,  37,  18,  37,  18,  37,  18,  37,  18,  37,
     18,  41,  41,  41,  41,  41,  41,  41,  41,  39,  27,  39,  27,  39,  27,  39,
     27,  39,  27,  39,  27,  39,  27,  40,  27,  40,  27,  40,  27,  40,  27,  40,
     27,  12,  12,  16,  35,  16,  35,  16,  35,  16,  35,  60,  60,  61,
};

static const uint16_t sarabun_16_italicKernRightCodepoints[] = {
    0x002C, 0x002E, 0x0041, 0x0043, 0x0047, 0x004A, 0x004F, 0x0051, 0x0053, 0x0054, 0x0055, 0x0056,
    0x0057, 0x0058, 0x0059, 0x0061, 0x0063, 0x0064, 0x0065, 0x0066, 0x0067, 0x006A, 0x006D, 0x006E,
    0x006F, 0x0070, 0x0071, 0x0072, 0x0073, 0x0074, 0x0075, 0x0076, 0x0077, 0x0078, 0x0079, 0x007A,
    0x00C0, 0x00C1, 0x00C2, 0x00C3, 0x00C4, 0x00C5, 0x00C6, 0x00C7, 0x00D2, 0x00D3, 0x00D4, 0x00D5,
    0x00D6, 0x00D8, 0x00D9, 0x00DA, 0x00DB, 0x00DC, 0x00DD, 0x00DF, 0x00E0, 0x00E1, 0x00E2, 0x00E3,
    0x00E4, 0x00E5, 0x00E6, 0x00E7, 0x00E8, 0x00E9, 0x00EA, 0x00EB, 0x00F0, 0x00F1, 0x00F2, 0x00F3,
    0x00F4, 0x00F5, 0x00F6, 0x00F8, 0x00F9, 0x00FA, 0x00FB, 0x00FC, 0x00FD, 0x00FF, 0x0100, 0x0101,
    0x0102, 0x0103, 0x0104, 0x0105, 0x0106, 0x0107, 0x0108, 0x0109, 0x010A, 0x010B, 0x010C, 0x010D,
    0x010F, 0x0111, 0x0113, 0x0115, 0x0117, 0x0119, 0x011B, 0x011C, 0x011D, 0x011E, 0x011F, 0x0120,
    0x0121, 0x0122, 0x0123, 0x0134, 0x0135, 0x0144, 0x0146, 0x0148, 0x0149, 0x014B, 0x014C, 0x014D,
    0x014E, 0x014F, 0x0150, 0x0151, 0x0153, 0x0155, 0x0157, 0x0159, 0x015A, 0x015B, 0x015C, 0x015D,
    0x015E, 0x015F, 0x0160, 0x0161, 0x0162, 0x0163, 0x0164, 0x0165, 0x0166, 0x0167, 0x0168, 0x0169,
    0x016A, 0x016B, 0x016C, 0x016D, 0x016E, 0x016F, 0x0170, 0x0171, 0x0172, 0x0173, 0x0174, 0x0175,
    0x0176, 0x0177, 0x0178, 0x017A, 0x017C, 0x017E, 0x01A0, 0x01A1, 0x01AF, 0x01B0, 0x01CD, 0x01CE,
    0x01D1, 0x01D2, 0x01D3, 0x01D4, 0x01D5, 0x01D6, 0x01D7, 0x01D8, 0x01D9, 0x01DA, 0x01DB, 0x01DC,
    0x01E6, 0x01E7, 0x01FA, 0x01FB, 0x01FC, 0x01FD, 0x01FE, 0x01FF, 0x0218, 0x0219, 0x021A, 0x021B,
    0x1EA0, 0x1EA1, 0x1EA2, 0x1EA3, 0x1EA4, 0x1EA5, 0x1EA6, 0x1EA7, 0x1EA8, 0x1EA9, 0x1EAA, 0x1EAB,
    0x1EAC, 0x1EAD, 0x1EAE, 0x1EAF, 0x1EB0, 0x1EB1, 0x1EB2, 0x1EB3, 0x1EB4, 0x1EB5, 0x1EB6, 0x1EB7,
    0x1EB9, 0x1EBB, 0x1EBD, 0x1EBF, 0x1EC1, 0x1EC3, 0x1EC5, 0x1EC7, 0x1ECC, 0x1ECD, 0x1ECE, 0x1ECF,
    0x1ED0, 0x1ED1, 0x1ED2, 0x1ED3, 0x1ED4, 0x1ED5, 0x1ED6, 0x1ED7, 0x1ED8, 0x1ED9, 0x1EDA, 0x1EDB,
    0x1EDC, 0x1EDD, 0x1EDE, 0x1EDF, 0x1EE0, 0x1EE1, 0x1EE2, 0x1EE3, 0x1EE4, 0x1EE5, 0x1EE6, 0x1EE7,
    0x1EE8, 0x1EE9, 0x1EEA, 0x1EEB, 0x1EEC, 0x1EED, 0x1EEE, 0x1EEF, 0x1EF0, 0x1EF1, 0x1EF2, 0x1EF3,
    0x1EF4, 0x1EF5, 0x1EF6, 0x1EF7, 0x1EF8, 0x1EF9, 0x2019, 0x201D, 0x2026, 0xFB01, 0xFB02,
};

static const uint8_t sarabun_16_italicKernRightClassIds[] = {
      1,   2,   3,   4,   5,   6,   7,   8,   9,  10,  11,  12,  13,  14,  15,  16,
     17,  18,  19,  20,  21,  22,  23,  24,  25,  26,  27,  28,  29,  30,  31,  32,
     33,  34,  35,  36,  37,  37,  37,  37,  37,  37,  37,  38,  39,  39,  39,  39,
     39,  40,  41,  41,  41,  41,  42,  43,  44,  44,  44,  44,  44,  44,  44,  45,
     46,  46,  46,  46,  47,  48,  49,  49,  49,  49,  49,  50,  51,  51,  51,  51,
     52,  52,  37,  44,  37,  44,  37,  44,  38,  45,  38,  45,  38,  45,  38,  45,
     53,  47,  46,  46,  46,  46,  46,  54,  55,  54,  55,  54,  55,  54,  55,  56,
     22,  48,  48,  48,  48,  48,  39,  49,  39,  49,  39,  49,  57,  58,  58,  58,
     59,  60,  59,  60,  59,  60,  59,  60,  61,  62,  61,  62,  61,  62,  41,  51,
     41,  51,  41,  51,  41,  51,  41,  51,  41,  51,  63,  64,  42,  52,  42,  65,
     65,  65,  39,  50,  41,  66,  37,  44,  39,  49,  41,  51,  41,  51,  41,  51,
     41,  51,  41,  51,  54,  55,  37,  44,  37,  44,  39,  49,  59,  60,  61,  62,
     37,  44,  37,  44,  37,  44,  37,  44,  37,  44,  37,  44,  37,  44,  37,  44,
     37,  44,  37,  44,  37,  44,  37,  44,  46,  46,  46,  46,  46,  46,  46,  46,
     39,  49,  39,  49,  39,  49,  39,  49,  39,  49,  39,  49,  39,  49,  39,  49,
     39,  49,  39,  49,  39,  49,  39,  49,  41,  51,  41,  51,  41,  51,  41,  51,
     41,  51,  41,  51,  41,  51,  42,  52,  42,  52,  42,  52,  42,  52,  67,  68,
     69,  43,  43,
};

static const uint16_t sarabun_16_italicKernRowOffsets[] = {
        0,    12,    49,    55,    62,    69,    81,   118,   127,   151,   156,   193,   197,   249,   269,   300,
      344,   355,   360,   368,   372,   388,   407,   410,   431,   448,   454,   467,   478,   483,   493,   496,
      502,   529,   540,   562,   568,   606,   611,   621,   627,   646,   651,   658,   663,   672,   677,   681,
      717,   739,   776,   787,   792,   794,   799,   810,   849,   854,   899,   915,   918,   923,
};

static const uint8_t sarabun_16_italicKernSparseCols[] = {
      9,  11,  14,  17,  20,  24,  26,  31,  32,  48,  52,  56,   3,   6,   7,   8,
      9,  10,  11,  12,  14,  15,  16,  17,  18,  20,  24,  26,  30,  31,  34,  37,
     38,  40,  41,  43,  44,  45,  48,  50,  51,  52,  56,  58,  60,  62,  63,  66,
     67,   2,  11,  13,  14,  36,  41,   2,  11,  14,  36,  41,  55,  62,   0,   1,
      2,   5,  36,  55,  68,  15,  16,  17,  18,  20,  26,  34,  43,  44,  45,  51,
     52,   3,   4,   6,   7,   9,  10,  11,  12,  14,  15,  16,  17,  18,  20,  24,
     26,  29,  31,  32,  34,  37,  38,  40,  41,  43,  44,  45,  48,  51,  52,  53,
     56,  60,  62,  63,  66,  67,   2,  11,  12,  13,  14,  36,  41,  55,  62,   0,
      1,   2,   5,  11,  13,  14,  15,  16,  17,  20,  24,  26,  28,  36,  41,  43,
     44,  48,  52,  55,  56,  59,  68,   2,  11,  14,  36,  41,   0,   1,   2,   3,
     15,  16,  17,  18,  20,  22,  23,  24,  26,  28,  30,  31,  32,  33,  34,  35,
     36,  37,  43,  44,  45,  47,  48,  50,  51,  52,  54,  55,  56,  57,  59,  63,
     64,   0,   1,   2,  36,   0,   1,   2,   3,   4,   5,   6,   7,   8,  15,  16,
     17,  18,  20,  21,  22,  23,  24,  25,  26,  28,  30,  31,  33,  34,  36,  37,
     38,  39,  42,  43,  44,  45,  46,  47,  48,  49,  50,  51,  52,  53,  54,  55,
     56,  57,  58,  59,  61,  63,  64,  65,  68,   0,   1,   2,   6,   7,  15,  16,
     17,  18,  20,  24,  26,  36,  38,  43,  44,  45,  48,  52,  56,   3,   4,   6,
      7,  15,  16,  17,  18,  20,  24,  26,  30,  31,  34,  37,  38,  39,  43,  44,
     45,  46,  48,  49,  50,  51,  52,  53,  56,  61,  63,  65,   0,   1,   2,   3,
      4,   5,   6,   7,   8,  15,  16,  17,  18,  20,  22,  23,  24,  26,  28,  30,
     31,  33,  34,  36,  37,  38,  43,  44,  45,  47,  48,  50,  51,  52,  53,  54,
     55,  56,  57,  58,  59,  61,  63,  64,  16,  17,  18,  20,  24,  26,  44,  45,
     48,  52,  56,  11,  14,  41,  62,  63,   0,   1,  11,  14,  34,  41,  51,  62,
     11,  14,  41,  62,   0,   1,   2,  11,  13,  14,  28,  31,  34,  36,  41,  51,
     54,  59,  62,  63,   0,   1,  15,  16,  17,  18,  20,  24,  26,  43,  44,  45,
     46,  48,  49,  52,  54,  56,  68,  11,  14,  41,   9,  11,  14,  15,  16,  17,
     18,  20,  24,  26,  34,  41,  43,  44,  45,  48,  51,  52,  56,  60,  62,  16,
     17,  18,  20,  24,  26,  28,  31,  32,  34,  44,  45,  48,  51,  52,  56,  59,
      9,  11,  14,  41,  60,  62,   0,   1,   2,   9,  11,  14,  31,  34,  36,  41,
     51,  60,  62,   0,   1,   9,  11,  12,  13,  31,  34,  51,  60,  62,   0,   1,
     24,  48,  56,   1,   9,  11,  13,  14,  18,  41,  45,  60,  62,  24,  48,  56,
      9,  11,  14,  41,  60,  62,   0,   1,   2,   9,  11,  13,  14,  15,  16,  17,
     18,  20,  24,  26,  36,  41,  43,  44,  45,  46,  48,  52,  55,  56,  60,  62,
     68,   9,  11,  14,  17,  20,  26,  41,  46,  52,  60,  62,   0,   1,   2,   9,
     13,  14,  15,  17,  18,  20,  24,  26,  36,  41,  43,  45,  48,  52,  55,  56,
     60,  62,   9,  11,  14,  41,  60,  62,   3,   6,   7,   8,   9,  10,  11,  12,
     14,  15,  16,  17,  18,  20,  24,  26,  30,  31,  32,  34,  37,  38,  40,  41,
     43,  44,  45,  48,  50,  51,  52,  56,  58,  60,  62,  63,  66,  67,   2,   5,
     11,  12,  14,   2,   5,  11,  12,  13,  14,  36,  41,  55,  62,   2,   5,  11,
     12,  13,  14,   0,   1,   2,  11,  12,  13,  14,  20,  28,  31,  32,  34,  36,
     41,  51,  54,  59,  62,  63,  11,  12,  14,  41,  62,   9,  11,  12,  14,  41,
     60,  62,   0,   1,  31,  34,  51,   2,   5,  11,  12,  14,  36,  41,  55,  62,
     11,  12,  14,  41,  62,   2,   5,  36,  55,   3,   4,   6,   7,   8,  11,  12,
     14,  15,  16,  17,  18,  20,  24,  26,  29,  30,  31,  32,  34,  37,  38,  41,
     43,  44,  45,  48,  50,  51,  52,  53,  56,  58,  61,  62,  63,   9,  11,  12,
     14,  15,  16,  17,  18,  20,  24,  26,  34,  41,  43,  44,  45,  48,  51,  52,
     56,  60,  62,   3,   4,   6,   7,   9,  10,  11,  12,  14,  15,  16,  17,  18,
     20,  24,  26,  29,  31,  32,  34,  37,  38,  40,  41,  43,  44,  45,  48,  51,
     52,  53,  56,  60,  62,  63,  66,  67,   3,   4,   6,   9,  11,  12,  14,  31,
     32,  34,  66,  11,  12,  14,  41,  62,  18,  45,   2,  11,  14,  36,  41,   1,
      9,  11,  12,  13,  14,  18,  41,  45,  60,  62,   0,   1,   2,   3,   5,  15,
     16,  17,  18,  20,  22,  23,  24,  26,  27,  28,  30,  31,  32,  33,  34,  35,
     36,  37,  43,  44,  45,  47,  48,  50,  51,  52,  54,  55,  56,  57,  59,  63,
     64,  11,  12,  14,  41,  62,   0,   2,   3,   4,   5,   6,   7,  15,  16,  17,
     18,  19,  20,  21,  22,  23,  24,  26,  28,  29,  30,  31,  32,  33,  34,  35,
     36,  37,  38,  43,  44,  45,  47,  48,  50,  51,  52,  53,  54,  55,  56,  59,
     61,  63,  64,   2,   9,  14,  15,  17,  18,  20,  26,  36,  41,  43,  45,  52,
     55,  60,  62,   2,   5,  36,   9,  11,  14,  31,  32,
};

static const int8_t sarabun_16_italicKernSparseValues[] = {
     -53,  -53,  -53,  -16,  -16,  -16,  -16,  -32,  -32,  -16,  -16,  -16,  -16,  -16,  -16,  -21,
     -32,  -32,  -27,  -16,  -32,  -16,  -16,  -16,  -16,  -16,  -16,  -16,  -21,  -21,  -21,  -16,
     -16,  -32,  -32,  -16,  -16,  -16,  -16,  -21,  -21,  -16,  -16,  -21,  -32,  -53,  -43,  -43,
     -69,  -11,  -16,  -21,  -21,  -11,  -21,  -21,  -32,  -27,  -21,  -27,  -27,  -32,  -53,  -53,
     -53,  -48,  -96,  -53,  -53,  -16,  -11,  -11,  -11,  -11,  -11,  -21,  -16,  -11,  -11,  -21,
     -11,  -16,  -16,  -27,  -27,  -59,  -16,  -53,  -43,  -53,  -11,  -11,  -11,  -11,  -11,  -11,
     -11,  -16,  -32,  -21,  -43,  -16,  -27,  -16,  -53,  -11,  -11,  -11,  -11,  -43,  -11,  -16,
     -11,  -59,  -43,  -43,  -75,  -43,  -16,  -16,   -5,  -21,  -21,  -16,  -21,  -21,  -21,  -53,
     -53,  -43,  -53,  -16,  -32,  -16,  -16,  -16,  -16,  -16,  -16,  -16,  -11,  -85,  -32,  -16,
     -16,  -16,  -16,  -64,  -16,  -11,  -53,  -16,  -16,  -16,  -16,  -16,  -53,  -53,  -32,  -21,
     -43,  -32,  -43,  -43,  -43,  -32,  -32,  -43,  -43,  -37,  -32,  -32,  -21,  -27,  -21,  -27,
     -32,  -21,  -43,  -32,  -43,  -32,  -43,  -32,  -21,  -43,  -32,  -32,  -43,  -21,  -37,  -21,
     -11,  -21,  -21,  -32,  -32,  -53,  -53,  -27,  -21,  -21,  -37,  -16,  -16,  -16,  -43,  -43,
     -43,  -43,  -43,  -43,  -27,  -27,  -32,  -27,  -43,  -27,  -27,  -32,  -27,  -27, -107,  -43,
     -43,  -27,  -21,  -85,  -85,  -85,  -43,  -53,  -64,  -32,  -53,  -53,  -85,  -53,  -85,  -64,
     -32,  -53,  -32,  -53,  -53,  -53,  -43,  -27,  -53,  -43,  -43,  -16,   -5,   -5,  -11,  -11,
     -11,  -11,  -11,  -11,  -11,  -16,   -5,  -11,  -11,  -11,  -11,  -11,  -11,  -21,  -16,  -21,
     -21,  -27,  -16,  -16,  -21,  -16,  -16,  -16,  -16,  -27,  -37,  -43,  -43,  -21,  -53,  -43,
     -48,  -27,  -48,  -32,  -32,  -75,  -43,  -37,  -16,  -32,  -53,  -16,  -53,  -53,  -32,  -27,
     -32,  -37,  -21,  -21,  -16,  -32,  -32,  -32,  -32,  -32,  -32,  -32,  -32,  -32,  -32,  -32,
     -32,  -43,  -32,  -32,  -27,  -21,  -32,  -32,  -32,  -32,  -32,  -32,  -32,  -32,  -32,  -43,
     -43,  -32,  -32,  -16,  -32,  -32,  -43,  -27,  -11,  -11,  -11,  -11,  -11,  -11,  -11,  -11,
     -11,  -11,  -11,  -32,  -43,  -43,  -32,  -32,  -16,  -16,  -43,  -43,  -11,  -43,  -32,  -32,
     -21,  -32,  -32,  -21,  -16,  -16,  -21,  -43,  -27,  -43,   11,  -16,  -11,  -21,  -43,  -11,
      11,   11,  -32,  -11,  -32,  -32,  -21,  -21,  -21,  -16,  -21,  -21,  -21,  -43,  -43,  -37,
     -21,  -43,  -21,  -43,  -43,  -21,  -32,  -21,  -32,  -64,  -32,  -48,  -32,  -21,  -21,  -21,
     -11,  -21,  -11,  -21,  -16,  -32,  -21,  -21,  -11,  -11,  -16,  -21,  -11,  -32,  -37,  -11,
     -11,  -16,  -11,  -16,  -11,  -11,  -16,  -11,  -16,  -11,  -16,  -16,  -16,  -11,  -16,  -11,
     -32,  -37,  -43,  -43,  -32,  -37,  -16,  -16,  -21,  -32,  -32,  -37,   -5,   -5,  -21,  -37,
      -5,  -32,  -32,  -16,  -16,  -32,  -32,  -32,  -27,  -11,   -5,   -5,  -32,  -32,  -32,  -32,
      -5,   -5,   -5,  -16,  -32,  -27,  -21,  -32,   11,  -32,   11,  -32,  -21,  -16,  -16,  -16,
     -43,  -27,  -32,  -64,  -85,  -53,  -32,  -32,  -53,  -21,  -32,  -27,  -32,  -16,  -16,  -11,
     -11,  -11,   -5,  -11, -107,  -64,  -37,  -37,  -27,  -21,   -5,  -32,  -85,   -5,  -43,  -53,
     -32,  -21,  -27,  -43,  -16,  -16,  -16,  -85,  -21,  -37,  -43,  -53,  -21,  -21,  -43,  -21,
     -32,  -32,  -16,   -5,   -5,   -5,   -5,   -5,  -43,  -32,  -16,   -5,   -5,   -5,  -43,   -5,
     -21,  -27,  -11,  -21,  -21,  -43,  -21,  -43,  -48,  -43,  -16,  -43,  -85,  -64, -107,  -69,
     -96,  -37,  -37,  -37,  -37,  -16,  -37,  -16,  -43,  -75,  -43,  -64,  -16,  -16,  -32,  -32,
     -16,  -16,  -16,  -16,  -21,  -21,  -16,  -16,  -21,  -32,  -53,  -43,  -85,  -69,  -21,  -27,
     -32,  -32,  -27,  -43,  -21,  -43,  -27,  -43,  -48,  -16,  -21,  -21,  -21,  -27,  -21,  -27,
     -21,  -21,  -27,  -16,  -16,  -21,  -85,  -32,  -53,  -85,   11,   21,  -32,  -11,  -27,  -21,
     -43,  -11,   11,   11,  -32,  -11,  -43,  -21,  -64,  -32,  -21,  -64,  -75,  -37,  -85,  -43,
     -32,  -37,  -16,  -16,  -11,   -5,   -5,  -43,  -27,  -64,  -32,  -53,  -21,  -27,  -27,  -32,
     -85,  -32,  -85,  -43,  -32,  -64,  -21,  -32,  -21,  -53,  -53,  -53,  -27,  -43,  -53,  -27,
     -53,  -43,  -64,  -64,  -64,  -32,  -64,  -32,  -32,  -43, -107,  -53, -107,  -27,  -27,  -27,
     -21,  -32,  -32,  -32,  -21,  -53,  -32,  -27,  -32,  -21,  -32,  -27,  -53,  -64,  -96,  -37,
     -64,  -43,  -43,  -43,  -32,  -21,  -32,  -21,  -32,  -32,  -21,  -21,  -11,  -11,  -16,  -21,
     -11,  -32,  -37,  -32,  -32,  -43,  -27, -117,  -16, -107,  -85, -107,  -11,  -11,  -11,  -11,
     -11,  -11,  -11,  -16,  -85,  -64,  -85,  -16,  -27,  -16,  -53,  -11,  -11,  -11,  -11,  -43,
     -11,  -16,  -11,  -59,  -43,  -43,  -75,  -43,  -16,  -16,  -16,  -59,  -53,  -43,  -53,  -53,
     -43,  -43,  -32,  -64,  -21,  -64,  -32,  -21,  -21,  -21,  -37,  -32,  -32,  -16,  -16,  -16,
     -64,  -53,  -21,  -43,  -64,   21,  -32,   11,  -32,  -21,  -53,  -53,  -85,  -43,  -32,  -75,
     -64,  -75,  -75,  -75,  -64,  -32,  -75,  -43,  -21,  -69,  -64,  -53,  -43,  -48,  -43,  -37,
     -32,  -21,  -43,  -32,  -43,  -32,  -43,  -32,  -21,  -43,  -32,  -32,  -43,  -21,  -37,  -21,
     -11,  -64,  -32,  -85,  -43,  -32,  -53, -107,  -43,  -43,  -32,  -43,  -21,  -64,  -64,  -64,
     -64,  -21,  -64,  -21,  -43,  -21,  -64,  -32,  -43,  -21,  -53,  -53,  -27,  -53,  -53,  -21,
     -53,  -21,  -21,  -32,  -32,  -32,  -21,  -32,  -27,  -27,  -32,  -21,  -32,  -32,  -32,  -21,
     -21,  -27,  -21,  -43,  -21,  -43,  -21,  -21,  -11,  -21,  -21,  -43,  -43,  -21,  -11,  -21,
     -37,  -21,  -27,  -27,  -43,  -27,  -53,  -53,  -53,  -32,  -32,
};

static const EpdLigaturePair sarabun_16_italicLigaturePairs[] = {
    { 0x00660069, 0xFB01 }, // f i -> U+FB01
    { 0x0066006C, 0xFB02 }, // f l -> U+FB02
};

static const EpdFontData sarabun_16_italic = {
    sarabun_16_italicBitmaps,
    sarabun_16_italicGlyphs,
    sarabun_16_italicIntervals,
    56,
    43,
    36,
    -8,
    true,
    sarabun_16_italicGroups,
    13,
    nullptr,
    nullptr,  // kernLeftClasses: built-in fonts use the split arrays below
    nullptr,  // kernRightClasses
    sarabun_16_italicKernLeftCodepoints,
    sarabun_16_italicKernLeftClassIds,
    sarabun_16_italicKernRightCodepoints,
    sarabun_16_italicKernRightClassIds,
    nullptr,  // kernMatrix: built-in fonts use the sparse form below
    sarabun_16_italicKernRowOffsets,
    sarabun_16_italicKernSparseCols,
    sarabun_16_italicKernSparseValues,
    238,
    275,
    61,
    69,
    sarabun_16_italicLigaturePairs,
    2,
};
