/**
 * generated by fontconvert.py
 * name: sarabun_18_regular
 * size: 18
 * mode: 2-bit  compressed: true
 * Command used: fontconvert.py sarabun_18_regular 18 ../builtinFonts/source/Sarabun/Sarabun-Regular.ttf --2bit --compress --pnum --zopfli --additional-intervals 0x0E00,0x0E7F
 */
#pragma once
#include "EpdFontData.h"

static const uint8_t sarabun_18_regularBitmaps[22533] = {
    0xBD, 0x59, 0x57, 0xB7, 0xE4, 0x3A, 0x56, 0xFE, 0x6C, 0xDF, 0x69, 0xCF, 0x1A, 0x2F, 0x96, 0x48,
    0x93, 0x83, 0xC9, 0x19, 0xCC, 0x1B, 0xA9, 0x6F, 0xCB, 0xE4, 0x47, 0x26, 0x15, 0x69, 0xE2, 0x1B,
    0x99, 0x43, 0x7A, 0x9C, 0x7B, 0xE4, 0x67, 0x72, 0x4E, 0xFD, 0x07, 0x78, 0x22, 0x67, 0xFA, 0x94,
    0x4D, 0xCE, 0x60, 0x72, 0xA6, 0x4D, 0xCE, 0x60, 0x18, 0x5F, 0x70, 0xDF, 0x96, 0x2D, 0xF6, 0xB7,
    0xAB, 0x54, 0x75, 0x6A, 0xA6, 0xCF, 0xEA, 0xD3, 0x3D, 0xBD, 0xAE, 0xCB, 0xFA, 0x64, 0x4B, 0xDA,
    0xA1, 0xB6, 0xA4, 0xAD, 0x2D, 0xD9, 0xE2, 0x3A, 0x3F, 0x5E, 0x16, 0xA1, 0xE3, 0xCF, 0xC2, 0x9B,
    0xEE, 0xAA, 0x1B, 0x72, 0x9F, 0x03, 0x65, 0x87, 0xAD, 0x60, 0x83, 0x0B, 0xA0, 0xAA, 0xE1, 0x23,
    0x5A, 0xEC, 0x30, 0xF1, 0xB0, 0x41, 0xAE, 0x71, 0x87, 0x2F, 0x6E, 0x37, 0x9F, 0x77, 0xEF, 0xB5,
    0x42, 0x92, 0x4D, 0x10, 0x92, 0x6C, 0x8C, 0xB8, 0x28, 0xFA, 0x3D, 0xE6, 0x23, 0x02, 0xAF, 0x6E,
    0x87, 0x9F, 0xBB, 0x6C, 0xDE, 0xF6, 0x0F, 0x75, 0x3A, 0xC3, 0xF4, 0x48, 0x27, 0x4A, 0xCE, 0x76,
    0x38, 0xEE, 0xB1, 0xDC, 0x61, 0x43, 0xC2, 0xAA, 0x01, 0x59, 0xEC, 0xE1, 0xC6, 0x5A, 0x03, 0x22,
    0x18, 0x79, 0x08, 0x0B, 0xCC, 0x94, 0x06, 0x54, 0x1D, 0xFF, 0x69, 0x8D, 0x17, 0xEA, 0xDF, 0xE5,
    0x93, 0x00, 0x89, 0xCA, 0x41, 0xC0, 0x2C, 0x02, 0x59, 0xE8, 0x04, 0xDB, 0x99, 0x85, 0x41, 0xAA,
    0x12, 0x61, 0x00, 0x54, 0x64, 0x28, 0x0C, 0x58, 0xA5, 0x44, 0x1D, 0xEB, 0x09, 0x66, 0xF7, 0xF4,
    0x31, 0x10, 0xE9, 0x52, 0xE5, 0x6A, 0x3B, 0xA5, 0x2B, 0x4C, 0x08, 0x5E, 0x48, 0xC3, 0x20, 0x6A,
    0x2C, 0x38, 0x68, 0x45, 0x76, 0xB5, 0x5A, 0xC8, 0x90, 0xED, 0x16, 0xB0, 0xFF, 0x36, 0xD3, 0x50,
    0x70, 0x34, 0xC3, 0xC4, 0xA2, 0x2D, 0x0A, 0x35, 0x8A, 0x53, 0xD6, 0x1E, 0x56, 0xFF, 0x16, 0x73,
    0x07, 0x2D, 0x97, 0xA4, 0xED, 0xC4, 0x28, 0x4A, 0x47, 0xBB, 0x91, 0x4F, 0x31, 0x94, 0x13, 0xF9,
    0x96, 0x5D, 0x1B, 0x28, 0xC7, 0x7E, 0xDA, 0xEA, 0x3A, 0x36, 0xCD, 0x46, 0xD3, 0x53, 0x7A, 0x31,
    0x90, 0x73, 0x36, 0x99, 0x9E, 0x24, 0xF9, 0xA8, 0xB9, 0x48, 0x31, 0x1D, 0xF3, 0xAA, 0xD9, 0xBD,
    0x5B, 0x30, 0xA7, 0x24, 0xB6, 0xA7, 0x72, 0xA4, 0x17, 0x40, 0x4A, 0x7E, 0xC5, 0x00, 0x08, 0x7F,
    0x55, 0x4E, 0xE4, 0x21, 0x0F, 0x6A, 0x8F, 0x30, 0x09, 0x86, 0xDB, 0x1E, 0x48, 0x3D, 0x56, 0x4A,
    0x81, 0x03, 0x89, 0x6C, 0x7C, 0x4E, 0x67, 0x96, 0x27, 0x5E, 0xEA, 0x81, 0xB5, 0x60, 0x7B, 0xE7,
    0x7A, 0x62, 0x50, 0xDB, 0xB2, 0xC0, 0xDC, 0x67, 0x65, 0xF5, 0x7B, 0x2B, 0xD2, 0xD1, 0xD5, 0xAE,
    0xC9, 0xC6, 0x2D, 0xCA, 0x31, 0x1F, 0x17, 0xE4, 0xA2, 0x3D, 0x2D, 0x6A, 0xBA, 0x85, 0x14, 0xCD,
    0x96, 0x26, 0x54, 0x11, 0x2B, 0x6C, 0xCF, 0xAE, 0x32, 0xEB, 0xE7, 0x86, 0x30, 0xA6, 0x21, 0xAC,
    0xF9, 0x84, 0x57, 0x86, 0x6F, 0x4D, 0x7A, 0xE8, 0xE5, 0xE3, 0x85, 0x57, 0xD4, 0x24, 0xF0, 0xD4,
    0x27, 0x1F, 0x61, 0x84, 0xAA, 0xE3, 0x90, 0xB5, 0x60, 0xF1, 0x56, 0xEF, 0x45, 0x6F, 0x1F, 0xEF,
    0x25, 0xDE, 0x5B, 0x6D, 0x63, 0x75, 0xC8, 0x54, 0x0D, 0xFF, 0x7C, 0xB1, 0x33, 0xC9, 0xAC, 0xD5,
    0xB6, 0xFE, 0x12, 0x68, 0xF9, 0xA1, 0xD0, 0x1F, 0x69, 0x28, 0xA3, 0x6C, 0x28, 0xCC, 0x3C, 0xE8,
    0x2E, 0x79, 0x93, 0xD8, 0x46, 0x55, 0x16, 0x35, 0xFA, 0x24, 0xA6, 0x66, 0x8D, 0x83, 0x5E, 0x69,
    0xF7, 0x89, 0x22, 0xF3, 0x5C, 0xF8, 0x7B, 0x24, 0xCF, 0x4E, 0x80, 0xEB, 0xB1, 0x71, 0x7F, 0xF4,
    0x5A, 0x4E, 0x2D, 0x26, 0x1D, 0x92, 0xCF, 0x89, 0xF0, 0x71, 0x46, 0x3E, 0x5C, 0xA0, 0xE8, 0x6E,
    0x01, 0xF5, 0x7B, 0xEB, 0xA8, 0xBB, 0x36, 0x04, 0xB9, 0xBC, 0xC2, 0x46, 0x26, 0xDE, 0x1B, 0xAF,
    0x4B, 0x66, 0x9A, 0x6A, 0xB0, 0xA3, 0x1D, 0xCB, 0x31, 0x1D, 0xB2, 0xBE, 0xE8, 0x4C, 0x6D, 0xF1,
    0x2A, 0x00, 0x9B, 0xCD, 0x6B, 0x55, 0xBB, 0xF1, 0xE8, 0x56, 0x0E, 0x33, 0xA6, 0x11, 0xD0, 0xD7,
    0xF3, 0xC8, 0x29, 0x99, 0x05, 0x74, 0x30, 0xE7, 0xC3, 0xF3, 0xD2, 0xEC, 0x8B, 0x09, 0x78, 0x25,
    0xDD, 0x44, 0x1B, 0x06, 0x64, 0xEB, 0x9B, 0x3C, 0xCC, 0x88, 0x40, 0xAB, 0xDB, 0xDA, 0xD6, 0x92,
    0x5B, 0x52, 0x3A, 0x81, 0x7E, 0x0B, 0x14, 0xC3, 0xC2, 0x69, 0xA3, 0xE0, 0xC9, 0xFC, 0x5D, 0xE0,
    0x58, 0xAB, 0x8D, 0x95, 0x4C, 0x19, 0x28, 0x2B, 0x65, 0x4A, 0xF6, 0x2A, 0x48, 0x45, 0xEE, 0x85,
    0x17, 0x1D, 0xE0, 0x3A, 0xE4, 0xA1, 0x43, 0x25, 0xA9, 0xBD, 0xDB, 0xE1, 0xC2, 0x74, 0x78, 0xBB,
    0x24, 0xBC, 0x87, 0xE9, 0xC5, 0x67, 0x7F, 0x54, 0xDB, 0x10, 0x3A, 0x26, 0x9C, 0xAD, 0xA0, 0x2F,
    0xEC, 0x51, 0x3D, 0x77, 0x36, 0xC3, 0x35, 0xC9, 0x82, 0xA7, 0x39, 0x4C, 0x9F, 0x52, 0xA3, 0xBC,
    0x1B, 0x38, 0xC2, 0x96, 0xB0, 0x40, 0xA7, 0xB5, 0x50, 0xEB, 0x24, 0x1D, 0xA2, 0x03, 0xA4, 0x2B,
    0x4C, 0x59, 0x99, 0xCF, 0xD1, 0x87, 0xB6, 0xCD, 0xDE, 0x4F, 0x1A, 0x16, 0xD9, 0x67, 0x65, 0x08,
    0x58, 0x0E, 0x4F, 0x05, 0xD1, 0xA0, 0xA6, 0x06, 0xA3, 0x68, 0xF0, 0x65, 0x1E, 0xAE, 0xC6, 0x0A,
    0x71, 0x9C, 0xEE, 0x01, 0x72, 0xD5, 0x15, 0xCF, 0xC0, 0x0B, 0xDA, 0x01, 0xA8, 0x02, 0x08, 0x03,
    0x7B, 0xCB, 0xB3, 0x36, 0x10, 0x6C, 0x73, 0xE2, 0x83, 0x23, 0xB0, 0xEC, 0x26, 0x6B, 0x45, 0xBB,
    0x00, 0x4B, 0x41, 0x05, 0x1D, 0x31, 0xFF, 0x3E, 0x99, 0x92, 0x41, 0x41, 0x30, 0x04, 0x4B, 0x38,
    0x27, 0x78, 0x81, 0x74, 0x8E, 0xBD, 0x69, 0x7A, 0x4F, 0x46, 0x02, 0x56, 0xE7, 0x32, 0xC1, 0xAB,
    0xEF, 0xD0, 0x35, 0x4A, 0xC0, 0x74, 0x02, 0x55, 0x23, 0x60, 0x59, 0x75, 0x41, 0xD0, 0x85, 0xEE,
    0x08, 0x0F, 0x9A, 0x2C, 0x85, 0x54, 0xD4, 0x0A, 0xE6, 0x1F, 0x36, 0x1B, 0xA8, 0x67, 0x8E, 0x70,
    0xFA, 0x27, 0xDE, 0x28, 0x70, 0x37, 0xD0, 0xB7, 0x85, 0x19, 0xD5, 0x7C, 0x63, 0xE5, 0xF2, 0xD5,
    0xE2, 0x15, 0x57, 0xFE, 0x73, 0x42, 0xAC, 0xA8, 0x9A, 0x9B, 0xB4, 0xA4, 0xAB, 0x93, 0x15, 0x56,
    0xBA, 0x9B, 0x72, 0xFB, 0x68, 0x03, 0xBC, 0x8C, 0x7D, 0xE6, 0x05, 0xDC, 0xC2, 0xEE, 0xFA, 0xD6,
    0xD8, 0x5D, 0x54, 0x21, 0x44, 0x23, 0xE5, 0x63, 0xD4, 0xAA, 0xFA, 0x8B, 0xB5, 0x86, 0xA5, 0x11,
    0xDD, 0x2A, 0xE6, 0x6C, 0x7B, 0xAC, 0x08, 0x52, 0x52, 0x07, 0x0A, 0x5A, 0x28, 0x57, 0xC1, 0x1F,
    0x9E, 0x2E, 0xA8, 0x86, 0x63, 0xAD, 0x65, 0x3B, 0x43, 0x8A, 0x9C, 0xB4, 0x49, 0x88, 0xC3, 0x5E,
    0x97, 0x77, 0x85, 0xCD, 0x66, 0xD3, 0x76, 0x97, 0x25, 0x17, 0x87, 0x61, 0x56, 0xB1, 0xDC, 0xD5,
    0xAC, 0x3C, 0x19, 0x88, 0xD9, 0x1C, 0x15, 0x2C, 0x08, 0xDA, 0x56, 0x55, 0x2D, 0x2F, 0x59, 0x20,
    0x82, 0xAD, 0x4F, 0x01, 0x11, 0x44, 0x0D, 0x2A, 0x34, 0xA1, 0x58, 0xDF, 0xB4, 0x72, 0xFC, 0xB6,
    0xB5, 0x10, 0x50, 0xE7, 0x38, 0xF5, 0xF5, 0x49, 0xCB, 0x8C, 0xD4, 0x22, 0x5F, 0xDF, 0xB4, 0xEC,
    0x28, 0x32, 0x76, 0x8A, 0x99, 0xA4, 0x53, 0x6C, 0x03, 0x57, 0xBB, 0x83, 0x21, 0xFC, 0xA9, 0x21,
    0xD6, 0xBD, 0x21, 0x6C, 0x63, 0x3B, 0x04, 0x98, 0xE7, 0x84, 0x41, 0x46, 0x06, 0x3A, 0x17, 0x50,
    0xDD, 0x03, 0x52, 0xF6, 0x8C, 0x59, 0xCF, 0x26, 0x54, 0x7D, 0xB2, 0x50, 0x47, 0x87, 0x2D, 0x57,
    0x8D, 0x85, 0x1E, 0xEB, 0x84, 0x5F, 0xD9, 0xB1, 0x42, 0xF9, 0x75, 0x22, 0x37, 0x74, 0x66, 0xCA,
    0x43, 0x93, 0x73, 0x34, 0xA1, 0x5D, 0x5B, 0x99, 0x2E, 0xAF, 0x65, 0x07, 0x27, 0x07, 0x13, 0x99,
    0x51, 0xC0, 0x75, 0x14, 0xB2, 0x8F, 0x62, 0x0A, 0xDA, 0xDF, 0xAC, 0xD1, 0x5E, 0x7A, 0xDD, 0x42,
    0x68, 0xA2, 0x7B, 0x3E, 0xBD, 0x8E, 0x8E, 0xDB, 0x34, 0x56, 0x7D, 0x3C, 0x87, 0xD8, 0xE9, 0x75,
    0xEA, 0xFD, 0xF3, 0xE8, 0xFD, 0x8F, 0xD7, 0xC7, 0xB3, 0xD7, 0x34, 0x8A, 0x12, 0x48, 0x19, 0x54,
    0x95, 0x33, 0x23, 0x21, 0x46, 0x10, 0xEC, 0x51, 0x0E, 0xCC, 0x82, 0x0F, 0xED, 0xC0, 0xB7, 0x3A,
    0x3E, 0x69, 0x19, 0x47, 0xDB, 0xBE, 0x9D, 0x52, 0x90, 0x56, 0xB9, 0x28, 0xBF, 0xC8, 0x19, 0x1F,
    0x70, 0x9C, 0x75, 0x1B, 0xB9, 0x5E, 0x8B, 0x07, 0x5C, 0x5A, 0x71, 0x32, 0x3B, 0x81, 0x8E, 0x30,
    0x13, 0x76, 0x1C, 0x95, 0xB9, 0xAA, 0x60, 0x27, 0xC4, 0xE8, 0xC6, 0x8D, 0x7C, 0x5C, 0x11, 0x15,
    0x2B, 0xC7, 0xFD, 0x93, 0x96, 0xB9, 0x41, 0xDB, 0x29, 0x05, 0x69, 0xC9, 0x45, 0xF9, 0x45, 0xCE,
    0x0D, 0x21, 0x69, 0xFF, 0x9E, 0x51, 0x21, 0xEC, 0x3F, 0xB4, 0xDD, 0x16, 0x66, 0xF8, 0x44, 0x1D,
    0xBE, 0xD9, 0xA5, 0x94, 0x0F, 0xDA, 0x27, 0x3A, 0x66, 0x35, 0xD4, 0xD3, 0x98, 0x89, 0xCD, 0x58,
    0x7C, 0xE2, 0xD9, 0xE3, 0xC5, 0x67, 0x3B, 0x1E, 0x93, 0xD6, 0xBD, 0x22, 0xFC, 0xBD, 0x1A, 0x2B,
    0x50, 0x03, 0x13, 0xBE, 0xAB, 0xD5, 0x60, 0x81, 0x8E, 0x3A, 0x51, 0x75, 0xEB, 0x8C, 0xBE, 0xA4,
    0xEC, 0xCC, 0x50, 0x85, 0x3E, 0x1F, 0xCA, 0x6E, 0xBD, 0x3D, 0x66, 0xA3, 0x6D, 0x06, 0xFC, 0x74,
    0x32, 0x59, 0x00, 0x37, 0x31, 0x3B, 0x60, 0xF3, 0x0E, 0xF8, 0x2D, 0xCA, 0xE0, 0xE1, 0x17, 0x38,
    0x66, 0x1E, 0x8B, 0xD4, 0x79, 0x9F, 0x8E, 0x9A, 0x65, 0x3D, 0x6E, 0x26, 0xF3, 0x92, 0x75, 0xB8,
    0x99, 0x8D, 0x8B, 0xBC, 0xDD, 0x29, 0xC6, 0x6D, 0x3A, 0xA6, 0x0B, 0x07, 0xE8, 0x7A, 0x76, 0x37,
    0xD4, 0xB6, 0x71, 0xC1, 0x2C, 0x22, 0xEA, 0x95, 0xD3, 0x8B, 0xBE, 0x55, 0xC7, 0x62, 0x9C, 0xE1,
    0x1A, 0x08, 0xEB, 0x28, 0x71, 0xCF, 0x7D, 0xE1, 0x02, 0xD0, 0x3D, 0xD1, 0x56, 0x3A, 0x2B, 0xE2,
    0xBC, 0x57, 0x7F, 0x44, 0xFB, 0x12, 0x5B, 0xA5, 0x0E, 0x13, 0x49, 0xEF, 0x69, 0x2F, 0x4D, 0x64,
    0x24, 0x92, 0xD5, 0x13, 0x9C, 0x93, 0x47, 0x6F, 0xB1, 0x9F, 0xB4, 0x5C, 0x6F, 0x1B, 0xCE, 0x21,
    0xB5, 0x90, 0xDA, 0xCF, 0xA9, 0x25, 0xD7, 0xB8, 0xD9, 0x98, 0xD4, 0x42, 0xF2, 0x70, 0xC0, 0x45,
    0x1B, 0xB4, 0xEA, 0x4C, 0x9C, 0x92, 0xD8, 0xA6, 0xEA, 0xA8, 0x8B, 0x15, 0x2C, 0xC9, 0x56, 0xEA,
    0x42, 0xB8, 0xA7, 0x71, 0xD2, 0x80, 0x75, 0xF3, 0x43, 0x33, 0x3C, 0x92, 0x45, 0x00, 0x2D, 0xC1,
    0x11, 0xAC, 0x3E, 0x9D, 0x2C, 0x1A, 0xC5, 0x44, 0x8A, 0x5E, 0x81, 0x64, 0x9E, 0x64, 0x41, 0x1B,
    0xD7, 0x9E, 0x02, 0xE2, 0x5A, 0x63, 0xE2, 0x13, 0x81, 0xF2, 0xC9, 0x59, 0x28, 0xDE, 0xB4, 0x90,
    0x96, 0x5C, 0x68, 0x9E, 0x84, 0xBB, 0x93, 0x52, 0x19, 0xFE, 0xC3, 0x0F, 0x4D, 0xD9, 0x82, 0xD4,
    0xD3, 0x0B, 0xFE, 0x38, 0xDD, 0xDE, 0x7B, 0xDB, 0x93, 0x18, 0x27, 0xAE, 0xDF, 0x11, 0xBC, 0xC2,
    0x69, 0xD9, 0xF6, 0xD0, 0xD8, 0x12, 0x94, 0x81, 0xB2, 0x22, 0xD3, 0xAF, 0x53, 0xF6, 0x2A, 0x08,
    0x15, 0x45, 0x52, 0x38, 0x6D, 0x15, 0x6D, 0x70, 0x76, 0xF2, 0x67, 0x48, 0x19, 0x57, 0x4F, 0x06,
    0xEC, 0x31, 0x52, 0x7A, 0x28, 0xE4, 0x11, 0x48, 0x46, 0x06, 0xD1, 0x2E, 0xAE, 0x56, 0xF6, 0x6A,
    0x35, 0x15, 0x19, 0x3B, 0x40, 0xAF, 0x55, 0xA6, 0xB4, 0x07, 0x70, 0x75, 0xD2, 0xB6, 0x33, 0x93,
    0xB4, 0x7D, 0x2D, 0xDF, 0x1F, 0x96, 0xC8, 0x33, 0xF2, 0x7F, 0x04, 0x39, 0x51, 0x96, 0x67, 0x92,
    0xF6, 0x6F, 0xE4, 0xFB, 0x75, 0x93, 0x98, 0xF5, 0x9E, 0x60, 0xA9, 0xAB, 0x63, 0xF8, 0x17, 0xF9,
    0xAF, 0x99, 0x4E, 0x57, 0x76, 0xC1, 0x4D, 0xED, 0x0D, 0x76, 0x8C, 0x22, 0x01, 0x4E, 0x71, 0xAB,
    0xB8, 0x5C, 0x42, 0xCF, 0xF0, 0x6A, 0x8F, 0xC2, 0x60, 0xE3, 0x04, 0x49, 0xB3, 0x55, 0x74, 0x8A,
    0x76, 0x87, 0x0D, 0xB1, 0xEC, 0x88, 0x66, 0x24, 0x52, 0x62, 0x00, 0xBB, 0x3A, 0x80, 0x7D, 0xFD,
    0x5F, 0x3A, 0xD2, 0xCC, 0x4E, 0xC7, 0x47, 0x07, 0x35, 0x19, 0x6D, 0xA7, 0xA0, 0x65, 0x8F, 0x0D,
    0x57, 0x5E, 0x9C, 0x32, 0x4F, 0x36, 0xD1, 0x22, 0x55, 0xF3, 0x21, 0x5C, 0xD3, 0xBF, 0x7B, 0x85,
    0x0B, 0x33, 0x6E, 0x84, 0x6F, 0x05, 0x47, 0x63, 0x2F, 0xE0, 0x1A, 0x01, 0x1A, 0x38, 0xF3, 0x02,
    0x66, 0x14, 0xA8, 0x7A, 0x81, 0xB6, 0x86, 0xA7, 0x77, 0xF5, 0xD9, 0x2C, 0x60, 0x46, 0x01, 0xDB,
    0x0B, 0xD0, 0x6B, 0xAD, 0xF4, 0x6C, 0xE1, 0x3E, 0x09, 0x87, 0x20, 0xD0, 0x39, 0x0D, 0x4C, 0x3B,
    0x2C, 0x30, 0x83, 0x7A, 0x87, 0xC8, 0x4F, 0x38, 0x44, 0x57, 0x62, 0xD5, 0x09, 0xE8, 0x34, 0xD2,
    0x39, 0x32, 0x0B, 0xE0, 0x09, 0xA6, 0xAB, 0x47, 0x3C, 0x74, 0x18, 0xD7, 0xBA, 0x82, 0x74, 0x40,
    0x16, 0x71, 0x50, 0x27, 0xCD, 0x45, 0x46, 0xC3, 0x97, 0x32, 0xAC, 0x33, 0x50, 0xB5, 0x9E, 0xCA,
    0x5A, 0x7F, 0x01, 0x9C, 0x5B, 0x6F, 0x01, 0x1F, 0xB1, 0x6C, 0xD2, 0xC9, 0x7A, 0x9E, 0x2D, 0x58,
    0x5F, 0xC8, 0x3A, 0x63, 0x7D, 0x3E, 0x88, 0x87, 0xF6, 0xD9, 0x68, 0x3A, 0xEB, 0xD3, 0xA9, 0x6C,
    0xAC, 0x87, 0xB4, 0x15, 0xBC, 0x73, 0x8B, 0x78, 0x7E, 0x41, 0xDC, 0xDD, 0xD5, 0x4C, 0x34, 0xE3,
    0x11, 0xF3, 0x1E, 0x76, 0xA5, 0xBE, 0xA1, 0x26, 0x74, 0x84, 0x81, 0x30, 0x12, 0xBC, 0xC0, 0xB2,
    0x08, 0xF8, 0x96, 0x60, 0x1B, 0x81, 0xB2, 0x17, 0x28, 0x46, 0x81, 0x6C, 0x16, 0x48, 0xBC, 0x00,
    0x02, 0xC1, 0xD6, 0x02, 0x55, 0x27, 0x60, 0x06, 0x81, 0x7C, 0x12, 0x48, 0xBD, 0x00, 0x16, 0x82,
    0x23, 0x58, 0x82, 0x21, 0x14, 0x84, 0x8C, 0x90, 0x78, 0x5D, 0xC6, 0x75, 0x76, 0x34, 0x9C, 0x29,
    0xED, 0xC8, 0x59, 0x93, 0xAB, 0x8E, 0x08, 0xBB, 0xD9, 0x54, 0xDB, 0x46, 0xD7, 0x0C, 0xEC, 0xB7,
    0x8E, 0xBA, 0x77, 0xD4, 0xCD, 0xA3, 0x2E, 0x54, 0x3B, 0xD4, 0xA5, 0x6B, 0x8F, 0x97, 0xCB, 0x77,
    0x2D, 0x95, 0x2A, 0x2E, 0x66, 0xCA, 0x6D, 0xC7, 0x59, 0xA5, 0xEC, 0x25, 0xAA, 0xF4, 0xA8, 0x89,
    0x6A, 0x15, 0x1D, 0xA3, 0x2E, 0x31, 0x87, 0x31, 0x85, 0xF5, 0x64, 0x65, 0x3A, 0x81, 0x58, 0xB1,
    0x68, 0x63, 0x3A, 0xF3, 0x91, 0x0C, 0x3A, 0x65, 0xC5, 0x8A, 0x47, 0x84, 0xAB, 0xAC, 0x43, 0x2F,
    0xB6, 0x5E, 0xB6, 0x4E, 0xF3, 0x78, 0xD6, 0x59, 0xB5, 0x65, 0x4B, 0xAA, 0x68, 0x23, 0x5D, 0xEA,
    0x2B, 0x72, 0x66, 0x84, 0xCE, 0x10, 0x7D, 0x46, 0xBA, 0x30, 0x3E, 0x64, 0x10, 0xD6, 0xEA, 0xB0,
    0x2D, 0x75, 0x38, 0xE3, 0x6C, 0x16, 0x90, 0x9A, 0xBF, 0x87, 0xEA, 0xD8, 0xAB, 0xBE, 0x1D, 0x78,
    0xD5, 0x21, 0xAC, 0x27, 0x2B, 0x5A, 0x5C, 0xD5, 0xAF, 0x32, 0xDB, 0x36, 0x9A, 0xAD, 0x98, 0x77,
    0x26, 0x57, 0x06, 0x72, 0x02, 0x55, 0x83, 0x23, 0x4B, 0x60, 0x37, 0xB5, 0x47, 0x0D, 0x35, 0x08,
    0x1A, 0x2A, 0xC4, 0x0E, 0x89, 0xF1, 0x42, 0x1D, 0x17, 0xF9, 0xAA, 0x7B, 0xD7, 0xCD, 0x48, 0x0F,
    0xC7, 0xCD, 0xC8, 0x7B, 0xC1, 0x9E, 0xAE, 0xCC, 0x55, 0x1F, 0xB7, 0xAE, 0x79, 0xE0, 0x7B, 0x38,
    0x9C, 0x54, 0xA6, 0x61, 0x64, 0xFD, 0x72, 0x3C, 0xA9, 0xD4, 0xF6, 0x97, 0x4E, 0x2A, 0x9F, 0xE2,
    0xD3, 0xD3, 0xB4, 0xBF, 0x54, 0xB5, 0xA8, 0x78, 0x0E, 0xA1, 0xDB, 0x71, 0x0D, 0xBB, 0xC2, 0xE1,
    0xDA, 0x6C, 0xC4, 0x23, 0x68, 0x9F, 0x3E, 0xBF, 0xC0, 0xDC, 0x3F, 0x69, 0x58, 0x80, 0x44, 0x61,
    0xDE, 0x32, 0xA0, 0xB6, 0x00, 0x83, 0x5D, 0x14, 0x63, 0x39, 0xA0, 0xEA, 0xF2, 0xF5, 0xFB, 0x43,
    0x9D, 0x30, 0xA0, 0xE1, 0x99, 0x21, 0x34, 0xC6, 0x1B, 0x6D, 0x27, 0xD8, 0xEF, 0x62, 0xBF, 0x5D,
    0x1C, 0xA8, 0x2B, 0x64, 0xAD, 0xF1, 0x21, 0xFB, 0x13, 0x2B, 0x3B, 0x54, 0x0F, 0xEA, 0x74, 0x3F,
    0xBA, 0xE8, 0xEB, 0x56, 0xAB, 0x1C, 0x72, 0x6D, 0x6C, 0x86, 0xDD, 0x99, 0xAA, 0xC6, 0xA2, 0xCA,
    0xD0, 0x36, 0x1C, 0xBE, 0x56, 0x87, 0xB2, 0x03, 0xA4, 0xF5, 0x8A, 0xFD, 0x99, 0x03, 0x92, 0x85,
    0xA8, 0xBD, 0x19, 0x63, 0x5D, 0xA7, 0x68, 0xFB, 0x18, 0x0F, 0x07, 0x0E, 0x18, 0x79, 0x6A, 0xB5,
    0x67, 0x2D, 0x67, 0x4F, 0xE8, 0x60, 0x1B, 0x57, 0x33, 0xE7, 0xCC, 0x4A, 0x42, 0x0F, 0x27, 0x25,
    0xE9, 0xFD, 0x91, 0xDD, 0xDB, 0x65, 0xEF, 0x1C, 0x75, 0xDE, 0x65, 0xFF, 0x33, 0x49, 0x6E, 0xBA,
    0xFC, 0x6F, 0x66, 0x2E, 0x3A, 0x7D, 0xD1, 0xFB, 0x84, 0x23, 0xD4, 0x74, 0xCC, 0x8B, 0x51, 0xF6,
    0xEB, 0xE9, 0x2C, 0x4A, 0x95, 0xCD, 0x79, 0x36, 0x89, 0x79, 0x2A, 0x58, 0xE6, 0x93, 0x95, 0x7C,
    0x44, 0x3A, 0xDD, 0x42, 0xF5, 0xD9, 0x92, 0xCF, 0xCF, 0xA0, 0xFC, 0x86, 0x01, 0x89, 0xBF, 0x03,
    0xF3, 0x9B, 0xBD, 0xDA, 0xB7, 0xF8, 0xDD, 0x0E, 0x58, 0x84, 0xF6, 0xAE, 0xE4, 0xAD, 0xD0, 0x84,
    0x8E, 0x8A, 0x4B, 0xDE, 0x68, 0xAE, 0xDB, 0x21, 0x2B, 0x34, 0x61, 0xFF, 0x57, 0xC2, 0xF1, 0xCF,
    0x58, 0x66, 0x1C, 0xE8, 0x99, 0xFA, 0xCF, 0x7C, 0xA6, 0x11, 0x8D, 0xD0, 0x78, 0x16, 0x62, 0x85,
    0x25, 0x8F, 0xBA, 0x05, 0x9B, 0x2E, 0x82, 0xE6, 0xF7, 0xBD, 0x60, 0xF1, 0x7F, 0x93, 0x60, 0x16,
    0x86, 0xC3, 0x8E, 0x10, 0xA1, 0x51, 0xEC, 0xB4, 0xBC, 0xD7, 0xA9, 0x31, 0xB2, 0xFD, 0xDF, 0xCD,
    0x94, 0xF6, 0xF3, 0xA4, 0xB5, 0x4D, 0x60, 0x13, 0x5A, 0x30, 0x59, 0xA8, 0x01, 0x85, 0x0E, 0x28,
    0x26, 0xDE, 0x66, 0xE0, 0xAB, 0xED, 0x58, 0xE5, 0xE8, 0xBA, 0x54, 0x74, 0xAB, 0x8A, 0xAE, 0xAC,
    0x4D, 0xF5, 0xCC, 0x27, 0x53, 0x0D, 0x79, 0x26, 0xAE, 0xB4, 0x58, 0xD9, 0x40, 0x0D, 0x4E, 0xFE,
    0xAD, 0xCE, 0x33, 0xD5, 0xF3, 0x6F, 0xD4, 0x75, 0xBD, 0x73, 0x42, 0x9C, 0x94, 0x50, 0xAD, 0xD0,
    0x76, 0x44, 0x5B, 0x2B, 0xE2, 0x71, 0xF1, 0x78, 0x9E, 0xF6, 0xE2, 0xCD, 0xE6, 0xAC, 0x3F, 0x1C,
    0xC6, 0xB1, 0x7E, 0x3D, 0x1C, 0xDE, 0x5C, 0x71, 0x84, 0x92, 0x9E, 0x1E, 0x0D, 0x94, 0x4A, 0xDE,
    0xEC, 0xC9, 0x93, 0x45, 0xC9, 0x4F, 0x4E, 0x55, 0xAC, 0x92, 0x7F, 0x97, 0xC4, 0xB3, 0x31, 0x96,
    0x23, 0x34, 0x72, 0xAF, 0x1B, 0x78, 0x3C, 0x99, 0x5B, 0x58, 0xED, 0x78, 0x5E, 0x1C, 0xFE, 0x6A,
    0x55, 0xC7, 0xF3, 0xAC, 0xA2, 0x8F, 0x27, 0xB9, 0xE9, 0x74, 0xF0, 0x16, 0xCF, 0x4F, 0xC3, 0x1B,
    0xA2, 0x13, 0xE4, 0xDE, 0x38, 0x56, 0x3D, 0x89, 0x9B, 0xAC, 0x94, 0x67, 0x3C, 0x7F, 0x0E, 0xFB,
    0xBD, 0x30, 0xA7, 0x8C, 0xC0, 0xBF, 0x75, 0x40, 0xF1, 0x27, 0x03, 0x60, 0x7E, 0x91, 0xAB, 0xFB,
    0xA7, 0xCE, 0x87, 0x05, 0x47, 0x0F, 0x18, 0x2D, 0x92, 0x59, 0xF4, 0xD3, 0xAF, 0x5F, 0xF9, 0x00,
    0xD3, 0x9B, 0x1E, 0xDC, 0xC2, 0x73, 0xD2, 0xD6, 0x52, 0x47, 0xFD, 0xFD, 0x21, 0x9A, 0xFB, 0x48,
    0xD8, 0x5A, 0xDA, 0xF5, 0xE9, 0x88, 0x19, 0x67, 0xF7, 0xE8, 0xEB, 0xBB, 0xEA, 0xDE, 0xD9, 0x68,
    0x91, 0xCD, 0x2F, 0x44, 0x72, 0x0C, 0x01, 0x5F, 0xB0, 0xF1, 0x69, 0x08, 0xBE, 0x94, 0x64, 0x7B,
    0x68, 0x0C, 0xA5, 0xC1, 0x94, 0xE6, 0xA9, 0xBC, 0x17, 0x5E, 0xCE, 0x2D, 0x2E, 0x4C, 0x98, 0x9F,
    0x49, 0xC2, 0xB7, 0x9E, 0xAB, 0x95, 0xAE, 0x0D, 0x29, 0xFD, 0x6A, 0x19, 0x66, 0xD8, 0xF6, 0x76,
    0x80, 0x9D, 0xE0, 0x1A, 0x11, 0x52, 0x32, 0xB2, 0xD1, 0x05, 0xBC, 0x18, 0x04, 0xF2, 0x51, 0x1D,
    0x73, 0x84, 0x7C, 0x0F, 0x5A, 0xAB, 0xED, 0x3A, 0xC6, 0x54, 0x23, 0x5C, 0x6D, 0xB7, 0xB7, 0xD7,
    0x3D, 0xBF, 0xDD, 0x59, 0xD2, 0x4A, 0xFF, 0x3D, 0xC8, 0xAA, 0xE9, 0xCB, 0x01, 0x5B, 0x69, 0xFD,
    0x11, 0x6E, 0xBF, 0x37, 0x5A, 0x4E, 0xE3, 0x5C, 0x7D, 0x67, 0x39, 0xEB, 0xD9, 0x8E, 0xED, 0x49,
    0x97, 0x0A, 0x3D, 0xF9, 0x68, 0xB7, 0x5F, 0x1B, 0xAA, 0xD9, 0x74, 0x42, 0xF9, 0x39, 0x5D, 0xB1,
    0x9E, 0xFD, 0x57, 0x57, 0xF6, 0x49, 0xE0, 0x11, 0x81, 0xD3, 0x63, 0xCF, 0x6E, 0x4B, 0x67, 0xF0,
    0xA0, 0x03, 0x41, 0x05, 0xAD, 0x65, 0x3B, 0x1A, 0xC1, 0x0A, 0x2D, 0x82, 0x70, 0xF9, 0xB2, 0xBB,
    0xCA, 0x4F, 0x39, 0x1F, 0xE2, 0x81, 0x11, 0xD4, 0x90, 0x13, 0x75, 0x85, 0x9E, 0xA5, 0x3A, 0xA1,
    0x6D, 0xB6, 0x07, 0x56, 0xC7, 0x63, 0x54, 0x46, 0xF1, 0xF5, 0x71, 0x47, 0xEF, 0x08, 0x96, 0x11,
    0x44, 0x39, 0xC0, 0x91, 0xCB, 0xBA, 0x8B, 0x2F, 0x94, 0xB3, 0xBC, 0x03, 0x8E, 0xA1, 0xDE, 0xED,
    0x3A, 0xF5, 0x5C, 0x8B, 0x4E, 0x0F, 0xA3, 0x84, 0xA1, 0xA6, 0xCF, 0xBB, 0xB7, 0xE1, 0xFB, 0x7B,
    0x94, 0x70, 0x16, 0x2D, 0x65, 0xE4, 0x58, 0xA8, 0xAB, 0xD4, 0x52, 0x0D, 0xEC, 0xD5, 0x96, 0xF2,
    0x0F, 0xB1, 0xD4, 0x9B, 0xFE, 0x8B, 0xFC, 0xBE, 0x45, 0x2D, 0x75, 0x3C, 0xF0, 0x25, 0xA8, 0x2F,
    0x73, 0x90, 0xD1, 0xBD, 0xA2, 0xFC, 0x97, 0x33, 0xBF, 0xDB, 0x52, 0x27, 0xED, 0x0A, 0xFC, 0xC0,
    0x23, 0x45, 0x23, 0xF9, 0x5A, 0xC3, 0x3B, 0xA1, 0x5D, 0xD6, 0xB3, 0x19, 0x61, 0xE0, 0x21, 0x48,
    0x83, 0x55, 0x57, 0x61, 0xC9, 0x60, 0xB1, 0x10, 0xFC, 0xE3, 0x81, 0x43, 0xE8, 0x74, 0x23, 0xA8,
    0x97, 0xBD, 0xD6, 0x8F, 0x63, 0xCE, 0x8E, 0xBC, 0xCB, 0xFE, 0xE4, 0x08, 0xF0, 0xF1, 0xEE, 0x52,
    0x6F, 0xCB, 0x40, 0xB0, 0x5D, 0xD1, 0xCE, 0x78, 0x71, 0xAD, 0x26, 0xF2, 0x0F, 0x4D, 0xD9, 0xAC,
    0x1B, 0x27, 0xA1, 0xD5, 0xFD, 0x54, 0xE6, 0x75, 0xC7, 0xEB, 0xB9, 0xA3, 0x0D, 0x35, 0x76, 0xFB,
    0x87, 0x01, 0xE1, 0x57, 0x47, 0x84, 0x54, 0xEA, 0x34, 0x4E, 0x76, 0x92, 0x6C, 0x27, 0x74, 0xBD,
    0xD7, 0x1D, 0x6D, 0xB6, 0xDB, 0x6D, 0xE1, 0xD1, 0x7E, 0x0B, 0xDA, 0xEF, 0xB5, 0x4B, 0x39, 0xDD,
    0x4A, 0x43, 0x7D, 0x63, 0xAD, 0x6D, 0xC9, 0x85, 0x70, 0xB0, 0xE7, 0x6F, 0x9A, 0xA5, 0x93, 0xEC,
    0x94, 0xAC, 0xD2, 0x4D, 0x96, 0x43, 0x04, 0xAB, 0x1E, 0xCB, 0xC3, 0x59, 0x49, 0x90, 0x0C, 0xE0,
    0xFD, 0x64, 0xB3, 0xA4, 0x15, 0xC7, 0x66, 0xE8, 0x88, 0x2C, 0x5D, 0xD2, 0x8C, 0x96, 0xA1, 0x8E,
    0xAD, 0xE9, 0xAB, 0x1A, 0xDB, 0xE8, 0x91, 0x21, 0x77, 0x70, 0x78, 0x2C, 0x38, 0x6E, 0x08, 0xF2,
    0xFD, 0xD7, 0x09, 0x57, 0x2B, 0x53, 0xC7, 0x95, 0x79, 0xBB, 0xDF, 0x15, 0x65, 0x3B, 0xF0, 0x0A,
    0x87, 0x57, 0xAD, 0xD5, 0x76, 0x4A, 0x61, 0x48, 0x9B, 0x9F, 0x3A, 0x00, 0x5F, 0x5C, 0x1A, 0xE0,
    0x1E, 0xA1, 0x4F, 0x2E, 0x8D, 0xED, 0x7A, 0xD1, 0xEF, 0x19, 0x71, 0x66, 0x1E, 0xA0, 0x8C, 0x20,
    0xB5, 0xDA, 0x2E, 0xD4, 0x68, 0x49, 0xBB, 0x60, 0xE5, 0x34, 0x59, 0x5A, 0xF2, 0x2B, 0x56, 0x75,
    0xB5, 0xD7, 0x02, 0x9D, 0x94, 0xEA, 0x20, 0x74, 0x42, 0x1B, 0xBA, 0xD2, 0x6A, 0xEF, 0x4A, 0xED,
    0x23, 0xBB, 0x52, 0xA7, 0x6E, 0x58, 0x1D, 0xF2, 0x65, 0x57, 0x0A, 0x5C, 0x17, 0x5E, 0xD4, 0xD8,
    0xC4, 0x5B, 0xE3, 0xAD, 0xFD, 0x4E, 0x7B, 0x47, 0x67, 0x9B, 0x4E, 0x11, 0x75, 0xBC, 0x0F, 0x59,
    0xDA, 0xD1, 0xFE, 0xBD, 0x1E, 0xBB, 0x95, 0xF7, 0x5A, 0x51, 0x25, 0x6F, 0x84, 0x80, 0x44, 0xBA,
    0x61, 0x33, 0xEB, 0x7E, 0xE3, 0x59, 0xAD, 0xF1, 0xC3, 0xC7, 0x80, 0xFD, 0x07, 0x80, 0xA7, 0x24,
    0xFF, 0x38, 0x98, 0x81, 0x1F, 0x06, 0x8C, 0xD0, 0xEB, 0x1E, 0xFA, 0xED, 0xD1, 0x7B, 0x3E, 0x01,
    0xAF, 0x3C, 0x31, 0xED, 0x23, 0xBF, 0xF0, 0xDD, 0xF4, 0xFA, 0x35, 0xBD, 0xBF, 0x7F, 0x6C, 0xF7,
    0xA5, 0x87, 0x8A, 0x2D, 0x03, 0x92, 0x20, 0x59, 0xCA, 0x68, 0xB9, 0x08, 0xA8, 0x9E, 0x6D, 0x2D,
    0x8A, 0xE0, 0x2D, 0x64, 0x5E, 0x54, 0x75, 0xFC, 0xFA, 0xBD, 0xFF, 0x7C, 0x46, 0x57, 0x23, 0x05,
    0x5C, 0x88, 0x06, 0xA1, 0xCC, 0x76, 0x1B, 0xE3, 0x64, 0x46, 0x32, 0x33, 0x06, 0xF3, 0xD4, 0xF4,
    0x22, 0x1F, 0x80, 0xF3, 0xA2, 0x03, 0xAC, 0x11, 0xA8, 0xDE, 0xC6, 0xCD, 0x58, 0xC0, 0xCE, 0x7C,
    0xC8, 0x0F, 0xC1, 0x69, 0x3A, 0x03, 0x8E, 0x2C, 0x6C, 0x63, 0x91, 0x4F, 0xFA, 0xAD, 0xBE, 0x98,
    0x61, 0x79, 0xDC, 0x4F, 0x4F, 0x53, 0x36, 0xE5, 0x33, 0xD8, 0xC2, 0x74, 0xD5, 0x2D, 0x2C, 0x92,
    0xDD, 0xAA, 0xB8, 0x15, 0xEF, 0x9F, 0x2E, 0x13, 0x8F, 0x7C, 0x78, 0x87, 0xF9, 0xD4, 0x59, 0xB2,
    0x3B, 0xC5, 0x2F, 0x70, 0xAB, 0x33, 0xE5, 0x12, 0x67, 0x65, 0xFF, 0x3D, 0x66, 0x7F, 0x30, 0x22,
    0xFD, 0xDF, 0x31, 0xFB, 0xA7, 0x01, 0xC9, 0xFD, 0x21, 0xBD, 0xDF, 0x33, 0x66, 0xD7, 0x9E, 0x92,
    0xC4, 0xAC, 0x6D, 0x78, 0xC3, 0xD5, 0xBC, 0x63, 0xAF, 0x77, 0x68, 0xF9, 0xA7, 0xF8, 0xE5, 0x20,
    0xE5, 0xE6, 0x80, 0x3D, 0xEA, 0xA5, 0x00, 0x5B, 0x3D, 0xEC, 0x70, 0xD4, 0x7D, 0x89, 0xDF, 0x9B,
    0xB3, 0x29, 0xEE, 0xDC, 0x39, 0x0A, 0x60, 0x19, 0x66, 0x2E, 0xA6, 0x43, 0x4A, 0xB2, 0x6C, 0x94,
    0x6A, 0x33, 0x24, 0x7A, 0x7A, 0xD0, 0x52, 0x86, 0x6D, 0x8E, 0xDF, 0x4F, 0x85, 0x9B, 0xE3, 0x00,
    0xDD, 0xD2, 0x7A, 0x94, 0x96, 0x78, 0xA1, 0x48, 0x69, 0xBD, 0x6C, 0x8C, 0xD6, 0x63, 0x54, 0x7B,
    0x6E, 0xD4, 0x7A, 0x4D, 0xB4, 0x5E, 0x4B, 0xE1, 0xEF, 0x6E, 0x3D, 0x21, 0x3E, 0xFD, 0xC0, 0x1B,
    0xF7, 0x08, 0xB7, 0xD9, 0x2C, 0x4C, 0x84, 0x66, 0xB7, 0xD5, 0xF0, 0x4C, 0x2F, 0xDE, 0x7C, 0xDE,
    0xA4, 0x9B, 0x82, 0xFD, 0x21, 0x0E, 0xC0, 0x01, 0xED, 0x8F, 0x1F, 0xA7, 0x74, 0xBF, 0xA4, 0x1B,
    0x08, 0xDD, 0x5C, 0x98, 0x51, 0x79, 0x72, 0xDF, 0xF0, 0xC6, 0x78, 0x24, 0x8E, 0x57, 0x8E, 0x68,
    0xC7, 0x64, 0x7D, 0xAD, 0x34, 0xD0, 0x5D, 0xE6, 0x03, 0x6F, 0x92, 0xB6, 0x1D, 0xDA, 0x9A, 0xF3,
    0x86, 0x76, 0xB9, 0xEA, 0x9E, 0x54, 0x7E, 0xD0, 0xF5, 0x30, 0x79, 0xAD, 0x7F, 0xC8, 0xC5, 0xDE,
    0x1B, 0xF1, 0xCA, 0x59, 0x83, 0xDE, 0xAB, 0x6E, 0x1D, 0xD5, 0xA8, 0x06, 0xF5, 0xB5, 0x0D, 0xD6,
    0xAB, 0x5B, 0x7A, 0x0A, 0x6F, 0x27, 0xB4, 0x3D, 0xDE, 0x1F, 0xBA, 0x73, 0x1D, 0xAB, 0xD0, 0x64,
    0xA3, 0xFB, 0x8B, 0xB1, 0x18, 0x03, 0xB6, 0x67, 0xC3, 0x82, 0x32, 0x74, 0xD2, 0x6C, 0xC5, 0xFF,
    0x03, 0xD5, 0x9A, 0x3F, 0x8C, 0xE6, 0xC6, 0x79, 0xC6, 0x7F, 0x24, 0xA5, 0xA3, 0x60, 0x26, 0xA6,
    0x8A, 0x08, 0x49, 0xA4, 0x58, 0x6C, 0x52, 0x24, 0x80, 0x6D, 0x36, 0x2A, 0x5C, 0xEC, 0x2D, 0x19,
    0xA4, 0x48, 0xE1, 0xC2, 0x5B, 0x68, 0xE5, 0x42, 0x85, 0x1A, 0x15, 0x06, 0x52, 0x6C, 0xE3, 0xC2,
    0xC5, 0xED, 0x92, 0x70, 0x7A, 0xE8, 0x1A, 0xBB, 0x88, 0x1A, 0x15, 0x29, 0xD2, 0x9D, 0x0A, 0x15,
    0x46, 0xB2, 0xF7, 0x91, 0x40, 0xCA, 0x14, 0xA1, 0x1C, 0xA4, 0x16, 0x9D, 0xDC, 0x05, 0x10, 0x5C,
    0x68, 0x12, 0x51, 0x30, 0x57, 0x18, 0x72, 0x32, 0x0F, 0x86, 0xF8, 0xF6, 0x6E, 0x7D, 0x3A, 0x9F,
    0x2E, 0xF2, 0x42, 0x37, 0xCB, 0x79, 0x5E, 0x92, 0xF3, 0xFE, 0x79, 0xDE, 0x21, 0xBF, 0xB9, 0x19,
    0xCE, 0x55, 0xB8, 0x5E, 0x7F, 0x15, 0xA1, 0x54, 0x4F, 0xF4, 0x07, 0x86, 0x07, 0xE1, 0xC6, 0x67,
    0x40, 0xE7, 0x46, 0x12, 0xE7, 0x2C, 0xF9, 0x1C, 0xAF, 0x94, 0x3D, 0x87, 0x54, 0x35, 0xCF, 0xD1,
    0x01, 0x2C, 0x7B, 0xB0, 0x7B, 0xD8, 0xDF, 0x0B, 0x2A, 0x52, 0x0E, 0x66, 0x72, 0x10, 0x5C, 0xC9,
    0x69, 0x70, 0x7F, 0x35, 0x64, 0xAC, 0x86, 0xD2, 0xAD, 0xD0, 0xDD, 0xDF, 0xC1, 0xCA, 0x0B, 0xC4,
    0xF2, 0x9A, 0x4C, 0x02, 0xB3, 0x07, 0x5D, 0xC6, 0x33, 0x10, 0xED, 0x03, 0x57, 0xCE, 0x99, 0x00,
    0x2F, 0x75, 0xC7, 0x47, 0xD0, 0x84, 0xC4, 0x03, 0x6C, 0x97, 0xBB, 0x4D, 0x99, 0x44, 0xB6, 0xB9,
    0xD1, 0xFD, 0xFB, 0xC7, 0xC7, 0x38, 0x5F, 0x02, 0x84, 0x92, 0x45, 0xDD, 0xBD, 0x8C, 0xEA, 0x23,
    0xE7, 0x9A, 0xBE, 0x70, 0x1F, 0x77, 0xAE, 0x4D, 0x17, 0xD2, 0x95, 0x74, 0x12, 0xA7, 0x7C, 0x90,
    0xBB, 0xA2, 0x87, 0xAA, 0x2D, 0x5B, 0xFC, 0x59, 0x55, 0x43, 0xDE, 0x57, 0xEC, 0x71, 0xBB, 0x13,
    0x5A, 0xA5, 0x59, 0xB6, 0xB2, 0x6A, 0xEA, 0xD4, 0xC8, 0x43, 0xB2, 0xE0, 0x1D, 0x16, 0xEE, 0x7E,
    0xE7, 0x6A, 0x45, 0xE9, 0xFA, 0x10, 0x51, 0x45, 0x5A, 0xBE, 0xB6, 0x55, 0x0F, 0x8E, 0x62, 0x20,
    0x5A, 0xC4, 0x34, 0xB1, 0x8A, 0xEE, 0x8F, 0xC4, 0xEA, 0x32, 0x5A, 0xD4, 0xA9, 0x74, 0x54, 0xAD,
    0xFA, 0xB8, 0x03, 0x7F, 0xBD, 0x2A, 0xF4, 0x2F, 0xAD, 0x12, 0xF8, 0x74, 0x52, 0x96, 0xCE, 0x40,
    0xEE, 0xD4, 0xE5, 0x01, 0x9F, 0x3F, 0xEE, 0x8E, 0x5F, 0xDF, 0x7A, 0x44, 0xF8, 0xF8, 0xD6, 0x47,
    0xA1, 0x7D, 0xA8, 0xF0, 0xDB, 0x77, 0x8A, 0xB5, 0x26, 0x76, 0x6E, 0x22, 0x5B, 0xFF, 0x76, 0x15,
    0xFD, 0xCE, 0xD3, 0xE3, 0x5B, 0xC8, 0x58, 0x67, 0xE2, 0xA9, 0xB8, 0xE2, 0x97, 0xBA, 0x5A, 0x0C,
    0x66, 0x28, 0x3F, 0x72, 0x2D, 0xD5, 0x5F, 0xB9, 0xD9, 0xAB, 0x64, 0xAB, 0x92, 0xEA, 0xEA, 0x62,
    0xF2, 0xAA, 0x99, 0xAB, 0x8B, 0x3E, 0x72, 0x53, 0xDE, 0x53, 0xB8, 0x3B, 0x2D, 0x91, 0x73, 0x4A,
    0x4F, 0x99, 0x22, 0x6B, 0xAA, 0x1E, 0xF5, 0xF1, 0x73, 0xEA, 0xEE, 0xEF, 0xEA, 0xAC, 0xE9, 0x69,
    0xEA, 0x72, 0x7D, 0x73, 0x25, 0x75, 0x72, 0x7D, 0xE2, 0x09, 0x9D, 0x46, 0x93, 0x4B, 0xAC, 0x3F,
    0xFC, 0x09, 0xBC, 0xE2, 0x6E, 0x83, 0x48, 0xCA, 0x41, 0xB9, 0xBE, 0xE1, 0x46, 0xF9, 0x22, 0xB5,
    0xE1, 0xB5, 0xE8, 0xC8, 0x06, 0x5E, 0xA7, 0x68, 0xF3, 0x36, 0x73, 0x6D, 0x3A, 0x94, 0x54, 0xCE,
    0xC4, 0xE6, 0x80, 0x9D, 0x37, 0x36, 0xB7, 0x98, 0x78, 0x91, 0x5F, 0x7C, 0x10, 0x1B, 0xE0, 0xD6,
    0x94, 0x0C, 0xC0, 0x81, 0x49, 0xFA, 0xDF, 0x16, 0x5B, 0xDB, 0xA6, 0xB9, 0xD9, 0x6D, 0x5E, 0x36,
    0x9F, 0x5B, 0x84, 0x2D, 0x5E, 0x88, 0xBE, 0x71, 0xD9, 0x98, 0xED, 0x79, 0x06, 0xD6, 0x37, 0x56,
    0x4A, 0xD7, 0x9F, 0xBE, 0x35, 0xBE, 0x98, 0x18, 0xFE, 0xD8, 0x14, 0xCE, 0x34, 0xCE, 0x2C, 0x89,
    0x99, 0x12, 0x63, 0x52, 0x33, 0x17, 0xA6, 0x59, 0x4D, 0xF1, 0x2B, 0x05, 0x24, 0x1F, 0xAA, 0x96,
    0xAA, 0xED, 0xA0, 0x8B, 0x2D, 0x91, 0x4D, 0x0D, 0xE9, 0x94, 0x0F, 0x0F, 0xDC, 0x6F, 0xA2, 0x05,
    0x9D, 0x05, 0xDD, 0xD0, 0x2A, 0xBD, 0x60, 0x71, 0xD9, 0xF2, 0xD2, 0xB1, 0x2F, 0x74, 0xCE, 0x97,
    0x0D, 0x55, 0xAA, 0x2F, 0x81, 0xC7, 0xC7, 0x47, 0xCE, 0x19, 0x7F, 0x70, 0x72, 0xA1, 0x21, 0xA0,
    0xCF, 0x6F, 0xA7, 0xE6, 0xD0, 0x8D, 0xE7, 0x3F, 0x31, 0xB7, 0x6E, 0xBE, 0x6F, 0x0E, 0x5E, 0x35,
    0xE6, 0xD6, 0x37, 0x8D, 0x33, 0xB9, 0xF9, 0xDF, 0x3E, 0x37, 0xFF, 0x33, 0x7E, 0xF3, 0xC7, 0xC6,
    0x7C, 0xEB, 0xE0, 0xFD, 0x1F, 0x1F, 0xBC, 0x0A, 0x26, 0x1D, 0xD2, 0x9E, 0x6E, 0x41, 0xC5, 0x13,
    0xA9, 0x9D, 0xB7, 0x57, 0x4D, 0x17, 0x4A, 0xD7, 0x36, 0x27, 0xC3, 0x1C, 0x1B, 0x83, 0x0E, 0x7F,
    0xD2, 0xBC, 0x35, 0xF8, 0x9B, 0xA9, 0xB4, 0x2D, 0xBF, 0x03, 0x94, 0x8A, 0x75, 0x82, 0xE3, 0x37,
    0x16, 0xBD, 0xF9, 0x8F, 0xB7, 0xD8, 0x8A, 0x38, 0x28, 0x1D, 0x25, 0x24, 0x88, 0xDC, 0x6D, 0x0A,
    0xBD, 0xB8, 0x3F, 0x5F, 0x38, 0xA0, 0x09, 0x59, 0xEF, 0xEB, 0x2E, 0x58, 0xC7, 0x33, 0xA4, 0x86,
    0x30, 0x68, 0xD4, 0xB0, 0x80, 0xC6, 0x92, 0xF2, 0xFE, 0x71, 0x5D, 0xF9, 0x54, 0x54, 0x23, 0x37,
    0x50, 0x38, 0x4B, 0xF3, 0xB3, 0x95, 0x3F, 0xDF, 0xFB, 0x39, 0x83, 0x58, 0x54, 0x47, 0x5F, 0xEF,
    0xC1, 0x1B, 0x2B, 0x10, 0xC6, 0x16, 0xB6, 0xFA, 0x3D, 0xAA, 0xB6, 0xF9, 0x99, 0xA3, 0x74, 0x0B,
    0xB1, 0x1B, 0xE0, 0x1F, 0x12, 0x93, 0x8E, 0x79, 0x5F, 0x72, 0x53, 0x91, 0xAB, 0xA7, 0x83, 0x46,
    0x14, 0x3B, 0x56, 0x70, 0x38, 0x62, 0x0F, 0x6D, 0xEA, 0xE1, 0xA2, 0x6B, 0x70, 0x6E, 0xAD, 0xB0,
    0x27, 0xF7, 0xCA, 0xDA, 0x02, 0x3C, 0x01, 0xF0, 0xB2, 0xB3, 0x91, 0x73, 0x36, 0x73, 0xF6, 0xA0,
    0xF4, 0xB5, 0xF2, 0xB5, 0xF3, 0xD5, 0x5D, 0xA9, 0xBA, 0xD7, 0x6C, 0xED, 0xB9, 0xAF, 0x89, 0xAF,
    0x34, 0xBE, 0x72, 0xCB, 0xD7, 0x83, 0x2F, 0x59, 0xBF, 0xF7, 0xED, 0xCB, 0x7F, 0x06, 0x93, 0x3E,
    0xAB, 0x0B, 0x8D, 0x28, 0xE7, 0x1C, 0x70, 0xAB, 0x99, 0xAB, 0xC1, 0x9F, 0xA5, 0x96, 0xCA, 0xB2,
    0xB3, 0x7C, 0x60, 0xE1, 0xB1, 0xC7, 0x4B, 0xCB, 0x51, 0xE5, 0x4C, 0xA5, 0x87, 0x5D, 0xE7, 0xFE,
    0xE4, 0xE7, 0xB6, 0x61, 0xB9, 0xCB, 0x99, 0xA5, 0xDA, 0x1F, 0xFE, 0xF2, 0x8C, 0xBB, 0xD5, 0x4F,
    0xAD, 0x57, 0x88, 0x5D, 0x0B, 0x54, 0x2C, 0x68, 0x40, 0x82, 0xCC, 0x94, 0x3D, 0xC9, 0x9C, 0x19,
    0x58, 0x92, 0x79, 0xEB, 0xDD, 0x52, 0x2D, 0xF9, 0x58, 0xB5, 0xE1, 0x4C, 0xF7, 0xD4, 0x1A, 0xF4,
    0x64, 0x11, 0x6C, 0xAB, 0x7A, 0x01, 0xFE, 0x04, 0xB8, 0x51, 0x13, 0x5B, 0xA0, 0xF0, 0x16, 0x92,
    0x15, 0x74, 0x92, 0xA7, 0xA0, 0x0C, 0xD8, 0x6A, 0x34, 0x05, 0x99, 0x8C, 0x41, 0x66, 0x7D, 0x90,
    0x79, 0x1B, 0x64, 0x49, 0x90, 0x37, 0xB9, 0xF1, 0x9E, 0xE4, 0x39, 0x85, 0x91, 0x9C, 0xA8, 0x24,
    0xE3, 0x91, 0xCE, 0xB0, 0x90, 0xF6, 0xD1, 0x6F, 0x7C, 0xCA, 0x7D, 0xDE, 0x26, 0xFF, 0x25, 0x59,
    0x90, 0xFD, 0x8B, 0x41, 0x66, 0x45, 0x22, 0x79, 0x8B, 0x43, 0x49, 0x7C, 0x9F, 0x4A, 0x46, 0x26,
    0x32, 0x92, 0x49, 0x9F, 0x7C, 0xF6, 0xE6, 0x04, 0x59, 0x9B, 0x38, 0xA7, 0xA8, 0x04, 0xF9, 0x1D,
    0x40, 0xED, 0x07, 0x9B, 0xFC, 0x00, 0x88, 0xDF, 0x83, 0x23, 0x00, 0x91, 0x90, 0x47, 0x32, 0xE5,
    0xA0, 0x0E, 0xB2, 0xF2, 0x08, 0x77, 0xB7, 0x3C, 0x8E, 0x1E, 0xCC, 0xA3, 0xBE, 0x9A, 0x47, 0x90,
    0xE7, 0x9B, 0x34, 0xBC, 0x04, 0xCA, 0x23, 0x75, 0x83, 0x97, 0x69, 0x5F, 0xBA, 0xC9, 0xCB, 0xBC,
    0xBD, 0x99, 0x58, 0x16, 0x0A, 0x5E, 0xC4, 0xFA, 0x7C, 0x64, 0x26, 0x79, 0x4B, 0x12, 0xE5, 0x41,
    0x34, 0x43, 0x6C, 0x20, 0xE4, 0x01, 0xD9, 0xA0, 0x3C, 0xD4, 0xE1, 0xCA, 0x03, 0x1A, 0xE0, 0xBB,
    0x61, 0xCE, 0xA1, 0x3C, 0xB2, 0x11, 0x94, 0x47, 0xF9, 0x1F, 0xC7, 0x88, 0x6C, 0xE5, 0x1C, 0xC9,
    0x10, 0x64, 0xDA, 0xA3, 0x12, 0xBB, 0xD6, 0x43, 0x4B, 0xE9, 0x0C, 0x4A, 0xA0, 0x79, 0x37, 0x24,
    0xF0, 0x5A, 0xF4, 0x40, 0x02, 0xA7, 0x04, 0x9F, 0x72, 0x9B, 0x4E, 0x44, 0x93, 0xEC, 0x7A, 0xE5,
    0x2D, 0xFB, 0x90, 0xF7, 0x89, 0x09, 0xCF, 0x2F, 0x9E, 0x29, 0x89, 0x8E, 0xA4, 0x7C, 0x48, 0x6E,
    0x24, 0xCF, 0x29, 0xCD, 0x6B, 0xB1, 0xF5, 0xE4, 0x2B, 0xB3, 0x7B, 0x73, 0x4A, 0x0C, 0xBF, 0x31,
    0xA5, 0x1B, 0xD3, 0x21, 0xFA, 0xD4, 0xDC, 0x58, 0xEB, 0xBC, 0x4F, 0xF4, 0xDC, 0x28, 0xEA, 0xEC,
    0xEF, 0x24, 0x2B, 0xF2, 0x44, 0xF2, 0x2E, 0x37, 0x25, 0xB1, 0xDC, 0x92, 0x8C, 0x27, 0x2E, 0x7E,
    0x78, 0x81, 0x72, 0x77, 0xCE, 0x41, 0xDE, 0x4B, 0x86, 0xDC, 0xD5, 0x5E, 0x11, 0xE4, 0xD9, 0xF6,
    0xDC, 0x7E, 0x84, 0x8A, 0xD4, 0xA8, 0xCC, 0xBE, 0xEA, 0x7A, 0x2B, 0x3A, 0xDF, 0xD7, 0xFD, 0xC0,
    0xB7, 0x0B, 0xA9, 0x26, 0x52, 0x1D, 0xA0, 0x6C, 0x2F, 0x87, 0xC9, 0x6D, 0xCC, 0x96, 0x7C, 0x71,
    0x07, 0xA6, 0x69, 0xD3, 0xB9, 0xFC, 0xBC, 0x33, 0x99, 0x73, 0x2D, 0xDD, 0x0C, 0x37, 0x6E, 0xB3,
    0x91, 0x08, 0x8F, 0x8A, 0xED, 0x99, 0x73, 0x28, 0xA0, 0xE0, 0x6A, 0x29, 0x7B, 0x61, 0x35, 0x08,
    0x9B, 0x51, 0xD8, 0x19, 0xA1, 0x9B, 0xE4, 0xE1, 0x62, 0x46, 0x69, 0x5B, 0xE4, 0x53, 0xC1, 0x53,
    0xA3, 0xE4, 0xB2, 0xE1, 0x72, 0x06, 0x57, 0xF4, 0x4A, 0xBF, 0xAC, 0x95, 0x41, 0xB5, 0xCD, 0xFB,
    0xB6, 0x19, 0x9C, 0x47, 0x4B, 0x32, 0x11, 0x39, 0xE7, 0xFC, 0xC9, 0x1E, 0x17, 0xA4, 0xD0, 0x91,
    0x8F, 0x52, 0x96, 0x49, 0xD5, 0x8A, 0x47, 0xD9, 0x57, 0xFD, 0x7E, 0xAA, 0x28, 0x2E, 0x7F, 0x09,
    0x21, 0xF1, 0x90, 0xB6, 0xA8, 0x08, 0x93, 0x51, 0x98, 0xF5, 0xCF, 0x52, 0x2E, 0x37, 0x1E, 0x60,
    0xD8, 0x18, 0xE1, 0x3C, 0x23, 0x26, 0xA7, 0x28, 0x95, 0xF2, 0x19, 0xCA, 0x25, 0x9E, 0xD3, 0x1A,
    0x52, 0xF7, 0x03, 0x5D, 0xDE, 0x71, 0x78, 0x8C, 0x2C, 0x57, 0x4A, 0xD1, 0x0B, 0xCB, 0x51, 0x58,
    0x99, 0xCB, 0xAC, 0xBB, 0x59, 0x68, 0xA5, 0x1F, 0xCD, 0xC2, 0x78, 0xDA, 0xA1, 0x2C, 0x2A, 0x65,
    0x31, 0x0A, 0xF3, 0xA1, 0x6C, 0x95, 0x45, 0xA1, 0xA0, 0xBD, 0x68, 0x54, 0x75, 0x36, 0x7A, 0x44,
    0xF4, 0x1A, 0x31, 0x67, 0xF5, 0x2C, 0x40, 0xCC, 0x89, 0xC5, 0x1C, 0xF1, 0x0F, 0xA9, 0x35, 0x64,
    0x46, 0x26, 0xB9, 0x4C, 0x5A, 0x99, 0x97, 0x7D, 0x29, 0x57, 0x43, 0xD5, 0x23, 0xFE, 0x45, 0xAD,
    0x3E, 0xAF, 0x7A, 0xB7, 0x47, 0xDD, 0xB9, 0x52, 0xAA, 0xFD, 0x32, 0x03, 0xBA, 0x56, 0xE8, 0x7A,
    0x71, 0x76, 0x83, 0x38, 0x7F, 0xAA, 0xBC, 0x92, 0x4F, 0x8D, 0x38, 0x7F, 0x38, 0x21, 0xB6, 0x76,
    0x8F, 0x45, 0x7B, 0x17, 0x11, 0x68, 0x84, 0xDB, 0x4F, 0x57, 0x19, 0x2D, 0x28, 0x23, 0xEB, 0xB5,
    0x44, 0xDE, 0x67, 0x24, 0xCE, 0x66, 0xC3, 0xCC, 0xE3, 0x8C, 0x66, 0x97, 0x16, 0xA9, 0x85, 0xB5,
    0x8B, 0xA6, 0xF9, 0xD0, 0x89, 0x87, 0xAF, 0x1D, 0xCA, 0x68, 0x63, 0x15, 0xFD, 0xA7, 0x98, 0x24,
    0xBD, 0xD9, 0x63, 0xFC, 0xE1, 0x18, 0xD8, 0x3E, 0x3A, 0x0B, 0xD7, 0x5F, 0xC9, 0x22, 0xF0, 0x0F,
    0x98, 0x7D, 0x38, 0x5F, 0xC9, 0xA2, 0xAC, 0xCF, 0xF6, 0xFC, 0x1B, 0xAA, 0x7A, 0xCB, 0x22, 0xF0,
    0x8F, 0x3C, 0x0E, 0x0F, 0x65, 0x91, 0x7A, 0x9C, 0x1E, 0x91, 0x45, 0xE0, 0x2F, 0xF3, 0x86, 0x06,
    0x75, 0x4B, 0xE8, 0x76, 0x79, 0x0D, 0xD3, 0x64, 0x8F, 0x4E, 0x94, 0xB4, 0xC8, 0x24, 0x09, 0x2C,
    0xD3, 0x20, 0xF2, 0x8F, 0x82, 0xF8, 0x37, 0x09, 0xCA, 0x77, 0x24, 0xA8, 0x72, 0x09, 0x76, 0x41,
    0x58, 0x09, 0x62, 0x9B, 0x3B, 0xA7, 0x77, 0x5A, 0x82, 0xCC, 0xE4, 0xF7, 0xFD, 0x5C, 0x35, 0x1F,
    0xD5, 0x46, 0xD1, 0x4B, 0x50, 0xB5, 0x12, 0x34, 0x48, 0x28, 0xA8, 0x17, 0x51, 0x10, 0xC9, 0x72,
    0xFC, 0x96, 0x17, 0xE9, 0xA4, 0x36, 0x6F, 0x2D, 0xA1, 0x24, 0x72, 0x4F, 0xA9, 0xEC, 0xD1, 0xCA,
    0xAF, 0x6A, 0x91, 0x20, 0xEA, 0x2E, 0xA0, 0x70, 0x6E, 0xA0, 0xFB, 0xF8, 0xCE, 0x9C, 0x2C, 0x44,
    0x8B, 0xD7, 0xE7, 0x40, 0x16, 0xEA, 0x9E, 0xAB, 0x2B, 0xE9, 0xC7, 0x2F, 0xFF, 0xA5, 0xF2, 0xD0,
    0x2A, 0xBC, 0x45, 0x7C, 0x95, 0xB2, 0x9C, 0x26, 0x72, 0x8F, 0xBB, 0x7F, 0xC7, 0x52, 0x3A, 0x37,
    0x12, 0xBB, 0x55, 0x4D, 0x52, 0x2A, 0x90, 0xFA, 0x08, 0xDC, 0x98, 0x01, 0x6E, 0xB1, 0xC1, 0x3F,
    0x4F, 0x40, 0x37, 0x10, 0xBD, 0x07, 0xD1, 0xBC, 0xC5, 0xA9, 0x64, 0xB1, 0xCD, 0x88, 0xB7, 0xE2,
    0xB6, 0xB2, 0xFA, 0x99, 0xBA, 0x48, 0x3D, 0xAE, 0xEA, 0xA1, 0xAA, 0x7A, 0xDD, 0x23, 0x5D, 0xFF,
    0xAE, 0x2A, 0x9F, 0x6E, 0x2B, 0xF0, 0x8D, 0x1A, 0x2A, 0x5F, 0xCF, 0x2E, 0xA7, 0x5E, 0xC9, 0x78,
    0xFD, 0x3C, 0xE2, 0x36, 0xF4, 0x6A, 0x39, 0xC3, 0xF9, 0xA9, 0xA7, 0x51, 0x92, 0xE8, 0x05, 0xB9,
    0x66, 0x1E, 0xE9, 0x90, 0x0E, 0xB9, 0x09, 0x7F, 0x3A, 0xBF, 0xEE, 0xF8, 0x2F, 0xEB, 0x33, 0x4B,
    0x9F, 0x8C, 0xB1, 0x61, 0x46, 0xC5, 0x7E, 0xF9, 0xBF, 0xE8, 0xBD, 0xC4, 0x64, 0x7D, 0xDE, 0x96,
    0xDC, 0x7C, 0x5A, 0x17, 0xF0, 0x36, 0x68, 0xD4, 0x26, 0xFB, 0xD7, 0xBE, 0xF8, 0xEB, 0xF1, 0x30,
    0x9A, 0x08, 0xC5, 0x7E, 0x95, 0xC7, 0x29, 0x93, 0x8B, 0xAD, 0x3F, 0x4E, 0xF9, 0xBD, 0xF8, 0x4F,
    0x34, 0xDC, 0x09, 0x5D, 0x4B, 0x72, 0x71, 0xDC, 0x19, 0x12, 0x43, 0x6A, 0x85, 0x2C, 0x08, 0x1B,
    0x84, 0x55, 0x2D, 0x2C, 0x5B, 0x61, 0xD1, 0x0B, 0xF3, 0x87, 0x50, 0x43, 0xA8, 0x50, 0xF8, 0xC3,
    0x8B, 0xE3, 0xA3, 0x07, 0x5B, 0x8B, 0x3D, 0xCA, 0xC3, 0xA5, 0xB7, 0x0E, 0x8F, 0xD1, 0xC2, 0x16,
    0xF1, 0xE2, 0x0D, 0x45, 0x17, 0x13, 0xE1, 0x3D, 0xA0, 0x68, 0x0F, 0xA0, 0x99, 0x7F, 0x01, 0xFF,
    0xE4, 0x0C, 0x98, 0x62, 0xE0, 0xB2, 0xAC, 0x80, 0x75, 0xB5, 0xA0, 0x17, 0x8C, 0x02, 0x23, 0x50,
    0x62, 0xCB, 0xE2, 0xC1, 0x76, 0x82, 0xAA, 0xF5, 0x50, 0x0C, 0x1E, 0x32, 0xE3, 0x21, 0x99, 0x3D,
    0x44, 0xD6, 0x03, 0x4E, 0x50, 0xD5, 0x1E, 0xCA, 0xDE, 0x43, 0x3E, 0x7A, 0x48, 0x27, 0x0F, 0xB1,
    0xF5, 0xC0, 0x22, 0x68, 0x04, 0x95, 0x20, 0x17, 0x64, 0x82, 0x44, 0x10, 0x59, 0xB2, 0xF1, 0x0B,
    0xE6, 0xAA, 0x95, 0x80, 0x6F, 0x70, 0xA5, 0x44, 0x9D, 0xB2, 0x2A, 0x95, 0x21, 0xEE, 0xBE, 0xB2,
    0x5D, 0x94, 0x79, 0x6E, 0xC0, 0x6D, 0x93, 0xE7, 0xAA, 0x85, 0x72, 0xFB, 0xBC, 0xD8, 0x08, 0x87,
    0x1D, 0xF8, 0x40, 0x61, 0x8A, 0x14, 0xD0, 0x2A, 0xE8, 0x86, 0x0F, 0xDE, 0x0F, 0x9A, 0xC1, 0x2A,
    0x78, 0x08, 0xDE, 0x82, 0xE7, 0x10, 0x25, 0x44, 0x0C, 0xD1, 0x37, 0x26, 0x81, 0x15, 0x34, 0x02,
    0xAC, 0x20, 0x9A, 0x2E, 0x13, 0xCB, 0x7A, 0xE1, 0x8D, 0xFA, 0x59, 0xCA, 0xA5, 0x68, 0x85, 0xCD,
    0x20, 0xFC, 0xDC, 0x6C, 0x21, 0x94, 0xCA, 0x21, 0x4A, 0xE5, 0xE5, 0x67, 0x29, 0x97, 0xA3, 0x48,
    0x0E, 0x6D, 0x16, 0x66, 0xAC, 0x32, 0xFF, 0xFE, 0x2A, 0x8C, 0xE6, 0x67, 0x28, 0x8B, 0xA2, 0x2E,
    0x6A, 0xA8, 0xFA, 0xAA, 0x0F, 0x18, 0xEE, 0x3C, 0x33, 0xFC, 0x5F, 0x00, 0xDA, 0x43, 0x79, 0xD4,
    0x34, 0xCA, 0x14, 0x23, 0x55, 0x9F, 0xCE, 0x38, 0xA2, 0x35, 0xB1, 0xD0, 0xFC, 0xC0, 0x40, 0xE1,
    0x7A, 0x3D, 0x21, 0xC5, 0x5D, 0x15, 0xCA, 0xD5, 0x50, 0x7E, 0x32, 0x40, 0xF7, 0xFD, 0x89, 0x78,
    0x89, 0x17, 0xB2, 0x49, 0x1F, 0xBC, 0x07, 0x1F, 0xB3, 0xA9, 0xC9, 0xCC, 0x4D, 0x88, 0xC7, 0xE7,
    0x80, 0x1A, 0xE0, 0x50, 0xA1, 0xE6, 0x73, 0x14, 0x76, 0x46, 0x14, 0x66, 0xD1, 0xC9, 0xFC, 0x61,
    0xC8, 0xD5, 0x01, 0x14, 0x5D, 0xEB, 0xC3, 0x57, 0xEA, 0x00, 0x4E, 0xD5, 0x01, 0x58, 0x75, 0x40,
    0x3C, 0xA9, 0x03, 0x12, 0xA3, 0x44, 0xB3, 0x5E, 0x1D, 0x90, 0xB7, 0x89, 0xC7, 0x52, 0x1D, 0xC0,
    0x19, 0xBA, 0x6F, 0x3D, 0xEA, 0x9B, 0x74, 0x36, 0x76, 0x89, 0x21, 0x1F, 0x9A, 0x74, 0x50, 0x07,
    0xBC, 0xD3, 0xAB, 0x03, 0x3E, 0xA9, 0xD5, 0x01, 0x2B, 0xAC, 0xA4, 0xEA, 0x00, 0x62, 0x77, 0x7F,
    0x3F, 0x14, 0xA7, 0xBF, 0xD4, 0x50, 0x9C, 0xB7, 0x97, 0x43, 0x44, 0xD9, 0xB2, 0x4D, 0xC4, 0xD2,
    0x71, 0xBF, 0xA2, 0x7D, 0x9B, 0x07, 0x8A, 0x55, 0xFD, 0xAA, 0x61, 0x81, 0xC8, 0x0A, 0xE6, 0x1D,
    0xC4, 0x73, 0xB5, 0x3D, 0x8D, 0x4C, 0x4F, 0xA3, 0xEC, 0xD3, 0xF5, 0xEF, 0x5D, 0x1D, 0x39, 0xB7,
    0x6C, 0xDF, 0xD0, 0x49, 0x66, 0x11, 0x34, 0x1B, 0x55, 0xCA, 0x3A, 0xF4, 0x31, 0xFC, 0xE8, 0xEB,
    0xC6, 0x54, 0x36, 0x89, 0x03, 0xB2, 0x8F, 0x5A, 0x28, 0xFE, 0x66, 0x80, 0xB3, 0x78, 0x52, 0x97,
    0xBE, 0xFD, 0xF5, 0x62, 0xAA, 0x7D, 0x15, 0x5C, 0x62, 0x03, 0xE8, 0xF2, 0x6B, 0xC5, 0x2F, 0x3C,
    0x5B, 0x59, 0x08, 0x63, 0x73, 0xF5, 0x43, 0x4B, 0xCE, 0xC3, 0x25, 0x2C, 0xEC, 0xC2, 0x22, 0x55,
    0x1F, 0x05, 0xF4, 0x1B, 0x21, 0x99, 0x75, 0x64, 0x46, 0x5E, 0xF2, 0x51, 0x4D, 0x52, 0x68, 0xA4,
    0xEC, 0x6B, 0x07, 0x14, 0xFD, 0x22, 0x67, 0xBF, 0xB2, 0x68, 0xE9, 0x39, 0x29, 0x94, 0x53, 0x2C,
    0xDC, 0x20, 0xEC, 0x7A, 0x61, 0x55, 0x23, 0xE4, 0x69, 0xD1, 0xF2, 0x10, 0xAC, 0xDA, 0xEB, 0xD4,
    0x16, 0x91, 0x60, 0xC4, 0xF2, 0x8A, 0xF5, 0x10, 0x2D, 0x1E, 0xE8, 0x04, 0xCD, 0xA3, 0xBE, 0xEE,
    0x0B, 0x76, 0xD2, 0xB3, 0xB2, 0x98, 0x91, 0xAD, 0x87, 0x55, 0xFE, 0x6A, 0xD4, 0xFA, 0x18, 0xD0,
    0x26, 0x0E, 0xA9, 0x73, 0x3D, 0xC5, 0xC5, 0x89, 0xA1, 0xD2, 0xC6, 0x55, 0x23, 0x57, 0x3B, 0x29,
    0x2C, 0xC1, 0xA9, 0xBF, 0xA7, 0x01, 0xDA, 0x43, 0xD3, 0x7B, 0x58, 0xC1, 0x26, 0xB3, 0xC0, 0xB0,
    0x9D, 0xC5, 0xBA, 0x47, 0x37, 0x79, 0x28, 0x1C, 0xA2, 0xDB, 0x5B, 0x34, 0xD3, 0xDA, 0x86, 0xEA,
    0xC4, 0x84, 0xB3, 0x42, 0xF7, 0x8A, 0xFB, 0xBE, 0xD5, 0xC7, 0x94, 0xC5, 0xBD, 0x30, 0xA3, 0xB2,
    0x57, 0x16, 0x7F, 0x91, 0x97, 0x1B, 0x3B, 0x91, 0x2B, 0x3D, 0xB7, 0xCA, 0xD3, 0x78, 0x41, 0x7C,
    0x40, 0x55, 0x5B, 0x9C, 0x36, 0x76, 0xCE, 0x16, 0xBE, 0x56, 0x03, 0xB6, 0x0B, 0x2F, 0x92, 0xB5,
    0x92, 0xC4, 0xFE, 0x3A, 0xB3, 0xD5, 0xFD, 0xEE, 0x6E, 0xEE, 0xE6, 0xD3, 0xC8, 0xDD, 0x3E, 0x83,
    0xA2, 0x0D, 0x41, 0xEE, 0x02, 0x33, 0xC4, 0xE6, 0x0B, 0xE3, 0xFC, 0xD9, 0x83, 0x71, 0xF8, 0x92,
    0x71, 0xD2, 0x31, 0x6C, 0x89, 0x1E, 0x9E, 0xC3, 0x79, 0x85, 0x76, 0x06, 0xA3, 0x23, 0x05, 0xFA,
    0x8A, 0xF3, 0xB9, 0x1B, 0xF7, 0x91, 0xFB, 0xF7, 0x3E, 0xF9, 0xB5, 0x6B, 0x93, 0x7E, 0x47, 0x28,
    0x57, 0x62, 0xD4, 0xC9, 0xFC, 0x07, 0x3C, 0x7D, 0x8C, 0x2F, 0x5A, 0x04, 0x2A, 0x46, 0xA6, 0x18,
    0x1F, 0xDF, 0x31, 0x87, 0xA4, 0xF3, 0x1F, 0x3D, 0x55, 0x0C, 0xAB, 0x18, 0x87, 0xBC, 0x72, 0x0F,
    0x4E, 0x4F, 0xC1, 0xE4, 0xA1, 0xFE, 0xE4, 0x3B, 0x50, 0x4C, 0xA8, 0x7C, 0xE5, 0x7D, 0x76, 0x32,
    0x53, 0x86, 0x17, 0xFE, 0xA7, 0xCE, 0x0D, 0x78, 0x9F, 0x9F, 0x5C, 0x9C, 0x4C, 0xF8, 0x1C, 0x5C,
    0x1F, 0x5B, 0x5E, 0x20, 0x76, 0xE1, 0xFD, 0x88, 0x56, 0x68, 0x08, 0x71, 0x2A, 0x78, 0xDE, 0x6F,
    0x2A, 0x1E, 0x37, 0xF8, 0x58, 0x2A, 0x14, 0x9B, 0x54, 0x4C, 0x80, 0x8E, 0x20, 0x17, 0x1D, 0xE8,
    0x42, 0xF6, 0xDB, 0xC2, 0x91, 0xD7, 0xF0, 0x3C, 0x5C, 0x8F, 0xC5, 0x73, 0xF9, 0xE8, 0x73, 0xCF,
    0x21, 0x77, 0x6B, 0xAC, 0xF8, 0x51, 0x37, 0x72, 0x22, 0x8B, 0x62, 0xD5, 0x08, 0x37, 0xFA, 0x7D,
    0x76, 0x5B, 0x8C, 0xEC, 0xAA, 0x96, 0xBF, 0x68, 0xF6, 0x9F, 0xD2, 0x43, 0xB5, 0x5B, 0x5D, 0xB6,
    0xFB, 0x5D, 0x18, 0x7F, 0x5E, 0x2C, 0x7B, 0x4E, 0xF3, 0xF9, 0xC6, 0xA2, 0x25, 0x1E, 0x9D, 0x1B,
    0xB8, 0x31, 0x41, 0x3C, 0x40, 0xAA, 0x2A, 0xED, 0x12, 0xC8, 0xE1, 0xD5, 0x1D, 0x14, 0xF3, 0xC6,
    0xB0, 0x12, 0x94, 0xB5, 0x5A, 0xFA, 0x6D, 0x00, 0x25, 0x3A, 0x62, 0x2B, 0xAF, 0xAC, 0x35, 0x9E,
    0x8F, 0x21, 0x5B, 0xDF, 0xB4, 0x14, 0x03, 0xAB, 0x42, 0xE9, 0x4B, 0x21, 0x45, 0xBB, 0x93, 0xCD,
    0x22, 0x70, 0xBE, 0x04, 0xD0, 0xCA, 0xBD, 0xBE, 0xFA, 0xA5, 0xA8, 0xE5, 0x0F, 0xF1, 0xD9, 0x34,
    0xF2, 0xB2, 0xCA, 0xDF, 0x14, 0x3C, 0x6F, 0xBB, 0x2D, 0x45, 0xBF, 0xF1, 0xE0, 0x54, 0x60, 0x05,
    0xD7, 0xC5, 0x20, 0x9E, 0xC4, 0xC2, 0x8A, 0x85, 0x34, 0x0F, 0xF3, 0x16, 0xAC, 0x3A, 0xEC, 0x28,
    0x3A, 0xBA, 0x16, 0x06, 0xD1, 0xE4, 0xA3, 0x25, 0x36, 0x37, 0x01, 0x74, 0xC9, 0xBE, 0x48, 0x05,
    0x29, 0x8F, 0xE8, 0x8D, 0xB8, 0x0C, 0x2E, 0xA7, 0x65, 0xBD, 0x13, 0x83, 0x27, 0x0B, 0xFE, 0x6D,
    0xD9, 0x76, 0xF2, 0xB2, 0x10, 0x2B, 0x19, 0x8A, 0x55, 0x7E, 0x8A, 0x3E, 0x1B, 0x12, 0xC3, 0xF4,
    0xE4, 0x9F, 0x45, 0x92, 0x69, 0xDB, 0x88, 0x7E, 0x72, 0x13, 0xA9, 0xC5, 0x4E, 0xF3, 0x1D, 0xFF,
    0xE1, 0xE4, 0x2C, 0x0A, 0xC1, 0xBE, 0x16, 0xDF, 0x48, 0x9E, 0x83, 0xB6, 0x18, 0xD3, 0x31, 0x5B,
    0xAB, 0x81, 0x66, 0x0D, 0xBF, 0x8B, 0x4E, 0x93, 0xE2, 0x86, 0x6C, 0x2C, 0xFA, 0xD8, 0x23, 0x24,
    0x86, 0x93, 0xFF, 0x9E, 0x35, 0xBE, 0xE4, 0x17, 0x27, 0x4B, 0xD9, 0x27, 0x6B, 0x05, 0xEE, 0x4C,
    0x9A, 0xD0, 0xA8, 0x5A, 0xA8, 0x6C, 0x38, 0x3F, 0xDB, 0xC1, 0xDD, 0x0A, 0xAC, 0xD7, 0x9B, 0xBC,
    0xFE, 0x98, 0x38, 0x57, 0x6B, 0xBC, 0xE1, 0x79, 0x8E, 0xA0, 0x1A, 0xCD, 0xF6, 0x5F, 0xA5, 0xCC,
    0x49, 0xCB, 0x65, 0xA9, 0xA2, 0xEE, 0x36, 0x55, 0xEE, 0x66, 0xAA, 0xEA, 0xDD, 0x95, 0x6A, 0xA6,
    0xF3, 0xBA, 0x5A, 0x03, 0xF5, 0x94, 0x5A, 0x07, 0x68, 0x37, 0x43, 0x73, 0x78, 0x9E, 0x0A, 0xD8,
    0xA1, 0x20, 0xEC, 0xA7, 0xF2, 0x03, 0xCA, 0xEB, 0x51, 0x3F, 0xB5, 0x89, 0x54, 0xAF, 0xA8, 0x5E,
    0xD6, 0x5A, 0x71, 0xC3, 0x8E, 0xF6, 0x6E, 0x5B, 0x59, 0x25, 0x01, 0xEC, 0x06, 0xDB, 0xA5, 0x5A,
    0x4D, 0xD8, 0xF9, 0x96, 0x45, 0x2E, 0xDB, 0xF4, 0xEA, 0x8F, 0xFD, 0x72, 0x76, 0x5E, 0xD4, 0x1B,
    0x19, 0xCE, 0xAF, 0x93, 0x41, 0x34, 0x2B, 0xE9, 0x45, 0x2C, 0xEE, 0x00, 0xA5, 0xB8, 0x9C, 0x27,
    0x23, 0xBC, 0xCE, 0xD1, 0xF5, 0x30, 0x28, 0xDB, 0xF7, 0xA1, 0x99, 0x0C, 0x7C, 0xEE, 0x46, 0x30,
    0x65, 0x8B, 0xCA, 0xF5, 0x04, 0x9F, 0xA2, 0x89, 0xD8, 0x26, 0x36, 0x80, 0x2E, 0xAF, 0x31, 0xF8,
    0xE5, 0xB2, 0x47, 0xA0, 0xCB, 0xAB, 0xE5, 0xD8, 0x97, 0xD7, 0x9D, 0x2F, 0x56, 0x70, 0xA5, 0xFD,
    0x8B, 0x1C, 0xFC, 0xA9, 0xE0, 0x50, 0x31, 0xCE, 0x15, 0xCD, 0xB2, 0xB1, 0x4F, 0x9C, 0x67, 0x9F,
    0x7E, 0xE2, 0xD9, 0xE7, 0xEF, 0x0C, 0x3B, 0x0A, 0xB1, 0x3F, 0x14, 0xE7, 0x73, 0xC1, 0xE4, 0x89,
    0xC7, 0xC6, 0x43, 0x32, 0x78, 0xF6, 0x5A, 0x44, 0x37, 0xB9, 0xD8, 0x7B, 0xC5, 0xBE, 0xB0, 0x1B,
    0x7B, 0x62, 0xB1, 0x4F, 0x7E, 0xED, 0xD9, 0x67, 0xFD, 0x7E, 0x9D, 0x71, 0x57, 0x50, 0x09, 0x8A,
    0xF6, 0xEA, 0x9E, 0xEE, 0xFF, 0xFB, 0xBF, 0xE6, 0xC8, 0xBB, 0xF3, 0x22, 0x76, 0x54, 0x6D, 0xE6,
    0x28, 0x3F, 0xEB, 0x2A, 0x32, 0x67, 0x2B, 0xFC, 0xE8, 0x50, 0xD6, 0x8F, 0xFC, 0xA7, 0x32, 0x36,
    0xD7, 0xC9, 0x20, 0x1D, 0x81, 0x7C, 0x56, 0xA7, 0x8B, 0x81, 0x2D, 0x45, 0x20, 0xEB, 0xAF, 0x8F,
    0x81, 0x66, 0x9F, 0x68, 0x1A, 0x1A, 0x40, 0x97, 0xD7, 0x98, 0x7E, 0x98, 0xB0, 0xE4, 0x0F, 0x3F,
    0x85, 0x99, 0x07, 0x4A, 0x83, 0x86, 0x6B, 0xCD, 0x0F, 0x8A, 0x9E, 0x46, 0xAA, 0x3B, 0x19, 0x69,
    0xA7, 0x3A, 0xB2, 0x24, 0x26, 0x9E, 0x89, 0xE6, 0xC4, 0x80, 0x15, 0xDC, 0xCD, 0xB4, 0xFA, 0x97,
    0xBF, 0x2A, 0x6F, 0xA1, 0x7C, 0xAB, 0x86, 0xBC, 0x03, 0xB2, 0x95, 0x6D, 0xD2, 0x96, 0x58, 0x20,
    0x0E, 0x5B, 0xEF, 0xFB, 0x41, 0x54, 0x39, 0x97, 0xFD, 0xB6, 0x53, 0xFA, 0xAE, 0xD4, 0xDC, 0x24,
    0x68, 0x81, 0x7F, 0x04, 0xB0, 0x5F, 0x0A, 0x5E, 0x59, 0x60, 0x71, 0xAE, 0xC7, 0x69, 0xED, 0xE7,
    0xFA, 0xC4, 0xE2, 0x60, 0x61, 0x85, 0x9D, 0x17, 0x34, 0x5F, 0xDC, 0x75, 0x6A, 0x95, 0xDE, 0x8A,
    0x23, 0xB2, 0xB8, 0x3E, 0x9D, 0x83, 0x17, 0xF9, 0xF3, 0x9E, 0x2F, 0x9E, 0x9C, 0xC6, 0xE3, 0xA7,
    0x42, 0xCD, 0xB6, 0xAB, 0xDB, 0x51, 0xB6, 0x2C, 0xEA, 0x58, 0x4B, 0x36, 0x44, 0x96, 0x74, 0x4C,
    0x26, 0x12, 0x93, 0x18, 0xE2, 0x49, 0xAF, 0xE7, 0xAC, 0x3E, 0xB5, 0xEA, 0xD3, 0xD3, 0xA2, 0x85,
    0x43, 0x3D, 0xB6, 0xB2, 0x02, 0xF2, 0x9D, 0x60, 0x01, 0xD2, 0xFD, 0x7F, 0x17, 0x8E, 0xCD, 0xBE,
    0x63, 0xF7, 0x4F, 0xB6, 0x6C, 0x43, 0xB8, 0xAB, 0x1D, 0xFB, 0x7F, 0xD5, 0x9B, 0x01, 0xA4, 0x2D,
    0xDB, 0x79, 0xC7, 0x7F, 0x33, 0xF3, 0xEE, 0x9B, 0x36, 0xD3, 0x74, 0x3D, 0x24, 0xE9, 0x4B, 0x5F,
    0x92, 0x81, 0x22, 0xAA, 0x79, 0x03, 0x41, 0xD5, 0x7D, 0x67, 0xAD, 0xB6, 0x08, 0x8A, 0x5C, 0xBC,
    0x9D, 0x94, 0x87, 0x17, 0x1A, 0x84, 0xE2, 0x40, 0x70, 0x91, 0x73, 0x67, 0x28, 0x8A, 0xA0, 0x07,
    0x4D, 0xA4, 0x79, 0xE8, 0x43, 0x50, 0xE0, 0x15, 0x0F, 0xC1, 0xBD, 0x67, 0x56, 0x13, 0x04, 0x41,
    0xA7, 0x52, 0x0A, 0x78, 0x93, 0xB8, 0x37, 0x15, 0xC1, 0x5B, 0x49, 0x26, 0xED, 0x9C, 0xF7, 0xD6,
    0xCC, 0xEA, 0xFE, 0xD6, 0xDE, 0x7B, 0xEC, 0x73, 0x72, 0x9C, 0x77, 0xEF, 0xB9, 0xF7, 0xDE, 0x9E,
    0xAC, 0x3B, 0xEB, 0x37, 0xDB, 0x3E, 0x6B, 0x7D, 0xDF, 0xF7, 0xFD, 0x67, 0x9D, 0x59, 0xEB, 0xCE,
    0xAC, 0x83, 0x0E, 0xC1, 0xB2, 0xE5, 0x47, 0x57, 0x2B, 0xC3, 0xD9, 0xA2, 0xED, 0x42, 0xDA, 0x5E,
    0x18, 0xDC, 0xC2, 0xF4, 0xBD, 0x11, 0xC8, 0x9C, 0x07, 0x72, 0x37, 0x01, 0x45, 0x7F, 0x02, 0x28,
    0xAB, 0x81, 0xD2, 0x6A, 0x03, 0x55, 0x53, 0x35, 0xA0, 0x51, 0x16, 0x6A, 0x54, 0x07, 0x27, 0x14,
    0x3D, 0x78, 0x72, 0x47, 0xE2, 0xC9, 0x06, 0xD2, 0x10, 0xC2, 0x48, 0xB6, 0xA6, 0x27, 0x5F, 0x73,
    0x42, 0xF5, 0xD0, 0xC6, 0xC6, 0x35, 0xA5, 0x05, 0x6D, 0x74, 0x03, 0x55, 0x34, 0x58, 0xDA, 0x16,
    0x50, 0xFD, 0x8D, 0xD5, 0xEA, 0x96, 0x0A, 0xC1, 0x49, 0x65, 0x57, 0x0E, 0x4F, 0xC5, 0x82, 0xAD,
    0x4E, 0x0F, 0xDD, 0x01, 0xD9, 0xF8, 0xA2, 0x78, 0x80, 0x4D, 0xBD, 0xB1, 0xF2, 0x69, 0x08, 0xBE,
    0x5C, 0x57, 0xDD, 0xE1, 0x5B, 0xF0, 0x13, 0x78, 0x1F, 0xCF, 0xA9, 0x6F, 0x29, 0xBC, 0x7E, 0xD0,
    0xDE, 0x53, 0xC1, 0x1F, 0x25, 0xE1, 0xF8, 0x00, 0x45, 0x66, 0x41, 0x35, 0x85, 0x85, 0xFC, 0xB4,
    0x35, 0x90, 0x86, 0x39, 0x3A, 0xB9, 0xCF, 0xB9, 0x52, 0x76, 0xC2, 0xAA, 0x17, 0x6A, 0x27, 0xAC,
    0x07, 0x61, 0x3B, 0xC2, 0xC6, 0x05, 0xC9, 0x38, 0x01, 0xD9, 0x70, 0x47, 0xE8, 0x34, 0x90, 0xF7,
    0x92, 0x8E, 0xEA, 0x4A, 0xF1, 0x62, 0x45, 0x9F, 0xB2, 0x91, 0x94, 0xB5, 0xC9, 0x1D, 0x68, 0x32,
    0x07, 0x27, 0xA2, 0x0F, 0x53, 0x4C, 0x43, 0xF4, 0x89, 0x5A, 0xCD, 0x51, 0xAB, 0xC0, 0xA6, 0x59,
    0x21, 0x6C, 0x54, 0x2F, 0xFA, 0x48, 0x1C, 0x65, 0x57, 0x89, 0xC1, 0x5E, 0x14, 0x2B, 0x5C, 0x66,
    0xD3, 0x2E, 0xEB, 0xD7, 0x9C, 0x0F, 0x2D, 0x21, 0x40, 0x39, 0x72, 0x91, 0x5A, 0xDA, 0x64, 0xE3,
    0xEF, 0xED, 0xAB, 0xC5, 0xC3, 0xAA, 0x35, 0x8A, 0x5A, 0x77, 0x40, 0xFC, 0x41, 0x6D, 0x85, 0x6D,
    0x27, 0x0C, 0x3D, 0x90, 0x6C, 0x46, 0xCA, 0xFB, 0x03, 0x90, 0xFD, 0x62, 0x04, 0x72, 0xE7, 0x81,
    0xA2, 0x9F, 0x90, 0xEC, 0x4F, 0x36, 0x23, 0x05, 0xA8, 0x1A, 0xD1, 0x43, 0x9B, 0xAA, 0xD9, 0x5D,
    0xF6, 0x13, 0x44, 0x8F, 0x89, 0xA2, 0x27, 0x89, 0xE3, 0x25, 0x8D, 0xE3, 0x45, 0xB2, 0x1F, 0xC9,
    0xA3, 0x1E, 0x6A, 0x19, 0x2F, 0x73, 0xEC, 0xD2, 0xA2, 0x97, 0xF1, 0xA2, 0x9B, 0x1A, 0x51, 0x05,
    0xE0, 0x65, 0x01, 0x83, 0x20, 0xE9, 0x85, 0x99, 0x8D, 0xEC, 0x22, 0x4F, 0x8F, 0x63, 0xA4, 0x3D,
    0x40, 0xDD, 0x88, 0x2E, 0x51, 0x18, 0x44, 0x19, 0xB9, 0x1E, 0x23, 0x9F, 0x10, 0xDF, 0xC0, 0x19,
    0xB4, 0x9B, 0x00, 0x3C, 0xFA, 0x74, 0xE5, 0x69, 0x0D, 0x1E, 0xD1, 0x08, 0x2F, 0x10, 0x95, 0x10,
    0x99, 0x10, 0x9D, 0x28, 0xD7, 0x42, 0xB1, 0x51, 0x0A, 0xBE, 0x0B, 0xA4, 0x1D, 0x90, 0x37, 0x80,
    0x42, 0x60, 0x04, 0x3F, 0x35, 0xE2, 0xD9, 0x42, 0x32, 0x03, 0xC4, 0xC6, 0x1E, 0x48, 0xA3, 0x7C,
    0x0E, 0x28, 0x2C, 0xF0, 0xBC, 0x61, 0xAF, 0x24, 0xED, 0x08, 0x65, 0x08, 0x1D, 0xE1, 0xC1, 0x5B,
    0x43, 0x26, 0x8E, 0x0B, 0x07, 0x6F, 0x8B, 0x1E, 0x2F, 0x88, 0x10, 0xE8, 0xC5, 0xD8, 0x89, 0x60,
    0x5A, 0xE0, 0x17, 0x4C, 0x0B, 0x4E, 0x96, 0xC6, 0x3A, 0xA2, 0x01, 0xA2, 0x29, 0x31, 0xFA, 0xD5,
    0x68, 0x3E, 0x3A, 0xA2, 0x12, 0x97, 0xD1, 0x39, 0x45, 0x0F, 0xCA, 0x42, 0x65, 0xE0, 0x00, 0xF0,
    0xC0, 0x2D, 0x00, 0x28, 0x67, 0x93, 0x84, 0xD0, 0x17, 0xF3, 0x6B, 0xBE, 0xEC, 0x39, 0xD1, 0x0D,
    0x9F, 0xAE, 0xB7, 0x5E, 0x26, 0xC0, 0xEF, 0xD5, 0x69, 0xFB, 0x7D, 0x0D, 0x48, 0x3B, 0x69, 0x2F,
    0xFD, 0xD2, 0x10, 0x7A, 0xB1, 0x03, 0xA5, 0x01, 0x74, 0x07, 0xBC, 0xE7, 0x20, 0x75, 0x1E, 0x8A,
    0xEE, 0x40, 0x04, 0xF9, 0xF8, 0xF5, 0x52, 0x24, 0x1D, 0x20, 0xF7, 0xA0, 0x5A, 0xD0, 0xAA, 0xE1,
    0x6E, 0xDE, 0x71, 0x2B, 0xB9, 0xF5, 0xB4, 0x14, 0xB1, 0x3B, 0x94, 0xE7, 0x46, 0xC6, 0xE9, 0x45,
    0x3A, 0xDC, 0x3E, 0xA7, 0x43, 0xFD, 0x24, 0x74, 0xB8, 0x7D, 0x5E, 0x87, 0xE8, 0x3C, 0x19, 0x20,
    0xF3, 0xB1, 0xCA, 0xE7, 0xA5, 0xBC, 0x14, 0x35, 0x70, 0x7B, 0x1A, 0xBC, 0xF8, 0x90, 0x1A, 0xBC,
    0xB8, 0xD3, 0x40, 0xFA, 0x8B, 0x9D, 0xCD, 0x74, 0x93, 0xF5, 0x77, 0x21, 0xF9, 0xF5, 0x00, 0xB4,
    0xFD, 0x4E, 0x8D, 0x0F, 0x71, 0xBD, 0x46, 0xC5, 0x98, 0x39, 0x0E, 0x0A, 0x4B, 0x79, 0x08, 0xC5,
    0x04, 0xD9, 0xF8, 0x54, 0x7E, 0x4F, 0x92, 0xE3, 0xF4, 0x18, 0x46, 0x65, 0xE1, 0xA8, 0x02, 0xAA,
    0x23, 0x40, 0x6D, 0xE6, 0x6A, 0xF6, 0x4A, 0x08, 0x93, 0x20, 0xF4, 0xCC, 0xAB, 0x43, 0x8F, 0x27,
    0x09, 0x78, 0xD0, 0xC6, 0x4B, 0x26, 0x1E, 0x54, 0xE7, 0xA1, 0xE8, 0xFD, 0xF6, 0xA6, 0x9D, 0x7D,
    0x30, 0xF2, 0x05, 0x45, 0xBF, 0x33, 0x50, 0x89, 0xA9, 0xDA, 0x44, 0xF3, 0xF3, 0xEA, 0x2D, 0x1F,
    0x5D, 0xAE, 0x71, 0x0A, 0x00, 0x89, 0x03, 0xD4, 0xF7, 0x3D, 0x0B, 0xFF, 0x2D, 0xD2, 0xDE, 0x8E,
    0x7C, 0x3B, 0xD2, 0x45, 0x36, 0x91, 0x6C, 0x59, 0x49, 0x86, 0x69, 0x08, 0x9F, 0xB7, 0x14, 0xF3,
    0xE1, 0xBB, 0x96, 0xB2, 0x4B, 0x82, 0x45, 0x1B, 0x6A, 0x4B, 0x2D, 0x7E, 0x39, 0x91, 0x44, 0x98,
    0x62, 0x7B, 0xBF, 0xC7, 0x69, 0xE1, 0xAE, 0x4D, 0x6C, 0x2F, 0x6A, 0x6A, 0xB1, 0x43, 0x10, 0x9B,
    0x7F, 0xFB, 0xCE, 0xCE, 0xFE, 0xC6, 0x57, 0x16, 0xC2, 0x88, 0x30, 0x34, 0x64, 0xA7, 0xAB, 0xD6,
    0x89, 0x9E, 0xB9, 0x17, 0x32, 0x45, 0xD6, 0x91, 0xDA, 0x08, 0xAB, 0x46, 0x58, 0x5A, 0xA1, 0x3A,
    0xC3, 0x10, 0x82, 0xDB, 0xF1, 0x8B, 0xA7, 0xAB, 0x5B, 0xFB, 0x3F, 0x2D, 0x17, 0x46, 0x0B, 0x8B,
    0xB5, 0x96, 0x35, 0x93, 0x69, 0xE7, 0xF1, 0xF4, 0x0B, 0xE2, 0x5D, 0x22, 0x11, 0xDE, 0x67, 0xA7,
    0xC9, 0x02, 0x42, 0xF0, 0x5B, 0xAC, 0x0E, 0xFF, 0xF3, 0xFC, 0x4F, 0x25, 0x9D, 0x98, 0x59, 0x14,
    0x2E, 0xEA, 0x16, 0x65, 0x8B, 0x2A, 0x44, 0x41, 0xA2, 0x36, 0x7E, 0xC1, 0xB4, 0x20, 0xFE, 0x34,
    0xB6, 0x8B, 0x62, 0x45, 0xAD, 0xA2, 0x54, 0xD1, 0x5E, 0xB4, 0xBC, 0x5B, 0x96, 0xC9, 0x12, 0x8D,
    0x6D, 0x09, 0xDB, 0x32, 0xAF, 0x56, 0x2B, 0x0F, 0x5C, 0x56, 0x65, 0x7E, 0x97, 0x3A, 0xAF, 0xFB,
    0x7B, 0xE0, 0x83, 0xAA, 0xD8, 0xDC, 0xD9, 0x4F, 0x56, 0xAB, 0x57, 0x45, 0x12, 0xBF, 0x01, 0xFB,
    0xB7, 0x1C, 0x90, 0xDF, 0x30, 0xE4, 0x57, 0x85, 0xB2, 0x63, 0x46, 0x32, 0x40, 0x72, 0x31, 0x92,
    0x55, 0x33, 0x6F, 0x2F, 0x4E, 0xD8, 0x40, 0xCC, 0x9A, 0x19, 0xA0, 0x15, 0xD4, 0x02, 0x6D, 0xF9,
    0x30, 0x65, 0x4F, 0x2D, 0x56, 0x66, 0xB1, 0x37, 0x88, 0x65, 0xC3, 0x76, 0xA1, 0xD5, 0x6D, 0x17,
    0x5A, 0x86, 0x72, 0xE4, 0x59, 0xE7, 0x9E, 0x59, 0x1C, 0x59, 0x9F, 0x3A, 0x92, 0xF9, 0xB0, 0x83,
    0x36, 0x34, 0xF0, 0xD2, 0xC4, 0xC5, 0x2A, 0xBC, 0x77, 0xE8, 0x29, 0xAD, 0xA8, 0x00, 0x9A, 0x3B,
    0xA2, 0xC2, 0x3D, 0x51, 0xC1, 0x9F, 0x55, 0x61, 0x12, 0x15, 0x3C, 0xC0, 0x3D, 0x16, 0x15, 0x0C,
    0x9F, 0x10, 0x05, 0x5B, 0x51, 0x61, 0xDA, 0x53, 0x81, 0xBC, 0x03, 0xE5, 0xA4, 0xCA, 0xE7, 0x67,
    0xAE, 0x00, 0xC9, 0x00, 0x64, 0x7E, 0x87, 0x64, 0x38, 0x97, 0xBC, 0x11, 0xFB, 0x8E, 0x4C, 0x86,
    0x80, 0xEA, 0x69, 0x29, 0x1B, 0xB4, 0xD1, 0x92, 0xB7, 0x96, 0xBC, 0xEF, 0x08, 0x6A, 0xC9, 0x7B,
    0x03, 0x49, 0x7E, 0x93, 0x72, 0x84, 0x01, 0x2A, 0x19, 0x02, 0xCA, 0x51, 0x8B, 0x95, 0x19, 0x96,
    0xE4, 0x25, 0x80, 0x88, 0x18, 0x12, 0x1E, 0x78, 0x18, 0x48, 0xAE, 0x1B, 0x48, 0xC6, 0x78, 0xE0,
    0xA1, 0x21, 0x8E, 0xF6, 0xFC, 0x02, 0xAF, 0x08, 0xDC, 0x6E, 0x7D, 0x99, 0xD9, 0x05, 0xB2, 0xC6,
    0x4D, 0x43, 0x0F, 0xB4, 0xE6, 0x42, 0x21, 0xAC, 0x08, 0x61, 0x76, 0x42, 0xD4, 0x57, 0x15, 0x22,
    0x74, 0x40, 0x71, 0xC9, 0xBA, 0x36, 0x3D, 0x7E, 0xDE, 0xA4, 0xAE, 0x6C, 0xF0, 0x1A, 0x0E, 0x3C,
    0x94, 0x0E, 0x8A, 0x67, 0x3F, 0x56, 0x18, 0xB3, 0x1E, 0x8E, 0xE2, 0x4C, 0x52, 0x01, 0x6A, 0x02,
    0xB2, 0x11, 0xE0, 0xD6, 0xFE, 0x80, 0x91, 0x75, 0xC6, 0xFE, 0x3D, 0xC3, 0xA0, 0x45, 0x89, 0xB2,
    0x39, 0x11, 0x89, 0xA6, 0x0B, 0xEE, 0x19, 0xCB, 0xF2, 0x80, 0x8D, 0x62, 0xCD, 0xC5, 0xF7, 0x8C,
    0x65, 0x32, 0xD3, 0xBD, 0x70, 0x1A, 0x80, 0x74, 0xB8, 0x0B, 0xE4, 0x9D, 0x8E, 0xAB, 0xFC, 0x0F,
    0x19, 0x38, 0xBF, 0x9E, 0x83, 0x32, 0x84, 0x1E, 0xC2, 0xCF, 0xDE, 0xF2, 0x64, 0x93, 0x28, 0x5A,
    0x38, 0xB8, 0x49, 0x69, 0xB7, 0xCE, 0x84, 0x2C, 0xDE, 0x39, 0x89, 0x9C, 0xF6, 0xE8, 0xC9, 0x43,
    0xD8, 0x72, 0x22, 0x59, 0xD5, 0x4C, 0x80, 0xE6, 0x24, 0xB2, 0x8E, 0xD4, 0x1B, 0x36, 0xC2, 0xD2,
    0x0A, 0x95, 0x13, 0x8A, 0xC7, 0x80, 0x2C, 0x6C, 0x02, 0x54, 0x21, 0xBC, 0x1B, 0xD7, 0x55, 0x0A,
    0x32, 0x07, 0xA8, 0x71, 0xB7, 0xDC, 0xB8, 0x5B, 0x41, 0x32, 0x28, 0x4B, 0x72, 0x2B, 0xD9, 0x65,
    0x71, 0xB8, 0x9B, 0x75, 0xD4, 0x7C, 0xF8, 0x8E, 0xAD, 0xE2, 0xAC, 0xD3, 0xA0, 0x2F, 0x98, 0x75,
    0x16, 0x5C, 0x3E, 0xEB, 0xBC, 0xF6, 0xAE, 0xD8, 0xFB, 0x87, 0xCD, 0xAC, 0x03, 0x94, 0x82, 0x4A,
    0x10, 0x65, 0xA8, 0xF9, 0x1D, 0x91, 0xA7, 0xFC, 0xD9, 0xA1, 0xDF, 0x88, 0x96, 0xB4, 0xB3, 0xE8,
    0x4A, 0x6A, 0x40, 0x99, 0xDC, 0x42, 0xD1, 0x95, 0x0D, 0x64, 0x21, 0x00, 0x04, 0x2F, 0xBC, 0x61,
    0xF8, 0xAD, 0x51, 0x3D, 0xB3, 0x49, 0xBC, 0xE3, 0xF7, 0xFB, 0x77, 0xFC, 0xF2, 0x94, 0xA5, 0x9C,
    0x55, 0xFD, 0x35, 0x51, 0x9D, 0x47, 0x50, 0x5D, 0x50, 0x43, 0x79, 0xA9, 0xEA, 0x7B, 0xD2, 0x6F,
    0x54, 0xFF, 0xDD, 0x8B, 0x54, 0xA7, 0x34, 0xE7, 0x1F, 0x28, 0x95, 0x4F, 0x4D, 0x69, 0x15, 0xC2,
    0x96, 0x13, 0x37, 0x9E, 0x88, 0xD2, 0xE4, 0x1D, 0xC4, 0x36, 0x11, 0xCB, 0xE4, 0x76, 0x8D, 0x86,
    0xF6, 0xF5, 0x16, 0xF0, 0x6C, 0x29, 0xE1, 0xFC, 0x60, 0x88, 0xCC, 0x1B, 0xA1, 0x12, 0xF0, 0xFB,
    0x91, 0xCF, 0xB1, 0x2B, 0xE9, 0x32, 0x99, 0x15, 0x06, 0x50, 0x67, 0x2F, 0x48, 0x76, 0x2D, 0x2F,
    0x08, 0x5F, 0x06, 0x92, 0x09, 0xC8, 0x82, 0x01, 0xF5, 0x43, 0x0B, 0x55, 0xE6, 0xE0, 0x88, 0x91,
    0xA5, 0xE0, 0xA5, 0x3E, 0x3A, 0xC2, 0xBA, 0xEC, 0xC1, 0x03, 0x57, 0x05, 0x23, 0x90, 0x4D, 0x40,
    0xF1, 0x2E, 0x50, 0xFE, 0x95, 0x85, 0x83, 0xAC, 0x97, 0x04, 0xDE, 0x04, 0x00, 0xFE, 0x45, 0xE0,
    0x1F, 0x16, 0xF9, 0x6C, 0xF0, 0x75, 0xE8, 0x99, 0xE6, 0xC3, 0x91, 0xD0, 0xA7, 0x9E, 0xD0, 0x30,
    0x13, 0xA0, 0x66, 0x06, 0xCD, 0x24, 0xF0, 0x57, 0x83, 0x5A, 0x1E, 0x9A, 0x5E, 0xC4, 0xB0, 0x57,
    0x5E, 0x7F, 0xB0, 0x5A, 0xBD, 0xFE, 0xE0, 0x82, 0x96, 0xF2, 0xBD, 0x55, 0xD2, 0x64, 0x47, 0xF9,
    0xFE, 0x09, 0xF0, 0x43, 0x0D, 0x72, 0xDA, 0xE1, 0xF5, 0x07, 0xAF, 0xEE, 0xFF, 0x6F, 0x4C, 0x59,
    0xCE, 0xA2, 0xBE, 0x8F, 0xFA, 0x41, 0x98, 0x51, 0xEF, 0xFC, 0x34, 0x34, 0x6A, 0xA6, 0xB2, 0x6A,
    0x44, 0xF5, 0xCA, 0x91, 0x3B, 0xD5, 0x93, 0x39, 0xD5, 0x09, 0xEC, 0x95, 0x50, 0x35, 0x5F, 0xAD,
    0x87, 0xE1, 0xBD, 0xE0, 0x5C, 0x69, 0x01, 0x00, 0xFF, 0x24, 0x8F, 0x1B, 0xBC, 0xA0, 0xEF, 0xBF,
    0xDD, 0x06, 0xE7, 0x0E, 0x1F, 0xD7, 0x7E, 0x88, 0x45, 0x16, 0xB4, 0x4F, 0x21, 0xCE, 0x65, 0xDD,
    0xF7, 0x98, 0xC6, 0x1D, 0x5F, 0x1B, 0xF1, 0xF5, 0x1B, 0x43, 0x15, 0xFA, 0xE7, 0x67, 0xF3, 0x34,
    0x42, 0x75, 0xDC, 0x1C, 0xB8, 0x7B, 0x2F, 0x1D, 0x75, 0x70, 0x2A, 0x34, 0xBC, 0xFA, 0x58, 0x2E,
    0x32, 0xF7, 0xE8, 0xFF, 0xF2, 0xE6, 0x33, 0xDC, 0xC6, 0x31, 0x30, 0x7F, 0xA5, 0xF6, 0x65, 0x9F,
    0x3B, 0xE5, 0x95, 0xCF, 0x07, 0x00, 0x78, 0x58, 0x1B, 0x2F, 0xEF, 0x6C, 0xFC, 0x75, 0x3D, 0x95,
    0xC3, 0x6D, 0xEF, 0x6F, 0x83, 0x7F, 0xA4, 0x02, 0x68, 0xFE, 0x7F, 0x58, 0x47, 0x9E, 0xE0, 0x39,
    0x4E, 0x26, 0x7C, 0x32, 0xBF, 0x36, 0xAE, 0x19, 0x42, 0x8F, 0xA7, 0x9A, 0x0D, 0x35, 0xCA, 0x06,
    0xAB, 0x9D, 0xD4, 0xDA, 0x94, 0x1D, 0x7B, 0x45, 0xA3, 0xEC, 0x93, 0xAA, 0x2C, 0x35, 0xCE, 0xB1,
    0x0D, 0x1F, 0x0B, 0x50, 0xCD, 0x50, 0xDE, 0x87, 0xCC, 0x41, 0x31, 0x42, 0x79, 0x04, 0x07, 0x25,
    0xF8, 0xC2, 0x26, 0x6F, 0xA6, 0x0D, 0x4B, 0x51, 0xF6, 0xC9, 0x56, 0x89, 0xA1, 0x6A, 0xFE, 0x88,
    0xDA, 0xD4, 0xDF, 0x9C, 0xA9, 0xC3, 0xC8, 0xF3, 0xE1, 0x18, 0x34, 0xB4, 0x36, 0xFD, 0xDF, 0x3E,
    0xEF, 0x46, 0xD5, 0x1C, 0x2D, 0x2A, 0x3C, 0xD6, 0xD1, 0x92, 0x4E, 0x04, 0x4F, 0xE8, 0xF9, 0x28,
    0x78, 0x50, 0xCE, 0x83, 0xB6, 0x1E, 0x5A, 0xE3, 0x49, 0x67, 0x3C, 0xF9, 0x88, 0xA7, 0x74, 0x78,
    0x6A, 0x8B, 0x27, 0x18, 0x7C, 0x36, 0x81, 0x57, 0x23, 0xF8, 0xCA, 0x81, 0x6F, 0x47, 0x98, 0x83,
    0x87, 0x30, 0x05, 0x08, 0x43, 0x6D, 0x08, 0x5D, 0x65, 0x09, 0x46, 0xF5, 0x4C, 0xE4, 0x03, 0x9E,
    0xCC, 0xE3, 0x61, 0x16, 0xB4, 0xEC, 0x7C, 0x94, 0x9D, 0x87, 0x42, 0x5C, 0x66, 0xA3, 0x87, 0x64,
    0xE2, 0x5C, 0x49, 0xDC, 0xD9, 0x07, 0x0D, 0x02, 0x6E, 0x0B, 0x9C, 0xA0, 0x17, 0x98, 0xCD, 0x9C,
    0xE9, 0x3F, 0xB0, 0xE6, 0xA3, 0x47, 0xF5, 0x1E, 0xDD, 0x78, 0x09, 0x24, 0x1B, 0xF1, 0xAA, 0xC7,
    0xEB, 0x86, 0x18, 0x76, 0xB0, 0xC4, 0xA7, 0xD6, 0x3F, 0x70, 0x84, 0x54, 0x72, 0x9E, 0x24, 0x65,
    0x36, 0xED, 0x55, 0xE7, 0x25, 0x50, 0x89, 0xF3, 0x7C, 0x98, 0x25, 0x92, 0xCD, 0xA6, 0x96, 0x16,
    0xF2, 0x06, 0xD4, 0x76, 0x61, 0xF5, 0x1C, 0xC4, 0x3E, 0x51, 0x57, 0x49, 0x39, 0xE0, 0x53, 0x8F,
    0x2F, 0x1C, 0xBE, 0xB2, 0xF8, 0xDA, 0x30, 0x47, 0xBF, 0x3D, 0xE1, 0xBF, 0x06, 0xC2, 0x5F, 0x48,
    0x64, 0xF3, 0xD6, 0x6F, 0x65, 0x37, 0xF1, 0xE6, 0xE2, 0xD7, 0x7B, 0x98, 0x92, 0x37, 0xB7, 0xC3,
    0xD1, 0x82, 0x6A, 0xA0, 0x02, 0x6E, 0xB2, 0x14, 0xFC, 0x53, 0xAB, 0xE7, 0x1E, 0xFF, 0x7D, 0x27,
    0x73, 0x45, 0xA7, 0x9A, 0x8A, 0x57, 0x00, 0xF0, 0x8F, 0xF8, 0x6F, 0xA2, 0xFD, 0x96, 0x9E, 0xCA,
    0xE1, 0x59, 0xC5, 0xCB, 0x7E, 0xC9, 0xED, 0xDE, 0xC3, 0x33, 0x07, 0x49, 0x0F, 0x99, 0x85, 0xAC,
    0x81, 0xE4, 0x4A, 0xB9, 0x7C, 0x45, 0xFB, 0x72, 0xD8, 0x98, 0x56, 0x4E, 0xB9, 0xDC, 0x25, 0x7D,
    0x6A, 0xB3, 0x26, 0xC1, 0x93, 0x6C, 0xAF, 0x9D, 0xD4, 0xC4, 0x7B, 0xB8, 0xED, 0xC1, 0x79, 0xE8,
    0x9F, 0x64, 0x7E, 0x3E, 0xB7, 0x5E, 0x39, 0x39, 0x72, 0xE7, 0x93, 0xDE, 0x67, 0xD6, 0x67, 0xCD,
    0x15, 0x26, 0xB2, 0x09, 0xDA, 0x7F, 0x42, 0xCF, 0x14, 0xE3, 0x23, 0xC6, 0xE3, 0xF1, 0x59, 0x60,
    0xA9, 0xF8, 0x87, 0x8F, 0x1D, 0x1E, 0xEA, 0x50, 0xD6, 0x6B, 0xB7, 0x3D, 0x94, 0xBD, 0x38, 0xF6,
    0x6F, 0xA1, 0x27, 0xD4, 0x48, 0xE6, 0xE0, 0x11, 0x90, 0xDA, 0x35, 0x0E, 0xD7, 0x78, 0x3F, 0xAC,
    0x11, 0x26, 0x28, 0x42, 0x03, 0xF5, 0x00, 0xB4, 0x0E, 0xF8, 0x9B, 0x87, 0xB0, 0x72, 0xBA, 0x7E,
    0x24, 0x9E, 0x49, 0x3E, 0x11, 0xCA, 0x72, 0xD9, 0xF1, 0x3D, 0xAB, 0xC2, 0xFA, 0x30, 0xED, 0x40,
    0xB0, 0xBC, 0x73, 0x49, 0xCB, 0x8E, 0xE2, 0xB4, 0xC9, 0x42, 0x97, 0x04, 0x03, 0xC9, 0x77, 0x76,
    0xEE, 0x8A, 0x0E, 0x50, 0x0D, 0x50, 0x01, 0x1C, 0xB1, 0x57, 0x66, 0xC0, 0x07, 0x23, 0xB0, 0x82,
    0x5E, 0xE0, 0x04, 0x1E, 0xFC, 0x34, 0x81, 0xF7, 0xAD, 0x40, 0x37, 0x6B, 0x94, 0x1D, 0x3E, 0xDE,
    0x8F, 0xE2, 0x0D, 0xD1, 0x27, 0x7E, 0x0D, 0x82, 0x40, 0x9B, 0x35, 0x2A, 0xBB, 0x86, 0xEA, 0xD7,
    0xC8, 0x87, 0x35, 0x52, 0xBF, 0x06, 0x93, 0xA0, 0x16, 0x68, 0x81, 0x12, 0x14, 0x82, 0x4C, 0x90,
    0x78, 0xC8, 0xFB, 0xE5, 0x91, 0x85, 0x01, 0x34, 0xC0, 0xDD, 0xFD, 0x87, 0x7E, 0x3A, 0x69, 0x8F,
    0xD1, 0x2A, 0x8C, 0x68, 0xFD, 0xC6, 0x8C, 0x1E, 0x69, 0xD1, 0x3D, 0xDA, 0x68, 0x4B, 0xD5, 0xE8,
    0x26, 0x6E, 0x6C, 0x89, 0xD3, 0xF3, 0x95, 0x70, 0x1D, 0x34, 0x38, 0x57, 0xBE, 0x26, 0x08, 0x0B,
    0x6A, 0xC1, 0xA7, 0x04, 0x37, 0x05, 0x7F, 0x2A, 0x78, 0xE1, 0xA9, 0xEB, 0x72, 0xC5, 0x09, 0x96,
    0xAF, 0xF0, 0x65, 0xD0, 0xA9, 0x03, 0xF5, 0xF7, 0x1D, 0xE4, 0xEF, 0x34, 0x90, 0x06, 0x00, 0x7F,
    0xCD, 0x86, 0xDE, 0xDD, 0xCC, 0x81, 0x8E, 0x33, 0xE4, 0x3F, 0x1B, 0xC8, 0x67, 0x20, 0xF5, 0xCF,
    0x70, 0xE8, 0x1D, 0x01, 0x10, 0xF6, 0x58, 0x47, 0x7E, 0x92, 0xE5, 0x62, 0xF3, 0xD9, 0x48, 0x6A,
    0x89, 0x84, 0x5A, 0x42, 0xD9, 0xC4, 0x82, 0x1E, 0x68, 0x41, 0x77, 0x68, 0x83, 0x6E, 0xA8, 0x1A,
    0xF9, 0x50, 0x5A, 0xC4, 0xF2, 0xE3, 0xF3, 0x9A, 0xFC, 0x5A, 0x5C, 0x80, 0x44, 0x90, 0x8D, 0xD0,
    0x97, 0x8E, 0x34, 0x84, 0x0E, 0xDA, 0x00, 0xDC, 0xB8, 0xF5, 0x94, 0x2F, 0xD7, 0x05, 0x8F, 0x56,
    0xB5, 0x81, 0x8F, 0x05, 0x40, 0x4F, 0x82, 0x9E, 0x0F, 0xD8, 0xBE, 0x97, 0xB4, 0xF7, 0x81, 0x2A,
    0x84, 0x06, 0xC2, 0x83, 0xD6, 0x91, 0x4D, 0xE4, 0x1E, 0xE5, 0x20, 0x9C, 0xDD, 0x58, 0x17, 0x7D,
    0xD5, 0xC2, 0xEE, 0x64, 0xD9, 0x9D, 0x95, 0xBB, 0x0D, 0xA3, 0x02, 0x5B, 0xEE, 0x7F, 0xBF, 0x69,
    0xB9, 0xE9, 0xB5, 0xB1, 0xB0, 0xB1, 0xB6, 0xB1, 0x1C, 0xBD, 0x6C, 0x3D, 0x46, 0xEF, 0xBB, 0x48,
    0x62, 0x54, 0x97, 0xBD, 0xA7, 0x35, 0x9B, 0x77, 0x24, 0xB9, 0xBC, 0x2D, 0x29, 0x7B, 0x6A, 0x13,
    0xA5, 0xAC, 0x41, 0xF5, 0x27, 0x5B, 0xEF, 0xD9, 0x06, 0x7E, 0xC1, 0x24, 0x88, 0x3F, 0x8D, 0xED,
    0x62, 0x0F, 0x25, 0x7D, 0xF3, 0xB3, 0xEF, 0x5C, 0x96, 0xA7, 0xFF, 0x45, 0x03, 0x45, 0x57, 0x19,
    0xC8, 0xC2, 0x0C, 0x24, 0x61, 0x3C, 0xFF, 0xF4, 0xFF, 0xBA, 0x6B, 0x88, 0xE3, 0x6D, 0x18, 0x19,
    0xA0, 0x7E, 0xC3, 0x81, 0x0E, 0x1D, 0xE4, 0x33, 0xCF, 0x50, 0x4D, 0xAA, 0xCF, 0x77, 0xC0, 0x9D,
    0xB2, 0x01, 0xBC, 0x06, 0xD2, 0xE1, 0x1E, 0x90, 0xF5, 0x23, 0x00, 0xFC, 0x16, 0xA9, 0x99, 0x0E,
    0x1E, 0xB2, 0x9F, 0x0C, 0x50, 0x7C, 0xBF, 0x07, 0x15, 0x1F, 0x81, 0x2A, 0xF3, 0x0C, 0xD5, 0x2C,
    0x42, 0x13, 0x42, 0x70, 0xB4, 0x61, 0x94, 0x73, 0x1A, 0xDE, 0x08, 0xF2, 0x66, 0xB3, 0x18, 0xA8,
    0x7D, 0xCC, 0x06, 0xE5, 0x81, 0xAA, 0x89, 0x19, 0xA0, 0x21, 0xF3, 0x40, 0x0D, 0xA9, 0x07, 0x4E,
    0x20, 0xF1, 0xC0, 0xB4, 0x9C, 0x61, 0xDE, 0xBE, 0xBD, 0x0F, 0x21, 0x34, 0xFB, 0xE7, 0xFD, 0x3A,
    0x01, 0x4B, 0xBF, 0xC5, 0xCE, 0x62, 0x77, 0xF1, 0x23, 0x7E, 0xF7, 0xE3, 0xD8, 0xC5, 0xB5, 0x8B,
    0x73, 0x17, 0xF7, 0x92, 0x47, 0xDC, 0x60, 0x6A, 0x48, 0xE3, 0x5B, 0xE4, 0x01, 0x75, 0x7A, 0xF8,
    0x4B, 0xD9, 0x2F, 0x50, 0xD9, 0x2C, 0x38, 0x6A, 0xB4, 0x21, 0x58, 0x2A, 0x53, 0x43, 0x2B, 0x9A,
    0x9C, 0x40, 0x6D, 0x50, 0x76, 0x02, 0xFD, 0x8D, 0xF5, 0xC3, 0x59, 0x0F, 0x3A, 0x84, 0x70, 0xE6,
    0x0C, 0x30, 0x21, 0x5D, 0x61, 0xD3, 0x1E, 0xA4, 0xBF, 0x85, 0x68, 0xAF, 0xE3, 0xC3, 0xD1, 0xFE,
    0x80, 0x16, 0x7F, 0xBF, 0x0A, 0x6F, 0xCC, 0xD1, 0x7F, 0x1B, 0x06, 0x24, 0x9E, 0x22, 0x18, 0xE0,
    0x0F, 0x05, 0x7A, 0xD9, 0xD4, 0x30, 0x02, 0xE9, 0x6F, 0xBE, 0x44, 0x08, 0x61, 0x3E, 0xB7, 0x3F,
    0x6A, 0x62, 0x79, 0x4A, 0x70, 0x01, 0x4E, 0x04, 0xD2, 0xA4, 0x18, 0xA5, 0x5B, 0xB7, 0x31, 0x30,
    0x7F, 0x21, 0x18, 0x3C, 0x95, 0xC5, 0xA3, 0x7A, 0x3C, 0x85, 0xC3, 0x93, 0x0D, 0x82, 0x51, 0x8C,
    0x9E, 0x7B, 0xFE, 0x50, 0x1B, 0xB1, 0xD7, 0x78, 0xA4, 0x4B, 0xE6, 0xC8, 0x7B, 0x11, 0xBC, 0x34,
    0x1C, 0xC0, 0x47, 0x00, 0x74, 0xE2, 0xB5, 0xF2, 0x5A, 0xFF, 0xA3, 0xBE, 0x8B, 0x76, 0xE8, 0xCD,
    0xB6, 0x25, 0x13, 0x0F, 0x2E, 0x3B, 0xAE, 0x41, 0x3E, 0xE7, 0x4A, 0x6E, 0xCF, 0xBE, 0x54, 0x13,
    0x24, 0xFD, 0xB2, 0x67, 0xA1, 0x01, 0x12, 0xC0, 0x3F, 0x3F, 0x7A, 0x3D, 0xFA, 0xF9, 0x78, 0x76,
    0x04, 0x4B, 0x30, 0x04, 0x98, 0xE2, 0xE1, 0x2F, 0x3D, 0xF6, 0x97, 0xB8, 0x21, 0x1E, 0x35, 0x7C,
    0x0A, 0x6E, 0xC2, 0x77, 0xE1, 0x05, 0x48, 0x9B, 0xE7, 0x0D, 0x99, 0xAB, 0x80, 0xF1, 0x08, 0x38,
    0x1A, 0x81, 0x2A, 0x06, 0x64, 0xAF, 0xD7, 0x50, 0xB8, 0xC3, 0x50, 0xFE, 0x65, 0x5F, 0xFC, 0xD0,
    0x66, 0x92, 0xFB, 0xE3, 0x0E, 0x05, 0xC4, 0x3F, 0x94, 0x16, 0xD0, 0x00, 0x47, 0x02, 0x2F, 0x78,
    0xF3, 0xE2, 0xF9, 0xA3, 0x88, 0x77, 0xBC, 0x8E, 0xDA, 0x54, 0x0D, 0x1F, 0x46, 0x9F, 0xDD, 0xF8,
    0x58, 0x75, 0x80, 0xF2, 0x40, 0x1E, 0x1A, 0x20, 0x8C, 0x40, 0x29, 0x1F, 0xD3, 0xE0, 0x80, 0x6A,
    0x42, 0x3E, 0x02, 0xB4, 0xB1, 0xFD, 0xB2, 0xB0, 0x51, 0xF6, 0x39, 0xF9, 0xF4, 0x0A, 0x54, 0x4D,
    0xDB, 0xD0, 0x52, 0xC9, 0x56, 0x8B, 0x3C, 0x48, 0xB7, 0xC3, 0xD9, 0x00, 0x1A, 0x38, 0x01, 0x3C,
    0x64, 0x0E, 0xF2, 0x6E, 0x99, 0xA5, 0x69, 0xEF, 0x4B, 0x4B, 0xCA, 0xD3, 0xD6, 0xEA, 0x26, 0xDF,
    0x6E, 0x20, 0xDF, 0x44, 0xA3, 0x66, 0x71, 0x78, 0x1F, 0xAA, 0x19, 0x92, 0x60, 0xA1, 0xEC, 0x21,
    0x77, 0x62, 0xE4, 0x39, 0x72, 0xF7, 0x32, 0xAA, 0xD7, 0x0F, 0x5A, 0xAB, 0x42, 0x88, 0xF7, 0xFF,
    0x68, 0x9B, 0xC2, 0x03, 0xE5, 0x9D, 0xDD, 0x94, 0x36, 0x16, 0x1D, 0xC9, 0x71, 0x72, 0x7C, 0xBD,
    0x14, 0x51, 0x16, 0x74, 0x0F, 0xD3, 0x40, 0xEA, 0xEE, 0x91, 0x77, 0x15, 0x37, 0xCC, 0x8D, 0x27,
    0xAF, 0xC8, 0xE5, 0x99, 0x1A, 0x41, 0x83, 0x58, 0x59, 0x76, 0xCF, 0x84, 0x0E, 0x68, 0x27, 0xE2,
    0x54, 0x06, 0xB4, 0x03, 0x50, 0x4C, 0x88, 0x3F, 0x00, 0x7D, 0x3E, 0xD3, 0x3F, 0x91, 0x4F, 0x6D,
    0xDC, 0x52, 0x73, 0x3F, 0x0D, 0x94, 0xDB, 0xBF, 0x71, 0xE8, 0xE1, 0xA5, 0xD3, 0xE5, 0x6D, 0x6F,
    0x84, 0x07, 0xA8, 0x05, 0x4A, 0x50, 0x02, 0x7F, 0x3C, 0x01, 0xD5, 0xF0, 0x01, 0x59, 0x4F, 0x90,
    0x89, 0xC1, 0x7A, 0x92, 0xF4, 0x9B, 0xCD, 0xB7, 0x85, 0x83, 0x3C, 0xD6, 0x4F, 0x52, 0xF4, 0xBA,
    0xA9, 0x3B, 0x59, 0x09, 0xE4, 0x61, 0x82, 0xEA, 0x16, 0xBC, 0x0C, 0xBC, 0x02, 0xE8, 0x0E, 0x12,
    0x07, 0x38, 0xF8, 0x79, 0x0F, 0x6D, 0x43, 0x32, 0x64, 0x3D, 0xDC, 0x8D, 0xD7, 0x60, 0xD9, 0x36,
    0x94, 0x8F, 0x40, 0x72, 0xCC, 0xB5, 0x1A, 0x27, 0x85, 0x2D, 0x4D, 0xE6, 0xEE, 0xC0, 0xE8, 0xA1,
    0x76, 0x9B, 0x5E, 0x37, 0x78, 0xE2, 0xE3, 0x24, 0x2C, 0x65, 0xB5, 0x9A, 0x57, 0x2B, 0xF0, 0xF0,
    0xAC, 0xF1, 0xDD, 0x65, 0xDB, 0xDB, 0x29, 0xC0, 0x5B, 0x0D, 0x90, 0xDB, 0x2D, 0xF2, 0xD6, 0x40,
    0x3E, 0x01, 0x5F, 0x92, 0x1C, 0xCE, 0x57, 0x24, 0x83, 0x58, 0xD7, 0x9B, 0x71, 0xC9, 0x1C, 0x0F,
    0x57, 0x87, 0x4D, 0x4D, 0x3D, 0x10, 0xBE, 0x09, 0x75, 0x30, 0x14, 0x01, 0x72, 0x91, 0xB0, 0x81,
    0x72, 0x84, 0x1B, 0x27, 0x40, 0xB9, 0xA9, 0x7F, 0x36, 0x81, 0xBE, 0x0F, 0x9F, 0xDE, 0x3C, 0xB0,
    0x18, 0x2E, 0x7F, 0x60, 0x71, 0x2D, 0x54, 0xE5, 0x08, 0x08, 0x52, 0x93, 0x7F, 0xA5, 0xCE, 0x1C,
    0x9F, 0x5C, 0xD7, 0x9B, 0xEB, 0xFA, 0xD9, 0x27, 0xA3, 0xDA, 0xB7, 0x45, 0x35, 0x28, 0xE6, 0xC7,
    0xCA, 0x56, 0xC9, 0x5A, 0x33, 0xE2, 0xC6, 0xBA, 0xEF, 0xAD, 0x2B, 0x65, 0x7B, 0xB5, 0xB1, 0xA1,
    0x83, 0x8F, 0xF5, 0x0F, 0x4E, 0x5F, 0xBD, 0x20, 0xD3, 0xF3, 0x63, 0x63, 0x86, 0x1B, 0x7C, 0x04,
    0x74, 0x77, 0x13, 0xEA, 0xF1, 0x36, 0x0C, 0xAD, 0x03, 0x57, 0x74, 0xE7, 0x5F, 0x94, 0x3C, 0x69,
    0x4C, 0x90, 0x44, 0x8C, 0x27, 0x90, 0x8E, 0x5A, 0x22, 0xD4, 0x0D, 0x85, 0x2B, 0x7B, 0x2A, 0x9B,
    0xCF, 0xDF, 0x0E, 0x26, 0x09, 0x61, 0x82, 0x97, 0xC2, 0x31, 0x9C, 0xA4, 0x1D, 0x49, 0xF8, 0x91,
    0x25, 0xFB, 0x79, 0x68, 0xC8, 0xEC, 0x1D, 0xCE, 0xC6, 0xA7, 0xAF, 0x86, 0x9A, 0x09, 0x5A, 0xEE,
    0x41, 0xA0, 0x25, 0x0D, 0xE8, 0xA6, 0x08, 0x54, 0xBF, 0x6E, 0x35, 0x45, 0xF0, 0x9A, 0xA4, 0x3D,
    0xAE, 0xCC, 0xF2, 0x44, 0x20, 0x3E, 0x20, 0xB8, 0x56, 0xBA, 0xC4, 0xDD, 0xEC, 0x2A, 0x04, 0x17,
    0xF1, 0xEC, 0x24, 0xE1, 0x4B, 0xBC, 0x08, 0x03, 0x37, 0xE1, 0x5E, 0x22, 0x3D, 0xC3, 0x00, 0x2A,
    0x74, 0xC0, 0xAB, 0x5C, 0x2B, 0x85, 0x32, 0x9B, 0xF4, 0xC8, 0x26, 0x78, 0xD9, 0x8D, 0x68, 0x21,
    0x04, 0x03, 0xE5, 0xC8, 0x33, 0xD4, 0x2A, 0x99, 0x80, 0xFC, 0xEB, 0x06, 0x54, 0x66, 0xB7, 0x28,
    0x3E, 0xD7, 0x40, 0x3A, 0x5F, 0x2B, 0xAD, 0xD6, 0xB8, 0x0F, 0x1C, 0x1D, 0x01, 0x4E, 0xED, 0x70,
    0xFB, 0x33, 0x40, 0x39, 0x3C, 0x53, 0xC1, 0xBC, 0xC4, 0x39, 0x4C, 0x50, 0xFC, 0xC7, 0x08, 0xEA,
    0xEF, 0x76, 0xCF, 0xA8, 0xE1, 0x9A, 0x09, 0x56, 0xFC, 0x44, 0xE2, 0xFB, 0x81, 0x83, 0x4A, 0x59,
    0x38, 0x2A, 0x0D, 0x8C, 0x07, 0xCF, 0x50, 0xAB, 0xA7, 0xAB, 0x81, 0x8F, 0x1A, 0xD4, 0x90, 0x0D,
    0x8B, 0x06, 0x5D, 0xB1, 0xD6, 0xA0, 0x49, 0xA3, 0x06, 0x55, 0xE8, 0x80, 0x01, 0xC8, 0x2E, 0xDC,
    0x61, 0xDF, 0x2C, 0x3B, 0xEC, 0xAF, 0x2E, 0x84, 0x60, 0x82, 0x7A, 0x27, 0x44, 0x22, 0x42, 0xE4,
    0x81, 0xEA, 0xF4, 0x8C, 0x10, 0x97, 0xFE, 0x99, 0x41, 0x03, 0x69, 0x0C, 0xB5, 0x35, 0xC0, 0xC7,
    0x01, 0x80, 0xDA, 0x08, 0x21, 0x58, 0x21, 0xD9, 0xAF, 0x1C, 0x00, 0x85, 0x1D, 0x01, 0x28, 0xCD,
    0x11, 0xBF, 0x59, 0x42, 0xEC, 0x57, 0xD9, 0x16, 0xDA, 0xB8, 0x77, 0x33, 0xF6, 0xD7, 0x4D, 0x6D,
    0xE2, 0xD9, 0xE8, 0x26, 0x09, 0x1D, 0x35, 0xBA, 0x49, 0xDF, 0x77, 0xB4, 0x54, 0x56, 0xEC, 0xCE,
    0x94, 0x36, 0xFB, 0xE5, 0xC0, 0x8C, 0xB2, 0xF9, 0x8F, 0x47, 0x26, 0x54, 0x57, 0x74, 0x3E, 0xF1,
    0xA8, 0x5E, 0x59, 0x39, 0x17, 0x4E, 0xD9, 0x7B, 0xE9, 0x48, 0xEE, 0xCA, 0xE6, 0x4E, 0x36, 0x90,
    0xB9, 0x0A, 0x2D, 0xE7, 0x41, 0xA3, 0x33, 0x47, 0x3A, 0x1C, 0x50, 0x7D, 0x6E, 0x7D, 0x1E, 0x8F,
    0x28, 0xBF, 0xDE, 0x93, 0xF8, 0xBB, 0xA8, 0x1F, 0x76, 0xE0, 0x3D, 0xC5, 0xBF, 0x5B, 0x98, 0x46,
    0xF2, 0x77, 0x2C, 0xB4, 0x03, 0x59, 0xB0, 0x50, 0x3B, 0xB2, 0xD0, 0xC4, 0x73, 0x1A, 0x0C, 0xE8,
    0x5E, 0xA4, 0x03, 0xDD, 0x41, 0x00, 0x2A, 0xBB, 0x39, 0x93, 0x39, 0x21, 0xCA, 0x0B, 0xA9, 0xEE,
    0x00, 0x32, 0x92, 0x1B, 0x20, 0x19, 0xF2, 0x8E, 0x73, 0xA5, 0x96, 0x0E, 0xBA, 0xD1, 0xE4, 0x83,
    0xA4, 0x6B, 0x8A, 0x11, 0x4D, 0x65, 0x94, 0xA7, 0xA6, 0x6C, 0xCA, 0x23, 0x4E, 0x50, 0xB6, 0x3A,
    0x90, 0x14, 0xED, 0x41, 0x85, 0xA7, 0xE8, 0x5E, 0x29, 0x13, 0x4F, 0xDE, 0x7F, 0x4D, 0xFD, 0xF9,
    0xB8, 0x3E, 0xDD, 0x2D, 0xBE, 0x27, 0xE9, 0x0D, 0xF9, 0xF7, 0x1D, 0xD9, 0x2F, 0x5C, 0xF6, 0x23,
    0x47, 0xFA, 0x3F, 0x2E, 0xFB, 0xEF, 0x9E, 0xE4, 0xFD, 0x3E, 0x7D, 0x5F, 0xC2, 0x93, 0x9D, 0xB1,
    0x51, 0x57, 0x39, 0xB5, 0x8D, 0x1C, 0xD4, 0x46, 0x0E, 0xB4, 0x1C, 0xCB, 0x45, 0xD4, 0x66, 0xB9,
    0x80, 0x69, 0xBC, 0x7C, 0x79, 0x37, 0x02, 0xAA, 0x39, 0x77, 0xE9, 0x74, 0x43, 0xBC, 0x16, 0x30,
    0xA3, 0x7A, 0x52, 0x4F, 0xEE, 0xC8, 0x46, 0x39, 0x0A, 0x47, 0xBC, 0x0C, 0x30, 0xC7, 0x06, 0x72,
    0xE9, 0xA4, 0x43, 0xCB, 0x76, 0x43, 0x2E, 0xEA, 0xC7, 0x3E, 0x0E, 0x8F, 0x81, 0xDD, 0xFF, 0x7F,
    0x08, 0x9D, 0xB0, 0xB5, 0x4B, 0x0C, 0x68, 0xAE, 0xCC, 0x74, 0x58, 0xFE, 0x93, 0x7F, 0x08, 0x1C,
    0x28, 0x0B, 0x3E, 0xEB, 0xCF, 0x68, 0x4E, 0xD5, 0xC4, 0x47, 0x28, 0xA5, 0xA5, 0x46, 0x59, 0x4E,
    0x28, 0x7A, 0x26, 0x72, 0x97, 0x78, 0x32, 0x97, 0x8E, 0x24, 0x63, 0xE6, 0xC0, 0x0B, 0xEE, 0x15,
    0x1D, 0xDC, 0x11, 0x2B, 0x5A, 0x35, 0x50, 0xBD, 0x6E, 0x40, 0xB5, 0x40, 0x31, 0x03, 0xF9, 0x04,
    0x64, 0x1E, 0x48, 0xC7, 0xDD, 0xD5, 0xCF, 0x05, 0xAA, 0x83, 0xA8, 0x40, 0xD4, 0xF9, 0x8D, 0x09,
    0x08, 0x83, 0xA0, 0x01, 0x28, 0xCD, 0x2B, 0x80, 0xB6, 0xED, 0xC2, 0xF8, 0xCD, 0xE5, 0x22, 0x17,
    0x97, 0x88, 0x6C, 0xCE, 0x89, 0xFC, 0x93, 0xA7, 0x2B, 0x32, 0xE9, 0x31, 0x50, 0x2C, 0x2F, 0xDA,
    0x2B, 0x44, 0x6A, 0xC1, 0xDD, 0x33, 0x39, 0xC8, 0x92, 0x3D, 0x62, 0xFD, 0xE6, 0xEA, 0xB0, 0x8B,
    0xC9, 0x02, 0x2D, 0xC0, 0xBC, 0x13, 0x2E, 0x1F, 0x00, 0xD5, 0xEF, 0xCB, 0x45, 0x00, 0xC9, 0x18,
    0xC9, 0x16, 0x94, 0x03, 0xCA, 0xD8, 0xBD, 0xD9, 0x76, 0x4F, 0x16, 0xDD, 0x0B, 0xB7, 0xEB, 0xAE,
    0x63, 0xF7, 0x6F, 0xAC, 0x57, 0x95, 0x61, 0xD9, 0x30, 0x0D, 0x55, 0x03, 0x7A, 0x13, 0x58, 0x32,
    0x40, 0xE6, 0xF6, 0xA3, 0xF3, 0x52, 0x3F, 0xBA, 0xFA, 0xE2, 0x10, 0xED, 0x6C, 0x5F, 0x4F, 0xC0,
    0xBC, 0xF1, 0x9E, 0x3B, 0x50, 0xDD, 0xEE, 0x52, 0x88, 0xCF, 0x18, 0x8F, 0x72, 0x31, 0x54, 0x71,
    0x25, 0x9E, 0xBC, 0xD4, 0x0B, 0xFE, 0x2C, 0xED, 0xC9, 0xEA, 0x30, 0x2C, 0x3A, 0xD8, 0xDF, 0xD4,
    0x61, 0x5C, 0x74, 0xE8, 0xB8, 0x58, 0x07, 0x4A, 0xB3, 0xB7, 0x53, 0xCC, 0x5C, 0xA0, 0xC1, 0x6B,
    0x43, 0xF4, 0x1E, 0x1B, 0x2C, 0xC9, 0x5E, 0x2A, 0x8B, 0x28, 0x5B, 0xAF, 0xF6, 0x34, 0xF8, 0x72,
    0xF2, 0x26, 0x1C, 0x65, 0xFD, 0x76, 0xFE, 0x56, 0xEF, 0x02, 0xD9, 0x04, 0x24, 0xE3, 0xF5, 0x1A,
    0x15, 0x99, 0x53, 0x0D, 0xA3, 0x86, 0xA3, 0xBB, 0x50, 0x0E, 0x50, 0x74, 0x4F, 0x65, 0x54, 0xFC,
    0x1F, 0xD5, 0x97, 0x31, 0x8C, 0xE6, 0x46, 0x15, 0xC7, 0x7F, 0xB6, 0x2F, 0xF8, 0x14, 0x0B, 0x86,
    0x82, 0x06, 0x05, 0xC9, 0x2D, 0x0D, 0x71, 0x43, 0x09, 0x6B, 0x4B, 0xE9, 0x45, 0x8A, 0x7C, 0x50,
    0x5C, 0x71, 0x14, 0xE9, 0xB7, 0xA1, 0x48, 0xC1, 0xAE, 0x2D, 0x1A, 0xCA, 0xBB, 0x8A, 0x82, 0xBE,
    0x4F, 0x2F, 0xED, 0x7D, 0x9E, 0x8E, 0xF2, 0x1C, 0x7A, 0xE9, 0x2C, 0x74, 0x5B, 0x44, 0x14, 0x3B,
    0x12, 0x5F, 0xA4, 0x6F, 0xD1, 0xD8, 0x8F, 0xEF, 0xBD, 0xD1, 0x5A, 0xBB, 0xBA, 0x2B, 0x08, 0x44,
    0x49, 0x6E, 0xB4, 0xF3, 0x7B, 0xF6, 0xDA, 0x33, 0xF3, 0xFC, 0x66, 0xE6, 0xFF, 0xCD, 0x23, 0x1B,
    0x8F, 0x14, 0x81, 0x46, 0x64, 0x38, 0x19, 0xB9, 0x1E, 0x0F, 0x65, 0x28, 0x16, 0xCA, 0x58, 0xCE,
    0x2E, 0x80, 0x38, 0x5F, 0x7B, 0x68, 0x9F, 0x0E, 0xED, 0x00, 0xCD, 0x4A, 0x0B, 0xB8, 0x03, 0xBD,
    0x9A, 0x99, 0x3D, 0x50, 0xCD, 0x2C, 0x40, 0x19, 0xEE, 0x4C, 0x04, 0x8A, 0xCD, 0x3C, 0x7C, 0x96,
    0x1A, 0xA4, 0xE6, 0x53, 0xEA, 0xCC, 0x63, 0x5D, 0x7B, 0x6C, 0xA0, 0x0E, 0x1D, 0x76, 0x05, 0x73,
    0x02, 0xD4, 0xA5, 0x00, 0xE6, 0x20, 0x90, 0x8D, 0xAF, 0x01, 0x3E, 0x58, 0xBB, 0x22, 0x64, 0x22,
    0x87, 0x22, 0x94, 0xEB, 0x93, 0xB5, 0x08, 0xF5, 0x4C, 0xFF, 0x51, 0x68, 0x07, 0xEA, 0xBF, 0xCD,
    0x3D, 0xB8, 0x1B, 0xBF, 0x87, 0x52, 0x58, 0xA0, 0x88, 0x46, 0x73, 0x68, 0xE3, 0x62, 0xDC, 0x9B,
    0x4F, 0xBD, 0xF9, 0xA2, 0x6D, 0xBD, 0x7E, 0x53, 0xDF, 0xA1, 0x7D, 0x82, 0xF6, 0x9F, 0xC6, 0x82,
    0x08, 0xC4, 0xF6, 0x1E, 0x7B, 0xE3, 0xA5, 0xF1, 0x85, 0x31, 0x2A, 0xD7, 0xA0, 0x94, 0xC9, 0xAE,
    0x53, 0xAB, 0xAF, 0xC1, 0x05, 0xB2, 0x3B, 0xEE, 0x21, 0x3F, 0xD2, 0x9A, 0x9F, 0xED, 0x40, 0x15,
    0xA8, 0x67, 0x8D, 0x52, 0xB9, 0xFE, 0x55, 0x3A, 0xF5, 0x6D, 0x51, 0xDF, 0xE4, 0x39, 0x44, 0x68,
    0x9D, 0x7F, 0x3B, 0x9B, 0x41, 0xD9, 0xA2, 0x5C, 0x8C, 0x07, 0xE3, 0x60, 0x84, 0x8D, 0x3D, 0x2C,
    0x30, 0xC2, 0x0B, 0x10, 0x18, 0xC9, 0x45, 0x5F, 0xAB, 0x04, 0x9A, 0xAF, 0xC6, 0x16, 0x2A, 0x89,
    0xAD, 0xC6, 0xFF, 0x79, 0x0B, 0xFC, 0xA0, 0x7B, 0x1F, 0x28, 0xA7, 0x33, 0x20, 0x0F, 0x11, 0xFB,
    0x72, 0x65, 0x3B, 0x29, 0xEB, 0x81, 0x87, 0x45, 0x1D, 0xDF, 0x9E, 0xF6, 0xB3, 0xD2, 0x66, 0x15,
    0x8B, 0x70, 0x76, 0x7B, 0x04, 0xF2, 0x43, 0x5A, 0x31, 0x69, 0xA5, 0x5C, 0x02, 0xD5, 0x94, 0x16,
    0x48, 0xDB, 0x41, 0xED, 0xB5, 0xD3, 0xA6, 0x73, 0x1E, 0x5A, 0xDC, 0x04, 0x3D, 0xA5, 0xAD, 0x94,
    0x22, 0x40, 0xA4, 0x38, 0x68, 0x4C, 0x24, 0x52, 0x6C, 0x5C, 0xEC, 0x85, 0x11, 0x37, 0x43, 0x6F,
    0x4D, 0xDA, 0xA1, 0xF1, 0xEA, 0x4B, 0xEB, 0xA1, 0xB6, 0x6E, 0xDD, 0x5C, 0x04, 0xE7, 0x39, 0x36,
    0x70, 0x71, 0x01, 0xF5, 0x11, 0x8D, 0x34, 0x59, 0x87, 0x95, 0xF3, 0x5B, 0x4A, 0x11, 0xDF, 0xDC,
    0x9E, 0x87, 0x96, 0xE2, 0xF8, 0x33, 0xB2, 0x08, 0xA4, 0xCA, 0x2E, 0xE6, 0x22, 0xB1, 0x3E, 0xD5,
    0x76, 0x22, 0x8E, 0x10, 0x17, 0x88, 0xD1, 0x6C, 0x1E, 0x47, 0xAA, 0xD8, 0x5E, 0x8F, 0x2F, 0x9C,
    0x1C, 0x2F, 0x32, 0x79, 0x7E, 0xF9, 0x73, 0x3E, 0x6D, 0xF3, 0xE0, 0xFE, 0x3C, 0x95, 0xAF, 0x86,
    0x5C, 0xE0, 0x8A, 0x54, 0x88, 0xDF, 0xE4, 0xDF, 0x45, 0x76, 0xA8, 0x3F, 0x9A, 0xAB, 0x97, 0xBE,
    0x10, 0x88, 0xFF, 0xE7, 0x10, 0x16, 0x7B, 0xA0, 0x98, 0x5F, 0x00, 0xD9, 0x57, 0x07, 0x80, 0x71,
    0x56, 0xB6, 0x5E, 0xF9, 0x3E, 0x0F, 0x8A, 0x6D, 0xCF, 0x6D, 0xAF, 0xDA, 0xC6, 0x4D, 0xBB, 0xD8,
    0x94, 0x84, 0xB4, 0xBF, 0xD3, 0x66, 0x4F, 0x13, 0x9B, 0x64, 0x20, 0x69, 0x42, 0x9A, 0xF6, 0xC4,
    0xB4, 0x10, 0x12, 0xEF, 0xFF, 0x3F, 0xBD, 0x99, 0x5A, 0xA5, 0x1E, 0x52, 0x6F, 0xA9, 0xE7, 0x34,
    0x4A, 0x1A, 0xD1, 0x46, 0x4F, 0x9E, 0xDC, 0x79, 0x15, 0x8B, 0x00, 0x67, 0x95, 0x87, 0xFA, 0x69,
    0x07, 0xE5, 0x0A, 0xE4, 0x11, 0xE0, 0x63, 0x05, 0x69, 0xAB, 0xDB, 0xAE, 0x4F, 0x02, 0x50, 0xAB,
    0x16, 0x98, 0x2C, 0xF4, 0xE0, 0xE6, 0x7D, 0xF2, 0x83, 0x22, 0x21, 0x1A, 0xB6, 0x5B, 0x7B, 0x6A,
    0xEF, 0x59, 0x0B, 0xD3, 0x11, 0xEB, 0xC5, 0xFA, 0xB3, 0x9E, 0xB9, 0xCA, 0x8E, 0xD0, 0xAA, 0x1B,
    0xEE, 0xA5, 0x87, 0x52, 0x3A, 0xC8, 0x16, 0x80, 0x4F, 0xB9, 0x57, 0xA2, 0xD6, 0x6F, 0x1A, 0x0B,
    0x64, 0x86, 0xA3, 0x09, 0x8B, 0xE9, 0x8A, 0xC9, 0x8A, 0xA9, 0x8A, 0x89, 0x8A, 0x69, 0x8A, 0x49,
    0x4A, 0x1E, 0x34, 0x4C, 0xB1, 0xE9, 0xE0, 0xEC, 0x02, 0x70, 0x47, 0xA0, 0x9C, 0x79, 0xE8, 0x64,
    0xFB, 0xBF, 0xA1, 0x37, 0xA1, 0x31, 0x9D, 0x31, 0x99, 0x31, 0x95, 0x31, 0x91, 0x31, 0x8D, 0x51,
    0x89, 0x69, 0x3A, 0x44, 0x22, 0x09, 0xBB, 0xDD, 0x27, 0x58, 0xD1, 0xC5, 0x0D, 0x52, 0x44, 0x83,
    0xDD, 0x7E, 0xAF, 0xA2, 0x96, 0xED, 0x76, 0x1F, 0xAB, 0xF0, 0x84, 0x04, 0x30, 0x89, 0x2C, 0x27,
    0x5C, 0x70, 0xC1, 0x60, 0xB7, 0xDF, 0x56, 0x10, 0xEB, 0x0E, 0x6A, 0x80, 0x0F, 0x15, 0xBF, 0x52,
    0xFC, 0x81, 0x77, 0x23, 0x92, 0x24, 0x75, 0x3C, 0x00, 0x79, 0x00, 0x0A, 0xCF, 0x77, 0x1E, 0xCE,
    0xA6, 0xE3, 0xA7, 0xD9, 0x73, 0xA8, 0x8B, 0x09, 0xAA, 0x97, 0x03, 0xE4, 0x2B, 0xC0, 0xF1, 0x1D,
    0x89, 0x69, 0x1E, 0x9C, 0x87, 0xAB, 0x16, 0x38, 0xBB, 0x02, 0xD3, 0x64, 0xF2, 0xE1, 0xBB, 0x8E,
    0xA9, 0x4D, 0x6D, 0x3E, 0x03, 0x84, 0x77, 0x6A, 0x89, 0x9E, 0x01, 0xD4, 0x0A, 0x37, 0x7C, 0x7F,
    0x96, 0x68, 0xE5, 0xEB, 0x4E, 0xFD, 0xBE, 0x04, 0x38, 0x46, 0x65, 0x1F, 0x94, 0x8D, 0xC7, 0xCE,
    0x6D, 0x6F, 0xFC, 0x60, 0xDF, 0x02, 0xB5, 0xC8, 0x0C, 0xF2, 0xE5, 0xE7, 0x91, 0x62, 0x21, 0x5B,
    0xA9, 0x82, 0x2A, 0x46, 0x6D, 0x6D, 0xDA, 0xC1, 0xA8, 0xA0, 0x37, 0xEE, 0x8D, 0xCB, 0x3D, 0x46,
    0x4A, 0x11, 0x12, 0x17, 0xB2, 0x9D, 0x39, 0x4B, 0xCB, 0xDE, 0xD8, 0x1B, 0xDB, 0xC4, 0x41, 0x59,
    0x7B, 0xA5, 0x0B, 0x4A, 0x1D, 0x51, 0x40, 0xAE, 0x3F, 0x17, 0x68, 0x44, 0x6E, 0xD4, 0xAB, 0xA3,
    0xBB, 0xFB, 0x11, 0xD2, 0xEF, 0x39, 0x3B, 0x03, 0xEA, 0x98, 0x52, 0x08, 0xB6, 0xD3, 0x19, 0x9C,
    0x1F, 0x9D, 0xCF, 0x45, 0x7E, 0xE3, 0xDD, 0x7A, 0xFE, 0xCA, 0x37, 0x53, 0x26, 0x7A, 0x22, 0x68,
    0x7D, 0x0F, 0x8D, 0xDF, 0x43, 0xED, 0x17, 0x70, 0x3E, 0x3E, 0xC4, 0xA2, 0xB0, 0xA7, 0xF6, 0x9E,
    0xB5, 0xA8, 0x27, 0xC4, 0x57, 0xEB, 0x93, 0x1B, 0xED, 0xEF, 0x99, 0xA7, 0x39, 0xF5, 0x0C, 0xD4,
    0x8A, 0x46, 0x61, 0x61, 0xE8, 0x79, 0xAC, 0xE1, 0xA9, 0xBF, 0x3C, 0x8F, 0x29, 0x68, 0xD9, 0xB8,
    0x72, 0xA7, 0x52, 0x14, 0x93, 0x52, 0xBD, 0x06, 0x07, 0x5B, 0xE9, 0x3B, 0x20, 0xFB, 0xC7, 0x04,
    0x14, 0x3E, 0x6C, 0xCC, 0xBF, 0x48, 0x07, 0xE1, 0x81, 0xAD, 0xB4, 0x6C, 0xEF, 0x23, 0x7E, 0x63,
    0x26, 0xD6, 0xF6, 0x5F, 0x61, 0x63, 0xF5, 0xC5, 0x11, 0xFB, 0x9E, 0x8D, 0x4D, 0x77, 0xB9, 0x85,
    0xB9, 0xA7, 0xED, 0x60, 0x4F, 0x33, 0x40, 0xC4, 0x79, 0xB2, 0x13, 0x27, 0xF2, 0x23, 0xD5, 0x6C,
    0x47, 0xE3, 0x40, 0x79, 0xE2, 0x81, 0xEA, 0xC4, 0xA3, 0x3E, 0xCA, 0xA2, 0x7D, 0xEA, 0x62, 0x9F,
    0x39, 0x5A, 0xF3, 0x3E, 0xCD, 0x5B, 0x27, 0x4A, 0x0F, 0xDA, 0x7D, 0x84, 0xEC, 0x00, 0xC5, 0x8C,
    0x95, 0x0F, 0x5E, 0xA7, 0x63, 0x73, 0x70, 0xA9, 0x7E, 0xF6, 0x0B, 0xA8, 0x0F, 0x00, 0x6F, 0x3D,
    0x3E, 0x3F, 0xBE, 0x7F, 0x7C, 0x7E, 0xEF, 0xEB, 0x1D, 0x9F, 0x01, 0xF2, 0xE7, 0x4A, 0x75, 0x17,
    0x30, 0x7F, 0xB7, 0x90, 0x71, 0x61, 0xE4, 0xC8, 0x9B, 0xA5, 0x17, 0x11, 0x40, 0xCC, 0x64, 0x72,
    0xBD, 0xDB, 0x41, 0x91, 0xA2, 0x5B, 0x26, 0xE3, 0x5E, 0x25, 0xF3, 0xD2, 0x4C, 0xF3, 0xCC, 0x4C,
    0xEB, 0xCC, 0xEC, 0x93, 0x89, 0x66, 0xF2, 0xE8, 0x2C, 0xBB, 0x38, 0x98, 0xA9, 0x82, 0xBB, 0xDE,
    0x7D, 0x82, 0x9B, 0xD3, 0x52, 0xF1, 0x66, 0xDA, 0xC1, 0x4C, 0x8F, 0x19, 0x11, 0xF1, 0x90, 0x25,
    0x53, 0x2C, 0xBB, 0xA7, 0x1E, 0xCA, 0x83, 0x3D, 0xAB, 0x82, 0x19, 0x37, 0xE1, 0x4E, 0x2E, 0x35,
    0x1E, 0x27, 0x22, 0xED, 0x60, 0x06, 0x52, 0xA8, 0x80, 0x62, 0x3B, 0x49, 0x24, 0x9B, 0xDC, 0x81,
    0xC6, 0x08, 0x3F, 0x31, 0xB2, 0x6D, 0x08, 0x9A, 0x5B, 0x34, 0xEA, 0x7F, 0x12, 0x99, 0x38, 0x45,
    0xFE, 0xE6, 0xF6, 0xFC, 0xC0, 0x99, 0x7E, 0x69, 0x1E, 0x79, 0x4C, 0x2E, 0x60, 0xA7, 0xF9, 0x15,
    0xFA, 0x4D, 0x91, 0x78, 0xEF, 0xB7, 0xCB, 0x6E, 0xD7, 0x93, 0x8B, 0x15, 0xEA, 0x64, 0xD1, 0x99,
    0x01, 0x18, 0x49, 0x76, 0xB1, 0x3F, 0x88, 0xD6, 0x5E, 0x6F, 0x0A, 0x81, 0x5F, 0x32, 0x52, 0x89,
    0x27, 0x72, 0x9A, 0xB1, 0x57, 0xFF, 0x3E, 0xF9, 0xE0, 0x64, 0xCD, 0x75, 0xFC, 0x6C, 0x9C, 0x39,
    0xB7, 0x16, 0xF4, 0xC6, 0x08, 0xB6, 0x84, 0xB6, 0x0F, 0xAB, 0xDE, 0xA2, 0x4B, 0x67, 0xA6, 0x00,
    0x57, 0xA6, 0x06, 0x47, 0x3B, 0xCA, 0x1F, 0x29, 0x16, 0xAA, 0xC5, 0x62, 0x66, 0x89, 0x44, 0x3D,
    0x0E, 0xBA, 0x6D, 0x2D, 0x91, 0xB8, 0xB0, 0x44, 0x22, 0x6A, 0x22, 0x91, 0x1F, 0x34, 0x91, 0x28,
    0x82, 0x1E, 0xD4, 0x2B, 0xAF, 0x89, 0x84, 0x1B, 0x8A, 0x13, 0x1B, 0x3B, 0xA6, 0x5F, 0xA2, 0xFF,
    0x8F, 0x27, 0xEE, 0xB3, 0x03, 0xD5, 0x3C, 0x16, 0x01, 0x37, 0xF5, 0xAA, 0xD7, 0xBE, 0xD5, 0x3D,
    0xEF, 0xEB, 0x9B, 0x4E, 0x13, 0x89, 0x15, 0x56, 0x4A, 0x4B, 0x24, 0xF2, 0x94, 0xC6, 0x88, 0xC8,
    0x40, 0xF9, 0x77, 0x79, 0x9D, 0xE4, 0x9E, 0x3B, 0x29, 0x4A, 0x33, 0xDF, 0x01, 0x2D, 0xC0, 0xD5,
    0x96, 0x4E, 0xD0, 0xE8, 0xA1, 0xFF, 0x42, 0xA7, 0x3E, 0xDE, 0xA5, 0x13, 0x85, 0x74, 0xED, 0x50,
    0xDE, 0xF8, 0x1E, 0xF7, 0x6C, 0xDA, 0x53, 0xAB, 0x37, 0x67, 0xEA, 0xDE, 0x95, 0xE2, 0x70, 0x72,
    0x31, 0x0F, 0x27, 0x14, 0x53, 0x11, 0xF6, 0xEA, 0x7D, 0xEF, 0x34, 0x9D, 0xD8, 0x6B, 0xEE, 0x1B,
    0xEF, 0xD2, 0x89, 0x5C, 0xB7, 0x6D, 0xF1, 0xCF, 0x55, 0xA5, 0xFE, 0x41, 0xCA, 0x52, 0xD9, 0x18,
    0x13, 0x7D, 0xD7, 0x0C, 0xFC, 0x30, 0xB9, 0x93, 0x30, 0x00, 0xCD, 0x04, 0x38, 0x53, 0x50, 0x19,
    0x00, 0x8D, 0x2B, 0xB5, 0x5E, 0xE6, 0x12, 0x80, 0x66, 0x41, 0x2F, 0x37, 0x3D, 0x6A, 0x36, 0xF1,
    0x73, 0xFE, 0x91, 0x5E, 0xFD, 0x1A, 0x9A, 0x61, 0x1C, 0x18, 0x69, 0xD6, 0x27, 0x26, 0xF4, 0x01,
    0xCE, 0xD7, 0x07, 0xF3, 0x96, 0x99, 0x3E, 0xC5, 0x3B, 0x64, 0x0A, 0x3E, 0x53, 0x04, 0xC5, 0xAC,
    0xE8, 0x80, 0xF1, 0xB5, 0xB6, 0xA7, 0xBE, 0x1D, 0xFD, 0x29, 0x1E, 0x43, 0xDB, 0x81, 0x56, 0xF5,
    0x51, 0x43, 0x9F, 0x6B, 0x94, 0x9B, 0x15, 0x32, 0xF1, 0x50, 0xCF, 0x29, 0xD4, 0x45, 0x78, 0x74,
    0xB2, 0x1F, 0x6A, 0x44, 0xAE, 0x47, 0xEF, 0x44, 0x2C, 0xAD, 0xDB, 0x4A, 0x6D, 0x2A, 0x65, 0xD5,
    0xFC, 0x2E, 0x07, 0x70, 0xC0, 0x8F, 0x80, 0x47, 0x20, 0x5B, 0xD9, 0xED, 0x56, 0x15, 0x80, 0x08,
    0xDF, 0x2A, 0xDE, 0x2C, 0x7F, 0x54, 0xC8, 0x86, 0xFE, 0x2D, 0x47, 0xF5, 0x1F, 0x03, 0xBF, 0x87,
    0x22, 0xBC, 0x59, 0x45, 0xC4, 0xEA, 0xEF, 0x6E, 0x77, 0x76, 0xFF, 0x5F, 0xD5, 0x43, 0xAA, 0x79,
    0x04, 0xE4, 0x2F, 0xD0, 0x4B, 0x47, 0xB5, 0xB2, 0x95, 0xD2, 0x83, 0x0B, 0x56, 0x2D, 0xE6, 0xD9,
    0x0C, 0x85, 0x87, 0x62, 0x80, 0x0C, 0xFE, 0x03, 0x1C, 0x8E, 0x21, 0x4C, 0xC3, 0x40, 0x14, 0x40,
    0x5F, 0x5B, 0x42, 0x45, 0xC5, 0x61, 0x31, 0x3B, 0x8B, 0xE2, 0x2C, 0xA2, 0x6C, 0xF5, 0x18, 0x4C,
    0xBD, 0xA9, 0xC0, 0x07, 0x51, 0xD1, 0xE6, 0x1A, 0xBC, 0x37, 0x58, 0xBC, 0x9A, 0x9C, 0xB8, 0x64,
    0x3E, 0xA9, 0xC3, 0x16, 0x8D, 0x39, 0x71, 0xE2, 0x20, 0xDD, 0xFE, 0x2E, 0xFB, 0xFF, 0xE5, 0xE7,
    0xB9, 0xF7, 0xDF, 0xB0, 0x98, 0x46, 0xB9, 0x72, 0xCE, 0x3D, 0x5F, 0x79, 0x28, 0x17, 0xE5, 0x74,
    0xB3, 0x85, 0x07, 0x10, 0x72, 0x99, 0xCA, 0xEF, 0x59, 0x7D, 0xF8, 0x1D, 0xAB, 0x99, 0xDE, 0xED,
    0x5F, 0xF8, 0x17, 0xEF, 0xB5, 0x6B, 0xDB, 0x56, 0xAE, 0xE3, 0xA9, 0x23, 0x07, 0xFB, 0x19, 0x8C,
    0x2C, 0xB7, 0xE7, 0x66, 0x14, 0x19, 0xC7, 0x2C, 0x48, 0xB1, 0x26, 0x92, 0xF0, 0x4A, 0x75, 0xC2,
    0x08, 0xCF, 0x9A, 0x1B, 0x05, 0x1B, 0x18, 0x20, 0x90, 0x79, 0xF4, 0xDC, 0xEF, 0x7D, 0xED, 0xEB,
    0x7D, 0x6F, 0x16, 0xC8, 0xC3, 0xA9, 0xFC, 0x89, 0xEA, 0xE8, 0xCD, 0x8B, 0xDB, 0xAA, 0xE6, 0x9E,
    0xCE, 0x10, 0xAB, 0xE3, 0x52, 0xFC, 0xBA, 0x4C, 0x60, 0x84, 0x95, 0xB4, 0xD9, 0x9A, 0x3E, 0x4C,
    0x7D, 0x4B, 0xC7, 0xB5, 0x95, 0x2E, 0x92, 0x48, 0x32, 0x88, 0xD8, 0x4D, 0xFD, 0x74, 0x57, 0xB8,
    0xAA, 0x51, 0xE8, 0xC0, 0x81, 0x9A, 0xC1, 0xC6, 0xDD, 0x5C, 0x4E, 0x8F, 0xF4, 0x78, 0x02, 0xE7,
    0xCE, 0x46, 0xBD, 0x5C, 0x86, 0xE6, 0x68, 0xB8, 0x67, 0x00, 0xCD, 0x99, 0x01, 0x84, 0x2F, 0xC9,
    0x9D, 0xC7, 0xBF, 0xDD, 0x75, 0x3B, 0x7D, 0xB6, 0xB9, 0x0A, 0x22, 0x64, 0x9F, 0x4B, 0x1D, 0xC0,
    0xED, 0xB9, 0xD7, 0x70, 0x08, 0xFE, 0x6F, 0xAA, 0x37, 0x0F, 0xCB, 0x2D, 0x2E, 0x00, 0x77, 0x38,
    0x41, 0x70, 0x49, 0xF0, 0x00, 0xD6, 0x99, 0x37, 0xDD, 0xB7, 0x8B, 0x43, 0x70, 0x03, 0xEE, 0x70,
    0xC8, 0x21, 0x21, 0xC9, 0xC3, 0xC0, 0xC3, 0xC4, 0xCD, 0x74, 0xD5, 0xEE, 0xC3, 0x62, 0xB1, 0x9D,
    0x5B, 0x04, 0x87, 0xD7, 0x49, 0x36, 0xC2, 0x3E, 0x6E, 0x2A, 0xD2, 0x97, 0xED, 0x99, 0x57, 0xDD,
    0xBF, 0xFB, 0xFD, 0xAA, 0xFF, 0x33, 0x6F, 0x66, 0x77, 0xF3, 0xEC, 0xBE, 0x24, 0xEB, 0x6A, 0xFE,
    0xF5, 0xF9, 0xD6, 0xBF, 0xBB, 0x6A, 0xEA, 0x37, 0xD5, 0xBF, 0xAA, 0xFA, 0x75, 0x0D, 0x6E, 0x2C,
    0x35, 0x72, 0xA2, 0x00, 0xBD, 0x1C, 0x46, 0x54, 0x7D, 0x46, 0x68, 0x00, 0x5B, 0x1F, 0x03, 0x55,
    0x4B, 0x2D, 0x8C, 0xA7, 0x09, 0xDA, 0xAB, 0xC8, 0xD0, 0x03, 0xC3, 0xB4, 0x0C, 0x5B, 0x0B, 0xF0,
    0x69, 0x91, 0xB9, 0x01, 0x51, 0xD3, 0x8C, 0x68, 0x1F, 0x51, 0x1D, 0x5D, 0x6F, 0x7D, 0xA4, 0xD1,
    0xF8, 0x38, 0x6E, 0xB4, 0x8F, 0x61, 0xC3, 0xA5, 0xA3, 0xBD, 0xAA, 0x8E, 0x76, 0x6C, 0x10, 0xCB,
    0x83, 0x88, 0x88, 0x6C, 0x62, 0xA8, 0xF0, 0x74, 0x64, 0x8C, 0x29, 0x9F, 0x90, 0xD3, 0xE1, 0x08,
    0x38, 0x1A, 0x80, 0x1B, 0x0B, 0x80, 0xCF, 0x01, 0xF9, 0xD0, 0x21, 0xEA, 0xC7, 0xE4, 0x63, 0xE5,
    0x4E, 0xFB, 0xB8, 0xAF, 0xCB, 0x10, 0x8F, 0xB9, 0x09, 0xF7, 0x2B, 0x98, 0x8B, 0x21, 0x4E, 0x5F,
    0xD2, 0x7D, 0x0C, 0xBA, 0xF2, 0xF1, 0xD5, 0x9B, 0x16, 0xD1, 0xC6, 0x19, 0xB1, 0xF8, 0xA9, 0x74,
    0xAE, 0xC6, 0xDF, 0xD6, 0xE5, 0x88, 0xD4, 0x65, 0x44, 0x76, 0xB5, 0xCB, 0x1A, 0x37, 0xE8, 0x40,
    0x86, 0x33, 0x42, 0xD3, 0x3D, 0xAA, 0xAB, 0x01, 0x8D, 0x6F, 0x6A, 0xE8, 0xC1, 0x01, 0x45, 0x98,
    0x21, 0x1D, 0xE7, 0x33, 0x43, 0xD3, 0xED, 0x30, 0x57, 0x2F, 0xBF, 0x1E, 0x4E, 0xAC, 0x7A, 0x10,
    0xF6, 0x1D, 0x97, 0xEC, 0x63, 0x52, 0xC1, 0x86, 0x23, 0x15, 0xB8, 0x99, 0x0A, 0xA6, 0x67, 0x68,
    0xFF, 0x34, 0xE0, 0xEB, 0xFC, 0xA3, 0xE6, 0x7C, 0x81, 0xA6, 0x6F, 0x53, 0x6B, 0xDF, 0xA6, 0xEF,
    0xF8, 0x26, 0x9B, 0xCB, 0xA1, 0xC3, 0x9F, 0x5D, 0xF4, 0x76, 0xD9, 0xE5, 0x5C, 0x72, 0x97, 0x27,
    0xE6, 0x36, 0xF7, 0x26, 0x5D, 0xDA, 0xE6, 0x65, 0xC6, 0x63, 0xBE, 0x56, 0x85, 0x1F, 0x71, 0x6F,
    0xD2, 0xA5, 0x7E, 0x6A, 0x97, 0x48, 0x29, 0x1F, 0x22, 0x2C, 0x78, 0x40, 0x99, 0x15, 0x9D, 0xB6,
    0x16, 0x8D, 0x96, 0xA7, 0xDB, 0x41, 0x48, 0x63, 0xE2, 0x2C, 0x9C, 0xBE, 0x64, 0x6A, 0x8B, 0xA0,
    0x2D, 0x2C, 0x5E, 0xBD, 0xD9, 0x81, 0x75, 0x8E, 0xCC, 0xE2, 0x67, 0x13, 0x53, 0x86, 0x50, 0x18,
    0x84, 0xD5, 0x52, 0x33, 0x1B, 0x1A, 0x99, 0x0B, 0x2D, 0x4C, 0xB6, 0x8F, 0x84, 0x25, 0x73, 0x59,
    0x72, 0x66, 0x13, 0xE1, 0x00, 0x33, 0x48, 0x7D, 0x74, 0x80, 0x22, 0x8F, 0xF2, 0xD1, 0x00, 0x9D,
    0x07, 0xC9, 0x5C, 0x0E, 0x50, 0x14, 0x90, 0x71, 0x86, 0x0A, 0x7F, 0xCC, 0x79, 0x97, 0xB3, 0x6D,
    0xD9, 0xFC, 0x41, 0x05, 0x35, 0xAA, 0x80, 0x59, 0xBA, 0xBB, 0x1D, 0x60, 0xDE, 0x0D, 0x28, 0x3E,
    0xD8, 0xD6, 0x6D, 0x38, 0x57, 0x9C, 0xCB, 0x80, 0x3B, 0xD4, 0x42, 0x11, 0x4D, 0x30, 0x74, 0x48,
    0xB0, 0x3D, 0x5C, 0x2B, 0x7D, 0xFA, 0x6F, 0x88, 0xF3, 0x22, 0xE1, 0x47, 0x0C, 0x45, 0xB5, 0xF6,
    0xE5, 0xCB, 0x5E, 0x7B, 0xAD, 0xFA, 0x2D, 0xCA, 0x7F, 0x1E, 0xE4, 0x86, 0x0C, 0xD5, 0x7F, 0x0A,
    0x94, 0x20, 0x1F, 0x2F, 0x90, 0x4D, 0x0C, 0x90, 0x63, 0x38, 0xAA, 0x01, 0x33, 0x21, 0xF9, 0x0A,
    0x88, 0x16, 0x14, 0xEC, 0x2B, 0xAD, 0x1E, 0x51, 0xF5, 0x95, 0x47, 0x19, 0xD2, 0xB0, 0x7C, 0x5E,
    0x00, 0x41, 0x31, 0x32, 0xCC, 0xC2, 0xB8, 0x65, 0x18, 0x1B, 0xBD, 0x2D, 0xC9, 0xB5, 0x32, 0x14,
    0x33, 0x4C, 0x8F, 0x98, 0x11, 0xC3, 0xD0, 0x88, 0xE8, 0x86, 0x3D, 0xD0, 0x63, 0xBF, 0x01, 0xBD,
    0x3B, 0x1C, 0x83, 0x5E, 0xA2, 0x11, 0x0B, 0xAA, 0x1E, 0x9C, 0x5E, 0x14, 0xC0, 0x42, 0xA6, 0x61,
    0x03, 0x4D, 0x0B, 0x4E, 0x60, 0xEF, 0xD1, 0x4B, 0x11, 0xAE, 0xB7, 0x6F, 0x05, 0xD0, 0x68, 0xDE,
    0xE9, 0xC1, 0x73, 0xF1, 0xED, 0x00, 0x9E, 0x8C, 0x6F, 0x46, 0xA4, 0xD9, 0x88, 0x34, 0x1D, 0xB1,
    0xCE, 0x47, 0x64, 0x93, 0x50, 0x85, 0x4F, 0x4C, 0x99, 0x25, 0xDB, 0x99, 0xB9, 0xCE, 0x93, 0x34,
    0x51, 0x24, 0x3D, 0x5F, 0xA3, 0xFE, 0x1C, 0x8C, 0x57, 0xC3, 0x8C, 0xAA, 0x4D, 0x3E, 0x55, 0x5B,
    0x77, 0xDA, 0x3A, 0xEC, 0x6B, 0xCD, 0xBD, 0x1F, 0x43, 0x2C, 0xA1, 0x51, 0xBF, 0x1D, 0xC5, 0xA7,
    0xDE, 0x58, 0x92, 0x4F, 0x35, 0x97, 0x3E, 0xB5, 0xFF, 0xC4, 0xA7, 0x7E, 0x7A, 0xDD, 0xA7, 0x3E,
    0x9E, 0x23, 0x1A, 0x80, 0xAD, 0x59, 0x80, 0x8C, 0xEE, 0xCD, 0x48, 0x2E, 0xC7, 0x2C, 0xA9, 0x95,
    0xA7, 0x51, 0xCB, 0x4A, 0x42, 0x34, 0xB2, 0x14, 0x74, 0x38, 0xAF, 0x73, 0xD0, 0xB1, 0x58, 0xC0,
    0xB6, 0xE2, 0x4E, 0x62, 0x6B, 0x68, 0xDE, 0x83, 0x66, 0xF9, 0x8B, 0x25, 0x49, 0x36, 0x27, 0x29,
    0x42, 0x12, 0xDD, 0xAF, 0xE2, 0x3F, 0x4E, 0x66, 0xB8, 0xF7, 0x58, 0x48, 0xD1, 0xC2, 0x72, 0xF8,
    0xED, 0x47, 0xF4, 0x6E, 0xB8, 0x55, 0xBC, 0x53, 0xD3, 0xE3, 0x24, 0xBF, 0xA2, 0x60, 0xF9, 0x62,
    0xB0, 0xC1, 0x90, 0xA2, 0x5E, 0x87, 0x62, 0x82, 0xAB, 0x15, 0x7B, 0x65, 0x9A, 0xC9, 0x8A, 0x28,
    0x4D, 0xCF, 0xC5, 0x8D, 0xAB, 0x5B, 0x47, 0x96, 0x7D, 0x60, 0x61, 0x39, 0x06, 0x1A, 0x16, 0x6A,
    0x61, 0x45, 0xA6, 0x24, 0x2A, 0x26, 0x29, 0x87, 0x24, 0xC6, 0x27, 0xB1, 0xF5, 0x2A, 0xF8, 0x38,
    0x99, 0x57, 0xA1, 0x3A, 0xC9, 0xA1, 0xB7, 0xDC, 0xFB, 0xAE, 0xF2, 0x95, 0x2F, 0xE5, 0x9B, 0x39,
    0x77, 0xBD, 0xA6, 0xBA, 0x20, 0x6A, 0xF3, 0x19, 0x70, 0x13, 0x3E, 0x92, 0xCA, 0x21, 0xF9, 0x6C,
    0x35, 0x25, 0xD9, 0x6C, 0x8A, 0x55, 0xF4, 0xC0, 0x62, 0xC7, 0xCA, 0xB3, 0x98, 0x73, 0x6A, 0x59,
    0x0A, 0x5A, 0x20, 0xC9, 0x0D, 0x40, 0xE6, 0xDE, 0x03, 0x0C, 0x51, 0x0D, 0x77, 0x4E, 0x7D, 0xB6,
    0x40, 0x07, 0x35, 0x42, 0x4D, 0xDC, 0x3A, 0x8B, 0xE5, 0x52, 0x23, 0xEE, 0x1C, 0x0E, 0x88, 0xC9,
    0xCF, 0x61, 0xC1, 0x38, 0x11, 0x44, 0xC1, 0xB1, 0xE0, 0x2E, 0xC3, 0x2C, 0x0C, 0x2B, 0xE8, 0x1C,
    0x63, 0x34, 0x17, 0xE8, 0x3A, 0x86, 0x8D, 0x0C, 0x31, 0x83, 0xF5, 0x09, 0x9E, 0x17, 0x54, 0x0C,
    0x37, 0x23, 0x2A, 0x5A, 0x10, 0xCB, 0xDE, 0x0D, 0x51, 0xD7, 0x5D, 0x8C, 0x1A, 0xA3, 0x8D, 0xFA,
    0xB5, 0xA0, 0xF9, 0x46, 0xAF, 0x22, 0xE4, 0xB7, 0x5C, 0xB1, 0xB4, 0xF9, 0xA8, 0xA5, 0x85, 0x58,
    0x9A, 0x3F, 0xB1, 0xB4, 0x01, 0x63, 0x16, 0xC4, 0x4B, 0x9C, 0x3C, 0x9B, 0xA5, 0x59, 0x60, 0xA8,
    0x01, 0xB1, 0x20, 0x2F, 0xD3, 0xBC, 0xFD, 0x5A, 0xB4, 0x87, 0xFD, 0x18, 0x37, 0xE5, 0x6F, 0xE6,
    0xB8, 0xD1, 0xEE, 0x61, 0xB4, 0xAE, 0x7A, 0x25, 0x9A, 0xF9, 0x4F, 0x54, 0x2C, 0x46, 0xE0, 0xFB,
    0x48, 0xA9, 0x39, 0x4B, 0x6E, 0x43, 0xA1, 0x3C, 0x77, 0xE4, 0xB5, 0xC7, 0x37, 0x60, 0x7E, 0x01,
    0xA0, 0xA2, 0x73, 0x20, 0xBB, 0x43, 0x23, 0xC4, 0xED, 0x91, 0x9D, 0xA0, 0xF1, 0x05, 0xD5, 0xC6,
    0xEB, 0x57, 0xD2, 0x9A, 0x26, 0x90, 0x52, 0x41, 0x8C, 0x4C, 0x00, 0xFD, 0x21, 0x0C, 0xC6, 0xA3,
    0x58, 0xA8, 0x45, 0x4E, 0x04, 0xE0, 0xCE, 0x88, 0x2B, 0x49, 0xD5, 0x1D, 0xA0, 0x5F, 0x7B, 0xE8,
    0xA1, 0xD5, 0xDB, 0xFE, 0xC6, 0xFF, 0xE4, 0xEF, 0xF8, 0x66, 0x01, 0xF9, 0xC9, 0xB6, 0xDA, 0x8F,
    0xFF, 0xF8, 0xCB, 0x87, 0xDE, 0x05, 0xE7, 0x7C, 0xD5, 0xFF, 0x55, 0xE5, 0x21, 0x29, 0xEB, 0x5F,
    0x45, 0xD5, 0x97, 0xBF, 0x21, 0xD0, 0x58, 0x11, 0xBD, 0x46, 0xD1, 0x1A, 0xF3, 0x20, 0xC4, 0x93,
    0x3F, 0xD2, 0x6F, 0xF5, 0x91, 0x82, 0x7E, 0xC7, 0x47, 0x9A, 0xCD, 0x3B, 0x2D, 0xEF, 0xD5, 0xD5,
    0x21, 0x62, 0xD0, 0xD6, 0x22, 0x1E, 0x7D, 0xA9, 0xBB, 0x8B, 0x68, 0xE7, 0x78, 0x8C, 0x58, 0xFE,
    0x74, 0x4A, 0x81, 0xC2, 0xFF, 0x8E, 0xC2, 0x5F, 0x87, 0xC4, 0x41, 0xF8, 0x81, 0x17, 0x3E, 0x6E,
    0x85, 0x54, 0x27, 0x42, 0xB8, 0x24, 0xC6, 0x27, 0x5C, 0x53, 0x16, 0xB3, 0x09, 0x32, 0xD0, 0x05,
    0xB1, 0x98, 0xD3, 0x53, 0xC7, 0x2D, 0xED, 0xED, 0x59, 0x7B, 0xC4, 0x06, 0xF7, 0xCB, 0x01, 0xF1,
    0x04, 0x28, 0x02, 0x62, 0x04, 0x94, 0x48, 0x36, 0x8B, 0xCC, 0x05, 0x25, 0xD1, 0xC5, 0xEB, 0x2C,
    0x9D, 0x56, 0x0F, 0x58, 0x9A, 0xF2, 0x15, 0xF9, 0x66, 0x15, 0xDD, 0x16, 0xA9, 0x3B, 0xA9, 0x52,
    0xBD, 0x36, 0xDD, 0x98, 0x10, 0xCD, 0xDB, 0x83, 0x23, 0x1F, 0x35, 0xBD, 0x16, 0xDC, 0x14, 0xF5,
    0xA2, 0xFC, 0x2D, 0x8A, 0x3A, 0xAA, 0x7E, 0xAF, 0x8A, 0x3A, 0xE4, 0xE7, 0xB1, 0x8C, 0xBA, 0x07,
    0x8D, 0x2A, 0x6A, 0x8F, 0x4A, 0x1C, 0xAA, 0x5A, 0xA4, 0xC7, 0x9C, 0x68, 0x60, 0xE1, 0x70, 0x6D,
    0x4A, 0xEB, 0x40, 0xFE, 0x31, 0xEB, 0xC0, 0x90, 0xE4, 0x5B, 0x71, 0x5D, 0x07, 0xC6, 0x24, 0xDA,
    0x27, 0xA9, 0x3E, 0xBA, 0x00, 0x14, 0xAB, 0xE8, 0xDE, 0x9E, 0xB1, 0x34, 0xBD, 0x2C, 0x00, 0x05,
    0x8D, 0xB6, 0xF4, 0xB6, 0x9A, 0x8E, 0x6F, 0x29, 0x6F, 0x29, 0x6C, 0x76, 0x0B, 0x6F, 0xA7, 0xB0,
    0xA9, 0x4E, 0xBD, 0x0D, 0x4B, 0xD4, 0x5C, 0xC5, 0x37, 0x63, 0x3E, 0xC3, 0xD6, 0xA6, 0x67, 0x27,
    0x6A, 0x91, 0x11, 0x4D, 0x28, 0xE9, 0x1E, 0xE1, 0x32, 0xEA, 0xE9, 0x3B, 0x59, 0x12, 0x66, 0x1C,
    0x15, 0x21, 0xCA, 0xF0, 0xCC, 0x9A, 0xC3, 0x9C, 0x59, 0x86, 0xA6, 0x93, 0x61, 0x6A, 0x0A, 0x1E,
    0x16, 0x9B, 0x91, 0xFC, 0x15, 0xC7, 0x6C, 0xD9, 0x83, 0xA0, 0x02, 0x6F, 0x40, 0x6C, 0xEA, 0x69,
    0xCD, 0x98, 0xC1, 0x98, 0x04, 0x41, 0x70, 0x19, 0xA0, 0x20, 0xA5, 0x23, 0xFE, 0x29, 0x48, 0x11,
    0xCC, 0xE9, 0x43, 0xF2, 0xF6, 0x75, 0xD2, 0x7D, 0x23, 0x1D, 0x9D, 0x00, 0xDC, 0x91, 0x20, 0x3D,
    0x98, 0x39, 0xF5, 0x2B, 0xBD, 0xA5, 0x47, 0xD2, 0x88, 0x05, 0x56, 0x49, 0x97, 0xF2, 0x30, 0xAA,
    0x76, 0xE2, 0x2E, 0xDF, 0x1A, 0x14, 0x7B, 0x58, 0xCB, 0x58, 0xAE, 0x77, 0x79, 0x19, 0x0E, 0x5D,
    0x44, 0xC9, 0xA3, 0x44, 0xC9, 0x33, 0xAC, 0x44, 0xC9, 0xFB, 0x00, 0x9B, 0x0D, 0x18, 0x4F, 0x12,
    0x16, 0x7F, 0x2B, 0x32, 0x8A, 0xF1, 0x62, 0x8E, 0x54, 0x1F, 0x17, 0x20, 0xCF, 0x02, 0xAA, 0x19,
    0x87, 0x5C, 0x6B, 0x57, 0x5D, 0xA0, 0x92, 0xAF, 0x5A, 0x6E, 0xE4, 0x52, 0xA5, 0x1C, 0xC0, 0x6A,
    0x23, 0x0C, 0xA1, 0xEB, 0x60, 0x5D, 0x1B, 0x2A, 0xEC, 0x19, 0xCF, 0x8C, 0xDA, 0x77, 0x0E, 0x12,
    0x64, 0x51, 0xCE, 0xA6, 0x19, 0x52, 0x83, 0x3C, 0xD7, 0xA2, 0x17, 0x96, 0x5E, 0xA8, 0x5B, 0xA1,
    0x81, 0xD0, 0x26, 0xDE, 0x4A, 0xDC, 0x4B, 0x3C, 0x4A, 0x0C, 0x57, 0xD8, 0x27, 0xFA, 0xC4, 0x36,
    0xB1, 0x16, 0x4A, 0xCA, 0xE8, 0x17, 0x85, 0xD7, 0x44, 0xE4, 0xED, 0xFB, 0x44, 0x68, 0x90, 0x7D,
    0x1D, 0xAE, 0x06, 0x40, 0x12, 0xB9, 0x38, 0xA2, 0x16, 0x78, 0x81, 0x26, 0x00, 0xC5, 0x22, 0xC1,
    0x85, 0x83, 0x38, 0xD2, 0x27, 0x82, 0x07, 0xC1, 0xC8, 0x58, 0x16, 0x32, 0xAA, 0xB8, 0xB3, 0xD4,
    0x28, 0x07, 0x88, 0xFB, 0x45, 0xE1, 0xE2, 0x84, 0xA1, 0x12, 0x8E, 0x56, 0xE8, 0x48, 0x68, 0x13,
    0x77, 0x9C, 0xF0, 0x69, 0x9F, 0x46, 0x98, 0xCD, 0xC2, 0x32, 0xAE, 0xCD, 0x6B, 0xD8, 0x92, 0x5E,
    0xF1, 0xB0, 0xCD, 0xA9, 0x62, 0x92, 0x16, 0x4E, 0xFA, 0x94, 0xD9, 0x17, 0x72, 0xB7, 0xCD, 0xE6,
    0x67, 0xB2, 0xE1, 0xD9, 0x3F, 0x1E, 0x84, 0x75, 0x14, 0xB6, 0xC3, 0x90, 0xC6, 0x41, 0x92, 0xF6,
    0x9F, 0x96, 0xE5, 0x20, 0x6C, 0xA2, 0x70, 0x71, 0xC2, 0x50, 0x09, 0x47, 0x2B, 0x74, 0x24, 0xB4,
    0x89, 0x3B, 0x4E, 0x08, 0xFB, 0xAC, 0x34, 0xCC, 0x1E, 0x4D, 0xCB, 0x96, 0xDF, 0xA3, 0x64, 0x79,
    0x14, 0xCB, 0xE9, 0x40, 0x46, 0x4F, 0x05, 0x1B, 0x19, 0x5D, 0xC7, 0x98, 0xF4, 0x05, 0x16, 0xF9,
    0x4A, 0x51, 0x30, 0x32, 0x22, 0xAE, 0x23, 0x1B, 0x19, 0x2A, 0x32, 0x34, 0x31, 0xAA, 0x3B, 0xAF,
    0x87, 0xD8, 0xE8, 0x77, 0xC3, 0x1C, 0xD5, 0x07, 0xDC, 0x22, 0x23, 0x59, 0xD1, 0x18, 0xE2, 0xB3,
    0x54, 0xC3, 0x84, 0x25, 0x45, 0xEB, 0x80, 0xFA, 0xC4, 0xF8, 0x4C, 0x4D, 0x93, 0xDE, 0x64, 0x67,
    0x8A, 0xE8, 0x10, 0xBB, 0x05, 0x84, 0x18, 0xAA, 0x8C, 0x6A, 0x66, 0x4E, 0x6D, 0xEC, 0x48, 0x3D,
    0xF2, 0xB1, 0x21, 0xF5, 0x13, 0x1F, 0x0D, 0x95, 0x0F, 0x86, 0x08, 0xCB, 0x91, 0x86, 0xF0, 0x25,
    0xA1, 0xC1, 0xC8, 0xBC, 0x89, 0x23, 0xE6, 0x2D, 0xEC, 0x31, 0xF7, 0x70, 0x8B, 0x79, 0x84, 0x9B,
    0xCC, 0x11, 0x86, 0x19, 0xA0, 0x2F, 0xD9, 0xA3, 0x60, 0x7A, 0xA8, 0x4B, 0xD6, 0xC8, 0x22, 0x24,
    0x7D, 0x6A, 0xFE, 0x7F, 0xB0, 0xFC, 0xD3, 0x04, 0x84, 0xBF, 0x7B, 0x98, 0x65, 0x04, 0x4D, 0x64,
    0x2C, 0x8E, 0x11, 0x2A, 0xC6, 0x68, 0x19, 0x8E, 0x18, 0x56, 0xB0, 0xE3, 0x18, 0xB0, 0x4F, 0x43,
    0xB9, 0x56, 0x9E, 0xA4, 0x37, 0x6A, 0xE3, 0xA8, 0x69, 0x62, 0x94, 0x24, 0x9D, 0xBB, 0x28, 0x2B,
    0xBF, 0x0C, 0x6D, 0x1E, 0x8B, 0x49, 0x36, 0x07, 0x59, 0xEA, 0xF7, 0x0B, 0xAF, 0x7D, 0x54, 0x8C,
    0xA5, 0x6C, 0xB5, 0x27, 0x02, 0x97, 0x26, 0xC6, 0x31, 0x18, 0x4D, 0x9D, 0xEA, 0x0D, 0xDA, 0x6B,
    0x81, 0x7D, 0xFF, 0x40, 0xFB, 0x4E, 0x6E, 0xCC, 0x82, 0x78, 0x1D, 0x0B, 0x50, 0x79, 0xD7, 0xC2,
    0xB5, 0x76, 0x39, 0x24, 0x94, 0x44, 0xD3, 0x93, 0xA5, 0x24, 0xA7, 0x83, 0x23, 0xC3, 0x57, 0xEC,
    0x23, 0x0A, 0x1D, 0xBE, 0x50, 0x2F, 0x00, 0x88, 0xEF, 0x1D, 0xD2, 0x98, 0xA2, 0x3F, 0xA0, 0xF1,
    0x80, 0xFE, 0x68, 0x56, 0xE4, 0xA1, 0x39, 0xF3, 0xEE, 0x84, 0x4D, 0x21, 0x79, 0x2D, 0x6B, 0xAA,
    0x65, 0x7F, 0x4A, 0x7B, 0x62, 0x46, 0x14, 0x50, 0xCA, 0x0A, 0x96, 0x4E, 0x8E, 0xEC, 0x76, 0x4F,
    0xAC, 0x3C, 0xB5, 0xD0, 0x57, 0x4E, 0x8E, 0xCA, 0x81, 0x61, 0x3C, 0xC3, 0x7E, 0xC2, 0x8D, 0xD1,
    0x5E, 0xDF, 0x13, 0x81, 0x4F, 0x8D, 0xED, 0x51, 0x0C, 0xB7, 0x96, 0xD7, 0xEB, 0xAA, 0x67, 0x13,
    0x2D, 0x50, 0x84, 0x3F, 0x4F, 0x8B, 0x42, 0xF6, 0x0D, 0x46, 0x45, 0x3F, 0x0F, 0x19, 0x11, 0x05,
    0x35, 0xC3, 0x85, 0x32, 0x40, 0xCB, 0xA6, 0x5F, 0x5C, 0x3D, 0xF9, 0xA0, 0x5A, 0xE0, 0x19, 0x8F,
    0x06, 0x46, 0x1B, 0xB6, 0x28, 0xE5, 0xAB, 0x92, 0x1B, 0xE8, 0xC0, 0xF8, 0xB8, 0x57, 0x83, 0xE9,
    0xD2, 0x67, 0xCF, 0x92, 0x8B, 0x88, 0xBB, 0xEA, 0x81, 0x61, 0x6B, 0x46, 0x77, 0xDD, 0x67, 0x67,
    0x41, 0x77, 0xE1, 0xB8, 0x0D, 0x5D, 0x3A, 0xA4, 0x91, 0x52, 0x77, 0xE1, 0xA4, 0xC9, 0x5D, 0x81,
    0x4F, 0x8D, 0x3B, 0x0B, 0x14, 0xD1, 0x20, 0x61, 0xA3, 0xED, 0xF3, 0xB9, 0x01, 0x64, 0x1E, 0xB0,
    0xC0, 0x3E, 0x3D, 0x1B, 0x62, 0xE1, 0x2C, 0xB3, 0x28, 0x54, 0x92, 0xD7, 0xA6, 0x36, 0x22, 0x6D,
    0x97, 0x50, 0x13, 0xA3, 0x08, 0x3C, 0xDE, 0xFF, 0x3E, 0xE4, 0x44, 0xE4, 0xD7, 0xF1, 0x1E, 0x40,
    0xEC, 0xC5, 0x8A, 0x06, 0x07, 0xFD, 0x93, 0x30, 0xC3, 0x5E, 0x3F, 0xFA, 0x2A, 0x1E, 0x6C, 0x8F,
    0xBE, 0x9A, 0x67, 0x3A, 0xFA, 0x5A, 0xB7, 0x3B, 0x34, 0x31, 0xC9, 0xE2, 0x92, 0x84, 0x2A, 0xC9,
    0xB8, 0x4A, 0x43, 0xD9, 0x7D, 0x16, 0x43, 0x05, 0x1F, 0x1D, 0x00, 0x56, 0x6B, 0xFD, 0x56, 0x9D,
    0xE4, 0x61, 0xCB, 0xF2, 0xF7, 0x9A, 0x00, 0x5B, 0x46, 0x1D, 0x59, 0x64, 0x68, 0xD6, 0x1D, 0xDE,
    0x8B, 0xEC, 0x7C, 0x27, 0x09, 0xF4, 0x6F, 0x95, 0x1E, 0x96, 0x45, 0xF3, 0x0E, 0x58, 0x03, 0x4A,
    0xBC, 0x6C, 0xBB, 0x07, 0x4A, 0xCA, 0xE3, 0x3A, 0x2C, 0x37, 0xE8, 0xDF, 0x92, 0x7B, 0xF5, 0x12,
    0x16, 0xFB, 0x6A, 0x80, 0xEB, 0x6D, 0x9D, 0x3F, 0x0E, 0x0D, 0x78, 0x07, 0x01, 0x76, 0x55, 0xC0,
    0xCE, 0x72, 0x3B, 0xA0, 0xA1, 0x0F, 0x42, 0x4E, 0xFF, 0x4A, 0xA1, 0x18, 0x61, 0x42, 0xF9, 0x09,
    0x3D, 0x50, 0x5F, 0xF7, 0x40, 0x59, 0x5E, 0xA6, 0x8B, 0xA8, 0x71, 0x81, 0x3D, 0x6C, 0xC7, 0x0A,
    0xB7, 0x0A, 0x1F, 0x0C, 0x36, 0xCA, 0x4F, 0x16, 0x37, 0x4B, 0xEF, 0x08, 0x12, 0xB9, 0x13, 0xEC,
    0x22, 0x01, 0x8C, 0x5B, 0x00, 0x8B, 0xC9, 0x32, 0xF3, 0x20, 0x54, 0x83, 0xB0, 0xF4, 0x42, 0x5D,
    0x0B, 0x2B, 0x08, 0xEF, 0x26, 0x4E, 0x89, 0x21, 0x71, 0x48, 0xF4, 0x89, 0xB5, 0x70, 0xFD, 0x48,
    0x32, 0x5E, 0x58, 0xB9, 0x56, 0x9E, 0x11, 0x91, 0x98, 0x94, 0x9F, 0xCF, 0x62, 0x93, 0xF2, 0x7B,
    0x08, 0xD5, 0x56, 0xF8, 0x62, 0x44, 0x47, 0x00, 0x45, 0x34, 0x2C, 0x8D, 0x58, 0xBE, 0xFA, 0xAB,
    0xC5, 0xE7, 0x57, 0x39, 0x49, 0x92, 0x51, 0x12, 0x45, 0xAD, 0x48, 0xF1, 0xDF, 0x5E, 0x44, 0x3F,
    0x18, 0x44, 0xCC, 0x57, 0x46, 0x11, 0x8B, 0x18, 0x93, 0x9D, 0x77, 0x45, 0x22, 0xAC, 0x48, 0x80,
    0x11, 0x19, 0xA0, 0x45, 0x3C, 0x0A, 0x91, 0x16, 0x39, 0xCB, 0xF3, 0xF4, 0x1E, 0x40, 0x44, 0x75,
    0x41, 0xEF, 0x53, 0x6F, 0x46, 0xE8, 0x50, 0xB5, 0x50, 0xD3, 0x8B, 0x40, 0x16, 0xF1, 0x42, 0x8D,
    0x08, 0x17, 0x10, 0x73, 0x9A, 0x10, 0x55, 0x38, 0x66, 0x0C, 0x9B, 0x8B, 0x12, 0x4D, 0x82, 0xC0,
    0x38, 0xAF, 0x19, 0x01, 0x17, 0x18, 0x91, 0xB1, 0x87, 0xA3, 0x98, 0x40, 0xEF, 0x73, 0x6B, 0x4B,
    0xE4, 0xB1, 0x43, 0x67, 0xC8, 0xDD, 0x99, 0x0A, 0x15, 0xD1, 0x5B, 0x83, 0x7B, 0xFF, 0x90, 0xFC,
    0x8C, 0x8C, 0x6A, 0xFA, 0xE1, 0x21, 0x49, 0x0D, 0x92, 0x1A, 0x16, 0xD9, 0x01, 0x2C, 0x74, 0x64,
    0x54, 0x0B, 0x63, 0xD7, 0x30, 0x36, 0xFA, 0xA2, 0x64, 0x17, 0x41, 0x14, 0xFC, 0x87, 0x00, 0x2B,
    0x1A, 0x54, 0x1E, 0xB4, 0x1E, 0xDC, 0xAB, 0x27, 0x61, 0xF4, 0xA8, 0x66, 0x34, 0x73, 0x41, 0xF5,
    0xE2, 0x34, 0xF9, 0xD1, 0x18, 0xCD, 0xB8, 0x2B, 0x2F, 0x0E, 0x93, 0xAC, 0xB2, 0xBD, 0xF6, 0xC5,
    0x92, 0x9C, 0xF8, 0xF7, 0x81, 0x9D, 0x03, 0xBC, 0x58, 0x4D, 0xB0, 0x6E, 0x41, 0x33, 0x55, 0xE8,
    0x82, 0x46, 0x9C, 0x2A, 0x35, 0x35, 0xB3, 0x91, 0x3F, 0xD9, 0xA7, 0x73, 0x9E, 0x17, 0x0E, 0xAE,
    0x9C, 0x10, 0xC1, 0xDA, 0x88, 0xE6, 0x78, 0x17, 0xFB, 0x41, 0x63, 0x1E, 0x4D, 0xC6, 0x1B, 0x72,
    0x31, 0xDA, 0xC5, 0x0D, 0x9A, 0xA8, 0xCE, 0xDC, 0x88, 0x1B, 0xB2, 0x77, 0x48, 0xB4, 0xE0, 0xC7,
    0x3D, 0x54, 0x6D, 0xD8, 0xC0, 0xD6, 0x61, 0x0F, 0x04, 0x37, 0x4A, 0xB8, 0x70, 0xCE, 0x55, 0xB4,
    0x8C, 0x6D, 0xE6, 0xCE, 0x00, 0xF0, 0xBA, 0x5B, 0x12, 0xA1, 0x3A, 0x97, 0xE5, 0x46, 0x0F, 0x5D,
    0x3A, 0x67, 0x57, 0xE1, 0x1F, 0x38, 0xE3, 0x77, 0xC8, 0xE5, 0x04, 0x49, 0x96, 0x92, 0x9C, 0x98,
    0x56, 0x64, 0x2C, 0xBC, 0x48, 0x50, 0xFE, 0xCA, 0xB7, 0x63, 0xDD, 0x5E, 0xA9, 0x29, 0xED, 0x9E,
    0x92, 0xCA, 0xA5, 0x16, 0x71, 0x14, 0x98, 0x39, 0x1D, 0x46, 0x96, 0x62, 0xC4, 0xB2, 0x0E, 0x4D,
    0xC3, 0xA2, 0x7B, 0x58, 0x96, 0x9D, 0x36, 0x09, 0xF0, 0xD9, 0xC8, 0x9D, 0x33, 0xA0, 0x90, 0x41,
    0x35, 0x8B, 0x1B, 0x91, 0x4E, 0x15, 0x4E, 0x80, 0x7D, 0xD0, 0xF2, 0x5D, 0x03, 0x22, 0x3A, 0xAD,
    0x81, 0xBF, 0x5B, 0x4F, 0xEE, 0x3C, 0xB6, 0xE9, 0xF9, 0x76, 0xF5, 0x83, 0x3B, 0x93, 0xF6, 0xDC,
    0xF6, 0x5F, 0x3C, 0xB7, 0x25, 0xCF, 0x6D, 0xC9, 0x73, 0xDB, 0xC6, 0x4B, 0x5B, 0x2F, 0x6D, 0xBD,
    0xB4, 0x65, 0x60, 0xA7, 0xC7, 0x36, 0x15, 0x07, 0x8C, 0x6A, 0x44, 0xB5, 0x6C, 0x36, 0x39, 0x51,
    0xDC, 0x94, 0xEC, 0xC5, 0x9B, 0xAA, 0x87, 0x1B, 0x2D, 0x60, 0xFA, 0x86, 0xBE, 0x57, 0xD6, 0x0D,
    0xD1, 0x63, 0x0F, 0x7C, 0xE1, 0x7A, 0xDB, 0xE7, 0xF3, 0x16, 0xD0, 0xCA, 0xA3, 0x22, 0xE5, 0xB9,
    0xED, 0xCF, 0xBD, 0x1E, 0x0B, 0xF2, 0x55, 0x0B, 0xE7, 0x2D, 0x50, 0xF9, 0x86, 0xBE, 0xAB, 0x19,
    0xA9, 0xDF, 0x17, 0xD6, 0xB6, 0x02, 0xF9, 0xB5, 0x6E, 0x0A, 0x31, 0x44, 0x17, 0xAB, 0x88, 0xED,
    0x8F, 0xE9, 0xB5, 0x97, 0x89, 0x11, 0xE2, 0x9A, 0x1D, 0xE7, 0x8A, 0x33, 0x24, 0x93, 0xF3, 0xE9,
    0xCD, 0xD1, 0x9C, 0xE1, 0x2E, 0xD1, 0xDD, 0x0F, 0xB9, 0x3F, 0xD1, 0x99, 0x80, 0x06, 0xC1, 0x84,
    0x88, 0x62, 0x66, 0xC0, 0x09, 0x1A, 0x81, 0xBD, 0x2C, 0x75, 0x82, 0x99, 0x51, 0x4E, 0x52, 0xB9,
    0x5F, 0xB1, 0xFC, 0xD0, 0x89, 0x0D, 0xDB, 0xF5, 0xAD, 0x66, 0x54, 0x2D, 0xC3, 0x5C, 0x8F, 0xEF,
    0x8C, 0xC0, 0xB6, 0x0C, 0xE2, 0x16, 0x87, 0x4B, 0xEA, 0x4D, 0xD0, 0x7E, 0x78, 0x3E, 0xC6, 0xA7,
    0xFC, 0xD0, 0x48, 0x91, 0xBA, 0xC9, 0x8C, 0xFA, 0xF8, 0xA6, 0x8D, 0xE5, 0x10, 0xA5, 0xC5, 0xEF,
    0x0C, 0x1A, 0x35, 0xD5, 0x14, 0x35, 0xF5, 0xD4, 0xE9, 0xC7, 0x61, 0x32, 0xBA, 0x0D, 0xA3, 0x66,
    0x1C, 0xDF, 0x2C, 0xDF, 0x0C, 0x36, 0x2A, 0xEA, 0xCB, 0x01, 0xAE, 0xCE, 0x17, 0x7C, 0x55, 0xD3,
    0x20, 0x41, 0xE8, 0xE8, 0xE0, 0x86, 0x05, 0x3B, 0x35, 0x0D, 0xB2, 0x60, 0x01, 0x70, 0x1E, 0x30,
    0x43, 0x8A, 0x21, 0xA0, 0x7E, 0x9F, 0x99, 0x3C, 0xE7, 0x00, 0x75, 0x3E, 0x41, 0xD6, 0x6F, 0xC9,
    0x39, 0x97, 0x41, 0x41, 0x46, 0x3A, 0x73, 0x03, 0x34, 0xCD, 0xB0, 0xEF, 0x53, 0xDD, 0xF4, 0xD6,
    0xD3, 0x28, 0x0B, 0x8E, 0xF6, 0x61, 0x63, 0xDA, 0xA3, 0x3D, 0x5B, 0xDB, 0xB1, 0x41, 0xD9, 0x9E,
    0x00, 0x88, 0xBF, 0xC7, 0x4C, 0x03, 0xE7, 0x08, 0x48, 0x44, 0x37, 0x9A, 0x35, 0x4B, 0xB9, 0x89,
    0x32, 0x08, 0xB7, 0xD0, 0x00, 0xBB, 0x20, 0x86, 0x62, 0x54, 0x25, 0xC3, 0x18, 0xC7, 0xD8, 0xB5,
    0x80, 0x8E, 0x82, 0x20, 0xE8, 0x19, 0x59, 0xCD, 0x00, 0xFE, 0xD0, 0x98, 0x04, 0x24, 0x38, 0x6C,
    0x81, 0x5B, 0xCA, 0x27, 0x6C, 0xBF, 0x1A, 0x02, 0x50, 0x4C, 0x1F, 0x5A, 0x86, 0xCD, 0xE5, 0x32,
    0xFC, 0x7D, 0xCE, 0xF8, 0x2C, 0xF2, 0xD7, 0xF2, 0x1A, 0x79, 0x34, 0x69, 0x6B, 0x98, 0x51, 0x3D,
    0x8C, 0x0E, 0x36, 0xEF, 0x6D, 0xDB, 0x00, 0xC6, 0xBB, 0x03, 0x68, 0x4F, 0x51, 0xB0, 0x30, 0x16,
    0xC3, 0x88, 0x9A, 0xD1, 0x49, 0xC9, 0x2E, 0x8C, 0x2A, 0x32, 0x72, 0xA9, 0x07, 0xFC, 0x41, 0x70,
    0x61, 0x6B, 0x31, 0x64, 0x3F, 0x74, 0xBD, 0x21, 0x6A, 0x2D, 0xCD, 0x70, 0x35, 0x30, 0xE3, 0x39,
    0x44, 0x34, 0xFD, 0x7C, 0x3C, 0x86, 0xE6, 0x34, 0x04, 0xFB, 0x3A, 0x0D, 0x25, 0x9A, 0x16, 0x9C,
    0xE2, 0x36, 0xB1, 0xBB, 0x1E, 0xB8, 0x41, 0x85, 0x10, 0x8A, 0x21, 0x04, 0xED, 0x5D, 0x30, 0x6D,
    0xD5, 0x37, 0x50, 0x6F, 0x46, 0x98, 0xC3, 0x90, 0x56, 0x29, 0xBA, 0xD8, 0x66, 0xCB, 0xFF, 0x9A,
    0x24, 0xE0, 0xE8, 0x54, 0xD8, 0xFB, 0x53, 0x53, 0x04, 0x57, 0xEB, 0x72, 0xA0, 0x5E, 0x6B, 0x1F,
    0x82, 0xB1, 0x75, 0x08, 0xBB, 0x0B, 0x9A, 0xC1, 0x8D, 0xA8, 0xDA, 0xAE, 0x16, 0x9B, 0xD6, 0xCF,
    0xBD, 0xF3, 0x96, 0xC8, 0xF3, 0xE7, 0xF2, 0xCA, 0xFA, 0x1F, 0xC3, 0x06, 0xD8, 0x99, 0x21, 0x1B,
    0xB3, 0x59, 0x80, 0x26, 0x00, 0xCB, 0x04, 0x84, 0x0D, 0x30, 0xBE, 0x0A, 0x34, 0x23, 0x60, 0xFA,
    0xB4, 0xEF, 0x59, 0x92, 0x7D, 0x72, 0x2C, 0x7C, 0x50, 0x9E, 0xC9, 0xFB, 0xA2, 0x25, 0xB9, 0x8E,
    0x3B, 0x7D, 0x4E, 0x83, 0xEA, 0xA1, 0x3C, 0x54, 0x3A, 0xDB, 0xAC, 0x22, 0x8E, 0x80, 0x00, 0x88,
    0xE3, 0x4C, 0x30, 0x23, 0x77, 0xB1, 0xD4, 0x5C, 0x26, 0x79, 0xCD, 0xCF, 0x3A, 0xE8, 0x96, 0x3F,
    0x37, 0xF3, 0x33, 0xD5, 0x6F, 0x0C, 0xF9, 0x70, 0x7F, 0x37, 0x0F, 0xF7, 0xC3, 0x7D, 0xDC, 0x7F,
    0x35, 0x04, 0x7C, 0x79, 0xC3, 0xD8, 0xAC, 0xE0, 0x6B, 0x47, 0x5F, 0xBE, 0x7F, 0x8B, 0xEF, 0x72,
    0xBD, 0x3E, 0xDC, 0xCC, 0x97, 0x7C, 0xE0, 0xB6, 0xA5, 0x5F, 0xFF, 0xD7, 0xE7, 0x68, 0xDA, 0xFE,
    0x77, 0x2F, 0xFB, 0xE6, 0x57, 0x53, 0x80, 0xBE, 0x00, 0x79, 0x5A, 0xB2, 0xF5, 0x0C, 0x13, 0x51,
    0xF5, 0xC8, 0x16, 0x34, 0x35, 0x38, 0x77, 0x90, 0x55, 0x61, 0xC6, 0x76, 0xC5, 0x85, 0xDE, 0x72,
    0xBD, 0xD2, 0x30, 0x6D, 0x6D, 0x3D, 0x40, 0x62, 0x6F, 0x31, 0x43, 0x42, 0xC7, 0xF1, 0xE2, 0x18,
    0x74, 0x87, 0xDE, 0xC3, 0x05, 0xE5, 0x4A, 0xBA, 0x1B, 0xA4, 0x66, 0x19, 0xC1, 0xAD, 0x32, 0x42,
    0x83, 0xA6, 0x6D, 0xEA, 0x25, 0xA3, 0x60, 0xDB, 0x59, 0xF5, 0x47, 0xDC, 0x8B, 0xF2, 0x1B, 0xED,
    0xB9, 0x7C, 0xCC, 0x9E, 0x98, 0x51, 0xD4, 0x9E, 0xEB, 0x48, 0x90, 0xD6, 0xE7, 0xC1, 0xB4, 0x1C,
    0xD7, 0xF5, 0x55, 0xAD, 0x88, 0x6A, 0xD9, 0x9F, 0x47, 0x9C, 0x80, 0x53, 0x36, 0xA1, 0x13, 0x85,
    0x6B, 0x85, 0xCD, 0x6F, 0x3D, 0x0F, 0xDC, 0xA9, 0xBF, 0xC8, 0xB4, 0x81, 0xBC, 0x38, 0x3D, 0x05,
    0xFD, 0xC6, 0x54, 0xBD, 0x3E, 0xEA, 0x07, 0x41, 0xE7, 0x93, 0x7E, 0x40, 0x7F, 0x9D, 0x45, 0x66,
    0x0F, 0xE6, 0x8F, 0x83, 0xD0, 0x0B, 0xDF, 0xFC, 0x71, 0xE0, 0xEB, 0x3D, 0xF5, 0x59, 0x2C, 0x87,
    0x9B, 0xB5, 0x9A, 0x8A, 0x11, 0x28, 0x42, 0xBE, 0x00, 0xD5, 0x00, 0x3A, 0xBF, 0x47, 0x2D, 0x0C,
    0xD1, 0x0C, 0x64, 0x87, 0xE2, 0x6D, 0x5F, 0xAC, 0xB3, 0xEF, 0x22, 0xA7, 0x50, 0x51, 0xAD, 0x29,
    0x12, 0x79, 0x76, 0xC9, 0xC9, 0x0C, 0x96, 0x6B, 0x17, 0x61, 0x1F, 0xBA, 0x57, 0xE1, 0x04, 0xDA,
    0xAB, 0x30, 0x27, 0xC6, 0x2B, 0x5C, 0x66, 0x21, 0xD1, 0xDF, 0x30, 0xBB, 0xE2, 0x1D, 0xE6, 0x9E,
    0x12, 0xEE, 0x16, 0x42, 0x93, 0xAE, 0xEF, 0x4C, 0x9A, 0x79, 0x25, 0x52, 0xD9, 0x4D, 0x3C, 0x49,
    0x8C, 0x02, 0x35, 0x09, 0x4D, 0xE0, 0xE7, 0x7B, 0x8F, 0x3C, 0x1A, 0xA2, 0x05, 0xEA, 0xE2, 0xF9,
    0x4A, 0xB3, 0x5E, 0xD8, 0xA0, 0x6A, 0x01, 0x1E, 0xE1, 0x11, 0xE0, 0xD1, 0xDE, 0x03, 0x64, 0xE4,
    0x85, 0x52, 0x9E, 0xD3, 0xF5, 0x0E, 0xAE, 0x97, 0x9A, 0xE6, 0x4C, 0x5A, 0x49, 0x68, 0x29, 0x2F,
    0x77, 0xD4, 0x2B, 0xE2, 0x34, 0xE1, 0xCE, 0x79, 0x9D, 0x07, 0x3C, 0x49, 0x36, 0xC5, 0x6B, 0xFB,
    0x40, 0x33, 0x8B, 0x3D, 0x53, 0x95, 0x45, 0x20, 0xE8, 0x62, 0x94, 0xF2, 0x9D, 0x01, 0x3B, 0x69,
    0x7F, 0x76, 0x44, 0xC9, 0x4F, 0x7E, 0x50, 0x27, 0x1F, 0x07, 0x6C, 0xFB, 0xAC, 0xF6, 0x4C, 0x57,
    0xED, 0x19, 0xAF, 0xDA, 0x73, 0x72, 0x65, 0x80, 0xAA, 0x5A, 0x68, 0xAE, 0x78, 0x42, 0xD9, 0x27,
    0x0E, 0xCF, 0x7D, 0x0F, 0x28, 0x7E, 0x95, 0x26, 0xD8, 0x63, 0x22, 0x82, 0xA2, 0x83, 0x8C, 0xBC,
    0x8C, 0x9F, 0x09, 0xAA, 0x07, 0x54, 0xB2, 0x2F, 0x9F, 0x84, 0x59, 0x4C, 0xAB, 0x4F, 0xCC, 0x28,
    0x30, 0xD5, 0x70, 0x8C, 0x6C, 0x12, 0x03, 0xD5, 0x28, 0x2C, 0x43, 0x7E, 0x3E, 0x8A, 0xE7, 0xD1,
    0xD9, 0xB7, 0x08, 0xA8, 0x64, 0x78, 0x90, 0x39, 0x99, 0xBF, 0x4F, 0xBA, 0x85, 0x69, 0x93, 0x54,
    0xAB, 0xD8, 0xFA, 0x9A, 0x00, 0x7F, 0x8B, 0x2F, 0xB2, 0x28, 0x7A, 0x83, 0x7A, 0x0B, 0x4D, 0xBF,
    0xA6, 0x60, 0x51, 0xBD, 0x41, 0x0F, 0x26, 0x0B, 0x0B, 0xF7, 0x52, 0xB4, 0xE8, 0x60, 0xC1, 0x72,
    0xB2, 0x4A, 0xFC, 0x90, 0xBC, 0x88, 0xB8, 0x8F, 0x25, 0x22, 0x8B, 0x27, 0x20, 0xAA, 0xB3, 0x29,
    0xA2, 0x2B, 0x7C, 0xFE, 0xC1, 0x84, 0x3D, 0xE5, 0x15, 0x05, 0xEC, 0x16, 0x2C, 0x1E, 0x86, 0xEA,
    0x62, 0x01, 0x76, 0x26, 0xF0, 0xDA, 0xFE, 0xD4, 0xA3, 0x75, 0x93, 0x68, 0x5B, 0x3C, 0xF7, 0x83,
    0x8C, 0x70, 0xF1, 0xE8, 0x64, 0xAC, 0xCD, 0x84, 0x6F, 0xD6, 0xB0, 0xE9, 0x7E, 0x23, 0x40, 0x97,
    0x28, 0xD3, 0x20, 0x45, 0x7C, 0x05, 0xD5, 0x4C, 0xFD, 0xB2, 0x9F, 0xB3, 0xA0, 0x95, 0x5F, 0xCA,
    0x89, 0xCB, 0xAE, 0x9A, 0x0B, 0xF2, 0xCD, 0x62, 0xFF, 0xC9, 0xB5, 0x76, 0xD2, 0xE7, 0x04, 0x1D,
    0x94, 0xFC, 0xCE, 0x1E, 0xCD, 0x80, 0x94, 0x8E, 0x12, 0xF7, 0xAE, 0x70, 0x73, 0x8D, 0x5F, 0x38,
    0xD8, 0xA9, 0xF7, 0x32, 0x5A, 0xAA, 0x71, 0x2A, 0x89, 0x1C, 0x8D, 0x66, 0xB8, 0x11, 0xAB, 0xC1,
    0xB6, 0xD9, 0x94, 0x2C, 0x89, 0x58, 0x83, 0x74, 0x29, 0x58, 0xA1, 0x8C, 0x7A, 0xDC, 0x19, 0x74,
    0x8F, 0xD9, 0x44, 0x15, 0xE0, 0x6E, 0xDD, 0x94, 0x67, 0x79, 0xAC, 0xD1, 0xA1, 0x8A, 0x1A, 0xD6,
    0x6B, 0xEA, 0x92, 0x1D, 0x11, 0x6A, 0xB5, 0xA3, 0x95, 0xF7, 0xC5, 0xED, 0x1B, 0xE3, 0xED, 0xF5,
    0x9D, 0xF1, 0xED, 0xF5, 0xAD, 0xF1, 0xE1, 0xFA, 0xDE, 0xB8, 0xAC, 0x6F, 0x8E, 0x71, 0x7D, 0x77,
    0x0C, 0xDB, 0xB7, 0x47, 0x19, 0xB3, 0x3F, 0xB8, 0xBC, 0x50, 0x23, 0xA5, 0x8C, 0x62, 0x52, 0x94,
    0x44, 0x49, 0x61, 0x86, 0x6A, 0xEB, 0x4A, 0x6D, 0xE9, 0xBF, 0xBF, 0x3E, 0x18, 0xE5, 0xE7, 0xE7,
    0x00, 0x74, 0xF9, 0x2F, 0xFD, 0xA2, 0xDF, 0x1C, 0x30, 0x6B, 0xF2, 0x64, 0x1E, 0x04, 0xC4, 0x9B,
    0xC6, 0xD3, 0x9D, 0x47, 0x13, 0xE2, 0x46, 0xBF, 0x41, 0xC7, 0x64, 0x43, 0xFC, 0x4B, 0xFD, 0x95,
    0x0F, 0xA6, 0xCE, 0x84, 0x59, 0x2F, 0xEA, 0xD7, 0xE3, 0x06, 0xE8, 0x8A, 0xA9, 0xF8, 0x59, 0xF8,
    0x7C, 0x1A, 0x56, 0x7D, 0xE1, 0x09, 0x55, 0xBB, 0xF6, 0x05, 0x12, 0x85, 0xBC, 0xA2, 0x6C, 0xED,
    0xA1, 0x61, 0x6B, 0xC7, 0xB2, 0xEA, 0xFF, 0x01, 0xDD, 0x9B, 0x05, 0x90, 0xE4, 0xC8, 0x99, 0x85,
    0x3F, 0x49, 0xDB, 0x53, 0x17, 0xAB, 0xDD, 0xD3, 0x31, 0xDF, 0xE8, 0x98, 0xEF, 0x74, 0x8C, 0x3D,
    0x2D, 0x1D, 0x33, 0x33, 0x33, 0xB3, 0x19, 0xBA, 0x5B, 0x32, 0xB3, 0x3D, 0xC1, 0x61, 0x0E, 0xE6,
    0x30, 0xB3, 0xBB, 0xAA, 0xD2, 0x1C, 0xEC, 0xF2, 0x3A, 0x18, 0x65, 0x66, 0x3B, 0xC3, 0xAB, 0x0D,
    0x6B, 0x66, 0xB3, 0x4A, 0xEE, 0x17, 0x19, 0x2A, 0x69, 0xBA, 0xDC, 0xDE, 0x5E, 0xEA, 0xDA, 0x9E,
    0x9C, 0xD1, 0x2B, 0x4A, 0xA5, 0x32, 0xBF, 0xFF, 0x29, 0xEB, 0x97, 0xB2, 0x1A, 0x72, 0x03, 0xBD,
    0xCE, 0x6B, 0x69, 0x67, 0xD7, 0x1A, 0x5E, 0x6F, 0x81, 0xC8, 0xBA, 0xB5, 0xC6, 0xF5, 0x0C, 0x48,
    0x16, 0x25, 0x90, 0x9A, 0xBC, 0x80, 0xAC, 0xCA, 0x2A, 0xC8, 0x8B, 0xD4, 0x40, 0x49, 0xB2, 0x80,
    0x19, 0x71, 0x0D, 0x4B, 0x26, 0x96, 0xC0, 0x11, 0x35, 0x84, 0x5D, 0xD7, 0xB5, 0x44, 0xC7, 0xEA,
    0x98, 0x1C, 0xEB, 0x52, 0x15, 0x98, 0xA9, 0x32, 0x25, 0xA9, 0xD1, 0xEE, 0x99, 0xB4, 0xCA, 0x2B,
    0xC8, 0x4C, 0x09, 0xE8, 0xB3, 0xCD, 0x92, 0x16, 0x30, 0xF4, 0x79, 0xFD, 0xCE, 0xFF, 0x5E, 0x53,
    0xBB, 0x26, 0xBB, 0xF6, 0xBF, 0x36, 0x27, 0x6A, 0xBF, 0x44, 0xC7, 0x05, 0xBF, 0xED, 0xFC, 0xB1,
    0x0B, 0xBB, 0xCE, 0xA5, 0xC7, 0x5B, 0xBE, 0xC0, 0xCD, 0xC1, 0x2D, 0xC1, 0x39, 0xF4, 0x18, 0xBA,
    0x39, 0xB1, 0xCB, 0x3F, 0x34, 0x9F, 0x26, 0x5D, 0x7B, 0x10, 0x74, 0x57, 0x0F, 0xE9, 0xCB, 0x64,
    0x01, 0x89, 0xF5, 0x9B, 0x9E, 0x53, 0x56, 0x40, 0xD0, 0xD5, 0x40, 0xF4, 0x61, 0x0B, 0x04, 0x95,
    0x94, 0x40, 0x4A, 0xB4, 0x90, 0x26, 0x85, 0x34, 0xE5, 0x64, 0x11, 0x28, 0xDF, 0x02, 0xCC, 0x8D,
    0xB4, 0x5B, 0xAC, 0x5B, 0x0B, 0x3F, 0x67, 0x81, 0xE8, 0xB3, 0x0D, 0x30, 0x79, 0x5F, 0x8B, 0x06,
    0xEF, 0xA4, 0x66, 0x0A, 0xA4, 0xD5, 0x21, 0x6A, 0x20, 0x97, 0xAA, 0x21, 0x0E, 0x11, 0xF1, 0xA5,
    0xC0, 0xE1, 0x04, 0x2A, 0x74, 0x02, 0x2A, 0xBE, 0x16, 0x69, 0x43, 0x2C, 0xE2, 0x24, 0xB5, 0x40,
    0x24, 0x46, 0x95, 0xC5, 0x77, 0x85, 0xF8, 0xCE, 0x29, 0x0B, 0x28, 0x8B, 0x39, 0x22, 0x4E, 0xDC,
    0x40, 0xBE, 0x84, 0x59, 0x09, 0x3F, 0x9C, 0x00, 0x97, 0x81, 0x7D, 0x08, 0x1A, 0xC5, 0x1C, 0x82,
    0x02, 0x78, 0xE0, 0x19, 0xB7, 0x27, 0xD0, 0xA5, 0x4F, 0x32, 0x40, 0x5E, 0x03, 0x5C, 0x6B, 0xD0,
    0xB1, 0x8F, 0x80, 0xD8, 0xE4, 0x9C, 0x28, 0x99, 0x8F, 0xFE, 0x42, 0x5A, 0xD6, 0xD2, 0xB9, 0x77,
    0x6C, 0x03, 0x04, 0xD7, 0x5A, 0x20, 0x6C, 0xBC, 0x63, 0x97, 0x22, 0x6A, 0x0F, 0x81, 0x78, 0x91,
    0x23, 0xA2, 0xE2, 0x97, 0x9A, 0x54, 0x36, 0x2B, 0x04, 0x26, 0xF7, 0x26, 0x94, 0x57, 0x59, 0xA1,
    0xF1, 0xCA, 0xB1, 0x04, 0xF2, 0x2A, 0xD1, 0x5A, 0x65, 0x66, 0x98, 0x8B, 0x28, 0x32, 0xB9, 0xC8,
    0xA9, 0x1F, 0x99, 0xC9, 0x4D, 0x7F, 0x22, 0xE8, 0x33, 0xF6, 0x80, 0x23, 0xA0, 0x39, 0x8E, 0xA4,
    0x25, 0x69, 0x60, 0xEF, 0x08, 0x8E, 0x72, 0x42, 0x9B, 0x54, 0x41, 0x21, 0x98, 0x0F, 0x38, 0x4B,
    0x7F, 0x52, 0xC4, 0x95, 0x34, 0x32, 0x40, 0xFA, 0xC4, 0xFA, 0x26, 0x60, 0x39, 0x31, 0x10, 0xD5,
    0x80, 0x65, 0x52, 0xBF, 0xE6, 0x9C, 0x58, 0x86, 0x0D, 0x40, 0xB2, 0x94, 0xDE, 0x9E, 0x4A, 0xF9,
    0x52, 0x09, 0xFB, 0xC0, 0xAD, 0x58, 0x20, 0x7F, 0xCB, 0xD5, 0x7E, 0xAE, 0x0C, 0xEE, 0x6A, 0x51,
    0x27, 0xA7, 0x88, 0x47, 0xC6, 0xB8, 0x9C, 0x98, 0xA7, 0xCA, 0x93, 0x73, 0x6B, 0xE0, 0xE7, 0xD6,
    0x31, 0xDD, 0x7E, 0x6E, 0x95, 0x6E, 0xCC, 0xAD, 0x79, 0x3F, 0xB7, 0x5A, 0xF0, 0x08, 0xD7, 0x73,
    0xAB, 0x1B, 0xCD, 0xAD, 0x2B, 0x62, 0xD1, 0x1D, 0xE6, 0xD6, 0x81, 0x6E, 0x05, 0xE9, 0xA2, 0xF4,
    0x74, 0x61, 0x06, 0x44, 0x5D, 0x05, 0xA1, 0x3C, 0xC3, 0xA4, 0x02, 0x7E, 0x48, 0x9D, 0x78, 0x0C,
    0x24, 0xCD, 0x97, 0x79, 0xD8, 0xA2, 0x8D, 0x70, 0x13, 0xFC, 0x9E, 0x78, 0xF7, 0xC4, 0x11, 0x72,
    0xC4, 0x1C, 0x41, 0xC7, 0x53, 0x07, 0x2F, 0x08, 0x3C, 0x22, 0x4F, 0x2A, 0x11, 0x7B, 0x04, 0x1F,
    0xD1, 0xC7, 0x49, 0xC4, 0x1F, 0x05, 0x00, 0x45, 0x80, 0xA4, 0x73, 0x07, 0x1C, 0xC7, 0x60, 0x4F,
    0xB6, 0x9B, 0xA0, 0x03, 0x7C, 0x1A, 0x88, 0xC3, 0x16, 0x5F, 0x84, 0xBF, 0x18, 0x2C, 0x2B, 0x9B,
    0x12, 0x34, 0x1E, 0xFF, 0x01, 0x32, 0x77, 0x76, 0x81, 0xCC, 0x7D, 0x18, 0x9A, 0xA0, 0xBB, 0xBB,
    0x8A, 0xDE, 0x32, 0x03, 0x5F, 0x44, 0x9E, 0x0D, 0x93, 0xFF, 0xDE, 0x83, 0x61, 0xF2, 0x5B, 0x7B,
    0x73, 0x0E, 0x36, 0x6E, 0x10, 0xC7, 0x23, 0x3F, 0x72, 0x4E, 0x94, 0x9B, 0x22, 0x45, 0x88, 0x17,
    0x90, 0x7A, 0xBA, 0xB8, 0xF1, 0x14, 0x72, 0x5E, 0xE9, 0x03, 0xAD, 0x24, 0x1C, 0x25, 0x0B, 0x71,
    0x05, 0xEC, 0x10, 0xC8, 0x12, 0x44, 0x06, 0x92, 0x2A, 0xA9, 0x60, 0x72, 0x6D, 0x5E, 0x40, 0xD8,
    0xAD, 0x50, 0xD7, 0x3E, 0xB8, 0x31, 0xBE, 0x85, 0x34, 0xAB, 0xA5, 0xB9, 0x95, 0x96, 0x8D, 0x74,
    0xDE, 0x82, 0xEF, 0x18, 0x41, 0xBB, 0x04, 0xA2, 0xE6, 0x50, 0x6A, 0x73, 0xE4, 0xAD, 0xBC, 0x10,
    0x30, 0x81, 0x4C, 0x8C, 0xFC, 0x9C, 0x56, 0xC2, 0x97, 0x17, 0xB2, 0x6B, 0x8E, 0xFC, 0x3C, 0x53,
    0x1C, 0x58, 0xA2, 0xC1, 0x2B, 0x0E, 0x28, 0x26, 0x2B, 0x14, 0x93, 0x0E, 0x5F, 0x2D, 0x96, 0x56,
    0xF2, 0x76, 0x66, 0x52, 0x01, 0x5D, 0x64, 0x6A, 0xB0, 0x56, 0x4C, 0xF4, 0xD9, 0x3E, 0xD0, 0x40,
    0x60, 0xFB, 0x21, 0x12, 0x99, 0x70, 0x11, 0xD5, 0xC7, 0xBA, 0xFA, 0x5F, 0x43, 0xD7, 0x41, 0xDA,
    0x02, 0xB0, 0xC1, 0xBD, 0x88, 0xDA, 0xDB, 0xC6, 0xDC, 0xB9, 0xB7, 0xDC, 0x1D, 0x00, 0x07, 0x12,
    0x32, 0x7C, 0x32, 0x76, 0x93, 0xF1, 0xDD, 0x03, 0x52, 0x34, 0x0E, 0x81, 0x3D, 0x67, 0xBE, 0xB1,
    0xB8, 0x90, 0x37, 0xD2, 0x1F, 0x57, 0xA0, 0xE1, 0xA7, 0x47, 0x39, 0x9C, 0x91, 0x86, 0x30, 0xB0,
    0x8E, 0xCD, 0x59, 0x59, 0xDB, 0x0D, 0xD6, 0x6E, 0x60, 0xED, 0xA6, 0x40, 0xD8, 0x94, 0x03, 0x6B,
    0x9B, 0x55, 0x27, 0x58, 0x9B, 0xB8, 0xBE, 0x91, 0xF5, 0x9C, 0xB0, 0x3D, 0x95, 0x75, 0x64, 0x55,
    0xF9, 0x1E, 0x58, 0x87, 0x35, 0x24, 0x2D, 0x7C, 0xD3, 0x2E, 0xA0, 0xCD, 0x42, 0x68, 0x20, 0xAC,
    0x88, 0x4C, 0x74, 0x4E, 0xCC, 0x57, 0x51, 0x85, 0x3A, 0x0D, 0x4C, 0x42, 0x07, 0x00, 0x37, 0x99,
    0xA7, 0x7F, 0x30, 0x30, 0x74, 0x6F, 0x33, 0xE1, 0x1D, 0x5D, 0x11, 0x9A, 0xFF, 0x3E, 0x5F, 0x4F,
    0x27, 0x4C, 0x3C, 0xC1, 0x4D, 0xA7, 0x9E, 0x39, 0x95, 0x6B, 0x4E, 0x49, 0xE5, 0x4A, 0x20, 0xB9,
    0x31, 0x97, 0x30, 0x90, 0xE9, 0x58, 0x32, 0x5F, 0xED, 0x73, 0x89, 0x81, 0x60, 0xD8, 0x12, 0xAC,
    0x09, 0x2E, 0x37, 0x09, 0x16, 0x23, 0x82, 0x66, 0x4C, 0xF0, 0xEC, 0xDF, 0x81, 0xE7, 0xC6, 0xF5,
    0x94, 0xEF, 0xC0, 0xCE, 0x97, 0x6E, 0xF5, 0xC7, 0x7F, 0xFC, 0xC7, 0x0E, 0xF8, 0x62, 0x9B, 0xD2,
    0x01, 0x6D, 0xC7, 0x75, 0x7F, 0xCF, 0x01, 0xF7, 0xB4, 0xA9, 0xCD, 0xBE, 0x7D, 0x80, 0xD3, 0xFA,
    0xC0, 0x37, 0xAE, 0x0A, 0xB5, 0x6E, 0x89, 0x56, 0x7F, 0xE9, 0x48, 0x6A, 0xE6, 0xA4, 0x95, 0xBF,
    0xBC, 0x4E, 0xAB, 0x5C, 0xD1, 0x3A, 0x94, 0x94, 0x5D, 0xD7, 0x19, 0x2F, 0xC7, 0x2D, 0x17, 0x25,
    0x40, 0x8E, 0xA4, 0x40, 0x71, 0xE0, 0x76, 0xED, 0x5B, 0xAA, 0x95, 0x95, 0xDA, 0x6B, 0x7C, 0xCB,
    0xA3, 0x12, 0x34, 0x40, 0xE4, 0x7A, 0xD1, 0x4B, 0x7F, 0xAD, 0xBD, 0x82, 0x55, 0x09, 0xFF, 0x97,
    0xF8, 0x84, 0x9B, 0x23, 0x08, 0x1B, 0x88, 0x6A, 0xFA, 0x72, 0x6E, 0xA0, 0x26, 0x2D, 0x90, 0xAE,
    0x80, 0xBD, 0xFF, 0x05, 0xBE, 0x27, 0x01, 0x48, 0x25, 0x57, 0x24, 0xED, 0x3A, 0x61, 0xF9, 0x3D,
    0x09, 0x68, 0x90, 0xC8, 0xA7, 0x35, 0xF1, 0xEA, 0x3F, 0x9D, 0xE6, 0x95, 0x95, 0x88, 0xE4, 0x94,
    0x90, 0x15, 0x53, 0x31, 0x5C, 0x0A, 0x9F, 0x5A, 0xF7, 0xB2, 0x12, 0xBE, 0x25, 0xC0, 0x4C, 0xE2,
    0x41, 0x56, 0x7C, 0x93, 0xF6, 0x9D, 0x13, 0xAF, 0xFE, 0x72, 0x49, 0x30, 0xE0, 0x9B, 0x46, 0x26,
    0xE8, 0xDE, 0x66, 0xA2, 0x4F, 0x74, 0x45, 0x64, 0x66, 0xE7, 0x0F, 0xE4, 0x90, 0x9A, 0xA0, 0xBB,
    0xA3, 0xE6, 0xB8, 0x07, 0x86, 0xC8, 0x94, 0x05, 0xC0, 0xE6, 0xE0, 0xAF, 0x6B, 0xF0, 0x46, 0x83,
    0x87, 0x9C, 0xC3, 0xF5, 0xE0, 0xDD, 0x8D, 0x83, 0x5F, 0x6A, 0xF0, 0x0E, 0x60, 0x3A, 0x0C, 0xBE,
    0x38, 0x6D, 0xF0, 0x90, 0x4B, 0xF6, 0x25, 0x0D, 0xC4, 0xEF, 0xB1, 0x90, 0x35, 0xC0, 0xC1, 0x11,
    0xD0, 0xE6, 0x10, 0xD9, 0xC4, 0x00, 0x63, 0x2C, 0x5E, 0x34, 0x08, 0x1C, 0x70, 0x16, 0x11, 0x1D,
    0x2F, 0x62, 0x74, 0xD6, 0xDD, 0x24, 0x9E, 0xD6, 0xE8, 0xB8, 0x68, 0xD0, 0x40, 0x86, 0xF7, 0x4C,
    0xD8, 0xBC, 0x01, 0x62, 0x07, 0xA4, 0x25, 0xB0, 0x97, 0x54, 0xE0, 0x74, 0xDA, 0xFD, 0x5E, 0xF0,
    0x7B, 0x6B, 0x88, 0x85, 0x06, 0x6D, 0x35, 0xFC, 0x91, 0x83, 0x8A, 0x52, 0x4D, 0xCD, 0xC4, 0xEF,
    0x6C, 0x0E, 0xBA, 0x9D, 0xB4, 0xA6, 0x54, 0x2B, 0xAB, 0x11, 0xC4, 0xE1, 0xB6, 0x41, 0x60, 0x89,
    0x17, 0x6F, 0x10, 0x40, 0xF1, 0x13, 0x3E, 0xD1, 0x3B, 0x6F, 0x47, 0xF5, 0x27, 0x50, 0x83, 0x22,
    0x2B, 0x40, 0x57, 0xB6, 0x0D, 0x88, 0x29, 0x10, 0x75, 0x05, 0x44, 0xBF, 0x6A, 0x80, 0xA8, 0x02,
    0x12, 0x08, 0xAB, 0x5D, 0x48, 0xEC, 0x77, 0x40, 0xDE, 0x02, 0x47, 0x87, 0x10, 0x34, 0x59, 0x41,
    0x54, 0xC7, 0x0F, 0xB4, 0xE9, 0xFE, 0xE8, 0xFE, 0x9A, 0xAE, 0x04, 0x82, 0xCE, 0x00, 0x4F, 0xBA,
    0x61, 0x08, 0xCD, 0x0F, 0x9C, 0x13, 0x5D, 0x9D, 0xC3, 0x75, 0x7F, 0x0E, 0x87, 0x6A, 0x8F, 0x54,
    0x74, 0x67, 0xA1, 0x09, 0x75, 0x61, 0xFF, 0x04, 0x55, 0x06, 0x2E, 0x55, 0x62, 0xEA, 0x91, 0x1E,
    0x1D, 0x20, 0xA0, 0x51, 0xBD, 0x05, 0x1B, 0x66, 0x95, 0x85, 0xEE, 0xEE, 0x05, 0xD4, 0xE3, 0x39,
    0x4D, 0xC8, 0xD8, 0xB2, 0x21, 0x43, 0x8F, 0x88, 0xAC, 0x85, 0x83, 0x03, 0x82, 0x36, 0xDB, 0x3C,
    0x53, 0xB7, 0x9C, 0x35, 0x78, 0x4A, 0x13, 0x07, 0x24, 0x2F, 0x07, 0x72, 0x51, 0x3A, 0x8A, 0x44,
    0x09, 0x4F, 0x69, 0xBB, 0x89, 0xC5, 0xA4, 0x25, 0x5D, 0xE9, 0x3B, 0xFC, 0xEB, 0x12, 0x48, 0x61,
    0x17, 0x1A, 0x02, 0x8B, 0x2F, 0x91, 0x7D, 0x20, 0xFF, 0xF3, 0x7B, 0x24, 0x8E, 0xBC, 0xE3, 0x4A,
    0x0A, 0x09, 0xFC, 0x10, 0xEC, 0xAB, 0x13, 0xE1, 0xFD, 0x3E, 0x9C, 0x3B, 0xB5, 0x00, 0x8F, 0x71,
    0xEE, 0x31, 0x25, 0x9D, 0xE9, 0xD6, 0xDF, 0xC9, 0xF9, 0x99, 0xFE, 0xF9, 0x72, 0x40, 0x47, 0xC7,
    0x01, 0x04, 0xF3, 0x0F, 0x02, 0x59, 0xD7, 0x55, 0xD0, 0x7D, 0x68, 0x6E, 0x89, 0x96, 0x8A, 0xAB,
    0xE2, 0xDC, 0xE1, 0x6F, 0x33, 0xF9, 0x1B, 0x4C, 0x39, 0x28, 0x5A, 0xD2, 0xC5, 0x0C, 0x88, 0x6B,
    0x7F, 0x8F, 0xD0, 0xAB, 0xCF, 0xF4, 0xBD, 0x8E, 0xDF, 0xF7, 0x35, 0xC7, 0xB9, 0xBF, 0x6F, 0xCD,
    0xB7, 0xEC, 0x8F, 0xE2, 0x8F, 0xE8, 0x8F, 0xEE, 0x7B, 0xA2, 0x5E, 0x9D, 0x2D, 0x85, 0xEF, 0xCF,
    0xC5, 0x86, 0x89, 0xFC, 0xA1, 0xF3, 0x49, 0xFD, 0x4D, 0xD5, 0xD1, 0xA4, 0x9E, 0xE1, 0x3B, 0x12,
    0x79, 0x71, 0x5E, 0xFA, 0x97, 0xFA, 0xD4, 0x96, 0xAA, 0xA7, 0x3D, 0x4C, 0xA2, 0x7D, 0xD5, 0x0A,
    0xC1, 0x19, 0x5D, 0x06, 0x3B, 0x12, 0x4A, 0x0B, 0x04, 0x5D, 0x0B, 0x84, 0xF5, 0x11, 0x40, 0xB1,
    0x2B, 0xE5, 0x0D, 0x92, 0xD0, 0xF6, 0x27, 0x10, 0x24, 0xD5, 0xB0, 0x17, 0xF0, 0xD0, 0xC6, 0x1F,
    0x2E, 0x81, 0xA4, 0x2B, 0x20, 0x7B, 0xA9, 0x81, 0xDB, 0x86, 0xDB, 0xE2, 0xA9, 0xB7, 0x10, 0xE0,
    0x86, 0x64, 0xF8, 0x5C, 0x82, 0xB1, 0xB1, 0x4A, 0xF6, 0x34, 0xB3, 0xF6, 0x43, 0x67, 0x11, 0xED,
    0x16, 0x98, 0xD4, 0x07, 0xE3, 0x5B, 0xB7, 0x17, 0x02, 0xB7, 0xDC, 0x31, 0xBA, 0xDA, 0x08, 0xDA,
    0x7D, 0x54, 0x79, 0x3D, 0xC3, 0x1A, 0xCD, 0xB0, 0xB5, 0x9F, 0x61, 0xCF, 0x09, 0x77, 0x2A, 0x25,
    0xD9, 0x58, 0x48, 0xBB, 0x29, 0x70, 0x7B, 0x17, 0xB5, 0x92, 0x5D, 0xE1, 0xFE, 0xA1, 0xAD, 0xE3,
    0x3E, 0x75, 0xAD, 0x6D, 0x17, 0xD8, 0xA1, 0x01, 0xF2, 0xB7, 0xD4, 0xEB, 0x45, 0x8A, 0xD1, 0x4A,
    0xA6, 0x47, 0xBF, 0xC3, 0xCE, 0xC5, 0x40, 0x4F, 0x56, 0x01, 0x5D, 0x0D, 0x54, 0x16, 0x08, 0x6A,
    0x20, 0xAE, 0x08, 0xDA, 0xCB, 0x0A, 0xC2, 0x2D, 0xF8, 0x20, 0x64, 0xEB, 0x20, 0xFC, 0xD1, 0x79,
    0x05, 0x21, 0x6C, 0x27, 0x40, 0xDC, 0x7D, 0x5A, 0xEC, 0x2F, 0xB5, 0xF4, 0xE5, 0xCC, 0x6B, 0x44,
    0x17, 0x00, 0x7F, 0x5A, 0xFD, 0x1F, 0x94, 0xAB, 0x1A, 0xEC, 0xFF, 0x56, 0x8C, 0x4A, 0xD0, 0x22,
    0xFC, 0x6C, 0x0F, 0x3F, 0x99, 0x84, 0x72, 0x21, 0xBD, 0x6E, 0x87, 0x25, 0x34, 0xB3, 0x07, 0x5C,
    0x2A, 0xBE, 0x81, 0x71, 0xB9, 0xF0, 0xD9, 0x8B, 0x27, 0x3E, 0x39, 0x7D, 0xD6, 0xD9, 0x7A, 0x82,
    0x43, 0x29, 0x01, 0x37, 0x54, 0x51, 0xCB, 0x80, 0x82, 0x02, 0x28, 0x2A, 0xC0, 0x46, 0x5C, 0x5A,
    0xD5, 0x12, 0x8E, 0xC8, 0x8A, 0x4D, 0x33, 0xB1, 0x02, 0xE5, 0x26, 0xB5, 0xA8, 0x75, 0x89, 0x47,
    0xF8, 0xB7, 0x7E, 0xF1, 0x72, 0x45, 0x2E, 0x02, 0x0D, 0x25, 0xEA, 0x2C, 0x1E, 0x3B, 0x3E, 0x06,
    0xFD, 0x83, 0x8F, 0x4E, 0xFF, 0x70, 0xC3, 0x67, 0xFD, 0x0E, 0x3E, 0x50, 0xF8, 0x48, 0xE1, 0x43,
    0x85, 0x8F, 0x15, 0x3A, 0xEC, 0x8A, 0x3E, 0x5A, 0x3E, 0x5C, 0x7D, 0xBC, 0xFA, 0x80, 0xA9, 0x29,
    0xBF, 0xEF, 0x10, 0x31, 0x09, 0x47, 0x8C, 0xD3, 0x1C, 0x1F, 0x94, 0xC8, 0x8A, 0x62, 0x64, 0x05,
    0x34, 0xB2, 0x8A, 0xCB, 0x2F, 0x5A, 0x61, 0x7E, 0x57, 0x2D, 0xE2, 0x9F, 0x31, 0x82, 0xDF, 0xA1,
    0x38, 0x38, 0xA9, 0xBA, 0x3E, 0x52, 0xFF, 0x8E, 0xEA, 0x58, 0x4A, 0xDF, 0x6B, 0x85, 0x08, 0xC5,
    0xA8, 0xF0, 0xA1, 0xF6, 0x51, 0xEA, 0xC3, 0x14, 0xD7, 0x63, 0xF4, 0x41, 0xCB, 0xA8, 0x63, 0xE4,
    0xFD, 0x1C, 0x75, 0xB3, 0x44, 0x62, 0x36, 0x1A, 0x56, 0x62, 0x86, 0xFC, 0x39, 0xB2, 0xDB, 0x8F,
    0x04, 0x3B, 0x0C, 0x59, 0xBF, 0x4F, 0xFB, 0x7D, 0xDE, 0x3F, 0x4A, 0xFC, 0x79, 0x03, 0x43, 0xEA,
    0xAF, 0xBE, 0x0F, 0x79, 0x14, 0x3B, 0x17, 0x3F, 0x3C, 0xE1, 0x92, 0xFE, 0xD2, 0x00, 0x5D, 0x1B,
    0xF4, 0x17, 0x07, 0x4C, 0x2A, 0x69, 0x3A, 0x5A, 0x79, 0x76, 0x6C, 0x3F, 0x60, 0xBF, 0x17, 0x80,
    0x1A, 0x8B, 0x0B, 0xD4, 0xF2, 0xEF, 0x02, 0x24, 0xBF, 0xB9, 0x42, 0x0F, 0x41, 0x7B, 0xB3, 0x9C,
    0x33, 0x59, 0xF5, 0x0A, 0xA0, 0x6C, 0x2C, 0x70, 0xBD, 0xAB, 0x01, 0x9B, 0x55, 0x00, 0x6C, 0x13,
    0xFE, 0x45, 0x64, 0x79, 0xCA, 0xF2, 0x21, 0xB9, 0x19, 0x1E, 0xF4, 0xE6, 0x76, 0x88, 0x6E, 0x7C,
    0x67, 0xAB, 0x5D, 0xAF, 0xFD, 0x3B, 0x4E, 0xDB, 0x03, 0x2D, 0x4B, 0x08, 0x9C, 0xA4, 0x9D, 0x41,
    0xE8, 0x57, 0x5F, 0xF2, 0x8A, 0x58, 0x23, 0xCE, 0xCC, 0x64, 0xF5, 0x82, 0xAE, 0x08, 0xB4, 0x52,
    0xCB, 0x37, 0x76, 0x57, 0xEF, 0x21, 0xAF, 0x70, 0x90, 0xDF, 0x37, 0x29, 0xC5, 0x6B, 0xCE, 0x14,
    0x3A, 0xE6, 0x84, 0x1D, 0x79, 0x15, 0x77, 0x64, 0x77, 0xCD, 0x73, 0xE2, 0xCE, 0xE5, 0x04, 0xF3,
    0xAB, 0x59, 0x71, 0xE2, 0xBE, 0xA5, 0x22, 0x2E, 0xE9, 0x5F, 0xF2, 0x47, 0x40, 0xD4, 0x01, 0x49,
    0x67, 0x20, 0x9D, 0x18, 0xB8, 0x25, 0x32, 0x40, 0x5C, 0x01, 0xD9, 0xF8, 0xE6, 0xC6, 0x50, 0xB6,
    0xCF, 0x94, 0xB8, 0x01, 0xF2, 0x15, 0x70, 0x58, 0x02, 0xDF, 0x92, 0x00, 0x5C, 0x96, 0xEC, 0xAF,
    0x39, 0xD7, 0xAC, 0xCB, 0x39, 0x70, 0x8E, 0xDA, 0x93, 0x69, 0x93, 0xA7, 0xBF, 0x27, 0xE1, 0xDF,
    0x80, 0x0D, 0x84, 0xF9, 0x48, 0x4B, 0x27, 0x3D, 0x74, 0xD2, 0xA9, 0xA7, 0x22, 0x5D, 0x59, 0x69,
    0xB7, 0x90, 0xAE, 0x90, 0xBA, 0xB3, 0x2B, 0xC2, 0xD9, 0xAB, 0xA8, 0xB6, 0x08, 0xAB, 0x45, 0x5C,
    0x2D, 0x02, 0x6B, 0x10, 0xD9, 0x02, 0x8F, 0xD6, 0xB3, 0x85, 0xB4, 0x1A, 0x72, 0x8E, 0x29, 0x27,
    0x7E, 0xA0, 0x76, 0x02, 0x6A, 0x62, 0xBE, 0xB0, 0x66, 0x95, 0xD4, 0x63, 0x5C, 0x22, 0x6D, 0x90,
    0x56, 0x48, 0x19, 0xB4, 0xC4, 0x03, 0xF6, 0x84, 0x3D, 0x62, 0xCF, 0xD8, 0x43, 0xF6, 0x94, 0x85,
    0x39, 0x07, 0x4A, 0xFC, 0x04, 0x3F, 0x4A, 0x87, 0xEA, 0xE1, 0x86, 0x01, 0xFF, 0x74, 0x81, 0x38,
    0x07, 0xED, 0x08, 0x70, 0x3E, 0x9A, 0x48, 0x63, 0xB3, 0x7D, 0xCE, 0xFC, 0x11, 0x7E, 0x6A, 0xE8,
    0xE7, 0x06, 0x3F, 0x39, 0x68, 0x76, 0xA0, 0x9F, 0x1E, 0xC8, 0xC6, 0xD9, 0xCD, 0x05, 0x22, 0x4F,
    0xDC, 0xD0, 0xCF, 0x1F, 0x9A, 0x40, 0xD6, 0x33, 0x08, 0x97, 0x25, 0xEC, 0x8F, 0xBE, 0x50, 0xEA,
    0xED, 0xC7, 0x62, 0x87, 0xAF, 0x02, 0xF2, 0xC5, 0x2E, 0x50, 0xB6, 0x8F, 0x01, 0x9A, 0xB9, 0x05,
    0x6C, 0xBC, 0xB8, 0x40, 0xCC, 0xA7, 0xA1, 0x81, 0xA0, 0x7B, 0xAF, 0x41, 0xBF, 0xA0, 0xA8, 0x20,
    0x32, 0xB3, 0x2D, 0xB3, 0x7D, 0x28, 0x13, 0x3B, 0x53, 0x7A, 0xB3, 0x05, 0x62, 0x43, 0x19, 0x96,
    0x72, 0xEC, 0xA0, 0xFE, 0x9D, 0x4B, 0x95, 0x34, 0xAE, 0x47, 0x17, 0xAA, 0xED, 0xE8, 0x2A, 0xFD,
    0x0A, 0xE3, 0xA2, 0x63, 0xC1, 0x5C, 0x10, 0x58, 0x91, 0xD4, 0x84, 0x8E, 0x89, 0x25, 0x6A, 0xF5,
    0x3F, 0xB6, 0x04, 0x4E, 0x6F, 0xB2, 0x52, 0x05, 0x4A, 0x55, 0x26, 0xAF, 0xE6, 0x40, 0x6A, 0xC4,
    0x2A, 0x79, 0x9F, 0x03, 0xA2, 0x3B, 0x1B, 0x20, 0xEC, 0x2C, 0x28, 0x4E, 0xC3, 0x1F, 0x53, 0xE5,
    0x05, 0x52, 0xEE, 0xB3, 0x4E, 0xD7, 0xCF, 0xD2, 0x0A, 0x88, 0xCD, 0xC6, 0xAC, 0x50, 0x42, 0x56,
    0xE5, 0x85, 0xFF, 0x15, 0x7B, 0x49, 0x62, 0x98, 0xF9, 0x54, 0x7D, 0x62, 0x03, 0x47, 0x64, 0xC3,
    0x96, 0xA0, 0x15, 0x06, 0x27, 0x99, 0xC6, 0x0B, 0x38, 0x4C, 0x8C, 0xE2, 0x54, 0x41, 0xF6, 0xB7,
    0x05, 0x24, 0x73, 0x20, 0x5E, 0x89, 0xDF, 0xB2, 0x0F, 0x70, 0xD8, 0xF6, 0xF0, 0x26, 0x92, 0x64,
    0x01, 0x22, 0x00, 0x65, 0x01, 0x2F, 0x54, 0xB5, 0xAE, 0x91, 0x54, 0x0F, 0x75, 0x80, 0x9B, 0x85,
    0xCB, 0x1B, 0x75, 0xF4, 0x4E, 0x5E, 0xF9, 0x9F, 0x94, 0x66, 0x26, 0x59, 0xC8, 0x7F, 0x35, 0xB9,
    0x00, 0x94, 0x44, 0x0D, 0x4B, 0x8D, 0xC2, 0x81, 0x0B, 0x5A, 0x98, 0x46, 0x0D, 0xE4, 0x62, 0x93,
    0x4F, 0x6A, 0x48, 0x9F, 0xB5, 0x80, 0xE4, 0xDD, 0x06, 0xE2, 0xCF, 0x54, 0x10, 0x75, 0x78, 0x21,
    0x58, 0x02, 0x38, 0x20, 0x90, 0x44, 0xCD, 0x00, 0xF3, 0x00, 0x72, 0xD3, 0xF1, 0x27, 0x1D, 0x1D,
    0x73, 0xC7, 0x01, 0xE5, 0x55, 0xB8, 0x0F, 0x7F, 0xC9, 0x77, 0x5F, 0x4D, 0x5C, 0x68, 0x87, 0xF2,
    0xBC, 0x62, 0x70, 0xF2, 0xD7, 0x7C, 0x5F, 0x77, 0xE2, 0xD7, 0x7C, 0xCD, 0x46, 0x76, 0x57, 0x42,
    0xAE, 0xC3, 0x96, 0x64, 0x95, 0x06, 0x64, 0x70, 0xC4, 0x8B, 0xC0, 0x31, 0xA9, 0xC3, 0x86, 0xC8,
    0x46, 0x96, 0xB0, 0x11, 0x4B, 0x27, 0x3B, 0x3B, 0xD9, 0xF9, 0x40, 0x76, 0xCE, 0xD3, 0x02, 0xB2,
    0x0C, 0x48, 0x67, 0xFD, 0x0A, 0xCE, 0xC4, 0x81, 0x30, 0x28, 0x02, 0x6B, 0x4F, 0xD7, 0x80, 0xF6,
    0x52, 0xFB, 0x02, 0xB7, 0xE1, 0x69, 0xE2, 0xFA, 0x07, 0x81, 0x74, 0xA9, 0x1E, 0xEE, 0xCD, 0x1D,
    0xB0, 0xAB, 0x03, 0x8E, 0x4B, 0x59, 0xC0, 0x9C, 0x5C, 0xCC, 0x49, 0xFD, 0x1F, 0x3B, 0x7A, 0xE6,
    0x0D, 0xB1, 0xD5, 0x4B, 0x9D, 0x35, 0x4B, 0x31, 0x67, 0xEE, 0x99, 0x17, 0x73, 0x20, 0xF3, 0xCC,
    0xEF, 0x70, 0xC0, 0xE4, 0x4E, 0x8B, 0xEC, 0x52, 0xA3, 0xB8, 0x1B, 0xD6, 0x87, 0x2F, 0xB9, 0x9F,
    0xCC, 0xB3, 0xEA, 0x11, 0x50, 0x36, 0x0D, 0x5C, 0x57, 0x44, 0x6D, 0x6A, 0xC6, 0x6E, 0x31, 0x24,
    0x66, 0xED, 0xF5, 0x22, 0xB6, 0xBD, 0xD7, 0xC3, 0x96, 0xE9, 0xD8, 0xEB, 0xB3, 0xB0, 0xF7, 0x7A,
    0xF6, 0xAB, 0xB5, 0xBC, 0x6E, 0x36, 0xBC, 0x1E, 0x9E, 0xF0, 0x7A, 0x0B, 0x84, 0x6B, 0xD2, 0x42,
    0x20, 0x73, 0xCA, 0xEB, 0x20, 0x8E, 0xDE, 0xEB, 0x9F, 0x07, 0xBD, 0x53, 0x41, 0x8E, 0xD4, 0x30,
    0x10, 0xAC, 0x8D, 0x0F, 0x73, 0xB0, 0x50, 0x7F, 0x00, 0x29, 0x4F, 0xC8, 0x0B, 0x98, 0xB6, 0xF6,
    0x05, 0x5C, 0x46, 0x7C, 0x83, 0x07, 0x2C, 0xC4, 0xE2, 0x55, 0x7B, 0x58, 0x6D, 0x8C, 0xF8, 0x40,
    0x9E, 0xE0, 0x3B, 0x97, 0x3E, 0x44, 0x28, 0x48, 0x93, 0x35, 0x45, 0x32, 0xE3, 0x1C, 0x76, 0x57,
    0xC0, 0x85, 0x9A, 0xB8, 0xA7, 0xBA, 0x5C, 0xAE, 0xF6, 0x8C, 0x94, 0xD3, 0xE9, 0x7D, 0x29, 0xC6,
    0xE7, 0x44, 0x90, 0xAE, 0xCD, 0xCB, 0x2D, 0x11, 0xCA, 0x86, 0x74, 0xFD, 0x7E, 0x4D, 0x07, 0x5C,
    0x90, 0xD4, 0xE2, 0x88, 0x3B, 0xDC, 0xA3, 0x80, 0x3B, 0x69, 0x88, 0x1D, 0x24, 0x76, 0x59, 0x4D,
    0xAD, 0xB5, 0x26, 0xBB, 0xD1, 0x27, 0x09, 0x8A, 0xB7, 0x00, 0x76, 0xDD, 0xED, 0x3A, 0x36, 0xB8,
    0xF0, 0x06, 0x92, 0x14, 0x2D, 0xB3, 0x8E, 0x98, 0x70, 0x77, 0x63, 0xB8, 0x6F, 0x32, 0x8A, 0x5B,
    0x50, 0xBE, 0x95, 0x75, 0x0D, 0x5F, 0x9E, 0xD0, 0xE1, 0x81, 0x39, 0x47, 0x74, 0x79, 0x88, 0x6A,
    0x25, 0xFD, 0x5E, 0xAD, 0xF5, 0xA9, 0xC9, 0x3E, 0xBA, 0x51, 0x82, 0x4F, 0x9C, 0x1F, 0xDE, 0x41,
    0x71, 0x66, 0xF6, 0x47, 0x10, 0x2F, 0xFA, 0x5D, 0x96, 0x57, 0xFD, 0x70, 0xF6, 0xA7, 0x52, 0xFF,
    0x87, 0x74, 0xFA, 0xF0, 0xF3, 0x14, 0x56, 0xED, 0xFF, 0x96, 0x7F, 0xBA, 0xC1, 0x6A, 0xD9, 0x4F,
    0xFC, 0x45, 0xFC, 0x61, 0x41, 0x57, 0x62, 0x5F, 0xC6, 0x52, 0xAC, 0x3E, 0x6C, 0x29, 0x72, 0x4B,
    0x21, 0xD1, 0xE5, 0x92, 0x34, 0xCB, 0xCC, 0x6A, 0x72, 0xDE, 0x2A, 0xF5, 0xE4, 0xEC, 0xA6, 0x04,
    0x40, 0xB1, 0x42, 0x8A, 0x01, 0x8F, 0x1B, 0xD7, 0xEF, 0x33, 0x6E, 0xCE, 0x1B, 0xEF, 0xB1, 0xC0,
    0x4D, 0x1B, 0x7F, 0xE4, 0xC7, 0xDB, 0xC6, 0x17, 0xEE, 0x48, 0xDA, 0xF8, 0x19, 0x8A, 0x2E, 0xEE,
    0xBC, 0x47, 0xF5, 0x70, 0xD5, 0xB3, 0xCD, 0x8C, 0x9A, 0xE9, 0x0C, 0x75, 0x96, 0xCF, 0xED, 0x44,
    0x71, 0x84, 0x14, 0x6B, 0xD3, 0x50, 0xE0, 0x0A, 0xE7, 0x97, 0xA0, 0xB7, 0x4F, 0x7D, 0x92, 0x1F,
    0x4F, 0xEB, 0x71, 0x67, 0x32, 0xB6, 0x49, 0xD7, 0x11, 0x3E, 0x7B, 0xD3, 0xC8, 0x89, 0x70, 0x93,
    0x8C, 0xCE, 0x14, 0x6D, 0x02, 0x0E, 0xB6, 0x73, 0x49, 0x92, 0xC8, 0x21, 0xE4, 0x5D, 0xDC, 0x75,
    0xC5, 0xCE, 0x17, 0xD4, 0x1C, 0xFE, 0xD8, 0x9A, 0xEF, 0x0C, 0xCD, 0x65, 0x2E, 0x0D, 0xC0, 0xE5,
    0x3E, 0x6B, 0xD4, 0xE5, 0x9E, 0x87, 0xD9, 0x9B, 0x58, 0x3B, 0x76, 0x49, 0x83, 0xE2, 0x33, 0x0E,
    0x93, 0x46, 0x6F, 0x43, 0x90, 0x5C, 0x98, 0xBC, 0xA0, 0xFB, 0x7A, 0x86, 0xDE, 0xCE, 0x50, 0x67,
    0xF8, 0xE4, 0x32, 0x38, 0x14, 0x1A, 0x31, 0x70, 0x0E, 0xBD, 0x97, 0xAE, 0x07, 0x58, 0xC9, 0xA9,
    0x50, 0xC7, 0x70, 0xE9, 0x15, 0xCC, 0x80, 0x37, 0xB8, 0x19, 0x58, 0x00, 0xFA, 0xBA, 0x04, 0xC9,
    0xAC, 0xE4, 0x54, 0xA8, 0x73, 0x97, 0x1E, 0x0D, 0xF5, 0x1D, 0x38, 0x8C, 0x00, 0x24, 0x02, 0x68,
    0x41, 0x1C, 0x41, 0x3C, 0x80, 0x98, 0x00, 0x34, 0xBB, 0x23, 0x3D, 0x77, 0xCC, 0x57, 0x87, 0xDB,
    0x1D, 0xE1, 0xEA, 0xB8, 0x7B, 0xEE, 0xF0, 0xD5, 0xA1, 0xD5, 0xF1, 0x0B, 0xDD, 0x94, 0x81, 0x86,
    0xDC, 0x50, 0x14, 0x86, 0xBF, 0x64, 0x30, 0x6A, 0x10, 0x50, 0xB4, 0x70, 0x5F, 0xA0, 0x5C, 0x80,
    0xC5, 0xEC, 0x9C, 0xFB, 0x08, 0x85, 0xE9, 0xD3, 0xD4, 0x24, 0x8F, 0xB0, 0xB0, 0xFB, 0x2C, 0xC5,
    0xEE, 0x24, 0x8F, 0x30, 0x30, 0x05, 0x10, 0x74, 0x0B, 0x20, 0x08, 0x82, 0x73, 0x73, 0x7A, 0xEF,
    0xB4, 0x33, 0x66, 0x69, 0x97, 0x02, 0xD5, 0xDC, 0xF3, 0x11, 0xCE, 0xBD, 0x3F, 0x39, 0xF7, 0xFF,
    0x43, 0xDB, 0xB0, 0xB4, 0x11, 0x77, 0x8C, 0x48, 0xA8, 0xA9, 0x91, 0xF0, 0x84, 0x6B, 0x94, 0xAA,
    0xFB, 0x1D, 0xB9, 0xB7, 0xC3, 0x87, 0xBC, 0x37, 0x9F, 0x59, 0xD9, 0x44, 0xD1, 0xDE, 0x41, 0xA9,
    0xB0, 0x4C, 0x54, 0x09, 0x9F, 0xB8, 0x4D, 0x7C, 0x51, 0x8A, 0x41, 0x59, 0xF4, 0xCA, 0x2A, 0x9F,
    0x0E, 0x8A, 0x47, 0xF9, 0x9C, 0x88, 0xDB, 0x18, 0xCC, 0xAC, 0xCB, 0x80, 0x72, 0xA6, 0x32, 0x0B,
    0x27, 0xEE, 0xB7, 0x54, 0x01, 0xDC, 0x99, 0x76, 0xC4, 0xDB, 0x8C, 0x3F, 0xB4, 0xE1, 0x3D, 0xBE,
    0x81, 0xAA, 0xBB, 0x80, 0xEB, 0x3E, 0x20, 0x41, 0xEE, 0x0D, 0x67, 0x4A, 0x61, 0x07, 0xE0, 0x1D,
    0x94, 0x33, 0xF8, 0x08, 0xD6, 0xB0, 0x50, 0xA8, 0xFA, 0xBC, 0x13, 0xA4, 0xED, 0xA9, 0x4D, 0x69,
    0x8F, 0x86, 0x21, 0x4D, 0xC4, 0x5D, 0x7F, 0x5F, 0x97, 0x67, 0xE0, 0x53, 0x6F, 0x95, 0xB5, 0xDA,
    0x03, 0x76, 0x7A, 0xB6, 0xDB, 0x99, 0x62, 0x62, 0x31, 0x50, 0x1D, 0x70, 0x0D, 0x02, 0x35, 0x44,
    0x50, 0x0A, 0xA5, 0x9C, 0x28, 0x47, 0x16, 0xA9, 0x86, 0x5F, 0x55, 0xD8, 0x1D, 0x95, 0x4D, 0xF8,
    0xE3, 0x9C, 0x27, 0x8B, 0x20, 0x5C, 0x4F, 0xAD, 0x32, 0x45, 0x9A, 0x96, 0x3D, 0xFE, 0xC5, 0xB4,
    0xF7, 0x48, 0x23, 0x47, 0xC3, 0x59, 0xA4, 0xB4, 0x3E, 0x11, 0xA8, 0x6C, 0x40, 0x1E, 0x26, 0x5A,
    0x9E, 0x88, 0x6C, 0x50, 0x24, 0x43, 0x4C, 0xB4, 0xB4, 0xA9, 0x67, 0x54, 0x36, 0x53, 0xCE, 0x0A,
    0xE5, 0x04, 0xCB, 0x01, 0xDC, 0x81, 0xC2, 0x02, 0x2E, 0x82, 0xEB, 0xE1, 0x0D, 0x50, 0x8E, 0xCB,
    0xBE, 0xEA, 0x7C, 0x10, 0x76, 0x59, 0x09, 0xBD, 0xAC, 0xC8, 0x13, 0x3B, 0x04, 0x1F, 0xAA, 0x6E,
    0xD9, 0x97, 0xE3, 0x0E, 0x77, 0x7A, 0x5B, 0x0C, 0xE5, 0x58, 0x4C, 0xE8, 0xF5, 0x2A, 0xA6, 0x72,
    0x5C, 0x0C, 0x59, 0xC9, 0x85, 0x1D, 0x6B, 0xDF, 0xB3, 0x36, 0x65, 0xF3, 0x75, 0x46, 0xA8, 0xB9,
    0x45, 0x58, 0xBF, 0xC2, 0xC5, 0x71, 0xCF, 0x17, 0xC7, 0x91, 0x5D, 0xF5, 0x27, 0xD7, 0xE5, 0xDB,
    0xC9, 0xBD, 0x1A, 0xB9, 0xB8, 0x2E, 0x9F, 0xCF, 0x3A, 0x3C, 0xB2, 0x54, 0xBC, 0xD2, 0x6A, 0x36,
    0x5B, 0x50, 0x78, 0xB5, 0xDE, 0xC6, 0x8F, 0x62, 0x43, 0xAA, 0x7C, 0x39, 0xCE, 0x26, 0xE4, 0x21,
    0xB2, 0xA6, 0x05, 0xE4, 0x8A, 0x1D, 0x10, 0xA1, 0x50, 0x58, 0x8C, 0xB0, 0xEA, 0xC1, 0x77, 0x50,
    0x43, 0xA1, 0xB0, 0x1C, 0xC1, 0x3F, 0x6F, 0x83, 0x98, 0x75, 0x99, 0xB3, 0x56, 0xFD, 0x30, 0x73,
    0x43, 0x7D, 0xA5, 0xB3, 0x87, 0x52, 0xC1, 0xFA, 0xC4, 0x37, 0xF8, 0x34, 0x03, 0x12, 0xAE, 0xAD,
    0x7B, 0x83, 0x34, 0xF5, 0xBD, 0xE1, 0x4F, 0x97, 0x7D, 0x78, 0x19, 0x23, 0x97, 0xD8, 0x24, 0x1E,
    0x13, 0xA3, 0x52, 0xE6, 0x28, 0x1D, 0x7E, 0x46, 0xC9, 0xA1, 0x6C, 0xFE, 0x26, 0x4A, 0x0D, 0xFF,
    0x74, 0x9C, 0x3A, 0x24, 0x20, 0xB0, 0x3F, 0x27, 0x6A, 0x3A, 0x27, 0x6A, 0xB8, 0x54, 0xFE, 0xCF,
    0xE4, 0xE4, 0x5C, 0x9C, 0x23, 0xE7, 0x15, 0x76, 0xB8, 0xEF, 0x39, 0x55, 0xE3, 0x7F, 0x93, 0xAA,
    0x1F, 0x9D, 0xD2, 0x81, 0x86, 0x25, 0x47, 0x14, 0x06, 0xE0, 0xBF, 0xBB, 0xD9, 0x8E, 0x5C, 0xD4,
    0x22, 0x2B, 0x58, 0xD2, 0x10, 0x80, 0xEC, 0xCD, 0x03, 0x4C, 0x54, 0xB3, 0x0F, 0x90, 0xC1, 0xED,
    0x41, 0x16, 0xF3, 0x00, 0xC1, 0x85, 0x20, 0xC8, 0xA6, 0xAF, 0xE4, 0x05, 0xE6, 0x39, 0x06, 0x06,
    0x82, 0x21, 0xC9, 0xED, 0x4A, 0x9E, 0xA0, 0x91, 0x00, 0x48, 0x23, 0xB3, 0x16, 0x98, 0x46, 0x4F,
    0xF4, 0x50, 0x55, 0x27, 0xE7, 0xD4, 0x31, 0xBD, 0x2D, 0xB1, 0x30, 0x85, 0xEF, 0x5C, 0xF7, 0x9C,
    0xFA, 0xEB, 0xA0, 0x81, 0xF2, 0xF7, 0x01, 0xD8, 0xFC, 0xD8, 0x03, 0xE6, 0xA5, 0xC3, 0x13, 0x22,
    0x07, 0x4B, 0x34, 0x64, 0xF4, 0xDA, 0xCC, 0xC5, 0x7C, 0x62, 0xBC, 0x19, 0x4E, 0xAA, 0xCF, 0x2B,
    0xF7, 0xED, 0x0B, 0xD8, 0xFA, 0xA7, 0x2F, 0x60, 0x31, 0x9E, 0xE0, 0x7B, 0x8C, 0xDF, 0xE1, 0xD7,
    0x6C, 0xB8, 0x46, 0xC8, 0xFB, 0x09, 0xBE, 0x70, 0x23, 0xF3, 0x1B, 0x53, 0xFE, 0x30, 0x20, 0x6C,
    0x5E, 0xF6, 0x08, 0xA6, 0x70, 0x38, 0x9A, 0xD2, 0xA1, 0xFB, 0x64, 0x73, 0x40, 0xFB, 0x99, 0xA9,
    0x61, 0x7F, 0x31, 0xC0, 0xD6, 0x57, 0x78, 0x6A, 0xFC, 0x0B, 0x5C, 0x97, 0xF4, 0x3A, 0xF7, 0x19,
    0xC5, 0xAB, 0x09, 0x44, 0xE4, 0xB2, 0x37, 0x34, 0x43, 0xE2, 0x20, 0x71, 0xC8, 0xEB, 0x0B, 0xB0,
    0x34, 0x00, 0x5B, 0x8A, 0x40, 0xF7, 0xE6, 0x08, 0x44, 0x7C, 0x80, 0xDC, 0x03, 0x28, 0x26, 0x61,
    0x5C, 0x98, 0x1E, 0xF8, 0xF8, 0xBE, 0x39, 0x85, 0x25, 0x1A, 0x15, 0xC8, 0x30, 0x02, 0x80, 0x67,
    0x71, 0xDD, 0xD0, 0xFF, 0xA4, 0xBB, 0xCA, 0x33, 0x03, 0xD3, 0xFE, 0xD9, 0x34, 0x20, 0x3E, 0x0A,
    0xA2, 0x8E, 0x51, 0xAD, 0xC5, 0x69, 0x19, 0xB4, 0x8C, 0x5A, 0x7C, 0x2A, 0x21, 0xA4, 0xE2, 0x3B,
    0x2D, 0xF6, 0xC0, 0xA5, 0xF1, 0x55, 0x8F, 0xB8, 0x23, 0xBF, 0x19, 0x41, 0x91, 0x7C, 0x31, 0x73,
    0x81, 0xCF, 0x7C, 0x1A, 0x01, 0x69, 0xB1, 0xB5, 0x97, 0x90, 0xAD, 0x93, 0x11, 0x98, 0x81, 0x62,
    0xE3, 0x51, 0x4E, 0x71, 0x07, 0xCF, 0xEB, 0x69, 0x7A, 0xD4, 0xD2, 0x6A, 0xB1, 0x5A, 0x8C, 0x96,
    0x8D, 0x96, 0x42, 0x0B, 0x87, 0x17, 0x44, 0x7F, 0x43, 0x24, 0xF6, 0xEE, 0x8C, 0x1C, 0x8A, 0x11,
    0xD5, 0xC8, 0x72, 0xAC, 0x58, 0xCC, 0x62, 0xEE, 0x41, 0x72, 0x9C, 0xFA, 0xEA, 0xAE, 0x39, 0x0B,
    0xF5, 0xD2, 0x2D, 0x47, 0xD1, 0x0C, 0x92, 0xD0, 0x39, 0x49, 0x8B, 0x10, 0x07, 0x76, 0x04, 0x1E,
    0x2B, 0x00, 0xE3, 0xD6, 0x10, 0x79, 0x05, 0xCD, 0xFE, 0x8F, 0xFF, 0x76, 0xB7, 0xB3, 0x71, 0x39,
    0xD1, 0x97, 0x6E, 0x13, 0xF7, 0xB7, 0xAE, 0xEA, 0x33, 0x72, 0xB6, 0x46, 0xEB, 0x5A, 0x60, 0xEB,
    0x8E, 0x40, 0xE5, 0x82, 0xCC, 0xF9, 0x85, 0xB0, 0x20, 0x5D, 0x9D, 0xB3, 0x07, 0x58, 0xBE, 0x0B,
    0xE2, 0x94, 0xAF, 0xFF, 0x4A, 0x79, 0x9A, 0x8C, 0xE5, 0x14, 0x44, 0x5E, 0xC9, 0x9A, 0x66, 0x07,
    0xE0, 0x39, 0x1D, 0x00, 0x9E, 0x94, 0xD0, 0xF8, 0x8A, 0x6A, 0x4E, 0xE0, 0x24, 0x44, 0x60, 0xA3,
    0x9F, 0x8C, 0x7E, 0x33, 0x28, 0x47, 0xF1, 0xFC, 0xAE, 0x69, 0x00, 0xE2, 0xF3, 0xA0, 0x86, 0xAF,
    0x5D, 0x77, 0x75, 0x5E, 0xEF, 0x16, 0xC9, 0x7C, 0x16, 0x33, 0x0F, 0x64, 0x40, 0x07, 0x18, 0x7E,
    0xB1, 0x97, 0x47, 0xE5, 0xF5, 0xB4, 0xC9, 0x9C, 0xB6, 0xAA, 0x25, 0xE2, 0x5E, 0xE3, 0x06, 0x20,
    0x36, 0x57, 0x33, 0xE0, 0x51, 0x04, 0x74, 0x1E, 0xA0, 0x28, 0xB6, 0xF1, 0x19, 0x6B, 0x77, 0x10,
    0xB1, 0x56, 0xBB, 0x22, 0xC9, 0x4C, 0x11, 0x76, 0x9C, 0xB0, 0x9F, 0x52, 0x5A, 0xAF, 0xC9, 0x69,
    0xF2, 0xD1, 0xE2, 0xC3, 0xA4, 0x79, 0x67, 0xD6, 0x49, 0x66, 0x95, 0xB6, 0xED, 0x6E, 0xF7, 0xF2,
    0xA8, 0x41, 0xC4, 0x66, 0x34, 0x38, 0x81, 0x71, 0x32, 0xB3, 0x3D, 0x88, 0x16, 0x62, 0x9B, 0x3C,
    0x26, 0xC3, 0x4A, 0x0F, 0xD3, 0x34, 0x22, 0x11, 0xC2, 0x83, 0xB0, 0x38, 0x26, 0xBB, 0x64, 0x9B,
    0xB4, 0x07, 0x71, 0xEB, 0x44, 0x33, 0x8A, 0x65, 0x30, 0x20, 0x64, 0x74, 0xBB, 0x27, 0xA0, 0x25,
    0xBA, 0x05, 0x4A, 0x0A, 0x92, 0x5A, 0xD5, 0xEB, 0x6D, 0x97, 0xFD, 0x4D, 0x82, 0x7B, 0x4F, 0x28,
    0x00, 0x96, 0xA8, 0xE7, 0xCB, 0xDD, 0xC4, 0x9B, 0xE7, 0x5E, 0x22, 0xAF, 0x2B, 0x4E, 0x7F, 0x2A,
    0x0F, 0xE9, 0xD6, 0xAD, 0x70, 0x14, 0xC2, 0x82, 0x5F, 0x08, 0x0B, 0xC7, 0x05, 0x9B, 0x90, 0x80,
    0x14, 0x25, 0xA1, 0xDF, 0x94, 0x12, 0xCF, 0x0F, 0x5D, 0x4D, 0xB2, 0x64, 0x8F, 0x92, 0xE2, 0xC3,
    0x8A, 0x06, 0x4A, 0xC3, 0xE7, 0x94, 0xF8, 0xF8, 0x44, 0xD3, 0xEC, 0xC3, 0x29, 0x90, 0xC9, 0x1C,
    0x3A, 0xC1, 0xE2, 0xF2, 0xF2, 0xB2, 0x7B, 0x9B, 0xBA, 0xFC, 0x8B, 0xDE, 0x42, 0xB6, 0x03, 0x40,
    0x00, 0xF2, 0x00, 0xBE, 0x31, 0xA7, 0x4F, 0x87, 0x89, 0x92, 0xC7, 0xE8, 0x04, 0x6F, 0x03, 0xD9,
    0x86, 0x31, 0x23, 0x53, 0x4E, 0x8C, 0x7E, 0xE9, 0xE1, 0x5D, 0x7C, 0xCD, 0x6C, 0x5D, 0x21, 0x03,
    0xEF, 0xE1, 0x53, 0x66, 0x33, 0xA1, 0xF8, 0x87, 0x18, 0x79, 0xA3, 0x22, 0x0E, 0xEE, 0x24, 0xED,
    0xE7, 0x11, 0x1F, 0x71, 0xB7, 0xE4, 0xC6, 0x9D, 0x76, 0x6B, 0x3C, 0xA7, 0x0B, 0xA0, 0xD5, 0x2E,
    0xE0, 0x39, 0x20, 0x13, 0xF2, 0x99, 0x29, 0x47, 0xA6, 0x1A, 0x98, 0xCE, 0x15, 0xF7, 0x7B, 0x42,
    0x41, 0x34, 0xEB, 0x35, 0x43, 0x74, 0x21, 0x04, 0x98, 0x9B, 0xAF, 0xA8, 0x36, 0x0E, 0xD6, 0x31,
    0x66, 0x60, 0xCA, 0x91, 0x29, 0xFE, 0x8F, 0x36, 0x4C, 0x9F, 0x86, 0xCF, 0x6F, 0xCE, 0x08, 0x44,
    0xE4, 0x05, 0x8E, 0x72, 0xC0, 0x0A, 0xF9, 0x5F, 0x39, 0xBF, 0xD9, 0xAD, 0x1A, 0x2B, 0xFE, 0x05,
    0x63, 0x60, 0x61, 0x00, 0x81, 0x12, 0x10, 0xC1, 0xF4, 0x00, 0x44, 0x72, 0x37, 0x80, 0x48, 0xFB,
    0xFF, 0x40, 0xF0, 0x07, 0x42, 0xF2, 0x3B, 0x80, 0x65, 0x2F, 0x20, 0x54, 0x32, 0x88, 0x30, 0x40,
    0xC1, 0x07, 0x06, 0xA6, 0x3F, 0x0C, 0xDC, 0xFF, 0x18, 0xE4, 0x7E, 0x3B, 0x58, 0x7C, 0xBC, 0x10,
    0xF0, 0x21, 0x00, 0x28, 0x42, 0x12, 0x02, 0x01, 0x01, 0x30, 0xA9, 0x03, 0x26, 0xB9, 0xC1, 0x96,
    0x31, 0x3F, 0x40, 0x76, 0x00, 0xBA, 0xE3, 0x64, 0xC1, 0x2A, 0x15, 0x40, 0x04, 0xA9, 0xD6, 0x25,
    0x7C, 0x48, 0xB0, 0xF8, 0x74, 0x80, 0xFF, 0xB7, 0x03, 0xFB, 0x3F, 0x06, 0xA6, 0x1F, 0x20, 0x11,
    0x00, 0xCD, 0x94, 0x81, 0x86, 0xF6, 0x46, 0x14, 0x86, 0x9F, 0x4C, 0xB4, 0x29, 0x41, 0xA0, 0x05,
    0x30, 0x05, 0x50, 0x65, 0xEE, 0x60, 0x27, 0x77, 0xD0, 0xA2, 0xFF, 0x75, 0xFC, 0x57, 0xB0, 0x4D,
    0x2E, 0x61, 0xEF, 0xA0, 0x8B, 0x45, 0x7D, 0x68, 0x6F, 0x60, 0xBF, 0x26, 0x97, 0x90, 0x4B, 0x18,
    0x50, 0x2C, 0xEC, 0x20, 0x48, 0x75, 0x26, 0xA7, 0x39, 0xA6, 0x9F, 0xD8, 0x6E, 0x29, 0x28, 0xFF,
    0x4B, 0x9E, 0x63, 0x93, 0xF7, 0x9D, 0x73, 0x4E, 0x36, 0x3E, 0x4C, 0x06, 0x2B, 0x23, 0x83, 0x2C,
    0xEC, 0x5D, 0xAC, 0xB6, 0x7A, 0xAD, 0x62, 0xBD, 0xF1, 0xB5, 0xD9, 0xC0, 0x24, 0xA8, 0xCA, 0x55,
    0x4D, 0x09, 0x27, 0xA9, 0x92, 0xDF, 0x53, 0x93, 0x4D, 0xEA, 0x42, 0xBD, 0xF9, 0xB9, 0xDE, 0x06,
    0xEA, 0xF5, 0x37, 0x9A, 0x98, 0xE9, 0x62, 0xA2, 0x0B, 0x09, 0xB7, 0x24, 0xFC, 0x9C, 0x99, 0xFA,
    0xC1, 0xEC, 0x78, 0x49, 0x58, 0x09, 0x98, 0xBD, 0xE7, 0xA6, 0x7A, 0x56, 0x36, 0x8B, 0xB2, 0x8B,
    0x4A, 0xBB, 0x2A, 0x7D, 0x52, 0xDE, 0x5D, 0x95, 0x57, 0xAF, 0x4C, 0x4A, 0xB3, 0xDA, 0x11, 0xEA,
    0xD8, 0xCD, 0xD0, 0x86, 0x26, 0x40, 0x37, 0xD7, 0x11, 0xEC, 0xA8, 0x23, 0x7A, 0x48, 0xF0, 0x23,
    0x5C, 0x21, 0x83, 0xD7, 0x59, 0x71, 0x7D, 0xBD, 0x82, 0x9D, 0x9B, 0x08, 0xDD, 0xD2, 0x2E, 0xD0,
    0x68, 0x9C, 0x7A, 0x75, 0x23, 0x98, 0xAD, 0x1C, 0x3E, 0x5D, 0x0E, 0xED, 0x22, 0xA7, 0x3E, 0x1C,
    0xFA, 0x41, 0x0E, 0x25, 0x51, 0x24, 0xE0, 0x53, 0xC1, 0x20, 0x87, 0xE6, 0xBF, 0xF9, 0x72, 0x0C,
    0x3E, 0xBA, 0x05, 0xA0, 0x5D, 0x95, 0x26, 0xA3, 0x9A, 0x7A, 0xA5, 0x9F, 0xCF, 0x37, 0x5B, 0x27,
    0x54, 0xC2, 0xBB, 0x07, 0x9B, 0xB2, 0x4A, 0xA7, 0xA9, 0x8B, 0xA7, 0x47, 0xCA, 0xA1, 0x67, 0x03,
    0xBB, 0x28, 0x87, 0x51, 0x33, 0xFB, 0xBF, 0x67, 0x74, 0x36, 0x89, 0x85, 0xDF, 0x5C, 0x0E, 0x3D,
    0x9C, 0x6F, 0x52, 0xFF, 0xFC, 0x19, 0xE0, 0x4B, 0x45, 0x02, 0xAA, 0x15, 0xA8, 0x03, 0xD0, 0x6A,
    0xDA, 0x8E, 0x80, 0x07, 0xB8, 0x57, 0x6C, 0x80, 0x89, 0xB7, 0xAF, 0xA4, 0x53, 0x87, 0xEB, 0x81,
    0xBB, 0xB7, 0xF1, 0x78, 0x8B, 0x77, 0x6F, 0xE3, 0xA9, 0xC4, 0x4B, 0x83, 0x12, 0xB7, 0x25, 0x4E,
    0x59, 0xC9, 0x25, 0x9F, 0x7D, 0x76, 0x49, 0x97, 0xE3, 0x94, 0x97, 0xB2, 0x49, 0x29, 0x09, 0xCE,
    0x52, 0x6D, 0x50, 0x5A, 0x9E, 0xA5, 0x4C, 0xA7, 0x0D, 0xCE, 0x52, 0x3A, 0xC9, 0x82, 0x07, 0x24,
    0xE0, 0x8B, 0x5B, 0xC7, 0x32, 0x2B, 0xCF, 0x65, 0xB9, 0x0D, 0x20, 0xE9, 0x0E, 0xF0, 0xAC, 0x83,
    0xC2, 0xBD, 0x8E, 0x0A, 0x77, 0xE5, 0x48, 0xAF, 0x5B, 0x81, 0xFD, 0x6E, 0x04, 0xE8, 0x7E, 0xEA,
    0xD1, 0xF2, 0x5A, 0xA6, 0xDF, 0x4B, 0xEF, 0xCC, 0xF9, 0x7F, 0xA0, 0x7A, 0x42, 0xF5, 0xF1, 0x01,
    0x7E, 0x19, 0x31, 0x92, 0x69, 0x65, 0xA3, 0x13, 0x19, 0x9D, 0xEC, 0xD8, 0xE0, 0xC2, 0xD4, 0x4F,
    0xBD, 0x1F, 0x9B, 0x3D, 0xE1, 0x67, 0x0F, 0x12, 0xB1, 0x5A, 0xFD, 0x42, 0xA7, 0x75, 0x98, 0x4B,
    0x95, 0xA8, 0x75, 0xAC, 0xFF, 0xCC, 0xB8, 0xD9, 0x06, 0x1B, 0x65, 0x9C, 0xFA, 0x56, 0x64, 0x76,
    0x22, 0x18, 0xD9, 0x69, 0x24, 0x81, 0x0B, 0xA5, 0x17, 0x9F, 0xF5, 0x1A, 0xA1, 0x96, 0x40, 0xBB,
    0x42, 0xB7, 0x70, 0xC4, 0xFF, 0xFF, 0xCB, 0xCE, 0xE0, 0x67, 0x9C, 0xF4, 0xF8, 0x5C, 0xA6, 0x30,
    0x7F, 0xC0, 0x66, 0x65, 0x21, 0x79, 0xC9, 0x66, 0x9B, 0x2A, 0x79, 0x8D, 0x19, 0x2B, 0x21, 0x51,
    0x49, 0xCF, 0x4D, 0xFF, 0xED, 0x7B, 0x52, 0xD3, 0xF9, 0x79, 0x95, 0x0F, 0x10, 0x39, 0x14, 0x45,
    0x71, 0xB9, 0xEC, 0x97, 0x47, 0x48, 0xEF, 0x6C, 0x97, 0x5F, 0x5F, 0x2E, 0x8F, 0xA7, 0x8F, 0x2B,
    0xFC, 0xD3, 0xF6, 0xF9, 0x03, 0x45, 0x5F, 0x00, 0x55, 0x02, 0x5C, 0x02, 0x23, 0x01, 0x86, 0x0C,
    0xAD, 0x8C, 0x54, 0xD3, 0x0A, 0x76, 0x07, 0x7C, 0x00, 0x5C, 0xA6, 0x18, 0xF4, 0x66, 0x4F, 0x79,
    0xAC, 0x46, 0x60, 0x48, 0x80, 0x51, 0xF0, 0x2D, 0xAA, 0xAF, 0xF4, 0xF7, 0xCB, 0x8B, 0x48, 0xF6,
    0x8A, 0x05, 0x40, 0xF3, 0x94, 0xBC, 0xF4, 0x80, 0xE6, 0x69, 0x34, 0xCF, 0xC7, 0x72, 0xB6, 0xDA,
    0x6C, 0xD4, 0xA3, 0xA3, 0x36, 0x41, 0x6F, 0x9D, 0xF3, 0x94, 0x80, 0x46, 0x09, 0xDC, 0xF4, 0xE1,
    0xD0, 0xF7, 0x72, 0x68, 0x15, 0xC5, 0x5F, 0xAD, 0xCE, 0x01, 0x06, 0x80, 0x30, 0x18, 0xC5, 0xF1,
    0x57, 0x1F, 0xC2, 0xD0, 0xA1, 0x3A, 0x40, 0x20, 0x01, 0x74, 0x93, 0x01, 0x3A, 0xC4, 0x8E, 0xD3,
    0x45, 0x3A, 0xC2, 0x87, 0x41, 0x6C, 0xBD, 0xB6, 0x0F, 0x85, 0x00, 0xC6, 0xF3, 0x83, 0x07, 0x7F,
    0xB8, 0x0C, 0xC0, 0x73, 0x57, 0x30, 0xCC, 0xA9, 0x4F, 0x18, 0x93, 0x44, 0x0C, 0x51, 0x14, 0xC0,
    0x07, 0x49, 0x51, 0x63, 0xBD, 0x16, 0x51, 0x51, 0x34, 0x05, 0x30, 0xDC, 0x5D, 0xF5, 0x3C, 0x8A,
    0x0C, 0x93, 0xA2, 0xF4, 0xD4, 0x3F, 0x9A, 0xBF, 0x91, 0x7C, 0xB5, 0x2C, 0xB4, 0x5F, 0xDE, 0x8A,
    0x1D, 0xD5, 0xC2, 0xCE, 0x07,
};

static const EpdGlyph sarabun_18_regularGlyphs[] = {
    { 0, 0, 0, 0, 0, 0, 0 }, // U+0000
    { 0, 0, 146, 0, 0, 0, 0 }, // U+000D
    { 0, 0, 146, 0, 0, 0, 0 }, // U+0020
    { 5, 26, 142, 2, 26, 33, 0 }, // !
    { 10, 9, 212, 2, 26, 23, 33 }, // "
    { 22, 26, 412, 2, 26, 143, 56 }, // #
    { 17, 32, 317, 1, 29, 136, 199 }, // $
    { 31, 26, 542, 2, 26, 202, 335 }, // %
    { 23, 27, 401, 1, 26, 156, 537 }, // &
    { 4, 9, 115, 2, 26, 9, 693 }, // '
    { 9, 31, 191, 1, 29, 70, 702 }, // (
    { 10, 31, 191, 1, 29, 78, 772 }, // )
    { 14, 15, 269, 1, 28, 53, 850 }, // *
    { 19, 20, 364, 2, 20, 95, 903 }, // +
    { 6, 12, 151, 1, 5, 18, 998 }, // ,
    { 10, 3, 204, 1, 12, 8, 1016 }, // -
    { 5, 5, 151, 2, 5, 7, 1024 }, // .
    { 18, 29, 249, -1, 27, 131, 1031 }, // /
    { 18, 26, 330, 1, 26, 117, 1162 }, // 0
    { 13, 26, 330, 4, 26, 85, 1279 }, // 1
    { 18, 26, 330, 1, 26, 117, 1364 }, // 2
    { 18, 26, 330, 2, 26, 117, 1481 }, // 3
    { 18, 26, 330, 1, 26, 117, 1598 }, // 4
    { 18, 26, 330, 1, 26, 117, 1715 }, // 5
    { 18, 27, 330, 2, 27, 122, 1832 }, // 6
    { 17, 26, 330, 2, 26, 111, 1954 }, // 7
    { 18, 26, 330, 1, 26, 117, 2065 }, // 8
    { 17, 27, 330, 2, 26, 115, 2182 }, // 9
    { 5, 18, 151, 2, 18, 23, 2297 }, // :
    { 6, 25, 151, 1, 18, 38, 2320 }, // ;
    { 18, 22, 364, 2, 22, 99, 2358 }, // <
    { 18, 10, 364, 2, 15, 45, 2457 }, // =
    { 18, 22, 364, 2, 22, 99, 2502 }, // >
    { 15, 26, 272, 1, 26, 98, 2601 }, // ?
    { 27, 28, 477, 1, 22, 189, 2699 }, // @
    { 22, 26, 358, 0, 26, 143, 2888 }, // A
    { 17, 26, 353, 3, 26, 111, 3031 }, // B
    { 20, 26, 351, 1, 26, 130, 3142 }, // C
    { 19, 26, 374, 3, 26, 124, 3272 }, // D
    { 16, 26, 331, 3, 26, 104, 3396 }, // E
    { 16, 26, 330, 3, 26, 104, 3500 }, // F
    { 21, 26, 382, 1, 26, 137, 3604 }, // G
    { 20, 26, 407, 3, 26, 130, 3741 }, // H
    { 4, 26, 175, 4, 26, 26, 3871 }, // I
    { 14, 26, 264, 0, 26, 91, 3897 }, // J
    { 20, 26, 363, 3, 26, 130, 3988 }, // K
    { 16, 26, 329, 3, 26, 104, 4118 }, // L
    { 24, 26, 479, 3, 26, 156, 4222 }, // M
    { 20, 26, 409, 3, 26, 130, 4378 }, // N
    { 22, 26, 397, 1, 26, 143, 4508 }, // O
    { 17, 26, 344, 3, 26, 111, 4651 }, // P
    { 22, 31, 397, 1, 26, 171, 4762 }, // Q
    { 18, 26, 349, 3, 26, 117, 4933 }, // R
    { 17, 26, 317, 1, 26, 111, 5050 }, // S
    { 20, 26, 335, 1, 26, 130, 5161 }, // T
    { 19, 26, 394, 3, 26, 124, 5291 }, // U
    { 22, 26, 361, 0, 26, 143, 5415 }, // V
    { 30, 26, 499, 1, 26, 195, 5558 }, // W
    { 21, 26, 363, 1, 26, 137, 5753 }, // X
    { 21, 26, 344, 0, 26, 137, 5890 }, // Y
    { 19, 26, 340, 1, 26, 124, 6027 }, // Z
    { 9, 30, 185, 2, 26, 68, 6151 }, // [
    { 18, 29, 229, -1, 27, 131, 6219 }, // <backslash>
    { 9, 30, 185, 1, 26, 68, 6350 }, // ]
    { 20, 18, 351, 1, 26, 90, 6418 }, // ^
    { 12, 3, 194, 0, -8, 9, 6508 }, // _
    { 7, 6, 240, 3, 27, 11, 6517 }, // `
    { 16, 19, 308, 1, 19, 76, 6528 }, // a
    { 18, 28, 325, 1, 28, 126, 6604 }, // b
    { 16, 19, 284, 1, 19, 76, 6730 }, // c
    { 18, 28, 325, 1, 28, 126, 6806 }, // d
    { 18, 19, 311, 1, 19, 86, 6932 }, // e
    { 14, 27, 199, 1, 27, 95, 7018 }, // f
    { 17, 27, 325, 1, 19, 115, 7113 }, // g
    { 17, 28, 335, 2, 28, 119, 7228 }, // h
    { 5, 26, 147, 2, 26, 33, 7347 }, // i
    { 10, 33, 148, -2, 26, 83, 7380 }, // j
    { 16, 28, 292, 2, 28, 112, 7463 }, // k
    { 8, 28, 175, 3, 28, 56, 7575 }, // l
    { 28, 19, 503, 1, 19, 133, 7631 }, // m
    { 17, 19, 329, 1, 19, 81, 7764 }, // n
    { 19, 19, 334, 1, 19, 91, 7845 }, // o
    { 17, 28, 327, 2, 19, 119, 7936 }, // p
    { 17, 28, 327, 1, 19, 119, 8055 }, // q
    { 11, 19, 210, 2, 19, 53, 8174 }, // r
    { 14, 19, 250, 1, 19, 67, 8227 }, // s
    { 13, 25, 226, 1, 25, 82, 8294 }, // t
    { 17, 19, 331, 2, 19, 81, 8376 }, // u
    { 18, 19, 287, 0, 19, 86, 8457 }, // v
    { 25, 19, 401, 0, 19, 119, 8543 }, // w
    { 17, 19, 276, 0, 19, 81, 8662 }, // x
    { 17, 26, 277, 0, 19, 111, 8743 }, // y
    { 15, 19, 271, 1, 19, 72, 8854 }, // z
    { 10, 31, 192, 1, 26, 78, 8926 }, // {
    { 4, 32, 145, 3, 26, 32, 9004 }, // |
    { 10, 31, 192, 1, 26, 78, 9036 }, // }
    { 19, 6, 364, 2, 13, 29, 9114 }, // ~
    { 0, 0, 146, 0, 0, 0, 0 }, // U+00A0
    { 5, 27, 142, 2, 19, 34, 0 }, // U+00A1
    { 17, 26, 284, 1, 25, 111, 34 }, // U+00A2
    { 17, 26, 322, 2, 26, 111, 145 }, // U+00A3
    { 22, 22, 369, 0, 23, 121, 256 }, // U+00A4
    { 21, 26, 347, 1, 26, 137, 377 }, // U+00A5
    { 4, 32, 145, 3, 26, 32, 514 }, // U+00A6
    { 17, 30, 319, 1, 26, 128, 546 }, // U+00A7
    { 11, 4, 240, 2, 25, 11, 674 }, // U+00A8
    { 28, 27, 482, 1, 27, 189, 685 }, // U+00A9
    { 11, 14, 217, 1, 26, 39, 874 }, // U+00AA
    { 17, 15, 309, 1, 17, 64, 913 }, // U+00AB
    { 21, 11, 364, 1, 16, 58, 977 }, // U+00AC
    { 10, 3, 204, 1, 12, 8, 1035 }, // U+00AD
    { 16, 16, 311, 2, 27, 64, 1043 }, // U+00AE
    { 13, 3, 240, 1, 24, 10, 1107 }, // U+00AF
    { 10, 10, 189, 1, 27, 25, 1117 }, // U+00B0
    { 19, 21, 364, 2, 21, 100, 1142 }, // U+00B1
    { 13, 18, 240, 1, 26, 59, 1242 }, // U+00B2
    { 13, 18, 240, 1, 26, 59, 1301 }, // U+00B3
    { 7, 6, 240, 4, 27, 11, 1360 }, // U+00B4
    { 17, 27, 331, 2, 19, 115, 1371 }, // U+00B5
    { 15, 30, 322, 1, 26, 113, 1486 }, // U+00B6
    { 5, 5, 151, 2, 12, 7, 1599 }, // U+00B7
    { 8, 9, 240, 4, 1, 18, 1606 }, // U+00B8
    { 10, 18, 240, 2, 26, 45, 1624 }, // U+00B9
    { 12, 15, 234, 1, 26, 45, 1669 }, // U+00BA
    { 17, 15, 309, 1, 17, 64, 1714 }, // U+00BB
    { 31, 28, 580, 2, 27, 217, 1778 }, // U+00BC
    { 32, 27, 580, 2, 26, 216, 1995 }, // U+00BD
    { 32, 28, 580, 1, 27, 224, 2211 }, // U+00BE
    { 15, 27, 272, 1, 19, 102, 2435 }, // U+00BF
    { 22, 34, 358, 0, 34, 187, 2537 }, // U+00C0
    { 22, 34, 358, 0, 34, 187, 2724 }, // U+00C1
    { 22, 34, 358, 0, 34, 187, 2911 }, // U+00C2
    { 22, 32, 358, 0, 32, 176, 3098 }, // U+00C3
    { 21, 32, 358, 0, 32, 168, 3274 }, // U+00C4
    { 21, 33, 358, 1, 33, 174, 3442 }, // U+00C5
    { 28, 26, 480, 0, 26, 182, 3616 }, // U+00C6
    { 20, 34, 351, 1, 26, 170, 3798 }, // U+00C7
    { 16, 34, 331, 3, 34, 136, 3968 }, // U+00C8
    { 16, 34, 331, 3, 34, 136, 4104 }, // U+00C9
    { 16, 34, 331, 3, 34, 136, 4240 }, // U+00CA
    { 16, 32, 331, 3, 32, 128, 4376 }, // U+00CB
    { 8, 34, 175, 0, 34, 68, 4504 }, // U+00CC
    { 7, 34, 175, 4, 34, 60, 4572 }, // U+00CD
    { 11, 34, 175, 0, 34, 94, 4632 }, // U+00CE
    { 11, 32, 175, 0, 32, 88, 4726 }, // U+00CF
    { 22, 26, 375, 1, 26, 143, 4814 }, // U+00D0
    { 20, 32, 409, 3, 32, 160, 4957 }, // U+00D1
    { 22, 34, 397, 1, 34, 187, 5117 }, // U+00D2
    { 22, 34, 397, 1, 34, 187, 5304 }, // U+00D3
    { 22, 34, 397, 1, 34, 187, 5491 }, // U+00D4
    { 22, 33, 397, 1, 33, 182, 5678 }, // U+00D5
    { 22, 32, 397, 1, 32, 176, 5860 }, // U+00D6
    { 19, 19, 364, 2, 19, 91, 6036 }, // U+00D7
    { 22, 28, 397, 1, 27, 154, 6127 }, // U+00D8
    { 19, 34, 394, 3, 34, 162, 6281 }, // U+00D9
    { 19, 34, 394, 3, 34, 162, 6443 }, // U+00DA
    { 19, 34, 394, 3, 34, 162, 6605 }, // U+00DB
    { 19, 32, 394, 3, 32, 152, 6767 }, // U+00DC
    { 21, 34, 344, 0, 34, 179, 6919 }, // U+00DD
    { 17, 26, 340, 3, 26, 111, 7098 }, // U+00DE
    { 18, 26, 339, 2, 26, 117, 7209 }, // U+00DF
    { 16, 26, 308, 1, 26, 104, 7326 }, // U+00E0
    { 16, 26, 308, 1, 26, 104, 7430 }, // U+00E1
    { 16, 26, 308, 1, 26, 104, 7534 }, // U+00E2
    { 16, 25, 308, 1, 25, 100, 7638 }, // U+00E3
    { 16, 25, 308, 1, 25, 100, 7738 }, // U+00E4
    { 16, 27, 308, 1, 27, 108, 7838 }, // U+00E5
    { 29, 19, 498, 1, 19, 138, 7946 }, // U+00E6
    { 16, 27, 284, 1, 19, 108, 8084 }, // U+00E7
    { 18, 26, 311, 1, 26, 117, 8192 }, // U+00E8
    { 18, 26, 311, 1, 26, 117, 8309 }, // U+00E9
    { 18, 26, 311, 1, 26, 117, 8426 }, // U+00EA
    { 17, 25, 311, 1, 25, 107, 8543 }, // U+00EB
    { 8, 26, 152, -1, 26, 52, 8650 }, // U+00EC
    { 7, 26, 152, 3, 26, 46, 8702 }, // U+00ED
    { 11, 26, 152, -1, 26, 72, 8748 }, // U+00EE
    { 11, 25, 152, -1, 25, 69, 8820 }, // U+00EF
    { 16, 27, 299, 1, 27, 108, 8889 }, // U+00F0
    { 17, 25, 329, 1, 25, 107, 8997 }, // U+00F1
    { 19, 26, 334, 1, 26, 124, 9104 }, // U+00F2
    { 19, 26, 334, 1, 26, 124, 9228 }, // U+00F3
    { 19, 26, 334, 1, 26, 124, 9352 }, // U+00F4
    { 19, 25, 334, 1, 25, 119, 9476 }, // U+00F5
    { 19, 25, 334, 1, 25, 119, 9595 }, // U+00F6
    { 19, 17, 364, 2, 19, 81, 9714 }, // U+00F7
    { 19, 22, 334, 1, 21, 105, 9795 }, // U+00F8
    { 17, 26, 331, 2, 26, 111, 9900 }, // U+00F9
    { 17, 26, 331, 2, 26, 111, 10011 }, // U+00FA
    { 17, 26, 331, 2, 26, 111, 10122 }, // U+00FB
    { 17, 25, 331, 2, 25, 107, 10233 }, // U+00FC
    { 17, 33, 277, 0, 26, 141, 10340 }, // U+00FD
    { 17, 37, 320, 2, 29, 158, 10481 }, // U+00FE
    { 17, 32, 277, 1, 25, 136, 10639 }, // U+00FF
    { 22, 31, 358, 0, 31, 171, 0 }, // U+0100
    { 16, 24, 308, 1, 24, 96, 171 }, // U+0101
    { 23, 33, 358, 0, 33, 190, 267 }, // U+0102
    { 16, 26, 308, 1, 26, 104, 457 }, // U+0103
    { 22, 34, 358, 0, 26, 187, 561 }, // U+0104
    { 17, 27, 308, 1, 19, 115, 748 }, // U+0105
    { 20, 34, 351, 1, 34, 170, 863 }, // U+0106
    { 16, 26, 284, 1, 26, 104, 1033 }, // U+0107
    { 20, 34, 351, 1, 34, 170, 1137 }, // U+0108
    { 16, 26, 284, 1, 26, 104, 1307 }, // U+0109
    { 20, 32, 351, 1, 32, 160, 1411 }, // U+010A
    { 16, 25, 284, 1, 25, 100, 1571 }, // U+010B
    { 20, 34, 351, 1, 34, 170, 1671 }, // U+010C
    { 16, 26, 284, 1, 26, 104, 1841 }, // U+010D
    { 19, 34, 374, 3, 34, 162, 1945 }, // U+010E
    { 23, 29, 398, 1, 29, 167, 2107 }, // U+010F
    { 22, 26, 375, 1, 26, 143, 2274 }, // U+0110
    { 19, 28, 335, 1, 28, 133, 2417 }, // U+0111
    { 16, 31, 331, 3, 31, 124, 2550 }, // U+0112
    { 17, 24, 311, 1, 24, 102, 2674 }, // U+0113
    { 16, 33, 331, 3, 33, 132, 2776 }, // U+0114
    { 17, 26, 311, 1, 26, 111, 2908 }, // U+0115
    { 16, 32, 331, 3, 32, 128, 3019 }, // U+0116
    { 18, 25, 311, 1, 25, 113, 3147 }, // U+0117
    { 18, 34, 331, 3, 26, 153, 3260 }, // U+0118
    { 18, 25, 311, 1, 19, 113, 3413 }, // U+0119
    { 16, 34, 331, 3, 34, 136, 3526 }, // U+011A
    { 18, 26, 311, 1, 26, 117, 3662 }, // U+011B
    { 21, 34, 382, 1, 34, 179, 3779 }, // U+011C
    { 17, 34, 325, 1, 26, 145, 3958 }, // U+011D
    { 21, 34, 382, 1, 34, 179, 4103 }, // U+011E
    { 17, 34, 325, 1, 26, 145, 4282 }, // U+011F
    { 21, 32, 382, 1, 32, 168, 4427 }, // U+0120
    { 17, 33, 325, 1, 25, 141, 4595 }, // U+0121
    { 21, 36, 382, 1, 26, 189, 4736 }, // U+0122
    { 17, 37, 325, 1, 29, 158, 4925 }, // U+0123
    { 20, 34, 407, 3, 34, 170, 5083 }, // U+0124
    { 17, 35, 335, 2, 35, 149, 5253 }, // U+0125
    { 24, 26, 419, 1, 26, 156, 5402 }, // U+0126
    { 19, 28, 335, 1, 28, 133, 5558 }, // U+0127
    { 11, 32, 175, 1, 32, 88, 5691 }, // U+0128
    { 11, 25, 152, -1, 25, 69, 5779 }, // U+0129
    { 12, 31, 175, 0, 31, 93, 5848 }, // U+012A
    { 12, 24, 152, -1, 24, 72, 5941 }, // U+012B
    { 11, 33, 175, 1, 33, 91, 6013 }, // U+012C
    { 11, 26, 152, -1, 26, 72, 6104 }, // U+012D
    { 8, 34, 175, 1, 26, 68, 6176 }, // U+012E
    { 8, 34, 147, 1, 26, 68, 6244 }, // U+012F
    { 4, 32, 175, 4, 32, 32, 6312 }, // U+0130
    { 4, 19, 152, 3, 19, 19, 6344 }, // U+0131
    { 21, 26, 439, 4, 26, 137, 6363 }, // U+0132
    { 14, 33, 295, 2, 26, 116, 6500 }, // U+0133
    { 14, 34, 264, 0, 34, 119, 6616 }, // U+0134
    { 12, 33, 148, -2, 26, 99, 6735 }, // U+0135
    { 20, 37, 363, 3, 26, 185, 6834 }, // U+0136
    { 16, 39, 292, 2, 28, 156, 7019 }, // U+0137
    { 16, 19, 292, 2, 19, 76, 7175 }, // U+0138
    { 16, 34, 329, 3, 34, 136, 7251 }, // U+0139
    { 8, 36, 175, 3, 36, 72, 7387 }, // U+013A
    { 16, 37, 329, 3, 26, 148, 7459 }, // U+013B
    { 8, 38, 175, 3, 28, 76, 7607 }, // U+013C
    { 16, 26, 329, 3, 26, 104, 7683 }, // U+013D
    { 10, 28, 199, 3, 28, 70, 7787 }, // U+013E
    { 16, 26, 329, 3, 26, 104, 7857 }, // U+013F
    { 10, 28, 202, 3, 28, 70, 7961 }, // U+0140
    { 19, 26, 329, 0, 26, 124, 8031 }, // U+0141
    { 10, 28, 175, 1, 28, 70, 8155 }, // U+0142
    { 20, 34, 409, 3, 34, 170, 8225 }, // U+0143
    { 17, 26, 329, 1, 26, 111, 8395 }, // U+0144
    { 20, 37, 409, 3, 26, 185, 8506 }, // U+0145
    { 17, 30, 329, 1, 19, 128, 8691 }, // U+0146
    { 20, 34, 409, 3, 34, 170, 8819 }, // U+0147
    { 17, 26, 329, 1, 26, 111, 8989 }, // U+0148
    { 21, 26, 379, 1, 26, 137, 9100 }, // U+0149
    { 20, 36, 409, 3, 26, 180, 9237 }, // U+014A
    { 17, 26, 329, 1, 19, 111, 9417 }, // U+014B
    { 22, 31, 397, 1, 31, 171, 9528 }, // U+014C
    { 19, 24, 334, 1, 24, 114, 9699 }, // U+014D
    { 22, 34, 397, 1, 34, 187, 9813 }, // U+014E
    { 19, 26, 334, 1, 26, 124, 10000 }, // U+014F
    { 22, 34, 397, 1, 34, 187, 10124 }, // U+0150
    { 19, 26, 334, 1, 26, 124, 10311 }, // U+0151
    { 30, 26, 533, 1, 26, 195, 10435 }, // U+0152
    { 30, 19, 520, 1, 19, 143, 10630 }, // U+0153
    { 18, 34, 349, 3, 34, 153, 10773 }, // U+0154
    { 11, 26, 210, 2, 26, 72, 10926 }, // U+0155
    { 18, 37, 349, 3, 26, 167, 10998 }, // U+0156
    { 11, 30, 210, 2, 19, 83, 11165 }, // U+0157
    { 18, 34, 349, 3, 34, 153, 11248 }, // U+0158
    { 11, 26, 210, 2, 26, 72, 11401 }, // U+0159
    { 17, 34, 317, 1, 34, 145, 11473 }, // U+015A
    { 14, 26, 250, 1, 26, 91, 11618 }, // U+015B
    { 17, 34, 317, 1, 34, 145, 11709 }, // U+015C
    { 14, 26, 250, 1, 26, 91, 11854 }, // U+015D
    { 17, 34, 317, 1, 26, 145, 11945 }, // U+015E
    { 14, 27, 250, 1, 19, 95, 12090 }, // U+015F
    { 17, 34, 317, 1, 34, 145, 12185 }, // U+0160
    { 14, 26, 250, 1, 26, 91, 12330 }, // U+0161
    { 20, 34, 335, 1, 26, 170, 12421 }, // U+0162
    { 13, 33, 226, 1, 25, 108, 12591 }, // U+0163
    { 20, 34, 335, 1, 34, 170, 12699 }, // U+0164
    { 16, 27, 275, 1, 27, 108, 12869 }, // U+0165
    { 20, 26, 335, 1, 26, 130, 12977 }, // U+0166
    { 13, 25, 226, 1, 25, 82, 13107 }, // U+0167
    { 19, 33, 394, 3, 33, 157, 13189 }, // U+0168
    { 17, 25, 331, 2, 25, 107, 13346 }, // U+0169
    { 19, 31, 394, 3, 31, 148, 13453 }, // U+016A
    { 17, 24, 331, 2, 24, 102, 13601 }, // U+016B
    { 19, 34, 394, 3, 34, 162, 13703 }, // U+016C
    { 17, 26, 331, 2, 26, 111, 13865 }, // U+016D
    { 19, 34, 394, 3, 34, 162, 13976 }, // U+016E
    { 17, 27, 331, 2, 27, 115, 14138 }, // U+016F
    { 19, 34, 394, 3, 34, 162, 14253 }, // U+0170
    { 17, 26, 331, 2, 26, 111, 14415 }, // U+0171
    { 19, 34, 394, 3, 26, 162, 14526 }, // U+0172
    { 18, 27, 331, 2, 19, 122, 14688 }, // U+0173
    { 30, 34, 499, 1, 34, 255, 14810 }, // U+0174
    { 25, 26, 401, 0, 26, 163, 15065 }, // U+0175
    { 21, 34, 344, 0, 34, 179, 15228 }, // U+0176
    { 17, 33, 277, 0, 26, 141, 15407 }, // U+0177
    { 21, 32, 344, 0, 32, 168, 15548 }, // U+0178
    { 19, 34, 340, 1, 34, 162, 15716 }, // U+0179
    { 15, 26, 271, 1, 26, 98, 15878 }, // U+017A
    { 19, 32, 340, 1, 32, 152, 15976 }, // U+017B
    { 15, 25, 271, 1, 25, 94, 16128 }, // U+017C
    { 19, 34, 340, 1, 34, 162, 16222 }, // U+017D
    { 15, 26, 271, 1, 26, 98, 16384 }, // U+017E
    { 26, 26, 418, 1, 26, 169, 0 }, // U+01A0
    { 23, 19, 359, 1, 19, 110, 169 }, // U+01A1
    { 24, 26, 416, 3, 26, 156, 279 }, // U+01AF
    { 22, 19, 359, 2, 19, 105, 435 }, // U+01B0
    { 22, 34, 358, 0, 34, 187, 540 }, // U+01CD
    { 16, 26, 308, 1, 26, 104, 727 }, // U+01CE
    { 11, 34, 175, 0, 34, 94, 831 }, // U+01CF
    { 11, 26, 152, -1, 26, 72, 925 }, // U+01D0
    { 22, 34, 397, 1, 34, 187, 997 }, // U+01D1
    { 19, 26, 334, 1, 26, 124, 1184 }, // U+01D2
    { 19, 34, 394, 3, 34, 162, 1308 }, // U+01D3
    { 17, 26, 331, 2, 26, 111, 1470 }, // U+01D4
    { 19, 36, 394, 3, 36, 171, 1581 }, // U+01D5
    { 17, 29, 331, 2, 29, 124, 1752 }, // U+01D6
    { 19, 37, 394, 3, 37, 176, 1876 }, // U+01D7
    { 17, 30, 331, 2, 30, 128, 2052 }, // U+01D8
    { 19, 38, 394, 3, 38, 181, 2180 }, // U+01D9
    { 17, 30, 331, 2, 30, 128, 2361 }, // U+01DA
    { 19, 37, 394, 3, 37, 176, 2489 }, // U+01DB
    { 17, 30, 331, 2, 30, 128, 2665 }, // U+01DC
    { 21, 34, 382, 1, 34, 179, 2793 }, // U+01E6
    { 17, 34, 325, 1, 26, 145, 2972 }, // U+01E7
    { 21, 38, 358, 1, 38, 200, 3117 }, // U+01FA
    { 16, 32, 308, 1, 32, 128, 3317 }, // U+01FB
    { 28, 34, 480, 0, 34, 238, 3445 }, // U+01FC
    { 29, 26, 498, 1, 26, 189, 3683 }, // U+01FD
    { 22, 35, 397, 1, 34, 193, 3872 }, // U+01FE
    { 19, 27, 334, 1, 26, 129, 4065 }, // U+01FF
    { 17, 36, 317, 1, 26, 153, 4194 }, // U+0218
    { 14, 29, 250, 1, 19, 102, 4347 }, // U+0219
    { 20, 37, 335, 1, 26, 185, 4449 }, // U+021A
    { 13, 35, 226, 1, 25, 114, 4634 }, // U+021B
    { 7, 6, 0, -5, 27, 11, 0 }, // U+0300
    { 8, 6, 0, -2, 27, 12, 11 }, // U+0301
    { 12, 6, 0, -6, 27, 18, 23 }, // U+0302
    { 11, 4, 0, -5, 25, 11, 41 }, // U+0303
    { 12, 3, 0, -6, 24, 9, 52 }, // U+0304
    { 11, 5, 0, -5, 26, 14, 61 }, // U+0306
    { 4, 4, 0, -2, 25, 4, 75 }, // U+0307
    { 11, 4, 0, -6, 25, 11, 79 }, // U+0308
    { 9, 9, 0, -5, 30, 21, 90 }, // U+0309
    { 7, 7, 0, -3, 26, 13, 111 }, // U+030A
    { 12, 5, 0, -5, 26, 15, 124 }, // U+030B
    { 12, 6, 0, -6, 27, 18, 139 }, // U+030C
    { 8, 9, 0, -4, 20, 18, 157 }, // U+031B
    { 4, 4, 0, -2, -2, 4, 175 }, // U+0323
    { 12, 4, 0, -6, -2, 12, 179 }, // U+0324
    { 4, 8, 0, -2, -3, 8, 191 }, // U+0326
    { 8, 9, 0, -4, 1, 18, 199 }, // U+0327
    { 7, 8, 0, -4, 0, 14, 217 }, // U+0328
    { 11, 5, 0, -5, -3, 14, 231 }, // U+032E
    { 12, 3, 0, -6, -2, 9, 245 }, // U+0331
    { 17, 22, 346, 2, 22, 94, 0 }, // U+0E01
    { 19, 22, 356, 1, 22, 105, 94 }, // U+0E02
    { 20, 23, 364, 1, 23, 115, 199 }, // U+0E03
    { 19, 22, 362, 2, 22, 105, 314 }, // U+0E04
    { 19, 22, 364, 2, 22, 105, 419 }, // U+0E05
    { 21, 23, 383, 1, 23, 121, 524 }, // U+0E06
    { 14, 22, 272, 0, 22, 77, 645 }, // U+0E07
    { 18, 22, 334, 1, 22, 99, 722 }, // U+0E08
    { 20, 22, 342, 0, 22, 110, 821 }, // U+0E09
    { 21, 24, 364, 1, 24, 126, 931 }, // U+0E0A
    { 22, 24, 370, 1, 24, 132, 1057 }, // U+0E0B
    { 26, 22, 484, 1, 22, 143, 1189 }, // U+0E0C
    { 27, 32, 498, 2, 22, 216, 1332 }, // U+0E0D
    { 20, 34, 367, 1, 22, 170, 1548 }, // U+0E0E
    { 20, 34, 367, 1, 22, 170, 1718 }, // U+0E0F
    { 19, 35, 323, 0, 23, 167, 1888 }, // U+0E10
    { 24, 22, 425, 1, 22, 132, 2055 }, // U+0E11
    { 27, 23, 499, 2, 23, 156, 2187 }, // U+0E12
    { 28, 22, 499, 2, 22, 154, 2343 }, // U+0E13
    { 18, 22, 355, 2, 22, 99, 2497 }, // U+0E14
    { 19, 23, 364, 2, 23, 110, 2596 }, // U+0E15
    { 18, 22, 349, 2, 22, 99, 2706 }, // U+0E16
    { 21, 22, 394, 1, 22, 116, 2805 }, // U+0E17
    { 18, 23, 325, 2, 23, 104, 2921 }, // U+0E18
    { 22, 22, 382, 1, 22, 121, 3025 }, // U+0E19
    { 21, 22, 387, 1, 22, 116, 3146 }, // U+0E1A
    { 21, 31, 393, 1, 31, 163, 3262 }, // U+0E1B
    { 18, 22, 373, 3, 22, 99, 3425 }, // U+0E1C
    { 18, 31, 373, 3, 31, 140, 3524 }, // U+0E1D
    { 24, 22, 432, 1, 22, 132, 3664 }, // U+0E1E
    { 24, 31, 432, 1, 31, 186, 3796 }, // U+0E1F
    { 20, 22, 370, 1, 22, 110, 3982 }, // U+0E20
    { 19, 22, 368, 2, 22, 105, 4092 }, // U+0E21
    { 17, 22, 343, 2, 22, 94, 4197 }, // U+0E22
    { 16, 23, 290, 1, 23, 92, 4291 }, // U+0E23
    { 18, 32, 349, 2, 22, 144, 4383 }, // U+0E24
    { 19, 22, 348, 1, 22, 105, 4527 }, // U+0E25
    { 20, 32, 367, 1, 22, 160, 4632 }, // U+0E26
    { 16, 22, 307, 0, 22, 88, 4792 }, // U+0E27
    { 19, 24, 361, 2, 24, 114, 4880 }, // U+0E28
    { 25, 22, 406, 1, 22, 138, 4994 }, // U+0E29
    { 20, 24, 348, 1, 24, 120, 5132 }, // U+0E2A
    { 21, 22, 382, 1, 22, 116, 5252 }, // U+0E2B
    { 25, 24, 432, 1, 24, 150, 5368 }, // U+0E2C
    { 19, 22, 352, 1, 22, 105, 5518 }, // U+0E2D
    { 18, 22, 339, 2, 22, 99, 5623 }, // U+0E2E
    { 17, 22, 328, 1, 22, 94, 5722 }, // U+0E2F
    { 16, 21, 320, 2, 22, 84, 5816 }, // U+0E30
    { 17, 9, 0, -14, 35, 39, 5900 }, // U+0E31
    { 15, 22, 291, 1, 22, 83, 5939 }, // U+0E32
    { 25, 34, 291, -9, 34, 213, 6022 }, // U+0E33
    { 18, 10, 0, -20, 34, 45, 6235 }, // U+0E34
    { 18, 12, 0, -19, 36, 54, 6280 }, // U+0E35
    { 19, 12, 0, -20, 36, 57, 6334 }, // U+0E36
    { 18, 12, 0, -20, 36, 54, 6391 }, // U+0E37
    { 8, 10, 0, -10, -2, 20, 6445 }, // U+0E38
    { 13, 10, 0, -15, -2, 33, 6465 }, // U+0E39
    { 4, 4, 0, -6, -2, 4, 6498 }, // U+0E3A
    { 17, 32, 353, 3, 29, 136, 6502 }, // U+0E3F
    { 8, 22, 186, 3, 22, 44, 6638 }, // U+0E40
    { 19, 22, 347, 3, 22, 105, 6682 }, // U+0E41
    { 15, 37, 227, -2, 37, 139, 6787 }, // U+0E42
    { 16, 37, 227, -2, 37, 148, 6926 }, // U+0E43
    { 17, 37, 234, -3, 37, 158, 7074 }, // U+0E44
    { 15, 32, 176, -6, 22, 120, 7232 }, // U+0E45
    { 17, 32, 373, 3, 22, 136, 7352 }, // U+0E46
    { 14, 14, 0, -18, 39, 49, 7488 }, // U+0E47
    { 4, 8, 0, -6, 34, 8, 7537 }, // U+0E48
    { 14, 10, 0, -13, 36, 35, 7545 }, // U+0E49
    { 19, 10, 0, -17, 36, 48, 7580 }, // U+0E4A
    { 9, 9, 0, -9, 35, 21, 7628 }, // U+0E4B
    { 13, 11, 0, -11, 37, 36, 7649 }, // U+0E4C
    { 9, 9, 0, -9, 34, 21, 7685 }, // U+0E4D
    { 10, 12, 0, -11, 38, 30, 7706 }, // U+0E4E
    { 19, 19, 373, 2, 19, 91, 7736 }, // U+0E4F
    { 21, 17, 396, 2, 17, 90, 7827 }, // U+0E50
    { 22, 17, 406, 2, 16, 94, 7917 }, // U+0E51
    { 23, 23, 411, 0, 23, 133, 8011 }, // U+0E52
    { 22, 17, 416, 2, 17, 94, 8144 }, // U+0E53
    { 24, 24, 407, 2, 23, 144, 8238 }, // U+0E54
    { 24, 24, 407, 2, 23, 144, 8382 }, // U+0E55
    { 23, 23, 405, 1, 23, 133, 8526 }, // U+0E56
    { 26, 23, 446, 2, 23, 150, 8659 }, // U+0E57
    { 22, 23, 404, 2, 23, 127, 8809 }, // U+0E58
    { 23, 23, 415, 2, 23, 133, 8936 }, // U+0E59
    { 25, 22, 460, 1, 22, 138, 9069 }, // U+0E5A
    { 34, 19, 612, 3, 20, 162, 9207 }, // U+0E5B
    { 22, 33, 358, 0, 26, 182, 0 }, // U+1EA0
    { 16, 25, 308, 1, 19, 100, 182 }, // U+1EA1
    { 21, 36, 358, 0, 36, 189, 282 }, // U+1EA2
    { 16, 29, 308, 1, 29, 116, 471 }, // U+1EA3
    { 22, 36, 358, 0, 36, 198, 587 }, // U+1EA4
    { 16, 29, 308, 1, 29, 116, 785 }, // U+1EA5
    { 22, 36, 358, 0, 36, 198, 901 }, // U+1EA6
    { 16, 29, 308, 1, 29, 116, 1099 }, // U+1EA7
    { 22, 39, 358, 0, 39, 215, 1215 }, // U+1EA8
    { 17, 31, 308, 1, 31, 132, 1430 }, // U+1EA9
    { 22, 38, 358, 0, 38, 209, 1562 }, // U+1EAA
    { 16, 31, 308, 1, 31, 124, 1771 }, // U+1EAB
    { 22, 41, 358, 0, 34, 226, 1895 }, // U+1EAC
    { 16, 32, 308, 1, 26, 128, 2121 }, // U+1EAD
    { 23, 38, 358, 0, 38, 219, 2249 }, // U+1EAE
    { 16, 31, 308, 1, 31, 124, 2468 }, // U+1EAF
    { 23, 38, 358, 0, 38, 219, 2592 }, // U+1EB0
    { 16, 31, 308, 1, 31, 124, 2811 }, // U+1EB1
    { 23, 40, 358, 0, 40, 230, 2935 }, // U+1EB2
    { 16, 33, 308, 1, 33, 132, 3165 }, // U+1EB3
    { 23, 38, 358, 0, 38, 219, 3297 }, // U+1EB4
    { 16, 31, 308, 1, 31, 124, 3516 }, // U+1EB5
    { 23, 40, 358, 0, 33, 230, 3640 }, // U+1EB6
    { 16, 32, 308, 1, 26, 128, 3870 }, // U+1EB7
    { 16, 33, 331, 3, 26, 132, 3998 }, // U+1EB8
    { 18, 25, 311, 1, 19, 113, 4130 }, // U+1EB9
    { 16, 36, 331, 3, 36, 144, 4243 }, // U+1EBA
    { 17, 29, 311, 1, 29, 124, 4387 }, // U+1EBB
    { 16, 32, 331, 3, 32, 128, 4511 }, // U+1EBC
    { 17, 25, 311, 1, 25, 107, 4639 }, // U+1EBD
    { 17, 36, 331, 3, 36, 153, 4746 }, // U+1EBE
    { 18, 29, 311, 1, 29, 131, 4899 }, // U+1EBF
    { 16, 36, 331, 3, 36, 144, 5030 }, // U+1EC0
    { 18, 29, 311, 1, 29, 131, 5174 }, // U+1EC1
    { 17, 39, 331, 3, 39, 166, 5305 }, // U+1EC2
    { 18, 31, 311, 1, 31, 140, 5471 }, // U+1EC3
    { 16, 38, 331, 3, 38, 152, 5611 }, // U+1EC4
    { 18, 31, 311, 1, 31, 140, 5763 }, // U+1EC5
    { 16, 41, 331, 3, 34, 164, 5903 }, // U+1EC6
    { 18, 32, 311, 1, 26, 144, 6067 }, // U+1EC7
    { 9, 36, 175, 1, 36, 81, 6211 }, // U+1EC8
    { 9, 30, 152, 0, 30, 68, 6292 }, // U+1EC9
    { 4, 33, 175, 4, 26, 33, 6360 }, // U+1ECA
    { 5, 33, 147, 2, 26, 42, 6393 }, // U+1ECB
    { 22, 32, 397, 1, 26, 176, 6435 }, // U+1ECC
    { 19, 25, 334, 1, 19, 119, 6611 }, // U+1ECD
    { 22, 37, 397, 1, 37, 204, 6730 }, // U+1ECE
    { 19, 29, 334, 1, 29, 138, 6934 }, // U+1ECF
    { 22, 37, 397, 1, 37, 204, 7072 }, // U+1ED0
    { 19, 29, 334, 1, 29, 138, 7276 }, // U+1ED1
    { 22, 37, 397, 1, 37, 204, 7414 }, // U+1ED2
    { 19, 29, 334, 1, 29, 138, 7618 }, // U+1ED3
    { 22, 39, 397, 1, 39, 215, 7756 }, // U+1ED4
    { 19, 31, 334, 1, 31, 148, 7971 }, // U+1ED5
    { 22, 38, 397, 1, 38, 209, 8119 }, // U+1ED6
    { 19, 31, 334, 1, 31, 148, 8328 }, // U+1ED7
    { 22, 40, 397, 1, 34, 220, 8476 }, // U+1ED8
    { 19, 32, 334, 1, 26, 152, 8696 }, // U+1ED9
    { 26, 34, 418, 1, 34, 221, 8848 }, // U+1EDA
    { 23, 26, 359, 1, 26, 150, 9069 }, // U+1EDB
    { 26, 34, 418, 1, 34, 221, 9219 }, // U+1EDC
    { 23, 26, 359, 1, 26, 150, 9440 }, // U+1EDD
    { 26, 37, 418, 1, 37, 241, 9590 }, // U+1EDE
    { 23, 29, 359, 1, 29, 167, 9831 }, // U+1EDF
    { 26, 33, 418, 1, 33, 215, 9998 }, // U+1EE0
    { 23, 25, 359, 1, 25, 144, 10213 }, // U+1EE1
    { 26, 32, 418, 1, 26, 208, 10357 }, // U+1EE2
    { 23, 25, 359, 1, 19, 144, 10565 }, // U+1EE3
    { 19, 32, 394, 3, 26, 152, 10709 }, // U+1EE4
    { 17, 25, 331, 2, 19, 107, 10861 }, // U+1EE5
    { 19, 37, 394, 3, 37, 176, 10968 }, // U+1EE6
    { 17, 29, 331, 2, 29, 124, 11144 }, // U+1EE7
    { 24, 34, 416, 3, 34, 204, 11268 }, // U+1EE8
    { 22, 26, 359, 2, 26, 143, 11472 }, // U+1EE9
    { 24, 34, 416, 3, 34, 204, 11615 }, // U+1EEA
    { 22, 26, 359, 2, 26, 143, 11819 }, // U+1EEB
    { 24, 37, 416, 3, 37, 222, 11962 }, // U+1EEC
    { 22, 29, 359, 2, 29, 160, 12184 }, // U+1EED
    { 24, 33, 416, 3, 33, 198, 12344 }, // U+1EEE
    { 22, 25, 359, 2, 25, 138, 12542 }, // U+1EEF
    { 24, 32, 416, 3, 26, 192, 12680 }, // U+1EF0
    { 22, 25, 359, 2, 19, 138, 12872 }, // U+1EF1
    { 21, 34, 344, 0, 34, 179, 13010 }, // U+1EF2
    { 17, 33, 277, 0, 26, 141, 13189 }, // U+1EF3
    { 21, 33, 344, 0, 26, 174, 13330 }, // U+1EF4
    { 18, 26, 277, 0, 19, 117, 13504 }, // U+1EF5
    { 21, 36, 344, 0, 36, 189, 13621 }, // U+1EF6
    { 17, 36, 277, 1, 29, 153, 13810 }, // U+1EF7
    { 21, 32, 344, 0, 32, 168, 13963 }, // U+1EF8
    { 18, 32, 277, 0, 25, 144, 14131 }, // U+1EF9
    { 0, 0, 330, 0, 0, 0, 0 }, // U+2007
    { 10, 3, 204, 1, 12, 8, 0 }, // U+2010
    { 18, 3, 324, 1, 12, 14, 8 }, // U+2012
    { 18, 3, 324, 1, 12, 14, 22 }, // U+2013
    { 29, 3, 502, 1, 12, 22, 36 }, // U+2014
    { 29, 3, 502, 1, 12, 22, 58 }, // U+2015
    { 6, 12, 203, 4, 29, 18, 80 }, // U+2018
    { 6, 12, 203, 3, 27, 18, 98 }, // U+2019
    { 6, 12, 203, 3, 5, 18, 116 }, // U+201A
    { 13, 12, 320, 4, 29, 39, 134 }, // U+201C
    { 13, 12, 320, 3, 27, 39, 173 }, // U+201D
    { 13, 12, 320, 3, 5, 39, 212 }, // U+201E
    { 17, 26, 315, 1, 26, 111, 251 }, // U+2020
    { 17, 26, 315, 1, 26, 111, 362 }, // U+2021
    { 10, 10, 221, 2, 16, 25, 473 }, // U+2022
    { 23, 5, 434, 2, 5, 29, 498 }, // U+2026
    { 45, 26, 770, 2, 26, 293, 527 }, // U+2030
    { 7, 8, 149, 1, 26, 14, 820 }, // U+2032
    { 13, 8, 247, 1, 26, 26, 834 }, // U+2033
    { 10, 15, 194, 1, 17, 38, 860 }, // U+2039
    { 10, 15, 194, 1, 17, 38, 898 }, // U+203A
    { 19, 27, 136, -5, 26, 129, 936 }, // U+2044
    { 13, 18, 240, 1, 26, 59, 0 }, // U+2070
    { 13, 18, 240, 1, 26, 59, 59 }, // U+2074
    { 14, 18, 240, 1, 26, 63, 118 }, // U+2075
    { 13, 19, 240, 1, 27, 62, 181 }, // U+2076
    { 12, 18, 240, 1, 26, 54, 243 }, // U+2077
    { 13, 18, 240, 1, 26, 59, 297 }, // U+2078
    { 13, 19, 240, 1, 26, 62, 356 }, // U+2079
    { 7, 21, 142, 1, 28, 37, 418 }, // U+207D
    { 8, 21, 142, 1, 28, 42, 455 }, // U+207E
    { 13, 12, 234, 1, 26, 39, 497 }, // U+207F
    { 13, 19, 240, 1, 13, 62, 536 }, // U+2080
    { 10, 19, 240, 2, 13, 48, 598 }, // U+2081
    { 13, 19, 240, 1, 13, 62, 646 }, // U+2082
    { 13, 19, 240, 1, 13, 62, 708 }, // U+2083
    { 13, 19, 240, 1, 13, 62, 770 }, // U+2084
    { 14, 19, 240, 1, 13, 67, 832 }, // U+2085
    { 13, 19, 240, 1, 13, 62, 899 }, // U+2086
    { 12, 19, 240, 1, 13, 57, 961 }, // U+2087
    { 13, 19, 240, 1, 13, 62, 1018 }, // U+2088
    { 13, 19, 240, 1, 13, 62, 1080 }, // U+2089
    { 7, 21, 142, 1, 14, 37, 1142 }, // U+208D
    { 8, 21, 142, 1, 14, 42, 1179 }, // U+208E
    { 20, 32, 355, 1, 29, 160, 0 }, // U+20A1
    { 17, 26, 322, 2, 26, 111, 160 }, // U+20A4
    { 28, 26, 479, 1, 26, 182, 271 }, // U+20A6
    { 21, 26, 367, 1, 26, 137, 453 }, // U+20A7
    { 19, 33, 335, 1, 28, 157, 590 }, // U+20AB
    { 22, 26, 371, 1, 26, 143, 747 }, // U+20AC
    { 24, 26, 391, 0, 26, 156, 890 }, // U+20B1
    { 21, 32, 381, 1, 29, 168, 1046 }, // U+20B2
    { 20, 32, 355, 1, 29, 160, 1214 }, // U+20B5
    { 19, 27, 365, 3, 27, 129, 1374 }, // U+20B9
    { 19, 26, 339, 1, 26, 124, 1503 }, // U+20BA
    { 19, 26, 340, 1, 26, 124, 1627 }, // U+20BD
    { 23, 10, 540, 5, 15, 58, 0 }, // U+2190
    { 10, 23, 300, 4, 23, 58, 58 }, // U+2191
    { 23, 10, 540, 5, 15, 58, 116 }, // U+2192
    { 10, 23, 300, 4, 23, 58, 174 }, // U+2193
    { 15, 27, 294, 1, 27, 102, 0 }, // U+2202
    { 24, 27, 389, 0, 27, 162, 102 }, // U+2206
    { 19, 31, 400, 3, 27, 148, 264 }, // U+220F
    { 22, 30, 377, 1, 26, 165, 412 }, // U+2211
    { 19, 3, 364, 2, 11, 15, 577 }, // U+2212
    { 20, 27, 98, -7, 27, 135, 592 }, // U+2215
    { 8, 8, 167, 1, 17, 16, 727 }, // U+2219
    { 26, 29, 336, 1, 27, 189, 743 }, // U+221A
    { 30, 14, 511, 1, 18, 105, 932 }, // U+221E
    { 15, 35, 211, -1, 27, 132, 1037 }, // U+222B
    { 19, 14, 364, 2, 18, 67, 1169 }, // U+2248
    { 18, 20, 364, 2, 20, 90, 1236 }, // U+2260
    { 20, 21, 364, 1, 21, 105, 1326 }, // U+2264
    { 19, 21, 364, 2, 21, 100, 1431 }, // U+2265
    { 19, 27, 339, 1, 27, 129, 0 }, // U+FB01
    { 23, 28, 369, 1, 28, 161, 129 }, // U+FB02
};

static const EpdUnicodeInterval sarabun_18_regularIntervals[] = {
    { 0x0, 0x0, 0x0 },
    { 0xD, 0xD, 0x1 },
    { 0x20, 0x7E, 0x2 },
    { 0xA0, 0x17E, 0x61 },
    { 0x1A0, 0x1A1, 0x140 },
    { 0x1AF, 0x1B0, 0x142 },
    { 0x1CD, 0x1DC, 0x144 },
    { 0x1E6, 0x1E7, 0x154 },
    { 0x1FA, 0x1FF, 0x156 },
    { 0x218, 0x21B, 0x15C },
    { 0x300, 0x304, 0x160 },
    { 0x306, 0x30C, 0x165 },
    { 0x31B, 0x31B, 0x16C },
    { 0x323, 0x324, 0x16D },
    { 0x326, 0x328, 0x16F },
    { 0x32E, 0x32E, 0x172 },
    { 0x331, 0x331, 0x173 },
    { 0xE01, 0xE3A, 0x174 },
    { 0xE3F, 0xE5B, 0x1AE },
    { 0x1EA0, 0x1EF9, 0x1CB },
    { 0x2007, 0x2007, 0x225 },
    { 0x2010, 0x2010, 0x226 },
    { 0x2012, 0x2015, 0x227 },
    { 0x2018, 0x201A, 0x22B },
    { 0x201C, 0x201E, 0x22E },
    { 0x2020, 0x2022, 0x231 },
    { 0x2026, 0x2026, 0x234 },
    { 0x2030, 0x2030, 0x235 },
    { 0x2032, 0x2033, 0x236 },
    { 0x2039, 0x203A, 0x238 },
    { 0x2044, 0x2044, 0x23A },
    { 0x2070, 0x2070, 0x23B },
    { 0x2074, 0x2079, 0x23C },
    { 0x207D, 0x2089, 0x242 },
    { 0x208D, 0x208E, 0x24F },
    { 0x20A1, 0x20A1, 0x251 },
    { 0x20A4, 0x20A4, 0x252 },
    { 0x20A6, 0x20A7, 0x253 },
    { 0x20AB, 0x20AC, 0x255 },
    { 0x20B1, 0x20B2, 0x257 },
    { 0x20B5, 0x20B5, 0x259 },
    { 0x20B9, 0x20BA, 0x25A },
    { 0x20BD, 0x20BD, 0x25C },
    { 0x2190, 0x2193, 0x25D },
    { 0x2202, 0x2202, 0x261 },
    { 0x2206, 0x2206, 0x262 },
    { 0x220F, 0x220F, 0x263 },
    { 0x2211, 0x2212, 0x264 },
    { 0x2215, 0x2215, 0x266 },
    { 0x2219, 0x221A, 0x267 },
    { 0x221E, 0x221E, 0x269 },
    { 0x222B, 0x222B, 0x26A },
    { 0x2248, 0x2248, 0x26B },
    { 0x2260, 0x2260, 0x26C },
    { 0x2264, 0x2265, 0x26D },
    { 0xFB01, 0xFB02, 0x26F },
};

static const EpdFontGroup sarabun_18_regularGroups[] = {
    { 0, 3601, 10109, 97, 0 },
    { 3601, 3434, 11649, 96, 97 },
    { 7035, 4214, 17788, 127, 193 },
    { 11249, 1607, 5165, 32, 320 },
    { 12856, 210, 268, 20, 352 },
    { 13066, 4110, 10055, 87, 372 },
    { 17176, 2802, 15328, 90, 459 },
    { 19978, 450, 1208, 22, 549 },
    { 20428, 501, 1432, 22, 571 },
    { 20929, 799, 1852, 12, 593 },
    { 21728, 97, 258, 4, 605 },
    { 21825, 614, 1606, 14, 609 },
    { 22439, 94, 303, 2, 623 },
};

static const uint16_t sarabun_18_regularKernLeftCodepoints[] = {
    0x002C, 0x002E, 0x0041, 0x0042, 0x0044, 0x0046, 0x004B, 0x004C, 0x004F, 0x0050, 0x0051, 0x0053,
    0x0054, 0x0055, 0x0056, 0x0057, 0x0058, 0x0059, 0x005A, 0x0061, 0x0062, 0x0063, 0x0065, 0x0066,
    0x0067, 0x006B, 0x006C, 0x006D, 0x006E, 0x006F, 0x0070, 0x0072, 0x0073, 0x0074, 0x0075, 0x0076,
    0x0078, 0x0079, 0x007A, 0x00C0, 0x00C1, 0x00C2, 0x00C3, 0x00C4, 0x00C5, 0x00D0, 0x00D2, 0x00D3,
    0x00D4, 0x00D5, 0x00D6, 0x00D8, 0x00D9, 0x00DA, 0x00DB, 0x00DC, 0x00DD, 0x00E0, 0x00E1, 0x00E2,
    0x00E3, 0x00E4, 0x00E5, 0x00E6, 0x00E7, 0x00E8, 0x00E9, 0x00EA, 0x00EB, 0x00F1, 0x00F2, 0x00F3,
    0x00F4, 0x00F5, 0x00F6, 0x00FD, 0x00FE, 0x00FF, 0x0100, 0x0101, 0x0102, 0x0103, 0x0104, 0x0105,
    0x0107, 0x0109, 0x010B, 0x010D, 0x010E, 0x0110, 0x0113, 0x0115, 0x0117, 0x0119, 0x011B, 0x0125,
    0x0127, 0x0132, 0x0134, 0x0136, 0x0137, 0x0138, 0x0139, 0x013B, 0x013D, 0x013F, 0x0141, 0x0144,
    0x0146, 0x0148, 0x0149, 0x014B, 0x014C, 0x014D, 0x014E, 0x014F, 0x0150, 0x0151, 0x0153, 0x0154,
    0x0155, 0x0156, 0x0157, 0x0158, 0x0159, 0x015A, 0x015B, 0x015C, 0x015D, 0x015E, 0x015F, 0x0160,
    0x0161, 0x0162, 0x0163, 0x0164, 0x0165, 0x0166, 0x0167, 0x0168, 0x016A, 0x016C, 0x016E, 0x0170,
    0x0172, 0x0174, 0x0175, 0x0176, 0x0177, 0x0178, 0x01A0, 0x01CD, 0x01CE, 0x01D1, 0x01D2, 0x01D3,
    0x01D5, 0x01D7, 0x01D9, 0x01DB, 0x01FA, 0x01FB, 0x01FD, 0x01FE, 0x01FF, 0x0218, 0x0219, 0x021A,
    0x021B, 0x1EA0, 0x1EA1, 0x1EA2, 0x1EA3, 0x1EA4, 0x1EA5, 0x1EA6, 0x1EA7, 0x1EA8, 0x1EA9, 0x1EAA,
    0x1EAB, 0x1EAC, 0x1EAD, 0x1EAE, 0x1EAF, 0x1EB0, 0x1EB1, 0x1EB2, 0x1EB3, 0x1EB4, 0x1EB5, 0x1EB6,
    0x1EB7, 0x1EB9, 0x1EBB, 0x1EBD, 0x1EBF, 0x1EC1, 0x1EC3, 0x1EC5, 0x1EC7, 0x1ECC, 0x1ECD, 0x1ECE,
    0x1ECF, 0x1ED0, 0x1ED1, 0x1ED2, 0x1ED3, 0x1ED4, 0x1ED5, 0x1ED6, 0x1ED7, 0x1ED8, 0x1ED9, 0x1EDA,
    0x1EDB, 0x1EDC, 0x1EDD, 0x1EDE, 0x1EDF, 0x1EE0, 0x1EE1, 0x1EE2, 0x1EE3, 0x1EE4, 0x1EE6, 0x1EF2,
    0x1EF3, 0x1EF4, 0x1EF5, 0x1EF6, 0x1EF7, 0x1EF8, 0x1EF9, 0x2018, 0x201C, 0x2026,
};

static const uint8_t sarabun_18_regularKernLeftClassIds[] = {
      1,   1,   2,   3,   4,   5,   6,   7,   8,   9,   8,  10,  11,  12,  13,  14,
     15,  16,  17,  18,  19,  20,  21,  22,  23,  24,  25,  26,  26,  27,  28,  29,
     30,  31,  32,  33,  34,  35,  36,  37,  37,  37,  37,  37,  37,  38,  39,  39,
     39,  39,  39,  40,  12,  12,  12,  12,  16,  18,  18,  18,  18,  18,  18,  41,
     42,  41,  41,  41,  41,  43,  27,  27,  27,  27,  27,  35,  44,  35,  37,  18,
     37,  18,  37,  18,  42,  42,  42,  42,  45,  38,  41,  41,  41,  41,  41,  46,
     46,  47,  47,  48,  49,  49,  50,  50,  50,  50,  51,  43,  43,  43,  43,  43,
     39,  27,  39,  27,  39,  27,  41,  52,  53,  52,  53,  52,  53,  54,  55,  54,
     55,  54,  55,  54,  55,  56,  57,  56,  57,  56,  57,  12,  12,  12,  12,  12,
     12,  58,  59,  16,  35,  16,  40,  37,  18,  39,  27,  12,  12,  12,  12,  12,
     37,  18,  41,  39,  27,  54,  55,  56,  57,  37,  18,  37,  18,  37,  18,  37,
     18,  37,  18,  37,  18,  37,  18,  37,  18,  37,  18,  37,  18,  37,  18,  37,
     18,  41,  41,  41,  41,  41,  41,  41,  41,  39,  27,  39,  27,  39,  27,  39,
     27,  39,  27,  39,  27,  39,  27,  40,  27,  40,  27,  40,  27,  40,  27,  40,
     27,  12,  12,  16,  35,  16,  35,  16,  35,  16,  35,  60,  60,  61,
};

static const uint16_t sarabun_18_regularKernRightCodepoints[] = {
    0x002C, 0x002E, 0x0041, 0x0043, 0x0047, 0x004A, 0x004F, 0x0051, 0x0053, 0x0054, 0x0055, 0x0056,
    0x0057, 0x0058, 0x0059, 0x0061, 0x0063, 0x0064, 0x0065, 0x0066, 0x0067, 0x006A, 0x006D, 0x006E,
    0x006F, 0x0070, 0x0071, 0x0072, 0x0073, 0x0074, 0x0075, 0x0076, 0x0077, 0x0078, 0x0079, 0x007A,
    0x00C0, 0x00C1, 0x00C2, 0x00C3, 0x00C4, 0x00C5, 0x00C6, 0x00C7, 0x00D2, 0x00D3, 0x00D4, 0x00D5,
    0x00D6, 0x00D8, 0x00D9, 0x00DA, 0x00DB, 0x00DC, 0x00DD, 0x00DF, 0x00E0, 0x00E1, 0x00E2, 0x00E3,
    0x00E4, 0x00E5, 0x00E6, 0x00E7, 0x00E8, 0x00E9, 0x00EA, 0x00EB, 0x00F0, 0x00F1, 0x00F2, 0x00F3,
    0x00F4, 0x00F5, 0x00F6, 0x00F8, 0x00F9, 0x00FA, 0x00FB, 0x00FC, 0x00FD, 0x00FF, 0x0100, 0x0101,
    0x0102, 0x0103, 0x0104, 0x0105, 0x0106, 0x0107, 0x0108, 0x0109, 0x010A, 0x010B, 0x010C, 0x010D,
    0x010F, 0x0111, 0x0113, 0x0115, 0x0117, 0x0119, 0x011B, 0x011C, 0x011D, 0x011E, 0x011F, 0x0120,
    0x0121, 0x0122, 0x0123, 0x0134, 0x0135, 0x0144, 0x0146, 0x0148, 0x0149, 0x014B, 0x014C, 0x014D,
    0x014E, 0x014F, 0x0150, 0x0151, 0x0153, 0x0155, 0x0157, 0x0159, 0x015A, 0x015B, 0x015C, 0x015D,
    0x015E, 0x015F, 0x0160, 0x0161, 0x0162, 0x0163, 0x0164, 0x0165, 0x0166, 0x0167, 0x0168, 0x0169,
    0x016A, 0x016B, 0x016C, 0x016D, 0x016E, 0x016F, 0x0170, 0x0171, 0x0172, 0x0173, 0x0174, 0x0175,
    0x0176, 0x0177, 0x0178, 0x017A, 0x017C, 0x017E, 0x01A0, 0x01A1, 0x01AF, 0x01B0, 0x01CD, 0x01CE,
    0x01D1, 0x01D2, 0x01D3, 0x01D4, 0x01D5, 0x01D6, 0x01D7, 0x01D8, 0x01D9, 0x01DA, 0x01DB, 0x01DC,
    0x01E6, 0x01E7, 0x01FA, 0x01FB, 0x01FC, 0x01FD, 0x01FE, 0x01FF, 0x0218, 0x0219, 0x021A, 0x021B,
    0x1EA0, 0x1EA1, 0x1EA2, 0x1EA3, 0x1EA4, 0x1EA5, 0x1EA6, 0x1EA7, 0x1EA8, 0x1EA9, 0x1EAA, 0x1EAB,
    0x1EAC, 0x1EAD, 0x1EAE, 0x1EAF, 0x1EB0, 0x1EB1, 0x1EB2, 0x1EB3, 0x1EB4, 0x1EB5, 0x1EB6, 0x1EB7,
    0x1EB9, 0x1EBB, 0x1EBD, 0x1EBF, 0x1EC1, 0x1EC3, 0x1EC5, 0x1EC7, 0x1ECC, 0x1ECD, 0x1ECE, 0x1ECF,
    0x1ED0, 0x1ED1, 0x1ED2, 0x1ED3, 0x1ED4, 0x1ED5, 0x1ED6, 0x1ED7, 0x1ED8, 0x1ED9, 0x1EDA, 0x1EDB,
    0x1EDC, 0x1EDD, 0x1EDE, 0x1EDF, 0x1EE0, 0x1EE1, 0x1EE2, 0x1EE3, 0x1EE4, 0x1EE5, 0x1EE6, 0x1EE7,
    0x1EE8, 0x1EE9, 0x1EEA, 0x1EEB, 0x1EEC, 0x1EED, 0x1EEE, 0x1EEF, 0x1EF0, 0x1EF1, 0x1EF2, 0x1EF3,
    0x1EF4, 0x1EF5, 0x1EF6, 0x1EF7, 0x1EF8, 0x1EF9, 0x2019, 0x201D, 0x2026, 0xFB01, 0xFB02,
};

static const uint8_t sarabun_18_regularKernRightClassIds[] = {
      1,   2,   3,   4,   5,   6,   7,   8,   9,  10,  11,  12,  13,  14,  15,  16,
     17,  18,  19,  20,  21,  22,  23,  24,  25,  26,  27,  28,  29,  30,  31,  32,
     33,  34,  35,  36,  37,  37,  37,  37,  37,  37,  37,  38,  39,  39,  39,  39,
     39,  40,  41,  41,  41,  41,  42,  43,  44,  44,  44,  44,  44,  44,  44,  45,
     46,  46,  46,  46,  47,  48,  49,  49,  49,  49,  49,  50,  51,  51,  51,  51,
     52,  52,  37,  44,  37,  44,  37,  44,  38,  45,  38,  45,  38,  45,  38,  45,
     53,  47,  46,  46,  46,  46,  46,  54,  55,  54,  55,  54,  55,  54,  55,  56,
     22,  48,  48,  48,  48,  48,  39,  49,  39,  49,  39,  49,  57,  58,  58,  58,
     59,  60,  59,  60,  59,  60,  59,  60,  61,  62,  61,  62,  61,  62,  41,  51,
     41,  51,  41,  51,  41,  51,  41,  51,  41,  51,  63,  64,  42,  52,  42,  65,
     65,  65,  39,  50,  41,  66,  37,  44,  39,  49,  41,  51,  41,  51,  41,  51,
     41,  51,  41,  51,  54,  55,  37,  44,  37,  44,  39,  49,  59,  60,  61,  62,
     37,  44,  37,  44,  37,  44,  37,  44,  37,  44,  37,  44,  37,  44,  37,  44,
     37,  44,  37,  44,  37,  44,  37,  44,  46,  46,  46,  46,  46,  46,  46,  46,
     39,  49,  39,  49,  39,  49,  39,  49,  39,  49,  39,  49,  39,  49,  39,  49,
     39,  49,  39,  49,  39,  49,  39,  49,  41,  51,  41,  51,  41,  51,  41,  51,
     41,  51,  41,  51,  41,  51,  42,  52,  42,  52,  42,  52,  42,  52,  67,  68,
     69,  43,  43,
};

static const uint16_t sarabun_18_regularKernRowOffsets[] = {
        0,    12,    49,    55,    62,    69,    81,   118,   127,   151,   156,   193,   197,   249,   269,   300,
      344,   355,   360,   368,   372,   388,   407,   410,   431,   448,   454,   467,   478,   483,   493,   496,
      502,   529,   540,   562,   568,   606,   611,   621,   627,   646,   651,   658,   663,   672,   677,   681,
      717,   739,   776,   787,   792,   794,   799,   810,   849,   854,   899,   915,   918,   923,
};

static const uint8_t sarabun_18_regularKernSparseCols[] = {
      9,  11,  14,  17,  20,  24,  26,  31,  32,  48,  52,  56,   3,   6,   7,   8,
      9,  10,  11,  12,  14,  15,  16,  17,  18,  20,  24,  26,  30,  31,  34,  37,
     38,  40,  41,  43,  44,  45,  48,  50,  51,  52,  56,  58,  60,  62,  63,  66,
     67,   2,  11,  13,  14,  36,  41,   2,  11,  14,  36,  41,  55,  62,   0,   1,
      2,   5,  36,  55,  68,  15,  16,  17,  18,  20,  26,  34,  43,  44,  45,  51,
     52,   3,   4,   6,   7,   9,  10,  11,  12,  14,  15,  16,  17,  18,  20,  24,
     26,  29,  31,  32,  34,  37,  38,  40,  41,  43,  44,  45,  48,  51,  52,  53,
     56,  60,  62,  63,  66,  67,   2,  11,  12,  13,  14,  36,  41,  55,  62,   0,
      1,   2,   5,  11,  13,  14,  15,  16,  17,  20,  24,  26,  28,  36,  41,  43,
     44,  48,  52,  55,  56,  59,  68,   2,  11,  14,  36,  41,   0,   1,   2,   3,
     15,  16,  17,  18,  20,  22,  23,  24,  26,  28,  30,  31,  32,  33,  34,  35,
     36,  37,  43,  44,  45,  47,  48,  50,  51,  52,  54,  55,  56,  57,  59,  63,
     64,   0,   1,   2,  36,   0,   1,   2,   3,   4,   5,   6,   7,   8,  15,  16,
     17,  18,  20,  21,  22,  23,  24,  25,  26,  28,  30,  31,  33,  34,  36,  37,
     38,  39,  42,  43,  44,  45,  46,  47,  48,  49,  50,  51,  52,  53,  54,  55,
     56,  57,  58,  59,  61,  63,  64,  65,  68,   0,   1,   2,   6,   7,  15,  16,
     17,  18,  20,  24,  26,  36,  38,  43,  44,  45,  48,  52,  56,   3,   4,   6,
      7,  15,  16,  17,  18,  20,  24,  26,  30,  31,  34,  37,  38,  39,  43,  44,
     45,  46,  48,  49,  50,  51,  52,  53,  56,  61,  63,  65,   0,   1,   2,   3,
      4,   5,   6,   7,   8,  15,  16,  17,  18,  20,  22,  23,  24,  26,  28,  30,
     31,  33,  34,  36,  37,  38,  43,  44,  45,  47,  48,  50,  51,  52,  53,  54,
     55,  56,  57,  58,  59,  61,  63,  64,  16,  17,  18,  20,  24,  26,  44,  45,
     48,  52,  56,  11,  14,  41,  62,  63,   0,   1,  11,  14,  34,  41,  51,  62,
     11,  14,  41,  62,   0,   1,   2,  11,  13,  14,  28,  31,  34,  36,  41,  51,
     54,  59,  62,  63,   0,   1,  15,  16,  17,  18,  20,  24,  26,  43,  44,  45,
     46,  48,  49,  52,  54,  56,  68,  11,  14,  41,   9,  11,  14,  15,  16,  17,
     18,  20,  24,  26,  34,  41,  43,  44,  45,  48,  51,  52,  56,  60,  62,  16,
     17,  18,  20,  24,  26,  28,  31,  32,  34,  44,  45,  48,  51,  52,  56,  59,
      9,  11,  14,  41,  60,  62,   0,   1,   2,   9,  11,  14,  31,  34,  36,  41,
     51,  60,  62,   0,   1,   9,  11,  12,  13,  31,  34,  51,  60,  62,   0,   1,
     24,  48,  56,   1,   9,  11,  13,  14,  18,  41,  45,  60,  62,  24,  48,  56,
      9,  11,  14,  41,  60,  62,   0,   1,   2,   9,  11,  13,  14,  15,  16,  17,
     18,  20,  24,  26,  36,  41,  43,  44,  45,  46,  48,  52,  55,  56,  60,  62,
     68,   9,  11,  14,  17,  20,  26,  41,  46,  52,  60,  62,   0,   1,   2,   9,
     13,  14,  15,  17,  18,  20,  24,  26,  36,  41,  43,  45,  48,  52,  55,  56,
     60,  62,   9,  11,  14,  41,  60,  62,   3,   6,   7,   8,   9,  10,  11,  12,
     14,  15,  16,  17,  18,  20,  24,  26,  30,  31,  32,  34,  37,  38,  40,  41,
     43,  44,  45,  48,  50,  51,  52,  56,  58,  60,  62,  63,  66,  67,   2,   5,
     11,  12,  14,   2,   5,  11,  12,  13,  14,  36,  41,  55,  62,   2,   5,  11,
     12,  13,  14,   0,   1,   2,  11,  12,  13,  14,  20,  28,  31,  32,  34,  36,
     41,  51,  54,  59,  62,  63,  11,  12,  14,  41,  62,   9,  11,  12,  14,  41,
     60,  62,   0,   1,  31,  34,  51,   2,   5,  11,  12,  14,  36,  41,  55,  62,
     11,  12,  14,  41,  62,   2,   5,  36,  55,   3,   4,   6,   7,   8,  11,  12,
     14,  15,  16,  17,  18,  20,  24,  26,  29,  30,  31,  32,  34,  37,  38,  41,
     43,  44,  45,  48,  50,  51,  52,  53,  56,  58,  61,  62,  63,   9,  11,  12,
     14,  15,  16,  17,  18,  20,  24,  26,  34,  41,  43,  44,  45,  48,  51,  52,
     56,  60,  62,   3,   4,   6,   7,   9,  10,  11,  12,  14,  15,  16,  17,  18,
     20,  24,  26,  29,  31,  32,  34,  37,  38,  40,  41,  43,  44,  45,  48,  51,
     52,  53,  56,  60,  62,  63,  66,  67,   3,   4,   6,   9,  11,  12,  14,  31,
     32,  34,  66,  11,  12,  14,  41,  62,  18,  45,   2,  11,  14,  36,  41,   1,
      9,  11,  12,  13,  14,  18,  41,  45,  60,  62,   0,   1,   2,   3,   5,  15,
     16,  17,  18,  20,  22,  23,  24,  26,  27,  28,  30,  31,  32,  33,  34,  35,
     36,  37,  43,  44,  45,  47,  48,  50,  51,  52,  54,  55,  56,  57,  59,  63,
     64,  11,  12,  14,  41,  62,   0,   2,   3,   4,   5,   6,   7,  15,  16,  17,
     18,  19,  20,  21,  22,  23,  24,  26,  28,  29,  30,  31,  32,  33,  34,  35,
     36,  37,  38,  43,  44,  45,  47,  48,  50,  51,  52,  53,  54,  55,  56,  59,
     61,  63,  64,   2,   9,  14,  15,  17,  18,  20,  26,  36,  41,  43,  45,  52,
     55,  60,  62,   2,   5,  36,   9,  11,  14,  31,  32,
};

static const int8_t sarabun_18_regularKernSparseValues[] = {
     -60,  -60,  -60,  -18,  -18,  -18,  -18,  -36,  -36,  -18,  -18,  -18,  -18,  -18,  -18,  -24,
     -36,  -36,  -30,  -18,  -36,  -18,  -18,  -18,  -18,  -18,  -18,  -18,  -24,  -24,  -24,  -18,
     -18,  -36,  -36,  -18,  -18,  -18,  -18,  -24,  -24,  -18,  -18,  -24,  -36,  -60,  -48,  -48,
     -78,  -12,  -18,  -24,  -24,  -12,  -24,  -24,  -36,  -30,  -24,  -30,  -30,  -36,  -60,  -60,
     -60,  -54, -108,  -60,  -60,  -18,  -12,  -12,  -12,  -12,  -12,  -24,  -18,  -12,  -12,  -24,
     -12,  -18,  -18,  -30,  -30,  -66,  -18,  -60,  -48,  -60,  -12,  -12,  -12,  -12,  -12,  -12,
     -12,  -18,  -36,  -24,  -48,  -18,  -30,  -18,  -60,  -12,  -12,  -12,  -12,  -48,  -12,  -18,
     -12,  -66,  -48,  -48,  -84,  -48,  -18,  -18,   -6,  -24,  -24,  -18,  -24,  -24,  -24,  -60,
     -60,  -48,  -60,  -18,  -36,  -18,  -18,  -18,  -18,  -18,  -18,  -18,  -12,  -96,  -36,  -18,
     -18,  -18,  -18,  -72,  -18,  -12,  -60,  -18,  -18,  -18,  -18,  -18,  -60,  -60,  -36,  -24,
     -48,  -36,  -48,  -48,  -48,  -36,  -36,  -48,  -48,  -42,  -36,  -36,  -24,  -30,  -24,  -30,
     -36,  -24,  -48,  -36,  -48,  -36,  -48,  -36,  -24,  -48,  -36,  -36,  -48,  -24,  -42,  -24,
     -12,  -24,  -24,  -36,  -36,  -60,  -60,  -30,  -24,  -24,  -42,  -18,  -18,  -18,  -48,  -48,
     -48,  -48,  -48,  -48,  -30,  -30,  -36,  -30,  -48,  -30,  -30,  -36,  -30,  -30, -120,  -48,
     -48,  -30,  -24,  -96,  -96,  -96,  -48,  -60,  -72,  -36,  -60,  -60,  -96,  -60,  -96,  -72,
     -36,  -60,  -36,  -60,  -60,  -60,  -48,  -30,  -60,  -48,  -48,  -18,   -6,   -6,  -12,  -12,
     -12,  -12,  -12,  -12,  -12,  -18,   -6,  -12,  -12,  -12,  -12,  -12,  -12,  -24,  -18,  -24,
     -24,  -30,  -18,  -18,  -24,  -18,  -18,  -18,  -18,  -30,  -42,  -48,  -48,  -24,  -60,  -48,
     -54,  -30,  -54,  -36,  -36,  -84,  -48,  -42,  -18,  -36,  -60,  -18,  -60,  -60,  -36,  -30,
     -36,  -42,  -24,  -24,  -18,  -36,  -36,  -36,  -36,  -36,  -36,  -36,  -36,  -36,  -36,  -36,
     -36,  -48,  -36,  -36,  -30,  -24,  -36,  -36,  -36,  -36,  -36,  -36,  -36,  -36,  -36,  -48,
     -48,  -36,  -36,  -18,  -36,  -36,  -48,  -30,  -12,  -12,  -12,  -12,  -12,  -12,  -12,  -12,
     -12,  -12,  -12,  -36,  -48,  -48,  -36,  -36,  -18,  -18,  -48,  -48,  -12,  -48,  -36,  -36,
     -24,  -36,  -36,  -24,  -18,  -18,  -24,  -48,  -30,  -48,   12,  -18,  -12,  -24,  -48,  -12,
      12,   12,  -36,  -12,  -36,  -36,  -24,  -24,  -24,  -18,  -24,  -24,  -24,  -48,  -48,  -42,
     -24,  -48,  -24,  -48,  -48,  -24,  -36,  -24,  -36,  -72,  -36,  -54,  -36,  -24,  -24,  -24,
     -12,  -24,  -12,  -24,  -18,  -36,  -24,  -24,  -12,  -12,  -18,  -24,  -12,  -36,  -42,  -12,
     -12,  -18,  -12,  -18,  -12,  -12,  -18,  -12,  -18,  -12,  -18,  -18,  -18,  -12,  -18,  -12,
     -36,  -42,  -48,  -48,  -36,  -42,  -18,  -18,  -24,  -36,  -36,  -42,   -6,   -6,  -24,  -42,
      -6,  -36,  -36,  -18,  -18,  -36,  -36,  -36,  -30,  -12,   -6,   -6,  -36,  -36,  -36,  -36,
      -6,   -6,   -6,  -18,  -36,  -30,  -24,  -36,   12,  -36,   12,  -36,  -24,  -18,  -18,  -18,
     -48,  -30,  -36,  -72,  -96,  -60,  -36,  -36,  -60,  -24,  -36,  -30,  -36,  -18,  -18,  -12,
     -12,  -12,   -6,  -12, -120,  -72,  -42,  -42,  -30,  -24,   -6,  -36,  -96,   -6,  -48,  -60,
     -36,  -24,  -30,  -48,  -18,  -18,  -18,  -96,  -24,  -42,  -48,  -60,  -24,  -24,  -48,  -24,
     -36,  -36,  -18,   -6,   -6,   -6,   -6,   -6,  -48,  -36,  -18,   -6,   -6,   -6,  -48,   -6,
     -24,  -30,  -12,  -24,  -24,  -48,  -24,  -48,  -54,  -48,  -18,  -48,  -96,  -72, -120,  -78,
    -108,  -42,  -42,  -42,  -42,  -18,  -42,  -18,  -48,  -84,  -48,  -72,  -18,  -18,  -36,  -36,
     -18,  -18,  -18,  -18,  -24,  -24,  -18,  -18,  -24,  -36,  -60,  -48,  -96,  -78,  -24,  -30,
     -36,  -36,  -30,  -48,  -24,  -48,  -30,  -48,  -54,  -18,  -24,  -24,  -24,  -30,  -24,  -30,
     -24,  -24,  -30,  -18,  -18,  -24,  -96,  -36,  -60,  -96,   12,   24,  -36,  -12,  -30,  -24,
     -48,  -12,   12,   12,  -36,  -12,  -48,  -24,  -72,  -36,  -24,  -72,  -84,  -42,  -96,  -48,
     -36,  -42,  -18,  -18,  -12,   -6,   -6,  -48,  -30,  -72,  -36,  -60,  -24,  -30,  -30,  -36,
     -96,  -36,  -96,  -48,  -36,  -72,  -24,  -36,  -24,  -60,  -60,  -60,  -30,  -48,  -60,  -30,
     -60,  -48,  -72,  -72,  -72,  -36,  -72,  -36,  -36,  -48, -120,  -60, -120,  -30,  -30,  -30,
     -24,  -36,  -36,  -36,  -24,  -60,  -36,  -30,  -36,  -24,  -36,  -30,  -60,  -72, -108,  -42,
     -72,  -48,  -48,  -48,  -36,  -24,  -36,  -24,  -36,  -36,  -24,  -24,  -12,  -12,  -18,  -24,
     -12,  -36,  -42,  -36,  -36,  -48,  -30, -128,  -18, -120,  -96, -120,  -12,  -12,  -12,  -12,
     -12,  -12,  -12,  -18,  -96,  -72,  -96,  -18,  -30,  -18,  -60,  -12,  -12,  -12,  -12,  -48,
     -12,  -18,  -12,  -66,  -48,  -48,  -84,  -48,  -18,  -18,  -18,  -66,  -60,  -48,  -60,  -60,
     -48,  -48,  -36,  -72,  -24,  -72,  -36,  -24,  -24,  -24,  -42,  -36,  -36,  -18,  -18,  -18,
     -72,  -60,  -24,  -48,  -72,   24,  -36,   12,  -36,  -24,  -60,  -60,  -96,  -48,  -36,  -84,
     -72,  -84,  -84,  -84,  -72,  -36,  -84,  -48,  -24,  -78,  -72,  -60,  -48,  -54,  -48,  -42,
     -36,  -24,  -48,  -36,  -48,  -36,  -48,  -36,  -24,  -48,  -36,  -36,  -48,  -24,  -42,  -24,
     -12,  -72,  -36,  -96,  -48,  -36,  -60, -120,  -48,  -48,  -36,  -48,  -24,  -72,  -72,  -72,
     -72,  -24,  -72,  -24,  -48,  -24,  -72,  -36,  -48,  -24,  -60,  -60,  -30,  -60,  -60,  -24,
     -60,  -24,  -24,  -36,  -36,  -36,  -24,  -36,  -30,  -30,  -36,  -24,  -36,  -36,  -36,  -24,
     -24,  -30,  -24,  -48,  -24,  -48,  -24,  -24,  -12,  -24,  -24,  -48,  -48,  -24,  -12,  -24,
     -42,  -24,  -30,  -30,  -48,  -30,  -60,  -60,  -60,  -36,  -36,
};

static const EpdLigaturePair sarabun_18_regularLigaturePairs[] = {
    { 0x00660069, 0xFB01 }, // f i -> U+FB01
    { 0x0066006C, 0xFB02 }, // f l -> U+FB02
};

static const EpdFontData sarabun_18_regular = {
    sarabun_18_regularBitmaps,
    sarabun_18_regularGlyphs,
    sarabun_18_regularIntervals,
    56,
    49,
    41,
    -9,
    true,
    sarabun_18_regularGroups,
    13,
    nullptr,
    nullptr,  // kernLeftClasses: built-in fonts use the split arrays below
    nullptr,  // kernRightClasses
    sarabun_18_regularKernLeftCodepoints,
    sarabun_18_regularKernLeftClassIds,
    sarabun_18_regularKernRightCodepoints,
    sarabun_18_regularKernRightClassIds,
    nullptr,  // kernMatrix: built-in fonts use the sparse form below
    sarabun_18_regularKernRowOffsets,
    sarabun_18_regularKernSparseCols,
    sarabun_18_regularKernSparseValues,
    238,
    275,
    61,
    69,
    sarabun_18_regularLigaturePairs,
    2,
};
