/**
 * generated by fontconvert.py
 * name: sarabun_12_italic
 * size: 12
 * mode: 2-bit  compressed: true
 * Command used: fontconvert.py sarabun_12_italic 12 ../builtinFonts/source/Sarabun/Sarabun-Italic.ttf --2bit --compress --pnum --zopfli --additional-intervals 0x0E00,0x0E7F
 */
#pragma once
#include "EpdFontData.h"

static const uint8_t sarabun_12_italicBitmaps[16233] = {
    0x95, 0x98, 0x01, 0xA4, 0x2C, 0x59, 0x7A, 0x80, 0xBF, 0xAA, 0x63, 0x5E, 0xC5, 0x1E, 0xE6, 0x0C,
    0x02, 0xF6, 0xD9, 0x5B, 0x41, 0xC0, 0x73, 0x6F, 0x55, 0x10, 0xF2, 0x70, 0xAA, 0xEB, 0xC8, 0xE2,
    0x61, 0x30, 0x01, 0x00, 0x36, 0x08, 0xD8, 0x0D, 0x3B, 0x62, 0xD0, 0xA4, 0xDE, 0xBD, 0x67, 0x04,
    0xC1, 0x20, 0x17, 0x08, 0x81, 0x0C, 0x06, 0xD9, 0x5E, 0x71, 0x1F, 0x1A, 0x4D, 0x7A, 0x6E, 0x9F,
    0xC9, 0x22, 0x58, 0xBC, 0x9A, 0x0D, 0x60, 0xB1, 0x45, 0x36, 0xF0, 0x1E, 0x7B, 0x0F, 0x8A, 0xAD,
    0xB9, 0xAF, 0xBB, 0x2B, 0xA7, 0xAA, 0xAB, 0x77, 0xFA, 0x8E, 0xB7, 0xB3, 0x72, 0xEB, 0x7C, 0x7F,
    0x77, 0x9D, 0xBE, 0x7D, 0xEA, 0x3F, 0xE7, 0xFF, 0xFF, 0xF3, 0xFF, 0xA7, 0x23, 0x1F, 0xFB, 0xB8,
    0x11, 0x8D, 0xA8, 0x85, 0x4B, 0xC2, 0x25, 0xAD, 0x34, 0x8A, 0xE1, 0x02, 0x28, 0xD8, 0xF0, 0x9C,
    0x22, 0xD3, 0x85, 0x0E, 0x7F, 0xF3, 0xF9, 0xF2, 0x23, 0x14, 0x05, 0x67, 0x68, 0x2E, 0x98, 0xA3,
    0x59, 0x52, 0xE1, 0x55, 0xDF, 0xF7, 0xDF, 0xB9, 0xFF, 0xE9, 0x57, 0x78, 0xE1, 0xA2, 0x46, 0xB8,
    0xB8, 0x4E, 0xAC, 0x70, 0xD2, 0xFC, 0xE8, 0xD5, 0xCD, 0xA7, 0xE1, 0x23, 0xAF, 0x4C, 0x86, 0x42,
    0x9F, 0x7C, 0xAD, 0x05, 0x3C, 0x3C, 0x6A, 0xE1, 0xAA, 0x37, 0x51, 0x27, 0x9D, 0xA8, 0x23, 0x23,
    0x1C, 0x88, 0x3A, 0xE0, 0x21, 0xDA, 0x03, 0x57, 0x35, 0xC8, 0x16, 0xD8, 0x01, 0x33, 0x20, 0x1D,
    0x79, 0xCA, 0x8C, 0xCB, 0x68, 0x47, 0xDE, 0xB7, 0x3C, 0xEA, 0xAF, 0x61, 0xCE, 0x48, 0xDC, 0x21,
    0xEA, 0xF4, 0x16, 0x69, 0xB5, 0x22, 0x67, 0x2E, 0x4D, 0xC5, 0x52, 0x9A, 0x16, 0xAF, 0x44, 0xCD,
    0x0B, 0x25, 0x2D, 0xF3, 0x22, 0x85, 0xB2, 0xD5, 0xB2, 0x79, 0x64, 0xDB, 0xCB, 0x8E, 0xB8, 0xF1,
    0x9A, 0xE4, 0x8B, 0xE6, 0x1C, 0x15, 0x3B, 0x4D, 0x21, 0x82, 0x58, 0x05, 0x11, 0xFB, 0xB8, 0x6E,
    0x13, 0xC7, 0x9B, 0x46, 0xC1, 0x95, 0xE1, 0xD1, 0x0E, 0xD2, 0x3B, 0x43, 0x91, 0x38, 0xE6, 0x81,
    0x95, 0xB4, 0xAC, 0x14, 0x54, 0x05, 0x94, 0x1E, 0x36, 0x96, 0xE4, 0xCE, 0xA2, 0x9E, 0xD5, 0xE9,
    0x2C, 0xF6, 0x85, 0x66, 0x5D, 0x55, 0x94, 0x6D, 0x85, 0x6A, 0x4A, 0x72, 0x9F, 0xBE, 0xD9, 0x6F,
    0xE3, 0xFE, 0xFA, 0xCF, 0x8A, 0x61, 0x15, 0x97, 0xBC, 0x03, 0x05, 0xB4, 0xC4, 0x0D, 0x89, 0x43,
    0x19, 0x52, 0xC8, 0x40, 0x43, 0x05, 0x6B, 0x58, 0x41, 0x7B, 0xD2, 0x56, 0x50, 0x81, 0x86, 0x0C,
    0x94, 0x81, 0xBF, 0xE1, 0x78, 0x33, 0xDE, 0x4B, 0xFB, 0xA0, 0x29, 0x83, 0x62, 0x1A, 0xB1, 0x80,
    0x0A, 0x5A, 0x22, 0x8F, 0x18, 0x1F, 0x54, 0x00, 0xC6, 0xC4, 0x5F, 0x36, 0xFC, 0x8F, 0xE3, 0x3F,
    0x78, 0x72, 0xFB, 0x59, 0xD9, 0x77, 0x6C, 0x89, 0x5F, 0x22, 0xDF, 0x37, 0x8F, 0x1E, 0x41, 0x6C,
    0x20, 0xB1, 0x20, 0xCD, 0x01, 0xC5, 0xC8, 0x0F, 0x37, 0x0B, 0xBB, 0xE9, 0x7B, 0xC7, 0x05, 0xA0,
    0x4F, 0x98, 0x1F, 0x88, 0x50, 0x2E, 0x75, 0xCA, 0x09, 0xA3, 0x38, 0xE7, 0xCF, 0x81, 0x27, 0x8B,
    0x72, 0x9F, 0x95, 0x05, 0x30, 0x07, 0x3C, 0xC4, 0xF5, 0x61, 0x64, 0x05, 0x5C, 0x7C, 0xA3, 0xDB,
    0x7D, 0xDD, 0x5D, 0xFD, 0xFE, 0xEE, 0xBF, 0x06, 0xC8, 0x1B, 0xA2, 0xFD, 0x16, 0x51, 0x67, 0x28,
    0xA3, 0x48, 0x83, 0x2C, 0x50, 0x56, 0x07, 0x2A, 0x94, 0x59, 0x1D, 0xA0, 0x1D, 0x39, 0x0B, 0x14,
    0x74, 0x54, 0xAC, 0x87, 0x77, 0xB1, 0x27, 0xBD, 0x73, 0xA3, 0x35, 0x91, 0x86, 0x0D, 0x49, 0x8F,
    0xFA, 0x01, 0x7F, 0x94, 0x1D, 0x57, 0x4B, 0x1F, 0xAD, 0xB0, 0x3A, 0x5A, 0xC1, 0x83, 0x27, 0xF2,
    0xFC, 0xE8, 0xDE, 0xF4, 0xBD, 0x25, 0xED, 0x88, 0xF6, 0x1B, 0x44, 0xAD, 0x5C, 0x4C, 0xE2, 0x18,
    0x91, 0x01, 0x65, 0x21, 0x07, 0x66, 0xC0, 0x16, 0x84, 0x3F, 0x74, 0xE7, 0x66, 0xBC, 0x4D, 0x3C,
    0xE4, 0x0E, 0xCA, 0xC5, 0x4F, 0xB8, 0xEA, 0xF7, 0xF0, 0xF8, 0x2B, 0xD8, 0x6F, 0xAC, 0xA8, 0xE5,
    0xD1, 0xE9, 0x1D, 0x48, 0x0B, 0x19, 0x3C, 0x6E, 0xA1, 0x0C, 0xF0, 0x39, 0x90, 0x02, 0xCA, 0x4C,
    0xF0, 0x1E, 0x39, 0x05, 0x6B, 0xF2, 0xD7, 0x83, 0xEB, 0x1B, 0x40, 0x39, 0x28, 0x03, 0x1B, 0x4B,
    0x74, 0x67, 0x10, 0x2F, 0x0D, 0x4A, 0xC1, 0x45, 0x0A, 0xF3, 0x0C, 0x7C, 0x86, 0x70, 0x05, 0xD2,
    0x1C, 0xC2, 0x4F, 0x53, 0x11, 0xCC, 0x68, 0x03, 0x86, 0x63, 0x18, 0x46, 0x9E, 0xD0, 0xE9, 0xB9,
    0x5F, 0x5C, 0x1F, 0x6F, 0xE3, 0x66, 0xD2, 0xEA, 0x97, 0x2D, 0xC9, 0x7E, 0x8F, 0x74, 0xB9, 0x79,
    0x07, 0x65, 0xF9, 0x1A, 0x03, 0x29, 0x7F, 0xC2, 0x8C, 0x8A, 0x2D, 0xE5, 0x9D, 0xE7, 0xD1, 0xDE,
    0x00, 0x00, 0x39, 0xC4, 0x7B, 0x48, 0xEB, 0x71, 0x0A, 0x71, 0x0B, 0x49, 0x0D, 0xEA, 0x5F, 0xCC,
    0x18, 0xB2, 0xA5, 0xDD, 0x72, 0x39, 0xCE, 0x22, 0xA3, 0x0B, 0xB4, 0x14, 0x01, 0x4D, 0xC7, 0x9A,
    0x2A, 0xF6, 0xE4, 0x77, 0x8E, 0x64, 0x07, 0x65, 0xD0, 0xF1, 0xC9, 0x62, 0x03, 0x5C, 0x02, 0x1D,
    0x88, 0x06, 0xA4, 0x83, 0xD4, 0xC0, 0x0C, 0xA8, 0x80, 0xEE, 0x54, 0xDF, 0xC9, 0x1A, 0x93, 0x76,
    0x0A, 0x48, 0x01, 0x1E, 0xEF, 0x60, 0xB3, 0xB1, 0x51, 0x08, 0x68, 0x51, 0x87, 0xCB, 0x0D, 0x84,
    0xF7, 0x8D, 0x32, 0xD1, 0x7E, 0x47, 0xD4, 0x6F, 0x91, 0xF5, 0xD5, 0xE4, 0x49, 0xD2, 0x6A, 0xE4,
    0xE8, 0x49, 0xCF, 0x49, 0x29, 0x09, 0xF2, 0x75, 0x47, 0xDC, 0x5B, 0xC8, 0x1B, 0xE2, 0xFD, 0x8E,
    0xA4, 0xCE, 0x51, 0x46, 0x99, 0x1C, 0x69, 0x0B, 0xD4, 0x44, 0x6A, 0x66, 0x94, 0xA4, 0x1F, 0xF7,
    0xC8, 0x7E, 0x07, 0x3F, 0x59, 0x1F, 0x14, 0x4B, 0x6A, 0xC8, 0x0D, 0xD1, 0x6E, 0xFC, 0x3A, 0x97,
    0x00, 0x80, 0x70, 0xB2, 0x4E, 0x2C, 0x27, 0x7F, 0x19, 0x25, 0x05, 0xF8, 0xB8, 0x8D, 0x1A, 0x00,
    0x80, 0x29, 0xAC, 0xC2, 0x95, 0x1C, 0xC3, 0x0A, 0x00, 0xE0, 0x05, 0xC8, 0x06, 0x6E, 0x1F, 0xBC,
    0x5C, 0x01, 0xA5, 0x39, 0xBC, 0x67, 0x07, 0xA4, 0x0E, 0xE2, 0x0E, 0x98, 0x01, 0x8F, 0x86, 0x15,
    0x75, 0x4F, 0x16, 0x8B, 0x07, 0xCF, 0xFD, 0xE1, 0x62, 0x41, 0xDF, 0xF7, 0x00, 0x24, 0x06, 0x84,
    0x07, 0x6E, 0x01, 0x55, 0x43, 0xB4, 0x05, 0x72, 0x0B, 0x89, 0x87, 0xB4, 0x26, 0xDA, 0x9D, 0xBE,
    0xF0, 0x1C, 0xF8, 0x2B, 0x08, 0x96, 0x27, 0xBF, 0x71, 0x73, 0xD1, 0xBC, 0x17, 0x7B, 0xE2, 0x06,
    0x51, 0x93, 0x38, 0x52, 0xD0, 0xE0, 0xC7, 0x3B, 0x8B, 0x34, 0x7C, 0x07, 0x80, 0x74, 0xD4, 0xF1,
    0x0C, 0xE0, 0xBB, 0xD7, 0x90, 0xF4, 0xFD, 0xD0, 0xF1, 0xB8, 0x8E, 0xDA, 0xEF, 0x46, 0x5E, 0x7C,
    0xD9, 0xD7, 0x73, 0xF5, 0xCC, 0x7A, 0x7D, 0x16, 0xF1, 0xE1, 0xB9, 0x66, 0x10, 0x51, 0xEF, 0xCF,
    0xE7, 0xEA, 0x95, 0xD7, 0x1F, 0x5D, 0xD0, 0x3C, 0x5D, 0x6A, 0x9A, 0x17, 0x1F, 0x3D, 0x8D, 0xBE,
    0x6C, 0xE6, 0xE7, 0xF2, 0xB5, 0xD5, 0xB2, 0xDD, 0x91, 0x01, 0x28, 0x17, 0x19, 0x44, 0x08, 0x2A,
    0xF8, 0xF1, 0x57, 0x00, 0xB3, 0xC9, 0x75, 0x7A, 0x88, 0xEE, 0x40, 0xFC, 0x0A, 0x92, 0x9F, 0x1B,
    0xD4, 0xFB, 0x96, 0x34, 0xB1, 0x14, 0xC2, 0x51, 0x05, 0x5A, 0xE1, 0xC2, 0x83, 0x6B, 0xD1, 0xF7,
    0x75, 0x50, 0xA6, 0x51, 0x36, 0xF2, 0x29, 0x91, 0x9F, 0x81, 0xAF, 0xA0, 0xA5, 0xDF, 0x13, 0xDD,
    0x6F, 0x86, 0xFF, 0xF1, 0x71, 0x13, 0xE4, 0x40, 0x1D, 0xFB, 0xC1, 0x8D, 0x12, 0x97, 0x9A, 0x64,
    0x70, 0x9F, 0x57, 0x3D, 0xCA, 0x4A, 0xA7, 0x8C, 0xA8, 0x15, 0xA2, 0x4E, 0x11, 0x2E, 0x45, 0xBA,
    0x8C, 0xD4, 0x94, 0x8B, 0x3D, 0x65, 0xDF, 0x40, 0xB2, 0x37, 0x5C, 0xDD, 0x34, 0x71, 0x4B, 0x9B,
    0x38, 0xDE, 0x53, 0x06, 0x32, 0xA0, 0x00, 0x2A, 0x60, 0x05, 0x74, 0x40, 0x3B, 0xD1, 0x4D, 0x7D,
    0x15, 0x11, 0x39, 0x29, 0xF2, 0x7E, 0x47, 0xB4, 0xB9, 0x86, 0x10, 0x16, 0xD1, 0xFD, 0x4D, 0xD0,
    0x22, 0x6A, 0xE3, 0x86, 0xB5, 0xA8, 0xD1, 0x23, 0x0E, 0x9D, 0x1C, 0xA8, 0xA4, 0xA5, 0x52, 0x96,
    0x95, 0x32, 0xB4, 0x8A, 0x61, 0x3E, 0xA2, 0x39, 0xE8, 0x93, 0x53, 0xFE, 0x74, 0x4B, 0xD9, 0x8F,
    0xE3, 0xB4, 0xD1, 0xFD, 0xE2, 0xD3, 0xDF, 0x85, 0xCF, 0x40, 0x7D, 0x0C, 0xA3, 0x83, 0x61, 0xE4,
    0xAB, 0x05, 0xEA, 0x34, 0x9C, 0x26, 0x32, 0x0E, 0x5B, 0x59, 0xD9, 0xEF, 0xA1, 0xEF, 0xBB, 0xB7,
    0x8E, 0xE3, 0xA6, 0x71, 0x5E, 0x2D, 0x8C, 0x0C, 0x3A, 0x2B, 0xF3, 0xF6, 0x71, 0x8A, 0x89, 0x69,
    0x7D, 0xFC, 0xB0, 0x3E, 0xF2, 0x6D, 0xEB, 0x13, 0x2D, 0x3E, 0xED, 0x44, 0xDF, 0xB4, 0x88, 0x7A,
    0xC2, 0xAD, 0x48, 0x5C, 0x15, 0x28, 0x49, 0xAD, 0xBA, 0xEF, 0x6D, 0xD4, 0xFF, 0xB3, 0xC1, 0x93,
    0x04, 0x63, 0x21, 0x6D, 0x10, 0xCA, 0xC4, 0x4D, 0x10, 0x22, 0x08, 0x44, 0xCD, 0x60, 0x17, 0x52,
    0x12, 0x47, 0x36, 0xCC, 0x6F, 0x87, 0x1C, 0x84, 0x32, 0xE8, 0x41, 0x54, 0x28, 0xA8, 0x48, 0x61,
    0x45, 0x0E, 0x2D, 0xD9, 0x20, 0x0A, 0xF0, 0x14, 0x44, 0x9E, 0x87, 0x75, 0x92, 0x32, 0xE1, 0x22,
    0x25, 0x25, 0xA3, 0xA0, 0x40, 0x53, 0xB1, 0xE6, 0x98, 0x79, 0x67, 0xC7, 0x74, 0x52, 0x41, 0x75,
    0x92, 0xD1, 0x3D, 0xD1, 0xD8, 0x44, 0x83, 0x70, 0xEF, 0x29, 0x7B, 0xB9, 0x21, 0xEF, 0xC0, 0x33,
    0x1B, 0x7A, 0x3B, 0x06, 0xFF, 0x22, 0x6E, 0x94, 0x45, 0x34, 0x33, 0x10, 0x75, 0x07, 0xE2, 0x67,
    0x0D, 0x24, 0x2F, 0x47, 0x9B, 0xD4, 0x20, 0xEF, 0x3D, 0xA8, 0xA6, 0x05, 0xE5, 0x56, 0xA0, 0xD0,
    0x8C, 0x4A, 0x90, 0x8F, 0xCF, 0x3E, 0xA4, 0xF9, 0xC4, 0x51, 0x20, 0xEA, 0xE3, 0x03, 0x0F, 0x61,
    0x39, 0x46, 0xA6, 0x70, 0x24, 0x63, 0x93, 0x16, 0x75, 0x52, 0x2E, 0xE4, 0x90, 0x41, 0xB9, 0x58,
    0x94, 0x7D, 0x4F, 0x07, 0x65, 0xB4, 0x85, 0xDB, 0x41, 0xEC, 0xE2, 0x2D, 0xF1, 0x4E, 0xEC, 0x10,
    0x5B, 0xF1, 0x1B, 0xE4, 0x5A, 0xBC, 0x44, 0x55, 0xC9, 0x4B, 0xCE, 0x57, 0xC9, 0xCF, 0x99, 0xB7,
    0xF2, 0x13, 0xE3, 0x5B, 0xF5, 0xEC, 0xE3, 0xC6, 0xAB, 0xEF, 0xFF, 0xC3, 0x17, 0x5E, 0x89, 0xFF,
    0xFA, 0xD8, 0xA7, 0xE2, 0x65, 0xDC, 0xA4, 0xF1, 0x6F, 0x44, 0x9D, 0x45, 0x5B, 0x51, 0x17, 0x43,
    0x90, 0x15, 0xF8, 0xC4, 0xD1, 0x0D, 0xD6, 0xD9, 0x22, 0x5D, 0xB4, 0x43, 0xDA, 0xB8, 0x1F, 0xAC,
    0x73, 0x67, 0x82, 0xF8, 0xA5, 0x55, 0x61, 0xA6, 0x2E, 0x25, 0xF9, 0xCF, 0x26, 0x23, 0xF9, 0xC2,
    0x67, 0x48, 0xDB, 0x16, 0x28, 0x53, 0xE9, 0x20, 0x74, 0x85, 0x22, 0xAB, 0x48, 0x51, 0x2B, 0x72,
    0x54, 0x47, 0x46, 0xD2, 0x52, 0x20, 0x3C, 0x05, 0xB1, 0x07, 0xB9, 0x87, 0xCD, 0x4D, 0x1D, 0xB7,
    0xB1, 0x97, 0x6E, 0xF4, 0xFD, 0x2A, 0x07, 0x5D, 0x40, 0x51, 0x05, 0x56, 0xA0, 0x3B, 0xA8, 0x5A,
    0x58, 0x07, 0xBA, 0x61, 0xAD, 0x57, 0x88, 0xA6, 0x42, 0xBA, 0x9C, 0x1C, 0xF5, 0x66, 0x4B, 0xD4,
    0x5F, 0x33, 0xC5, 0x7B, 0x7D, 0x88, 0x77, 0xBC, 0x18, 0xA8, 0x03, 0x2E, 0xF2, 0xC9, 0x18, 0xF3,
    0xD2, 0xC9, 0x57, 0x1B, 0x54, 0xFF, 0xEB, 0x6F, 0xF7, 0xE7, 0xB7, 0xE8, 0x93, 0xFD, 0x01, 0x7D,
    0xD6, 0x88, 0xE6, 0x39, 0xCA, 0x95, 0xE6, 0x0A, 0xD5, 0x0F, 0xFA, 0xD4, 0x90, 0xFE, 0x2F, 0x44,
    0x1B, 0x0B, 0xEF, 0x0C, 0xBA, 0x4D, 0xB1, 0x1F, 0x0F, 0xBA, 0xB5, 0x62, 0x60, 0xD4, 0x2D, 0x6E,
    0x12, 0x17, 0xAE, 0xA0, 0x97, 0xEC, 0x5B, 0x94, 0x59, 0x07, 0x0A, 0x14, 0x05, 0x29, 0x19, 0xE9,
    0x24, 0x8B, 0xA9, 0x58, 0x0A, 0xE5, 0xC7, 0x98, 0x12, 0xE3, 0x71, 0x46, 0xF0, 0xBB, 0xCA, 0xBB,
    0x05, 0x7A, 0xA0, 0x6C, 0x40, 0x76, 0xC0, 0x0E, 0x28, 0x81, 0x74, 0xE4, 0x4F, 0xC9, 0x78, 0xCE,
    0x9A, 0xFC, 0x6E, 0x2C, 0x3F, 0x86, 0x52, 0xA2, 0x5E, 0x84, 0xCA, 0xF0, 0xC1, 0xC4, 0x35, 0x50,
    0x4D, 0xAC, 0x80, 0x76, 0xE2, 0x58, 0x5A, 0x9C, 0xA4, 0xEB, 0x11, 0x37, 0x52, 0x24, 0x0E, 0x2D,
    0x8F, 0x7B, 0x97, 0x61, 0x15, 0xE8, 0x14, 0xB4, 0x29, 0xF8, 0x9C, 0xC8, 0x67, 0x81, 0x82, 0xB8,
    0x19, 0xDC, 0x5A, 0x23, 0x9C, 0x26, 0x71, 0xC3, 0x7C, 0x72, 0x66, 0xA8, 0x37, 0xDD, 0x68, 0xBB,
    0x35, 0xB4, 0x15, 0xB1, 0xD7, 0x0C, 0x3E, 0x27, 0xC7, 0xCF, 0x33, 0xF2, 0x31, 0x42, 0x53, 0xD6,
    0x28, 0x5A, 0x54, 0xEC, 0x51, 0xDF, 0xAF, 0x91, 0xCF, 0x1C, 0xF2, 0x9F, 0x0C, 0xC9, 0xBF, 0x42,
    0xB2, 0x03, 0xB1, 0x0D, 0xB4, 0x01, 0x0F, 0x15, 0x33, 0x72, 0xAA, 0xB1, 0x4C, 0xA9, 0xD8, 0x07,
    0x74, 0xD4, 0xB3, 0x42, 0xC7, 0xBF, 0xA2, 0x45, 0x8B, 0x97, 0x91, 0x47, 0xCB, 0x0F, 0xE2, 0x06,
    0xAD, 0x94, 0xA8, 0xD1, 0x67, 0x72, 0x50, 0x5F, 0xCB, 0xF7, 0x2D, 0x7A, 0x2E, 0x3F, 0x00, 0xBD,
    0x4C, 0x7E, 0x00, 0xDA, 0x27, 0xFF, 0x0E, 0xB3, 0x3A, 0x59, 0x43, 0xE9, 0x44, 0x07, 0xA5, 0x15,
    0x2D, 0x94, 0x08, 0x3F, 0xCA, 0x06, 0x58, 0xA3, 0x2C, 0x15, 0x25, 0xCC, 0x58, 0x43, 0x1A, 0xB5,
    0x04, 0x05, 0x1B, 0x90, 0x9F, 0x38, 0x10, 0x77, 0x80, 0xD8, 0x01, 0x51, 0x07, 0x88, 0x41, 0xC8,
    0x2D, 0x90, 0x16, 0xC0, 0x2C, 0x05, 0xB6, 0xCA, 0x10, 0x7B, 0x69, 0x49, 0xEA, 0xC4, 0xA1, 0xAC,
    0x68, 0x28, 0x89, 0x3D, 0x15, 0xA2, 0x29, 0x0E, 0x59, 0x68, 0xB2, 0xFD, 0x1A, 0xF9, 0xB1, 0x27,
    0xF9, 0x59, 0x4D, 0x08, 0x37, 0xE2, 0x1E, 0xA2, 0x1D, 0xD0, 0x7D, 0xBB, 0x85, 0x06, 0x33, 0x87,
    0x3A, 0x61, 0x0F, 0x6C, 0x21, 0x9E, 0xAA, 0x9A, 0xD4, 0xC2, 0xEC, 0x61, 0x97, 0xB2, 0x50, 0x02,
    0xEB, 0x6F, 0x74, 0x2D, 0x16, 0xD7, 0x65, 0xF0, 0x14, 0x36, 0x9E, 0xFD, 0x35, 0xED, 0xC3, 0x4D,
    0xA9, 0xE6, 0xB8, 0x29, 0x9D, 0x1E, 0x60, 0x8E, 0x67, 0x98, 0xB1, 0x95, 0x1D, 0x4F, 0x3E, 0x63,
    0x0E, 0x1A, 0x2E, 0xE0, 0xEC, 0x78, 0xF2, 0x49, 0x2C, 0xC2, 0x85, 0x36, 0x6A, 0xEB, 0xC1, 0x9F,
    0x9C, 0x95, 0x2E, 0x20, 0x05, 0x05, 0xD2, 0x10, 0x9B, 0xA8, 0x77, 0xD1, 0xCD, 0xDB, 0x1E, 0xF0,
    0xD6, 0xCA, 0x7F, 0xC9, 0x51, 0xC9, 0x41, 0xE5, 0xC5, 0x35, 0xD0, 0x42, 0xDC, 0x1D, 0x9C, 0x44,
    0xFD, 0x2D, 0x9C, 0x7D, 0x0F, 0xF4, 0xBB, 0xB0, 0x54, 0xE0, 0xA5, 0x11, 0x75, 0x62, 0x87, 0x33,
    0xAF, 0x42, 0xB8, 0x0B, 0xE2, 0xFA, 0xC9, 0xC2, 0x5E, 0xF5, 0x6E, 0xAE, 0xBF, 0xF7, 0x2E, 0x57,
    0xFF, 0xED, 0xE2, 0xFD, 0x6F, 0x9D, 0x74, 0xB9, 0x55, 0x28, 0x9B, 0xA1, 0x8C, 0x46, 0x71, 0x20,
    0xA5, 0x22, 0x43, 0x33, 0x63, 0xC6, 0x0E, 0x75, 0xB7, 0x26, 0xDE, 0x69, 0x8E, 0x99, 0x34, 0x3E,
    0x46, 0xC7, 0x44, 0xF2, 0x49, 0x87, 0xBC, 0xDD, 0xA0, 0x1A, 0x65, 0x94, 0x4D, 0x9C, 0x22, 0x71,
    0x69, 0xE0, 0x8C, 0xC4, 0x66, 0x87, 0x62, 0x94, 0x19, 0x19, 0x25, 0x6B, 0xFE, 0xFE, 0x8D, 0x67,
    0xB9, 0xB1, 0x90, 0xFF, 0x9A, 0x78, 0x28, 0xE0, 0x6B, 0x85, 0x02, 0x32, 0x40, 0x9F, 0x50, 0x4D,
    0xAF, 0x25, 0x4B, 0xD4, 0x6B, 0x4F, 0xBC, 0x37, 0x00, 0xFE, 0x40, 0xD4, 0x9C, 0x6A, 0x72, 0x98,
    0xCB, 0x9B, 0xFF, 0xCF, 0x5C, 0xA6, 0xA2, 0x79, 0x8B, 0x74, 0x29, 0x0A, 0x45, 0x86, 0x64, 0xB6,
    0xB8, 0x21, 0xF8, 0xC3, 0x89, 0x1E, 0xEF, 0x91, 0x33, 0x3F, 0x3C, 0xBF, 0x37, 0x70, 0x65, 0xA3,
    0xBD, 0x13, 0xF5, 0xE4, 0x12, 0x7D, 0xCF, 0xCD, 0x62, 0xB2, 0xD8, 0x19, 0x64, 0x70, 0x01, 0xFA,
    0xD8, 0xE6, 0x47, 0x8B, 0x91, 0xB6, 0x9E, 0xCD, 0xE7, 0x3E, 0xF6, 0xB2, 0x11, 0x4E, 0x34, 0xD2,
    0x8E, 0xB5, 0x98, 0x0B, 0x4C, 0x2B, 0x25, 0xAD, 0x62, 0x58, 0xB9, 0xD2, 0x24, 0x6F, 0x7A, 0xD8,
    0x7C, 0xC0, 0xD7, 0xC7, 0x4B, 0xCD, 0x1F, 0xD3, 0x52, 0xDE, 0x34, 0x3C, 0xDE, 0x7F, 0x73, 0xDE,
    0x27, 0xB5, 0xCC, 0x3F, 0x76, 0xC8, 0xCD, 0x06, 0xE5, 0x95, 0x51, 0x63, 0x0D, 0x90, 0xD8, 0x61,
    0xDC, 0x33, 0xA4, 0xB9, 0x98, 0x76, 0xDC, 0xD3, 0xD5, 0x98, 0x73, 0x71, 0x52, 0xD2, 0x0B, 0x37,
    0xD6, 0x0E, 0x56, 0x8E, 0x95, 0x83, 0x22, 0x25, 0xE3, 0x82, 0x02, 0x0D, 0xB4, 0x44, 0x1D, 0x34,
    0x00, 0x40, 0x3C, 0x05, 0xC5, 0x49, 0x5C, 0x18, 0x14, 0x6F, 0x59, 0x84, 0x8A, 0xA8, 0xA5, 0x6C,
    0x78, 0x62, 0x7E, 0xBF, 0xD2, 0x36, 0x35, 0xD2, 0xAE, 0x51, 0x7F, 0xE9, 0x51, 0xCA, 0xA1, 0x66,
    0x90, 0xEE, 0x02, 0x77, 0x90, 0x7F, 0x60, 0x28, 0xA4, 0x3B, 0x54, 0x90, 0x71, 0x43, 0x85, 0x67,
    0xCE, 0x8A, 0x41, 0x51, 0x79, 0x54, 0x94, 0xB3, 0x51, 0x51, 0x8D, 0xA6, 0x1A, 0x3F, 0x6D, 0x69,
    0xD9, 0xDB, 0x2B, 0x23, 0xDF, 0x6F, 0x1F, 0x7B, 0x79, 0xB9, 0xBB, 0xDC, 0xAA, 0x26, 0xAF, 0x67,
    0x2A, 0x3C, 0xE8, 0x4C, 0x91, 0x72, 0x16, 0x1A, 0xD9, 0xF8, 0xAD, 0x71, 0x7E, 0xA1, 0xA1, 0xF5,
    0x20, 0xC6, 0x11, 0xC6, 0x41, 0xE6, 0x2C, 0x59, 0xCA, 0x67, 0x1D, 0xF2, 0x72, 0xF2, 0x68, 0x27,
    0x8D, 0x42, 0x9A, 0x14, 0x65, 0xCE, 0x50, 0x5C, 0x4C, 0xD9, 0xEB, 0x70, 0x70, 0xCD, 0xA8, 0x28,
    0x58, 0xA1, 0x21, 0x6F, 0x89, 0xF6, 0x7B, 0x92, 0x5A, 0x0D, 0xEB, 0xEF, 0xC6, 0x03, 0x6E, 0x40,
    0x8F, 0x24, 0x01, 0x65, 0x35, 0x29, 0x39, 0xCF, 0x51, 0x6F, 0x5A, 0xA2, 0xDE, 0x12, 0xFD, 0x62,
    0x4F, 0x7C, 0x77, 0xE7, 0x44, 0x27, 0x6A, 0xD1, 0x44, 0x53, 0x2E, 0x0F, 0xD8, 0xA8, 0x91, 0x36,
    0x6E, 0xC6, 0xBA, 0x7D, 0xA8, 0xDF, 0xEB, 0x9C, 0xF4, 0x76, 0xC7, 0x59, 0xDE, 0x70, 0x01, 0x14,
    0xDF, 0x88, 0x94, 0x15, 0xF0, 0x87, 0x22, 0x5A, 0x4F, 0x51, 0x90, 0x9D, 0x46, 0x01, 0x15, 0x30,
    0x3F, 0x49, 0x88, 0x7E, 0x20, 0xF8, 0x53, 0x93, 0xDC, 0x5C, 0xCB, 0x16, 0xE5, 0x50, 0x16, 0x05,
    0x29, 0x9C, 0xC1, 0xC5, 0xC3, 0x2D, 0x29, 0xEA, 0x8D, 0x7C, 0xDD, 0x28, 0xAE, 0x53, 0x50, 0x96,
    0xA4, 0x85, 0x1E, 0x94, 0x43, 0x0C, 0xED, 0x43, 0x69, 0x6F, 0x37, 0xA4, 0x1D, 0x40, 0x74, 0xE2,
    0x35, 0x9B, 0x9E, 0x9B, 0x57, 0x0F, 0x37, 0xBB, 0x93, 0x91, 0x0B, 0xC8, 0x3F, 0x43, 0xB6, 0x7C,
    0xDB, 0x5A, 0x2F, 0x03, 0x2D, 0xEB, 0x40, 0xC7, 0x3A, 0xE9, 0xB8, 0xDA, 0x2D, 0x49, 0x9B, 0x25,
    0x2B, 0x66, 0x73, 0x2A, 0x4D, 0xAB, 0x23, 0x7F, 0x2E, 0xEA, 0x8B, 0xC4, 0x9D, 0x29, 0xF3, 0x6E,
    0x8A, 0xD2, 0xA8, 0x39, 0xD2, 0x93, 0x34, 0x08, 0xC7, 0x4A, 0xD4, 0xCA, 0xAC, 0x92, 0x26, 0x65,
    0x2E, 0x9B, 0x8C, 0xF9, 0xBB, 0x5E, 0x33, 0x3F, 0x7F, 0x31, 0xE7, 0xE9, 0xD3, 0x17, 0x2D, 0xFA,
    0xC5, 0x87, 0x1E, 0xDD, 0xFC, 0x5D, 0x4D, 0x51, 0xFF, 0x85, 0xA3, 0x74, 0xA5, 0xA5, 0x34, 0x25,
    0x94, 0x94, 0x8C, 0x81, 0x81, 0x70, 0x2A, 0x58, 0x27, 0x07, 0x5F, 0xC1, 0xD2, 0x43, 0x59, 0x07,
    0x2C, 0xE4, 0xC0, 0x95, 0x81, 0xDF, 0x3A, 0xC4, 0x2F, 0xEA, 0x31, 0xAB, 0xE5, 0xB4, 0x54, 0x54,
    0x44, 0x1E, 0xCF, 0xA1, 0x72, 0x73, 0xB4, 0xD2, 0xB2, 0x54, 0x30, 0xCF, 0x40, 0xEB, 0xC0, 0x0A,
    0xCE, 0x3D, 0xE4, 0x35, 0xA4, 0x0E, 0x94, 0x79, 0xF0, 0x7B, 0x54, 0xE4, 0xE1, 0xC6, 0xC1, 0x1E,
    0x10, 0x7D, 0x6F, 0xE2, 0xC5, 0x06, 0xA6, 0xF8, 0x44, 0xD4, 0x1C, 0x7F, 0xA1, 0xE1, 0x78, 0xBA,
    0x9F, 0x86, 0x28, 0x17, 0xFF, 0xC6, 0x55, 0xDF, 0x41, 0x0E, 0xF7, 0xC4, 0xCD, 0xD7, 0x46, 0x48,
    0x8E, 0xA1, 0x9B, 0xC1, 0x16, 0x9E, 0x9F, 0x1A, 0xE1, 0xE4, 0x7C, 0x30, 0xB3, 0xA4, 0x16, 0x7C,
    0xE4, 0xA3, 0x26, 0xAE, 0x45, 0x7D, 0xB2, 0x55, 0xF0, 0x30, 0x02, 0xF5, 0x18, 0x81, 0x4B, 0xE8,
    0xE0, 0x16, 0xD2, 0xA3, 0xCB, 0x9C, 0x66, 0xB1, 0x19, 0xA4, 0x86, 0xE7, 0xD0, 0x82, 0x87, 0xD3,
    0x54, 0xEB, 0xF8, 0xB1, 0xE5, 0x73, 0x18, 0xF6, 0xC8, 0x7C, 0x97, 0xD8, 0xB9, 0xBA, 0xE3, 0x45,
    0xDC, 0xF1, 0x7F, 0xAD, 0x98, 0x01, 0x84, 0x6D, 0x49, 0x7E, 0xFF, 0x3F, 0x55, 0x35, 0xFB, 0x6A,
    0xBD, 0x9A, 0x7F, 0xD7, 0x62, 0x87, 0xB1, 0xD3, 0xAF, 0xCF, 0x60, 0xF0, 0xCC, 0xFF, 0xDE, 0x7B,
    0x26, 0x34, 0x3A, 0x9C, 0xD3, 0xB7, 0xB2, 0x83, 0xC1, 0x4A, 0x6C, 0x48, 0x00, 0xAC, 0x10, 0xC4,
    0x6C, 0x64, 0x5E, 0xA4, 0xD1, 0x38, 0xEF, 0x75, 0xAD, 0x21, 0x43, 0x90, 0x3C, 0x01, 0x20, 0x49,
    0x13, 0x78, 0xD3, 0x8B, 0x6E, 0x74, 0xE4, 0x46, 0x7A, 0xFA, 0xD6, 0xEE, 0x20, 0x08, 0x14, 0x83,
    0x20, 0x24, 0x27, 0xB1, 0x88, 0x79, 0xEC, 0x2B, 0x72, 0x92, 0x9C, 0x79, 0xAF, 0xFB, 0x56, 0xCE,
    0xD1, 0x97, 0x36, 0xAC, 0x25, 0x57, 0xAB, 0xFA, 0x1C, 0xEA, 0x9C, 0x73, 0x3F, 0xCE, 0x3D, 0xF5,
    0xAD, 0x1F, 0x75, 0x44, 0xA7, 0x7A, 0x99, 0x00, 0x54, 0x50, 0x41, 0x07, 0xED, 0x8D, 0xB3, 0xCE,
    0x62, 0x29, 0x28, 0xD9, 0xA7, 0xA6, 0x06, 0x0D, 0x06, 0x3E, 0xF2, 0x2A, 0xF7, 0x36, 0x36, 0xFB,
    0xBC, 0xD6, 0xC0, 0x02, 0x3A, 0x48, 0x90, 0xA0, 0x83, 0x0B, 0xD1, 0xCE, 0x5F, 0x04, 0xB3, 0x82,
    0x88, 0x88, 0xE0, 0x41, 0x2C, 0x3D, 0xE6, 0x55, 0xA4, 0xC0, 0x51, 0x03, 0x15, 0xD0, 0x00, 0x87,
    0x37, 0xDC, 0x5B, 0x3D, 0xC3, 0xE6, 0xFE, 0x66, 0xBC, 0x00, 0x3A, 0x10, 0x09, 0x54, 0x04, 0xEB,
    0xE1, 0xE8, 0xE4, 0x19, 0xCB, 0x7C, 0x85, 0x14, 0xCF, 0xBE, 0x69, 0x72, 0xBE, 0x54, 0xBD, 0xEE,
    0x55, 0xA4, 0xB3, 0x8E, 0xA6, 0x80, 0x6A, 0x3A, 0x50, 0xC3, 0x61, 0x05, 0xE7, 0x35, 0xA4, 0x12,
    0xD5, 0x16, 0xBE, 0x08, 0x47, 0x2F, 0x73, 0x7B, 0xB0, 0xFC, 0xB7, 0x00, 0x50, 0x40, 0x6F, 0x9D,
    0x4C, 0xC6, 0xEB, 0xA0, 0x83, 0xF5, 0x2A, 0x96, 0xC8, 0xB6, 0x41, 0xA4, 0x1E, 0xFE, 0x3B, 0xC1,
    0x32, 0x30, 0xCF, 0x99, 0x77, 0x97, 0x27, 0x50, 0xC3, 0x87, 0x97, 0x9F, 0xB2, 0xCC, 0xD7, 0xD0,
    0x00, 0x0B, 0xA0, 0x07, 0x3A, 0x20, 0x89, 0x24, 0x5A, 0x19, 0x55, 0xBC, 0x7D, 0x4B, 0x00, 0x96,
    0x1D, 0x66, 0x4C, 0xA9, 0xC6, 0xC6, 0x21, 0x0B, 0xCE, 0xE1, 0xAD, 0xAF, 0x20, 0x2F, 0xBD, 0x4C,
    0xC3, 0xBD, 0x11, 0x54, 0x18, 0x68, 0x41, 0x5E, 0x83, 0xCE, 0x11, 0xFB, 0x41, 0x8F, 0xE5, 0x12,
    0xEB, 0x2D, 0xBA, 0xB7, 0x90, 0x7F, 0x00, 0xC5, 0x15, 0x88, 0x01, 0x1A, 0xA0, 0xE6, 0x3D, 0x1A,
    0x3E, 0x13, 0x3D, 0x65, 0x6E, 0x11, 0x9F, 0xC2, 0xC4, 0x50, 0x5B, 0x57, 0x59, 0xE0, 0xC3, 0xEF,
    0x43, 0x91, 0xAF, 0xE1, 0xD2, 0x95, 0x5E, 0xB6, 0xC8, 0x68, 0xDC, 0x77, 0x48, 0x5B, 0x32, 0x87,
    0x83, 0x89, 0xFE, 0x51, 0xDC, 0xDB, 0xB5, 0xB0, 0xF7, 0x68, 0x1B, 0x1E, 0x9E, 0x4D, 0x60, 0xEF,
    0xB8, 0x82, 0xDD, 0xF1, 0xF0, 0x68, 0x1C, 0x9E, 0x3D, 0xDA, 0xD1, 0x22, 0xEE, 0x99, 0x95, 0x0A,
    0x53, 0x71, 0x5C, 0x60, 0x3D, 0x17, 0xC8, 0xD5, 0xB2, 0x85, 0xF2, 0x2B, 0x90, 0xD7, 0x98, 0x53,
    0xD0, 0x4E, 0xFC, 0x90, 0x22, 0x53, 0x1B, 0xF6, 0xB6, 0xD8, 0xBF, 0xC4, 0xFE, 0x0B, 0xCC, 0xAC,
    0x63, 0x51, 0x23, 0xDB, 0x1E, 0xF3, 0x71, 0x4B, 0x69, 0xFC, 0x78, 0x0A, 0xAB, 0x03, 0xE6, 0xA7,
    0x2D, 0x2A, 0x26, 0x44, 0x6A, 0xF8, 0xF0, 0xE4, 0xE4, 0x78, 0x99, 0x73, 0x0B, 0x32, 0x82, 0x1A,
    0x09, 0x37, 0xE8, 0x01, 0xE9, 0xDE, 0x3D, 0x99, 0xAF, 0x86, 0x64, 0x18, 0x77, 0xF6, 0x70, 0xF5,
    0xF0, 0x57, 0x3E, 0xDF, 0xFE, 0x9D, 0x4F, 0xB6, 0xFF, 0xFC, 0xFA, 0xCD, 0xBF, 0xFE, 0xBD, 0xDD,
    0x3F, 0x7A, 0xFD, 0x6C, 0x7A, 0x2F, 0xE8, 0xEB, 0xC1, 0xE0, 0x97, 0xD9, 0xDF, 0xF3, 0xF3, 0x74,
    0xBE, 0xD7, 0x3E, 0x6C, 0x77, 0x2F, 0x53, 0xE9, 0x21, 0x81, 0x58, 0x4B, 0x07, 0xEE, 0xFF, 0xF8,
    0xCB, 0xE3, 0x22, 0xE7, 0x84, 0xF6, 0x8C, 0x60, 0x1C, 0x58, 0x6E, 0x00, 0xDE, 0x3D, 0x19, 0x25,
    0xD9, 0xB3, 0xF4, 0xEA, 0x79, 0x92, 0x24, 0x48, 0xC8, 0x16, 0x15, 0xB0, 0x8E, 0x1A, 0x3A, 0x74,
    0xA4, 0x3C, 0xF1, 0xF3, 0x1C, 0x6E, 0xEE, 0x11, 0x24, 0x44, 0xE2, 0x87, 0x9E, 0xEC, 0xD0, 0x01,
    0x19, 0x87, 0xFE, 0xA6, 0x0A, 0xF3, 0x53, 0x67, 0xBE, 0x42, 0x05, 0xCB, 0x94, 0x3D, 0x44, 0x4B,
    0x92, 0x91, 0xA4, 0xA2, 0x48, 0x2A, 0x88, 0x56, 0x05, 0xD9, 0xEA, 0xA0, 0xA2, 0xF6, 0x2A, 0x18,
    0xA7, 0x82, 0x75, 0x66, 0xC0, 0x7A, 0x1B, 0x8E, 0x7C, 0x91, 0x9F, 0xBB, 0x9D, 0xE5, 0xF7, 0xDC,
    0x14, 0xD6, 0xF9, 0xFF, 0xFA, 0x1A, 0xE0, 0xAD, 0x8C, 0xC8, 0x2F, 0x30, 0xF9, 0x8F, 0x29, 0xF2,
    0x9F, 0x50, 0xE6, 0x5F, 0x67, 0x9E, 0x5F, 0x5F, 0xB3, 0xCD, 0x7C, 0xF5, 0x90, 0x62, 0x40, 0x5F,
    0xEF, 0xC2, 0xEF, 0xBF, 0x07, 0xDB, 0x23, 0x8F, 0xE0, 0xE1, 0x31, 0xEC, 0x3E, 0x1D, 0x88, 0xF0,
    0x5E, 0x80, 0x3F, 0x5C, 0xF3, 0x9B, 0x8E, 0xE9, 0x93, 0x4A, 0x7A, 0x8D, 0xF5, 0xA2, 0x25, 0xCE,
    0x3D, 0xD0, 0xC8, 0x2B, 0xB3, 0x78, 0x6D, 0x0C, 0x66, 0x1A, 0xDB, 0x98, 0xE2, 0xFF, 0xFF, 0x1F,
    0xF3, 0x2B, 0xB1, 0xC2, 0x3C, 0xF7, 0x3B, 0x32, 0x4C, 0x44, 0xA8, 0x64, 0xD8, 0x53, 0xA1, 0xD2,
    0xBE, 0x38, 0x45, 0x77, 0xD8, 0xF7, 0x83, 0xFE, 0x49, 0x92, 0x6D, 0x47, 0xD7, 0xD0, 0xCC, 0x58,
    0xEC, 0xCB, 0xB6, 0x1F, 0xA6, 0xB8, 0x30, 0x7E, 0x18, 0x71, 0x3C, 0x74, 0x33, 0xE6, 0x6E, 0x16,
    0xD1, 0x5E, 0x46, 0x2C, 0x2A, 0x30, 0x19, 0x0F, 0x07, 0x28, 0x4F, 0xCB, 0xF8, 0x32, 0x4A, 0xED,
    0x0C, 0x4F, 0x8C, 0xDB, 0xE1, 0xE7, 0xCB, 0x54, 0xA9, 0xBF, 0x78, 0xC3, 0x9D, 0x99, 0x09, 0x22,
    0x6E, 0x57, 0x28, 0xBF, 0x5B, 0x61, 0xF9, 0xAF, 0xC7, 0x4C, 0xC8, 0x2B, 0x0E, 0xF8, 0xED, 0x05,
    0x2D, 0x9C, 0xC9, 0x00, 0x88, 0x9B, 0x39, 0x6A, 0x31, 0xF0, 0x6E, 0xE4, 0x01, 0xC8, 0xC0, 0x1E,
    0xA8, 0x40, 0x1A, 0x8F, 0x32, 0x80, 0xF2, 0xDA, 0xFD, 0x16, 0xDA, 0x6F, 0xE9, 0x8C, 0x76, 0xD5,
    0x96, 0x71, 0xC6, 0x1D, 0xBC, 0xA6, 0xFD, 0x32, 0xB5, 0x18, 0xF7, 0xC6, 0xFB, 0x01, 0x0B, 0x06,
    0x2A, 0x78, 0x00, 0xE7, 0xB0, 0x87, 0x8C, 0x90, 0xB0, 0x20, 0x23, 0xF3, 0x13, 0x94, 0xE7, 0x68,
    0xC5, 0x37, 0x00, 0x10, 0xD7, 0xF0, 0x0E, 0xF6, 0x85, 0xE3, 0x8C, 0x41, 0x22, 0x22, 0x18, 0x94,
    0x47, 0x7C, 0x86, 0x05, 0x79, 0xC5, 0x04, 0xD8, 0xE1, 0x10, 0xB0, 0x24, 0xE3, 0xB1, 0x32, 0x14,
    0xFE, 0x60, 0xA6, 0xDD, 0xDC, 0xCD, 0xAF, 0xB6, 0x78, 0xCE, 0xBD, 0xA7, 0x95, 0xFC, 0x33, 0xE0,
    0x4C, 0x5B, 0xC6, 0xBF, 0xB8, 0x05, 0xCA, 0xFF, 0xEA, 0x1F, 0x80, 0xE1, 0x28, 0x3B, 0x1E, 0xF0,
    0xC6, 0x63, 0xD8, 0x83, 0x0A, 0x8E, 0x01, 0xD0, 0x01, 0x1B, 0x30, 0x1E, 0xE0, 0x3E, 0x58, 0xB0,
    0x30, 0x85, 0x05, 0x22, 0x31, 0x5E, 0x84, 0x19, 0x54, 0xD0, 0xC0, 0x05, 0x4F, 0x1F, 0xCB, 0x76,
    0x9E, 0xC7, 0x95, 0x01, 0x1D, 0x70, 0x08, 0x54, 0xC0, 0x03, 0x00, 0x60, 0x1F, 0x78, 0x02, 0x64,
    0x10, 0x2F, 0x40, 0xFD, 0x2B, 0xE8, 0x7F, 0x74, 0xD8, 0xEF, 0x79, 0x0A, 0xED, 0xA9, 0x55, 0xA0,
    0x19, 0xE8, 0x54, 0x10, 0x49, 0x45, 0x95, 0x73, 0xD4, 0x39, 0xB7, 0xD6, 0x8B, 0x54, 0x20, 0xD2,
    0x3E, 0xA4, 0x06, 0x3A, 0x46, 0x10, 0x2D, 0xA8, 0x00, 0xE6, 0x8E, 0xDD, 0xD6, 0x41, 0x19, 0xE0,
    0x6F, 0x22, 0x22, 0xA6, 0xBB, 0x75, 0x2F, 0x76, 0x91, 0x39, 0xA1, 0x3E, 0x89, 0x77, 0xEA, 0x15,
    0xF1, 0x00, 0xD5, 0xF6, 0xC8, 0x70, 0x76, 0xA7, 0x5E, 0x0A, 0x0F, 0xBB, 0x11, 0x1E, 0xC5, 0x9B,
    0x65, 0x5B, 0xDE, 0xA1, 0x7B, 0xB8, 0xD2, 0x82, 0x7E, 0x79, 0xF2, 0x14, 0x6C, 0x02, 0x28, 0x13,
    0xA3, 0x3B, 0x01, 0xBC, 0x6C, 0x01, 0xF9, 0x9F, 0x2D, 0xA0, 0xBE, 0x88, 0x80, 0xF9, 0x38, 0x5F,
    0x43, 0xA1, 0xBF, 0x7C, 0x06, 0xB5, 0x0E, 0xC0, 0x85, 0xF1, 0xC0, 0xEA, 0xD4, 0x33, 0xBA, 0x1C,
    0xE8, 0x60, 0x01, 0xEB, 0x0A, 0x60, 0x46, 0x79, 0xF2, 0x8C, 0x86, 0x32, 0xF7, 0xA0, 0x57, 0x8E,
    0xA3, 0xD3, 0x56, 0x74, 0xA2, 0xD3, 0x91, 0xEF, 0x5B, 0x07, 0x25, 0x50, 0x03, 0x0D, 0x70, 0x01,
    0xF4, 0x6B, 0xBA, 0x35, 0xFD, 0xFA, 0x7C, 0x8D, 0xA1, 0xF4, 0x1F, 0x61, 0x46, 0xCF, 0xA5, 0x87,
    0x3D, 0xE0, 0x31, 0x60, 0x00, 0x0B, 0xA2, 0x07, 0x54, 0x04, 0xD1, 0x02, 0x09, 0x38, 0x07, 0x80,
    0x9C, 0x3B, 0xF1, 0xF2, 0xE4, 0x58, 0x24, 0x90, 0x2D, 0xA8, 0x91, 0x78, 0x83, 0x0E, 0x03, 0x39,
    0x63, 0xBE, 0x3C, 0xC1, 0x7A, 0xB0, 0x6E, 0x00, 0x28, 0xD6, 0xCC, 0x80, 0xF9, 0xC9, 0xA7, 0xCC,
    0xF3, 0x6A, 0x2D, 0x37, 0x0E, 0xB6, 0x80, 0xEA, 0x8E, 0xDD, 0x15, 0x90, 0x41, 0xFE, 0x93, 0x43,
    0xBF, 0x1F, 0xEE, 0xD4, 0x6D, 0xBE, 0x1B, 0xB1, 0x1F, 0xB7, 0xDC, 0x97, 0xFE, 0x2E, 0xBD, 0xC6,
    0x8F, 0x85, 0x95, 0x76, 0xB4, 0xA8, 0x56, 0x45, 0x15, 0xF4, 0xD0, 0x8C, 0xB7, 0x6E, 0x68, 0x14,
    0x14, 0xCC, 0xA8, 0xA9, 0xA9, 0x68, 0xB8, 0x00, 0xE3, 0xB1, 0x50, 0xC1, 0x19, 0x80, 0x6C, 0x51,
    0x43, 0x8F, 0xA8, 0x80, 0x1E, 0x3B, 0xE3, 0x75, 0xC7, 0xD8, 0xA1, 0x80, 0x02, 0x66, 0x50, 0x43,
    0x7D, 0x5B, 0xD3, 0x60, 0x81, 0xB8, 0x42, 0xFF, 0x29, 0x5B, 0x66, 0x73, 0xC9, 0x8E, 0xF6, 0xA5,
    0x09, 0x0F, 0xB4, 0xDB, 0xD8, 0xC0, 0x98, 0xF1, 0x97, 0xA7, 0x49, 0x24, 0xD1, 0xCB, 0x96, 0x8B,
    0x81, 0x4A, 0xC5, 0x81, 0x40, 0x3D, 0x50, 0x95, 0x5F, 0x1E, 0x57, 0x47, 0x39, 0x35, 0xD6, 0x73,
    0x61, 0x1D, 0xBD, 0x45, 0xA4, 0x02, 0xD5, 0x16, 0x98, 0x30, 0xA3, 0x74, 0xF3, 0x1F, 0x5F, 0x31,
    0xCF, 0x4F, 0x81, 0xC5, 0x1E, 0x88, 0x7C, 0xC6, 0x6D, 0x1D, 0xA2, 0x47, 0x07, 0x71, 0x85, 0x09,
    0xE2, 0x1A, 0xE3, 0x65, 0xC6, 0x3A, 0xF5, 0xC2, 0x0D, 0x87, 0x7F, 0xF6, 0x16, 0xF5, 0x79, 0x28,
    0xD0, 0x3F, 0x6D, 0x67, 0xE8, 0x9F, 0xA4, 0x19, 0xC6, 0x77, 0x35, 0xD6, 0x35, 0x15, 0xD6, 0x55,
    0x0D, 0x96, 0x59, 0x43, 0x81, 0x5D, 0x50, 0x62, 0x7B, 0x66, 0xE8, 0x8E, 0x1A, 0x95, 0xA8, 0x91,
    0x09, 0x54, 0xE0, 0x76, 0x6D, 0x9C, 0x01, 0x80, 0x59, 0xC1, 0xF2, 0x34, 0xCA, 0x4E, 0x26, 0x13,
    0x58, 0x58, 0x47, 0x53, 0x42, 0x55, 0x43, 0xDD, 0x0C, 0x2C, 0xA0, 0xEA, 0xA1, 0xE9, 0xE0, 0x62,
    0xA0, 0xEF, 0x11, 0x69, 0x81, 0x6A, 0x1B, 0x4C, 0x28, 0x29, 0xB1, 0xAF, 0xAE, 0x10, 0xF9, 0x29,
    0x37, 0x72, 0xE3, 0xE0, 0x01, 0xF0, 0xED, 0x3B, 0x76, 0x57, 0x40, 0x06, 0xF5, 0x0F, 0x8E, 0x6F,
    0x08, 0x77, 0xA7, 0x6E, 0xD5, 0x46, 0x4C, 0x0E, 0x7C, 0xF3, 0x3E, 0x77, 0xE8, 0xFD, 0xDA, 0x9A,
    0xBB, 0x4B, 0xAF, 0x70, 0xBC, 0xAD, 0x03, 0x83, 0x45, 0x47, 0xFA, 0x02, 0xEA, 0x0B, 0x28, 0x12,
    0xD8, 0x00, 0xF3, 0x04, 0x7D, 0x8F, 0x8A, 0x8F, 0x29, 0x5C, 0x49, 0x8D, 0xF5, 0xDF, 0x42, 0x80,
    0xCC, 0x7F, 0x09, 0xC5, 0xF3, 0x2B, 0xF8, 0x8C, 0x6B, 0x64, 0x92, 0x19, 0x15, 0xD5, 0x5F, 0x61,
    0x82, 0x1D, 0xD7, 0xEA, 0xD4, 0xBA, 0x82, 0x3D, 0xEB, 0x66, 0x24, 0xCB, 0xBE, 0x8C, 0x05, 0xB5,
    0xF6, 0x25, 0xF5, 0x30, 0x60, 0x7F, 0x42, 0x43, 0x79, 0x48, 0x4F, 0x91, 0x64, 0xC2, 0x46, 0x13,
    0xD0, 0xAB, 0x0C, 0x5B, 0x47, 0x3F, 0x83, 0x0A, 0x00, 0x15, 0x40, 0xC6, 0xAF, 0xC5, 0x4A, 0x85,
    0xC1, 0x11, 0xA8, 0x4C, 0xA0, 0x31, 0x9E, 0xC6, 0x3A, 0x16, 0x37, 0x0B, 0x81, 0xAE, 0x80, 0x54,
    0x22, 0xD2, 0x6C, 0xA0, 0x46, 0xB6, 0x35, 0x2A, 0x56, 0xA8, 0x50, 0xA1, 0xC3, 0x18, 0xE6, 0x92,
    0x7D, 0xEC, 0xAB, 0x9E, 0xDB, 0x58, 0x59, 0x60, 0x0A, 0x7C, 0xFB, 0x8E, 0xDD, 0x15, 0xF0, 0xF3,
    0xDB, 0x58, 0xDD, 0x9D, 0x7B, 0x3D, 0xFD, 0xEF, 0xC7, 0x71, 0xFA, 0xEF, 0xFE, 0x99, 0xCF, 0x41,
    0x44, 0x50, 0x1E, 0x80, 0x06, 0xD5, 0xD6, 0x98, 0x30, 0xA3, 0xA0, 0x60, 0xFC, 0xC5, 0x05, 0xE6,
    0x47, 0x09, 0xFD, 0x79, 0x64, 0xA8, 0x19, 0xC8, 0x0C, 0xE2, 0x1A, 0x6E, 0x77, 0xA5, 0x20, 0x06,
    0xE4, 0xC8, 0x6D, 0xE9, 0x5F, 0x9F, 0x5F, 0x5F, 0xCB, 0x5F, 0xA1, 0x72, 0xF6, 0x2A, 0x9A, 0x71,
    0xF7, 0xDA, 0xEA, 0x20, 0x47, 0xE2, 0x58, 0xF2, 0xAD, 0x37, 0xC1, 0xBA, 0x12, 0x9B, 0xAF, 0x28,
    0x4E, 0x1C, 0x05, 0x30, 0x03, 0xEA, 0x35, 0xBC, 0xD5, 0xC3, 0x72, 0xE9, 0x44, 0x32, 0xE3, 0x16,
    0x67, 0xDC, 0xF9, 0x7A, 0xED, 0x0B, 0x8C, 0xBB, 0xC0, 0x7E, 0xB7, 0xC5, 0xAA, 0x80, 0xD5, 0x81,
    0x42, 0x75, 0xEC, 0xB0, 0x64, 0x8A, 0xF5, 0x35, 0x3A, 0x54, 0x23, 0x8F, 0xAC, 0x6B, 0x9E, 0x5C,
    0xB2, 0x28, 0x3A, 0x98, 0x02, 0x3B, 0x80, 0x05, 0xB4, 0x03, 0x80, 0xA3, 0x2F, 0x82, 0x5C, 0xFD,
    0x4F, 0x30, 0xA1, 0xF4, 0x16, 0xEB, 0x67, 0x58, 0x57, 0x61, 0xB9, 0xA1, 0xA0, 0x61, 0x46, 0x35,
    0xC6, 0x96, 0x6B, 0xEC, 0x8B, 0x0B, 0xE4, 0x75, 0x05, 0xD4, 0xC0, 0x21, 0xD0, 0x82, 0x0C, 0x9B,
    0x7B, 0x54, 0x04, 0x93, 0x60, 0x7A, 0x00, 0x07, 0x93, 0xCD, 0x3D, 0xE5, 0x6F, 0xC0, 0xDF, 0x5F,
    0xC1, 0xD3, 0xE3, 0xCD, 0x1D, 0x07, 0x0F, 0xA0, 0xDF, 0x87, 0xB3, 0xCD, 0x9F, 0x03, 0xDD, 0xC2,
    0xEB, 0xBB, 0x37, 0x1B, 0x44, 0x13, 0x37, 0xF7, 0x2C, 0xE3, 0x47, 0xAD, 0x7E, 0xF5, 0x72, 0x75,
    0x65, 0x38, 0x0A, 0x33, 0x98, 0x63, 0xA1, 0xC6, 0x8A, 0x93, 0xCB, 0x93, 0x53, 0x9B, 0x73, 0x5E,
    0xED, 0xBB, 0x43, 0x58, 0xB0, 0x80, 0x73, 0xAE, 0x60, 0xA1, 0x56, 0x9C, 0xCD, 0x97, 0x3F, 0x78,
    0xDE, 0x9A, 0xFE, 0xDE, 0x0A, 0xCA, 0x9F, 0x21, 0x56, 0x2B, 0x74, 0x2C, 0xB0, 0xEE, 0x35, 0x66,
    0xBF, 0x60, 0xE7, 0x5B, 0x01, 0x35, 0x6F, 0x53, 0xFE, 0x5A, 0x87, 0xC9, 0x11, 0xF1, 0x77, 0xC0,
    0x31, 0xD0, 0x03, 0xDB, 0xC0, 0x04, 0x74, 0xC7, 0x6D, 0x60, 0x8C, 0x03, 0xE5, 0x01, 0xA0, 0x6C,
    0x91, 0xAB, 0x2B, 0x4C, 0x28, 0xB0, 0x58, 0x66, 0x18, 0xF6, 0x4F, 0x4E, 0x99, 0xE7, 0x4C, 0x05,
    0x6B, 0xBE, 0x45, 0xC9, 0x21, 0xF6, 0x79, 0x42, 0x66, 0xB7, 0x16, 0x55, 0x40, 0x02, 0x11, 0x36,
    0xF7, 0xC8, 0x16, 0x74, 0x82, 0x9D, 0x0A, 0xF6, 0xB6, 0x37, 0xF7, 0x54, 0x16, 0x2E, 0xCA, 0x71,
    0xE2, 0x37, 0x76, 0x54, 0xEC, 0x60, 0x31, 0x80, 0xC5, 0xFE, 0xC2, 0x8F, 0x50, 0x09, 0x2A, 0xCE,
    0x45, 0x94, 0xEE, 0x97, 0xDE, 0x93, 0x50, 0x3D, 0xF6, 0x01, 0x6F, 0xDE, 0x07, 0x50, 0x61, 0xDD,
    0xB5, 0xC7, 0x0C, 0xDD, 0x61, 0x59, 0xF7, 0x1D, 0x98, 0xC1, 0x14, 0x2A, 0xD8, 0xD6, 0xEC, 0x5B,
    0x5F, 0xD9, 0xFF, 0xC3, 0x4F, 0x00, 0xD1, 0x15, 0x1C, 0x5D, 0x60, 0x5B, 0x9E, 0x24, 0xD1, 0x2E,
    0x70, 0x15, 0xDF, 0x99, 0xCA, 0xBC, 0x32, 0xF1, 0xB2, 0x60, 0xBF, 0x66, 0x56, 0x31, 0x6B, 0xA8,
    0x0F, 0xA9, 0x1A, 0xCE, 0x6B, 0x91, 0x8A, 0x17, 0xE1, 0xDE, 0x35, 0x14, 0x1F, 0xC0, 0x7C, 0x05,
    0x8F, 0x16, 0x00, 0x98, 0x0F, 0x7A, 0xCC, 0x93, 0x25, 0xB6, 0xB5, 0xCE, 0x06, 0xE3, 0x2C, 0xC6,
    0x15, 0x58, 0xB7, 0x83, 0x65, 0x3A, 0x50, 0x53, 0x50, 0xB1, 0xC3, 0x20, 0x63, 0xB0, 0xB1, 0xA0,
    0xFA, 0x7A, 0x8A, 0x54, 0x00, 0x80, 0xB2, 0x5B, 0x27, 0xD5, 0x7A, 0xEB, 0x74, 0x98, 0xA1, 0x42,
    0x3D, 0xB0, 0x2E, 0xD7, 0x03, 0xD6, 0x57, 0x14, 0x94, 0x3C, 0xC6, 0xBE, 0xEA, 0x10, 0xD9, 0x03,
    0xF6, 0xB6, 0x6C, 0x13, 0x37, 0xF7, 0x88, 0x04, 0xAA, 0x07, 0x3B, 0x81, 0xC9, 0xFF, 0xDB, 0xDC,
    0x53, 0x7C, 0x02, 0xF3, 0x15, 0xBC, 0xFD, 0xBB, 0x9B, 0x3B, 0x2A, 0x0B, 0x8F, 0x0B, 0xC7, 0xC3,
    0xAD, 0xCD, 0x1D, 0x66, 0xC0, 0x06, 0x30, 0x0E, 0x00, 0x80, 0x0F, 0x6F, 0xBE, 0xBF, 0x05, 0x00,
    0x00, 0x2A, 0xE0, 0x33, 0xE0, 0x10, 0x40, 0x79, 0xCA, 0x57, 0x88, 0xD5, 0x12, 0x1D, 0xE7, 0xDE,
    0xBA, 0xBF, 0x0D, 0x33, 0xF1, 0x45, 0xA8, 0xD5, 0xC7, 0xA1, 0xB2, 0x2A, 0x54, 0x13, 0x1D, 0xAA,
    0x5D, 0xEB, 0xEB, 0xB6, 0xA0, 0x0C, 0x8F, 0xB1, 0xCF, 0x3B, 0x6C, 0xF6, 0x4C, 0xD6, 0x1E, 0xA6,
    0xC0, 0x16, 0x60, 0x01, 0xE0, 0x97, 0xCD, 0xFD, 0xF9, 0x40, 0xC7, 0xC5, 0x40, 0xCF, 0x85, 0xEE,
    0x39, 0xBA, 0x3E, 0xA7, 0x68, 0xCF, 0x6F, 0x2B, 0x82, 0x8C, 0x03, 0x6E, 0x73, 0x8F, 0x0E, 0xB0,
    0xD5, 0xC2, 0xDE, 0x19, 0x1C, 0xBF, 0xB3, 0xB9, 0xE7, 0x6C, 0x02, 0x5D, 0x0D, 0xC7, 0x0F, 0x37,
    0x77, 0xA0, 0x02, 0x58, 0x60, 0x02, 0xBC, 0x03, 0x80, 0x48, 0x0C, 0x4D, 0xB6, 0x24, 0x15, 0xE8,
    0x8C, 0xE7, 0xDC, 0xC2, 0xE1, 0x0C, 0xAA, 0x6A, 0x60, 0x01, 0x93, 0x04, 0x65, 0x84, 0x22, 0xDC,
    0x6E, 0x11, 0xA7, 0xC0, 0x21, 0x88, 0x04, 0xA7, 0x01, 0x56, 0xDC, 0x8C, 0x39, 0x07, 0x3A, 0x20,
    0xDD, 0x20, 0x46, 0xFE, 0xFD, 0x1A, 0x99, 0x97, 0x5E, 0x75, 0x3A, 0xA8, 0x56, 0xDE, 0x7C, 0x0F,
    0x1D, 0x30, 0x5E, 0x46, 0xE3, 0x54, 0x1C, 0x33, 0x34, 0x26, 0xC9, 0x86, 0x39, 0xC5, 0xCB, 0x2B,
    0x66, 0x65, 0x64, 0x0A, 0x54, 0xB7, 0x70, 0x08, 0x2C, 0x00, 0xAC, 0x0A, 0x14, 0x1F, 0x44, 0xB6,
    0x94, 0xBF, 0xCB, 0x67, 0xFF, 0x5F, 0xB5, 0xD9, 0x01, 0x84, 0x2D, 0x69, 0x7A, 0xFF, 0xF1, 0x4F,
    0x55, 0xFD, 0xFF, 0x53, 0xFB, 0x9F, 0x32, 0xF7, 0x1D, 0x0C, 0xD6, 0x7F, 0xEF, 0xED, 0x0A, 0x16,
    0x63, 0x72, 0xFB, 0x9C, 0x60, 0xC8, 0x45, 0x9D, 0x3E, 0x95, 0x0D, 0x09, 0x96, 0x9D, 0x01, 0x01,
    0x58, 0x80, 0xCD, 0xC2, 0x5E, 0x31, 0x89, 0xC6, 0x99, 0xE9, 0xDA, 0x5D, 0x0C, 0x96, 0xEC, 0x05,
    0x02, 0xC4, 0xC5, 0x62, 0xD3, 0x2B, 0x6E, 0x87, 0x1B, 0x3A, 0xF4, 0x6C, 0x57, 0x76, 0x10, 0x0C,
    0xB6, 0x62, 0xAD, 0x60, 0xB1, 0x95, 0x64, 0x22, 0x76, 0x76, 0x93, 0x5B, 0xD9, 0x14, 0x39, 0xB9,
    0xD3, 0x7D, 0x2A, 0xE7, 0x9C, 0xAE, 0x8D, 0xEE, 0xDD, 0x31, 0xBB, 0xD3, 0xD3, 0xAB, 0xDE, 0xDF,
    0x53, 0x54, 0xEB, 0xF7, 0xF9, 0xBE, 0x6F, 0xD5, 0xF3, 0x3C, 0xEF, 0xFB, 0x1E, 0xC9, 0x70, 0x26,
    0x3E, 0xFC, 0x06, 0xB0, 0x87, 0x37, 0x30, 0x10, 0x3D, 0x21, 0xF9, 0x21, 0xE9, 0x3B, 0xA5, 0xF0,
    0xD9, 0x4A, 0x9E, 0x56, 0x66, 0x49, 0x6D, 0xB1, 0x56, 0x9F, 0xD4, 0x51, 0x97, 0x34, 0xC9, 0x30,
    0x34, 0xE9, 0x30, 0xB4, 0xA1, 0x8A, 0xBA, 0x5C, 0xD4, 0xED, 0xD1, 0x2D, 0xE8, 0x0D, 0x03, 0x87,
    0x7F, 0x01, 0x1C, 0x7C, 0xAF, 0x8E, 0x57, 0xFF, 0x55, 0x67, 0xF5, 0xB4, 0x0A, 0x42, 0x35, 0x11,
    0xCA, 0x42, 0x70, 0xA1, 0xDC, 0xC2, 0x44, 0x61, 0xCF, 0x9E, 0x73, 0xE1, 0xC9, 0x89, 0xF8, 0xBC,
    0x40, 0xF9, 0x82, 0xA8, 0xBE, 0xC7, 0xD3, 0x8E, 0x83, 0xEA, 0x46, 0xD9, 0xEE, 0x3F, 0xCB, 0x6B,
    0xBB, 0xCC, 0x97, 0x3C, 0xF3, 0xE0, 0xFA, 0x8C, 0x57, 0x78, 0x86, 0x4B, 0x3C, 0x5F, 0xBB, 0xE0,
    0xD9, 0x4B, 0x2F, 0x78, 0xCE, 0xD6, 0x3C, 0xFD, 0x9A, 0xA7, 0x4B, 0x2E, 0x78, 0x86, 0xA1, 0xCB,
    0xCB, 0xA8, 0x9B, 0xD3, 0xBD, 0x4E, 0x4F, 0x54, 0x93, 0xE1, 0x39, 0xDC, 0x46, 0x7E, 0x44, 0xD6,
    0x5C, 0x8F, 0x69, 0x9F, 0xA8, 0x21, 0xA9, 0x48, 0x4A, 0x92, 0x9F, 0x10, 0x2F, 0x91, 0x34, 0x64,
    0x25, 0x77, 0xF0, 0x02, 0x90, 0xAE, 0x4A, 0x07, 0x8F, 0xDA, 0xB8, 0xD7, 0xA7, 0xB5, 0xE7, 0x43,
    0xC9, 0x04, 0x33, 0x2C, 0x70, 0x8C, 0x25, 0xFA, 0x51, 0xCB, 0xF1, 0xD9, 0x42, 0x64, 0x2A, 0x97,
    0x3D, 0x3D, 0x17, 0x9D, 0x3E, 0x40, 0x8E, 0x02, 0x47, 0x44, 0x0D, 0x30, 0x7D, 0x57, 0xBC, 0x5A,
    0xC9, 0x9A, 0x20, 0x60, 0x82, 0xE2, 0x92, 0x16, 0xE3, 0x7D, 0xEE, 0xB1, 0xF0, 0xE3, 0x4E, 0xBC,
    0x2A, 0x31, 0xC3, 0x40, 0xF2, 0x76, 0xE5, 0x99, 0xA8, 0xBC, 0x51, 0xC6, 0xA8, 0x23, 0xED, 0xB9,
    0x55, 0xF0, 0xE2, 0x9D, 0xEB, 0x33, 0x8E, 0x7F, 0xE1, 0x9E, 0x9B, 0xE5, 0x6B, 0x48, 0x5A, 0xE2,
    0xFA, 0xFA, 0x6C, 0xC9, 0x77, 0x1A, 0xD1, 0x0F, 0x4A, 0xDE, 0xC2, 0xA7, 0x6F, 0x96, 0xEF, 0x4E,
    0x20, 0x14, 0xA4, 0xDD, 0xC7, 0x63, 0x8C, 0xEB, 0x96, 0x7F, 0xAE, 0x39, 0x45, 0x01, 0x0C, 0x43,
    0x19, 0x3D, 0x7D, 0xD4, 0x46, 0x5D, 0xD4, 0xC7, 0xAD, 0x93, 0xA4, 0x51, 0x6C, 0x55, 0x2B, 0xD2,
    0x0B, 0x2D, 0xB2, 0xCA, 0x22, 0x54, 0x8E, 0x43, 0xA9, 0x0F, 0xA2, 0x2E, 0x97, 0xB4, 0xB9, 0xAC,
    0x9E, 0x98, 0x9A, 0x7F, 0xEB, 0xCC, 0x7C, 0x78, 0x00, 0xAF, 0x3E, 0xC4, 0x4F, 0x3B, 0xFC, 0x47,
    0x47, 0xD4, 0xB6, 0xC4, 0xFF, 0x54, 0x13, 0x37, 0x48, 0xEA, 0x6D, 0x98, 0x8B, 0x57, 0xEF, 0xD7,
    0x36, 0x41, 0x25, 0x08, 0x95, 0x89, 0x50, 0x2A, 0x04, 0xA3, 0x91, 0xB3, 0x30, 0xA1, 0xB0, 0x67,
    0x1B, 0x5C, 0xDB, 0xE8, 0x1A, 0xC3, 0x6B, 0xCD, 0xEA, 0xE9, 0xA3, 0x6E, 0xCD, 0xBA, 0xDC, 0xB0,
    0xAE, 0x35, 0xB2, 0x9A, 0x6D, 0x78, 0xA7, 0xEF, 0x3D, 0x2C, 0x0E, 0x86, 0x6E, 0xC3, 0x7A, 0x12,
    0x4A, 0xCB, 0x9F, 0x63, 0x2D, 0x2F, 0xB1, 0x76, 0x44, 0x1D, 0xC3, 0x19, 0x7F, 0xF0, 0xEE, 0x05,
    0x62, 0x52, 0x6F, 0x00, 0xD7, 0x7C, 0x1F, 0x2D, 0xE6, 0xC3, 0xD0, 0x7A, 0xF6, 0xF0, 0x01, 0x5B,
    0xBE, 0x3E, 0x7A, 0x7A, 0xF8, 0x30, 0xEA, 0x88, 0x5B, 0x92, 0x8D, 0x9A, 0x0B, 0xA5, 0x35, 0xE9,
    0x30, 0xC8, 0xDE, 0x3B, 0x14, 0x2A, 0x42, 0x49, 0x40, 0x3E, 0x6A, 0x82, 0xF9, 0x3A, 0x67, 0xCF,
    0x87, 0x15, 0xA7, 0x03, 0x87, 0x87, 0xC0, 0xB4, 0x15, 0xAF, 0xCE, 0x64, 0x75, 0x2E, 0x08, 0x26,
    0x32, 0x7B, 0x87, 0x8F, 0xCC, 0x87, 0x41, 0xC1, 0xA8, 0xE7, 0x4D, 0xED, 0x5F, 0xBC, 0xE7, 0xA1,
    0x24, 0xF2, 0xAA, 0x54, 0x23, 0x79, 0x52, 0x8B, 0x56, 0x6E, 0x94, 0xED, 0xE5, 0x94, 0x7B, 0x3B,
    0xE4, 0x67, 0x63, 0xFE, 0xBE, 0x0E, 0xE3, 0xE5, 0x58, 0x7E, 0xF9, 0x66, 0xF9, 0xE2, 0xF1, 0x9F,
    0xE2, 0xEA, 0xFA, 0x6C, 0xBF, 0x8C, 0x65, 0xCD, 0x91, 0x0D, 0xC3, 0x2F, 0x67, 0x71, 0x17, 0x1D,
    0x51, 0x4D, 0xBC, 0xD1, 0x53, 0x9C, 0x5D, 0x83, 0xA9, 0xE2, 0x16, 0x9E, 0x43, 0x38, 0x22, 0x6B,
    0x49, 0xBE, 0xD2, 0x88, 0xFE, 0xAE, 0x64, 0x85, 0xFD, 0x9B, 0x9D, 0xC3, 0xBB, 0xB7, 0xB8, 0x75,
    0x25, 0xDF, 0x5C, 0x83, 0xF9, 0x43, 0x6B, 0x4A, 0x17, 0xF7, 0xFA, 0xEC, 0x83, 0x72, 0x62, 0x74,
    0xF8, 0x70, 0x99, 0x0C, 0x6D, 0x2F, 0x69, 0x46, 0xD5, 0xC7, 0xD2, 0x7A, 0xB1, 0xD6, 0x5C, 0x5E,
    0x85, 0xA7, 0x43, 0x15, 0x0D, 0x7F, 0x56, 0xD2, 0x13, 0x9F, 0x91, 0x7D, 0x8E, 0x3B, 0x19, 0x90,
    0xF7, 0x9D, 0xD3, 0xB7, 0xBA, 0xB8, 0xCB, 0xDA, 0xA4, 0x4E, 0xDA, 0xAC, 0x4A, 0x9A, 0x20, 0xA9,
    0x2F, 0x94, 0xD6, 0xB9, 0xAC, 0x0A, 0x42, 0x19, 0xAA, 0x79, 0x99, 0xBE, 0x3F, 0x70, 0xFA, 0x0A,
    0x02, 0x76, 0x51, 0x78, 0x41, 0x6F, 0xFE, 0xA8, 0xF5, 0xA9, 0x15, 0x52, 0xAD, 0xF4, 0x33, 0x8D,
    0x64, 0xA8, 0xF8, 0x43, 0x37, 0xCA, 0x7E, 0x3B, 0xAE, 0xDD, 0x49, 0x4A, 0xE1, 0x94, 0x78, 0x79,
    0xE3, 0xEC, 0x97, 0xEA, 0xE4, 0xCD, 0x72, 0x7B, 0x48, 0xD4, 0xA1, 0xBD, 0x61, 0xE6, 0x9B, 0x64,
    0xC4, 0x8B, 0x38, 0xB9, 0x34, 0x05, 0xF7, 0x01, 0xE0, 0x65, 0x3C, 0x44, 0x47, 0xD4, 0xA3, 0xBB,
    0xF9, 0xB1, 0x08, 0x25, 0xA6, 0x35, 0xFE, 0xBA, 0x21, 0x6A, 0x3B, 0x40, 0x27, 0xAD, 0xA3, 0x4E,
    0x56, 0xAD, 0x4D, 0x28, 0xE3, 0x76, 0x6D, 0x92, 0xB5, 0x91, 0x34, 0x72, 0x49, 0x2D, 0x97, 0xD6,
    0x26, 0xD2, 0x61, 0x38, 0x97, 0xAD, 0xCD, 0x58, 0x1D, 0x4B, 0x0B, 0x81, 0x85, 0x9C, 0x63, 0x53,
    0x7A, 0x13, 0x7A, 0x33, 0x3A, 0x33, 0x51, 0x47, 0x52, 0x13, 0x3A, 0x8A, 0xD7, 0x78, 0xF5, 0x05,
    0x10, 0xB5, 0xC4, 0xAD, 0xB1, 0xB8, 0x5D, 0x28, 0xDD, 0xE8, 0xCD, 0xA5, 0xEC, 0xF4, 0x54, 0xE8,
    0x42, 0x19, 0xEA, 0xAC, 0x0A, 0x65, 0x5A, 0x6D, 0x86, 0xB7, 0x23, 0x2B, 0x77, 0x85, 0x72, 0x76,
    0xB5, 0xE4, 0xD9, 0xB7, 0x2B, 0x69, 0x2E, 0x51, 0x4E, 0x7C, 0xEA, 0xBD, 0xC3, 0xD3, 0x6A, 0x3E,
    0x0C, 0x43, 0x9D, 0x55, 0x8A, 0xCB, 0x94, 0xC3, 0xB0, 0x94, 0x1F, 0x1E, 0x2E, 0x2F, 0x00, 0xF7,
    0x8C, 0x80, 0x8A, 0x8D, 0x59, 0x88, 0x5B, 0x0B, 0x49, 0xEB, 0x58, 0xD2, 0x58, 0x4A, 0xEA, 0x91,
    0x92, 0x30, 0xD4, 0xD2, 0xEF, 0x7F, 0x3C, 0xCA, 0xEC, 0x3B, 0x55, 0xFE, 0x7E, 0xF9, 0xE2, 0x1E,
    0xC4, 0xAD, 0x64, 0xDD, 0x1A, 0x49, 0x2D, 0xDD, 0xB6, 0xAC, 0x12, 0xCA, 0x6D, 0x23, 0x27, 0x67,
    0xC2, 0x8C, 0x19, 0x05, 0x0B, 0x4E, 0x08, 0x5F, 0x2D, 0xA7, 0x83, 0x97, 0x5F, 0x87, 0xA4, 0x1E,
    0x5B, 0x5A, 0xC9, 0xD6, 0xAD, 0x14, 0x8C, 0x6D, 0x87, 0x09, 0xBB, 0x14, 0xCC, 0x87, 0xFA, 0xA5,
    0xC3, 0xEA, 0xDA, 0x1E, 0xE7, 0x43, 0xF5, 0xD2, 0x61, 0xF9, 0xAB, 0xBB, 0xFB, 0x84, 0xF2, 0xB9,
    0xA4, 0x0E, 0x8F, 0xC4, 0x4B, 0xD7, 0x76, 0x7A, 0x74, 0xEB, 0xFE, 0x9D, 0xBD, 0x65, 0xDE, 0x12,
    0xB6, 0xD7, 0x8E, 0x89, 0x5D, 0xC5, 0xF6, 0xDA, 0x77, 0xEC, 0xB1, 0x8E, 0x89, 0x3D, 0x33, 0x85,
    0x85, 0x85, 0x63, 0xBD, 0x5E, 0x17, 0xAD, 0xAF, 0xB8, 0x4D, 0x9A, 0xF5, 0x55, 0xA7, 0x75, 0x56,
    0xDF, 0x72, 0xCF, 0x91, 0xCE, 0xAA, 0x7C, 0x83, 0xC0, 0xB4, 0xB4, 0x03, 0x50, 0x8C, 0xFE, 0xEC,
    0xF3, 0x98, 0x9E, 0x8E, 0x4E, 0xD4, 0x89, 0x5B, 0x71, 0x63, 0x64, 0xE6, 0x36, 0x2F, 0xF3, 0x1A,
    0x6F, 0xD4, 0xA6, 0x25, 0x47, 0x7A, 0x0F, 0x59, 0xFB, 0x69, 0x2F, 0xFC, 0xA4, 0xDB, 0xD7, 0xBF,
    0xBE, 0xE4, 0x72, 0x13, 0xB3, 0x11, 0xEB, 0xE4, 0x43, 0xE8, 0xE3, 0xD6, 0x26, 0x8C, 0xA5, 0x75,
    0xD2, 0x6C, 0x4C, 0x2D, 0xAB, 0xD2, 0x5A, 0x28, 0xB7, 0x26, 0xAB, 0x04, 0xA1, 0x94, 0x8F, 0x86,
    0x89, 0x9C, 0xD9, 0x85, 0x99, 0x50, 0x98, 0xB1, 0x30, 0x63, 0xA9, 0xF8, 0x3F, 0x71, 0x67, 0x11,
    0x9E, 0x34, 0x4E, 0xD2, 0x15, 0xBA, 0xAC, 0x8C, 0xFB, 0xBC, 0x8A, 0xDA, 0x5B, 0x00, 0x92, 0x7A,
    0xB2, 0xD6, 0xAE, 0xB4, 0x2E, 0xA4, 0x55, 0x21, 0x2B, 0x0B, 0xA1, 0xDC, 0x17, 0x1C, 0x0B, 0x7A,
    0xB9, 0xCE, 0x44, 0x67, 0x37, 0xEA, 0xCC, 0xA2, 0x56, 0x11, 0xB7, 0x24, 0x63, 0x5C, 0x86, 0x4A,
    0x32, 0x10, 0x7D, 0x03, 0x8E, 0x89, 0x7F, 0x42, 0xF6, 0x0A, 0xFF, 0x2F, 0x86, 0x4B, 0xF5, 0x79,
    0x0F, 0x33, 0x63, 0x76, 0x1F, 0x75, 0x8C, 0x7E, 0x54, 0x47, 0x34, 0x2A, 0x69, 0x49, 0x36, 0x69,
    0xB4, 0xF2, 0xC6, 0x29, 0xD3, 0x25, 0x74, 0x24, 0x67, 0x84, 0x3B, 0x7C, 0xF2, 0x59, 0x20, 0xF9,
    0xF9, 0xDC, 0x50, 0x91, 0x95, 0x84, 0x8D, 0x10, 0x2E, 0xB9, 0xDF, 0xBD, 0xEA, 0x3E, 0xEA, 0x99,
    0xB7, 0xBC, 0x04, 0x9D, 0x3D, 0x51, 0x67, 0xB9, 0x36, 0x49, 0x2B, 0x6E, 0x43, 0x25, 0x69, 0xF7,
    0x48, 0x9A, 0x25, 0xC9, 0xDB, 0x2D, 0xE9, 0x77, 0x6B, 0xD2, 0xA1, 0x21, 0x7B, 0xDA, 0x11, 0xDA,
    0x9E, 0x50, 0x1F, 0x13, 0x14, 0xE4, 0x26, 0x4C, 0xE5, 0x4C, 0x84, 0xD2, 0x4C, 0x5A, 0x9B, 0x6D,
    0xE9, 0x00, 0x28, 0xE0, 0x75, 0x28, 0xE0, 0x45, 0xB8, 0x8F, 0x0F, 0x4F, 0x76, 0x55, 0x5E, 0x66,
    0xD5, 0x89, 0xF0, 0x99, 0x4E, 0x08, 0xB5, 0xB0, 0x47, 0x7E, 0x4E, 0xFE, 0x84, 0xE9, 0x2B, 0xA5,
    0x59, 0x56, 0x5F, 0x6C, 0x22, 0xB6, 0x99, 0xA9, 0xB3, 0xEF, 0xD8, 0xE5, 0x3E, 0x93, 0x71, 0x2D,
    0xA5, 0x26, 0x29, 0x61, 0xEC, 0xB3, 0x5C, 0x08, 0xBF, 0xD3, 0x09, 0x59, 0x2D, 0x4C, 0xC9, 0xDF,
    0x22, 0x1F, 0x98, 0x7E, 0xBD, 0xB4, 0xF7, 0xBF, 0x7D, 0x76, 0xC6, 0x3E, 0x49, 0x6A, 0x59, 0xE9,
    0x0E, 0xF7, 0x40, 0x27, 0xDA, 0xB6, 0x0F, 0x8E, 0xDF, 0xCA, 0x18, 0xBF, 0x4C, 0x99, 0x30, 0x3F,
    0x3C, 0x9C, 0x0F, 0x83, 0xFF, 0xCB, 0x84, 0x7B, 0x74, 0x54, 0x18, 0xFF, 0x6B, 0x4C, 0x17, 0xE5,
    0xD5, 0x74, 0x71, 0x35, 0x04, 0x8F, 0xE9, 0xE9, 0x59, 0x55, 0x0E, 0xCA, 0xEB, 0x02, 0xC0, 0x98,
    0x44, 0x2C, 0x78, 0x99, 0x87, 0x90, 0x6C, 0x63, 0x34, 0x2B, 0x43, 0x79, 0x35, 0x1E, 0x17, 0xF6,
    0xC7, 0xD4, 0xB1, 0xAA, 0x0E, 0x4A, 0x5E, 0x74, 0x62, 0xE1, 0x9E, 0xFB, 0xD0, 0xC5, 0xCD, 0xE6,
    0x6B, 0x89, 0xD6, 0xF7, 0xB8, 0x8D, 0xEA, 0xA4, 0x4D, 0xCA, 0xF1, 0x73, 0x94, 0x8E, 0xCA, 0x2A,
    0xBF, 0xB0, 0x5A, 0x9D, 0x62, 0x62, 0x4B, 0x64, 0x83, 0x94, 0xBC, 0x5D, 0xA7, 0xEF, 0xD4, 0xD9,
    0x9B, 0x75, 0xF6, 0xBB, 0x55, 0xF8, 0xBD, 0x9B, 0x98, 0x82, 0xBF, 0xED, 0xB2, 0xAF, 0xF6, 0xE1,
    0x2B, 0xED, 0x07, 0x4E, 0xC1, 0x07, 0x0C, 0xB5, 0x28, 0xDE, 0x2A, 0xF6, 0xAF, 0x0E, 0xF5, 0x83,
    0xFA, 0x7E, 0x35, 0x7D, 0xA7, 0x49, 0x87, 0x32, 0x7F, 0xD7, 0x41, 0xE5, 0xF3, 0x57, 0xF2, 0xF3,
    0xD8, 0xB7, 0x6D, 0x7A, 0x8D, 0xB7, 0xE9, 0x75, 0xED, 0xE7, 0xDF, 0xB2, 0xE5, 0xBC, 0x9A, 0x0A,
    0x72, 0x3B, 0x63, 0xDA, 0x9B, 0x3F, 0xCC, 0x1B, 0x3C, 0x46, 0xD4, 0x22, 0xA9, 0x91, 0x01, 0x2C,
    0xA5, 0x75, 0x74, 0x26, 0xAB, 0xA3, 0x73, 0x59, 0x15, 0x0F, 0x42, 0x99, 0x3C, 0x29, 0xD7, 0xE6,
    0x07, 0x55, 0xD8, 0xCC, 0x53, 0x2E, 0xFD, 0x4E, 0x3B, 0xD9, 0x0C, 0x70, 0x22, 0xAB, 0xFA, 0x99,
    0x50, 0x2E, 0x8A, 0xB5, 0x29, 0x16, 0x82, 0xC9, 0x42, 0x2E, 0x1C, 0x9B, 0x0A, 0x4B, 0x13, 0x69,
    0x6F, 0x26, 0xE9, 0xCC, 0xC4, 0xDD, 0xD5, 0x53, 0x26, 0x0D, 0xC8, 0x7E, 0x7F, 0x29, 0x7B, 0xE3,
    0x54, 0x68, 0xB7, 0x05, 0xBA, 0x0C, 0xB2, 0x32, 0x17, 0xCA, 0x1D, 0xC1, 0xAE, 0x60, 0x26, 0x57,
    0xD8, 0x51, 0x98, 0x58, 0x98, 0x39, 0x56, 0xFC, 0x5A, 0x09, 0x01, 0x04, 0xC8, 0x4B, 0x04, 0xB8,
    0x05, 0xB7, 0x71, 0x7D, 0x6A, 0x80, 0xC7, 0x58, 0x8E, 0xF7, 0xFB, 0xA8, 0x01, 0xBA, 0xD7, 0xF0,
    0xC7, 0x2D, 0xE6, 0x15, 0xC2, 0xAF, 0xFF, 0x85, 0x5C, 0x3D, 0x12, 0xBA, 0xF6, 0xD0, 0x76, 0x30,
    0xC7, 0x04, 0xB7, 0xF1, 0x1B, 0x88, 0xFE, 0x7E, 0x25, 0xFE, 0xE1, 0xA3, 0x3A, 0x59, 0x26, 0x4D,
    0xD2, 0x6D, 0xBE, 0xC6, 0xB8, 0x49, 0xEB, 0xB5, 0xAA, 0xA4, 0xCE, 0xD6, 0x0A, 0xE5, 0x5A, 0xD2,
    0x2A, 0xC8, 0xAA, 0x5C, 0xB6, 0xE9, 0xFF, 0xD7, 0x39, 0x52, 0x51, 0x87, 0xB8, 0x45, 0xD2, 0x20,
    0xAD, 0x79, 0x21, 0xAF, 0x98, 0xAF, 0xF0, 0xCC, 0xC3, 0x8F, 0x32, 0xF0, 0x5D, 0xE3, 0xC0, 0xD9,
    0xEA, 0x98, 0xA8, 0x63, 0xDE, 0xF0, 0x92, 0xAB, 0x67, 0x39, 0xD9, 0x8A, 0xD3, 0x47, 0x4D, 0xDC,
    0xC7, 0x5D, 0x56, 0x3B, 0x0E, 0xA5, 0xC5, 0x94, 0x62, 0xC6, 0x6C, 0xC1, 0xEC, 0x98, 0x62, 0xC9,
    0xA2, 0xE7, 0xA4, 0x67, 0xB9, 0x14, 0x75, 0xC7, 0x92, 0x76, 0x21, 0xAB, 0xA7, 0xA6, 0xC2, 0xFB,
    0x67, 0xA2, 0xE1, 0x01, 0x07, 0x43, 0xE9, 0x8B, 0x87, 0xC0, 0xB4, 0x17, 0xAD, 0x56, 0xD2, 0x26,
    0x6C, 0x96, 0xB3, 0xDB, 0x35, 0xC3, 0x6C, 0xAD, 0x62, 0xAB, 0x74, 0xAD, 0x50, 0x15, 0x72, 0x53,
    0xAF, 0x0B, 0xEF, 0xF7, 0xA2, 0xA1, 0x22, 0xDB, 0xEE, 0x43, 0x6B, 0xC9, 0x50, 0xF1, 0x05, 0x37,
    0xCA, 0x76, 0x2F, 0x29, 0xDD, 0x0D, 0x84, 0x73, 0xE2, 0x07, 0xD7, 0x67, 0x54, 0xF4, 0xFC, 0xB4,
    0x11, 0x7D, 0xAF, 0x92, 0x7C, 0xFD, 0x66, 0x19, 0xA3, 0x7F, 0xAD, 0x24, 0x7F, 0xCA, 0xAD, 0x7B,
    0x70, 0x7D, 0xC6, 0x7C, 0x79, 0x30, 0x74, 0x56, 0xA7, 0xAB, 0xC3, 0x07, 0x49, 0x9B, 0xF5, 0x84,
    0x2A, 0xE9, 0xC9, 0x25, 0x1D, 0x7B, 0xE2, 0x8E, 0x42, 0xDC, 0xB2, 0x10, 0x3F, 0x3D, 0x74, 0x2C,
    0x19, 0x56, 0x96, 0x92, 0x9A, 0x7E, 0xB4, 0xD9, 0xD6, 0x86, 0xAD, 0xCD, 0x2B, 0x4E, 0xCC, 0x4B,
    0x66, 0x86, 0x92, 0xFC, 0xC9, 0x70, 0xF8, 0x4D, 0xCF, 0xAC, 0xF2, 0xE1, 0x8C, 0x2F, 0xB5, 0xD9,
    0x52, 0xBC, 0x3A, 0x3B, 0x38, 0xDD, 0x8C, 0xA6, 0xDB, 0xEE, 0x1C, 0xEB, 0xA4, 0x9E, 0x6C, 0x7C,
    0x6E, 0xE8, 0xDE, 0xFB, 0xD6, 0xC6, 0x0E, 0xC3, 0xDA, 0xE6, 0x58, 0x98, 0xA3, 0x70, 0x80, 0xBD,
    0x35, 0xEC, 0x1D, 0xE1, 0xC9, 0x3F, 0x3C, 0xDD, 0xF4, 0xE0, 0xF4, 0x01, 0x92, 0x9A, 0xAC, 0x64,
    0x07, 0x05, 0x30, 0xAC, 0xC6, 0x53, 0xDB, 0xB8, 0x8B, 0x5B, 0x7D, 0xB2, 0x51, 0xA3, 0x4B, 0xEA,
    0xB8, 0x4D, 0xEB, 0xF5, 0xF5, 0xDE, 0xA9, 0x6C, 0xE8, 0x85, 0xF2, 0x64, 0xAD, 0xD9, 0x18, 0x03,
    0x13, 0xF9, 0x68, 0x67, 0x17, 0x4F, 0x2B, 0x51, 0x2B, 0xA9, 0x65, 0xDC, 0x81, 0xF4, 0xCD, 0x36,
    0x7D, 0xF4, 0x20, 0xDB, 0x8E, 0x31, 0x54, 0x02, 0x39, 0x3B, 0xEC, 0x32, 0x63, 0x2C, 0xA5, 0x37,
    0xE8, 0x1D, 0x60, 0x71, 0x69, 0xBF, 0x3E, 0x6E, 0xCF, 0x21, 0xFA, 0xC7, 0x65, 0xF4, 0xE3, 0x77,
    0xE3, 0x73, 0x49, 0x27, 0x69, 0x8D, 0xD5, 0xF9, 0xEA, 0x5A, 0x27, 0x07, 0xD8, 0x65, 0x8F, 0x19,
    0x77, 0xF9, 0x2D, 0x20, 0xF9, 0x4A, 0x2D, 0x7E, 0xE7, 0xD2, 0x11, 0xD9, 0xCD, 0xA1, 0x47, 0x4D,
    0xE7, 0x3F, 0x6B, 0x07, 0xDC, 0xFD, 0x28, 0x13, 0x37, 0xBE, 0x46, 0xEE, 0xE1, 0x55, 0xE0, 0x53,
    0xFF, 0xCD, 0xE9, 0x69, 0x15, 0x77, 0x69, 0x3D, 0x2E, 0x7F, 0x6C, 0xEF, 0x3D, 0x06, 0xCC, 0x5B,
    0xB2, 0x25, 0xCE, 0x31, 0x47, 0xBE, 0xD5, 0xA7, 0x4D, 0xBC, 0xEE, 0xC4, 0xF4, 0x49, 0xEF, 0x99,
    0xA1, 0x44, 0x27, 0x6E, 0xA4, 0x95, 0x67, 0x21, 0x1A, 0xCA, 0xEC, 0xC7, 0x6D, 0xF0, 0x20, 0x27,
    0x54, 0xD2, 0x9E, 0x81, 0x30, 0xEE, 0x31, 0xEF, 0x67, 0xD5, 0xB7, 0x4F, 0xE5, 0xCB, 0x4B, 0x1B,
    0x8E, 0xCF, 0xF1, 0x89, 0x67, 0x6E, 0x96, 0x28, 0x30, 0xAF, 0xFD, 0x55, 0x13, 0x35, 0x0F, 0x3F,
    0x02, 0xD1, 0xC7, 0xF4, 0x3E, 0xDF, 0x7A, 0xAF, 0x38, 0x22, 0x6A, 0x71, 0x82, 0xDB, 0x28, 0x48,
    0x5B, 0x46, 0x0C, 0x4D, 0x4E, 0x28, 0x65, 0xBD, 0x78, 0xC5, 0xB4, 0x92, 0x6E, 0x30, 0x9E, 0x4F,
    0xEB, 0xBF, 0xC9, 0xCB, 0xF9, 0xB9, 0xB4, 0x91, 0x92, 0x35, 0xB4, 0xA2, 0xD6, 0xBC, 0x22, 0x4B,
    0x2B, 0xC9, 0x9F, 0x13, 0x2D, 0x6F, 0xFE, 0xE5, 0xB5, 0x8F, 0xFD, 0x49, 0x63, 0x5E, 0xDA, 0xF9,
    0x08, 0x2F, 0xEF, 0x74, 0x18, 0x9A, 0xC3, 0xD3, 0xC3, 0xCA, 0x04, 0xB3, 0x5F, 0x6D, 0x73, 0x18,
    0x6F, 0xD4, 0x8E, 0x94, 0x3F, 0x23, 0x2E, 0x09, 0xC8, 0x6A, 0x34, 0xC4, 0x35, 0xF3, 0x12, 0x44,
    0x8D, 0xA4, 0x1E, 0x23, 0xEF, 0x74, 0xF0, 0xE8, 0xBD, 0x2B, 0x91, 0x37, 0xB9, 0xF4, 0x85, 0xCF,
    0x98, 0x7E, 0x43, 0xD6, 0x4B, 0xB9, 0x45, 0x56, 0x8B, 0x1A, 0x71, 0xED, 0x00, 0xAF, 0x15, 0x14,
    0x1D, 0x79, 0x43, 0x28, 0xE1, 0xC6, 0xD8, 0x8D, 0x4B, 0x98, 0xB8, 0xD9, 0x91, 0xD4, 0xB7, 0xA5,
    0xF5, 0xF3, 0x1B, 0xD0, 0x35, 0xE9, 0x2F, 0xDF, 0xC4, 0xCE, 0x6C, 0x99, 0x65, 0x3D, 0xD3, 0x61,
    0xE8, 0x5F, 0x7A, 0xF4, 0xDE, 0x43, 0x59, 0x45, 0x28, 0x7F, 0x61, 0xCB, 0xF1, 0xD2, 0xE9, 0x78,
    0x36, 0x7E, 0x99, 0xF3, 0xE4, 0x17, 0x39, 0xE1, 0x35, 0xC6, 0xA3, 0x0E, 0xD3, 0xA1, 0xFE, 0xCD,
    0xA7, 0x55, 0x32, 0xCE, 0xA2, 0x83, 0x95, 0x2F, 0xFD, 0xE8, 0x52, 0xFE, 0x2A, 0x65, 0x3F, 0x12,
    0x9F, 0x93, 0xB4, 0x8D, 0x30, 0xD4, 0x3E, 0xF1, 0xFF, 0x41, 0x52, 0x9B, 0xA5, 0xB5, 0x22, 0xFB,
    0xD9, 0xAF, 0x6F, 0xA5, 0xE3, 0xB5, 0x96, 0x81, 0x3E, 0xA7, 0x9B, 0x8A, 0xBA, 0xC9, 0x5A, 0x33,
    0x71, 0x3B, 0x93, 0x34, 0x3F, 0xAB, 0x7C, 0x33, 0xA1, 0x9C, 0xDA, 0x13, 0xDE, 0x5F, 0x5E, 0x54,
    0xCF, 0xBD, 0xDB, 0x0C, 0x4B, 0xBE, 0xFC, 0x00, 0x7C, 0xD8, 0x52, 0xF0, 0xB1, 0x42, 0xEF, 0x44,
    0x6F, 0xE9, 0x24, 0x5D, 0x3A, 0x38, 0x7F, 0x2C, 0x6F, 0x1F, 0x93, 0x8F, 0xAB, 0xA2, 0x9B, 0xE3,
    0x5A, 0xEB, 0x5C, 0x74, 0xF8, 0xCD, 0xEB, 0x33, 0x3D, 0xAB, 0x91, 0x6D, 0x57, 0x45, 0x25, 0x5F,
    0x70, 0x93, 0x6C, 0xDA, 0xE7, 0x38, 0x2A, 0x98, 0xF7, 0x3C, 0x5B, 0x5D, 0x9F, 0xD1, 0xEB, 0x44,
    0x6F, 0x13, 0x7F, 0x95, 0xF8, 0x4D, 0x2C, 0x6F, 0x96, 0x33, 0x6B, 0x78, 0xF1, 0xFE, 0x85, 0xF2,
    0x8F, 0xC3, 0x59, 0x74, 0x97, 0x56, 0x6F, 0x37, 0xCB, 0x98, 0x7E, 0x97, 0xB0, 0xCB, 0xEE, 0x3E,
    0xFB, 0xED, 0xB5, 0x19, 0x2F, 0xF1, 0x14, 0xBF, 0x02, 0x4F, 0x5B, 0x48, 0x9A, 0x91, 0xA7, 0x9A,
    0x9B, 0xCA, 0xBF, 0x7F, 0x2E, 0x1B, 0x7A, 0xBE, 0x5D, 0x72, 0x9F, 0x68, 0xCC, 0x72, 0xF1, 0xBF,
    0xE0, 0xFC, 0x7A, 0x4C, 0xA2, 0x86, 0xB4, 0xE4, 0x96, 0x0B, 0x8D, 0xBF, 0xCC, 0x11, 0xC0, 0xBC,
    0x36, 0x9E, 0xFF, 0x8B, 0x9A, 0x0E, 0x60, 0x61, 0xCF, 0xD4, 0xC2, 0x1B, 0x66, 0x16, 0x56, 0x16,
    0x8A, 0x68, 0x70, 0xAC, 0x88, 0x7F, 0xA8, 0x57, 0x24, 0xDF, 0x8D, 0x3A, 0x45, 0xF6, 0x4A, 0xDC,
    0x2A, 0x42, 0x48, 0x1A, 0xC5, 0x4E, 0xB6, 0x19, 0x78, 0x91, 0x7D, 0xB6, 0x52, 0xEC, 0x67, 0xAF,
    0x50, 0x3C, 0x4E, 0x3F, 0x4F, 0xD1, 0xA5, 0x7F, 0xC9, 0x5E, 0x93, 0x9E, 0x30, 0xAF, 0x93, 0x25,
    0xF3, 0x2A, 0xE9, 0x99, 0x4B, 0xBA, 0xAD, 0x6D, 0xA1, 0x47, 0x72, 0x86, 0xEC, 0x16, 0x3E, 0xF9,
    0x0C, 0xE0, 0x38, 0x69, 0x42, 0x79, 0x9C, 0xB6, 0xB9, 0xFD, 0xAC, 0x9D, 0xD8, 0xBF, 0xD5, 0x15,
    0xF6, 0xEF, 0x1E, 0xED, 0xBB, 0x77, 0xEF, 0xA8, 0x57, 0x1C, 0xDD, 0xEF, 0x14, 0xED, 0x1F, 0x35,
    0x66, 0xCD, 0x6F, 0xD7, 0xE6, 0xF5, 0xBC, 0x32, 0x2F, 0xE7, 0xCC, 0xCD, 0xD9, 0x35, 0x43, 0x52,
    0x13, 0x5A, 0x8A, 0x23, 0x8E, 0xEE, 0x81, 0x85, 0xA4, 0x9D, 0xC9, 0xEA, 0x89, 0x7C, 0x5C, 0x28,
    0x9D, 0xC8, 0xBE, 0xDC, 0x49, 0xDF, 0x6E, 0xAC, 0x77, 0x81, 0xE2, 0x81, 0xE8, 0x1C, 0xCB, 0x0F,
    0xCF, 0xEA, 0x2C, 0x88, 0xFE, 0x9D, 0xE4, 0x6B, 0x3C, 0x1B, 0x97, 0x10, 0x75, 0xD6, 0x57, 0xDC,
    0xEA, 0x92, 0x5A, 0x9F, 0x55, 0x1E, 0x07, 0xF6, 0x27, 0x14, 0x05, 0xC5, 0x31, 0x77, 0x3B, 0xA6,
    0x0D, 0x79, 0x3D, 0x66, 0x6E, 0xEC, 0x62, 0x9F, 0xA8, 0xE3, 0x51, 0xCD, 0x0A, 0x8E, 0xEE, 0xD2,
    0xCF, 0x78, 0xF8, 0xE2, 0x0D, 0x33, 0xEB, 0x48, 0xEA, 0xF1, 0x83, 0x60, 0x2C, 0x71, 0xBE, 0x78,
    0xB8, 0xC2, 0x19, 0x71, 0x47, 0xDA, 0x90, 0x57, 0xEC, 0x5D, 0x7D, 0x14, 0x2A, 0xE6, 0x38, 0x71,
    0xF5, 0xD1, 0xE1, 0xE1, 0x83, 0xF9, 0x30, 0x34, 0x4C, 0xB0, 0x3F, 0x3A, 0xAF, 0x40, 0x32, 0x0C,
    0x65, 0x7C, 0x78, 0x8A, 0x02, 0xFD, 0x05, 0x44, 0x56, 0x31, 0xC1, 0xC9, 0x05, 0x63, 0x3A, 0x4E,
    0xC5, 0x7C, 0x9D, 0x67, 0x0F, 0x86, 0xA5, 0xB1, 0x52, 0xE2, 0xCE, 0xCD, 0xF2, 0x45, 0xB5, 0xB1,
    0x1C, 0x5F, 0x97, 0x6D, 0x8C, 0x90, 0x9F, 0x8E, 0xEB, 0x8E, 0xDD, 0x9B, 0xE5, 0xBB, 0xBB, 0xC3,
    0xAD, 0x7B, 0xA4, 0x2D, 0xF1, 0xF5, 0xE7, 0xEF, 0x7F, 0x00, 0xB5, 0xD5, 0x01, 0x84, 0x1D, 0xF9,
    0x1D, 0x07, 0xF0, 0xCF, 0xCC, 0xB8, 0x8C, 0xDE, 0xB4, 0xF7, 0x2F, 0x0E, 0xB8, 0xE6, 0xE6, 0x70,
    0x28, 0x76, 0xDF, 0x2B, 0x82, 0x60, 0xDE, 0xEE, 0x68, 0x01, 0x45, 0x0B, 0x00, 0x5A, 0x00, 0x0A,
    0x4D, 0x49, 0x09, 0x5E, 0xB2, 0xA3, 0x01, 0x94, 0x0A, 0x50, 0xA0, 0x3D, 0x14, 0xD7, 0x85, 0x0D,
    0x96, 0x2E, 0x36, 0xF7, 0xFE, 0x0A, 0x70, 0xD4, 0x10, 0xC0, 0xA1, 0x43, 0x0B, 0x2E, 0xC8, 0xD0,
    0xA1, 0xAF, 0xC9, 0xEE, 0x9B, 0xEE, 0x5F, 0x5E, 0x29, 0x80, 0xC8, 0x99, 0xDF, 0xF7, 0xB7, 0x8B,
    0xF1, 0xF3, 0xE5, 0x7D, 0x18, 0xD5, 0x4E, 0x63, 0x73, 0xD6, 0x37, 0xF9, 0x94, 0x8F, 0xF7, 0xAB,
    0xE8, 0x62, 0x0C, 0xAD, 0x93, 0xB8, 0xE4, 0xC8, 0x8A, 0x95, 0x75, 0x5A, 0x17, 0x34, 0xB6, 0xAC,
    0x4D, 0x5C, 0xA6, 0xB5, 0xB5, 0x95, 0x8D, 0x2E, 0x14, 0x83, 0xB5, 0x2A, 0x5A, 0x5A, 0x12, 0x5E,
    0x5F, 0x91, 0xCD, 0x4F, 0xB0, 0x9C, 0x8A, 0x2E, 0xDB, 0xED, 0xCA, 0xAE, 0xEC, 0xC3, 0x6F, 0x85,
    0xB6, 0xFC, 0x9B, 0x85, 0x62, 0x6B, 0xA5, 0x18, 0x34, 0x8A, 0xA8, 0x51, 0xA6, 0x15, 0x3A, 0x8D,
    0x9A, 0xA5, 0x87, 0xE9, 0xC0, 0x94, 0x0E, 0x74, 0x14, 0xD1, 0xAA, 0x49, 0x2F, 0x34, 0x55, 0xB4,
    0xBE, 0x5F, 0x75, 0xD6, 0xA9, 0xDA, 0x26, 0x86, 0xD6, 0xB5, 0xC0, 0xA4, 0x66, 0xB4, 0x4C, 0x35,
    0x16, 0x69, 0xAD, 0xE4, 0x43, 0x3A, 0xDF, 0xFF, 0xDF, 0xF9, 0x95, 0xD0, 0x5A, 0x3A, 0x4A, 0x97,
    0xB7, 0xFB, 0x6A, 0x1F, 0x0B, 0xC1, 0xA1, 0xF0, 0x81, 0x95, 0xFA, 0xB6, 0xC6, 0xC7, 0x8D, 0xC6,
    0x72, 0xB4, 0x76, 0xDC, 0xB9, 0xD0, 0x70, 0x9E, 0xD6, 0xE4, 0x32, 0xAD, 0x2D, 0x97, 0xE5, 0x96,
    0x93, 0xEB, 0x73, 0xEA, 0xE1, 0x1C, 0xC6, 0x73, 0x7E, 0x3D, 0x48, 0xEF, 0xAB, 0x01, 0x47, 0x78,
    0x84, 0x99, 0xEC, 0x25, 0xC5, 0xDF, 0x29, 0xBF, 0x6C, 0x85, 0x1F, 0x77, 0xEA, 0xB2, 0xB3, 0x2A,
    0xA2, 0xF5, 0x4D, 0xA6, 0x22, 0x66, 0x63, 0xD1, 0x17, 0xF3, 0xDC, 0x97, 0xF3, 0x3C, 0x84, 0x2E,
    0x1B, 0x6B, 0xD9, 0x78, 0xC4, 0xB8, 0x66, 0xD2, 0x1C, 0x72, 0xFB, 0x3E, 0x61, 0xA0, 0xE8, 0x80,
    0x93, 0xE7, 0x31, 0xDF, 0xFD, 0x3B, 0x56, 0x71, 0xD9, 0x05, 0xA1, 0x5B, 0x08, 0x6D, 0x23, 0x78,
    0x93, 0xDA, 0xDA, 0x42, 0xE3, 0xC8, 0x91, 0x6B, 0xE1, 0xE5, 0xA5, 0xFC, 0xBA, 0x51, 0x95, 0x5D,
    0xF1, 0x3B, 0xF9, 0x15, 0x23, 0xE4, 0x83, 0xE2, 0x66, 0x7A, 0x45, 0x54, 0xA6, 0x51, 0x75, 0x42,
    0x2B, 0x0D, 0xB5, 0x34, 0x0B, 0x56, 0xD2, 0x34, 0xAC, 0xB9, 0xE4, 0xEE, 0xC1, 0xC1, 0x79, 0xE8,
    0x6F, 0xB5, 0x04, 0xE9, 0xF9, 0xD8, 0xC2, 0xA1, 0x46, 0x7A, 0x1E, 0xB8, 0x70, 0x6E, 0xA4, 0xF8,
    0x4D, 0x94, 0x7D, 0x85, 0x6B, 0x7C, 0x02, 0x12, 0xAB, 0xA4, 0x2A, 0xA1, 0x4A, 0xA6, 0x42, 0x6B,
    0xBD, 0xA4, 0x49, 0xE7, 0x93, 0xA7, 0xC4, 0x29, 0x69, 0x4A, 0x98, 0x92, 0xA5, 0x44, 0x29, 0x49,
    0x4A, 0x90, 0x92, 0xA3, 0xC4, 0x28, 0xFD, 0x54, 0x6E, 0x07, 0xAA, 0x86, 0x62, 0x24, 0xEF, 0x21,
    0xC1, 0x72, 0xE3, 0x4A, 0xD9, 0x87, 0x2E, 0xB4, 0x65, 0x5C, 0x28, 0xE2, 0xEA, 0x26, 0x8D, 0x94,
    0x32, 0x26, 0x50, 0x8D, 0x3A, 0x71, 0x4A, 0x9A, 0xF6, 0x98, 0x1E, 0x47, 0xF9, 0x97, 0xB8, 0x62,
    0xDF, 0x31, 0xF9, 0x4A, 0xBC, 0x92, 0xAE, 0x84, 0x2B, 0xB4, 0x52, 0xCF, 0x6D, 0x60, 0x4A, 0xB0,
    0x92, 0xAB, 0xC4, 0x2A, 0xA9, 0x4A, 0xA8, 0xFE, 0x77, 0x3F, 0x89, 0x4A, 0xA0, 0x92, 0xA7, 0xD4,
    0xD1, 0xFD, 0x86, 0x83, 0x91, 0x10, 0xB9, 0x05, 0x92, 0xB0, 0x04, 0x2C, 0xF9, 0x4A, 0xBC, 0x34,
    0x16, 0xD6, 0x56, 0x92, 0xAD, 0x44, 0x2B, 0xC9, 0x4A, 0xB0, 0x92, 0xAB, 0xC4, 0x2A, 0xA9, 0x72,
    0xEB, 0xF4, 0x89, 0x6A, 0x1E, 0x40, 0x95, 0x47, 0xE1, 0x47, 0xBD, 0xF7, 0xF3, 0xEE, 0x9D, 0x76,
    0xFD, 0xC5, 0x9F, 0xD9, 0x5C, 0x03, 0x63, 0x23, 0x4B, 0xE4, 0x86, 0xBB, 0x6F, 0xDF, 0x59, 0x8E,
    0x0F, 0x70, 0x00, 0x54, 0x3F, 0xEC, 0xA5, 0xDE, 0xEF, 0x65, 0xED, 0x3B, 0xED, 0xED, 0x13, 0x0C,
    0x64, 0x91, 0x74, 0x7A, 0x6C, 0x98, 0x56, 0x3C, 0xF9, 0xF4, 0xED, 0xBB, 0x67, 0xED, 0x4F, 0xF9,
    0x47, 0xE4, 0x11, 0x3E, 0xFC, 0xE6, 0xBA, 0x7F, 0xF8, 0x2D, 0x6E, 0xDF, 0xA5, 0x1A, 0xDE, 0x5D,
    0x77, 0xF7, 0x70, 0x07, 0xDF, 0xF7, 0x8D, 0x7A, 0xA9, 0x50, 0xB4, 0xE4, 0x2D, 0xC9, 0xCB, 0xF4,
    0x90, 0xCF, 0xDE, 0xDE, 0x8B, 0xE2, 0xAF, 0xBD, 0xEC, 0xAB, 0x96, 0x67, 0xF8, 0x14, 0x28, 0x77,
    0xAD, 0x93, 0xB3, 0x31, 0x9F, 0x4C, 0x55, 0xF4, 0xDD, 0xD0, 0xB2, 0xC0, 0x0A, 0x6B, 0x5C, 0x64,
    0xA7, 0x9F, 0x6D, 0x8B, 0x79, 0x98, 0x14, 0xFD, 0x3E, 0xF1, 0x42, 0x19, 0xD7, 0x37, 0x39, 0x56,
    0x77, 0xE1, 0xD5, 0xDC, 0x65, 0xF3, 0xEF, 0x5B, 0xA1, 0x6C, 0x95, 0x3F, 0x23, 0xDF, 0x62, 0x00,
    0xEA, 0x69, 0xB4, 0x79, 0x36, 0xE6, 0x63, 0x35, 0x14, 0xB1, 0x18, 0xAA, 0xAE, 0xE8, 0x83, 0x22,
    0xBE, 0x49, 0x19, 0x6B, 0x55, 0x17, 0x84, 0x36, 0x74, 0xC7, 0x6D, 0xF9, 0x7A, 0x66, 0xF3, 0x13,
    0x04, 0x1C, 0xA2, 0xF1, 0xA1, 0xC9, 0xF1, 0xD9, 0xE0, 0xA3, 0x1D, 0x78, 0x4A, 0xD6, 0x93, 0xB5,
    0xD4, 0x1D, 0x77, 0x7A, 0xEE, 0xF5, 0xFC, 0x2A, 0xB2, 0x7C, 0x77, 0x1F, 0x00, 0x87, 0xB8, 0x8B,
    0xA7, 0x40, 0x39, 0xF0, 0xED, 0x3B, 0x7C, 0xEF, 0x07, 0x54, 0xFD, 0x5B, 0x7F, 0x10, 0x60, 0x82,
    0x6C, 0x80, 0xA2, 0x83, 0x00, 0x40, 0x71, 0xD3, 0x85, 0xF2, 0xD5, 0xE9, 0x13, 0xC2, 0x08, 0xCB,
    0xB4, 0x3D, 0x4A, 0xDB, 0xAB, 0x01, 0xF9, 0xBF, 0xD2, 0x2E, 0x9E, 0xF7, 0xA8, 0x1E, 0xCF, 0xD7,
    0xD4, 0xE5, 0xD7, 0x9F, 0x4B, 0xD6, 0x70, 0x59, 0x75, 0xD8, 0x9D, 0x75, 0xD2, 0xAD, 0x96, 0x32,
    0x06, 0x84, 0xB6, 0xC6, 0xC2, 0xF2, 0xF4, 0x73, 0x6B, 0xCB, 0x79, 0x0B, 0x0D, 0x9C, 0xEF, 0xCB,
    0x48, 0x68, 0xC1, 0xA6, 0xFF, 0xE5, 0x50, 0xBE, 0x7E, 0xB5, 0xBB, 0xAA, 0x9C, 0xC4, 0x05, 0xC7,
    0x02, 0x2B, 0x21, 0x3B, 0xFD, 0xE2, 0xF4, 0x2C, 0xCC, 0xF3, 0xBC, 0x3B, 0x6A, 0x1F, 0x70, 0xE1,
    0x82, 0x73, 0x57, 0x5C, 0x14, 0x3B, 0x4F, 0x8F, 0x37, 0x3F, 0x7F, 0x31, 0x54, 0xDB, 0x5B, 0x3B,
    0x18, 0x91, 0xF7, 0x28, 0x5B, 0xBC, 0x07, 0x90, 0xCF, 0x7F, 0xA0, 0x7E, 0x71, 0xC5, 0x33, 0xD7,
    0xF2, 0x31, 0x9F, 0x15, 0x7D, 0xF1, 0x47, 0x55, 0x0C, 0xA1, 0x0D, 0xED, 0x61, 0x6A, 0x79, 0x37,
    0xB4, 0x0B, 0x63, 0x70, 0x94, 0xF7, 0xB5, 0x55, 0xD9, 0x2D, 0xAD, 0x82, 0x23, 0x47, 0x07, 0xA9,
    0xF7, 0x03, 0x5B, 0xF5, 0x0D, 0x24, 0xA1, 0xAF, 0xA2, 0x72, 0x37, 0xF3, 0xC1, 0xC9, 0x3F, 0x69,
    0x80, 0x80, 0x06, 0xE7, 0xE8, 0x91, 0xB7, 0x96, 0xAF, 0x65, 0xBB, 0x8D, 0xB2, 0x3F, 0xEE, 0x42,
    0xFB, 0x97, 0xB8, 0xC8, 0x9E, 0xC7, 0x55, 0xF1, 0x38, 0x36, 0xA1, 0x88, 0xCD, 0x41, 0x19, 0x9B,
    0x3B, 0xA1, 0x5B, 0x0D, 0xB5, 0x65, 0x7C, 0x28, 0xBC, 0x98, 0x84, 0xB9, 0x73, 0x00, 0x1F, 0xFD,
    0x87, 0xCD, 0xA6, 0xCB, 0xC7, 0x32, 0x16, 0x3D, 0x45, 0xA4, 0x48, 0x7F, 0x27, 0xCC, 0x38, 0x1E,
    0xA8, 0xB6, 0xB8, 0xC6, 0x31, 0xEA, 0x14, 0x9F, 0x5A, 0x78, 0xE8, 0xD2, 0xF2, 0xE5, 0xE4, 0xD6,
    0xDC, 0x62, 0x2F, 0x76, 0x42, 0x4A, 0xFA, 0x3F, 0x02, 0xD9, 0xDC, 0x56, 0x2F, 0x86, 0xE0, 0x49,
    0x4D, 0xE8, 0x94, 0x13, 0x33, 0x21, 0x2A, 0xD2, 0xDC, 0xAB, 0xBA, 0x2F, 0x36, 0xEA, 0xED, 0x9E,
    0x49, 0x88, 0xAA, 0xA8, 0x68, 0xBD, 0x0F, 0x36, 0x37, 0x6E, 0x4F, 0x37, 0xA7, 0x9D, 0x05, 0x56,
    0xFB, 0x34, 0x58, 0xEF, 0x73, 0x81, 0x69, 0x9F, 0x91, 0x6C, 0x24, 0x4F, 0x19, 0x28, 0xFA, 0x7D,
    0x22, 0x00, 0x55, 0x4B, 0x88, 0x24, 0x3D, 0x25, 0xBE, 0x03, 0x40, 0xD6, 0xBF, 0x29, 0xA4, 0x8C,
    0x36, 0xB3, 0xB3, 0xAF, 0x85, 0x56, 0x20, 0x50, 0xB3, 0xE0, 0x90, 0x15, 0x8D, 0xB4, 0x97, 0x7F,
    0x52, 0x4D, 0x50, 0x11, 0x3A, 0xA1, 0x55, 0xDA, 0x1F, 0xFB, 0x2F, 0x04, 0xC1, 0x21, 0x4C, 0x03,
    0x31, 0x14, 0x80, 0xE1, 0xFF, 0x0A, 0xE1, 0x12, 0x1E, 0xEC, 0x59, 0x04, 0x1B, 0x93, 0x84, 0xD0,
    0xCC, 0x54, 0x20, 0xCA, 0xFA, 0x82, 0x17, 0xF3, 0xDE, 0x87, 0x25, 0x13, 0x55, 0xA3, 0x5E, 0xE1,
    0x25, 0x12, 0x35, 0x9F, 0x23, 0xA9, 0x37, 0xD4, 0xAB, 0xF3, 0x0A, 0x31, 0x71, 0xEE, 0xF8, 0xBE,
    0x88, 0x67, 0x81, 0xD2, 0x99, 0xD8, 0x8A, 0x17, 0xD8, 0xB9, 0xB3, 0x44, 0xBF, 0xB8, 0x7A, 0x63,
    0x33, 0x13, 0x06, 0x9E, 0xBE, 0xED, 0x63, 0xB6, 0xDD, 0xE5, 0xE9, 0xFE, 0x38, 0x3D, 0x8C, 0x61,
    0x38, 0x3C, 0x0B, 0xAF, 0x6A, 0x51, 0xB9, 0xB6, 0xD4, 0xF6, 0xCD, 0x55, 0xB1, 0x25, 0x1B, 0xDB,
    0xD7, 0xCF, 0xFA, 0x55, 0xB6, 0xF4, 0xBF, 0xA8, 0xC7, 0x67, 0xF2, 0x1F, 0xEB, 0xBB, 0x98, 0x57,
    0xA3, 0x14, 0x57, 0x2F, 0x6A, 0x5F, 0x94, 0xC8, 0x08, 0x1C, 0xA6, 0xD3, 0xA3, 0x30, 0xA8, 0x65,
    0x65, 0x99, 0xB6, 0x37, 0x01, 0x67, 0x3D, 0x5A, 0xBA, 0x46, 0x4B, 0x05, 0x3A, 0x6E, 0x09, 0xBC,
    0x73, 0xAC, 0xC9, 0xD6, 0x8E, 0x20, 0xA4, 0x1F, 0xE4, 0xFC, 0x3F, 0xA8, 0x4B, 0x00, 0x8D, 0x97,
    0x0B, 0xA8, 0x1C, 0x47, 0x7A, 0xFD, 0x7F, 0xDD, 0xCD, 0xDE, 0x06, 0x35, 0x52, 0x2D, 0x8B, 0x61,
    0xF9, 0x5B, 0xD2, 0x34, 0x0F, 0x03, 0xFE, 0x2F, 0x9A, 0xE9, 0x38, 0xB9, 0x86, 0x21, 0xF4, 0x4C,
    0x97, 0x65, 0x40, 0x80, 0x80, 0x4D, 0xC2, 0xFB, 0xB9, 0xE1, 0x4D, 0x1C, 0x40, 0xD7, 0x9B, 0x0B,
    0x19, 0xC7, 0x6D, 0x75, 0x61, 0x01, 0x02, 0xCC, 0x22, 0x2D, 0xEF, 0x47, 0x60, 0x85, 0xB3, 0x40,
    0x42, 0xB2, 0xC9, 0xEC, 0x7A, 0x92, 0xCC, 0x12, 0xD9, 0x53, 0xD2, 0x05, 0x04, 0x88, 0x45, 0x65,
    0x09, 0x30, 0x60, 0xBC, 0x6A, 0x49, 0x86, 0x10, 0x36, 0xC1, 0x25, 0xB9, 0x83, 0xC7, 0xD6, 0xDC,
    0xA9, 0x54, 0x31, 0xF7, 0x22, 0x09, 0xE3, 0xC4, 0x5D, 0x7D, 0x3E, 0xD0, 0x8C, 0xBE, 0x73, 0x66,
    0xA6, 0xCE, 0xF9, 0xBA, 0x2E, 0xC7, 0x97, 0xE0, 0x9C, 0x4C, 0x5A, 0xA1, 0x33, 0x99, 0x68, 0x71,
    0x39, 0xD1, 0x5B, 0x5D, 0xA2, 0x13, 0x93, 0xF8, 0x7F, 0xA7, 0x5A, 0x90, 0x29, 0x0F, 0xD9, 0x43,
    0x30, 0xF0, 0x18, 0x79, 0x94, 0xF4, 0x3C, 0x06, 0x6C, 0xED, 0x27, 0xA6, 0x70, 0xAF, 0xEA, 0xE6,
    0xCC, 0x9E, 0x5E, 0xEC, 0xDD, 0xD0, 0xF7, 0x6E, 0x5C, 0x54, 0x8B, 0x4B, 0x99, 0x1C, 0x8F, 0x84,
    0x64, 0x2E, 0xC0, 0x06, 0xE4, 0x44, 0xED, 0x80, 0xB8, 0xED, 0x7B, 0x94, 0x44, 0x6E, 0x09, 0x8D,
    0x01, 0x20, 0xBD, 0xF4, 0x4A, 0x3B, 0x78, 0x7C, 0xDD, 0x0C, 0xBF, 0x77, 0xC7, 0x2C, 0x4E, 0xDF,
    0xD1, 0x0F, 0xF7, 0xF6, 0xF4, 0xBD, 0x9B, 0x17, 0xB5, 0xFB, 0x59, 0xAA, 0xC6, 0x65, 0x16, 0x38,
    0x24, 0xF6, 0x90, 0xA7, 0xE7, 0x31, 0x02, 0xB7, 0x82, 0xA2, 0x85, 0x73, 0x1D, 0x89, 0x73, 0x08,
    0x95, 0xAB, 0x01, 0xA9, 0x2E, 0x3D, 0x26, 0xC5, 0x19, 0x3D, 0x79, 0x78, 0x53, 0xBD, 0x79, 0xFF,
    0xA6, 0x6C, 0x1A, 0xC1, 0x79, 0x04, 0x35, 0x01, 0x3D, 0x26, 0x0C, 0x98, 0xD1, 0xA7, 0xA3, 0x04,
    0x20, 0xB6, 0x63, 0xB2, 0xB5, 0x93, 0xB9, 0xB8, 0xA8, 0x4B, 0x92, 0x80, 0x4D, 0xFF, 0xAF, 0x6E,
    0xA8, 0x37, 0x3E, 0xBC, 0x29, 0xDF, 0x7C, 0x70, 0x49, 0x36, 0xE7, 0x05, 0x6F, 0x11, 0xFA, 0x73,
    0xE6, 0xF4, 0x0E, 0xFA, 0x47, 0x07, 0x9F, 0x5D, 0xCE, 0x7A, 0x8F, 0x75, 0x37, 0xFC, 0x13, 0x63,
    0x17, 0xA7, 0xB5, 0x7D, 0xB8, 0x77, 0xCD, 0xDE, 0xBB, 0x75, 0xBA, 0x75, 0xFF, 0x18, 0x9B, 0x71,
    0x9D, 0x18, 0x66, 0xFE, 0x77, 0xFC, 0x32, 0xD1, 0xB9, 0xBB, 0xA1, 0xCB, 0xF3, 0x8F, 0xD5, 0x70,
    0xD8, 0xC8, 0xCA, 0x16, 0x52, 0x18, 0x01, 0x69, 0x4B, 0xDE, 0xF1, 0xE2, 0x90, 0xE1, 0x2E, 0x45,
    0xC7, 0x11, 0x0B, 0xB6, 0xF4, 0xBF, 0x52, 0xDC, 0x8A, 0xD3, 0x26, 0xD9, 0xD3, 0xD1, 0xE7, 0x9A,
    0x85, 0xA6, 0x52, 0x08, 0x19, 0x2D, 0x5A, 0xE1, 0x56, 0x15, 0xE3, 0x9A, 0x1C, 0x7A, 0x99, 0x19,
    0x14, 0x76, 0xB4, 0x3D, 0x2D, 0x2B, 0x5B, 0xE6, 0xB6, 0xC6, 0x4E, 0xB0, 0x73, 0x6C, 0x87, 0xB3,
    0x54, 0x8A, 0x73, 0x4B, 0x62, 0xE7, 0xBC, 0x4A, 0xA6, 0x73, 0x12, 0x8D, 0x47, 0x66, 0x52, 0x5D,
    0xD8, 0x54, 0x6D, 0x4F, 0x33, 0x55, 0x19, 0x41, 0xAE, 0x07, 0xA4, 0xA7, 0xF7, 0xC9, 0xCE, 0xDD,
    0x44, 0x3C, 0xBE, 0x88, 0xB8, 0xE3, 0x10, 0x72, 0x09, 0x30, 0xDB, 0xDA, 0xC7, 0x16, 0xEE, 0x74,
    0xDB, 0x9C, 0xB9, 0xE9, 0x77, 0xF4, 0x2E, 0xF7, 0x6E, 0x5C, 0xF2, 0x3B, 0x9A, 0xEA, 0xF1, 0x28,
    0x55, 0xCC, 0x33, 0x85, 0xDD, 0xEC, 0x48, 0xD4, 0x0A, 0xE2, 0x36, 0xF7, 0x38, 0xD8, 0x91, 0x73,
    0x2D, 0xC0, 0x3C, 0xBB, 0x25, 0xAD, 0xDF, 0xD1, 0x76, 0xF8, 0xBD, 0xBB, 0x6A, 0x71, 0xFA, 0xAE,
    0xDA, 0xEC, 0xE8, 0x85, 0xB0, 0xA3, 0x7A, 0x5C, 0x3E, 0xCB, 0xB1, 0xC1, 0xE0, 0xC9, 0x8E, 0xE6,
    0x4B, 0x7A, 0x38, 0x47, 0x3F, 0x31, 0x42, 0x8E, 0x32, 0x99, 0xA9, 0x52, 0xB4, 0xA9, 0x2A, 0xBF,
    0xD3, 0x65, 0xAA, 0x4E, 0x4C, 0x26, 0x27, 0x99, 0x14, 0xCC, 0x04, 0x82, 0x2E, 0x27, 0xC7, 0xE6,
    0xED, 0xC2, 0xD8, 0xFE, 0xAF, 0x3E, 0xFA, 0xD2, 0x6E, 0xFF, 0xC5, 0x85, 0xA6, 0x1D, 0x3F, 0xF8,
    0x2C, 0x33, 0xB9, 0x5A, 0x25, 0x86, 0x45, 0xCB, 0x28, 0xF5, 0xBC, 0xA5, 0x90, 0xE7, 0x29, 0xFB,
    0x14, 0x4C, 0xC6, 0x32, 0x67, 0x7E, 0xDC, 0xF4, 0x3C, 0x81, 0x1C, 0x04, 0xDD, 0x11, 0xB6, 0xA4,
    0x24, 0x94, 0xA8, 0x3D, 0xAF, 0xEA, 0xD8, 0xB3, 0x4D, 0x12, 0x33, 0x6D, 0xE7, 0xA9, 0x5E, 0x98,
    0xC6, 0xC9, 0x4A, 0xFA, 0x6C, 0x3C, 0x7D, 0xAD, 0x52, 0x49, 0xF2, 0x13, 0x01, 0xC9, 0x5F, 0x0F,
    0x20, 0xDE, 0x5F, 0xB2, 0xB1, 0x72, 0xE4, 0x14, 0xC2, 0x59, 0x46, 0xAC, 0x98, 0x51, 0xB2, 0xF6,
    0x10, 0x32, 0x90, 0xD7, 0x4C, 0x08, 0x6B, 0xB6, 0xD5, 0xD1, 0xE5, 0x1D, 0x76, 0x38, 0xC3, 0x6E,
    0x4F, 0x23, 0x5B, 0xD9, 0xB8, 0xCD, 0x55, 0x6C, 0x20, 0x31, 0x44, 0x89, 0x26, 0x7D, 0x55, 0xA7,
    0xEB, 0x54, 0x15, 0xEE, 0xAC, 0x1A, 0xFE, 0xA1, 0xD7, 0xB6, 0x0D, 0xB9, 0xCA, 0x81, 0xA6, 0x85,
    0xC4, 0xED, 0x83, 0x90, 0x15, 0x8C, 0xC8, 0xA1, 0x52, 0x02, 0x52, 0xE3, 0x8B, 0x20, 0x78, 0xC2,
    0x2F, 0x06, 0xF4, 0x89, 0xDE, 0x67, 0x44, 0xBA, 0x4F, 0xC9, 0xB1, 0xBE, 0x2F, 0x47, 0x4F, 0x51,
    0x23, 0x56, 0x4C, 0x48, 0x5B, 0x66, 0x00, 0x1D, 0x6C, 0x61, 0x43, 0x87, 0x25, 0x5B, 0x45, 0x2D,
    0xC5, 0xEA, 0xF7, 0x5B, 0x86, 0xE3, 0xB5, 0x61, 0xF8, 0x6F, 0xB7, 0x34, 0xF9, 0xDB, 0xA9, 0x66,
    0x73, 0x05, 0x17, 0x21, 0x82, 0xEE, 0x58, 0x02, 0xD5, 0xDA, 0xD7, 0x68, 0x61, 0xE1, 0xC8, 0x2B,
    0x4B, 0xA8, 0x74, 0x0D, 0xAF, 0x9B, 0x09, 0xFC, 0x52, 0xCF, 0xA0, 0xD1, 0x1D, 0x14, 0xDA, 0x42,
    0xAA, 0x43, 0xB9, 0xDE, 0x42, 0xE2, 0x34, 0x44, 0x6B, 0x9E, 0xBE, 0x8E, 0xE6, 0x92, 0xAD, 0xAB,
    0x7F, 0xA0, 0x28, 0xBA, 0x4A, 0x31, 0xBC, 0x9A, 0x4A, 0xB6, 0x7F, 0xFB, 0x18, 0x8A, 0x33, 0xE7,
    0xD8, 0x5C, 0xC9, 0x0F, 0x79, 0x3F, 0x77, 0x7B, 0xAE, 0x7C, 0xEF, 0xC6, 0x8F, 0xE6, 0xC9, 0xAD,
    0x9E, 0x7B, 0xF5, 0x93, 0xC1, 0xBD, 0x9B, 0x93, 0xFE, 0xFD, 0xDF, 0xEE, 0x94, 0x8B, 0xAB, 0x6D,
    0xF9, 0xFF, 0xFF, 0x4A, 0x97, 0x7C, 0xA1, 0x26, 0x3C, 0x66, 0xCE, 0x3E, 0x5D, 0xB4, 0xC2, 0xC6,
    0x9D, 0x87, 0x8D, 0xEC, 0x41, 0xAE, 0x6B, 0x46, 0xD9, 0x57, 0x8E, 0x32, 0xCF, 0x2F, 0xC9, 0xB2,
    0xFC, 0x4E, 0x26, 0xEB, 0x92, 0x4C, 0xCE, 0x27, 0x45, 0x26, 0x67, 0x93, 0x77, 0x2F, 0xD1, 0x4D,
    0xEE, 0x5C, 0xC2, 0x4E, 0x9A, 0x1C, 0x5B, 0x8F, 0x7A, 0x91, 0x1D, 0x75, 0x8B, 0xDB, 0x6D, 0x73,
    0xFD, 0xE2, 0x63, 0xD3, 0x24, 0x67, 0x0A, 0x73, 0x35, 0x59, 0x0B, 0xDD, 0x45, 0xCB, 0x54, 0xD3,
    0xB4, 0x8C, 0x92, 0x8D, 0x8B, 0x46, 0xC1, 0x45, 0x03, 0xEA, 0x4A, 0xF6, 0x98, 0x7F, 0xDF, 0xF4,
    0x99, 0x85, 0xD7, 0xBA, 0xFE, 0xA1, 0x81, 0xBC, 0xAA, 0xB7, 0x68, 0xA3, 0x27, 0x85, 0x59, 0xB4,
    0xFF, 0xEC, 0xAC, 0x6D, 0x9D, 0x9D, 0x2E, 0xF4, 0x7E, 0xD5, 0x56, 0xB2, 0xCB, 0x15, 0xCD, 0xA7,
    0x24, 0x6E, 0x1D, 0xA6, 0x15, 0x03, 0x5F, 0x4B, 0x32, 0x15, 0x3E, 0x90, 0xFF, 0x3C, 0x72, 0x72,
    0xFB, 0x12, 0x75, 0x23, 0xA8, 0x47, 0x39, 0xA5, 0x1D, 0xD0, 0xE8, 0x3E, 0x0D, 0x23, 0xAE, 0x52,
    0xD2, 0x79, 0x70, 0xE5, 0xFF, 0x91, 0x2E, 0x17, 0x32, 0x3F, 0xF7, 0xB1, 0x1E, 0x6D, 0x1D, 0x4E,
    0x2A, 0x8F, 0x77, 0x2F, 0xAA, 0xC9, 0xFD, 0x77, 0x94, 0xEF, 0x95, 0x75, 0x5F, 0x50, 0x76, 0xC2,
    0xF7, 0xE6, 0x34, 0xF4, 0xB8, 0x7A, 0x38, 0xA9, 0xCE, 0xB5, 0x04, 0xF3, 0x08, 0x55, 0xD0, 0x0F,
    0x0E, 0x92, 0x42, 0x7E, 0xDF, 0x08, 0x84, 0x14, 0xF4, 0x0F, 0x26, 0x79, 0x4D, 0xD0, 0x1C, 0xB1,
    0x68, 0x4B, 0xAC, 0xC7, 0x42, 0xD7, 0x54, 0x72, 0x42, 0x66, 0xD2, 0xB6, 0xB2, 0x79, 0xB7, 0x33,
    0x1D, 0xCE, 0x77, 0xEC, 0x74, 0x56, 0xB5, 0x6D, 0x77, 0xFC, 0xB6, 0xB6, 0xF1, 0x1D, 0x65, 0x93,
    0x9B, 0x91, 0x4D, 0x7E, 0x13, 0xB7, 0xE9, 0x7F, 0xC6, 0x26, 0x9D, 0xF9, 0x6C, 0xDA, 0x44, 0x0B,
    0xE3, 0xA1, 0x53, 0x25, 0xC8, 0x14, 0x84, 0xBD, 0x7F, 0x55, 0x65, 0xCE, 0xC9, 0x9C, 0x3F, 0xA3,
    0xFA, 0x23, 0xA8, 0x9C, 0x82, 0x3F, 0x5F, 0xF2, 0x1C, 0xE1, 0x9B, 0x85, 0x35, 0xA1, 0x66, 0xEE,
    0x6B, 0xC7, 0x0C, 0xCB, 0x3C, 0xB6, 0x34, 0xCE, 0x90, 0xAD, 0x21, 0x33, 0xCC, 0x2A, 0x8B, 0xD7,
    0xC6, 0x36, 0x16, 0x5B, 0xB4, 0x51, 0x1B, 0x9B, 0xB8, 0x4D, 0x4C, 0xEC, 0x55, 0xC2, 0x4A, 0xBD,
    0x52, 0x41, 0xF6, 0xB6, 0x53, 0xD9, 0xB9, 0xFB, 0x5A, 0x7C, 0x79, 0xDB, 0xEB, 0x3B, 0x15, 0xE2,
    0xEE, 0x7B, 0x27, 0x95, 0x65, 0xE6, 0x7B, 0xBB, 0x4D, 0x2F, 0x36, 0x36, 0x91, 0x4D, 0x42, 0xBF,
    0xDE, 0xF4, 0xA7, 0x1E, 0x99, 0xF2, 0x90, 0xA9, 0xCA, 0x74, 0x2E, 0x53, 0xB7, 0x86, 0xC5, 0xA7,
    0x00, 0x02, 0x20, 0x07, 0x18, 0x00, 0xF4, 0x01, 0xCA, 0x4D, 0xC9, 0x8C, 0x2F, 0x95, 0x65, 0x82,
    0xE7, 0x9E, 0xD3, 0x78, 0x11, 0x02, 0x3B, 0xB1, 0xC1, 0x92, 0x78, 0x0D, 0x12, 0x1D, 0xB5, 0x04,
    0x15, 0xBC, 0x84, 0x21, 0x68, 0x90, 0xC9, 0x50, 0xB4, 0x50, 0x24, 0xCE, 0x71, 0xA0, 0xF3, 0x3E,
    0x65, 0xEC, 0x28, 0x93, 0x8B, 0x4C, 0xD2, 0x77, 0x98, 0x67, 0xFB, 0xCC, 0xB2, 0x4F, 0x9F, 0x1A,
    0x8D, 0xE9, 0xB5, 0x36, 0xCF, 0xEF, 0xB7, 0x83, 0xFA, 0x91, 0x19, 0xD8, 0x37, 0x75, 0x15, 0x96,
    0xCC, 0xF5, 0x5B, 0x08, 0x05, 0x08, 0x0E, 0x4B, 0xEF, 0x6B, 0x9F, 0xD4, 0x33, 0x13, 0xA8, 0x09,
    0xDC, 0x04, 0x72, 0x02, 0x3B, 0x81, 0x9E, 0xC0, 0x4F, 0x10, 0x20, 0x28, 0x10, 0x24, 0x08, 0x1A,
    0x04, 0x11, 0x82, 0x0A, 0x41, 0x86, 0xA0, 0x43, 0xA6, 0xCB, 0x4C, 0x55, 0x76, 0x94, 0xC9, 0x9D,
    0xE9, 0x07, 0x82, 0x1D, 0xBB, 0x16, 0x54, 0xF7, 0xEF, 0x0A, 0x8E, 0x3F, 0xB8, 0xD9, 0x23, 0xFE,
    0xE8, 0x6C, 0x9F, 0xE4, 0x56, 0xEA, 0xCB, 0x27, 0x49, 0x4D, 0xBA, 0x4A, 0xAE, 0x92, 0x76, 0xC9,
    0x8A, 0xCC, 0x26, 0x4B, 0x84, 0x89, 0x3B, 0x84, 0x0E, 0x45, 0x6E, 0xA2, 0x19, 0xB7, 0xA1, 0x18,
    0x20, 0xD1, 0xCF, 0x94, 0x54, 0xFD, 0x9F, 0x42, 0x83, 0x6F, 0x2F, 0xB4, 0x19, 0xC6, 0xC1, 0xFC,
    0x2B, 0xBA, 0x83, 0x61, 0x9C, 0xCB, 0xA7, 0x0D, 0x37, 0xDF, 0xEA, 0x98, 0x3D, 0x19, 0xC6, 0xD8,
    0xCA, 0x46, 0x61, 0x18, 0xB7, 0x9E, 0xA3, 0xCE, 0x56, 0x4C, 0x8E, 0x9E, 0x64, 0x2E, 0x7C, 0x77,
    0xBA, 0xC2, 0x52, 0x7B, 0xCC, 0x3D, 0x71, 0x17, 0x07, 0x1F, 0x99, 0x23, 0x36, 0x31, 0xD5, 0x3A,
    0xD1, 0xBB, 0xEE, 0x81, 0x9E, 0x3E, 0x72, 0xBA, 0x31, 0x8D, 0x2A, 0xA4, 0x90, 0x71, 0x97, 0x6A,
    0x71, 0x22, 0x53, 0x83, 0x53, 0x99, 0xAC, 0xAC, 0x90, 0xE5, 0xC1, 0x79, 0x49, 0xAC, 0x72, 0x8A,
    0xE5, 0x80, 0x9A, 0x3E, 0xB3, 0x83, 0x44, 0x07, 0xD2, 0x65, 0xD4, 0xD1, 0xB8, 0x96, 0x6C, 0x2D,
    0x01, 0x52, 0xB7, 0x9F, 0xBB, 0x6E, 0x04, 0xCD, 0x92, 0x2D, 0x27, 0xC9, 0x34, 0x49, 0xB8, 0x49,
    0x35, 0xE7, 0x54, 0xEC, 0x64, 0x72, 0x56, 0xA6, 0x19, 0xC9, 0x9A, 0x68, 0xF9, 0xB5, 0x54, 0x8F,
    0xBD, 0xFE, 0xF1, 0x83, 0x54, 0x0F, 0x9E, 0x3A, 0x9F, 0x9D, 0x57, 0x7D, 0x16, 0xE6, 0x20, 0xD5,
    0xA6, 0x24, 0xA4, 0x1A, 0xE6, 0xC0, 0x0C, 0xB0, 0x4F, 0x10, 0xB5, 0x10, 0xB7, 0x44, 0xDE, 0x99,
    0x99, 0x5B, 0x07, 0x07, 0x30, 0x24, 0x93, 0xBC, 0xF6, 0x43, 0x9F, 0x8C, 0xCF, 0xC8, 0xE5, 0x82,
    0x11, 0xC5, 0x86, 0x53, 0x06, 0xCE, 0x11, 0xD6, 0x94, 0x01, 0x9B, 0x69, 0xC1, 0x04, 0xDF, 0xBC,
    0x79, 0x08, 0x8E, 0x59, 0x31, 0xA3, 0xE6, 0x4B, 0x4A, 0xCE, 0xA9, 0xCD, 0x80, 0x29, 0x99, 0xF8,
    0x35, 0x67, 0x46, 0xB7, 0xD5, 0x61, 0x0B, 0x8F, 0xF0, 0x10, 0x3C, 0xFC, 0xDD, 0x21, 0x31, 0x1E,
    0x7A, 0x83, 0x34, 0x40, 0x11, 0xF4, 0x11, 0x32, 0x76, 0x2A, 0x77, 0x76, 0xCC, 0xD2, 0xEF, 0x1B,
    0xE1, 0x9E, 0x41, 0x07, 0x96, 0xC8, 0x72, 0xDC, 0xD2, 0xB4, 0xDC, 0x37, 0xDC, 0xD6, 0x38, 0xCD,
    0x79, 0x08, 0xAF, 0x36, 0x5F, 0x98, 0x24, 0x1C, 0x81, 0x54, 0xA5, 0xC6, 0x3C, 0xF6, 0xCE, 0xBA,
    0xA8, 0x27, 0xCD, 0x45, 0xB5, 0x39, 0x18, 0xBE, 0xE3, 0x0F, 0x75, 0xDF, 0x7C, 0x30, 0x3C, 0x0C,
    0x78, 0x1D, 0x02, 0x3E, 0xA1, 0xB1, 0x57, 0xE6, 0x14, 0x0F, 0x96, 0x9D, 0xB7, 0xE0, 0xA9, 0x2F,
    0x64, 0xF2, 0xF1, 0x8B, 0x8E, 0xE4, 0xC6, 0x7F, 0xAF, 0x48, 0xAE, 0xB9, 0x96, 0x54, 0x6F, 0x99,
    0x10, 0x70, 0x73, 0x18, 0xF0, 0x4C, 0x1F, 0x06, 0xBC, 0x03, 0x88, 0x2E, 0x43, 0xD2, 0xB2, 0xF8,
    0x9D, 0xCE, 0x9C, 0xA3, 0x90, 0x0D, 0x65, 0xFC, 0xB1, 0x24, 0x0F, 0xDF, 0xE9, 0x2E, 0xE2, 0xA7,
    0x8E, 0x11, 0xD5, 0xFF, 0xFA, 0x9B, 0x66, 0x3A, 0x69, 0xBD, 0x97, 0xFC, 0x14, 0x3C, 0x31, 0xDC,
    0xB1, 0xA7, 0xB6, 0xAB, 0x36, 0xB7, 0xC7, 0xDB, 0x4A, 0xC7, 0xC6, 0x7F, 0xC5, 0x6B, 0x77, 0x4C,
    0xB2, 0x77, 0x41, 0xA7, 0xB7, 0x12, 0x9D, 0xFE, 0x43, 0xAA, 0xB3, 0x59, 0xA6, 0x44, 0x9B, 0x49,
    0xA1, 0x04, 0x61, 0x01, 0x5C, 0x06, 0x5E, 0x6B, 0x33, 0x13, 0x39, 0x5D, 0xD9, 0xE4, 0xA2, 0x0F,
    0x97, 0x77, 0xD1, 0x8E, 0x4D, 0x1C, 0x55, 0xCB, 0x82, 0xE3, 0x2D, 0x3D, 0x62, 0x33, 0x1B, 0x90,
    0x5C, 0x5B, 0xF6, 0x49, 0xF6, 0x56, 0x25, 0xE9, 0xAD, 0x9E, 0x2F, 0xBF, 0x10, 0x25, 0xD9, 0x3C,
    0x9B, 0x23, 0x6C, 0x1A, 0xC2, 0x95, 0xF8, 0x22, 0x63, 0x0B, 0x07, 0x06, 0x29, 0x64, 0x2E, 0x5F,
    0x24, 0x53, 0xD1, 0x95, 0x4C, 0x65, 0x4B, 0x21, 0x8F, 0x9D, 0x12, 0x9C, 0xF4, 0x28, 0xBA, 0xDC,
    0x53, 0x07, 0xF3, 0xF5, 0x3D, 0x46, 0x7E, 0x5D, 0xA5, 0x70, 0x96, 0xE0, 0xE8, 0xC8, 0xFD, 0xB4,
    0x15, 0x6E, 0xAD, 0x07, 0x54, 0xB2, 0x70, 0x8E, 0xD4, 0xFD, 0x8C, 0x2D, 0xD5, 0xA3, 0xB0, 0x03,
    0x86, 0xD3, 0x11, 0xBB, 0xD3, 0x8D, 0x49, 0x3F, 0x90, 0x35, 0x1D, 0x73, 0x0E, 0x03, 0x72, 0x7C,
    0x1D, 0xD2, 0xB0, 0x5F, 0x3D, 0x74, 0xBB, 0xEF, 0xFD, 0x68, 0x77, 0xDD, 0xAB, 0x96, 0xFD, 0x23,
    0x97, 0x47, 0x50, 0x12, 0xEE, 0x1A, 0x26, 0x4F, 0x3C, 0x41, 0xB0, 0x45, 0xD4, 0x25, 0x3A, 0x5D,
    0xA5, 0x5A, 0x9C, 0xCC, 0xE4, 0xB1, 0x13, 0x02, 0x51, 0x8F, 0xBC, 0x58, 0x47, 0x30, 0xE8, 0xE1,
    0x95, 0xE9, 0x1E, 0x95, 0x1D, 0xB1, 0x3D, 0xAD, 0x79, 0xE3, 0x5E, 0x47, 0xF5, 0x99, 0x21, 0x5D,
    0xC3, 0x11, 0x79, 0xA4, 0xD2, 0x27, 0xA7, 0xA6, 0xFC, 0x17, 0xDD, 0x35, 0x7F, 0x6F, 0xF2, 0x35,
    0x48, 0x7C, 0xFA, 0x84, 0x6B, 0xC7, 0xE1, 0x19, 0x6F, 0x9F, 0x0B, 0x12, 0xFE, 0x6E, 0x89, 0x0D,
    0x89, 0x79, 0x12, 0xD2, 0x4C, 0x91, 0xC9, 0x90, 0x40, 0x03, 0x95, 0x85, 0x9D, 0x6D, 0x98, 0xEE,
    0x40, 0xD3, 0x42, 0xA1, 0x78, 0xEA, 0x5A, 0xF8, 0x2E, 0xB7, 0x44, 0xA8, 0x9A, 0x9C, 0x92, 0xEF,
    0x78, 0x40, 0x0D, 0x4C, 0x0E, 0x82, 0xD9, 0x3D, 0x15, 0x4C, 0x8F, 0xB8, 0x85, 0x83, 0x83, 0xE2,
    0x6B, 0x8A, 0x38, 0xB4, 0xCA, 0xB7, 0xC8, 0xFF, 0x43, 0x50, 0x39, 0x07, 0xD1, 0x39, 0x7C, 0x01,
    0x62, 0xCD, 0x6B, 0x17, 0x74, 0xEC, 0xBE, 0xD0, 0x42, 0x36, 0xCA, 0xBF, 0x2F, 0xFD, 0xFB, 0xF2,
    0xC9, 0xFB, 0xA1, 0xFF, 0x27, 0x3B, 0xB1, 0x5B, 0xED, 0xF8, 0xF7, 0xF5, 0xD7, 0xFB, 0x7F, 0xE9,
    0xFB, 0x1F, 0x7D, 0x63, 0x7F, 0xAE, 0x5E, 0x32, 0x3F, 0x36, 0x95, 0x4E, 0xFC, 0x8A, 0xA5, 0x50,
    0xED, 0xCB, 0x1F, 0xB6, 0x2F, 0x7D, 0x68, 0x8A, 0xEB, 0x3A, 0xD9, 0xD3, 0xC9, 0xEF, 0x74, 0xE4,
    0xE0, 0xBB, 0xEC, 0xAE, 0x66, 0xF0, 0xA7, 0x80, 0x05, 0xF7, 0xA5, 0x87, 0xD3, 0x91, 0x4D, 0x6D,
    0xDC, 0x46, 0x36, 0x09, 0x30, 0x1E, 0x3A, 0x31, 0xA9, 0xCE, 0x95, 0x9F, 0x78, 0x84, 0x60, 0x08,
    0x25, 0xBC, 0x60, 0x62, 0x04, 0x89, 0xC9, 0x49, 0x74, 0x4E, 0xA6, 0x07, 0xE4, 0x5E, 0x7C, 0x4D,
    0xE5, 0x3E, 0x85, 0x12, 0x98, 0x80, 0xB7, 0x36, 0x61, 0xF5, 0x18, 0xD0, 0x67, 0x73, 0xB8, 0x6E,
    0xF4, 0xAF, 0xDB, 0x69, 0xBB, 0xD0, 0x95, 0xCC, 0xC2, 0xC0, 0x25, 0xA0, 0xF6, 0xD8, 0xFC, 0xB1,
    0x36, 0xA0, 0xA3, 0x8F, 0xA5, 0x0C, 0x88, 0x2C, 0x75, 0xDC, 0xD2, 0xEC, 0xAD, 0xF9, 0xF5, 0x83,
    0x8F, 0xE5, 0xF4, 0xC1, 0x05, 0x16, 0x7B, 0x8E, 0xEA, 0x95, 0x25, 0xE9, 0xF2, 0x05, 0x6F, 0xD2,
    0x72, 0xEB, 0x72, 0x23, 0xC9, 0x2C, 0x74, 0x87, 0x73, 0xC6, 0x1E, 0xDC, 0x61, 0xB7, 0xDB, 0x67,
    0x76, 0x3B, 0xDD, 0xEC, 0x76, 0x8B, 0x58, 0x71, 0xEC, 0x04, 0x27, 0x4F, 0x20, 0x3C, 0x4F, 0x4B,
    0xBA, 0x4F, 0xE5, 0xE4, 0xE2, 0xAC, 0xBE, 0x7F, 0x43, 0xFB, 0x59, 0x33, 0xEE, 0x6D, 0x4C, 0xFA,
    0x75, 0xC2, 0x67, 0xED, 0xA3, 0xC8, 0x7C, 0xB0, 0x56, 0x88, 0xA3, 0x1C, 0x3B, 0x1A, 0x38, 0x93,
    0x96, 0xDD, 0x9C, 0xDD, 0x86, 0xDD, 0x35, 0x7F, 0xF9, 0x0B, 0xCE, 0x8F, 0xA8, 0xCB, 0x6F, 0x47,
    0xE5, 0xEF, 0x43, 0x2A, 0x71, 0x48, 0x15, 0x05, 0x03, 0xDB, 0x82, 0xAE, 0xA4, 0x7B, 0xE1, 0xA9,
    0xA4, 0x10, 0x7F, 0xA3, 0x8D, 0x11, 0x84, 0xBB, 0x07, 0x03, 0xE8, 0x03, 0x5E, 0xA8, 0xCB, 0xDC,
    0x7E, 0xDE, 0xCB, 0x4B, 0x44, 0x63, 0xF2, 0x85, 0xED, 0x4D, 0xA7, 0x83, 0xA6, 0x1D, 0x15, 0xEA,
    0x1B, 0x93, 0x78, 0xC8, 0xAF, 0xC3, 0xCD, 0x73, 0x30, 0x84, 0x69, 0xE6, 0xDA, 0x6A, 0x2D, 0x27,
    0xA9, 0xF9, 0xD7, 0xDF, 0x5C, 0x39, 0xBF, 0xBA, 0xB2, 0x5D, 0x28, 0xA0, 0x9C, 0x4C, 0x66, 0x56,
    0xA8, 0x17, 0xB6, 0xF5, 0xEC, 0x65, 0x6D, 0xAB, 0x0B, 0x3A, 0xCB, 0xA9, 0x96, 0xAC, 0x25, 0xD1,
    0xDB, 0xAF, 0xA8, 0xCC, 0xED, 0xE9, 0x93, 0x2F, 0x3C, 0x50, 0x95, 0xFC, 0x98, 0x97, 0xAF, 0x7D,
    0xC2, 0x4B, 0x17, 0x3A, 0x8A, 0x4C, 0x11, 0xC9, 0x44, 0x37, 0xCB, 0xC5, 0x32, 0x58, 0x83, 0x48,
    0x92, 0xAA, 0xE8, 0x03, 0x84, 0xA1, 0xD2, 0xEC, 0x6A, 0x5E, 0xD7, 0x14, 0x20, 0x4C, 0x65, 0x77,
    0xB6, 0xA7, 0x3B, 0x4D, 0xEB, 0x85, 0x1A, 0x62, 0x47, 0xA2, 0x48, 0x34, 0x99, 0x65, 0x48, 0xB8,
    0x0B, 0xE5, 0xF1, 0x29, 0xB1, 0xE9, 0x71, 0x8C, 0x44, 0x9E, 0xF2, 0x8E, 0xFE, 0xBD, 0x76, 0x47,
    0xFF, 0x58, 0x6D, 0xEB, 0xBF, 0x91, 0x01, 0x2F, 0xE9, 0x77, 0xAF, 0xDD, 0x91, 0x3B, 0x8B, 0x33,
    0x0C, 0x39, 0xC1, 0x31, 0xA6, 0x61, 0x20, 0xC0, 0xF3, 0x3F, 0x27, 0x0E, 0xF6, 0x35, 0xC7, 0xF5,
    0x98, 0xB8, 0xAD, 0xC1, 0xCE, 0x3C, 0x2C, 0x01, 0x71, 0x3B, 0x27, 0xD5, 0xE3, 0x30, 0x28, 0xDD,
    0x3E, 0xB1, 0xBB, 0x7C, 0xF8, 0xFF, 0xA5, 0x30, 0x99, 0x19, 0x13, 0xDB, 0x5A, 0x28, 0x3B, 0xDB,
    0x6E, 0x67, 0x76, 0xE7, 0x4A, 0x67, 0x77, 0x5A, 0xDB, 0x15, 0x1F, 0xDA, 0xAB, 0xE9, 0x75, 0x53,
    0xB9, 0x54, 0x67, 0x5D, 0xCE, 0x08, 0xA8, 0x80, 0x1C, 0xE8, 0x01, 0xFD, 0xAD, 0xB7, 0x2F, 0x8F,
    0x8A, 0xCF, 0xBA, 0xB2, 0xAE, 0xEB, 0xD2, 0x0E, 0xCB, 0xDA, 0x7D, 0xB7, 0x7C, 0xE3, 0x8E, 0x2A,
    0x67, 0x77, 0xD4, 0x64, 0xE6, 0x98, 0xCD, 0x5F, 0x8C, 0xEC, 0x88, 0xCC, 0xE4, 0x5F, 0x39, 0x19,
    0x87, 0xD8, 0xFC, 0xE0, 0x95, 0x9F, 0x13, 0xB9, 0x9B, 0x6B, 0xD2, 0x0F, 0xF7, 0xF3, 0x90, 0x09,
    0x11, 0x42, 0x21, 0xE8, 0x33, 0xED, 0x51, 0x62, 0x7B, 0x54, 0xAD, 0xED, 0x53, 0x75, 0x6D, 0x49,
    0xF9, 0xB2, 0x2F, 0xC5, 0x23, 0x53, 0x92, 0xDD, 0xD6, 0xF5, 0x66, 0xB7, 0x81, 0x78, 0x73, 0x3A,
    0x03, 0x0A, 0x78, 0xDE, 0xAD, 0x48, 0x9C, 0xBB, 0x4C, 0x6E, 0x80, 0xF1, 0x96, 0x82, 0x3A, 0xB7,
    0xD0, 0x95, 0x3B, 0x60, 0xB7, 0x43, 0x19, 0x18, 0xE8, 0x84, 0x82, 0xAB, 0xF1, 0x9A, 0x30, 0x5D,
    0x2C, 0xD9, 0xFA, 0x8F, 0x2D, 0x00, 0x87, 0xA4, 0xEF, 0xC7, 0x9A, 0xC4, 0x79, 0xD2, 0xE4, 0x4C,
    0x01, 0xDF, 0xF7, 0xA4, 0x71, 0x20, 0x15, 0xCF, 0x92, 0xCE, 0xBE, 0x25, 0xE9, 0x0C, 0x98, 0x00,
    0xE5, 0x21, 0x9E, 0xBF, 0xC2, 0x38, 0x0C, 0x0E, 0x95, 0xAB, 0x09, 0x89, 0x86, 0xD8, 0x3C, 0xEF,
    0xD1, 0xE8, 0xD8, 0x3C, 0xD4, 0x89, 0x36, 0x5A, 0xA8, 0x2F, 0xD4, 0x79, 0x9A, 0xCF, 0x96, 0x64,
    0x4E, 0x02, 0x70, 0x92, 0x83, 0x66, 0x86, 0x00, 0xBB, 0x1B, 0xDE, 0xF7, 0x73, 0x65, 0x13, 0xD7,
    0x58, 0x9B, 0x5D, 0x68, 0x6D, 0x9B, 0xC7, 0xFA, 0x61, 0x3B, 0x48, 0xF4, 0x23, 0x33, 0x4A, 0xD4,
    0xE7, 0x7A, 0xDC, 0xC6, 0x1F, 0xA9, 0xAA, 0x4B, 0x6E, 0x51, 0x6E, 0xA7, 0xFF, 0xC5, 0xA9, 0x1D,
    0xD1, 0x21, 0xF4, 0x11, 0x09, 0xCF, 0x9E, 0x6B, 0x01, 0x01, 0x30, 0x86, 0xC2, 0xAD, 0x88, 0xC2,
    0x37, 0x4D, 0xCD, 0xE1, 0xAB, 0x7D, 0xE2, 0x8E, 0x92, 0xF4, 0x04, 0x65, 0xEF, 0xE8, 0x51, 0xCA,
    0x45, 0x56, 0x53, 0xFD, 0xFB, 0xF5, 0x15, 0xC5, 0xDB, 0x8F, 0x2D, 0x82, 0x46, 0x3D, 0xCB, 0x97,
    0xA8, 0x4D, 0xF9, 0xBB, 0xAD, 0x54, 0x66, 0xEE, 0xEE, 0x4D, 0x8A, 0xD3, 0xCB, 0x7D, 0x4A, 0x66,
    0xCF, 0x31, 0x63, 0x02, 0x96, 0x12, 0xEC, 0xDF, 0xF6, 0xE1, 0xD1, 0x3A, 0x87, 0xC7, 0x67, 0x85,
    0xA4, 0x39, 0x92, 0x68, 0xAA, 0x55, 0xDC, 0x92, 0x75, 0xA8, 0xF0, 0x20, 0x2D, 0x94, 0x7F, 0x94,
    0x56, 0xC6, 0x3F, 0x4C, 0xDF, 0x33, 0xBB, 0xEB, 0x7C, 0x4F, 0x57, 0xCB, 0x22, 0xD1, 0xFE, 0x91,
    0x9A, 0x6A, 0x28, 0x53, 0xE5, 0x4B, 0x26, 0xA1, 0x16, 0xBE, 0x4C, 0x04, 0x30, 0x0B, 0xA5, 0xCB,
    0x01, 0xDB, 0x0B, 0xA5, 0x0F, 0xC1, 0x6A, 0xFC, 0x40, 0x02, 0xB1, 0x33, 0x40, 0x76, 0xCD, 0x02,
    0x39, 0x53, 0x0B, 0x7D, 0x76, 0x3A, 0x4B, 0x59, 0x3C, 0xFC, 0xEA, 0x73, 0x33, 0x7C, 0xFD, 0xBE,
    0x5B, 0x7C, 0x30, 0x6C, 0xF6, 0xFE, 0x69, 0xC4, 0xB0, 0x38, 0x7B, 0xF2, 0x14, 0x25, 0x81, 0x63,
    0xC0, 0x55, 0x40, 0xB8, 0x16, 0x88, 0xD6, 0x12, 0xF8, 0x1F, 0xB5, 0xD8, 0x01, 0x84, 0x24, 0xE9,
    0xD9, 0xC0, 0xF1, 0x5F, 0x55, 0xDD, 0xB7, 0xBD, 0xDF, 0xD6, 0xEE, 0x56, 0xB0, 0x70, 0xB1, 0xB3,
    0x7D, 0x08, 0x06, 0x33, 0xDD, 0x87, 0xC1, 0xA0, 0x7A, 0xA6, 0xE4, 0x10, 0x2C, 0x84, 0x00, 0x04,
    0x87, 0x43, 0x00, 0x8B, 0xC6, 0x92, 0xB9, 0xDD, 0x3A, 0x87, 0x20, 0xB0, 0x00, 0x80, 0x15, 0x20,
    0x0B, 0xB7, 0xD8, 0x30, 0x98, 0xDC, 0x96, 0x1C, 0x82, 0x23, 0xCA, 0x05, 0x41, 0x90, 0xBE, 0x00,
    0x12, 0x5C, 0x89, 0x26, 0xED, 0xEE, 0x66, 0x2A, 0xFD, 0x58, 0xA3, 0x19, 0x07, 0x66, 0xAB, 0x55,
    0xBF, 0x03, 0x7A, 0x5E, 0xFF, 0x5F, 0xBF, 0x55, 0x4F, 0x8F, 0xE1, 0x08, 0x4F, 0xD0, 0x93, 0x7C,
    0x43, 0xF6, 0x0F, 0x46, 0x5F, 0x56, 0x8A, 0x87, 0xB5, 0xF1, 0xA8, 0x36, 0xCB, 0x1A, 0x27, 0xEB,
    0xB5, 0xCC, 0x9A, 0xA4, 0xCB, 0xDA, 0xAC, 0xEF, 0xDB, 0x51, 0xDF, 0x2F, 0x8A, 0x3A, 0xE9, 0xC6,
    0x92, 0xEE, 0x88, 0xEE, 0x84, 0x25, 0x80, 0x02, 0x63, 0xDC, 0xC1, 0xD3, 0xBF, 0x36, 0xE9, 0xC5,
    0x7F, 0x9B, 0xBC, 0x99, 0xD6, 0x85, 0xA2, 0x9E, 0x28, 0xAA, 0x52, 0xE1, 0xCD, 0x1A, 0x3B, 0x31,
    0x51, 0x3A, 0x72, 0xE4, 0x5C, 0xF1, 0xCD, 0x99, 0xF4, 0xBC, 0x04, 0xE6, 0x58, 0xA1, 0x83, 0x1B,
    0x15, 0xD3, 0x05, 0x07, 0x1D, 0x49, 0xCB, 0xA8, 0xE2, 0xFF, 0xC1, 0x60, 0xED, 0x59, 0x47, 0x71,
    0xCA, 0xCD, 0x12, 0x73, 0x92, 0x96, 0xAC, 0xC6, 0xB5, 0x0D, 0x59, 0x85, 0x22, 0xD6, 0x2F, 0x31,
    0x6D, 0xF0, 0x87, 0x96, 0x64, 0xD1, 0xB1, 0x49, 0xF7, 0x04, 0x7A, 0x44, 0xBD, 0xC8, 0x17, 0xFD,
    0x02, 0x20, 0x04, 0x82, 0x20, 0x0C, 0x81, 0x10, 0x0A, 0xC1, 0x10, 0x0E, 0x01, 0x11, 0x12, 0x41,
    0x11, 0x16, 0x78, 0x53, 0x9F, 0x7D, 0x45, 0xDE, 0xB1, 0x3F, 0x67, 0xBE, 0xF7, 0x36, 0x98, 0x3D,
    0xDC, 0x27, 0xBF, 0x23, 0x24, 0x01, 0x49, 0x9E, 0x3D, 0x1F, 0xF4, 0x00, 0xE4, 0x18, 0x55, 0xEB,
    0xE6, 0x6A, 0xA0, 0xE6, 0xBC, 0xC1, 0xBD, 0x16, 0x69, 0x4D, 0x7E, 0xCB, 0xE6, 0x14, 0xA2, 0x7E,
    0xFB, 0xA7, 0x90, 0x76, 0x24, 0x07, 0x78, 0xBE, 0x56, 0xD5, 0xC3, 0xA8, 0x26, 0xB7, 0xF9, 0xDD,
    0x12, 0x28, 0x2A, 0x8E, 0x1B, 0xBA, 0x85, 0xA4, 0xFE, 0x70, 0xD0, 0xD3, 0xC8, 0x3F, 0x65, 0xF7,
    0x8F, 0x40, 0xD6, 0x1A, 0xA6, 0xBD, 0xA8, 0x36, 0x77, 0x4F, 0xDB, 0xC1, 0x56, 0x47, 0xCF, 0x60,
    0xDD, 0x57, 0xC7, 0x91, 0x05, 0x69, 0xC3, 0x08, 0xD5, 0x3D, 0x49, 0x3B, 0xE7, 0xF5, 0x82, 0x77,
    0x0C, 0x6B, 0x3A, 0xC4, 0x4B, 0x92, 0x96, 0x47, 0xB7, 0x38, 0xDC, 0x67, 0xBA, 0x24, 0xE1, 0xFA,
    0x96, 0x1D, 0xDC, 0x45, 0x8E, 0x7A, 0xDD, 0xDE, 0x1C, 0xF2, 0x6D, 0xC7, 0x71, 0x3D, 0x68, 0xFB,
    0xA8, 0x22, 0xAB, 0x49, 0x1A, 0xA2, 0x7D, 0xBE, 0xCF, 0xF1, 0x8A, 0x1B, 0xCF, 0x5C, 0xBF, 0x3D,
    0x6F, 0xB9, 0xF9, 0xDC, 0x9B, 0xD9, 0xBC, 0xDD, 0xFE, 0x74, 0x49, 0xB2, 0x8B, 0x47, 0x18, 0xD2,
    0x70, 0xB4, 0x79, 0x7E, 0x93, 0x7A, 0x57, 0xD2, 0x1C, 0xF0, 0xDD, 0xF0, 0xFD, 0x45, 0x3C, 0xBF,
    0x1F, 0xC3, 0x80, 0xED, 0xD5, 0xE6, 0xF3, 0xF6, 0xB4, 0xDE, 0xFA, 0xF3, 0x7B, 0xB5, 0x7B, 0xA8,
    0xE7, 0xB7, 0xEF, 0x97, 0xC9, 0xB7, 0x2F, 0x9E, 0x27, 0x1D, 0xE9, 0x82, 0x2C, 0x56, 0x4B, 0xAC,
    0x51, 0xC3, 0xBA, 0x4F, 0xFE, 0xAF, 0x17, 0x8A, 0x9A, 0xA2, 0xDA, 0x24, 0xC5, 0x9A, 0xE0, 0xF8,
    0xC5, 0xEF, 0x1D, 0xF7, 0x17, 0x00, 0x94, 0x38, 0xC3, 0x1C, 0xD3, 0x85, 0xF4, 0xE2, 0x7B, 0x79,
    0x33, 0x56, 0x28, 0x4C, 0xE4, 0x8E, 0x5E, 0x7C, 0xE6, 0xB8, 0xEF, 0x95, 0x78, 0xB3, 0x7E, 0x64,
    0xEA, 0xB1, 0xE2, 0xDF, 0x9D, 0xB4, 0xAF, 0x80, 0x97, 0x58, 0xA2, 0x83, 0x77, 0xD1, 0xD7, 0x7C,
    0x51, 0x33, 0xAA, 0xD8, 0xC1, 0x4F, 0x30, 0x60, 0x7B, 0xBA, 0x24, 0x3F, 0xE3, 0x9D, 0x3D, 0x1C,
    0x6E, 0x46, 0x9A, 0x6B, 0x19, 0x22, 0xA6, 0x95, 0xF7, 0x8D, 0x3B, 0xE3, 0x6A, 0xD0, 0xCE, 0xF1,
    0x43, 0x7E, 0x7D, 0xCE, 0x87, 0x1F, 0x5D, 0xBF, 0x8D, 0x1D, 0x1C, 0x52, 0x3E, 0xA2, 0x27, 0xFD,
    0x5B, 0x65, 0xF4, 0x41, 0x33, 0x68, 0x27, 0x1D, 0x69, 0x23, 0xFD, 0x67, 0x65, 0xD4, 0xF1, 0xA0,
    0xE4, 0xF0, 0xFE, 0xDB, 0x34, 0xBF, 0xC4, 0x23, 0x76, 0x0F, 0xF8, 0x5C, 0x34, 0xBB, 0xF1, 0xD3,
    0x7A, 0xD0, 0xE6, 0xCB, 0x21, 0x9D, 0x7E, 0x5D, 0x0F, 0xD4, 0x7C, 0x04, 0xBF, 0x80, 0x5B, 0xD8,
    0xDB, 0xC5, 0x6B, 0xA4, 0x7F, 0xAE, 0xB8, 0x91, 0xD6, 0x5C, 0xF6, 0x0B, 0x80, 0x10, 0x04, 0x21,
    0x0C, 0x02, 0x70, 0xF9, 0x23, 0x18, 0xE1, 0x10, 0x10, 0x21, 0x09, 0x0A, 0x0A, 0x18, 0xC3, 0x18,
    0x26, 0x08, 0x8F, 0x00, 0xC1, 0x66, 0x6C, 0xAF, 0x55, 0xCD, 0x30, 0xAA, 0xD3, 0xF7, 0xA5, 0x0F,
    0x1B, 0x60, 0x86, 0x9E, 0x6C, 0x0D, 0x0A, 0xCF, 0x90, 0xA7, 0x31, 0xFA, 0xAA, 0x72, 0xFF, 0x09,
    0xC4, 0x46, 0x86, 0x69, 0x2F, 0x5D, 0xBD, 0xE3, 0xB7, 0x3A, 0xFD, 0x06, 0xEB, 0xBE, 0x32, 0x11,
    0x7F, 0x25, 0xED, 0xA5, 0x0F, 0xB9, 0xCB, 0x21, 0xCF, 0x21, 0x5D, 0x44, 0x7B, 0xD6, 0xCA, 0x1A,
    0xA3, 0x78, 0xC9, 0xEB, 0x28, 0x8E, 0x17, 0x63, 0xC6, 0x4C, 0x98, 0x31, 0xA3, 0xE4, 0x84, 0x33,
    0x92, 0x67, 0xC5, 0xF2, 0xF6, 0xA1, 0x47, 0x69, 0x9B, 0x06, 0x2E, 0x2E, 0x0F, 0x4C, 0xEC, 0x2B,
    0xE3, 0xF2, 0xD8, 0xA9, 0x57, 0x3A, 0x4E, 0xAD, 0x2C, 0x75, 0xC9, 0xFA, 0x4A, 0x17, 0x59, 0xBB,
    0xBE, 0x9A, 0xD1, 0xFA, 0xCA, 0xEB, 0xA2, 0x5A, 0x5F, 0xC6, 0xA6, 0x60, 0xCF, 0xC7, 0x76, 0xE9,
    0xD2, 0x65, 0xB2, 0x80, 0xAC, 0xC9, 0xE2, 0x7D, 0x75, 0x1E, 0xEF, 0x52, 0x18, 0xC7, 0xDE, 0x66,
    0x4A, 0x30, 0xB7, 0x0A, 0x57, 0x7E, 0xC1, 0xEB, 0xCF, 0xDA, 0x74, 0x99, 0x76, 0x79, 0xE3, 0xB4,
    0xA8, 0x9C, 0x4C, 0x29, 0x23, 0xF5, 0x84, 0xD9, 0x29, 0xE5, 0x8A, 0x93, 0x25, 0x67, 0x4B, 0x56,
    0x2B, 0x49, 0x77, 0xBA, 0xC6, 0x9E, 0xC8, 0x9B, 0xA9, 0xA9, 0xE2, 0xBB, 0xEF, 0x25, 0xFD, 0x33,
    0xE0, 0x90, 0xCD, 0x97, 0xCF, 0x52, 0x72, 0x71, 0x61, 0xD4, 0x16, 0xEB, 0xCA, 0x51, 0x33, 0x91,
    0x35, 0xB3, 0xF5, 0x2A, 0x63, 0x19, 0xAD, 0x57, 0x51, 0x97, 0x51, 0xEE, 0xE3, 0xF5, 0x1E, 0x4B,
    0x49, 0x5F, 0x5F, 0xFD, 0x72, 0xC4, 0x13, 0xF4, 0x35, 0x9F, 0xD6, 0xE4, 0xD8, 0xC7, 0x01, 0x0C,
    0xD7, 0x9D, 0xAC, 0x18, 0x9D, 0x93, 0xEC, 0x60, 0x0F, 0x1D, 0x49, 0x83, 0x6B, 0x1B, 0x76, 0x70,
    0x40, 0xF9, 0x73, 0xBE, 0x11, 0x8F, 0xA7, 0xFF, 0x4B, 0xAA, 0x41, 0x9B, 0x79, 0x89, 0x56, 0xF2,
    0x9F, 0x4A, 0xB6, 0xA2, 0xD8, 0x63, 0xEF, 0xCE, 0xDB, 0x34, 0x77, 0x78, 0x44, 0x79, 0xC0, 0x85,
    0x98, 0x91, 0xF2, 0x0F, 0xEA, 0x61, 0x9B, 0xB3, 0x9A, 0xB4, 0x91, 0x74, 0xCD, 0xA6, 0xF9, 0xEE,
    0xF5, 0x9B, 0xAF, 0x0E, 0xF8, 0xDD, 0x5D, 0x7C, 0x8E, 0xF4, 0x4B, 0x2E, 0xEB, 0x45, 0x3F, 0x01,
    0x10, 0x02, 0x41, 0x10, 0x06, 0x81, 0x10, 0x0A, 0xC1, 0x10, 0x0E, 0x01, 0x11, 0x12, 0x41, 0x11,
    0x16, 0x81, 0x11, 0x1A, 0xC1, 0x09, 0x8F, 0x00, 0x41, 0xB2, 0x22, 0xB9, 0x8F, 0x83, 0x50, 0x0D,
    0x73, 0x12, 0xAB, 0xF7, 0x65, 0x97, 0x03, 0xBE, 0xC4, 0x05, 0x59, 0x9C, 0x46, 0x3A, 0xEC, 0x69,
    0x8C, 0xBE, 0xAE, 0xDD, 0x9E, 0x80, 0x40, 0x0E, 0xD3, 0x5E, 0xA2, 0xDF, 0xD6, 0x1D, 0x6F, 0x33,
    0x5D, 0x86, 0x6C, 0xBE, 0x3A, 0x71, 0xB2, 0x06, 0x79, 0x85, 0x1D, 0xB8, 0x87, 0x4B, 0x48, 0x19,
    0x92, 0x32, 0x28, 0xF3, 0xB0, 0x74, 0x45, 0xE5, 0x69, 0x33, 0xE5, 0xE8, 0x2D, 0x6F, 0xA3, 0x02,
    0x4A, 0x78, 0x05, 0x2D, 0x97, 0x9E, 0xAC, 0x5E, 0x83, 0x46, 0xF5, 0x5A, 0xF4, 0x5B, 0x6B, 0xD2,
    0x5F, 0x4C, 0x02, 0x3D, 0x8B, 0xAD, 0x42, 0x25, 0x58, 0xC2, 0x25, 0x60, 0x21, 0x13, 0x34, 0x61,
    0xBB, 0xB4, 0x24, 0x0B, 0xE8, 0xE0, 0xE5, 0xF6, 0x31, 0x05, 0xE4, 0x15, 0xB2, 0xCB, 0x82, 0x81,
    0x30, 0x9E, 0x40, 0x5F, 0xE3, 0xD3, 0x1A, 0x39, 0xEC, 0xC3, 0xC1, 0xF6, 0x59, 0xC9, 0x0A, 0xA3,
    0x73, 0x24, 0x3B, 0xB0, 0x07, 0x1D, 0x92, 0xE1, 0x80, 0xD9, 0xA2, 0x25, 0xEF, 0x1B, 0x6E, 0xDE,
    0xDA, 0xBE, 0x68, 0xFC, 0x1B, 0x1C, 0x5F, 0xE0, 0xBD, 0x8F, 0x86, 0x21, 0x6C, 0x35, 0x17, 0x1C,
    0xC2, 0x19, 0xCC, 0x07, 0xC9, 0x05, 0x73, 0x58, 0x41, 0x87, 0xAC, 0x31, 0x8B, 0xDF, 0xC9, 0x1B,
    0x27, 0x79, 0xED, 0xA4, 0xA8, 0xC4, 0xD0, 0x5A, 0x15, 0x2C, 0xC7, 0x74, 0x53, 0x49, 0x37, 0x59,
    0xAF, 0x99, 0x74, 0x31, 0x93, 0xB5, 0x97, 0xC3, 0x65, 0xA6, 0xA8, 0xA6, 0x8E, 0xD6, 0xBB, 0xAF,
    0x36, 0xC5, 0x07, 0x9B, 0x81, 0xF5, 0x40, 0x61, 0x5F, 0x61, 0x66, 0xAC, 0xF4, 0x40, 0x69, 0xE2,
    0xC4, 0xCC, 0xA9, 0xD2, 0x2B, 0xA5, 0xA5, 0x33, 0x4B, 0x2B, 0x67, 0xA3, 0x95, 0xA7, 0xE7, 0xAF,
    0x8C, 0x17, 0xAF, 0x40, 0xD2, 0x0A, 0x8D, 0xB4, 0xF9, 0xA1, 0x3F, 0x87, 0x4A, 0xBC, 0xC7, 0x90,
    0xDD, 0xA3, 0x05, 0xE3, 0x25, 0xEF, 0xCC, 0xD1, 0x89, 0x8D, 0xDD, 0x80, 0xEB, 0x1A, 0x62, 0x03,
    0x05, 0xEC, 0xC3, 0x3D, 0x5C, 0x06, 0x97, 0x51, 0x5C, 0x46, 0xF2, 0x3C, 0x9A, 0xE3, 0x5E, 0x79,
    0xDD, 0x14, 0x95, 0x73, 0x91, 0x2D, 0xBA, 0x45, 0xB8, 0x28, 0x17, 0xE9, 0xA2, 0xDD, 0xE6, 0x6C,
    0x23, 0x5F, 0xF4, 0x0B, 0x80, 0x10, 0xA0, 0x84, 0x0E, 0x69, 0x8B, 0xB4, 0xE2, 0xB2, 0x3F, 0x00,
    0xC5, 0xDD, 0x10, 0xEC, 0x04, 0xA1, 0x54, 0x9A, 0x76, 0x4E, 0x1C, 0xD7, 0x42, 0x21, 0x18, 0xC2,
    0x21, 0x20, 0x42, 0x22, 0x28, 0x1B, 0x4B, 0x6C, 0xBA, 0x19, 0xA8, 0xDB, 0xC7, 0x94, 0xB0, 0x0F,
    0x77, 0xA1, 0x30, 0x14, 0xE6, 0x87, 0x07, 0x6A, 0x09, 0xEF, 0x6D, 0x9F, 0x35, 0x5A, 0x60, 0xBC,
    0x24, 0x6E, 0xB4, 0xCD, 0xB3, 0xC7, 0x8D, 0xE1, 0x80, 0x31, 0x50, 0x15, 0x7D, 0xC3, 0xCD, 0x1F,
    0x6F, 0x5F, 0x74, 0x74, 0x1F, 0xFD, 0x0A, 0x9F, 0x3C, 0x1B, 0x86, 0xB0, 0xD5, 0x5C, 0x70, 0xB0,
    0x19, 0xA8, 0x43, 0xE4, 0x82, 0xA4, 0x45, 0xB6, 0x40, 0xDA, 0x40, 0x89, 0x7D, 0xDC, 0x45, 0x0E,
    0x9C, 0xC8, 0x16, 0x33, 0x79, 0x33, 0x31, 0x36, 0x16, 0x79, 0x67, 0xF2, 0x4F, 0x3A, 0xA3, 0x2F,
    0x5A, 0xD9, 0xDF, 0x6B, 0x69, 0x4F, 0x72, 0x8E, 0x15, 0x96, 0xE8, 0x84, 0x4D, 0x1A, 0x6B, 0xF3,
    0x2F, 0x02, 0x21, 0x94, 0xB6, 0x24, 0x0B, 0x74, 0x20, 0xE9, 0xAC, 0xAF, 0x74, 0xA1, 0xCB, 0x1A,
    0xCB, 0xBC, 0xF6, 0xAA, 0xE0, 0xF1, 0x84, 0xB2, 0xA4, 0x3C, 0x65, 0xAF, 0x63, 0xDA, 0x32, 0x6E,
    0x28, 0x2A, 0x0A, 0xEC, 0xE3, 0x31, 0x49, 0xC7, 0x67, 0x0D, 0x17, 0x43, 0x36, 0x02, 0x46, 0x35,
    0x45, 0xC3, 0xE8, 0x6A, 0xE3, 0xAB, 0xBC, 0x76, 0x7A, 0xA5, 0x71, 0xBF, 0x63, 0xDC, 0x52, 0xBC,
    0x69, 0x34, 0xC6, 0x0C, 0xA7, 0x73, 0x49, 0xB7, 0x5A, 0x37, 0xBE, 0xF4, 0x39, 0xA4, 0xCF, 0x28,
    0x96, 0xDC, 0x9F, 0xE3, 0x25, 0x69, 0x43, 0x8A, 0x41, 0xFB, 0x9F, 0x90, 0xF4, 0x15, 0x3F, 0xAB,
    0x28, 0x50, 0xE2, 0xC3, 0x41, 0x3F, 0x6B, 0x47, 0xB7, 0xE9, 0xBF, 0xE7, 0x4F, 0xDD, 0xB0, 0xED,
    0xA3, 0xAF, 0x1B, 0x45, 0x5F, 0xBB, 0xF9, 0xEE, 0xA0, 0xBD, 0xFF, 0x03, 0x4D, 0x8E, 0x01, 0x87,
    0x1B, 0x41, 0x18, 0x86, 0x9F, 0xCC, 0x56, 0x97, 0x7E, 0xEA, 0x0B, 0x0A, 0xB8, 0xEB, 0x02, 0x10,
    0x49, 0x16, 0x0E, 0x87, 0x59, 0x3B, 0x6D, 0x7F, 0x40, 0xFB, 0x63, 0x82, 0x45, 0x64, 0x07, 0x80,
    0xFE, 0x93, 0x40, 0x83, 0x43, 0x50, 0xBD, 0xA9, 0x43, 0x51, 0xD8, 0x9F, 0x30, 0x00, 0x0A, 0x5D,
    0x2C, 0x8E, 0x46, 0xF7, 0x26, 0x96, 0xBB, 0x7C, 0x33, 0x8F, 0xF7, 0xE3, 0x7D, 0xBD, 0x33, 0x8B,
    0x7D, 0xFD, 0x7F, 0xB1, 0xDF, 0xFB, 0x7A, 0x1C, 0xFD, 0x8B, 0xA6, 0xA1, 0x1E, 0xD3, 0x70, 0xB9,
    0xE3, 0x32, 0xAF, 0x5C, 0x51, 0x51, 0xD3, 0x52, 0xA1, 0xAE, 0xF4, 0xA5, 0x17, 0xA7, 0xAC, 0xD8,
    0x30, 0x67, 0x86, 0x86, 0x22, 0x68, 0xC8, 0x9D, 0xB2, 0xE4, 0x06, 0xC0, 0xCD, 0x33, 0x1F, 0x35,
    0x0B, 0x57, 0x42, 0xA5, 0xAE, 0x2E, 0x42, 0x5B, 0x84, 0xB4, 0xE8, 0xA7, 0xAE, 0xFC, 0x1A, 0xD3,
    0x95, 0x8F, 0x5D, 0x72, 0x57, 0xC2, 0xE6, 0x9A, 0xF9, 0x2B, 0x66, 0x38, 0x7D, 0xE8, 0x8B, 0x5F,
    0xBD, 0x3E, 0xC4, 0xFC, 0xC3, 0xD9, 0x5A, 0x0A, 0x37, 0x6F, 0x01, 0x10, 0x07, 0x7A, 0x86, 0x67,
    0xD2, 0xB7, 0xDC, 0xE2, 0x7E, 0x0F, 0x2B, 0xC0, 0x32, 0xB1, 0x05, 0x1A, 0xE0, 0x0E, 0x18, 0x80,
    0x7E, 0x62, 0x16, 0x27, 0x30, 0xDD, 0x44, 0x16, 0x9E, 0xD1, 0x71, 0xEC, 0xDE, 0x7C, 0xFB, 0xE3,
    0xB9, 0xEC, 0x7F, 0x0F, 0xA9, 0x9B, 0x76, 0x1C, 0xC1, 0xF2, 0x42, 0x33, 0x21, 0x7D, 0x79, 0x6A,
    0x4F, 0xF7, 0xE9, 0xB4, 0x43, 0xD1, 0xAD, 0x4C, 0xB7, 0xDA, 0xE5, 0x71, 0x67, 0xB3, 0x60, 0xCD,
    0x23, 0x59, 0x07, 0x14, 0x3F, 0x10, 0x0F, 0x58, 0xA5, 0x04, 0x68, 0xC4, 0x6D, 0x01, 0xEE, 0xC4,
    0x0D, 0x00, 0xBD, 0xA6, 0x18, 0x70, 0x50, 0xF1, 0x00, 0x4D, 0x55, 0x00, 0x50, 0x0F, 0x56, 0xA2,
    0x39, 0xF1, 0xDA, 0x0F, 0xBB, 0x47, 0xFD, 0x0B, 0x26, 0xF6, 0x76, 0x2D, 0x9E, 0xFC, 0x67, 0x5C,
    0xDA, 0xCC, 0xA3, 0x26, 0xD8, 0xDB, 0xDC, 0x53, 0xA5, 0xC7, 0x9A, 0xA4, 0xC7, 0xB3, 0x8A, 0x33,
    0xBD, 0xE9, 0x06, 0x5B, 0x90, 0x07, 0xFE, 0xC5, 0xF2, 0x3B, 0x0A, 0xAD, 0x93, 0x88, 0x06, 0x75,
    0x6B, 0x2C, 0x47, 0xBE, 0x20, 0xBF, 0x83, 0x7E, 0x76, 0x65, 0x81, 0xAD, 0x68, 0xB6, 0xF4, 0x07,
    0x58, 0xC3, 0x11, 0x13, 0x11, 0x4F, 0x09, 0x6B, 0x50, 0x90, 0x40, 0xD6, 0x31, 0xEB, 0x51, 0x97,
    0x87, 0xE4, 0x0D, 0x6C, 0x39, 0x9A, 0x28, 0xA1, 0x60, 0x0B, 0x70, 0x0D, 0xDC, 0x02, 0x3D, 0x98,
    0x00, 0xB9, 0x07, 0x05, 0x96, 0xC0, 0x06, 0x88, 0x90, 0x05, 0x10, 0xA6, 0xA4, 0x05, 0x0E, 0x30,
    0xEB, 0x20, 0xBB, 0x48, 0xBE, 0x03, 0x9E, 0x00, 0x45, 0x92, 0x81, 0x86, 0x1C, 0x41, 0x10, 0x86,
    0xBF, 0xE9, 0x0E, 0x2D, 0x9A, 0xEB, 0x20, 0x08, 0x91, 0x9D, 0x00, 0x88, 0xDB, 0x3B, 0x80, 0x13,
    0x73, 0xBB, 0x9D, 0x04, 0x90, 0x37, 0x49, 0x00, 0x82, 0xC1, 0x5A, 0x4D, 0x5E, 0x20, 0x10, 0x00,
    0x02, 0xE0, 0x82, 0x81, 0x21, 0x2B, 0x92, 0xDD, 0x22, 0x2F, 0xD0, 0x40, 0x00, 0x06, 0x01, 0x59,
    0xDC, 0x90, 0xC1, 0xC2, 0xED, 0xA4, 0x7B, 0xEE, 0x38, 0xF5, 0x33, 0xD4, 0x94, 0xAF, 0xEA, 0xAF,
    0xEA, 0xE2, 0x88, 0xB9, 0x0E, 0x4E, 0xCB, 0x5C, 0xC7, 0x4A, 0xC7, 0x5A, 0x4B, 0x52, 0x9B, 0x64,
    0x7D, 0xED, 0x58, 0xFC, 0xC0, 0x76, 0xA0, 0x7A, 0x4C, 0x4F, 0xD9, 0xF1, 0x32, 0xF2, 0x2F, 0xAA,
    0x5F, 0x62, 0xDE, 0xC8, 0x33, 0x13, 0x16, 0x4D, 0x5C, 0x8E, 0x1D, 0x8E, 0xA4, 0x62, 0x3C, 0xA8,
    0xBF, 0x5F, 0xB4, 0xA0, 0x3F, 0x63, 0x46, 0x71, 0x1F, 0x23, 0x45, 0x97, 0xA5, 0xBA, 0x27, 0x46,
    0x96, 0x8D, 0xB7, 0x07, 0xC0, 0x53, 0x0A, 0x5B, 0x74, 0x87, 0x0B, 0x9C, 0xDF, 0x90, 0xF2, 0x2B,
    0x13, 0x36, 0x26, 0xB4, 0x36, 0x6C, 0x52, 0xBB, 0x2D, 0x76, 0x60, 0x39, 0xCA, 0x8B, 0x26, 0x30,
    0x83, 0x15, 0xF4, 0xA8, 0x88, 0x16, 0xAC, 0xC7, 0x91, 0x73, 0x73, 0xA8, 0x20, 0x8D, 0xED, 0xF6,
    0x52, 0x6A, 0x99, 0x69, 0x71, 0x09, 0x7E, 0xE4, 0xD2, 0xF9, 0xD6, 0x84, 0xDE, 0x84, 0xC1, 0xF9,
    0xF5, 0x96, 0x72, 0xC8, 0x35, 0xF6, 0x3A, 0xA4, 0x9A, 0x4B, 0x95, 0xAD, 0x55, 0x46, 0xCA, 0x46,
    0xCC, 0xE8, 0x39, 0x83, 0x03, 0x4F, 0x3B, 0x16, 0xF0, 0x08, 0xE8, 0xB5, 0x58, 0xEF, 0x12, 0xB8,
    0x62, 0x45, 0xCD, 0x86, 0x96, 0x3A, 0x45, 0xC5, 0x0C, 0x2D, 0xC9, 0x41, 0x9F, 0xA2, 0x65, 0xC8,
    0xDF, 0xA2, 0x57, 0x31, 0x57, 0xCF, 0xB8, 0xE0, 0x64, 0x8D, 0xDB, 0x87, 0xD4, 0xFF, 0x54, 0x87,
    0xA4, 0xCA, 0xF8, 0x0B, 0xC3, 0x07, 0x4B, 0xF6, 0xB7, 0x17, 0xF7, 0x3A, 0xCE, 0x8A, 0x6E, 0x5E,
    0x74, 0x55, 0x92, 0xEA, 0x72, 0x7F, 0x2D, 0x95, 0xF5, 0xE5, 0x16, 0x33, 0xC0, 0xC6, 0x0E, 0xB3,
    0x89, 0x57, 0x74, 0x99, 0x98, 0xE3, 0xFD, 0x9F, 0xDD, 0xA1, 0x18, 0xBD, 0xDD, 0xCB, 0x43, 0x15,
    0xEF, 0x5D, 0x9F, 0xC1, 0x0A, 0x35, 0x2D, 0x6C, 0x79, 0xE5, 0x77, 0xA3, 0x2F, 0x76, 0xDE, 0x7E,
    0x8D, 0x0F, 0x52, 0x4A, 0x0B, 0x8D, 0x4F, 0x2E, 0xF3, 0x3F, 0x2D, 0x49, 0xCF, 0x6D, 0x58, 0xEF,
    0x28, 0x0F, 0x60, 0x22, 0x2E, 0xB2, 0x14, 0xBE, 0x49, 0xF1, 0x3B, 0xE8, 0xB7, 0xE1, 0xC4, 0xFA,
    0xCA, 0xF1, 0xBD, 0x09, 0xE3, 0x28, 0xB7, 0x6B, 0xD4, 0x63, 0xAF, 0xAF, 0x3E, 0x19, 0x8F, 0x7B,
    0x8C, 0x1B, 0x7D, 0x69, 0x33, 0xE1, 0x8E, 0xE3, 0xC2, 0xED, 0x0A, 0xC1, 0x63, 0x23, 0x6B, 0x9F,
    0x5F, 0x80, 0xE0, 0x8E, 0x9C, 0x5F, 0x87, 0x45, 0x32, 0xA2, 0x65, 0x95, 0xED, 0x84, 0xF3, 0x1D,
    0xF6, 0x40, 0x9A, 0xEA, 0x5D, 0x03, 0x15, 0x0C, 0xA8, 0xEE, 0xFE, 0x5C, 0xF9, 0x56, 0x93, 0x6A,
    0x48, 0x63, 0x9B, 0x7D, 0x74, 0xAF, 0x3A, 0xA7, 0xA2, 0xDD, 0x07, 0x33, 0x72, 0x66, 0x32, 0xA7,
    0x4E, 0xA8, 0xFC, 0x40, 0x32, 0x47, 0xDD, 0x50, 0x36, 0x54, 0x26, 0xD4, 0x46, 0x36, 0x46, 0x6A,
    0x17, 0x16, 0x89, 0x7F, 0x9C, 0x36, 0xD0, 0x53, 0x0A, 0x3F, 0xC1, 0x03, 0xAD, 0x8A, 0x26, 0x38,
    0x66, 0xD3, 0xCD, 0xEE, 0x63, 0x8E, 0xA3, 0x88, 0xD3, 0xB5, 0xEA, 0xBB, 0x68, 0xE9, 0x99, 0x6E,
    0xE6, 0x38, 0xE5, 0x3F, 0x3D, 0x92, 0x01, 0x84, 0x1C, 0x57, 0x18, 0x80, 0xBF, 0x79, 0xAF, 0xED,
    0x70, 0xE3, 0xEE, 0x81, 0x2A, 0x11, 0xE6, 0x00, 0xC8, 0x75, 0x07, 0x82, 0xC3, 0x6E, 0xE6, 0x15,
    0xA0, 0x85, 0x42, 0x0A, 0xD0, 0x02, 0x00, 0x09, 0xE0, 0x30, 0xB2, 0x43, 0x01, 0x45, 0x0B, 0x00,
    0xB8, 0x02, 0xC9, 0x06, 0x97, 0x02, 0x8B, 0x93, 0x79, 0x05, 0x01, 0x74, 0x38, 0x14, 0x60, 0xD4,
    0xA2, 0x5D, 0xB8, 0x87, 0x87, 0xCD, 0x66, 0x67, 0xFE, 0xFE, 0x47, 0x72, 0x7E, 0xDF, 0x87, 0x99,
    0xCF, 0xCF, 0xE3, 0x87, 0xB3, 0xE7, 0xF0, 0x78, 0xA0, 0x90, 0x9E, 0xB7, 0x37, 0xD1, 0xFC, 0xF3,
    0xEE, 0xB2, 0xF8, 0xF9, 0x5B, 0x5C, 0x7E, 0xCC, 0xEC, 0xE8, 0x8C, 0xF9, 0xF1, 0x39, 0x8D, 0x26,
    0xEB, 0xF3, 0x37, 0xEC, 0x9E, 0xF7, 0xA4, 0xDF, 0x03, 0xE9, 0xA6, 0x65, 0xFF, 0x0E, 0xBA, 0x5F,
    0x60, 0x79, 0x6C, 0xA8, 0x1F, 0x96, 0xB8, 0x69, 0xE4, 0x6B, 0xF9, 0x0D, 0xDD, 0x84, 0x66, 0x90,
    0x49, 0x4B, 0xF1, 0xA1, 0xA7, 0xC4, 0xB3, 0x00, 0xE6, 0x40, 0x03, 0x5C, 0xC0, 0x17, 0xD3, 0x4B,
    0x0A, 0x39, 0xC0, 0x05, 0xA0, 0x38, 0x49, 0x1C, 0x4D, 0x97, 0x10, 0xC1, 0x0E, 0x50, 0x04, 0x58,
    0xAE, 0x5E, 0xD2, 0x69, 0x43, 0x05, 0x09, 0xEA, 0x96, 0xA8, 0x0E, 0xDC, 0xB9, 0xCF, 0xD4, 0x2F,
    0xA2, 0x19, 0xE0, 0x5A, 0xCD, 0x83, 0xDD, 0xDA, 0x6E, 0xA9, 0xD2, 0xDC, 0x0A, 0xA4, 0x45, 0x1E,
    0x20, 0x96, 0xEA, 0x47, 0xD1, 0x7D, 0xF7, 0x1F, 0xCB, 0x58, 0xFC, 0x3A, 0x62, 0x06, 0xFB, 0x97,
    0xC7, 0xF6, 0xE6, 0x16, 0x75, 0x26, 0xEA, 0x80, 0x5A, 0xB3, 0x17, 0x50, 0x04, 0x9E, 0x80, 0x95,
    0xF7, 0xD8, 0x6D, 0xE7, 0x6D, 0x28, 0x42, 0x1E, 0x6C, 0x7F, 0x47, 0x2D, 0x72, 0xA8, 0xB6, 0xAF,
    0x37, 0xCE, 0x17, 0xC1, 0x51, 0xFA, 0x72, 0x35, 0x52, 0xCA, 0xC0, 0x0C, 0xEE, 0x9F, 0xA5, 0xD0,
    0x00, 0xEB, 0x8F, 0x00, 0x11, 0x32, 0x45, 0x0E, 0xF0, 0xC3, 0x06, 0x4C, 0x0F, 0x36, 0xB0, 0xBC,
    0x09, 0x66, 0xFA, 0xA0, 0xDB, 0xAB, 0xD6, 0xE1, 0xDA, 0x19, 0xCE, 0xCF, 0x71, 0x28, 0x4A, 0x49,
    0xC3, 0x8C, 0x39, 0x4F, 0x74, 0x46, 0xDC, 0xED, 0x35, 0x66, 0x9C, 0x03, 0xF0, 0x60, 0xD5, 0x52,
    0x49, 0x00, 0xBA, 0x0D, 0x14, 0xFB, 0x09, 0x6A, 0x5F, 0xC2, 0x81, 0xCF, 0xC8, 0x22, 0x60, 0x7B,
    0xD0, 0x42, 0x54, 0xDB, 0x15, 0xB8, 0x16, 0x95, 0x07, 0x96, 0x32, 0xC1, 0xB3, 0xD5, 0x2B, 0x70,
    0x9E, 0x8F, 0x3F, 0xF2, 0xC0, 0xF7, 0xD8, 0x98, 0x45, 0x90, 0x2E, 0x40, 0xF9, 0x1E, 0xD0, 0x8E,
    0x6C, 0xDF, 0x05, 0xCC, 0x60, 0x07, 0xEA, 0x21, 0x13, 0x1E, 0xF5, 0xEC, 0xB1, 0x41, 0xBB, 0x3C,
    0x98, 0x88, 0x04, 0x3B, 0x72, 0xD5, 0xBA, 0x7F, 0x29, 0xB6, 0x02, 0x4E, 0x36, 0x2A, 0x80, 0xF2,
    0x5E, 0x33, 0x80, 0xC5, 0xBD, 0xE6, 0x00, 0x70, 0x0A, 0xBC, 0x81, 0x42, 0x3C, 0x4B, 0x89, 0x26,
    0xF5, 0x29, 0xFF, 0xB3, 0x3F, 0x75, 0xDF, 0x04, 0x66, 0x26, 0xB0, 0xB0, 0x81, 0xC6, 0xB6, 0xAC,
    0xAD, 0x67, 0x97, 0x4B, 0x4C, 0xF9, 0xEB, 0x21, 0x15, 0xB6, 0xDF, 0x9D, 0xD8, 0xB0, 0x56, 0x9A,
    0xE3, 0x3C, 0xD4, 0x0F, 0x5D, 0x5B, 0x4E, 0xD2, 0x1A, 0xF9, 0xDB, 0x73, 0x0E, 0x28, 0x70, 0x0A,
    0x3C, 0x06, 0xDD, 0x4B, 0x27, 0x83, 0xD9, 0xFD, 0x91, 0x8A, 0x7E, 0xF8, 0xC9, 0xF9, 0x9E, 0x2A,
    0x0B, 0x2C, 0x94, 0xC6, 0x04, 0xD6, 0xB6, 0x65, 0xA7, 0x24, 0xEB, 0x49, 0x39, 0xEC, 0x94, 0xEB,
    0x02, 0x9A, 0x93, 0x8C, 0xFA, 0xA4, 0xC4, 0xC9, 0x88, 0x91, 0x01, 0xCE, 0x00, 0xE5, 0x68, 0xB5,
    0xBA, 0x74, 0x22, 0xE9, 0xF3, 0xA7, 0x6F, 0x81, 0x12, 0x94, 0x5A, 0x64, 0xF8, 0xF2, 0xE9, 0xD2,
    0xC3, 0x02, 0xB2, 0x03, 0x9D, 0x44, 0xC5, 0x43, 0x09, 0x38, 0x0F, 0x45, 0x00, 0x7B, 0xC7, 0x00,
    0x26, 0x02, 0xCA, 0x1A, 0x48, 0x40, 0xFC, 0x74, 0x0D, 0x0D, 0x46, 0x12, 0xF9, 0x08, 0x55, 0x0F,
    0x5F, 0x85, 0x0B, 0xF2, 0xDB, 0x48, 0x31, 0x42, 0x1D, 0xE0, 0xC7, 0x36, 0x0F, 0xCE, 0xEB, 0x50,
    0x51, 0x72, 0x4D, 0x79, 0x35, 0x50, 0x4D, 0x80, 0xA8, 0xF6, 0x57, 0x7A, 0xF2, 0x46, 0x87, 0x64,
    0x06, 0x92, 0xED, 0x89, 0x56, 0xBF, 0xD8, 0x60, 0x87, 0xFC, 0xEE, 0x9A, 0xB6, 0x1D, 0xB5, 0x6C,
    0x70, 0x1E, 0x14, 0x9E, 0xBD, 0x82, 0x6E, 0x82, 0x0A, 0xEE, 0xEF, 0xF4, 0x7F, 0x15, 0xCB, 0xB5,
    0x61, 0x02, 0x51, 0x00, 0x00, 0xD0, 0x17, 0xF7, 0xA4, 0x0C, 0xEE, 0xEE, 0x0E, 0x1D, 0x57, 0x32,
    0xCE, 0x8D, 0x70, 0x5B, 0xD0, 0x32, 0x02, 0x23, 0xFC, 0x11, 0x6E, 0x21, 0xB4, 0x7F, 0x4F, 0xC4,
    0x63, 0xC2, 0x2F, 0xB6, 0x97, 0xCB, 0xB9, 0x88, 0x27, 0xC0, 0xA3, 0xBF, 0x30, 0x4E, 0xF7, 0x93,
    0x4F, 0x3F, 0xBE, 0x7D, 0x2B, 0xC8, 0xE8, 0x58, 0x98, 0x98, 0x88, 0x21, 0x42, 0x8C, 0xC1, 0x7D,
    0x62, 0x83, 0xC0, 0x03, 0x95, 0x3B, 0x11, 0x3B, 0x48, 0x05, 0xE1, 0x21, 0x3C, 0x24, 0x8F, 0x49,
    0x7D, 0xD7, 0x3F, 0xFE, 0x85, 0x37, 0x57, 0x75, 0xD2, 0x3D, 0xA8, 0xE4, 0x54, 0x1C, 0x86, 0xF1,
    0x5F, 0x12, 0x34, 0x45, 0x60, 0x63, 0x23, 0x88, 0xB2, 0x93, 0x5E, 0xB8, 0x77, 0xDA, 0x2D, 0x32,
    0x6E, 0x56, 0x0B, 0xDB, 0xDB, 0x37, 0xF6, 0xD8, 0x5A, 0x4C, 0x31, 0xCB, 0x04, 0xEC, 0xB1, 0xAF,
    0xEC, 0x2F, 0xD8, 0x4D, 0xB1, 0xC5, 0xEA, 0x04, 0xFB, 0x22, 0x9D, 0x6D, 0x40, 0x7B, 0x4E, 0x11,
    0x70, 0x16, 0xE6, 0xDE, 0xE3, 0x1C, 0xC2, 0x4C, 0x23, 0x4B, 0xF2, 0x3E, 0x24, 0x0F, 0xE7, 0x83,
    0x17, 0xFE, 0xCA, 0xC9, 0xFA, 0x64, 0xBB, 0x13, 0x5A, 0x96, 0x77, 0x67, 0x7F, 0xCE, 0x3F, 0x9C,
    0xEA, 0x7E, 0xBE, 0xCF, 0xC2, 0x2E, 0x9F, 0x0E, 0xC5, 0x18, 0xAA, 0x21, 0x34, 0xE6, 0xB7, 0x8E,
    0xB3, 0x75, 0x8F, 0x4F, 0xA0, 0x86, 0x35, 0xEC, 0x3B, 0xFC, 0xDB, 0x93, 0xFF, 0x3D, 0x50, 0xFC,
    0x39, 0x50, 0xBF, 0x99, 0x58, 0x09, 0xB4, 0x09, 0x07, 0x07, 0x59, 0xB0, 0x55, 0x0C, 0x5A, 0x55,
    0xAF, 0xD5, 0x70, 0x6F, 0x43, 0xE3, 0x18, 0x63, 0x14, 0x13, 0x3C, 0x3E, 0x3E, 0x76, 0xE9, 0xB3,
    0xCB, 0x26, 0xB5, 0x7C, 0xBC, 0xA2, 0x18, 0xAC, 0x12, 0xEE, 0x16, 0x94, 0xBD, 0x56, 0xD5, 0x69,
    0xD5, 0x16, 0x6C, 0x13, 0x0E, 0x56, 0x0B, 0x04, 0x77, 0x09, 0xAD, 0x6C, 0xBA, 0x22, 0x1F, 0x97,
    0xEB, 0x3F, 0x93, 0x75, 0xD2, 0x1D, 0x63, 0x96, 0xE0, 0x04, 0x6F, 0x6F, 0x5D, 0xEA, 0x01, 0xC5,
    0x88, 0x2C, 0xC0, 0x7B, 0xF8, 0x06, 0xEE, 0xAF, 0xBF, 0x79, 0x40, 0x35, 0x60, 0xFD, 0x11, 0xB5,
    0x8F, 0xF1, 0x94, 0x30, 0xA7, 0x6E, 0x43, 0x0A, 0x3E, 0x85, 0x97, 0xF0, 0x0A, 0x02, 0xF2, 0x01,
    0x55, 0x87, 0xD5, 0xFF, 0x7D, 0x79, 0xF3, 0xED, 0xCD, 0x8F, 0x57, 0xFF, 0xE2, 0xE6, 0x9B, 0xFE,
    0xF5, 0x70, 0x79, 0x3A, 0xF0, 0xF9, 0x03, 0xF6, 0x01, 0x29, 0xD9, 0x44, 0xAA, 0x4C, 0xD9, 0xA3,
    0x86, 0x97, 0x1C, 0xB5, 0xFC, 0xE0, 0x27, 0x6A, 0x81, 0x2A, 0x1B, 0xA9, 0xBE, 0x1B, 0x28, 0xBF,
    0xEF, 0x28, 0x7F, 0x41, 0xF1, 0x5B, 0xC2, 0x39, 0x61, 0xBE, 0xD6, 0x03, 0xF9, 0xC9, 0x57, 0x7D,
    0x13, 0xDF, 0xC4, 0x79, 0x53, 0xFD, 0x35, 0xBE, 0x7F, 0x97, 0x47, 0xED, 0xEC, 0xAC, 0x0D, 0xF9,
    0x93, 0xDD, 0xA9, 0xFE, 0xB5, 0x9F, 0xF7, 0xCF, 0x65, 0x9C, 0x9A, 0xC9, 0xB1, 0xE3, 0xCB, 0x8E,
    0xD8, 0x29, 0x26, 0x8A, 0x81, 0xB2, 0xA7, 0x4A, 0xE9, 0xA8, 0x2D, 0x69, 0xB0, 0xC2, 0x1D, 0x36,
    0x68, 0x2D, 0xD9, 0xE1, 0x1D, 0x0E, 0x08, 0x4B, 0xB2, 0xC0, 0x8F, 0x23, 0x7F, 0x74, 0x80, 0x67,
    0xDB, 0x32, 0x8E, 0xA1, 0xFE, 0x36, 0x4E, 0x2F, 0xAC, 0x7B, 0xF0, 0xE0, 0xA1, 0x7A, 0xCA, 0xC6,
    0xE6, 0xF8, 0xF3, 0xD0, 0x96, 0xB1, 0x7F, 0xE5, 0x77, 0xC0, 0x1D, 0xB6, 0x08, 0x5E, 0xC7, 0x38,
    0xA4, 0xA8, 0xDD, 0xF4, 0x71, 0x99, 0x41, 0xE5, 0xE0, 0xA6, 0x01, 0x5F, 0x90, 0x9F, 0xD9, 0x8F,
    0xAA, 0x93, 0xEC, 0xB9, 0x53, 0x8F, 0x54, 0xFF, 0x90, 0x2A, 0x26, 0xC7, 0xBE, 0x27, 0xED, 0xD4,
    0x7D, 0x7D, 0x99, 0xE0, 0xCB, 0x59, 0x7D, 0x8E, 0xF2, 0xB6, 0x66, 0xBE, 0xAE, 0x09, 0xAC, 0x47,
    0xE5, 0x07, 0xD9, 0xC5, 0xAF, 0x27, 0x36, 0x80, 0xEB, 0xBE, 0xFF, 0x00, 0x3D, 0xCC, 0x01, 0x06,
    0xC3, 0x40, 0x14, 0x84, 0xE1, 0xBF, 0x16, 0xC1, 0x62, 0x6F, 0x90, 0x9E, 0x20, 0x39, 0x41, 0xA2,
    0x39, 0x56, 0x50, 0xF2, 0xE8, 0x6D, 0x0A, 0x85, 0x45, 0x41, 0x3D, 0xA0, 0x28, 0x2C, 0xBD, 0x4A,
    0x00, 0x74, 0x3B, 0x2C, 0xF1, 0x9B, 0x01, 0x7C, 0x6C, 0x5F, 0x3F, 0xFD, 0x3E, 0x25, 0x94, 0xCE,
    0x3A, 0x87, 0x68, 0x50, 0x6B, 0x5A, 0x1E, 0xF7, 0x44, 0xEB, 0x4C, 0xCF, 0xA8, 0x06, 0x35, 0x33,
    0x1D, 0x5D, 0x59, 0x79, 0xAA, 0xAC, 0x76, 0x20, 0x38, 0xDB, 0x4D, 0xD6, 0xDB, 0x43, 0x89, 0xB2,
    0xE2, 0x12, 0x2D, 0x21, 0x8B, 0x66, 0xF5, 0xDA, 0xA8, 0x9F, 0xF5, 0x13, 0x43, 0x33, 0xB4, 0x55,
    0xCB, 0xFA, 0x5D, 0xD6, 0xCB, 0x32, 0x17, 0xFB, 0x03,
};

static const EpdGlyph sarabun_12_italicGlyphs[] = {
    { 0, 0, 0, 0, 0, 0, 0 }, // U+0000
    { 0, 0, 97, 0, 0, 0, 0 }, // U+000D
    { 0, 0, 97, 0, 0, 0, 0 }, // U+0020
    { 7, 18, 95, 0, 18, 32, 0 }, // !
    { 8, 6, 142, 2, 18, 12, 32 }, // "
    { 16, 18, 274, 1, 18, 72, 44 }, // #
    { 14, 21, 212, 0, 19, 74, 116 }, // $
    { 20, 18, 361, 2, 18, 90, 190 }, // %
    { 16, 18, 267, 0, 18, 72, 280 }, // &
    { 4, 6, 77, 2, 18, 6, 352 }, // '
    { 9, 21, 127, 1, 19, 48, 358 }, // (
    { 9, 21, 127, -1, 19, 48, 406 }, // )
    { 11, 10, 179, 1, 19, 28, 454 }, // *
    { 14, 14, 243, 1, 14, 49, 482 }, // +
    { 6, 9, 101, -1, 4, 14, 531 }, // ,
    { 8, 2, 136, 0, 8, 4, 545 }, // -
    { 4, 3, 101, 0, 3, 3, 549 }, // .
    { 16, 20, 166, -2, 18, 80, 552 }, // /
    { 13, 18, 220, 1, 18, 59, 632 }, // 0
    { 9, 18, 220, 2, 18, 41, 691 }, // 1
    { 14, 18, 220, 0, 18, 63, 732 }, // 2
    { 14, 18, 220, 0, 18, 63, 795 }, // 3
    { 14, 18, 220, 0, 18, 63, 858 }, // 4
    { 14, 18, 220, 0, 18, 63, 921 }, // 5
    { 13, 19, 220, 1, 19, 62, 984 }, // 6
    { 13, 18, 220, 2, 18, 59, 1046 }, // 7
    { 14, 18, 220, 0, 18, 63, 1105 }, // 8
    { 13, 19, 220, 1, 18, 62, 1168 }, // 9
    { 6, 12, 101, 0, 12, 18, 1230 }, // :
    { 7, 17, 101, -1, 12, 30, 1248 }, // ;
    { 15, 15, 243, 1, 15, 57, 1278 }, // <
    { 14, 7, 243, 1, 10, 25, 1335 }, // =
    { 14, 15, 243, 0, 15, 53, 1360 }, // >
    { 10, 18, 182, 2, 18, 45, 1413 }, // ?
    { 20, 19, 318, 0, 15, 95, 1458 }, // @
    { 15, 18, 238, -1, 18, 68, 1553 }, // A
    { 15, 18, 236, 0, 18, 68, 1621 }, // B
    { 15, 18, 234, 1, 18, 68, 1689 }, // C
    { 16, 18, 249, 0, 18, 72, 1757 }, // D
    { 15, 18, 221, 0, 18, 68, 1829 }, // E
    { 15, 18, 220, 0, 18, 68, 1897 }, // F
    { 15, 18, 254, 1, 18, 68, 1965 }, // G
    { 17, 18, 271, 0, 18, 77, 2033 }, // H
    { 6, 18, 117, 1, 18, 27, 2110 }, // I
    { 12, 18, 176, -1, 18, 54, 2137 }, // J
    { 17, 18, 242, 0, 18, 77, 2191 }, // K
    { 12, 18, 219, 0, 18, 54, 2268 }, // L
    { 20, 18, 319, 0, 18, 90, 2322 }, // M
    { 18, 18, 273, 0, 18, 81, 2412 }, // N
    { 16, 18, 264, 1, 18, 72, 2493 }, // O
    { 15, 18, 229, 0, 18, 68, 2565 }, // P
    { 16, 21, 264, 1, 18, 84, 2633 }, // Q
    { 15, 18, 232, 0, 18, 68, 2717 }, // R
    { 14, 18, 212, 0, 18, 63, 2785 }, // S
    { 14, 18, 223, 2, 18, 63, 2848 }, // T
    { 16, 18, 263, 1, 18, 72, 2911 }, // U
    { 15, 18, 241, 2, 18, 68, 2983 }, // V
    { 21, 18, 332, 2, 18, 95, 3051 }, // W
    { 18, 18, 242, -1, 18, 81, 3146 }, // X
    { 14, 18, 229, 2, 18, 63, 3227 }, // Y
    { 16, 18, 227, -1, 18, 72, 3290 }, // Z
    { 10, 21, 123, -1, 18, 53, 3362 }, // [
    { 9, 20, 153, 1, 18, 45, 3415 }, // <backslash>
    { 10, 21, 123, -1, 18, 53, 3460 }, // ]
    { 14, 12, 234, 0, 18, 42, 3513 }, // ^
    { 9, 2, 129, -3, -5, 5, 3555 }, // _
    { 4, 4, 160, 4, 18, 4, 3560 }, // `
    { 14, 13, 217, 0, 13, 46, 3564 }, // a
    { 13, 19, 217, 0, 19, 62, 3610 }, // b
    { 13, 13, 189, 0, 13, 43, 3672 }, // c
    { 15, 19, 217, 0, 19, 72, 3715 }, // d
    { 13, 13, 207, 0, 13, 43, 3787 }, // e
    { 10, 18, 132, 1, 18, 45, 3830 }, // f
    { 15, 19, 216, -1, 13, 72, 3875 }, // g
    { 13, 19, 223, 0, 19, 62, 3947 }, // h
    { 7, 18, 98, 0, 18, 32, 4009 }, // i
    { 11, 23, 99, -4, 18, 64, 4041 }, // j
    { 13, 19, 195, 0, 19, 62, 4105 }, // k
    { 6, 19, 116, 1, 19, 29, 4167 }, // l
    { 20, 13, 336, 0, 13, 65, 4196 }, // m
    { 13, 13, 220, 0, 13, 43, 4261 }, // n
    { 14, 13, 223, 0, 13, 46, 4304 }, // o
    { 14, 19, 218, -1, 13, 67, 4350 }, // p
    { 14, 19, 218, 0, 13, 67, 4417 }, // q
    { 10, 13, 140, 0, 13, 33, 4484 }, // r
    { 10, 13, 166, 0, 13, 33, 4517 }, // s
    { 9, 18, 151, 1, 18, 41, 4550 }, // t
    { 13, 13, 221, 1, 13, 43, 4591 }, // u
    { 12, 13, 192, 1, 13, 39, 4634 }, // v
    { 17, 13, 267, 1, 13, 56, 4673 }, // w
    { 13, 13, 184, -1, 13, 43, 4729 }, // x
    { 15, 18, 185, -2, 13, 68, 4772 }, // y
    { 13, 13, 180, -1, 13, 43, 4840 }, // z
    { 9, 21, 128, 1, 18, 48, 4883 }, // {
    { 7, 22, 97, 0, 18, 39, 4931 }, // |
    { 9, 21, 128, -1, 18, 48, 4970 }, // }
    { 14, 4, 243, 1, 9, 14, 5018 }, // ~
    { 0, 0, 97, 0, 0, 0, 0 }, // U+00A0
    { 7, 18, 95, -1, 13, 32, 0 }, // U+00A1
    { 12, 18, 189, 1, 17, 54, 32 }, // U+00A2
    { 14, 18, 214, 0, 18, 63, 86 }, // U+00A3
    { 16, 15, 246, 0, 16, 60, 149 }, // U+00A4
    { 15, 18, 231, 1, 18, 68, 209 }, // U+00A5
    { 7, 22, 97, 0, 18, 39, 277 }, // U+00A6
    { 14, 21, 212, 0, 18, 74, 316 }, // U+00A7
    { 9, 3, 160, 2, 17, 7, 390 }, // U+00A8
    { 19, 19, 322, 1, 19, 91, 397 }, // U+00A9
    { 9, 9, 145, 1, 17, 21, 488 }, // U+00AA
    { 13, 10, 206, 0, 12, 33, 509 }, // U+00AB
    { 14, 8, 243, 1, 11, 28, 542 }, // U+00AC
    { 8, 2, 136, 0, 8, 4, 570 }, // U+00AD
    { 11, 10, 207, 2, 18, 28, 574 }, // U+00AE
    { 9, 2, 160, 2, 17, 5, 602 }, // U+00AF
    { 7, 7, 126, 2, 19, 13, 607 }, // U+00B0
    { 15, 14, 243, 0, 14, 53, 620 }, // U+00B1
    { 11, 12, 160, 0, 17, 33, 673 }, // U+00B2
    { 11, 12, 160, 0, 17, 33, 706 }, // U+00B3
    { 6, 4, 160, 4, 18, 6, 739 }, // U+00B4
    { 15, 19, 221, -1, 13, 72, 745 }, // U+00B5
    { 13, 21, 214, 1, 18, 69, 817 }, // U+00B6
    { 4, 3, 100, 1, 8, 3, 886 }, // U+00B7
    { 6, 7, 160, 0, 0, 11, 889 }, // U+00B8
    { 8, 12, 160, 1, 17, 24, 900 }, // U+00B9
    { 10, 9, 156, 1, 17, 23, 924 }, // U+00BA
    { 12, 10, 206, 0, 12, 30, 947 }, // U+00BB
    { 20, 19, 387, 2, 18, 95, 977 }, // U+00BC
    { 21, 19, 387, 2, 18, 100, 1072 }, // U+00BD
    { 21, 19, 387, 1, 18, 100, 1172 }, // U+00BE
    { 10, 19, 182, -1, 13, 48, 1272 }, // U+00BF
    { 15, 23, 238, -1, 23, 87, 1320 }, // U+00C0
    { 15, 23, 238, -1, 23, 87, 1407 }, // U+00C1
    { 15, 23, 238, -1, 23, 87, 1494 }, // U+00C2
    { 15, 22, 238, -1, 22, 83, 1581 }, // U+00C3
    { 15, 22, 238, -1, 22, 83, 1664 }, // U+00C4
    { 15, 23, 238, -1, 23, 87, 1747 }, // U+00C5
    { 22, 18, 320, -1, 18, 99, 1834 }, // U+00C6
    { 15, 24, 234, 1, 18, 90, 1933 }, // U+00C7
    { 15, 23, 221, 0, 23, 87, 2023 }, // U+00C8
    { 15, 23, 221, 0, 23, 87, 2110 }, // U+00C9
    { 15, 23, 221, 0, 23, 87, 2197 }, // U+00CA
    { 15, 22, 221, 0, 22, 83, 2284 }, // U+00CB
    { 6, 23, 117, 1, 23, 35, 2367 }, // U+00CC
    { 9, 23, 117, 1, 23, 52, 2402 }, // U+00CD
    { 9, 23, 117, 1, 23, 52, 2454 }, // U+00CE
    { 9, 22, 117, 1, 22, 50, 2506 }, // U+00CF
    { 16, 18, 250, 0, 18, 72, 2556 }, // U+00D0
    { 18, 22, 273, 0, 22, 99, 2628 }, // U+00D1
    { 16, 23, 264, 1, 23, 92, 2727 }, // U+00D2
    { 16, 23, 264, 1, 23, 92, 2819 }, // U+00D3
    { 16, 23, 264, 1, 23, 92, 2911 }, // U+00D4
    { 16, 22, 264, 1, 22, 88, 3003 }, // U+00D5
    { 16, 22, 264, 1, 22, 88, 3091 }, // U+00D6
    { 15, 13, 243, 0, 13, 49, 3179 }, // U+00D7
    { 17, 19, 264, 0, 18, 81, 3228 }, // U+00D8
    { 16, 23, 263, 1, 23, 92, 3309 }, // U+00D9
    { 16, 23, 263, 1, 23, 92, 3401 }, // U+00DA
    { 16, 23, 263, 1, 23, 92, 3493 }, // U+00DB
    { 16, 22, 263, 1, 22, 88, 3585 }, // U+00DC
    { 14, 23, 229, 2, 23, 81, 3673 }, // U+00DD
    { 14, 18, 227, 0, 18, 63, 3754 }, // U+00DE
    { 13, 18, 226, 0, 18, 59, 3817 }, // U+00DF
    { 14, 18, 217, 0, 18, 63, 3876 }, // U+00E0
    { 14, 18, 217, 0, 18, 63, 3939 }, // U+00E1
    { 14, 18, 217, 0, 18, 63, 4002 }, // U+00E2
    { 14, 17, 217, 0, 17, 60, 4065 }, // U+00E3
    { 14, 17, 217, 0, 17, 60, 4125 }, // U+00E4
    { 14, 18, 217, 0, 18, 63, 4185 }, // U+00E5
    { 20, 13, 330, 0, 13, 65, 4248 }, // U+00E6
    { 13, 19, 189, 0, 13, 62, 4313 }, // U+00E7
    { 13, 18, 207, 0, 18, 59, 4375 }, // U+00E8
    { 13, 18, 207, 0, 18, 59, 4434 }, // U+00E9
    { 13, 18, 207, 0, 18, 59, 4493 }, // U+00EA
    { 13, 17, 207, 0, 17, 56, 4552 }, // U+00EB
    { 5, 18, 101, 1, 18, 23, 4608 }, // U+00EC
    { 8, 18, 101, 1, 18, 36, 4631 }, // U+00ED
    { 9, 18, 101, 0, 18, 41, 4667 }, // U+00EE
    { 9, 17, 101, 0, 17, 39, 4708 }, // U+00EF
    { 12, 19, 198, 0, 19, 57, 4747 }, // U+00F0
    { 13, 17, 220, 0, 17, 56, 4804 }, // U+00F1
    { 14, 18, 223, 0, 18, 63, 4860 }, // U+00F2
    { 14, 18, 223, 0, 18, 63, 4923 }, // U+00F3
    { 14, 18, 223, 0, 18, 63, 4986 }, // U+00F4
    { 14, 17, 223, 0, 17, 60, 5049 }, // U+00F5
    { 14, 17, 223, 0, 17, 60, 5109 }, // U+00F6
    { 14, 12, 243, 1, 13, 42, 5169 }, // U+00F7
    { 14, 15, 223, 0, 14, 53, 5211 }, // U+00F8
    { 13, 18, 221, 1, 18, 59, 5264 }, // U+00F9
    { 13, 18, 221, 1, 18, 59, 5323 }, // U+00FA
    { 13, 18, 221, 1, 18, 59, 5382 }, // U+00FB
    { 13, 17, 221, 1, 17, 56, 5441 }, // U+00FC
    { 15, 23, 185, -2, 18, 87, 5497 }, // U+00FD
    { 14, 25, 214, -1, 19, 88, 5584 }, // U+00FE
    { 15, 22, 185, -2, 17, 83, 5672 }, // U+00FF
    { 15, 21, 238, -1, 21, 79, 0 }, // U+0100
    { 14, 16, 217, 0, 16, 56, 79 }, // U+0101
    { 15, 23, 238, -1, 23, 87, 135 }, // U+0102
    { 14, 18, 217, 0, 18, 63, 222 }, // U+0103
    { 15, 24, 238, -1, 18, 90, 285 }, // U+0104
    { 14, 19, 217, 0, 13, 67, 375 }, // U+0105
    { 15, 23, 234, 1, 23, 87, 442 }, // U+0106
    { 13, 18, 189, 0, 18, 59, 529 }, // U+0107
    { 15, 23, 234, 1, 23, 87, 588 }, // U+0108
    { 13, 18, 189, 0, 18, 59, 675 }, // U+0109
    { 15, 22, 234, 1, 22, 83, 734 }, // U+010A
    { 13, 17, 189, 0, 17, 56, 817 }, // U+010B
    { 15, 23, 234, 1, 23, 87, 873 }, // U+010C
    { 13, 18, 189, 0, 18, 59, 960 }, // U+010D
    { 16, 23, 249, 0, 23, 92, 1019 }, // U+010E
    { 19, 20, 265, 0, 20, 95, 1111 }, // U+010F
    { 16, 18, 250, 0, 18, 72, 1206 }, // U+0110
    { 16, 19, 223, 0, 19, 76, 1278 }, // U+0111
    { 15, 21, 221, 0, 21, 79, 1354 }, // U+0112
    { 13, 16, 207, 0, 16, 52, 1433 }, // U+0113
    { 15, 23, 221, 0, 23, 87, 1485 }, // U+0114
    { 13, 18, 207, 0, 18, 59, 1572 }, // U+0115
    { 15, 22, 221, 0, 22, 83, 1631 }, // U+0116
    { 13, 17, 207, 0, 17, 56, 1714 }, // U+0117
    { 15, 24, 221, 0, 18, 90, 1770 }, // U+0118
    { 13, 17, 207, 0, 13, 56, 1860 }, // U+0119
    { 15, 23, 221, 0, 23, 87, 1916 }, // U+011A
    { 13, 18, 207, 0, 18, 59, 2003 }, // U+011B
    { 15, 23, 254, 1, 23, 87, 2062 }, // U+011C
    { 15, 24, 216, -1, 18, 90, 2149 }, // U+011D
    { 15, 23, 254, 1, 23, 87, 2239 }, // U+011E
    { 15, 24, 216, -1, 18, 90, 2326 }, // U+011F
    { 15, 22, 254, 1, 22, 83, 2416 }, // U+0120
    { 15, 23, 216, -1, 17, 87, 2499 }, // U+0121
    { 15, 25, 254, 1, 18, 94, 2586 }, // U+0122
    { 15, 26, 216, -1, 20, 98, 2680 }, // U+0123
    { 17, 23, 271, 0, 23, 98, 2778 }, // U+0124
    { 13, 24, 223, 0, 24, 78, 2876 }, // U+0125
    { 18, 18, 279, 1, 18, 81, 2954 }, // U+0126
    { 13, 19, 223, 0, 19, 62, 3035 }, // U+0127
    { 9, 22, 117, 1, 22, 50, 3097 }, // U+0128
    { 9, 17, 101, 0, 17, 39, 3147 }, // U+0129
    { 10, 21, 117, 1, 21, 53, 3186 }, // U+012A
    { 9, 16, 101, 0, 16, 36, 3239 }, // U+012B
    { 10, 23, 117, 1, 23, 58, 3275 }, // U+012C
    { 8, 18, 101, 1, 18, 36, 3333 }, // U+012D
    { 8, 24, 117, -1, 18, 48, 3369 }, // U+012E
    { 9, 24, 98, -2, 18, 54, 3417 }, // U+012F
    { 7, 22, 117, 1, 22, 39, 3471 }, // U+0130
    { 5, 13, 101, 1, 13, 17, 3510 }, // U+0131
    { 18, 18, 293, 1, 18, 81, 3527 }, // U+0132
    { 13, 23, 197, 0, 18, 75, 3608 }, // U+0133
    { 13, 23, 176, -1, 23, 75, 3683 }, // U+0134
    { 13, 23, 99, -4, 18, 75, 3758 }, // U+0135
    { 17, 26, 242, 0, 18, 111, 3833 }, // U+0136
    { 13, 27, 195, 0, 19, 88, 3944 }, // U+0137
    { 13, 13, 195, 0, 13, 43, 4032 }, // U+0138
    { 12, 23, 219, 0, 23, 69, 4075 }, // U+0139
    { 9, 25, 116, 1, 25, 57, 4144 }, // U+013A
    { 12, 26, 219, 0, 18, 78, 4201 }, // U+013B
    { 6, 26, 116, 1, 19, 39, 4279 }, // U+013C
    { 14, 18, 219, 0, 18, 63, 4318 }, // U+013D
    { 10, 19, 133, 1, 19, 48, 4381 }, // U+013E
    { 12, 18, 219, 0, 18, 54, 4429 }, // U+013F
    { 8, 19, 134, 1, 19, 38, 4483 }, // U+0140
    { 12, 18, 219, 0, 18, 54, 4521 }, // U+0141
    { 8, 19, 116, 0, 19, 38, 4575 }, // U+0142
    { 18, 23, 273, 0, 23, 104, 4613 }, // U+0143
    { 13, 18, 220, 0, 18, 59, 4717 }, // U+0144
    { 18, 26, 273, 0, 18, 117, 4776 }, // U+0145
    { 13, 21, 220, 0, 13, 69, 4893 }, // U+0146
    { 18, 23, 273, 0, 23, 104, 4962 }, // U+0147
    { 13, 18, 220, 0, 18, 59, 5066 }, // U+0148
    { 14, 18, 252, 1, 18, 63, 5125 }, // U+0149
    { 18, 25, 273, 0, 18, 113, 5188 }, // U+014A
    { 13, 18, 220, 0, 13, 59, 5301 }, // U+014B
    { 16, 21, 264, 1, 21, 84, 5360 }, // U+014C
    { 14, 16, 223, 0, 16, 56, 5444 }, // U+014D
    { 16, 23, 264, 1, 23, 92, 5500 }, // U+014E
    { 14, 18, 223, 0, 18, 63, 5592 }, // U+014F
    { 16, 23, 264, 1, 23, 92, 5655 }, // U+0150
    { 14, 18, 223, 0, 18, 63, 5747 }, // U+0151
    { 22, 18, 356, 1, 18, 99, 5810 }, // U+0152
    { 22, 13, 348, 0, 13, 72, 5909 }, // U+0153
    { 15, 23, 232, 0, 23, 87, 5981 }, // U+0154
    { 11, 18, 140, 0, 18, 50, 6068 }, // U+0155
    { 15, 26, 232, 0, 18, 98, 6118 }, // U+0156
    { 11, 21, 140, -1, 13, 58, 6216 }, // U+0157
    { 15, 23, 232, 0, 23, 87, 6274 }, // U+0158
    { 11, 18, 140, 0, 18, 50, 6361 }, // U+0159
    { 14, 23, 212, 0, 23, 81, 6411 }, // U+015A
    { 11, 18, 166, 0, 18, 50, 6492 }, // U+015B
    { 14, 23, 212, 0, 23, 81, 6542 }, // U+015C
    { 11, 18, 166, 0, 18, 50, 6623 }, // U+015D
    { 14, 24, 212, 0, 18, 84, 6673 }, // U+015E
    { 10, 19, 166, 0, 13, 48, 6757 }, // U+015F
    { 14, 23, 212, 0, 23, 81, 6805 }, // U+0160
    { 11, 18, 166, 0, 18, 50, 6886 }, // U+0161
    { 14, 24, 223, 2, 18, 84, 6936 }, // U+0162
    { 9, 24, 151, 1, 18, 54, 7020 }, // U+0163
    { 14, 23, 223, 2, 23, 81, 7074 }, // U+0164
    { 13, 18, 183, 1, 18, 59, 7155 }, // U+0165
    { 15, 18, 223, 1, 18, 68, 7214 }, // U+0166
    { 10, 18, 151, 0, 18, 45, 7282 }, // U+0167
    { 16, 22, 263, 1, 22, 88, 7327 }, // U+0168
    { 13, 17, 221, 1, 17, 56, 7415 }, // U+0169
    { 16, 21, 263, 1, 21, 84, 7471 }, // U+016A
    { 13, 16, 221, 1, 16, 52, 7555 }, // U+016B
    { 16, 23, 263, 1, 23, 92, 7607 }, // U+016C
    { 13, 18, 221, 1, 18, 59, 7699 }, // U+016D
    { 16, 24, 263, 1, 24, 96, 7758 }, // U+016E
    { 13, 18, 221, 1, 18, 59, 7854 }, // U+016F
    { 16, 23, 263, 1, 23, 92, 7913 }, // U+0170
    { 13, 18, 221, 1, 18, 59, 8005 }, // U+0171
    { 16, 24, 263, 1, 18, 96, 8064 }, // U+0172
    { 13, 19, 221, 1, 13, 62, 8160 }, // U+0173
    { 21, 23, 332, 2, 23, 121, 8222 }, // U+0174
    { 17, 18, 267, 1, 18, 77, 8343 }, // U+0175
    { 14, 23, 229, 2, 23, 81, 8420 }, // U+0176
    { 15, 23, 185, -2, 18, 87, 8501 }, // U+0177
    { 14, 22, 229, 2, 22, 77, 8588 }, // U+0178
    { 16, 23, 227, -1, 23, 92, 8665 }, // U+0179
    { 13, 18, 180, -1, 18, 59, 8757 }, // U+017A
    { 16, 22, 227, -1, 22, 88, 8816 }, // U+017B
    { 13, 17, 180, -1, 17, 56, 8904 }, // U+017C
    { 16, 23, 227, -1, 23, 92, 8960 }, // U+017D
    { 13, 18, 180, -1, 18, 59, 9052 }, // U+017E
    { 20, 18, 279, 1, 18, 90, 0 }, // U+01A0
    { 17, 13, 239, 0, 13, 56, 90 }, // U+01A1
    { 20, 18, 278, 1, 18, 90, 146 }, // U+01AF
    { 17, 13, 240, 1, 13, 56, 236 }, // U+01B0
    { 15, 23, 238, -1, 23, 87, 292 }, // U+01CD
    { 14, 18, 217, 0, 18, 63, 379 }, // U+01CE
    { 10, 23, 117, 1, 23, 58, 442 }, // U+01CF
    { 8, 18, 101, 1, 18, 36, 500 }, // U+01D0
    { 16, 23, 264, 1, 23, 92, 536 }, // U+01D1
    { 14, 18, 223, 0, 18, 63, 628 }, // U+01D2
    { 16, 23, 263, 1, 23, 92, 691 }, // U+01D3
    { 13, 18, 221, 1, 18, 59, 783 }, // U+01D4
    { 16, 25, 263, 1, 25, 100, 842 }, // U+01D5
    { 13, 20, 221, 1, 20, 65, 942 }, // U+01D6
    { 16, 26, 263, 1, 26, 104, 1007 }, // U+01D7
    { 13, 21, 221, 1, 21, 69, 1111 }, // U+01D8
    { 16, 26, 263, 1, 26, 104, 1180 }, // U+01D9
    { 13, 21, 221, 1, 21, 69, 1284 }, // U+01DA
    { 16, 26, 263, 1, 26, 104, 1353 }, // U+01DB
    { 13, 20, 221, 1, 20, 65, 1457 }, // U+01DC
    { 15, 23, 254, 1, 23, 87, 1522 }, // U+01E6
    { 15, 24, 216, -1, 18, 90, 1609 }, // U+01E7
    { 15, 26, 238, -1, 26, 98, 1699 }, // U+01FA
    { 14, 22, 217, 0, 22, 77, 1797 }, // U+01FB
    { 22, 23, 320, -1, 23, 127, 1874 }, // U+01FC
    { 20, 18, 330, 0, 18, 90, 2001 }, // U+01FD
    { 17, 24, 264, 0, 23, 102, 2091 }, // U+01FE
    { 14, 19, 223, 0, 18, 67, 2193 }, // U+01FF
    { 14, 25, 212, 0, 18, 88, 2260 }, // U+0218
    { 10, 20, 166, 0, 13, 50, 2348 }, // U+0219
    { 14, 26, 223, 2, 18, 91, 2398 }, // U+021A
    { 9, 25, 151, 1, 18, 57, 2489 }, // U+021B
    { 5, 4, 0, -2, 18, 5, 0 }, // U+0300
    { 6, 4, 0, 0, 18, 6, 5 }, // U+0301
    { 8, 4, 0, -3, 18, 8, 11 }, // U+0302
    { 9, 3, 0, -3, 17, 7, 19 }, // U+0303
    { 9, 2, 0, -3, 16, 5, 26 }, // U+0304
    { 8, 4, 0, -2, 18, 8, 31 }, // U+0306
    { 3, 3, 0, 0, 17, 3, 39 }, // U+0307
    { 9, 3, 0, -3, 17, 7, 42 }, // U+0308
    { 6, 6, 0, -1, 20, 9, 49 }, // U+0309
    { 6, 5, 0, -1, 19, 8, 58 }, // U+030A
    { 9, 4, 0, -2, 18, 9, 66 }, // U+030B
    { 8, 4, 0, -2, 18, 8, 75 }, // U+030C
    { 6, 7, 0, -2, 14, 11, 83 }, // U+031B
    { 3, 3, 0, -3, -1, 3, 94 }, // U+0323
    { 9, 3, 0, -6, -1, 7, 97 }, // U+0324
    { 4, 6, 0, -4, -2, 6, 104 }, // U+0326
    { 6, 7, 0, -5, 1, 11, 110 }, // U+0327
    { 5, 6, 0, -5, 1, 8, 121 }, // U+0328
    { 9, 4, 0, -6, -1, 9, 129 }, // U+032E
    { 9, 2, 0, -6, -1, 5, 138 }, // U+0331
    { 14, 15, 230, 0, 15, 53, 0 }, // U+0E01
    { 14, 15, 238, 1, 15, 53, 53 }, // U+0E02
    { 14, 16, 242, 1, 16, 56, 106 }, // U+0E03
    { 13, 15, 241, 1, 15, 49, 162 }, // U+0E04
    { 14, 16, 243, 1, 16, 56, 211 }, // U+0E05
    { 15, 16, 255, 1, 16, 60, 267 }, // U+0E06
    { 11, 15, 182, 0, 15, 42, 327 }, // U+0E07
    { 12, 15, 222, 1, 15, 45, 369 }, // U+0E08
    { 14, 15, 228, 0, 15, 53, 414 }, // U+0E09
    { 15, 16, 242, 1, 16, 60, 467 }, // U+0E0A
    { 15, 16, 246, 1, 16, 60, 527 }, // U+0E0B
    { 20, 15, 323, 0, 15, 75, 587 }, // U+0E0C
    { 20, 22, 332, 1, 15, 110, 662 }, // U+0E0D
    { 16, 23, 245, -1, 15, 92, 772 }, // U+0E0E
    { 17, 23, 245, -2, 15, 98, 864 }, // U+0E0F
    { 17, 25, 216, -3, 16, 107, 962 }, // U+0E10
    { 16, 15, 283, 1, 15, 60, 1069 }, // U+0E11
    { 20, 16, 332, 1, 16, 80, 1129 }, // U+0E12
    { 20, 15, 332, 1, 15, 75, 1209 }, // U+0E13
    { 13, 15, 237, 1, 15, 49, 1284 }, // U+0E14
    { 14, 15, 243, 1, 15, 53, 1333 }, // U+0E15
    { 13, 15, 232, 1, 15, 49, 1386 }, // U+0E16
    { 15, 15, 263, 1, 15, 57, 1435 }, // U+0E17
    { 14, 16, 217, 1, 16, 56, 1492 }, // U+0E18
    { 15, 15, 255, 1, 15, 57, 1548 }, // U+0E19
    { 15, 15, 258, 1, 15, 57, 1605 }, // U+0E1A
    { 17, 21, 262, 1, 21, 90, 1662 }, // U+0E1B
    { 16, 15, 249, 0, 15, 60, 1752 }, // U+0E1C
    { 17, 21, 249, 0, 21, 90, 1812 }, // U+0E1D
    { 17, 15, 288, 1, 15, 64, 1902 }, // U+0E1E
    { 18, 21, 288, 1, 21, 95, 1966 }, // U+0E1F
    { 16, 15, 246, -1, 15, 60, 2061 }, // U+0E20
    { 15, 15, 246, 0, 15, 57, 2121 }, // U+0E21
    { 13, 15, 229, 1, 15, 49, 2178 }, // U+0E22
    { 12, 16, 194, 1, 16, 48, 2227 }, // U+0E23
    { 13, 22, 232, 1, 15, 72, 2275 }, // U+0E24
    { 13, 15, 232, 1, 15, 49, 2347 }, // U+0E25
    { 16, 22, 245, -1, 15, 88, 2396 }, // U+0E26
    { 11, 15, 205, 1, 15, 42, 2484 }, // U+0E27
    { 15, 16, 241, 1, 16, 60, 2526 }, // U+0E28
    { 17, 15, 271, 1, 15, 64, 2586 }, // U+0E29
    { 15, 17, 232, 1, 17, 64, 2650 }, // U+0E2A
    { 15, 15, 254, 1, 15, 57, 2714 }, // U+0E2B
    { 19, 17, 288, 1, 17, 81, 2771 }, // U+0E2C
    { 13, 15, 235, 1, 15, 49, 2852 }, // U+0E2D
    { 14, 15, 226, 1, 15, 53, 2901 }, // U+0E2E
    { 12, 15, 218, 1, 15, 45, 2954 }, // U+0E2F
    { 14, 15, 214, 0, 15, 53, 2999 }, // U+0E30
    { 12, 7, 0, -7, 24, 21, 3052 }, // U+0E31
    { 11, 15, 194, 1, 15, 42, 3073 }, // U+0E32
    { 16, 23, 194, -4, 23, 92, 3115 }, // U+0E33
    { 13, 7, 0, -12, 23, 23, 3207 }, // U+0E34
    { 14, 8, 0, -12, 24, 28, 3230 }, // U+0E35
    { 14, 8, 0, -12, 24, 28, 3258 }, // U+0E36
    { 14, 8, 0, -12, 24, 28, 3286 }, // U+0E37
    { 6, 7, 0, -9, -2, 11, 3314 }, // U+0E38
    { 10, 8, 0, -13, -1, 20, 3325 }, // U+0E39
    { 3, 3, 0, -6, -1, 3, 3345 }, // U+0E3A
    { 15, 22, 236, 0, 20, 83, 3348 }, // U+0E3F
    { 6, 15, 124, 1, 15, 23, 3431 }, // U+0E40
    { 13, 15, 232, 1, 15, 49, 3454 }, // U+0E41
    { 11, 25, 152, 1, 25, 69, 3503 }, // U+0E42
    { 9, 25, 155, 1, 25, 57, 3572 }, // U+0E43
    { 9, 25, 156, 1, 25, 57, 3629 }, // U+0E44
    { 11, 22, 118, -4, 15, 61, 3686 }, // U+0E45
    { 12, 22, 248, 2, 15, 66, 3747 }, // U+0E46
    { 11, 10, 0, -10, 27, 28, 3813 }, // U+0E47
    { 3, 5, 0, -2, 23, 4, 3841 }, // U+0E48
    { 11, 7, 0, -7, 25, 20, 3845 }, // U+0E49
    { 14, 7, 0, -10, 25, 25, 3865 }, // U+0E4A
    { 7, 6, 0, -4, 24, 11, 3890 }, // U+0E4B
    { 10, 8, 0, -6, 26, 20, 3901 }, // U+0E4C
    { 7, 6, 0, -4, 23, 11, 3921 }, // U+0E4D
    { 9, 8, 0, -6, 26, 18, 3932 }, // U+0E4E
    { 14, 13, 248, 1, 13, 46, 3950 }, // U+0E4F
    { 15, 12, 264, 1, 12, 45, 3996 }, // U+0E50
    { 15, 12, 270, 1, 12, 45, 4041 }, // U+0E51
    { 15, 16, 274, 1, 16, 60, 4086 }, // U+0E52
    { 17, 12, 278, 0, 12, 51, 4146 }, // U+0E53
    { 18, 17, 271, 1, 16, 77, 4197 }, // U+0E54
    { 18, 17, 271, 1, 16, 77, 4274 }, // U+0E55
    { 14, 16, 270, 2, 16, 56, 4351 }, // U+0E56
    { 20, 16, 298, 0, 16, 80, 4407 }, // U+0E57
    { 18, 16, 270, 0, 16, 72, 4487 }, // U+0E58
    { 17, 16, 277, 1, 16, 68, 4559 }, // U+0E59
    { 18, 15, 307, 1, 15, 68, 4627 }, // U+0E5A
    { 24, 13, 408, 1, 14, 78, 4695 }, // U+0E5B
    { 15, 23, 238, -1, 18, 87, 0 }, // U+1EA0
    { 14, 17, 217, 0, 13, 60, 87 }, // U+1EA1
    { 15, 25, 238, -1, 25, 94, 147 }, // U+1EA2
    { 14, 20, 217, 0, 20, 70, 241 }, // U+1EA3
    { 17, 25, 238, -1, 25, 107, 311 }, // U+1EA4
    { 14, 20, 217, 0, 20, 70, 418 }, // U+1EA5
    { 16, 25, 238, -1, 25, 100, 488 }, // U+1EA6
    { 14, 20, 217, 0, 20, 70, 588 }, // U+1EA7
    { 18, 26, 238, -1, 26, 117, 658 }, // U+1EA8
    { 15, 21, 217, 0, 21, 79, 775 }, // U+1EA9
    { 16, 26, 238, -1, 26, 104, 854 }, // U+1EAA
    { 14, 21, 217, 0, 21, 74, 958 }, // U+1EAB
    { 15, 28, 238, -1, 23, 105, 1032 }, // U+1EAC
    { 14, 22, 217, 0, 18, 77, 1137 }, // U+1EAD
    { 15, 26, 238, -1, 26, 98, 1214 }, // U+1EAE
    { 14, 21, 217, 0, 21, 74, 1312 }, // U+1EAF
    { 15, 26, 238, -1, 26, 98, 1386 }, // U+1EB0
    { 14, 21, 217, 0, 21, 74, 1484 }, // U+1EB1
    { 15, 27, 238, -1, 27, 102, 1558 }, // U+1EB2
    { 14, 22, 217, 0, 22, 77, 1660 }, // U+1EB3
    { 16, 26, 238, -1, 26, 104, 1737 }, // U+1EB4
    { 14, 21, 217, 0, 21, 74, 1841 }, // U+1EB5
    { 15, 28, 238, -1, 23, 105, 1915 }, // U+1EB6
    { 14, 22, 217, 0, 18, 77, 2020 }, // U+1EB7
    { 15, 23, 221, 0, 18, 87, 2097 }, // U+1EB8
    { 13, 17, 207, 0, 13, 56, 2184 }, // U+1EB9
    { 15, 25, 221, 0, 25, 94, 2240 }, // U+1EBA
    { 13, 20, 207, 0, 20, 65, 2334 }, // U+1EBB
    { 15, 22, 221, 0, 22, 83, 2399 }, // U+1EBC
    { 13, 17, 207, 0, 17, 56, 2482 }, // U+1EBD
    { 16, 25, 221, 0, 25, 100, 2538 }, // U+1EBE
    { 15, 20, 207, 0, 20, 75, 2638 }, // U+1EBF
    { 15, 25, 221, 0, 25, 94, 2713 }, // U+1EC0
    { 13, 20, 207, 0, 20, 65, 2807 }, // U+1EC1
    { 17, 26, 221, 0, 26, 111, 2872 }, // U+1EC2
    { 15, 21, 207, 0, 21, 79, 2983 }, // U+1EC3
    { 15, 26, 221, 0, 26, 98, 3062 }, // U+1EC4
    { 13, 21, 207, 0, 21, 69, 3160 }, // U+1EC5
    { 15, 28, 221, 0, 23, 105, 3229 }, // U+1EC6
    { 13, 22, 207, 0, 18, 72, 3334 }, // U+1EC7
    { 9, 25, 117, 1, 25, 57, 3406 }, // U+1EC8
    { 7, 20, 101, 1, 20, 35, 3463 }, // U+1EC9
    { 7, 23, 117, 0, 18, 41, 3498 }, // U+1ECA
    { 7, 23, 98, 0, 18, 41, 3539 }, // U+1ECB
    { 16, 22, 264, 1, 18, 88, 3580 }, // U+1ECC
    { 14, 17, 223, 0, 13, 60, 3668 }, // U+1ECD
    { 16, 25, 264, 1, 25, 100, 3728 }, // U+1ECE
    { 14, 20, 223, 0, 20, 70, 3828 }, // U+1ECF
    { 16, 25, 264, 1, 25, 100, 3898 }, // U+1ED0
    { 15, 20, 223, 0, 20, 75, 3998 }, // U+1ED1
    { 16, 25, 264, 1, 25, 100, 4073 }, // U+1ED2
    { 14, 20, 223, 0, 20, 70, 4173 }, // U+1ED3
    { 17, 26, 264, 1, 26, 111, 4243 }, // U+1ED4
    { 15, 21, 223, 0, 21, 79, 4354 }, // U+1ED5
    { 16, 26, 264, 1, 26, 104, 4433 }, // U+1ED6
    { 14, 21, 223, 0, 21, 74, 4537 }, // U+1ED7
    { 16, 27, 264, 1, 23, 108, 4611 }, // U+1ED8
    { 14, 22, 223, 0, 18, 77, 4719 }, // U+1ED9
    { 20, 23, 279, 1, 23, 115, 4796 }, // U+1EDA
    { 17, 18, 239, 0, 18, 77, 4911 }, // U+1EDB
    { 20, 23, 279, 1, 23, 115, 4988 }, // U+1EDC
    { 17, 18, 239, 0, 18, 77, 5103 }, // U+1EDD
    { 20, 25, 279, 1, 25, 125, 5180 }, // U+1EDE
    { 17, 20, 239, 0, 20, 85, 5305 }, // U+1EDF
    { 20, 22, 279, 1, 22, 110, 5390 }, // U+1EE0
    { 17, 17, 239, 0, 17, 73, 5500 }, // U+1EE1
    { 20, 22, 279, 1, 18, 110, 5573 }, // U+1EE2
    { 17, 17, 239, 0, 13, 73, 5683 }, // U+1EE3
    { 16, 22, 263, 1, 18, 88, 5756 }, // U+1EE4
    { 13, 17, 221, 1, 13, 56, 5844 }, // U+1EE5
    { 16, 25, 263, 1, 25, 100, 5900 }, // U+1EE6
    { 13, 20, 221, 1, 20, 65, 6000 }, // U+1EE7
    { 20, 23, 278, 1, 23, 115, 6065 }, // U+1EE8
    { 17, 18, 240, 1, 18, 77, 6180 }, // U+1EE9
    { 20, 23, 278, 1, 23, 115, 6257 }, // U+1EEA
    { 17, 18, 240, 1, 18, 77, 6372 }, // U+1EEB
    { 20, 25, 278, 1, 25, 125, 6449 }, // U+1EEC
    { 17, 20, 240, 1, 20, 85, 6574 }, // U+1EED
    { 20, 22, 278, 1, 22, 110, 6659 }, // U+1EEE
    { 17, 17, 240, 1, 17, 73, 6769 }, // U+1EEF
    { 20, 22, 278, 1, 18, 110, 6842 }, // U+1EF0
    { 17, 17, 240, 1, 13, 73, 6952 }, // U+1EF1
    { 14, 23, 229, 2, 23, 81, 7025 }, // U+1EF2
    { 15, 23, 185, -2, 18, 87, 7106 }, // U+1EF3
    { 14, 23, 229, 2, 18, 81, 7193 }, // U+1EF4
    { 15, 18, 185, -2, 13, 68, 7274 }, // U+1EF5
    { 14, 25, 229, 2, 25, 88, 7342 }, // U+1EF6
    { 15, 25, 185, -2, 20, 94, 7430 }, // U+1EF7
    { 14, 22, 229, 2, 22, 77, 7524 }, // U+1EF8
    { 15, 22, 185, -2, 17, 83, 7601 }, // U+1EF9
    { 0, 0, 220, 0, 0, 0, 0 }, // U+2007
    { 8, 2, 136, 0, 8, 4, 0 }, // U+2010
    { 13, 2, 216, 0, 8, 7, 4 }, // U+2012
    { 13, 2, 216, 0, 8, 7, 11 }, // U+2013
    { 21, 2, 334, 0, 8, 11, 18 }, // U+2014
    { 21, 2, 334, 0, 8, 11, 29 }, // U+2015
    { 5, 8, 135, 3, 19, 10, 40 }, // U+2018
    { 5, 8, 135, 3, 18, 10, 50 }, // U+2019
    { 6, 9, 134, 0, 4, 14, 60 }, // U+201A
    { 10, 8, 214, 3, 19, 20, 74 }, // U+201C
    { 10, 8, 214, 3, 18, 20, 94 }, // U+201D
    { 10, 9, 213, 0, 4, 23, 114 }, // U+201E
    { 13, 18, 210, 1, 18, 59, 137 }, // U+2020
    { 14, 18, 210, 0, 18, 63, 196 }, // U+2021
    { 8, 7, 147, 1, 11, 14, 259 }, // U+2022
    { 16, 3, 289, 0, 3, 12, 273 }, // U+2026
    { 29, 18, 513, 2, 18, 131, 285 }, // U+2030
    { 6, 6, 100, 2, 18, 9, 416 }, // U+2032
    { 10, 6, 164, 2, 18, 15, 425 }, // U+2033
    { 9, 10, 129, 0, 12, 23, 440 }, // U+2039
    { 8, 10, 129, 0, 12, 20, 463 }, // U+203A
    { 16, 19, 90, -5, 18, 76, 483 }, // U+2044
    { 10, 12, 160, 1, 17, 30, 0 }, // U+2070
    { 11, 12, 160, 0, 17, 33, 30 }, // U+2074
    { 11, 12, 160, 0, 17, 33, 63 }, // U+2075
    { 10, 13, 160, 1, 18, 33, 96 }, // U+2076
    { 9, 12, 160, 2, 17, 27, 129 }, // U+2077
    { 10, 12, 160, 1, 17, 30, 156 }, // U+2078
    { 10, 13, 160, 1, 17, 33, 186 }, // U+2079
    { 7, 14, 94, 1, 18, 25, 219 }, // U+207D
    { 7, 14, 94, 0, 18, 25, 244 }, // U+207E
    { 9, 8, 156, 1, 17, 18, 269 }, // U+207F
    { 10, 12, 160, -1, 8, 30, 287 }, // U+2080
    { 7, 12, 160, 0, 8, 21, 317 }, // U+2081
    { 10, 12, 160, -1, 8, 30, 338 }, // U+2082
    { 10, 12, 160, -1, 8, 30, 368 }, // U+2083
    { 10, 12, 160, -1, 8, 30, 398 }, // U+2084
    { 11, 12, 160, -1, 8, 33, 428 }, // U+2085
    { 10, 13, 160, -1, 9, 33, 461 }, // U+2086
    { 9, 12, 160, 1, 8, 27, 494 }, // U+2087
    { 10, 12, 160, -1, 8, 30, 521 }, // U+2088
    { 9, 13, 160, 0, 8, 30, 551 }, // U+2089
    { 7, 14, 94, -1, 9, 25, 581 }, // U+208D
    { 7, 14, 94, -2, 9, 25, 606 }, // U+208E
    { 15, 22, 237, 1, 20, 83, 0 }, // U+20A1
    { 14, 18, 214, 0, 18, 63, 83 }, // U+20A4
    { 21, 18, 319, 0, 18, 95, 146 }, // U+20A6
    { 15, 18, 244, 1, 18, 68, 241 }, // U+20A7
    { 16, 22, 223, 0, 19, 88, 309 }, // U+20AB
    { 17, 18, 248, 0, 18, 77, 397 }, // U+20AC
    { 17, 18, 260, 1, 18, 77, 474 }, // U+20B1
    { 15, 22, 254, 1, 20, 83, 551 }, // U+20B2
    { 15, 22, 237, 1, 20, 83, 634 }, // U+20B5
    { 15, 18, 244, 2, 18, 68, 717 }, // U+20B9
    { 14, 18, 226, 0, 18, 63, 785 }, // U+20BA
    { 15, 18, 227, 0, 18, 68, 848 }, // U+20BD
    { 16, 7, 360, 3, 10, 28, 0 }, // U+2190
    { 7, 15, 200, 4, 15, 27, 28 }, // U+2191
    { 16, 7, 360, 3, 10, 28, 55 }, // U+2192
    { 7, 15, 200, 2, 15, 27, 83 }, // U+2193
    { 12, 18, 196, 0, 18, 54, 0 }, // U+2202
    { 17, 18, 259, -1, 18, 77, 54 }, // U+2206
    { 17, 21, 266, 0, 18, 90, 131 }, // U+220F
    { 18, 21, 252, -1, 18, 95, 221 }, // U+2211
    { 14, 2, 243, 1, 8, 7, 316 }, // U+2212
    { 17, 18, 66, -6, 18, 77, 323 }, // U+2215
    { 6, 5, 112, 1, 11, 8, 400 }, // U+2219
    { 19, 20, 224, 1, 18, 95, 408 }, // U+221A
    { 20, 9, 340, 1, 12, 45, 503 }, // U+221E
    { 13, 23, 141, -2, 18, 75, 548 }, // U+222B
    { 15, 11, 243, 0, 13, 42, 623 }, // U+2248
    { 14, 15, 243, 1, 14, 53, 665 }, // U+2260
    { 16, 14, 243, 0, 14, 56, 718 }, // U+2264
    { 15, 14, 243, 0, 14, 53, 774 }, // U+2265
    { 14, 18, 226, 1, 18, 63, 0 }, // U+FB01
    { 14, 19, 246, 1, 19, 67, 63 }, // U+FB02
};

static const EpdUnicodeInterval sarabun_12_italicIntervals[] = {
    { 0x0, 0x0, 0x0 },
    { 0xD, 0xD, 0x1 },
    { 0x20, 0x7E, 0x2 },
    { 0xA0, 0x17E, 0x61 },
    { 0x1A0, 0x1A1, 0x140 },
    { 0x1AF, 0x1B0, 0x142 },
    { 0x1CD, 0x1DC, 0x144 },
    { 0x1E6, 0x1E7, 0x154 },
    { 0x1FA, 0x1FF, 0x156 },
    { 0x218, 0x21B, 0x15C },
    { 0x300, 0x304, 0x160 },
    { 0x306, 0x30C, 0x165 },
    { 0x31B, 0x31B, 0x16C },
    { 0x323, 0x324, 0x16D },
    { 0x326, 0x328, 0x16F },
    { 0x32E, 0x32E, 0x172 },
    { 0x331, 0x331, 0x173 },
    { 0xE01, 0xE3A, 0x174 },
    { 0xE3F, 0xE5B, 0x1AE },
    { 0x1EA0, 0x1EF9, 0x1CB },
    { 0x2007, 0x2007, 0x225 },
    { 0x2010, 0x2010, 0x226 },
    { 0x2012, 0x2015, 0x227 },
    { 0x2018, 0x201A, 0x22B },
    { 0x201C, 0x201E, 0x22E },
    { 0x2020, 0x2022, 0x231 },
    { 0x2026, 0x2026, 0x234 },
    { 0x2030, 0x2030, 0x235 },
    { 0x2032, 0x2033, 0x236 },
    { 0x2039, 0x203A, 0x238 },
    { 0x2044, 0x2044, 0x23A },
    { 0x2070, 0x2070, 0x23B },
    { 0x2074, 0x2079, 0x23C },
    { 0x207D, 0x2089, 0x242 },
    { 0x208D, 0x208E, 0x24F },
    { 0x20A1, 0x20A1, 0x251 },
    { 0x20A4, 0x20A4, 0x252 },
    { 0x20A6, 0x20A7, 0x253 },
    { 0x20AB, 0x20AC, 0x255 },
    { 0x20B1, 0x20B2, 0x257 },
    { 0x20B5, 0x20B5, 0x259 },
    { 0x20B9, 0x20BA, 0x25A },
    { 0x20BD, 0x20BD, 0x25C },
    { 0x2190, 0x2193, 0x25D },
    { 0x2202, 0x2202, 0x261 },
    { 0x2206, 0x2206, 0x262 },
    { 0x220F, 0x220F, 0x263 },
    { 0x2211, 0x2212, 0x264 },
    { 0x2215, 0x2215, 0x266 },
    { 0x2219, 0x221A, 0x267 },
    { 0x221E, 0x221E, 0x269 },
    { 0x222B, 0x222B, 0x26A },
    { 0x2248, 0x2248, 0x26B },
    { 0x2260, 0x2260, 0x26C },
    { 0x2264, 0x2265, 0x26D },
    { 0xFB01, 0xFB02, 0x26F },
};

static const EpdFontGroup sarabun_12_italicGroups[] = {
    { 0, 2755, 5640, 97, 0 },
    { 2755, 2387, 6371, 96, 97 },
    { 5142, 2996, 10154, 127, 193 },
    { 8138, 1137, 2790, 32, 320 },
    { 9275, 163, 177, 20, 352 },
    { 9438, 3068, 5255, 87, 372 },
    { 12506, 1586, 8356, 90, 459 },
    { 14092, 380, 639, 22, 549 },
    { 14472, 492, 748, 22, 571 },
    { 14964, 617, 1000, 12, 593 },
    { 15581, 90, 116, 4, 605 },
    { 15671, 453, 915, 14, 609 },
    { 16124, 109, 148, 2, 623 },
};

static const uint16_t sarabun_12_italicKernLeftCodepoints[] = {
    0x002C, 0x002E, 0x0041, 0x0042, 0x0044, 0x0046, 0x004B, 0x004C, 0x004F, 0x0050, 0x0051, 0x0053,
    0x0054, 0x0055, 0x0056, 0x0057, 0x0058, 0x0059, 0x005A, 0x0061, 0x0062, 0x0063, 0x0065, 0x0066,
    0x0067, 0x006B, 0x006C, 0x006D, 0x006E, 0x006F, 0x0070, 0x0072, 0x0073, 0x0074, 0x0075, 0x0076,
    0x0078, 0x0079, 0x007A, 0x00C0, 0x00C1, 0x00C2, 0x00C3, 0x00C4, 0x00C5, 0x00D0, 0x00D2, 0x00D3,
    0x00D4, 0x00D5, 0x00D6, 0x00D8, 0x00D9, 0x00DA, 0x00DB, 0x00DC, 0x00DD, 0x00E0, 0x00E1, 0x00E2,
    0x00E3, 0x00E4, 0x00E5, 0x00E6, 0x00E7, 0x00E8, 0x00E9, 0x00EA, 0x00EB, 0x00F1, 0x00F2, 0x00F3,
    0x00F4, 0x00F5, 0x00F6, 0x00FD, 0x00FE, 0x00FF, 0x0100, 0x0101, 0x0102, 0x0103, 0x0104, 0x0105,
    0x0107, 0x0109, 0x010B, 0x010D, 0x010E, 0x0110, 0x0113, 0x0115, 0x0117, 0x0119, 0x011B, 0x0125,
    0x0127, 0x0132, 0x0134, 0x0136, 0x0137, 0x0138, 0x0139, 0x013B, 0x013D, 0x013F, 0x0141, 0x0144,
    0x0146, 0x0148, 0x0149, 0x014B, 0x014C, 0x014D, 0x014E, 0x014F, 0x0150, 0x0151, 0x0153, 0x0154,
    0x0155, 0x0156, 0x0157, 0x0158, 0x0159, 0x015A, 0x015B, 0x015C, 0x015D, 0x015E, 0x015F, 0x0160,
    0x0161, 0x0162, 0x0163, 0x0164, 0x0165, 0x0166, 0x0167, 0x0168, 0x016A, 0x016C, 0x016E, 0x0170,
    0x0172, 0x0174, 0x0175, 0x0176, 0x0177, 0x0178, 0x01A0, 0x01CD, 0x01CE, 0x01D1, 0x01D2, 0x01D3,
    0x01D5, 0x01D7, 0x01D9, 0x01DB, 0x01FA, 0x01FB, 0x01FD, 0x01FE, 0x01FF, 0x0218, 0x0219, 0x021A,
    0x021B, 0x1EA0, 0x1EA1, 0x1EA2, 0x1EA3, 0x1EA4, 0x1EA5, 0x1EA6, 0x1EA7, 0x1EA8, 0x1EA9, 0x1EAA,
    0x1EAB, 0x1EAC, 0x1EAD, 0x1EAE, 0x1EAF, 0x1EB0, 0x1EB1, 0x1EB2, 0x1EB3, 0x1EB4, 0x1EB5, 0x1EB6,
    0x1EB7, 0x1EB9, 0x1EBB, 0x1EBD, 0x1EBF, 0x1EC1, 0x1EC3, 0x1EC5, 0x1EC7, 0x1ECC, 0x1ECD, 0x1ECE,
    0x1ECF, 0x1ED0, 0x1ED1, 0x1ED2, 0x1ED3, 0x1ED4, 0x1ED5, 0x1ED6, 0x1ED7, 0x1ED8, 0x1ED9, 0x1EDA,
    0x1EDB, 0x1EDC, 0x1EDD, 0x1EDE, 0x1EDF, 0x1EE0, 0x1EE1, 0x1EE2, 0x1EE3, 0x1EE4, 0x1EE6, 0x1EF2,
    0x1EF3, 0x1EF4, 0x1EF5, 0x1EF6, 0x1EF7, 0x1EF8, 0x1EF9, 0x2018, 0x201C, 0x2026,
};

static const uint8_t sarabun_12_italicKernLeftClassIds[] = {
      1,   1,   2,   3,   4,   5,   6,   7,   8,   9,   8,  10,  11,  12,  13,  14,
     15,  16,  17,  18,  19,  20,  21,  22,  23,  24,  25,  26,  26,  27,  28,  29,
     30,  31,  32,  33,  34,  35,  36,  37,  37,  37,  37,  37,  37,  38,  39,  39,
     39,  39,  39,  40,  12,  12,  12,  12,  16,  18,  18,  18,  18,  18,  18,  41,
     42,  41,  41,  41,  41,  43,  27,  27,  27,  27,  27,  35,  44,  35,  37,  18,
     37,  18,  37,  18,  42,  42,  42,  42,  45,  38,  41,  41,  41,  41,  41,  46,
     46,  47,  47,  48,  49,  49,  50,  50,  50,  50,  51,  43,  43,  43,  43,  43,
     39,  27,  39,  27,  39,  27,  41,  52,  53,  52,  53,  52,  53,  54,  55,  54,
     55,  54,  55,  54,  55,  56,  57,  56,  57,  56,  57,  12,  12,  12,  12,  12,
     12,  58,  59,  16,  35,  16,  40,  37,  18,  39,  27,  12,  12,  12,  12,  12,
     37,  18,  41,  39,  27,  54,  55,  56,  57,  37,  18,  37,  18,  37,  18,  37,
     18,  37,  18,  37,  18,  37,  18,  37,  18,  37,  18,  37,  18,  37,  18,  37,
     18,  41,  41,  41,  41,  41,  41,  41,  41,  39,  27,  39,  27,  39,  27,  39,
     27,  39,  27,  39,  27,  39,  27,  40,  27,  40,  27,  40,  27,  40,  27,  40,
     27,  12,  12,  16,  35,  16,  35,  16,  35,  16,  35,  60,  60,  61,
};

static const uint16_t sarabun_12_italicKernRightCodepoints[] = {
    0x002C, 0x002E, 0x0041, 0x0043, 0x0047, 0x004A, 0x004F, 0x0051, 0x0053, 0x0054, 0x0055, 0x0056,
    0x0057, 0x0058, 0x0059, 0x0061, 0x0063, 0x0064, 0x0065, 0x0066, 0x0067, 0x006A, 0x006D, 0x006E,
    0x006F, 0x0070, 0x0071, 0x0072, 0x0073, 0x0074, 0x0075, 0x0076, 0x0077, 0x0078, 0x0079, 0x007A,
    0x00C0, 0x00C1, 0x00C2, 0x00C3, 0x00C4, 0x00C5, 0x00C6, 0x00C7, 0x00D2, 0x00D3, 0x00D4, 0x00D5,
    0x00D6, 0x00D8, 0x00D9, 0x00DA, 0x00DB, 0x00DC, 0x00DD, 0x00DF, 0x00E0, 0x00E1, 0x00E2, 0x00E3,
    0x00E4, 0x00E5, 0x00E6, 0x00E7, 0x00E8, 0x00E9, 0x00EA, 0x00EB, 0x00F0, 0x00F1, 0x00F2, 0x00F3,
    0x00F4, 0x00F5, 0x00F6, 0x00F8, 0x00F9, 0x00FA, 0x00FB, 0x00FC, 0x00FD, 0x00FF, 0x0100, 0x0101,
    0x0102, 0x0103, 0x0104, 0x0105, 0x0106, 0x0107, 0x0108, 0x0109, 0x010A, 0x010B, 0x010C, 0x010D,
    0x010F, 0x0111, 0x0113, 0x0115, 0x0117, 0x0119, 0x011B, 0x011C, 0x011D, 0x011E, 0x011F, 0x0120,
    0x0121, 0x0122, 0x0123, 0x0134, 0x0135, 0x0144, 0x0146, 0x0148, 0x0149, 0x014B, 0x014C, 0x014D,
    0x014E, 0x014F, 0x0150, 0x0151, 0x0153, 0x0155, 0x0157, 0x0159, 0x015A, 0x015B, 0x015C, 0x015D,
    0x015E, 0x015F, 0x0160, 0x0161, 0x0162, 0x0163, 0x0164, 0x0165, 0x0166, 0x0167, 0x0168, 0x0169,
    0x016A, 0x016B, 0x016C, 0x016D, 0x016E, 0x016F, 0x0170, 0x0171, 0x0172, 0x0173, 0x0174, 0x0175,
    0x0176, 0x0177, 0x0178, 0x017A, 0x017C, 0x017E, 0x01A0, 0x01A1, 0x01AF, 0x01B0, 0x01CD, 0x01CE,
    0x01D1, 0x01D2, 0x01D3, 0x01D4, 0x01D5, 0x01D6, 0x01D7, 0x01D8, 0x01D9, 0x01DA, 0x01DB, 0x01DC,
    0x01E6, 0x01E7, 0x01FA, 0x01FB, 0x01FC, 0x01FD, 0x01FE, 0x01FF, 0x0218, 0x0219, 0x021A, 0x021B,
    0x1EA0, 0x1EA1, 0x1EA2, 0x1EA3, 0x1EA4, 0x1EA5, 0x1EA6, 0x1EA7, 0x1EA8, 0x1EA9, 0x1EAA, 0x1EAB,
    0x1EAC, 0x1EAD, 0x1EAE, 0x1EAF, 0x1EB0, 0x1EB1, 0x1EB2, 0x1EB3, 0x1EB4, 0x1EB5, 0x1EB6, 0x1EB7,
    0x1EB9, 0x1EBB, 0x1EBD, 0x1EBF, 0x1EC1, 0x1EC3, 0x1EC5, 0x1EC7, 0x1ECC, 0x1ECD, 0x1ECE, 0x1ECF,
    0x1ED0, 0x1ED1, 0x1ED2, 0x1ED3, 0x1ED4, 0x1ED5, 0x1ED6, 0x1ED7, 0x1ED8, 0x1ED9, 0x1EDA, 0x1EDB,
    0x1EDC, 0x1EDD, 0x1EDE, 0x1EDF, 0x1EE0, 0x1EE1, 0x1EE2, 0x1EE3, 0x1EE4, 0x1EE5, 0x1EE6, 0x1EE7,
    0x1EE8, 0x1EE9, 0x1EEA, 0x1EEB, 0x1EEC, 0x1EED, 0x1EEE, 0x1EEF, 0x1EF0, 0x1EF1, 0x1EF2, 0x1EF3,
    0x1EF4, 0x1EF5, 0x1EF6, 0x1EF7, 0x1EF8, 0x1EF9, 0x2019, 0x201D, 0x2026, 0xFB01, 0xFB02,
};

static const uint8_t sarabun_12_italicKernRightClassIds[] = {
      1,   2,   3,   4,   5,   6,   7,   8,   9,  10,  11,  12,  13,  14,  15,  16,
     17,  18,  19,  20,  21,  22,  23,  24,  25,  26,  27,  28,  29,  30,  31,  32,
     33,  34,  35,  36,  37,  37,  37,  37,  37,  37,  37,  38,  39,  39,  39,  39,
     39,  40,  41,  41,  41,  41,  42,  43,  44,  44,  44,  44,  44,  44,  44,  45,
     46,  46,  46,  46,  47,  48,  49,  49,  49,  49,  49,  50,  51,  51,  51,  51,
     52,  52,  37,  44,  37,  44,  37,  44,  38,  45,  38,  45,  38,  45,  38,  45,
     53,  47,  46,  46,  46,  46,  46,  54,  55,  54,  55,  54,  55,  54,  55,  56,
     22,  48,  48,  48,  48,  48,  39,  49,  39,  49,  39,  49,  57,  58,  58,  58,
     59,  60,  59,  60,  59,  60,  59,  60,  61,  62,  61,  62,  61,  62,  41,  51,
     41,  51,  41,  51,  41,  51,  41,  51,  41,  51,  63,  64,  42,  52,  42,  65,
     65,  65,  39,  50,  41,  66,  37,  44,  39,  49,  41,  51,  41,  51,  41,  51,
     41,  51,  41,  51,  54,  55,  37,  44,  37,  44,  39,  49,  59,  60,  61,  62,
     37,  44,  37,  44,  37,  44,  37,  44,  37,  44,  37,  44,  37,  44,  37,  44,
     37,  44,  37,  44,  37,  44,  37,  44,  46,  46,  46,  46,  46,  46,  46,  46,
     39,  49,  39,  49,  39,  49,  39,  49,  39,  49,  39,  49,  39,  49,  39,  49,
     39,  49,  39,  49,  39,  49,  39,  49,  41,  51,  41,  51,  41,  51,  41,  51,
     41,  51,  41,  51,  41,  51,  42,  52,  42,  52,  42,  52,  42,  52,  67,  68,
     69,  43,  43,
};

static const uint16_t sarabun_12_italicKernRowOffsets[] = {
        0,    12,    49,    55,    62,    69,    81,   118,   127,   151,   156,   193,   197,   249,   269,   300,
      344,   355,   360,   368,   372,   388,   407,   410,   431,   448,   454,   467,   478,   483,   493,   496,
      502,   529,   540,   562,   568,   606,   611,   621,   627,   646,   651,   658,   663,   672,   677,   681,
      717,   739,   776,   787,   792,   794,   799,   810,   849,   854,   899,   915,   918,   923,
};

static const uint8_t sarabun_12_italicKernSparseCols[] = {
      9,  11,  14,  17,  20,  24,  26,  31,  32,  48,  52,  56,   3,   6,   7,   8,
      9,  10,  11,  12,  14,  15,  16,  17,  18,  20,  24,  26,  30,  31,  34,  37,
     38,  40,  41,  43,  44,  45,  48,  50,  51,  52,  56,  58,  60,  62,  63,  66,
     67,   2,  11,  13,  14,  36,  41,   2,  11,  14,  36,  41,  55,  62,   0,   1,
      2,   5,  36,  55,  68,  15,  16,  17,  18,  20,  26,  34,  43,  44,  45,  51,
     52,   3,   4,   6,   7,   9,  10,  11,  12,  14,  15,  16,  17,  18,  20,  24,
     26,  29,  31,  32,  34,  37,  38,  40,  41,  43,  44,  45,  48,  51,  52,  53,
     56,  60,  62,  63,  66,  67,   2,  11,  12,  13,  14,  36,  41,  55,  62,   0,
      1,   2,   5,  11,  13,  14,  15,  16,  17,  20,  24,  26,  28,  36,  41,  43,
     44,  48,  52,  55,  56,  59,  68,   2,  11,  14,  36,  41,   0,   1,   2,   3,
     15,  16,  17,  18,  20,  22,  23,  24,  26,  28,  30,  31,  32,  33,  34,  35,
     36,  37,  43,  44,  45,  47,  48,  50,  51,  52,  54,  55,  56,  57,  59,  63,
     64,   0,   1,   2,  36,   0,   1,   2,   3,   4,   5,   6,   7,   8,  15,  16,
     17,  18,  20,  21,  22,  23,  24,  25,  26,  28,  30,  31,  33,  34,  36,  37,
     38,  39,  42,  43,  44,  45,  46,  47,  48,  49,  50,  51,  52,  53,  54,  55,
     56,  57,  58,  59,  61,  63,  64,  65,  68,   0,   1,   2,   6,   7,  15,  16,
     17,  18,  20,  24,  26,  36,  38,  43,  44,  45,  48,  52,  56,   3,   4,   6,
      7,  15,  16,  17,  18,  20,  24,  26,  30,  31,  34,  37,  38,  39,  43,  44,
     45,  46,  48,  49,  50,  51,  52,  53,  56,  61,  63,  65,   0,   1,   2,   3,
      4,   5,   6,   7,   8,  15,  16,  17,  18,  20,  22,  23,  24,  26,  28,  30,
     31,  33,  34,  36,  37,  38,  43,  44,  45,  47,  48,  50,  51,  52,  53,  54,
     55,  56,  57,  58,  59,  61,  63,  64,  16,  17,  18,  20,  24,  26,  44,  45,
     48,  52,  56,  11,  14,  41,  62,  63,   0,   1,  11,  14,  34,  41,  51,  62,
     11,  14,  41,  62,   0,   1,   2,  11,  13,  14,  28,  31,  34,  36,  41,  51,
     54,  59,  62,  63,   0,   1,  15,  16,  17,  18,  20,  24,  26,  43,  44,  45,
     46,  48,  49,  52,  54,  56,  68,  11,  14,  41,   9,  11,  14,  15,  16,  17,
     18,  20,  24,  26,  34,  41,  43,  44,  45,  48,  51,  52,  56,  60,  62,  16,
     17,  18,  20,  24,  26,  28,  31,  32,  34,  44,  45,  48,  51,  52,  56,  59,
      9,  11,  14,  41,  60,  62,   0,   1,   2,   9,  11,  14,  31,  34,  36,  41,
     51,  60,  62,   0,   1,   9,  11,  12,  13,  31,  34,  51,  60,  62,   0,   1,
     24,  48,  56,   1,   9,  11,  13,  14,  18,  41,  45,  60,  62,  24,  48,  56,
      9,  11,  14,  41,  60,  62,   0,   1,   2,   9,  11,  13,  14,  15,  16,  17,
     18,  20,  24,  26,  36,  41,  43,  44,  45,  46,  48,  52,  55,  56,  60,  62,
     68,   9,  11,  14,  17,  20,  26,  41,  46,  52,  60,  62,   0,   1,   2,   9,
     13,  14,  15,  17,  18,  20,  24,  26,  36,  41,  43,  45,  48,  52,  55,  56,
     60,  62,   9,  11,  14,  41,  60,  62,   3,   6,   7,   8,   9,  10,  11,  12,
     14,  15,  16,  17,  18,  20,  24,  26,  30,  31,  32,  34,  37,  38,  40,  41,
     43,  44,  45,  48,  50,  51,  52,  56,  58,  60,  62,  63,  66,  67,   2,   5,
     11,  12,  14,   2,   5,  11,  12,  13,  14,  36,  41,  55,  62,   2,   5,  11,
     12,  13,  14,   0,   1,   2,  11,  12,  13,  14,  20,  28,  31,  32,  34,  36,
     41,  51,  54,  59,  62,  63,  11,  12,  14,  41,  62,   9,  11,  12,  14,  41,
     60,  62,   0,   1,  31,  34,  51,   2,   5,  11,  12,  14,  36,  41,  55,  62,
     11,  12,  14,  41,  62,   2,   5,  36,  55,   3,   4,   6,   7,   8,  11,  12,
     14,  15,  16,  17,  18,  20,  24,  26,  29,  30,  31,  32,  34,  37,  38,  41,
     43,  44,  45,  48,  50,  51,  52,  53,  56,  58,  61,  62,  63,   9,  11,  12,
     14,  15,  16,  17,  18,  20,  24,  26,  34,  41,  43,  44,  45,  48,  51,  52,
     56,  60,  62,   3,   4,   6,   7,   9,  10,  11,  12,  14,  15,  16,  17,  18,
     20,  24,  26,  29,  31,  32,  34,  37,  38,  40,  41,  43,  44,  45,  48,  51,
     52,  53,  56,  60,  62,  63,  66,  67,   3,   4,   6,   9,  11,  12,  14,  31,
     32,  34,  66,  11,  12,  14,  41,  62,  18,  45,   2,  11,  14,  36,  41,   1,
      9,  11,  12,  13,  14,  18,  41,  45,  60,  62,   0,   1,   2,   3,   5,  15,
     16,  17,  18,  20,  22,  23,  24,  26,  27,  28,  30,  31,  32,  33,  34,  35,
     36,  37,  43,  44,  45,  47,  48,  50,  51,  52,  54,  55,  56,  57,  59,  63,
     64,  11,  12,  14,  41,  62,   0,   2,   3,   4,   5,   6,   7,  15,  16,  17,
     18,  19,  20,  21,  22,  23,  24,  26,  28,  29,  30,  31,  32,  33,  34,  35,
     36,  37,  38,  43,  44,  45,  47,  48,  50,  51,  52,  53,  54,  55,  56,  59,
     61,  63,  64,   2,   9,  14,  15,  17,  18,  20,  26,  36,  41,  43,  45,  52,
     55,  60,  62,   2,   5,  36,   9,  11,  14,  31,  32,
};

static const int8_t sarabun_12_italicKernSparseValues[] = {
     -40,  -40,  -40,  -12,  -12,  -12,  -12,  -24,  -24,  -12,  -12,  -12,  -12,  -12,  -12,  -16,
     -24,  -24,  -20,  -12,  -24,  -12,  -12,  -12,  -12,  -12,  -12,  -12,  -16,  -16,  -16,  -12,
     -12,  -24,  -24,  -12,  -12,  -12,  -12,  -16,  -16,  -12,  -12,  -16,  -24,  -40,  -32,  -32,
     -52,   -8,  -12,  -16,  -16,   -8,  -16,  -16,  -24,  -20,  -16,  -20,  -20,  -24,  -40,  -40,
     -40,  -36,  -72,  -40,  -40,  -12,   -8,   -8,   -8,   -8,   -8,  -16,  -12,   -8,   -8,  -16,
      -8,  -12,  -12,  -20,  -20,  -44,  -12,  -40,  -32,  -40,   -8,   -8,   -8,   -8,   -8,   -8,
      -8,  -12,  -24,  -16,  -32,  -12,  -20,  -12,  -40,   -8,   -8,   -8,   -8,  -32,   -8,  -12,
      -8,  -44,  -32,  -32,  -56,  -32,  -12,  -12,   -4,  -16,  -16,  -12,  -16,  -16,  -16,  -40,
     -40,  -32,  -40,  -12,  -24,  -12,  -12,  -12,  -12,  -12,  -12,  -12,   -8,  -64,  -24,  -12,
     -12,  -12,  -12,  -48,  -12,   -8,  -40,  -12,  -12,  -12,  -12,  -12,  -40,  -40,  -24,  -16,
     -32,  -24,  -32,  -32,  -32,  -24,  -24,  -32,  -32,  -28,  -24,  -24,  -16,  -20,  -16,  -20,
     -24,  -16,  -32,  -24,  -32,  -24,  -32,  -24,  -16,  -32,  -24,  -24,  -32,  -16,  -28,  -16,
      -8,  -16,  -16,  -24,  -24,  -40,  -40,  -20,  -16,  -16,  -28,  -12,  -12,  -12,  -32,  -32,
     -32,  -32,  -32,  -32,  -20,  -20,  -24,  -20,  -32,  -20,  -20,  -24,  -20,  -20,  -80,  -32,
     -32,  -20,  -16,  -64,  -64,  -64,  -32,  -40,  -48,  -24,  -40,  -40,  -64,  -40,  -64,  -48,
     -24,  -40,  -24,  -40,  -40,  -40,  -32,  -20,  -40,  -32,  -32,  -12,   -4,   -4,   -8,   -8,
      -8,   -8,   -8,   -8,   -8,  -12,   -4,   -8,   -8,   -8,   -8,   -8,   -8,  -16,  -12,  -16,
     -16,  -20,  -12,  -12,  -16,  -12,  -12,  -12,  -12,  -20,  -28,  -32,  -32,  -16,  -40,  -32,
     -36,  -20,  -36,  -24,  -24,  -56,  -32,  -28,  -12,  -24,  -40,  -12,  -40,  -40,  -24,  -20,
     -24,  -28,  -16,  -16,  -12,  -24,  -24,  -24,  -24,  -24,  -24,  -24,  -24,  -24,  -24,  -24,
     -24,  -32,  -24,  -24,  -20,  -16,  -24,  -24,  -24,  -24,  -24,  -24,  -24,  -24,  -24,  -32,
     -32,  -24,  -24,  -12,  -24,  -24,  -32,  -20,   -8,   -8,   -8,   -8,   -8,   -8,   -8,   -8,
      -8,   -8,   -8,  -24,  -32,  -32,  -24,  -24,  -12,  -12,  -32,  -32,   -8,  -32,  -24,  -24,
     -16,  -24,  -24,  -16,  -12,  -12,  -16,  -32,  -20,  -32,    8,  -12,   -8,  -16,  -32,   -8,
       8,    8,  -24,   -8,  -24,  -24,  -16,  -16,  -16,  -12,  -16,  -16,  -16,  -32,  -32,  -28,
     -16,  -32,  -16,  -32,  -32,  -16,  -24,  -16,  -24,  -48,  -24,  -36,  -24,  -16,  -16,  -16,
      -8,  -16,   -8,  -16,  -12,  -24,  -16,  -16,   -8,   -8,  -12,  -16,   -8,  -24,  -28,   -8,
      -8,  -12,   -8,  -12,   -8,   -8,  -12,   -8,  -12,   -8,  -12,  -12,  -12,   -8,  -12,   -8,
     -24,  -28,  -32,  -32,  -24,  -28,  -12,  -12,  -16,  -24,  -24,  -28,   -4,   -4,  -16,  -28,
      -4,  -24,  -24,  -12,  -12,  -24,  -24,  -24,  -20,   -8,   -4,   -4,  -24,  -24,  -24,  -24,
      -4,   -4,   -4,  -12,  -24,  -20,  -16,  -24,    8,  -24,    8,  -24,  -16,  -12,  -12,  -12,
     -32,  -20,  -24,  -48,  -64,  -40,  -24,  -24,  -40,  -16,  -24,  -20,  -24,  -12,  -12,   -8,
      -8,   -8,   -4,   -8,  -80,  -48,  -28,  -28,  -20,  -16,   -4,  -24,  -64,   -4,  -32,  -40,
     -24,  -16,  -20,  -32,  -12,  -12,  -12,  -64,  -16,  -28,  -32,  -40,  -16,  -16,  -32,  -16,
     -24,  -24,  -12,   -4,   -4,   -4,   -4,   -4,  -32,  -24,  -12,   -4,   -4,   -4,  -32,   -4,
     -16,  -20,   -8,  -16,  -16,  -32,  -16,  -32,  -36,  -32,  -12,  -32,  -64,  -48,  -80,  -52,
     -72,  -28,  -28,  -28,  -28,  -12,  -28,  -12,  -32,  -56,  -32,  -48,  -12,  -12,  -24,  -24,
     -12,  -12,  -12,  -12,  -16,  -16,  -12,  -12,  -16,  -24,  -40,  -32,  -64,  -52,  -16,  -20,
     -24,  -24,  -20,  -32,  -16,  -32,  -20,  -32,  -36,  -12,  -16,  -16,  -16,  -20,  -16,  -20,
     -16,  -16,  -20,  -12,  -12,  -16,  -64,  -24,  -40,  -64,    8,   16,  -24,   -8,  -20,  -16,
     -32,   -8,    8,    8,  -24,   -8,  -32,  -16,  -48,  -24,  -16,  -48,  -56,  -28,  -64,  -32,
     -24,  -28,  -12,  -12,   -8,   -4,   -4,  -32,  -20,  -48,  -24,  -40,  -16,  -20,  -20,  -24,
     -64,  -24,  -64,  -32,  -24,  -48,  -16,  -24,  -16,  -40,  -40,  -40,  -20,  -32,  -40,  -20,
     -40,  -32,  -48,  -48,  -48,  -24,  -48,  -24,  -24,  -32,  -80,  -40,  -80,  -20,  -20,  -20,
     -16,  -24,  -24,  -24,  -16,  -40,  -24,  -20,  -24,  -16,  -24,  -20,  -40,  -48,  -72,  -28,
     -48,  -32,  -32,  -32,  -24,  -16,  -24,  -16,  -24,  -24,  -16,  -16,   -8,   -8,  -12,  -16,
      -8,  -24,  -28,  -24,  -24,  -32,  -20,  -88,  -12,  -80,  -64,  -80,   -8,   -8,   -8,   -8,
      -8,   -8,   -8,  -12,  -64,  -48,  -64,  -12,  -20,  -12,  -40,   -8,   -8,   -8,   -8,  -32,
      -8,  -12,   -8,  -44,  -32,  -32,  -56,  -32,  -12,  -12,  -12,  -44,  -40,  -32,  -40,  -40,
     -32,  -32,  -24,  -48,  -16,  -48,  -24,  -16,  -16,  -16,  -28,  -24,  -24,  -12,  -12,  -12,
     -48,  -40,  -16,  -32,  -48,   16,  -24,    8,  -24,  -16,  -40,  -40,  -64,  -32,  -24,  -56,
     -48,  -56,  -56,  -56,  -48,  -24,  -56,  -32,  -16,  -52,  -48,  -40,  -32,  -36,  -32,  -28,
     -24,  -16,  -32,  -24,  -32,  -24,  -32,  -24,  -16,  -32,  -24,  -24,  -32,  -16,  -28,  -16,
      -8,  -48,  -24,  -64,  -32,  -24,  -40,  -80,  -32,  -32,  -24,  -32,  -16,  -48,  -48,  -48,
     -48,  -16,  -48,  -16,  -32,  -16,  -48,  -24,  -32,  -16,  -40,  -40,  -20,  -40,  -40,  -16,
     -40,  -16,  -16,  -24,  -24,  -24,  -16,  -24,  -20,  -20,  -24,  -16,  -24,  -24,  -24,  -16,
     -16,  -20,  -16,  -32,  -16,  -32,  -16,  -16,   -8,  -16,  -16,  -32,  -32,  -16,   -8,  -16,
     -28,  -16,  -20,  -20,  -32,  -20,  -40,  -40,  -40,  -24,  -24,
};

static const EpdLigaturePair sarabun_12_italicLigaturePairs[] = {
    { 0x00660069, 0xFB01 }, // f i -> U+FB01
    { 0x0066006C, 0xFB02 }, // f l -> U+FB02
};

static const EpdFontData sarabun_12_italic = {
    sarabun_12_italicBitmaps,
    sarabun_12_italicGlyphs,
    sarabun_12_italicIntervals,
    56,
    33,
    27,
    -6,
    true,
    sarabun_12_italicGroups,
    13,
    nullptr,
    nullptr,  // kernLeftClasses: built-in fonts use the split arrays below
    nullptr,  // kernRightClasses
    sarabun_12_italicKernLeftCodepoints,
    sarabun_12_italicKernLeftClassIds,
    sarabun_12_italicKernRightCodepoints,
    sarabun_12_italicKernRightClassIds,
    nullptr,  // kernMatrix: built-in fonts use the sparse form below
    sarabun_12_italicKernRowOffsets,
    sarabun_12_italicKernSparseCols,
    sarabun_12_italicKernSparseValues,
    238,
    275,
    61,
    69,
    sarabun_12_italicLigaturePairs,
    2,
};
