/**
 * generated by fontconvert.py
 * name: sarabun_18_bolditalic
 * size: 18
 * mode: 2-bit  compressed: true
 * Command used: fontconvert.py sarabun_18_bolditalic 18 ../builtinFonts/source/Sarabun/Sarabun-BoldItalic.ttf --2bit --compress --pnum --zopfli --additional-intervals 0x0E00,0x0E7F
 */
#pragma once
#include "EpdFontData.h"

static const uint8_t sarabun_18_bolditalicBitmaps[28579] = {
    0x74, 0x56, 0x2D, 0x90, 0xDD, 0xBC, 0x15, 0xBD, 0xF6, 0x4B, 0xD7, 0xC0, 0xC0, 0xA4, 0x28, 0x99,
    0xA9, 0x49, 0x51, 0xA6, 0x1D, 0x73, 0xD0, 0xCA, 0x99, 0x80, 0x82, 0x92, 0x72, 0x5E, 0xD0, 0x90,
    0xD2, 0xA2, 0xCA, 0x41, 0x05, 0x25, 0xCB, 0x71, 0x40, 0xB2, 0x01, 0xCB, 0x49, 0xA4, 0x96, 0x03,
    0x4F, 0x0B, 0x42, 0x0D, 0x16, 0xA5, 0xC4, 0x40, 0x33, 0x75, 0xF6, 0x93, 0x7D, 0xBF, 0x7B, 0x8E,
    0x3D, 0xEF, 0xBD, 0x4C, 0xB2, 0x8E, 0x75, 0xF4, 0x56, 0xBA, 0xFF, 0x3A, 0x57, 0x8E, 0xB8, 0x45,
    0x7C, 0x12, 0x3F, 0x4B, 0x98, 0x45, 0x27, 0xBE, 0xA3, 0x68, 0x2C, 0xF0, 0x0E, 0xA5, 0xF6, 0x27,
    0xBC, 0x82, 0x77, 0x93, 0x6A, 0x95, 0x3A, 0xE3, 0xB5, 0xA7, 0x9E, 0xC4, 0x65, 0x09, 0x59, 0x94,
    0x6F, 0x48, 0xD2, 0x8D, 0xD2, 0x25, 0x37, 0xBB, 0xD9, 0x4F, 0x36, 0x46, 0x37, 0x85, 0xE8, 0x47,
    0x8D, 0x3E, 0x6A, 0x0C, 0x51, 0x07, 0x1B, 0xBD, 0xBE, 0x55, 0xD1, 0x57, 0x6A, 0xEA, 0x6E, 0x36,
    0x0F, 0x22, 0x7E, 0x2A, 0x75, 0x10, 0x09, 0xE3, 0x09, 0x8B, 0x1A, 0x31, 0xD9, 0x46, 0xB5, 0x89,
    0x98, 0xEF, 0x7A, 0x15, 0x78, 0x6E, 0xB2, 0x21, 0x9E, 0x69, 0x9F, 0xC6, 0x8A, 0x53, 0xBC, 0xB9,
    0xDF, 0xEE, 0xC2, 0xE3, 0x20, 0xED, 0x62, 0x06, 0xCC, 0x64, 0x32, 0x03, 0xB0, 0x2C, 0xBB, 0x65,
    0x8B, 0x5F, 0x5E, 0xEA, 0xE3, 0x47, 0x7D, 0x2F, 0x5E, 0x55, 0x11, 0xE4, 0xF5, 0x74, 0x58, 0xC6,
    0x64, 0x06, 0xA4, 0xDE, 0x2C, 0x7A, 0x91, 0x66, 0x85, 0x01, 0x6C, 0x58, 0x49, 0x68, 0x79, 0x12,
    0x6C, 0xA8, 0x39, 0x40, 0x68, 0xC0, 0x72, 0x03, 0xBE, 0xD0, 0x5B, 0x2C, 0x68, 0x36, 0x69, 0x55,
    0xED, 0xC5, 0x21, 0x26, 0x09, 0x5F, 0x2D, 0x70, 0x94, 0xF1, 0x6F, 0xC8, 0x87, 0x3A, 0x23, 0x71,
    0x86, 0x92, 0xAE, 0xC0, 0xC0, 0x25, 0x07, 0x55, 0xE8, 0x0E, 0x48, 0x56, 0x27, 0x2E, 0x25, 0xC3,
    0x4A, 0x33, 0xA5, 0x88, 0x1D, 0x34, 0x10, 0x56, 0xD5, 0x4B, 0x9B, 0xA5, 0xB5, 0x22, 0x5B, 0x06,
    0x6B, 0xA1, 0x0B, 0xB3, 0x9A, 0xA5, 0x33, 0x1C, 0xA5, 0x32, 0x84, 0x0E, 0x0D, 0x1C, 0x27, 0x94,
    0xA8, 0x09, 0x64, 0x86, 0x76, 0x92, 0x05, 0x84, 0x9A, 0x0D, 0xD2, 0x11, 0x76, 0x9A, 0x4D, 0x47,
    0x1C, 0xBC, 0x9D, 0xDA, 0x84, 0xF3, 0xC0, 0xA9, 0x99, 0x98, 0x84, 0xE8, 0x26, 0x13, 0x13, 0x1D,
    0xDC, 0xD4, 0x65, 0xCE, 0x63, 0x98, 0x31, 0x87, 0x7F, 0x21, 0xA9, 0xF0, 0x1F, 0x7D, 0xAD, 0xFD,
    0x5F, 0xC4, 0xEB, 0xD6, 0x6C, 0xB5, 0x8E, 0x4E, 0x97, 0x2E, 0x5B, 0xF0, 0xF6, 0xD3, 0xCF, 0x28,
    0xC9, 0x9F, 0x0B, 0xFD, 0xB7, 0xFE, 0x91, 0xC7, 0xF7, 0x7A, 0x3D, 0x6D, 0x70, 0x5A, 0x67, 0xCC,
    0x5D, 0x6E, 0x16, 0xCC, 0x7E, 0x6E, 0xD2, 0x69, 0x45, 0x71, 0x9A, 0x54, 0x65, 0xC4, 0xD6, 0xA4,
    0x1A, 0x01, 0x59, 0xE9, 0xDB, 0x84, 0xD8, 0xEA, 0x2D, 0x4C, 0x26, 0x86, 0xA3, 0x8F, 0x26, 0x66,
    0xA2, 0x1B, 0xC4, 0xCC, 0xC4, 0xC3, 0xB9, 0xAA, 0xD2, 0x1D, 0xA5, 0x62, 0xF2, 0xA5, 0xFE, 0x4F,
    0x7B, 0xB8, 0x24, 0xA7, 0x6A, 0xAB, 0x51, 0x8F, 0x5A, 0x94, 0x9C, 0x56, 0x32, 0xAC, 0xDE, 0x9A,
    0x95, 0x15, 0xF6, 0x49, 0x20, 0x49, 0x2B, 0x15, 0xB5, 0x8F, 0xE2, 0x8B, 0xEA, 0x22, 0x6F, 0x06,
    0xDB, 0x5A, 0x45, 0x63, 0xA3, 0x8D, 0xF1, 0x75, 0x68, 0x73, 0xA5, 0xFF, 0x55, 0x71, 0x4B, 0xA9,
    0x3F, 0x6D, 0x36, 0x99, 0xC3, 0x8C, 0xA9, 0xD3, 0x84, 0x2E, 0xA8, 0x75, 0x32, 0xED, 0x1E, 0x7F,
    0xB5, 0x6A, 0xCF, 0x66, 0x2B, 0xA4, 0x58, 0x61, 0xF8, 0x87, 0x99, 0x5C, 0x29, 0x22, 0xBB, 0x03,
    0x95, 0xF6, 0xA3, 0x8F, 0x81, 0x3D, 0xC1, 0x74, 0x66, 0x12, 0x05, 0xE1, 0x21, 0xB6, 0x6E, 0x21,
    0x85, 0xC1, 0xE8, 0x82, 0xCB, 0xBD, 0x0D, 0xD2, 0x93, 0xDB, 0x6D, 0x3E, 0x44, 0x30, 0x12, 0x45,
    0x39, 0xFC, 0x65, 0x1C, 0x6B, 0xDC, 0xA7, 0x2C, 0x74, 0xC0, 0xF4, 0xBD, 0xAB, 0x84, 0xEE, 0xD0,
    0xCB, 0x68, 0x31, 0xFE, 0x01, 0x67, 0xD4, 0xBC, 0xD6, 0xE2, 0xC8, 0xD0, 0xC6, 0x7C, 0x59, 0xA3,
    0xD7, 0x74, 0xF1, 0xAA, 0x13, 0x6D, 0x94, 0x47, 0xB0, 0x95, 0x1E, 0x81, 0x5E, 0xF2, 0x28, 0xB1,
    0xBC, 0xB2, 0x8D, 0x8E, 0xE7, 0x57, 0xA5, 0x39, 0xD4, 0xCA, 0x44, 0x42, 0x03, 0x97, 0xF7, 0xD1,
    0x14, 0x4C, 0xF1, 0xA5, 0x75, 0x34, 0xFB, 0x68, 0x07, 0x8F, 0x52, 0xD2, 0xB9, 0x7C, 0x42, 0xB8,
    0x39, 0x80, 0xD5, 0x7E, 0x90, 0x7A, 0x72, 0xB6, 0x36, 0xFC, 0x1A, 0xB6, 0x6E, 0xDE, 0x5D, 0xD1,
    0x7C, 0xC7, 0x19, 0xD8, 0x11, 0xDD, 0x8E, 0x13, 0xD1, 0x9C, 0x3E, 0xBF, 0x0B, 0x5F, 0xEE, 0x7A,
    0x58, 0xD7, 0x81, 0xD8, 0x7B, 0xA0, 0x80, 0xDB, 0x02, 0xEC, 0x2F, 0x6D, 0x4E, 0x3C, 0xED, 0xB8,
    0x11, 0x57, 0x60, 0x05, 0x2C, 0xAC, 0x21, 0x8D, 0xB3, 0x3A, 0xEC, 0x6F, 0x8D, 0x9E, 0xC7, 0x7E,
    0xBD, 0xC0, 0xB1, 0x8F, 0xD2, 0x89, 0x3C, 0x83, 0x3B, 0xE6, 0x73, 0x1E, 0xED, 0xE8, 0x53, 0x48,
    0x9A, 0xC2, 0xDC, 0x0D, 0x67, 0xEB, 0x87, 0x49, 0x1E, 0xD2, 0x25, 0x66, 0xF1, 0x23, 0x27, 0xBD,
    0x16, 0xAC, 0x0F, 0xC1, 0xE5, 0x5A, 0x30, 0x3C, 0x2D, 0xD8, 0xFE, 0x40, 0xB0, 0xF8, 0x56, 0x30,
    0xFF, 0x48, 0x30, 0x3E, 0x2D, 0x98, 0xAE, 0x05, 0xDF, 0x50, 0x02, 0xD5, 0xFE, 0x4A, 0x49, 0xE5,
    0x41, 0x2A, 0xA8, 0xB1, 0xE1, 0xFE, 0xD2, 0xD1, 0xB8, 0x70, 0x42, 0x7D, 0xA4, 0x52, 0x58, 0xE2,
    0x9F, 0xD2, 0xB2, 0xE3, 0xBB, 0x05, 0xE8, 0x92, 0xA1, 0xD9, 0x03, 0xFA, 0x19, 0x62, 0x61, 0xC7,
    0xC9, 0x48, 0x6F, 0x08, 0x15, 0x35, 0xCC, 0xC0, 0x36, 0x63, 0xC5, 0x25, 0xA0, 0x9F, 0xA1, 0xA5,
    0xA3, 0xB8, 0xC5, 0x3C, 0x98, 0xDB, 0x7B, 0xF4, 0x89, 0x6A, 0x46, 0xE4, 0xB6, 0xCC, 0xA0, 0x58,
    0x5D, 0x5B, 0xF1, 0xF0, 0xB5, 0x37, 0xAC, 0xEA, 0x8C, 0x51, 0x6C, 0x61, 0x2E, 0xA7, 0x30, 0x95,
    0x3D, 0x19, 0x3C, 0x92, 0xC5, 0xC5, 0x99, 0xC9, 0x03, 0x62, 0x3B, 0x33, 0x1A, 0xA3, 0x06, 0xB3,
    0xD9, 0x86, 0x1C, 0xCF, 0xEF, 0xB7, 0xF7, 0xCE, 0xBC, 0x1D, 0x03, 0xDD, 0xB1, 0xF5, 0xAC, 0x01,
    0x1A, 0x88, 0xCC, 0x0D, 0x64, 0x96, 0x3E, 0x34, 0x66, 0xCD, 0xD3, 0xE6, 0x6F, 0x88, 0x72, 0x46,
    0x53, 0xA0, 0x5D, 0x58, 0x04, 0xBA, 0x0C, 0x0C, 0x89, 0xD5, 0x9F, 0x04, 0x8E, 0xA3, 0x61, 0x4B,
    0x11, 0x9F, 0xB9, 0x3C, 0x43, 0x87, 0xCB, 0x4E, 0xB9, 0xB0, 0x40, 0x5D, 0x47, 0x2E, 0x7C, 0xB9,
    0x7B, 0x67, 0xA8, 0xC7, 0xD7, 0x21, 0x1D, 0x88, 0x1B, 0x68, 0xFF, 0xCA, 0x2C, 0xD7, 0xB1, 0xF5,
    0x12, 0xC6, 0xDA, 0x36, 0x7E, 0xF7, 0x64, 0x54, 0xEC, 0xBD, 0x3B, 0xBA, 0x54, 0x2C, 0x17, 0xC4,
    0x52, 0xB9, 0x52, 0x84, 0xE5, 0x2C, 0x83, 0xF8, 0xAF, 0xB1, 0xE0, 0xC5, 0x51, 0x47, 0x64, 0xD4,
    0x7D, 0x45, 0xD0, 0x88, 0x6A, 0x04, 0x39, 0x58, 0x52, 0x85, 0xD2, 0x5F, 0xE9, 0x8F, 0xA9, 0xD2,
    0xEF, 0x78, 0x49, 0x84, 0xF9, 0x05, 0x60, 0xA1, 0x90, 0x3A, 0x11, 0x1B, 0xBA, 0xEF, 0xFE, 0xAF,
    0xD8, 0xFC, 0xAC, 0xD8, 0xFC, 0xA7, 0xA2, 0x3B, 0x79, 0x3D, 0x66, 0xDE, 0x9F, 0x33, 0x30, 0x8C,
    0x4D, 0x06, 0x7F, 0x49, 0x34, 0x7E, 0xE9, 0x8E, 0xFB, 0xDA, 0x9E, 0xB8, 0xA3, 0xBB, 0xE0, 0x00,
    0x73, 0x13, 0x7B, 0x88, 0x88, 0x10, 0x48, 0x05, 0xDE, 0xE3, 0x33, 0xDC, 0xEA, 0x44, 0x44, 0x02,
    0x40, 0x97, 0x2E, 0x4D, 0xE0, 0xE7, 0x4B, 0x6F, 0xE9, 0x67, 0x70, 0x80, 0xE2, 0x05, 0x4F, 0xA1,
    0xD4, 0x47, 0x45, 0x0C, 0x43, 0xB7, 0xA1, 0xCB, 0x1B, 0x65, 0x2B, 0x7D, 0x87, 0xE0, 0x15, 0xEB,
    0x56, 0x91, 0x03, 0x6D, 0x04, 0x07, 0xDC, 0x52, 0xE9, 0xCC, 0x13, 0x8C, 0x8C, 0x5C, 0x50, 0xB7,
    0x84, 0xBA, 0x99, 0x93, 0xF3, 0x73, 0x03, 0x55, 0xBF, 0x61, 0x13, 0xE9, 0x1B, 0x14, 0x2C, 0x31,
    0x24, 0x5B, 0xED, 0x0F, 0xDA, 0xE8, 0xCC, 0x1A, 0x2E, 0xCC, 0x68, 0x60, 0x42, 0x30, 0x39, 0x3B,
    0x1D, 0x74, 0x71, 0xAB, 0x39, 0xF5, 0x56, 0x9E, 0x1C, 0xE6, 0x33, 0x4C, 0xE6, 0x3F, 0x98, 0xFB,
    0x64, 0xF9, 0x99, 0xDC, 0x5A, 0xE9, 0xD8, 0x1D, 0xBA, 0x2B, 0x19, 0x40, 0xC2, 0xB3, 0x1E, 0x2B,
    0x36, 0xB2, 0x3B, 0xC3, 0xD9, 0x5F, 0x14, 0x66, 0x4C, 0x8A, 0x98, 0xA5, 0xA3, 0xC0, 0x68, 0x30,
    0xB0, 0x8C, 0xC9, 0x33, 0xEB, 0x43, 0x82, 0x55, 0x0D, 0x33, 0xC5, 0x00, 0xF1, 0x22, 0x0B, 0x60,
    0x3B, 0xF0, 0x23, 0x4E, 0x2D, 0x00, 0xB4, 0xAE, 0xC9, 0xCD, 0x43, 0x02, 0x7D, 0x48, 0xEE, 0x05,
    0xDD, 0xA3, 0x53, 0x09, 0x8C, 0x05, 0xB1, 0xD4, 0xC1, 0x10, 0x06, 0x35, 0xB5, 0x66, 0xC7, 0x43,
    0x0B, 0x49, 0x8C, 0xFC, 0x3D, 0xF1, 0xC0, 0x16, 0xDC, 0xED, 0x24, 0x0D, 0x0E, 0xA6, 0x5B, 0xE0,
    0xD1, 0x25, 0xE2, 0x8C, 0x15, 0x9F, 0xE0, 0xDE, 0x65, 0xBE, 0x1B, 0x1A, 0xB0, 0x25, 0x4F, 0x58,
    0x5B, 0x94, 0x7F, 0x65, 0x50, 0xB7, 0xEC, 0x91, 0x07, 0x98, 0x87, 0x3F, 0xF3, 0x71, 0x82, 0x58,
    0xAD, 0xB7, 0x61, 0x81, 0xDD, 0x4C, 0x17, 0x0E, 0xC6, 0x60, 0x77, 0xB5, 0x42, 0xB7, 0xD9, 0xC0,
    0x61, 0xCD, 0x67, 0x97, 0xCD, 0x32, 0x6E, 0xB5, 0xD4, 0x40, 0xAD, 0x84, 0x01, 0x6B, 0x99, 0x73,
    0x51, 0x1D, 0xBF, 0xE0, 0x3C, 0xE5, 0x51, 0x6E, 0x98, 0x30, 0x4A, 0xCF, 0x54, 0x18, 0x01, 0x03,
    0xD8, 0x99, 0xF2, 0x89, 0x97, 0x30, 0xDF, 0x4A, 0xA5, 0x5C, 0xE4, 0x87, 0x4F, 0x3D, 0x22, 0xB5,
    0x90, 0x44, 0x0D, 0x8D, 0x04, 0x83, 0x2D, 0x81, 0x06, 0x12, 0xF8, 0x7A, 0x2E, 0x7D, 0xFF, 0xFC,
    0x92, 0x17, 0x3B, 0xBF, 0x86, 0x2D, 0xF8, 0xD1, 0xD7, 0x2A, 0xC5, 0x26, 0xA7, 0xCC, 0xAF, 0xE1,
    0x84, 0xAF, 0xE1, 0xEF, 0xF9, 0x35, 0xE4, 0xC3, 0x80, 0xAA, 0x08, 0xF4, 0xC0, 0x6A, 0x6F, 0xBF,
    0x9D, 0x0E, 0xE9, 0xF2, 0x73, 0x42, 0xF1, 0x70, 0xD2, 0x2D, 0xC9, 0xC0, 0x9F, 0x88, 0x02, 0x7A,
    0x90, 0x20, 0xC3, 0xCF, 0x1B, 0x94, 0x97, 0x82, 0x79, 0xB3, 0x20, 0xA8, 0xCD, 0x7C, 0x69, 0xD2,
    0x6A, 0x02, 0xCA, 0x9F, 0xE4, 0xE6, 0xCE, 0x1E, 0x36, 0x80, 0x46, 0xE2, 0xD0, 0x12, 0xE5, 0x89,
    0xE7, 0xA5, 0x89, 0x7F, 0x60, 0x13, 0xAE, 0x12, 0x88, 0x4A, 0x8A, 0x1F, 0x85, 0x4D, 0x44, 0xED,
    0xE9, 0x9C, 0x3E, 0x74, 0xBB, 0x0E, 0x81, 0xF1, 0x74, 0xC7, 0xBD, 0x7A, 0x15, 0x7C, 0xCD, 0xFD,
    0x0A, 0xC8, 0x15, 0x66, 0xF3, 0x6D, 0x19, 0x36, 0xFE, 0x84, 0x4D, 0xB7, 0x09, 0x90, 0xE6, 0xFF,
    0xBE, 0xE7, 0x01, 0xE0, 0x45, 0x50, 0xA9, 0xCE, 0x9D, 0x6A, 0x0E, 0x8F, 0x61, 0xF5, 0x43, 0xB3,
    0xFD, 0xD6, 0x68, 0xFA, 0xEC, 0xFA, 0xBF, 0x8B, 0xEC, 0x2A, 0x1D, 0xD9, 0x44, 0x58, 0xC2, 0x9F,
    0xFC, 0xCF, 0x65, 0x2F, 0x25, 0xEF, 0x4E, 0x0B, 0xF3, 0x03, 0xAD, 0x91, 0x17, 0xD4, 0x54, 0xD3,
    0x3C, 0x2C, 0x54, 0xE9, 0x68, 0xB1, 0x07, 0x5E, 0x36, 0x6C, 0x2C, 0x36, 0x18, 0x0F, 0x48, 0xB7,
    0x8F, 0x9A, 0x11, 0xE6, 0x00, 0x05, 0xB4, 0x0A, 0x8D, 0xFA, 0xF1, 0xC5, 0x22, 0xE8, 0x34, 0x5C,
    0x45, 0x2E, 0x9E, 0xD6, 0x1A, 0x57, 0x6D, 0xAC, 0x96, 0x66, 0x6C, 0xC7, 0x2E, 0x36, 0xF3, 0x2F,
    0x8C, 0x6B, 0x6D, 0x6C, 0x27, 0xF3, 0x61, 0x73, 0x17, 0x4D, 0xCE, 0xD0, 0xC5, 0x16, 0x72, 0x83,
    0xFD, 0xBB, 0x6D, 0xA3, 0xEB, 0xDD, 0xB0, 0x49, 0x3B, 0x04, 0x71, 0x7D, 0x96, 0xEE, 0xD5, 0x2A,
    0xFE, 0x6D, 0x16, 0xFF, 0x8F, 0x45, 0x7E, 0xEE, 0xD4, 0xEA, 0x61, 0x24, 0x47, 0xAA, 0xF0, 0xB5,
    0x2D, 0x9D, 0x85, 0x8C, 0xE4, 0x8C, 0x60, 0x37, 0xE8, 0x84, 0x00, 0x2D, 0x48, 0xCE, 0xA3, 0xB2,
    0x08, 0x48, 0x21, 0x26, 0x21, 0x27, 0x99, 0x3C, 0x2A, 0x4B, 0x04, 0xA4, 0x93, 0x47, 0x9B, 0xB2,
    0x17, 0x90, 0x10, 0x90, 0xA0, 0xF2, 0x72, 0xC1, 0x05, 0x04, 0x18, 0x11, 0x12, 0x9C, 0x4F, 0x6C,
    0x00, 0x43, 0x30, 0xD6, 0x9E, 0x75, 0xE7, 0x99, 0xB5, 0xEB, 0xF1, 0xBE, 0xEF, 0x75, 0xA9, 0xA6,
    0x35, 0xBD, 0x73, 0x03, 0x27, 0xFB, 0x7B, 0xB7, 0xDD, 0x6E, 0xD7, 0xAB, 0x57, 0xEF, 0xFF, 0x8D,
    0x7E, 0x5E, 0xC8, 0xAD, 0x6A, 0xE6, 0x10, 0xE4, 0x56, 0x97, 0x71, 0xE3, 0x31, 0x56, 0x6B, 0x4A,
    0xF9, 0xE0, 0x16, 0x8C, 0x22, 0x2B, 0xFB, 0x09, 0x24, 0xAF, 0x6C, 0xF2, 0x20, 0x44, 0xD2, 0xE9,
    0x98, 0xEE, 0x1C, 0xC2, 0x5D, 0x52, 0xFD, 0x3D, 0xBB, 0xE1, 0x56, 0x80, 0x8E, 0x28, 0x40, 0x8B,
    0x7A, 0x25, 0xB1, 0xB2, 0x40, 0xB4, 0x33, 0xD3, 0xD9, 0x80, 0x6E, 0x09, 0x8A, 0x7E, 0x0E, 0x23,
    0xE4, 0xEC, 0xE1, 0x42, 0x06, 0x45, 0x35, 0x38, 0x07, 0x97, 0x60, 0x3E, 0x03, 0xD8, 0x6E, 0x10,
    0xBE, 0x45, 0xE7, 0x40, 0xA4, 0x2A, 0x15, 0x44, 0x35, 0x03, 0x44, 0x30, 0x66, 0xCF, 0x94, 0x7D,
    0x74, 0x9B, 0x55, 0xA5, 0x02, 0xD1, 0xE3, 0x57, 0x86, 0x1A, 0x52, 0xB5, 0xA6, 0x9D, 0x61, 0x8D,
    0x40, 0x5E, 0x61, 0x02, 0x8A, 0xE1, 0x88, 0xFF, 0x81, 0xA7, 0x53, 0xA9, 0xDE, 0x68, 0x4E, 0x84,
    0xF7, 0x2F, 0x86, 0x56, 0x47, 0x2B, 0x76, 0xEA, 0x32, 0x4B, 0x01, 0xA7, 0x95, 0xC0, 0xD1, 0xD6,
    0x44, 0x65, 0xF3, 0x00, 0xC4, 0xE7, 0x96, 0xB7, 0x1D, 0x37, 0x28, 0xC3, 0x51, 0xEB, 0x6C, 0x32,
    0x22, 0xAB, 0x9D, 0x3C, 0xF0, 0xCE, 0xF4, 0xE1, 0x5F, 0x8A, 0x01, 0x32, 0xA9, 0xB8, 0xC0, 0x91,
    0xC6, 0xE1, 0x63, 0xD7, 0xEE, 0x07, 0xAC, 0x37, 0x23, 0x08, 0x1C, 0x98, 0x1F, 0x9B, 0x78, 0x21,
    0x35, 0x60, 0x4B, 0x74, 0x4B, 0x46, 0x3F, 0x3F, 0x85, 0xF6, 0x0C, 0x64, 0xF2, 0x43, 0xD6, 0xC4,
    0x7F, 0x52, 0xC6, 0xAE, 0x5F, 0x4A, 0x57, 0x71, 0x47, 0x07, 0x2E, 0x0B, 0x16, 0xC7, 0x74, 0xAA,
    0x59, 0x6E, 0x1D, 0x71, 0x22, 0x5A, 0xAB, 0x63, 0x03, 0xEA, 0x5B, 0xC2, 0x04, 0x9E, 0xC4, 0x70,
    0xC4, 0x61, 0xC9, 0xA0, 0x78, 0x00, 0xC6, 0xC2, 0x10, 0xE7, 0x12, 0x4B, 0xE0, 0xAE, 0x72, 0x23,
    0x62, 0x0F, 0x95, 0x60, 0x0F, 0xB5, 0x80, 0x33, 0xEC, 0x2B, 0xCC, 0x94, 0xDE, 0x84, 0x18, 0x2E,
    0x83, 0xEE, 0xF1, 0x4A, 0x3A, 0xC6, 0x46, 0xCA, 0xCD, 0x8E, 0xBD, 0x07, 0xC2, 0x8E, 0x18, 0x2F,
    0x4D, 0x13, 0x88, 0x8B, 0x61, 0xDE, 0xF0, 0xA5, 0x84, 0x84, 0xF1, 0x90, 0x3B, 0xC5, 0x01, 0x25,
    0xDC, 0x79, 0xA6, 0x5B, 0xAA, 0x53, 0x88, 0xD5, 0xA5, 0xCC, 0x82, 0x98, 0xE5, 0xCF, 0x83, 0x7A,
    0xCC, 0x48, 0xE6, 0x2D, 0x7F, 0xF1, 0x7C, 0xDE, 0x88, 0xD4, 0x67, 0x43, 0xF2, 0x66, 0x18, 0xCF,
    0x79, 0x8B, 0x8F, 0x78, 0x33, 0xAE, 0x1E, 0x60, 0xBB, 0x02, 0x1D, 0x11, 0xA7, 0x7F, 0xA6, 0x6F,
    0xC3, 0x47, 0xF4, 0x6D, 0x62, 0xD2, 0xD1, 0x55, 0xA6, 0x6F, 0xC2, 0xB7, 0xED, 0x0F, 0xF4, 0x6D,
    0x3D, 0xBC, 0x79, 0xF3, 0xDA, 0x2D, 0xCA, 0xDD, 0xE2, 0x67, 0xE5, 0x6B, 0x4E, 0x88, 0x13, 0x0C,
    0x2C, 0x67, 0x3D, 0x70, 0x34, 0xA4, 0xEF, 0x1C, 0xDC, 0x86, 0xAD, 0xA9, 0x55, 0x56, 0xB0, 0x94,
    0x9B, 0x00, 0xDB, 0xB1, 0x0C, 0x03, 0xA8, 0x4C, 0x4D, 0x54, 0x06, 0xB0, 0x49, 0x7E, 0x11, 0xC3,
    0x97, 0x44, 0x20, 0x2C, 0xBE, 0xCC, 0x08, 0x1B, 0x2E, 0x94, 0x17, 0x72, 0x44, 0x90, 0x31, 0x11,
    0x55, 0xB5, 0x53, 0xC9, 0x4F, 0xE1, 0x91, 0x98, 0xF8, 0xCE, 0x09, 0xC4, 0x97, 0xEA, 0xEC, 0x9A,
    0x84, 0x92, 0x84, 0xAD, 0xEE, 0x89, 0x40, 0x7A, 0x74, 0xFE, 0x27, 0xB2, 0xA4, 0xC6, 0x42, 0xE6,
    0x8F, 0x7C, 0xB4, 0x2B, 0x99, 0x5E, 0x92, 0x23, 0x39, 0xEB, 0x00, 0x16, 0xB8, 0x7A, 0xE5, 0x87,
    0x17, 0x96, 0xAC, 0x05, 0x4B, 0x61, 0x41, 0x4D, 0x52, 0x79, 0xE1, 0x05, 0xF6, 0x0E, 0x6A, 0x06,
    0x8C, 0xE6, 0xBC, 0x90, 0x30, 0xAC, 0x9E, 0x7D, 0xF8, 0xAD, 0x61, 0x3E, 0xF6, 0x4B, 0xC9, 0xF6,
    0xB9, 0xE6, 0x15, 0x1D, 0x4E, 0xBD, 0x7E, 0x57, 0x8B, 0xE5, 0xA3, 0x54, 0x62, 0x86, 0x25, 0x99,
    0x18, 0x25, 0xED, 0xBD, 0xAC, 0x30, 0xDA, 0x15, 0xA9, 0x0A, 0x8B, 0x01, 0x0B, 0x86, 0x81, 0x27,
    0x55, 0xC8, 0x08, 0x42, 0x3F, 0x15, 0x66, 0x7C, 0x05, 0x4D, 0x58, 0x40, 0xFE, 0xC6, 0x75, 0xE4,
    0x0B, 0xAB, 0x7F, 0xBE, 0x14, 0x53, 0xF1, 0x44, 0xAC, 0x36, 0xB1, 0x2C, 0x35, 0xCA, 0x08, 0xB2,
    0x22, 0xF1, 0xA8, 0xF0, 0x73, 0x46, 0x46, 0x48, 0x9C, 0xE9, 0x5E, 0x3A, 0x29, 0x12, 0x3A, 0x11,
    0xE4, 0x99, 0x20, 0x60, 0xBF, 0x5D, 0x29, 0x3C, 0x3C, 0x2D, 0x53, 0x3E, 0x9F, 0x8D, 0x5A, 0x0B,
    0x58, 0x08, 0x94, 0x01, 0xE1, 0x3C, 0x57, 0x1E, 0x01, 0x28, 0x97, 0x00, 0x85, 0x01, 0x79, 0x23,
    0x9C, 0xE7, 0xCF, 0x80, 0x26, 0x25, 0xD1, 0x04, 0xCA, 0xFE, 0x72, 0x2E, 0x6F, 0x1C, 0x90, 0x32,
    0xFF, 0x72, 0x94, 0x8D, 0xD2, 0x68, 0xE9, 0xA7, 0x67, 0x5D, 0x32, 0x93, 0x36, 0x4A, 0x03, 0x76,
    0xA6, 0xD4, 0xFC, 0xEE, 0x44, 0xEA, 0xA1, 0x51, 0xD2, 0xEB, 0x3D, 0x22, 0xD2, 0xE3, 0x2E, 0xF4,
    0x2E, 0x23, 0x68, 0x18, 0x2A, 0xA5, 0xA5, 0x5C, 0x8D, 0xCD, 0x7B, 0x68, 0xDB, 0xAF, 0xA6, 0xF6,
    0x9F, 0xD0, 0xB7, 0x66, 0x72, 0x9F, 0x43, 0xE9, 0x9A, 0x39, 0xFC, 0x56, 0xD0, 0xB9, 0x9B, 0xA5,
    0x82, 0xFA, 0xD5, 0xEF, 0x63, 0x0D, 0x1D, 0xAC, 0x3E, 0x6C, 0x6C, 0x17, 0x56, 0xB2, 0x34, 0xBB,
    0x6E, 0xA0, 0x94, 0xB9, 0xD9, 0x48, 0x47, 0xEA, 0xA5, 0x0A, 0x95, 0x11, 0xB7, 0x90, 0x8E, 0x5A,
    0x7E, 0x10, 0x85, 0x93, 0x9D, 0xDA, 0x36, 0x18, 0x8D, 0xCD, 0x2A, 0xA4, 0xA3, 0x05, 0x28, 0x8F,
    0x01, 0x64, 0x80, 0x8A, 0x85, 0x93, 0x29, 0xC8, 0x6C, 0x64, 0xA1, 0x9D, 0xDE, 0x6E, 0xEC, 0x8D,
    0xFF, 0x75, 0xA7, 0x75, 0x7C, 0x21, 0x25, 0xDA, 0xE4, 0xBF, 0x11, 0x9A, 0xC8, 0x4F, 0xF5, 0x7F,
    0x20, 0x6D, 0xFD, 0x18, 0xF2, 0x0E, 0xFF, 0xA1, 0xD1, 0x38, 0x36, 0x04, 0x41, 0x20, 0xF5, 0xA3,
    0xEC, 0xA6, 0x00, 0xAC, 0x2F, 0x2A, 0x25, 0x54, 0x00, 0x92, 0x42, 0x56, 0x6A, 0xBE, 0x98, 0x1F,
    0x09, 0xB4, 0x4C, 0xD3, 0xFC, 0x4F, 0x2D, 0x01, 0x0B, 0x29, 0x09, 0xC1, 0xA9, 0x33, 0x22, 0x33,
    0x03, 0x0E, 0x3B, 0x1B, 0x03, 0x47, 0x2C, 0x8B, 0x08, 0x86, 0x0B, 0x8C, 0xE0, 0x94, 0x19, 0xC6,
    0x49, 0x2C, 0x3D, 0xEB, 0xF1, 0x4E, 0x66, 0x27, 0x24, 0x9E, 0xA4, 0x33, 0x42, 0xB5, 0xAA, 0x8D,
    0x34, 0x11, 0x04, 0x6C, 0x91, 0x89, 0x0D, 0x17, 0xCB, 0x02, 0x04, 0x1E, 0x94, 0xC3, 0xE3, 0xF1,
    0x14, 0xF6, 0xA3, 0x85, 0x25, 0x6A, 0xA9, 0xA5, 0xD2, 0x05, 0xB9, 0x05, 0x83, 0x13, 0x3F, 0x8B,
    0x44, 0x19, 0x80, 0x74, 0x84, 0xCA, 0xAD, 0x22, 0xCB, 0x0D, 0x2A, 0xBB, 0x18, 0x8E, 0xC4, 0x01,
    0x0F, 0x28, 0x86, 0x99, 0x49, 0xCC, 0x58, 0xA0, 0x70, 0x19, 0x72, 0x2C, 0xD9, 0x88, 0x13, 0xD6,
    0xBE, 0xBB, 0x1C, 0xE7, 0x9E, 0x17, 0x4B, 0x1E, 0x4B, 0xF4, 0x68, 0x31, 0xD0, 0x47, 0x76, 0xDF,
    0x21, 0xD1, 0x98, 0x24, 0x5A, 0x5D, 0x94, 0xE8, 0x96, 0x25, 0x0A, 0xF2, 0x58, 0xA2, 0x24, 0xD5,
    0xB9, 0x60, 0x77, 0xEC, 0x1B, 0x8A, 0x48, 0x67, 0x4C, 0x5D, 0xB4, 0xD3, 0xEB, 0xD0, 0xD7, 0x69,
    0xE4, 0x3E, 0xB0, 0xF5, 0x64, 0x75, 0xA4, 0x92, 0x19, 0xFB, 0x20, 0x9B, 0xD4, 0x10, 0xAB, 0x22,
    0xEE, 0x21, 0x67, 0xE4, 0xD5, 0xB6, 0x89, 0xDE, 0xF2, 0xD9, 0x0B, 0x89, 0xCF, 0x48, 0x9C, 0x29,
    0xD3, 0x45, 0x91, 0x05, 0xDD, 0x04, 0xBC, 0x28, 0x74, 0xD6, 0xCB, 0xCA, 0x47, 0x0E, 0xE0, 0x2B,
    0x71, 0x20, 0x5A, 0x6B, 0x6E, 0xA1, 0x3E, 0xAF, 0x10, 0x3A, 0x70, 0xC7, 0x5E, 0x68, 0x83, 0x16,
    0x7D, 0x88, 0x91, 0xAE, 0x16, 0x8F, 0xF1, 0xE1, 0x85, 0xBE, 0xCE, 0xAA, 0xE2, 0xE2, 0xB9, 0x53,
    0x13, 0x9C, 0x00, 0x30, 0x3E, 0x9C, 0x9A, 0xEC, 0xB6, 0xEF, 0x9E, 0x4A, 0x37, 0x73, 0xC3, 0xEB,
    0x77, 0x4F, 0x4D, 0x9C, 0x4D, 0x4D, 0xAC, 0x23, 0x36, 0xF1, 0xA0, 0x7B, 0xEC, 0x68, 0xE7, 0x0B,
    0xAE, 0x01, 0x38, 0x7B, 0x43, 0x07, 0x9C, 0x5F, 0xE9, 0x74, 0xE9, 0x8D, 0x7E, 0x13, 0x9E, 0x93,
    0xF3, 0x10, 0x9F, 0x0E, 0x7B, 0xF2, 0xFF, 0xE4, 0x3C, 0x34, 0xFE, 0x4B, 0xE9, 0x27, 0xB0, 0x16,
    0x4E, 0x54, 0x22, 0x7E, 0x62, 0xB5, 0x1D, 0x71, 0xC6, 0xCB, 0x3C, 0x10, 0xB1, 0x6C, 0x05, 0xEF,
    0x16, 0x56, 0xAC, 0x14, 0x74, 0xCC, 0x3F, 0xFC, 0x0C, 0xDE, 0xC3, 0x0C, 0xDE, 0x03, 0xCB, 0x15,
    0x01, 0x76, 0xB4, 0x2B, 0x15, 0x3C, 0x38, 0x0D, 0x33, 0xE4, 0xE6, 0x55, 0x6E, 0x29, 0xF1, 0x6F,
    0x1E, 0xC9, 0x8D, 0x3E, 0x62, 0xE7, 0xE4, 0x60, 0x63, 0xD6, 0xB3, 0x00, 0x05, 0xEB, 0xEA, 0x21,
    0x32, 0xEA, 0xF6, 0x8C, 0x74, 0xD8, 0x6E, 0x1D, 0x81, 0xB8, 0x76, 0xF6, 0x55, 0x38, 0x6D, 0xAB,
    0xD0, 0xE6, 0x05, 0x52, 0xC7, 0x0A, 0xBE, 0xBF, 0xA4, 0xB5, 0xD5, 0x6C, 0x71, 0x34, 0xEC, 0xE8,
    0x5E, 0x2D, 0x40, 0x8B, 0x78, 0x32, 0x12, 0x07, 0x22, 0xE4, 0x1C, 0x52, 0x83, 0x34, 0x4B, 0x6F,
    0x06, 0xAC, 0xA6, 0x8A, 0x4A, 0x19, 0xC1, 0x94, 0xEA, 0x33, 0x0E, 0x54, 0x94, 0x2E, 0x46, 0xC3,
    0x8C, 0x20, 0xB1, 0x51, 0x3E, 0xA5, 0xEC, 0x07, 0xA4, 0x7D, 0x55, 0x84, 0x7F, 0x57, 0x79, 0x7E,
    0xB3, 0xB3, 0x47, 0x7D, 0x7C, 0x1F, 0x2B, 0xC1, 0x04, 0xE7, 0x2B, 0x04, 0x1F, 0xA5, 0x6F, 0x23,
    0xB6, 0xB0, 0x84, 0xB7, 0x82, 0x60, 0xB3, 0xE8, 0x94, 0x48, 0xF7, 0xD3, 0x7E, 0xA3, 0x92, 0x43,
    0xA5, 0xF7, 0xAD, 0xB6, 0x09, 0xB4, 0x06, 0x6C, 0x3F, 0xE8, 0x5B, 0x03, 0x9A, 0x86, 0x2B, 0xD9,
    0xB5, 0xB8, 0xD8, 0x1B, 0x65, 0x9C, 0x1C, 0x8D, 0xC2, 0x04, 0x76, 0xD0, 0x1E, 0x0A, 0xAC, 0x94,
    0xA1, 0x96, 0x35, 0x35, 0x3D, 0xC6, 0x46, 0x0A, 0x41, 0x53, 0xC3, 0x1B, 0xA1, 0xC3, 0xA8, 0xCD,
    0xDD, 0x97, 0x6C, 0xBA, 0xE0, 0x1C, 0xDB, 0x48, 0xCB, 0x39, 0x75, 0xFC, 0x68, 0x1C, 0xFE, 0x6B,
    0x33, 0x1B, 0x93, 0x53, 0x2B, 0xA6, 0x7E, 0x66, 0x2B, 0x35, 0x9F, 0x60, 0x5A, 0xC4, 0x7F, 0x91,
    0xB4, 0xF6, 0xA1, 0x4F, 0xD3, 0xB0, 0x8D, 0x4F, 0xDC, 0x82, 0xD4, 0xF2, 0xF3, 0x88, 0x27, 0x20,
    0x0A, 0x48, 0x9B, 0xC9, 0x85, 0xC0, 0x49, 0xF3, 0x1D, 0x7A, 0xA1, 0x11, 0x60, 0x71, 0x88, 0x53,
    0x65, 0x0B, 0xB5, 0x1E, 0x5A, 0xB1, 0x52, 0x03, 0x67, 0xEA, 0xC3, 0xC0, 0xC4, 0xB5, 0x6B, 0x10,
    0xCD, 0x19, 0x20, 0x39, 0x0E, 0x08, 0x28, 0x52, 0xDF, 0x32, 0x2B, 0xFE, 0x1C, 0x47, 0xAB, 0xD3,
    0x3C, 0x9E, 0xEC, 0x4E, 0xF6, 0x57, 0xA2, 0x99, 0xFB, 0xC0, 0x2D, 0x74, 0xC4, 0x27, 0xBD, 0x7E,
    0xD2, 0x87, 0x27, 0x2A, 0x4D, 0x28, 0x34, 0x4E, 0x04, 0xA4, 0x33, 0x42, 0x5F, 0x40, 0x41, 0x81,
    0x6F, 0x12, 0x2E, 0x4C, 0x61, 0xDB, 0xA2, 0xD9, 0xC7, 0xF0, 0x9C, 0xD8, 0xFC, 0x79, 0xFC, 0x04,
    0x02, 0x66, 0x6A, 0xE7, 0x33, 0x66, 0x5A, 0xBB, 0x8B, 0x0C, 0x9E, 0x3D, 0x71, 0x7E, 0x0E, 0xE9,
    0x89, 0x14, 0x30, 0x41, 0xBC, 0x91, 0x40, 0x6E, 0xF1, 0x25, 0x6A, 0xB7, 0x8D, 0x72, 0x71, 0xF7,
    0xAF, 0xCF, 0x46, 0x80, 0x21, 0x8F, 0x33, 0xF2, 0x48, 0xA3, 0x7F, 0x30, 0xD2, 0x00, 0x13, 0xB8,
    0xF3, 0x54, 0x91, 0x77, 0x9E, 0xF5, 0xE5, 0xE9, 0x22, 0xFD, 0xE5, 0xCC, 0xFB, 0xD7, 0xEA, 0x0A,
    0xFD, 0xC8, 0x36, 0x14, 0x97, 0xE3, 0xB4, 0x7C, 0xB5, 0xDF, 0x71, 0x50, 0xCF, 0xC0, 0xC8, 0xA1,
    0x22, 0x27, 0x47, 0x79, 0xB0, 0x98, 0x7E, 0x00, 0x47, 0x91, 0x7E, 0xC0, 0x71, 0x64, 0xFA, 0x01,
    0xC4, 0x97, 0x26, 0x91, 0x7A, 0x73, 0x95, 0xD9, 0xEE, 0x17, 0xAF, 0xE9, 0xDE, 0xC1, 0x08, 0xEE,
    0x57, 0x21, 0x6D, 0xF2, 0x7C, 0xA3, 0x87, 0xE7, 0x6E, 0x74, 0xCB, 0x1B, 0x3D, 0x1B, 0x68, 0xDA,
    0x1E, 0x83, 0xDE, 0xF0, 0x72, 0x6F, 0x74, 0xAF, 0x69, 0xDC, 0x57, 0xC7, 0x7C, 0x5E, 0x8E, 0x18,
    0xA8, 0x7A, 0x96, 0xFA, 0x47, 0x8F, 0x59, 0xEA, 0xE6, 0x14, 0x9B, 0xC5, 0x8D, 0xD8, 0x65, 0x3B,
    0x61, 0x0B, 0x47, 0x8E, 0xCB, 0x9B, 0x45, 0xD9, 0x82, 0x98, 0xCA, 0x88, 0x3D, 0xF3, 0xC2, 0x08,
    0xAD, 0x82, 0xE3, 0xC3, 0x87, 0x01, 0xA6, 0x83, 0x26, 0xE3, 0x6B, 0x2F, 0x32, 0xE3, 0x0E, 0x7A,
    0xBB, 0xA9, 0x9D, 0x9B, 0xA5, 0x5E, 0xCB, 0xAD, 0xD8, 0x0F, 0x48, 0xB7, 0xAE, 0x7D, 0x8F, 0xF3,
    0x3E, 0x95, 0x9C, 0x6C, 0x52, 0x0B, 0x02, 0xEA, 0x51, 0x58, 0x04, 0x46, 0xD6, 0x12, 0xF0, 0x4B,
    0xF6, 0x66, 0xAC, 0xA2, 0xD8, 0x28, 0x4E, 0x09, 0x57, 0xE0, 0x91, 0x75, 0x9A, 0x95, 0xA9, 0x32,
    0x73, 0x66, 0x66, 0xE3, 0x0D, 0xCE, 0xD9, 0x71, 0xB4, 0x57, 0xEF, 0x80, 0x69, 0x6C, 0x9A, 0xD1,
    0x8F, 0x79, 0x30, 0x28, 0x0F, 0xB1, 0xA7, 0xF6, 0x1B, 0xFE, 0x8C, 0x6E, 0x08, 0x92, 0x4C, 0x69,
    0x5A, 0x0C, 0x51, 0x71, 0x4C, 0xF3, 0x3F, 0x68, 0x4A, 0xA1, 0xB8, 0x01, 0x1B, 0x22, 0x84, 0x93,
    0xD0, 0x24, 0xD3, 0x2E, 0x69, 0x5C, 0x83, 0xD4, 0x88, 0x19, 0x8B, 0xFA, 0x02, 0xED, 0x4D, 0xDF,
    0xB2, 0x96, 0xF8, 0x8B, 0xC0, 0x09, 0xBE, 0x0D, 0xD7, 0x64, 0x88, 0x09, 0x20, 0xBE, 0x64, 0x7E,
    0x7E, 0x1F, 0xE0, 0x94, 0xEA, 0x09, 0x3D, 0xAC, 0x0E, 0x07, 0x8D, 0x97, 0x71, 0x3B, 0x09, 0x26,
    0x83, 0xFC, 0xD9, 0xF7, 0xA1, 0xF1, 0x5E, 0x85, 0xF0, 0x99, 0xFE, 0x10, 0x66, 0x7F, 0x60, 0x0A,
    0xF8, 0xD2, 0x66, 0x2C, 0x79, 0x8C, 0x9C, 0x31, 0xCB, 0xE3, 0xB2, 0x54, 0x0E, 0x72, 0x4D, 0x8F,
    0x72, 0xF7, 0xF1, 0xE3, 0x6A, 0x9E, 0x79, 0x5C, 0xEB, 0xF3, 0x8E, 0xEB, 0x93, 0xDF, 0x53, 0x0C,
    0xF0, 0x13, 0xF8, 0x4E, 0xC5, 0xB0, 0x22, 0x55, 0xDD, 0xEA, 0x5D, 0x17, 0x80, 0x68, 0xF7, 0xE3,
    0xFD, 0x9B, 0xCF, 0x58, 0xDA, 0xED, 0xB9, 0xB4, 0xCB, 0x52, 0x41, 0x76, 0x06, 0x31, 0xB4, 0x03,
    0xC4, 0x30, 0x56, 0x22, 0xFC, 0x5B, 0x91, 0x35, 0x89, 0x01, 0x1E, 0xBC, 0x62, 0xA0, 0x62, 0x26,
    0x1F, 0xFF, 0x98, 0xEA, 0xCF, 0x54, 0x75, 0x3A, 0x2C, 0x4B, 0xF0, 0x80, 0x1F, 0x8B, 0x1A, 0x10,
    0xE7, 0xE7, 0x65, 0x86, 0x98, 0x06, 0xDD, 0x35, 0x61, 0x53, 0x68, 0x08, 0x6B, 0x82, 0xE3, 0x62,
    0x02, 0x27, 0xE4, 0x03, 0xA3, 0x88, 0xDF, 0x1D, 0x27, 0xEC, 0x50, 0x4D, 0xAC, 0x35, 0x4F, 0x18,
    0x03, 0x6B, 0x83, 0x8A, 0xD3, 0x9C, 0x92, 0x73, 0x0D, 0xFE, 0xC9, 0x10, 0xB0, 0x49, 0xFA, 0x55,
    0x26, 0xE3, 0x4B, 0x88, 0xC5, 0x9B, 0x34, 0xD9, 0x71, 0x48, 0x4B, 0x6E, 0xA8, 0xA7, 0xDC, 0xAC,
    0xC8, 0x2D, 0x4F, 0x9E, 0x7C, 0x90, 0x07, 0xAE, 0x6F, 0x27, 0xFC, 0x3D, 0x3A, 0x97, 0x56, 0x73,
    0x73, 0x4E, 0x8A, 0x36, 0x22, 0xA6, 0x59, 0xD6, 0x43, 0x7E, 0x71, 0x9D, 0x1E, 0xF6, 0x84, 0x31,
    0xE9, 0x85, 0x64, 0x60, 0xCA, 0xCA, 0xF9, 0xE9, 0xA7, 0x28, 0x1A, 0x9D, 0xCC, 0x34, 0x13, 0x5A,
    0x49, 0x05, 0x23, 0xA1, 0x8D, 0xD4, 0x51, 0x81, 0xBC, 0x03, 0xA2, 0xF2, 0x5C, 0xED, 0x34, 0x8C,
    0x76, 0x51, 0xA9, 0xB5, 0xD0, 0x13, 0x47, 0x80, 0x96, 0xD0, 0xA6, 0xFD, 0x88, 0x4C, 0x64, 0x50,
    0x8E, 0x11, 0x30, 0x38, 0xA5, 0x91, 0xE9, 0x70, 0xBA, 0x06, 0x1B, 0x19, 0x14, 0xE9, 0x8F, 0xB8,
    0xF2, 0xDF, 0x71, 0x99, 0x18, 0x56, 0x7D, 0x81, 0x5E, 0xD8, 0xAE, 0xB3, 0x6B, 0x52, 0xEE, 0xF5,
    0x02, 0xFB, 0xA6, 0xD3, 0xBE, 0x63, 0x9E, 0xCB, 0x08, 0x05, 0xB0, 0xE6, 0x02, 0xC7, 0x4A, 0xFC,
    0x0F, 0x87, 0x9B, 0xA0, 0xCA, 0x87, 0x9B, 0x21, 0x1F, 0x2E, 0x81, 0xE7, 0x9A, 0xE1, 0x3B, 0xE5,
    0x05, 0x00, 0xF7, 0x16, 0x33, 0x5E, 0x84, 0x9D, 0x09, 0x01, 0x00, 0x45, 0x70, 0x34, 0xF1, 0xFF,
    0x8F, 0x0E, 0xAB, 0x23, 0x22, 0x0D, 0x29, 0x2C, 0x01, 0x61, 0xCE, 0x5B, 0xC6, 0x0A, 0xD1, 0x63,
    0x6F, 0x23, 0x76, 0x12, 0x16, 0xB3, 0xAA, 0x84, 0x8D, 0xC8, 0x48, 0x44, 0x24, 0x13, 0xBF, 0x28,
    0xEE, 0x8C, 0x24, 0xB3, 0xA5, 0xDD, 0x55, 0x04, 0x96, 0x02, 0x16, 0x20, 0x20, 0x65, 0x01, 0x9A,
    0x3A, 0xB2, 0x99, 0x30, 0xD0, 0x64, 0x4C, 0xA6, 0xD2, 0xEB, 0x75, 0xE0, 0xD2, 0x0F, 0xFE, 0xB8,
    0x0E, 0x57, 0x3A, 0x14, 0x5C, 0x76, 0x28, 0xED, 0xA5, 0x43, 0xD1, 0xEA, 0x2F, 0x60, 0x78, 0x3D,
    0xD4, 0x77, 0x9F, 0x14, 0x7B, 0x15, 0xBB, 0x97, 0x77, 0xCA, 0xB5, 0x97, 0xAF, 0x44, 0xFA, 0x72,
    0x17, 0xF9, 0x96, 0x7F, 0x2C, 0x77, 0x2F, 0xAA, 0xDD, 0xB3, 0xEE, 0x48, 0xE3, 0x96, 0x57, 0x8A,
    0xF4, 0xD1, 0x2D, 0x66, 0x01, 0x2D, 0x9B, 0x25, 0x2B, 0xA9, 0x85, 0x85, 0x66, 0xB5, 0xB5, 0x2C,
    0x46, 0x20, 0x04, 0x81, 0xFA, 0x11, 0x14, 0xFC, 0xF3, 0x1F, 0xA0, 0x9C, 0xE8, 0x09, 0x68, 0xC0,
    0x56, 0xB0, 0x4B, 0xD0, 0x30, 0xD8, 0xA6, 0x04, 0x14, 0x3B, 0x8B, 0x68, 0x1E, 0xC6, 0x56, 0xB5,
    0x3C, 0x9E, 0xB4, 0x7C, 0x57, 0x6B, 0x6D, 0x14, 0xF4, 0x1C, 0xEB, 0x5D, 0x01, 0x6E, 0x70, 0x27,
    0xC0, 0x32, 0x37, 0x5D, 0xB9, 0xA1, 0x82, 0x13, 0x56, 0x37, 0x2B, 0x63, 0xA6, 0xE0, 0x93, 0xB2,
    0xE6, 0x47, 0xE5, 0x27, 0x0C, 0xCA, 0x8C, 0x00, 0xD8, 0xD7, 0x4B, 0x3D, 0x3E, 0x47, 0x83, 0x64,
    0xB4, 0x31, 0x57, 0x50, 0x47, 0xF3, 0x03, 0x08, 0x4D, 0xD0, 0x3C, 0xE9, 0xDB, 0x19, 0xE8, 0x50,
    0xF5, 0x18, 0x76, 0x8A, 0xA5, 0xB0, 0x00, 0x61, 0x7D, 0x6A, 0x75, 0xAB, 0x5F, 0x19, 0x0A, 0xF0,
    0x15, 0x23, 0x7C, 0x1E, 0xE6, 0xE2, 0x9C, 0xAF, 0x16, 0xC5, 0xAF, 0xF3, 0x28, 0xC6, 0x02, 0x93,
    0xDB, 0xD9, 0x35, 0x82, 0xBC, 0x70, 0xDA, 0xAD, 0xE2, 0x00, 0x94, 0x84, 0x4E, 0xB1, 0x57, 0x84,
    0xDA, 0xF9, 0xA9, 0x50, 0x0C, 0x63, 0xC9, 0x6E, 0x6F, 0x29, 0x53, 0x25, 0x9D, 0xC5, 0x49, 0xB8,
    0x5D, 0xC8, 0x02, 0x7D, 0xA7, 0x7A, 0x7B, 0x19, 0x4F, 0xD6, 0x93, 0x70, 0x05, 0x9E, 0x5C, 0x93,
    0xE1, 0xA3, 0xA0, 0xF4, 0xEA, 0x1A, 0x88, 0x00, 0x14, 0x50, 0x6C, 0x6C, 0xD2, 0x5B, 0x8B, 0x3A,
    0x05, 0xA0, 0xFE, 0x98, 0x52, 0x6E, 0xB8, 0x96, 0x1C, 0x80, 0xCE, 0xC3, 0x50, 0xC6, 0x1C, 0x80,
    0x5A, 0x06, 0xA0, 0x06, 0x01, 0x08, 0x22, 0x57, 0x2C, 0x52, 0x00, 0xF2, 0xCF, 0x35, 0xB7, 0xE2,
    0x84, 0x64, 0xF1, 0x77, 0xF8, 0xF4, 0x10, 0x50, 0xDE, 0xC1, 0x02, 0x1C, 0x40, 0xFE, 0xAD, 0xB0,
    0xB3, 0x77, 0x0A, 0x18, 0xF2, 0x1F, 0x08, 0x9C, 0x3B, 0x12, 0xC0, 0xD3, 0x8E, 0x04, 0x60, 0x19,
    0x37, 0x2B, 0x1E, 0x11, 0x08, 0xFB, 0x06, 0x82, 0xE8, 0x7E, 0x84, 0x43, 0x67, 0xC5, 0x9E, 0xE6,
    0xC5, 0x68, 0x2C, 0xA0, 0x44, 0x4B, 0xFF, 0x3E, 0x3E, 0x0C, 0x5C, 0xD5, 0xA8, 0x56, 0xED, 0x62,
    0xE0, 0xAC, 0x64, 0xC1, 0xDE, 0x91, 0xD2, 0xA6, 0xB1, 0xE1, 0xE1, 0x0F, 0xC6, 0x85, 0x4B, 0x37,
    0x73, 0x3F, 0x28, 0xC7, 0x8A, 0x1B, 0x49, 0xC9, 0x2B, 0xB9, 0x79, 0xAD, 0x2A, 0x97, 0x07, 0xAE,
    0xE9, 0x8E, 0xE6, 0x2C, 0x6B, 0xDC, 0x4C, 0x4B, 0xB9, 0x53, 0x68, 0x5F, 0x57, 0xF1, 0xCC, 0x84,
    0x0B, 0xD5, 0x0C, 0x02, 0x06, 0xE7, 0x86, 0x42, 0x48, 0x86, 0x42, 0x58, 0x5C, 0x36, 0x14, 0x02,
    0xFA, 0x98, 0x61, 0xD4, 0x30, 0x19, 0x54, 0xCD, 0x46, 0x1F, 0xE9, 0x34, 0x62, 0x18, 0x74, 0xB7,
    0x61, 0x28, 0x60, 0xB3, 0xA8, 0x4A, 0x57, 0x58, 0x15, 0x7E, 0xE6, 0x27, 0x37, 0xD1, 0xB2, 0x95,
    0xD9, 0x76, 0x46, 0x42, 0x36, 0x57, 0xBB, 0x02, 0x5C, 0xD2, 0x62, 0x4B, 0xA9, 0x6A, 0xE2, 0xF1,
    0x0A, 0xBA, 0x55, 0x46, 0xEE, 0x65, 0x07, 0x6C, 0xD6, 0x0D, 0xB6, 0x42, 0x28, 0xFB, 0x6F, 0x19,
    0x94, 0xFF, 0x30, 0x86, 0x41, 0x5F, 0x21, 0x83, 0x2E, 0xBC, 0x1D, 0xB0, 0xAA, 0xDB, 0x55, 0x14,
    0x61, 0xF0, 0xE8, 0x66, 0xF8, 0x41, 0x62, 0xB5, 0x2B, 0xD9, 0xB1, 0x43, 0xFF, 0xE7, 0x2D, 0x34,
    0xEA, 0x81, 0xFE, 0xBE, 0x06, 0x38, 0x9E, 0x7F, 0xCC, 0x41, 0x97, 0x74, 0x5F, 0x4E, 0xDE, 0xC3,
    0xDA, 0x06, 0x2F, 0x24, 0xE8, 0xD7, 0xEA, 0xED, 0x58, 0xAB, 0xC1, 0xFE, 0x50, 0x8D, 0xB9, 0x2D,
    0x35, 0xD5, 0x4C, 0x6F, 0x95, 0xCC, 0x49, 0x47, 0xE0, 0x82, 0x5B, 0x36, 0x70, 0x9B, 0x8D, 0x05,
    0x01, 0xDC, 0x0E, 0xF4, 0x6E, 0x01, 0xDF, 0xC6, 0x33, 0x55, 0x35, 0x88, 0xD5, 0x65, 0xC4, 0x05,
    0x18, 0xB6, 0x34, 0xC9, 0x87, 0x85, 0xB2, 0x08, 0x97, 0x0E, 0xEF, 0xC4, 0x26, 0x6D, 0xD4, 0x4B,
    0x5F, 0xC2, 0x8E, 0x17, 0x2E, 0xBC, 0x19, 0xA7, 0xB1, 0xC1, 0xBE, 0x1C, 0x83, 0xAB, 0x67, 0x46,
    0xC7, 0xD5, 0xA1, 0x0B, 0xF5, 0xC6, 0xE2, 0x64, 0x63, 0x09, 0xB4, 0xD7, 0x1B, 0xB0, 0x59, 0x14,
    0x23, 0xD8, 0x2D, 0xC4, 0x8D, 0x10, 0xA4, 0x85, 0x43, 0xC9, 0x1D, 0x30, 0x72, 0x02, 0x0F, 0x95,
    0xCD, 0xFE, 0x61, 0x23, 0x8A, 0x0D, 0xA7, 0x34, 0xEB, 0x48, 0xD5, 0xB2, 0xE7, 0x97, 0xC1, 0x82,
    0xE4, 0x2F, 0x80, 0xB0, 0x86, 0xED, 0x90, 0x00, 0x03, 0xB1, 0x80, 0x07, 0x2D, 0xBE, 0xD3, 0xD2,
    0xD2, 0xEB, 0x2D, 0xDA, 0x77, 0xD4, 0x4B, 0x93, 0x06, 0xC4, 0x68, 0xB1, 0xBF, 0xB6, 0x4E, 0x80,
    0xFE, 0x2D, 0x85, 0x87, 0x27, 0x0C, 0x0A, 0xBD, 0xDE, 0x78, 0xFA, 0x0A, 0xCE, 0x13, 0xCE, 0x42,
    0x45, 0x1E, 0xAF, 0xF9, 0xAA, 0x54, 0x97, 0x86, 0x5C, 0x97, 0xE2, 0x86, 0x2C, 0xB0, 0x40, 0x2D,
    0xB6, 0x2D, 0x56, 0x77, 0xB4, 0x03, 0xDA, 0xC5, 0xE5, 0x92, 0x6D, 0x21, 0x2B, 0xBC, 0x5B, 0x19,
    0xD9, 0x3B, 0xA1, 0xAF, 0xF8, 0x65, 0x47, 0x43, 0x6A, 0x70, 0x5D, 0x0A, 0x9F, 0x53, 0x0E, 0x9F,
    0xB8, 0x2C, 0xFE, 0x76, 0x8F, 0xF3, 0xA2, 0xE6, 0xA3, 0x79, 0x91, 0x32, 0x72, 0xA7, 0xB7, 0xF4,
    0x6C, 0xDC, 0xBC, 0x10, 0x18, 0xFB, 0x94, 0x37, 0x96, 0x6B, 0x51, 0x6E, 0xAC, 0x48, 0x37, 0x3E,
    0xB7, 0x29, 0x13, 0x5D, 0x52, 0x25, 0x4F, 0x6C, 0x6C, 0xE6, 0xCD, 0xFE, 0x2C, 0x35, 0xBD, 0xA3,
    0x72, 0xBF, 0xC2, 0xD1, 0xFE, 0xA0, 0x53, 0x8A, 0x0E, 0x66, 0xE8, 0xE1, 0x1F, 0x38, 0x5E, 0xFE,
    0x80, 0xF8, 0x85, 0x16, 0x89, 0x1B, 0x6B, 0xD4, 0xEA, 0x83, 0x7E, 0xF9, 0xC9, 0x7F, 0x01, 0x6C,
    0x56, 0x3F, 0x8C, 0xE7, 0x46, 0x15, 0xFE, 0x6C, 0xE7, 0xD6, 0x52, 0x2C, 0x18, 0x0A, 0x84, 0x50,
    0x0A, 0xDC, 0x9F, 0x44, 0xDC, 0x4B, 0x77, 0x3B, 0x16, 0x57, 0xA4, 0xA0, 0xA1, 0xA1, 0xA0, 0x17,
    0xF5, 0xB5, 0x29, 0x12, 0x66, 0xE0, 0x0A, 0xDA, 0x2D, 0xE8, 0x95, 0x22, 0x0D, 0xBB, 0xC5, 0x35,
    0x29, 0xAE, 0x38, 0xE1, 0x81, 0xF4, 0x92, 0x11, 0xBD, 0xB0, 0x20, 0x15, 0x95, 0x0B, 0x03, 0xCE,
    0xCA, 0xF6, 0xC7, 0x7C, 0x33, 0xB6, 0xD0, 0x45, 0xE7, 0x7D, 0xF3, 0xBD, 0x67, 0xFF, 0xE6, 0xFD,
    0xF5, 0x9B, 0xE7, 0x45, 0xBD, 0xA0, 0xDB, 0x60, 0x77, 0x0C, 0x3B, 0x5C, 0x14, 0x56, 0xB4, 0x23,
    0xF2, 0xE5, 0x02, 0x86, 0x00, 0x66, 0xF2, 0x05, 0x7D, 0xC9, 0xBE, 0x22, 0x22, 0xD5, 0x89, 0x9A,
    0x03, 0x66, 0x17, 0xB5, 0x1B, 0xBA, 0x44, 0x76, 0x03, 0xD0, 0x48, 0xDF, 0x84, 0x0B, 0x5E, 0x8E,
    0x40, 0x43, 0xF6, 0x70, 0xE4, 0x58, 0x90, 0x9C, 0x6B, 0x8E, 0xDD, 0x6C, 0x0E, 0x34, 0xBE, 0x5B,
    0x51, 0xC0, 0xCE, 0xF2, 0x35, 0x45, 0x18, 0x46, 0x41, 0x78, 0x17, 0xF4, 0xCC, 0xCD, 0xF8, 0x0C,
    0x76, 0xBD, 0x21, 0x3A, 0x92, 0x32, 0x17, 0x15, 0xC9, 0x11, 0x68, 0xBF, 0x91, 0xC7, 0xCB, 0x59,
    0x02, 0x29, 0x2D, 0x38, 0x9D, 0xC2, 0x92, 0x01, 0x20, 0xE9, 0x51, 0x70, 0x6A, 0x81, 0x2A, 0x4A,
    0xC2, 0x08, 0xA8, 0x0F, 0x61, 0xF3, 0x5D, 0x2C, 0x5E, 0xF3, 0xDE, 0xA3, 0xA2, 0x3C, 0x08, 0xC3,
    0x89, 0x68, 0x76, 0xC8, 0x49, 0xC6, 0x4D, 0xD8, 0x26, 0xB4, 0x8B, 0x90, 0x53, 0x32, 0x1C, 0xF4,
    0x98, 0xF7, 0xF7, 0x77, 0xCA, 0x98, 0x13, 0x86, 0x64, 0x87, 0xD9, 0xC2, 0x07, 0x00, 0x7E, 0x00,
    0x7C, 0x7C, 0xC3, 0xBB, 0xB7, 0x4A, 0x81, 0x3C, 0x50, 0x8A, 0x11, 0x18, 0xF8, 0xC0, 0x35, 0x05,
    0x3F, 0xCC, 0x28, 0x18, 0xD0, 0xAD, 0x29, 0x4E, 0xB3, 0xA2, 0xDE, 0x93, 0xC3, 0x66, 0x4B, 0xCC,
    0x88, 0xAD, 0xA2, 0x8B, 0xB5, 0x4B, 0x62, 0xDD, 0x9C, 0x7E, 0x73, 0x93, 0x62, 0x94, 0x85, 0x9A,
    0x7D, 0x24, 0x34, 0x7C, 0x1C, 0x22, 0xB3, 0x54, 0x28, 0x99, 0x05, 0xB4, 0x3F, 0xE3, 0x37, 0xB7,
    0x8A, 0x48, 0x4B, 0x65, 0x51, 0xEC, 0x25, 0x03, 0x0C, 0x51, 0x70, 0x44, 0xB7, 0xA7, 0x94, 0xAC,
    0x42, 0x9A, 0xC1, 0x59, 0x69, 0x96, 0xAA, 0xB9, 0x5D, 0x6B, 0x7A, 0xA5, 0x6E, 0x98, 0xAA, 0xD1,
    0x6D, 0x62, 0x74, 0x8B, 0x2A, 0xAA, 0x8C, 0x51, 0x3E, 0x90, 0xFF, 0xF2, 0x68, 0x92, 0xA3, 0x8B,
    0x19, 0x31, 0x8F, 0x64, 0x0D, 0x17, 0xFB, 0xF0, 0x9E, 0x8F, 0xF7, 0x40, 0x97, 0x2B, 0x60, 0xFF,
    0xCF, 0x0E, 0x00, 0x0A, 0x26, 0x31, 0x2F, 0x56, 0x5D, 0xAC, 0xCF, 0x4C, 0xA8, 0x8A, 0x98, 0x4C,
    0xAB, 0x8A, 0xD0, 0x45, 0x9A, 0x61, 0x23, 0x4D, 0x22, 0x37, 0x62, 0xB8, 0x9A, 0x38, 0x6B, 0xE3,
    0xD4, 0x15, 0x1D, 0xA8, 0x77, 0xD1, 0xBB, 0x36, 0x44, 0xB2, 0x71, 0x99, 0x01, 0x6E, 0x28, 0x1C,
    0x14, 0x52, 0x7D, 0x66, 0xF2, 0x10, 0xD1, 0x6E, 0xF8, 0x18, 0xDA, 0xF4, 0x41, 0x6A, 0x50, 0x44,
    0xCC, 0xCD, 0x90, 0x02, 0x6C, 0xB9, 0x24, 0x99, 0x11, 0x53, 0x1B, 0x14, 0xFC, 0x39, 0x57, 0x94,
    0xC4, 0x70, 0x28, 0x23, 0xC3, 0x88, 0x8B, 0xB2, 0xE0, 0x51, 0x44, 0x74, 0xFC, 0xE7, 0x01, 0xD5,
    0x68, 0x03, 0x0A, 0x26, 0xE5, 0x96, 0x33, 0x74, 0xB3, 0x26, 0xAB, 0x9B, 0xB0, 0x8B, 0x16, 0x82,
    0xDA, 0xCD, 0xA4, 0x26, 0xB1, 0x7C, 0xE0, 0x88, 0x96, 0x64, 0xAF, 0xD0, 0xB4, 0xF1, 0xE5, 0xD1,
    0x03, 0xAD, 0x6F, 0xBD, 0x1D, 0xED, 0xE8, 0xC6, 0x61, 0x74, 0x61, 0x08, 0x5D, 0x6F, 0xA1, 0xDF,
    0x78, 0x27, 0xD6, 0xE4, 0xEA, 0x62, 0xC8, 0x2D, 0x59, 0xF1, 0x78, 0x90, 0x27, 0x13, 0x35, 0x5F,
    0x6E, 0xCA, 0xE8, 0xC9, 0x9D, 0x0E, 0x06, 0xBD, 0x53, 0x64, 0xE5, 0x5E, 0x92, 0x7E, 0xE8, 0xAB,
    0xB5, 0x21, 0x83, 0xF5, 0xCD, 0xDC, 0x2E, 0xD1, 0xBA, 0x37, 0xA3, 0x0D, 0x05, 0xBA, 0xD0, 0x06,
    0xD7, 0x03, 0x9D, 0xEF, 0xC2, 0x00, 0x71, 0xEB, 0xA9, 0x70, 0xBD, 0xED, 0x0F, 0xF1, 0xDE, 0xF6,
    0xBA, 0x77, 0x10, 0xFF, 0x21, 0x08, 0xEB, 0x87, 0xF0, 0xB6, 0xD8, 0x61, 0x83, 0xE3, 0x5E, 0x6D,
    0xE8, 0xC6, 0x8E, 0x8B, 0x59, 0xD0, 0xCE, 0x0D, 0x47, 0x3B, 0xE9, 0x3D, 0xFC, 0x5A, 0xAD, 0xAB,
    0xD7, 0xDD, 0x12, 0x28, 0x14, 0x9E, 0x32, 0x73, 0x6A, 0xDE, 0x1C, 0xFE, 0x0E, 0xA4, 0x54, 0x7D,
    0x62, 0x8B, 0x52, 0xD0, 0xE3, 0xBE, 0xEA, 0x87, 0x1E, 0x70, 0x7D, 0x49, 0xAA, 0x2A, 0xB0, 0x23,
    0xE3, 0xDD, 0x81, 0xA1, 0x3C, 0xE0, 0x7E, 0xBF, 0xC3, 0x72, 0x47, 0xB3, 0x6C, 0x40, 0x4D, 0x35,
    0x95, 0xD9, 0x94, 0xA7, 0x9D, 0x75, 0x88, 0x19, 0xDC, 0xAC, 0xDE, 0xD2, 0xEB, 0xDD, 0x2B, 0xAA,
    0xD9, 0x75, 0x94, 0x86, 0xC9, 0x2E, 0xD7, 0x96, 0x6E, 0x35, 0x3B, 0xA4, 0xC4, 0xCB, 0x40, 0xDE,
    0x5F, 0x30, 0x0C, 0x93, 0x26, 0x95, 0x9D, 0xF1, 0xF4, 0x3E, 0x5E, 0xBD, 0x42, 0x65, 0x3F, 0x24,
    0x14, 0x10, 0x57, 0xC7, 0x5E, 0x78, 0x08, 0xEB, 0x3D, 0xE1, 0x26, 0x6C, 0x12, 0x9A, 0x84, 0x37,
    0x5F, 0xE2, 0xA3, 0xFB, 0x7B, 0x58, 0xF2, 0x5A, 0x6A, 0xC2, 0x3B, 0xC0, 0xA9, 0x83, 0x56, 0xFC,
    0x09, 0xCD, 0xDF, 0xBF, 0x6D, 0xFB, 0xB6, 0x65, 0x13, 0x9E, 0xFD, 0xA4, 0x79, 0x11, 0x3E, 0xFD,
    0xA9, 0xA9, 0xC2, 0x57, 0xF6, 0xA8, 0xC2, 0x72, 0xBB, 0xD4, 0x61, 0x7E, 0xB6, 0x34, 0x7E, 0xF9,
    0xF4, 0x8D, 0xC1, 0x9B, 0xAF, 0x9E, 0xDD, 0xE2, 0x73, 0x60, 0x45, 0xE7, 0x9B, 0xE9, 0x1C, 0x89,
    0x83, 0x66, 0x66, 0x7E, 0xFF, 0x53, 0xAA, 0xA9, 0x1B, 0x2B, 0xAE, 0xE6, 0xAF, 0x5B, 0x87, 0xCF,
    0x6F, 0xF1, 0xFC, 0x56, 0xB8, 0xD9, 0x4F, 0x96, 0x96, 0x63, 0x79, 0x7C, 0x27, 0xE4, 0x6A, 0x7F,
    0x5F, 0xE0, 0x35, 0x49, 0x2E, 0x8D, 0x70, 0xCE, 0x78, 0x73, 0xFF, 0xFA, 0xF1, 0xFE, 0x2E, 0x4D,
    0x24, 0x5C, 0x68, 0xA7, 0x84, 0xA3, 0xD0, 0x25, 0x7C, 0x7A, 0x9D, 0xC9, 0x5C, 0xB7, 0xF3, 0xFC,
    0xBB, 0x08, 0x07, 0x06, 0xA1, 0xF2, 0xF6, 0x51, 0x5C, 0x4A, 0x72, 0xAB, 0x8E, 0x97, 0x7B, 0x31,
    0x37, 0x3B, 0xFA, 0xB8, 0x52, 0xA9, 0xBA, 0x25, 0x1F, 0xBD, 0xD4, 0x2E, 0x7A, 0x94, 0x6E, 0x35,
    0x36, 0x5A, 0xFE, 0xF2, 0x17, 0x96, 0x9C, 0x5D, 0x5E, 0xD3, 0x65, 0xA7, 0x22, 0xB7, 0x22, 0xDA,
    0xC1, 0xDD, 0x69, 0xE3, 0xC9, 0x30, 0xA3, 0x4D, 0x0A, 0x1E, 0x1D, 0xA7, 0x6C, 0xAF, 0x5D, 0xB4,
    0xEA, 0xDE, 0xCE, 0xED, 0xBF, 0x39, 0x59, 0x32, 0x18, 0x12, 0x85, 0x0A, 0xF7, 0xB4, 0x07, 0xFB,
    0xF2, 0x50, 0xF2, 0x66, 0x86, 0x0D, 0x18, 0xFA, 0x3C, 0x77, 0x57, 0xD8, 0x13, 0xA5, 0x6E, 0x27,
    0x3D, 0x74, 0xA3, 0x6E, 0x87, 0x8C, 0x41, 0x0F, 0x19, 0xE0, 0x32, 0x8E, 0x85, 0x22, 0x0A, 0x05,
    0x7B, 0x30, 0x94, 0x09, 0x2B, 0x6A, 0x32, 0x54, 0x69, 0x66, 0x57, 0x0C, 0xAD, 0x84, 0xC7, 0xFC,
    0xBD, 0xCB, 0xF8, 0x1F, 0xC2, 0xEC, 0xFC, 0x1D, 0x73, 0x9F, 0xC8, 0x1B, 0x72, 0xB0, 0xB8, 0x4A,
    0x7C, 0xE1, 0x55, 0xEE, 0x74, 0xEA, 0x95, 0x61, 0xFA, 0x10, 0xBD, 0x9A, 0x4A, 0xF2, 0xD5, 0xD8,
    0x90, 0x2F, 0x94, 0x51, 0x1D, 0x3A, 0xB2, 0x09, 0x96, 0x34, 0xDE, 0xF2, 0x30, 0xBD, 0xE5, 0x9E,
    0xA0, 0x85, 0xE5, 0x96, 0xA0, 0x43, 0xCB, 0xED, 0x16, 0x0D, 0xD7, 0xE7, 0x28, 0xB8, 0x3C, 0x07,
    0x9E, 0x2C, 0x9F, 0x01, 0x98, 0xDF, 0x02, 0xC5, 0xFC, 0x26, 0xC2, 0xB4, 0x02, 0xE5, 0xB4, 0x00,
    0xD5, 0x38, 0x47, 0xF8, 0xB3, 0xE0, 0x2F, 0x11, 0xEA, 0xAF, 0x27, 0xA0, 0x79, 0x35, 0x46, 0x78,
    0x11, 0xC1, 0x7C, 0x12, 0x22, 0xD4, 0x82, 0xC6, 0xA3, 0x99, 0xEC, 0x3A, 0xC4, 0x3F, 0x37, 0x77,
    0x1E, 0x0E, 0xD8, 0x50, 0x2D, 0x68, 0x0E, 0xD4, 0xF4, 0xB0, 0x21, 0x92, 0x65, 0xEF, 0x0E, 0xBD,
    0x5F, 0x15, 0xDA, 0x6E, 0x25, 0xD7, 0x86, 0x8B, 0xE1, 0x6C, 0x86, 0xF9, 0xC7, 0x69, 0x2E, 0xAB,
    0x8C, 0x43, 0x1A, 0xEF, 0x14, 0x15, 0xF4, 0x3F, 0xE2, 0x1F, 0x1C, 0xB7, 0x81, 0x1B, 0xB9, 0x6A,
    0x50, 0x16, 0x64, 0xAF, 0x91, 0xD5, 0xCE, 0xDD, 0xD4, 0x05, 0x33, 0x59, 0x6F, 0x26, 0xD7, 0x6B,
    0xB5, 0xA3, 0xEB, 0xA3, 0x8B, 0x30, 0x78, 0x4B, 0xC2, 0x50, 0x7B, 0xEF, 0xF2, 0x08, 0x78, 0xF7,
    0xC4, 0xB7, 0x6B, 0xEA, 0x92, 0xBD, 0x7A, 0xEF, 0x89, 0xAF, 0x18, 0xF9, 0x39, 0x0F, 0xEC, 0xA2,
    0xFD, 0x1C, 0xED, 0x35, 0x44, 0x9A, 0x3D, 0xF2, 0x3C, 0x32, 0xCE, 0xEB, 0xA3, 0x1E, 0xA8, 0x67,
    0x20, 0x75, 0x8C, 0x3C, 0x15, 0x07, 0x50, 0x51, 0xF5, 0xDA, 0x80, 0x86, 0x13, 0x60, 0x66, 0x09,
    0x23, 0xD0, 0xC6, 0xF5, 0x7D, 0x1B, 0xC1, 0x06, 0x64, 0xE0, 0xF9, 0x1F, 0x59, 0x29, 0x7B, 0x4A,
    0xBB, 0x5E, 0x93, 0xE0, 0x93, 0x12, 0x20, 0x67, 0xA9, 0xA5, 0x08, 0x38, 0xF5, 0x50, 0x41, 0x40,
    0xC9, 0xC1, 0x72, 0x29, 0x37, 0x74, 0x12, 0xE6, 0xA8, 0xE4, 0x18, 0x69, 0x8E, 0x4A, 0x3C, 0xE2,
    0xA9, 0xFB, 0xC2, 0x86, 0xEA, 0xBF, 0xD9, 0x64, 0xDF, 0xFC, 0x2D, 0x09, 0x07, 0xBA, 0x57, 0x1B,
    0x52, 0x54, 0xBF, 0xA9, 0x25, 0x34, 0x0B, 0x8E, 0xD7, 0x07, 0x80, 0x56, 0xED, 0xC3, 0x14, 0x50,
    0x95, 0x85, 0x01, 0x59, 0x50, 0x2A, 0x30, 0x67, 0x2A, 0x68, 0xE7, 0x7C, 0x93, 0xAE, 0x0F, 0xEF,
    0x84, 0xE7, 0x55, 0xC8, 0x43, 0x73, 0xED, 0x73, 0x79, 0x5F, 0x2E, 0x42, 0x37, 0x9E, 0x45, 0xB0,
    0xFE, 0x2C, 0x02, 0x01, 0x7C, 0xCF, 0x8E, 0x4A, 0x39, 0x17, 0xA1, 0x5A, 0x73, 0x11, 0xA4, 0x94,
    0x73, 0x97, 0x12, 0x40, 0x0F, 0xE7, 0x6F, 0xEE, 0x52, 0x11, 0x58, 0xF0, 0x00, 0x18, 0x95, 0x1A,
    0xD2, 0x3F, 0xE5, 0x17, 0xF5, 0x6A, 0x1E, 0x19, 0x2C, 0x17, 0x33, 0xD7, 0xDE, 0x45, 0x61, 0xEE,
    0x42, 0x01, 0x17, 0x1C, 0x67, 0xE7, 0x93, 0x0A, 0xA0, 0x0C, 0x08, 0xA0, 0xDC, 0xCE, 0x09, 0xA7,
    0xE2, 0x9A, 0xE5, 0xCC, 0xC9, 0x8E, 0xD9, 0x7D, 0xDE, 0xEB, 0xFA, 0x73, 0xFC, 0x11, 0xE8, 0x1E,
    0xFF, 0x98, 0x53, 0x21, 0x0F, 0xD5, 0xE9, 0x14, 0xCC, 0x24, 0x61, 0x97, 0xD2, 0x35, 0xDE, 0xFA,
    0xAB, 0x00, 0x5F, 0x9E, 0x9D, 0xE0, 0x28, 0xF0, 0x28, 0x79, 0xA6, 0x5A, 0x91, 0x53, 0x0A, 0xA0,
    0x98, 0xEC, 0x84, 0x5A, 0xCE, 0xE5, 0x39, 0xA7, 0xEA, 0x42, 0xB6, 0xD5, 0x31, 0xB7, 0x0F, 0xEC,
    0x0E, 0x1C, 0x90, 0x40, 0x05, 0x90, 0xAB, 0xA0, 0x00, 0xD2, 0xE6, 0x76, 0xD2, 0x91, 0xC0, 0x10,
    0x6C, 0x28, 0x19, 0xCC, 0x6F, 0xE9, 0x07, 0x34, 0x54, 0xB7, 0x17, 0x07, 0x5A, 0xF6, 0x9D, 0xBE,
    0xBC, 0x52, 0x6D, 0x52, 0x27, 0x1C, 0x04, 0x7E, 0x85, 0x76, 0x2C, 0xBF, 0x65, 0x32, 0xE9, 0xEB,
    0x7F, 0x24, 0xDB, 0x84, 0xF9, 0x5A, 0x42, 0xB9, 0xC3, 0x5E, 0x65, 0xE1, 0xC3, 0xD1, 0x03, 0xFF,
    0xEB, 0xDE, 0xEA, 0x61, 0x2C, 0x47, 0x8A, 0xB0, 0x7F, 0x74, 0xF8, 0x90, 0x03, 0x93, 0x72, 0x27,
    0xE1, 0x84, 0x14, 0x39, 0x97, 0xE0, 0xDE, 0xDB, 0x4D, 0x08, 0x48, 0x36, 0x38, 0x89, 0x94, 0x10,
    0x48, 0x26, 0x97, 0xD0, 0xDA, 0x2B, 0x72, 0x31, 0x11, 0x79, 0x08, 0x7B, 0xC1, 0xE4, 0x12, 0xBB,
    0xED, 0xD3, 0x05, 0x84, 0x38, 0x27, 0xF1, 0x1D, 0x1B, 0xA0, 0x9B, 0xE0, 0xFA, 0x84, 0x83, 0xDE,
    0xD9, 0x76, 0x17, 0xFD, 0x7D, 0xD5, 0xBC, 0xD6, 0xEC, 0x8C, 0xEE, 0x22, 0x66, 0x34, 0xE3, 0x79,
    0xFE, 0xDA, 0xFB, 0x7E, 0xEC, 0xFA, 0xBA, 0xBA, 0xAB, 0xAB, 0xAA, 0x6B, 0x3B, 0x5B, 0xAA, 0x33,
    0x87, 0x31, 0x27, 0x4A, 0xA5, 0xD2, 0x0B, 0x29, 0xB4, 0xEB, 0x20, 0x15, 0x2E, 0x40, 0x45, 0x0F,
    0x68, 0x48, 0x0F, 0x4C, 0x03, 0x75, 0x9D, 0x0F, 0x19, 0xD8, 0xDD, 0xCB, 0x69, 0xB6, 0x9C, 0xD3,
    0x84, 0x01, 0xFE, 0x17, 0x15, 0x94, 0x78, 0x60, 0x23, 0xE9, 0xA7, 0x3A, 0x85, 0x64, 0x49, 0x1E,
    0x61, 0x17, 0x4E, 0xB7, 0x74, 0x7A, 0xB7, 0x0F, 0x01, 0x3F, 0xC3, 0xCD, 0x31, 0xF4, 0x2F, 0xE8,
    0x11, 0xF8, 0xE4, 0xA0, 0x8E, 0x6F, 0x8B, 0xBC, 0x0A, 0xE1, 0x29, 0x3A, 0x68, 0x55, 0x60, 0x55,
    0xBF, 0x32, 0xB8, 0x7E, 0x24, 0xFF, 0x3F, 0x00, 0x07, 0xED, 0x2B, 0xA2, 0x00, 0x4B, 0xD2, 0xAF,
    0x89, 0x0D, 0x3A, 0x07, 0xB6, 0x7A, 0x86, 0x50, 0xC0, 0xC3, 0x06, 0x0A, 0xA3, 0x35, 0xD0, 0xF6,
    0x32, 0xAE, 0x58, 0xA5, 0x22, 0xD6, 0x51, 0x2B, 0xB6, 0x68, 0x85, 0x8B, 0x47, 0x00, 0x0E, 0x1E,
    0x72, 0x1F, 0x04, 0x56, 0xCC, 0x10, 0x23, 0x88, 0xAF, 0x88, 0x0D, 0xBD, 0x96, 0x4E, 0x70, 0xEF,
    0x3E, 0x40, 0x14, 0xF4, 0x9D, 0x86, 0x2E, 0x95, 0x00, 0x61, 0x2F, 0x33, 0x11, 0x9D, 0x20, 0xD0,
    0x0E, 0x9B, 0x00, 0xB8, 0xC9, 0x29, 0x93, 0x02, 0xAB, 0x4C, 0x4B, 0x79, 0x25, 0x62, 0x89, 0x59,
    0xA2, 0x96, 0xB8, 0x25, 0x72, 0x89, 0x5D, 0xA2, 0xA7, 0xFC, 0x12, 0xC1, 0xC4, 0x30, 0x51, 0x4C,
    0x1C, 0x13, 0xC9, 0xC4, 0x32, 0xD1, 0x54, 0x9E, 0x45, 0xA5, 0x8D, 0x32, 0x2D, 0x94, 0x6A, 0xA1,
    0x5C, 0x0B, 0x25, 0xAB, 0x8C, 0x54, 0xB2, 0x99, 0x12, 0x2D, 0x90, 0xE4, 0x92, 0xB6, 0x15, 0xA6,
    0xAB, 0x92, 0x72, 0x7F, 0x40, 0x9A, 0xEB, 0x97, 0x03, 0x19, 0x39, 0x72, 0x4A, 0xA1, 0x4F, 0x10,
    0xDA, 0x60, 0xDB, 0xAF, 0x8F, 0x45, 0x65, 0xCF, 0xE3, 0x1F, 0x24, 0x7B, 0x22, 0xE0, 0x27, 0x4F,
    0xB5, 0xD1, 0x51, 0xEB, 0x0B, 0xF7, 0x68, 0x46, 0xA6, 0xD1, 0xFC, 0xC2, 0x0A, 0x06, 0x2F, 0x2C,
    0x04, 0x2A, 0x88, 0x4F, 0xF9, 0x0E, 0x85, 0xAA, 0xC2, 0x03, 0xB1, 0x29, 0xF8, 0xC9, 0x46, 0x52,
    0x7A, 0xA1, 0x29, 0x0B, 0x0B, 0x82, 0x7A, 0x01, 0x46, 0x89, 0x4C, 0x27, 0x64, 0x82, 0x1F, 0xA5,
    0x8B, 0x51, 0xBC, 0x5E, 0xC8, 0x37, 0x7A, 0x51, 0xC9, 0x85, 0xEA, 0xB9, 0x91, 0x83, 0x46, 0x71,
    0xDD, 0x1E, 0x2F, 0x3C, 0xA8, 0xFB, 0x74, 0x31, 0x6E, 0xA3, 0x5E, 0xC8, 0xAA, 0x51, 0x75, 0xA5,
    0xE1, 0x15, 0xF5, 0x25, 0xAB, 0x3E, 0x29, 0xD2, 0x2D, 0x34, 0xCD, 0x22, 0x73, 0x92, 0x53, 0x2F,
    0x8C, 0x5E, 0xA8, 0x9C, 0xAA, 0x08, 0xFA, 0x2A, 0x0E, 0xFD, 0x51, 0x93, 0x44, 0x17, 0x78, 0x61,
    0xA1, 0xB3, 0x06, 0x17, 0x0C, 0xF1, 0xFF, 0xAD, 0x3F, 0x9E, 0xF8, 0xD6, 0xC6, 0x98, 0xDA, 0x63,
    0x91, 0x1E, 0xF6, 0x32, 0xFE, 0xB3, 0xB1, 0x35, 0xDC, 0xBE, 0xA9, 0x95, 0xE3, 0x49, 0x59, 0xFD,
    0x0E, 0x1C, 0x34, 0xE6, 0x77, 0xC4, 0x0D, 0x38, 0xDA, 0xEF, 0xC2, 0x83, 0xA2, 0x03, 0xE2, 0xB7,
    0x7F, 0x88, 0x6C, 0x8E, 0x95, 0x14, 0x0D, 0x52, 0x34, 0x14, 0x7B, 0x27, 0x9D, 0x15, 0x42, 0xA9,
    0x0E, 0x00, 0x85, 0x07, 0x54, 0x81, 0xA8, 0x54, 0x7B, 0xED, 0x0B, 0xE0, 0x0F, 0xCF, 0xD4, 0x39,
    0x80, 0x70, 0x1F, 0x3B, 0xD5, 0x06, 0x9B, 0xC6, 0xE7, 0xA0, 0x2D, 0x0D, 0x3A, 0x21, 0x9A, 0x23,
    0x30, 0x1F, 0x03, 0xF8, 0xEA, 0x08, 0x21, 0x6E, 0x8A, 0xD7, 0x44, 0x57, 0x2D, 0x88, 0xE2, 0x42,
    0xD4, 0xAE, 0x4E, 0x49, 0xAC, 0x84, 0x3B, 0xBB, 0xD7, 0x5F, 0x8B, 0x77, 0x1B, 0x62, 0x4B, 0xEC,
    0x02, 0x71, 0xCF, 0xD8, 0x7B, 0x22, 0x7F, 0x75, 0x53, 0x90, 0xBC, 0x50, 0x93, 0x9F, 0xD2, 0xD0,
    0x15, 0xBA, 0xD3, 0xCE, 0x9C, 0x1F, 0x12, 0x97, 0x6E, 0xC9, 0xC3, 0x40, 0x6D, 0xFC, 0xBE, 0x93,
    0x8A, 0xD0, 0x75, 0x03, 0x99, 0x87, 0xC2, 0xA5, 0x9B, 0xFB, 0x09, 0xEE, 0x13, 0x1C, 0xA8, 0x71,
    0x1D, 0x81, 0xCB, 0x38, 0x47, 0xA1, 0x8F, 0xC3, 0xF1, 0xA1, 0xB0, 0x60, 0xFC, 0x3D, 0xD1, 0xC1,
    0x5E, 0x8A, 0x7E, 0xCD, 0x71, 0xCB, 0xE0, 0x68, 0x33, 0x21, 0x24, 0x5E, 0x66, 0x85, 0x6C, 0xB2,
    0x30, 0xD6, 0x84, 0x57, 0xAD, 0x91, 0x3A, 0x5F, 0x10, 0x20, 0x3E, 0xBD, 0xD3, 0x7C, 0xB8, 0x2F,
    0x7A, 0xBE, 0x70, 0x03, 0xBD, 0x87, 0x4D, 0x69, 0x92, 0x3E, 0x05, 0x13, 0xE6, 0xA8, 0xB1, 0x1F,
    0xC6, 0x70, 0x7E, 0x1A, 0xBE, 0xCA, 0x73, 0xB4, 0x7A, 0xA2, 0x47, 0x64, 0xD5, 0xDE, 0xD0, 0xA0,
    0x93, 0x53, 0x3F, 0x85, 0xA1, 0xE9, 0x54, 0xF6, 0xAD, 0x28, 0x73, 0x4D, 0x50, 0x29, 0x67, 0x9C,
    0xBC, 0xAD, 0xDE, 0x5A, 0xC5, 0x28, 0xBD, 0xFE, 0xA0, 0x07, 0xE7, 0x8B, 0x48, 0xA5, 0xB3, 0x8D,
    0x6F, 0xB6, 0xBB, 0x96, 0xA3, 0x74, 0xA5, 0x6B, 0xF6, 0xC6, 0xB7, 0x7B, 0xFC, 0xF3, 0xAD, 0xAF,
    0x6D, 0xBD, 0xDE, 0xB5, 0x0C, 0x18, 0x12, 0x6F, 0x74, 0x6C, 0x4E, 0xC4, 0x55, 0x07, 0x06, 0x75,
    0xEE, 0x99, 0xC7, 0x09, 0xC5, 0xC8, 0x25, 0xD4, 0x60, 0x39, 0xC5, 0xF3, 0x9B, 0x88, 0xCB, 0x09,
    0x3F, 0x92, 0xAF, 0xFF, 0xD2, 0x0A, 0xD6, 0x2D, 0xA2, 0xEB, 0xC2, 0x28, 0xB2, 0x75, 0x8C, 0xFC,
    0xBB, 0x1D, 0xB2, 0x0C, 0x9A, 0x1C, 0x70, 0x90, 0xC9, 0x6C, 0x90, 0x4A, 0x6C, 0xC4, 0x46, 0xE6,
    0x28, 0xDD, 0x99, 0x1C, 0x7B, 0x8E, 0x6B, 0xE0, 0x96, 0x04, 0x39, 0x50, 0x28, 0xC6, 0x99, 0xAF,
    0x38, 0xFC, 0x2D, 0x6D, 0x84, 0x26, 0x77, 0xDB, 0x77, 0x62, 0x69, 0x42, 0xD4, 0x9F, 0xCF, 0x07,
    0x9E, 0x44, 0x76, 0x88, 0x0B, 0xB9, 0xD4, 0x93, 0x23, 0x52, 0xD1, 0x18, 0xBE, 0xC8, 0x34, 0xA1,
    0x99, 0xD1, 0x8F, 0x26, 0x8D, 0x63, 0xB1, 0xDA, 0x6C, 0xE8, 0xCC, 0xB8, 0x42, 0xC7, 0xA6, 0x94,
    0x7F, 0xEC, 0x1C, 0xDA, 0x7F, 0x97, 0x1A, 0xDB, 0x3D, 0x7F, 0x14, 0x8E, 0xEF, 0xA7, 0xF1, 0x02,
    0x5D, 0x1C, 0xDF, 0x46, 0x2F, 0x9B, 0x4B, 0x8E, 0xF8, 0x03, 0x92, 0xAE, 0xDA, 0x74, 0xE0, 0xB0,
    0x73, 0xF4, 0x0B, 0x33, 0xE9, 0x8D, 0x70, 0x0A, 0xD4, 0xDA, 0x54, 0x9A, 0x90, 0x29, 0x30, 0xEF,
    0xB9, 0xC1, 0x91, 0x75, 0xD0, 0xF9, 0x1C, 0xB4, 0x68, 0x8E, 0x91, 0xA4, 0x95, 0x53, 0x6A, 0x48,
    0xF6, 0xF6, 0xE3, 0x07, 0xDA, 0x59, 0x46, 0x1D, 0x24, 0xE8, 0x50, 0x15, 0x8A, 0xA7, 0x04, 0x6C,
    0x69, 0x95, 0x4C, 0x7E, 0x71, 0x57, 0xA6, 0x15, 0xBC, 0xC0, 0xA3, 0x0B, 0x68, 0xA6, 0xDE, 0xB3,
    0x81, 0x64, 0x95, 0x4C, 0x10, 0x49, 0x3D, 0x27, 0x34, 0x23, 0x9B, 0xA3, 0x36, 0x05, 0x9A, 0x96,
    0x0D, 0xA8, 0xA2, 0xE9, 0xBD, 0x72, 0xF0, 0x78, 0xA1, 0x73, 0x07, 0x98, 0xA7, 0x35, 0xF2, 0x5F,
    0xFA, 0xE4, 0x44, 0x04, 0x10, 0xA1, 0x28, 0x50, 0x2A, 0x38, 0x54, 0x90, 0x36, 0x47, 0xB7, 0x0C,
    0xEB, 0x33, 0xCF, 0x7A, 0x67, 0xD3, 0x3A, 0x36, 0xFD, 0x9A, 0x92, 0x46, 0x8F, 0x86, 0x74, 0x0A,
    0xFF, 0x7B, 0xAB, 0xD4, 0x9D, 0x6A, 0x7A, 0xD7, 0xD5, 0x5C, 0xF4, 0xA3, 0x71, 0x62, 0xB2, 0x04,
    0xAC, 0x1F, 0x07, 0xE9, 0xDF, 0x54, 0x60, 0xDD, 0xEC, 0xCD, 0x0A, 0x7E, 0xF2, 0xA7, 0x45, 0xBF,
    0x33, 0xA3, 0xE9, 0x05, 0x34, 0x9F, 0x97, 0xEE, 0xB1, 0xA8, 0xB8, 0x9D, 0x5B, 0x12, 0xB3, 0x87,
    0x55, 0x1B, 0x8B, 0x66, 0x65, 0x02, 0xA7, 0x9F, 0x86, 0x47, 0xA3, 0x54, 0x1C, 0x3F, 0x89, 0x02,
    0x33, 0xF9, 0xDF, 0xAF, 0xB0, 0x9F, 0xC6, 0xC6, 0x17, 0x56, 0x24, 0xDA, 0x7A, 0xC4, 0x50, 0xEE,
    0xB4, 0x19, 0xAA, 0xD1, 0xA9, 0x8E, 0x74, 0xE3, 0x79, 0xA3, 0x90, 0xF7, 0xA7, 0xAF, 0xB8, 0x3F,
    0xBD, 0x8A, 0x85, 0xC0, 0xD8, 0x7E, 0xA7, 0x1D, 0x8D, 0x3C, 0x9A, 0x80, 0xED, 0xEC, 0x6A, 0x2B,
    0xAA, 0xF8, 0x65, 0x3C, 0x3F, 0xC5, 0x96, 0xA5, 0x79, 0x2B, 0xEA, 0x53, 0xED, 0x2A, 0x22, 0xA2,
    0x35, 0x15, 0x78, 0x88, 0xCC, 0x61, 0xF2, 0x7D, 0x61, 0x60, 0xD3, 0x6D, 0x29, 0x74, 0x55, 0xEA,
    0x5D, 0x96, 0xD8, 0x29, 0xDD, 0x26, 0x6B, 0x23, 0xC5, 0xB0, 0xCA, 0xDA, 0xC6, 0x6E, 0x98, 0xCD,
    0x1A, 0x1F, 0x84, 0x65, 0xAD, 0xF3, 0xF5, 0x1E, 0x9B, 0xDE, 0xB7, 0xAE, 0x90, 0xA5, 0xF7, 0x48,
    0x0E, 0xCF, 0xBD, 0x3F, 0x2C, 0x15, 0x1A, 0x33, 0xA1, 0xB3, 0x03, 0x6D, 0x7E, 0x2F, 0x0C, 0x7C,
    0x3B, 0x2C, 0x57, 0x9E, 0xE9, 0x5A, 0x83, 0x3D, 0xEA, 0xAD, 0x89, 0x57, 0x29, 0xE4, 0xAA, 0x55,
    0x94, 0x56, 0xB5, 0xD9, 0x7F, 0x6B, 0xDE, 0x66, 0x17, 0xFD, 0xFB, 0x72, 0x6D, 0x48, 0xDB, 0xDC,
    0x3C, 0xB0, 0x13, 0xA8, 0x8B, 0x2A, 0x10, 0xCA, 0x6B, 0x88, 0x2D, 0x17, 0xD8, 0x2E, 0x60, 0xE1,
    0xEB, 0xB8, 0xEE, 0x01, 0x35, 0x73, 0x3F, 0x12, 0x8D, 0x1D, 0x1C, 0x33, 0xFA, 0x11, 0x05, 0x79,
    0x7D, 0xCD, 0xD0, 0x6B, 0xA6, 0x1F, 0x49, 0x7C, 0xAB, 0xD1, 0x25, 0x43, 0x4B, 0xE0, 0x31, 0xAD,
    0xF1, 0x69, 0xD5, 0xC7, 0xE8, 0x18, 0xF7, 0x52, 0x9D, 0x45, 0x0E, 0x8F, 0xC4, 0x70, 0xA7, 0x02,
    0x52, 0x3E, 0xF3, 0xF7, 0x47, 0xEA, 0x34, 0xAF, 0x63, 0x9D, 0xCD, 0xA9, 0x37, 0x5D, 0xBC, 0x7E,
    0xF7, 0xA0, 0x18, 0x7D, 0x44, 0x34, 0x33, 0x69, 0x69, 0xD6, 0x02, 0x8C, 0x86, 0x7F, 0x81, 0x9D,
    0x79, 0x81, 0xAF, 0xFE, 0x15, 0x94, 0x1E, 0x0C, 0xA3, 0x81, 0x41, 0xB4, 0x4C, 0x32, 0x45, 0x7C,
    0x41, 0x7C, 0x82, 0xC9, 0xF7, 0x2A, 0xFE, 0x3D, 0x1C, 0x16, 0x29, 0xA6, 0x1F, 0xD6, 0xEC, 0x3A,
    0x48, 0x9E, 0x3B, 0x9A, 0xFC, 0xCF, 0xC7, 0x08, 0xEF, 0xD9, 0x51, 0x1E, 0x3B, 0xC0, 0x15, 0x83,
    0xCB, 0xD9, 0xCA, 0x11, 0xD3, 0x37, 0xD0, 0x7F, 0xF3, 0x10, 0xC3, 0x6C, 0x51, 0xB0, 0xCF, 0x39,
    0x7D, 0xBF, 0xA0, 0x25, 0xBA, 0x14, 0x5A, 0xE4, 0x9D, 0x76, 0xCF, 0x01, 0x55, 0xF9, 0xF8, 0x10,
    0xB9, 0x0A, 0xE2, 0xED, 0x31, 0x16, 0xF0, 0x66, 0x46, 0xE4, 0x46, 0x5E, 0xE4, 0xF6, 0xEF, 0x48,
    0xE0, 0xAE, 0x88, 0x38, 0x62, 0x80, 0x0C, 0x30, 0x90, 0xB2, 0xB4, 0x32, 0x47, 0xAC, 0x80, 0x78,
    0x95, 0xC4, 0x2A, 0xE1, 0x14, 0xFF, 0x49, 0x1F, 0x75, 0x8A, 0xC8, 0x14, 0x0F, 0x4C, 0x79, 0x43,
    0xAB, 0xD8, 0x46, 0xB4, 0xDA, 0x93, 0xC0, 0x37, 0xB7, 0x0A, 0xEB, 0xDE, 0x13, 0x04, 0xEF, 0x41,
    0x92, 0x8A, 0x21, 0x6E, 0xA7, 0xE9, 0x98, 0x70, 0x21, 0x90, 0xBC, 0x8E, 0x88, 0x87, 0x22, 0x68,
    0xE4, 0x5E, 0x2D, 0x92, 0x77, 0xF1, 0x02, 0xDD, 0x1B, 0x4A, 0x59, 0x23, 0x36, 0x82, 0xED, 0xA1,
    0x0E, 0x26, 0xD9, 0xF7, 0x1B, 0xD1, 0xC1, 0xCB, 0x45, 0xC7, 0x75, 0x0E, 0x06, 0xB3, 0xDF, 0x2A,
    0xF1, 0x11, 0x21, 0xE7, 0x60, 0xA9, 0x88, 0x68, 0xFA, 0x81, 0x3F, 0x02, 0x7E, 0xB9, 0xC1, 0x36,
    0xFF, 0x33, 0x18, 0x5F, 0x98, 0x2F, 0x20, 0x83, 0xF9, 0x5C, 0x18, 0x75, 0xF6, 0x7B, 0xCE, 0xF1,
    0xCB, 0x31, 0x2D, 0x06, 0x34, 0xAD, 0xD9, 0xD8, 0x74, 0xEF, 0x27, 0x8B, 0x2B, 0x39, 0x1F, 0x11,
    0xDC, 0x78, 0x39, 0xA2, 0x3F, 0x21, 0xF3, 0x55, 0xC4, 0x06, 0x91, 0x07, 0x7A, 0xA3, 0x0D, 0xE8,
    0x87, 0x86, 0x3B, 0xAD, 0x0D, 0x57, 0x9D, 0xD6, 0x03, 0xBB, 0x88, 0x2B, 0x10, 0xE8, 0x80, 0xFD,
    0xC6, 0x80, 0x82, 0x1E, 0x3C, 0x17, 0xE5, 0x8B, 0xD4, 0xB7, 0x10, 0x5E, 0x60, 0xD6, 0xCF, 0xDE,
    0x00, 0x4F, 0xA3, 0x34, 0xED, 0x5B, 0xE5, 0xBC, 0xCD, 0x9E, 0xAD, 0x7D, 0xF9, 0xEC, 0x3E, 0x25,
    0xAC, 0x7C, 0xCE, 0xBB, 0x0E, 0x02, 0x34, 0xE8, 0xCA, 0x2A, 0x70, 0x0B, 0xD2, 0xC1, 0x7A, 0x7F,
    0xF0, 0x0C, 0x22, 0xDE, 0x9B, 0x84, 0xA6, 0xA0, 0x6F, 0xF3, 0x95, 0x8B, 0xF2, 0xE8, 0x38, 0x7C,
    0x27, 0x6B, 0xC4, 0xD9, 0x1C, 0xEF, 0x5B, 0xBF, 0xD5, 0x56, 0x71, 0x58, 0x6B, 0x29, 0x5A, 0x07,
    0x74, 0xD0, 0x78, 0xB3, 0x36, 0xEB, 0x7D, 0xCB, 0x96, 0xC6, 0x98, 0xFA, 0xD5, 0xBF, 0x68, 0xA7,
    0x88, 0x3F, 0x6F, 0x88, 0x1D, 0xF7, 0x4C, 0x43, 0xB2, 0x93, 0xF7, 0x2C, 0x27, 0xDC, 0x5E, 0xAE,
    0xAB, 0xA3, 0x84, 0x41, 0xF6, 0x54, 0xFF, 0x07, 0x93, 0xF2, 0x99, 0xC8, 0xA5, 0xCC, 0xE5, 0x06,
    0xD7, 0xD7, 0x2C, 0xC5, 0x11, 0x46, 0x9C, 0xC4, 0x46, 0x8B, 0x09, 0xF5, 0xC1, 0x4B, 0xF3, 0xF5,
    0x4B, 0x63, 0x4B, 0xE1, 0xB1, 0x76, 0xA9, 0x1D, 0xB4, 0x5D, 0x46, 0xA7, 0x45, 0x6E, 0x66, 0x29,
    0x45, 0xEB, 0x27, 0xE1, 0x37, 0xFF, 0x34, 0xB6, 0xAD, 0xAC, 0xA5, 0x2F, 0xC6, 0x2B, 0x23, 0xD8,
    0xC8, 0x3F, 0x08, 0x0E, 0x0F, 0xC9, 0x7E, 0x09, 0xDB, 0x52, 0x46, 0xD3, 0x78, 0xC6, 0x0D, 0x51,
    0x13, 0xB1, 0xC5, 0x5B, 0x23, 0xD3, 0x02, 0x57, 0xC6, 0xD7, 0x32, 0xB5, 0xF0, 0x16, 0xAB, 0x09,
    0xAA, 0x46, 0x17, 0xA4, 0xC0, 0x5D, 0x61, 0xCD, 0xA0, 0xEF, 0x7D, 0x08, 0xEE, 0x63, 0xA4, 0xFE,
    0xEB, 0xF8, 0x43, 0x76, 0xA6, 0x5A, 0x74, 0xAC, 0x60, 0x35, 0x7E, 0xDC, 0x32, 0x18, 0x20, 0x40,
    0x59, 0x25, 0x75, 0xF2, 0x3A, 0x9E, 0x7F, 0xA6, 0x37, 0xEB, 0x22, 0x98, 0xF3, 0x53, 0x0E, 0x00,
    0x7C, 0xD4, 0x88, 0x68, 0x10, 0xB1, 0x9E, 0xBC, 0xAB, 0xD3, 0x71, 0xA1, 0x32, 0xCF, 0x90, 0xD9,
    0x16, 0x51, 0x66, 0x87, 0x10, 0xC1, 0xB7, 0x3B, 0xEC, 0xB0, 0x2B, 0xEA, 0xBD, 0xBF, 0x7A, 0xF9,
    0xD9, 0x8E, 0x3E, 0xDA, 0x41, 0xDC, 0x2B, 0x64, 0x0A, 0x51, 0xA9, 0xAC, 0x5E, 0x9D, 0x3B, 0x14,
    0xD3, 0x35, 0x50, 0x44, 0x49, 0x99, 0x3F, 0x0E, 0x9C, 0x6C, 0x6D, 0xAA, 0x68, 0x48, 0x22, 0x98,
    0x63, 0x12, 0xBA, 0xF6, 0x34, 0x64, 0x77, 0x24, 0x46, 0xE9, 0xB5, 0x5C, 0x35, 0x8D, 0xEE, 0x91,
    0x39, 0xB0, 0xD8, 0x1D, 0x8D, 0x6F, 0x2D, 0xAD, 0xD5, 0x9D, 0x88, 0x51, 0xBA, 0x2A, 0x7E, 0xC1,
    0x37, 0xA8, 0x44, 0xED, 0x12, 0x20, 0x75, 0x77, 0x67, 0xFA, 0xE8, 0x2D, 0xAB, 0x61, 0x3D, 0x7A,
    0x1F, 0x5A, 0x90, 0xD3, 0x1C, 0xC6, 0xEB, 0xFB, 0x8B, 0x3A, 0x6F, 0x14, 0x86, 0x16, 0x80, 0x52,
    0x54, 0x9D, 0xDD, 0xA6, 0x0B, 0x29, 0x7C, 0xF6, 0x7C, 0x63, 0x9E, 0x35, 0xCE, 0x80, 0x48, 0x5E,
    0x4F, 0x35, 0x7F, 0x7A, 0x6A, 0x01, 0xAE, 0x9E, 0x83, 0x55, 0x1E, 0x87, 0x55, 0xCF, 0x71, 0xE1,
    0x13, 0x70, 0x6A, 0xE1, 0x0B, 0xDD, 0xC4, 0x1D, 0xFB, 0xBB, 0x45, 0xEB, 0x0E, 0xD3, 0xB0, 0xE2,
    0x81, 0x3C, 0xF2, 0x17, 0x05, 0xE7, 0x04, 0x2F, 0x03, 0xA7, 0x3E, 0xFF, 0xBB, 0x64, 0x70, 0x7A,
    0xEA, 0xF3, 0xF5, 0x44, 0xB8, 0x3D, 0xCE, 0xA8, 0xFD, 0x14, 0x9E, 0x9F, 0x14, 0x9F, 0xFC, 0x3F,
    0x38, 0xE5, 0xE3, 0xBC, 0xE8, 0xCF, 0x23, 0xBF, 0xC3, 0x3E, 0x46, 0x10, 0x4A, 0x8F, 0x9D, 0x78,
    0x40, 0xCF, 0xE2, 0xE6, 0xAF, 0x50, 0x80, 0x5C, 0xD0, 0x20, 0x8D, 0xB0, 0x39, 0x66, 0xC5, 0x07,
    0xB6, 0x30, 0x11, 0x2A, 0xB9, 0x14, 0xDB, 0x04, 0xA4, 0x48, 0x61, 0x5A, 0x87, 0x8D, 0xC9, 0x03,
    0xC0, 0x9A, 0x00, 0xBB, 0x9B, 0xE3, 0x1C, 0xDF, 0x43, 0xA4, 0x4F, 0x27, 0xEF, 0x82, 0x06, 0x0C,
    0xB5, 0x9F, 0x30, 0x12, 0x67, 0xF4, 0x2B, 0x7E, 0x5C, 0xFC, 0x16, 0xEE, 0x37, 0x1C, 0x5B, 0x2D,
    0xF5, 0xB0, 0x45, 0xFB, 0xA5, 0x39, 0x69, 0x13, 0x74, 0x91, 0xB6, 0x0F, 0x83, 0xD8, 0x3A, 0xA0,
    0xA2, 0x50, 0x82, 0xD9, 0x99, 0x8C, 0x45, 0x45, 0x7B, 0x68, 0xF7, 0x08, 0xC8, 0x5E, 0xEE, 0x0A,
    0x4E, 0x9D, 0xB8, 0xCE, 0x0F, 0x36, 0x81, 0x63, 0x75, 0x1F, 0x4D, 0xFD, 0x88, 0x0A, 0x3F, 0x16,
    0xF8, 0xB1, 0xB2, 0x4F, 0x00, 0xAA, 0x3A, 0xB5, 0x58, 0xB4, 0x17, 0x39, 0xD6, 0x25, 0x36, 0x37,
    0x52, 0x3D, 0x67, 0x29, 0x13, 0x80, 0xAE, 0x65, 0x24, 0x1F, 0x25, 0x0A, 0x08, 0x12, 0xB4, 0xBE,
    0xBE, 0xC2, 0xD4, 0x41, 0xE1, 0x0B, 0xF4, 0x20, 0x13, 0x34, 0xC1, 0x1C, 0x47, 0x99, 0xF0, 0x98,
    0x7C, 0x47, 0xF5, 0x23, 0xB7, 0x54, 0x8C, 0x3F, 0x3A, 0x96, 0x28, 0xE3, 0x23, 0x76, 0x8E, 0x46,
    0x11, 0x1F, 0xCB, 0x79, 0xCE, 0x33, 0x46, 0x2A, 0x59, 0xB8, 0x43, 0x8E, 0x25, 0xAA, 0x5D, 0xFD,
    0xB3, 0x7B, 0x95, 0x30, 0xE4, 0x3A, 0xEF, 0x4E, 0x53, 0x65, 0xDF, 0xAC, 0x10, 0xF0, 0x57, 0x16,
    0x1A, 0xC4, 0x4C, 0x2D, 0x3F, 0x2D, 0x3E, 0xBD, 0x47, 0x09, 0x87, 0xE9, 0x39, 0xE4, 0xD9, 0x5E,
    0x31, 0x4E, 0x80, 0xAF, 0xF6, 0x4E, 0x36, 0xF8, 0x40, 0xC3, 0xF9, 0xBD, 0xEB, 0xF7, 0x6F, 0xF1,
    0x2F, 0x7E, 0x50, 0x87, 0x13, 0xEE, 0xF5, 0xAE, 0xA6, 0xFB, 0xDE, 0x65, 0x6B, 0xEC, 0xED, 0x31,
    0x17, 0xFC, 0x81, 0x9B, 0x07, 0xFD, 0x94, 0x49, 0x71, 0x04, 0x1E, 0xB5, 0x4A, 0xF8, 0xFA, 0xF1,
    0x3A, 0x0F, 0x96, 0x46, 0x51, 0x07, 0xB2, 0x03, 0x9E, 0x52, 0x2F, 0x3B, 0xF9, 0x7A, 0xF5, 0xA7,
    0xDF, 0xE7, 0x3B, 0x92, 0xAF, 0x80, 0x6F, 0xFD, 0x16, 0x7C, 0x5B, 0x0B, 0xBE, 0xFD, 0x0C, 0xA6,
    0x87, 0x27, 0xC0, 0xD7, 0xE0, 0xFB, 0xAD, 0x07, 0xDF, 0xFF, 0x58, 0xF0, 0x95, 0x05, 0x7C, 0x65,
    0x22, 0xDF, 0x4B, 0xF2, 0xCD, 0x11, 0x7B, 0xFB, 0x0E, 0x7C, 0xFB, 0x39, 0xD9, 0x9C, 0xEC, 0xCE,
    0x1C, 0x4F, 0xEE, 0x0C, 0xE0, 0x1A, 0xED, 0x16, 0x41, 0x64, 0x07, 0x78, 0xDF, 0xF8, 0x00, 0x4E,
    0xC6, 0x27, 0x59, 0xA0, 0x6C, 0x7C, 0x08, 0xD8, 0xD8, 0x81, 0xDB, 0xB7, 0x98, 0xB5, 0x91, 0x65,
    0x0C, 0x06, 0x15, 0x8F, 0xC1, 0xCC, 0xBD, 0x38, 0x83, 0x28, 0x19, 0xA6, 0x5A, 0xF3, 0x6D, 0x1A,
    0x5F, 0x4C, 0x2A, 0x91, 0x3A, 0x31, 0xAD, 0xBD, 0x4B, 0x31, 0x6A, 0x07, 0x51, 0x34, 0xBD, 0x10,
    0x41, 0xC6, 0x29, 0x4A, 0x31, 0x2C, 0x51, 0xBA, 0xCE, 0xDE, 0x9D, 0x18, 0x95, 0xAD, 0xAD, 0x46,
    0x2E, 0x9D, 0xEF, 0x1D, 0x1E, 0xBE, 0x15, 0xCD, 0xDA, 0x2E, 0x77, 0x27, 0xC1, 0xF5, 0xE8, 0x58,
    0x8D, 0x72, 0xAB, 0x46, 0x79, 0xBD, 0xAD, 0xAA, 0x01, 0xCF, 0xF1, 0x05, 0x96, 0x46, 0x7A, 0x33,
    0x23, 0x83, 0x0E, 0xD6, 0x1F, 0xA3, 0x2E, 0xB2, 0xC5, 0xD0, 0x84, 0x6B, 0xC6, 0x09, 0xDF, 0x7A,
    0x20, 0xAB, 0x30, 0x03, 0xE6, 0x6D, 0x25, 0x58, 0x8B, 0x4A, 0xE1, 0x63, 0x45, 0x87, 0x62, 0x00,
    0x1A, 0x0F, 0x1C, 0x9D, 0x3E, 0x80, 0x98, 0xB7, 0xDE, 0x4B, 0x9D, 0x4E, 0xE1, 0x94, 0xB0, 0xD1,
    0x4C, 0xD0, 0xA8, 0xC1, 0x05, 0xDF, 0xFE, 0xE8, 0x59, 0x1E, 0xE2, 0x09, 0x1B, 0x65, 0xE2, 0x33,
    0x76, 0x8A, 0xEE, 0x66, 0xC9, 0xBA, 0x81, 0xE9, 0x79, 0x97, 0x2A, 0x5E, 0xE0, 0x1F, 0xE0, 0x3F,
    0xD6, 0x40, 0x1C, 0x20, 0x0A, 0xE7, 0xF1, 0x1A, 0x91, 0xFD, 0x20, 0x4E, 0x09, 0xCD, 0x92, 0xAB,
    0xE6, 0x89, 0xF1, 0xC5, 0xAA, 0x79, 0x64, 0xB9, 0xFA, 0x3D, 0xE2, 0x95, 0xB8, 0xB4, 0x9F, 0xD0,
    0x6A, 0xFA, 0xC7, 0x83, 0xE3, 0xCD, 0xAA, 0xF9, 0xDE, 0xDE, 0xA8, 0x9D, 0x5F, 0x33, 0xEA, 0x7F,
    0xA4, 0x41, 0x9F, 0xA0, 0x57, 0xC6, 0x75, 0x04, 0xCE, 0xB9, 0xC2, 0xE1, 0x61, 0x68, 0xE7, 0xBF,
    0xDD, 0x7C, 0x31, 0xAC, 0xDD, 0xD8, 0x71, 0xF6, 0x90, 0x84, 0x45, 0xFC, 0xE2, 0x8F, 0x30, 0x08,
    0x82, 0x14, 0x52, 0x10, 0x36, 0x2E, 0x82, 0x8D, 0x03, 0xB6, 0x69, 0x8C, 0x43, 0xDB, 0x80, 0x1B,
    0x17, 0x51, 0xE1, 0xDE, 0x4D, 0x02, 0x24, 0x06, 0x02, 0xB5, 0x2E, 0x02, 0x93, 0x8E, 0xCB, 0x34,
    0xAA, 0x52, 0x6F, 0xA1, 0xC2, 0xB9, 0x4A, 0xA0, 0x14, 0x5B, 0x66, 0x75, 0xB8, 0xEB, 0xC2, 0xA5,
    0x99, 0xA4, 0x4C, 0xB1, 0x74, 0xA2, 0x22, 0x91, 0x0A, 0x31, 0x01, 0x63, 0x53, 0x6F, 0xC9, 0x33,
    0xE1, 0xF7, 0x9D, 0x7B, 0x74, 0x9E, 0xEE, 0x5D, 0x29, 0xDA, 0xB5, 0xFD, 0x76, 0x9F, 0x88, 0xCB,
    0x6F, 0xAE, 0xEE, 0xE3, 0x25, 0xE7, 0x7C, 0x33, 0x9C, 0x99, 0x33, 0x3C, 0x57, 0x22, 0x89, 0xAA,
    0x36, 0x22, 0xE9, 0x2E, 0x44, 0x24, 0xF3, 0x22, 0x3D, 0x1C, 0x0E, 0x72, 0xB6, 0x15, 0x1B, 0x45,
    0xE9, 0x28, 0x6A, 0xA5, 0x30, 0x5E, 0x28, 0x45, 0xC2, 0x73, 0x49, 0xE6, 0x45, 0xAE, 0xDA, 0xE1,
    0xF8, 0x4D, 0xFB, 0x5D, 0x54, 0x2B, 0x85, 0x99, 0x2D, 0x44, 0x3B, 0xD9, 0x01, 0x5F, 0x1B, 0xDA,
    0x11, 0x17, 0xEF, 0x21, 0x32, 0xED, 0xCC, 0x24, 0x52, 0xA8, 0x40, 0x94, 0x8E, 0xA2, 0x5E, 0xC5,
    0xCC, 0xB8, 0x8C, 0xEA, 0x22, 0x62, 0xBD, 0xD8, 0x51, 0x57, 0x49, 0xBD, 0xC8, 0xB5, 0x93, 0x72,
    0x95, 0x52, 0x71, 0x29, 0xA9, 0x9C, 0xFF, 0xEA, 0x2A, 0x52, 0xE0, 0xAD, 0xEA, 0x1A, 0x11, 0xDF,
    0xBD, 0x79, 0x38, 0xDC, 0x97, 0x97, 0xB6, 0x54, 0xEF, 0xB5, 0x9D, 0xD4, 0xBA, 0x6A, 0xC3, 0x0B,
    0x48, 0xAA, 0x17, 0x3B, 0xE6, 0xDA, 0x54, 0x2A, 0xE5, 0x86, 0xF3, 0x54, 0xAB, 0xE4, 0x4E, 0xEA,
    0x59, 0xF2, 0x0D, 0x5A, 0x15, 0x2B, 0xB0, 0xDC, 0x71, 0x0C, 0xB8, 0x00, 0xAB, 0x19, 0x9F, 0x9B,
    0x1D, 0x17, 0xD1, 0x49, 0x2A, 0x7D, 0xB8, 0x63, 0xA9, 0xAA, 0x13, 0x38, 0x31, 0xA3, 0xC8, 0xDD,
    0xC7, 0x40, 0x91, 0x4D, 0x0C, 0x28, 0x72, 0xD2, 0xE2, 0x5F, 0xF6, 0x6B, 0xE4, 0xB4, 0xD5, 0xD5,
    0x33, 0x3B, 0x41, 0xDC, 0xD0, 0xE6, 0xED, 0xB0, 0x41, 0x36, 0x25, 0xEB, 0x8E, 0x4B, 0xBE, 0x50,
    0x2D, 0x0C, 0x4E, 0xA9, 0x47, 0xFD, 0x5C, 0x3E, 0x7F, 0x4B, 0x14, 0x5B, 0x24, 0xB4, 0xD6, 0x48,
    0xA7, 0x02, 0x3D, 0x99, 0x19, 0x31, 0x77, 0xA0, 0xB2, 0x24, 0x85, 0xD5, 0x02, 0x06, 0xCD, 0x04,
    0x6C, 0xC7, 0x76, 0x10, 0x21, 0x7D, 0xA9, 0x76, 0x66, 0x94, 0x4C, 0xA9, 0x99, 0xF3, 0x9A, 0x01,
    0x6B, 0x55, 0x9D, 0x8F, 0xFC, 0x59, 0x22, 0x69, 0x4B, 0xC9, 0x5A, 0xAE, 0xB2, 0xA3, 0xA7, 0xAE,
    0xDA, 0x40, 0x59, 0x20, 0x4E, 0x24, 0x9F, 0x81, 0x75, 0x03, 0x7C, 0x1F, 0x90, 0xAC, 0xC0, 0xD4,
    0xFD, 0x1D, 0x90, 0xEE, 0x92, 0x10, 0xA5, 0x1D, 0xDE, 0x94, 0xBD, 0xED, 0x15, 0xEC, 0x2D, 0x67,
    0xEC, 0x4D, 0x67, 0xEC, 0x8D, 0x97, 0xD8, 0x83, 0x5F, 0xC9, 0x1F, 0x02, 0x92, 0x09, 0x98, 0x0F,
    0xC0, 0x92, 0x58, 0x5D, 0x0C, 0x40, 0x05, 0x96, 0xC4, 0xD4, 0x09, 0xB7, 0x1B, 0xF7, 0x81, 0xF5,
    0x04, 0x6C, 0x7B, 0xA0, 0x02, 0xD2, 0x0D, 0x98, 0x2F, 0x3C, 0xE4, 0x9E, 0xC4, 0x8D, 0x1F, 0xE8,
    0x7F, 0x08, 0xFD, 0xAE, 0x93, 0x9C, 0x4C, 0x56, 0x74, 0xBA, 0xD6, 0x35, 0xF5, 0x96, 0xE8, 0x2C,
    0xD9, 0x94, 0x69, 0x2F, 0x49, 0x57, 0x68, 0xE3, 0x4D, 0x49, 0x57, 0x07, 0xD6, 0x44, 0x33, 0x47,
    0x6C, 0xA7, 0xD7, 0xA1, 0x3F, 0x06, 0xFC, 0x7F, 0x59, 0xEA, 0x0D, 0x9C, 0x97, 0x7A, 0xEF, 0xB6,
    0x36, 0xB8, 0xAC, 0xC2, 0x1B, 0x40, 0x76, 0xAD, 0x18, 0x51, 0x62, 0xE9, 0xBD, 0x60, 0x52, 0xA4,
    0xC4, 0xF7, 0xEA, 0x31, 0x8C, 0x89, 0xA1, 0x94, 0xC6, 0xB9, 0x13, 0xC6, 0x80, 0xA3, 0x0B, 0x7C,
    0xB1, 0x55, 0x9D, 0x13, 0xBD, 0xB0, 0x6B, 0xA6, 0x5D, 0x31, 0x96, 0x4E, 0xD2, 0xA6, 0x5C, 0x45,
    0x60, 0x14, 0x01, 0xE5, 0x01, 0x46, 0x0F, 0xF1, 0xB3, 0xFF, 0x8F, 0xD1, 0xB4, 0x52, 0xEA, 0x03,
    0xED, 0x0A, 0x55, 0x27, 0x09, 0xA8, 0x90, 0xDB, 0xAE, 0xA1, 0x0D, 0xDE, 0x05, 0x16, 0x7E, 0xD4,
    0x0E, 0x68, 0x95, 0xB4, 0x9B, 0x5E, 0xA4, 0x58, 0xAA, 0x51, 0xE4, 0xE6, 0x3D, 0x30, 0x7B, 0x6D,
    0x88, 0xDD, 0x40, 0xA2, 0xD2, 0x81, 0x3A, 0x11, 0xF3, 0x0C, 0x37, 0x59, 0x39, 0x49, 0xB6, 0xE5,
    0xCB, 0xCE, 0x6B, 0xF2, 0xED, 0x2B, 0x22, 0x36, 0x9B, 0x80, 0xE5, 0x02, 0xAC, 0x3C, 0xCE, 0xC0,
    0x62, 0xB8, 0x46, 0x5E, 0x9A, 0x40, 0xF1, 0x0C, 0x8C, 0xE6, 0x0E, 0x80, 0x0B, 0xA6, 0xB3, 0x70,
    0xBB, 0x1A, 0x1E, 0xD3, 0xFB, 0xE9, 0x7D, 0xDC, 0x14, 0xE5, 0x24, 0x92, 0xC0, 0x29, 0x41, 0x95,
    0x1F, 0x06, 0xB0, 0xF2, 0x29, 0xAF, 0xBB, 0x3E, 0x9C, 0x26, 0x8E, 0x21, 0x4D, 0x0B, 0x50, 0x6B,
    0x1E, 0x82, 0x88, 0x5A, 0xBB, 0x17, 0x5A, 0x64, 0x0B, 0x50, 0xEE, 0xBC, 0x4C, 0xB0, 0x67, 0x98,
    0x14, 0x0B, 0x39, 0x16, 0x92, 0x2C, 0x64, 0x59, 0x48, 0x33, 0x79, 0x26, 0x9F, 0x11, 0x47, 0x8F,
    0xF1, 0x13, 0xB2, 0xED, 0xE9, 0xF6, 0x7C, 0x0B, 0x09, 0xF7, 0x8C, 0x07, 0xCA, 0xA5, 0x98, 0xCB,
    0x19, 0x9C, 0x1B, 0x28, 0xED, 0x48, 0x91, 0xDD, 0xE2, 0x60, 0xAB, 0x13, 0x0F, 0xAE, 0x55, 0x1F,
    0xFB, 0x2C, 0xDF, 0x10, 0x47, 0xE2, 0x0C, 0x82, 0xEC, 0x0A, 0xAC, 0x37, 0xB1, 0xD4, 0x55, 0x3D,
    0x0E, 0xA8, 0x13, 0xB4, 0xDF, 0x31, 0x01, 0xBA, 0x94, 0xC8, 0xAC, 0xE6, 0x32, 0xE0, 0x96, 0x69,
    0x43, 0x84, 0x55, 0x72, 0x85, 0xC6, 0x85, 0xE2, 0xF2, 0xE0, 0xC8, 0x4E, 0x3B, 0x26, 0x3A, 0x96,
    0x9B, 0xE4, 0xDA, 0x57, 0xAB, 0xDC, 0x45, 0xA2, 0x52, 0xDD, 0x2E, 0xA5, 0xCB, 0x0E, 0xF8, 0x58,
    0xB8, 0x85, 0x5B, 0xAE, 0x9E, 0x02, 0x07, 0x66, 0xF6, 0x32, 0xB0, 0xE4, 0x65, 0x3B, 0xE0, 0x38,
    0xC8, 0xB2, 0x27, 0xEF, 0xBD, 0x81, 0x10, 0xED, 0xBF, 0x72, 0x94, 0x02, 0xA2, 0xEE, 0xD1, 0x58,
    0x95, 0x3E, 0xF7, 0xBC, 0x1C, 0x0B, 0x5F, 0xBD, 0xA0, 0xF4, 0x39, 0x53, 0x7C, 0xD6, 0x84, 0x5C,
    0x25, 0x87, 0xF4, 0x99, 0x53, 0x7C, 0xEE, 0xF4, 0xB2, 0xA4, 0x1C, 0xA3, 0x5C, 0xBC, 0xAC, 0x28,
    0x27, 0xCF, 0xB5, 0xCF, 0xA3, 0xC2, 0x4C, 0x0A, 0x59, 0xAA, 0x42, 0x86, 0x6C, 0x1A, 0xAB, 0x91,
    0x8A, 0xC3, 0x05, 0x01, 0x1D, 0xD1, 0xDB, 0x60, 0xC1, 0x59, 0x5A, 0x26, 0xEB, 0xCA, 0x49, 0x3B,
    0x81, 0x7D, 0x3B, 0x91, 0xFD, 0x51, 0x72, 0x85, 0x25, 0x02, 0xDE, 0xD2, 0x27, 0x3F, 0x2A, 0xD4,
    0xA8, 0xAE, 0xC4, 0xA5, 0x74, 0x70, 0xB6, 0x60, 0x09, 0x6F, 0x03, 0xA0, 0x59, 0x60, 0x09, 0x4B,
    0x4B, 0x28, 0x2C, 0x91, 0x6B, 0x5F, 0x6E, 0xC1, 0x06, 0x4E, 0x80, 0xB3, 0xD4, 0x27, 0x36, 0xA8,
    0xA3, 0x57, 0x1E, 0xEC, 0x05, 0xFD, 0x4D, 0xC1, 0x9A, 0xBA, 0x80, 0xE0, 0x1B, 0xA8, 0x01, 0xC9,
    0x34, 0x78, 0x7E, 0x75, 0x55, 0x52, 0xBE, 0x61, 0x4D, 0xB7, 0xBC, 0x61, 0x4D, 0x67, 0xC0, 0x9B,
    0xB4, 0x01, 0x07, 0x91, 0xEF, 0x1E, 0x0E, 0xDD, 0xA9, 0xAF, 0xEB, 0xEA, 0xB9, 0x25, 0xCE, 0x1E,
    0x5F, 0x0A, 0x09, 0x76, 0x04, 0xAA, 0xC7, 0x21, 0xBA, 0x0E, 0xF9, 0x49, 0x5F, 0xE0, 0x86, 0xAB,
    0xEB, 0xEA, 0x73, 0xD5, 0x11, 0x73, 0x62, 0x41, 0x2C, 0x1D, 0x71, 0x8B, 0x58, 0xAD, 0x44, 0x7C,
    0xEB, 0x5C, 0x11, 0xC6, 0x88, 0x0D, 0xB0, 0x4A, 0x09, 0x38, 0x9D, 0xB0, 0x3C, 0xF4, 0x81, 0xBA,
    0xC7, 0xD0, 0x26, 0xD1, 0x0B, 0xBB, 0x64, 0xDA, 0x94, 0x6B, 0xB1, 0xED, 0xF4, 0x95, 0x8B, 0x64,
    0x5B, 0x75, 0x71, 0x78, 0xB0, 0xD5, 0xD0, 0xCC, 0xE0, 0xE4, 0x1E, 0x62, 0xDC, 0xDE, 0x69, 0x46,
    0xE4, 0xA8, 0x7B, 0x04, 0x8E, 0x01, 0xF1, 0xAD, 0x49, 0x54, 0x97, 0x10, 0x35, 0x2A, 0xC4, 0x23,
    0xA9, 0xFA, 0x72, 0xD8, 0x71, 0x44, 0x39, 0x53, 0xFA, 0xF2, 0x57, 0xB7, 0x40, 0xCA, 0x75, 0x21,
    0x32, 0x9B, 0x65, 0x95, 0x6C, 0xCD, 0x57, 0x49, 0xF9, 0x6F, 0x55, 0x8C, 0xC9, 0xC9, 0x15, 0xB2,
    0x29, 0x65, 0x1F, 0x63, 0x77, 0xEB, 0x71, 0x00, 0xD6, 0xCD, 0xF5, 0xE1, 0x51, 0x12, 0x00, 0x8B,
    0x86, 0x12, 0x50, 0x00, 0xB2, 0xF1, 0x0A, 0x79, 0xFC, 0x42, 0xB3, 0x23, 0x45, 0x0F, 0xFC, 0x7E,
    0x28, 0xB4, 0xE8, 0x78, 0x2C, 0xB5, 0xDE, 0x03, 0xF2, 0x98, 0x8C, 0x28, 0xB6, 0xFB, 0xB5, 0x51,
    0xB5, 0xEE, 0x54, 0x71, 0xF0, 0x98, 0x98, 0x85, 0xB6, 0x02, 0x40, 0xF1, 0x4F, 0x80, 0xC1, 0x68,
    0xBE, 0x74, 0x07, 0x63, 0x19, 0xEB, 0x11, 0xE5, 0x01, 0xD4, 0xC9, 0x9C, 0x23, 0x4B, 0x4B, 0xE4,
    0xD0, 0x74, 0xD7, 0xC7, 0x37, 0xD3, 0x0D, 0x65, 0xAD, 0xA2, 0xD0, 0x69, 0x71, 0x67, 0x19, 0x6D,
    0x8E, 0xDF, 0x2C, 0xE8, 0xB9, 0xCD, 0x55, 0xDD, 0xE8, 0xC9, 0x3D, 0x60, 0x39, 0xC7, 0x9A, 0x56,
    0x95, 0x45, 0x77, 0xDB, 0xE0, 0x63, 0x54, 0xBC, 0xB7, 0xEE, 0xDD, 0x7C, 0xD5, 0x04, 0xAC, 0x7F,
    0x45, 0x7D, 0x3B, 0x66, 0xA0, 0xB1, 0xC9, 0x7D, 0x7D, 0xAB, 0xA4, 0x62, 0xBB, 0x54, 0xDF, 0x2E,
    0xC9, 0xE1, 0xF0, 0xAE, 0x99, 0x11, 0xDF, 0xDA, 0x09, 0xCD, 0x95, 0x80, 0xA8, 0xAF, 0xEC, 0x8E,
    0x3A, 0xB6, 0xC0, 0xC1, 0xA3, 0x99, 0x61, 0x17, 0xB3, 0x4A, 0xA2, 0x7D, 0xC5, 0x9C, 0x5F, 0xE8,
    0x13, 0xAB, 0x1D, 0x8C, 0xC2, 0xFC, 0x0C, 0xBC, 0xA1, 0x23, 0x2F, 0xE4, 0x00, 0x19, 0xAF, 0x5C,
    0xF8, 0x7E, 0xCD, 0xB3, 0x11, 0xDA, 0xFE, 0x35, 0x68, 0x77, 0x98, 0xDF, 0xEE, 0x93, 0xB0, 0x6F,
    0xC7, 0xFA, 0xF6, 0x71, 0x35, 0x82, 0x61, 0x33, 0xD0, 0x4E, 0xBD, 0x58, 0x67, 0xB5, 0x4F, 0xC0,
    0x55, 0x9F, 0x69, 0x93, 0x69, 0x97, 0x23, 0xF9, 0x37, 0xC5, 0x06, 0x2C, 0xD7, 0x1D, 0xA5, 0xA4,
    0x27, 0x80, 0x7E, 0x17, 0xB1, 0xD8, 0xF0, 0x39, 0x5E, 0x0E, 0x4C, 0xE6, 0xFA, 0x84, 0x0E, 0x43,
    0xB2, 0x55, 0x9F, 0x71, 0x4A, 0x51, 0x91, 0xE7, 0x3A, 0x96, 0xC7, 0x28, 0x3B, 0xFE, 0x9F, 0xA0,
    0xF6, 0xAC, 0x2F, 0xAC, 0x32, 0xEF, 0xAF, 0x44, 0xF4, 0xB6, 0x8E, 0x33, 0xCA, 0x72, 0xC8, 0xE6,
    0x1D, 0xC7, 0x7C, 0x82, 0x77, 0x54, 0xA3, 0x80, 0xF4, 0x9E, 0x95, 0x0B, 0x6B, 0xB0, 0x59, 0xAE,
    0x8F, 0x75, 0x56, 0xB1, 0x3B, 0xFA, 0x39, 0x08, 0x94, 0xC2, 0x58, 0xC1, 0x46, 0xE1, 0x82, 0xC7,
    0x5F, 0x1F, 0xBB, 0x48, 0x3E, 0xC6, 0x39, 0x60, 0x1D, 0xCF, 0x80, 0xE4, 0x79, 0x8D, 0xEE, 0x97,
    0x7F, 0x04, 0x64, 0x7A, 0x09, 0x5D, 0x48, 0x09, 0xD7, 0xC8, 0x22, 0x5F, 0x7C, 0x9E, 0xE3, 0xE6,
    0xA3, 0x4F, 0xEA, 0x4E, 0x73, 0x49, 0x46, 0x94, 0x2D, 0x76, 0x4C, 0xB3, 0x89, 0xD8, 0xCB, 0xD9,
    0xF6, 0x1B, 0x44, 0x43, 0x5C, 0x01, 0x29, 0x31, 0xD8, 0xB1, 0x39, 0xB1, 0xA6, 0xDC, 0xB9, 0x7E,
    0xD6, 0x04, 0x07, 0x91, 0x1C, 0xA9, 0xB4, 0x81, 0xB0, 0x0F, 0x7B, 0x92, 0x57, 0x32, 0x6C, 0xAC,
    0xC5, 0x69, 0xF4, 0xA3, 0x29, 0x39, 0xDB, 0x42, 0x8E, 0xC7, 0xBB, 0x20, 0xEC, 0x28, 0x34, 0xDB,
    0x51, 0x0C, 0x62, 0x21, 0x7A, 0x7C, 0x90, 0x40, 0x0C, 0x47, 0x01, 0xB5, 0xF6, 0x77, 0x60, 0x91,
    0xCF, 0x09, 0x82, 0x90, 0xEC, 0x44, 0x88, 0x14, 0x30, 0xBA, 0x9F, 0x6F, 0x53, 0x80, 0x03, 0xA9,
    0x56, 0xBC, 0x0B, 0xA2, 0x5E, 0xF0, 0x0E, 0xEA, 0x50, 0xCC, 0xF8, 0xC0, 0xF7, 0xA8, 0xA3, 0x62,
    0x13, 0x06, 0x7B, 0x3F, 0x14, 0xAB, 0x2C, 0xF5, 0x5B, 0x6D, 0x24, 0x51, 0xD3, 0xEF, 0x1F, 0x95,
    0xE3, 0xDE, 0x5B, 0xBE, 0xC1, 0x46, 0x29, 0x92, 0x71, 0xA0, 0xB0, 0x25, 0x0C, 0x61, 0xEA, 0xAA,
    0x11, 0x3A, 0x91, 0xC4, 0x3F, 0x1D, 0xBB, 0xA1, 0x5D, 0xAA, 0x46, 0x27, 0x56, 0x2F, 0x99, 0x3A,
    0xEB, 0x72, 0x1D, 0x0A, 0xCD, 0xA1, 0x7D, 0xE1, 0x76, 0xA0, 0x45, 0x01, 0xAE, 0x5C, 0x24, 0xDF,
    0xAA, 0x79, 0x87, 0x7A, 0x96, 0x62, 0xAD, 0x31, 0x95, 0x35, 0x00, 0x4E, 0x64, 0xD9, 0x5D, 0x6F,
    0x07, 0xA9, 0xF1, 0x0C, 0xA6, 0x9E, 0xB4, 0xC7, 0x10, 0x4E, 0xD8, 0x1C, 0x2F, 0xB1, 0x59, 0x2A,
    0xB6, 0xB5, 0xF2, 0xA2, 0xF6, 0xE2, 0xB6, 0x3E, 0x39, 0x3C, 0xD0, 0xFB, 0xB0, 0x7A, 0x06, 0x0D,
    0x3A, 0xA1, 0x22, 0x0D, 0xC8, 0x23, 0xA9, 0x4E, 0x72, 0x08, 0xB0, 0x19, 0xC5, 0x1A, 0x49, 0x85,
    0x71, 0x4F, 0xD9, 0x5C, 0xCF, 0xD9, 0xC4, 0x07, 0xD1, 0xDA, 0xA4, 0x37, 0xEA, 0x17, 0x19, 0x24,
    0x79, 0x85, 0x72, 0x36, 0x1E, 0xE0, 0xA6, 0x3E, 0xB9, 0xF7, 0x12, 0x83, 0xDF, 0x3C, 0x63, 0x30,
    0xFB, 0xBF, 0x19, 0xAC, 0xDE, 0x98, 0xC1, 0xE6, 0xFD, 0x44, 0xA7, 0x35, 0x53, 0x5D, 0x8A, 0x8F,
    0x75, 0x2A, 0x87, 0xB6, 0x8B, 0x7E, 0xBC, 0x70, 0x80, 0xC1, 0x83, 0xB9, 0x73, 0x0C, 0xD8, 0x07,
    0x8C, 0x85, 0xFE, 0x9A, 0x72, 0xEF, 0xC8, 0xA3, 0xDF, 0x05, 0xB4, 0x82, 0x53, 0x10, 0x47, 0xD6,
    0xCA, 0x95, 0x04, 0x72, 0xE7, 0x69, 0xC3, 0xA9, 0xE1, 0x78, 0x7F, 0x92, 0xBC, 0x9B, 0xEB, 0x37,
    0xA6, 0x52, 0x75, 0xAC, 0x55, 0x7B, 0xF3, 0x4D, 0x77, 0x29, 0x48, 0xF4, 0x7E, 0x57, 0xEC, 0x1D,
    0x38, 0xE1, 0x9E, 0xAA, 0x48, 0x16, 0x76, 0xC7, 0x87, 0x09, 0xDC, 0x31, 0xC3, 0x2A, 0xB1, 0x2F,
    0x7E, 0xC7, 0x6D, 0x5F, 0x4F, 0xDC, 0x61, 0xD9, 0x0D, 0xDD, 0x81, 0x72, 0xDF, 0x6F, 0x1C, 0x0E,
    0x3F, 0xBA, 0xEA, 0x71, 0xDE, 0xDA, 0x23, 0x7B, 0xAD, 0x3A, 0x99, 0xE3, 0xFE, 0xEB, 0x18, 0x63,
    0x3A, 0xCB, 0x96, 0x2D, 0xC9, 0x9A, 0x6E, 0xF9, 0x92, 0xE0, 0x1A, 0x56, 0x7B, 0xB9, 0xBD, 0xC9,
    0x55, 0x8F, 0xD5, 0x34, 0x65, 0x6F, 0xFA, 0xB6, 0xAF, 0x55, 0x9B, 0x52, 0x37, 0xB4, 0x2B, 0x25,
    0x6C, 0xA9, 0x62, 0x7F, 0xCD, 0xB8, 0xD6, 0x30, 0xAE, 0x38, 0x36, 0x83, 0x7D, 0xF4, 0x7B, 0x3B,
    0x44, 0xCA, 0x76, 0x0C, 0x8A, 0x33, 0x78, 0x72, 0xF7, 0x8A, 0x77, 0x67, 0x8A, 0x17, 0x41, 0xF1,
    0xA8, 0x3C, 0xEF, 0xDE, 0xA8, 0xF8, 0x2B, 0x39, 0x91, 0x47, 0x22, 0xA8, 0x7E, 0xAB, 0x1E, 0x63,
    0xDB, 0xF7, 0xA7, 0x68, 0xF5, 0x76, 0x9C, 0x35, 0x15, 0x0B, 0x89, 0xED, 0xC4, 0x47, 0x9E, 0xB0,
    0xF7, 0xC7, 0x99, 0xED, 0xE5, 0xC1, 0x62, 0x8F, 0x83, 0x2D, 0x5E, 0x37, 0xD8, 0x29, 0x0C, 0x16,
    0x7B, 0xF4, 0x8F, 0xF7, 0x7D, 0xD1, 0x57, 0x75, 0x3E, 0xF5, 0xB6, 0x4F, 0x7D, 0xA0, 0x36, 0x2A,
    0x5E, 0x8F, 0x64, 0xC1, 0xE9, 0x8B, 0x0D, 0x27, 0xCF, 0xA6, 0x68, 0x74, 0x33, 0xE3, 0xD5, 0x22,
    0x64, 0x62, 0x6C, 0x3A, 0x62, 0x64, 0xC8, 0xB6, 0x7D, 0x8A, 0x57, 0xB7, 0x73, 0xC5, 0x17, 0xC8,
    0x2A, 0x14, 0x36, 0x2E, 0x99, 0x55, 0x2B, 0xBC, 0x78, 0x02, 0x7F, 0x8E, 0x09, 0xA3, 0x49, 0x95,
    0xE1, 0xD3, 0xE1, 0x52, 0x39, 0x2F, 0x55, 0xFA, 0xD7, 0x22, 0xD5, 0x8C, 0x57, 0xED, 0x1F, 0x82,
    0x8E, 0x78, 0xB5, 0x03, 0x94, 0xB7, 0x3D, 0xD5, 0x08, 0x31, 0x12, 0x04, 0x43, 0x86, 0xF0, 0x4D,
    0xA2, 0xBD, 0xEC, 0xC9, 0x3D, 0xF8, 0x63, 0x2A, 0x86, 0x1C, 0x20, 0x3B, 0xFC, 0x09, 0x36, 0x4D,
    0x8E, 0x32, 0xF5, 0x92, 0x7F, 0x0A, 0x71, 0x1C, 0x36, 0xA6, 0x2C, 0x21, 0x85, 0xB6, 0xCE, 0x29,
    0x57, 0x0C, 0xCB, 0x47, 0x71, 0x07, 0x4A, 0x18, 0xCD, 0x69, 0xFB, 0x72, 0x85, 0x9C, 0xF1, 0xA7,
    0x7B, 0x62, 0xA7, 0x5D, 0x26, 0xCF, 0x53, 0x1D, 0xA5, 0x5E, 0x10, 0x72, 0x7B, 0x76, 0x7C, 0x55,
    0x45, 0x58, 0x95, 0xF9, 0xD4, 0x79, 0x5B, 0x3B, 0x6F, 0xF2, 0x47, 0x18, 0x00, 0x75, 0x1A, 0x0B,
    0xED, 0x80, 0xD4, 0x2F, 0x57, 0x18, 0x3F, 0x0D, 0x05, 0x6C, 0x2C, 0x5C, 0xD6, 0x58, 0xB8, 0x30,
    0x4E, 0x0B, 0x53, 0x1D, 0xF8, 0x3A, 0x7B, 0xA4, 0x8C, 0x03, 0xDA, 0x01, 0xC8, 0x70, 0x0D, 0x34,
    0x93, 0x28, 0x11, 0x9E, 0x37, 0x22, 0x46, 0xB4, 0x83, 0xC7, 0x54, 0xE1, 0x22, 0x18, 0xB1, 0x12,
    0xBD, 0xA3, 0x79, 0x57, 0xF3, 0x4E, 0x16, 0xE8, 0x57, 0x90, 0x6C, 0x41, 0xA9, 0x28, 0x0F, 0xFC,
    0x9D, 0x3B, 0xC0, 0xCF, 0x38, 0x0F, 0xA7, 0x7D, 0xB8, 0xFA, 0x81, 0xD8, 0x04, 0x24, 0xE9, 0x01,
    0x0B, 0x77, 0xD6, 0xA1, 0x58, 0x4F, 0x1F, 0x38, 0x51, 0x39, 0x58, 0x21, 0xE2, 0x69, 0x93, 0x24,
    0xB6, 0x47, 0xD2, 0x26, 0xDB, 0xB1, 0x78, 0x5C, 0x68, 0xC3, 0x02, 0x9B, 0x9D, 0x96, 0x95, 0xA9,
    0x14, 0x07, 0xDE, 0x75, 0xC2, 0xAD, 0x15, 0xEF, 0x47, 0x52, 0xE0, 0x9B, 0xF5, 0x53, 0xDC, 0xD6,
    0x3F, 0x5C, 0x25, 0x75, 0xE9, 0x26, 0x71, 0x03, 0xF3, 0x47, 0x28, 0x09, 0xD0, 0xA4, 0x9A, 0x03,
    0xD4, 0xD3, 0xF9, 0xD3, 0xBB, 0x58, 0xF3, 0x10, 0x94, 0xD0, 0x01, 0x9A, 0x90, 0xB6, 0x49, 0xDD,
    0x0B, 0xC8, 0xDD, 0xF1, 0xEC, 0xB7, 0x2C, 0x1C, 0x48, 0x27, 0x40, 0x1F, 0x16, 0x72, 0xD4, 0xF0,
    0x8D, 0x01, 0x14, 0x94, 0xDA, 0xC0, 0x23, 0xEB, 0x8D, 0x24, 0x58, 0xC6, 0xE8, 0x54, 0x07, 0x08,
    0x8C, 0x55, 0xEC, 0x84, 0x3F, 0x61, 0x0E, 0x30, 0x43, 0xFC, 0x93, 0x37, 0xE3, 0x4F, 0xFC, 0x65,
    0x3F, 0x52, 0xDA, 0x43, 0x83, 0xE8, 0x44, 0xE8, 0xC0, 0x10, 0x4E, 0x07, 0x88, 0x45, 0x99, 0x07,
    0xF9, 0xF5, 0x42, 0x3B, 0xB3, 0xD0, 0x2C, 0xF5, 0x1A, 0x2A, 0x47, 0x0A, 0xA5, 0x65, 0x72, 0x6D,
    0x20, 0x40, 0x74, 0xBD, 0xD0, 0xCC, 0x38, 0x5A, 0xC7, 0x50, 0xE1, 0x9C, 0x6E, 0xBF, 0x4D, 0x24,
    0x03, 0xFE, 0x6E, 0x0D, 0x6E, 0x81, 0x7F, 0x35, 0xC1, 0x1E, 0xD8, 0xDE, 0x07, 0x84, 0x9B, 0x23,
    0x19, 0x29, 0x24, 0xD6, 0x96, 0xE0, 0x38, 0x22, 0xA8, 0x3E, 0x7B, 0x34, 0x12, 0xE8, 0x06, 0xD5,
    0x40, 0x29, 0x10, 0x0D, 0xC4, 0xF0, 0x1E, 0xC3, 0x53, 0x0D, 0x97, 0x23, 0xFC, 0x6F, 0x35, 0x83,
    0xAD, 0xE5, 0x60, 0xB5, 0x0F, 0x58, 0xAA, 0x0E, 0x44, 0xC4, 0x73, 0x05, 0x15, 0xD5, 0xC6, 0x54,
    0x30, 0x95, 0xE0, 0x7D, 0xCA, 0x1D, 0x30, 0x53, 0xA8, 0x80, 0x81, 0xB4, 0x03, 0x83, 0x12, 0xEA,
    0x37, 0x28, 0xD2, 0x9E, 0x8C, 0x3D, 0x69, 0x80, 0xD5, 0x74, 0xEA, 0xB3, 0x86, 0x58, 0x8E, 0xC4,
    0x3E, 0xCE, 0x95, 0xBE, 0x42, 0xF4, 0x1C, 0x04, 0xCD, 0x6B, 0x6A, 0x6E, 0xA1, 0x39, 0x98, 0xCE,
    0x5D, 0xA1, 0xD0, 0xBC, 0x66, 0x92, 0xB0, 0x23, 0xAC, 0x74, 0xAE, 0xB9, 0xCE, 0xC0, 0xBB, 0xD0,
    0x7C, 0xA3, 0xE6, 0x73, 0x71, 0xA6, 0x79, 0xE2, 0x35, 0xD7, 0xA8, 0xB9, 0xEF, 0x46, 0xCF, 0x81,
    0x60, 0xDB, 0xC5, 0x65, 0x17, 0xA7, 0x73, 0x18, 0x31, 0x0B, 0x60, 0x0E, 0xD0, 0x4E, 0x01, 0x2C,
    0x40, 0x47, 0xC0, 0x70, 0x34, 0x49, 0x02, 0x48, 0x3D, 0xD0, 0xF3, 0x08, 0x0D, 0x20, 0x04, 0x82,
    0x02, 0x50, 0x3A, 0xC0, 0x16, 0xA0, 0x5A, 0x01, 0xAA, 0xBA, 0xD5, 0xB1, 0x79, 0x08, 0xA0, 0x7E,
    0xD0, 0x3A, 0x51, 0xAF, 0x5C, 0x81, 0xE1, 0x5E, 0xF2, 0x96, 0x58, 0x31, 0x61, 0xFF, 0x6C, 0x15,
    0xD3, 0x6B, 0x12, 0xAD, 0x5E, 0x74, 0x2C, 0x9E, 0x0C, 0x22, 0xCD, 0xF3, 0x2F, 0x06, 0x23, 0x71,
    0xBB, 0x43, 0x4B, 0xC6, 0xEF, 0x85, 0xE0, 0x95, 0x02, 0xB2, 0x29, 0xAC, 0x27, 0xCA, 0x9B, 0x4B,
    0x6C, 0x69, 0x0F, 0x9E, 0x90, 0xA5, 0xE0, 0x72, 0xD9, 0x27, 0xE6, 0xF0, 0x05, 0x2F, 0x26, 0xF0,
    0x98, 0xC3, 0xDB, 0x01, 0x2F, 0x9E, 0x00, 0xAC, 0x58, 0xED, 0x8D, 0xF6, 0xA0, 0x24, 0xB8, 0x7F,
    0x3D, 0xFA, 0xB9, 0x18, 0xB0, 0x1C, 0xE0, 0xEC, 0xC6, 0xBB, 0x39, 0x59, 0xC3, 0x47, 0x26, 0x3C,
    0x81, 0x6C, 0x89, 0xFE, 0xE8, 0x6A, 0x04, 0x96, 0x3D, 0xB8, 0x33, 0x0D, 0xC8, 0xFB, 0xEA, 0x49,
    0x0B, 0x1C, 0x98, 0x12, 0xC9, 0x60, 0x4C, 0x33, 0x9F, 0xBA, 0x05, 0xBE, 0x85, 0x16, 0x78, 0x44,
    0x70, 0xD2, 0x8A, 0xE8, 0x07, 0x18, 0xD6, 0x5F, 0x1D, 0x61, 0xE7, 0xC6, 0x32, 0x94, 0xE0, 0xFC,
    0xEB, 0x0E, 0xC9, 0x04, 0x8E, 0x1A, 0xBA, 0x11, 0xE0, 0x2C, 0x53, 0x10, 0x62, 0xA6, 0xA8, 0x4F,
    0x33, 0xC5, 0xF9, 0x14, 0x19, 0x9E, 0x45, 0xD7, 0x12, 0x03, 0x00, 0x93, 0x9F, 0xCD, 0xBB, 0xDA,
    0x26, 0xDD, 0xB5, 0x1F, 0x52, 0xFD, 0xA1, 0x0E, 0x99, 0x87, 0xAF, 0x33, 0xFD, 0x3F, 0xFA, 0x2C,
    0xDE, 0xF5, 0xA9, 0xEF, 0xA7, 0x6A, 0x28, 0x17, 0x3B, 0x95, 0x8B, 0x4E, 0xD5, 0xAC, 0x53, 0x3D,
    0xE9, 0x58, 0x4F, 0x6D, 0xF3, 0xA6, 0xF7, 0x13, 0xB4, 0x03, 0xBE, 0xC2, 0x68, 0xC0, 0xD8, 0x14,
    0x23, 0xCE, 0x05, 0xF0, 0x7F, 0x2C, 0x48, 0x51, 0x25, 0xFA, 0x26, 0x2E, 0xEE, 0x6A, 0x45, 0xFB,
    0xB6, 0x22, 0x45, 0x35, 0x59, 0x36, 0xC4, 0xDF, 0x22, 0xA6, 0xAF, 0x2C, 0x4F, 0x54, 0xB5, 0x29,
    0x80, 0x52, 0x46, 0x7C, 0x45, 0x80, 0x18, 0x4F, 0x06, 0xF4, 0x81, 0x88, 0x3E, 0x94, 0x84, 0x4F,
    0xE6, 0x1D, 0xAF, 0x5D, 0x23, 0xF2, 0x3A, 0x91, 0x3F, 0x70, 0xAF, 0x9F, 0xD1, 0x54, 0xEE, 0x1F,
    0xA4, 0xE2, 0x84, 0x7F, 0x3A, 0xEA, 0xC6, 0x63, 0x63, 0x1E, 0x11, 0x33, 0x50, 0xD8, 0x06, 0x98,
    0x38, 0x89, 0x2B, 0x63, 0xCE, 0xA2, 0x34, 0xEE, 0x2D, 0x5F, 0x2F, 0x18, 0xA5, 0xB6, 0x46, 0x1B,
    0x16, 0xFA, 0xBA, 0x13, 0x0E, 0xD1, 0x33, 0x71, 0x1D, 0x2B, 0x7E, 0x9D, 0xBC, 0x98, 0x59, 0x60,
    0x3F, 0x5B, 0x77, 0x91, 0xE8, 0x4F, 0x37, 0x4E, 0x02, 0x7E, 0xA2, 0x99, 0x76, 0xF0, 0x26, 0xCE,
    0x04, 0xBE, 0xBE, 0xBF, 0x01, 0x5B, 0xFA, 0x13, 0x08, 0xB1, 0x4F, 0x15, 0xAC, 0x19, 0x75, 0x52,
    0x78, 0x51, 0x62, 0xD0, 0x9B, 0x2F, 0x19, 0x18, 0x3D, 0x72, 0x5D, 0x59, 0x32, 0x78, 0x91, 0xEA,
    0xC2, 0xAA, 0x4E, 0x7D, 0x27, 0xCC, 0xCE, 0x71, 0xC2, 0x2F, 0x45, 0x4C, 0x42, 0x83, 0x4F, 0x42,
    0xE7, 0x6B, 0xFF, 0x98, 0x0B, 0xBB, 0xCC, 0xD5, 0x3A, 0x65, 0xEE, 0xD8, 0xFA, 0xD8, 0xB0, 0xD8,
    0x62, 0x07, 0x64, 0xC8, 0x6D, 0x07, 0x5C, 0x74, 0xF3, 0xB0, 0x48, 0xB1, 0xEE, 0xDC, 0x96, 0xEC,
    0x7A, 0x10, 0x16, 0xAC, 0xFA, 0x98, 0x7D, 0xD7, 0x63, 0x94, 0x7A, 0x6A, 0x07, 0xBF, 0xF0, 0xD4,
    0x8C, 0x0A, 0xB8, 0x9E, 0xE4, 0x9D, 0x6E, 0x5F, 0xF2, 0xA2, 0xED, 0x29, 0x74, 0x78, 0x49, 0xF4,
    0x14, 0x75, 0x47, 0x61, 0x88, 0xB2, 0x79, 0xF1, 0x1E, 0xF1, 0x4A, 0x88, 0x3E, 0xAD, 0x95, 0xCA,
    0x39, 0xD4, 0xFB, 0x06, 0x50, 0xE3, 0x9F, 0x39, 0x7B, 0xA9, 0x43, 0xD0, 0xF6, 0xF7, 0x24, 0x6C,
    0x7C, 0x4E, 0x09, 0xA9, 0xFC, 0x9A, 0xB4, 0x0F, 0x07, 0x88, 0x5A, 0x9B, 0x18, 0x31, 0x24, 0x9F,
    0xDF, 0x92, 0x3B, 0xC3, 0x0F, 0x56, 0x8B, 0x05, 0x03, 0x1D, 0xFD, 0xC2, 0x38, 0x1F, 0xC1, 0xF3,
    0xE5, 0xEA, 0xEE, 0x8C, 0x62, 0x0C, 0xCF, 0x93, 0x62, 0xEC, 0x05, 0x16, 0x13, 0xB1, 0x8F, 0xCB,
    0x30, 0x7E, 0xB7, 0x9A, 0x6E, 0x3F, 0x17, 0xA9, 0xFE, 0x8B, 0xCB, 0xAE, 0x7E, 0xA1, 0x98, 0xC5,
    0xE8, 0x13, 0x9D, 0x10, 0x05, 0xDB, 0x29, 0xA4, 0x7D, 0xBE, 0xDA, 0x11, 0x68, 0x07, 0x22, 0xDD,
    0x42, 0x7B, 0x96, 0xD6, 0xDD, 0x11, 0x2D, 0x92, 0xAF, 0x80, 0xED, 0x30, 0x89, 0x45, 0x57, 0x02,
    0x79, 0x28, 0x73, 0xC8, 0x44, 0xF9, 0x06, 0xFC, 0xA5, 0x0D, 0xFB, 0xD1, 0xA7, 0x37, 0xEC, 0xC7,
    0xBF, 0x9C, 0x61, 0x99, 0xC1, 0x83, 0x80, 0x62, 0x51, 0x40, 0xB1, 0x17, 0x95, 0xCE, 0x97, 0x51,
    0xDE, 0xC0, 0xF0, 0xCA, 0xBF, 0xE8, 0xCA, 0xBF, 0xE8, 0x44, 0xBA, 0x5D, 0xF3, 0x2B, 0x34, 0x7B,
    0x7D, 0x62, 0xF6, 0x49, 0xFB, 0x4F, 0x6A, 0xE6, 0xFB, 0x1E, 0x9A, 0x0A, 0x47, 0x29, 0x85, 0xA2,
    0x2D, 0xF3, 0xA7, 0xD0, 0xE6, 0x9D, 0xC3, 0x81, 0x2D, 0x6C, 0x2A, 0x07, 0xC1, 0xEF, 0xC2, 0xFA,
    0xAF, 0xD8, 0x6E, 0xE8, 0x63, 0x08, 0xAB, 0xDA, 0xF8, 0xAC, 0x4B, 0xDF, 0x56, 0x05, 0x49, 0x4E,
    0xEC, 0x26, 0x09, 0xD7, 0xA5, 0x09, 0xA7, 0xF5, 0x8A, 0x17, 0xCC, 0x50, 0x3A, 0xEA, 0x50, 0xAD,
    0x14, 0xF5, 0xC2, 0x44, 0x0E, 0x46, 0xF9, 0x63, 0x0B, 0x8A, 0x96, 0xA2, 0xF1, 0x42, 0x20, 0x0A,
    0x2F, 0x4A, 0x47, 0x51, 0xAD, 0xFE, 0xDE, 0x5A, 0xF1, 0x82, 0x6F, 0xD4, 0xF0, 0xA5, 0x51, 0x4A,
    0x1D, 0x2A, 0x76, 0xFF, 0xC3, 0xEA, 0x4F, 0x5D, 0x38, 0x12, 0x5A, 0x20, 0xA5, 0xB6, 0x18, 0xBA,
    0x12, 0x91, 0xCD, 0x89, 0x69, 0xE8, 0x1A, 0xC7, 0x8D, 0xBD, 0x86, 0x82, 0x03, 0x32, 0x34, 0x19,
    0x1A, 0xF4, 0xE2, 0x9F, 0x5D, 0x15, 0xEE, 0xF8, 0xE0, 0x2A, 0xD1, 0x0E, 0x69, 0x5F, 0x3B, 0xD4,
    0x13, 0xD4, 0x3D, 0x39, 0x62, 0xB3, 0xA3, 0xFF, 0xD9, 0x43, 0xAE, 0xD0, 0xB4, 0xDC, 0xA0, 0x72,
    0xBB, 0x70, 0x71, 0x2A, 0xFE, 0x44, 0x8D, 0x54, 0x37, 0x2C, 0x4E, 0x55, 0x90, 0x2E, 0x55, 0x9F,
    0x4F, 0x14, 0x25, 0x58, 0x2F, 0x47, 0xD3, 0x43, 0x78, 0xCD, 0x33, 0x75, 0xC7, 0x47, 0x6B, 0x6F,
    0x89, 0x0D, 0x92, 0x55, 0xEC, 0x8E, 0x5B, 0xBA, 0x9D, 0x3F, 0xAE, 0xFF, 0xDC, 0x2D, 0x21, 0xE6,
    0xDF, 0x14, 0x42, 0x7F, 0xB8, 0x52, 0x63, 0x66, 0xA8, 0x6C, 0xAD, 0x69, 0x97, 0xA9, 0x65, 0x8B,
    0x70, 0x50, 0x79, 0xAB, 0x6E, 0x0A, 0xC9, 0x36, 0x94, 0x6C, 0xC5, 0x82, 0xE1, 0x55, 0xA3, 0xE2,
    0x80, 0x1F, 0x63, 0xF8, 0x36, 0x9F, 0x61, 0xA8, 0x72, 0xF8, 0xBC, 0x0C, 0x02, 0xE1, 0xBE, 0x45,
    0x1A, 0x53, 0xE5, 0x86, 0x11, 0x71, 0x1B, 0xC4, 0x50, 0x22, 0xFE, 0x2F, 0xB9, 0x7A, 0x6B, 0x0D,
    0x09, 0x87, 0x87, 0x20, 0xC7, 0x37, 0x7E, 0x59, 0x2F, 0x8B, 0x0A, 0x92, 0x42, 0x9E, 0xF8, 0xC6,
    0x07, 0x73, 0xBF, 0x9A, 0x98, 0x6F, 0x66, 0xBE, 0x79, 0xB1, 0x94, 0x4B, 0x9F, 0x1C, 0xDE, 0xF5,
    0x6F, 0x7A, 0xE1, 0x37, 0x92, 0xF0, 0x26, 0x8B, 0x6F, 0x3A, 0x9F, 0x02, 0x4A, 0x6D, 0xFC, 0x9B,
    0x4A, 0x1B, 0x7F, 0xE6, 0x56, 0x7D, 0x80, 0x4F, 0x95, 0x6F, 0x2A, 0xE5, 0x36, 0x49, 0x11, 0x06,
    0x91, 0x50, 0xFA, 0x25, 0x98, 0x7F, 0xEC, 0xDF, 0x24, 0x76, 0x91, 0xBB, 0x1B, 0x0F, 0xFE, 0x06,
    0x3E, 0x68, 0x55, 0x9F, 0xF9, 0x5F, 0x1F, 0xA8, 0x3A, 0xBB, 0xC2, 0x31, 0x74, 0x28, 0xD6, 0xC2,
    0xE1, 0x7A, 0xD9, 0xE6, 0x1F, 0x8D, 0x67, 0x0E, 0xE9, 0xC0, 0x1D, 0x1E, 0xB8, 0x7A, 0x22, 0x33,
    0x9B, 0x89, 0x12, 0x97, 0x5D, 0x99, 0x1A, 0x24, 0x3C, 0xCE, 0xA4, 0xC4, 0x93, 0x74, 0xA9, 0x17,
    0xCE, 0x70, 0x7A, 0xAC, 0x1C, 0xD6, 0x27, 0x3A, 0x14, 0xAA, 0x0E, 0xF4, 0xA7, 0xAA, 0x63, 0xAB,
    0x1B, 0xB4, 0x97, 0x9C, 0x26, 0x08, 0x95, 0x28, 0x07, 0xE7, 0x0B, 0xB7, 0x62, 0x01, 0x56, 0x23,
    0xD0, 0xF4, 0xAF, 0x5F, 0x39, 0x3F, 0x10, 0xD1, 0x1D, 0x48, 0xC8, 0x2D, 0xD4, 0xB0, 0x23, 0xD0,
    0x37, 0x1E, 0x75, 0x20, 0xF6, 0x38, 0x60, 0x47, 0x1D, 0x53, 0xED, 0x0B, 0xE4, 0xF1, 0xF0, 0x54,
    0x7C, 0x21, 0xF6, 0x44, 0x3A, 0x8E, 0x9D, 0x99, 0xBB, 0x17, 0x10, 0x00, 0xDC, 0x7C, 0xE7, 0x9F,
    0xCF, 0x35, 0xF8, 0x06, 0xE8, 0xD8, 0x7B, 0xE5, 0x61, 0x05, 0x7D, 0x2D, 0x8F, 0x3D, 0xDC, 0x97,
    0x7F, 0xA5, 0xC4, 0x01, 0x68, 0x58, 0x41, 0xE1, 0x73, 0x77, 0x62, 0x71, 0xEF, 0xE3, 0xFA, 0x06,
    0xA0, 0xFF, 0xB9, 0xC3, 0xC6, 0x36, 0x2B, 0xA0, 0x0F, 0xF3, 0xF0, 0xED, 0x53, 0x37, 0x98, 0x87,
    0x2F, 0x3C, 0x45, 0xA7, 0x2D, 0x29, 0xF6, 0xA4, 0x38, 0xD6, 0x88, 0x97, 0xD7, 0x86, 0x4C, 0x40,
    0x86, 0x88, 0xD8, 0x9A, 0xA2, 0xCF, 0xDC, 0xED, 0xC5, 0xFE, 0x18, 0xEA, 0xFE, 0x14, 0xA0, 0x17,
    0x8D, 0x60, 0xBC, 0xB8, 0x43, 0x77, 0x98, 0x7C, 0x17, 0x28, 0x36, 0xCF, 0xD8, 0x8C, 0x38, 0x6F,
    0xC9, 0x9C, 0x13, 0x5C, 0xCF, 0xE7, 0x93, 0x25, 0x43, 0x6E, 0xA7, 0x00, 0xED, 0xC8, 0x64, 0x1A,
    0x66, 0x1E, 0x7C, 0x64, 0xF7, 0x47, 0x12, 0x37, 0xBF, 0xE4, 0xB3, 0x9C, 0x2C, 0xAE, 0x7D, 0xB1,
    0x31, 0x74, 0xCC, 0xB1, 0x74, 0x33, 0xCD, 0xF5, 0xF1, 0x68, 0xDB, 0x40, 0xA9, 0x0F, 0x11, 0x37,
    0x9E, 0x2E, 0xBE, 0xA0, 0xF3, 0x81, 0x29, 0x71, 0x57, 0xE8, 0xD1, 0xD8, 0xBE, 0xDB, 0x90, 0xC7,
    0x4B, 0x1E, 0x33, 0xC5, 0xAE, 0x47, 0xDB, 0x00, 0xFF, 0x5C, 0x4E, 0x36, 0xC6, 0xF8, 0x94, 0x89,
    0xA4, 0x0C, 0xF4, 0xA2, 0xD0, 0x7F, 0x9E, 0x6A, 0x03, 0x32, 0xBF, 0x17, 0xDA, 0x86, 0xDE, 0x30,
    0x3A, 0x11, 0x1D, 0xD0, 0xF2, 0x23, 0xA3, 0xF4, 0x15, 0xE5, 0x88, 0x95, 0x7F, 0xAF, 0x19, 0xF9,
    0x7D, 0x46, 0x10, 0x4B, 0xAC, 0x83, 0xEF, 0xE6, 0x0D, 0x29, 0x1D, 0x90, 0x24, 0xED, 0x46, 0xEB,
    0x31, 0x1C, 0x57, 0xAA, 0xBE, 0x2E, 0xDE, 0x70, 0x34, 0x94, 0x82, 0x9C, 0x42, 0xE8, 0x63, 0xE4,
    0xF0, 0x33, 0xB6, 0x30, 0xAE, 0x2F, 0x05, 0x1F, 0x49, 0x99, 0xE2, 0xA1, 0x13, 0xCE, 0x91, 0xE8,
    0x13, 0x74, 0x62, 0x9B, 0xDF, 0xF7, 0x3E, 0x4D, 0x17, 0x4F, 0x74, 0x0B, 0xFA, 0x56, 0xBA, 0x84,
    0x7F, 0x57, 0x97, 0x9F, 0x26, 0xE5, 0x43, 0xEE, 0xC4, 0x38, 0xCB, 0x55, 0xBD, 0x73, 0xF8, 0x61,
    0x94, 0x6F, 0xC7, 0xDE, 0x22, 0xDA, 0xDE, 0x27, 0x38, 0x8E, 0x96, 0xC3, 0xFC, 0x77, 0x66, 0xE8,
    0x1F, 0xE0, 0x5C, 0x7F, 0x0B, 0x66, 0xAF, 0x0D, 0xB1, 0xBE, 0xD4, 0x5D, 0x40, 0xEE, 0xC6, 0x93,
    0xC3, 0x61, 0x4C, 0x27, 0xD5, 0x54, 0x0F, 0x3B, 0xAF, 0x60, 0xF6, 0x2A, 0x88, 0xFD, 0x34, 0x14,
    0x01, 0x3D, 0x45, 0xDB, 0x29, 0x45, 0x25, 0x29, 0xCA, 0xC2, 0x7C, 0x69, 0x26, 0x6B, 0x24, 0xC7,
    0xA3, 0xD9, 0x80, 0xD5, 0x26, 0x29, 0x6F, 0xAC, 0xB2, 0xF7, 0xBF, 0x20, 0x47, 0xD1, 0x63, 0x59,
    0xF4, 0xD4, 0x1A, 0x56, 0x16, 0xA2, 0xBE, 0xD2, 0x31, 0xC6, 0xD4, 0x1E, 0x58, 0x8F, 0xC4, 0xF5,
    0x52, 0xD3, 0x90, 0xF8, 0x37, 0xEB, 0x8B, 0xB0, 0x95, 0xD8, 0xEE, 0x65, 0xC2, 0xEC, 0x25, 0xC2,
    0xBE, 0x12, 0x08, 0xA3, 0x21, 0x17, 0x6A, 0xDF, 0xE3, 0xB8, 0x19, 0x1F, 0x7A, 0xB3, 0xD0, 0xAC,
    0x9E, 0xB0, 0xB4, 0xCF, 0x9C, 0xD4, 0xF3, 0x77, 0x36, 0xD0, 0x81, 0x70, 0xC3, 0x62, 0xC5, 0x85,
    0x78, 0x6A, 0x38, 0xFC, 0x06, 0x30, 0x81, 0x43, 0x56, 0xC7, 0x38, 0xD3, 0x77, 0xA6, 0xE3, 0x23,
    0xD9, 0xDC, 0xEB, 0xF8, 0x4E, 0xF3, 0x4E, 0x83, 0xD4, 0xAA, 0xF8, 0x26, 0x5D, 0xD5, 0xBB, 0x6D,
    0x76, 0xE4, 0x54, 0xB0, 0xFD, 0xD9, 0x35, 0x8A, 0x07, 0xFC, 0xFD, 0x20, 0x7F, 0x3E, 0x98, 0x6C,
    0xDA, 0x1C, 0x3D, 0xC1, 0x30, 0x34, 0x0E, 0x4C, 0x43, 0x57, 0x12, 0x0F, 0xE0, 0x2C, 0x3A, 0x7B,
    0x34, 0xC0, 0xE9, 0x9D, 0x83, 0xBD, 0xC0, 0xCC, 0xDD, 0xBE, 0xFE, 0x97, 0x07, 0xC0, 0xD4, 0xE3,
    0xEB, 0x9F, 0xEB, 0xEB, 0x6B, 0x9E, 0xEB, 0x03, 0xE3, 0x73, 0xFD, 0xE5, 0xF4, 0xB9, 0x7E, 0xD5,
    0xC5, 0x9E, 0xA4, 0x6B, 0xA2, 0x22, 0xB7, 0x27, 0x60, 0x06, 0xBC, 0xF1, 0x1D, 0x60, 0x49, 0x45,
    0x0A, 0x17, 0x7B, 0x88, 0xEF, 0x7D, 0xE2, 0x2A, 0x19, 0xB8, 0x20, 0xF6, 0x56, 0x75, 0x7E, 0x47,
    0x9F, 0xBC, 0x9B, 0xBC, 0xE9, 0x33, 0x41, 0xBC, 0xD7, 0x07, 0x4D, 0xAE, 0x20, 0x5F, 0x45, 0x5A,
    0xE7, 0xF5, 0x7A, 0x1F, 0xF7, 0x50, 0xE3, 0xF5, 0xAA, 0x26, 0x86, 0xA2, 0x9B, 0x77, 0x47, 0xEA,
    0x53, 0x6C, 0xB1, 0x31, 0xE9, 0x67, 0x7D, 0xAD, 0x1D, 0x7C, 0x57, 0x92, 0x54, 0x9C, 0xF7, 0x24,
    0xBF, 0xE0, 0xD6, 0x08, 0x4E, 0xE9, 0xEB, 0xDB, 0xA8, 0x4B, 0x3A, 0x8B, 0x1D, 0xC0, 0x76, 0xDD,
    0xE3, 0xC8, 0xBA, 0x01, 0x7E, 0x9F, 0x9C, 0x7F, 0x8F, 0xAC, 0xFF, 0x26, 0x79, 0x97, 0x23, 0x82,
    0x7B, 0x11, 0xB0, 0x2F, 0x02, 0xFE, 0x81, 0x31, 0xD3, 0x67, 0xC4, 0xF3, 0xD5, 0x29, 0x85, 0xC7,
    0x15, 0x58, 0x7A, 0xDC, 0x88, 0xFA, 0xC0, 0x4F, 0x8C, 0x77, 0xA4, 0x65, 0xE0, 0xD6, 0xBF, 0x12,
    0x26, 0x6F, 0x3E, 0x80, 0x8A, 0x35, 0xBE, 0x7A, 0x44, 0x03, 0x7C, 0x33, 0x26, 0xEB, 0xD7, 0x33,
    0x89, 0xED, 0x2F, 0x3E, 0xF1, 0xD1, 0x4F, 0xA9, 0xEA, 0xB0, 0x57, 0xAA, 0xDB, 0x4D, 0x7B, 0xF1,
    0xA3, 0xCB, 0x4F, 0x94, 0xB8, 0xEE, 0x51, 0xB5, 0xC3, 0xBE, 0xF3, 0x77, 0xE2, 0xB9, 0xCD, 0xBE,
    0x3F, 0x19, 0x12, 0x65, 0x1B, 0xB3, 0x97, 0x0A, 0x6E, 0x99, 0x34, 0x37, 0x77, 0xAC, 0x67, 0xDC,
    0x48, 0xED, 0x66, 0xE0, 0xA8, 0xE0, 0x28, 0x59, 0xDB, 0x15, 0xCB, 0x00, 0xD9, 0xC3, 0x8D, 0xDB,
    0x27, 0xFD, 0xAA, 0x18, 0x58, 0x28, 0x06, 0x54, 0x3A, 0x0C, 0xC5, 0xAF, 0x21, 0x20, 0x4E, 0x18,
    0x6A, 0x4B, 0xB4, 0x53, 0xBD, 0x80, 0x53, 0xBF, 0xFA, 0x03, 0x43, 0xD5, 0x01, 0x43, 0xD5, 0xBE,
    0x9D, 0xC0, 0xA9, 0x9D, 0xC0, 0xA9, 0x1D, 0x71, 0x09, 0x05, 0x36, 0x3A, 0x82, 0x47, 0x0D, 0x3F,
    0xB6, 0x35, 0xAB, 0xB4, 0x1B, 0xB2, 0x89, 0x09, 0x53, 0xF2, 0xB3, 0x2C, 0xFF, 0x28, 0x41, 0x95,
    0xFB, 0xCF, 0xA0, 0x08, 0x5F, 0x7B, 0xA6, 0x83, 0x54, 0xDD, 0x23, 0x89, 0x5B, 0xC1, 0xD5, 0xAD,
    0x80, 0xD3, 0xDE, 0x26, 0x21, 0xF4, 0x36, 0x09, 0xB3, 0x89, 0xBD, 0x4D, 0x02, 0x9A, 0xC1, 0x76,
    0x48, 0x74, 0xB0, 0x63, 0xAE, 0x43, 0xEB, 0x2C, 0xA8, 0x76, 0xB6, 0xAF, 0x74, 0xB1, 0x58, 0xFA,
    0x86, 0x72, 0xE9, 0x70, 0x38, 0x90, 0x41, 0x06, 0x0D, 0x05, 0xF9, 0x44, 0x6C, 0xD7, 0x86, 0x47,
    0x7C, 0xB4, 0x02, 0x16, 0x2E, 0x0E, 0xE1, 0x7A, 0xD3, 0x2B, 0xA4, 0xF0, 0xFB, 0x9C, 0x40, 0xB5,
    0x9C, 0x11, 0xB5, 0x3F, 0xD0, 0x17, 0x09, 0xB6, 0xD2, 0xD9, 0xC7, 0xAE, 0xEB, 0x43, 0x64, 0x3E,
    0xA5, 0x3B, 0x47, 0x73, 0x31, 0xE3, 0x63, 0x9C, 0x34, 0xAC, 0xD5, 0xBA, 0x3A, 0x36, 0x41, 0x66,
    0xA8, 0x24, 0xB3, 0x01, 0x0C, 0xE6, 0xDD, 0x7B, 0xB8, 0x70, 0xC7, 0xF7, 0x1F, 0xC6, 0xFA, 0x48,
    0x1E, 0x5D, 0x23, 0x17, 0x95, 0x7C, 0x09, 0x55, 0xE4, 0x57, 0xCB, 0x46, 0xE4, 0x7B, 0xC5, 0x0E,
    0x7F, 0x59, 0x85, 0xDA, 0xB7, 0x9A, 0xAF, 0x94, 0x63, 0xFD, 0xD6, 0x8A, 0x54, 0x84, 0xEC, 0x5E,
    0x2C, 0xA6, 0x47, 0x9E, 0x57, 0x54, 0xA2, 0x1F, 0x3A, 0xFC, 0x31, 0x3C, 0x6F, 0xBF, 0x46, 0xEC,
    0x96, 0x33, 0xC6, 0x65, 0x7E, 0xA6, 0x82, 0xA5, 0x8E, 0x9C, 0x31, 0x15, 0x68, 0x0D, 0xAF, 0x68,
    0xBF, 0x15, 0x93, 0xE9, 0x44, 0x4E, 0x09, 0x96, 0x92, 0x48, 0x8A, 0x85, 0x1C, 0x0B, 0x49, 0x96,
    0x9A, 0x48, 0x9A, 0x85, 0x3C, 0x13, 0x67, 0x21, 0xD3, 0x42, 0xAA, 0xC5, 0x12, 0x49, 0xB6, 0x90,
    0x6D, 0x21, 0xDD, 0x42, 0xBE, 0x85, 0x84, 0x0B, 0x19, 0x17, 0x52, 0xFE, 0x7A, 0xF6, 0x96, 0x97,
    0xD8, 0x5B, 0x23, 0x7B, 0x75, 0x60, 0x2F, 0xF2, 0x46, 0xF4, 0xBC, 0xB5, 0x9E, 0x37, 0xE0, 0xCB,
    0xBC, 0x81, 0x22, 0xF0, 0x56, 0x6D, 0xD2, 0xAE, 0xA8, 0xE6, 0x8D, 0x3E, 0x3B, 0x26, 0xFC, 0x41,
    0x0A, 0x55, 0x92, 0xA4, 0x8F, 0xE9, 0x94, 0xB1, 0x2F, 0x65, 0x24, 0xDE, 0x53, 0x1B, 0x20, 0xD1,
    0xBF, 0x27, 0xF2, 0x1F, 0x1E, 0xEB, 0xF1, 0x2A, 0xDC, 0x33, 0xE1, 0xF4, 0x64, 0x64, 0x2C, 0x08,
    0x8A, 0xD9, 0xA7, 0xF1, 0x97, 0xC9, 0xF1, 0x7E, 0xD9, 0x82, 0x6F, 0x02, 0x59, 0x32, 0x53, 0x9A,
    0x8F, 0x06, 0x4A, 0x2D, 0x7C, 0x51, 0xBD, 0x66, 0xAB, 0x9C, 0x6D, 0x66, 0xF1, 0x0D, 0xA3, 0x5D,
    0x9A, 0x55, 0xEA, 0xD5, 0x2C, 0x60, 0xCB, 0x40, 0xEA, 0x2E, 0x67, 0x2F, 0xED, 0x84, 0xD5, 0xCF,
    0x2B, 0x0D, 0x90, 0xE9, 0x96, 0xC0, 0x04, 0xB9, 0xC3, 0x33, 0x54, 0x33, 0x97, 0x3F, 0x87, 0x45,
    0xCD, 0x5C, 0xFD, 0xB7, 0xCB, 0x55, 0xEA, 0xD9, 0xFC, 0xCC, 0x15, 0x0E, 0xF2, 0x03, 0x57, 0x6E,
    0xBB, 0xB4, 0x1F, 0x68, 0x05, 0x77, 0xD2, 0xAF, 0x69, 0xBD, 0x48, 0xFD, 0x73, 0x15, 0x45, 0x2D,
    0xF9, 0x8B, 0x4D, 0x14, 0x8F, 0x21, 0x3F, 0x5E, 0x45, 0xED, 0x00, 0x37, 0xF1, 0xC5, 0x8D, 0x4E,
    0x02, 0xC7, 0xF6, 0x52, 0x76, 0x39, 0x1C, 0x65, 0x2F, 0x76, 0x83, 0xEC, 0xC4, 0xAE, 0x90, 0x22,
    0x76, 0xD9, 0xA5, 0x13, 0xFF, 0x6C, 0x63, 0xA5, 0x24, 0x49, 0x80, 0x90, 0x71, 0x38, 0xD1, 0xF4,
    0xAB, 0x7F, 0x79, 0x53, 0xC0, 0xD4, 0x71, 0x05, 0x70, 0xDC, 0xB4, 0x2F, 0x56, 0xB1, 0x83, 0xED,
    0xCB, 0x55, 0xB4, 0xB7, 0x7D, 0xB5, 0x26, 0x30, 0x83, 0xD9, 0x52, 0xC5, 0x42, 0x31, 0xB8, 0x6B,
    0xDB, 0xAB, 0xCB, 0xB7, 0x5D, 0x6C, 0x30, 0x79, 0xFB, 0xE1, 0x6A, 0xCB, 0x59, 0xCC, 0xBF, 0x2C,
    0x16, 0x4B, 0xE5, 0xFE, 0x75, 0xB2, 0x66, 0xDC, 0x29, 0x1F, 0xDB, 0x96, 0x8B, 0x9C, 0x5A, 0xA5,
    0x30, 0x9C, 0x98, 0x36, 0x06, 0x0E, 0xAE, 0x0C, 0x72, 0xF5, 0x06, 0xA2, 0xA5, 0x5E, 0x41, 0xBD,
    0xBF, 0xAD, 0x38, 0xC1, 0xA8, 0x8F, 0x46, 0x8A, 0x55, 0xA7, 0x51, 0xA0, 0xB6, 0xE8, 0x19, 0x6C,
    0xD5, 0x80, 0xDB, 0xBB, 0xC4, 0x41, 0x71, 0x6B, 0xE7, 0x7D, 0x5F, 0x18, 0x51, 0xA6, 0x9A, 0x8B,
    0x75, 0xF9, 0x43, 0xB0, 0xA6, 0x54, 0xC4, 0x8C, 0xFC, 0xB8, 0x24, 0xB6, 0xB1, 0xB3, 0x60, 0xA5,
    0x18, 0x66, 0xE7, 0x68, 0xB2, 0x8A, 0x3E, 0xF5, 0xBE, 0xBF, 0xF1, 0x22, 0x0B, 0x71, 0x7A, 0xB1,
    0x72, 0xAA, 0xD4, 0x86, 0xF8, 0xE6, 0x0B, 0xB3, 0x22, 0xB6, 0x53, 0x44, 0x11, 0xE8, 0xCC, 0x7F,
    0x85, 0x76, 0x42, 0xEE, 0x18, 0xE5, 0x27, 0x3A, 0x70, 0x8F, 0x81, 0xC5, 0x0D, 0x3C, 0xD0, 0x4F,
    0x70, 0x2A, 0xAC, 0x7D, 0xE7, 0x3A, 0x78, 0xED, 0xA5, 0x84, 0x25, 0xA4, 0x58, 0x33, 0x36, 0x7F,
    0x72, 0x07, 0x36, 0x8A, 0x15, 0x58, 0xCE, 0x3B, 0x3A, 0x10, 0x97, 0xAA, 0x19, 0x70, 0x11, 0x1F,
    0xD6, 0xF5, 0xD2, 0x54, 0x7F, 0x05, 0xB6, 0x5E, 0xD1, 0x89, 0x78, 0x79, 0x4A, 0xD0, 0x50, 0xA9,
    0x30, 0xA2, 0x23, 0x0D, 0x2D, 0xFF, 0x68, 0xF9, 0xF1, 0xAD, 0x3B, 0x40, 0x49, 0xE7, 0x14, 0x49,
    0x62, 0xF5, 0x25, 0x3D, 0x71, 0x41, 0x59, 0x9F, 0x8F, 0xF9, 0x78, 0x9D, 0x2C, 0x42, 0x2F, 0x23,
    0xF9, 0x97, 0x57, 0x6B, 0x6F, 0x12, 0x52, 0xB3, 0x5F, 0xB1, 0x7C, 0xBA, 0x95, 0xAA, 0xBC, 0x25,
    0x21, 0x1A, 0x2F, 0xFC, 0x34, 0xCC, 0x49, 0x64, 0x17, 0x89, 0x2A, 0x16, 0x25, 0xA5, 0x4A, 0xEC,
    0x9E, 0xF0, 0x46, 0x05, 0xDD, 0xE3, 0xF9, 0x11, 0x66, 0xA5, 0xB0, 0x33, 0x30, 0xF5, 0x47, 0xE4,
    0xDA, 0x41, 0x54, 0xF1, 0x88, 0x4B, 0xA7, 0x1F, 0x20, 0x8A, 0x70, 0x84, 0x2A, 0xEF, 0x33, 0x8A,
    0xD6, 0x0B, 0x0B, 0xC1, 0x3F, 0x97, 0x24, 0xF2, 0xFC, 0x7F, 0x97, 0x43, 0x4E, 0x8C, 0x9B, 0xAA,
    0xAE, 0x49, 0x00, 0xFC, 0xFE, 0xD6, 0x4E, 0x2F, 0x16, 0x40, 0x84, 0xB9, 0x9F, 0xE1, 0x47, 0x83,
    0x9F, 0x8C, 0x79, 0xF6, 0xC3, 0xAF, 0x58, 0x7C, 0xA0, 0x29, 0x40, 0x45, 0xED, 0x0E, 0x87, 0x0E,
    0x5A, 0xF4, 0x16, 0x2A, 0x78, 0xBA, 0x44, 0xE0, 0x22, 0x31, 0x58, 0xD7, 0x14, 0xC1, 0x10, 0x65,
    0xFF, 0xB6, 0xB0, 0x9D, 0x4E, 0xE7, 0x0F, 0x61, 0xF2, 0xF1, 0x2A, 0x89, 0x66, 0xDB, 0x4D, 0xD8,
    0x78, 0x63, 0x03, 0x94, 0xE4, 0x33, 0x69, 0x84, 0xB3, 0x20, 0x24, 0xBD, 0x25, 0x7C, 0xF3, 0xBF,
    0xE7, 0x49, 0x58, 0xBB, 0x5A, 0x78, 0xB7, 0xD1, 0x10, 0x0A, 0x8A, 0x2B, 0x24, 0xFD, 0x7F, 0x01,
    0xDD, 0x58, 0x31, 0xAC, 0xDC, 0xC6, 0x11, 0x1D, 0x1E, 0xE1, 0x4F, 0x44, 0x2C, 0xB6, 0x4A, 0x13,
    0x03, 0x61, 0x93, 0x22, 0x50, 0xC3, 0x1E, 0x48, 0xB2, 0x54, 0x1A, 0xB7, 0x29, 0xD2, 0xD7, 0x49,
    0xE5, 0x36, 0x55, 0x96, 0xEA, 0x8B, 0xA8, 0xAF, 0x54, 0xA4, 0x08, 0xBE, 0x0B, 0x35, 0x6E, 0xE3,
    0x25, 0x90, 0x1E, 0x60, 0xDF, 0x84, 0x40, 0x54, 0x04, 0x72, 0xE1, 0x35, 0xB2, 0x05, 0x25, 0x93,
    0x3B, 0x99, 0x37, 0xB3, 0x5F, 0x27, 0x1D, 0x62, 0x20, 0x95, 0x6D, 0x79, 0xF5, 0xF7, 0x3D, 0xEA,
    0x78, 0xC7, 0x9B, 0x37, 0xC3, 0x79, 0xB7, 0x4B, 0xA2, 0x3B, 0x7E, 0x49, 0xED, 0x41, 0x14, 0x99,
    0x27, 0xE1, 0x8E, 0x99, 0xB7, 0x6E, 0xA7, 0x51, 0x78, 0xEF, 0x33, 0xC5, 0x42, 0xF1, 0x74, 0xA9,
    0xE1, 0x44, 0x03, 0x8F, 0x6B, 0xCB, 0x0B, 0xF5, 0xCC, 0x73, 0xCF, 0x44, 0x2D, 0x17, 0x72, 0x05,
    0x9C, 0x69, 0x38, 0xC0, 0x0B, 0x8D, 0x3B, 0xD1, 0x85, 0x67, 0xF2, 0x99, 0xA8, 0x05, 0x27, 0xE3,
    0xA0, 0x3C, 0x55, 0x26, 0xE5, 0xBE, 0xB2, 0x2B, 0xC6, 0xB8, 0x06, 0x3E, 0xE7, 0xC1, 0x88, 0x28,
    0x11, 0x8D, 0x85, 0x2E, 0xBC, 0x11, 0x39, 0x5E, 0x07, 0x9E, 0x49, 0xC3, 0x2B, 0x44, 0xD4, 0x20,
    0x3C, 0x61, 0xF2, 0x12, 0x0C, 0xF8, 0x22, 0x32, 0x74, 0x7C, 0x5A, 0x20, 0xA7, 0x17, 0x15, 0x42,
    0x72, 0xF6, 0x10, 0x31, 0x5C, 0x62, 0xE9, 0xB3, 0xC4, 0xD1, 0xB1, 0x4B, 0x3D, 0x2E, 0x19, 0x57,
    0x77, 0xE0, 0x22, 0xF3, 0x90, 0x49, 0x4E, 0xD3, 0x98, 0x84, 0x32, 0xC2, 0x6D, 0x78, 0x36, 0x9A,
    0x40, 0x2D, 0x13, 0xA8, 0x03, 0x65, 0x72, 0xA7, 0x46, 0x19, 0x76, 0x04, 0xF4, 0x19, 0x6F, 0xD0,
    0x62, 0xDF, 0xCF, 0x7C, 0x0A, 0xD2, 0xC7, 0xFC, 0x8C, 0x4C, 0xB0, 0x3B, 0xFB, 0x24, 0x82, 0x85,
    0x9D, 0x30, 0x3E, 0xE6, 0x52, 0xA7, 0x3C, 0x6C, 0x10, 0x3E, 0x1E, 0x7E, 0x81, 0x70, 0xBF, 0xC7,
    0xC9, 0x9D, 0xC2, 0x6F, 0x0A, 0x29, 0xF3, 0xAE, 0x89, 0x08, 0xBC, 0x2A, 0xC7, 0xD7, 0xA4, 0x49,
    0x8D, 0x9B, 0x9C, 0x13, 0x66, 0x30, 0x62, 0x5E, 0x11, 0x98, 0xF0, 0xA2, 0xC9, 0x6B, 0xC0, 0x92,
    0xB0, 0x8B, 0xF2, 0xA6, 0x21, 0x10, 0x83, 0x27, 0x30, 0x04, 0x08, 0x27, 0xCD, 0x35, 0xDE, 0x87,
    0xFC, 0x52, 0x38, 0x1B, 0xDE, 0x2D, 0x87, 0xBC, 0x09, 0xBB, 0x2A, 0xA6, 0xAD, 0x6A, 0x68, 0x54,
    0x39, 0xD4, 0x1F, 0xD4, 0x16, 0x97, 0xDC, 0x5B, 0xEA, 0xCE, 0x61, 0x73, 0xBB, 0xBC, 0x3E, 0xAE,
    0x92, 0x3F, 0x27, 0x52, 0x46, 0x10, 0x4F, 0x92, 0x46, 0xC7, 0x05, 0x81, 0x0D, 0xBC, 0x1B, 0x6D,
    0xE4, 0x37, 0x94, 0x91, 0xC2, 0xAA, 0x01, 0xC7, 0x4A, 0x8B, 0x4A, 0x8A, 0x6B, 0xC3, 0x2B, 0x22,
    0xEE, 0x40, 0xA1, 0x44, 0xC4, 0xEF, 0xB9, 0xC8, 0x69, 0x5C, 0x02, 0x74, 0xE1, 0x19, 0x84, 0xB8,
    0x27, 0xA8, 0x21, 0xFF, 0x0F, 0x8D, 0x6E, 0xF8, 0x2A, 0x83, 0x7A, 0x5E, 0x05, 0x21, 0x14, 0xD4,
    0xE0, 0xD4, 0xED, 0xE8, 0xED, 0x45, 0x57, 0xAA, 0x28, 0x25, 0x6F, 0xC4, 0x4A, 0x0D, 0xEB, 0xC7,
    0x5B, 0xA3, 0xCE, 0xD2, 0xE0, 0x4E, 0x04, 0x23, 0x55, 0x50, 0xF2, 0x39, 0x82, 0x42, 0x12, 0x01,
    0x48, 0x7F, 0xD8, 0x08, 0xD9, 0x16, 0x42, 0xB2, 0xBD, 0xDD, 0xCF, 0x20, 0x57, 0x94, 0xC6, 0xC3,
    0x6E, 0x66, 0xBB, 0x51, 0xA3, 0x91, 0x20, 0x1F, 0x74, 0x31, 0xEA, 0x70, 0x9B, 0x1C, 0xE4, 0x98,
    0x50, 0xF9, 0xA1, 0xD8, 0x47, 0x0F, 0xA2, 0x1E, 0x4D, 0x75, 0xA0, 0x29, 0x1B, 0xC9, 0x37, 0x84,
    0x87, 0xA5, 0x46, 0x8C, 0x70, 0x80, 0x2E, 0x03, 0x9B, 0x89, 0x6C, 0x20, 0x94, 0x67, 0x61, 0x16,
    0x6D, 0x52, 0x04, 0xFD, 0x32, 0x79, 0xE1, 0x8D, 0x60, 0xC7, 0xD3, 0xC0, 0xB8, 0x7C, 0x5F, 0xF0,
    0xC9, 0xAE, 0xD0, 0x98, 0xA5, 0x7C, 0x88, 0xB0, 0x3F, 0x80, 0x4E, 0x70, 0x7B, 0xC0, 0x1D, 0x38,
    0x68, 0x1B, 0x78, 0xC1, 0x9D, 0xB4, 0xEB, 0x5F, 0x08, 0x3A, 0x66, 0xC1, 0x96, 0xD9, 0x6F, 0xD2,
    0x62, 0x2F, 0x05, 0x2F, 0x67, 0x7B, 0x12, 0x4B, 0x1C, 0x41, 0x12, 0x32, 0xEA, 0x9D, 0x4E, 0xD4,
    0x65, 0xAA, 0xC3, 0xEE, 0x5A, 0x9F, 0x6D, 0x86, 0x64, 0x13, 0x25, 0x67, 0xCC, 0x55, 0xEF, 0xDC,
    0x46, 0xE6, 0x45, 0xE7, 0x8C, 0x02, 0xD6, 0x89, 0x02, 0x98, 0x3B, 0xB8, 0xA2, 0xA9, 0x41, 0x78,
    0x34, 0xD8, 0xB4, 0xCB, 0x3E, 0x5C, 0x3A, 0xC9, 0x5C, 0xFD, 0xEA, 0x92, 0x28, 0xFD, 0xE6, 0xA0,
    0x96, 0x1F, 0x3A, 0x82, 0xDE, 0x49, 0x8C, 0xCD, 0x16, 0xB3, 0x10, 0xC4, 0x63, 0x42, 0x3E, 0x39,
    0x9B, 0x10, 0x0E, 0xD9, 0x3A, 0xC7, 0x54, 0xAF, 0xBB, 0xD9, 0x0C, 0x2B, 0x6E, 0x56, 0x9B, 0x44,
    0x8F, 0x9E, 0xDD, 0xA1, 0x25, 0x5C, 0xF2, 0xAB, 0x50, 0x8B, 0x6C, 0x13, 0x35, 0xB5, 0x5D, 0xD8,
    0xD4, 0xFB, 0x55, 0xE9, 0x67, 0x13, 0xDD, 0x0C, 0x33, 0x5B, 0x32, 0xAF, 0x25, 0xB3, 0x5A, 0x32,
    0xA7, 0x25, 0x33, 0x5A, 0x32, 0x9F, 0x25, 0xB3, 0x59, 0xFC, 0x21, 0x27, 0x66, 0xB2, 0xF3, 0x70,
    0x28, 0x55, 0x8B, 0xAD, 0x0E, 0x5B, 0x0D, 0xB6, 0xFA, 0xAB, 0x51, 0x75, 0xD7, 0x6A, 0xAE, 0xD5,
    0x5B, 0xAB, 0xB5, 0x56, 0x67, 0xAD, 0xC6, 0x5A, 0x7D, 0xB5, 0xDA, 0x6A, 0x75, 0xD5, 0x6A, 0xAA,
    0x57, 0x4F, 0xE5, 0x86, 0x11, 0xF4, 0x27, 0x07, 0x4E, 0xFD, 0x33, 0x41, 0x3F, 0x92, 0xAC, 0xE1,
    0x21, 0x09, 0x40, 0xFA, 0x9D, 0x62, 0xB5, 0x60, 0x9C, 0x84, 0x38, 0x35, 0x60, 0x52, 0xFF, 0x25,
    0xB5, 0x5F, 0x52, 0xF7, 0x9D, 0x60, 0xBE, 0xD5, 0x7B, 0xE7, 0x31, 0x01, 0x61, 0xB9, 0x15, 0x27,
    0xF3, 0x5D, 0xB3, 0x5D, 0x73, 0x5D, 0x33, 0x5D, 0x78, 0x6E, 0x32, 0xCB, 0xAD, 0x8E, 0x5B, 0x0D,
    0x97, 0x1E, 0x4F, 0x8F, 0x27, 0x22, 0xBF, 0xB0, 0xE0, 0xF0, 0x2F, 0x9C, 0xE8, 0x19, 0x71, 0x22,
    0x8F, 0x90, 0x45, 0x18, 0x7F, 0xA0, 0xF7, 0x86, 0xB9, 0xB4, 0x79, 0xB4, 0x39, 0x74, 0xA7, 0x68,
    0xEE, 0x6C, 0xDE, 0xAC, 0x8E, 0x9C, 0x15, 0x93, 0xBA, 0xB2, 0x62, 0x4C, 0xE6, 0xC8, 0xE6, 0xC7,
    0xE6, 0xC6, 0xE6, 0xC5, 0xE6, 0xC4, 0xE6, 0xC3, 0xE6, 0xC2, 0xE6, 0xC1, 0xE6, 0xC0, 0xE6, 0xBF,
    0xE6, 0xBE, 0xE6, 0xBD, 0xE6, 0xBC, 0xE6, 0xBB, 0xE6, 0xBA, 0xD5, 0x73, 0xDB, 0xA3, 0xDF, 0xA5,
    0xC5, 0x06, 0xF4, 0x4A, 0x10, 0xB5, 0xBE, 0xD4, 0x8E, 0x22, 0xB7, 0x91, 0x8D, 0xAB, 0x33, 0x57,
    0xE8, 0x4E, 0xF5, 0x64, 0x75, 0xE4, 0x11, 0x00, 0x37, 0xDE, 0x61, 0xC2, 0x0A, 0x19, 0x3E, 0x9C,
    0xD4, 0x85, 0x23, 0x40, 0x1D, 0x58, 0xFD, 0x57, 0xDD, 0x57, 0xBD, 0x57, 0x9D, 0x57, 0x7D, 0xB7,
    0xBA, 0xEE, 0x88, 0xC8, 0x80, 0x13, 0xFD, 0x8F, 0xF1, 0x1B, 0xFA, 0xB3, 0xA0, 0x88, 0x9C, 0x44,
    0xF6, 0x53, 0xC5, 0x27, 0xC8, 0xF5, 0xDF, 0xE5, 0xDF, 0x87, 0x92, 0x6A, 0x1B, 0x0D, 0xB3, 0xE4,
    0x1B, 0x70, 0x1D, 0x6D, 0x6A, 0xE1, 0x89, 0x2E, 0x4B, 0x02, 0x87, 0x5D, 0x12, 0x38, 0x24, 0xEA,
    0xD7, 0x7E, 0xFD, 0x0E, 0xD3, 0x4F, 0xCD, 0xDF, 0x34, 0x92, 0x0C, 0xB4, 0xCA, 0x0F, 0x33, 0xBD,
    0x3F, 0x46, 0xF2, 0x56, 0x84, 0x59, 0xF0, 0xA9, 0xE2, 0x13, 0x9E, 0x3E, 0xB8, 0x22, 0x3C, 0x82,
    0x2E, 0x0F, 0xF8, 0x02, 0xBA, 0x0F, 0xB2, 0x71, 0x49, 0x2D, 0xD2, 0x28, 0xA9, 0x75, 0xC7, 0x20,
    0x90, 0x5D, 0xA6, 0x6E, 0xFB, 0x4E, 0x8B, 0xE0, 0xB6, 0x51, 0xB0, 0xCD, 0x11, 0x71, 0x15, 0x0D,
    0x4C, 0xB4, 0x5A, 0xB4, 0x3F, 0xAE, 0x22, 0xFC, 0x91, 0xE4, 0x76, 0x0B, 0xED, 0x2E, 0x2F, 0xFC,
    0x65, 0x25, 0x72, 0x50, 0xD0, 0xE1, 0x7C, 0xF3, 0xFC, 0x07, 0x51, 0x09, 0x84, 0x27, 0xA3, 0x28,
    0x06, 0x45, 0x3F, 0xFD, 0x28, 0xDB, 0xE1, 0x11, 0xD0, 0x25, 0x81, 0x0E, 0xD0, 0xE6, 0x1F, 0x4E,
    0x3B, 0xDC, 0x3D, 0xBF, 0xFB, 0x2B, 0x51, 0xB7, 0x0F, 0x49, 0xC2, 0x39, 0xC3, 0xF2, 0x76, 0x11,
    0x1D, 0x0E, 0xE0, 0x98, 0x80, 0x77, 0xB7, 0x65, 0xB9, 0xE3, 0x7F, 0xDB, 0xC2, 0x67, 0xD1, 0xC5,
    0x46, 0xA6, 0x41, 0x50, 0xF2, 0x50, 0xA6, 0x51, 0x52, 0x91, 0xA9, 0xDD, 0xF4, 0xB7, 0x7A, 0xEA,
    0x78, 0x82, 0x72, 0x5B, 0xEA, 0x9E, 0xC0, 0xF1, 0x00, 0xFA, 0xBD, 0xB9, 0xBF, 0x7F, 0xEE, 0xF3,
    0x85, 0x39, 0x87, 0xD4, 0x32, 0xA7, 0x07, 0x44, 0x41, 0xA2, 0x20, 0x6F, 0x01, 0xB8, 0x1A, 0x6A,
    0x59, 0x16, 0x7F, 0xA0, 0x20, 0x43, 0xA1, 0x8E, 0x97, 0x9E, 0x5F, 0x45, 0x9E, 0x5B, 0x96, 0x31,
    0x51, 0x54, 0xBC, 0xE3, 0x8D, 0xDF, 0xAE, 0x6F, 0xC2, 0xFF, 0xBD, 0xBE, 0x89, 0x2F, 0x87, 0x4D,
    0x4E, 0xB2, 0xC7, 0xC2, 0x17, 0x8A, 0x22, 0x12, 0x25, 0x59, 0x93, 0x6F, 0x91, 0x6A, 0xDB, 0x42,
    0xE7, 0xC2, 0x53, 0x7F, 0x02, 0xDD, 0x21, 0x48, 0x82, 0xAD, 0xE0, 0x4E, 0x6D, 0xB9, 0x62, 0x7F,
    0xE2, 0x75, 0xFC, 0xE9, 0xC2, 0xBF, 0xE3, 0x57, 0x8C, 0xB7, 0xD5, 0xAD, 0x02, 0xF6, 0x37, 0x1F,
    0x97, 0x21, 0x5F, 0xB3, 0xEA, 0x37, 0xA0, 0x14, 0xE1, 0x27, 0xBA, 0x64, 0x1E, 0xDF, 0x44, 0x26,
    0x0A, 0xC8, 0x23, 0x10, 0x1B, 0x12, 0x6C, 0x17, 0x6D, 0x14, 0xC5, 0x1A, 0xBC, 0x4B, 0x57, 0x8F,
    0xBD, 0xCA, 0x98, 0xAD, 0x0F, 0x36, 0x50, 0xFF, 0x34, 0x81, 0x1C, 0x19, 0xFD, 0xD6, 0x5E, 0xE4,
    0x05, 0x74, 0x29, 0x1F, 0xFA, 0x6E, 0x0A, 0x77, 0x2D, 0x70, 0xA8, 0xBE, 0x6D, 0x09, 0xBA, 0x19,
    0x17, 0xDB, 0x56, 0x6A, 0xD0, 0xBF, 0xEE, 0xF1, 0x9E, 0x5F, 0x75, 0x8A, 0x0E, 0xAF, 0xF8, 0xA2,
    0xE2, 0x6B, 0x23, 0x7E, 0x7F, 0xFB, 0x2E, 0x1B, 0xC8, 0x89, 0x8E, 0xB0, 0x18, 0x13, 0x57, 0x6E,
    0x4F, 0x63, 0x0B, 0xB5, 0x8A, 0xFE, 0x96, 0x81, 0x74, 0xEA, 0xBB, 0x62, 0x3D, 0x68, 0x84, 0xEB,
    0xC2, 0xB9, 0x1E, 0xF4, 0x5C, 0xF3, 0xE4, 0xB8, 0x5E, 0xD8, 0x3F, 0x1C, 0x04, 0x3E, 0xEC, 0x80,
    0xBF, 0x3A, 0x6A, 0x2E, 0x5E, 0xEC, 0x60, 0x51, 0xEF, 0xCD, 0xCD, 0xDC, 0xA9, 0x1B, 0x00, 0xD4,
    0xAF, 0x1E, 0x84, 0x1C, 0xEC, 0xC0, 0xDA, 0x95, 0xCC, 0x2A, 0x85, 0xAB, 0x5B, 0x5A, 0xF3, 0xF3,
    0x6A, 0xA5, 0xB8, 0xE7, 0xA5, 0xC6, 0x69, 0x07, 0xD1, 0x0E, 0x2C, 0xCE, 0xD9, 0x16, 0xF8, 0xD6,
    0x2F, 0x3D, 0x6B, 0xCC, 0x19, 0x55, 0xC7, 0x81, 0xBA, 0x6C, 0x87, 0x83, 0x1A, 0x1A, 0x59, 0x64,
    0x87, 0xB1, 0xCB, 0xC6, 0xE3, 0x66, 0x1C, 0xE6, 0xF7, 0xB3, 0xF8, 0xFB, 0x9B, 0x5D, 0xDB, 0x05,
    0xA1, 0x05, 0x2E, 0x23, 0xA3, 0xA7, 0x31, 0xD0, 0xE7, 0x9F, 0x31, 0x7F, 0x29, 0x8D, 0x9F, 0xB1,
    0x73, 0x8B, 0x2B, 0x4D, 0xA2, 0xCE, 0x7A, 0x34, 0x24, 0x74, 0xEC, 0x47, 0xF7, 0xF1, 0xD5, 0x7D,
    0x4C, 0x0D, 0xEB, 0xD8, 0x5C, 0xE5, 0xD1, 0x78, 0x0D, 0x3B, 0xA9, 0x06, 0x18, 0xEE, 0x02, 0x5E,
    0x5A, 0xE1, 0x5F, 0x08, 0xF7, 0xBC, 0x35, 0x07, 0x05, 0x69, 0xEF, 0xF2, 0xA2, 0xA8, 0x7A, 0xE4,
    0xCC, 0x31, 0x7F, 0xC2, 0xBC, 0x8A, 0xF8, 0x97, 0xF4, 0x69, 0xED, 0x73, 0x58, 0x31, 0x32, 0x65,
    0x2A, 0xFD, 0xA2, 0xC4, 0xD3, 0x3B, 0x5D, 0xDB, 0xED, 0x4A, 0xD8, 0xB6, 0xDE, 0x36, 0x7F, 0x13,
    0x5F, 0xB3, 0xB6, 0x30, 0x9F, 0x96, 0x52, 0x74, 0x8B, 0x50, 0xC1, 0x6B, 0x73, 0xE0, 0x09, 0x96,
    0x1E, 0x25, 0x26, 0x86, 0x86, 0x45, 0x2A, 0xD5, 0x9E, 0xBC, 0x4A, 0x9D, 0x5C, 0xE6, 0xAD, 0x63,
    0x49, 0x1E, 0x6F, 0x7D, 0xA1, 0x20, 0x05, 0x74, 0x27, 0x31, 0x89, 0xC4, 0xA3, 0x3D, 0x85, 0x06,
    0xEC, 0x5E, 0x78, 0xC5, 0x33, 0x2F, 0x12, 0xFB, 0x3D, 0xFC, 0x7A, 0x01, 0xC5, 0x19, 0xBB, 0xD8,
    0x82, 0xEE, 0xA0, 0x41, 0x05, 0xC9, 0x5F, 0x46, 0x6F, 0x8B, 0x60, 0x8A, 0xE2, 0x8A, 0x9C, 0x3B,
    0x39, 0xAA, 0xD5, 0x6D, 0x2D, 0x94, 0xDE, 0xB6, 0xC9, 0xC3, 0xD7, 0xF0, 0xB6, 0x2A, 0xF1, 0x7A,
    0xA3, 0xBB, 0xFD, 0xAA, 0xDF, 0xCE, 0xF1, 0xB5, 0x97, 0x9B, 0x6A, 0xDA, 0x45, 0x37, 0xA5, 0xA6,
    0x2E, 0xDF, 0x6E, 0x4A, 0x83, 0x6E, 0x4A, 0x19, 0x46, 0xDD, 0xBE, 0xC6, 0xA6, 0xB4, 0x4F, 0xD8,
    0x94, 0x0E, 0x0B, 0x7C, 0xC8, 0x3F, 0x01, 0x7E, 0x81, 0x4D, 0xE9, 0xD7, 0x07, 0x36, 0xA5, 0xFF,
    0x49, 0x9D, 0x20, 0xAF, 0xF0, 0x18, 0x9E, 0x75, 0x53, 0xFA, 0xA5, 0x76, 0xE8, 0xF5, 0x37, 0xBC,
    0xFF, 0x86, 0x25, 0xD9, 0x83, 0x05, 0x6A, 0x3B, 0xD4, 0x0B, 0xBE, 0x51, 0x9B, 0x79, 0xAA, 0x37,
    0x73, 0x7C, 0x7D, 0x91, 0x63, 0x11, 0xF6, 0x27, 0xA2, 0x7A, 0x4B, 0xAF, 0x1A, 0x7D, 0x52, 0x2C,
    0xC0, 0xC8, 0x6B, 0xED, 0x37, 0x8D, 0x1C, 0x15, 0x63, 0x3D, 0x3F, 0x32, 0x54, 0x77, 0xD6, 0x7F,
    0x51, 0x71, 0xB4, 0x6C, 0x9C, 0xD4, 0x4D, 0x30, 0x9C, 0x61, 0xC5, 0xFD, 0x1F, 0xF5, 0xA7, 0x35,
    0x68, 0x02, 0x87, 0x6F, 0xD9, 0xF9, 0xD4, 0xD1, 0x4C, 0xD7, 0xDF, 0x89, 0x71, 0x07, 0x7A, 0xC5,
    0x31, 0x03, 0xBB, 0x04, 0xEC, 0x57, 0xE0, 0x38, 0x03, 0x7F, 0x4E, 0xD7, 0xA1, 0xCD, 0x31, 0x22,
    0x66, 0x7C, 0x47, 0xC3, 0xAF, 0x78, 0x12, 0x71, 0xBF, 0xA4, 0x96, 0xAD, 0xBF, 0xED, 0x09, 0x49,
    0xD5, 0x33, 0xF0, 0x6E, 0xFF, 0xC7, 0xA1, 0x40, 0x5B, 0xA1, 0x5B, 0xBB, 0x42, 0xBE, 0x88, 0x9A,
    0x11, 0x45, 0xEA, 0x19, 0x6F, 0x0E, 0x28, 0xF9, 0x75, 0x7C, 0xF4, 0x50, 0x65, 0x24, 0xAE, 0x42,
    0x5C, 0x11, 0xD3, 0x02, 0x98, 0xEA, 0xE6, 0x01, 0x39, 0xB5, 0xA1, 0xAD, 0x96, 0x0D, 0x3D, 0x30,
    0x3D, 0xBE, 0x8F, 0x6F, 0xEE, 0x45, 0x7C, 0x4C, 0xD7, 0x75, 0x3C, 0x1B, 0xAE, 0xC0, 0x5A, 0x0B,
    0xE0, 0xC5, 0xB0, 0xFA, 0xCC, 0x54, 0x11, 0x79, 0x17, 0xA8, 0xD8, 0x2B, 0xBA, 0x52, 0x93, 0x0F,
    0x3C, 0x80, 0x43, 0xC5, 0xDB, 0x74, 0xFA, 0x7C, 0x75, 0xEF, 0x5B, 0x65, 0x30, 0x73, 0x0B, 0xE4,
    0x26, 0x9C, 0x9A, 0x72, 0x0F, 0xA0, 0x53, 0xF1, 0xF3, 0xDB, 0xF2, 0x7D, 0x5E, 0x9F, 0x5C, 0xD5,
    0x59, 0x9F, 0x5C, 0x79, 0xE6, 0x1D, 0x33, 0x88, 0xFE, 0xC7, 0xFC, 0xEA, 0x79, 0x23, 0x62, 0x1A,
    0x9E, 0xEC, 0x81, 0xD8, 0xCD, 0x43, 0xB1, 0xFE, 0xDD, 0x87, 0x62, 0xA7, 0x3E, 0xE1, 0x9E, 0x3A,
    0x46, 0x29, 0xF9, 0xFD, 0x42, 0xFC, 0xD4, 0xEC, 0x03, 0x49, 0xC2, 0x24, 0xCC, 0x30, 0xD9, 0x82,
    0x1C, 0x82, 0xAB, 0xB8, 0xFF, 0x02, 0x7C, 0x90, 0xA1, 0x52, 0xC4, 0x30, 0x14, 0x45, 0x4F, 0x5B,
    0xB1, 0x0C, 0x11, 0x31, 0xAB, 0xD6, 0x44, 0x83, 0xE9, 0x0F, 0x2C, 0xFB, 0x3A, 0xC3, 0x4F, 0x21,
    0x18, 0x1A, 0x87, 0xE5, 0x13, 0xD0, 0x6B, 0xD0, 0x18, 0x9A, 0x4F, 0xC8, 0x27, 0x14, 0x0B, 0x82,
    0x88, 0xCE, 0x50, 0x91, 0xED, 0xA3, 0x61, 0xD1, 0x88, 0xCC, 0xE4, 0xBE, 0x6B, 0xCE, 0x3D, 0x43,
    0x90, 0xD8, 0x8E, 0x36, 0x99, 0xA9, 0x99, 0x51, 0x5F, 0x2F, 0x6C, 0x32, 0x36, 0x21, 0x81, 0xA1,
    0x03, 0x93, 0x40, 0x26, 0xD0, 0x4C, 0x73, 0x52, 0xEC, 0xD4, 0x77, 0x12, 0x25, 0xD4, 0xA7, 0x26,
    0x59, 0xFD, 0x1A, 0x5B, 0xD5, 0x20, 0x2F, 0xEA, 0xA5, 0x3E, 0xB1, 0x3B, 0x1E, 0x9F, 0x45, 0x35,
    0xFD, 0xBD, 0xF1, 0x9A, 0xCB, 0x4E, 0x90, 0x20, 0x1F, 0xDA, 0xAD, 0x19, 0xAB, 0x99, 0x5A, 0x9F,
    0x30, 0xB1, 0x4D, 0x92, 0x64, 0x74, 0xDE, 0xC4, 0xF2, 0x2F, 0xA9, 0xE4, 0x72, 0x71, 0xBE, 0x7A,
    0xC5, 0x69, 0x10, 0x8D, 0x37, 0x2E, 0x6E, 0x5D, 0x40, 0x7C, 0xB5, 0xD0, 0xCC, 0x05, 0xA4, 0x9E,
    0xB1, 0xCA, 0xC1, 0xFA, 0xFD, 0xC6, 0xDF, 0x1B, 0xBF, 0xB7, 0xC8, 0x82, 0x29, 0x70, 0x8F, 0xB9,
    0x56, 0x3B, 0x6D, 0xB2, 0xAC, 0x43, 0x06, 0x2F, 0x51, 0x19, 0x6E, 0x33, 0x12, 0xFA, 0xE0, 0xDE,
    0x15, 0xF3, 0x9D, 0x69, 0x34, 0x51, 0x69, 0x80, 0x01, 0x70, 0x23, 0x6D, 0x44, 0xC2, 0x79, 0x64,
    0xA5, 0x65, 0x72, 0x9B, 0xE8, 0x3D, 0x77, 0x00, 0x98, 0x28, 0xFF, 0x10, 0xFE, 0xB6, 0x93, 0xAC,
    0xD7, 0xB5, 0xF3, 0x07, 0x2E, 0x60, 0x07, 0x0F, 0x90, 0x0B, 0x67, 0xA3, 0xBE, 0xEA, 0x03, 0x2E,
    0x6C, 0x25, 0x88, 0xD2, 0xCE, 0xF0, 0x46, 0x33, 0x61, 0x03, 0xD2, 0xD1, 0xC3, 0xF0, 0x49, 0x5F,
    0x84, 0xE0, 0x26, 0xAE, 0xD8, 0x75, 0x3D, 0xE2, 0xCF, 0x8A, 0x16, 0x9C, 0xCE, 0x45, 0x11, 0x45,
    0x65, 0xFB, 0x33, 0x44, 0x50, 0x7E, 0x00, 0x00, 0xCD, 0x7A, 0x3F, 0xAC, 0xDD, 0x46, 0x76, 0xFE,
    0x5C, 0xF2, 0xF7, 0x13, 0x01, 0xF3, 0xF7, 0xC3, 0x54, 0x4E, 0x61, 0x17, 0xD3, 0x06, 0x0B, 0x24,
    0xAC, 0x03, 0xD8, 0x6F, 0xB8, 0x11, 0x10, 0x15, 0x2A, 0xBC, 0x40, 0xBA, 0x34, 0x6E, 0x52, 0x39,
    0xC5, 0x6B, 0xB7, 0x78, 0x12, 0xE9, 0x75, 0xE1, 0xC2, 0x45, 0x94, 0x2A, 0xA5, 0x53, 0xA8, 0x58,
    0x6F, 0xE3, 0xA4, 0x73, 0xF1, 0xF4, 0x48, 0xF9, 0x15, 0x2A, 0xB6, 0x10, 0x2D, 0x21, 0x50, 0xE1,
    0xC2, 0x94, 0x6C, 0x60, 0x81, 0xA4, 0xD0, 0x28, 0xE6, 0xDA, 0x23, 0x69, 0xC8, 0x93, 0xEF, 0x3B,
    0xBC, 0xD4, 0xBB, 0xBB, 0x56, 0xE4, 0x4D, 0x02, 0x04, 0xA1, 0xEF, 0xFD, 0xBE, 0x6B, 0x5D, 0xDE,
    0xE1, 0x77, 0xFE, 0xCC, 0x99, 0x33, 0x23, 0x19, 0x53, 0x2D, 0xB5, 0x31, 0xB9, 0xC8, 0x84, 0x8F,
    0x22, 0xB3, 0x31, 0x9D, 0x88, 0x98, 0x9D, 0x0C, 0x85, 0xB4, 0xF9, 0x82, 0x0F, 0x7D, 0x89, 0x3F,
    0x94, 0xDE, 0xCA, 0x08, 0x7C, 0x4D, 0x22, 0xD0, 0xF8, 0x69, 0x27, 0xAD, 0x91, 0x76, 0x27, 0x75,
    0x2E, 0x26, 0x13, 0x53, 0xCC, 0x06, 0x1F, 0xCA, 0x44, 0xB4, 0xC0, 0x85, 0x58, 0x00, 0x23, 0xBF,
    0x72, 0x13, 0xBF, 0xAA, 0x82, 0xB1, 0x1B, 0x7A, 0x60, 0x34, 0x7E, 0xE4, 0x57, 0xC6, 0x2D, 0xB5,
    0x9B, 0x32, 0x91, 0xB1, 0x0A, 0xA5, 0x48, 0xF4, 0xC1, 0xCD, 0x2E, 0xF9, 0xE0, 0xE5, 0x4A, 0xF2,
    0x63, 0xF3, 0xE9, 0x9D, 0xD4, 0x0C, 0xD7, 0x4A, 0xE2, 0x89, 0xBD, 0x3B, 0x75, 0xFD, 0xF5, 0xE3,
    0x77, 0x83, 0xF4, 0x7E, 0x69, 0x7A, 0x68, 0x9B, 0xA4, 0x96, 0x16, 0xCF, 0x83, 0x12, 0x3C, 0x23,
    0x03, 0x5A, 0xA0, 0xC1, 0xE8, 0x39, 0xD0, 0xC5, 0x7C, 0x01, 0x4E, 0x05, 0x31, 0xDA, 0x19, 0x28,
    0x92, 0xF0, 0xAD, 0x48, 0x50, 0xAB, 0x07, 0x63, 0xCC, 0xF1, 0x53, 0xB3, 0x5D, 0x4D, 0x31, 0x96,
    0x73, 0x26, 0x8F, 0x53, 0x99, 0xA0, 0x64, 0xB1, 0xC9, 0x7D, 0xFF, 0x4C, 0x6C, 0xF2, 0xC3, 0xDF,
    0x89, 0x8D, 0xCD, 0xBC, 0x13, 0x37, 0x75, 0x92, 0x49, 0x15, 0x6E, 0xD9, 0xCB, 0x73, 0x15, 0x4E,
    0xED, 0x55, 0xE8, 0x3C, 0x71, 0x2E, 0xF8, 0x11, 0x7A, 0x86, 0x66, 0x74, 0x93, 0xB4, 0xCD, 0x40,
    0x8F, 0x74, 0x3D, 0x7D, 0x21, 0xC0, 0x05, 0x48, 0x2F, 0x40, 0x67, 0x39, 0xAB, 0xCE, 0x85, 0xDA,
    0x0A, 0x11, 0x60, 0xAE, 0x7A, 0x76, 0xD4, 0xA3, 0x8E, 0xC0, 0xE7, 0x8E, 0xE8, 0x34, 0x22, 0x02,
    0x11, 0xBC, 0x45, 0xA4, 0x2E, 0xA5, 0x2E, 0xA4, 0x77, 0x89, 0x11, 0xA9, 0x02, 0x23, 0xE2, 0xC7,
    0xAA, 0x07, 0x3E, 0x94, 0x20, 0xAD, 0x7F, 0x30, 0x4E, 0xC0, 0xAF, 0xFA, 0xDF, 0x4A, 0xED, 0xE5,
    0x8B, 0x7F, 0x13, 0xE3, 0x45, 0xBE, 0x06, 0xCE, 0xDD, 0x65, 0x60, 0xA4, 0x0A, 0xF8, 0xBC, 0x58,
    0x71, 0xA6, 0xE7, 0x11, 0x11, 0x28, 0xB5, 0xC0, 0x9E, 0xD8, 0x01, 0x35, 0xB6, 0x8C, 0xC8, 0xA5,
    0x21, 0x1B, 0x0D, 0x7E, 0xE6, 0x66, 0x4A, 0xEB, 0xA4, 0x56, 0x0D, 0xBD, 0x4D, 0xD5, 0x24, 0x3D,
    0xDC, 0xD9, 0x76, 0xAA, 0xA1, 0x83, 0x86, 0x15, 0x8F, 0x5B, 0x28, 0xB9, 0xA7, 0x4A, 0xBE, 0x54,
    0x25, 0x8F, 0x7F, 0xA0, 0x24, 0xA9, 0x92, 0x89, 0x4A, 0x36, 0x0D, 0x40, 0x6A, 0x28, 0x2F, 0x34,
    0x10, 0x45, 0x95, 0x6C, 0xD7, 0xF5, 0x72, 0xCC, 0x98, 0x62, 0x5D, 0x62, 0x82, 0x89, 0x2C, 0x20,
    0xF7, 0xFD, 0xF7, 0xC2, 0x61, 0x86, 0xF7, 0x85, 0x23, 0xC0, 0xA9, 0xC8, 0x51, 0x04, 0x66, 0xC1,
    0x48, 0x88, 0x4C, 0xC2, 0x20, 0x08, 0xCD, 0x04, 0x42, 0x6C, 0x46, 0x0C, 0xC6, 0x64, 0x81, 0x5D,
    0x0E, 0xD9, 0x42, 0xDD, 0x18, 0xD0, 0x83, 0x2A, 0x69, 0x41, 0x3B, 0xA6, 0xDC, 0xA8, 0x5E, 0x6E,
    0xA0, 0x28, 0x74, 0x22, 0x90, 0x34, 0xF8, 0x0E, 0x3A, 0xCA, 0xB1, 0xB3, 0xA0, 0x82, 0x4F, 0x65,
    0x3C, 0x63, 0x26, 0x2D, 0x0C, 0x1E, 0x0C, 0xA2, 0x08, 0x2F, 0xCD, 0x80, 0x8A, 0x7F, 0x72, 0xAD,
    0xEA, 0x8D, 0x89, 0x96, 0xE0, 0x00, 0x73, 0x03, 0x68, 0xF8, 0x85, 0x93, 0x36, 0x33, 0x88, 0x79,
    0xD9, 0xE3, 0x99, 0xD5, 0x48, 0x98, 0x74, 0x8A, 0xE4, 0x8C, 0x6B, 0xC1, 0xF9, 0xF5, 0x21, 0xE7,
    0xDC, 0x97, 0x09, 0xEE, 0xD6, 0xCC, 0x24, 0x14, 0x12, 0x29, 0x72, 0xC2, 0xF0, 0x04, 0x15, 0x7B,
    0x49, 0x9E, 0x72, 0x4C, 0xE9, 0x29, 0x34, 0x58, 0x40, 0xAA, 0x16, 0x53, 0x25, 0x3F, 0x61, 0xB4,
    0x9F, 0xDC, 0xA0, 0x13, 0x0D, 0x3E, 0xE1, 0x59, 0x36, 0x96, 0x32, 0xD8, 0x68, 0x3F, 0x44, 0x36,
    0xBA, 0x3C, 0x54, 0xC1, 0x95, 0xC1, 0xE3, 0x17, 0x80, 0x02, 0x80, 0x39, 0x17, 0x9A, 0x61, 0x03,
    0x06, 0x5C, 0x00, 0x56, 0xA4, 0xA6, 0x9D, 0x06, 0x62, 0x46, 0x26, 0x21, 0x9E, 0x76, 0x2C, 0x32,
    0x64, 0x22, 0x32, 0x95, 0x80, 0xE4, 0x16, 0xE4, 0x27, 0xE3, 0x27, 0xAF, 0xFF, 0x8C, 0x41, 0x84,
    0xCC, 0xA5, 0xE0, 0xF4, 0xAE, 0x38, 0xF1, 0xAF, 0x57, 0xB5, 0x4D, 0xA7, 0x16, 0xF0, 0x99, 0xC3,
    0x54, 0x3B, 0x3D, 0x82, 0xE8, 0x06, 0x33, 0x71, 0x74, 0xB1, 0x92, 0xBE, 0x7C, 0xBA, 0x6A, 0xFE,
    0x45, 0x70, 0x22, 0x19, 0xE0, 0xF8, 0xC3, 0x50, 0x25, 0xB8, 0xD6, 0x87, 0x8C, 0x23, 0xE1, 0x81,
    0xBF, 0x52, 0xD2, 0x49, 0xBB, 0x70, 0xF8, 0x4C, 0x64, 0x28, 0x13, 0x23, 0x3E, 0x55, 0x88, 0xDC,
    0xEC, 0xA2, 0x8C, 0x06, 0x25, 0x61, 0x86, 0x4E, 0xD4, 0x84, 0x05, 0x9A, 0x51, 0x14, 0x22, 0xC4,
    0x9E, 0x94, 0x77, 0x27, 0x58, 0xC5, 0xB2, 0x00, 0x62, 0xA8, 0x61, 0x19, 0x0B, 0x03, 0x88, 0x23,
    0x21, 0xAB, 0xE8, 0x1D, 0x01, 0xD9, 0x3D, 0x45, 0xA3, 0xC1, 0x89, 0x9C, 0x8D, 0x86, 0xB5, 0xC7,
    0x80, 0x62, 0xA1, 0x24, 0xEA, 0x04, 0x88, 0x4D, 0xAA, 0x07, 0x4F, 0x65, 0x8D, 0x58, 0x88, 0xBC,
    0xDE, 0xAB, 0xCD, 0xFF, 0xD9, 0x19, 0xFE, 0xBE, 0x29, 0x03, 0x7E, 0x0F, 0x9D, 0x5B, 0x66, 0x96,
    0x49, 0x33, 0xD3, 0x4F, 0x9A, 0x99, 0xCD, 0xA0, 0x99, 0xD9, 0x8D, 0x9A, 0x99, 0x08, 0x21, 0x6B,
    0x86, 0x9B, 0x98, 0x99, 0x11, 0xC4, 0xAA, 0x51, 0x05, 0xCA, 0x1D, 0x58, 0x0C, 0x39, 0x67, 0xF6,
    0x99, 0x39, 0xAA, 0x1B, 0x36, 0xF1, 0xA0, 0x62, 0x5E, 0x6D, 0x98, 0x8D, 0x90, 0x16, 0xD4, 0xDE,
    0xAD, 0x7C, 0x50, 0xA0, 0x4A, 0x13, 0x89, 0xA4, 0x37, 0xA5, 0x5D, 0xE5, 0xB2, 0x0E, 0xF2, 0x1E,
    0xAD, 0xB3, 0x15, 0x8D, 0x71, 0x51, 0xCB, 0x89, 0x9A, 0xDB, 0x96, 0x82, 0x42, 0x9C, 0x6B, 0xD1,
    0xF6, 0x01, 0x03, 0xA3, 0x70, 0x32, 0x45, 0x26, 0x7D, 0xFE, 0xA5, 0x2E, 0xAE, 0x02, 0x9A, 0x51,
    0x19, 0x56, 0xAA, 0x1B, 0x01, 0x05, 0x35, 0x00, 0xD4, 0x9F, 0x00, 0x72, 0x6B, 0xA5, 0xAE, 0xE4,
    0x7D, 0x24, 0x9E, 0xDC, 0x16, 0xF9, 0x0E, 0xFF, 0x53, 0xDE, 0x1F, 0xA9, 0xEE, 0x28, 0x7F, 0xD0,
    0x77, 0xE0, 0x6B, 0xC5, 0x97, 0x43, 0x6A, 0x30, 0xB2, 0xBB, 0x23, 0x11, 0xD1, 0xF5, 0x92, 0x0B,
    0x1F, 0x5A, 0x46, 0xD3, 0xB5, 0x45, 0x62, 0xB6, 0x41, 0xBC, 0x53, 0x9D, 0x2D, 0xEB, 0x0F, 0x33,
    0x9C, 0xFA, 0xC0, 0x13, 0xF5, 0xE1, 0x27, 0x09, 0x0C, 0x4B, 0x1C, 0x78, 0x5C, 0x97, 0x10, 0xF8,
    0x4D, 0x6A, 0x70, 0x07, 0xE6, 0x1C, 0xEF, 0xFA, 0x9D, 0x0C, 0xFC, 0x71, 0x0F, 0xD1, 0xCA, 0xEB,
    0x6A, 0x23, 0xAD, 0xE3, 0x20, 0x30, 0x82, 0xEE, 0x1E, 0x69, 0x21, 0x99, 0x96, 0x33, 0x45, 0x68,
    0xA1, 0x0C, 0x6A, 0x5C, 0x73, 0x79, 0xEC, 0x46, 0x0B, 0x67, 0xE7, 0x63, 0x47, 0x8F, 0x35, 0x57,
    0x7B, 0xAF, 0x0A, 0xA4, 0xE6, 0x1C, 0xA1, 0x5E, 0xCE, 0x8B, 0x57, 0x5D, 0x5D, 0x5D, 0x06, 0x8D,
    0xCA, 0x60, 0xC9, 0xE5, 0xF9, 0xE8, 0x46, 0xB0, 0xFD, 0x60, 0xF4, 0x3D, 0xF9, 0xF1, 0x6D, 0xAD,
    0x1C, 0x85, 0x3C, 0x5E, 0x40, 0x4C, 0xF2, 0x89, 0xCC, 0x55, 0x58, 0xB9, 0x7B, 0x06, 0x28, 0x35,
    0xE9, 0x1A, 0x91, 0xC8, 0xE2, 0x24, 0x8C, 0x52, 0xED, 0xD6, 0x15, 0x55, 0x18, 0x4E, 0xDA, 0x27,
    0x34, 0xE0, 0x0D, 0x09, 0x90, 0x0D, 0x4F, 0x14, 0xAC, 0xD3, 0xBA, 0x08, 0x6B, 0x68, 0xF2, 0x64,
    0xEC, 0x86, 0x1D, 0x30, 0x16, 0x8C, 0xFF, 0x64, 0xEF, 0xD0, 0x21, 0x2E, 0x8B, 0xC0, 0x2A, 0xA7,
    0x53, 0xDC, 0x55, 0xBA, 0x82, 0x25, 0xAE, 0x19, 0x32, 0x1D, 0x49, 0x45, 0xF4, 0x44, 0x01, 0x66,
    0x35, 0xD1, 0x0E, 0x5C, 0xE9, 0xE5, 0xA7, 0x52, 0x73, 0x0A, 0x8B, 0xF1, 0x6D, 0xF7, 0x1D, 0xD0,
    0x2C, 0x02, 0xCC, 0xA7, 0x86, 0x11, 0x1D, 0x20, 0x10, 0x71, 0x82, 0xF7, 0x78, 0x5D, 0xD8, 0x44,
    0x13, 0xE3, 0x36, 0xAD, 0xD4, 0x28, 0xA9, 0xF7, 0xDD, 0x05, 0xED, 0xD8, 0xB1, 0xBA, 0x2E, 0xFA,
    0xB0, 0x52, 0x22, 0xE9, 0x92, 0xA4, 0x75, 0x72, 0x4E, 0x3A, 0x39, 0x9B, 0x3E, 0x23, 0x71, 0x9E,
    0x51, 0x93, 0xC9, 0x2F, 0xE8, 0x18, 0xC4, 0x02, 0xBA, 0x1A, 0xFE, 0x50, 0x68, 0x79, 0xD1, 0x9F,
    0xD1, 0xE8, 0xB2, 0x9F, 0x49, 0xC5, 0xBD, 0xB4, 0xFA, 0x2B, 0x30, 0xBB, 0x4C, 0xA7, 0xC9, 0xA5,
    0xD2, 0x82, 0x92, 0x27, 0xB9, 0x95, 0xAE, 0x73, 0xE2, 0x65, 0xD0, 0xC0, 0xB2, 0x28, 0xD3, 0x1F,
    0x63, 0xE2, 0xF9, 0x2B, 0xE9, 0x16, 0x7C, 0x71, 0x3D, 0x5F, 0x84, 0xD5, 0x26, 0x97, 0xC7, 0x9C,
    0xF5, 0xEE, 0xAB, 0x8F, 0x40, 0x5E, 0xCA, 0x9C, 0x4B, 0x79, 0xDC, 0xC1, 0xF1, 0x17, 0xD7, 0x9B,
    0xCB, 0x8D, 0x0A, 0x72, 0x3B, 0x35, 0x33, 0x07, 0x8A, 0x86, 0x13, 0x36, 0xD1, 0x35, 0x7F, 0x75,
    0x83, 0x8E, 0x80, 0x5B, 0xB6, 0x5E, 0x0B, 0x11, 0xE4, 0xD0, 0x9C, 0x01, 0x12, 0x58, 0x50, 0x77,
    0x24, 0xB7, 0xD6, 0x82, 0x23, 0xDB, 0x93, 0x4E, 0x40, 0x23, 0xC8, 0xF5, 0x8C, 0x8E, 0x97, 0xB6,
    0x03, 0x39, 0xA9, 0x19, 0x25, 0xB8, 0x48, 0x48, 0x88, 0x4D, 0x4B, 0x12, 0xCD, 0x2E, 0x90, 0x51,
    0x5F, 0x47, 0x52, 0x21, 0x37, 0xCC, 0x0F, 0xAE, 0xCF, 0xCA, 0x91, 0x4F, 0x8D, 0x7F, 0xA6, 0x45,
    0x2E, 0xFC, 0x23, 0xA8, 0x7C, 0x3E, 0xFC, 0x13, 0xA8, 0x91, 0xDE, 0x83, 0x16, 0x3B, 0xFE, 0x25,
    0x7E, 0x9E, 0xAA, 0xE7, 0xCF, 0x27, 0xD8, 0x93, 0x1A, 0x01, 0x55, 0xE3, 0xDB, 0xF4, 0xDC, 0x76,
    0xFD, 0x49, 0x71, 0x03, 0x3E, 0xDD, 0xC9, 0x71, 0x84, 0x87, 0x0B, 0x91, 0xD9, 0x4A, 0x44, 0x01,
    0x5C, 0x2A, 0x89, 0x7E, 0xF8, 0x60, 0xF1, 0xEF, 0x44, 0x3F, 0xE7, 0x73, 0xC7, 0x9E, 0x29, 0x9F,
    0x13, 0x9B, 0xA6, 0xAB, 0xCF, 0x22, 0xBB, 0xA6, 0x77, 0xBE, 0x0F, 0x6C, 0x9B, 0xD0, 0x2A, 0x68,
    0xDF, 0x74, 0xB7, 0xD7, 0xC6, 0xE9, 0xB8, 0xD6, 0xCE, 0xC9, 0xAF, 0xAD, 0xD3, 0xAD, 0xB5, 0x77,
    0x4A, 0xA4, 0x42, 0x38, 0x8D, 0x41, 0xA3, 0xB6, 0x4F, 0xA2, 0x39, 0x61, 0xA5, 0xD5, 0x46, 0x8F,
    0xC9, 0xA0, 0xDE, 0xD5, 0x56, 0x2F, 0x29, 0x6D, 0x57, 0x39, 0x16, 0xDA, 0x70, 0x34, 0xA9, 0x9A,
    0x91, 0x25, 0x5C, 0xCC, 0x98, 0x26, 0x85, 0x74, 0x22, 0xAD, 0x4D, 0x36, 0xB9, 0x51, 0x7A, 0xE0,
    0x94, 0x19, 0x70, 0x84, 0xBB, 0xC1, 0x2E, 0xA2, 0xC4, 0xB4, 0xE0, 0xC9, 0x7F, 0xC1, 0x8E, 0xA6,
    0x0A, 0xFE, 0xFE, 0xF0, 0x44, 0x6A, 0x0F, 0xEE, 0x57, 0xFE, 0xFA, 0x11, 0xFB, 0x9A, 0xD1, 0x3F,
    0x92, 0xFB, 0xC2, 0x42, 0x34, 0x76, 0x1F, 0x08, 0x0B, 0xD1, 0xA3, 0xC5, 0xC9, 0xD8, 0xF5, 0x5E,
    0x60, 0x72, 0x12, 0xF0, 0xED, 0xC9, 0x0B, 0x78, 0xC9, 0x02, 0xB8, 0x6D, 0x62, 0x1E, 0x9A, 0x4A,
    0xEA, 0x26, 0x64, 0x32, 0x97, 0x52, 0xB3, 0x91, 0x88, 0x6B, 0x97, 0x58, 0x0D, 0x34, 0x86, 0xE5,
    0x85, 0x7A, 0xB5, 0xDC, 0xB0, 0xEC, 0x8B, 0xB0, 0x75, 0xA6, 0x6E, 0x4E, 0x66, 0x4C, 0xB0, 0x6A,
    0x06, 0x5B, 0xFC, 0x21, 0x38, 0x56, 0x13, 0x6F, 0x82, 0x5E, 0xE9, 0xC9, 0xD3, 0x9B, 0x32, 0x6A,
    0x9F, 0x8D, 0x05, 0x02, 0xEC, 0x43, 0xC1, 0x9B, 0xD7, 0xC2, 0x89, 0x17, 0x9D, 0x6C, 0xF0, 0x53,
    0xF6, 0x8F, 0xEC, 0x89, 0x61, 0x09, 0xC6, 0x0B, 0x0D, 0x18, 0x12, 0xBF, 0x15, 0xE9, 0x9B, 0x0F,
    0x07, 0xC8, 0xBC, 0x3A, 0x36, 0xF9, 0xE8, 0x65, 0x41, 0x15, 0xCC, 0x87, 0x46, 0xAE, 0x15, 0x03,
    0x0A, 0x61, 0x13, 0xBD, 0xEB, 0x3D, 0x24, 0x07, 0xE8, 0x2F, 0x39, 0x53, 0x01, 0xFB, 0x72, 0xE8,
    0xB4, 0x5E, 0xA9, 0xC6, 0x7C, 0xF5, 0xB0, 0xB6, 0xAB, 0x88, 0x45, 0x26, 0x2D, 0x34, 0xEE, 0x98,
    0xCF, 0xCD, 0xFB, 0xC0, 0x87, 0x42, 0xFF, 0x7D, 0x3D, 0xD0, 0x7B, 0x5F, 0xF7, 0xDF, 0x12, 0xEF,
    0x29, 0xCA, 0x7D, 0x76, 0x85, 0xDD, 0x95, 0xD9, 0xF8, 0x27, 0x73, 0x01, 0xFC, 0x4D, 0xA0, 0x05,
    0x5A, 0xC3, 0xA1, 0x12, 0xD8, 0xAC, 0x36, 0x50, 0x39, 0x3C, 0xAD, 0x85, 0xBD, 0x27, 0xBE, 0x88,
    0x34, 0x0A, 0x1A, 0xE3, 0xAC, 0x9D, 0x83, 0x48, 0xAD, 0x31, 0xEE, 0xD7, 0x08, 0x33, 0xBE, 0x1D,
    0x27, 0x13, 0x11, 0xB1, 0x05, 0x0E, 0xC2, 0x3D, 0xC4, 0xFD, 0x11, 0xF1, 0x65, 0x54, 0x81, 0x5F,
    0xDF, 0x56, 0x6D, 0xF2, 0x48, 0x0C, 0xE3, 0x09, 0x7C, 0xB8, 0xE4, 0xC0, 0x7F, 0x9D, 0x10, 0x10,
    0xF5, 0x30, 0x95, 0x00, 0xA1, 0xA4, 0x4C, 0x54, 0xA2, 0x8B, 0xCF, 0x41, 0xC7, 0xAA, 0xDE, 0x70,
    0x22, 0x03, 0xE3, 0x16, 0x29, 0x83, 0x41, 0x76, 0x0B, 0x37, 0x41, 0x52, 0xB1, 0x73, 0xF2, 0x32,
    0xE4, 0x82, 0x28, 0xE5, 0xB2, 0xE3, 0xEE, 0xAA, 0x60, 0x52, 0x5A, 0x0E, 0xE7, 0x26, 0x80, 0xAE,
    0x6B, 0xB4, 0x36, 0xD2, 0xF0, 0x88, 0x68, 0xB8, 0x09, 0xA1, 0xA8, 0x02, 0xE2, 0xE0, 0x03, 0x57,
    0xA3, 0xE0, 0x21, 0x71, 0x2C, 0xE3, 0xBA, 0x28, 0x9B, 0xE3, 0xA1, 0x64, 0x87, 0x96, 0x50, 0xC6,
    0x0B, 0x99, 0x8F, 0xF2, 0x60, 0x65, 0x79, 0xBB, 0x08, 0xD5, 0x9D, 0xD9, 0xBB, 0xE0, 0xAF, 0xCC,
    0x95, 0x8C, 0x1D, 0xB3, 0x7D, 0x98, 0xE9, 0xC0, 0x7B, 0x91, 0x82, 0xCF, 0x99, 0x0D, 0xF2, 0x6B,
    0xE6, 0x82, 0xDC, 0x65, 0x26, 0xC8, 0xA7, 0x35, 0x33, 0xA6, 0x81, 0xFF, 0x33, 0xB9, 0xA5, 0x2B,
    0x64, 0x02, 0xB2, 0x68, 0x72, 0x75, 0x1C, 0xB9, 0xF0, 0x4B, 0xCF, 0x65, 0x5F, 0x5A, 0x60, 0x29,
    0x86, 0x4B, 0xFE, 0x6C, 0x28, 0x60, 0xBD, 0x2E, 0xC9, 0x8D, 0x3F, 0xAD, 0x8D, 0xA7, 0xD7, 0x77,
    0x00, 0xD1, 0x2C, 0x48, 0x5C, 0x0E, 0xDE, 0xB8, 0x61, 0xAC, 0xDC, 0x5C, 0x53, 0x04, 0xBE, 0xA9,
    0xB4, 0xDA, 0xFD, 0xDF, 0xBF, 0x11, 0x09, 0xFC, 0x19, 0xF0, 0xB5, 0x9B, 0xC6, 0x33, 0xA4, 0x44,
    0x5D, 0x9E, 0xF9, 0xA1, 0x19, 0x36, 0xE4, 0xC3, 0xF9, 0x41, 0x80, 0x50, 0xD7, 0xEE, 0xD7, 0x0F,
    0xAF, 0x8B, 0x49, 0xB9, 0x2E, 0x9E, 0xDC, 0x2E, 0x51, 0x0C, 0xE7, 0x87, 0x20, 0x1C, 0xD1, 0x5D,
    0xE5, 0x88, 0xF0, 0x86, 0xA9, 0x26, 0x78, 0x03, 0xE3, 0xC2, 0x1B, 0x18, 0x11, 0xDE, 0xC0, 0x88,
    0xF0, 0x06, 0x10, 0x83, 0xF2, 0xD5, 0xF5, 0x7C, 0xC9, 0x86, 0x7C, 0xB5, 0x19, 0xAD, 0xA8, 0x21,
    0x9E, 0x9B, 0xB8, 0x19, 0xC8, 0xD6, 0x38, 0x97, 0x4E, 0xBA, 0x96, 0x9B, 0x35, 0x0B, 0x6F, 0xCC,
    0xD1, 0xB6, 0xF4, 0xAA, 0x37, 0x25, 0xEF, 0x61, 0x0A, 0xB8, 0x6F, 0x54, 0x03, 0xF7, 0x8D, 0xA3,
    0xB1, 0x8C, 0x08, 0x90, 0x1A, 0x6C, 0xA4, 0x06, 0x37, 0x51, 0x43, 0x45, 0x0D, 0xC0, 0x42, 0xD4,
    0xC2, 0xEE, 0x85, 0x85, 0xA3, 0x91, 0xD5, 0xCE, 0x56, 0x95, 0xD0, 0xCF, 0x18, 0x0D, 0x98, 0xA9,
    0xB7, 0x73, 0xE1, 0xE0, 0xC0, 0x8C, 0xD8, 0x96, 0xAB, 0x87, 0x75, 0xED, 0x13, 0x2D, 0xD9, 0x32,
    0xAE, 0x1B, 0x04, 0xBD, 0x38, 0xD0, 0xC5, 0x32, 0x6E, 0xE4, 0x77, 0xA9, 0x25, 0x72, 0xF0, 0x17,
    0x44, 0x43, 0x79, 0xAD, 0x4F, 0x21, 0xD1, 0x06, 0x24, 0x3D, 0x8C, 0x60, 0xBE, 0xC3, 0x0A, 0x96,
    0x1B, 0x9A, 0xC1, 0x39, 0xE9, 0x34, 0xF1, 0x69, 0x88, 0xE6, 0xF5, 0xB0, 0x2E, 0xAD, 0xA0, 0x09,
    0xA4, 0x53, 0x92, 0xCF, 0xF2, 0xA4, 0xF6, 0x05, 0x8D, 0x3A, 0xF4, 0xBA, 0x33, 0x26, 0xE5, 0xC2,
    0x9B, 0x95, 0x84, 0xD4, 0xE2, 0xB5, 0xAD, 0x97, 0x6B, 0xCF, 0xA3, 0x66, 0x4D, 0x9A, 0x26, 0xCF,
    0x6A, 0xD2, 0xAC, 0xBF, 0xAD, 0xD4, 0x0F, 0xA6, 0x79, 0xA7, 0x67, 0x9D, 0x9F, 0x8B, 0xBE, 0x00,
    0xA5, 0x92, 0xB3, 0x73, 0xB7, 0xB8, 0xBA, 0x64, 0xCD, 0xD1, 0x7A, 0x91, 0xCB, 0xB4, 0x92, 0xA1,
    0x4E, 0x5D, 0x1B, 0xB8, 0x59, 0xB9, 0x74, 0xD3, 0x4D, 0x20, 0x9B, 0x2A, 0x5A, 0xE3, 0x67, 0x4F,
    0x6B, 0x44, 0x48, 0xCB, 0xD2, 0x35, 0x30, 0x4A, 0x92, 0xA7, 0x51, 0x12, 0x2A, 0x10, 0xDE, 0x56,
    0x7A, 0x50, 0x4B, 0xF2, 0x62, 0x0A, 0x12, 0x87, 0x55, 0xDB, 0xB6, 0x39, 0x40, 0x03, 0x0F, 0x3D,
    0xFF, 0x87, 0x06, 0x20, 0x93, 0xFF, 0xBD, 0x86, 0xF1, 0x6D, 0x83, 0x9B, 0x4A, 0x19, 0x5C, 0x70,
    0x6C, 0x15, 0x31, 0x85, 0xC2, 0x51, 0x0E, 0xF2, 0x01, 0xC9, 0xD0, 0x4D, 0x7E, 0x44, 0x32, 0x08,
    0xA8, 0x92, 0x87, 0x32, 0xA1, 0x0B, 0x95, 0xFB, 0xCF, 0x22, 0xD3, 0xF9, 0xC1, 0x13, 0x52, 0xF7,
    0xEB, 0x87, 0x49, 0x7A, 0x56, 0x99, 0xC4, 0x8C, 0x7E, 0xDC, 0xCE, 0x4C, 0xE9, 0xCE, 0x2C, 0x9C,
    0x60, 0x67, 0xE6, 0x4C, 0x0C, 0x2B, 0x4D, 0x47, 0x42, 0x41, 0x13, 0xA3, 0x15, 0x67, 0x01, 0x61,
    0x9A, 0xCE, 0xA0, 0x9E, 0x54, 0x50, 0x4F, 0xE2, 0x3C, 0x53, 0x82, 0xB5, 0x15, 0xD2, 0xED, 0x20,
    0x6B, 0x4D, 0xBE, 0xF1, 0xB2, 0xE7, 0x79, 0xE5, 0x62, 0xCF, 0x65, 0x5A, 0xD9, 0xFE, 0x3E, 0xC7,
    0xCD, 0x42, 0x43, 0x13, 0xC9, 0x7B, 0x1B, 0xCD, 0xDE, 0x48, 0xB3, 0xB7, 0xD2, 0xD0, 0x4C, 0xF2,
    0xDE, 0x4E, 0xB3, 0x19, 0xBA, 0x59, 0xBA, 0x99, 0xBA, 0xD9, 0xBA, 0x19, 0xAB, 0xD6, 0x82, 0xF7,
    0xE6, 0x6E, 0xF6, 0x6E, 0x06, 0x6F, 0x16, 0x6F, 0x26, 0x6F, 0x36, 0x6F, 0x46, 0x6F, 0x56, 0x1F,
    0x98, 0xBD, 0xEB, 0x48, 0xBA, 0x4F, 0xE2, 0x34, 0xC1, 0xFC, 0x04, 0x46, 0x63, 0x67, 0xDE, 0xC7,
    0x58, 0x03, 0x47, 0x62, 0x23, 0x4C, 0x99, 0x63, 0xAE, 0x80, 0x34, 0x13, 0x58, 0x68, 0x2F, 0x6C,
    0x27, 0x4E, 0x54, 0xCB, 0xDA, 0xA8, 0x18, 0x58, 0x85, 0x7D, 0x70, 0xC4, 0xF1, 0xC8, 0x11, 0x4F,
    0x4A, 0x96, 0xC7, 0x53, 0xCB, 0xF2, 0xC8, 0x83, 0x8D, 0x8E, 0xEB, 0xBE, 0x2E, 0xF8, 0x9A, 0xBD,
    0xD5, 0x48, 0xD7, 0xB2, 0xBE, 0xA7, 0xFC, 0xB7, 0xCC, 0xC8, 0x7C, 0xE8, 0x80, 0xDA, 0x79, 0xC7,
    0xE2, 0x11, 0xFB, 0x90, 0x5C, 0x66, 0xD6, 0x81, 0xEE, 0x07, 0xA7, 0x7D, 0xDA, 0x85, 0x50, 0x40,
    0x33, 0xE8, 0x0D, 0xA8, 0x6F, 0x5C, 0xC7, 0x9D, 0x2C, 0x40, 0x2F, 0x32, 0x4A, 0x7B, 0xDD, 0xCA,
    0x22, 0xED, 0x69, 0xC9, 0x42, 0x9F, 0xEC, 0x23, 0x11, 0x78, 0xAC, 0x6F, 0x74, 0xB3, 0x66, 0xC5,
    0x94, 0xFB, 0x8C, 0x9F, 0xA8, 0x44, 0x66, 0x60, 0x1E, 0x8F, 0x60, 0x5F, 0x11, 0x8E, 0x32, 0x81,
    0x41, 0xD7, 0x72, 0xA0, 0x24, 0xC5, 0x31, 0x5F, 0x68, 0x2E, 0x9B, 0xA0, 0x48, 0xC4, 0x90, 0xEB,
    0x2C, 0xB2, 0xCC, 0xA7, 0x59, 0x8B, 0x58, 0xA2, 0xAE, 0x70, 0xA8, 0x88, 0xB8, 0xD6, 0x2F, 0x76,
    0x9B, 0xDC, 0xBC, 0x0B, 0xFF, 0x77, 0xEB, 0xE4, 0xE9, 0xFE, 0x4F, 0xB5, 0x83, 0xD7, 0xCB, 0x3D,
    0xCD, 0xBF, 0x31, 0x22, 0x32, 0xE5, 0x80, 0xD1, 0xF2, 0x5E, 0x17, 0x77, 0x9F, 0x98, 0x6A, 0xB9,
    0x61, 0xF8, 0xA3, 0x9A, 0x80, 0xE9, 0x74, 0x2C, 0xCC, 0xBA, 0xE3, 0x79, 0xCB, 0xBF, 0x03, 0x88,
    0xCC, 0x07, 0x80, 0xD5, 0x0E, 0xFB, 0x9D, 0x60, 0x98, 0x76, 0x00, 0x76, 0xE8, 0x47, 0x6E, 0xD0,
    0xCA, 0x80, 0x94, 0x88, 0xE6, 0x65, 0x0D, 0x46, 0xFA, 0x8F, 0x1A, 0x8C, 0xE5, 0x47, 0x1B, 0x0C,
    0xF7, 0x23, 0x0D, 0xC6, 0x56, 0xC7, 0xB4, 0x8A, 0x89, 0x42, 0xAB, 0xB0, 0xAF, 0x5E, 0x3A, 0xFF,
    0xF2, 0x0D, 0x76, 0xBA, 0x73, 0xD5, 0x95, 0x48, 0x75, 0xD1, 0x57, 0xAC, 0x57, 0x0B, 0x94, 0x31,
    0xD7, 0x70, 0x37, 0x8E, 0x8D, 0xB4, 0xDE, 0xC9, 0x07, 0xC2, 0x3B, 0x9F, 0x8B, 0xDE, 0xB9, 0xE8,
    0x9D, 0x33, 0xEF, 0xAC, 0x66, 0xCD, 0xCA, 0x17, 0x89, 0xBC, 0x28, 0xB2, 0x15, 0x32, 0x2A, 0xD5,
    0x40, 0x26, 0x6E, 0x38, 0x03, 0x06, 0x16, 0x4A, 0xEE, 0xE3, 0x45, 0x8F, 0x32, 0x23, 0x91, 0x92,
    0xBE, 0x39, 0x9C, 0x1D, 0xA3, 0xCE, 0x8E, 0x89, 0xB3, 0xA3, 0x59, 0xC3, 0x7C, 0x30, 0x3B, 0x80,
    0x9C, 0x1D, 0x5A, 0x04, 0x58, 0x39, 0x93, 0x3E, 0x7B, 0xD2, 0x8C, 0xC5, 0xB8, 0x2B, 0x8E, 0x97,
    0x84, 0xE8, 0xB4, 0x17, 0xE2, 0xEC, 0xE8, 0x7A, 0xCC, 0x0E, 0x20, 0x67, 0x87, 0xE8, 0xEC, 0x90,
    0xD6, 0xAF, 0x0D, 0x83, 0x8E, 0xF4, 0xA2, 0x2E, 0xE5, 0x87, 0xB8, 0x5C, 0xD4, 0xA3, 0x32, 0x5D,
    0xA0, 0x5D, 0x31, 0xC2, 0x27, 0x14, 0xDE, 0xED, 0xCF, 0x7A, 0x7B, 0x0B, 0x18, 0xE0, 0x8C, 0x6E,
    0xF4, 0x54, 0xD2, 0xB0, 0x6D, 0x79, 0xBD, 0x06, 0xD0, 0xC3, 0x87, 0x21, 0x21, 0x1C, 0x86, 0xA4,
    0xD2, 0x5A, 0xC3, 0xC2, 0xF2, 0x04, 0xC0, 0x19, 0x09, 0x98, 0x01, 0x8F, 0xD2, 0x5A, 0x6C, 0x74,
    0x0F, 0xAC, 0x2D, 0xDB, 0x2F, 0x57, 0x01, 0x3C, 0x6D, 0x3E, 0x46, 0x49, 0x50, 0x6F, 0x01, 0xA4,
    0x7D, 0x71, 0xDA, 0xEC, 0xF4, 0xB4, 0xB9, 0xE1, 0x6E, 0x21, 0x5B, 0x04, 0xCE, 0x76, 0xE1, 0x3F,
    0x7B, 0xDA, 0x3C, 0xFF, 0x41, 0xA7, 0xCD, 0x94, 0x9E, 0xED, 0x9B, 0x0E, 0x61, 0x0D, 0x06, 0xB1,
    0x04, 0x73, 0x14, 0x4E, 0x05, 0x0E, 0xE0, 0xB8, 0xA8, 0x69, 0xFD, 0x7D, 0x27, 0xD5, 0x85, 0x3C,
    0x90, 0xBB, 0x33, 0xD2, 0xE1, 0xAB, 0x2B, 0x77, 0x25, 0x82, 0x8A, 0xAF, 0x58, 0x46, 0xEE, 0x0A,
    0x02, 0x6A, 0xE4, 0x6F, 0xB5, 0x39, 0x44, 0x92, 0x89, 0x0E, 0x7D, 0x2C, 0x81, 0xA3, 0x53, 0x43,
    0x7E, 0xD0, 0x7B, 0x90, 0xDA, 0x4C, 0x7A, 0x90, 0x6C, 0xF9, 0xB2, 0x1C, 0x36, 0x1D, 0xDB, 0x1C,
    0xAF, 0x22, 0xD1, 0x07, 0x4E, 0x3E, 0x36, 0x6C, 0xBC, 0x7B, 0xBD, 0xB9, 0xD8, 0x67, 0x78, 0xDD,
    0x31, 0xC3, 0x33, 0x11, 0xF3, 0x93, 0x7F, 0x70, 0x8F, 0x18, 0x71, 0x7A, 0x01, 0x62, 0xB1, 0xB3,
    0xB9, 0xB8, 0x53, 0x33, 0xBC, 0x61, 0x75, 0x7C, 0x55, 0x86, 0x37, 0xAF, 0xCC, 0x70, 0xED, 0xF9,
    0xFB, 0x52, 0x86, 0x9D, 0x70, 0x3D, 0xCE, 0x1F, 0xC6, 0xA3, 0x22, 0x14, 0x3D, 0x3B, 0xCC, 0xB2,
    0x8F, 0xDE, 0x86, 0xF2, 0x1E, 0x3B, 0xCC, 0x5C, 0xC6, 0x52, 0x97, 0x77, 0x6E, 0x49, 0x89, 0x3D,
    0x4B, 0x86, 0xDC, 0x4E, 0xEC, 0x2D, 0xCF, 0x83, 0x3A, 0x69, 0x60, 0x87, 0x79, 0xDC, 0xD2, 0x07,
    0x8D, 0x9E, 0x62, 0x26, 0x60, 0xAE, 0x07, 0x80, 0x39, 0x47, 0x00, 0xF6, 0xC0, 0x42, 0x18, 0x85,
    0x72, 0x5E, 0xAB, 0x28, 0x3F, 0x6C, 0xA7, 0xA0, 0x2B, 0x0B, 0x99, 0x56, 0xAA, 0x36, 0xAB, 0xF3,
    0x7E, 0xD0, 0x2A, 0x06, 0x7D, 0x8C, 0x1E, 0x03, 0xA9, 0xAC, 0x9F, 0xED, 0xA8, 0xA1, 0x84, 0x46,
    0xBE, 0xF5, 0xDE, 0x42, 0x86, 0xD7, 0x6B, 0x5D, 0x4B, 0x87, 0xA6, 0x07, 0x53, 0x6D, 0x2F, 0x60,
    0xF9, 0x5C, 0x06, 0x5D, 0x4B, 0xEF, 0xC8, 0x88, 0xB1, 0xA1, 0xF9, 0x37, 0x4F, 0xC0, 0x50, 0x7D,
    0xFE, 0x9D, 0xAE, 0xA1, 0xCD, 0xE5, 0x67, 0xCA, 0x92, 0x69, 0xCA, 0xD3, 0x82, 0x85, 0x1C, 0x8D,
    0xCC, 0xE4, 0xA0, 0x5C, 0xB0, 0x5A, 0x72, 0x0D, 0xE5, 0xEE, 0x41, 0xD9, 0x30, 0x43, 0x5F, 0xCC,
    0x39, 0x69, 0x19, 0x9D, 0xE0, 0x00, 0xC9, 0x3F, 0x45, 0x89, 0x68, 0x06, 0x98, 0xF9, 0x3A, 0x5B,
    0x79, 0x4C, 0x16, 0x9B, 0x30, 0x8E, 0xC5, 0x3A, 0x34, 0xD9, 0xE8, 0xFA, 0xC9, 0xC5, 0xAA, 0x0D,
    0xD5, 0xE4, 0x1F, 0x84, 0x2A, 0x78, 0x61, 0xB9, 0x64, 0xA2, 0xEB, 0x4E, 0xA5, 0xA3, 0xB7, 0xBB,
    0xB0, 0xE3, 0x62, 0x85, 0x41, 0x3D, 0x40, 0xD7, 0x8B, 0xFD, 0x06, 0xE5, 0x35, 0xF9, 0xC6, 0x42,
    0x90, 0xC8, 0xF1, 0xA8, 0x19, 0xD7, 0x6B, 0x3A, 0x6B, 0x66, 0xB0, 0xE9, 0x22, 0xA2, 0x1E, 0x7D,
    0x9A, 0xB6, 0x69, 0x29, 0x2D, 0xB0, 0x10, 0xDD, 0xBA, 0x7F, 0xCE, 0xDE, 0xA4, 0x7A, 0x9F, 0xE8,
    0xCF, 0xF5, 0xD0, 0x58, 0x50, 0xAE, 0x59, 0xC4, 0x2E, 0xB6, 0x49, 0x83, 0xBE, 0xF8, 0x78, 0xA3,
    0xCF, 0xDF, 0xF6, 0x48, 0x54, 0xA0, 0x12, 0xB4, 0xD1, 0x94, 0x91, 0x07, 0xB5, 0x53, 0xE3, 0xCE,
    0x25, 0x9E, 0x96, 0x98, 0x3C, 0xC9, 0xCA, 0xC7, 0x71, 0x76, 0x0B, 0xCF, 0x68, 0x62, 0x15, 0x74,
    0xE0, 0x52, 0xA7, 0xAD, 0xD9, 0xEA, 0xCD, 0xAB, 0x8B, 0xCE, 0x0F, 0x17, 0x83, 0x65, 0x0F, 0x6F,
    0xB2, 0x4E, 0xD2, 0xF5, 0xC8, 0xB4, 0x78, 0xC6, 0x95, 0x3A, 0xF8, 0x9D, 0x18, 0x60, 0xAE, 0x68,
    0x13, 0x70, 0xF6, 0x5C, 0xB5, 0xB6, 0xF3, 0x03, 0x0C, 0xE4, 0x55, 0x6F, 0xF6, 0xAB, 0xDA, 0x6C,
    0xD7, 0x19, 0x23, 0x51, 0x6A, 0x23, 0xE3, 0xF4, 0xA0, 0xD7, 0x5F, 0x51, 0x1F, 0xE4, 0x5A, 0x18,
    0x8B, 0x47, 0x2F, 0x56, 0x67, 0x47, 0x27, 0xD2, 0xA3, 0xAA, 0x76, 0xDB, 0x0C, 0x7D, 0x92, 0xA1,
    0xBF, 0x9E, 0x1D, 0x92, 0x3B, 0xF9, 0x77, 0xFB, 0x22, 0x9E, 0x94, 0xBD, 0x0D, 0x27, 0xB6, 0x45,
    0xBA, 0x75, 0x7F, 0xC1, 0xF2, 0x25, 0xDA, 0x19, 0x8C, 0xBA, 0xB8, 0x42, 0x35, 0x4F, 0xCB, 0x38,
    0x50, 0xC1, 0x31, 0x2D, 0xA0, 0xAD, 0x52, 0xC6, 0x50, 0xC3, 0x8E, 0x66, 0x00, 0x20, 0x35, 0x7E,
    0xD4, 0x76, 0x2D, 0xF6, 0xD4, 0x4D, 0x38, 0x5C, 0xE9, 0x57, 0x70, 0x13, 0xA0, 0x0A, 0x5B, 0x35,
    0x46, 0x98, 0x49, 0x4E, 0x26, 0x92, 0xFF, 0xF3, 0x48, 0x3A, 0x32, 0x2B, 0xED, 0x94, 0x7C, 0x11,
    0x94, 0x64, 0x5C, 0xEF, 0x6C, 0x49, 0xD9, 0xCB, 0xCF, 0xA2, 0x69, 0x03, 0x49, 0xDD, 0xA1, 0x76,
    0x80, 0xD4, 0x12, 0x63, 0xD4, 0x16, 0x2D, 0x67, 0xA4, 0x66, 0x50, 0xA2, 0x45, 0xAF, 0xDC, 0x16,
    0x2A, 0x2D, 0x87, 0xA4, 0xF6, 0xD1, 0xB8, 0x43, 0xB2, 0x7B, 0x8A, 0x87, 0x74, 0x70, 0xE2, 0x7A,
    0x89, 0xEA, 0x9B, 0x17, 0xAB, 0xDC, 0x6C, 0x8E, 0xC7, 0x0A, 0x45, 0x20, 0x78, 0x91, 0xBF, 0x9F,
    0x1A, 0xD1, 0x54, 0xFD, 0xA3, 0x2E, 0x52, 0xC1, 0x67, 0x66, 0xBB, 0x64, 0x43, 0xFC, 0x1A, 0xD8,
    0xC8, 0xFE, 0xF7, 0xB3, 0xE1, 0x00, 0xB3, 0xA9, 0x74, 0x6D, 0xE1, 0x10, 0x5C, 0xAC, 0x68, 0xF3,
    0x36, 0xC8, 0xE1, 0x28, 0xF8, 0xA1, 0xAE, 0xCD, 0x7A, 0xC0, 0xFC, 0xE0, 0x7C, 0xE0, 0xAD, 0x1F,
    0x0C, 0x1C, 0xE7, 0x4B, 0x15, 0x22, 0x3A, 0xCE, 0x64, 0x54, 0x8A, 0x51, 0x2D, 0x2F, 0x1F, 0x27,
    0xF9, 0x15, 0xA9, 0x87, 0x08, 0x73, 0xAE, 0xFF, 0x57, 0xF4, 0x14, 0x0B, 0xF7, 0x5E, 0x6F, 0x55,
    0xFD, 0xCF, 0x5D, 0x7F, 0xE2, 0x7B, 0x2F, 0xAD, 0x83, 0xD7, 0x3B, 0x5A, 0xCA, 0x17, 0xD6, 0x8C,
    0x69, 0x37, 0xFB, 0x79, 0x37, 0xFF, 0xBC, 0xC9, 0x12, 0x76, 0x5D, 0x69, 0x3A, 0xCB, 0x53, 0x37,
    0xE7, 0xB1, 0x4A, 0xFC, 0xC6, 0x4E, 0xFA, 0x57, 0xC6, 0xCC, 0x75, 0x87, 0xFC, 0x1D, 0x51, 0x93,
    0xF8, 0x5F, 0x70, 0xED, 0xBA, 0xC6, 0x13, 0xEB, 0xCD, 0x7D, 0x95, 0xB0, 0xD4, 0xE9, 0xF9, 0x8C,
    0xE2, 0x40, 0x64, 0x4B, 0x13, 0x76, 0x8A, 0xA6, 0xC3, 0x6B, 0xE4, 0x07, 0x59, 0x71, 0xD0, 0x57,
    0x9F, 0x6F, 0x2B, 0x5D, 0x06, 0x9C, 0x14, 0xA3, 0xDA, 0x2A, 0xC0, 0xBA, 0x64, 0xAF, 0x40, 0x8F,
    0x16, 0x94, 0xDC, 0x97, 0x8A, 0x96, 0x87, 0x12, 0xF4, 0x68, 0xA6, 0x88, 0x11, 0x1C, 0xA7, 0x2D,
    0x5E, 0x1C, 0xA7, 0xE2, 0x08, 0x17, 0x12, 0x98, 0xBE, 0xD9, 0xAC, 0x59, 0x95, 0x2E, 0x90, 0x0F,
    0xAD, 0x75, 0x19, 0xD2, 0x17, 0x3C, 0x81, 0xD7, 0x4C, 0xA7, 0xDA, 0xF5, 0x15, 0x99, 0x53, 0xAC,
    0x88, 0x9C, 0xBD, 0x03, 0x7A, 0x11, 0x9F, 0x05, 0x9E, 0x58, 0x7E, 0x34, 0xC0, 0xA3, 0x05, 0x06,
    0x05, 0xEA, 0xF1, 0x54, 0x49, 0x19, 0x17, 0xFF, 0x28, 0x81, 0xC8, 0xD6, 0x04, 0xC8, 0x31, 0x75,
    0xBB, 0xCC, 0xBC, 0x2C, 0xB7, 0xE5, 0x58, 0xF1, 0xF7, 0xB6, 0x29, 0xC4, 0xAE, 0xE7, 0xB3, 0x64,
    0x66, 0xDD, 0x15, 0x31, 0x78, 0x22, 0x56, 0x4E, 0x9F, 0x3D, 0x49, 0xA8, 0x22, 0xF9, 0x43, 0xA0,
    0xFF, 0xE8, 0x8B, 0xB9, 0x62, 0x3C, 0x71, 0x0F, 0x04, 0x54, 0x23, 0xE6, 0x60, 0xCC, 0x7E, 0x66,
    0x3A, 0xF9, 0x30, 0xD0, 0x5F, 0xA1, 0xD4, 0x84, 0x8F, 0xA5, 0xFE, 0x1D, 0xD4, 0x2F, 0x8D, 0x5F,
    0x2B, 0x5D, 0xE0, 0x54, 0xA3, 0xCD, 0x4E, 0x4B, 0x86, 0xBC, 0x28, 0x1E, 0xBF, 0x5B, 0x41, 0xEC,
    0x06, 0x87, 0xC5, 0x43, 0x41, 0xAB, 0xF4, 0x06, 0x3F, 0xD6, 0x1F, 0x2A, 0x4C, 0xF0, 0xB8, 0xAE,
    0x92, 0xB3, 0x07, 0x4C, 0x8E, 0x50, 0x01, 0xE2, 0x35, 0x7E, 0x1B, 0xB7, 0x01, 0x4A, 0xDE, 0xDD,
    0xAD, 0xD1, 0x5E, 0xB4, 0x76, 0x98, 0x2A, 0xE6, 0xF4, 0xF7, 0x4F, 0xA5, 0x6D, 0x3E, 0xBE, 0x2D,
    0xF5, 0xF5, 0xF2, 0x73, 0x31, 0xD7, 0xED, 0x1D, 0x3A, 0xE5, 0x1D, 0x36, 0x06, 0x55, 0x38, 0x7C,
    0xFA, 0x7F, 0xA7, 0x44, 0x3A, 0x85, 0x97, 0x19, 0xA8, 0x0D, 0x1A, 0x4D, 0xEA, 0xAE, 0x02, 0xD0,
    0x25, 0x61, 0xA2, 0x14, 0xFC, 0xDF, 0x77, 0x01, 0x5E, 0x38, 0x54, 0xE4, 0x4C, 0xAF, 0xA6, 0xA6,
    0x6E, 0x42, 0x53, 0x4B, 0x68, 0x2E, 0xE3, 0xFD, 0x8E, 0x8C, 0xCD, 0xB1, 0x0C, 0x8D, 0x74, 0x43,
    0x93, 0xBA, 0xBE, 0x0B, 0xD2, 0x77, 0x83, 0xF4, 0x55, 0x8B, 0x54, 0xD3, 0xE6, 0x53, 0xDF, 0x14,
    0x48, 0x69, 0x7C, 0xAB, 0x3A, 0xD5, 0x65, 0xB7, 0x77, 0xA4, 0x30, 0xD5, 0xA5, 0xB2, 0xFC, 0xF6,
    0x1E, 0x57, 0xAB, 0x3B, 0xBE, 0xF1, 0x1B, 0xCE, 0x31, 0x79, 0xB7, 0xE5, 0xC9, 0xCD, 0x0E, 0x99,
    0x61, 0x96, 0x0A, 0xB3, 0x9A, 0x3B, 0xD6, 0x6F, 0xB4, 0x82, 0x5D, 0x74, 0xF9, 0xB5, 0xE6, 0x84,
    0x9B, 0x77, 0xC2, 0x8E, 0xAF, 0xE3, 0x82, 0xDE, 0x61, 0x6D, 0xF9, 0xC1, 0x76, 0xEB, 0x25, 0x2E,
    0x94, 0x43, 0x17, 0x12, 0x5E, 0xBD, 0xCA, 0x10, 0x0E, 0x73, 0xE4, 0xA5, 0x89, 0xF2, 0xBA, 0xD9,
    0x5F, 0x65, 0x8F, 0x1A, 0xD2, 0x4C, 0x1D, 0x0B, 0x8C, 0x24, 0x2A, 0x5D, 0x6C, 0x6C, 0xCE, 0xC5,
    0x85, 0xFF, 0x9F, 0x0B, 0x1A, 0xA4, 0x5C, 0x10, 0x81, 0x7C, 0xE9, 0x64, 0x2C, 0x96, 0xEE, 0xEA,
    0x58, 0xCC, 0x73, 0x31, 0x96, 0xE9, 0x56, 0x31, 0xD8, 0xD4, 0x38, 0x2C, 0xD2, 0x9E, 0xB3, 0xAC,
    0x8C, 0x5B, 0x14, 0x5F, 0x99, 0xA6, 0xAF, 0x6A, 0x2B, 0xB2, 0x97, 0xE4, 0x4D, 0xF6, 0x89, 0x2A,
    0xE4, 0x28, 0x96, 0xA3, 0x54, 0xDA, 0xEC, 0xB4, 0xC5, 0x3E, 0x49, 0xBF, 0xD9, 0x9B, 0xD7, 0xEE,
    0x66, 0xD3, 0x5C, 0xFD, 0x48, 0x4C, 0xD3, 0x3D, 0xB6, 0xC6, 0x3F, 0x17, 0x67, 0xAA, 0x2F, 0xB8,
    0xCC, 0xD7, 0xAA, 0x47, 0xFD, 0x63, 0x27, 0x3B, 0xB9, 0xE0, 0xD8, 0xC7, 0x8D, 0x7E, 0x40, 0x15,
    0xFA, 0x49, 0x6B, 0x05, 0x3F, 0xAD, 0x6C, 0xDD, 0xD5, 0x47, 0xB6, 0x16, 0xEC, 0xBD, 0x2F, 0xB3,
    0x45, 0xD3, 0xBF, 0x6B, 0xC1, 0xB8, 0xD9, 0x02, 0x41, 0x4E, 0x12, 0x23, 0x08, 0xDD, 0xAC, 0xA8,
    0xDB, 0x75, 0x52, 0xD6, 0x0D, 0x4F, 0x88, 0x43, 0x07, 0x15, 0xCF, 0x27, 0xD4, 0xB9, 0xCF, 0xCF,
    0x7F, 0xCB, 0x26, 0x2A, 0xFB, 0x3E, 0x99, 0x26, 0xE5, 0xCF, 0x83, 0x39, 0x7D, 0x8B, 0xBD, 0xEE,
    0x67, 0x6F, 0x55, 0x2C, 0xC1, 0x93, 0x67, 0x22, 0x0D, 0xD7, 0xEB, 0xB5, 0x56, 0x77, 0xB5, 0x97,
    0xB9, 0x91, 0xB9, 0x93, 0x84, 0x57, 0xB6, 0xB0, 0x26, 0xE6, 0x33, 0x55, 0x06, 0x98, 0x38, 0xF0,
    0xEF, 0xF4, 0x79, 0x40, 0x60, 0xA5, 0xD6, 0x1C, 0xBF, 0x8E, 0x49, 0x7B, 0x6A, 0x8D, 0xB9, 0xE6,
    0x61, 0x6A, 0xDA, 0x7B, 0xE2, 0xAC, 0x2E, 0x64, 0xB4, 0x32, 0xF9, 0x5F, 0x44, 0x6F, 0x22, 0x9A,
    0x06, 0x9F, 0x4F, 0x9E, 0x5D, 0x6D, 0xCF, 0xF4, 0xD8, 0x9D, 0x51, 0x3A, 0x9D, 0x85, 0xE4, 0xDC,
    0x71, 0x75, 0xD1, 0x08, 0x64, 0x82, 0x22, 0xF7, 0xCF, 0xAD, 0xF1, 0x10, 0xD2, 0xF0, 0x2D, 0xEB,
    0x2C, 0x2A, 0x59, 0x98, 0x77, 0x1D, 0x2C, 0xAC, 0x34, 0x9D, 0x7F, 0x76, 0x3C, 0xE4, 0x93, 0xC9,
    0x83, 0xED, 0xBB, 0xF7, 0x63, 0x75, 0x55, 0xC2, 0xE9, 0x51, 0xF5, 0x7E, 0xBA, 0x76, 0xF2, 0xB6,
    0x39, 0x79, 0xFB, 0xF4, 0xC4, 0xBC, 0xF5, 0x76, 0xFC, 0xCC, 0xBC, 0x75, 0x12, 0xA3, 0x39, 0x39,
    0x89, 0xA7, 0x66, 0x8A, 0xF1, 0xFA, 0x95, 0x30, 0x9D, 0x56, 0x72, 0x1E, 0xAE, 0x17, 0x73, 0x39,
    0x78, 0x3E, 0xC1, 0x4E, 0x97, 0xB8, 0x1C, 0xC8, 0xB8, 0xFD, 0x5B, 0x8A, 0x37, 0x18, 0xCB, 0xF5,
    0x08, 0xBF, 0xDB, 0xD6, 0x74, 0x41, 0x0C, 0x6E, 0x14, 0x32, 0x38, 0x7A, 0x39, 0xAC, 0x53, 0x8C,
    0x99, 0x52, 0x85, 0xAE, 0xDF, 0xD0, 0x2B, 0x36, 0x63, 0x33, 0x72, 0xA5, 0xF1, 0x33, 0xDC, 0x53,
    0xBB, 0xED, 0x1C, 0x81, 0x5B, 0x3E, 0x0E, 0xC3, 0x1E, 0x48, 0x03, 0x74, 0xCC, 0x2C, 0x72, 0x5C,
    0x9D, 0x0F, 0x76, 0xB7, 0x83, 0xE5, 0x1A, 0x13, 0xAA, 0xF4, 0xE6, 0xE8, 0x23, 0x9E, 0x90, 0x90,
    0xBA, 0x43, 0xBC, 0x66, 0x53, 0x77, 0x3B, 0x1C, 0x95, 0x49, 0x6E, 0x4F, 0xB7, 0x6C, 0xEC, 0x7A,
    0x49, 0xC0, 0xA1, 0x8A, 0x2E, 0x34, 0x93, 0x83, 0x9A, 0x4A, 0xD8, 0x01, 0x96, 0x22, 0x46, 0x5A,
    0x78, 0x47, 0xD3, 0x72, 0xBF, 0x20, 0xE9, 0xA7, 0x45, 0xC9, 0xC9, 0x4A, 0x2F, 0x6B, 0x97, 0x8A,
    0x94, 0xE1, 0x99, 0x3C, 0x8D, 0x91, 0x66, 0x36, 0x9C, 0x2B, 0xC2, 0xD9, 0x22, 0x57, 0x9F, 0x80,
    0xA6, 0x25, 0x1F, 0x60, 0xCA, 0x77, 0xF2, 0xA8, 0x05, 0x7D, 0x2B, 0xD1, 0x88, 0xA9, 0xBE, 0x9D,
    0x4E, 0x41, 0xFE, 0xDB, 0x70, 0xB2, 0x03, 0x3D, 0x0A, 0x11, 0xE9, 0xE1, 0x47, 0x09, 0xBA, 0xB5,
    0x6E, 0xB8, 0x47, 0xA8, 0x30, 0x74, 0x37, 0x69, 0x8D, 0xE6, 0x6E, 0x8A, 0x54, 0xAB, 0x4B, 0xE3,
    0xB6, 0x8D, 0x05, 0x7D, 0x62, 0xDE, 0xC3, 0xA4, 0x96, 0x3B, 0x12, 0xE1, 0x9E, 0xC7, 0x32, 0xEB,
    0x6D, 0x8B, 0x5D, 0x4A, 0xB9, 0x22, 0x28, 0xEC, 0x4B, 0x2E, 0x3E, 0xE4, 0x73, 0xBE, 0x34, 0x63,
    0x9E, 0x30, 0xB7, 0x07, 0xE0, 0x8C, 0xD4, 0x49, 0x45, 0x12, 0x29, 0x63, 0x09, 0xFC, 0x68, 0x02,
    0x96, 0x77, 0x27, 0x1B, 0xCF, 0xCA, 0xBB, 0xC1, 0x4E, 0x8D, 0xFB, 0x38, 0xB8, 0xA9, 0x12, 0xCE,
    0xA1, 0x32, 0x56, 0x23, 0x27, 0xF9, 0xB6, 0x9C, 0x73, 0x25, 0x57, 0x2A, 0xF6, 0x9E, 0x99, 0x94,
    0x18, 0x4F, 0x4A, 0xEA, 0xCD, 0xEE, 0x53, 0x55, 0xE9, 0xE4, 0x45, 0x60, 0x46, 0x2A, 0xFF, 0x97,
    0x9B, 0xB8, 0x77, 0xED, 0x44, 0xAB, 0xA4, 0xBF, 0xA5, 0xD3, 0x35, 0x57, 0xDF, 0x76, 0xB5, 0xD1,
    0x63, 0x17, 0xA5, 0x5B, 0x8D, 0x21, 0xF9, 0x44, 0x1A, 0x1C, 0x6D, 0x6C, 0xA6, 0x8C, 0xFD, 0x84,
    0x5F, 0xDD, 0xE0, 0x48, 0x71, 0xF5, 0x46, 0xC0, 0x97, 0x4F, 0xEB, 0x62, 0x30, 0x7A, 0xD5, 0xE6,
    0x42, 0x67, 0x05, 0x3B, 0x75, 0xD9, 0xE3, 0xB3, 0xF2, 0x29, 0x51, 0x67, 0xD1, 0x9F, 0x52, 0x67,
    0x31, 0x3C, 0x93, 0x9E, 0x59, 0x44, 0x9D, 0xE5, 0xAA, 0xB3, 0x53, 0x9D, 0xF9, 0xFF, 0x94, 0x4E,
    0xE9, 0xC9, 0x9D, 0x62, 0xA3, 0xE8, 0x87, 0x1F, 0xE2, 0x7B, 0x37, 0x81, 0x5F, 0x6E, 0x47, 0x94,
    0x93, 0xE2, 0x6C, 0xB8, 0x91, 0x65, 0x35, 0x83, 0xDA, 0x83, 0x86, 0x9E, 0x1D, 0x11, 0xD1, 0x0B,
    0x0B, 0xEB, 0x35, 0x57, 0xE3, 0x5B, 0x28, 0xB5, 0xB3, 0x39, 0x6B, 0x4C, 0x17, 0xD5, 0xC0, 0xA0,
    0x23, 0xB4, 0xC6, 0x1E, 0x6C, 0x1C, 0xD7, 0xCB, 0x85, 0x95, 0xFD, 0xB8, 0xE7, 0x7E, 0xE5, 0x6E,
    0xCF, 0xD2, 0xEE, 0xB9, 0x36, 0x97, 0x6E, 0x5E, 0xBA, 0x69, 0x04, 0xB2, 0x97, 0x4A, 0x76, 0x7C,
    0x98, 0x74, 0xF2, 0x0B, 0x51, 0x3F, 0xCA, 0x39, 0x4A, 0xF5, 0xEC, 0x62, 0x77, 0xCE, 0xC3, 0x3E,
    0x1B, 0x9A, 0x73, 0xF6, 0x5D, 0x76, 0x6C, 0xEE, 0x24, 0x4C, 0x6A, 0xF0, 0xAF, 0x13, 0x5D, 0x35,
    0x74, 0x77, 0x27, 0x1E, 0x0C, 0xF7, 0xF2, 0x2E, 0xBB, 0x5C, 0x58, 0x80, 0xC7, 0x0A, 0x0B, 0x21,
    0x1E, 0x27, 0x65, 0x9F, 0x53, 0xE3, 0x59, 0xD1, 0x17, 0x6C, 0x66, 0x1A, 0xDB, 0x5A, 0xAA, 0xF5,
    0x02, 0xAB, 0x07, 0x36, 0x01, 0xEC, 0xC2, 0x78, 0x6D, 0x8E, 0xA2, 0x07, 0x0F, 0xA9, 0x6B, 0x95,
    0x0E, 0xF6, 0x39, 0xEF, 0xDD, 0x74, 0xB3, 0x56, 0x0A, 0x56, 0x78, 0x0D, 0xC7, 0xBE, 0x22, 0xB1,
    0xEE, 0xBE, 0x01, 0x27, 0x57, 0xD3, 0xA1, 0xF5, 0x4D, 0xCF, 0x41, 0x68, 0x7B, 0x26, 0x7A, 0x2A,
    0x58, 0xDC, 0x83, 0xCE, 0xF3, 0xB9, 0xBC, 0x0D, 0xFA, 0x4A, 0xCA, 0x07, 0x81, 0xDE, 0xBC, 0x2F,
    0x23, 0xC8, 0x6B, 0x74, 0x92, 0x63, 0x2A, 0x55, 0x53, 0xC1, 0x54, 0xB2, 0xBA, 0x63, 0x5F, 0xAF,
    0x3C, 0xFE, 0x0E, 0x4D, 0x4A, 0xC5, 0x9E, 0x02, 0x91, 0x2B, 0xDE, 0xEE, 0x57, 0xF5, 0x5F, 0xE3,
    0x57, 0x95, 0x7C, 0x27, 0x6E, 0xD8, 0x09, 0xAF, 0xBE, 0x50, 0x42, 0xE1, 0xC9, 0xE4, 0x5E, 0xA4,
    0x40, 0xAD, 0x8F, 0x23, 0xC5, 0xF1, 0x4D, 0xCB, 0x3B, 0xD0, 0x08, 0xBA, 0x83, 0x2A, 0x06, 0x7A,
    0x2C, 0x36, 0x82, 0x96, 0xEA, 0x0A, 0xAC, 0x44, 0xDD, 0xBB, 0x2C, 0x86, 0xCA, 0xD0, 0xD4, 0x19,
    0x37, 0x37, 0xD4, 0x54, 0x4A, 0xD2, 0xF5, 0xA0, 0x1B, 0xCD, 0xFF, 0x33, 0xDB, 0xA5, 0x27, 0x07,
    0xF0, 0x8F, 0x1E, 0x1E, 0x78, 0x31, 0x7A, 0x7E, 0xD0, 0x49, 0xCD, 0x23, 0x84, 0xA7, 0x30, 0x8B,
    0xA7, 0x08, 0x82, 0x53, 0x40, 0x1E, 0x24, 0xC0, 0x68, 0x76, 0x8E, 0x95, 0xE4, 0xA2, 0xE7, 0x14,
    0xD3, 0x7A, 0x7E, 0xE4, 0x59, 0xB2, 0xD4, 0x7F, 0x2B, 0xA3, 0x90, 0xA6, 0x95, 0xAD, 0x72, 0xD7,
    0xAF, 0xCC, 0x36, 0x79, 0x65, 0x37, 0x29, 0xB7, 0x55, 0x58, 0x33, 0x78, 0xCF, 0xC6, 0x93, 0x33,
    0xF0, 0x08, 0xCE, 0x37, 0x5E, 0x30, 0x92, 0x32, 0x4D, 0xA6, 0xB7, 0xB6, 0xAC, 0x95, 0xA0, 0xCC,
    0xE9, 0x9B, 0x94, 0x99, 0x8E, 0xF3, 0xB6, 0x09, 0xCB, 0x16, 0x1B, 0xF6, 0x25, 0x6A, 0xD1, 0x07,
    0xB2, 0x79, 0x5F, 0xAA, 0xE9, 0xEC, 0xB5, 0x1A, 0x09, 0x0E, 0x47, 0x45, 0x41, 0x9E, 0x37, 0x1F,
    0xC8, 0xEC, 0x9F, 0x31, 0xF5, 0x9A, 0x2B, 0xF7, 0xB4, 0x6A, 0x4B, 0xDB, 0x5D, 0xFD, 0x1C, 0x2E,
    0x78, 0xFC, 0xAD, 0xD4, 0x1D, 0xA2, 0x2D, 0xF2, 0xF1, 0x43, 0x7C, 0xBA, 0x2C, 0xE7, 0x49, 0x2C,
    0x73, 0xE3, 0xA7, 0x4B, 0x19, 0xCF, 0x6C, 0xCB, 0x40, 0x5C, 0xFC, 0x6B, 0xA3, 0x9D, 0xAC, 0x41,
    0xAF, 0xB4, 0xAC, 0xE8, 0x73, 0x37, 0x2D, 0xBA, 0x36, 0x92, 0x0F, 0xFF, 0x41, 0xF2, 0xBF, 0x03,
    0xE5, 0x9C, 0x31, 0x8C, 0xE4, 0xC6, 0x95, 0x86, 0x1F, 0x49, 0x69, 0xA8, 0x5B, 0x06, 0xB5, 0x81,
    0x0E, 0xB8, 0xDB, 0x0B, 0x98, 0x5C, 0x62, 0x05, 0x62, 0x0E, 0x48, 0x4B, 0xDA, 0x81, 0x1D, 0x38,
    0xD0, 0x06, 0xCA, 0xAD, 0xD0, 0x76, 0xE0, 0xCD, 0x03, 0x2D, 0x09, 0x28, 0x74, 0xE0, 0xC9, 0x23,
    0x07, 0x8A, 0xAC, 0x40, 0xA9, 0x05, 0x58, 0x4B, 0xCA, 0xCE, 0x01, 0xDA, 0xA9, 0x03, 0xD3, 0x86,
    0x32, 0x05, 0xAA, 0x80, 0x01, 0x77, 0x45, 0xF2, 0xB9, 0xFF, 0xF7, 0x93, 0xA8, 0x9E, 0x46, 0x0B,
    0xC6, 0x26, 0xDA, 0x9E, 0x99, 0x02, 0xE7, 0xFF, 0x81, 0x9E, 0x5E, 0xF2, 0xBD, 0xF7, 0x55, 0x55,
    0x57, 0x91, 0xD3, 0x2B, 0x22, 0xD9, 0x22, 0x22, 0xE2, 0x56, 0x68, 0xA1, 0xD0, 0xD2, 0x54, 0xA1,
    0x91, 0x6A, 0x25, 0x92, 0x98, 0xA6, 0xAA, 0x8D, 0x88, 0x5B, 0xB4, 0x13, 0xC9, 0x67, 0x68, 0x39,
    0xB6, 0x07, 0xAD, 0x7D, 0xDB, 0x8B, 0x68, 0x5F, 0x0F, 0x12, 0x6B, 0x77, 0xD0, 0x44, 0x9B, 0xD2,
    0x4B, 0xA6, 0x72, 0x50, 0xB7, 0x42, 0x8B, 0x59, 0xCA, 0x51, 0x4A, 0x55, 0x9D, 0xA4, 0x35, 0x3D,
    0x88, 0xCE, 0xB1, 0x69, 0xAA, 0x8D, 0xB8, 0xD9, 0x29, 0xCE, 0x9D, 0xAF, 0x08, 0xA5, 0x9C, 0x45,
    0xB2, 0x55, 0xCE, 0xB4, 0xAC, 0x87, 0x16, 0x1E, 0x5A, 0x52, 0x07, 0x68, 0xDE, 0x88, 0x48, 0xAC,
    0xD7, 0x75, 0x23, 0x85, 0xCE, 0x5A, 0xD9, 0x55, 0x24, 0xD6, 0x97, 0x07, 0x4D, 0xB5, 0xCA, 0x55,
    0xDC, 0x82, 0x53, 0xE6, 0xB3, 0xA4, 0xAB, 0x14, 0xA3, 0xA4, 0x8B, 0x20, 0xC6, 0x19, 0xEA, 0x0E,
    0x3A, 0xEC, 0x3A, 0x41, 0xF3, 0x11, 0xAF, 0x23, 0xE4, 0x49, 0xD4, 0x4B, 0xAE, 0x9F, 0x1F, 0xD4,
    0xA9, 0xAA, 0x47, 0x2D, 0x70, 0xC9, 0xA7, 0x5F, 0x43, 0x8F, 0x5B, 0x3C, 0x42, 0xB3, 0x19, 0xEA,
    0xA8, 0x13, 0x34, 0xDD, 0xDF, 0xF7, 0x94, 0x31, 0x22, 0x6A, 0xA7, 0x13, 0xDE, 0xFB, 0x09, 0x34,
    0x4E, 0x46, 0x7B, 0x33, 0xB3, 0xE9, 0xA0, 0x0A, 0x91, 0x59, 0x8E, 0xDB, 0x65, 0x93, 0x8A, 0xBE,
    0x10, 0x4B, 0xAB, 0xB3, 0xA0, 0x00, 0xE9, 0xFD, 0x1C, 0xFA, 0x76, 0xDE, 0x59, 0x9C, 0x0D, 0x54,
    0x21, 0x09, 0x8B, 0xE2, 0xE5, 0xB8, 0xBD, 0x36, 0x76, 0xCF, 0x69, 0xD1, 0x44, 0x4F, 0x18, 0x56,
    0xFB, 0xD3, 0x86, 0x31, 0x75, 0xAC, 0xBB, 0xF2, 0xED, 0xC5, 0x37, 0xDB, 0xAF, 0x3F, 0x31, 0x34,
    0xF1, 0x1A, 0x19, 0x10, 0x39, 0xC7, 0x29, 0x90, 0x22, 0x2B, 0xD2, 0xA2, 0x2B, 0x9D, 0xC4, 0x76,
    0x66, 0x3B, 0xB5, 0x9D, 0xDB, 0x4E, 0x6E, 0x67, 0xB7, 0xD3, 0x23, 0x3F, 0x46, 0x67, 0x4E, 0x86,
    0x42, 0x8A, 0x76, 0x55, 0x3A, 0x49, 0x0A, 0x59, 0x22, 0x6A, 0x3A, 0x79, 0x8A, 0xC4, 0x9B, 0x93,
    0xA9, 0x08, 0xA9, 0x8A, 0x90, 0xAB, 0xC8, 0xF1, 0x18, 0x4C, 0xC6, 0x30, 0xF6, 0x30, 0xD2, 0xE2,
    0xF9, 0x7F, 0x2D, 0xCD, 0x90, 0x5C, 0x5B, 0x77, 0x28, 0x08, 0x98, 0x67, 0x93, 0xF3, 0x97, 0xC0,
    0xD6, 0xF5, 0x84, 0x31, 0x1C, 0x91, 0x6D, 0x7F, 0xFC, 0xFB, 0xC0, 0x95, 0x58, 0x49, 0x95, 0x50,
    0xC9, 0xF4, 0x3C, 0xD0, 0xC0, 0xB3, 0xD0, 0x63, 0x9A, 0xAA, 0x81, 0x25, 0x51, 0x92, 0x64, 0x00,
    0x49, 0x8E, 0x86, 0x31, 0x50, 0x24, 0x44, 0x32, 0xDC, 0x11, 0x92, 0xE0, 0x0E, 0x90, 0xFC, 0x76,
    0x7C, 0x2D, 0x8D, 0xD0, 0x62, 0x1A, 0xD1, 0xED, 0xE4, 0x08, 0xEE, 0x98, 0x5B, 0xCD, 0x38, 0xAB,
    0x80, 0xED, 0x41, 0x75, 0xE9, 0xD8, 0xD8, 0x8C, 0x04, 0xDD, 0x69, 0x63, 0x7E, 0xE5, 0xE8, 0x92,
    0x57, 0xF4, 0x2F, 0x4D, 0xDB, 0xD8, 0x33, 0xD6, 0xAF, 0x9E, 0x90, 0x69, 0x7F, 0xBF, 0x87, 0x2A,
    0x5B, 0x36, 0x41, 0xCB, 0x05, 0xFA, 0xFF, 0x1F, 0x43, 0xE5, 0x4F, 0xFB, 0x28, 0x88, 0xE7, 0xAC,
    0x43, 0xE2, 0xE8, 0x0B, 0x5B, 0x2F, 0x68, 0x1B, 0x94, 0xA8, 0xD8, 0x7B, 0x81, 0xBC, 0xF9, 0x24,
    0x7A, 0xF2, 0x5A, 0x7B, 0xC1, 0xC3, 0xC8, 0x46, 0xD3, 0x8A, 0x48, 0xC5, 0xB1, 0xE8, 0xEF, 0xA6,
    0x37, 0x10, 0xFE, 0x37, 0x8D, 0x3C, 0x4E, 0x46, 0xF4, 0xDF, 0xC7, 0x3B, 0x39, 0xA2, 0x23, 0x79,
    0x13, 0x17, 0x9F, 0x1E, 0xE3, 0xA2, 0x8A, 0xE4, 0xC6, 0xE2, 0xE6, 0xA8, 0x01, 0xDD, 0x90, 0xDE,
    0xA5, 0xD2, 0xAD, 0x59, 0xDF, 0xCE, 0xEA, 0xDA, 0x23, 0x25, 0x8C, 0x56, 0xF2, 0x8A, 0xF5, 0x14,
    0xD7, 0x5D, 0x59, 0xA0, 0x5E, 0x3A, 0x9D, 0x57, 0x5F, 0xD0, 0x46, 0x9F, 0xCA, 0xD1, 0x5A, 0xCE,
    0x75, 0x66, 0x85, 0x1C, 0xB5, 0x2F, 0xF9, 0xE9, 0xB3, 0x4A, 0xCD, 0x4F, 0xDF, 0x55, 0xD8, 0x75,
    0x99, 0xBF, 0x87, 0x5D, 0x69, 0x75, 0x57, 0x3E, 0x70, 0x1F, 0x18, 0xE3, 0xC2, 0xF4, 0xD9, 0xD9,
    0x25, 0x7C, 0xE2, 0xA3, 0xF9, 0xA0, 0x53, 0x3A, 0x21, 0x06, 0x2B, 0x80, 0x5A, 0xAC, 0xC5, 0x8B,
    0x0B, 0x58, 0x0F, 0x93, 0x27, 0xA2, 0x26, 0x3C, 0xDA, 0xB3, 0x7B, 0x0B, 0xF4, 0xEA, 0x9A, 0x0B,
    0x48, 0x92, 0xE3, 0x90, 0xB8, 0x45, 0x40, 0x43, 0x2B, 0x06, 0x33, 0x65, 0xF4, 0x1F, 0x4D, 0x0C,
    0xC8, 0x1F, 0x4D, 0x58, 0x52, 0x1C, 0x7F, 0xAA, 0xFE, 0x52, 0xDE, 0x81, 0x2D, 0xE7, 0x29, 0x8F,
    0x77, 0x8B, 0x32, 0x5B, 0xB4, 0xC5, 0xD5, 0x41, 0x7F, 0xDB, 0x5B, 0x36, 0x1D, 0xB4, 0xA8, 0xC2,
    0x58, 0x98, 0x6E, 0x09, 0xF7, 0x74, 0xDC, 0x16, 0x4E, 0xBF, 0x40, 0x79, 0x1F, 0x13, 0xC4, 0x7B,
    0xF1, 0x2C, 0x6C, 0x44, 0xFC, 0xE8, 0x06, 0x62, 0x3D, 0x87, 0xB8, 0xB9, 0x23, 0x88, 0xF3, 0xE6,
    0x7D, 0x5C, 0x6E, 0xC2, 0x1A, 0xF8, 0x45, 0x3B, 0x89, 0x44, 0x3E, 0x1F, 0x6E, 0xD3, 0x40, 0x5E,
    0xEE, 0xCF, 0xB4, 0x7B, 0xB6, 0x85, 0x69, 0xCA, 0x33, 0x85, 0xCD, 0x08, 0x31, 0x6F, 0x2E, 0x95,
    0xE0, 0xAB, 0x2F, 0xAB, 0x0A, 0x14, 0x88, 0xB5, 0x33, 0x1D, 0x37, 0xAD, 0x2D, 0x63, 0x6A, 0x3B,
    0x40, 0x95, 0xDA, 0x9B, 0x76, 0x44, 0xA9, 0xAB, 0x95, 0x98, 0xBA, 0x48, 0x62, 0x27, 0x4B, 0x0C,
    0x34, 0x35, 0x35, 0xCD, 0x34, 0xF4, 0x0A, 0xB7, 0x04, 0xCD, 0x67, 0x53, 0xFC, 0xAB, 0x33, 0x81,
    0x9C, 0x69, 0x11, 0x23, 0x9F, 0x99, 0x51, 0xD0, 0x84, 0x7C, 0x3E, 0x7F, 0x21, 0x92, 0x01, 0x42,
    0x8D, 0x8A, 0xE8, 0xCB, 0x76, 0x4A, 0xB4, 0x72, 0x73, 0xB6, 0x48, 0xBA, 0xB8, 0x49, 0x92, 0x25,
    0x7F, 0xF9, 0x87, 0xCF, 0x96, 0x02, 0xB1, 0xE2, 0x12, 0xB3, 0x89, 0xB1, 0xA5, 0x8C, 0x92, 0xA2,
    0x37, 0x15, 0x9D, 0xD3, 0xCF, 0xB4, 0x4F, 0x55, 0xB5, 0x8A, 0xAC, 0x37, 0xFD, 0xDF, 0x5A, 0x49,
    0x68, 0x2C, 0x5D, 0x8E, 0x08, 0x0B, 0x13, 0x1F, 0x96, 0xA3, 0xD9, 0xD7, 0xD0, 0x76, 0x31, 0xEC,
    0x8A, 0x90, 0xC7, 0x16, 0xAF, 0x34, 0xED, 0xD1, 0x7A, 0x7C, 0x84, 0x6E, 0x77, 0x2A, 0x8F, 0x4E,
    0x7C, 0xF1, 0x3C, 0xA2, 0xE7, 0xFB, 0x4D, 0xD7, 0x12, 0x57, 0x7F, 0xEC, 0x0E, 0xF2, 0x96, 0x43,
    0x04, 0x05, 0x02, 0x50, 0x5C, 0x66, 0xBE, 0x71, 0xB7, 0xF5, 0x87, 0xC0, 0x12, 0x4F, 0xE0, 0xE1,
    0xF4, 0x83, 0x1E, 0x71, 0x21, 0xBA, 0xBA, 0xD5, 0x4A, 0xE4, 0xF9, 0xD5, 0x74, 0x8B, 0x6A, 0x5B,
    0x57, 0x98, 0xAE, 0xFE, 0x39, 0x4B, 0x8A, 0x57, 0xB3, 0xEF, 0x30, 0xB0, 0xBB, 0xBA, 0xF9, 0xE1,
    0xEA, 0x18, 0xFA, 0xA4, 0x94, 0x12, 0x6E, 0xE1, 0xE4, 0xC3, 0xA7, 0xA1, 0x3A, 0x91, 0xCE, 0xB0,
    0x74, 0x59, 0x61, 0xB9, 0x6F, 0x61, 0x75, 0x57, 0x36, 0x22, 0xE7, 0x4A, 0xCD, 0x14, 0x69, 0xE3,
    0x6E, 0x3C, 0x15, 0x8D, 0x05, 0x0F, 0x15, 0x67, 0xC9, 0x59, 0xF3, 0xBD, 0xE8, 0x12, 0x07, 0x5B,
    0x84, 0x75, 0xDF, 0x4A, 0x4E, 0x63, 0xE9, 0x43, 0xED, 0x59, 0x7C, 0xD6, 0x9D, 0x16, 0xEA, 0x4F,
    0x00, 0xE7, 0xE3, 0xE3, 0x09, 0xC3, 0xDC, 0x68, 0x43, 0x3A, 0x9A, 0xB1, 0x6E, 0x49, 0x99, 0xAF,
    0x56, 0x88, 0xFB, 0x73, 0xBC, 0xBC, 0xA2, 0xEF, 0xA7, 0x33, 0x87, 0xF2, 0x09, 0x23, 0x42, 0x22,
    0x25, 0xC3, 0x24, 0xC6, 0x49, 0x0C, 0x94, 0x18, 0x29, 0x31, 0x54, 0x62, 0xAC, 0xC4, 0x38, 0x51,
    0x49, 0x8A, 0x4A, 0x60, 0x24, 0x26, 0x86, 0x4C, 0x8C, 0x99, 0x10, 0x5A, 0xA0, 0x16, 0x4F, 0x66,
    0x33, 0xA1, 0x19, 0xB3, 0x1F, 0xB1, 0xC0, 0x24, 0x46, 0x60, 0xE4, 0x45, 0x5C, 0xB7, 0x65, 0x58,
    0x84, 0xCE, 0x58, 0x34, 0x81, 0xC8, 0x55, 0x73, 0xD9, 0x44, 0x42, 0xAB, 0x7B, 0xF6, 0x63, 0x76,
    0xF5, 0x3F, 0xD3, 0x92, 0xA3, 0x55, 0x84, 0xEB, 0x1F, 0xF3, 0xEC, 0x6F, 0xC3, 0x38, 0xBA, 0x92,
    0x65, 0xB9, 0x39, 0xBA, 0xBA, 0xBB, 0x31, 0xBA, 0x4E, 0xEF, 0x16, 0xAF, 0xD0, 0xFF, 0xB1, 0xFC,
    0xE5, 0xE3, 0x7D, 0xA5, 0xB2, 0xDD, 0x2D, 0x5E, 0xAF, 0x2A, 0xD9, 0xE9, 0xB6, 0xA0, 0xAB, 0x39,
    0xE9, 0x86, 0x3B, 0x56, 0xAF, 0x8D, 0xEE, 0x1B, 0x82, 0xCB, 0xB7, 0x7F, 0xF5, 0x56, 0x2E, 0x84,
    0xD5, 0x69, 0xE0, 0xFE, 0x66, 0xC5, 0x59, 0xD3, 0x20, 0x8C, 0x77, 0x61, 0x04, 0x56, 0xBC, 0x0B,
    0x5C, 0xA0, 0x42, 0x96, 0xCB, 0x1F, 0x73, 0x7F, 0xBA, 0x2E, 0x9B, 0xE5, 0x74, 0x96, 0xD4, 0x0B,
    0xA3, 0xE6, 0xFA, 0xF0, 0x4F, 0x2C, 0x0B, 0x0E, 0x33, 0xE7, 0xF5, 0x74, 0x90, 0xDD, 0xB5, 0x65,
    0x31, 0xE9, 0xA4, 0x2B, 0xD9, 0x10, 0x0D, 0xC8, 0x10, 0x0C, 0xB9, 0x5C, 0xC2, 0xF2, 0x99, 0xEB,
    0xCB, 0x4C, 0x3B, 0x5B, 0x5D, 0xBE, 0xEB, 0x06, 0x79, 0xCB, 0x0D, 0x5C, 0x5A, 0x2A, 0x17, 0x96,
    0xCC, 0x87, 0xAD, 0x98, 0x70, 0x45, 0xFE, 0xD4, 0x1E, 0x3F, 0x24, 0xA2, 0x03, 0x69, 0x58, 0x92,
    0x9D, 0xC4, 0xF6, 0xD3, 0xA0, 0x6F, 0x6D, 0x3F, 0xAC, 0x7E, 0xA6, 0xAC, 0xBC, 0x5B, 0xB8, 0x2B,
    0xCA, 0xF9, 0xC3, 0xD3, 0xF2, 0xD4, 0xCC, 0x2A, 0xFF, 0x5A, 0x74, 0x49, 0x74, 0x8D, 0xFB, 0x15,
    0x85, 0x4C, 0x47, 0x04, 0x54, 0x0B, 0x5B, 0xAC, 0x38, 0x92, 0xC3, 0xB1, 0x4A, 0x8A, 0x32, 0xA1,
    0xF0, 0x8E, 0xC7, 0x24, 0xF9, 0x88, 0xA3, 0xF0, 0xB6, 0x67, 0x1B, 0x70, 0xD4, 0xBD, 0xB4, 0x1D,
    0x0E, 0xEC, 0xF9, 0xDC, 0x82, 0x23, 0x9F, 0x71, 0x14, 0x13, 0xAE, 0x8A, 0x8D, 0x9D, 0x47, 0x26,
    0xAD, 0x47, 0x2E, 0xDA, 0xDB, 0xD1, 0x45, 0xDA, 0xC5, 0xDA, 0x25, 0xDA, 0x24, 0x5A, 0x25, 0x2A,
    0x29, 0x0E, 0x3B, 0x01, 0xCF, 0x31, 0x1F, 0xEF, 0x5A, 0xC3, 0xE5, 0xEC, 0x09, 0xEC, 0x84, 0x37,
    0xE5, 0x3C, 0x66, 0x16, 0xFE, 0x7C, 0x40, 0xDA, 0x89, 0x36, 0x11, 0x80, 0x55, 0xC8, 0xE8, 0x5C,
    0x52, 0xDF, 0x7B, 0x15, 0xB9, 0x52, 0xEE, 0x7A, 0xF6, 0xA7, 0x22, 0x0A, 0x6C, 0xDB, 0x76, 0x7C,
    0x95, 0x76, 0xB1, 0x4F, 0xC0, 0x1C, 0xE7, 0xEC, 0x24, 0x53, 0x1C, 0x36, 0xD6, 0x57, 0x58, 0x93,
    0xCF, 0x66, 0xC5, 0x24, 0x00, 0x85, 0xBA, 0x73, 0x97, 0x0F, 0xAB, 0xCD, 0x2A, 0x9A, 0xC0, 0x32,
    0x9A, 0x5B, 0xCD, 0xF2, 0x99, 0xA0, 0x66, 0x1C, 0xA8, 0x5A, 0x81, 0x31, 0x37, 0x88, 0xD3, 0x3E,
    0xD7, 0xC6, 0x42, 0x59, 0x39, 0x22, 0x27, 0x3E, 0xEE, 0x6C, 0x00, 0x8D, 0xD1, 0x9E, 0xB4, 0xA2,
    0x32, 0x6B, 0x3B, 0x33, 0xDD, 0xAC, 0x39, 0xBE, 0x25, 0xFD, 0x74, 0xE5, 0xAC, 0x35, 0xD8, 0xA9,
    0x66, 0x11, 0x5D, 0xDB, 0x15, 0x61, 0x12, 0x47, 0x6C, 0xD3, 0x57, 0xA4, 0x0D, 0xBA, 0xB6, 0x36,
    0xE8, 0xD6, 0x96, 0x48, 0xB4, 0x69, 0x75, 0xD0, 0x44, 0x51, 0xB7, 0x54, 0x11, 0x36, 0xE1, 0xD7,
    0x93, 0xCD, 0x5A, 0xF8, 0x95, 0x85, 0xA7, 0xBA, 0x60, 0xD6, 0xD2, 0x6B, 0x09, 0x2D, 0xDC, 0x3E,
    0x75, 0xD3, 0x91, 0x8E, 0x84, 0x11, 0x3E, 0x54, 0x8D, 0x01, 0x34, 0x52, 0x33, 0xF1, 0xB5, 0x59,
    0x45, 0x8B, 0x16, 0xB3, 0x94, 0xEF, 0x74, 0x03, 0xF3, 0xEE, 0xE4, 0xA4, 0xDD, 0x5A, 0x9E, 0xBF,
    0xE1, 0x2D, 0x25, 0x9B, 0x5D, 0xD4, 0x43, 0x7F, 0x06, 0x7D, 0x23, 0xF5, 0x21, 0x5F, 0xEE, 0xA8,
    0xD6, 0xB0, 0x19, 0x67, 0x7B, 0x8D, 0x80, 0x1F, 0x34, 0xE4, 0x40, 0x2B, 0xED, 0xA5, 0xEB, 0x39,
    0xDC, 0x7C, 0xC2, 0x09, 0xC2, 0xD6, 0x2B, 0x99, 0x15, 0xE6, 0x7C, 0x8D, 0x64, 0xCB, 0xBE, 0xEC,
    0xEE, 0x0A, 0x3D, 0x11, 0x26, 0x18, 0x7A, 0xF5, 0xFA, 0xA0, 0xB2, 0x0B, 0x86, 0xBF, 0xF4, 0xFA,
    0x07, 0x18, 0xEA, 0xCF, 0x11, 0xC0, 0x92, 0xCC, 0x17, 0x40, 0xEF, 0xF4, 0x11, 0x16, 0xE9, 0x3D,
    0xBB, 0x87, 0xF4, 0x38, 0x8F, 0xB8, 0x2E, 0xD0, 0x8B, 0xAF, 0x2F, 0x9C, 0x1E, 0x83, 0x0E, 0xFB,
    0xB3, 0x7F, 0xD1, 0x8E, 0x1F, 0x54, 0x5D, 0x35, 0x45, 0x65, 0xEB, 0xF6, 0xF7, 0x37, 0x96, 0xC7,
    0xDB, 0xB4, 0x95, 0xB3, 0x70, 0x7B, 0xB7, 0x58, 0x86, 0x96, 0x2E, 0x66, 0xB9, 0x9A, 0xFD, 0x57,
    0x61, 0x26, 0xE5, 0x51, 0x8F, 0x5F, 0x13, 0x20, 0x4D, 0xF4, 0x27, 0x0D, 0x29, 0xDB, 0xEF, 0xBF,
    0x1D, 0x64, 0xE7, 0x2C, 0xC9, 0x6A, 0xA0, 0xA3, 0x0F, 0xE5, 0xC3, 0x53, 0xD6, 0x84, 0xBD, 0xD3,
    0x26, 0xEE, 0x8D, 0xF7, 0x06, 0x5C, 0x48, 0x5C, 0x88, 0x5C, 0xC8, 0x5C, 0x08, 0x9D, 0x56, 0x09,
    0xB1, 0x6F, 0xDC, 0x37, 0xF0, 0x1B, 0xF9, 0x0D, 0xFD, 0xC6, 0x9E, 0xF0, 0x8F, 0xE9, 0xBF, 0x21,
    0x0F, 0x8D, 0x4E, 0x3F, 0x5A, 0xF2, 0x6A, 0xA9, 0x74, 0x6D, 0x23, 0xA1, 0x45, 0x95, 0x99, 0xF3,
    0xCC, 0x7C, 0xBC, 0x17, 0xF8, 0xAB, 0x08, 0x70, 0x16, 0x57, 0x21, 0x5A, 0x24, 0xF9, 0x5E, 0x36,
    0xC9, 0x49, 0xC3, 0xCB, 0x61, 0x70, 0x93, 0x3A, 0xA1, 0x93, 0x39, 0x91, 0xBF, 0xCE, 0xC1, 0x7D,
    0x45, 0xCB, 0x6F, 0xCE, 0xC2, 0x0B, 0x17, 0x40, 0xCA, 0x5F, 0xD9, 0x62, 0xE0, 0x9D, 0xEA, 0x11,
    0x29, 0x87, 0x76, 0x6F, 0x56, 0xB4, 0xAF, 0xCE, 0xF1, 0x82, 0x57, 0xC0, 0xF2, 0xE8, 0x9A, 0x5E,
    0x77, 0x74, 0xA5, 0x25, 0x4B, 0x58, 0x21, 0x1B, 0xF7, 0x81, 0x4E, 0xEC, 0x67, 0xD1, 0x27, 0x33,
    0xD9, 0x27, 0x33, 0xE1, 0xA7, 0x13, 0xE9, 0x67, 0x23, 0xF1, 0x3B, 0x4F, 0xFE, 0x45, 0xCF, 0x0E,
    0xA0, 0x0D, 0x7B, 0xC0, 0x2A, 0xEC, 0x02, 0xA3, 0xB0, 0x0F, 0x74, 0xB2, 0x75, 0x02, 0x83, 0x9A,
    0xC0, 0x3D, 0x7D, 0xEB, 0x07, 0x9B, 0x8B, 0x79, 0x46, 0xB7, 0x73, 0x6C, 0x7D, 0x61, 0xEF, 0x0C,
    0x7B, 0x6F, 0xD8, 0xBB, 0xC3, 0xDE, 0x1F, 0xB6, 0x0E, 0x11, 0x7A, 0x04, 0xBB, 0x44, 0xE8, 0x13,
    0x21, 0x7F, 0x37, 0x1D, 0x0F, 0x88, 0xB2, 0x3B, 0x2A, 0x51, 0xCC, 0x77, 0x84, 0x1B, 0x34, 0x64,
    0x8D, 0x32, 0x00, 0xF6, 0xC1, 0x40, 0x3B, 0x9D, 0x0C, 0x77, 0x36, 0x1A, 0x6F, 0xE7, 0x0D, 0x78,
    0xDB, 0x1B, 0xF1, 0x0D, 0xF9, 0x2A, 0xC6, 0x7C, 0x7C, 0xC5, 0x49, 0x7A, 0xF8, 0xDE, 0x49, 0x7A,
    0xDF, 0x76, 0xA6, 0x9B, 0x27, 0x2B, 0x3D, 0x52, 0xBA, 0xD0, 0xB9, 0xAE, 0x67, 0xBB, 0x17, 0x50,
    0x95, 0xF8, 0x6A, 0x5A, 0xD9, 0x1F, 0xA3, 0x75, 0xB4, 0x74, 0x12, 0xB6, 0x4B, 0x83, 0x1A, 0x46,
    0x62, 0xAB, 0x1B, 0x4C, 0xBA, 0xF8, 0x9A, 0x5E, 0xD1, 0xB7, 0x0D, 0x6B, 0x48, 0xC5, 0x0D, 0xF4,
    0xA2, 0xBB, 0x17, 0x90, 0xB9, 0xA1, 0xDD, 0x76, 0xB4, 0xDC, 0xD2, 0x72, 0x4F, 0x1B, 0x36, 0xB5,
    0x56, 0x92, 0xD0, 0xFD, 0x57, 0xD3, 0x78, 0xBE, 0x58, 0xF2, 0x1F, 0xC5, 0xD7, 0x5C, 0x59, 0xA6,
    0x5B, 0x4E, 0xBF, 0xEB, 0xB7, 0xD4, 0x3B, 0xF3, 0x5C, 0x2B, 0xF8, 0xB3, 0x68, 0xBA, 0x17, 0x84,
    0x8B, 0xE6, 0x19, 0x4C, 0xC7, 0x2F, 0xED, 0x55, 0xDE, 0x97, 0xFE, 0x4E, 0x47, 0x94, 0x68, 0x28,
    0xAE, 0x2F, 0x94, 0xE2, 0x1D, 0xA3, 0x70, 0x7E, 0xE1, 0x14, 0x56, 0x4E, 0xA2, 0xBB, 0x37, 0xF4,
    0x67, 0x97, 0x03, 0xE3, 0xEC, 0x12, 0x49, 0xDC, 0x74, 0xC3, 0xC6, 0xB0, 0x9F, 0xB5, 0xCA, 0xBA,
    0x05, 0x75, 0x85, 0xE2, 0x1A, 0xA9, 0x29, 0x2A, 0x5B, 0xCC, 0xA8, 0x6B, 0x39, 0xB9, 0x05, 0x21,
    0x98, 0x7A, 0x54, 0xB8, 0x36, 0x6D, 0x3D, 0x48, 0xB5, 0x43, 0x79, 0x50, 0x1D, 0x50, 0x75, 0xED,
    0xC1, 0x4A, 0xBB, 0x1A, 0x39, 0x74, 0xAD, 0x97, 0xF8, 0xA0, 0x03, 0x2E, 0xA1, 0xD0, 0x4A, 0x07,
    0x64, 0xA3, 0x1E, 0xB8, 0x5A, 0x0F, 0x40, 0xF5, 0x12, 0x6D, 0xCF, 0x31, 0x06, 0x71, 0x96, 0x4F,
    0xC2, 0x74, 0x8A, 0xD3, 0x6C, 0x64, 0x9B, 0x20, 0x46, 0x03, 0x42, 0xE5, 0xFA, 0xAF, 0xE3, 0xE3,
    0x8D, 0x64, 0x75, 0x14, 0x3E, 0x9C, 0xC8, 0xE6, 0x7C, 0x14, 0x37, 0x17, 0x26, 0x5E, 0xDC, 0x54,
    0x7A, 0xC9, 0x4D, 0xC6, 0x72, 0x90, 0xC2, 0xD7, 0xBD, 0x94, 0xBE, 0x35, 0xE9, 0xA4, 0x1D, 0xDA,
    0x3E, 0xD2, 0xBE, 0x1D, 0x52, 0xED, 0xEB, 0xB5, 0xD5, 0xAE, 0xD4, 0xB5, 0xED, 0x72, 0x9D, 0xDA,
    0x2E, 0xD6, 0x86, 0xD8, 0xD9, 0x78, 0xB9, 0x12, 0xB1, 0xD4, 0x90, 0xB2, 0x0F, 0xFD, 0xE3, 0x69,
    0x6F, 0x9D, 0x68, 0x42, 0x3C, 0x7C, 0xC6, 0xF7, 0x15, 0x34, 0xE2, 0xF4, 0x9B, 0x79, 0x68, 0xD1,
    0x87, 0x2F, 0x46, 0x2D, 0x12, 0xDA, 0xC5, 0x93, 0x88, 0xBF, 0xB0, 0xE9, 0xB9, 0xD9, 0x9E, 0xE4,
    0x7D, 0x5C, 0x1C, 0xE4, 0x21, 0x44, 0xEA, 0x6A, 0x5B, 0x30, 0xA6, 0x23, 0x3F, 0x7F, 0x42, 0xFB,
    0x01, 0xB0, 0xFC, 0x9A, 0xB5, 0x8F, 0x35, 0xAC, 0x0B, 0xC3, 0x9A, 0x87, 0xF5, 0x3E, 0x5E, 0x0E,
    0xFE, 0x8A, 0x76, 0xAE, 0xF2, 0x99, 0x67, 0xED, 0x9D, 0x67, 0xF5, 0x9D, 0x67, 0xFD, 0xF3, 0x81,
    0x04, 0xCA, 0x8E, 0x0C, 0xDA, 0xCA, 0xEA, 0xFF, 0x72, 0x15, 0x73, 0x9D, 0xC4, 0x48, 0x68, 0x6F,
    0xDE, 0xBE, 0x10, 0x21, 0x0D, 0x11, 0xF2, 0x10, 0x21, 0x11, 0x11, 0x32, 0x11, 0x21, 0x15, 0x11,
    0x72, 0x11, 0x21, 0x19, 0x11, 0xB2, 0x11, 0x21, 0x1D, 0xD9, 0xF8, 0xC8, 0x46, 0x48, 0x36, 0x46,
    0xB2, 0x51, 0x92, 0x8D, 0x93, 0x6C, 0xA4, 0x02, 0xAB, 0x30, 0xC6, 0x4B, 0xD2, 0x68, 0x9B, 0xB0,
    0x46, 0xB6, 0x99, 0x9A, 0xFD, 0x91, 0xED, 0x14, 0x97, 0x77, 0x34, 0x43, 0x96, 0x0F, 0x06, 0xAD,
    0xE8, 0x0D, 0x5B, 0xD9, 0x19, 0x38, 0xAD, 0x80, 0x4E, 0x57, 0x01, 0x37, 0x9D, 0x68, 0x83, 0x00,
    0xE0, 0x2A, 0x62, 0x08, 0x45, 0x5A, 0x9A, 0x61, 0x14, 0x31, 0x90, 0x22, 0x86, 0x52, 0xC4, 0x60,
    0x8A, 0x18, 0x4E, 0xC1, 0x29, 0x60, 0x44, 0x1A, 0x82, 0x96, 0xDC, 0x87, 0x5C, 0xC2, 0xAA, 0x8F,
    0x09, 0x84, 0xD5, 0x20, 0xDB, 0x9D, 0x87, 0xCA, 0xAD, 0x4E, 0xA0, 0x28, 0x5A, 0xDD, 0x58, 0xF1,
    0xD3, 0xF2, 0xFE, 0x52, 0xA1, 0x72, 0x76, 0xDC, 0xE7, 0xC7, 0x7D, 0x86, 0xDC, 0xE7, 0x48, 0xCE,
    0x92, 0xFC, 0xC5, 0xE9, 0xC8, 0xA5, 0xC9, 0x72, 0x2F, 0x20, 0x73, 0x9E, 0xDD, 0x66, 0xDA, 0x6D,
    0xAE, 0xDD, 0x66, 0xDB, 0x6D, 0xBE, 0xE5, 0x8C, 0x1B, 0x36, 0xE9, 0xE9, 0x18, 0xD6, 0xFD, 0x17,
    0x49, 0x3E, 0xAA, 0x1E, 0x54, 0xFC, 0xD0, 0xCE, 0x99, 0xD3, 0x52, 0x56, 0x70, 0x55, 0x85, 0x45,
    0x73, 0x6D, 0xE4, 0xE3, 0x31, 0x1B, 0xEE, 0x05, 0xE1, 0xE7, 0xD1, 0x64, 0xAF, 0xFF, 0x6D, 0xE4,
    0xDB, 0x3C, 0xEC, 0x5B, 0x7E, 0x0F, 0xB1, 0x79, 0x7E, 0x99, 0x14, 0xEF, 0x1E, 0x85, 0x33, 0xAB,
    0x4B, 0xAE, 0x2F, 0xE9, 0xC5, 0xEE, 0x9E, 0xEE, 0xBA, 0x8B, 0x81, 0x11, 0x5A, 0x08, 0x2D, 0x7C,
    0x6A, 0xD6, 0xB4, 0xB2, 0x67, 0xF8, 0x37, 0x56, 0x47, 0x5A, 0x85, 0xC5, 0x40, 0xD9, 0x71, 0x92,
    0x3D, 0x37, 0x77, 0xD4, 0xA3, 0x48, 0x3D, 0x19, 0x1B, 0x5F, 0xCC, 0xD8, 0x94, 0xB9, 0x45, 0x32,
    0xAD, 0x9C, 0xA2, 0xDA, 0xA9, 0x4A, 0x39, 0x03, 0x43, 0x3B, 0xE2, 0x6B, 0xEF, 0x3A, 0x48, 0xA4,
    0x7F, 0x41, 0xB0, 0xFA, 0x8D, 0xE2, 0xF4, 0xBA, 0x08, 0xA1, 0x43, 0xBD, 0xD5, 0xBC, 0x33, 0x14,
    0x95, 0xE9, 0xF9, 0x3F, 0x6E, 0xA2, 0x16, 0xA6, 0xE5, 0x64, 0x3A, 0x06, 0xAD, 0x7D, 0x50, 0x71,
    0x13, 0x49, 0x84, 0xA5, 0x40, 0xBC, 0x32, 0x3D, 0xD3, 0x56, 0x6E, 0x36, 0x94, 0x7E, 0x06, 0xCF,
    0x72, 0x04, 0xDD, 0x7A, 0xC0, 0x09, 0xB4, 0x13, 0x37, 0x63, 0xBB, 0x95, 0xCD, 0xE8, 0xCA, 0xE9,
    0x9C, 0x62, 0x13, 0xBA, 0x64, 0x33, 0xD4, 0x8D, 0x07, 0x5D, 0x41, 0x3E, 0x56, 0xD4, 0x31, 0x52,
    0xAB, 0xBA, 0xAA, 0x40, 0x57, 0x68, 0x3B, 0x43, 0x6B, 0x06, 0xEA, 0x4D, 0x8F, 0xFF, 0xE0, 0x0B,
    0x99, 0xE2, 0x8C, 0xCC, 0x88, 0x65, 0xD8, 0xE6, 0xF2, 0xD6, 0x5E, 0x7E, 0xF4, 0xE4, 0xD2, 0xEB,
    0x7C, 0xA6, 0x95, 0x61, 0xD3, 0x1B, 0x6D, 0xCA, 0xEF, 0xA6, 0xBD, 0x72, 0x9D, 0xDD, 0x8C, 0x0A,
    0xE7, 0x23, 0xD0, 0xA1, 0x7C, 0x91, 0xD6, 0x3D, 0x54, 0xFF, 0x73, 0x9D, 0xEB, 0x50, 0xE7, 0x38,
    0xD4, 0xF9, 0x61, 0x31, 0xBB, 0x4E, 0x6A, 0xF5, 0xE5, 0x80, 0x3A, 0xD7, 0x03, 0xEA, 0x5C, 0xF7,
    0xA8, 0xB3, 0x0D, 0x81, 0xE8, 0x0B, 0x4B, 0xFE, 0xFB, 0xFE, 0x7B, 0x98, 0xDA, 0xB2, 0x59, 0x8F,
    0xFE, 0xDC, 0xC0, 0xDF, 0xA6, 0x11, 0x21, 0xD9, 0x70, 0xF2, 0x25, 0x93, 0xD8, 0xF3, 0x4B, 0x26,
    0x2B, 0xF4, 0xC6, 0xFE, 0x93, 0x2B, 0xEC, 0xEA, 0xD6, 0x8C, 0x11, 0x91, 0xE7, 0x32, 0xDB, 0xC7,
    0xE5, 0x24, 0x92, 0x29, 0xDE, 0xE5, 0xBE, 0xD1, 0x41, 0x24, 0xEF, 0xDA, 0xEA, 0x16, 0x31, 0x8A,
    0xA7, 0xAC, 0x47, 0x0F, 0xFC, 0xA0, 0x3B, 0xFA, 0x52, 0x0A, 0x06, 0xCF, 0xD5, 0x74, 0x6B, 0x58,
    0xFC, 0x1B, 0x84, 0x92, 0x81, 0x86, 0xFD, 0x46, 0x14, 0xC6, 0x4F, 0x92, 0x92, 0x12, 0x0C, 0x2C,
    0x28, 0x04, 0x80, 0x85, 0x79, 0x83, 0x4E, 0x58, 0x14, 0xFB, 0x1A, 0x2D, 0xFA, 0x14, 0xC9, 0xC3,
    0x2C, 0xDA, 0x5B, 0xF4, 0x0D, 0x9A, 0x69, 0xF7, 0x05, 0xA6, 0x7D, 0x82, 0xA0, 0xA0, 0x20, 0x18,
    0x04, 0x93, 0x7C, 0xFD, 0x3E, 0x91, 0x6B, 0xEF, 0xF2, 0xF7, 0x1F, 0xF7, 0xFE, 0x32, 0x33, 0x39,
    0xE7, 0x7C, 0xDF, 0x99, 0xCC, 0x77, 0xB7, 0x9B, 0x05, 0xE0, 0xFE, 0xE7, 0xFA, 0xF6, 0x2B, 0x27,
    0x38, 0x84, 0x3D, 0x08, 0x5F, 0xDA, 0xE3, 0x78, 0xD3, 0x82, 0x63, 0xFB, 0xF4, 0xCC, 0x5F, 0x7B,
    0x6F, 0xDF, 0x9A, 0x7D, 0x6F, 0x86, 0xA1, 0x39, 0xAC, 0xDB, 0xCC, 0xAD, 0x16, 0xA2, 0x85, 0x6C,
    0x73, 0x39, 0x7F, 0x36, 0x66, 0xF3, 0xC9, 0xEC, 0x0F, 0x6B, 0x10, 0x3B, 0x44, 0x07, 0xB1, 0xC1,
    0x64, 0xF3, 0x50, 0x1D, 0xD6, 0x14, 0x73, 0xD9, 0x42, 0xB2, 0x7E, 0xB0, 0x6F, 0xCC, 0xAA, 0xDD,
    0x3A, 0x58, 0x8F, 0xC1, 0x63, 0xE8, 0xC1, 0x39, 0x77, 0xAE, 0x98, 0xC5, 0xE6, 0x49, 0x52, 0x4F,
    0x66, 0x14, 0xAD, 0x25, 0xEB, 0x26, 0x0A, 0x87, 0x48, 0x69, 0x0C, 0xDD, 0x56, 0xEF, 0x94, 0x6F,
    0x37, 0x1A, 0x90, 0x8B, 0xDC, 0xEF, 0x94, 0xF7, 0x20, 0xC2, 0x09, 0x5A, 0xF1, 0x3B, 0xCD, 0x74,
    0x8B, 0xEC, 0xF8, 0x89, 0x86, 0xB0, 0x74, 0xF8, 0x0B, 0xAB, 0xC3, 0x3B, 0xD6, 0x4E, 0xA0, 0x31,
    0x50, 0x88, 0x45, 0x69, 0x6E, 0x9C, 0x9A, 0x52, 0x81, 0xE2, 0x74, 0x10, 0x92, 0xCB, 0x34, 0xD9,
    0x46, 0xDA, 0xA4, 0x36, 0x6D, 0xCD, 0xB4, 0xC7, 0x12, 0x3D, 0x7E, 0x40, 0xF2, 0x78, 0x45, 0xEA,
    0xC1, 0xCE, 0xB4, 0xA7, 0xDC, 0x79, 0x60, 0xD2, 0x95, 0xBB, 0xB8, 0x4C, 0xF3, 0x7E, 0x91, 0xE5,
    0xC1, 0x9E, 0x58, 0x82, 0x63, 0x5C, 0x88, 0x39, 0x5D, 0x40, 0xFC, 0x80, 0xE7, 0x1B, 0xFE, 0xFB,
    0x45, 0x47, 0x5C, 0x46, 0x61, 0x26, 0x36, 0x6B, 0xC0, 0x97, 0xED, 0x71, 0xA1, 0xDB, 0x09, 0x57,
    0x1E, 0xD0, 0x6F, 0x84, 0xCF, 0x17, 0xC2, 0x7A, 0x81, 0x62, 0xC2, 0x83, 0xD8, 0x59, 0x46, 0x75,
    0xEE, 0x74, 0xE5, 0x91, 0xF5, 0xED, 0xF7, 0xE3, 0xC6, 0x83, 0xE2, 0x88, 0x2D, 0xC4, 0x4E, 0x9C,
    0x54, 0xF5, 0xEA, 0x81, 0x4C, 0xE2, 0x4C, 0x5E, 0x95, 0x45, 0xD9, 0xDF, 0x45, 0x14, 0x52, 0x7C,
    0xFE, 0x0D, 0xB7, 0x37, 0x3B, 0xFB, 0x20, 0x2F, 0x0B, 0xE2, 0x67, 0x0B, 0x63, 0x6A, 0xB0, 0x39,
    0x14, 0x8F, 0x23, 0x9C, 0x3F, 0xDD, 0xD7, 0x12, 0x90, 0x1D, 0x52, 0x7D, 0x58, 0x9B, 0x75, 0xFE,
    0x8B, 0x2F, 0x35, 0x62, 0xD8, 0x42, 0xE1, 0xA1, 0x8F, 0x25, 0x94, 0x16, 0x71, 0xDE, 0xC2, 0xD6,
    0x60, 0x18, 0xD7, 0x3E, 0xF1, 0x23, 0xF9, 0xA8, 0x33, 0x31, 0x6E, 0x18, 0x47, 0x05, 0x50, 0x80,
    0x62, 0xD2, 0x04, 0x4D, 0x7A, 0x89, 0x69, 0x0B, 0xC9, 0x66, 0x75, 0xA4, 0xC6, 0xC2, 0x52, 0xF1,
    0xD5, 0xE9, 0x22, 0x2C, 0x4A, 0xD5, 0x98, 0x63, 0x58, 0x94, 0xAA, 0x81, 0x29, 0x50, 0xFA, 0x3E,
    0x4F, 0x4A, 0x3D, 0xE7, 0xF3, 0x9F, 0x4C, 0x3D, 0xE3, 0xFF, 0xC1, 0x0B, 0x86, 0x9F, 0x29, 0xFA,
    0xA3, 0x8D, 0x38, 0xDC, 0xD1, 0x51, 0xA3, 0x67, 0x34, 0x36, 0xAF, 0x3E, 0x6C, 0xC6, 0xC2, 0xAD,
    0x71, 0x05, 0x4A, 0x05, 0xAE, 0x7F, 0xAA, 0x78, 0x15, 0x5F, 0xF7, 0xE6, 0x38, 0x0D, 0xBF, 0x70,
    0xD6, 0x95, 0x8E, 0x2A, 0x8E, 0xCF, 0xE6, 0x70, 0x59, 0x73, 0x5F, 0xDC, 0xC6, 0x88, 0x55, 0xF3,
    0x71, 0xE5, 0xED, 0xDA, 0xBD, 0xE6, 0x15, 0x92, 0xCB, 0x6D, 0xF1, 0xAB, 0xDB, 0xD4, 0x2B, 0x63,
    0x39, 0xEF, 0x57, 0xF5, 0xEA, 0x4A, 0x9F, 0x3D, 0x7B, 0x52, 0xAF, 0xDD, 0x31, 0x2F, 0xFD, 0x81,
    0xC8, 0x54, 0x86, 0x21, 0x3A, 0x60, 0x60, 0x2A, 0xD3, 0x0F, 0xAE, 0x8B, 0x52, 0x29, 0xF1, 0xEF,
    0xF9, 0x2D, 0xC7, 0x6C, 0xD0, 0x49, 0xD4, 0xE0, 0x05, 0xD0, 0xC7, 0x71, 0xC5, 0x58, 0x32, 0x2C,
    0x52, 0x66, 0x12, 0xFE, 0x46, 0xAC, 0xF0, 0x8E, 0xA1, 0x06, 0xBF, 0x9F, 0xCC, 0x5A, 0x47, 0x77,
    0xE6, 0x28, 0xC7, 0xC0, 0x90, 0x2C, 0xA4, 0x31, 0xEA, 0xA0, 0x8D, 0xA9, 0xE7, 0x8D, 0xA1, 0xB4,
    0x34, 0xDC, 0xCE, 0x65, 0xA6, 0xCC, 0x72, 0x6E, 0xFB, 0xED, 0x0C, 0x51, 0xA8, 0xDE, 0x53, 0xF5,
    0xF4, 0xA0, 0xE7, 0x15, 0xD4, 0x2B, 0x68, 0x7F, 0x0C, 0x6A, 0xAE, 0xDA, 0x99, 0xB1, 0x49, 0xDB,
    0x34, 0x7A, 0xD6, 0xD3, 0xA8, 0x8B, 0xD8, 0x66, 0xD1, 0xAD, 0x62, 0x88, 0xE2, 0x3C, 0x88, 0x87,
    0xD0, 0x14, 0xB1, 0xCB, 0x62, 0xBF, 0x7C, 0x08, 0x11, 0xAA, 0x2B, 0xE4, 0x9E, 0xEF, 0x93, 0x18,
    0x26, 0x11, 0x42, 0xBD, 0x8B, 0xED, 0xF6, 0xFF, 0xD0, 0x95, 0xD4, 0x23, 0x94, 0x30, 0xE3, 0x75,
    0x05, 0x00, 0x5D, 0x53, 0x21, 0xAC, 0xE5, 0x36, 0x10, 0x9C, 0xBC, 0xB4, 0x3F, 0x20, 0xC0, 0x25,
    0x87, 0x0E, 0x84, 0xA3, 0x70, 0xE4, 0xC7, 0x49, 0x0B, 0xFA, 0x70, 0x39, 0x3A, 0x8E, 0xFC, 0x38,
    0xFA, 0x9C, 0x1C, 0x47, 0xE5, 0x52, 0x25, 0x87, 0x17, 0x34, 0xA0, 0xE5, 0xAE, 0x54, 0x95, 0x94,
    0x18, 0x44, 0xBA, 0xFC, 0xAB, 0xE3, 0xE9, 0xAC, 0x13, 0xF5, 0xD4, 0x2A, 0xBB, 0xFB, 0xBF, 0xD7,
    0xEB, 0xF1, 0xF8, 0xED, 0x2C, 0x5E, 0xEA, 0x1D, 0x33, 0x13, 0xC8, 0xFD, 0xC6, 0x8F, 0x65, 0xA8,
    0x43, 0x75, 0xA5, 0xAF, 0x6E, 0xEF, 0xEB, 0xBC, 0xC9, 0x73, 0x5F, 0x7D, 0x1E, 0x0E, 0x9F, 0x47,
    0xB9, 0x2B, 0xF2, 0xDD, 0x67, 0x9F, 0xA7, 0x83, 0xAB, 0x23, 0x9F, 0x3D, 0x2B, 0x10, 0x12, 0x80,
    0x9E, 0x77, 0xC0, 0x11, 0xC0, 0x6C, 0x21, 0x58, 0xB0, 0xCD, 0x56, 0xE1, 0xFE, 0x3E, 0x94, 0xFF,
    0xB9, 0x28, 0xFF, 0x6D, 0x41, 0x77, 0xB8, 0x82, 0x7E, 0x9F, 0x76, 0xB8, 0x3C, 0x6D, 0xAA, 0x27,
    0xCF, 0xE0, 0xA9, 0xE2, 0x77, 0x8F, 0xB8, 0xE1, 0x02, 0x8D, 0xAB, 0x21, 0x11, 0xE0, 0x19, 0x2A,
    0xBA, 0xFA, 0xF8, 0x1E, 0xB7, 0xC3, 0x2E, 0x3C, 0x44, 0xBD, 0x27, 0x57, 0x0C, 0x64, 0xC6, 0x58,
    0x83, 0xF0, 0xB6, 0xA9, 0x00, 0x70, 0x2D, 0xEC, 0x0A, 0x82, 0x77, 0xF0, 0x19, 0xFE, 0x4F, 0xD5,
    0x05, 0x11, 0xC6, 0x4C, 0x1D, 0xBE, 0xD1, 0xD0, 0xF1, 0x92, 0x81, 0xA8, 0xA3, 0x54, 0x01, 0x5F,
    0xC1, 0x0D, 0xBD, 0x2A, 0x1C, 0x77, 0xCC, 0x2A, 0xF5, 0xC2, 0xD6, 0x91, 0x14, 0x73, 0xC8, 0x5C,
    0x7C, 0xE2, 0x12, 0xE4, 0x71, 0x89, 0x9F, 0xB4, 0x22, 0x55, 0x57, 0x04, 0xF4, 0x6A, 0xB5, 0x9B,
    0x3F, 0x3D, 0x8B, 0xFC, 0x0A, 0x50, 0xC4, 0xEA, 0x49, 0x63, 0xCE, 0x80, 0x4F, 0x40, 0x5C, 0x00,
    0x3E, 0x55, 0x8F, 0xB6, 0x35, 0x1C, 0x6D, 0x5B, 0x24, 0x1B, 0x47, 0xCC, 0x72, 0xBC, 0xA8, 0x20,
    0x70, 0xEB, 0xC8, 0xD2, 0xF3, 0xE3, 0xD1, 0xD7, 0x41, 0xAE, 0x6E, 0x08, 0x1B, 0xE4, 0x72, 0x13,
    0x1F, 0x57, 0x43, 0x9E, 0xB7, 0x69, 0xB7, 0x3E, 0x84, 0x34, 0xED, 0xB6, 0xF2, 0x6F, 0xCC, 0xB3,
    0xF6, 0x47, 0x12, 0x5D, 0xFC, 0x03, 0xF8, 0xB0, 0xA3, 0x37, 0x7E, 0xCA, 0x69, 0x6F, 0x0D, 0x29,
    0xA4, 0x2F, 0xFC, 0x99, 0xF8, 0x49, 0x39, 0xED, 0xE9, 0xCC, 0xFD, 0x85, 0x04, 0xFC, 0x81, 0x8E,
    0x1B, 0x3E, 0x70, 0x85, 0x52, 0xE0, 0xDE, 0x5E, 0x00, 0x19, 0x30, 0x65, 0x04, 0xA5, 0xD5, 0x68,
    0xE3, 0x2C, 0xCA, 0xD3, 0x6E, 0x6F, 0xF2, 0x4A, 0x27, 0xC4, 0xB5, 0xD9, 0x02, 0x36, 0x8B, 0xCD,
    0x54, 0xEE, 0x93, 0xCE, 0xB5, 0xB7, 0xC5, 0x27, 0xFC, 0x6A, 0x07, 0x26, 0xD9, 0xA6, 0x54, 0xB3,
    0x62, 0x71, 0x92, 0x6D, 0x17, 0x96, 0x6F, 0x58, 0x5C, 0x3A, 0xDE, 0x7B, 0x62, 0x2C, 0xDA, 0x31,
    0x1C, 0xF7, 0x7B, 0x85, 0xFB, 0x8B, 0x4F, 0x7B, 0xC9, 0x74, 0xC4, 0x65, 0x4E, 0x7E, 0xF9, 0xF7,
    0x7B, 0xFA, 0x67, 0xB8, 0x87, 0x7B, 0xBC, 0x47, 0xD8, 0x47, 0x7D, 0x52, 0x33, 0xE0, 0xDB, 0x33,
    0x72, 0xCF, 0x1F, 0xF7, 0x51, 0x42, 0x73, 0x8A, 0xD3, 0x66, 0x0A, 0xBE, 0x54, 0x9C, 0xC6, 0x12,
    0x92, 0x2B, 0x61, 0x35, 0x9F, 0xB6, 0x90, 0x66, 0xE9, 0x59, 0xF1, 0x33, 0x17, 0x47, 0x62, 0x60,
    0x01, 0xE2, 0x2B, 0xA4, 0x34, 0x4C, 0x07, 0x62, 0xE9, 0x69, 0x36, 0x70, 0x1F, 0x7F, 0xD8, 0xBF,
    0xFA, 0xC2, 0xB8, 0x91, 0x0E, 0x32, 0xFB, 0x01, 0xDE, 0xF1, 0x37, 0xCF, 0xEA, 0x79, 0xC8, 0x30,
    0x4A, 0x97, 0xD1, 0x08, 0xE8, 0x48, 0x0D, 0xA5, 0xD7, 0x65, 0x78, 0x5E, 0xCD, 0x6E, 0x8D, 0x0E,
    0x19, 0xE0, 0xD2, 0x26, 0xC6, 0x19, 0x61, 0xA5, 0x99, 0x30, 0x68, 0xE9, 0xEB, 0xE3, 0xBB, 0x26,
    0x39, 0x72, 0xA5, 0x1C, 0xA3, 0x92, 0x3C, 0xB1, 0x7A, 0x61, 0x75, 0x6B, 0xC3, 0x29, 0x0D, 0xE7,
    0xEB, 0x98, 0x30, 0xF3, 0x09, 0x6F, 0x07, 0x55, 0xDB, 0x70, 0x7D, 0xF3, 0x11, 0x12, 0x86, 0x24,
    0x6F, 0x8A, 0x9F, 0x58, 0x71, 0xB3, 0x6D, 0xDD, 0x80, 0x6B, 0x44, 0x7D, 0x55, 0x88, 0x0A, 0x9D,
    0xF8, 0x8A, 0x88, 0x81, 0x5A, 0x98, 0x7F, 0x69, 0x23, 0xBA, 0x03, 0x75, 0x92, 0x88, 0x8A, 0x9E,
    0x3B, 0x66, 0xEB, 0xDE, 0xEA, 0x73, 0x9B, 0x4E, 0x0B, 0xC7, 0x19, 0x24, 0x75, 0x69, 0xAD, 0x09,
    0x1B, 0x54, 0xF0, 0x54, 0x54, 0x30, 0x0D, 0x8B, 0x51, 0x7C, 0x3C, 0x00, 0x02, 0x40, 0x95, 0x77,
    0x35, 0x9A, 0xF8, 0x99, 0x4D, 0x99, 0x45, 0xE1, 0x43, 0xC1, 0x50, 0xC6, 0xC3, 0x58, 0x59, 0xD0,
    0x7F, 0x1D, 0x9C, 0x72, 0x4F, 0x93, 0xC5, 0x5B, 0x6C, 0xB7, 0x49, 0x00, 0x24, 0x4E, 0x4D, 0x03,
    0xB7, 0x9F, 0x80, 0x60, 0x13, 0x57, 0x30, 0x71, 0x47, 0xA8, 0x22, 0x9F, 0x84, 0xF4, 0x2B, 0x46,
    0x36, 0x89, 0xA4, 0x59, 0xF8, 0xBE, 0xC6, 0xCD, 0x6B, 0x28, 0x42, 0xBA, 0x5A, 0x9B, 0x7C, 0xF6,
    0x9F, 0xB9, 0x4E, 0xAA, 0x19, 0xEC, 0xB1, 0x31, 0x19, 0x74, 0x36, 0x0F, 0x6D, 0x60, 0xB9, 0x08,
    0xC8, 0x68, 0x5C, 0x0D, 0xCA, 0xB0, 0x9E, 0xA2, 0xA5, 0x35, 0xC7, 0xD7, 0xC0, 0x8E, 0xE5, 0x7F,
    0x03, 0x7B, 0xFD, 0xD6, 0xAD, 0x6D, 0x81, 0xB9, 0x23, 0x77, 0x49, 0xAE, 0x0C, 0x92, 0xDC, 0x58,
    0x9C, 0xFE, 0x4E, 0x5A, 0xB7, 0xBC, 0xEE, 0x6D, 0xF2, 0xCD, 0xE2, 0x95, 0x4D, 0x72, 0x71, 0x9D,
    0x73, 0x5C, 0x25, 0x3A, 0xF1, 0xF2, 0x8D, 0xBB, 0xBD, 0x65, 0x05, 0xDE, 0xBF, 0xE1, 0xAA, 0x4F,
    0x53, 0x6D, 0xF5, 0x9B, 0x4F, 0x7A, 0x4B, 0x73, 0x7B, 0x47, 0x1B, 0xF4, 0x64, 0xE3, 0x60, 0x75,
    0x98, 0x08, 0xC4, 0x82, 0xF7, 0xCC, 0xF0, 0x5A, 0xFA, 0x03, 0xF0, 0x52, 0xEE, 0x37, 0x00, 0x30,
    0xB6, 0x39, 0x8D, 0xE7, 0x48, 0x5D, 0xB3, 0xEB, 0x94, 0xDB, 0xE0, 0xFF, 0x2B, 0x60, 0x7F, 0x5A,
    0x56, 0xF9, 0x35, 0xA2, 0x7D, 0xC1, 0x35, 0xB5, 0x4E, 0xEB, 0x82, 0xB1, 0x99, 0x20, 0xC6, 0xD3,
    0x04, 0x74, 0x5A, 0x9B, 0xE0, 0x6B, 0x7C, 0x17, 0xE8, 0xA2, 0x6A, 0x9B, 0x73, 0xC2, 0x3F, 0x6D,
    0x95, 0x21, 0x6C, 0xE4, 0x46, 0x14, 0x86, 0x9F, 0x6D, 0x29, 0x96, 0xD6, 0x52, 0x87, 0x37, 0x60,
    0x48, 0x51, 0xC8, 0xD0, 0xA2, 0x8C, 0x4F, 0x05, 0xC7, 0xA5, 0x96, 0xAB, 0xB4, 0x24, 0x1C, 0xDC,
    0xD9, 0xEA, 0x71, 0x69, 0x39, 0x69, 0x41, 0x41, 0xB5, 0x05, 0xCB, 0x41, 0x6A, 0x5F, 0xCB, 0xA5,
    0x55, 0x69, 0x89, 0x41, 0x50, 0xD0, 0xB4, 0x1D, 0x55, 0x4E, 0x32, 0xF6, 0x7F, 0xEF, 0xD7, 0xC8,
    0xDA, 0xD5, 0x29, 0xA3, 0xCC, 0xF7, 0x4B, 0x9E, 0xE7, 0x97, 0xDF, 0xEF, 0x3D, 0x7B, 0x45, 0xA4,
    0x3E, 0xCD, 0xCA, 0xE6, 0x63, 0x54, 0x9A, 0x3F, 0x82, 0xC8, 0x0E, 0x2F, 0x93, 0x08, 0x80, 0x49,
    0x1A, 0x65, 0x12, 0x87, 0xD9, 0x2F, 0x32, 0xFC, 0x1F, 0x7C, 0x28, 0xF0, 0x67, 0xB8, 0xEF, 0x2B,
    0xBC, 0xD5, 0x9B, 0x1A, 0x18, 0xBD, 0xC9, 0x2C, 0xE6, 0x43, 0x10, 0x9B, 0x5C, 0x7D, 0x12, 0x3F,
    0xDF, 0x36, 0xA3, 0xF8, 0xF8, 0xCE, 0xF4, 0xE2, 0x43, 0x72, 0x22, 0xDD, 0x3F, 0xF1, 0x56, 0xF9,
    0x6F, 0x78, 0xA7, 0xFC, 0x6F, 0x4A, 0xCA, 0x97, 0x8F, 0x51, 0x89, 0x1F, 0x83, 0x88, 0xC7, 0x37,
    0x13, 0xD9, 0x8C, 0x5F, 0x8B, 0xD5, 0x6C, 0xAB, 0x18, 0xE0, 0x88, 0xB6, 0x02, 0xB0, 0x4A, 0xA9,
    0x9C, 0xA5, 0x52, 0x9E, 0xA4, 0xFE, 0x0B, 0x4F, 0xD9, 0x9E, 0xF2, 0x03, 0xF9, 0x65, 0xD9, 0x0B,
    0x97, 0x0C, 0x91, 0xF6, 0x81, 0x96, 0x99, 0x30, 0xD2, 0x39, 0x7A, 0x29, 0x30, 0x59, 0x91, 0x0A,
    0x0C, 0xAA, 0x21, 0xE4, 0x4A, 0x36, 0xA4, 0x1C, 0x71, 0xD8, 0x6B, 0x08, 0x1F, 0xB1, 0x64, 0xFE,
    0xCC, 0x7C, 0xAA, 0x5C, 0x14, 0xA5, 0xC6, 0xB4, 0x7A, 0x2B, 0x93, 0x35, 0x60, 0xFA, 0x4C, 0x71,
    0x33, 0x63, 0x86, 0xC0, 0x18, 0x8C, 0x4A, 0x83, 0x83, 0x66, 0xEB, 0xC0, 0x6C, 0x03, 0xF3, 0x90,
    0x3C, 0x29, 0x14, 0x25, 0x7A, 0xDD, 0x13, 0x9D, 0xE8, 0x0E, 0xBA, 0x5B, 0xDD, 0x51, 0xB7, 0xE8,
    0x4E, 0xF4, 0xA6, 0x7B, 0xD1, 0xE4, 0x54, 0x08, 0x1D, 0x34, 0xAA, 0x66, 0x91, 0xAB, 0x23, 0xD0,
    0x9B, 0xF5, 0x57, 0x83, 0x05, 0xA3, 0x45, 0x32, 0x48, 0xC3, 0x64, 0x31, 0xAB, 0xFA, 0xE0, 0x30,
    0x8B, 0x4B, 0x2E, 0xFA, 0x99, 0x8E, 0x6C, 0xF2, 0x51, 0xC4, 0x47, 0xB3, 0xF8, 0x20, 0x37, 0x43,
    0xAC, 0xD7, 0xEE, 0x79, 0xEF, 0x11, 0x2A, 0x0C, 0x98, 0x3A, 0x84, 0x92, 0xB6, 0x54, 0x25, 0xDB,
    0x53, 0x9F, 0x2A, 0xA2, 0xDB, 0xD3, 0xA7, 0x6E, 0xA7, 0x9B, 0x76, 0x2D, 0xB2, 0x1A, 0xDA, 0xD6,
    0x5D, 0xA3, 0xCD, 0xD6, 0x55, 0x35, 0x08, 0x0F, 0x42, 0x01, 0x54, 0xBC, 0xCA, 0x98, 0x25, 0x88,
    0x74, 0xA1, 0xC8, 0x22, 0x5D, 0x94, 0x1D, 0x9E, 0x0F, 0xC3, 0xDA, 0x3B, 0x70, 0x8D, 0x59, 0x7A,
    0x9F, 0x85, 0xD9, 0x11, 0x58, 0xBA, 0x12, 0x27, 0x4A, 0x83, 0x91, 0x4D, 0x66, 0x4E, 0x4A, 0xCA,
    0x32, 0xB1, 0x1C, 0xEC, 0x39, 0x2B, 0x73, 0x6E, 0x1C, 0xEB, 0x72, 0x21, 0x36, 0x5D, 0x8A, 0xCB,
    0xE2, 0xE7, 0x2C, 0x91, 0xCC, 0x07, 0x81, 0xF4, 0xE4, 0x61, 0x78, 0x66, 0x63, 0x00, 0x76, 0x0F,
    0xEB, 0x46, 0x91, 0x61, 0x24, 0xB1, 0xB1, 0xC0, 0x1E, 0xBD, 0x58, 0x3C, 0xA1, 0x65, 0x3B, 0xA1,
    0x71, 0xCF, 0x00, 0xEB, 0x61, 0xD9, 0x1C, 0xDA, 0x31, 0x89, 0x33, 0xE5, 0xA2, 0xD4, 0x0B, 0x73,
    0x37, 0x89, 0x34, 0xCA, 0x69, 0xE3, 0x4C, 0x5A, 0x65, 0xA0, 0x1B, 0xF5, 0x85, 0x20, 0x16, 0x47,
    0xA5, 0x01, 0x94, 0x15, 0xA0, 0x01, 0x72, 0xF7, 0x40, 0x9E, 0x17, 0x4F, 0xD3, 0x05, 0x67, 0x91,
    0xDD, 0xE1, 0xF0, 0x8B, 0x70, 0x5D, 0x83, 0xA1, 0xEC, 0xA7, 0x8A, 0xCD, 0x53, 0x4B, 0x7F, 0xAC,
    0xE8, 0x13, 0xDF, 0x85, 0x86, 0xDD, 0xEB, 0xC5, 0x40, 0xA4, 0x10, 0xF1, 0x29, 0xE7, 0x63, 0xAA,
    0xCF, 0x64, 0x87, 0x47, 0xCD, 0xB9, 0x3D, 0x72, 0x41, 0xD9, 0xBA, 0xB9, 0x49, 0x97, 0xE5, 0x46,
    0x23, 0xF7, 0x8C, 0x3C, 0x09, 0x17, 0x2F, 0xED, 0xF5, 0x70, 0x96, 0x2A, 0x32, 0xB4, 0xBD, 0x5B,
    0xB6, 0xA4, 0x52, 0xE5, 0x3B, 0x68, 0xA9, 0x55, 0xB9, 0xE2, 0xC0, 0x9C, 0x1B, 0x09, 0x66, 0x60,
    0xA4, 0x8E, 0xC8, 0x51, 0x85, 0xB3, 0x9D, 0xA4, 0x43, 0xB2, 0x2A, 0x36, 0x0B, 0xAF, 0xB8, 0x59,
    0xD8, 0x60, 0x1F, 0x37, 0x61, 0x3D, 0x11, 0xC4, 0x21, 0x74, 0x2A, 0xBA, 0xF3, 0x4C, 0x87, 0x1F,
    0xA0, 0xEB, 0x71, 0x2F, 0x94, 0x56, 0x28, 0xB3, 0xB0, 0xBB, 0x6B, 0xBB, 0x3D, 0x11, 0xA7, 0x98,
    0x52, 0x6D, 0xD2, 0x66, 0x21, 0xA5, 0xA6, 0xBC, 0x3E, 0x61, 0x5C, 0xBB, 0x96, 0x74, 0xA4, 0x78,
    0xF2, 0x1A, 0x0B, 0xF3, 0xF2, 0x31, 0x1A, 0x65, 0x14, 0xA7, 0x4C, 0x32, 0x60, 0x71, 0x4B, 0x81,
    0x98, 0xAA, 0x50, 0x61, 0x4C, 0x45, 0xDF, 0xA0, 0x65, 0x9D, 0xD7, 0x62, 0xE6, 0x6C, 0x96, 0x91,
    0xA3, 0x59, 0x06, 0x4E, 0x66, 0x45, 0xC6, 0x0A, 0x88, 0x5D, 0xA8, 0x81, 0xB0, 0xB1, 0x79, 0x44,
    0x18, 0x82, 0x19, 0x87, 0xA9, 0x53, 0xE2, 0x94, 0xE9, 0xA3, 0xED, 0x31, 0xFA, 0xE4, 0xDE, 0x60,
    0xB4, 0x70, 0x6F, 0x31, 0x1A, 0xE8, 0xEA, 0x2B, 0xB2, 0x95, 0x4C, 0x8B, 0x48, 0xFF, 0xBF, 0x0B,
    0x57, 0xBA, 0xA0, 0x34, 0x23, 0x69, 0xCE, 0xDC, 0xB1, 0x0F, 0xBC, 0x6D, 0xFC, 0xCC, 0x7F, 0x77,
    0x47, 0xFF, 0xBE, 0xA6, 0xFF, 0xF7, 0xF4, 0xDF, 0xBE, 0xA7, 0x7F, 0xB9, 0xA7, 0x7F, 0xA6, 0x73,
    0x24, 0x27, 0x98, 0x8C, 0x7C, 0xAE, 0x2E, 0x94, 0xF1, 0xCC, 0x2A, 0x9C, 0x59, 0x4F, 0x8C, 0x21,
    0x7D, 0x6A, 0x4E, 0x5F, 0x89, 0x5B, 0xCD, 0x78, 0x2F, 0x06, 0x3F, 0xFD, 0x8D, 0xB6, 0x86, 0x2E,
    0x29, 0xF2, 0xB0, 0x74, 0xC0, 0xC4, 0x19, 0x61, 0xC1, 0xC5, 0xCB, 0x99, 0xB7, 0xC4, 0x77, 0xBA,
    0xBE, 0x2D, 0xC1, 0xD0, 0xEA, 0x82, 0xE5, 0xE1, 0x37, 0xAC, 0x9C, 0x5B, 0xBB, 0xE6, 0xA6, 0xF1,
    0xDD, 0x38, 0xE2, 0x67, 0xC3, 0xD3, 0x90, 0xA9, 0x57, 0x86, 0x75, 0x2F, 0x17, 0xDF, 0xEA, 0x1B,
    0x0D, 0x39, 0x89, 0x67, 0xC1, 0xC8, 0x85, 0xFF, 0x9C, 0x83, 0xAA, 0x1A, 0xCF, 0xDF, 0x0C, 0x97,
    0x48, 0xBB, 0x90, 0x26, 0xA7, 0xC7, 0x36, 0x35, 0xE4, 0x78, 0x7E, 0x51, 0x30, 0xE5, 0xF1, 0xD9,
    0xD8, 0x90, 0xBC, 0x89, 0x5C, 0xAE, 0x4E, 0xE4, 0xA0, 0xB4, 0x60, 0xBC, 0xE3, 0x44, 0x5E, 0x01,
    0x7B, 0x8E, 0xFF, 0x2C, 0x64, 0x2C, 0x44, 0xBE, 0xE8, 0xC2, 0x1D, 0x2D, 0xBC, 0x80, 0x2E, 0x01,
    0x66, 0xC7, 0x03, 0xC3, 0xD9, 0x27, 0x8F, 0x13, 0x89, 0xB1, 0xC0, 0xF8, 0x3D, 0x3F, 0x97, 0xBD,
    0xFE, 0xD5, 0xE0, 0x28, 0xDB, 0x55, 0xF9, 0x06, 0x49, 0x09, 0x84, 0xF3, 0xAF, 0xD4, 0x2C, 0xCA,
    0x35, 0x9B, 0x65, 0x8E, 0xFA, 0x62, 0x56, 0xC9, 0xC4, 0xE9, 0xEE, 0x16, 0x52, 0xAD, 0xDA, 0x44,
    0xDB, 0xE4, 0x2A, 0x8E, 0x14, 0x3F, 0xF3, 0xC8, 0x47, 0xBD, 0x48, 0xFA, 0x94, 0xBF, 0xEB, 0x0D,
    0x98, 0x27, 0xCF, 0x1E, 0xB9, 0x08, 0xD9, 0x8B, 0x5C, 0x54, 0xE4, 0x1A, 0x8F, 0x7D, 0xFE, 0x05,
    0xBE, 0x60, 0xFF, 0x5A, 0x91, 0x3E, 0x01, 0x5D, 0x8E, 0x81, 0x06, 0xC2, 0x50, 0x18, 0x46, 0xCF,
    0x76, 0x29, 0x0C, 0x17, 0x44, 0xA0, 0x41, 0x00, 0x55, 0x08, 0x50, 0xAD, 0x47, 0x08, 0xA6, 0x97,
    0x19, 0xF6, 0x08, 0x3D, 0x4D, 0x60, 0xB4, 0x47, 0x98, 0x08, 0x80, 0x01, 0x01, 0x5C, 0x0C, 0x43,
    0x5A, 0xFF, 0xA7, 0x90, 0x8E, 0xE3, 0x80, 0xFD, 0xBB, 0x1F, 0x23, 0xC4, 0x42, 0x89, 0x3A, 0x35,
    0x69, 0xD4, 0x6C, 0x30, 0x9E, 0x9F, 0xA6, 0xF7, 0x3C, 0xCF, 0x8F, 0xAE, 0x41, 0x04, 0xC4, 0x5C,
    0x11, 0x4B, 0xB8, 0x12, 0x0F, 0x75, 0x32, 0xB4, 0xB3, 0x22, 0x6C, 0xAA, 0x35, 0x3D, 0x74, 0x32,
    0x0A, 0x32, 0x0E, 0xB8, 0x16, 0xBB, 0x75, 0x35, 0xE3, 0x9A, 0xC4, 0x2C, 0xF1, 0xE6, 0x01, 0x0F,
    0x29, 0x88, 0x29, 0xC2, 0x2B, 0xFA, 0x08, 0x70, 0xE1, 0x77, 0xC0, 0xC4, 0xDE, 0x3F, 0xB5, 0x80,
    0xCE, 0x80, 0x2D, 0xE2, 0xAC, 0xFC, 0xFF, 0x6E, 0x05, 0x7B, 0xD8, 0x21, 0x0B, 0x64, 0xC5, 0x77,
    0x92, 0xF6, 0x70, 0x0B, 0xCD, 0xE5, 0x51, 0x66, 0x2F, 0xD2, 0x1E, 0x6F, 0xC3, 0x4A, 0xDE, 0x54,
    0x94, 0x21, 0x8C, 0xAE, 0x46, 0x14, 0x85, 0x0F, 0x90, 0x3E, 0xC4, 0x2F, 0xA6, 0xE6, 0x99, 0x35,
    0xF8, 0xA6, 0x09, 0x5E, 0xCD, 0xB4, 0xCF, 0x27, 0x35, 0xEB, 0x7D, 0x4D, 0xBD, 0x02, 0x57, 0xD9,
    0xF5, 0xAA, 0xA2, 0xA6, 0xF5, 0xBA, 0x33, 0x5E, 0x51, 0x5D, 0x51, 0x44, 0x53, 0x8D, 0x40, 0xB0,
    0x09, 0xC3, 0x29, 0x73, 0x66, 0xB2, 0xF0, 0x8F, 0x38, 0xDF, 0xBF, 0xE1, 0xC0, 0x3D, 0xF7, 0x5E,
    0x16, 0x00, 0x5F, 0x03, 0x68, 0xE9, 0x00, 0xCB, 0x09, 0x20, 0x17, 0x34, 0xE4, 0x86, 0x47, 0xEC,
    0x77, 0x98, 0xA5, 0xDB, 0x51, 0x4D, 0x66, 0x07, 0x20, 0xE9, 0x4E, 0xA9, 0x86, 0x53, 0x86, 0x64,
    0x21, 0x57, 0xD8, 0xC3, 0x2F, 0x15, 0x27, 0xBF, 0x34, 0x04, 0x67, 0xB3, 0x9F, 0xBF, 0xBB, 0xF3,
    0x77, 0xB0, 0x73, 0x4B, 0x67, 0x27, 0x43, 0x0C, 0xA1, 0xDB, 0x4F, 0xB1, 0x1B, 0x86, 0xBF, 0x38,
    0x63, 0x20, 0x03, 0x2C, 0x0F, 0xA0, 0xE3, 0x96, 0x4A, 0x8F, 0xB8, 0xCE, 0x0F, 0xD2, 0x7A, 0x17,
    0x9A, 0x8C, 0x47, 0x14, 0xBA, 0x43, 0xB0, 0x14, 0x7C, 0x06, 0xE9, 0x92, 0x91, 0x7A, 0x48, 0x7B,
    0x0C, 0x41, 0x41, 0x6D, 0x42, 0xBF, 0xDA, 0xE9, 0xC4, 0xB0, 0xF4, 0xF3, 0x09, 0x86, 0x6E, 0x01,
    0x6A, 0x8E, 0x66, 0x49, 0x7E, 0x98, 0x0D, 0x30, 0x11, 0x8F, 0x5D, 0x3D, 0xB5, 0x27, 0xEC, 0x82,
    0x36, 0x02, 0x7E, 0x46, 0x73, 0x24, 0x7F, 0x72, 0x35, 0x74, 0xA8, 0x89, 0x96, 0x40, 0x45, 0x67,
    0x98, 0xCE, 0xD8, 0x0B, 0xC1, 0xDE, 0x31, 0xA2, 0x7A, 0x3D, 0x8F, 0x83, 0x3C, 0xA1, 0x00, 0x5D,
    0xC1, 0x02, 0xF8, 0x11, 0x29, 0x08, 0x1D, 0x6C, 0xC1, 0x74, 0x02, 0xB0, 0x01, 0xD5, 0x89, 0x21,
    0xA0, 0x3E, 0x0A, 0x64, 0x6E, 0xA2, 0x5C, 0xCD, 0x2E, 0xB4, 0x09, 0x38, 0x21, 0xF3, 0x63, 0x93,
    0xCB, 0xAC, 0x05, 0x32, 0x9B, 0x45, 0xE6, 0x6E, 0x91, 0xB9, 0x2F, 0x98, 0x93, 0x39, 0xD5, 0x32,
    0x05, 0xAB, 0x4A, 0x9A, 0x45, 0xB5, 0x72, 0x30, 0x81, 0xCA, 0x77, 0x0B, 0xD6, 0x07, 0xE0, 0x00,
    0xA0, 0x76, 0x37, 0xD8, 0x1B, 0xD6, 0x8C, 0x05, 0x1D, 0xF3, 0x86, 0xF2, 0x0E, 0x1B, 0x4E, 0x09,
    0xE0, 0x22, 0x0C, 0x9B, 0xD0, 0x47, 0xC1, 0x10, 0xD9, 0x13, 0xB4, 0x61, 0xCE, 0xD9, 0xBA, 0x0A,
    0x36, 0xC3, 0x2F, 0xF9, 0xDA, 0x94, 0x1F, 0xEA, 0x74, 0x29, 0x5E, 0x46, 0xDD, 0x7D, 0x3D, 0xCB,
    0xEE, 0xB7, 0x72, 0xCF, 0x97, 0x4A, 0xDA, 0x21, 0xC3, 0xE7, 0xD0, 0xCC, 0xF8, 0xE6, 0x8F, 0xF3,
    0x38, 0x39, 0x46, 0xA9, 0x93, 0x0D, 0x3A, 0xAF, 0x4E, 0x28, 0x61, 0xA3, 0xF0, 0xD8, 0x84, 0xAE,
    0xB4, 0x15, 0x04, 0x3A, 0x39, 0x8E, 0xEC, 0xD8, 0xEF, 0x0E, 0x3B, 0xDD, 0x1C, 0x75, 0x76, 0xB4,
    0xD9, 0x61, 0x9E, 0x1D, 0xA3, 0x1C, 0x7C, 0x72, 0x94, 0x89, 0xCC, 0x82, 0x57, 0xB1, 0xAA, 0xC4,
    0x79, 0x72, 0xF4, 0x77, 0x07, 0xDA, 0xAD, 0x3F, 0xD4, 0xC6, 0xE1, 0x77, 0xBB, 0x7E, 0xE5, 0xCA,
    0x14, 0xB6, 0xEC, 0xE1, 0x2A, 0x92, 0x65, 0xC0, 0xB8, 0xB7, 0xA7, 0xF4, 0xD7, 0x83, 0xF5, 0xEE,
    0xDC, 0x52, 0xEA, 0x0D, 0x29, 0x29, 0xB4, 0x0E, 0xF5, 0x3C, 0x1C, 0x39, 0xB0, 0x3F, 0x60, 0xB6,
    0x7C, 0xB1, 0x5B, 0xC4, 0x12, 0x9D, 0x65, 0x50, 0x2C, 0x5D, 0xF2, 0x3B, 0x42, 0xFC, 0x12, 0x45,
    0xFF, 0xF3, 0x2E, 0x0E, 0xBF, 0xAC, 0x99, 0xFF, 0x94, 0xD1, 0x70, 0x2A, 0x0C, 0x85, 0xAE, 0x10,
    0xB7, 0xD7, 0xE9, 0x3A, 0xFD, 0xAA, 0xFF, 0xD9, 0x8A, 0x74, 0x0F, 0xEE, 0x78, 0x90, 0xF3, 0x40,
    0xA2, 0x23, 0xDF, 0xB5, 0xE0, 0xA5, 0x27, 0xBF, 0x67, 0xF0, 0x53, 0xCB, 0x0D, 0x0C, 0x0C, 0x15,
    0x67, 0xB1, 0x29, 0x34, 0x5C, 0x6B, 0x8E, 0xE9, 0xAE, 0xA3, 0x25, 0x3C, 0xF9, 0x37, 0x19, 0x61,
    0xD3, 0x5D, 0xDC, 0x60, 0xF4, 0x16, 0x4D, 0xA8, 0xFE, 0x74, 0xF8, 0xF4, 0xAE, 0x8A, 0x9F, 0x7E,
    0x57, 0x5E, 0xAA, 0xDB, 0xA8, 0x57, 0x6F, 0xD7, 0xD7, 0xE7, 0x9A, 0xA5, 0xC9, 0xBA, 0x5D, 0xDA,
    0xAD, 0x79, 0xB2, 0x97, 0xDA, 0xAC, 0xF3, 0xA5, 0xC3, 0x94, 0x17, 0x7A, 0x29, 0xB3, 0x8E, 0x2A,
    0xE5, 0x8A, 0x96, 0x05, 0xA2, 0xB9, 0xAB, 0x8A, 0xB7, 0xF1, 0xD2, 0x5B, 0x90, 0xAA, 0x4F, 0x11,
    0x1E, 0x5A, 0x7E, 0xC7, 0xF9, 0x63, 0xA8, 0x2F, 0xBF, 0xE5, 0x7E, 0xDE, 0xF0, 0xF2, 0x96, 0x16,
    0x69, 0xA7, 0x3A, 0x4D, 0x2F, 0xB4, 0x24, 0x19, 0x4C, 0x1C, 0x48, 0x98, 0xB5, 0x65, 0x4C, 0xAB,
    0xFD, 0x69, 0x46, 0x39, 0x9F, 0x81, 0x1F, 0x51, 0x73, 0x05, 0x61, 0xC8, 0x2F, 0x84, 0x25, 0x19,
    0x31, 0xFC, 0x47, 0xEE, 0xF0, 0xA1, 0xE7, 0x02, 0xBA, 0xFA, 0x70, 0x4A, 0xB1, 0xDD, 0x1A, 0x56,
    0x7B, 0x1F, 0x1F, 0xC7, 0x9B, 0x8E, 0x5D, 0x52, 0xA7, 0x39, 0xC8, 0x52, 0x7A, 0x2C, 0xBD, 0x0C,
    0x24, 0x0F, 0x69, 0x84, 0x67, 0xAA, 0x42, 0xE9, 0xCD, 0x52, 0x26, 0xFE, 0xF2, 0x2B, 0x9E, 0xCF,
    0xB7, 0x72, 0x68, 0x08, 0x7E, 0x4B, 0x49, 0xB8, 0x02, 0x2D, 0x0F, 0x87, 0xCA, 0xF3, 0xAD, 0xFC,
    0xDD, 0x68, 0x8B, 0x2D, 0x27, 0x69, 0x84, 0x4A, 0xFE, 0xAB, 0x0C, 0x74, 0xBA, 0xE9, 0x5D, 0xA3,
    0xE7, 0x78, 0x7D, 0xEB, 0xBC, 0xD3, 0x93, 0xF1, 0xF9, 0xF5, 0x3C, 0x9A, 0x00, 0x4B, 0x4E, 0x2F,
    0x2D, 0x67, 0x96, 0x96, 0xD5, 0xAD, 0xD7, 0x53, 0x3A, 0x46, 0x65, 0x2A, 0x35, 0xE5, 0xEF, 0xB5,
    0x9A, 0x56, 0xEA, 0x19, 0x80, 0x9E, 0x1B, 0x4A, 0x58, 0x26, 0x63, 0xC7, 0x0D, 0xA7, 0x1E, 0xCA,
    0xA4, 0x61, 0xFE, 0x3F, 0x0D, 0x10, 0x81, 0xD3, 0x0D, 0x00, 0x2D, 0xCE, 0x01, 0x86, 0xC5, 0x30,
    0x14, 0x85, 0xE1, 0x33, 0x7D, 0x08, 0x82, 0x2E, 0x21, 0x0B, 0x18, 0x74, 0x09, 0xF7, 0xED, 0x2C,
    0x6F, 0x09, 0x6F, 0xB6, 0x31, 0x00, 0x06, 0x83, 0xA1, 0x5D, 0x42, 0x97, 0x90, 0x25, 0x04, 0x41,
    0xD1, 0xE4, 0xCC, 0x3D, 0x5A, 0xAE, 0x4F, 0xE3, 0xA0, 0x3F, 0x90, 0x8F, 0xD0, 0x10, 0xC8, 0x74,
    0x22, 0xB1, 0x5B, 0x87, 0x8D, 0x3F, 0x3B, 0x91, 0x2B, 0x96, 0x03, 0xEB, 0x8E, 0x58, 0xC0, 0x0D,
    0x80, 0x91, 0xD5, 0x8A, 0xCC, 0x7B, 0x76, 0xD7, 0xFD, 0x93, 0xDF, 0xEF, 0x75, 0x9B, 0x08, 0x70,
    0x7B, 0xC8, 0xD7, 0xED, 0xC0, 0x07, 0x9F, 0xA1, 0xC3, 0xA7, 0x78, 0x79, 0xC2, 0xA7, 0xD9, 0x1D,
    0x98, 0x0F, 0x84, 0xCB, 0x8E, 0xD4, 0x34, 0x2D, 0x55, 0xD3, 0xA5, 0x55, 0x4D, 0x56, 0x34, 0x01,
    0xF0, 0x87, 0xD4, 0x23, 0xB7, 0x45, 0x9D, 0x5C, 0x2A, 0x12, 0x87, 0x55, 0xD8, 0xF8, 0xB5, 0xA2,
    0x4E, 0x2B, 0xEA, 0xCC, 0xBB, 0x3A, 0xD7, 0x4D, 0x85, 0xBC, 0xCD, 0xF2, 0xE5, 0x9D, 0x5F, 0x7C,
    0x4E, 0x54, 0xD5, 0x83, 0xEA, 0x71, 0x75, 0x43, 0x17, 0xBA, 0x8C, 0x5D, 0x1F, 0xF1, 0xD4, 0xCD,
    0x97, 0x07, 0x66, 0xA9, 0x4B, 0x4D, 0xEA, 0xCF, 0xE3, 0x47, 0x9D, 0x6C, 0x56, 0x11, 0xDD, 0x82,
    0x89, 0xEF, 0x7F,
};

static const EpdGlyph sarabun_18_bolditalicGlyphs[] = {
    { 0, 0, 0, 0, 0, 0, 0 }, // U+0000
    { 0, 0, 140, 0, 0, 0, 0 }, // U+000D
    { 0, 0, 140, 0, 0, 0, 0 }, // U+0020
    { 11, 26, 154, 0, 26, 72, 0 }, // !
    { 14, 10, 243, 3, 26, 35, 72 }, // "
    { 26, 26, 424, 1, 26, 169, 107 }, // #
    { 22, 31, 325, 0, 28, 171, 276 }, // $
    { 32, 26, 581, 3, 26, 208, 447 }, // %
    { 26, 26, 418, 0, 26, 169, 655 }, // &
    { 7, 10, 123, 3, 26, 18, 824 }, // '
    { 15, 30, 212, 1, 28, 113, 842 }, // (
    { 15, 30, 212, -2, 28, 113, 955 }, // )
    { 17, 16, 269, 2, 29, 68, 1068 }, // *
    { 21, 20, 370, 1, 20, 105, 1136 }, // +
    { 9, 13, 175, -1, 6, 30, 1241 }, // ,
    { 13, 4, 204, 0, 12, 13, 1271 }, // -
    { 7, 6, 175, 1, 6, 11, 1284 }, // .
    { 25, 29, 281, -3, 27, 182, 1295 }, // /
    { 21, 26, 339, 1, 26, 137, 1477 }, // 0
    { 16, 26, 339, 2, 26, 104, 1614 }, // 1
    { 21, 26, 339, 0, 26, 137, 1718 }, // 2
    { 21, 26, 339, 0, 26, 137, 1855 }, // 3
    { 22, 26, 339, -1, 26, 143, 1992 }, // 4
    { 22, 26, 339, 0, 26, 143, 2135 }, // 5
    { 20, 27, 339, 1, 27, 135, 2278 }, // 6
    { 20, 26, 339, 3, 26, 130, 2413 }, // 7
    { 22, 26, 339, 0, 26, 143, 2543 }, // 8
    { 20, 27, 339, 2, 26, 135, 2686 }, // 9
    { 9, 19, 175, 1, 19, 43, 2821 }, // :
    { 11, 26, 175, -1, 19, 72, 2864 }, // ;
    { 22, 22, 370, 2, 22, 121, 2936 }, // <
    { 22, 12, 370, 1, 16, 66, 3057 }, // =
    { 22, 22, 370, 0, 22, 121, 3123 }, // >
    { 16, 26, 283, 3, 26, 104, 3244 }, // ?
    { 30, 28, 483, 0, 22, 210, 3348 }, // @
    { 24, 26, 385, -2, 26, 156, 3558 }, // A
    { 23, 26, 364, 0, 26, 150, 3714 }, // B
    { 24, 26, 372, 1, 26, 156, 3864 }, // C
    { 24, 26, 385, 0, 26, 156, 4020 }, // D
    { 23, 26, 343, 0, 26, 150, 4176 }, // E
    { 24, 26, 344, 0, 26, 156, 4326 }, // F
    { 24, 26, 392, 1, 26, 156, 4482 }, // G
    { 27, 26, 415, 0, 26, 176, 4638 }, // H
    { 11, 26, 194, 1, 26, 72, 4814 }, // I
    { 21, 26, 295, -2, 26, 137, 4886 }, // J
    { 26, 26, 394, 0, 26, 169, 5023 }, // K
    { 20, 26, 339, 0, 26, 130, 5192 }, // L
    { 32, 26, 490, 0, 26, 208, 5322 }, // M
    { 27, 26, 419, 0, 26, 176, 5530 }, // N
    { 25, 26, 414, 1, 26, 163, 5706 }, // O
    { 23, 26, 354, 0, 26, 150, 5869 }, // P
    { 25, 31, 414, 1, 26, 194, 6019 }, // Q
    { 23, 26, 358, 0, 26, 150, 6213 }, // R
    { 22, 26, 329, 0, 26, 143, 6363 }, // S
    { 23, 26, 354, 2, 26, 150, 6506 }, // T
    { 24, 26, 397, 2, 26, 156, 6656 }, // U
    { 24, 26, 388, 3, 26, 156, 6812 }, // V
    { 32, 26, 524, 3, 26, 208, 6968 }, // W
    { 28, 26, 393, -1, 26, 182, 7176 }, // X
    { 23, 26, 377, 3, 26, 150, 7358 }, // Y
    { 25, 26, 355, -1, 26, 163, 7508 }, // Z
    { 16, 30, 199, -1, 26, 120, 7671 }, // [
    { 15, 29, 231, 2, 27, 109, 7791 }, // <backslash>
    { 15, 30, 199, -1, 26, 113, 7900 }, // ]
    { 21, 18, 359, 1, 26, 95, 8013 }, // ^
    { 15, 4, 215, -4, -8, 15, 8108 }, // _
    { 8, 7, 240, 5, 28, 14, 8123 }, // `
    { 21, 19, 335, 0, 19, 100, 8137 }, // a
    { 21, 28, 335, 0, 28, 147, 8237 }, // b
    { 19, 19, 295, 0, 19, 91, 8384 }, // c
    { 23, 28, 335, 0, 28, 161, 8475 }, // d
    { 20, 19, 325, 0, 19, 95, 8636 }, // e
    { 17, 26, 226, 1, 26, 111, 8731 }, // f
    { 22, 27, 333, -1, 19, 149, 8842 }, // g
    { 20, 28, 340, 0, 28, 140, 8991 }, // h
    { 10, 26, 164, 1, 26, 65, 9131 }, // i
    { 18, 33, 167, -6, 26, 149, 9196 }, // j
    { 21, 28, 320, 0, 28, 147, 9345 }, // k
    { 10, 28, 181, 1, 28, 70, 9492 }, // l
    { 31, 19, 508, 0, 19, 148, 9562 }, // m
    { 20, 19, 338, 0, 19, 95, 9710 }, // n
    { 21, 19, 347, 0, 19, 100, 9805 }, // o
    { 23, 28, 339, -2, 19, 161, 9905 }, // p
    { 21, 28, 339, 0, 19, 147, 10066 }, // q
    { 17, 19, 238, 0, 19, 81, 10213 }, // r
    { 18, 19, 265, -1, 19, 86, 10294 }, // s
    { 15, 26, 252, 1, 26, 98, 10380 }, // t
    { 20, 19, 337, 1, 19, 95, 10478 }, // u
    { 19, 19, 317, 2, 19, 91, 10573 }, // v
    { 26, 19, 424, 2, 19, 124, 10664 }, // w
    { 23, 19, 312, -2, 19, 110, 10788 }, // x
    { 24, 26, 303, -3, 19, 156, 10898 }, // y
    { 20, 19, 286, -1, 19, 95, 11054 }, // z
    { 15, 31, 210, 1, 26, 117, 11149 }, // {
    { 12, 32, 154, -1, 26, 96, 11266 }, // |
    { 15, 31, 210, -2, 26, 117, 11362 }, // }
    { 21, 7, 370, 1, 14, 37, 11479 }, // ~
    { 0, 0, 140, 0, 0, 0, 0 }, // U+00A0
    { 12, 27, 154, -2, 19, 81, 0 }, // U+00A1
    { 19, 26, 293, 1, 25, 124, 81 }, // U+00A2
    { 22, 26, 331, 0, 26, 143, 205 }, // U+00A3
    { 25, 22, 379, 0, 23, 138, 348 }, // U+00A4
    { 26, 26, 383, 1, 26, 169, 486 }, // U+00A5
    { 12, 33, 154, -1, 26, 99, 655 }, // U+00A6
    { 22, 30, 328, -1, 26, 165, 754 }, // U+00A7
    { 14, 5, 240, 3, 26, 18, 919 }, // U+00A8
    { 29, 27, 486, 1, 27, 196, 937 }, // U+00A9
    { 13, 13, 217, 2, 26, 43, 1133 }, // U+00AA
    { 22, 15, 351, 1, 17, 83, 1176 }, // U+00AB
    { 21, 12, 369, 2, 16, 63, 1259 }, // U+00AC
    { 13, 4, 204, 0, 12, 13, 1322 }, // U+00AD
    { 18, 16, 318, 3, 26, 72, 1335 }, // U+00AE
    { 14, 3, 240, 3, 24, 11, 1407 }, // U+00AF
    { 12, 10, 193, 2, 26, 30, 1418 }, // U+00B0
    { 23, 21, 370, 0, 21, 121, 1448 }, // U+00B1
    { 16, 18, 258, 1, 26, 72, 1569 }, // U+00B2
    { 16, 18, 258, 1, 26, 72, 1641 }, // U+00B3
    { 10, 7, 240, 6, 28, 18, 1713 }, // U+00B4
    { 23, 26, 337, -2, 19, 150, 1731 }, // U+00B5
    { 18, 30, 326, 2, 26, 135, 1881 }, // U+00B6
    { 7, 6, 175, 2, 13, 11, 2016 }, // U+00B7
    { 9, 10, 240, 0, 0, 23, 2027 }, // U+00B8
    { 12, 18, 258, 3, 26, 54, 2050 }, // U+00B9
    { 14, 13, 234, 2, 26, 46, 2104 }, // U+00BA
    { 22, 15, 351, -1, 17, 83, 2150 }, // U+00BB
    { 33, 29, 613, 3, 27, 240, 2233 }, // U+00BC
    { 34, 29, 613, 3, 27, 247, 2473 }, // U+00BD
    { 34, 29, 613, 2, 27, 247, 2720 }, // U+00BE
    { 17, 27, 283, -2, 19, 115, 2967 }, // U+00BF
    { 24, 34, 385, -2, 34, 204, 3082 }, // U+00C0
    { 25, 34, 385, -2, 34, 213, 3286 }, // U+00C1
    { 24, 34, 385, -2, 34, 204, 3499 }, // U+00C2
    { 25, 33, 385, -2, 33, 207, 3703 }, // U+00C3
    { 25, 33, 385, -2, 33, 207, 3910 }, // U+00C4
    { 24, 34, 385, -2, 34, 204, 4117 }, // U+00C5
    { 35, 26, 496, -2, 26, 228, 4321 }, // U+00C6
    { 24, 35, 372, 1, 26, 210, 4549 }, // U+00C7
    { 23, 34, 343, 0, 34, 196, 4759 }, // U+00C8
    { 23, 34, 343, 0, 34, 196, 4955 }, // U+00C9
    { 23, 34, 343, 0, 34, 196, 5151 }, // U+00CA
    { 23, 33, 343, 0, 33, 190, 5347 }, // U+00CB
    { 11, 34, 194, 1, 34, 94, 5537 }, // U+00CC
    { 16, 34, 194, 1, 34, 136, 5631 }, // U+00CD
    { 15, 34, 194, 1, 34, 128, 5767 }, // U+00CE
    { 16, 33, 194, 1, 33, 132, 5895 }, // U+00CF
    { 24, 26, 389, 0, 26, 156, 6027 }, // U+00D0
    { 27, 33, 419, 0, 33, 223, 6183 }, // U+00D1
    { 25, 35, 414, 1, 35, 219, 6406 }, // U+00D2
    { 25, 35, 414, 1, 35, 219, 6625 }, // U+00D3
    { 25, 35, 414, 1, 35, 219, 6844 }, // U+00D4
    { 25, 34, 414, 1, 34, 213, 7063 }, // U+00D5
    { 25, 33, 414, 1, 33, 207, 7276 }, // U+00D6
    { 23, 20, 370, 0, 20, 115, 7483 }, // U+00D7
    { 26, 28, 414, 0, 27, 182, 7598 }, // U+00D8
    { 24, 35, 397, 2, 35, 210, 7780 }, // U+00D9
    { 24, 35, 397, 2, 35, 210, 7990 }, // U+00DA
    { 24, 35, 397, 2, 35, 210, 8200 }, // U+00DB
    { 24, 33, 397, 2, 33, 198, 8410 }, // U+00DC
    { 23, 34, 377, 3, 34, 196, 8608 }, // U+00DD
    { 22, 26, 344, 0, 26, 143, 8804 }, // U+00DE
    { 21, 26, 345, 0, 26, 137, 8947 }, // U+00DF
    { 21, 27, 335, 0, 27, 142, 9084 }, // U+00E0
    { 21, 27, 335, 0, 27, 142, 9226 }, // U+00E1
    { 21, 27, 335, 0, 27, 142, 9368 }, // U+00E2
    { 21, 26, 335, 0, 26, 137, 9510 }, // U+00E3
    { 21, 26, 335, 0, 26, 137, 9647 }, // U+00E4
    { 21, 28, 335, 0, 28, 147, 9784 }, // U+00E5
    { 30, 19, 491, 0, 19, 143, 9931 }, // U+00E6
    { 19, 28, 295, 0, 19, 133, 10074 }, // U+00E7
    { 20, 27, 325, 0, 27, 135, 10207 }, // U+00E8
    { 20, 27, 325, 0, 27, 135, 10342 }, // U+00E9
    { 20, 27, 325, 0, 27, 135, 10477 }, // U+00EA
    { 20, 26, 325, 0, 26, 130, 10612 }, // U+00EB
    { 9, 27, 167, 1, 27, 61, 10742 }, // U+00EC
    { 14, 27, 167, 1, 27, 95, 10803 }, // U+00ED
    { 14, 27, 167, 0, 27, 95, 10898 }, // U+00EE
    { 14, 26, 167, 1, 26, 91, 10993 }, // U+00EF
    { 19, 28, 307, 0, 28, 133, 11084 }, // U+00F0
    { 20, 26, 338, 0, 26, 130, 11217 }, // U+00F1
    { 21, 27, 347, 0, 27, 142, 11347 }, // U+00F2
    { 21, 27, 347, 0, 27, 142, 11489 }, // U+00F3
    { 21, 27, 347, 0, 27, 142, 11631 }, // U+00F4
    { 21, 26, 347, 0, 26, 137, 11773 }, // U+00F5
    { 21, 26, 347, 0, 26, 137, 11910 }, // U+00F6
    { 21, 19, 370, 1, 19, 100, 12047 }, // U+00F7
    { 21, 22, 347, 0, 21, 116, 12147 }, // U+00F8
    { 20, 27, 337, 1, 27, 135, 12263 }, // U+00F9
    { 20, 27, 337, 1, 27, 135, 12398 }, // U+00FA
    { 20, 27, 337, 1, 27, 135, 12533 }, // U+00FB
    { 20, 26, 337, 1, 26, 130, 12668 }, // U+00FC
    { 24, 34, 303, -3, 27, 204, 12798 }, // U+00FD
    { 22, 36, 325, -2, 28, 198, 13002 }, // U+00FE
    { 24, 33, 303, -3, 26, 198, 13200 }, // U+00FF
    { 25, 32, 385, -2, 32, 200, 0 }, // U+0100
    { 21, 25, 335, 0, 25, 132, 200 }, // U+0101
    { 25, 34, 385, -2, 34, 213, 332 }, // U+0102
    { 21, 26, 335, 0, 26, 137, 545 }, // U+0103
    { 24, 34, 385, -2, 26, 204, 682 }, // U+0104
    { 21, 27, 335, 0, 19, 142, 886 }, // U+0105
    { 24, 35, 372, 1, 35, 210, 1028 }, // U+0106
    { 20, 27, 295, 0, 27, 135, 1238 }, // U+0107
    { 24, 35, 372, 1, 35, 210, 1373 }, // U+0108
    { 20, 27, 295, 0, 27, 135, 1583 }, // U+0109
    { 24, 33, 372, 1, 33, 198, 1718 }, // U+010A
    { 19, 26, 295, 0, 26, 124, 1916 }, // U+010B
    { 24, 35, 372, 1, 35, 210, 2040 }, // U+010C
    { 21, 27, 295, 0, 27, 142, 2250 }, // U+010D
    { 24, 34, 385, 0, 34, 204, 2392 }, // U+010E
    { 31, 29, 445, 0, 29, 225, 2596 }, // U+010F
    { 24, 26, 389, 0, 26, 156, 2821 }, // U+0110
    { 24, 28, 352, 0, 28, 168, 2977 }, // U+0111
    { 23, 32, 343, 0, 32, 184, 3145 }, // U+0112
    { 20, 25, 325, 0, 25, 125, 3329 }, // U+0113
    { 23, 34, 343, 0, 34, 196, 3454 }, // U+0114
    { 20, 26, 325, 0, 26, 130, 3650 }, // U+0115
    { 23, 33, 343, 0, 33, 190, 3780 }, // U+0116
    { 20, 26, 325, 0, 26, 130, 3970 }, // U+0117
    { 23, 34, 343, 0, 26, 196, 4100 }, // U+0118
    { 20, 26, 325, 0, 19, 130, 4296 }, // U+0119
    { 23, 34, 343, 0, 34, 196, 4426 }, // U+011A
    { 20, 27, 325, 0, 27, 135, 4622 }, // U+011B
    { 24, 35, 392, 1, 35, 210, 4757 }, // U+011C
    { 22, 35, 333, -1, 27, 193, 4967 }, // U+011D
    { 24, 34, 392, 1, 34, 204, 5160 }, // U+011E
    { 22, 34, 333, -1, 26, 187, 5364 }, // U+011F
    { 24, 33, 392, 1, 33, 198, 5551 }, // U+0120
    { 22, 34, 333, -1, 26, 187, 5749 }, // U+0121
    { 24, 38, 392, 1, 26, 228, 5936 }, // U+0122
    { 22, 39, 333, -1, 31, 215, 6164 }, // U+0123
    { 27, 34, 415, 0, 34, 230, 6379 }, // U+0124
    { 20, 36, 340, 0, 36, 180, 6609 }, // U+0125
    { 28, 26, 425, 1, 26, 182, 6789 }, // U+0126
    { 20, 28, 340, 0, 28, 140, 6971 }, // U+0127
    { 16, 33, 194, 1, 33, 132, 7111 }, // U+0128
    { 15, 26, 167, 0, 26, 98, 7243 }, // U+0129
    { 16, 32, 194, 1, 32, 128, 7341 }, // U+012A
    { 15, 25, 167, 0, 25, 94, 7469 }, // U+012B
    { 16, 34, 194, 1, 34, 136, 7563 }, // U+012C
    { 14, 26, 167, 1, 26, 91, 7699 }, // U+012D
    { 14, 34, 194, -2, 26, 119, 7790 }, // U+012E
    { 14, 34, 164, -3, 26, 119, 7909 }, // U+012F
    { 12, 33, 194, 1, 33, 99, 8028 }, // U+0130
    { 9, 19, 167, 1, 19, 43, 8127 }, // U+0131
    { 31, 26, 489, 1, 26, 202, 8170 }, // U+0132
    { 21, 34, 331, 1, 26, 179, 8372 }, // U+0133
    { 22, 35, 295, -2, 35, 193, 8551 }, // U+0134
    { 20, 34, 166, -6, 27, 170, 8744 }, // U+0135
    { 26, 38, 394, 0, 26, 247, 8914 }, // U+0136
    { 21, 40, 320, 0, 28, 210, 9161 }, // U+0137
    { 21, 19, 320, 0, 19, 100, 9371 }, // U+0138
    { 20, 34, 339, 0, 34, 170, 9471 }, // U+0139
    { 15, 36, 181, 1, 36, 135, 9641 }, // U+013A
    { 20, 38, 339, 0, 26, 190, 9776 }, // U+013B
    { 10, 40, 181, 1, 28, 100, 9966 }, // U+013C
    { 23, 26, 339, 0, 26, 150, 10066 }, // U+013D
    { 17, 28, 233, 1, 28, 119, 10216 }, // U+013E
    { 20, 26, 339, 0, 26, 130, 10335 }, // U+013F
    { 15, 28, 246, 1, 28, 105, 10465 }, // U+0140
    { 21, 26, 339, -1, 26, 137, 10570 }, // U+0141
    { 13, 28, 196, 0, 28, 91, 10707 }, // U+0142
    { 27, 34, 419, 0, 34, 230, 10798 }, // U+0143
    { 20, 27, 338, 0, 27, 135, 11028 }, // U+0144
    { 27, 38, 419, 0, 26, 257, 11163 }, // U+0145
    { 20, 31, 338, 0, 19, 155, 11420 }, // U+0146
    { 27, 34, 419, 0, 34, 230, 11575 }, // U+0147
    { 20, 27, 338, 0, 27, 135, 11805 }, // U+0148
    { 23, 26, 410, 2, 26, 150, 11940 }, // U+0149
    { 27, 36, 419, 0, 26, 243, 12090 }, // U+014A
    { 20, 27, 338, 0, 19, 135, 12333 }, // U+014B
    { 25, 33, 414, 1, 33, 207, 12468 }, // U+014C
    { 21, 25, 347, 0, 25, 132, 12675 }, // U+014D
    { 25, 34, 414, 1, 34, 213, 12807 }, // U+014E
    { 21, 26, 347, 0, 26, 137, 13020 }, // U+014F
    { 25, 35, 414, 1, 35, 219, 13157 }, // U+0150
    { 22, 26, 347, 0, 26, 143, 13376 }, // U+0151
    { 34, 26, 532, 1, 26, 221, 13519 }, // U+0152
    { 32, 19, 520, 0, 19, 152, 13740 }, // U+0153
    { 23, 34, 358, 0, 34, 196, 13892 }, // U+0154
    { 17, 27, 238, 0, 27, 115, 14088 }, // U+0155
    { 23, 38, 358, 0, 26, 219, 14203 }, // U+0156
    { 18, 31, 238, -1, 19, 140, 14422 }, // U+0157
    { 23, 34, 358, 0, 34, 196, 14562 }, // U+0158
    { 17, 27, 238, 0, 27, 115, 14758 }, // U+0159
    { 22, 35, 329, 0, 35, 193, 14873 }, // U+015A
    { 19, 27, 265, -1, 27, 129, 15066 }, // U+015B
    { 22, 35, 329, 0, 35, 193, 15195 }, // U+015C
    { 18, 27, 265, -1, 27, 122, 15388 }, // U+015D
    { 22, 35, 329, 0, 26, 193, 15510 }, // U+015E
    { 18, 28, 265, -1, 19, 126, 15703 }, // U+015F
    { 22, 35, 329, 0, 35, 193, 15829 }, // U+0160
    { 19, 27, 265, -1, 27, 129, 16022 }, // U+0161
    { 23, 35, 354, 2, 26, 202, 16151 }, // U+0162
    { 15, 35, 252, 1, 26, 132, 16353 }, // U+0163
    { 23, 34, 354, 2, 34, 196, 16485 }, // U+0164
    { 22, 29, 324, 1, 29, 160, 16681 }, // U+0165
    { 23, 26, 354, 2, 26, 150, 16841 }, // U+0166
    { 16, 26, 252, 0, 26, 104, 16991 }, // U+0167
    { 24, 34, 397, 2, 34, 204, 17095 }, // U+0168
    { 20, 26, 337, 1, 26, 130, 17299 }, // U+0169
    { 24, 33, 397, 2, 33, 198, 17429 }, // U+016A
    { 20, 25, 337, 1, 25, 125, 17627 }, // U+016B
    { 24, 34, 397, 2, 34, 204, 17752 }, // U+016C
    { 20, 26, 337, 1, 26, 130, 17956 }, // U+016D
    { 24, 36, 397, 2, 36, 216, 18086 }, // U+016E
    { 20, 28, 337, 1, 28, 140, 18302 }, // U+016F
    { 24, 35, 397, 2, 35, 210, 18442 }, // U+0170
    { 22, 27, 337, 1, 27, 149, 18652 }, // U+0171
    { 24, 34, 397, 2, 26, 204, 18801 }, // U+0172
    { 20, 27, 337, 1, 19, 135, 19005 }, // U+0173
    { 32, 34, 524, 3, 34, 272, 19140 }, // U+0174
    { 26, 27, 424, 2, 27, 176, 19412 }, // U+0175
    { 23, 34, 377, 3, 34, 196, 19588 }, // U+0176
    { 24, 34, 303, -3, 27, 204, 19784 }, // U+0177
    { 23, 33, 377, 3, 33, 190, 19988 }, // U+0178
    { 25, 34, 355, -1, 34, 213, 20178 }, // U+0179
    { 20, 27, 286, -1, 27, 135, 20391 }, // U+017A
    { 25, 33, 355, -1, 33, 207, 20526 }, // U+017B
    { 20, 26, 286, -1, 26, 130, 20733 }, // U+017C
    { 25, 34, 355, -1, 34, 213, 20863 }, // U+017D
    { 20, 27, 286, -1, 27, 135, 21076 }, // U+017E
    { 32, 26, 443, 1, 26, 208, 0 }, // U+01A0
    { 28, 19, 391, 0, 19, 133, 208 }, // U+01A1
    { 31, 26, 446, 2, 26, 202, 341 }, // U+01AF
    { 27, 19, 389, 1, 19, 129, 543 }, // U+01B0
    { 25, 34, 385, -2, 34, 213, 672 }, // U+01CD
    { 21, 27, 335, 0, 27, 142, 885 }, // U+01CE
    { 16, 34, 194, 1, 34, 136, 1027 }, // U+01CF
    { 14, 27, 167, 1, 27, 95, 1163 }, // U+01D0
    { 25, 35, 414, 1, 35, 219, 1258 }, // U+01D1
    { 21, 27, 347, 0, 27, 142, 1477 }, // U+01D2
    { 24, 35, 397, 2, 35, 210, 1619 }, // U+01D3
    { 20, 27, 337, 1, 27, 135, 1829 }, // U+01D4
    { 24, 38, 397, 2, 38, 228, 1964 }, // U+01D5
    { 20, 31, 337, 1, 31, 155, 2192 }, // U+01D6
    { 24, 39, 397, 2, 39, 234, 2347 }, // U+01D7
    { 20, 31, 337, 1, 31, 155, 2581 }, // U+01D8
    { 24, 39, 397, 2, 39, 234, 2736 }, // U+01D9
    { 20, 32, 337, 1, 32, 160, 2970 }, // U+01DA
    { 24, 39, 397, 2, 39, 234, 3130 }, // U+01DB
    { 20, 31, 337, 1, 31, 155, 3364 }, // U+01DC
    { 24, 35, 392, 1, 35, 210, 3519 }, // U+01E6
    { 22, 35, 333, -1, 27, 193, 3729 }, // U+01E7
    { 25, 39, 385, -2, 39, 244, 3922 }, // U+01FA
    { 21, 34, 335, 0, 34, 179, 4166 }, // U+01FB
    { 35, 34, 496, -2, 34, 298, 4345 }, // U+01FC
    { 30, 27, 491, 0, 27, 203, 4643 }, // U+01FD
    { 26, 36, 414, 0, 35, 234, 4846 }, // U+01FE
    { 21, 28, 347, 0, 27, 147, 5080 }, // U+01FF
    { 22, 38, 329, 0, 26, 209, 5227 }, // U+0218
    { 18, 31, 265, -1, 19, 140, 5436 }, // U+0219
    { 23, 38, 354, 2, 26, 219, 5576 }, // U+021A
    { 15, 38, 252, 1, 26, 143, 5795 }, // U+021B
    { 7, 6, 0, -3, 27, 11, 0 }, // U+0300
    { 10, 6, 0, 0, 27, 15, 11 }, // U+0301
    { 14, 6, 0, -5, 27, 21, 26 }, // U+0302
    { 14, 5, 0, -5, 26, 18, 47 }, // U+0303
    { 15, 4, 0, -5, 25, 15, 65 }, // U+0304
    { 14, 6, 0, -4, 27, 21, 80 }, // U+0306
    { 6, 5, 0, -1, 26, 8, 101 }, // U+0307
    { 14, 5, 0, -5, 26, 18, 109 }, // U+0308
    { 10, 9, 0, -2, 30, 23, 127 }, // U+0309
    { 9, 8, 0, -2, 29, 18, 150 }, // U+030A
    { 16, 6, 0, -4, 27, 24, 168 }, // U+030B
    { 14, 6, 0, -4, 27, 21, 192 }, // U+030C
    { 10, 11, 0, -4, 22, 28, 213 }, // U+031B
    { 6, 5, 0, -6, -3, 8, 241 }, // U+0323
    { 15, 5, 0, -10, -3, 19, 249 }, // U+0324
    { 7, 9, 0, -6, -3, 16, 268 }, // U+0326
    { 10, 10, 0, -8, 1, 25, 284 }, // U+0327
    { 9, 9, 0, -8, 0, 21, 309 }, // U+0328
    { 13, 6, 0, -9, -2, 20, 330 }, // U+032E
    { 15, 4, 0, -10, -2, 15, 350 }, // U+0331
    { 21, 22, 358, 0, 22, 116, 0 }, // U+0E01
    { 23, 22, 379, 1, 22, 127, 116 }, // U+0E02
    { 24, 23, 394, 1, 23, 138, 243 }, // U+0E03
    { 22, 22, 374, 1, 22, 121, 381 }, // U+0E04
    { 22, 22, 377, 1, 22, 121, 502 }, // U+0E05
    { 25, 23, 407, 1, 23, 144, 623 }, // U+0E06
    { 18, 22, 289, 0, 22, 99, 767 }, // U+0E07
    { 20, 22, 343, 1, 22, 110, 866 }, // U+0E08
    { 20, 22, 356, 1, 22, 110, 976 }, // U+0E09
    { 25, 24, 390, 1, 24, 150, 1086 }, // U+0E0A
    { 26, 24, 400, 1, 24, 156, 1236 }, // U+0E0B
    { 31, 22, 499, 0, 22, 171, 1392 }, // U+0E0C
    { 31, 33, 509, 1, 22, 256, 1563 }, // U+0E0D
    { 24, 34, 373, -2, 22, 204, 1819 }, // U+0E0E
    { 25, 34, 373, -3, 22, 213, 2023 }, // U+0E0F
    { 25, 35, 344, -3, 23, 219, 2236 }, // U+0E10
    { 27, 22, 457, 1, 22, 149, 2455 }, // U+0E11
    { 32, 23, 526, 1, 23, 184, 2604 }, // U+0E12
    { 32, 22, 530, 1, 22, 176, 2788 }, // U+0E13
    { 21, 22, 368, 1, 22, 116, 2964 }, // U+0E14
    { 22, 23, 377, 1, 23, 127, 3080 }, // U+0E15
    { 20, 22, 359, 1, 22, 110, 3207 }, // U+0E16
    { 24, 22, 407, 1, 22, 132, 3317 }, // U+0E17
    { 21, 23, 350, 1, 23, 121, 3449 }, // U+0E18
    { 23, 22, 390, 1, 22, 127, 3570 }, // U+0E19
    { 24, 22, 391, 1, 22, 132, 3697 }, // U+0E1A
    { 26, 31, 401, 1, 31, 202, 3829 }, // U+0E1B
    { 25, 22, 389, 0, 22, 138, 4031 }, // U+0E1C
    { 26, 31, 389, 0, 31, 202, 4169 }, // U+0E1D
    { 27, 22, 443, 1, 22, 149, 4371 }, // U+0E1E
    { 29, 31, 443, 1, 31, 225, 4520 }, // U+0E1F
    { 24, 22, 378, -1, 22, 132, 4745 }, // U+0E20
    { 24, 22, 378, 0, 22, 132, 4877 }, // U+0E21
    { 21, 22, 352, 1, 22, 116, 5009 }, // U+0E22
    { 19, 23, 299, 1, 23, 110, 5125 }, // U+0E23
    { 20, 31, 359, 1, 22, 155, 5235 }, // U+0E24
    { 21, 22, 360, 1, 22, 116, 5390 }, // U+0E25
    { 23, 31, 373, -1, 22, 179, 5506 }, // U+0E26
    { 18, 22, 321, 1, 22, 99, 5685 }, // U+0E27
    { 24, 24, 374, 1, 24, 144, 5784 }, // U+0E28
    { 27, 22, 431, 1, 22, 149, 5928 }, // U+0E29
    { 23, 24, 360, 1, 24, 138, 6077 }, // U+0E2A
    { 23, 22, 387, 1, 22, 127, 6215 }, // U+0E2B
    { 29, 25, 443, 1, 25, 182, 6342 }, // U+0E2C
    { 20, 22, 361, 2, 22, 110, 6524 }, // U+0E2D
    { 23, 22, 350, 1, 22, 127, 6634 }, // U+0E2E
    { 19, 22, 344, 2, 22, 105, 6761 }, // U+0E2F
    { 22, 22, 329, 0, 22, 121, 6866 }, // U+0E30
    { 20, 10, 0, -12, 35, 50, 6987 }, // U+0E31
    { 17, 22, 306, 1, 22, 94, 7037 }, // U+0E32
    { 25, 34, 306, -7, 34, 213, 7131 }, // U+0E33
    { 19, 10, 0, -18, 34, 48, 7344 }, // U+0E34
    { 21, 12, 0, -18, 36, 63, 7392 }, // U+0E35
    { 22, 12, 0, -18, 36, 66, 7455 }, // U+0E36
    { 21, 12, 0, -18, 36, 63, 7521 }, // U+0E37
    { 10, 12, 0, -14, -1, 30, 7584 }, // U+0E38
    { 16, 11, 0, -20, -2, 44, 7614 }, // U+0E39
    { 7, 6, 0, -11, -2, 11, 7658 }, // U+0E3A
    { 23, 32, 362, 0, 29, 184, 7669 }, // U+0E3F
    { 10, 22, 196, 1, 22, 55, 7853 }, // U+0E40
    { 21, 22, 370, 1, 22, 116, 7908 }, // U+0E41
    { 19, 38, 245, 1, 38, 181, 8024 }, // U+0E42
    { 17, 38, 261, 1, 38, 162, 8205 }, // U+0E43
    { 15, 38, 269, 2, 38, 143, 8367 }, // U+0E44
    { 18, 32, 185, -7, 22, 144, 8510 }, // U+0E45
    { 20, 33, 400, 3, 23, 165, 8654 }, // U+0E46
    { 18, 14, 0, -16, 39, 63, 8819 }, // U+0E47
    { 7, 8, 0, -5, 34, 14, 8882 }, // U+0E48
    { 18, 11, 0, -11, 37, 50, 8896 }, // U+0E49
    { 21, 11, 0, -15, 37, 58, 8946 }, // U+0E4A
    { 12, 9, 0, -7, 35, 27, 9004 }, // U+0E4B
    { 14, 11, 0, -9, 37, 39, 9031 }, // U+0E4C
    { 11, 10, 0, -7, 35, 28, 9070 }, // U+0E4D
    { 14, 13, 0, -9, 39, 46, 9098 }, // U+0E4E
    { 20, 19, 376, 2, 19, 95, 9144 }, // U+0E4F
    { 23, 17, 400, 1, 17, 98, 9239 }, // U+0E50
    { 23, 17, 415, 1, 16, 98, 9337 }, // U+0E51
    { 25, 23, 430, 1, 23, 144, 9435 }, // U+0E52
    { 24, 17, 425, 1, 17, 102, 9579 }, // U+0E53
    { 28, 24, 413, 1, 23, 168, 9681 }, // U+0E54
    { 28, 24, 413, 1, 23, 168, 9849 }, // U+0E55
    { 21, 23, 404, 3, 23, 121, 10017 }, // U+0E56
    { 31, 23, 476, 1, 23, 179, 10138 }, // U+0E57
    { 26, 23, 410, 1, 23, 150, 10317 }, // U+0E58
    { 27, 24, 420, 1, 23, 162, 10467 }, // U+0E59
    { 29, 22, 499, 2, 22, 160, 10629 }, // U+0E5A
    { 37, 20, 633, 2, 20, 185, 10789 }, // U+0E5B
    { 24, 34, 385, -2, 26, 204, 0 }, // U+1EA0
    { 21, 26, 335, 0, 19, 137, 204 }, // U+1EA1
    { 24, 37, 385, -2, 37, 222, 341 }, // U+1EA2
    { 21, 30, 335, 0, 30, 158, 563 }, // U+1EA3
    { 29, 37, 385, -2, 37, 269, 721 }, // U+1EA4
    { 23, 30, 335, 0, 30, 173, 990 }, // U+1EA5
    { 27, 37, 385, -2, 37, 250, 1163 }, // U+1EA6
    { 21, 30, 335, 0, 30, 158, 1413 }, // U+1EA7
    { 29, 40, 385, -2, 40, 290, 1571 }, // U+1EA8
    { 24, 33, 335, 0, 33, 198, 1861 }, // U+1EA9
    { 26, 40, 385, -2, 40, 260, 2059 }, // U+1EAA
    { 21, 33, 335, 0, 33, 174, 2319 }, // U+1EAB
    { 24, 42, 385, -2, 34, 252, 2493 }, // U+1EAC
    { 21, 34, 335, 0, 27, 179, 2745 }, // U+1EAD
    { 25, 39, 385, -2, 39, 244, 2924 }, // U+1EAE
    { 21, 32, 335, 0, 32, 168, 3168 }, // U+1EAF
    { 25, 39, 385, -2, 39, 244, 3336 }, // U+1EB0
    { 21, 32, 335, 0, 32, 168, 3580 }, // U+1EB1
    { 25, 42, 385, -2, 42, 263, 3748 }, // U+1EB2
    { 21, 35, 335, 0, 35, 184, 4011 }, // U+1EB3
    { 25, 39, 385, -2, 39, 244, 4195 }, // U+1EB4
    { 21, 32, 335, 0, 32, 168, 4439 }, // U+1EB5
    { 25, 42, 385, -2, 34, 263, 4607 }, // U+1EB6
    { 21, 33, 335, 0, 26, 174, 4870 }, // U+1EB7
    { 23, 34, 343, 0, 26, 196, 5044 }, // U+1EB8
    { 20, 26, 325, 0, 19, 130, 5240 }, // U+1EB9
    { 23, 37, 343, 0, 37, 213, 5370 }, // U+1EBA
    { 20, 30, 325, 0, 30, 150, 5583 }, // U+1EBB
    { 23, 33, 343, 0, 33, 190, 5733 }, // U+1EBC
    { 20, 26, 325, 0, 26, 130, 5923 }, // U+1EBD
    { 26, 37, 343, 0, 37, 241, 6053 }, // U+1EBE
    { 23, 30, 325, 0, 30, 173, 6294 }, // U+1EBF
    { 24, 37, 343, 0, 37, 222, 6467 }, // U+1EC0
    { 22, 30, 325, 0, 30, 165, 6689 }, // U+1EC1
    { 27, 40, 343, 0, 40, 270, 6854 }, // U+1EC2
    { 24, 33, 325, 0, 33, 198, 7124 }, // U+1EC3
    { 23, 40, 343, 0, 40, 230, 7322 }, // U+1EC4
    { 21, 33, 325, 0, 33, 174, 7552 }, // U+1EC5
    { 23, 42, 343, 0, 34, 242, 7726 }, // U+1EC6
    { 20, 34, 325, 0, 27, 170, 7968 }, // U+1EC7
    { 14, 37, 194, 1, 37, 130, 8138 }, // U+1EC8
    { 12, 29, 167, 1, 29, 87, 8268 }, // U+1EC9
    { 12, 34, 194, 0, 26, 102, 8355 }, // U+1ECA
    { 12, 34, 164, -1, 26, 102, 8457 }, // U+1ECB
    { 25, 33, 414, 1, 26, 207, 8559 }, // U+1ECC
    { 21, 26, 347, 0, 19, 137, 8766 }, // U+1ECD
    { 25, 37, 414, 1, 37, 232, 8903 }, // U+1ECE
    { 21, 30, 347, 0, 30, 158, 9135 }, // U+1ECF
    { 26, 38, 414, 1, 38, 247, 9293 }, // U+1ED0
    { 24, 30, 347, 0, 30, 180, 9540 }, // U+1ED1
    { 25, 38, 414, 1, 38, 238, 9720 }, // U+1ED2
    { 22, 30, 347, 0, 30, 165, 9958 }, // U+1ED3
    { 27, 40, 414, 1, 40, 270, 10123 }, // U+1ED4
    { 25, 33, 347, 0, 33, 207, 10393 }, // U+1ED5
    { 25, 40, 414, 1, 40, 250, 10600 }, // U+1ED6
    { 21, 33, 347, 0, 33, 174, 10850 }, // U+1ED7
    { 25, 42, 414, 1, 35, 263, 11024 }, // U+1ED8
    { 21, 34, 347, 0, 27, 179, 11287 }, // U+1ED9
    { 32, 35, 443, 1, 35, 280, 11466 }, // U+1EDA
    { 28, 27, 391, 0, 27, 189, 11746 }, // U+1EDB
    { 32, 35, 443, 1, 35, 280, 11935 }, // U+1EDC
    { 28, 27, 391, 0, 27, 189, 12215 }, // U+1EDD
    { 32, 37, 443, 1, 37, 296, 12404 }, // U+1EDE
    { 28, 30, 391, 0, 30, 210, 12700 }, // U+1EDF
    { 32, 34, 443, 1, 34, 272, 12910 }, // U+1EE0
    { 28, 26, 391, 0, 26, 182, 13182 }, // U+1EE1
    { 32, 33, 443, 1, 26, 264, 13364 }, // U+1EE2
    { 28, 26, 391, 0, 19, 182, 13628 }, // U+1EE3
    { 24, 33, 397, 2, 26, 198, 13810 }, // U+1EE4
    { 20, 26, 337, 1, 19, 130, 14008 }, // U+1EE5
    { 24, 37, 397, 2, 37, 222, 14138 }, // U+1EE6
    { 20, 30, 337, 1, 30, 150, 14360 }, // U+1EE7
    { 31, 35, 446, 2, 35, 272, 14510 }, // U+1EE8
    { 27, 27, 389, 1, 27, 183, 14782 }, // U+1EE9
    { 31, 35, 446, 2, 35, 272, 14965 }, // U+1EEA
    { 27, 27, 389, 1, 27, 183, 15237 }, // U+1EEB
    { 31, 37, 446, 2, 37, 287, 15420 }, // U+1EEC
    { 27, 30, 389, 1, 30, 203, 15707 }, // U+1EED
    { 31, 34, 446, 2, 34, 264, 15910 }, // U+1EEE
    { 27, 26, 389, 1, 26, 176, 16174 }, // U+1EEF
    { 31, 33, 446, 2, 26, 256, 16350 }, // U+1EF0
    { 27, 26, 389, 1, 19, 176, 16606 }, // U+1EF1
    { 23, 34, 377, 3, 34, 196, 16782 }, // U+1EF2
    { 24, 34, 303, -3, 27, 204, 16978 }, // U+1EF3
    { 23, 34, 377, 3, 26, 196, 17182 }, // U+1EF4
    { 24, 26, 303, -3, 19, 156, 17378 }, // U+1EF5
    { 23, 37, 377, 3, 37, 213, 17534 }, // U+1EF6
    { 24, 37, 303, -3, 30, 222, 17747 }, // U+1EF7
    { 23, 33, 377, 3, 33, 190, 17969 }, // U+1EF8
    { 24, 33, 303, -3, 26, 198, 18159 }, // U+1EF9
    { 0, 0, 339, 0, 0, 0, 0 }, // U+2007
    { 13, 4, 204, 0, 12, 13, 0 }, // U+2010
    { 20, 4, 324, 0, 12, 20, 13 }, // U+2012
    { 20, 4, 324, 0, 12, 20, 33 }, // U+2013
    { 31, 4, 502, 0, 12, 31, 53 }, // U+2014
    { 31, 4, 502, 0, 12, 31, 84 }, // U+2015
    { 9, 13, 196, 4, 28, 30, 115 }, // U+2018
    { 10, 13, 196, 3, 27, 33, 145 }, // U+2019
    { 9, 13, 197, 0, 6, 30, 178 }, // U+201A
    { 18, 13, 338, 4, 28, 59, 208 }, // U+201C
    { 19, 13, 338, 3, 27, 62, 267 }, // U+201D
    { 18, 13, 339, 0, 6, 59, 329 }, // U+201E
    { 20, 26, 328, 2, 26, 130, 388 }, // U+2020
    { 22, 26, 328, 0, 26, 143, 518 }, // U+2021
    { 12, 11, 221, 1, 17, 33, 661 }, // U+2022
    { 27, 6, 479, 0, 6, 41, 694 }, // U+2026
    { 47, 26, 827, 3, 26, 306, 735 }, // U+2030
    { 11, 9, 178, 2, 26, 25, 1041 }, // U+2032
    { 18, 9, 292, 2, 26, 41, 1066 }, // U+2033
    { 13, 15, 211, 1, 17, 49, 1107 }, // U+2039
    { 14, 15, 211, -1, 17, 53, 1156 }, // U+203A
    { 24, 28, 136, -7, 27, 168, 1209 }, // U+2044
    { 16, 18, 258, 1, 26, 72, 0 }, // U+2070
    { 17, 18, 258, 0, 26, 77, 72 }, // U+2074
    { 17, 18, 258, 1, 26, 77, 149 }, // U+2075
    { 15, 18, 258, 2, 26, 68, 226 }, // U+2076
    { 15, 18, 258, 3, 26, 68, 294 }, // U+2077
    { 16, 18, 258, 1, 26, 72, 362 }, // U+2078
    { 14, 19, 258, 3, 26, 67, 434 }, // U+2079
    { 11, 21, 163, 2, 28, 58, 501 }, // U+207D
    { 11, 21, 163, 0, 28, 58, 559 }, // U+207E
    { 14, 12, 234, 2, 26, 42, 617 }, // U+207F
    { 16, 19, 258, -1, 13, 76, 659 }, // U+2080
    { 12, 19, 258, 0, 13, 57, 735 }, // U+2081
    { 16, 19, 258, -1, 13, 76, 792 }, // U+2082
    { 16, 19, 258, -1, 13, 76, 868 }, // U+2083
    { 17, 19, 258, -2, 13, 81, 944 }, // U+2084
    { 17, 19, 258, -2, 13, 81, 1025 }, // U+2085
    { 15, 19, 258, -1, 13, 72, 1106 }, // U+2086
    { 15, 19, 258, 1, 13, 72, 1178 }, // U+2087
    { 16, 19, 258, -1, 13, 76, 1250 }, // U+2088
    { 15, 19, 258, 0, 13, 72, 1326 }, // U+2089
    { 12, 21, 163, -1, 14, 63, 1398 }, // U+208D
    { 12, 21, 163, -3, 14, 63, 1461 }, // U+208E
    { 24, 32, 368, 1, 29, 192, 0 }, // U+20A1
    { 22, 26, 331, 0, 26, 143, 192 }, // U+20A4
    { 32, 26, 486, 0, 26, 208, 335 }, // U+20A6
    { 26, 26, 400, 1, 26, 169, 543 }, // U+20A7
    { 24, 34, 352, 0, 28, 204, 712 }, // U+20AB
    { 27, 26, 404, 0, 26, 176, 916 }, // U+20AC
    { 28, 26, 428, 1, 26, 182, 1092 }, // U+20B1
    { 24, 32, 386, 1, 29, 192, 1274 }, // U+20B2
    { 24, 32, 368, 1, 29, 192, 1466 }, // U+20B5
    { 24, 27, 380, 2, 27, 162, 1658 }, // U+20B9
    { 22, 26, 358, 0, 26, 143, 1820 }, // U+20BA
    { 24, 26, 344, -1, 26, 156, 1963 }, // U+20BD
    { 24, 10, 540, 5, 15, 60, 0 }, // U+2190
    { 11, 23, 300, 5, 23, 64, 60 }, // U+2191
    { 24, 10, 540, 5, 15, 60, 124 }, // U+2192
    { 10, 23, 300, 4, 23, 58, 184 }, // U+2193
    { 20, 28, 315, 0, 27, 140, 0 }, // U+2202
    { 25, 27, 394, -2, 27, 169, 140 }, // U+2206
    { 26, 31, 409, 0, 27, 202, 309 }, // U+220F
    { 27, 30, 393, -1, 26, 203, 511 }, // U+2211
    { 21, 4, 370, 1, 12, 21, 714 }, // U+2212
    { 25, 27, 155, -7, 27, 169, 735 }, // U+2215
    { 8, 8, 177, 2, 17, 16, 904 }, // U+2219
    { 31, 29, 377, 1, 26, 225, 920 }, // U+221A
    { 29, 14, 517, 2, 18, 102, 1145 }, // U+221E
    { 21, 35, 211, -4, 27, 184, 1247 }, // U+222B
    { 22, 15, 370, 1, 19, 83, 1431 }, // U+2248
    { 22, 20, 370, 1, 20, 110, 1514 }, // U+2260
    { 24, 22, 370, 0, 22, 132, 1624 }, // U+2264
    { 22, 22, 370, 0, 22, 121, 1756 }, // U+2265
    { 24, 26, 369, 1, 26, 156, 0 }, // U+FB01
    { 23, 28, 392, 1, 28, 161, 156 }, // U+FB02
};

static const EpdUnicodeInterval sarabun_18_bolditalicIntervals[] = {
    { 0x0, 0x0, 0x0 },
    { 0xD, 0xD, 0x1 },
    { 0x20, 0x7E, 0x2 },
    { 0xA0, 0x17E, 0x61 },
    { 0x1A0, 0x1A1, 0x140 },
    { 0x1AF, 0x1B0, 0x142 },
    { 0x1CD, 0x1DC, 0x144 },
    { 0x1E6, 0x1E7, 0x154 },
    { 0x1FA, 0x1FF, 0x156 },
    { 0x218, 0x21B, 0x15C },
    { 0x300, 0x304, 0x160 },
    { 0x306, 0x30C, 0x165 },
    { 0x31B, 0x31B, 0x16C },
    { 0x323, 0x324, 0x16D },
    { 0x326, 0x328, 0x16F },
    { 0x32E, 0x32E, 0x172 },
    { 0x331, 0x331, 0x173 },
    { 0xE01, 0xE3A, 0x174 },
    { 0xE3F, 0xE5B, 0x1AE },
    { 0x1EA0, 0x1EF9, 0x1CB },
    { 0x2007, 0x2007, 0x225 },
    { 0x2010, 0x2010, 0x226 },
    { 0x2012, 0x2015, 0x227 },
    { 0x2018, 0x201A, 0x22B },
    { 0x201C, 0x201E, 0x22E },
    { 0x2020, 0x2022, 0x231 },
    { 0x2026, 0x2026, 0x234 },
    { 0x2030, 0x2030, 0x235 },
    { 0x2032, 0x2033, 0x236 },
    { 0x2039, 0x203A, 0x238 },
    { 0x2044, 0x2044, 0x23A },
    { 0x2070, 0x2070, 0x23B },
    { 0x2074, 0x2079, 0x23C },
    { 0x207D, 0x2089, 0x242 },
    { 0x208D, 0x208E, 0x24F },
    { 0x20A1, 0x20A1, 0x251 },
    { 0x20A4, 0x20A4, 0x252 },
    { 0x20A6, 0x20A7, 0x253 },
    { 0x20AB, 0x20AC, 0x255 },
    { 0x20B1, 0x20B2, 0x257 },
    { 0x20B5, 0x20B5, 0x259 },
    { 0x20B9, 0x20BA, 0x25A },
    { 0x20BD, 0x20BD, 0x25C },
    { 0x2190, 0x2193, 0x25D },
    { 0x2202, 0x2202, 0x261 },
    { 0x2206, 0x2206, 0x262 },
    { 0x220F, 0x220F, 0x263 },
    { 0x2211, 0x2212, 0x264 },
    { 0x2215, 0x2215, 0x266 },
    { 0x2219, 0x221A, 0x267 },
    { 0x221E, 0x221E, 0x269 },
    { 0x222B, 0x222B, 0x26A },
    { 0x2248, 0x2248, 0x26B },
    { 0x2260, 0x2260, 0x26C },
    { 0x2264, 0x2265, 0x26D },
    { 0xFB01, 0xFB02, 0x26F },
};

static const EpdFontGroup sarabun_18_bolditalicGroups[] = {
    { 0, 4751, 12244, 97, 0 },
    { 4751, 4241, 14307, 96, 97 },
    { 8992, 5424, 22280, 127, 193 },
    { 14416, 1990, 6235, 32, 320 },
    { 16406, 274, 421, 20, 352 },
    { 16680, 5336, 11678, 87, 372 },
    { 22016, 2946, 19373, 90, 459 },
    { 24962, 672, 1465, 22, 549 },
    { 25634, 845, 1623, 22, 571 },
    { 26479, 984, 2164, 12, 593 },
    { 27463, 152, 258, 4, 605 },
    { 27615, 779, 2013, 14, 609 },
    { 28394, 185, 324, 2, 623 },
};

static const uint16_t sarabun_18_bolditalicKernLeftCodepoints[] = {
    0x002C, 0x002E, 0x0041, 0x0042, 0x0044, 0x0046, 0x004B, 0x004C, 0x004F, 0x0050, 0x0051, 0x0053,
    0x0054, 0x0055, 0x0056, 0x0057, 0x0058, 0x0059, 0x005A, 0x0061, 0x0062, 0x0063, 0x0065, 0x0066,
    0x0067, 0x006B, 0x006C, 0x006D, 0x006E, 0x006F, 0x0070, 0x0072, 0x0073, 0x0074, 0x0075, 0x0076,
    0x0078, 0x0079, 0x007A, 0x00C0, 0x00C1, 0x00C2, 0x00C3, 0x00C4, 0x00C5, 0x00D0, 0x00D2, 0x00D3,
    0x00D4, 0x00D5, 0x00D6, 0x00D8, 0x00D9, 0x00DA, 0x00DB, 0x00DC, 0x00DD, 0x00E0, 0x00E1, 0x00E2,
    0x00E3, 0x00E4, 0x00E5, 0x00E6, 0x00E7, 0x00E8, 0x00E9, 0x00EA, 0x00EB, 0x00F1, 0x00F2, 0x00F3,
    0x00F4, 0x00F5, 0x00F6, 0x00FD, 0x00FE, 0x00FF, 0x0100, 0x0101, 0x0102, 0x0103, 0x0104, 0x0105,
    0x0107, 0x0109, 0x010B, 0x010D, 0x010E, 0x0110, 0x0113, 0x0115, 0x0117, 0x0119, 0x011B, 0x0125,
    0x0127, 0x0132, 0x0134, 0x0136, 0x0137, 0x0138, 0x0139, 0x013B, 0x013D, 0x013F, 0x0141, 0x0144,
    0x0146, 0x0148, 0x0149, 0x014B, 0x014C, 0x014D, 0x014E, 0x014F, 0x0150, 0x0151, 0x0153, 0x0154,
    0x0155, 0x0156, 0x0157, 0x0158, 0x0159, 0x015A, 0x015B, 0x015C, 0x015D, 0x015E, 0x015F, 0x0160,
    0x0161, 0x0162, 0x0163, 0x0164, 0x0165, 0x0166, 0x0167, 0x0168, 0x016A, 0x016C, 0x016E, 0x0170,
    0x0172, 0x0174, 0x0175, 0x0176, 0x0177, 0x0178, 0x01A0, 0x01CD, 0x01CE, 0x01D1, 0x01D2, 0x01D3,
    0x01D5, 0x01D7, 0x01D9, 0x01DB, 0x01FA, 0x01FB, 0x01FD, 0x01FE, 0x01FF, 0x0218, 0x0219, 0x021A,
    0x021B, 0x1EA0, 0x1EA1, 0x1EA2, 0x1EA3, 0x1EA4, 0x1EA5, 0x1EA6, 0x1EA7, 0x1EA8, 0x1EA9, 0x1EAA,
    0x1EAB, 0x1EAC, 0x1EAD, 0x1EAE, 0x1EAF, 0x1EB0, 0x1EB1, 0x1EB2, 0x1EB3, 0x1EB4, 0x1EB5, 0x1EB6,
    0x1EB7, 0x1EB9, 0x1EBB, 0x1EBD, 0x1EBF, 0x1EC1, 0x1EC3, 0x1EC5, 0x1EC7, 0x1ECC, 0x1ECD, 0x1ECE,
    0x1ECF, 0x1ED0, 0x1ED1, 0x1ED2, 0x1ED3, 0x1ED4, 0x1ED5, 0x1ED6, 0x1ED7, 0x1ED8, 0x1ED9, 0x1EDA,
    0x1EDB, 0x1EDC, 0x1EDD, 0x1EDE, 0x1EDF, 0x1EE0, 0x1EE1, 0x1EE2, 0x1EE3, 0x1EE4, 0x1EE6, 0x1EF2,
    0x1EF3, 0x1EF4, 0x1EF5, 0x1EF6, 0x1EF7, 0x1EF8, 0x1EF9, 0x2018, 0x201C, 0x2026,
};

static const uint8_t sarabun_18_bolditalicKernLeftClassIds[] = {
      1,   1,   2,   3,   4,   5,   6,   7,   8,   9,   8,  10,  11,  12,  13,  14,
     15,  16,  17,  18,  19,  20,  21,  22,  23,  24,  25,  26,  26,  27,  28,  29,
     30,  31,  32,  33,  34,  35,  36,  37,  37,  37,  37,  37,  37,  38,  39,  39,
     39,  39,  39,  40,  12,  12,  12,  12,  16,  18,  18,  18,  18,  18,  18,  41,
     42,  41,  41,  41,  41,  43,  27,  27,  27,  27,  27,  35,  44,  35,  37,  18,
     37,  18,  37,  18,  42,  42,  42,  42,  45,  38,  41,  41,  41,  41,  41,  46,
     46,  47,  47,  48,  49,  49,  50,  50,  50,  50,  51,  43,  43,  43,  43,  43,
     39,  27,  39,  27,  39,  27,  41,  52,  53,  52,  53,  52,  53,  54,  55,  54,
     55,  54,  55,  54,  55,  56,  57,  56,  57,  56,  57,  12,  12,  12,  12,  12,
     12,  58,  59,  16,  35,  16,  40,  37,  18,  39,  27,  12,  12,  12,  12,  12,
     37,  18,  41,  39,  27,  54,  55,  56,  57,  37,  18,  37,  18,  37,  18,  37,
     18,  37,  18,  37,  18,  37,  18,  37,  18,  37,  18,  37,  18,  37,  18,  37,
     18,  41,  41,  41,  41,  41,  41,  41,  41,  39,  27,  39,  27,  39,  27,  39,
     27,  39,  27,  39,  27,  39,  27,  40,  27,  40,  27,  40,  27,  40,  27,  40,
     27,  12,  12,  16,  35,  16,  35,  16,  35,  16,  35,  60,  60,  61,
};

static const uint16_t sarabun_18_bolditalicKernRightCodepoints[] = {
    0x002C, 0x002E, 0x0041, 0x0043, 0x0047, 0x004A, 0x004F, 0x0051, 0x0053, 0x0054, 0x0055, 0x0056,
    0x0057, 0x0058, 0x0059, 0x0061, 0x0063, 0x0064, 0x0065, 0x0066, 0x0067, 0x006A, 0x006D, 0x006E,
    0x006F, 0x0070, 0x0071, 0x0072, 0x0073, 0x0074, 0x0075, 0x0076, 0x0077, 0x0078, 0x0079, 0x007A,
    0x00C0, 0x00C1, 0x00C2, 0x00C3, 0x00C4, 0x00C5, 0x00C6, 0x00C7, 0x00D2, 0x00D3, 0x00D4, 0x00D5,
    0x00D6, 0x00D8, 0x00D9, 0x00DA, 0x00DB, 0x00DC, 0x00DD, 0x00DF, 0x00E0, 0x00E1, 0x00E2, 0x00E3,
    0x00E4, 0x00E5, 0x00E6, 0x00E7, 0x00E8, 0x00E9, 0x00EA, 0x00EB, 0x00F0, 0x00F1, 0x00F2, 0x00F3,
    0x00F4, 0x00F5, 0x00F6, 0x00F8, 0x00F9, 0x00FA, 0x00FB, 0x00FC, 0x00FD, 0x00FF, 0x0100, 0x0101,
    0x0102, 0x0103, 0x0104, 0x0105, 0x0106, 0x0107, 0x0108, 0x0109, 0x010A, 0x010B, 0x010C, 0x010D,
    0x010F, 0x0111, 0x0113, 0x0115, 0x0117, 0x0119, 0x011B, 0x011C, 0x011D, 0x011E, 0x011F, 0x0120,
    0x0121, 0x0122, 0x0123, 0x0134, 0x0135, 0x0144, 0x0146, 0x0148, 0x0149, 0x014B, 0x014C, 0x014D,
    0x014E, 0x014F, 0x0150, 0x0151, 0x0153, 0x0155, 0x0157, 0x0159, 0x015A, 0x015B, 0x015C, 0x015D,
    0x015E, 0x015F, 0x0160, 0x0161, 0x0162, 0x0163, 0x0164, 0x0165, 0x0166, 0x0167, 0x0168, 0x0169,
    0x016A, 0x016B, 0x016C, 0x016D, 0x016E, 0x016F, 0x0170, 0x0171, 0x0172, 0x0173, 0x0174, 0x0175,
    0x0176, 0x0177, 0x0178, 0x017A, 0x017C, 0x017E, 0x01A0, 0x01A1, 0x01AF, 0x01B0, 0x01CD, 0x01CE,
    0x01D1, 0x01D2, 0x01D3, 0x01D4, 0x01D5, 0x01D6, 0x01D7, 0x01D8, 0x01D9, 0x01DA, 0x01DB, 0x01DC,
    0x01E6, 0x01E7, 0x01FA, 0x01FB, 0x01FC, 0x01FD, 0x01FE, 0x01FF, 0x0218, 0x0219, 0x021A, 0x021B,
    0x1EA0, 0x1EA1, 0x1EA2, 0x1EA3, 0x1EA4, 0x1EA5, 0x1EA6, 0x1EA7, 0x1EA8, 0x1EA9, 0x1EAA, 0x1EAB,
    0x1EAC, 0x1EAD, 0x1EAE, 0x1EAF, 0x1EB0, 0x1EB1, 0x1EB2, 0x1EB3, 0x1EB4, 0x1EB5, 0x1EB6, 0x1EB7,
    0x1EB9, 0x1EBB, 0x1EBD, 0x1EBF, 0x1EC1, 0x1EC3, 0x1EC5, 0x1EC7, 0x1ECC, 0x1ECD, 0x1ECE, 0x1ECF,
    0x1ED0, 0x1ED1, 0x1ED2, 0x1ED3, 0x1ED4, 0x1ED5, 0x1ED6, 0x1ED7, 0x1ED8, 0x1ED9, 0x1EDA, 0x1EDB,
    0x1EDC, 0x1EDD, 0x1EDE, 0x1EDF, 0x1EE0, 0x1EE1, 0x1EE2, 0x1EE3, 0x1EE4, 0x1EE5, 0x1EE6, 0x1EE7,
    0x1EE8, 0x1EE9, 0x1EEA, 0x1EEB, 0x1EEC, 0x1EED, 0x1EEE, 0x1EEF, 0x1EF0, 0x1EF1, 0x1EF2, 0x1EF3,
    0x1EF4, 0x1EF5, 0x1EF6, 0x1EF7, 0x1EF8, 0x1EF9, 0x2019, 0x201D, 0x2026, 0xFB01, 0xFB02,
};

static const uint8_t sarabun_18_bolditalicKernRightClassIds[] = {
      1,   2,   3,   4,   5,   6,   7,   8,   9,  10,  11,  12,  13,  14,  15,  16,
     17,  18,  19,  20,  21,  22,  23,  24,  25,  26,  27,  28,  29,  30,  31,  32,
     33,  34,  35,  36,  37,  37,  37,  37,  37,  37,  37,  38,  39,  39,  39,  39,
     39,  40,  41,  41,  41,  41,  42,  43,  44,  44,  44,  44,  44,  44,  44,  45,
     46,  46,  46,  46,  47,  48,  49,  49,  49,  49,  49,  50,  51,  51,  51,  51,
     52,  52,  37,  44,  37,  44,  37,  44,  38,  45,  38,  45,  38,  45,  38,  45,
     53,  47,  46,  46,  46,  46,  46,  54,  55,  54,  55,  54,  55,  54,  55,  56,
     22,  48,  48,  48,  48,  48,  39,  49,  39,  49,  39,  49,  57,  58,  58,  58,
     59,  60,  59,  60,  59,  60,  59,  60,  61,  62,  61,  62,  61,  62,  41,  51,
     41,  51,  41,  51,  41,  51,  41,  51,  41,  51,  63,  64,  42,  52,  42,  65,
     65,  65,  39,  50,  41,  66,  37,  44,  39,  49,  41,  51,  41,  51,  41,  51,
     41,  51,  41,  51,  54,  55,  37,  44,  37,  44,  39,  49,  59,  60,  61,  62,
     37,  44,  37,  44,  37,  44,  37,  44,  37,  44,  37,  44,  37,  44,  37,  44,
     37,  44,  37,  44,  37,  44,  37,  44,  46,  46,  46,  46,  46,  46,  46,  46,
     39,  49,  39,  49,  39,  49,  39,  49,  39,  49,  39,  49,  39,  49,  39,  49,
     39,  49,  39,  49,  39,  49,  39,  49,  41,  51,  41,  51,  41,  51,  41,  51,
     41,  51,  41,  51,  41,  51,  42,  52,  42,  52,  42,  52,  42,  52,  67,  68,
     69,  43,  43,
};

static const uint16_t sarabun_18_bolditalicKernRowOffsets[] = {
        0,    12,    49,    55,    62,    69,    81,   118,   127,   151,   156,   193,   197,   249,   269,   300,
      344,   355,   360,   368,   372,   388,   407,   410,   431,   448,   454,   467,   478,   483,   493,   496,
      502,   529,   540,   562,   568,   606,   611,   621,   627,   646,   651,   658,   663,   672,   677,   681,
      717,   739,   776,   787,   792,   794,   799,   810,   849,   854,   899,   915,   918,   923,
};

static const uint8_t sarabun_18_bolditalicKernSparseCols[] = {
      9,  11,  14,  17,  20,  24,  26,  31,  32,  48,  52,  56,   3,   6,   7,   8,
      9,  10,  11,  12,  14,  15,  16,  17,  18,  20,  24,  26,  30,  31,  34,  37,
     38,  40,  41,  43,  44,  45,  48,  50,  51,  52,  56,  58,  60,  62,  63,  66,
     67,   2,  11,  13,  14,  36,  41,   2,  11,  14,  36,  41,  55,  62,   0,   1,
      2,   5,  36,  55,  68,  15,  16,  17,  18,  20,  26,  34,  43,  44,  45,  51,
     52,   3,   4,   6,   7,   9,  10,  11,  12,  14,  15,  16,  17,  18,  20,  24,
     26,  29,  31,  32,  34,  37,  38,  40,  41,  43,  44,  45,  48,  51,  52,  53,
     56,  60,  62,  63,  66,  67,   2,  11,  12,  13,  14,  36,  41,  55,  62,   0,
      1,   2,   5,  11,  13,  14,  15,  16,  17,  20,  24,  26,  28,  36,  41,  43,
     44,  48,  52,  55,  56,  59,  68,   2,  11,  14,  36,  41,   0,   1,   2,   3,
     15,  16,  17,  18,  20,  22,  23,  24,  26,  28,  30,  31,  32,  33,  34,  35,
     36,  37,  43,  44,  45,  47,  48,  50,  51,  52,  54,  55,  56,  57,  59,  63,
     64,   0,   1,   2,  36,   0,   1,   2,   3,   4,   5,   6,   7,   8,  15,  16,
     17,  18,  20,  21,  22,  23,  24,  25,  26,  28,  30,  31,  33,  34,  36,  37,
     38,  39,  42,  43,  44,  45,  46,  47,  48,  49,  50,  51,  52,  53,  54,  55,
     56,  57,  58,  59,  61,  63,  64,  65,  68,   0,   1,   2,   6,   7,  15,  16,
     17,  18,  20,  24,  26,  36,  38,  43,  44,  45,  48,  52,  56,   3,   4,   6,
      7,  15,  16,  17,  18,  20,  24,  26,  30,  31,  34,  37,  38,  39,  43,  44,
     45,  46,  48,  49,  50,  51,  52,  53,  56,  61,  63,  65,   0,   1,   2,   3,
      4,   5,   6,   7,   8,  15,  16,  17,  18,  20,  22,  23,  24,  26,  28,  30,
     31,  33,  34,  36,  37,  38,  43,  44,  45,  47,  48,  50,  51,  52,  53,  54,
     55,  56,  57,  58,  59,  61,  63,  64,  16,  17,  18,  20,  24,  26,  44,  45,
     48,  52,  56,  11,  14,  41,  62,  63,   0,   1,  11,  14,  34,  41,  51,  62,
     11,  14,  41,  62,   0,   1,   2,  11,  13,  14,  28,  31,  34,  36,  41,  51,
     54,  59,  62,  63,   0,   1,  15,  16,  17,  18,  20,  24,  26,  43,  44,  45,
     46,  48,  49,  52,  54,  56,  68,  11,  14,  41,   9,  11,  14,  15,  16,  17,
     18,  20,  24,  26,  34,  41,  43,  44,  45,  48,  51,  52,  56,  60,  62,  16,
     17,  18,  20,  24,  26,  28,  31,  32,  34,  44,  45,  48,  51,  52,  56,  59,
      9,  11,  14,  41,  60,  62,   0,   1,   2,   9,  11,  14,  31,  34,  36,  41,
     51,  60,  62,   0,   1,   9,  11,  12,  13,  31,  34,  51,  60,  62,   0,   1,
     24,  48,  56,   1,   9,  11,  13,  14,  18,  41,  45,  60,  62,  24,  48,  56,
      9,  11,  14,  41,  60,  62,   0,   1,   2,   9,  11,  13,  14,  15,  16,  17,
     18,  20,  24,  26,  36,  41,  43,  44,  45,  46,  48,  52,  55,  56,  60,  62,
     68,   9,  11,  14,  17,  20,  26,  41,  46,  52,  60,  62,   0,   1,   2,   9,
     13,  14,  15,  17,  18,  20,  24,  26,  36,  41,  43,  45,  48,  52,  55,  56,
     60,  62,   9,  11,  14,  41,  60,  62,   3,   6,   7,   8,   9,  10,  11,  12,
     14,  15,  16,  17,  18,  20,  24,  26,  30,  31,  32,  34,  37,  38,  40,  41,
     43,  44,  45,  48,  50,  51,  52,  56,  58,  60,  62,  63,  66,  67,   2,   5,
     11,  12,  14,   2,   5,  11,  12,  13,  14,  36,  41,  55,  62,   2,   5,  11,
     12,  13,  14,   0,   1,   2,  11,  12,  13,  14,  20,  28,  31,  32,  34,  36,
     41,  51,  54,  59,  62,  63,  11,  12,  14,  41,  62,   9,  11,  12,  14,  41,
     60,  62,   0,   1,  31,  34,  51,   2,   5,  11,  12,  14,  36,  41,  55,  62,
     11,  12,  14,  41,  62,   2,   5,  36,  55,   3,   4,   6,   7,   8,  11,  12,
     14,  15,  16,  17,  18,  20,  24,  26,  29,  30,  31,  32,  34,  37,  38,  41,
     43,  44,  45,  48,  50,  51,  52,  53,  56,  58,  61,  62,  63,   9,  11,  12,
     14,  15,  16,  17,  18,  20,  24,  26,  34,  41,  43,  44,  45,  48,  51,  52,
     56,  60,  62,   3,   4,   6,   7,   9,  10,  11,  12,  14,  15,  16,  17,  18,
     20,  24,  26,  29,  31,  32,  34,  37,  38,  40,  41,  43,  44,  45,  48,  51,
     52,  53,  56,  60,  62,  63,  66,  67,   3,   4,   6,   9,  11,  12,  14,  31,
     32,  34,  66,  11,  12,  14,  41,  62,  18,  45,   2,  11,  14,  36,  41,   1,
      9,  11,  12,  13,  14,  18,  41,  45,  60,  62,   0,   1,   2,   3,   5,  15,
     16,  17,  18,  20,  22,  23,  24,  26,  27,  28,  30,  31,  32,  33,  34,  35,
     36,  37,  43,  44,  45,  47,  48,  50,  51,  52,  54,  55,  56,  57,  59,  63,
     64,  11,  12,  14,  41,  62,   0,   2,   3,   4,   5,   6,   7,  15,  16,  17,
     18,  19,  20,  21,  22,  23,  24,  26,  28,  29,  30,  31,  32,  33,  34,  35,
     36,  37,  38,  43,  44,  45,  47,  48,  50,  51,  52,  53,  54,  55,  56,  59,
     61,  63,  64,   2,   9,  14,  15,  17,  18,  20,  26,  36,  41,  43,  45,  52,
     55,  60,  62,   2,   5,  36,   9,  11,  14,  31,  32,
};

static const int8_t sarabun_18_bolditalicKernSparseValues[] = {
     -60,  -60,  -60,  -18,  -18,  -18,  -18,  -36,  -36,  -18,  -18,  -18,  -18,  -18,  -18,  -24,
     -36,  -36,  -30,  -18,  -36,  -18,  -18,  -18,  -18,  -18,  -18,  -18,  -24,  -24,  -24,  -18,
     -18,  -36,  -36,  -18,  -18,  -18,  -18,  -24,  -24,  -18,  -18,  -24,  -36,  -60,  -48,  -48,
     -78,  -12,  -18,  -24,  -24,  -12,  -24,  -24,  -36,  -30,  -24,  -30,  -30,  -36,  -60,  -60,
     -60,  -54, -108,  -60,  -60,  -18,  -12,  -12,  -12,  -12,  -12,  -24,  -18,  -12,  -12,  -24,
     -12,  -18,  -18,  -30,  -30,  -66,  -18,  -60,  -48,  -60,  -12,  -12,  -12,  -12,  -12,  -12,
     -12,  -18,  -36,  -24,  -48,  -18,  -30,  -18,  -60,  -12,  -12,  -12,  -12,  -48,  -12,  -18,
     -12,  -66,  -48,  -48,  -84,  -48,  -18,  -18,   -6,  -24,  -24,  -18,  -24,  -24,  -24,  -60,
     -60,  -48,  -60,  -18,  -36,  -18,  -18,  -18,  -18,  -18,  -18,  -18,  -12,  -96,  -36,  -18,
     -18,  -18,  -18,  -72,  -18,  -12,  -60,  -18,  -18,  -18,  -18,  -18,  -60,  -60,  -36,  -24,
     -48,  -36,  -48,  -48,  -48,  -36,  -36,  -48,  -48,  -42,  -36,  -36,  -24,  -30,  -24,  -30,
     -36,  -24,  -48,  -36,  -48,  -36,  -48,  -36,  -24,  -48,  -36,  -36,  -48,  -24,  -42,  -24,
     -12,  -24,  -24,  -36,  -36,  -60,  -60,  -30,  -24,  -24,  -42,  -18,  -18,  -18,  -48,  -48,
     -48,  -48,  -48,  -48,  -30,  -30,  -36,  -30,  -48,  -30,  -30,  -36,  -30,  -30, -120,  -48,
     -48,  -30,  -24,  -96,  -96,  -96,  -48,  -60,  -72,  -36,  -60,  -60,  -96,  -60,  -96,  -72,
     -36,  -60,  -36,  -60,  -60,  -60,  -48,  -30,  -60,  -48,  -48,  -18,   -6,   -6,  -12,  -12,
     -12,  -12,  -12,  -12,  -12,  -18,   -6,  -12,  -12,  -12,  -12,  -12,  -12,  -24,  -18,  -24,
     -24,  -30,  -18,  -18,  -24,  -18,  -18,  -18,  -18,  -30,  -42,  -48,  -48,  -24,  -60,  -48,
     -54,  -30,  -54,  -36,  -36,  -84,  -48,  -42,  -18,  -36,  -60,  -18,  -60,  -60,  -36,  -30,
     -36,  -42,  -24,  -24,  -18,  -36,  -36,  -36,  -36,  -36,  -36,  -36,  -36,  -36,  -36,  -36,
     -36,  -48,  -36,  -36,  -30,  -24,  -36,  -36,  -36,  -36,  -36,  -36,  -36,  -36,  -36,  -48,
     -48,  -36,  -36,  -18,  -36,  -36,  -48,  -30,  -12,  -12,  -12,  -12,  -12,  -12,  -12,  -12,
     -12,  -12,  -12,  -36,  -48,  -48,  -36,  -36,  -18,  -18,  -48,  -48,  -12,  -48,  -36,  -36,
     -24,  -36,  -36,  -24,  -18,  -18,  -24,  -48,  -30,  -48,   12,  -18,  -12,  -24,  -48,  -12,
      12,   12,  -36,  -12,  -36,  -36,  -24,  -24,  -24,  -18,  -24,  -24,  -24,  -48,  -48,  -42,
     -24,  -48,  -24,  -48,  -48,  -24,  -36,  -24,  -36,  -72,  -36,  -54,  -36,  -24,  -24,  -24,
     -12,  -24,  -12,  -24,  -18,  -36,  -24,  -24,  -12,  -12,  -18,  -24,  -12,  -36,  -42,  -12,
     -12,  -18,  -12,  -18,  -12,  -12,  -18,  -12,  -18,  -12,  -18,  -18,  -18,  -12,  -18,  -12,
     -36,  -42,  -48,  -48,  -36,  -42,  -18,  -18,  -24,  -36,  -36,  -42,   -6,   -6,  -24,  -42,
      -6,  -36,  -36,  -18,  -18,  -36,  -36,  -36,  -30,  -12,   -6,   -6,  -36,  -36,  -36,  -36,
      -6,   -6,   -6,  -18,  -36,  -30,  -24,  -36,   12,  -36,   12,  -36,  -24,  -18,  -18,  -18,
     -48,  -30,  -36,  -72,  -96,  -60,  -36,  -36,  -60,  -24,  -36,  -30,  -36,  -18,  -18,  -12,
     -12,  -12,   -6,  -12, -120,  -72,  -42,  -42,  -30,  -24,   -6,  -36,  -96,   -6,  -48,  -60,
     -36,  -24,  -30,  -48,  -18,  -18,  -18,  -96,  -24,  -42,  -48,  -60,  -24,  -24,  -48,  -24,
     -36,  -36,  -18,   -6,   -6,   -6,   -6,   -6,  -48,  -36,  -18,   -6,   -6,   -6,  -48,   -6,
     -24,  -30,  -12,  -24,  -24,  -48,  -24,  -48,  -54,  -48,  -18,  -48,  -96,  -72, -120,  -78,
    -108,  -42,  -42,  -42,  -42,  -18,  -42,  -18,  -48,  -84,  -48,  -72,  -18,  -18,  -36,  -36,
     -18,  -18,  -18,  -18,  -24,  -24,  -18,  -18,  -24,  -36,  -60,  -48,  -96,  -78,  -24,  -30,
     -36,  -36,  -30,  -48,  -24,  -48,  -30,  -48,  -54,  -18,  -24,  -24,  -24,  -30,  -24,  -30,
     -24,  -24,  -30,  -18,  -18,  -24,  -96,  -36,  -60,  -96,   12,   24,  -36,  -12,  -30,  -24,
     -48,  -12,   12,   12,  -36,  -12,  -48,  -24,  -72,  -36,  -24,  -72,  -84,  -42,  -96,  -48,
     -36,  -42,  -18,  -18,  -12,   -6,   -6,  -48,  -30,  -72,  -36,  -60,  -24,  -30,  -30,  -36,
     -96,  -36,  -96,  -48,  -36,  -72,  -24,  -36,  -24,  -60,  -60,  -60,  -30,  -48,  -60,  -30,
     -60,  -48,  -72,  -72,  -72,  -36,  -72,  -36,  -36,  -48, -120,  -60, -120,  -30,  -30,  -30,
     -24,  -36,  -36,  -36,  -24,  -60,  -36,  -30,  -36,  -24,  -36,  -30,  -60,  -72, -108,  -42,
     -72,  -48,  -48,  -48,  -36,  -24,  -36,  -24,  -36,  -36,  -24,  -24,  -12,  -12,  -18,  -24,
     -12,  -36,  -42,  -36,  -36,  -48,  -30, -128,  -18, -120,  -96, -120,  -12,  -12,  -12,  -12,
     -12,  -12,  -12,  -18,  -96,  -72,  -96,  -18,  -30,  -18,  -60,  -12,  -12,  -12,  -12,  -48,
     -12,  -18,  -12,  -66,  -48,  -48,  -84,  -48,  -18,  -18,  -18,  -66,  -60,  -48,  -60,  -60,
     -48,  -48,  -36,  -72,  -24,  -72,  -36,  -24,  -24,  -24,  -42,  -36,  -36,  -18,  -18,  -18,
     -72,  -60,  -24,  -48,  -72,   24,  -36,   12,  -36,  -24,  -60,  -60,  -96,  -48,  -36,  -84,
     -72,  -84,  -84,  -84,  -72,  -36,  -84,  -48,  -24,  -78,  -72,  -60,  -48,  -54,  -48,  -42,
     -36,  -24,  -48,  -36,  -48,  -36,  -48,  -36,  -24,  -48,  -36,  -36,  -48,  -24,  -42,  -24,
     -12,  -72,  -36,  -96,  -48,  -36,  -60, -120,  -48,  -48,  -36,  -48,  -24,  -72,  -72,  -72,
     -72,  -24,  -72,  -24,  -48,  -24,  -72,  -36,  -48,  -24,  -60,  -60,  -30,  -60,  -60,  -24,
     -60,  -24,  -24,  -36,  -36,  -36,  -24,  -36,  -30,  -30,  -36,  -24,  -36,  -36,  -36,  -24,
     -24,  -30,  -24,  -48,  -24,  -48,  -24,  -24,  -12,  -24,  -24,  -48,  -48,  -24,  -12,  -24,
     -42,  -24,  -30,  -30,  -48,  -30,  -60,  -60,  -60,  -36,  -36,
};

static const EpdLigaturePair sarabun_18_bolditalicLigaturePairs[] = {
    { 0x00660069, 0xFB01 }, // f i -> U+FB01
    { 0x0066006C, 0xFB02 }, // f l -> U+FB02
};

static const EpdFontData sarabun_18_bolditalic = {
    sarabun_18_bolditalicBitmaps,
    sarabun_18_bolditalicGlyphs,
    sarabun_18_bolditalicIntervals,
    56,
    49,
    41,
    -9,
    true,
    sarabun_18_bolditalicGroups,
    13,
    nullptr,
    nullptr,  // kernLeftClasses: built-in fonts use the split arrays below
    nullptr,  // kernRightClasses
    sarabun_18_bolditalicKernLeftCodepoints,
    sarabun_18_bolditalicKernLeftClassIds,
    sarabun_18_bolditalicKernRightCodepoints,
    sarabun_18_bolditalicKernRightClassIds,
    nullptr,  // kernMatrix: built-in fonts use the sparse form below
    sarabun_18_bolditalicKernRowOffsets,
    sarabun_18_bolditalicKernSparseCols,
    sarabun_18_bolditalicKernSparseValues,
    238,
    275,
    61,
    69,
    sarabun_18_bolditalicLigaturePairs,
    2,
};
