/**
 * generated by fontconvert.py
 * name: sarabun_16_bold
 * size: 16
 * mode: 2-bit  compressed: true
 * Command used: fontconvert.py sarabun_16_bold 16 ../builtinFonts/source/Sarabun/Sarabun-Bold.ttf --2bit --compress --pnum --zopfli --additional-intervals 0x0E00,0x0E7F
 */
#pragma once
#include "EpdFontData.h"

static const uint8_t sarabun_16_boldBitmaps[20307] = {
    0xB5, 0x99, 0xD7, 0xB6, 0xAE, 0x38, 0x72, 0xC7, 0x0B, 0x68, 0x1F, 0xDA, 0x8B, 0x65, 0xCB, 0x39,
    0xDB, 0x5C, 0x3B, 0xF2, 0x08, 0xC2, 0x39, 0x87, 0x37, 0x68, 0xDF, 0x3A, 0x9E, 0x37, 0x68, 0x70,
    0xBE, 0x73, 0x7E, 0x00, 0x3F, 0x81, 0xF3, 0xDD, 0x04, 0xC9, 0x39, 0xDB, 0x38, 0x5F, 0x1A, 0x8F,
    0x73, 0x56, 0xBB, 0x99, 0x1E, 0xF6, 0x3A, 0x82, 0xFF, 0xD4, 0xBF, 0xF8, 0xC2, 0x4E, 0x27, 0x4D,
    0xF8, 0x36, 0xFA, 0xC1, 0x96, 0x4A, 0x55, 0x94, 0x90, 0x4A, 0x42, 0xF8, 0xF8, 0xE2, 0x3F, 0x91,
    0x6E, 0x0C, 0x33, 0x12, 0x52, 0x98, 0xBB, 0x11, 0x55, 0x7E, 0xDE, 0x21, 0x7E, 0x6A, 0xB2, 0x9C,
    0x19, 0xDD, 0x2A, 0x32, 0x9C, 0xB9, 0x88, 0x84, 0xD8, 0x2E, 0xE2, 0x01, 0x20, 0xDE, 0xA6, 0xA0,
    0xEF, 0x92, 0x08, 0xC4, 0xCF, 0x52, 0x5C, 0x38, 0x49, 0x69, 0x04, 0x7F, 0x77, 0x58, 0x6D, 0xAA,
    0xC9, 0x38, 0x4A, 0x9D, 0x05, 0x07, 0x7B, 0x69, 0x2E, 0x14, 0x11, 0x97, 0xCE, 0x78, 0x7A, 0x23,
    0x52, 0x01, 0xB3, 0x38, 0x20, 0x4B, 0x0B, 0xEC, 0xE2, 0x97, 0x3A, 0x53, 0xF7, 0x2F, 0x11, 0x42,
    0x8B, 0x22, 0xDD, 0xC6, 0x0A, 0x98, 0x28, 0xCC, 0x4B, 0xDE, 0x98, 0x4A, 0x2F, 0x22, 0x05, 0xB2,
    0xE8, 0xE5, 0x2E, 0x2C, 0x52, 0x08, 0xE4, 0x4D, 0xA2, 0xEB, 0x0B, 0x48, 0x58, 0x6A, 0xC8, 0x00,
    0x6C, 0xD4, 0xBC, 0x4A, 0x0D, 0x4C, 0x34, 0x79, 0xFB, 0x0E, 0x0A, 0xF4, 0x52, 0x6A, 0x72, 0x48,
    0x52, 0xAB, 0x16, 0x8F, 0x2C, 0x2E, 0x8B, 0x0C, 0x7F, 0xBF, 0x49, 0xC7, 0x66, 0xF9, 0xD1, 0x5D,
    0x3C, 0x1B, 0xE0, 0x6B, 0x21, 0x88, 0x76, 0x2E, 0x30, 0xDA, 0x99, 0xF6, 0x58, 0xAE, 0x4E, 0x99,
    0x7C, 0xBB, 0x5A, 0x0B, 0x66, 0x9F, 0x00, 0xEA, 0x0B, 0x7F, 0x0D, 0x44, 0xD5, 0x8F, 0x9F, 0xDA,
    0x06, 0xBB, 0x73, 0xB7, 0xB4, 0x49, 0xA4, 0xDE, 0x5C, 0xA2, 0x65, 0x97, 0x8F, 0x73, 0xA7, 0xE4,
    0x79, 0x98, 0x8E, 0x33, 0xA2, 0xC9, 0x95, 0x90, 0x86, 0xF5, 0xAA, 0x9D, 0x0D, 0x14, 0xED, 0xA6,
    0x00, 0x11, 0xB5, 0x61, 0xA9, 0xD9, 0x85, 0x66, 0x31, 0xD3, 0x07, 0x2C, 0xD4, 0xFF, 0xED, 0x59,
    0x99, 0xAB, 0x2B, 0xB7, 0x5A, 0x59, 0x82, 0x0F, 0x59, 0x10, 0x92, 0x32, 0x20, 0x32, 0x87, 0x75,
    0x1D, 0xB2, 0x7C, 0xAE, 0xF8, 0x67, 0x90, 0xD0, 0x0F, 0x1F, 0x42, 0x44, 0x8F, 0x18, 0x3E, 0x4C,
    0x2F, 0x3B, 0xEC, 0xCA, 0x1A, 0x9B, 0x60, 0x2E, 0xB0, 0x4A, 0x58, 0x0B, 0x6C, 0x47, 0xDF, 0x18,
    0x1D, 0xD9, 0x57, 0xC0, 0xF2, 0xB6, 0x48, 0xB7, 0xF7, 0x5F, 0x20, 0x78, 0xF0, 0x27, 0x61, 0x2C,
    0x20, 0x55, 0x16, 0x35, 0xAC, 0x9E, 0x74, 0x33, 0x9F, 0xE4, 0x10, 0x25, 0xE8, 0x31, 0x0A, 0xFA,
    0xF3, 0x21, 0x97, 0x6B, 0xCD, 0x67, 0xE9, 0x10, 0x29, 0xD9, 0xCD, 0xAC, 0xE5, 0x56, 0x6A, 0x28,
    0x4C, 0xDB, 0x10, 0x99, 0xE9, 0x16, 0xF6, 0xA5, 0x6A, 0xB3, 0x4C, 0x1E, 0x23, 0xAB, 0xB1, 0xCE,
    0x63, 0xC7, 0x61, 0x0F, 0xB4, 0xC7, 0x9B, 0xD9, 0x59, 0xD7, 0x2D, 0xAA, 0x87, 0x25, 0xFC, 0xD5,
    0x71, 0x11, 0xF7, 0x97, 0x59, 0xEA, 0x77, 0x17, 0x29, 0x9F, 0xCD, 0x6C, 0x78, 0x01, 0x10, 0xCF,
    0x89, 0xFF, 0x97, 0x1F, 0x99, 0xA5, 0x79, 0x77, 0x35, 0xB9, 0x32, 0xCE, 0x62, 0xBF, 0x2A, 0xBF,
    0x08, 0xB5, 0x02, 0xAC, 0x7F, 0xC5, 0x4B, 0x6A, 0x10, 0xCD, 0xDC, 0x2D, 0x3E, 0xFB, 0xDC, 0x65,
    0x97, 0xAB, 0xB5, 0x4A, 0x6E, 0xEE, 0x62, 0xD7, 0x7F, 0xAA, 0xD8, 0x0F, 0x48, 0xC7, 0x71, 0x7B,
    0xA4, 0x8B, 0x98, 0x23, 0xF4, 0xD0, 0x1A, 0x84, 0x2E, 0x1E, 0xD6, 0xC5, 0x9E, 0x77, 0x9B, 0x6C,
    0xF0, 0x3C, 0x10, 0x2B, 0xF7, 0xB3, 0xDD, 0x66, 0x3D, 0x0F, 0x84, 0x8E, 0x62, 0x9E, 0x62, 0x81,
    0x7A, 0x5F, 0x2E, 0xF6, 0xFD, 0xBD, 0xD0, 0xC4, 0x46, 0x9D, 0x98, 0x38, 0xB0, 0x16, 0x71, 0x5B,
    0x9B, 0xA5, 0x4B, 0xD5, 0x4E, 0x11, 0xD0, 0x2A, 0xFA, 0xC0, 0x47, 0x84, 0x5E, 0xFF, 0xB9, 0x05,
    0xEA, 0xB8, 0x97, 0x67, 0x72, 0x56, 0x83, 0x75, 0x4D, 0x8B, 0xE9, 0x33, 0xCD, 0x66, 0xC3, 0xAC,
    0x29, 0xA2, 0x3D, 0xA7, 0x46, 0x93, 0xD7, 0x14, 0x98, 0x42, 0x94, 0xF7, 0x6B, 0xB5, 0xEF, 0xD1,
    0x24, 0xAF, 0x95, 0x26, 0xF1, 0x40, 0x3C, 0x27, 0x79, 0xBA, 0x5F, 0x63, 0xD1, 0xCA, 0xA2, 0x4D,
    0x86, 0xA5, 0xD9, 0xA5, 0xED, 0x4B, 0xC8, 0xA7, 0x58, 0xEB, 0xDD, 0x42, 0xB5, 0x11, 0x97, 0xE6,
    0xEE, 0x92, 0x82, 0xC3, 0xDC, 0xA2, 0x43, 0x4D, 0x89, 0x96, 0x85, 0x21, 0x51, 0xA9, 0x45, 0xAB,
    0x5E, 0xA8, 0x14, 0xF1, 0x0A, 0x8B, 0x45, 0x16, 0x95, 0x5A, 0xFA, 0x39, 0x00, 0x8C, 0x7C, 0x5A,
    0xEF, 0xD3, 0xEE, 0x75, 0x28, 0x0B, 0x45, 0x1E, 0x13, 0x31, 0x12, 0x16, 0x3B, 0xF3, 0xF9, 0xA9,
    0x0B, 0x6E, 0xE1, 0xD3, 0x2D, 0x36, 0xCF, 0xCD, 0x29, 0xF2, 0x75, 0xF7, 0x22, 0x9F, 0x38, 0xD3,
    0x47, 0x78, 0x02, 0x8A, 0x92, 0xA8, 0x09, 0xF7, 0x4C, 0xD1, 0x7D, 0x44, 0x31, 0xFC, 0x8E, 0x02,
    0x5F, 0x9F, 0xA5, 0xE4, 0xDC, 0x51, 0x67, 0x85, 0x5B, 0x14, 0xDD, 0xAC, 0x18, 0xA2, 0x02, 0x00,
    0xD2, 0x3D, 0x3C, 0xD6, 0xB9, 0x1D, 0xB0, 0x3F, 0xC0, 0x22, 0x72, 0xA0, 0x35, 0xBC, 0xB7, 0xF7,
    0x6C, 0x83, 0xF9, 0xB8, 0xDD, 0x6E, 0x6B, 0x37, 0x75, 0x41, 0x7D, 0xFB, 0xDC, 0xBE, 0xC0, 0x7D,
    0x07, 0xDF, 0x14, 0xCD, 0x6B, 0xA5, 0xA2, 0x97, 0x2A, 0x37, 0x9C, 0x66, 0x8E, 0x44, 0x2F, 0xE3,
    0xD9, 0x4B, 0xF9, 0x8C, 0x73, 0xD7, 0x0D, 0x8A, 0x1A, 0x8A, 0x0E, 0xFF, 0x2C, 0x12, 0x36, 0xBA,
    0x3B, 0x31, 0xAB, 0x17, 0x71, 0xD6, 0xA7, 0x60, 0x71, 0x1F, 0x13, 0x55, 0x2D, 0x12, 0xA8, 0x0F,
    0x6B, 0xB3, 0x0B, 0xE6, 0xD2, 0x82, 0xFE, 0x6D, 0x84, 0xA8, 0xC6, 0x07, 0x16, 0x78, 0x8A, 0xB4,
    0x14, 0x6E, 0x58, 0xAD, 0x34, 0xE3, 0x9D, 0x1A, 0xC7, 0xBD, 0xDF, 0xD1, 0xE4, 0xDE, 0x42, 0xBC,
    0x50, 0x0B, 0xE7, 0x9C, 0x0A, 0x9C, 0x09, 0x44, 0x9A, 0x6C, 0x1D, 0xC8, 0xDA, 0xA2, 0xB5, 0xD9,
    0xE0, 0x18, 0xB5, 0x7E, 0x62, 0x7A, 0xD8, 0x69, 0xBB, 0x5D, 0xA4, 0xBC, 0x3D, 0x61, 0x6E, 0x9C,
    0x30, 0xA1, 0xB2, 0x25, 0x51, 0x40, 0xBA, 0xB9, 0xD4, 0xFB, 0xBA, 0xF9, 0xE2, 0xD3, 0x7D, 0x55,
    0x74, 0xCC, 0xF1, 0xCA, 0x2F, 0x0D, 0x9F, 0x9C, 0x96, 0x32, 0xE6, 0xDE, 0x46, 0x2C, 0x39, 0x57,
    0x36, 0x10, 0xFF, 0x70, 0xAE, 0x54, 0xAC, 0x54, 0xC2, 0xC8, 0x3F, 0x7B, 0x60, 0x19, 0x52, 0x97,
    0x43, 0x74, 0x1B, 0xC6, 0x7A, 0xE7, 0x4C, 0x70, 0x4E, 0x61, 0xAC, 0x31, 0x44, 0x07, 0xBF, 0x0C,
    0xBB, 0x03, 0x36, 0xCD, 0x55, 0x73, 0x9A, 0xD4, 0xB0, 0x08, 0x66, 0x1B, 0x06, 0x1D, 0xFA, 0xC6,
    0x3A, 0x65, 0xB2, 0x01, 0xE1, 0xFE, 0x59, 0xE4, 0x0D, 0x11, 0xB9, 0x17, 0xD8, 0xF8, 0xBB, 0x97,
    0xAB, 0x01, 0x72, 0xB5, 0x00, 0xB9, 0x36, 0xF3, 0xB9, 0xFC, 0x6E, 0xD8, 0x2C, 0xEF, 0x87, 0x4D,
    0xFB, 0x95, 0x91, 0x8A, 0x14, 0x25, 0x14, 0x6A, 0x5E, 0x0A, 0xB0, 0xA9, 0x31, 0xEA, 0xC5, 0x7A,
    0x5C, 0x08, 0x2F, 0x04, 0x16, 0x2B, 0x37, 0x45, 0x8D, 0x49, 0x19, 0x78, 0xD9, 0xDC, 0xBE, 0xB4,
    0x00, 0x49, 0x34, 0x84, 0x8C, 0xC4, 0x83, 0x58, 0xFF, 0xF0, 0xF7, 0xA8, 0xC8, 0x4C, 0xEC, 0x72,
    0xB1, 0xBB, 0xBF, 0xD8, 0x6E, 0x49, 0xB4, 0x2F, 0xBA, 0xFB, 0x51, 0xB1, 0x5E, 0x6F, 0x2B, 0x2C,
    0x5A, 0x11, 0x7D, 0xC7, 0x50, 0xF3, 0xCF, 0x21, 0xB5, 0xD2, 0xA6, 0x37, 0x19, 0xC5, 0x2D, 0xB5,
    0x9A, 0xFC, 0x64, 0xCE, 0x14, 0x38, 0x42, 0x99, 0x5B, 0xAF, 0xD9, 0x96, 0x4E, 0x9E, 0x38, 0x3D,
    0xFB, 0x74, 0x4D, 0xEE, 0xEA, 0x61, 0xA0, 0xCD, 0x06, 0x34, 0x3F, 0x00, 0x9C, 0x66, 0x27, 0x3D,
    0xEA, 0x8D, 0x8A, 0x5C, 0x6A, 0xD7, 0x6A, 0xED, 0x7E, 0x1B, 0xF8, 0xDA, 0xEC, 0xBF, 0xF9, 0xC3,
    0x6D, 0xDC, 0x87, 0xB2, 0xAF, 0xE7, 0xE1, 0x83, 0x6A, 0x2D, 0x79, 0xEB, 0x00, 0x3E, 0x97, 0x20,
    0xEB, 0x9B, 0x4A, 0xE9, 0xA6, 0x2A, 0xBD, 0x9D, 0x5D, 0xAC, 0xD2, 0x07, 0x36, 0x17, 0xEB, 0x94,
    0x3F, 0xD8, 0xA4, 0xEE, 0xD9, 0x32, 0x54, 0xD8, 0xC3, 0xEC, 0x63, 0xF8, 0x67, 0xDF, 0xB7, 0xD6,
    0x66, 0x4D, 0xE6, 0xD8, 0xAE, 0xF0, 0x8B, 0x9F, 0x97, 0x44, 0x80, 0xA3, 0x39, 0x6C, 0x15, 0x14,
    0x6C, 0xE0, 0x87, 0x48, 0x5A, 0xF3, 0x15, 0xCC, 0x96, 0x12, 0x49, 0x59, 0x51, 0x90, 0x71, 0x80,
    0x2A, 0x18, 0xE4, 0xC4, 0xBD, 0x6B, 0x83, 0xFF, 0xFF, 0x61, 0xF3, 0xA4, 0x71, 0x42, 0xCF, 0xE9,
    0x92, 0x2A, 0x30, 0x0E, 0x64, 0xEF, 0x67, 0x55, 0xC0, 0x51, 0x59, 0x01, 0x38, 0xB8, 0xD2, 0x69,
    0x30, 0xAE, 0xD9, 0x68, 0x59, 0x19, 0x83, 0x4D, 0x80, 0x0D, 0x54, 0xA2, 0x1F, 0x66, 0x4E, 0x02,
    0xC0, 0x11, 0x0A, 0x26, 0x62, 0x11, 0xF4, 0x1A, 0xAE, 0x21, 0x35, 0x51, 0x5D, 0x50, 0x13, 0xED,
    0x42, 0x91, 0x99, 0x88, 0x67, 0xE1, 0xB7, 0x36, 0x01, 0x0D, 0x43, 0xE4, 0x2E, 0x0A, 0xA2, 0x52,
    0xF4, 0xED, 0x4E, 0xE1, 0x4C, 0x24, 0xC5, 0xDE, 0x8B, 0x3C, 0xA1, 0xC3, 0x03, 0x76, 0x29, 0xA9,
    0xAB, 0x66, 0x89, 0xDB, 0xFB, 0xA7, 0xA9, 0x5B, 0xA4, 0x1E, 0x6D, 0x35, 0x3D, 0x5C, 0x27, 0xF9,
    0xFE, 0x02, 0xB9, 0xF3, 0xAF, 0x95, 0x9A, 0x9C, 0xD5, 0xE8, 0x92, 0xD6, 0x75, 0xBB, 0x3C, 0x4D,
    0xA6, 0xCF, 0x34, 0x9B, 0x0D, 0xB3, 0x66, 0x76, 0x99, 0x4F, 0x6C, 0x04, 0xE8, 0x16, 0x46, 0xF0,
    0x49, 0x80, 0x3A, 0x14, 0xDD, 0xAC, 0x68, 0xD3, 0x1D, 0xB8, 0xBB, 0xFF, 0x76, 0x84, 0x9F, 0xCF,
    0x35, 0x10, 0x0F, 0x2D, 0x00, 0x4C, 0xF3, 0xC5, 0x4B, 0x11, 0x28, 0xEF, 0x24, 0x11, 0x79, 0x90,
    0x80, 0xF5, 0x4E, 0x62, 0xDE, 0xE3, 0x72, 0xFB, 0x8B, 0xD2, 0x0B, 0xEA, 0xE5, 0xDB, 0x89, 0x79,
    0x2F, 0x4B, 0x52, 0x72, 0xFE, 0xF1, 0x36, 0x50, 0x80, 0xB9, 0x56, 0x2C, 0x6E, 0xEF, 0xDB, 0xA5,
    0x5B, 0xA4, 0x98, 0xFC, 0xFC, 0xD8, 0xD3, 0xF1, 0xC8, 0xB7, 0x21, 0x75, 0x0E, 0xBD, 0x54, 0x39,
    0x8C, 0x8A, 0x21, 0x2A, 0xFC, 0xAC, 0x68, 0x57, 0x2D, 0x68, 0xF0, 0x3D, 0x4F, 0x39, 0xA2, 0x90,
    0x25, 0x10, 0x4F, 0xF0, 0x73, 0xD9, 0x9A, 0xF9, 0x95, 0x01, 0xE0, 0x3E, 0x58, 0xF0, 0xBA, 0x78,
    0x9D, 0x3F, 0xD6, 0xF8, 0x78, 0xD3, 0x1B, 0x0C, 0x37, 0xE3, 0x90, 0x3A, 0x60, 0xF2, 0x40, 0x74,
    0x80, 0x14, 0xE1, 0x9F, 0x45, 0x89, 0xC8, 0xB1, 0xD2, 0x43, 0xDC, 0x2E, 0x90, 0x6E, 0x55, 0x0C,
    0xE9, 0x34, 0x93, 0x6B, 0xBE, 0xA0, 0xD9, 0x44, 0xD0, 0xAD, 0x8A, 0x40, 0x60, 0x23, 0x40, 0xB0,
    0xF4, 0x86, 0x72, 0x73, 0x98, 0x55, 0xDE, 0x27, 0x41, 0xDF, 0x71, 0xB4, 0xBA, 0x4D, 0x51, 0x1F,
    0xA3, 0x70, 0x3C, 0xF5, 0x54, 0x09, 0xD6, 0x7B, 0x17, 0x85, 0x7C, 0xC2, 0xD2, 0xFD, 0xDF, 0x68,
    0x83, 0xC4, 0xC2, 0x31, 0x26, 0x63, 0xA2, 0x61, 0x12, 0x09, 0xAB, 0x14, 0xCA, 0x2C, 0xA5, 0x72,
    0x93, 0x4A, 0xB9, 0x4B, 0xAD, 0x84, 0x38, 0x65, 0xE8, 0xDD, 0xFF, 0x25, 0x0C, 0xB1, 0xFB, 0x8B,
    0x84, 0x2E, 0x7A, 0xA5, 0x9B, 0x87, 0xEF, 0x56, 0xA6, 0xE0, 0x12, 0xEA, 0x65, 0x57, 0x56, 0x37,
    0x9B, 0xB2, 0x44, 0x56, 0x16, 0x58, 0x95, 0x82, 0x44, 0x06, 0xA3, 0x9F, 0x8C, 0x51, 0xD9, 0x8B,
    0x22, 0x12, 0x89, 0x58, 0x88, 0x4C, 0xC0, 0xD0, 0x13, 0x94, 0x0B, 0xB3, 0xA2, 0x5B, 0x14, 0x2E,
    0xD3, 0xCC, 0x6E, 0xFA, 0xD5, 0xAC, 0xE0, 0x2F, 0x14, 0xC3, 0xFF, 0x29, 0x3A, 0x28, 0x1C, 0x51,
    0x13, 0x25, 0x21, 0x86, 0x81, 0xE8, 0x08, 0x97, 0xE4, 0x09, 0xC7, 0x8E, 0x0C, 0x40, 0x6F, 0xB1,
    0x6D, 0xB6, 0x10, 0xBC, 0x4A, 0xAB, 0xD1, 0x8D, 0x0B, 0x20, 0xAD, 0x2C, 0x47, 0xA4, 0x3E, 0x62,
    0x37, 0xC7, 0x50, 0x18, 0x8F, 0x68, 0x7E, 0xA2, 0x90, 0xB7, 0x73, 0x0E, 0x99, 0x43, 0xDE, 0xEA,
    0x9E, 0xF4, 0x98, 0xCE, 0x93, 0x7E, 0xB3, 0x75, 0xB2, 0x7B, 0xDC, 0x03, 0x70, 0x63, 0x51, 0x5D,
    0xD3, 0xA2, 0x29, 0x53, 0x1E, 0x52, 0xB1, 0xCF, 0xDD, 0x4A, 0xD5, 0xAE, 0xF9, 0x9B, 0x95, 0x1F,
    0x43, 0x29, 0xB2, 0xDE, 0x4B, 0x23, 0xC4, 0x2D, 0x2F, 0x0B, 0xB3, 0x6C, 0x41, 0x42, 0x1C, 0xFA,
    0x21, 0xB3, 0xFB, 0x36, 0xFB, 0xC9, 0xCB, 0x63, 0x6E, 0x3A, 0xEE, 0x1D, 0xF4, 0xE3, 0xE2, 0xD9,
    0xE3, 0x34, 0x5F, 0xCF, 0x33, 0xDA, 0x24, 0xC5, 0x31, 0xA3, 0x59, 0x67, 0x6E, 0xE9, 0xEB, 0x7F,
    0x9E, 0x7C, 0x4D, 0x66, 0x7D, 0x3C, 0x4F, 0x94, 0x32, 0xEC, 0xBF, 0xA8, 0x6C, 0x98, 0xC5, 0x92,
    0x5E, 0x59, 0x84, 0xBB, 0x41, 0x3F, 0x13, 0x9B, 0x40, 0xA5, 0x14, 0x25, 0x51, 0x5C, 0x50, 0xEE,
    0x8A, 0x2F, 0xDE, 0x2C, 0x1E, 0xDF, 0x9D, 0xE4, 0xE6, 0xF3, 0x58, 0xB4, 0x51, 0xE9, 0xF2, 0x19,
    0x35, 0x6B, 0x54, 0x87, 0xAA, 0x1E, 0xE6, 0x1F, 0xDD, 0x7B, 0xB8, 0xEE, 0xE5, 0x46, 0xD1, 0x13,
    0xDB, 0x28, 0xFA, 0xDE, 0xF3, 0x44, 0xA5, 0x68, 0x2F, 0x8B, 0xA7, 0x02, 0x3B, 0x33, 0x31, 0x9D,
    0x9D, 0xE9, 0x58, 0x54, 0x43, 0x58, 0x24, 0x6F, 0xDC, 0xD9, 0x23, 0xBA, 0xAC, 0x7B, 0xF3, 0xF1,
    0x02, 0x28, 0x4F, 0x8F, 0x40, 0x80, 0x7C, 0xC5, 0xE5, 0x85, 0xEF, 0x93, 0x08, 0xEB, 0xEB, 0x1F,
    0x3F, 0x7A, 0x69, 0x0F, 0x84, 0x28, 0x7E, 0x0E, 0x93, 0x0C, 0x93, 0x5F, 0x4B, 0xC4, 0xEE, 0xBC,
    0x81, 0x23, 0x25, 0x8E, 0x17, 0xA2, 0x51, 0x86, 0x59, 0x8E, 0xF0, 0x56, 0x60, 0xEC, 0x16, 0x2D,
    0xB0, 0x05, 0x8D, 0x3D, 0x8C, 0x7A, 0x93, 0x26, 0xF3, 0xE0, 0xCB, 0xB8, 0x52, 0x8B, 0x4C, 0xA0,
    0x4B, 0xD6, 0x8D, 0x8E, 0x8A, 0xD3, 0x79, 0xC1, 0xE4, 0x27, 0x8C, 0xCA, 0x99, 0x9D, 0xA4, 0x7D,
    0xC7, 0x42, 0xFB, 0x7B, 0xBB, 0x2D, 0xB6, 0x8E, 0x76, 0x37, 0x1F, 0xB1, 0x5E, 0x16, 0x64, 0x85,
    0x51, 0x30, 0x91, 0xA6, 0x20, 0x09, 0x62, 0x85, 0xCB, 0xB9, 0x5B, 0x0A, 0x4C, 0x34, 0xBA, 0x96,
    0x98, 0xEB, 0x5D, 0xDC, 0x5A, 0x21, 0x35, 0x9B, 0xB8, 0xCC, 0x73, 0xD6, 0x73, 0xFD, 0x6C, 0x71,
    0xBC, 0x41, 0xDD, 0xA1, 0x71, 0x2B, 0xF7, 0xD5, 0xDE, 0xCD, 0x6E, 0xD1, 0xBB, 0x75, 0x1F, 0xCA,
    0x2D, 0xCF, 0xED, 0x5F, 0x6E, 0x5D, 0x92, 0x12, 0x5D, 0xDC, 0xED, 0xEC, 0x23, 0x6C, 0xFF, 0x72,
    0x18, 0x83, 0xBD, 0x89, 0x85, 0x7E, 0xA0, 0x61, 0x40, 0x3C, 0xF4, 0x1C, 0x4E, 0xE7, 0x61, 0x97,
    0xCE, 0x7C, 0xD9, 0x4E, 0x2F, 0xED, 0x6A, 0x0B, 0x72, 0x3D, 0x1F, 0x03, 0x51, 0xD8, 0x1A, 0xB6,
    0xD8, 0x65, 0xD3, 0xF4, 0x6E, 0x63, 0x66, 0x6D, 0x0D, 0x57, 0x62, 0xB4, 0x57, 0x9E, 0x38, 0x70,
    0x3C, 0x1D, 0xD1, 0xFA, 0x3D, 0x6A, 0x74, 0x80, 0x75, 0x4F, 0xEB, 0x49, 0xC8, 0xD7, 0x56, 0x30,
    0x96, 0x58, 0x2E, 0xF9, 0x0E, 0x66, 0xE1, 0x99, 0xD9, 0x7F, 0xC7, 0xEE, 0x8E, 0x13, 0x51, 0xC1,
    0x47, 0x45, 0x73, 0x6D, 0xA6, 0x39, 0xC7, 0xD6, 0xB0, 0xD8, 0xB7, 0xD2, 0xE8, 0x90, 0x34, 0xB3,
    0x5B, 0x34, 0x4F, 0x73, 0xBB, 0xA5, 0xD9, 0xC4, 0xA7, 0x0A, 0x12, 0xA6, 0xD3, 0x6B, 0xEC, 0x8F,
    0x80, 0xAF, 0xF5, 0xAA, 0xD8, 0xFF, 0x5B, 0x56, 0xE5, 0x58, 0x69, 0x27, 0xD9, 0x7B, 0x07, 0xAD,
    0xC7, 0xEB, 0x82, 0xF0, 0x95, 0xE1, 0x01, 0xA4, 0xBB, 0x30, 0x5D, 0x23, 0x1D, 0xB9, 0x6C, 0x36,
    0x2C, 0x8A, 0x61, 0x56, 0xD0, 0x46, 0x45, 0x1B, 0xCD, 0x7E, 0x2E, 0xF4, 0x49, 0x11, 0x6C, 0xC0,
    0xC6, 0x73, 0xA5, 0xCD, 0x5A, 0x99, 0x95, 0xA8, 0x14, 0xF7, 0x31, 0x9E, 0x8E, 0x5E, 0x20, 0x1F,
    0xEB, 0xD1, 0xCB, 0x45, 0xCF, 0x75, 0xAD, 0xDB, 0xA6, 0xF3, 0xAE, 0x44, 0x9D, 0xCF, 0x5B, 0x3C,
    0xC5, 0x75, 0x79, 0xFC, 0xCA, 0x82, 0xE1, 0x22, 0xD8, 0x5D, 0x04, 0x9B, 0x8B, 0x60, 0x79, 0x4F,
    0xF0, 0x2B, 0xC6, 0x00, 0x39, 0x0E, 0xF9, 0xF8, 0x8E, 0xB3, 0x9E, 0xF3, 0xCE, 0x11, 0xAD, 0x39,
    0xC8, 0x65, 0xF3, 0x29, 0x2A, 0x7E, 0x45, 0x11, 0xDE, 0xE2, 0xE0, 0x75, 0x49, 0xCA, 0xAD, 0x5E,
    0x8F, 0xCD, 0xE2, 0x7A, 0x2D, 0x37, 0xD1, 0x1C, 0xD0, 0x37, 0x9B, 0x24, 0x86, 0xD1, 0x36, 0x52,
    0xC3, 0x78, 0xEC, 0xFB, 0xE1, 0xFC, 0x1B, 0xC6, 0x2E, 0xBA, 0x54, 0x2F, 0x5A, 0x69, 0xE3, 0x06,
    0x41, 0x73, 0xEC, 0x66, 0x25, 0xFF, 0x8B, 0x4F, 0x97, 0x37, 0xCD, 0xCD, 0x3A, 0x17, 0x01, 0x99,
    0x81, 0xDA, 0x6B, 0x0A, 0xFF, 0x5C, 0x67, 0x8C, 0x55, 0x46, 0x5F, 0x6B, 0x72, 0x39, 0xFC, 0xE5,
    0x60, 0xF9, 0x2D, 0xDE, 0xCB, 0x25, 0x7E, 0x74, 0xB3, 0x37, 0xCD, 0x57, 0xC1, 0x6F, 0x63, 0x14,
    0xFF, 0x0F, 0x58, 0x8E, 0x68, 0xED, 0x37, 0xF6, 0xFB, 0xD3, 0xBD, 0x86, 0x51, 0x31, 0x44, 0x95,
    0x33, 0xF8, 0xD3, 0x95, 0xE5, 0x59, 0x69, 0x2A, 0x54, 0x6E, 0xFB, 0x66, 0x08, 0x2D, 0x9F, 0xB4,
    0xFC, 0x16, 0x46, 0x8B, 0xF4, 0x25, 0x30, 0x39, 0x60, 0xE9, 0x6E, 0xBE, 0x78, 0xF5, 0x53, 0x31,
    0x5B, 0x4C, 0xE8, 0x4F, 0x49, 0xAE, 0xD7, 0xCC, 0x67, 0x39, 0xE5, 0x28, 0xCF, 0x7A, 0xAC, 0xFF,
    0xCA, 0x83, 0x25, 0xCC, 0x90, 0x1A, 0x1B, 0xC4, 0x62, 0xB0, 0x5F, 0x5A, 0x4E, 0xE4, 0x1C, 0xA0,
    0x23, 0x07, 0x68, 0x5F, 0x10, 0xA2, 0x10, 0xA2, 0x37, 0x14, 0x2C, 0x55, 0x0C, 0x53, 0xC5, 0x1A,
    0x6F, 0x9D, 0xEA, 0xD6, 0xC8, 0xD4, 0x37, 0xE1, 0x98, 0xD6, 0xCA, 0xCB, 0x1E, 0x4F, 0x77, 0xD3,
    0x72, 0x4E, 0x2C, 0x77, 0xDE, 0x2D, 0x04, 0x23, 0x01, 0xDC, 0xC1, 0x78, 0xEE, 0x78, 0xC3, 0x24,
    0xBF, 0xA9, 0x35, 0x3E, 0x7F, 0x13, 0x77, 0x6B, 0xEA, 0xB3, 0xC0, 0x63, 0xEF, 0xAE, 0x63, 0x65,
    0x4B, 0x99, 0x6F, 0x64, 0x6F, 0xB2, 0x04, 0xE0, 0x92, 0x6A, 0xE6, 0xBD, 0x7E, 0xB2, 0x56, 0xE0,
    0xED, 0xB7, 0x00, 0xFC, 0xDA, 0x82, 0x9E, 0x85, 0x58, 0x82, 0xBE, 0xDA, 0xA8, 0x14, 0xB1, 0x33,
    0xFF, 0x67, 0xC3, 0xB0, 0x9C, 0x72, 0x94, 0xAF, 0xB1, 0x43, 0xC2, 0x3F, 0xE2, 0x18, 0x6C, 0xEA,
    0x24, 0x83, 0xFE, 0xCF, 0x3E, 0xCD, 0x1D, 0x90, 0x34, 0xC5, 0x22, 0xBC, 0x7C, 0x91, 0x85, 0x27,
    0x7B, 0x8F, 0x01, 0x33, 0x80, 0x15, 0x37, 0xED, 0x86, 0xA9, 0xDA, 0x31, 0xDE, 0xB6, 0xFF, 0xF2,
    0xE4, 0x05, 0x91, 0x7F, 0xDE, 0xFA, 0xE6, 0xCB, 0xFE, 0xA4, 0x99, 0x19, 0xCD, 0x7C, 0x56, 0xF2,
    0xDA, 0xDE, 0x7A, 0x5E, 0xFB, 0x68, 0xED, 0x18, 0xE6, 0x01, 0xD3, 0x80, 0x71, 0x38, 0xBA, 0xDD,
    0x4B, 0x53, 0x9B, 0xC1, 0x19, 0xA8, 0x40, 0x44, 0x0D, 0x41, 0x9B, 0xED, 0x3B, 0x10, 0x30, 0x69,
    0xE2, 0x79, 0x15, 0xE8, 0xFC, 0x8C, 0xDF, 0x81, 0xA8, 0xCC, 0x08, 0x7B, 0x67, 0xF7, 0x89, 0x33,
    0x3D, 0x67, 0x32, 0x3E, 0xFD, 0x8F, 0x37, 0x28, 0x8D, 0xC7, 0xBC, 0x2A, 0xCD, 0x8D, 0xF8, 0x1F,
    0x45, 0xDF, 0x2D, 0xE2, 0x7F, 0x06, 0xEF, 0x80, 0x79, 0x78, 0xC6, 0xD0, 0xB1, 0xB5, 0xF8, 0x4B,
    0x4C, 0x3E, 0x35, 0x9A, 0x35, 0xFB, 0xB9, 0xDA, 0xD4, 0x4F, 0x3F, 0x1D, 0x27, 0x6E, 0x33, 0xBB,
    0x8F, 0xFF, 0x14, 0x46, 0xF1, 0x7F, 0xC2, 0x21, 0xFF, 0x7F, 0x1C, 0xFC, 0x3B, 0x97, 0xD1, 0x4B,
    0x49, 0x73, 0xA2, 0x98, 0x2E, 0x88, 0xAF, 0x01, 0xE9, 0x76, 0x7B, 0x15, 0x49, 0xC7, 0xD8, 0xD1,
    0x98, 0x40, 0x7D, 0x85, 0x2D, 0xCA, 0xC3, 0xE5, 0xCB, 0x86, 0x3F, 0x7F, 0xED, 0x20, 0x98, 0x67,
    0xA5, 0x26, 0x67, 0x35, 0xAC, 0xAE, 0x69, 0x31, 0x7D, 0x16, 0x92, 0xFC, 0x5F, 0x5C, 0x42, 0xDC,
    0xFE, 0xCD, 0xAF, 0x16, 0xE2, 0x66, 0xC1, 0x39, 0xC4, 0xD5, 0xB0, 0xBA, 0x74, 0x75, 0x39, 0x42,
    0xE6, 0xAB, 0xC6, 0xD7, 0x6B, 0x78, 0x6A, 0xEF, 0x87, 0xA7, 0x23, 0x1E, 0x3D, 0x0C, 0x4F, 0x44,
    0x88, 0x97, 0xF0, 0xB4, 0xB6, 0x47, 0x5D, 0xD3, 0x62, 0xFA, 0x5E, 0x39, 0x36, 0xFA, 0x38, 0xF8,
    0x3F, 0x80, 0xC6, 0x65, 0x8F, 0x7F, 0xF6, 0xBB, 0xAA, 0xA2, 0xDF, 0xEA, 0x97, 0x9F, 0xEC, 0x88,
    0x8F, 0x1C, 0x45, 0xE0, 0x5B, 0xE0, 0x46, 0x8B, 0xBD, 0x5F, 0xDE, 0x56, 0xB9, 0x37, 0x58, 0xC3,
    0xBE, 0x05, 0x37, 0xF6, 0xD5, 0x68, 0x3F, 0x6F, 0x90, 0x46, 0xBA, 0xF8, 0x44, 0x53, 0xF7, 0x97,
    0x36, 0x57, 0xF5, 0x0E, 0x9B, 0xD5, 0xE7, 0x7B, 0x40, 0xF1, 0xFE, 0x4B, 0x70, 0x7A, 0x34, 0xD0,
    0x55, 0xDB, 0x4B, 0x82, 0x1A, 0xCB, 0x77, 0x4D, 0xF8, 0x11, 0x86, 0x90, 0x51, 0x82, 0xA6, 0x2F,
    0xB6, 0xD7, 0x98, 0xFC, 0x4A, 0xA9, 0x67, 0x6A, 0xB8, 0xA7, 0x9E, 0x75, 0x78, 0x6F, 0x5E, 0x47,
    0xA4, 0xC3, 0x3F, 0x6D, 0xE5, 0xFE, 0x75, 0xDB, 0x10, 0xCF, 0x33, 0x58, 0xC7, 0xBE, 0xEA, 0x52,
    0xA1, 0x58, 0xD4, 0x62, 0xBD, 0x56, 0x59, 0xEB, 0xD6, 0xAB, 0x94, 0x9B, 0x53, 0x5F, 0x77, 0xFB,
    0x72, 0xDC, 0xCE, 0x22, 0x61, 0x88, 0x97, 0xAF, 0x44, 0x3D, 0x1B, 0x80, 0xE1, 0x66, 0xBF, 0x2C,
    0x40, 0x14, 0x43, 0x6C, 0x53, 0x9D, 0x7D, 0xEC, 0x52, 0xB3, 0xFA, 0xC9, 0x2F, 0x6E, 0xE9, 0x66,
    0xBF, 0xBA, 0xD4, 0xA6, 0xC1, 0x3E, 0x49, 0x7F, 0x30, 0xB7, 0xB3, 0x4B, 0xDB, 0x07, 0xBA, 0xA9,
    0x59, 0xF2, 0xDB, 0x3E, 0xD6, 0x37, 0xD9, 0xEB, 0x50, 0xDA, 0x17, 0x3F, 0x8C, 0x15, 0x03, 0x6D,
    0x5F, 0x22, 0xB5, 0x90, 0x02, 0xB3, 0x83, 0x08, 0x26, 0xAA, 0x47, 0x6C, 0x36, 0x4E, 0x2B, 0x35,
    0x0D, 0x8C, 0x6A, 0xC6, 0xA7, 0x12, 0xE2, 0x56, 0xDE, 0x6B, 0x76, 0x99, 0xAB, 0x71, 0xDE, 0xE1,
    0x30, 0x69, 0xB1, 0x3D, 0x8F, 0xCB, 0x42, 0xAF, 0xB9, 0x7C, 0xC0, 0xB7, 0x1B, 0x0E, 0xF6, 0x81,
    0x84, 0xAF, 0xA7, 0x74, 0xCC, 0xE5, 0xDA, 0x3E, 0x2A, 0x42, 0xAC, 0x93, 0x5B, 0x67, 0xB3, 0xE9,
    0xAD, 0x3B, 0x02, 0x85, 0x7D, 0xD4, 0x6D, 0x56, 0x69, 0x56, 0x15, 0xAE, 0xB2, 0x2D, 0x69, 0xBA,
    0x59, 0x8A, 0x9D, 0x5D, 0x1A, 0x44, 0x40, 0x6F, 0xD6, 0x14, 0xFB, 0xF9, 0x05, 0xD1, 0x5D, 0xBF,
    0x6B, 0x2E, 0x97, 0x4F, 0xA5, 0x93, 0xC8, 0xD7, 0x82, 0xB5, 0x20, 0x8A, 0x4C, 0x4C, 0x04, 0x90,
    0x4E, 0x69, 0x7E, 0xB0, 0x63, 0xDE, 0x25, 0x39, 0xBD, 0x8B, 0x5B, 0x17, 0x68, 0x2E, 0x9B, 0xE8,
    0x77, 0xEA, 0x31, 0x6C, 0xF3, 0x1D, 0x06, 0xB3, 0x5B, 0x9F, 0x1B, 0xDC, 0x03, 0xFD, 0xA3, 0xC9,
    0xEE, 0x79, 0x73, 0x80, 0x7A, 0x89, 0xB9, 0xC2, 0x4C, 0x51, 0x11, 0x7C, 0xCC, 0x7F, 0x34, 0x93,
    0x04, 0xAB, 0x7D, 0x4D, 0x7F, 0x78, 0x6C, 0x74, 0xA5, 0xC0, 0xC4, 0x15, 0x3B, 0x5F, 0xC0, 0x98,
    0xF3, 0x40, 0x8C, 0x75, 0xA1, 0x47, 0xA2, 0x36, 0xFD, 0xD5, 0x2B, 0x47, 0x17, 0x46, 0x1F, 0x07,
    0x2C, 0x88, 0xF8, 0x7B, 0x5B, 0x9F, 0x0F, 0x8C, 0x11, 0x5A, 0xF4, 0x51, 0xCD, 0x5A, 0x45, 0xB4,
    0xE5, 0x48, 0x72, 0xBD, 0x92, 0xBA, 0x4B, 0x7D, 0x46, 0x3E, 0x4E, 0x33, 0x0D, 0xC8, 0x5B, 0x63,
    0x2E, 0xCD, 0x4E, 0x99, 0x99, 0xBD, 0x36, 0x33, 0xFD, 0xED, 0xB0, 0x64, 0xDC, 0xF6, 0xD0, 0xDE,
    0x0C, 0x3B, 0xF3, 0x72, 0x4A, 0x69, 0x66, 0x5B, 0xC3, 0x5B, 0xD9, 0x1E, 0xC6, 0xF4, 0x8C, 0xDC,
    0xA3, 0x3E, 0x9D, 0xD2, 0x9D, 0x8C, 0xC8, 0xA7, 0xF3, 0x5F, 0xFD, 0x5F, 0xFD, 0x87, 0x8A, 0xF2,
    0xBF, 0xB8, 0xA1, 0x4A, 0x65, 0x44, 0x5C, 0x45, 0x2A, 0x43, 0x54, 0x76, 0x18, 0x67, 0x06, 0x86,
    0x71, 0xB6, 0x03, 0x00, 0x38, 0x7F, 0xF3, 0x1F, 0xAA, 0x80, 0x43, 0x70, 0xC1, 0xAE, 0x22, 0x83,
    0x21, 0xA3, 0x5D, 0xEB, 0xD8, 0x4F, 0x08, 0xA3, 0x07, 0xD8, 0x9D, 0x04, 0x97, 0xDB, 0xD2, 0xEF,
    0x26, 0x04, 0x19, 0x27, 0xE3, 0xC5, 0x4E, 0xEC, 0xEF, 0xF0, 0x77, 0x8B, 0x03, 0x1C, 0x57, 0x90,
    0x6B, 0xC1, 0x57, 0x86, 0x6A, 0xC7, 0xA7, 0x55, 0x1B, 0x70, 0x2E, 0xE5, 0x0E, 0x38, 0xD2, 0x1F,
    0x52, 0xE4, 0x40, 0x2A, 0x05, 0xF3, 0xFE, 0x3A, 0x02, 0xED, 0x0A, 0x90, 0x8C, 0x87, 0x14, 0x00,
    0xBA, 0xE6, 0xD7, 0x92, 0x57, 0x47, 0xA1, 0x2B, 0xD0, 0xF0, 0x1B, 0x18, 0x4C, 0x84, 0x0D, 0x6D,
    0x80, 0x59, 0xED, 0x9C, 0x2C, 0x13, 0xC7, 0xEA, 0x2A, 0xE8, 0x0E, 0x1D, 0xA2, 0x83, 0xD5, 0xAC,
    0x25, 0xB9, 0x3A, 0xF5, 0xF2, 0x5B, 0x7C, 0x55, 0x50, 0xF7, 0x7D, 0x40, 0xB3, 0xBB, 0x05, 0x26,
    0xB6, 0x11, 0x76, 0x69, 0x36, 0xB8, 0x50, 0x11, 0xE3, 0x54, 0xB2, 0xE3, 0x00, 0xFE, 0x1A, 0x81,
    0xFE, 0xEF, 0xE4, 0x00, 0xDE, 0x21, 0x0C, 0xB9, 0xC2, 0x90, 0x0C, 0x97, 0x90, 0x53, 0x05, 0xE2,
    0x59, 0x77, 0x5C, 0x05, 0x3E, 0xEB, 0x9F, 0xB4, 0x1B, 0xF7, 0x5F, 0xEC, 0x28, 0xC9, 0xD9, 0x90,
    0xAB, 0x7D, 0xFA, 0xB9, 0xAB, 0x9B, 0xF0, 0x8A, 0x24, 0x70, 0x01, 0x68, 0x37, 0xA0, 0xE1, 0x04,
    0xC3, 0x1D, 0x96, 0x9C, 0xDC, 0x3F, 0x31, 0xED, 0xEF, 0x37, 0xB7, 0xD4, 0x6C, 0xF9, 0x0D, 0x6C,
    0xF8, 0xFF, 0x2C, 0xC8, 0x1D, 0xCF, 0x65, 0x04, 0xC6, 0x24, 0xCD, 0x0E, 0x94, 0x2C, 0x50, 0xB0,
    0xF1, 0x25, 0x93, 0xBF, 0xCD, 0x92, 0xB1, 0x26, 0x67, 0x89, 0xF3, 0xB2, 0x62, 0x61, 0x15, 0xD3,
    0x2F, 0x6D, 0x20, 0xB7, 0x62, 0xDC, 0x3B, 0xA0, 0x25, 0x17, 0x80, 0xA9, 0xA1, 0xE2, 0x2B, 0x6E,
    0xD1, 0x37, 0x11, 0x70, 0x73, 0x3B, 0xDB, 0xB5, 0x59, 0x9C, 0x67, 0x32, 0xE9, 0x2B, 0x72, 0xD8,
    0x6E, 0xD7, 0x6B, 0xDB, 0xDD, 0xDE, 0x9A, 0x19, 0xE8, 0xA3, 0xF1, 0x80, 0xBB, 0x8E, 0x69, 0x6F,
    0x81, 0x97, 0xDF, 0xAE, 0x97, 0x34, 0xD2, 0x89, 0x55, 0xCC, 0x1E, 0xCC, 0x6C, 0x97, 0x26, 0x88,
    0xE7, 0x7E, 0x2E, 0xF9, 0xC6, 0xCF, 0xE5, 0x80, 0x91, 0xDC, 0x8F, 0xE8, 0x18, 0x77, 0xE5, 0xDF,
    0xD3, 0x7F, 0x5D, 0x13, 0x50, 0x85, 0x86, 0xA1, 0x67, 0xD8, 0xAB, 0x10, 0xAB, 0xB0, 0x35, 0xB2,
    0xDD, 0x3E, 0x15, 0xD0, 0x4F, 0xA3, 0x07, 0x7F, 0x95, 0x5D, 0xC5, 0x6A, 0x47, 0x13, 0x4D, 0x44,
    0xBB, 0xD8, 0x00, 0x37, 0xF7, 0x13, 0x46, 0xCF, 0x41, 0xB7, 0xB4, 0x2F, 0xEF, 0xD5, 0x71, 0x6A,
    0x91, 0x6D, 0xA5, 0x8D, 0x24, 0xC3, 0x25, 0x00, 0x30, 0x37, 0xC2, 0x73, 0x7E, 0x27, 0x01, 0x19,
    0xF2, 0x0F, 0xBF, 0xF8, 0x3B, 0xA8, 0xB8, 0xC3, 0xBC, 0xA2, 0xF5, 0x5F, 0x37, 0xBE, 0x6A, 0x7E,
    0x21, 0x97, 0xF0, 0x67, 0xE1, 0xA5, 0x2F, 0x0C, 0xE1, 0x6B, 0xBF, 0x32, 0x70, 0xFD, 0xDA, 0xC0,
    0xF9, 0x2B, 0xC3, 0x07, 0xA7, 0x17, 0xA6, 0x8E, 0xBF, 0xFA, 0xBA, 0xDF, 0xF9, 0xE9, 0xD0, 0x0E,
    0x8D, 0xAF, 0x49, 0xA0, 0x7F, 0x2B, 0x00, 0x50, 0x5B, 0xB3, 0xC2, 0x11, 0xAF, 0x6D, 0x87, 0xA5,
    0xF2, 0xA1, 0xF2, 0x09, 0xD3, 0xB6, 0x23, 0x52, 0x3F, 0xAA, 0x88, 0xBB, 0x43, 0x1D, 0xB3, 0xB9,
    0xBF, 0x84, 0x67, 0x1F, 0x7C, 0xB4, 0xAB, 0x16, 0x05, 0x27, 0xB4, 0x8C, 0x70, 0x24, 0xEC, 0x37,
    0x12, 0x4F, 0x1C, 0x45, 0xA2, 0x60, 0x5E, 0xDB, 0x32, 0x45, 0x6D, 0x00, 0xFA, 0x09, 0x25, 0x3B,
    0x34, 0xDB, 0x9D, 0x4B, 0xFD, 0x16, 0x13, 0xCF, 0x65, 0x64, 0xFC, 0xF2, 0x3A, 0x4A, 0xA4, 0x26,
    0x96, 0x0C, 0x25, 0xE7, 0x92, 0x11, 0xD5, 0x8E, 0x82, 0x8F, 0x15, 0xFC, 0xF2, 0x6F, 0x62, 0xCF,
    0xCD, 0x72, 0x4D, 0x83, 0xCB, 0xAD, 0x8A, 0x4D, 0x30, 0xB3, 0xF5, 0xAE, 0x63, 0x32, 0xF8, 0x98,
    0xA4, 0x13, 0x69, 0x22, 0xBD, 0x89, 0x9C, 0xFB, 0x8D, 0x64, 0x92, 0x0F, 0x6F, 0x1C, 0x5F, 0xBF,
    0x11, 0xC0, 0xDD, 0x04, 0xCF, 0x65, 0x28, 0x48, 0x39, 0x6F, 0x42, 0x9B, 0xC4, 0x9D, 0xA4, 0xBF,
    0x22, 0xD2, 0x67, 0x93, 0x98, 0x24, 0x65, 0x12, 0x7C, 0x49, 0x12, 0x7C, 0x7C, 0x72, 0x5E, 0xAE,
    0xCB, 0x50, 0xCD, 0x26, 0xF1, 0x94, 0x73, 0xF7, 0xB3, 0x7A, 0xB7, 0xD9, 0x19, 0x23, 0x1A, 0xA2,
    0x27, 0x46, 0xFD, 0xFD, 0x35, 0x51, 0xDC, 0xED, 0xE7, 0x18, 0xF2, 0xEF, 0xD6, 0xDE, 0x59, 0xCE,
    0xFD, 0xB7, 0x2D, 0xAF, 0x2D, 0xD6, 0x88, 0x98, 0x7F, 0x69, 0x3B, 0xF5, 0xA4, 0xFE, 0x5A, 0x6B,
    0xCE, 0xE8, 0xE9, 0xE1, 0x82, 0x9B, 0x61, 0xD6, 0x76, 0x41, 0xBD, 0x35, 0x11, 0x25, 0x2B, 0x02,
    0xD4, 0x93, 0x7E, 0xEA, 0xBD, 0x6E, 0x69, 0x9F, 0xEE, 0xD5, 0x71, 0x6A, 0xA1, 0xB6, 0xF8, 0x39,
    0xA0, 0xD8, 0xF2, 0x39, 0x54, 0x25, 0xB1, 0x49, 0xEA, 0x25, 0x97, 0x0D, 0x13, 0xB2, 0x6E, 0x27,
    0xE0, 0x27, 0x93, 0x76, 0x3E, 0x8F, 0xE9, 0xBB, 0xAC, 0x47, 0x64, 0xBD, 0x65, 0x5D, 0x46, 0xFC,
    0xC2, 0x90, 0x74, 0xB5, 0x80, 0x3E, 0xE9, 0x26, 0x54, 0xF4, 0x8E, 0xDE, 0x4C, 0x8D, 0x6A, 0xEB,
    0x8D, 0x6A, 0x07, 0xA7, 0x0B, 0xEE, 0x36, 0x6E, 0x3B, 0xD1, 0xB1, 0x88, 0xA2, 0xCB, 0xB5, 0x5A,
    0x34, 0x42, 0x68, 0xE6, 0x3E, 0xE9, 0x46, 0x8A, 0x5F, 0x00, 0x8C, 0xCF, 0xDA, 0x0E, 0x59, 0x3B,
    0x64, 0x26, 0xB7, 0x4F, 0x3A, 0x22, 0xB7, 0x3F, 0xC8, 0xEA, 0xE7, 0xC4, 0xD3, 0xE9, 0x78, 0x64,
    0x74, 0x14, 0x4F, 0xA7, 0xE3, 0xF1, 0x59, 0xDB, 0xE1, 0x74, 0x3C, 0xCA, 0x5B, 0x3D, 0xA9, 0x8E,
    0x59, 0x57, 0x6B, 0xD6, 0x75, 0x68, 0x76, 0xD1, 0x66, 0x72, 0x7A, 0x3C, 0xAD, 0x27, 0x67, 0xE1,
    0xDF, 0x6D, 0x36, 0x24, 0xDD, 0xE3, 0x0B, 0x5B, 0xD1, 0x5B, 0x5E, 0x17, 0x85, 0x78, 0x9E, 0x20,
    0x87, 0x0F, 0xE1, 0x5F, 0x07, 0x80, 0x40, 0x32, 0xD7, 0xE5, 0x93, 0xCC, 0x61, 0x16, 0xE1, 0xDC,
    0xC1, 0x4D, 0x00, 0x5E, 0x0E, 0xE8, 0xF1, 0xC4, 0xAC, 0xCB, 0x55, 0xB5, 0x90, 0xD6, 0x56, 0xBE,
    0x22, 0x2B, 0x0E, 0x9A, 0xE8, 0x96, 0x0B, 0xA0, 0x4B, 0x4E, 0x13, 0x8D, 0x2F, 0xFF, 0xAE, 0xA8,
    0x91, 0x1E, 0xD3, 0x44, 0x03, 0x68, 0x84, 0xA8, 0x8C, 0x0F, 0xB0, 0x5E, 0xB4, 0x47, 0xDF, 0x89,
    0x5E, 0x40, 0xE8, 0xFE, 0x62, 0xC3, 0x67, 0x77, 0xA8, 0x62, 0xB2, 0x18, 0xFD, 0xA7, 0xD6, 0xB1,
    0x5E, 0x0A, 0x99, 0x8F, 0x68, 0x64, 0x9E, 0x2C, 0x97, 0x56, 0xE6, 0xA9, 0xE6, 0xE0, 0xBC, 0xD1,
    0xF9, 0xE9, 0x3B, 0xE7, 0x44, 0xEF, 0x78, 0x99, 0xE8, 0x22, 0x22, 0x8A, 0xAE, 0xD6, 0x72, 0x71,
    0x13, 0x74, 0x7A, 0x29, 0x59, 0x9D, 0xB3, 0xB6, 0x3E, 0x6B, 0x37, 0xE4, 0x79, 0x19, 0x91, 0xF5,
    0x0E, 0x6D, 0xC5, 0x9F, 0x64, 0xAD, 0x17, 0x83, 0x70, 0x48, 0xFE, 0x37, 0x4E, 0xC5, 0xB4, 0x0D,
    0x59, 0xDC, 0xAC, 0x29, 0x2C, 0x98, 0xE8, 0xEE, 0x80, 0x11, 0xEF, 0x92, 0xD5, 0x19, 0xA0, 0x3F,
    0xA4, 0x18, 0x38, 0x55, 0x73, 0xBF, 0x5E, 0x04, 0x97, 0x2F, 0x94, 0x5D, 0x31, 0xBE, 0xF5, 0x54,
    0x99, 0xD1, 0x2C, 0x38, 0x0A, 0xDE, 0xC1, 0xA0, 0xC7, 0xD5, 0x96, 0xCB, 0x3E, 0x27, 0x61, 0xC7,
    0x19, 0x39, 0x79, 0x40, 0x45, 0x31, 0xAE, 0xB9, 0x8A, 0x9F, 0x67, 0xA2, 0x70, 0xFE, 0x90, 0x4E,
    0xE0, 0x07, 0x09, 0xE1, 0xA6, 0x38, 0xB1, 0x13, 0x8E, 0xE2, 0x82, 0x43, 0x2F, 0xD8, 0xB9, 0x19,
    0x25, 0x61, 0x03, 0x2A, 0x92, 0x19, 0x57, 0x34, 0x09, 0x23, 0x4C, 0xC2, 0x0D, 0xED, 0x8A, 0x6A,
    0xCF, 0x03, 0xE0, 0x82, 0x54, 0xD1, 0x7E, 0x46, 0xC1, 0x01, 0x28, 0xF6, 0x4B, 0xBA, 0x4D, 0x10,
    0x34, 0x93, 0xA0, 0x1D, 0x1E, 0x5D, 0xCE, 0x9F, 0x9F, 0xB3, 0xAA, 0x0C, 0x95, 0x49, 0xF5, 0x8C,
    0x70, 0x30, 0xFF, 0x17, 0x85, 0xB8, 0x1F, 0x1F, 0x5D, 0xE6, 0xDA, 0xEA, 0xE0, 0x24, 0x56, 0x14,
    0xB4, 0xDC, 0x25, 0x4A, 0x1B, 0x05, 0xAB, 0x70, 0x8D, 0xB9, 0xDA, 0xF0, 0x92, 0xFF, 0xC1, 0x3C,
    0x5C, 0x63, 0x1E, 0x95, 0xB9, 0x78, 0xB3, 0xFF, 0x7D, 0xCE, 0x9C, 0x83, 0x30, 0x1F, 0x33, 0xF3,
    0x49, 0x98, 0xBB, 0xF9, 0x8C, 0xF9, 0x72, 0xC6, 0x3C, 0x0A, 0xF3, 0x7A, 0x83, 0x5D, 0x32, 0x73,
    0xC1, 0x13, 0xF3, 0xB6, 0x7B, 0x99, 0x2E, 0x2A, 0x1E, 0xA8, 0x3D, 0x57, 0x1A, 0xAF, 0xE6, 0xB9,
    0xBA, 0x96, 0x67, 0x73, 0x96, 0x67, 0xAB, 0x6C, 0x5D, 0x66, 0xEB, 0xF3, 0xC3, 0xC0, 0x38, 0xE0,
    0xC8, 0x33, 0x32, 0x5B, 0x1B, 0x9E, 0x9D, 0xED, 0xA2, 0x6C, 0x2F, 0xF3, 0x9C, 0xD9, 0x76, 0xC0,
    0x97, 0x43, 0x38, 0x28, 0x93, 0xEA, 0x75, 0x41, 0xD0, 0x1F, 0x78, 0xF4, 0x6B, 0x8D, 0x3A, 0x1A,
    0x4F, 0x79, 0xBE, 0xB4, 0x3A, 0xCB, 0x73, 0xC3, 0xE5, 0x8C, 0xB9, 0xA0, 0xFD, 0x1F, 0x65, 0xFE,
    0x3A, 0x42, 0x32, 0x2C, 0x38, 0xE6, 0x3C, 0x77, 0x5A, 0x3B, 0x70, 0x25, 0xCF, 0x35, 0x0F, 0xE6,
    0xEB, 0x39, 0x73, 0xCD, 0xF0, 0xAE, 0xC8, 0xE3, 0xDE, 0x46, 0x2D, 0x22, 0x50, 0x67, 0x65, 0xB2,
    0x6A, 0xB3, 0xB2, 0x39, 0xC1, 0x2E, 0xAB, 0x71, 0x54, 0xC5, 0x5E, 0x54, 0x49, 0x27, 0xAA, 0xDA,
    0x9D, 0x06, 0x8C, 0xAA, 0xCC, 0xAA, 0xAA, 0xD5, 0xA2, 0x09, 0x17, 0x74, 0x48, 0x3F, 0xA9, 0x1A,
    0xBD, 0x2A, 0x92, 0x49, 0x95, 0x59, 0x55, 0x59, 0x35, 0x89, 0x19, 0x19, 0x4D, 0x54, 0xD5, 0xAE,
    0xAA, 0xDC, 0xA2, 0x0A, 0x25, 0xDF, 0x0A, 0xD9, 0x42, 0x41, 0x72, 0x12, 0x9A, 0xC1, 0xEC, 0xDD,
    0xC5, 0x62, 0x17, 0xD4, 0xDE, 0xCD, 0x28, 0xD0, 0xFB, 0xE3, 0xC4, 0x65, 0x77, 0x13, 0xE8, 0x10,
    0x1D, 0xAC, 0x66, 0xEA, 0x40, 0x5D, 0x69, 0xD2, 0x32, 0x33, 0x5D, 0x1E, 0xC5, 0xF8, 0x0A, 0x00,
    0x7A, 0xB6, 0x6D, 0x02, 0x9C, 0x8E, 0x5A, 0x55, 0x25, 0x28, 0xBE, 0x2B, 0x41, 0x25, 0x7D, 0xE5,
    0xDE, 0xA1, 0x5E, 0x93, 0x8E, 0x00, 0x78, 0x9A, 0x61, 0xEB, 0x71, 0x34, 0x92, 0xFB, 0x1D, 0x02,
    0xE0, 0x9A, 0x90, 0xEB, 0xB9, 0xDC, 0x75, 0xCC, 0x5D, 0x7C, 0xE5, 0x22, 0x73, 0xBA, 0x5F, 0xAD,
    0x17, 0xC0, 0xCC, 0x0F, 0x26, 0xEE, 0x2D, 0x39, 0xC6, 0x19, 0xE8, 0x57, 0x60, 0xDF, 0x50, 0xAD,
    0x63, 0xD7, 0xCC, 0xD6, 0x3F, 0x88, 0xD8, 0xF5, 0xD4, 0x76, 0x26, 0x38, 0x2F, 0x22, 0xDB, 0x0F,
    0x22, 0xE6, 0xD8, 0xA5, 0x78, 0x53, 0x1D, 0xCA, 0xD3, 0x55, 0xF6, 0xE3, 0xFB, 0x6B, 0x82, 0x99,
    0xEC, 0xE0, 0x32, 0xCB, 0x8F, 0xEB, 0x0F, 0x9F, 0x07, 0x8C, 0x28, 0xE9, 0x6B, 0xCE, 0xE6, 0x0D,
    0x8B, 0xFB, 0xD5, 0x88, 0xDC, 0x78, 0x0F, 0x7E, 0xE7, 0x8F, 0xC1, 0xF7, 0xD0, 0x6D, 0x45, 0xBE,
    0x55, 0x80, 0x9D, 0xC0, 0x24, 0x10, 0xAA, 0x88, 0x8B, 0x98, 0xA0, 0x11, 0xA8, 0xB6, 0x04, 0xE5,
    0x9E, 0xA0, 0xA0, 0x42, 0x6A, 0x0A, 0xC8, 0x5B, 0xF5, 0x69, 0x47, 0xA9, 0xB0, 0x1F, 0x16, 0x46,
    0x6C, 0xFB, 0x35, 0xFB, 0x3B, 0x3C, 0x77, 0x1A, 0x2D, 0xB7, 0x76, 0x88, 0x80, 0x0B, 0x2B, 0x30,
    0x72, 0x01, 0x62, 0x1F, 0x12, 0x18, 0x8F, 0x3B, 0xEA, 0xAD, 0x09, 0xF4, 0x02, 0x41, 0x60, 0x15,
    0x88, 0x02, 0x54, 0xE8, 0x04, 0x7C, 0x82, 0x31, 0x24, 0xB0, 0x4B, 0x02, 0x13, 0x13, 0xD4, 0x4C,
    0x50, 0xF2, 0xFB, 0x02, 0xC1, 0xFF, 0x4A, 0xD0, 0x7F, 0x20, 0x81, 0x65, 0x02, 0x23, 0x50, 0x0B,
    0x94, 0x02, 0x50, 0xE8, 0x05, 0xAC, 0x80, 0x09, 0x7A, 0x6B, 0x27, 0x1B, 0x82, 0x75, 0x14, 0x2C,
    0xB7, 0x4C, 0x06, 0x77, 0x6D, 0xB7, 0xF4, 0x78, 0x7A, 0xB2, 0xD3, 0xFA, 0x38, 0x9F, 0x0A, 0x78,
    0x9B, 0x4A, 0xD4, 0x06, 0xB7, 0xA0, 0x26, 0xF2, 0x9D, 0x40, 0xBE, 0x37, 0x18, 0x07, 0x29, 0x69,
    0xA7, 0x6B, 0x6E, 0x46, 0x1C, 0xDB, 0x07, 0xE6, 0x31, 0x79, 0x7C, 0xB6, 0x55, 0x3F, 0xD9, 0x67,
    0xF6, 0x9F, 0x63, 0xE5, 0xB8, 0x07, 0x07, 0x94, 0xBC, 0xBC, 0x49, 0x33, 0x8B, 0x60, 0x3B, 0x0B,
    0xBA, 0xE1, 0x51, 0x67, 0xDE, 0x77, 0x82, 0xF4, 0xA7, 0x8B, 0xE9, 0x71, 0x01, 0x75, 0x1A, 0xE2,
    0x17, 0xF0, 0x0B, 0xDD, 0xA3, 0xCA, 0xBC, 0x9E, 0x9D, 0xB0, 0xDD, 0xCE, 0x6E, 0xD2, 0x2E, 0x84,
    0xF9, 0x17, 0x17, 0xAF, 0x78, 0x54, 0xB3, 0xFD, 0xB1, 0xDD, 0xA4, 0xDD, 0xC8, 0x99, 0xCA, 0x39,
    0x2A, 0xE7, 0xA0, 0x9C, 0x67, 0xE5, 0xEC, 0x95, 0xB3, 0x17, 0x6E, 0xCF, 0x86, 0x79, 0xCC, 0x38,
    0x29, 0x67, 0xB5, 0xCD, 0x7E, 0x5A, 0xDE, 0xC8, 0x59, 0x5A, 0xD3, 0xC1, 0xC0, 0x4E, 0x70, 0x93,
    0x5D, 0x30, 0x4E, 0x4D, 0x2C, 0xA5, 0x9C, 0x34, 0x1B, 0xC0, 0x0F, 0x2C, 0x80, 0xE3, 0x04, 0x18,
    0x0E, 0x40, 0xA3, 0xC7, 0xA4, 0xF1, 0x18, 0x50, 0xF0, 0xC9, 0x14, 0x61, 0xAF, 0x88, 0x76, 0x2D,
    0xE8, 0xDD, 0x8C, 0x7E, 0x36, 0x1E, 0xED, 0x50, 0x26, 0xE7, 0x00, 0x50, 0xAD, 0x12, 0xE5, 0x3D,
    0x41, 0x23, 0x0A, 0x25, 0xC1, 0x63, 0x76, 0x4A, 0xCA, 0xEC, 0x54, 0x24, 0xDC, 0xD4, 0xEC, 0x32,
    0x3B, 0x66, 0x65, 0x37, 0x0E, 0x36, 0xC8, 0xEC, 0xF4, 0x5E, 0xE6, 0x82, 0x43, 0xC2, 0x6F, 0x20,
    0x12, 0x7E, 0xD3, 0x26, 0xF8, 0x5D, 0x6B, 0xC2, 0xF1, 0xC9, 0x80, 0x71, 0xE8, 0x39, 0xC9, 0x91,
    0x72, 0x90, 0x23, 0xE5, 0x71, 0xA4, 0xF1, 0xE4, 0xBF, 0xD6, 0x23, 0x35, 0x09, 0x3B, 0xB4, 0x6F,
    0xE6, 0x5B, 0x8F, 0xB5, 0x5A, 0x10, 0xC7, 0xAD, 0x8F, 0x9B, 0x8E, 0x72, 0x54, 0xAF, 0xB8, 0xDA,
    0x28, 0xBB, 0x3E, 0x69, 0x90, 0xE0, 0x19, 0x46, 0x0F, 0x37, 0x8F, 0x13, 0xFA, 0xC9, 0xAD, 0x25,
    0xBD, 0x25, 0x39, 0x08, 0x3B, 0x94, 0xC2, 0x16, 0x96, 0xC3, 0x51, 0x5A, 0xEC, 0x7C, 0xDC, 0x96,
    0x51, 0x4B, 0xE4, 0x23, 0x41, 0x4D, 0x4B, 0x5F, 0xB3, 0x0B, 0x3D, 0x5D, 0x21, 0x3F, 0x3A, 0x01,
    0x7B, 0x13, 0x50, 0xFC, 0x41, 0xF1, 0x07, 0x0F, 0x99, 0x9A, 0x5E, 0xB3, 0x59, 0x45, 0x05, 0xFD,
    0xE7, 0x23, 0x90, 0xB0, 0x23, 0x63, 0xE1, 0x78, 0x9E, 0xB7, 0xD2, 0xE7, 0x70, 0xD6, 0xF4, 0xA3,
    0x84, 0x5D, 0x60, 0xA2, 0xB9, 0xFA, 0x51, 0x02, 0xD4, 0x37, 0xDA, 0x57, 0x3F, 0x4A, 0xC0, 0x30,
    0x00, 0x35, 0xA7, 0xFC, 0x8E, 0xE7, 0xF2, 0xDB, 0xC3, 0xC7, 0x0A, 0xC4, 0x99, 0xF0, 0xAD, 0x10,
    0xE2, 0x49, 0x66, 0x7E, 0x43, 0xBF, 0x10, 0xCD, 0xF5, 0x97, 0xAE, 0xDA, 0x67, 0x57, 0x92, 0x21,
    0xC9, 0x94, 0xA4, 0x53, 0x3B, 0xE0, 0x9A, 0x60, 0x5C, 0x81, 0x86, 0x1C, 0x60, 0xC9, 0x09, 0x6E,
    0xE9, 0x83, 0x2C, 0xE9, 0x00, 0x76, 0x0A, 0x6D, 0x80, 0xD6, 0xE1, 0x7C, 0x70, 0x25, 0x8F, 0x39,
    0xCB, 0xC0, 0x0E, 0x2C, 0xB8, 0x80, 0xE8, 0xF7, 0x04, 0x35, 0x3B, 0x02, 0xF4, 0xD4, 0xF2, 0x56,
    0x0A, 0xB4, 0xAF, 0xE3, 0x40, 0x4B, 0x82, 0x0D, 0x37, 0xB0, 0x18, 0x67, 0x88, 0x69, 0xB1, 0xE3,
    0xF2, 0x7D, 0x53, 0x3B, 0x01, 0x47, 0xBB, 0x78, 0x5A, 0xD8, 0x78, 0x47, 0x06, 0xF7, 0x9A, 0x8B,
    0xE5, 0x09, 0x34, 0x11, 0xA8, 0x63, 0x31, 0x52, 0x3F, 0x73, 0xB9, 0x24, 0xE3, 0x5B, 0xEB, 0xC8,
    0xA1, 0x8A, 0xEC, 0xEA, 0x24, 0x26, 0x8E, 0xAF, 0xEB, 0xB5, 0xBF, 0xE5, 0x53, 0xB1, 0xE4, 0xAF,
    0x6D, 0xD9, 0x29, 0x81, 0x62, 0x83, 0x06, 0x6B, 0xC2, 0xBD, 0xF5, 0x6F, 0xE6, 0xD3, 0xDB, 0xAD,
    0x2D, 0x85, 0x18, 0x51, 0xAD, 0xD6, 0x3F, 0xFE, 0xFD, 0x8F, 0x77, 0xF7, 0x8E, 0xBF, 0xD4, 0x0F,
    0xE3, 0x6B, 0x7E, 0xC0, 0x1B, 0xA6, 0x11, 0x7F, 0x7B, 0x56, 0x4C, 0xC6, 0x55, 0xFC, 0x77, 0x8E,
    0x9C, 0xDC, 0x2B, 0xFA, 0xF0, 0x84, 0x56, 0x42, 0xB3, 0x24, 0xFF, 0x8B, 0x21, 0x17, 0x97, 0x64,
    0x7C, 0xAB, 0x59, 0x38, 0x24, 0xE9, 0x44, 0xDA, 0x65, 0x7C, 0xDD, 0xA8, 0xFD, 0x2D, 0xDF, 0xB1,
    0x96, 0xFB, 0x37, 0xAD, 0x57, 0x9F, 0x3F, 0xEE, 0x4D, 0x6E, 0x3E, 0x9C, 0xB9, 0x37, 0x43, 0x7E,
    0x49, 0xF8, 0xC2, 0x17, 0x02, 0x7F, 0xF6, 0xB5, 0x2A, 0xBA, 0x2D, 0x7D, 0xCD, 0x70, 0x0F, 0xE2,
    0x7C, 0x28, 0xC5, 0xF9, 0xA6, 0xAD, 0x18, 0xDF, 0x2A, 0x1F, 0x37, 0x0D, 0xD9, 0x73, 0x41, 0xCF,
    0xD4, 0x36, 0xA4, 0x84, 0xF0, 0x5B, 0x89, 0x4F, 0x41, 0x1B, 0xF5, 0x52, 0x61, 0x56, 0x38, 0x9F,
    0xD4, 0x92, 0xD4, 0x2D, 0x4A, 0xF3, 0x36, 0xAB, 0x3E, 0x2B, 0x4E, 0x5A, 0xBA, 0x53, 0x80, 0x55,
    0x95, 0x8D, 0x78, 0x3E, 0x52, 0xBA, 0xF8, 0x03, 0x63, 0xE7, 0x28, 0x0D, 0x2D, 0x37, 0x7D, 0x81,
    0x2B, 0x5F, 0xD3, 0x5E, 0x01, 0xD8, 0x0D, 0x25, 0x39, 0x9D, 0x3E, 0xF2, 0x45, 0x37, 0x17, 0xF3,
    0x4D, 0x5F, 0x68, 0xFB, 0x09, 0xB3, 0x5B, 0xEB, 0xB5, 0xCD, 0x1F, 0xEF, 0x02, 0x46, 0x76, 0xA8,
    0x03, 0x50, 0x4F, 0x80, 0x79, 0xEB, 0xA9, 0x36, 0xF7, 0xC0, 0xA7, 0x25, 0x71, 0x1B, 0xF4, 0x15,
    0x52, 0x52, 0x00, 0x8F, 0xBB, 0xC0, 0xFC, 0x24, 0x6E, 0x66, 0x5C, 0x36, 0xA5, 0xA1, 0x3C, 0x20,
    0x73, 0x0E, 0xFB, 0x74, 0x1B, 0xE1, 0xA6, 0x72, 0x97, 0x98, 0x04, 0x07, 0x01, 0xF2, 0x0E, 0x18,
    0xA0, 0x8C, 0x94, 0xD2, 0x5F, 0x25, 0x8B, 0xCF, 0xDD, 0xC4, 0x36, 0xA2, 0x22, 0x67, 0xFD, 0x76,
    0x79, 0x5A, 0x8B, 0x18, 0x25, 0xE6, 0x8E, 0xD3, 0xEB, 0x80, 0x6A, 0xB9, 0xFF, 0x71, 0x25, 0x1F,
    0x68, 0x57, 0x21, 0xB0, 0x4B, 0xEC, 0xBE, 0x43, 0x15, 0xAD, 0x47, 0xF1, 0xFD, 0x8F, 0x7F, 0xFF,
    0x7D, 0x8C, 0x5B, 0x2C, 0xF5, 0x84, 0x2A, 0x9A, 0x90, 0x41, 0xFF, 0x79, 0xD6, 0x9E, 0xBB, 0x77,
    0x28, 0x4E, 0x6F, 0xA1, 0x22, 0xCC, 0xF6, 0xB9, 0x84, 0x0D, 0xF9, 0x5D, 0x60, 0x3F, 0xF4, 0x1E,
    0xBD, 0x9E, 0x44, 0xE7, 0x20, 0xD1, 0x4E, 0x6F, 0x8C, 0xF0, 0xD2, 0x64, 0xF1, 0xAD, 0x14, 0xDB,
    0x5D, 0xBC, 0x2C, 0xD9, 0x9F, 0xF3, 0x30, 0x01, 0xF5, 0xA2, 0xB9, 0xDD, 0xF1, 0x09, 0x3F, 0xB3,
    0x56, 0xB1, 0x59, 0xE4, 0x3B, 0x5C, 0xFF, 0x31, 0x3E, 0x91, 0x63, 0x44, 0xC1, 0xA1, 0xE6, 0x64,
    0xDE, 0x72, 0xF9, 0x08, 0xFE, 0xB0, 0x1E, 0xB8, 0xA5, 0x3D, 0x86, 0xE7, 0xC0, 0x4E, 0x7D, 0xE7,
    0x76, 0x76, 0x35, 0x57, 0x40, 0xF3, 0x1C, 0x61, 0x9F, 0x22, 0xCC, 0xC0, 0xE1, 0x31, 0x49, 0xE4,
    0xC8, 0x50, 0x93, 0xA1, 0x25, 0x17, 0x37, 0xBB, 0xB5, 0xF7, 0x26, 0x72, 0x68, 0x72, 0x49, 0x38,
    0x64, 0x68, 0xA4, 0x3F, 0xB8, 0xA5, 0x9F, 0x5B, 0xF2, 0xF2, 0xEB, 0xEC, 0xCB, 0xAB, 0x00, 0xF0,
    0x0D, 0x7A, 0xF3, 0x3A, 0xA3, 0x7A, 0x8A, 0x1E, 0xE5, 0xEF, 0x7C, 0x3E, 0x72, 0x73, 0x7E, 0x1C,
    0xE0, 0xFE, 0x8D, 0x0B, 0xDC, 0x07, 0x18, 0xE1, 0xF6, 0x66, 0x87, 0x5B, 0xF2, 0x9B, 0x47, 0x4A,
    0xE4, 0x03, 0xFC, 0xC7, 0x01, 0xC5, 0x8E, 0x63, 0xF5, 0x38, 0x5D, 0xB1, 0xC7, 0xDB, 0xB6, 0xB3,
    0x66, 0xF7, 0x4E, 0x08, 0x85, 0x7C, 0x2A, 0xA6, 0x02, 0x22, 0x21, 0x0B, 0x76, 0xA3, 0xC7, 0xE8,
    0xD9, 0xA1, 0x17, 0x70, 0x9E, 0x10, 0xD0, 0x2D, 0xE9, 0xD3, 0xBD, 0x3A, 0x4E, 0x2D, 0xD4, 0x56,
    0xBD, 0xA8, 0xBF, 0x84, 0xF3, 0x11, 0x73, 0x44, 0xBE, 0xE8, 0xA1, 0x5A, 0xEF, 0x7F, 0x5C, 0x2D,
    0x0D, 0x26, 0x8A, 0x7B, 0x4A, 0x6C, 0x37, 0xA4, 0xD8, 0x66, 0x46, 0xF1, 0xC3, 0xB2, 0x6C, 0xEF,
    0x5F, 0x5C, 0x6D, 0xE3, 0x37, 0x05, 0x14, 0x7C, 0x26, 0xA0, 0x22, 0x27, 0x54, 0x61, 0xEC, 0xEE,
    0xF7, 0xF1, 0xDE, 0x5C, 0x2E, 0xEE, 0x53, 0x8A, 0xC3, 0x91, 0xE2, 0x4B, 0xA8, 0xC2, 0x0D, 0xFF,
    0x25, 0x00, 0x47, 0xBB, 0x6E, 0xBB, 0x5E, 0xDA, 0x46, 0xC0, 0x72, 0xB9, 0x83, 0xAE, 0x15, 0xBA,
    0x4E, 0xE8, 0xBE, 0x5C, 0xE8, 0x46, 0x79, 0x7E, 0x5B, 0x9D, 0xE7, 0x37, 0x85, 0x04, 0xDF, 0x35,
    0x25, 0x78, 0xD2, 0x27, 0xBA, 0x1F, 0x48, 0x03, 0x1C, 0x85, 0xEE, 0x7E, 0xD0, 0xAD, 0x72, 0x8D,
    0x4C, 0x74, 0x8D, 0x07, 0xAE, 0xDC, 0xDC, 0x0D, 0xBA, 0x0E, 0x8E, 0xF6, 0xF1, 0xFE, 0xA7, 0x81,
    0xD1, 0x9B, 0xD8, 0xCF, 0xFD, 0xE6, 0xF8, 0xCC, 0x66, 0xF8, 0xBF, 0x5B, 0xB9, 0x7F, 0xE3, 0x06,
    0xF4, 0xC3, 0xE5, 0xCD, 0xDD, 0x0A, 0xD4, 0xE1, 0xDE, 0xFA, 0x6F, 0x8E, 0x9B, 0xBB, 0x98, 0x42,
    0xF4, 0xA8, 0x16, 0xEB, 0xEF, 0xA5, 0x7F, 0x39, 0x6F, 0xE4, 0x04, 0x12, 0x91, 0xED, 0x7B, 0x9B,
    0x1B, 0x37, 0x21, 0x27, 0x08, 0x4C, 0x52, 0x5C, 0xBF, 0x82, 0x8F, 0xBE, 0x60, 0xBE, 0x74, 0xDA,
    0xB9, 0xDA, 0xD0, 0x86, 0x3A, 0xC2, 0x2C, 0xCD, 0x8A, 0x66, 0x35, 0x4B, 0x3E, 0xB3, 0xCB, 0xCD,
    0xCE, 0x28, 0x76, 0xE7, 0x01, 0x0A, 0x8C, 0xEC, 0x00, 0xC7, 0xE3, 0xF2, 0xDC, 0x6E, 0xC7, 0x29,
    0xD5, 0xAC, 0xC7, 0xB3, 0x6F, 0x1B, 0x90, 0x63, 0x7F, 0x03, 0xC5, 0x8A, 0x48, 0x10, 0x05, 0x26,
    0x81, 0x8F, 0x26, 0xCF, 0x7D, 0xFA, 0xF2, 0x89, 0x66, 0xE9, 0x03, 0xBD, 0x59, 0x73, 0x7D, 0xBF,
    0x7E, 0xE4, 0x5A, 0xFF, 0xBD, 0x59, 0x74, 0xDC, 0xF1, 0x64, 0x73, 0xB1, 0xDE, 0xE8, 0xFF, 0xE6,
    0x85, 0xAB, 0xB5, 0xDB, 0xCE, 0x05, 0xD1, 0x86, 0x6A, 0x83, 0x4C, 0x0C, 0x9A, 0xB5, 0x8E, 0x7A,
    0x8D, 0x3D, 0x59, 0xEC, 0xED, 0x0C, 0xD0, 0x4E, 0xC0, 0xD8, 0x7B, 0xA0, 0xE7, 0x00, 0x38, 0x76,
    0xA7, 0xC2, 0x67, 0xF6, 0x23, 0x21, 0x75, 0xBC, 0x33, 0x21, 0x33, 0xF0, 0xE9, 0x3C, 0x32, 0x38,
    0x6E, 0xC8, 0xDF, 0xC3, 0xF1, 0x11, 0xCD, 0x9B, 0x31, 0xB0, 0xE5, 0x48, 0x79, 0xEF, 0x7F, 0x92,
    0x76, 0xE7, 0x6C, 0x3D, 0x05, 0x3D, 0x01, 0xAF, 0x78, 0x30, 0x81, 0x62, 0x08, 0x50, 0x5E, 0x05,
    0xB4, 0x78, 0x94, 0x71, 0xE8, 0x0D, 0x9C, 0xE3, 0xC0, 0xC9, 0x46, 0x37, 0x25, 0x01, 0x69, 0xED,
    0x2A, 0x13, 0x38, 0x19, 0x5C, 0xCE, 0xD9, 0x60, 0x03, 0x9C, 0x11, 0x38, 0x70, 0x00, 0x48, 0x66,
    0x03, 0x02, 0x07, 0x68, 0x0A, 0x67, 0x0E, 0x2C, 0x60, 0xAA, 0x08, 0x69, 0x6A, 0x65, 0x56, 0xC3,
    0xB6, 0xF4, 0xF7, 0xF9, 0xA4, 0x73, 0x54, 0x67, 0xAE, 0xEF, 0x30, 0x77, 0xEF, 0xDE, 0x61, 0xFC,
    0xDD, 0xD3, 0x3F, 0x49, 0xEA, 0xEE, 0xAF, 0xFB, 0xFF, 0x75, 0x1F, 0x9D, 0xA3, 0xA3, 0xBE, 0x78,
    0x09, 0x2E, 0x78, 0xA3, 0xB5, 0x8D, 0x51, 0x1D, 0x90, 0xA8, 0x07, 0x32, 0x0D, 0x2B, 0x03, 0x70,
    0xD0, 0x08, 0xB8, 0x8F, 0xA3, 0xF1, 0x43, 0x63, 0xF1, 0xEB, 0x19, 0xF0, 0x4F, 0x64, 0xEC, 0x8C,
    0x6D, 0xA7, 0x0A, 0xD4, 0xB4, 0x1D, 0x08, 0xDF, 0x91, 0x1E, 0x39, 0x90, 0x49, 0x0A, 0x1C, 0x56,
    0xE6, 0x92, 0x26, 0x9C, 0xA4, 0x48, 0x31, 0x92, 0xCF, 0x94, 0x81, 0x6C, 0xC1, 0x1F, 0x29, 0xEA,
    0x81, 0xD4, 0x5C, 0x60, 0x25, 0xBA, 0x73, 0xE2, 0x6C, 0x57, 0xCF, 0xAC, 0x7E, 0xE7, 0xA5, 0xE0,
    0xFF, 0xF1, 0x6A, 0x7C, 0x8B, 0x3C, 0xC2, 0x21, 0x26, 0xAD, 0xA2, 0x93, 0xA2, 0x97, 0x62, 0xFB,
    0xF4, 0x10, 0xD5, 0x64, 0x51, 0xD5, 0xE1, 0x98, 0x5C, 0x6C, 0x9F, 0xD4, 0xEB, 0xF9, 0x42, 0x1F,
    0xC5, 0x54, 0x7F, 0x33, 0xE3, 0xF1, 0x80, 0x6F, 0x7E, 0x02, 0x94, 0x9A, 0x01, 0xA7, 0x09, 0x48,
    0xD5, 0x73, 0xCD, 0xB4, 0xC7, 0xC3, 0x72, 0x2F, 0x22, 0x61, 0xCC, 0x2F, 0xE2, 0x51, 0xAC, 0xF1,
    0x28, 0x7F, 0xBD, 0xEC, 0xF1, 0xA8, 0x3B, 0xA3, 0x1A, 0x73, 0xA1, 0xAA, 0xED, 0x48, 0x84, 0xEF,
    0x4D, 0xA8, 0xC5, 0x63, 0x8F, 0xC4, 0x88, 0xBB, 0x88, 0x47, 0x19, 0x38, 0xCC, 0xF8, 0x35, 0x1E,
    0xB5, 0x15, 0xA3, 0xED, 0x2D, 0x1E, 0x6E, 0x28, 0xBA, 0x5C, 0x6A, 0x32, 0x09, 0xEA, 0x89, 0xDD,
    0xDA, 0xC9, 0xBC, 0x54, 0x5E, 0xEA, 0xFD, 0xE3, 0x3A, 0xBC, 0x85, 0x0B, 0xE0, 0x46, 0xAE, 0x34,
    0xE6, 0xD2, 0xE8, 0x8F, 0xA9, 0xED, 0xDD, 0xA8, 0xE6, 0x98, 0x2A, 0x4B, 0xC5, 0xD8, 0x3E, 0x69,
    0xD7, 0xF3, 0x85, 0x7E, 0x33, 0xA5, 0xCB, 0xD7, 0x27, 0x1B, 0xB4, 0x8B, 0x51, 0x3F, 0x8F, 0xB7,
    0x71, 0x5C, 0xB5, 0x4E, 0x80, 0xFB, 0x68, 0x1B, 0xF5, 0x19, 0x28, 0x7F, 0xB9, 0xAA, 0xEC, 0x65,
    0xEC, 0xDA, 0x0A, 0xDA, 0xA6, 0x5E, 0x55, 0xFA, 0x55, 0x65, 0x69, 0x5D, 0x96, 0x2E, 0x47, 0x7D,
    0x5C, 0xB5, 0x46, 0xEB, 0xD9, 0x21, 0x52, 0x04, 0xB2, 0x6D, 0xD4, 0x65, 0x5A, 0x53, 0x99, 0xD6,
    0x64, 0x8B, 0xF5, 0x8F, 0x0D, 0x59, 0x30, 0xE6, 0x9D, 0xD1, 0x3D, 0xA9, 0x8C, 0xEA, 0xEC, 0xCC,
    0xCA, 0x64, 0x59, 0xE7, 0xC1, 0x3A, 0x11, 0xF0, 0xD6, 0x44, 0x79, 0x9C, 0x0A, 0xBC, 0x65, 0xAE,
    0x31, 0x24, 0x6B, 0x53, 0x06, 0x6F, 0x68, 0x87, 0x2C, 0xA2, 0xC6, 0x50, 0x1D, 0x0C, 0x2E, 0x62,
    0x93, 0x62, 0xCB, 0x2D, 0xF4, 0xFB, 0x48, 0xAA, 0x77, 0x67, 0x20, 0x0D, 0x80, 0x6B, 0x80, 0x12,
    0xC0, 0xFF, 0x99, 0x41, 0x76, 0x68, 0x38, 0x4C, 0x40, 0xB6, 0xB6, 0xB1, 0x0E, 0xFC, 0x60, 0x19,
    0x1D, 0xE0, 0x2B, 0xAE, 0xDB, 0x03, 0x0D, 0x50, 0x6B, 0x59, 0x23, 0xD1, 0xAD, 0x13, 0xDF, 0x2D,
    0xD5, 0x55, 0x28, 0x47, 0x0E, 0x8D, 0xEF, 0xD7, 0xF9, 0x71, 0x7E, 0xBF, 0xA9, 0xDA, 0xC1, 0xC5,
    0xA1, 0xE5, 0x9E, 0xCB, 0xAD, 0x35, 0x6C, 0x72, 0x34, 0x6E, 0xE1, 0x2A, 0xAC, 0xFE, 0x56, 0xCF,
    0xD6, 0xC6, 0xA9, 0x35, 0x8B, 0x3B, 0xBE, 0x01, 0x41, 0x32, 0x43, 0x36, 0xB1, 0xDB, 0xD5, 0x6C,
    0x1D, 0xE9, 0x9D, 0x34, 0x96, 0xCF, 0x1E, 0x4D, 0xBE, 0x4F, 0x06, 0x1B, 0x74, 0x55, 0xA7, 0xC4,
    0xBE, 0x8F, 0x9D, 0xB7, 0x7C, 0x2B, 0x67, 0xE5, 0xAD, 0x9E, 0xD5, 0x87, 0xFA, 0xFC, 0x8E, 0xC8,
    0xD4, 0x83, 0xFB, 0xCD, 0x08, 0xE5, 0x4F, 0x23, 0x7C, 0x91, 0x77, 0x5E, 0xB3, 0xF4, 0x2C, 0x80,
    0x8B, 0xDB, 0x30, 0xB5, 0xBE, 0x49, 0x66, 0xD7, 0x27, 0x7F, 0xF9, 0xE6, 0xDB, 0xF7, 0x27, 0xBD,
    0xA8, 0x00, 0xDF, 0x9D, 0x61, 0x87, 0xD7, 0x2C, 0xD5, 0x53, 0xF0, 0x52, 0x95, 0x48, 0x1A, 0xD6,
    0x39, 0x7F, 0x54, 0x5D, 0x8E, 0xE5, 0x48, 0xD6, 0xDF, 0x55, 0xB5, 0xD5, 0x5D, 0xBD, 0xAC, 0xFE,
    0x56, 0xCF, 0x6B, 0x1B, 0x3C, 0xB0, 0xD6, 0x0E, 0x36, 0x0A, 0x61, 0x4D, 0xB6, 0x7F, 0x79, 0x8D,
    0xCC, 0xB6, 0xEB, 0x66, 0xF0, 0xCF, 0x8A, 0x50, 0xF7, 0x69, 0xF7, 0xC7, 0x14, 0x5B, 0xBE, 0x95,
    0xB3, 0xF2, 0x56, 0xCF, 0xEA, 0xE3, 0x9B, 0x05, 0x8A, 0x5F, 0x4C, 0x70, 0xF8, 0x38, 0x98, 0xBA,
    0xEE, 0xDC, 0xC7, 0x2F, 0xBC, 0xE6, 0x79, 0x9E, 0x45, 0x17, 0x58, 0xCA, 0x0E, 0xDF, 0x42, 0x31,
    0x43, 0x3E, 0x41, 0xF2, 0xF6, 0xBD, 0xCD, 0xF3, 0xF4, 0xBD, 0x07, 0xEF, 0x91, 0x46, 0x37, 0x80,
    0xBC, 0x95, 0x11, 0x50, 0xEC, 0xEF, 0xFA, 0xDD, 0xA4, 0xA5, 0xC2, 0xFA, 0x67, 0x98, 0x0D, 0x42,
    0x1C, 0xD4, 0xC8, 0x7C, 0xCB, 0x9C, 0x0B, 0xCA, 0x41, 0x50, 0x84, 0xE7, 0xE0, 0x9E, 0x3F, 0x2C,
    0x0D, 0x7E, 0x38, 0xD7, 0x50, 0xB7, 0x79, 0x91, 0xB4, 0x7B, 0x0E, 0xD6, 0x1A, 0xAB, 0x65, 0x03,
    0x20, 0x37, 0xAD, 0x8C, 0xEC, 0xCC, 0x26, 0x23, 0xA3, 0x31, 0x0B, 0xC6, 0xB4, 0x33, 0x02, 0xAD,
    0xF9, 0x3E, 0x68, 0x16, 0x38, 0x49, 0xE0, 0xC7, 0x42, 0x16, 0xF0, 0x4C, 0x16, 0xFB, 0x54, 0x60,
    0xD3, 0xD6, 0x88, 0x11, 0xF6, 0x7D, 0x3B, 0x6F, 0x65, 0x8C, 0x75, 0x9F, 0xAD, 0x75, 0xBF, 0xB9,
    0xFB, 0x39, 0x28, 0xAE, 0xFE, 0x7B, 0x41, 0x26, 0x3D, 0x35, 0xA8, 0x32, 0xF4, 0x86, 0x90, 0x45,
    0xAE, 0xE2, 0x11, 0xB9, 0x21, 0x9B, 0x8F, 0x48, 0x97, 0x23, 0x12, 0xAD, 0x90, 0xB4, 0x82, 0x6D,
    0xEF, 0x70, 0xCA, 0x48, 0x57, 0x2C, 0xE7, 0x1A, 0xCE, 0xEA, 0xD6, 0xD3, 0xEA, 0x6F, 0xF7, 0x5C,
    0xAD, 0xAD, 0x01, 0x3A, 0x21, 0x93, 0xC2, 0x05, 0x48, 0x74, 0x99, 0x6B, 0x01, 0x30, 0xFD, 0x5B,
    0xB7, 0x4D, 0xFD, 0x26, 0xDE, 0xB4, 0x9B, 0x44, 0x03, 0x42, 0x70, 0xDE, 0xB3, 0x73, 0xA6, 0x7A,
    0x13, 0x6D, 0x9A, 0xB7, 0xBA, 0xAB, 0x62, 0x13, 0x7C, 0xF3, 0xB7, 0x13, 0x40, 0xD2, 0xF2, 0x5C,
    0x02, 0xAE, 0x27, 0x49, 0xD3, 0x65, 0xBA, 0xB1, 0xCC, 0x0D, 0xBE, 0x80, 0xEB, 0x52, 0xB9, 0xB0,
    0x47, 0x4B, 0x45, 0x72, 0xFA, 0xC4, 0x8D, 0xB8, 0xF9, 0xB3, 0xA2, 0x0C, 0xA8, 0xF2, 0x3D, 0x75,
    0x53, 0x1F, 0xD1, 0xD5, 0x92, 0x2E, 0x70, 0x7E, 0xCB, 0x3D, 0xC4, 0x07, 0xBE, 0x85, 0x9B, 0xBF,
    0x21, 0xAB, 0xBB, 0x98, 0x97, 0x71, 0xF3, 0xE7, 0x3A, 0xD7, 0xE5, 0x43, 0xD9, 0x1D, 0xA4, 0x2A,
    0xDD, 0xBF, 0x7C, 0xBC, 0x7A, 0xA9, 0xD9, 0x98, 0x07, 0x52, 0x69, 0x80, 0x35, 0xC0, 0xE5, 0xCC,
    0xA5, 0x15, 0x0B, 0xD6, 0xC9, 0xDE, 0xBA, 0x3B, 0xE2, 0x9E, 0x15, 0x91, 0x72, 0x48, 0x17, 0x7C,
    0x87, 0xA8, 0x57, 0x48, 0x97, 0xD8, 0xA4, 0x76, 0x26, 0x75, 0xE0, 0x9F, 0x29, 0xE6, 0xC3, 0x4C,
    0x2E, 0xC5, 0x2D, 0x60, 0x94, 0x4B, 0x75, 0xF3, 0xF5, 0xF4, 0x15, 0xCB, 0xDC, 0xDA, 0x71, 0xE1,
    0x0C, 0x3B, 0xBC, 0x30, 0x53, 0x9D, 0x9A, 0x4C, 0x67, 0x32, 0x4B, 0x93, 0xE9, 0xFB, 0x74, 0xA1,
    0xED, 0x10, 0x6A, 0x0C, 0xD2, 0x73, 0x68, 0xC0, 0x72, 0xA1, 0x36, 0x99, 0xE5, 0xB3, 0xCF, 0xCE,
    0x56, 0x37, 0x92, 0xAD, 0xA1, 0xBC, 0x5A, 0xB6, 0x2E, 0x70, 0x1D, 0xC0, 0x75, 0x98, 0x0C, 0xAE,
    0x03, 0x78, 0x19, 0x6E, 0x70, 0x0F, 0xFC, 0xCB, 0xF9, 0xD2, 0x95, 0x77, 0x80, 0x7B, 0x62, 0x50,
    0x05, 0xB9, 0x1A, 0x48, 0xE7, 0x97, 0x4D, 0xDE, 0xEE, 0x85, 0x93, 0xD7, 0x10, 0xF8, 0xF2, 0x3E,
    0x79, 0x65, 0x5E, 0x26, 0x78, 0x24, 0xCB, 0x2A, 0x2B, 0xC0, 0x63, 0xF8, 0x3B, 0x83, 0x2A, 0x28,
    0x0C, 0x87, 0x99, 0x07, 0x8F, 0x3F, 0xDF, 0x1C, 0x82, 0x6F, 0xD2, 0x28, 0x50, 0x5C, 0xFD, 0xE0,
    0xFE, 0x34, 0xE3, 0x9E, 0x4D, 0x6E, 0x20, 0x99, 0x7D, 0x03, 0x6D, 0x0B, 0x94, 0x11, 0x70, 0x23,
    0xF6, 0x49, 0xF6, 0x47, 0x07, 0x3F, 0xBB, 0xC5, 0xE0, 0x3F, 0x7C, 0xF1, 0xE0, 0x43, 0x5D, 0x01,
    0xEA, 0x20, 0x53, 0x38, 0xDD, 0xC6, 0xF9, 0x6E, 0x81, 0x2F, 0x56, 0x5F, 0x7C, 0xF9, 0xD7, 0x99,
    0x62, 0x2C, 0x47, 0x92, 0xDE, 0x0F, 0x37, 0x7D, 0xAE, 0x7B, 0xC5, 0x4B, 0x70, 0x88, 0x6D, 0x45,
    0x16, 0xDB, 0xE6, 0x88, 0xBA, 0x3B, 0xC2, 0x0F, 0x47, 0x14, 0x13, 0x87, 0x98, 0xEB, 0xED, 0xAB,
    0x98, 0x4A, 0x8A, 0xB4, 0x86, 0x07, 0xFA, 0x5E, 0x24, 0xEF, 0xA1, 0x1C, 0xA1, 0x8E, 0x30, 0xB7,
    0x64, 0x93, 0xEF, 0xDE, 0x7C, 0xFB, 0xCD, 0x0A, 0xB3, 0x76, 0xD0, 0x41, 0x51, 0x85, 0x24, 0x3F,
    0x15, 0xB2, 0xAB, 0x72, 0xDB, 0xA5, 0x5B, 0xF7, 0x2A, 0x24, 0xB0, 0xED, 0x7A, 0x6C, 0x17, 0x75,
    0xCB, 0xB7, 0x72, 0x56, 0xFE, 0xA0, 0x45, 0xB4, 0xBF, 0x14, 0x24, 0x82, 0x74, 0xB1, 0xB1, 0x77,
    0x8F, 0xAF, 0x62, 0x29, 0x85, 0x63, 0xEA, 0x92, 0xF6, 0x19, 0x7C, 0x9E, 0xCF, 0x81, 0xC7, 0x43,
    0xF9, 0x64, 0x01, 0xA7, 0xF9, 0x74, 0xE3, 0x93, 0xB4, 0x8F, 0x6F, 0x19, 0x96, 0xB4, 0xBB, 0x39,
    0x2C, 0xA5, 0xE2, 0x8E, 0xDB, 0x84, 0x25, 0xBB, 0x0C, 0xCB, 0x3F, 0xC4, 0x9B, 0xEF, 0xFC, 0xEE,
    0x3F, 0x24, 0xC5, 0x31, 0x24, 0xFE, 0x22, 0x24, 0xB7, 0xF8, 0xCE, 0x7B, 0x97, 0x49, 0x52, 0x28,
    0xEE, 0xB8, 0xCB, 0x24, 0xB9, 0xF9, 0x1A, 0xFD, 0xEA, 0x27, 0xC8, 0x1D, 0xA4, 0x5E, 0x0E, 0xFC,
    0x5D, 0xA4, 0x5E, 0xD8, 0x57, 0x0D, 0x6A, 0x0C, 0x6B, 0x2B, 0x86, 0xC2, 0x0E, 0xCB, 0x3D, 0xF7,
    0x2D, 0x36, 0xCB, 0x1A, 0x70, 0x1D, 0x14, 0xA7, 0x71, 0xF3, 0x61, 0x4B, 0xC5, 0x00, 0x49, 0xF5,
    0xA7, 0x0B, 0x18, 0xEF, 0x03, 0xD9, 0x0C, 0x38, 0x01, 0xA5, 0x3A, 0x68, 0x5D, 0x20, 0x99, 0x2F,
    0xEF, 0x4B, 0x11, 0xB8, 0x70, 0x6B, 0x48, 0xBA, 0x0E, 0xCB, 0xF8, 0x64, 0x60, 0x81, 0x54, 0x15,
    0xB9, 0x7A, 0x8A, 0xFF, 0x08, 0xF8, 0xBF, 0x8D, 0xBC, 0xC3, 0x3F, 0x61, 0xA6, 0x97, 0xA5, 0x07,
    0x4B, 0xA5, 0x5A, 0x83, 0xA4, 0x49, 0xCF, 0x8A, 0x59, 0x7D, 0xB6, 0xA8, 0xB9, 0x0C, 0xDB, 0xCB,
    0x93, 0x0B, 0x20, 0x2E, 0x29, 0xB3, 0x78, 0x49, 0x37, 0x82, 0xAA, 0xE7, 0x4A, 0x4A, 0xBA, 0x91,
    0x01, 0x3E, 0x0D, 0x4F, 0x18, 0x01, 0x29, 0x5E, 0xE0, 0x32, 0x37, 0x5C, 0x3D, 0xC5, 0x7D, 0xA4,
    0x65, 0x6D, 0xB3, 0x71, 0xFA, 0x9E, 0x7A, 0x37, 0xE3, 0x07, 0x37, 0x51, 0x06, 0x37, 0x52, 0x18,
    0x5C, 0x70, 0xE1, 0x13, 0x00, 0x28, 0xBA, 0xE8, 0x43, 0x6C, 0x35, 0xC5, 0x3A, 0x44, 0xD7, 0xB1,
    0x99, 0xEE, 0xE1, 0x55, 0x34, 0xD1, 0x8F, 0xE6, 0x79, 0x6E, 0xC3, 0x0F, 0x1E, 0x54, 0x77, 0x73,
    0x2B, 0xC5, 0xED, 0x05, 0xDC, 0x63, 0xDF, 0x76, 0xB7, 0x77, 0xF6, 0x19, 0x89, 0x4B, 0x3A, 0xB5,
    0x1A, 0xBD, 0x86, 0x5C, 0x15, 0xAB, 0x65, 0xF1, 0x1E, 0x5E, 0xD7, 0x3C, 0xDF, 0xCD, 0xAD, 0x0B,
    0x9F, 0xE4, 0x2F, 0xEF, 0xBE, 0xCA, 0x8F, 0x98, 0x1F, 0x6A, 0x6A, 0x63, 0x39, 0x64, 0xC1, 0x45,
    0xFB, 0xCB, 0x02, 0xDC, 0xBA, 0xEE, 0x67, 0x14, 0xDB, 0x58, 0x0C, 0xDF, 0x46, 0x88, 0x6F, 0x63,
    0xA6, 0x7B, 0xFF, 0xB3, 0xFE, 0xBC, 0x2A, 0x16, 0x3B, 0x1F, 0x52, 0x1E, 0xF9, 0xD5, 0xAA, 0x1D,
    0x44, 0x2B, 0x75, 0x42, 0x52, 0x23, 0x6A, 0x2D, 0x88, 0x07, 0x1A, 0xF0, 0xE4, 0x83, 0xBA, 0x72,
    0x52, 0xE7, 0xA3, 0x6D, 0xED, 0x18, 0xC0, 0x77, 0x2E, 0x7C, 0xDA, 0x04, 0xE7, 0x54, 0x04, 0x1E,
    0xD6, 0x01, 0xAF, 0x1E, 0xAF, 0x86, 0xF2, 0x19, 0x10, 0x21, 0x5B, 0xC0, 0xE6, 0x45, 0xF9, 0xF3,
    0x8E, 0xFA, 0xCF, 0x03, 0xEF, 0x24, 0xEF, 0xB1, 0x9B, 0x0B, 0x9F, 0x36, 0xBD, 0x41, 0x11, 0x5C,
    0x53, 0x87, 0x52, 0xEA, 0xFD, 0x76, 0x73, 0x4D, 0xD2, 0x3E, 0x85, 0xA2, 0x83, 0x7A, 0x00, 0x4D,
    0x64, 0xD3, 0x8C, 0x1B, 0xEA, 0x8A, 0xB3, 0xF9, 0xEE, 0xFE, 0x92, 0x3A, 0x5A, 0x35, 0xB4, 0x82,
    0x76, 0x62, 0x35, 0x91, 0xA8, 0x17, 0x99, 0x2A, 0xE1, 0x16, 0x44, 0x19, 0x11, 0x75, 0x40, 0x56,
    0x5A, 0x99, 0x2A, 0x94, 0x2F, 0xA0, 0x22, 0x82, 0x5A, 0x83, 0x66, 0x83, 0x56, 0x34, 0x68, 0xB2,
    0x72, 0x43, 0x1B, 0x50, 0xE7, 0x47, 0x54, 0x15, 0x91, 0x93, 0xAB, 0x4C, 0x88, 0x54, 0x9D, 0xC0,
    0xDA, 0xA0, 0x0E, 0x02, 0x3F, 0xC1, 0x6E, 0x49, 0x05, 0xE4, 0x23, 0xE0, 0xE2, 0x19, 0x99, 0x81,
    0xD1, 0xF6, 0x02, 0x90, 0x76, 0x6C, 0xA6, 0x5B, 0xC3, 0x9D, 0x25, 0x24, 0xEA, 0xD0, 0x41, 0x7B,
    0xEF, 0x03, 0x48, 0x83, 0x21, 0x18, 0xEC, 0xDC, 0x47, 0x26, 0xE6, 0xA7, 0xE2, 0x7C, 0xD3, 0x51,
    0xF7, 0x08, 0x1F, 0x10, 0x6E, 0x42, 0xE4, 0x71, 0xD3, 0x71, 0x61, 0x6F, 0x1A, 0xCA, 0xED, 0xCE,
    0xEC, 0x0C, 0x67, 0xC8, 0xEC, 0x9C, 0xEB, 0x80, 0x9C, 0x93, 0x89, 0x22, 0x9A, 0x3B, 0xA1, 0x4E,
    0xA9, 0x50, 0x3E, 0xA3, 0x62, 0x44, 0xF5, 0xB0, 0x76, 0x42, 0x9A, 0xD6, 0x78, 0xEA, 0xC3, 0xB5,
    0x44, 0xA3, 0xAA, 0xED, 0xB6, 0xF2, 0xC5, 0x68, 0x3A, 0x44, 0xB6, 0x58, 0x3C, 0xF2, 0xD3, 0xBD,
    0x5B, 0xD9, 0x80, 0x87, 0xDD, 0x74, 0x9F, 0xE9, 0x9A, 0x65, 0xD1, 0x46, 0xC6, 0x0D, 0x94, 0x1D,
    0xF5, 0x7D, 0x7D, 0x42, 0xAC, 0x93, 0xCF, 0x8B, 0xFC, 0xD9, 0x2B, 0xED, 0xFB, 0xE5, 0x60, 0xAD,
    0x63, 0xE5, 0xC3, 0x96, 0x5C, 0xD8, 0xC6, 0xC9, 0x75, 0x90, 0xDF, 0x8F, 0xA4, 0x77, 0x37, 0x49,
    0xD5, 0x51, 0xD2, 0xFE, 0x1B, 0xA6, 0x9B, 0x70, 0x91, 0x3C, 0x92, 0x4C, 0xA4, 0xC1, 0xCE, 0x24,
    0x0D, 0x3A, 0x6E, 0x6D, 0x5A, 0x6D, 0x03, 0x7B, 0x88, 0x82, 0x51, 0x64, 0x41, 0xA4, 0xDD, 0xA7,
    0x15, 0xAC, 0x6C, 0x90, 0x9B, 0xE4, 0xA2, 0xF2, 0xA8, 0x64, 0x52, 0x1A, 0xEC, 0x0C, 0xCD, 0x27,
    0x18, 0x97, 0x19, 0xBF, 0x50, 0x4C, 0xB7, 0x68, 0xFE, 0x27, 0x28, 0x55, 0xA3, 0x4C, 0x9D, 0x25,
    0xDB, 0xB7, 0x73, 0xB7, 0xE9, 0xE6, 0x4B, 0x7A, 0x91, 0x0F, 0x2A, 0x27, 0xF9, 0x68, 0xAF, 0x72,
    0xB2, 0xC3, 0x1B, 0xBB, 0x29, 0xF2, 0x69, 0x1D, 0xC9, 0x97, 0xA2, 0x00, 0xF7, 0x7B, 0x81, 0xD3,
    0x8A, 0x05, 0x5A, 0x3D, 0x06, 0x4D, 0x80, 0x02, 0xF0, 0xDB, 0x17, 0xD6, 0x95, 0x14, 0xAE, 0x23,
    0xF0, 0xC2, 0xD7, 0x1F, 0x06, 0xA7, 0xE3, 0xAB, 0xAF, 0x67, 0xDA, 0x40, 0x7B, 0x63, 0x99, 0xE9,
    0x61, 0xAE, 0x90, 0x69, 0xA4, 0xED, 0xAD, 0x95, 0xFD, 0x32, 0xD2, 0x00, 0x02, 0x92, 0x99, 0x0B,
    0x53, 0x85, 0x0B, 0xEA, 0x0C, 0xC1, 0x30, 0x1A, 0xA2, 0x41, 0x2B, 0x2A, 0x43, 0x77, 0x44, 0x3B,
    0x1C, 0x51, 0x8E, 0x47, 0xB8, 0x78, 0xC4, 0x61, 0x39, 0x22, 0xD5, 0x5F, 0x04, 0xA1, 0x9F, 0x1F,
    0x51, 0xFF, 0xF6, 0x88, 0x52, 0x47, 0x38, 0xC3, 0xC1, 0x90, 0x1A, 0x58, 0x51, 0x1B, 0x4A, 0x83,
    0xF5, 0xA8, 0xD8, 0x3B, 0xD4, 0x02, 0xCC, 0x40, 0x3A, 0x71, 0x61, 0xBE, 0x6B, 0x1B, 0xFC, 0xBF,
    0x69, 0xC4, 0xFF, 0x56, 0x11, 0xBF, 0xE4, 0x0B, 0x7E, 0xDC, 0x1E, 0x83, 0x1F, 0xD1, 0xEF, 0xE8,
    0x6E, 0x8F, 0xD7, 0x22, 0xF5, 0xC2, 0xDE, 0x06, 0xD2, 0x19, 0xC8, 0x74, 0x06, 0x2B, 0xBE, 0x62,
    0x88, 0x86, 0x1F, 0xBE, 0x4A, 0xF9, 0x77, 0xFC, 0x40, 0x4C, 0xDE, 0x4F, 0xDE, 0x07, 0xE5, 0x01,
    0xFC, 0xF7, 0xFB, 0xF3, 0x2F, 0x7F, 0x8B, 0x15, 0x89, 0xAF, 0x79, 0x22, 0x25, 0xD1, 0x7A, 0xD5,
    0x16, 0x1D, 0xF8, 0xB6, 0x02, 0xB7, 0x46, 0x77, 0x02, 0x92, 0xB7, 0x5F, 0x65, 0x24, 0x3D, 0x66,
    0xEA, 0x76, 0x52, 0xAF, 0x74, 0xD5, 0xFE, 0x4B, 0x02, 0xFF, 0xCF, 0x77, 0xED, 0x00, 0xFE, 0x67,
    0x8A, 0x58, 0xDB, 0x02, 0xBF, 0x7C, 0x43, 0x15, 0x7E, 0x44, 0x0D, 0x7E, 0xB0, 0x3A, 0xBE, 0x3F,
    0xD1, 0x77, 0x77, 0x7B, 0xDD, 0x3E, 0xE8, 0xE1, 0xF9, 0xA0, 0xEB, 0x5A, 0xD0, 0x75, 0xFB, 0x29,
    0x7D, 0x33, 0x8A, 0x40, 0xF2, 0x74, 0x5D, 0x6D, 0xA1, 0xCE, 0x50, 0x41, 0x3B, 0xBE, 0xB2, 0x89,
    0xBC, 0x23, 0x31, 0x1C, 0x64, 0x3B, 0x33, 0xA4, 0x9A, 0x6C, 0xAF, 0xE7, 0x56, 0x0B, 0x75, 0xD6,
    0xE7, 0xBF, 0xD4, 0x52, 0x75, 0x5A, 0x6A, 0xB1, 0x2D, 0xAA, 0x29, 0xD4, 0x94, 0x33, 0x3E, 0x9A,
    0x5B, 0x3F, 0x92, 0x0A, 0x1B, 0x48, 0x35, 0x6D, 0x0F, 0x6D, 0xA3, 0xCE, 0x46, 0xFB, 0x45, 0xDC,
    0xCA, 0x6C, 0xE5, 0x7D, 0x20, 0xD1, 0xC9, 0x4F, 0xA1, 0xAA, 0x9C, 0x4F, 0xFE, 0xB7, 0xB6, 0xB6,
    0x76, 0xB7, 0x3E, 0xBC, 0xE4, 0x91, 0x54, 0xB9, 0xAC, 0x1D, 0x0C, 0x38, 0x29, 0x72, 0x7C, 0xD4,
    0x6A, 0xE1, 0x4B, 0x54, 0xB5, 0xDD, 0xB6, 0x52, 0xA8, 0x36, 0xF8, 0x4E, 0x18, 0x2A, 0x83, 0x9D,
    0x5B, 0x73, 0xD7, 0x72, 0x56, 0x63, 0xAB, 0x6B, 0x5E, 0x36, 0x7F, 0x7C, 0x8E, 0x2F, 0x00, 0x1E,
    0xCF, 0xE9, 0xE7, 0x5A, 0x0A, 0xC5, 0x7D, 0x3D, 0x4E, 0xD2, 0x3E, 0xBE, 0x65, 0xB0, 0x96, 0xEA,
    0x6A, 0xC6, 0x8F, 0x6B, 0xB0, 0x86, 0x35, 0x58, 0xDD, 0x1A, 0xAC, 0x66, 0x0D, 0x56, 0x65, 0x41,
    0x39, 0x11, 0xE3, 0xE5, 0x99, 0xAD, 0xCC, 0x56, 0x7E, 0xAB, 0xBB, 0xF9, 0x31, 0x9F, 0x2F, 0x0E,
    0x56, 0x36, 0x1D, 0x9E, 0x7B, 0xA8, 0x55, 0x2C, 0xBC, 0xF2, 0x60, 0x25, 0x72, 0x01, 0xB2, 0x58,
    0xF6, 0x90, 0x8F, 0x75, 0x03, 0xC5, 0x20, 0xC0, 0xFF, 0x74, 0x66, 0xB5, 0xFF, 0xAD, 0xC1, 0xC2,
    0xFD, 0x6E, 0x86, 0xE2, 0x83, 0x09, 0xFC, 0x77, 0x03, 0xB4, 0xAE, 0x87, 0x58, 0x36, 0xAF, 0x32,
    0x58, 0x8F, 0x96, 0x6F, 0x4A, 0x42, 0xAB, 0x65, 0x2B, 0xE5, 0xE6, 0x83, 0x6D, 0xCA, 0x80, 0x02,
    0xEB, 0x65, 0x2F, 0x98, 0x28, 0x7C, 0x30, 0x55, 0x94, 0x01, 0x54, 0x51, 0x9C, 0x36, 0xD2, 0x74,
    0xDE, 0x80, 0x3B, 0x1D, 0x3D, 0x5F, 0x64, 0xAF, 0xB7, 0x79, 0xD9, 0x7D, 0x9E, 0x5A, 0x38, 0xB5,
    0xB7, 0x62, 0xEF, 0xCB, 0xB9, 0x67, 0x57, 0xCF, 0xA8, 0x9F, 0x72, 0x90, 0xBE, 0x2B, 0xE1, 0x64,
    0xD6, 0xF9, 0xF1, 0x4A, 0x4F, 0xEB, 0x50, 0x77, 0xB9, 0x1A, 0x37, 0xB6, 0x4D, 0x26, 0x0E, 0x93,
    0x2A, 0xDB, 0x44, 0x55, 0x16, 0xD8, 0x28, 0x6C, 0xB3, 0x1F, 0x59, 0x1E, 0xAC, 0x25, 0x61, 0xAD,
    0x97, 0x76, 0x7E, 0x2C, 0x35, 0x16, 0xA1, 0x90, 0x59, 0xD8, 0x5A, 0x68, 0xAC, 0xBD, 0x76, 0xDA,
    0x7F, 0xD7, 0x06, 0xB2, 0xF9, 0xBC, 0x10, 0xCA, 0x85, 0x17, 0xAE, 0x86, 0x88, 0x86, 0x19, 0x91,
    0x0B, 0x91, 0x1A, 0x92, 0x1D, 0xE9, 0x82, 0x78, 0x34, 0xEF, 0x4F, 0x15, 0x07, 0x43, 0x77, 0xDA,
    0xB3, 0x40, 0x88, 0x72, 0x42, 0xB8, 0x78, 0xC6, 0xE1, 0xE2, 0x56, 0xB9, 0x12, 0x9C, 0x96, 0x58,
    0x90, 0x4D, 0xD6, 0x89, 0xA2, 0xC7, 0x37, 0xD4, 0xFB, 0x87, 0x66, 0xED, 0x7F, 0x26, 0xFF, 0x9F,
    0xF2, 0x7A, 0xEA, 0x17, 0xFC, 0x64, 0x11, 0xF6, 0x03, 0xBE, 0x7F, 0xD1, 0x67, 0xD5, 0xEB, 0xE8,
    0xFA, 0x1D, 0x6F, 0x96, 0x2F, 0xC4, 0xFD, 0xFB, 0x2D, 0xC5, 0xED, 0x8D, 0x94, 0xCD, 0xE9, 0x4C,
    0xD1, 0x71, 0xE8, 0x70, 0x15, 0x0E, 0xB3, 0x07, 0xCD, 0xFF, 0x69, 0xB0, 0xC7, 0xA0, 0xA4, 0x51,
    0x80, 0xE2, 0xB9, 0x17, 0x45, 0xFF, 0x9A, 0x07, 0xB8, 0xFE, 0x5A, 0x2C, 0x3F, 0x18, 0x73, 0xF5,
    0x99, 0x1A, 0x04, 0x9F, 0xB9, 0xE3, 0x00, 0x63, 0x39, 0x50, 0x9F, 0xE7, 0x70, 0x7A, 0xB9, 0x98,
    0xE7, 0xD2, 0xCA, 0x85, 0xED, 0xF2, 0xEC, 0x4C, 0x62, 0x21, 0x2D, 0xF8, 0xF1, 0x41, 0xB4, 0xEA,
    0x7F, 0x65, 0x80, 0x72, 0x0D, 0xCC, 0x0C, 0xE4, 0xEA, 0x21, 0xD1, 0x62, 0x27, 0x6D, 0xF7, 0xA0,
    0xC9, 0x76, 0x67, 0x6C, 0x17, 0xCB, 0xE2, 0x0D, 0x4C, 0xEA, 0xBA, 0x94, 0x64, 0x3C, 0x08, 0x2F,
    0xCD, 0x14, 0x17, 0xCF, 0x63, 0x67, 0x00, 0x6B, 0x32, 0x6E, 0xDD, 0x71, 0x03, 0x36, 0x3A, 0x67,
    0x4B, 0xDA, 0x81, 0x7C, 0xAB, 0x52, 0xF9, 0xF1, 0x3B, 0xF8, 0xFE, 0x0D, 0xBC, 0x15, 0x59, 0xAC,
    0xF5, 0x71, 0x6B, 0xBC, 0x50, 0x03, 0xEA, 0x2C, 0x2E, 0x0F, 0x8E, 0xA9, 0x7C, 0xA2, 0xCE, 0x4B,
    0x95, 0xD3, 0xBC, 0xD6, 0x27, 0x5F, 0x3B, 0x1C, 0x01, 0xBF, 0x00, 0x4B, 0x5D, 0x91, 0xC6, 0xA2,
    0xB3, 0x55, 0x4E, 0x8F, 0x5F, 0xB3, 0xF4, 0xB2, 0x81, 0xBA, 0x07, 0x05, 0xB2, 0x3F, 0x44, 0x5C,
    0x58, 0x78, 0xB3, 0xFA, 0xBF, 0xF7, 0x27, 0x7D, 0x97, 0x94, 0x5F, 0x48, 0x3A, 0xAC, 0x92, 0xDE,
    0x33, 0x80, 0x0F, 0xE7, 0x7E, 0x3B, 0xD3, 0x91, 0x69, 0xE6, 0xFC, 0xC9, 0xAC, 0xD1, 0x74, 0x44,
    0xAC, 0xCD, 0x8B, 0x5B, 0x9E, 0xB7, 0x6E, 0xD6, 0x35, 0x5A, 0x43, 0x3D, 0x3C, 0x1A, 0x01, 0xB7,
    0x46, 0xCB, 0xB0, 0x46, 0x8B, 0xD6, 0xE0, 0x81, 0x87, 0xB6, 0xD7, 0xDA, 0xB9, 0xAB, 0x01, 0x58,
    0x35, 0x2E, 0x56, 0xBD, 0xF1, 0xE3, 0xD5, 0xDA, 0x23, 0x7F, 0xEA, 0x76, 0xAE, 0x81, 0x44, 0x33,
    0x14, 0xAA, 0x48, 0x36, 0x8D, 0x6F, 0x9A, 0xC6, 0x66, 0xD5, 0xD8, 0x14, 0x12, 0xA9, 0x26, 0x28,
    0x2D, 0x0B, 0xA8, 0x1F, 0x83, 0x9F, 0x20, 0x89, 0x6B, 0x4A, 0xD6, 0x18, 0xF5, 0x98, 0x65, 0xE3,
    0xB6, 0xD4, 0xA0, 0x83, 0xFA, 0xF9, 0xA5, 0x06, 0xE9, 0xE3, 0xD7, 0x3C, 0xFB, 0x5D, 0xDF, 0x72,
    0x08, 0xF3, 0x26, 0xA5, 0x1D, 0x4C, 0x25, 0xBC, 0x79, 0x7F, 0xB3, 0x5F, 0x92, 0xA2, 0x76, 0x90,
    0xCD, 0x40, 0x16, 0x5F, 0x29, 0x98, 0xCE, 0xEB, 0x88, 0xB3, 0x67, 0xB6, 0xA7, 0x06, 0x28, 0x3A,
    0x78, 0xC3, 0xB0, 0xAD, 0x79, 0x99, 0xD9, 0xCC, 0x62, 0x94, 0xFC, 0xC8, 0x2A, 0x3E, 0x9F, 0x24,
    0xED, 0x29, 0x9B, 0xF7, 0xF3, 0x37, 0xA7, 0xF9, 0x94, 0xD6, 0x99, 0xA2, 0x86, 0x56, 0xCD, 0x3A,
    0x6D, 0x0E, 0xC3, 0xE9, 0x41, 0xF0, 0x04, 0xF9, 0x02, 0x78, 0x78, 0x58, 0x83, 0x9F, 0xA1, 0x7C,
    0x0A, 0xEF, 0xA4, 0xEF, 0x43, 0xEB, 0x02, 0x94, 0xDF, 0x3F, 0xF7, 0xCC, 0x1C, 0x91, 0x4C, 0x5C,
    0xD8, 0x6B, 0x89, 0x21, 0x9F, 0x31, 0xB4, 0x15, 0xA0, 0x8E, 0x37, 0x8E, 0x48, 0x23, 0x75, 0x97,
    0x45, 0x5C, 0x75, 0x44, 0xC9, 0x11, 0x5F, 0x31, 0x1C, 0xB3, 0x24, 0x2E, 0x70, 0xEB, 0xEE, 0xCD,
    0x86, 0xC5, 0xA0, 0xAF, 0x41, 0xB2, 0xDD, 0xF5, 0x19, 0x8A, 0xE5, 0x2E, 0xA2, 0x9D, 0xA4, 0xCE,
    0xED, 0xB8, 0x43, 0x98, 0x3E, 0xE1, 0x5C, 0xF0, 0x8A, 0x7B, 0xDA, 0xCF, 0xDB, 0x76, 0x31, 0x49,
    0xEF, 0x56, 0xFB, 0x5C, 0x78, 0xB4, 0x40, 0x59, 0x45, 0xD0, 0xEF, 0x26, 0xD3, 0x39, 0x92, 0xFE,
    0x97, 0x06, 0xD2, 0xF7, 0x3E, 0x5F, 0xDD, 0xFE, 0x39, 0xFC, 0x6D, 0x51, 0x51, 0x6C, 0x68, 0x3B,
    0xFC, 0xD0, 0xF6, 0xD4, 0xBD, 0x9F, 0x52, 0x75, 0xE5, 0xF6, 0xDC, 0x58, 0x22, 0x95, 0x26, 0x28,
    0xD5, 0x60, 0x96, 0x2C, 0x5F, 0x0F, 0x99, 0x34, 0xE4, 0x16, 0xB8, 0x7F, 0x5D, 0x2E, 0xBA, 0x93,
    0xC5, 0x5B, 0xA5, 0xCA, 0x52, 0x1E, 0xDB, 0xCE, 0xC5, 0x7A, 0xA8, 0x67, 0xAF, 0x8F, 0x67, 0xA7,
    0x5F, 0xCF, 0xE9, 0xF2, 0xFF, 0xE7, 0xEB, 0xCF, 0xB3, 0x81, 0xD7, 0x2F, 0x38, 0x93, 0xC2, 0x39,
    0xDD, 0xAB, 0xD8, 0xBF, 0x4E, 0x1E, 0x43, 0xCC, 0x02, 0x2C, 0xDF, 0x1C, 0xA0, 0x56, 0x7F, 0x6A,
    0xF4, 0x30, 0xBF, 0x66, 0xD9, 0xD9, 0x58, 0x74, 0xA9, 0xD4, 0x20, 0x41, 0x39, 0xDD, 0xEF, 0x18,
    0xA7, 0x13, 0x50, 0xA8, 0x82, 0xAF, 0x1C, 0x1A, 0xF8, 0x72, 0xD6, 0xC1, 0x97, 0xF2, 0x06, 0x9C,
    0xC0, 0x72, 0x5F, 0xF3, 0x90, 0xE7, 0x03, 0xF8, 0x08, 0xDF, 0xFA, 0x12, 0xFC, 0xD0, 0x59, 0xDA,
    0xF6, 0x7D, 0xB4, 0xBC, 0x7B, 0x88, 0xC3, 0xAF, 0x8E, 0x71, 0xA8, 0x66, 0xDC, 0x54, 0x57, 0x94,
    0xC3, 0x02, 0xFE, 0x83, 0x08, 0x3A, 0x8C, 0x24, 0xB3, 0x0B, 0xAF, 0x7F, 0xD6, 0x1F, 0xF1, 0x8B,
    0x48, 0xFD, 0xF7, 0x23, 0x72, 0x43, 0x12, 0xCB, 0x2E, 0x1B, 0xFD, 0xBD, 0x4E, 0x81, 0x7B, 0x97,
    0xD4, 0x50, 0x0E, 0xF5, 0x73, 0x92, 0xAA, 0xFC, 0x62, 0x51, 0xF4, 0x0C, 0x1C, 0x86, 0xF3, 0x02,
    0x2C, 0xCF, 0x0E, 0xD3, 0x5A, 0xA8, 0x83, 0xC3, 0xB2, 0x29, 0xFB, 0x84, 0xA8, 0x56, 0xE4, 0x11,
    0x53, 0x89, 0xC9, 0xC4, 0x74, 0x62, 0x42, 0x31, 0xA5, 0xB7, 0xFB, 0x07, 0x25, 0x3E, 0xC7, 0x66,
    0x75, 0x63, 0x64, 0xFF, 0x1E, 0xF8, 0x71, 0xC0, 0xCC, 0xFD, 0x2A, 0x62, 0x56, 0x76, 0xE2, 0x7F,
    0x9A, 0x0F, 0xA8, 0xCB, 0xB4, 0x6F, 0xCB, 0x31, 0x51, 0x9F, 0x89, 0x62, 0x4A, 0x35, 0x1C, 0x16,
    0xDC, 0x94, 0x29, 0xE4, 0x33, 0x2E, 0xDA, 0x36, 0xE2, 0xE2, 0xE1, 0xE3, 0x71, 0x7D, 0x92, 0x97,
    0x7F, 0x38, 0xB9, 0x89, 0xC3, 0xEC, 0x3E, 0x8C, 0x6E, 0x24, 0x5B, 0x8E, 0xED, 0x14, 0xB6, 0x2D,
    0x9E, 0xCC, 0x65, 0x20, 0x55, 0xD9, 0x2D, 0xEB, 0xD6, 0x77, 0xF2, 0x03, 0x89, 0xEA, 0xA6, 0xAD,
    0x7B, 0x50, 0x5B, 0xD5, 0x6D, 0x07, 0x12, 0x5E, 0x1D, 0xB4, 0xA7, 0x6D, 0xBD, 0x6C, 0xB3, 0xC7,
    0xCF, 0x14, 0xAA, 0xC0, 0x47, 0x9C, 0xD8, 0xB7, 0x94, 0x13, 0xF9, 0x02, 0x14, 0xE3, 0xE9, 0x0A,
    0xE7, 0x7A, 0x63, 0x39, 0x1A, 0xDB, 0x08, 0x24, 0xB1, 0x05, 0x0E, 0xA3, 0xEF, 0xB8, 0xB4, 0xBA,
    0x2B, 0xC2, 0x21, 0xFA, 0xAE, 0x0C, 0xF9, 0xE4, 0x7B, 0x3F, 0xBA, 0xB1, 0x1C, 0xFC, 0xE4, 0x42,
    0x11, 0xEA, 0xE8, 0x82, 0x0B, 0x3F, 0x89, 0xC5, 0xE0, 0xC2, 0xFC, 0xE3, 0xB2, 0xCF, 0xC7, 0xF8,
    0x1D, 0xDF, 0x1D, 0x9E, 0x45, 0xEF, 0xBB, 0x6C, 0x19, 0x7D, 0xDD, 0x64, 0x0A, 0xA5, 0xAA, 0x54,
    0xA1, 0x10, 0x89, 0x06, 0x27, 0x50, 0xEF, 0x16, 0x50, 0x97, 0xCF, 0xD0, 0x76, 0x87, 0x08, 0xC7,
    0x62, 0x11, 0xF8, 0x0E, 0x80, 0x2A, 0xC8, 0xD4, 0x41, 0xFE, 0xF1, 0x00, 0xEE, 0x17, 0x23, 0xF8,
    0x77, 0xE3, 0x65, 0x6F, 0x02, 0xF9, 0x52, 0x8E, 0xB8, 0xE8, 0x22, 0xE5, 0x98, 0xCF, 0xF8, 0x90,
    0x89, 0xB6, 0x4F, 0x85, 0x3A, 0xF4, 0xAE, 0xA0, 0xFE, 0x60, 0x01, 0xFF, 0x9B, 0x08, 0x85, 0x26,
    0x70, 0x0A, 0x70, 0x50, 0xFF, 0xDC, 0x7F, 0xE5, 0x88, 0xDB, 0xE3, 0x10, 0x00, 0x17, 0xCF, 0x53,
    0x47, 0xEB, 0xBD, 0xBF, 0x85, 0x6F, 0xB7, 0xB6, 0x4B, 0xB4, 0xAD, 0x34, 0x2F, 0x87, 0x6C, 0xC6,
    0x02, 0x86, 0x1B, 0xF3, 0x89, 0x7C, 0xB2, 0xB1, 0x8D, 0x2E, 0x90, 0xCE, 0xE5, 0x40, 0xB2, 0x58,
    0x70, 0x65, 0x68, 0x55, 0x9D, 0xFC, 0xF9, 0x75, 0x58, 0xE6, 0x73, 0x1B, 0xF9, 0x74, 0xBE, 0xDF,
    0x28, 0x02, 0xE0, 0x7B, 0xF8, 0x9A, 0xB6, 0x01, 0x07, 0x45, 0x43, 0x8F, 0xE5, 0x56, 0xDF, 0x06,
    0x7C, 0xA7, 0x9D, 0xEB, 0x99, 0x4B, 0xF3, 0x23, 0x36, 0x15, 0x23, 0x36, 0x11, 0x6D, 0x0E, 0xAE,
    0x87, 0x13, 0xA9, 0xF0, 0x01, 0xD4, 0xD4, 0xFD, 0xF9, 0xF7, 0x6C, 0xFF, 0x4B, 0x55, 0x50, 0x7C,
    0x28, 0x20, 0xD7, 0x0C, 0x64, 0x8A, 0x40, 0xAA, 0x00, 0xA0, 0x01, 0xAC, 0xA8, 0xD1, 0xDF, 0x89,
    0x9B, 0xA2, 0xE1, 0x7C, 0xBC, 0x3F, 0x0C, 0xDC, 0xCD, 0x4B, 0x0A, 0xCF, 0x63, 0x1D, 0xB2, 0x06,
    0x32, 0x9D, 0x83, 0xB3, 0x4E, 0xD7, 0x7A, 0xD8, 0x97, 0x64, 0x57, 0x90, 0x2F, 0xFB, 0xE8, 0x04,
    0xA0, 0xED, 0x21, 0x51, 0x77, 0xAE, 0x34, 0x6F, 0x53, 0x1F, 0xEA, 0x1B, 0xD6, 0x42, 0x82, 0x20,
    0x9B, 0xE1, 0x30, 0x81, 0x0B, 0x50, 0x76, 0x9C, 0xCD, 0xF2, 0x4F, 0x69, 0xB0, 0x01, 0x26, 0x39,
    0x95, 0x75, 0x13, 0xE7, 0x1F, 0x23, 0x51, 0x45, 0xB6, 0x6C, 0x43, 0x56, 0x84, 0x75, 0xAC, 0x2E,
    0xEB, 0x05, 0x92, 0xF1, 0xF2, 0x2B, 0xAB, 0x1D, 0xBE, 0x54, 0x70, 0x66, 0x82, 0x73, 0xED, 0xBF,
    0x42, 0x8C, 0x40, 0x3B, 0xEC, 0x9A, 0x2A, 0x70, 0xCB, 0x9E, 0x19, 0x80, 0x1B, 0xA3, 0xF4, 0x22,
    0xC1, 0x45, 0xB5, 0xAF, 0xDD, 0xB1, 0xFD, 0x3B, 0x89, 0x8D, 0x50, 0x8C, 0xE0, 0x87, 0x6B, 0x62,
    0x7F, 0xB0, 0x3E, 0x3C, 0x3C, 0x8C, 0xA7, 0x87, 0x87, 0x4E, 0x0D, 0x36, 0xF1, 0x20, 0x89, 0xAF,
    0x79, 0x9C, 0x8B, 0xBE, 0xAE, 0xF2, 0xF3, 0x7D, 0xB3, 0x29, 0xF4, 0xF7, 0x3B, 0xCE, 0xFF, 0x0D,
    0xD5, 0x97, 0x37, 0xAC, 0xED, 0x4C, 0x11, 0xC7, 0xFF, 0xB6, 0xBF, 0xEF, 0x1A, 0xC9, 0x48, 0x6E,
    0xC9, 0x6E, 0xC9, 0xEE, 0x45, 0xD8, 0x25, 0xE7, 0xD4, 0x17, 0xC4, 0x8A, 0x74, 0x4A, 0x32, 0x36,
    0xF4, 0x22, 0xF7, 0x0D, 0xB1, 0xA4, 0x27, 0xEC, 0x4A, 0xF4, 0x92, 0x2F, 0xA9, 0x36, 0x39, 0x83,
    0xF5, 0x9E, 0xC5, 0xF3, 0xD3, 0x5B, 0xFB, 0xCF, 0xCE, 0x0C, 0x47, 0x87, 0x17, 0xC9, 0x69, 0x74,
    0xF7, 0x37, 0x7B, 0xBC, 0xBB, 0xB3, 0xE3, 0xD9, 0x9D, 0x73, 0xE6, 0xE2, 0x8A, 0x3F, 0x85, 0x8B,
    0x18, 0x48, 0xEF, 0x62, 0x49, 0x72, 0x76, 0xB1, 0xC9, 0x6A, 0x73, 0xB1, 0x3B, 0xFC, 0x69, 0x1F,
    0xBC, 0x5B, 0x51, 0x33, 0xC0, 0xCD, 0x28, 0x99, 0x10, 0x22, 0xC0, 0x19, 0x61, 0x84, 0x74, 0xE9,
    0x81, 0xE1, 0xA2, 0xA0, 0xEA, 0xEE, 0x87, 0x3A, 0x73, 0xB4, 0x75, 0xDE, 0xAC, 0x00, 0x6A, 0x13,
    0x90, 0x1D, 0x12, 0xA0, 0xFB, 0x01, 0xBA, 0x3B, 0xA0, 0xBE, 0x00, 0xEA, 0x19, 0x80, 0xFE, 0xF0,
    0xED, 0x52, 0x92, 0x4B, 0xBB, 0xB4, 0x64, 0x6A, 0x97, 0xFE, 0xF6, 0x53, 0xD9, 0x2E, 0x6E, 0x2E,
    0x78, 0x9A, 0x42, 0x44, 0x60, 0xA4, 0xC7, 0x40, 0xB5, 0xBE, 0x41, 0x8C, 0x4F, 0xDA, 0x8F, 0x42,
    0x71, 0x40, 0xFF, 0x64, 0xBE, 0x87, 0xAC, 0x05, 0xC4, 0x0E, 0x20, 0x36, 0xCD, 0x3E, 0x20, 0x0F,
    0x17, 0xDE, 0xC7, 0x43, 0x78, 0x63, 0x17, 0xDE, 0x4A, 0x42, 0x2E, 0xCA, 0x51, 0xB8, 0xDA, 0xAA,
    0x87, 0xD3, 0xA3, 0x3B, 0x53, 0x1D, 0x40, 0x98, 0x30, 0x4C, 0x70, 0x5B, 0xC9, 0x88, 0x9E, 0xE4,
    0x88, 0x36, 0x53, 0x3D, 0xD9, 0xC4, 0x13, 0x8E, 0x00, 0x51, 0x25, 0x17, 0x1F, 0xCC, 0xE0, 0x33,
    0x77, 0x22, 0x93, 0xBB, 0x72, 0x55, 0x8E, 0xC2, 0x04, 0xD0, 0x1B, 0x9B, 0xCC, 0x10, 0xDB, 0xCC,
    0x61, 0x1E, 0x76, 0xC0, 0xF1, 0x4E, 0x66, 0xCB, 0x9F, 0x64, 0x96, 0xC7, 0xCB, 0x32, 0xF1, 0x14,
    0xFF, 0x2C, 0x00, 0xED, 0x74, 0x00, 0xA8, 0x6F, 0x25, 0x88, 0x13, 0x0B, 0x20, 0xEB, 0x84, 0xCE,
    0xE3, 0x2E, 0x39, 0x3F, 0xE7, 0x04, 0xA0, 0xE0, 0x7C, 0x9E, 0xAF, 0x2E, 0x00, 0xB5, 0xFA, 0xDF,
    0xDC, 0x49, 0x62, 0xF3, 0xA6, 0xD8, 0xEF, 0x6E, 0x50, 0xCC, 0xCC, 0xCA, 0xC9, 0xAE, 0x82, 0x98,
    0xE0, 0x38, 0x08, 0xBD, 0xDD, 0x83, 0x7E, 0x41, 0x45, 0xD2, 0xB8, 0xE9, 0x3D, 0x48, 0x1A, 0x93,
    0x1D, 0xDD, 0x86, 0xEA, 0xB0, 0x09, 0x70, 0x0B, 0x4A, 0xFA, 0x61, 0x46, 0xC1, 0xB1, 0x59, 0xBA,
    0xA9, 0x4C, 0xCE, 0x83, 0x07, 0xE0, 0x92, 0x46, 0x1A, 0x8F, 0x7B, 0xA8, 0x9C, 0x6E, 0x8B, 0x8D,
    0xE8, 0xC8, 0xC5, 0x7D, 0xE1, 0xB4, 0x3E, 0x01, 0x12, 0x89, 0x3A, 0xE1, 0x3D, 0x4C, 0x0D, 0x99,
    0x5C, 0x6E, 0x61, 0xAE, 0x12, 0xC7, 0xDC, 0x7C, 0x9D, 0x5B, 0x9B, 0xC2, 0xF5, 0xA0, 0xCF, 0x3B,
    0xFE, 0x31, 0x95, 0xFC, 0xE4, 0xFE, 0x14, 0xFF, 0xB5, 0xFE, 0x3B, 0xA9, 0xF9, 0xC5, 0x52, 0x51,
    0x2F, 0xD0, 0xC7, 0x01, 0x13, 0xFE, 0x0B, 0xFE, 0xDC, 0x4B, 0xF6, 0xEE, 0x7B, 0x5B, 0xCD, 0x59,
    0x6E, 0x40, 0xF8, 0x27, 0x2C, 0x0F, 0x63, 0xF0, 0x40, 0xF7, 0xE3, 0x5D, 0xC3, 0xBE, 0xE9, 0x71,
    0xCC, 0x80, 0x64, 0x9A, 0xF0, 0xC9, 0xB8, 0x5B, 0x2C, 0x97, 0x2C, 0xB1, 0x2C, 0xCB, 0x2C, 0xE5,
    0x34, 0xC3, 0x2D, 0x19, 0x2D, 0x33, 0x61, 0x67, 0x64, 0x39, 0x6B, 0xA7, 0x46, 0x23, 0xAC, 0x7F,
    0xA1, 0xCD, 0xB1, 0xF9, 0xB6, 0xD6, 0xEC, 0x98, 0x4D, 0xB3, 0x6F, 0x7B, 0xD9, 0xBE, 0xE6, 0x43,
    0x99, 0xE4, 0xBC, 0x8E, 0x3E, 0x02, 0x4E, 0x5F, 0x61, 0x07, 0x50, 0x6F, 0x00, 0x8A, 0x37, 0xC3,
    0x44, 0x33, 0x52, 0x93, 0x53, 0xF3, 0x54, 0x53, 0x56, 0xB3, 0x57, 0x13, 0x59, 0x73, 0x5A, 0xD3,
    0x9B, 0x10, 0x48, 0x4F, 0x9F, 0xE9, 0xA8, 0xCE, 0xD3, 0x15, 0xBA, 0x56, 0xAD, 0x98, 0xBD, 0x54,
    0x6D, 0x00, 0xDB, 0x19, 0x70, 0x8C, 0x40, 0x4B, 0xE8, 0xCD, 0x00, 0x8A, 0x2F, 0xE1, 0x22, 0x96,
    0xBA, 0xFF, 0x3C, 0x3C, 0x3A, 0x83, 0x26, 0xBE, 0xE6, 0xBD, 0xA6, 0xBD, 0x66, 0x7D, 0x9B, 0x61,
    0x39, 0xAF, 0x29, 0x5F, 0xAF, 0x7D, 0x2C, 0xD2, 0xE0, 0x11, 0x76, 0xA0, 0xDF, 0x00, 0x71, 0xD2,
    0x44, 0xF3, 0xFA, 0x6F, 0x6A, 0x5E, 0x5A, 0x93, 0x24, 0xEB, 0x25, 0xE7, 0x25, 0xE3, 0x25, 0xDF,
    0xCB, 0xE3, 0xA5, 0x3B, 0x34, 0x08, 0x8A, 0x8B, 0x7C, 0xAC, 0x58, 0x01, 0x56, 0xC9, 0x60, 0x1F,
    0x81, 0xFF, 0x72, 0x24, 0x44, 0x2A, 0x32, 0x4A, 0x83, 0x09, 0x8A, 0xB5, 0x9E, 0xAA, 0xD4, 0x2E,
    0xD2, 0xA4, 0xFF, 0x2F, 0x8D, 0x0C, 0x9C, 0x6C, 0x3A, 0x00, 0x40, 0xC2, 0xFF, 0x41, 0x78, 0x12,
    0x50, 0x6C, 0x40, 0xB5, 0xE0, 0x3F, 0x12, 0x9E, 0x6F, 0xCB, 0x46, 0xFD, 0xA7, 0x27, 0xA0, 0xA1,
    0x07, 0xAA, 0x03, 0x00, 0xDE, 0xF5, 0xBF, 0x1A, 0x9E, 0x62, 0x6B, 0x23, 0x3E, 0xEE, 0x80, 0x2E,
    0x01, 0xF5, 0xF2, 0xEF, 0x0F, 0x4F, 0x27, 0xE6, 0x1A, 0xD9, 0xA8, 0xDC, 0xFE, 0x0F, 0x6E, 0x8F,
    0xF3, 0x40, 0x17, 0x81, 0x66, 0xFA, 0xCF, 0xDC, 0x9E, 0x21, 0x06, 0xA0, 0xFB, 0xD1, 0x0E, 0xD4,
    0x77, 0xD6, 0xF3, 0x0F, 0x54, 0x18, 0xEF, 0xFB, 0x79, 0x2A, 0xF9, 0x53, 0xC0, 0x91, 0xBE, 0x20,
    0x39, 0xD7, 0x19, 0x6B, 0x7B, 0xF8, 0x6E, 0xED, 0x57, 0x14, 0x93, 0xD3, 0x82, 0x30, 0x9E, 0x57,
    0xD2, 0x2B, 0x1C, 0xD3, 0x5F, 0x02, 0x75, 0x0A, 0x5E, 0xEA, 0xA3, 0x31, 0x63, 0x88, 0x19, 0x6E,
    0xCE, 0xE8, 0xB6, 0x3C, 0xD0, 0xF0, 0xCD, 0xA7, 0x54, 0x6A, 0x61, 0x11, 0x04, 0x57, 0xFC, 0x6C,
    0x92, 0x6F, 0xDC, 0x52, 0xBF, 0x71, 0x0F, 0xC0, 0x6D, 0x77, 0xD7, 0x10, 0x61, 0x66, 0xCD, 0xC4,
    0x8E, 0xA4, 0xDB, 0x3A, 0x0E, 0x53, 0xC5, 0x10, 0x4B, 0x73, 0xCF, 0x83, 0x04, 0x44, 0xEB, 0xE7,
    0x30, 0x96, 0x3A, 0x2E, 0xF3, 0x64, 0x7E, 0xCD, 0x83, 0x08, 0x3F, 0x22, 0x50, 0x10, 0x28, 0x0F,
    0xA0, 0xDE, 0xDB, 0xCF, 0x9C, 0x52, 0x4F, 0x2E, 0xB9, 0xC5, 0x22, 0xDC, 0x06, 0x50, 0xAD, 0x80,
    0x7D, 0xC9, 0xDB, 0x79, 0x9C, 0xE5, 0xF9, 0x82, 0x82, 0x93, 0x4C, 0xB9, 0x5E, 0x84, 0xF1, 0x42,
    0x7B, 0x8E, 0xC1, 0x0B, 0x4D, 0x18, 0x8D, 0x97, 0x55, 0x5C, 0xCE, 0x44, 0xC3, 0x4D, 0x36, 0xF9,
    0x73, 0x45, 0x26, 0xEC, 0x7F, 0x7C, 0x00, 0x70, 0xD7, 0x97, 0x5F, 0xF2, 0x10, 0xB5, 0xE0, 0xF4,
    0x43, 0x14, 0x7F, 0xDD, 0x84, 0x32, 0x73, 0xB6, 0x8A, 0x0C, 0x7A, 0x0E, 0xF6, 0x33, 0x8E, 0x56,
    0xC3, 0xD7, 0xAD, 0xA8, 0x77, 0x38, 0xAB, 0xC8, 0x94, 0xC3, 0x84, 0x82, 0x1E, 0x45, 0xB2, 0x97,
    0xAA, 0x67, 0xA8, 0x34, 0x23, 0x64, 0x02, 0x3E, 0xF8, 0x41, 0xE0, 0xEB, 0x2F, 0xD4, 0xA6, 0x7D,
    0xB7, 0xC8, 0xD8, 0x23, 0x2B, 0xB5, 0x22, 0x30, 0xB5, 0xE7, 0x4A, 0xED, 0xA7, 0xF5, 0x43, 0x2A,
    0xB5, 0x9B, 0xA9, 0xA4, 0x56, 0xB1, 0x76, 0x33, 0x00, 0x2A, 0x8B, 0x5D, 0x55, 0xB5, 0xA9, 0xAA,
    0x17, 0xDC, 0x27, 0xF2, 0x6A, 0xB2, 0x8F, 0xA9, 0xD6, 0x54, 0x67, 0xAA, 0xB7, 0x78, 0x3A, 0x53,
    0x21, 0xA8, 0xA2, 0x6E, 0x50, 0xD2, 0x89, 0xAA, 0x0E, 0xA7, 0x91, 0x49, 0xAA, 0xDA, 0x4D, 0x55,
    0xB7, 0xBA, 0x49, 0x96, 0x2D, 0x3A, 0x65, 0x98, 0x54, 0x85, 0xA8, 0x8A, 0x14, 0x63, 0xA5, 0xA9,
    0xCA, 0x54, 0xB3, 0x43, 0x5E, 0xA2, 0x4D, 0xAA, 0xBA, 0x4D, 0x95, 0x5B, 0x55, 0x01, 0xE8, 0x2C,
    0x86, 0xBA, 0x1C, 0x08, 0x4A, 0xEC, 0xCA, 0x72, 0xC3, 0xBD, 0x52, 0x84, 0x9F, 0x5E, 0xD9, 0x7F,
    0x11, 0x03, 0x57, 0x0C, 0xCC, 0xB2, 0xC3, 0x7D, 0x66, 0xE0, 0x2B, 0x89, 0x27, 0xA2, 0x4B, 0x9A,
    0x34, 0xED, 0xA6, 0xE6, 0xDA, 0x35, 0xAB, 0x2B, 0x8A, 0xC4, 0xDE, 0xD4, 0x60, 0x8A, 0x53, 0xBB,
    0x6A, 0x5A, 0xB5, 0x9B, 0xAA, 0x3E, 0xE1, 0xE9, 0x08, 0xD7, 0x81, 0x6F, 0x09, 0xDE, 0x51, 0x04,
    0x1D, 0x77, 0xA7, 0xF5, 0xD4, 0x67, 0xAE, 0xF8, 0x19, 0x8D, 0x88, 0x86, 0x33, 0x09, 0x65, 0xF1,
    0xD9, 0x71, 0x37, 0xE2, 0x6E, 0xB1, 0xE3, 0xB8, 0xE2, 0x6F, 0x16, 0x88, 0x7F, 0x52, 0xC8, 0x0B,
    0xCF, 0xE5, 0x67, 0x29, 0xFE, 0xAE, 0x15, 0xE5, 0xFA, 0x35, 0x92, 0x3C, 0xB1, 0xDD, 0xE8, 0xC3,
    0xD8, 0x2F, 0x61, 0x94, 0x8B, 0x29, 0x17, 0x95, 0x63, 0xE6, 0x4B, 0x88, 0xCC, 0x97, 0xED, 0xC2,
    0xD7, 0x6D, 0x99, 0xE1, 0xD3, 0x0B, 0xC2, 0x38, 0x70, 0x02, 0x47, 0xC7, 0x51, 0xAE, 0x2E, 0xB5,
    0xFC, 0xA4, 0x3F, 0x25, 0xB3, 0xAF, 0xE7, 0x3C, 0xEB, 0x31, 0x7B, 0x74, 0x3F, 0xE4, 0x4F, 0x2F,
    0xFE, 0xF5, 0xF3, 0x39, 0xC8, 0xC1, 0x2E, 0x8E, 0xF9, 0x79, 0x16, 0xBD, 0x0E, 0xEB, 0x5D, 0x45,
    0x68, 0x2F, 0xB9, 0xE1, 0xA4, 0x08, 0xFD, 0xB8, 0x14, 0xA1, 0x49, 0x7C, 0xDA, 0x5C, 0x76, 0x69,
    0xC9, 0x78, 0xDD, 0x94, 0xF1, 0xE9, 0xEC, 0x6D, 0xF8, 0x43, 0x9E, 0xE0, 0x28, 0x45, 0xE8, 0x71,
    0x2E, 0x42, 0x2B, 0x4B, 0xA7, 0xC3, 0xA3, 0x8D, 0x56, 0xDE, 0x42, 0x2C, 0xCF, 0x36, 0xDA, 0x91,
    0x07, 0xDC, 0x7A, 0x95, 0x24, 0x01, 0xDF, 0x26, 0x00, 0xFA, 0x05, 0x56, 0x19, 0xA3, 0xE1, 0x04,
    0x14, 0x3C, 0xE4, 0xA1, 0x74, 0x6B, 0x6E, 0xD2, 0xDD, 0x21, 0x5D, 0xC8, 0x10, 0x1E, 0x03, 0x88,
    0xDE, 0x17, 0x44, 0x58, 0x6B, 0xC2, 0x91, 0x3B, 0x3A, 0xDA, 0xBE, 0x33, 0x70, 0xDA, 0xEF, 0x3E,
    0x8D, 0x19, 0x72, 0x23, 0x04, 0x49, 0xEC, 0x0B, 0x0A, 0xF9, 0x58, 0x2E, 0xE7, 0xD1, 0x62, 0xCC,
    0x2D, 0xCC, 0x68, 0x78, 0x88, 0x21, 0xEF, 0xD6, 0x13, 0xDC, 0xF4, 0x18, 0xDC, 0x0C, 0x74, 0x87,
    0xF8, 0xB4, 0x9A, 0x4B, 0x1D, 0x47, 0x80, 0x11, 0x72, 0xAF, 0x72, 0xEB, 0xAF, 0x35, 0x9F, 0x7D,
    0xCB, 0x5D, 0xD7, 0x9F, 0x05, 0xED, 0x08, 0x5D, 0xEC, 0x16, 0x7B, 0xB5, 0x66, 0x86, 0x86, 0xA2,
    0xF3, 0xC0, 0xE3, 0x00, 0xB3, 0xA4, 0x0B, 0x50, 0xE9, 0x69, 0xA4, 0x7F, 0x23, 0xEE, 0x92, 0x37,
    0x6B, 0x6A, 0xDD, 0x35, 0x5A, 0x08, 0xF0, 0x51, 0xC1, 0x2A, 0x58, 0x60, 0x22, 0xB1, 0x2E, 0xBE,
    0x29, 0x93, 0xEE, 0x6E, 0x24, 0xCF, 0x4D, 0xBD, 0xAF, 0xD2, 0xC3, 0x9B, 0x8E, 0x1F, 0xB9, 0xF1,
    0x13, 0xBE, 0x20, 0x47, 0x84, 0xDC, 0x9E, 0x7A, 0xDC, 0x7D, 0x42, 0xED, 0x66, 0xE7, 0xD3, 0x58,
    0xC1, 0x87, 0x72, 0xB1, 0xE7, 0xC5, 0x88, 0x3F, 0x01, 0x6D, 0x8F, 0x01, 0x66, 0xC5, 0x40, 0x14,
    0x45, 0x6F, 0xFE, 0x94, 0x60, 0x90, 0xA2, 0x28, 0x30, 0x00, 0x05, 0xB2, 0x81, 0xF8, 0x93, 0x82,
    0xEE, 0xA5, 0xD0, 0x0D, 0x34, 0x5E, 0xB4, 0x1B, 0x29, 0xA0, 0xAB, 0xF8, 0x7F, 0xB4, 0x1B, 0x98,
    0x25, 0x04, 0x0A, 0x0A, 0x83, 0x87, 0xE0, 0x4D, 0x6E, 0xA3, 0x85, 0xAA, 0x3A, 0x07, 0x17, 0xB8,
    0x4E, 0x4C, 0xDD, 0xE2, 0x8B, 0x33, 0x54, 0x67, 0xBE, 0x84, 0x1C, 0x93, 0x00, 0x37, 0x00, 0xE1,
    0x98, 0x3C, 0x97, 0xF0, 0xAE, 0x72, 0x5B, 0xC3, 0x87, 0x09, 0x8D, 0xD4, 0xFA, 0x90, 0x01, 0x90,
    0xF6, 0xA3, 0xC1, 0xB6, 0xBB, 0x55, 0xA8, 0x3D, 0x97, 0x76, 0x1B, 0x27, 0x70, 0x67, 0xC2, 0xD4,
    0x28, 0x9D, 0xED, 0xEE, 0x03, 0xF0, 0x6B, 0xDC, 0x86, 0x78, 0x11, 0x71, 0x6A, 0xCC, 0x69, 0xF3,
    0xE2, 0x67, 0x51, 0x7D, 0x2C, 0x43, 0x19, 0x44, 0x43, 0x3E, 0xD4, 0x98, 0xDA, 0x55, 0xC6, 0xAE,
    0x10, 0xE1, 0xCD, 0x10, 0x9F, 0x15, 0xF7, 0x78, 0x8D, 0x4F, 0xD6, 0x7D, 0x96, 0x96, 0xB9, 0xE1,
    0x88, 0x13, 0x9C, 0x7D, 0xB3, 0x7A, 0x0D, 0xE5, 0x9C, 0x08, 0x05, 0xF0, 0xDF, 0xDB, 0x11, 0x9C,
    0x99, 0xCE, 0x29, 0xCC, 0x3D, 0x8E, 0xB8, 0xC6, 0xA1, 0xB4, 0xB9, 0xCB, 0xBE, 0x42, 0x2E, 0x25,
    0xD6, 0x5E, 0xDB, 0xA5, 0x1F, 0x27, 0x18, 0xB6, 0x2B, 0x9A, 0x58, 0x58, 0xFE, 0x04, 0xFC, 0x6E,
    0xFB, 0x02, 0xC5, 0xD9, 0x3F, 0x90, 0xDD, 0xC6, 0x7D, 0x07, 0xF0, 0x2F, 0x1E, 0x24, 0x62, 0x26,
    0x98, 0x78, 0xDD, 0x24, 0x99, 0x0C, 0x27, 0xB3, 0x75, 0xA2, 0x8C, 0xD1, 0xA6, 0x38, 0xDE, 0xC2,
    0x62, 0xA1, 0x82, 0x05, 0x59, 0x58, 0x29, 0xA2, 0x82, 0x29, 0xD2, 0x79, 0xE2, 0x6B, 0x5C, 0x52,
    0x5C, 0xC8, 0x2A, 0x58, 0xB8, 0x10, 0x8B, 0x8C, 0x93, 0x99, 0x14, 0x71, 0x97, 0x8C, 0x8B, 0x30,
    0x85, 0x0B, 0x66, 0xE6, 0x8E, 0xBB, 0x14, 0x0B, 0x15, 0x2A, 0x08, 0xD9, 0x63, 0xBB, 0x24, 0x24,
    0x1D, 0xAD, 0xB8, 0xE2, 0x2A, 0x82, 0x6C, 0x3C, 0x71, 0x81, 0x6F, 0x7E, 0x3F, 0x3C, 0xFE, 0xBB,
    0x51, 0xA8, 0x50, 0xFF, 0x9C, 0xBD, 0xDB, 0xCF, 0x6F, 0x1F, 0x1E, 0x0E, 0xFB, 0xE7, 0xF6, 0x61,
    0x17, 0x77, 0x38, 0xBD, 0xB4, 0xD8, 0x90, 0x09, 0x86, 0xCC, 0x68, 0x3E, 0x39, 0x20, 0x7C, 0x2C,
    0xD8, 0x05, 0x20, 0x44, 0x1E, 0xCB, 0x0B, 0x12, 0x2E, 0x56, 0x8A, 0x19, 0x85, 0x66, 0x10, 0x5C,
    0xFC, 0x1C, 0x14, 0x1C, 0x4C, 0x32, 0x5C, 0x4C, 0x72, 0xE4, 0xF9, 0x14, 0x7E, 0xC9, 0xDB, 0x89,
    0x63, 0xB8, 0x9D, 0xE6, 0x43, 0x77, 0x3B, 0xA5, 0x3D, 0xE1, 0xFA, 0x25, 0x7F, 0x3E, 0xB9, 0x89,
    0x26, 0xD9, 0xF7, 0x66, 0x93, 0x50, 0x4D, 0x82, 0x19, 0x95, 0x74, 0x92, 0x51, 0x99, 0xBD, 0x9C,
    0x42, 0xF6, 0xDA, 0xF2, 0x0E, 0x38, 0xD8, 0x62, 0x4D, 0xD5, 0x30, 0x97, 0xD9, 0x92, 0xAF, 0x67,
    0x47, 0xBE, 0x9F, 0xC3, 0x37, 0x9A, 0x8F, 0x32, 0x7B, 0x23, 0x8C, 0xC2, 0x74, 0xC9, 0xBE, 0x9F,
    0xA5, 0xB6, 0x9F, 0x67, 0xA9, 0xED, 0x56, 0x76, 0x23, 0xCB, 0x6C, 0xDE, 0x59, 0xCA, 0x8C, 0x72,
    0x56, 0xF2, 0x49, 0x66, 0x85, 0xFF, 0x92, 0x51, 0x90, 0x23, 0x10, 0x38, 0x60, 0x1D, 0xAC, 0x17,
    0x78, 0x55, 0xAB, 0x9D, 0x61, 0x48, 0xB6, 0x6E, 0x79, 0x85, 0xD1, 0x0F, 0xF0, 0x43, 0xE8, 0xD0,
    0x24, 0xBE, 0x78, 0x6C, 0x12, 0xCD, 0x2C, 0x1C, 0x58, 0x93, 0x82, 0x37, 0x26, 0x79, 0x0A, 0x8E,
    0x8B, 0xB0, 0x95, 0x6E, 0xD9, 0x71, 0xED, 0xC9, 0x67, 0x81, 0x35, 0x1D, 0xE1, 0x3A, 0x2A, 0x5E,
    0x21, 0x2C, 0xC9, 0xE8, 0x3E, 0x60, 0xE8, 0x7D, 0x3C, 0xB4, 0x03, 0x5B, 0xD8, 0x44, 0xC0, 0x24,
    0x16, 0xFF, 0x29, 0x9C, 0xD3, 0x31, 0xBD, 0x78, 0xE5, 0x76, 0xF2, 0xE1, 0xEC, 0xED, 0xE4, 0x28,
    0xA5, 0x46, 0xC7, 0xD9, 0x66, 0x79, 0xD7, 0x7C, 0x66, 0x6D, 0x0F, 0x47, 0x0D, 0xB4, 0x64, 0xA4,
    0x23, 0x07, 0x86, 0x3F, 0x6C, 0x12, 0xD9, 0x1B, 0x61, 0x14, 0xA6, 0x4B, 0x42, 0xDA, 0x6B, 0x7A,
    0xCA, 0xA8, 0x75, 0x74, 0x23, 0x41, 0xF3, 0xB3, 0x19, 0x44, 0x99, 0x05, 0x19, 0x11, 0x82, 0x1C,
    0xB9, 0x59, 0xB8, 0xB0, 0x4C, 0x8E, 0x4A, 0xC3, 0xCD, 0xBC, 0xD4, 0x04, 0xF3, 0x86, 0x68, 0x06,
    0x10, 0xC5, 0x02, 0x54, 0x8C, 0x30, 0x57, 0x06, 0x98, 0x32, 0x49, 0x4C, 0xF2, 0x3A, 0xA1, 0x60,
    0x7A, 0x0E, 0x26, 0x59, 0xC9, 0x2E, 0x9A, 0xD4, 0xE8, 0x4C, 0x91, 0x41, 0x2A, 0x65, 0xB4, 0x20,
    0x7D, 0x80, 0xBB, 0x93, 0x60, 0xF9, 0xE8, 0x5C, 0x20, 0x48, 0x6E, 0x12, 0x1A, 0xAE, 0xD3, 0x76,
    0x82, 0x21, 0x09, 0xFD, 0x2D, 0xB4, 0x6E, 0x00, 0xA3, 0xEF, 0xE0, 0x23, 0xA0, 0xB3, 0xEE, 0x86,
    0x20, 0x55, 0xCA, 0x65, 0xAF, 0xF4, 0x42, 0x39, 0x68, 0x29, 0xE9, 0x31, 0xA1, 0x50, 0x50, 0x8F,
    0x42, 0x35, 0x09, 0xE5, 0x1C, 0x04, 0xB2, 0x43, 0x41, 0x02, 0x68, 0x26, 0xE0, 0x34, 0xBB, 0x5D,
    0x1D, 0x35, 0x49, 0x34, 0x52, 0x47, 0x27, 0x75, 0x84, 0xE8, 0x3A, 0xB8, 0x5D, 0x1D, 0xD5, 0x28,
    0xD8, 0x59, 0x38, 0xD3, 0x08, 0x7B, 0x46, 0xD8, 0xD7, 0x92, 0x5D, 0xC0, 0xAE, 0x9A, 0x6B, 0x76,
    0x9B, 0x1C, 0xD8, 0x97, 0xE4, 0x6B, 0x49, 0x68, 0x85, 0x3B, 0x6F, 0x0A, 0x2F, 0xC9, 0xB1, 0x05,
    0xA1, 0x05, 0x50, 0xB0, 0x08, 0xC7, 0xC5, 0x62, 0xB8, 0x6C, 0x66, 0xA7, 0x73, 0x37, 0xFC, 0x7A,
    0xFD, 0x7C, 0xF8, 0x3B, 0xFD, 0x7C, 0x28, 0xDD, 0x97, 0x19, 0xFB, 0xF6, 0x24, 0x63, 0x2F, 0x93,
    0x7A, 0xA2, 0x4C, 0xEF, 0xF7, 0xD6, 0x89, 0x39, 0x09, 0xF5, 0x28, 0x98, 0x74, 0x92, 0xB1, 0x12,
    0x96, 0x83, 0x8C, 0x8A, 0x1C, 0xB5, 0x33, 0x3D, 0xA4, 0xE9, 0xD0, 0xE4, 0x63, 0xD9, 0x6F, 0x11,
    0x3A, 0x4B, 0x76, 0x84, 0x23, 0xDF, 0x5D, 0xE0, 0xBF, 0x61, 0x7F, 0x37, 0x81, 0xBD, 0xB9, 0x2F,
    0xCA, 0xA7, 0x64, 0x86, 0xFC, 0xC2, 0x3F, 0x24, 0xD6, 0xDF, 0x38, 0xAE, 0x5F, 0x72, 0x91, 0x70,
    0x23, 0x5B, 0xC2, 0xBC, 0x43, 0x10, 0x28, 0xE7, 0xD5, 0xFC, 0x29, 0xE7, 0x42, 0xDC, 0xF0, 0x9F,
    0x17, 0x68, 0xAD, 0xB3, 0xD6, 0xC7, 0x51, 0x94, 0x31, 0xD8, 0xB5, 0x80, 0x3A, 0x98, 0xBD, 0x04,
    0x43, 0x8E, 0x12, 0xDC, 0x56, 0x5A, 0x49, 0x6D, 0xD5, 0x22, 0x21, 0x60, 0x43, 0x09, 0x1C, 0x8B,
    0x35, 0xAC, 0x60, 0x7D, 0x87, 0x30, 0xE3, 0x1A, 0x9A, 0x7E, 0x0D, 0x2E, 0x9E, 0x08, 0x63, 0xC5,
    0x41, 0xC2, 0x6C, 0x39, 0x13, 0x67, 0xEC, 0x7E, 0x4D, 0x62, 0xCF, 0xEC, 0x95, 0xF7, 0x88, 0xFD,
    0xC6, 0x99, 0xB7, 0x88, 0x46, 0xDE, 0xFB, 0x36, 0x51, 0x8D, 0x9B, 0xB5, 0xED, 0x07, 0x0B, 0xE0,
    0x62, 0x49, 0xF6, 0x12, 0x0C, 0x39, 0x49, 0xD0, 0xB6, 0x48, 0xF0, 0x5D, 0xB9, 0x48, 0xD0, 0xB6,
    0x48, 0xE0, 0x71, 0xB1, 0x06, 0x42, 0x43, 0xB5, 0x0B, 0x66, 0x5C, 0x43, 0xD3, 0xAF, 0xC1, 0xC5,
    0x13, 0x61, 0xDE, 0x05, 0x76, 0x6B, 0x38, 0x17, 0xB5, 0x77, 0xAE, 0x8C, 0xFC, 0x35, 0xF5, 0x55,
    0x20, 0x5B, 0xC3, 0xB6, 0xE1, 0x8C, 0x8D, 0x7C, 0x73, 0xC0, 0xA7, 0xD2, 0xF7, 0x5A, 0x13, 0x75,
    0xFC, 0x7A, 0x0D, 0xE5, 0x3B, 0xC9, 0x76, 0x12, 0x62, 0x6A, 0xDA, 0xF5, 0x95, 0x87, 0xBE, 0x27,
    0x1F, 0x3E, 0x49, 0x81, 0xA3, 0x86, 0x9A, 0x2D, 0x76, 0x97, 0x6A, 0xB8, 0x00, 0x24, 0xBB, 0x92,
    0x3F, 0x62, 0x5F, 0x4D, 0x70, 0xA9, 0x4E, 0xB0, 0xC9, 0x2C, 0xAD, 0x49, 0x86, 0xC9, 0x24, 0xF8,
    0x41, 0x08, 0x9D, 0x40, 0x3C, 0x89, 0x55, 0xBC, 0x32, 0x79, 0x21, 0x39, 0x2D, 0xDD, 0x10, 0x7C,
    0x16, 0xEC, 0x20, 0x00, 0x8F, 0x71, 0x26, 0x6D, 0x38, 0xCB, 0x45, 0x95, 0xE6, 0x35, 0x99, 0xAD,
    0xAE, 0x20, 0x53, 0xF3, 0x52, 0x62, 0xB2, 0xEC, 0x5D, 0xDA, 0x68, 0x95, 0x90, 0xF4, 0xE5, 0x9B,
    0xD6, 0x7C, 0xAE, 0xA6, 0x6D, 0x06, 0xA1, 0xEA, 0x4D, 0xAA, 0xD9, 0xE9, 0xCF, 0x9E, 0x7D, 0x23,
    0x9D, 0x31, 0x1F, 0xDC, 0x49, 0x7B, 0x86, 0x4C, 0x67, 0x9A, 0x23, 0x9F, 0x9A, 0xF9, 0x2F, 0x9B,
    0x54, 0x8F, 0xCF, 0x49, 0xFD, 0x6B, 0x0A, 0x9F, 0x1C, 0xC4, 0x8A, 0x64, 0x34, 0x42, 0xDB, 0xDC,
    0xBD, 0x36, 0xC3, 0x2D, 0x57, 0x01, 0x47, 0x76, 0x68, 0xC8, 0x09, 0x38, 0xC5, 0x05, 0x55, 0xAE,
    0x08, 0x4B, 0xE8, 0x0C, 0xEB, 0x74, 0x7E, 0x45, 0xE2, 0x5B, 0x8D, 0x60, 0x29, 0x54, 0x0A, 0x82,
    0xE2, 0x3F, 0x10, 0x9C, 0xF6, 0xD7, 0x32, 0x6B, 0xF7, 0xAF, 0xE2, 0x89, 0x54, 0x77, 0x19, 0x30,
    0xB7, 0x0E, 0x00, 0x7B, 0xD6, 0xA2, 0x61, 0x19, 0x10, 0x58, 0x10, 0xD9, 0xFF, 0xCA, 0x23, 0x6C,
    0xA9, 0x73, 0xFC, 0xFB, 0x01, 0x6B, 0xDA, 0xF4, 0x3F, 0x85, 0xBF, 0x6A, 0xEE, 0x73, 0xC3, 0x51,
    0xEF, 0x0B, 0x9C, 0xFC, 0x9F, 0xF9, 0xB7, 0xEF, 0x67, 0xF6, 0xEE, 0xF6, 0xCF, 0xB3, 0x1C, 0xBB,
    0x73, 0x4B, 0x96, 0x34, 0x7F, 0xEF, 0x75, 0x59, 0xD3, 0x82, 0x2F, 0x65, 0x51, 0xA3, 0xE8, 0x3E,
    0x5E, 0x8E, 0xCA, 0x6C, 0x7E, 0x96, 0x77, 0x0B, 0xD9, 0xA4, 0xCE, 0x49, 0x5D, 0x56, 0xD9, 0xAF,
    0xC6, 0xD5, 0x6E, 0xB5, 0x5D, 0x85, 0xBA, 0xA8, 0xBB, 0x54, 0xE4, 0xCD, 0x04, 0x1D, 0xC8, 0x8B,
    0x94, 0xD0, 0xAC, 0x43, 0x94, 0xDC, 0xAF, 0xE6, 0x20, 0xA3, 0x1B, 0xBA, 0xFF, 0xD0, 0x1B, 0xF5,
    0xBA, 0x10, 0x49, 0x28, 0x7E, 0x6A, 0x34, 0x54, 0xF3, 0x1A, 0xCE, 0x9B, 0x27, 0x42, 0x78, 0xE3,
    0xA2, 0x06, 0xFF, 0xD6, 0xBC, 0x86, 0x9B, 0x93, 0x95, 0xE0, 0xDE, 0x1A, 0xC2, 0x22, 0x81, 0x3F,
    0x20, 0xEF, 0x25, 0x37, 0x97, 0xEF, 0x90, 0xC9, 0x4D, 0x65, 0x5C, 0x24, 0xA4, 0xF2, 0xBD, 0xC9,
    0x27, 0xD7, 0x17, 0x4C, 0x4D, 0x72, 0x11, 0x5E, 0xE7, 0x44, 0x33, 0x03, 0x3A, 0xE9, 0xD8, 0x4B,
    0x30, 0xE4, 0x24, 0x41, 0x3E, 0xB2, 0xB3, 0x04, 0xFD, 0xC8, 0x4A, 0x08, 0x28, 0x28, 0x81, 0xC7,
    0xD0, 0x10, 0xB8, 0x86, 0x6A, 0x59, 0x83, 0x19, 0xD7, 0xD0, 0xF4, 0x12, 0xAC, 0x5E, 0x93, 0x68,
    0x76, 0x81, 0xBD, 0x9B, 0xC1, 0x9A, 0x83, 0x63, 0x47, 0xCF, 0xC9, 0xBD, 0x14, 0xC9, 0xE1, 0x50,
    0x3F, 0xB2, 0xF7, 0xE3, 0x5E, 0x73, 0x2E, 0xF2, 0xFD, 0xE1, 0xD0, 0xB0, 0xE5, 0x4D, 0xEE, 0x6E,
    0x1E, 0xBE, 0x47, 0xB3, 0xDB, 0x30, 0x8D, 0x30, 0xE4, 0xAC, 0x2B, 0xCF, 0x7A, 0x94, 0x1D, 0x75,
    0xE5, 0xE1, 0x8B, 0x93, 0x8B, 0xAC, 0x17, 0xE1, 0xBC, 0x79, 0x40, 0xF8, 0xE1, 0xBF, 0x0B, 0x72,
    0xFB, 0x8E, 0xFE, 0xE6, 0x28, 0xBC, 0xDD, 0xBB, 0xE8, 0xEE, 0xB5, 0xC2, 0x0C, 0x61, 0x54, 0x06,
    0xA5, 0x57, 0xA2, 0x80, 0xBF, 0xC3, 0x8F, 0x51, 0x2E, 0xD2, 0x7C, 0xC3, 0x7B, 0xEC, 0x1C, 0xC9,
    0xE8, 0xDF, 0xCC, 0x6E, 0x08, 0xED, 0x05, 0xAB, 0xC3, 0x6E, 0x12, 0x37, 0x93, 0x50, 0x2F, 0xEB,
    0x48, 0xEB, 0x38, 0x0B, 0x52, 0x91, 0x49, 0x72, 0x9E, 0x49, 0xEE, 0x56, 0x12, 0xEE, 0x44, 0x61,
    0x81, 0x30, 0x29, 0x49, 0xE9, 0x1F, 0x02, 0xFB, 0x7F, 0x6E, 0xFC, 0xC2, 0x7A, 0xDB, 0x5B, 0x04,
    0x93, 0x84, 0x66, 0xD7, 0x3E, 0xA5, 0x57, 0x16, 0x85, 0x9D, 0xF0, 0x52, 0x14, 0x4A, 0xA1, 0x39,
    0x27, 0x18, 0x4A, 0xDF, 0x36, 0xDA, 0x37, 0x3B, 0xC0, 0x0E, 0x3E, 0x23, 0xE4, 0xE9, 0x72, 0xC1,
    0x25, 0xB9, 0xF2, 0x13, 0x4E, 0xBE, 0x4C, 0xF4, 0xAC, 0x06, 0x5A, 0x9A, 0x9E, 0xA0, 0x89, 0x82,
    0xED, 0x84, 0x06, 0x82, 0x53, 0x5E, 0x55, 0x0E, 0x95, 0x49, 0x19, 0x95, 0xA4, 0x0C, 0x4A, 0x7C,
    0x44, 0x2B, 0x68, 0x2A, 0xC2, 0x6F, 0x6E, 0xA0, 0x22, 0x17, 0x58, 0x32, 0xC3, 0xDD, 0xBD, 0x36,
    0x0A, 0x00, 0x3C, 0xB7, 0x0A, 0x07, 0xFC, 0x71, 0x60, 0x06, 0xB0, 0xDE, 0xE6, 0xCB, 0xCF, 0xA2,
    0x57, 0x74, 0x39, 0xB0, 0xE4, 0xA8, 0x17, 0xED, 0x77, 0x4B, 0x46, 0x3D, 0xA0, 0xCC, 0x3E, 0x0B,
    0xD3, 0x65, 0x21, 0x39, 0x2D, 0x79, 0xC1, 0x53, 0xB0, 0x0A, 0x3E, 0x45, 0xA5, 0xD4, 0x8A, 0x1F,
    0xC1, 0x8A, 0x13, 0xD8, 0x70, 0x01, 0x39, 0x35, 0xE0, 0x92, 0x0C, 0x98, 0xB2, 0x94, 0xA2, 0x9F,
    0x41, 0xD8, 0xF1, 0x59, 0xEA, 0x78, 0x66, 0xDA, 0x4A, 0xB8, 0x2B, 0x1D, 0xF1, 0xE4, 0x08, 0x4B,
    0xF6, 0x28, 0xC2, 0x16, 0x9A, 0xF8, 0x0C, 0xD4, 0x83, 0xE0, 0xB3, 0x30, 0x5D, 0x16, 0x92, 0xD3,
    0x92, 0x17, 0x3C, 0x05, 0xAB, 0xE0, 0x99, 0x69, 0x37, 0xC2, 0x56, 0xA7, 0x18, 0x39, 0xEF, 0x46,
    0xB6, 0x08, 0x4B, 0x5B, 0xAF, 0x93, 0x7F, 0x16, 0x8E, 0x1A, 0x21, 0x1B, 0x61, 0xD6, 0x12, 0x67,
    0x65, 0x54, 0xF0, 0x88, 0x72, 0x14, 0xEA, 0x2C, 0xD8, 0x45, 0x70, 0x14, 0x44, 0x39, 0xD9, 0x08,
    0xB9, 0x16, 0xC6, 0x52, 0x18, 0x0A, 0x21, 0x42, 0x68, 0x1F, 0x6C, 0x06, 0x9F, 0x85, 0xDF, 0x47,
    0x5B, 0xEC, 0x50, 0x4E, 0xBA, 0x74, 0x95, 0xD9, 0xA4, 0xE9, 0x72, 0x25, 0x26, 0x57, 0xCF, 0x52,
    0xF6, 0x66, 0x91, 0xE3, 0x34, 0xD4, 0xC5, 0xD8, 0x5E, 0x33, 0x09, 0x6C, 0xEC, 0x79, 0xD1, 0x99,
    0x37, 0xC4, 0x7D, 0x73, 0x5B, 0x7C, 0xB5, 0xBE, 0x23, 0x1E, 0x96, 0xF7, 0xC4, 0xA9, 0xA4, 0x38,
    0x6E, 0xD4, 0x54, 0xAC, 0xAE, 0xDF, 0x03, 0x82, 0x18, 0xE1, 0x57, 0x9D, 0xD8, 0xA9, 0x92, 0xCC,
    0xE7, 0xF0, 0xFF, 0xAD, 0x9D, 0x27, 0xB7, 0x0B, 0x9B, 0xAF, 0x63, 0xBB, 0x50, 0x0B, 0xFA, 0x52,
    0x7B, 0xF6, 0xE8, 0x14, 0xFF, 0xF0, 0xC7, 0xAC, 0x82, 0xA7, 0x71, 0x4A, 0x71, 0x3C, 0xD6, 0x15,
    0x86, 0xE7, 0xD3, 0xE8, 0xC8, 0x94, 0x1A, 0xE1, 0xBA, 0xAF, 0x98, 0xDC, 0x82, 0x90, 0xEA, 0x11,
    0x56, 0xA1, 0xBC, 0xE2, 0x91, 0x05, 0xB3, 0x01, 0x67, 0x89, 0x5C, 0x24, 0x8F, 0x60, 0x00, 0xE8,
    0xD8, 0xD3, 0x4A, 0xD6, 0x18, 0x7E, 0xD1, 0x92, 0xC0, 0xE3, 0x2C, 0xDD, 0x0E, 0xDB, 0x83, 0xC5,
    0x91, 0xD9, 0x90, 0x09, 0x61, 0x69, 0x21, 0x69, 0xC3, 0x7F, 0x1C, 0x0D, 0xA9, 0x75, 0x0E, 0xFE,
    0x97, 0xA1, 0x0B, 0xFF, 0x00, 0x48, 0x71, 0xBD, 0xF0, 0xCB, 0x61, 0x7D, 0x70, 0x89, 0x80, 0x3B,
    0x99, 0x2B, 0x46, 0x58, 0xC9, 0xFB, 0x26, 0x62, 0xAF, 0x96, 0x68, 0xF5, 0x75, 0x8B, 0xCD, 0x8C,
    0x13, 0x0B, 0xC0, 0xFC, 0xF5, 0x2C, 0x00, 0xC0, 0x33, 0x72, 0x20, 0x6D, 0xA9, 0xC9, 0x11, 0x8E,
    0x5C, 0xE0, 0x3F, 0x79, 0x85, 0x2D, 0x3B, 0x84, 0xF8, 0x93, 0xF5, 0xDD, 0x66, 0x2B, 0xD7, 0x23,
    0x43, 0x34, 0x24, 0xA3, 0xD5, 0x47, 0x6E, 0x97, 0x20, 0xF4, 0xF0, 0x0F, 0x1A, 0x34, 0x2B, 0x6C,
    0x85, 0x73, 0xFF, 0x4B, 0x5B, 0x26, 0x79, 0xF7, 0xF7, 0xB3, 0x15, 0x7D, 0x46, 0xC2, 0x56, 0xBB,
    0x1B, 0x1B, 0x32, 0xF9, 0x6D, 0x18, 0xA5, 0x67, 0x59, 0xEF, 0xD7, 0x3F, 0x41, 0x99, 0xF1, 0xD4,
    0x2C, 0xF5, 0x14, 0xCC, 0x28, 0xDF, 0x95, 0x1C, 0x35, 0x4E, 0xBB, 0x47, 0xE2, 0xA6, 0xD3, 0x8B,
    0x66, 0x65, 0xC4, 0x0B, 0xBC, 0x96, 0x36, 0x24, 0x7B, 0x23, 0x44, 0xB7, 0x5C, 0x64, 0xF4, 0x52,
    0x1E, 0x42, 0xE7, 0x98, 0xD8, 0x2E, 0x36, 0xB1, 0xCE, 0x26, 0xF1, 0xE2, 0xB5, 0x2F, 0xFC, 0xE7,
    0x89, 0x75, 0x65, 0x80, 0xCF, 0xEA, 0x74, 0x59, 0x4D, 0x4E, 0x9D, 0xBC, 0xEA, 0x59, 0x0F, 0xFC,
    0xA6, 0x65, 0x33, 0x71, 0x0F, 0xDC, 0xDB, 0xE3, 0xBC, 0x9A, 0xC1, 0xFD, 0xEB, 0x4C, 0xE0, 0xBA,
    0x10, 0xB1, 0x22, 0x01, 0xE2, 0x40, 0x3C, 0xF1, 0xDD, 0x6E, 0x54, 0x5D, 0x29, 0x76, 0x4B, 0xC5,
    0x6E, 0xAD, 0x58, 0x17, 0x0B, 0x48, 0x6A, 0x7A, 0xC1, 0xF5, 0x32, 0x5F, 0x42, 0xAC, 0x48, 0xB6,
    0x8D, 0x00, 0x2F, 0x73, 0xB7, 0x65, 0x74, 0x8C, 0xC4, 0xE2, 0x23, 0xAA, 0x51, 0xA7, 0x94, 0x4C,
    0x9A, 0x92, 0x64, 0x34, 0x4A, 0x33, 0x6D, 0xD6, 0xF9, 0x12, 0x84, 0x67, 0x9B, 0x2F, 0xBA, 0x79,
    0xE9, 0x7D, 0x86, 0x1F, 0xA5, 0x8F, 0xD3, 0xA5, 0xE4, 0x90, 0xF6, 0x26, 0x2F, 0x25, 0x4F, 0x39,
    0x66, 0x89, 0x90, 0xC0, 0x0D, 0x27, 0xB0, 0x64, 0x06, 0xEB, 0x5B, 0x82, 0x7D, 0x5D, 0x70, 0xA5,
    0x70, 0x59, 0xC9, 0xCA, 0xA4, 0x24, 0xA5, 0x57, 0xA2, 0xD2, 0x2A, 0x10, 0x24, 0x6D, 0x16, 0x35,
    0x64, 0xA9, 0xAF, 0xE4, 0x24, 0x15, 0xD6, 0x3F, 0x5C, 0xEF, 0x4C, 0x65, 0x4A, 0x4E, 0x9D, 0xBC,
    0x1E, 0xF1, 0x44, 0xC9, 0x64, 0x89, 0x42, 0xAB, 0x2D, 0x27, 0x23, 0x56, 0x59, 0xAD, 0x17, 0xD5,
    0x50, 0x6D, 0x0E, 0xDE, 0x10, 0x9D, 0xB9, 0x2D, 0xDE, 0x30, 0xF7, 0xC4, 0x5C, 0xF1, 0xF1, 0x5D,
    0xF8, 0x89, 0xFB, 0x6F, 0x8F, 0xF0, 0xF0, 0xCE, 0x6B, 0x97, 0xC7, 0x7F, 0x4A, 0x59, 0xD6, 0x0D,
    0x6D, 0xE7, 0x75, 0xA0, 0xC2, 0xA3, 0x3F, 0x73, 0x14, 0x3A, 0x28, 0x15, 0x7B, 0x19, 0x9E, 0x9F,
    0x25, 0x21, 0x2A, 0x6B, 0x89, 0xBD, 0xD2, 0x0A, 0x09, 0xC2, 0x04, 0x1F, 0x6B, 0xFE, 0x88, 0xEB,
    0xC0, 0xB7, 0x05, 0x39, 0x03, 0xA7, 0x79, 0x15, 0xA7, 0x38, 0xE9, 0x70, 0x93, 0xDD, 0xD2, 0x7A,
    0x62, 0x86, 0x9D, 0x11, 0xC8, 0x0C, 0xA7, 0x6C, 0xC2, 0xBF, 0x3E, 0xF8, 0x63, 0x86, 0x9B, 0x85,
    0xB9, 0x11, 0xB2, 0x79, 0x58, 0xE2, 0xAC, 0x8C, 0x27, 0xB6, 0x35, 0x41, 0xB7, 0x35, 0x8E, 0x1C,
    0x61, 0x1E, 0x6D, 0x6B, 0xEA, 0x51, 0xAA, 0x77, 0xB3, 0x59, 0x70, 0xDD, 0x37, 0x44, 0x72, 0x5E,
    0x67, 0xE4, 0x4C, 0x90, 0x13, 0xE1, 0x39, 0x10, 0x96, 0x2D, 0x51, 0x5C, 0x00, 0x01, 0x7C, 0x21,
    0xEA, 0x01, 0x74, 0xB9, 0xE0, 0xD1, 0xE5, 0xCD, 0x92, 0x5D, 0x39, 0x67, 0x57, 0xE7, 0x25, 0xF8,
    0xD1, 0x93, 0x83, 0x25, 0x5B, 0x9D, 0x0E, 0x28, 0xA0, 0xE9, 0xD1, 0xB9, 0x37, 0x6E, 0x3C, 0x3E,
    0xF7, 0x46, 0x08, 0xA3, 0x23, 0x7B, 0xA3, 0xA3, 0x13, 0x8E, 0x21, 0xE9, 0xCF, 0x6D, 0x0F, 0xE7,
    0x27, 0xF8, 0xF1, 0x12, 0x96, 0xB4, 0xB7, 0xC9, 0x4B, 0xB6, 0x4F, 0x5C, 0x4F, 0xCE, 0x91, 0xF3,
    0xEA, 0xDD, 0x4C, 0x8F, 0x7E, 0x1B, 0x86, 0x10, 0x6D, 0x62, 0x6B, 0xD2, 0x4F, 0x60, 0x12, 0xBE,
    0x40, 0xAE, 0x47, 0x48, 0x72, 0xB3, 0x7A, 0xE4, 0xD4, 0xD1, 0xA8, 0x69, 0x35, 0x37, 0xAA, 0x9F,
    0x55, 0x3B, 0xE2, 0x69, 0xA9, 0xD9, 0x0A, 0x1B, 0xB2, 0x87, 0xB6, 0x2D, 0x01, 0x76, 0x39, 0x98,
    0x80, 0x26, 0x55, 0x19, 0xBA, 0x85, 0x16, 0xFF, 0xA2, 0x53, 0x81, 0xAF, 0xD0, 0x17, 0x8E, 0x51,
    0x92, 0x9D, 0x21, 0x07, 0xD7, 0x9F, 0x1E, 0x3D, 0x8A, 0x4C, 0xFE, 0xE6, 0x88, 0xE4, 0x82, 0xE2,
    0xBB, 0x04, 0x70, 0x1A, 0xBB, 0xE4, 0x22, 0x4E, 0xFF, 0x97, 0x4E, 0x5C, 0x86, 0x58, 0xAF, 0x8B,
    0xC6, 0x71, 0xC5, 0xE8, 0x74, 0x49, 0xF1, 0xDC, 0x7A, 0x81, 0x8C, 0xC0, 0xDF, 0x28, 0x38, 0xA5,
    0xAC, 0xE9, 0x5B, 0xAD, 0x10, 0x7A, 0xBC, 0x70, 0xF7, 0xC3, 0x61, 0x43, 0x0E, 0xC9, 0x90, 0xBF,
    0x1D, 0xDC, 0x50, 0x33, 0xFA, 0x16, 0x0B, 0xC8, 0xED, 0x65, 0x81, 0xC4, 0x5A, 0xDF, 0x13, 0x15,
    0xC2, 0x39, 0x3C, 0x1F, 0xDC, 0x86, 0xF4, 0x86, 0xA4, 0xEB, 0x6B, 0x4A, 0xF3, 0x18, 0xF8, 0x9B,
    0x40, 0x49, 0x8F, 0x9B, 0x27, 0x5C, 0xF5, 0xE3, 0x98, 0xD3, 0x61, 0xCA, 0x3E, 0x37, 0x19, 0xBB,
    0xAF, 0x7F, 0xB3, 0xBD, 0x89, 0x61, 0x34, 0x31, 0xE5, 0x5D, 0x0E, 0x92, 0x1B, 0xC9, 0x85, 0x66,
    0x32, 0x82, 0x6C, 0x61, 0x27, 0x38, 0x30, 0xEA, 0x97, 0x7B, 0x62, 0x45, 0x79, 0xF9, 0xE2, 0x08,
    0x90, 0xEC, 0x95, 0x49, 0x99, 0xA1, 0xEB, 0xA4, 0x50, 0x51, 0x28, 0x1F, 0x51, 0xCF, 0xE0, 0x2F,
    0x0E, 0xD6, 0x53, 0x86, 0x27, 0x7F, 0x42, 0xDE, 0x10, 0x36, 0x14, 0x70, 0x92, 0x42, 0x29, 0xA9,
    0x3F, 0xB6, 0x80, 0x64, 0x56, 0x46, 0xA5, 0x7B, 0x72, 0x4D, 0xFB, 0x83, 0x1F, 0x03, 0x7C, 0xFA,
    0xD7, 0xC8, 0x79, 0x96, 0xDE, 0x1C, 0x35, 0x6E, 0xAE, 0x47, 0xEA, 0x8F, 0x7C, 0x29, 0x46, 0xC3,
    0x96, 0xB3, 0x61, 0x3F, 0x37, 0xE6, 0xCD, 0x94, 0x8D, 0x89, 0xE9, 0xA8, 0xD1, 0x3B, 0xD2, 0x5C,
    0xB1, 0xAF, 0xC7, 0x62, 0xC1, 0x86, 0x3F, 0x38, 0x7E, 0xB0, 0x5B, 0x4A, 0xFE, 0xD7, 0x8C, 0xEC,
    0x9E, 0x07, 0x67, 0xE0, 0xDA, 0xBA, 0x51, 0x1A, 0x74, 0xAA, 0x02, 0xE6, 0xAB, 0xC8, 0xA3, 0x64,
    0xB6, 0x92, 0x7B, 0x48, 0x0B, 0x20, 0x4D, 0x41, 0x2D, 0xB1, 0x64, 0x0F, 0x84, 0xF5, 0x53, 0x5E,
    0x93, 0x70, 0x64, 0xF4, 0x77, 0x39, 0x70, 0x68, 0x12, 0x27, 0x93, 0xF2, 0x9E, 0x1D, 0xF2, 0x25,
    0x17, 0xFD, 0x14, 0xDA, 0xD3, 0x3D, 0xB1, 0xEE, 0xC8, 0xCA, 0xFC, 0x25, 0xF2, 0x0C, 0xAD, 0x53,
    0xF2, 0x84, 0x72, 0xBA, 0x84, 0x72, 0xDC, 0x93, 0xE3, 0x87, 0x00, 0x47, 0x5D, 0x36, 0x5D, 0xEB,
    0x22, 0x5C, 0x4B, 0xE1, 0x07, 0x42, 0x73, 0x4B, 0xB0, 0xB7, 0x95, 0x7B, 0x21, 0xC2, 0xD0, 0x09,
    0xB3, 0x32, 0x09, 0xA7, 0x92, 0x00, 0x7C, 0x3D, 0xCC, 0x0A, 0x5B, 0xE1, 0x5C, 0x14, 0x4A, 0xA1,
    0xD1, 0x92, 0x61, 0xBB, 0x8E, 0x42, 0xF1, 0xD5, 0xDE, 0xEF, 0x9E, 0x21, 0x3F, 0x7F, 0x01, 0xDF,
    0xDF, 0x5C, 0x45, 0xB9, 0x98, 0x87, 0xFF, 0x4E, 0x10, 0x5A, 0xFF, 0xE6, 0x14, 0x62, 0x68, 0x2F,
    0xB8, 0xC8, 0x0C, 0x81, 0xC2, 0x6C, 0x3B, 0x7D, 0x32, 0x8C, 0xFA, 0x8C, 0x28, 0x25, 0xA7, 0xC7,
    0xEA, 0xE9, 0xAB, 0x1E, 0xA3, 0x32, 0xED, 0x72, 0x3D, 0x9C, 0x22, 0xFB, 0x86, 0xEC, 0x3C, 0xB7,
    0x98, 0x71, 0xBA, 0xCB, 0x7F, 0xE5, 0x87, 0x79, 0xF9, 0x69, 0x0A, 0x1C, 0x93, 0xBB, 0xC2, 0xC1,
    0x22, 0x74, 0x90, 0xC4, 0x13, 0x5F, 0xB6, 0x7D, 0xBE, 0x0D, 0x83, 0x8D, 0x29, 0x39, 0xCD, 0x5D,
    0x48, 0x44, 0xF3, 0xFE, 0x8C, 0xFA, 0xDE, 0x04, 0xCF, 0x1E, 0x5C, 0x00, 0x5E, 0xC5, 0x2E, 0x95,
    0x37, 0x07, 0x13, 0x2D, 0xB5, 0x53, 0x97, 0x2F, 0xDB, 0xEE, 0xC6, 0x73, 0xAE, 0x69, 0xD9, 0x3B,
    0x87, 0x31, 0xED, 0xCF, 0x48, 0x89, 0x13, 0xFC, 0xBB, 0xEC, 0xD1, 0xBC, 0xB6, 0xD5, 0x89, 0xA6,
    0xDF, 0x64, 0xDA, 0x7D, 0xBF, 0x32, 0x5F, 0xD8, 0x1D, 0x01, 0x32, 0xAA, 0xA9, 0x08, 0xC9, 0xB2,
    0xF5, 0x23, 0x96, 0x09, 0x69, 0x0F, 0x32, 0x09, 0xA5, 0x6C, 0xFB, 0x07, 0x4B, 0x89, 0x9F, 0x91,
    0x1B, 0x24, 0x83, 0xD1, 0xE8, 0xBA, 0xE3, 0x66, 0xEC, 0x56, 0xA2, 0x82, 0x43, 0xCD, 0xC1, 0xF4,
    0xAD, 0xE9, 0x51, 0x2D, 0x68, 0x16, 0xDC, 0xD0, 0xCB, 0x61, 0x79, 0x0E, 0x3E, 0xC3, 0x4E, 0xD8,
    0xA5, 0x83, 0xDD, 0x2E, 0x65, 0x80, 0x39, 0x3E, 0x95, 0x65, 0xC6, 0x4C, 0x97, 0x71, 0xC6, 0xD1,
    0xE2, 0xF0, 0x55, 0x7B, 0xBE, 0x1B, 0xC7, 0xEA, 0xAD, 0x38, 0xA6, 0xF2, 0x2D, 0xE9, 0x6F, 0x79,
    0x2B, 0xEE, 0x5E, 0xBE, 0x6A, 0x5F, 0x8A, 0x87, 0x8E, 0xA6, 0xDB, 0xAF, 0xA7, 0x06, 0xB6, 0xC3,
    0x11, 0xEA, 0x8F, 0xFF, 0x64, 0x3A, 0xF1, 0x3F, 0x91, 0xEF, 0xE8, 0x95, 0x79, 0xAC, 0x57, 0x26,
    0x8C, 0x10, 0xDD, 0x16, 0x21, 0xF9, 0x5E, 0x2A, 0x66, 0x87, 0x2A, 0xB3, 0x45, 0x99, 0x09, 0x45,
    0x4B, 0x21, 0xA2, 0xCE, 0x6E, 0x40, 0x33, 0x36, 0xCB, 0x5F, 0x6B, 0xC3, 0xC9, 0xF8, 0x78, 0x9B,
    0x03, 0xBC, 0x0C, 0x49, 0x0D, 0x27, 0xAC, 0x57, 0xEC, 0x60, 0xC4, 0xA4, 0x7D, 0xD5, 0x15, 0xBE,
    0xFF, 0xFB, 0x7A, 0x06, 0x5F, 0xE3, 0xD9, 0x05, 0x3C, 0xFB, 0xAB, 0x9B, 0x04, 0xA5, 0xAD, 0xD4,
    0xB2, 0x18, 0x6E, 0x52, 0xF4, 0x83, 0x7F, 0x8D, 0x68, 0xC8, 0xCD, 0x82, 0x9A, 0xB9, 0xCA, 0x28,
    0x42, 0x6F, 0xD6, 0x31, 0x70, 0xC3, 0x83, 0x5F, 0x76, 0x18, 0x56, 0x93, 0xDA, 0xAC, 0x9A, 0x07,
    0x16, 0xF8, 0xA6, 0xE8, 0xDE, 0xA3, 0xC8, 0xFB, 0x8C, 0xE6, 0x43, 0x72, 0xFD, 0xFF, 0xE7, 0xBE,
    0x1B, 0xCC, 0x47, 0xFC, 0x27, 0x9B, 0xC4, 0xC1, 0x88, 0x29, 0x89, 0xFF, 0xBD, 0x3A, 0x72, 0x90,
    0xE3, 0x93, 0xEF, 0xDC, 0x20, 0xCD, 0x43, 0xE8, 0x4B, 0xDE, 0x95, 0x2D, 0x20, 0x28, 0x49, 0xFB,
    0xC2, 0xE9, 0xE1, 0xF6, 0xFB, 0x8F, 0xF0, 0xBC, 0xF6, 0x6B, 0x08, 0x23, 0x8C, 0x5C, 0x3E, 0xEB,
    0x9B, 0x5C, 0xE0, 0x7A, 0xBE, 0x4B, 0x69, 0x9B, 0x8F, 0x04, 0x5B, 0xA7, 0xE2, 0x09, 0xA7, 0xD5,
    0x45, 0x5D, 0xAC, 0x7A, 0x64, 0xBC, 0xB8, 0xBF, 0x96, 0x9B, 0x45, 0xAD, 0x46, 0x55, 0x93, 0x19,
    0x56, 0x7B, 0xD5, 0x46, 0xD5, 0xA9, 0x6B, 0xCF, 0x5F, 0x7E, 0xE5, 0xE1, 0x43, 0x41, 0x45, 0x72,
    0x84, 0x15, 0x3B, 0xB8, 0x2D, 0x24, 0xF9, 0xFE, 0x7B, 0x2D, 0x74, 0x6C, 0x7B, 0xF1, 0xEC, 0x3B,
    0x49, 0x2C, 0xA3, 0xFA, 0xE2, 0xFD, 0x41, 0xEC, 0x18, 0xF5, 0x9C, 0x66, 0x69, 0xE5, 0xFC, 0xEF,
    0x72, 0x5A, 0x7F, 0x96, 0x6D, 0xB5, 0x0A, 0xBF, 0xC5, 0x01, 0x1E, 0x27, 0x6D, 0x83, 0xED, 0xB5,
    0x0D, 0x61, 0xD4, 0x36, 0x4C, 0x87, 0x4E, 0x4C, 0x7B, 0xDA, 0x86, 0xED, 0x83, 0x31, 0x99, 0xB1,
    0x59, 0xDB, 0x60, 0x3E, 0xD5, 0x86, 0xF0, 0xF4, 0x36, 0xE8, 0x15, 0x9F, 0xA1, 0x0D, 0x2E, 0xAA,
    0x76, 0x50, 0x4D, 0x52, 0xEB, 0xD5, 0x6A, 0x54, 0xCB, 0xA9, 0xB8, 0x20, 0xCE, 0x81, 0x1D, 0xCA,
    0xB5, 0x0D, 0x1B, 0x71, 0x16, 0xAF, 0x56, 0x6C, 0x37, 0x59, 0x6B, 0x5A, 0x5B, 0xF3, 0x70, 0xF4,
    0xEC, 0xA0, 0xFA, 0x49, 0x1D, 0x2F, 0x21, 0xA8, 0x1B, 0xB6, 0xE0, 0x7C, 0x6D, 0x59, 0xC7, 0x33,
    0x03, 0x96, 0xEC, 0xB1, 0xDB, 0x46, 0xAF, 0x89, 0xCA, 0x66, 0x7E, 0x6C, 0x99, 0x9F, 0xB4, 0x58,
    0x36, 0x73, 0x99, 0x6B, 0xDE, 0xE6, 0xEB, 0xB9, 0x21, 0xF9, 0xF3, 0xEC, 0x3E, 0xA0, 0xFF, 0x28,
    0x87, 0x2E, 0x5B, 0xB1, 0xCD, 0x32, 0xE5, 0x88, 0x87, 0xFE, 0x2E, 0x73, 0xFA, 0x8E, 0xB9, 0x3F,
    0x71, 0x81, 0xBD, 0x37, 0xD2, 0xA2, 0x61, 0x3A, 0x32, 0x70, 0xEC, 0x9D, 0x85, 0x67, 0xDB, 0x2C,
    0xF0, 0xB3, 0xF6, 0xCE, 0x5E, 0x85, 0x26, 0x9E, 0xA0, 0x50, 0xCA, 0x45, 0xA8, 0x67, 0x1C, 0x90,
    0x79, 0xED, 0xF4, 0x83, 0x87, 0xDB, 0x97, 0xBF, 0x03, 0xDF, 0xAF, 0xD3, 0x43, 0x60, 0x2B, 0x17,
    0x21, 0xD0, 0xCC, 0x7C, 0x71, 0xD8, 0xB3, 0x3C, 0x3F, 0xEE, 0xD9, 0xC0, 0xB9, 0xA1, 0x27, 0xEF,
    0x2D, 0x2E, 0x3B, 0x66, 0x3B, 0x1A, 0x8E, 0x55, 0x2A, 0xD6, 0xF3, 0x61, 0x57, 0x4D, 0x7C, 0xAA,
    0xFE, 0xF8, 0xC8, 0xC6, 0x8A, 0x92, 0x3A, 0xA3, 0xC2, 0x6D, 0xC3, 0x27, 0x33, 0x7C, 0x34, 0x49,
    0xEB, 0xAC, 0x45, 0xB6, 0xE5, 0x24, 0x62, 0x1D, 0xF8, 0x8B, 0x03, 0xC5, 0x30, 0xF9, 0x16, 0x7E,
    0xBA, 0xE4, 0x7A, 0xB8, 0x71, 0xCF, 0x8C, 0xB0, 0xF9, 0xB0, 0xCA, 0xA8, 0x38, 0x16, 0x93, 0xCE,
    0x00, 0xFC, 0x2D, 0xD6, 0xB4, 0x3E, 0xB1, 0x94, 0xCB, 0xFA, 0xCC, 0x52, 0xB3, 0xD3, 0xA7, 0x16,
    0xC3, 0x98, 0x9C, 0xA7, 0x67, 0x9C, 0xFC, 0x4C, 0xFA, 0x48, 0x4E, 0xCC, 0x2E, 0x7A, 0x0E, 0x4C,
    0x2E, 0x5A, 0xB6, 0xEC, 0x5C, 0x94, 0x09, 0xC0, 0x75, 0x96, 0x7C, 0x95, 0xC1, 0x0F, 0xD0, 0x54,
    0x32, 0xAF, 0xD1, 0x90, 0x6B, 0x6C, 0x3E, 0xE6, 0xB7, 0x2F, 0x48, 0x74, 0x6D, 0xF3, 0xBA, 0xBE,
    0x13, 0x60, 0x6E, 0xE5, 0xFD, 0x3F, 0xC5, 0x5C, 0xF1, 0xD6, 0xEC, 0x5D, 0x9B, 0x2D, 0x6F, 0x2D,
    0x21, 0xC4, 0x7C, 0xC6, 0xDE, 0xA2, 0xA4, 0xBC, 0x67, 0xAE, 0xF0, 0xFE, 0x6F, 0x99, 0xF7, 0x9B,
    0xF3, 0xFC, 0x28, 0xF1, 0xC8, 0x2E, 0xF6, 0xCE, 0xFB, 0x09, 0xBE, 0x1A, 0xDD, 0xDB, 0x7D, 0xBB,
    0x7B, 0x98, 0x04, 0x60, 0xB7, 0x07, 0xCB, 0x3A, 0x06, 0xDC, 0x55, 0x58, 0x90, 0xC3, 0xAE, 0xC2,
    0x59, 0xC5, 0xFF, 0x00, 0xD5, 0x9B, 0x31, 0x8C, 0xE5, 0xC4, 0x19, 0xC7, 0xFF, 0xB6, 0x39, 0x7C,
    0xC1, 0x85, 0x13, 0xE9, 0x50, 0xA4, 0x20, 0xE1, 0x26, 0x45, 0x72, 0x12, 0xB8, 0x97, 0x02, 0x63,
    0xB2, 0x52, 0x52, 0xD0, 0x10, 0x29, 0x7D, 0x7A, 0x9A, 0x6D, 0x52, 0x72, 0xF1, 0x83, 0x94, 0x69,
    0x10, 0x4A, 0xAF, 0xF4, 0x35, 0x45, 0x0A, 0xC0, 0x73, 0xA1, 0x48, 0x6B, 0xA0, 0x48, 0x6B, 0x71,
    0x48, 0x57, 0xC6, 0x80, 0x43, 0x7C, 0xBA, 0xB1, 0xBF, 0xCC, 0xFF, 0xF3, 0xAC, 0xD7, 0xB7, 0x8F,
    0xCD, 0xDD, 0x25, 0xB7, 0x6F, 0x77, 0xBF, 0x77, 0xF3, 0xDF, 0x77, 0xB3, 0x7E, 0xB6, 0xE7, 0x37,
    0xDF, 0x37, 0xDF, 0xCC, 0xF8, 0x2D, 0x20, 0x15, 0x80, 0x48, 0x76, 0x5E, 0x13, 0xB1, 0xAA, 0xAD,
    0xD7, 0x54, 0x3A, 0xAF, 0xB9, 0xF4, 0xAA, 0x83, 0xD7, 0xF2, 0xFE, 0xE8, 0xD5, 0x7C, 0xE1, 0xA8,
    0x9F, 0x4E, 0x5E, 0x9B, 0xF7, 0x04, 0x3C, 0x81, 0xF0, 0x04, 0x3C, 0x51, 0x2C, 0x68, 0x2C, 0x92,
    0x19, 0xB5, 0x45, 0x2A, 0x22, 0x1D, 0x32, 0xAF, 0x3D, 0x72, 0xD5, 0xC2, 0xEB, 0x88, 0xB2, 0x47,
    0xEE, 0x60, 0x7A, 0x64, 0x13, 0xEA, 0x16, 0xE9, 0x0C, 0xB1, 0x48, 0x04, 0xDF, 0x67, 0x77, 0x54,
    0x25, 0xE8, 0x5A, 0x73, 0xFC, 0x80, 0xE7, 0xB5, 0x46, 0xA4, 0x37, 0x7F, 0x3E, 0x1E, 0x6E, 0x22,
    0x73, 0x40, 0xEA, 0xA2, 0x46, 0x5C, 0x2E, 0xE2, 0x8C, 0x2F, 0xCD, 0x57, 0xA9, 0x93, 0x5D, 0xE2,
    0xA4, 0x4A, 0x7D, 0xC9, 0x5D, 0xF3, 0x59, 0xAD, 0xF5, 0x85, 0x7C, 0xE7, 0x62, 0x79, 0x6F, 0xC2,
    0x89, 0xA5, 0x2D, 0x90, 0xF7, 0x5A, 0xF4, 0x3D, 0x9A, 0x8A, 0x0C, 0xB4, 0xF5, 0xE9, 0x3F, 0x7A,
    0xB2, 0x39, 0xA2, 0x22, 0xEB, 0xA8, 0xB9, 0xA5, 0x9A, 0x9D, 0x2A, 0xCE, 0x5A, 0xA3, 0xF5, 0x62,
    0x95, 0x68, 0x1B, 0xCE, 0x43, 0xED, 0x95, 0x28, 0x29, 0xE6, 0x0F, 0x47, 0xEA, 0xB7, 0x8E, 0x44,
    0xEF, 0x4D, 0x3C, 0xCD, 0xE7, 0x33, 0xF5, 0xAE, 0xE8, 0x09, 0xA4, 0x22, 0xD1, 0x66, 0x47, 0xA2,
    0xB5, 0x25, 0x51, 0xD3, 0x22, 0x51, 0x96, 0x29, 0x29, 0x2A, 0xD1, 0x01, 0xB9, 0xB2, 0x2C, 0x86,
    0xC0, 0x32, 0x9D, 0xA8, 0x89, 0xA0, 0xEE, 0x56, 0x96, 0xE5, 0x08, 0xC8, 0x0C, 0x0C, 0x06, 0xF8,
    0xA1, 0x2F, 0x98, 0x80, 0x64, 0x00, 0xF2, 0x16, 0xB8, 0x51, 0x01, 0xCF, 0x84, 0xE4, 0xBB, 0xA7,
    0x24, 0xE3, 0x81, 0x9A, 0xB0, 0xC1, 0xB7, 0x33, 0x22, 0xA8, 0x29, 0x58, 0x08, 0x3C, 0xD4, 0xB6,
    0x7F, 0xAD, 0xAD, 0xB6, 0xCD, 0x1E, 0x37, 0x4B, 0x55, 0x62, 0x91, 0x1E, 0x1F, 0x4B, 0xAF, 0xDC,
    0x06, 0xE5, 0x36, 0x12, 0xFF, 0x43, 0xA7, 0xDC, 0x78, 0xBD, 0xE2, 0x1B, 0x21, 0xB1, 0x4E, 0xB5,
    0x25, 0xB1, 0xDA, 0xF2, 0x14, 0xB2, 0xAB, 0xA9, 0x95, 0xE9, 0xC8, 0xAD, 0xEC, 0x95, 0xDB, 0xA2,
    0xA3, 0x72, 0x73, 0xCA, 0x6D, 0x42, 0x31, 0xD2, 0x49, 0xF5, 0x00, 0x72, 0x8B, 0xA5, 0xAA, 0xBB,
    0x10, 0x03, 0xAF, 0x03, 0xC0, 0x47, 0x14, 0xA2, 0xEA, 0x78, 0xBF, 0x83, 0x97, 0x66, 0x02, 0x22,
    0x57, 0x03, 0xE9, 0x50, 0x5A, 0xDC, 0x78, 0x4B, 0x01, 0x06, 0x82, 0x8A, 0x10, 0x64, 0x08, 0x42,
    0x84, 0x52, 0x24, 0x46, 0x90, 0x23, 0x08, 0x12, 0x86, 0x42, 0x94, 0x20, 0x4B, 0x10, 0x26, 0x48,
    0x13, 0xC4, 0xB9, 0xFC, 0x96, 0x40, 0xF1, 0x88, 0x6F, 0xA2, 0xD8, 0x51, 0x15, 0xE6, 0x6D, 0x82,
    0xBD, 0x96, 0x48, 0x93, 0x1E, 0x88, 0x7D, 0xC1, 0x48, 0x9E, 0xC4, 0x49, 0x9A, 0x84, 0x49, 0x96,
    0x8A, 0xF2, 0xD9, 0x05, 0x75, 0x3A, 0x80, 0x3C, 0x1C, 0xF5, 0xE6, 0x6B, 0x54, 0xBC, 0x03, 0xE0,
    0x56, 0x34, 0x90, 0xDE, 0x51, 0x47, 0x1A, 0x76, 0x0D, 0xC9, 0xFC, 0xDE, 0x42, 0x6F, 0xC6, 0x19,
    0x93, 0x10, 0xC8, 0xCA, 0xAD, 0xDD, 0x84, 0x30, 0x35, 0x53, 0x7A, 0xB9, 0xD2, 0x2B, 0x94, 0x5E,
    0x79, 0x4F, 0x43, 0xF8, 0x33, 0x01, 0xB9, 0x49, 0xA5, 0x81, 0xBC, 0x23, 0x37, 0x4F, 0x2F, 0xD2,
    0x10, 0x56, 0x2C, 0x81, 0x5E, 0xBA, 0x86, 0xB0, 0x5B, 0x94, 0x50, 0xD2, 0x39, 0x84, 0xB0, 0xE9,
    0xBC, 0x56, 0x4D, 0x1B, 0x1C, 0xF2, 0x63, 0xBD, 0x3A, 0x6F, 0xE4, 0x4F, 0x04, 0x95, 0x51, 0x5E,
    0xA5, 0x6B, 0xBE, 0x43, 0x96, 0xB7, 0x80, 0x9A, 0xAE, 0x39, 0x35, 0x40, 0x32, 0x9A, 0x0B, 0x76,
    0x4D, 0x87, 0x60, 0xC9, 0x83, 0x97, 0x89, 0x40, 0x1C, 0x55, 0x99, 0x07, 0xBB, 0xAD, 0xAA, 0x6E,
    0x1A, 0x5D, 0xB3, 0xC8, 0x07, 0xE4, 0xC8, 0x26, 0x22, 0x55, 0x62, 0xC9, 0x1C, 0x08, 0xEE, 0x4A,
    0xC2, 0x04, 0x4C, 0xBE, 0xCF, 0xD8, 0x5D, 0x7F, 0x76, 0x9A, 0xD9, 0x62, 0xB1, 0x6B, 0xD6, 0x2D,
    0xBE, 0x18, 0xBC, 0x1A, 0x8E, 0xAD, 0x5B, 0xBB, 0x96, 0xB9, 0x3A, 0x6B, 0x03, 0x43, 0xB7, 0xC7,
    0xF0, 0x62, 0xF3, 0xB8, 0x1A, 0x2F, 0x4F, 0x28, 0x3B, 0x6A, 0x89, 0xD5, 0x0C, 0x0C, 0x75, 0x37,
    0x93, 0xB6, 0x4C, 0xCA, 0x6D, 0x0C, 0xC1, 0xFE, 0x74, 0x43, 0xC1, 0xB0, 0x19, 0x0A, 0xDC, 0xDE,
    0x50, 0x40, 0x95, 0x30, 0x14, 0x34, 0xEB, 0x50, 0x30, 0x6B, 0x8C, 0xEF, 0x65, 0xF3, 0x30, 0x14,
    0xAC, 0xD9, 0x7C, 0x0E, 0xD9, 0xBC, 0x69, 0xE9, 0xA7, 0x6B, 0x8E, 0x4D, 0xBA, 0x90, 0x12, 0x4E,
    0x9C, 0xB4, 0xB0, 0x99, 0x78, 0x46, 0x22, 0x40, 0x3D, 0x62, 0xB5, 0x46, 0x3D, 0xBF, 0xF2, 0xB4,
    0x5A, 0xF3, 0x7E, 0xDD, 0xDF, 0x5C, 0xF0, 0x0C, 0x38, 0x96, 0xC1, 0xD7, 0x0F, 0xC6, 0x97, 0xA6,
    0xCD, 0x07, 0xD9, 0xF9, 0x52, 0xB1, 0x14, 0x43, 0xF3, 0x59, 0xA3, 0xF5, 0x85, 0xDC, 0x1F, 0xE3,
    0xF9, 0x68, 0x7C, 0x24, 0xB3, 0xC3, 0xA9, 0xDE, 0xB9, 0xFE, 0x14, 0xEF, 0x04, 0x67, 0xC8, 0xAB,
    0x03, 0x51, 0x3C, 0x66, 0xEB, 0x23, 0x6D, 0x2B, 0x3E, 0x50, 0x4D, 0xBB, 0xD3, 0xFC, 0xFE, 0x2A,
    0xE5, 0x45, 0xFF, 0xBA, 0x50, 0xA2, 0x5F, 0xEE, 0x13, 0x6D, 0xCE, 0xA4, 0xA8, 0x19, 0xE5, 0x7F,
    0x25, 0x9A, 0x6C, 0x88, 0xC6, 0x4A, 0x34, 0x92, 0x8A, 0x21, 0xC6, 0x6A, 0xFC, 0xF4, 0xAF, 0x9A,
    0xE3, 0x35, 0xD7, 0xA7, 0x16, 0xC8, 0x76, 0x87, 0xF2, 0xCF, 0x74, 0x7C, 0x85, 0x17, 0x6A, 0x9C,
    0xD7, 0x97, 0x33, 0x25, 0xAB, 0xF6, 0x73, 0xFF, 0x3A, 0x61, 0x5A, 0x06, 0xA6, 0x6E, 0x4D, 0xE0,
    0xD1, 0x55, 0xF6, 0xD2, 0x08, 0xD1, 0xFC, 0x66, 0x95, 0xFC, 0x53, 0x90, 0xBE, 0x3B, 0x1E, 0xC4,
    0x4B, 0x57, 0xDF, 0xFB, 0x84, 0x2D, 0xDB, 0xF3, 0xBD, 0x27, 0xCB, 0x43, 0x9A, 0x81, 0x82, 0x8E,
    0xE4, 0x74, 0xDF, 0x69, 0x1E, 0x9A, 0xA8, 0x7F, 0x23, 0xAD, 0xE6, 0xAE, 0x72, 0x5A, 0xD7, 0x39,
    0xBA, 0xC2, 0xB1, 0xCA, 0xA9, 0xDD, 0x70, 0xEA, 0x03, 0xA7, 0xE2, 0x31, 0x9C, 0x9E, 0x28, 0x0F,
    0x5D, 0x30, 0xB9, 0xF3, 0x72, 0x90, 0x88, 0xCC, 0x8F, 0x14, 0x00, 0x7B, 0x45, 0x64, 0xDC, 0x16,
    0xAD, 0xDB, 0x2F, 0x7B, 0xE7, 0x02, 0xED, 0x9C, 0xEB, 0x32, 0xAF, 0xC6, 0x22, 0x36, 0xF7, 0x18,
    0xCB, 0x07, 0x85, 0x33, 0x6D, 0x32, 0x35, 0xBB, 0x68, 0x96, 0x5D, 0x24, 0x5B, 0x23, 0xBF, 0xC6,
    0x82, 0x99, 0xBD, 0x37, 0x0F, 0x5E, 0xD2, 0x9C, 0xEB, 0xF9, 0x74, 0x38, 0x9E, 0xCE, 0x3F, 0x37,
    0x73, 0xB9, 0x4C, 0x88, 0x86, 0x1A, 0x78, 0x8B, 0x0E, 0xE3, 0xDD, 0x25, 0x19, 0x97, 0xE5, 0x71,
    0x6E, 0x11, 0xEC, 0x00, 0x6D, 0xCF, 0xC8, 0xDD, 0xF0, 0x3F, 0xBF, 0x30, 0x5E, 0x9E, 0xA3, 0xF0,
    0x66, 0x10, 0x39, 0x2F, 0xC9, 0xC0, 0x77, 0x6F, 0x21, 0x58, 0x31, 0xD3, 0x5F, 0xA5, 0x45, 0xAA,
    0x21, 0x38, 0x15, 0xF4, 0xA9, 0x78, 0xA6, 0xE7, 0x09, 0x6A, 0x15, 0x91, 0x47, 0xC4, 0xEA, 0x0C,
    0x93, 0xD2, 0xE3, 0x43, 0x14, 0x53, 0x3A, 0xD1, 0x4F, 0x1C, 0x22, 0x02, 0x42, 0x19, 0x6E, 0x22,
    0x72, 0xB9, 0x4D, 0x24, 0x57, 0xD7, 0xCA, 0xFF, 0x2E, 0x9E, 0x80, 0x3B, 0x1F, 0x81, 0x05, 0xF6,
    0xCA, 0x59, 0x04, 0xAC, 0xDB, 0x2F, 0xE7, 0x20, 0x68, 0x8E, 0x7A, 0x44, 0xF2, 0x50, 0xE7, 0xB9,
    0x2D, 0x92, 0xBE, 0xD1, 0x80, 0x38, 0xAF, 0xCD, 0x2F, 0x9D, 0xB4, 0xB9, 0x65, 0x73, 0xDB, 0xF3,
    0xDA, 0xDC, 0x51, 0x7A, 0xFC, 0x1E, 0xC5, 0xF4, 0xAB, 0xD3, 0x36, 0xF7, 0x6C, 0x73, 0xB5, 0x8D,
    0x31, 0x87, 0x17, 0xDE, 0xEB, 0x99, 0x30, 0x34, 0x9C, 0xE6, 0x09, 0xC9, 0xD8, 0x54, 0x59, 0x67,
    0xEC, 0x81, 0x5C, 0xC0, 0xAC, 0xC1, 0x3E, 0x02, 0x69, 0xCF, 0x06, 0xAF, 0x1E, 0x31, 0x99, 0x0A,
    0x89, 0x2B, 0x5A, 0xEF, 0x01, 0x37, 0x4E, 0x7C, 0xA0, 0x9C, 0x80, 0x98, 0x38, 0x72, 0xE2, 0x60,
    0x5C, 0x78, 0x12, 0x1E, 0x47, 0xC3, 0xDE, 0x97, 0x1D, 0xC5, 0xDB, 0x56, 0x76, 0x61, 0x7D, 0x42,
    0x58, 0x1F, 0xFA, 0x4F, 0xFC, 0x78, 0x42, 0x4E, 0x1C, 0x1A, 0x23, 0x38, 0x5E, 0x63, 0x30, 0x5D,
    0x16, 0xB8, 0x2F, 0xEC, 0xC6, 0xCB, 0xC3, 0x91, 0x10, 0x40, 0x44, 0x00, 0xF8, 0xE8, 0x12, 0x71,
    0x44, 0x13, 0x79, 0x48, 0x05, 0xC4, 0x6F, 0x7A, 0x41, 0xCE, 0xAD, 0xA6, 0xD7, 0x80, 0x82, 0xAB,
    0x55, 0x33, 0x40, 0xC7, 0x0E, 0x45, 0x83, 0xAC, 0x57, 0x36, 0x5B, 0x3C, 0x7B, 0x02, 0x60, 0x5F,
    0x02, 0xA7, 0x3D, 0x39, 0xF7, 0xE0, 0xF3, 0x4E, 0x1F, 0xC6, 0x8B, 0x84, 0x2D, 0x8B, 0xFE, 0xA8,
    0xCB, 0x2F, 0x4A, 0x41, 0x7E, 0xBC, 0xE7, 0xF1, 0x56, 0xE0, 0x37, 0xD7, 0xE4, 0x57, 0xDA, 0x43,
    0xB8, 0x53, 0x34, 0xFF, 0xDA, 0xFA, 0xB4, 0x5F, 0xA5, 0x6F, 0x4C, 0xA0, 0x79, 0xB7, 0x02, 0xF3,
    0xDF, 0xD6, 0xAD, 0x88, 0xEE, 0x70, 0x03, 0x6D, 0xE3, 0xD1, 0x44, 0x0F, 0xB9, 0xF0, 0x6B, 0x89,
    0x8B, 0xB6, 0x3A, 0xD8, 0xA1, 0x01, 0x3D, 0xBF, 0x5B, 0x32, 0x91, 0x59, 0xF6, 0x36, 0x13, 0x57,
    0x57, 0xD9, 0x50, 0xB6, 0x08, 0x76, 0x69, 0x19, 0x97, 0xD9, 0xAF, 0x58, 0x76, 0x0A, 0x10, 0x56,
    0xB9, 0x01, 0xC5, 0x85, 0x66, 0xE3, 0x6C, 0x30, 0xD3, 0x9D, 0xFA, 0x96, 0xF1, 0x7E, 0xEC, 0x92,
    0x91, 0x63, 0x00, 0x7F, 0xF5, 0x34, 0x2F, 0x9E, 0x73, 0x46, 0x29, 0xBB, 0x57, 0x73, 0xFB, 0x5C,
    0x6E, 0x61, 0x2A, 0xC6, 0x84, 0x83, 0x9A, 0xE7, 0xFB, 0xD4, 0xFF, 0xE4, 0x69, 0x5E, 0x6B, 0x3A,
    0x11, 0x88, 0x57, 0x03, 0xB1, 0x7C, 0xE9, 0x3C, 0xD4, 0x3E, 0xEE, 0x05, 0xB5, 0xA2, 0xE2, 0xFB,
    0xA2, 0xC2, 0xF3, 0xF2, 0x15, 0x5D, 0x87, 0x1C, 0xE3, 0x75, 0x3B, 0x63, 0x44, 0x31, 0x57, 0x1E,
    0xA0, 0x19, 0x90, 0x0A, 0x74, 0x77, 0x48, 0x21, 0xEB, 0xDA, 0x27, 0xEC, 0xB6, 0xD7, 0x36, 0x28,
    0xA8, 0xDB, 0x9A, 0xE5, 0x98, 0xE5, 0x78, 0xFD, 0x6C, 0x38, 0x8F, 0x9E, 0x33, 0x9C, 0x5F, 0xAF,
    0x15, 0xAE, 0xCB, 0x7B, 0x78, 0xB2, 0xE9, 0xA8, 0x26, 0xD3, 0x38, 0x4C, 0x73, 0x9D, 0xF7, 0xF5,
    0x97, 0x78, 0x77, 0x91, 0x2E, 0x1C, 0x1A, 0x5E, 0xBD, 0xA6, 0x18, 0x2B, 0xA0, 0x54, 0x14, 0xD6,
    0xE9, 0x6F, 0xF5, 0x38, 0xFD, 0x84, 0x7E, 0x36, 0x3E, 0x9B, 0x9C, 0x69, 0xD1, 0xA0, 0xBD, 0xA7,
    0x12, 0xFE, 0x1B, 0x9E, 0x6C, 0xA4, 0x3A, 0x53, 0xCF, 0xF4, 0xC9, 0x46, 0x7C, 0x44, 0x45, 0xAA,
    0x9A, 0xB7, 0xD4, 0x72, 0xF3, 0x64, 0xE3, 0x45, 0xAC, 0x76, 0xC5, 0xE0, 0x3E, 0xD5, 0xDC, 0xEF,
    0x22, 0x51, 0x07, 0xB2, 0x1A, 0x79, 0xB7, 0x53, 0x12, 0x14, 0x02, 0x8C, 0xA5, 0x23, 0x57, 0xDD,
    0xFA, 0x2C, 0xBE, 0x9C, 0xA0, 0xA7, 0x0E, 0x8B, 0xFC, 0xAB, 0x88, 0xB4, 0xAC, 0xD6, 0x27, 0x1F,
    0x01, 0x5F, 0xEE, 0x58, 0x2D, 0x5E, 0x9A, 0x72, 0xC7, 0x69, 0x6E, 0xE7, 0x89, 0x92, 0xE9, 0xC5,
    0x23, 0x2D, 0x2C, 0x35, 0x6B, 0x89, 0x94, 0x60, 0xAF, 0x25, 0xD2, 0x78, 0xA0, 0x3A, 0xCA, 0x9D,
    0xCB, 0x44, 0x9A, 0x0E, 0x8A, 0xD4, 0x51, 0x7F, 0xF0, 0x0A, 0x15, 0x8B, 0x7E, 0x44, 0x82, 0x91,
    0xE2, 0xBD, 0xFB, 0x3E, 0x90, 0x28, 0xDE, 0xEC, 0xE1, 0x78, 0x3D, 0xF0, 0xA2, 0xC6, 0xC9, 0x93,
    0x9C, 0x2F, 0x28, 0x09, 0xA5, 0xA8, 0x90, 0xF4, 0xAF, 0x13, 0xF4, 0xAD, 0x13, 0xD0, 0xC6, 0x83,
    0x9E, 0x08, 0xFA, 0xB7, 0x37, 0x0E, 0xE0, 0xBB, 0xD9, 0x83, 0x82, 0x17, 0x68, 0x88, 0xEF, 0xB5,
    0xFD, 0xA7, 0x22, 0x62, 0x4F, 0xFD, 0x58, 0xAE, 0x89, 0x1F, 0x2B, 0xEB, 0x0F, 0x3A, 0x80, 0x13,
    0xC0, 0xA8, 0xAB, 0x43, 0x5B, 0x3D, 0xE8, 0xE0, 0xD1, 0x87, 0x06, 0xFD, 0x07, 0x6C, 0xB6, 0x9E,
    0x88, 0x32, 0xBF, 0x3F, 0xAE, 0x9B, 0x4B, 0x6F, 0xE3, 0xED, 0x0A, 0x5B, 0xBB, 0x66, 0xB3, 0x02,
    0x1D, 0x35, 0x32, 0x52, 0x2D, 0xF4, 0xBA, 0xC7, 0x9E, 0xF9, 0xAC, 0x54, 0x23, 0x52, 0xBD, 0xAC,
    0x89, 0x43, 0x2C, 0x54, 0xAD, 0x21, 0x70, 0xAD, 0x43, 0xD1, 0x51, 0x61, 0x76, 0xD8, 0xD8, 0x1E,
    0x7B, 0x63, 0x15, 0x82, 0xB1, 0x4A, 0xC4, 0x58, 0xC5, 0x63, 0xAC, 0xB2, 0xAA, 0x2B, 0x05, 0xD7,
    0x40, 0x29, 0x3A, 0x28, 0xD2, 0x0E, 0xCA, 0xD7, 0x42, 0x61, 0xAF, 0x3F, 0x14, 0xC7, 0xD9, 0xCA,
    0xA5, 0x27, 0x96, 0xCF, 0x55, 0xA1, 0x1F, 0x43, 0x67, 0x68, 0x6F, 0x38, 0x84, 0xEE, 0x08, 0xFD,
    0x11, 0x3A, 0x64, 0x93, 0xF7, 0x3A, 0xAA, 0xB1, 0xD4, 0x66, 0x5D, 0xBF, 0x22, 0x19, 0xB1, 0xDA,
    0x4A, 0x3D, 0xEF, 0x09, 0x2C, 0xEF, 0xC9, 0x2E, 0xEF, 0x89, 0x31, 0xEF, 0x49, 0xF4, 0xB8, 0x25,
    0x5C, 0x51, 0xCE, 0xA2, 0xF7, 0x31, 0x82, 0xB7, 0xD1, 0x42, 0xF1, 0x53, 0x79, 0xAB, 0xFA, 0x4F,
    0x7B, 0x60, 0xE9, 0xB4, 0xA5, 0x0F, 0x42, 0x27, 0x84, 0x5E, 0x30, 0x0B, 0xD2, 0xBC, 0xA7, 0x22,
    0x75, 0x50, 0xF8, 0x13, 0xD4, 0x04, 0xD7, 0x16, 0x74, 0x34, 0x43, 0x09, 0x57, 0x2B, 0xED, 0x30,
    0xDB, 0xCC, 0xFA, 0xCB, 0x01, 0x8D, 0x46, 0x55, 0xE7, 0xC2, 0x61, 0x32, 0xBC, 0xCE, 0x86, 0xC3,
    0x74, 0x58, 0xEF, 0x70, 0x9D, 0x10, 0xC3, 0xA8, 0xE2, 0xC5, 0xEB, 0x84, 0x7D, 0x3B, 0x59, 0xD6,
    0xD9, 0xB2, 0x4E, 0x97, 0xD7, 0xF9, 0x32, 0x3E, 0xA1, 0x44, 0x8E, 0x9A, 0x0C, 0xD0, 0x39, 0xF3,
    0xA1, 0x3B, 0x22, 0xED, 0x8C, 0xB2, 0x9E, 0xF4, 0x47, 0x29, 0x7A, 0x93, 0x86, 0x0D, 0x03, 0x6E,
    0x47, 0xEF, 0x5F, 0xC7, 0x31, 0x65, 0xDD, 0x99, 0x5D, 0xB6, 0x66, 0x97, 0xBD, 0x59, 0xDD, 0x9C,
    0x3D, 0xBC, 0xAB, 0x5F, 0x17, 0x60, 0x7B, 0x99, 0x11, 0xB2, 0xFE, 0xD0, 0xCA, 0x03, 0x02, 0xDB,
    0xCB, 0x86, 0x9A, 0xF7, 0xA8, 0x6B, 0x0D, 0x3F, 0xD8, 0xFF, 0xFF, 0x52, 0xA1, 0x58, 0x44, 0x6F,
    0xAA, 0x69, 0x51, 0xB7, 0x66, 0x8C, 0xC5, 0x96, 0xC2, 0xA7, 0x09, 0x5E, 0x10, 0x2B, 0xB7, 0x52,
    0x76, 0x8F, 0x49, 0xD1, 0xE2, 0xDF, 0x3E, 0x51, 0xA9, 0x58, 0x32, 0xD7, 0xD8, 0xDC, 0xD5, 0x5D,
    0x3D, 0x19, 0x79, 0x38, 0xE5, 0x72, 0x6F, 0x8A, 0xE7, 0x5F, 0x9E, 0xFF, 0x4D, 0x8A, 0x54, 0x27,
    0xA9, 0x52, 0x79, 0xF9, 0x9D, 0x05, 0x6E, 0xE6, 0xF6, 0x64, 0x58, 0xD4, 0xA0, 0x9D, 0x29, 0x0E,
    0xAB, 0x5D, 0x1E, 0x9E, 0x62, 0x04, 0x9A, 0x19, 0xF8, 0x30, 0x7C, 0xE1, 0x31, 0x72, 0x1C, 0xCC,
    0x37, 0x8F, 0xA5, 0x9E, 0x05, 0x28, 0x6E, 0xCB, 0xE6, 0xC3, 0xE9, 0xE4, 0xA1, 0xB6, 0x54, 0xD9,
    0x66, 0x6A, 0xDA, 0x1E, 0x8E, 0x3D, 0x9D, 0xA9, 0xDF, 0x4C, 0xD4, 0x7F, 0x3B, 0xAA, 0xF4, 0xAA,
    0x3B, 0xEA, 0x00, 0x6A, 0x7F, 0xBE, 0x92, 0x4B, 0x50, 0xC5, 0x03, 0xE5, 0x03, 0x05, 0x04, 0x25,
    0x04, 0x45, 0xB4, 0x30, 0x5A, 0x21, 0xD5, 0xAA, 0x72, 0x76, 0xE0, 0xDF, 0xCB, 0xC3, 0x64, 0x60,
    0xEC, 0xF7, 0x6B, 0x53, 0x79, 0x9D, 0x04, 0x5E, 0x65, 0x52, 0x1D, 0x54, 0x77, 0x54, 0x07, 0x90,
    0x1D, 0x35, 0xF3, 0x4A, 0x7E, 0x00, 0x09, 0x02, 0x64, 0x08, 0x90, 0x22, 0x10, 0xCF, 0x47, 0x5E,
    0x23, 0xD9, 0x7C, 0x6B, 0xD6, 0xB4, 0xA7, 0x73, 0x9F, 0x74, 0xBC, 0xE2, 0x24, 0xC3, 0x60, 0x30,
    0x51, 0xD1, 0x6C, 0x26, 0xC2, 0xB9, 0xBD, 0x14, 0x92, 0x48, 0x29, 0x1A, 0xA5, 0x21, 0x4C, 0x19,
    0xA7, 0x67, 0x37, 0xF4, 0x66, 0x55, 0x77, 0x85, 0xFD, 0x73, 0x8D, 0xE3, 0x25, 0x92, 0x97, 0x58,
    0xD6, 0x68, 0x5E, 0x3D, 0x36, 0xED, 0x2F, 0x89, 0xB3, 0x0E, 0x91, 0x65, 0xE5, 0xBC, 0xCA, 0xD7,
    0x23, 0xBD, 0x57, 0x06, 0x20, 0xFE, 0x97, 0x74, 0x5E, 0xFF, 0xF2, 0x93, 0xEA, 0x6A, 0x53, 0x8D,
    0xE6, 0xA3, 0x65, 0x32, 0xD2, 0x85, 0x2F, 0x85, 0x22, 0xBF, 0x3B, 0x5F, 0x02, 0xC3, 0xAB, 0x45,
    0xE6, 0x31, 0xB9, 0xFE, 0x70, 0xF1, 0xBB, 0xB5, 0x74, 0x1D, 0x09, 0x55, 0xD7, 0x9A, 0x92, 0xAA,
    0x15, 0xC9, 0xB0, 0x86, 0xC3, 0xC7, 0xD8, 0x58, 0xDD, 0x23, 0x9B, 0xCB, 0x01, 0xB9, 0xCB, 0x1D,
    0xCA, 0x21, 0x9B, 0x60, 0x7A, 0xFD, 0xB2, 0x4C, 0x2C, 0x10, 0x0B, 0x79, 0x57, 0x80, 0xFA, 0xD3,
    0x19, 0x30, 0xF7, 0x1D, 0x50, 0xC8, 0xA8, 0x98, 0xC3, 0x42, 0x88, 0xA4, 0x78, 0xB7, 0x14, 0x3C,
    0xB1, 0xC4, 0xB3, 0xBE, 0x59, 0x47, 0xC0, 0xC2, 0xEE, 0xE5, 0x93, 0xC6, 0x46, 0xB2, 0x3C, 0xFB,
    0x2B, 0xBB, 0x64, 0x42, 0xD1, 0xA7, 0x0E, 0xF9, 0x90, 0x8D, 0xC8, 0xC6, 0x7C, 0xF0, 0xA0, 0xF2,
    0x1E, 0xF1, 0x54, 0x76, 0x88, 0x66, 0x63, 0x01, 0xA1, 0x34, 0x52, 0x11, 0xD3, 0xC9, 0xBA, 0xA5,
    0x20, 0x22, 0xF2, 0x43, 0x36, 0x22, 0xE4, 0xDF, 0xA2, 0x0F, 0x49, 0xE3, 0x0D, 0xE1, 0xA7, 0x04,
    0x5E, 0x1C, 0xA5, 0xBD, 0x0C, 0x10, 0xE7, 0xCD, 0x64, 0x65, 0x95, 0x3B, 0x04, 0x81, 0x13, 0x10,
    0xBD, 0x82, 0x48, 0x08, 0x22, 0x1D, 0x91, 0xBA, 0x15, 0xC4, 0x5C, 0x74, 0x80, 0x94, 0xD6, 0x4B,
    0xED, 0xA5, 0x5E, 0x41, 0x94, 0x04, 0x91, 0x9F, 0x01, 0xD1, 0x6F, 0x41, 0xFC, 0x46, 0xEE, 0x0E,
    0x10, 0x49, 0x1C, 0xC4, 0x51, 0xDA, 0x68, 0x38, 0xFD, 0x7B, 0x96, 0xF6, 0xA9, 0xFF, 0x9E, 0x85,
    0x10, 0x53, 0x81, 0x52, 0xE4, 0xBF, 0x62, 0x44, 0xB6, 0xF9, 0x33, 0x93, 0x58, 0x2A, 0x05, 0xBF,
    0xEC, 0x8A, 0x7D, 0xAE, 0x7D, 0xF5, 0xAD, 0x43, 0xA0, 0xA9, 0x38, 0xC9, 0xB3, 0x43, 0x00, 0x4A,
    0xA2, 0xAA, 0x78, 0x7A, 0x55, 0xCB, 0x47, 0x7A, 0x43, 0x58, 0xC3, 0xB2, 0x30, 0x7A, 0x46, 0x20,
    0xE9, 0x37, 0x9E, 0x16, 0x0B, 0x9F, 0xAF, 0x7A, 0x3F, 0x73, 0xDE, 0xCD, 0xBC, 0x7B, 0x11, 0x6F,
    0xEE, 0x39, 0x17, 0x9D, 0x77, 0xB1, 0x56, 0x3D, 0x4C, 0xEA, 0x1D, 0x6A, 0x21, 0x55, 0x42, 0x55,
    0x9C, 0x5A, 0xD2, 0x61, 0x01, 0x5A, 0x74, 0x8A, 0xF3, 0x0D, 0x86, 0xB1, 0x2C, 0x4E, 0x45, 0x7A,
    0xC1, 0xD2, 0xDE, 0x68, 0x17, 0x98, 0x75, 0xBD, 0x6A, 0x0A, 0x47, 0xE5, 0x6D, 0x6C, 0x4D, 0x41,
    0x55, 0x1E, 0x5A, 0x3A, 0x07, 0x80, 0xA9, 0x78, 0x86, 0xE4, 0x66, 0x7A, 0x72, 0xF3, 0x0C, 0xD1,
    0xB4, 0x8D, 0xE5, 0xA1, 0x44, 0x53, 0x7C, 0x27, 0xEC, 0x16, 0x99, 0xB4, 0xBF, 0x9C, 0x72, 0x1B,
    0x94, 0xC0, 0x66, 0xA2, 0x69, 0xFE, 0x17, 0x7D, 0xFC, 0x97, 0x85, 0x4C, 0xCB, 0xAD, 0xC1, 0x2E,
    0x16, 0x3A, 0xE5, 0x8C, 0x7C, 0x48, 0x1C, 0xD2, 0x31, 0x73, 0x74, 0xCA, 0x01, 0xF1, 0xE4, 0xB9,
    0x44, 0x33, 0x1D, 0x4D, 0x38, 0x08, 0x35, 0xB5, 0x25, 0xBE, 0x1D, 0x85, 0x37, 0x2E, 0x24, 0x42,
    0x14, 0xD9, 0x44, 0x42, 0x1B, 0xF7, 0x0C, 0xD3, 0xE4, 0x1F, 0xC9, 0x49, 0x4C, 0x37, 0x3C, 0x82,
    0x2D, 0xC7, 0x7F, 0x00, 0xA5, 0x90, 0xC1, 0xCD, 0x9C, 0x30, 0x14, 0x84, 0xDF, 0xE2, 0x03, 0x8A,
    0x38, 0xB8, 0x04, 0x4A, 0x70, 0x09, 0x26, 0x95, 0xA4, 0x14, 0xD0, 0x7F, 0x49, 0x57, 0xB1, 0xD3,
    0x01, 0x51, 0x0E, 0xB9, 0xBA, 0x04, 0x2B, 0xE1, 0xE0, 0x83, 0xE1, 0x65, 0x06, 0x8B, 0x4D, 0x22,
    0xFD, 0xBB, 0x87, 0xEC, 0x0A, 0xCF, 0x0E, 0xEF, 0x0D, 0xDF, 0x20, 0x44, 0x44, 0x35, 0xB7, 0x4B,
    0x78, 0xF3, 0xD7, 0xEF, 0xBD, 0xFB, 0xFB, 0x28, 0xFF, 0xFB, 0xF7, 0x7C, 0x77, 0x5B, 0xFA, 0x64,
    0x93, 0x8B, 0x5E, 0xBE, 0x88, 0x46, 0x4D, 0x58, 0xE5, 0x39, 0xB9, 0x65, 0x48, 0x6E, 0xF3, 0xD5,
    0x57, 0x57, 0x6D, 0x35, 0xC5, 0x64, 0x66, 0xDC, 0xF4, 0x01, 0xA0, 0xC7, 0x1B, 0x11, 0xF2, 0x48,
    0x24, 0x93, 0x73, 0x72, 0x49, 0x0E, 0x64, 0x83, 0xDE, 0xF8, 0xAD, 0x83, 0x2D, 0xEC, 0x21, 0xAF,
    0x11, 0x1B, 0x95, 0x5C, 0x92, 0xC9, 0x26, 0x9D, 0x1C, 0x36, 0xB0, 0xA3, 0xB5, 0xFC, 0xCF, 0x33,
    0x62, 0xF3, 0x23, 0xD9, 0xDA, 0xC7, 0x59, 0xFE, 0x48, 0x5B, 0xBC, 0x2E, 0xAF, 0x57, 0xBE, 0x93,
    0xDB, 0x9E, 0x90, 0x87, 0x22, 0x5E, 0x25, 0x30, 0x1B, 0xDB, 0x05, 0xEF, 0x95, 0x73, 0x7E, 0xEA,
    0xAE, 0x84, 0xE4, 0xCA, 0x70, 0x68, 0xF6, 0xD5, 0x6A, 0xD3, 0x36, 0x69, 0xDB, 0x9B, 0x4E, 0xD2,
    0xE1, 0x90, 0xA6, 0x59, 0xFA, 0x83, 0x0E, 0xC4, 0x2A, 0xB6, 0x9E, 0x76, 0xFE, 0xB1, 0x8B, 0xDB,
    0x4E, 0x1B, 0xDE, 0x0E, 0xF1, 0xF9, 0xB4, 0xFA, 0x51, 0x45, 0xE3, 0x65, 0x6F, 0xBA, 0x5C, 0xD6,
    0xA8, 0x5C, 0xD9, 0xA1, 0xCA, 0x45, 0x18, 0xCB, 0xB8, 0x49, 0xBF, 0x93, 0xEB, 0xB3, 0xAA, 0x38,
    0x8D, 0x68, 0x0B, 0xDF, 0xCF, 0xB7, 0xCD, 0x78, 0x07, 0xFD, 0xBC, 0xCF, 0xDF, 0xF4, 0x13, 0x7A,
    0x8C, 0xDA, 0x6D, 0xFC, 0x79, 0xF4, 0x55, 0xF0, 0x80, 0xCD, 0xF6, 0xD7, 0x6E, 0x60, 0x6D, 0xBD,
    0x5B, 0x97, 0xEF, 0x76, 0x5E, 0xEF, 0x56, 0xE3, 0xF5, 0x58, 0xA7, 0x32, 0x34, 0x98, 0x98, 0x43,
    0x4C, 0xAB, 0x10, 0xCB, 0x8C, 0x8A, 0xD7, 0x28, 0x78, 0x15, 0x1C, 0xD0, 0x91, 0x03, 0xB7, 0x8C,
    0xD9, 0x27, 0xBF, 0xCE, 0x31, 0x4C, 0x43, 0xF5, 0xC9, 0x16, 0x52, 0x43, 0x1C, 0xB3, 0x4E, 0x7E,
    0x55, 0xF1, 0x5F, 0x0F, 0x99, 0xDF, 0xAA, 0x84, 0x56, 0x28, 0xBA, 0x18, 0x14, 0x54, 0x12, 0x7C,
    0x92, 0x10, 0xA1, 0xF0, 0x9C, 0x60, 0x8E, 0x2D, 0x32, 0x1C, 0xA2, 0xB1, 0xB0, 0xA2, 0xE3, 0x10,
    0xF7, 0x2B, 0x14, 0x1E, 0x13, 0xCC, 0xB1, 0x45, 0x06, 0x3F, 0xBF, 0x40, 0x66, 0xBA, 0x03, 0xE7,
    0x56, 0x21, 0xA6, 0x40, 0xFA, 0x0C, 0xB1, 0x09, 0x32, 0xC6, 0x27, 0xB1, 0xE1, 0x8C, 0xAD, 0x10,
    0x77, 0xC6, 0x26, 0x48, 0x60, 0x6C, 0xC7, 0xE9, 0xCE, 0xD8, 0xF6, 0x20, 0xF6, 0x1B, 0xA4, 0x92,
    0x31, 0xAE, 0xD4, 0x30, 0x14, 0x45, 0xAF, 0x33, 0x88, 0x80, 0xA6, 0x48, 0x4B, 0xE7, 0x9E, 0xE2,
    0x7B, 0x09, 0x2F, 0x30, 0x0B, 0x73, 0xD8, 0xC1, 0xEC, 0x84, 0x8A, 0xDA, 0x81, 0x6C, 0xC0, 0xFA,
    0x6C, 0x60, 0x24, 0x36, 0x60, 0x89, 0x14, 0x29, 0xEC, 0x5C, 0xDE, 0xD3, 0xFF, 0x19, 0x51, 0x4C,
    0xF7, 0xE3, 0x7B, 0x14, 0x5B, 0xBE, 0x96, 0xDE, 0xBB, 0xB6, 0xE3, 0x84, 0x33, 0x0B, 0x02, 0x2B,
    0xE4, 0x77, 0x43, 0xFA, 0x46, 0x70, 0x3C, 0xB8, 0x0F, 0x18, 0xB6, 0x67, 0x1E, 0xF3, 0xDA, 0x19,
    0x3B, 0x8B, 0xBE, 0x01, 0x83, 0x12, 0x94, 0xA8, 0xB0, 0xA1, 0x53, 0x4E, 0x7F, 0x1B, 0x86, 0x3F,
    0x0D, 0x7E, 0x69, 0x90, 0x4B, 0x43, 0x3A, 0x35, 0x90, 0x9C, 0x0F, 0xA0, 0x6B, 0x23, 0x90, 0x77,
    0x64, 0x02, 0xE4, 0x7B, 0x86, 0x70, 0x53, 0x1A, 0x64, 0x21, 0x3E, 0x8F, 0x04, 0xC0, 0x51, 0xC1,
    0x27, 0x47, 0xC8, 0x85, 0x48, 0xB6, 0xC7, 0x15, 0xEF, 0x39, 0x01, 0xDD, 0x86, 0x50, 0x1D, 0x6B,
    0xCF, 0x71, 0x58, 0x21, 0xBC, 0x46, 0x6E, 0x6A, 0xE0, 0xB2, 0xF3, 0x0B, 0x5F, 0x14, 0x97, 0x5D,
    0x58, 0x07, 0xAE, 0x8E, 0x13, 0x8F, 0x0F, 0x7D, 0xC5, 0x50, 0x10, 0x6E, 0x90, 0x19, 0x69, 0x02,
    0xE1, 0x88, 0x6E, 0xB7, 0x9A, 0x4C, 0xD5, 0xA4, 0x16, 0xC7, 0x2B, 0x06, 0xAB, 0x87, 0x3B, 0xE4,
    0x99, 0x88, 0x3F, 0xA9, 0xFF, 0x1D, 0xDE, 0x32, 0xE0, 0x6A, 0x59, 0x20, 0xFD, 0xFA, 0x2F, 0x2F,
    0x9D, 0x47, 0xDA, 0xFE, 0x86, 0x8E, 0x57, 0x65, 0xF4, 0x2C, 0xC2, 0x9A, 0x96, 0x76, 0x2F, 0x28,
    0x2D, 0x14, 0xD2, 0x73, 0xEF, 0x58, 0xE1, 0x37, 0xB0, 0x78, 0x66, 0x4F, 0x68, 0x03, 0x1F, 0x81,
    0x53, 0x1D, 0x8A, 0xBF, 0x49, 0x96, 0x39, 0xCE, 0x69, 0xE2, 0x78, 0x8C, 0x34, 0xC5, 0x59, 0x66,
    0xC9, 0xFE, 0x36, 0x94, 0x53, 0x0D, 0xD9, 0xCA, 0xEF, 0x37, 0xB5, 0xA3, 0x6B, 0x70, 0x3B, 0x1C,
    0x81, 0x57, 0x8D, 0xC7, 0x04, 0xD6, 0x94, 0xB5, 0x63, 0x4E, 0x6B, 0x37, 0x43, 0x42, 0x16, 0xAE,
    0xF2, 0xBC, 0xC9, 0x58, 0x05, 0x0F, 0xF4, 0xE6, 0x27, 0x91, 0x74, 0x8A, 0x48, 0x24, 0x13, 0x7E,
    0x10, 0xEE, 0x91, 0x84, 0xE5, 0x45, 0x8E, 0xD9, 0xE2, 0x84, 0x90, 0x08, 0x5F, 0x89, 0x0F, 0xAF,
    0xD7, 0x6D, 0x26, 0xBB, 0x0B, 0x9C, 0x2B, 0xE0, 0x0B, 0x10, 0xB3, 0xC5, 0x89, 0x73, 0x83, 0x79,
    0xE7, 0x03, 0x7D, 0x06, 0xC2, 0x35, 0xB1, 0x3E, 0xF5, 0x76, 0x6B, 0x6A, 0xEF, 0x58, 0x3A, 0xDE,
    0x3A, 0xEA, 0xD2, 0x62, 0x79, 0xE7, 0xF8, 0x74, 0x61, 0x64, 0x0B, 0xDC, 0xD4, 0x8C, 0x7F, 0x1B,
    0x90, 0x24, 0xFB, 0x67, 0x84, 0x26, 0xD9, 0x06, 0xD2, 0x93, 0xEC, 0x3F, 0xF4, 0x24, 0x0B, 0x00,
    0x95, 0xD4, 0x81, 0x86, 0xFD, 0x46, 0x14, 0x06, 0xF0, 0x2F, 0x99, 0x76, 0x83, 0x8B, 0x29, 0x2C,
    0x65, 0x91, 0x47, 0xC8, 0x13, 0xEC, 0x4E, 0x0A, 0x16, 0x45, 0x17, 0xB6, 0x00, 0x0B, 0x40, 0xE1,
    0x3E, 0x42, 0xC2, 0xBE, 0xC0, 0xD5, 0xC7, 0x68, 0xD1, 0x07, 0x28, 0x9D, 0xE8, 0x3E, 0x40, 0xD3,
    0x37, 0x48, 0x6B, 0x29, 0xA0, 0xC1, 0x94, 0x2C, 0x93, 0x7C, 0x3D, 0x67, 0xC6, 0xDD, 0xCD, 0x6A,
    0xFF, 0xD8, 0x90, 0xDF, 0x91, 0x39, 0xE7, 0x9C, 0x3D, 0x11, 0x7B, 0x81, 0xC6, 0xB6, 0xC0, 0x8D,
    0x05, 0x2E, 0xF8, 0x13, 0xD0, 0x91, 0x28, 0x49, 0x0E, 0x95, 0x30, 0x59, 0x06, 0x3F, 0x37, 0xFF,
    0xCC, 0xBE, 0x77, 0x7F, 0xCE, 0x2F, 0xE8, 0x9E, 0xA6, 0x00, 0xFF, 0xF8, 0xFB, 0x0C, 0xDE, 0xFE,
    0x2A, 0x7C, 0xFD, 0x34, 0x81, 0xDF, 0x3C, 0x8E, 0xC2, 0xED, 0x00, 0x3E, 0x1C, 0x84, 0xA3, 0xED,
    0xE1, 0x7F, 0x91, 0x99, 0xDD, 0x5A, 0x03, 0x2E, 0x36, 0x40, 0x13, 0x6F, 0xAA, 0xDE, 0xAE, 0xD7,
    0xCD, 0x74, 0x20, 0x39, 0xA7, 0xF1, 0xC2, 0x86, 0xF2, 0x2F, 0x4E, 0x30, 0x32, 0x0E, 0x46, 0xC6,
    0xA1, 0xFC, 0xEA, 0x04, 0x5D, 0xA3, 0x87, 0xE3, 0x02, 0x72, 0x29, 0xF8, 0xBD, 0x54, 0xE3, 0x0B,
    0xB3, 0x02, 0xFB, 0xDB, 0x91, 0xC3, 0xF9, 0xBE, 0xE4, 0x7D, 0xBB, 0x7F, 0x2E, 0x08, 0x98, 0x0D,
    0x38, 0x44, 0xA0, 0x59, 0x00, 0x92, 0xF1, 0x7C, 0x83, 0x2D, 0xEC, 0x0C, 0x70, 0xC8, 0x61, 0xCA,
    0x21, 0xE4, 0x10, 0x73, 0xD8, 0x72, 0x60, 0x2B, 0xC1, 0x93, 0x83, 0xE5, 0xEC, 0xD9, 0x4D, 0x29,
    0xD4, 0x41, 0x02, 0x78, 0x88, 0x36, 0x00, 0x34, 0x5B, 0xAA, 0x2C, 0x98, 0x02, 0xF8, 0x9B, 0x36,
    0xC0, 0xFD, 0xAD, 0x95, 0xA8, 0x99, 0x82, 0x95, 0x00, 0xC2, 0x50, 0x1B, 0x50, 0x32, 0x55, 0x22,
    0x07, 0x74, 0x39, 0x34, 0x39, 0xC8, 0x14, 0x43, 0x3E, 0x43, 0x65, 0x76, 0x48, 0xCA, 0x79, 0x84,
    0x0F, 0x6A, 0xB3, 0x80, 0xD4, 0xC4, 0xDE, 0x4A, 0xCF, 0x53, 0x4D, 0x9A, 0xC0, 0xE9, 0xAD, 0x77,
    0x83, 0x3A, 0x41, 0xB3, 0xF8, 0x88, 0x00, 0x98, 0x48, 0x03, 0xE6, 0x1D, 0x28, 0xB8, 0xCF, 0xFA,
    0x89, 0xA8, 0xB8, 0xA6, 0x37, 0x25, 0x5C, 0xA8, 0x89, 0x6E, 0x30, 0x84, 0xEF, 0x4B, 0x82, 0x6D,
    0xA1, 0x40, 0x80, 0xD2, 0x26, 0x0A, 0xCD, 0x0A, 0xDD, 0x68, 0xB4, 0xE3, 0x21, 0xF7, 0xA2, 0x62,
    0xD4, 0x79, 0x23, 0x71, 0xBE, 0xFE, 0xFB, 0xB7, 0x71, 0xB5, 0xB5, 0x40, 0x49, 0x06, 0x68, 0xD3,
    0x06, 0x38, 0x52, 0xC7, 0x86, 0xC2, 0xCB, 0xDC, 0x1E, 0x5F, 0x4A, 0x12, 0xC8, 0x9F, 0x7D, 0xEF,
    0xEE, 0xED, 0xFE, 0x37, 0x9B, 0xBB, 0x0A, 0xB6, 0xF8, 0x0C, 0xE0, 0x80, 0x6B, 0xA0, 0x5B, 0x4A,
    0xB6, 0x68, 0x48, 0xF1, 0x40, 0x6E, 0x9A, 0x66, 0x38, 0xEF, 0x40, 0xAE, 0x50, 0x39, 0x25, 0x23,
    0x3C, 0x35, 0x78, 0xE2, 0x2A, 0x69, 0x18, 0x41, 0x14, 0xC4, 0xDE, 0x7C, 0x2E, 0xD6, 0x6A, 0x6A,
    0x13, 0x16, 0xA8, 0xA3, 0xFA, 0x02, 0x11, 0xF8, 0x90, 0x70, 0x67, 0x2E, 0x74, 0x94, 0x23, 0xFB,
    0x82, 0xE4, 0x54, 0x09, 0xC1, 0x6E, 0xEE, 0x10, 0x9A, 0xE0, 0x8A, 0xC1, 0x4D, 0x0E, 0xE8, 0x06,
    0xC1, 0xF7, 0x02, 0xDB, 0x57, 0xE0, 0x18, 0xD9, 0xBE, 0xD2, 0x3B, 0x13, 0xFD, 0x20, 0x74, 0x8A,
    0x9B, 0x84, 0x66, 0x71, 0x55, 0xB4, 0xEC, 0x8E, 0xD1, 0xA4, 0xA5, 0x13, 0x35, 0xFF, 0x88, 0x40,
    0xF7, 0x6E, 0x83, 0xFD, 0x2E, 0xCF, 0x92, 0x24, 0xDB, 0x92, 0xE4, 0x98, 0x77, 0x59, 0x5D, 0x3D,
    0x37, 0xB3, 0x33, 0x83, 0x1B, 0x3F, 0xBD, 0xCB, 0xFE, 0x31, 0x91, 0x4A, 0x52, 0xB1, 0xEC, 0x52,
    0x40, 0x77, 0x19, 0x75, 0x97, 0x90, 0xFF, 0x37, 0x84, 0x01, 0x4D, 0xFA, 0x3C, 0xFE, 0xB4, 0xDB,
    0xE0, 0x5E, 0xAE, 0x3B, 0x6A, 0xC9, 0x1B, 0xC0, 0x31, 0x02, 0xA8, 0x56, 0x7C, 0xF7, 0xC3, 0x8F,
    0x3C, 0xBD, 0x25, 0xE4, 0x71, 0x93, 0xE6, 0xC3, 0x8A, 0x54, 0x72, 0x1E, 0x3C, 0x2A, 0xC0, 0xE5,
    0xB7, 0x6C, 0x01, 0x70, 0x10, 0xFC, 0x28, 0xB8, 0x59, 0xA8, 0x17, 0xC1, 0xA6, 0x79, 0x9B, 0x60,
    0x28, 0x14, 0xEC, 0x8D, 0x9E, 0xBC, 0xE3, 0x04, 0xB3, 0x1E, 0x47, 0x18, 0x52, 0xD9, 0x5A, 0x74,
    0x3C, 0x01, 0x3E, 0x42, 0x29, 0x46, 0xC9, 0xFA, 0x9C, 0x45, 0xC5, 0x0D, 0x92, 0x6D, 0x53, 0xF6,
    0xF3, 0xBB, 0x9F, 0x23, 0xEC, 0x2C, 0x03, 0x1A, 0xA5, 0x9B, 0x4C, 0xAC, 0x38, 0x18, 0x92, 0xBD,
    0xB0, 0x41, 0x08, 0x79, 0x9E, 0xCD, 0x30, 0x28, 0xAB, 0x42, 0x69, 0xAC, 0xD2, 0x4F, 0x18, 0x7B,
    0xC1, 0xBF, 0x27, 0x27, 0x60, 0x43, 0x45, 0x90, 0x3C, 0xBF, 0x6F, 0x9A, 0x32, 0x03, 0x19, 0x72,
    0xDE, 0x63, 0x03, 0xB0, 0xCB, 0xFE, 0x0B, 0x63, 0x00, 0x83, 0x07, 0x40, 0xCC, 0x7C, 0x00, 0x48,
    0xC8, 0x83, 0x78, 0xF5, 0xFF, 0x81, 0x60, 0x3F, 0x88, 0x00, 0x73, 0xD9, 0x0F, 0x40, 0x94, 0x40,
    0x01, 0x53, 0x03, 0x03, 0xFB, 0x03, 0x06, 0xFE, 0x2F, 0x0C, 0xF6, 0x7F, 0x18, 0x3E, 0x9F, 0x67,
    0x68, 0x3E, 0x04, 0xD4, 0x49, 0x2C, 0x82, 0x01, 0x76, 0x07, 0x90, 0x41, 0x17, 0x40, 0xCC, 0x1D,
    0xFB, 0xE1, 0xB6, 0x81, 0xB9, 0x40, 0xCC, 0xF8, 0x00, 0xAC, 0x04, 0x6A, 0x1B, 0xB1, 0x66, 0x3B,
    0x1F, 0x64, 0x78, 0x7C, 0x9C, 0xA1, 0xFE, 0x2F, 0x83, 0xFC, 0x0F, 0x06, 0xEE, 0x07, 0x20, 0x11,
    0x00, 0xBD, 0x93, 0x2F, 0x8C, 0xD4, 0x40, 0x14, 0xC6, 0xBF, 0xDE, 0xE6, 0x76, 0x43, 0x56, 0xD4,
    0x70, 0x0A, 0x31, 0x1E, 0xB3, 0x5E, 0xCD, 0x24, 0x08, 0xEC, 0x09, 0xAA, 0x30, 0x78, 0x83, 0x57,
    0x2D, 0x1A, 0x83, 0x57, 0xE8, 0xF3, 0x7E, 0x26, 0xE0, 0x93, 0xA2, 0xB0, 0x4B, 0x72, 0x28, 0xC4,
    0x4D, 0x42, 0x49, 0x7A, 0x49, 0xDB, 0x8F, 0xF7, 0x5E, 0x4B, 0x9B, 0xAC, 0x40, 0x11, 0x5E, 0xD2,
    0xDF, 0xDB, 0x9D, 0x7E, 0xEF, 0x4F, 0xDF, 0xCC, 0x60, 0x7F, 0x0F, 0x78, 0x02, 0x64, 0xBA, 0x22,
    0xDB, 0xDD, 0xE8, 0xF3, 0xAE, 0x73, 0x19, 0x6F, 0xCA, 0x0E, 0x28, 0x7B, 0x7B, 0xF6, 0xEC, 0x11,
    0xD9, 0xEF, 0xF8, 0xD0, 0x97, 0xA3, 0xEB, 0x4F, 0xF9, 0xD4, 0xF9, 0xE4, 0x73, 0x0C, 0x3E, 0x13,
    0xF5, 0x99, 0x88, 0x2D, 0xC1, 0x14, 0x5F, 0x30, 0xD4, 0x0F, 0x13, 0x3C, 0x07, 0x38, 0x66, 0x5C,
    0x4D, 0x01, 0xC0, 0x35, 0xD4, 0xBC, 0xB1, 0x6E, 0x94, 0x4C, 0x82, 0x82, 0x67, 0xE1, 0x15, 0xB3,
    0x70, 0xC7, 0x4E, 0x78, 0xE4, 0x20, 0x2C, 0x7F, 0x8E, 0x42, 0xF7, 0x6D, 0xD2, 0xA0, 0x96, 0x1A,
    0x94, 0xA2, 0x84, 0x31, 0xF8, 0x24, 0x94, 0x35, 0xC9, 0x0B, 0x97, 0xB1, 0x1B, 0x20, 0x2D, 0x1E,
    0x07, 0x1C, 0xF5, 0x87, 0xFE, 0x75, 0x5A, 0x12, 0xFE, 0x8C, 0x82, 0xA8, 0xBF, 0x57, 0x15, 0x9B,
    0x48, 0xB1, 0xA4, 0x60, 0xBB, 0x31, 0x71, 0x03, 0xE0, 0xFF, 0x33, 0xEE, 0x80, 0xE7, 0x4D, 0x25,
    0xF6, 0x8A, 0x62, 0xC3, 0x06, 0xAF, 0x43, 0x70, 0x83, 0xE0, 0x40, 0x1B, 0x50, 0x12, 0xC6, 0x2C,
    0x38, 0xF5, 0x82, 0x72, 0xB2, 0x49, 0x35, 0x42, 0xB6, 0x02, 0xAF, 0x6F, 0xEA, 0xBC, 0x08, 0x77,
    0x0C, 0x22, 0x19, 0x75, 0x5D, 0xC5, 0xF1, 0xAC, 0xB3, 0x4D, 0x96, 0x6A, 0x49, 0x6A, 0xE9, 0x29,
    0x36, 0x6D, 0xA8, 0xD4, 0xA0, 0x56, 0x93, 0xCC, 0x1B, 0x00, 0xEC, 0x3F, 0x6A, 0xD1, 0xB3, 0x46,
    0x26, 0x15, 0x04, 0x01, 0x75, 0xCB, 0xB4, 0xC8, 0xCE, 0x3A, 0x52, 0x99, 0x5B, 0x15, 0x51, 0x15,
    0xD6, 0xA4, 0x7D, 0xC3, 0xAA, 0x38, 0x59, 0xB7, 0xCD, 0x12, 0x5E, 0xAC, 0x8A, 0x63, 0x67, 0x8A,
    0xB5, 0x80, 0x2A, 0x5C, 0x5B, 0x77, 0x1C, 0x38, 0xC4, 0xDE, 0xE7, 0xBD, 0xE6, 0xC3, 0x4D, 0x65,
    0xCE, 0xB3, 0x55, 0x17, 0x67, 0x47, 0x60, 0x73, 0xDA, 0xD0, 0x92, 0x73, 0xE9, 0x6C, 0x49, 0xBE,
    0xA4, 0xF7, 0xBD, 0x7D, 0x46, 0x3D, 0x58, 0x27, 0xF5, 0xA8, 0xE5, 0xB4, 0x0D, 0x2B, 0xC8, 0xB9,
    0xED, 0x38, 0xE7, 0xAA, 0xDF, 0x4D, 0x56, 0xEC, 0xD3, 0x60, 0xEE, 0xB3, 0x39, 0xF7, 0xD5, 0x72,
    0x95, 0x3F, 0xB2, 0x39, 0x9A, 0x3B, 0xCE, 0x8D, 0x1C, 0x98, 0xB0, 0x6E, 0x0B, 0x8A, 0xBB, 0x80,
    0xCD, 0x62, 0xAB, 0x1B, 0x77, 0xE0, 0x58, 0x90, 0xC1, 0x91, 0xEF, 0xC9, 0xE4, 0x7F, 0x91, 0x8F,
    0xF1, 0xEC, 0x5B, 0xC7, 0xD6, 0x65, 0x9F, 0x0E, 0x0C, 0xE5, 0xEA, 0xE6, 0xC5, 0xD3, 0x63, 0xE4,
    0x58, 0xE7, 0xD2, 0x02, 0xDA, 0x25, 0x5C, 0x37, 0xD4, 0xF5, 0x58, 0xED, 0xE9, 0x5C, 0xDA, 0xB1,
    0xB1, 0xCB, 0xEB, 0xBF, 0xE8, 0x10, 0xFF, 0xFD, 0x53, 0x27, 0x3C, 0xE1, 0x56, 0xE6, 0xA4, 0x83,
    0xB8, 0xC5, 0x4D, 0x28, 0xF5, 0x36, 0x7A, 0x76, 0x75, 0x8A, 0x24, 0x1B, 0xBE, 0x24, 0x41, 0x1D,
    0x6D, 0x85, 0xE2, 0x16, 0x62, 0xD7, 0xE1, 0x38, 0xE1, 0xAF, 0x92, 0x6B, 0x85, 0xB3, 0xDD, 0x6F,
    0x61, 0x95, 0x2E, 0xAE, 0x66, 0xF5, 0x7A, 0xAC, 0xC2, 0x76, 0x48, 0x70, 0x3A, 0x03, 0x95, 0x5C,
    0xEB, 0x70, 0xA1, 0x9B, 0xCF, 0xD2, 0x72, 0xDA, 0x36, 0x2B, 0x1A, 0x8D, 0x49, 0xC0, 0x9E, 0x82,
    0xC8, 0x06, 0xCF, 0xD8, 0xA1, 0xE0, 0x04, 0xBC, 0xE5, 0x07, 0x80, 0x9A, 0x98, 0x23, 0x20, 0xEB,
    0xF7, 0x30, 0x85, 0x6A, 0x47, 0x8D, 0xD2, 0x88, 0x42, 0x81, 0xA3, 0x02, 0x97, 0x25, 0x25, 0x1C,
    0x18, 0x15, 0x16, 0x4A, 0x06, 0xDD, 0x8E, 0x47, 0x0B, 0x6D, 0x25, 0x34, 0x4E, 0x7F, 0x8E, 0x86,
    0x13, 0xEC, 0xF5, 0x4D, 0x14, 0x8D, 0x53, 0x35, 0xF5, 0x1D, 0x35, 0x43, 0x6F, 0xA9, 0x15, 0x17,
    0xE9, 0x7F, 0x03, 0xA5, 0xC9, 0x01, 0x06, 0x02, 0x40, 0x10, 0x86, 0xD1, 0x3F, 0x83, 0x05, 0xCC,
    0x11, 0xF6, 0x34, 0x7B, 0xBE, 0xED, 0x88, 0x1D, 0x61, 0x10, 0xC4, 0xD8, 0xAF, 0xD9, 0xA4, 0x25,
    0x40, 0xC1, 0x83, 0xA7, 0xBE, 0x2C, 0x04, 0x33, 0x0D, 0x3C, 0x6D, 0x8D, 0x22, 0x65, 0x51, 0x48,
    0x80, 0xC7, 0xA1, 0xA5, 0x3C, 0xEC, 0x5F, 0xA4, 0xCD, 0xDB, 0xFE, 0xD8, 0xC2, 0x0C, 0x19, 0x78,
    0xB9, 0xC6, 0x36, 0xF5, 0x11, 0xF8, 0xB2, 0x9D, 0xFD, 0xC9, 0xFB, 0x4B, 0x6E, 0x65, 0x23, 0xCA,
    0x0B, 0xD7, 0x27,
};

static const EpdGlyph sarabun_16_boldGlyphs[] = {
    { 0, 0, 0, 0, 0, 0, 0 }, // U+0000
    { 0, 0, 124, 0, 0, 0, 0 }, // U+000D
    { 0, 0, 124, 0, 0, 0, 0 }, // U+0020
    { 6, 23, 137, 1, 23, 35, 0 }, // !
    { 11, 9, 216, 1, 23, 25, 35 }, // "
    { 21, 23, 377, 1, 23, 121, 60 }, // #
    { 17, 28, 288, 1, 25, 119, 181 }, // $
    { 31, 23, 516, 1, 23, 179, 300 }, // %
    { 21, 23, 372, 1, 23, 121, 479 }, // &
    { 5, 9, 109, 1, 23, 12, 600 }, // '
    { 10, 27, 189, 1, 25, 68, 612 }, // (
    { 10, 27, 189, 1, 25, 68, 680 }, // )
    { 13, 15, 239, 1, 26, 49, 748 }, // *
    { 17, 17, 329, 2, 17, 73, 797 }, // +
    { 7, 13, 155, 1, 6, 23, 870 }, // ,
    { 10, 4, 181, 1, 11, 10, 893 }, // -
    { 6, 6, 155, 2, 6, 9, 903 }, // .
    { 18, 26, 250, -1, 24, 117, 912 }, // /
    { 17, 23, 301, 1, 23, 98, 1029 }, // 0
    { 13, 23, 301, 3, 23, 75, 1127 }, // 1
    { 17, 23, 301, 1, 23, 98, 1202 }, // 2
    { 17, 23, 301, 1, 23, 98, 1300 }, // 3
    { 18, 23, 301, 1, 23, 104, 1398 }, // 4
    { 17, 23, 301, 1, 23, 98, 1502 }, // 5
    { 17, 25, 301, 1, 25, 107, 1600 }, // 6
    { 16, 23, 301, 1, 23, 92, 1707 }, // 7
    { 17, 23, 301, 1, 23, 98, 1799 }, // 8
    { 16, 25, 301, 1, 23, 100, 1897 }, // 9
    { 6, 17, 155, 2, 17, 26, 1997 }, // :
    { 7, 24, 155, 1, 17, 42, 2023 }, // ;
    { 17, 20, 329, 2, 20, 85, 2065 }, // <
    { 17, 11, 329, 2, 14, 47, 2150 }, // =
    { 17, 20, 329, 2, 20, 85, 2197 }, // >
    { 15, 23, 251, 0, 23, 87, 2282 }, // ?
    { 24, 26, 429, 1, 21, 156, 2369 }, // @
    { 21, 23, 342, 0, 23, 121, 2525 }, // A
    { 17, 23, 323, 2, 23, 98, 2646 }, // B
    { 19, 23, 331, 1, 23, 110, 2744 }, // C
    { 18, 23, 342, 2, 23, 104, 2854 }, // D
    { 16, 23, 304, 2, 23, 92, 2958 }, // E
    { 16, 23, 306, 2, 23, 92, 3050 }, // F
    { 19, 23, 348, 1, 23, 110, 3142 }, // G
    { 19, 23, 369, 2, 23, 110, 3252 }, // H
    { 5, 23, 172, 3, 23, 29, 3362 }, // I
    { 15, 23, 262, -1, 23, 87, 3391 }, // J
    { 19, 23, 350, 2, 23, 110, 3478 }, // K
    { 16, 23, 301, 2, 23, 92, 3588 }, // L
    { 23, 23, 435, 2, 23, 133, 3680 }, // M
    { 19, 23, 373, 2, 23, 110, 3813 }, // N
    { 21, 23, 368, 1, 23, 121, 3923 }, // O
    { 16, 23, 315, 2, 23, 92, 4044 }, // P
    { 21, 28, 368, 1, 23, 147, 4136 }, // Q
    { 18, 23, 318, 2, 23, 104, 4283 }, // R
    { 17, 23, 294, 1, 23, 98, 4387 }, // S
    { 19, 23, 315, 1, 23, 110, 4485 }, // T
    { 18, 23, 353, 2, 23, 104, 4595 }, // U
    { 22, 23, 345, 0, 23, 127, 4699 }, // V
    { 29, 23, 466, 0, 23, 167, 4826 }, // W
    { 21, 23, 349, 0, 23, 121, 4993 }, // X
    { 20, 23, 335, 0, 23, 115, 5114 }, // Y
    { 18, 23, 316, 1, 23, 104, 5229 }, // Z
    { 9, 27, 177, 1, 23, 61, 5333 }, // [
    { 18, 26, 205, -1, 24, 117, 5394 }, // <backslash>
    { 9, 27, 177, 1, 23, 61, 5511 }, // ]
    { 18, 16, 319, 1, 23, 72, 5572 }, // ^
    { 12, 4, 191, 0, -7, 12, 5644 }, // _
    { 8, 6, 213, 2, 25, 12, 5656 }, // `
    { 16, 17, 282, 1, 17, 68, 5668 }, // a
    { 17, 25, 298, 1, 25, 107, 5736 }, // b
    { 16, 17, 262, 1, 17, 68, 5843 }, // c
    { 17, 25, 298, 1, 25, 107, 5911 }, // d
    { 17, 17, 289, 1, 17, 73, 6018 }, // e
    { 13, 23, 201, 1, 23, 75, 6091 }, // f
    { 16, 24, 296, 1, 17, 96, 6166 }, // g
    { 16, 25, 302, 2, 25, 100, 6262 }, // h
    { 5, 23, 146, 2, 23, 29, 6362 }, // i
    { 11, 30, 149, -3, 23, 83, 6391 }, // j
    { 16, 25, 284, 2, 25, 100, 6474 }, // k
    { 9, 25, 161, 2, 25, 57, 6574 }, // l
    { 26, 17, 451, 1, 17, 111, 6631 }, // m
    { 17, 17, 300, 1, 17, 73, 6742 }, // n
    { 18, 17, 309, 1, 17, 77, 6815 }, // o
    { 17, 25, 301, 1, 17, 107, 6892 }, // p
    { 17, 25, 301, 1, 17, 107, 6999 }, // q
    { 12, 17, 212, 1, 17, 51, 7106 }, // r
    { 14, 17, 235, 0, 17, 60, 7157 }, // s
    { 13, 23, 224, 1, 23, 75, 7217 }, // t
    { 16, 17, 299, 2, 17, 68, 7292 }, // u
    { 18, 17, 282, 0, 17, 77, 7360 }, // v
    { 24, 17, 377, 0, 17, 102, 7437 }, // w
    { 17, 17, 277, 0, 17, 73, 7539 }, // x
    { 17, 23, 269, 0, 17, 98, 7612 }, // y
    { 14, 17, 254, 1, 17, 60, 7710 }, // z
    { 10, 28, 187, 1, 23, 70, 7770 }, // {
    { 5, 29, 137, 2, 23, 37, 7840 }, // |
    { 10, 28, 187, 1, 23, 70, 7877 }, // }
    { 18, 6, 329, 2, 12, 27, 7947 }, // ~
    { 0, 0, 124, 0, 0, 0, 0 }, // U+00A0
    { 6, 24, 137, 1, 17, 36, 0 }, // U+00A1
    { 16, 23, 261, 1, 22, 92, 36 }, // U+00A2
    { 16, 23, 294, 2, 23, 92, 128 }, // U+00A3
    { 20, 20, 336, 0, 21, 100, 220 }, // U+00A4
    { 20, 23, 340, 0, 23, 115, 320 }, // U+00A5
    { 5, 29, 137, 2, 23, 37, 435 }, // U+00A6
    { 16, 27, 291, 1, 23, 108, 472 }, // U+00A7
    { 12, 4, 213, 1, 23, 12, 580 }, // U+00A8
    { 24, 25, 432, 1, 25, 150, 592 }, // U+00A9
    { 11, 11, 193, 1, 23, 31, 742 }, // U+00AA
    { 18, 13, 312, 1, 15, 59, 773 }, // U+00AB
    { 19, 11, 328, 1, 15, 53, 832 }, // U+00AC
    { 10, 4, 181, 1, 11, 10, 885 }, // U+00AD
    { 15, 15, 283, 1, 24, 57, 895 }, // U+00AE
    { 12, 3, 213, 1, 22, 9, 952 }, // U+00AF
    { 10, 9, 172, 1, 24, 23, 961 }, // U+00B0
    { 17, 19, 329, 2, 19, 81, 984 }, // U+00B1
    { 13, 16, 229, 1, 23, 52, 1065 }, // U+00B2
    { 12, 16, 229, 1, 23, 48, 1117 }, // U+00B3
    { 8, 6, 213, 3, 25, 12, 1165 }, // U+00B4
    { 16, 23, 299, 2, 17, 92, 1177 }, // U+00B5
    { 15, 27, 290, 1, 23, 102, 1269 }, // U+00B6
    { 6, 6, 155, 2, 12, 9, 1371 }, // U+00B7
    { 8, 9, 213, 2, 0, 18, 1380 }, // U+00B8
    { 10, 16, 229, 2, 23, 40, 1398 }, // U+00B9
    { 11, 12, 208, 1, 23, 33, 1438 }, // U+00BA
    { 18, 13, 312, 1, 15, 59, 1471 }, // U+00BB
    { 30, 26, 545, 2, 24, 195, 1530 }, // U+00BC
    { 30, 26, 545, 2, 24, 195, 1725 }, // U+00BD
    { 31, 26, 545, 1, 24, 202, 1920 }, // U+00BE
    { 15, 24, 251, 1, 17, 90, 2122 }, // U+00BF
    { 21, 30, 342, 0, 30, 158, 2212 }, // U+00C0
    { 21, 30, 342, 0, 30, 158, 2370 }, // U+00C1
    { 21, 31, 342, 0, 31, 163, 2528 }, // U+00C2
    { 21, 31, 342, 0, 31, 163, 2691 }, // U+00C3
    { 21, 29, 342, 0, 29, 153, 2854 }, // U+00C4
    { 21, 31, 342, 0, 31, 163, 3007 }, // U+00C5
    { 27, 23, 441, 0, 23, 156, 3170 }, // U+00C6
    { 19, 32, 331, 1, 23, 152, 3326 }, // U+00C7
    { 16, 30, 304, 2, 30, 120, 3478 }, // U+00C8
    { 16, 30, 304, 2, 30, 120, 3598 }, // U+00C9
    { 16, 31, 304, 2, 31, 124, 3718 }, // U+00CA
    { 16, 29, 304, 2, 29, 116, 3842 }, // U+00CB
    { 8, 30, 172, 0, 30, 60, 3958 }, // U+00CC
    { 8, 30, 172, 3, 30, 60, 4018 }, // U+00CD
    { 12, 31, 172, -1, 31, 93, 4078 }, // U+00CE
    { 12, 29, 172, 0, 29, 87, 4171 }, // U+00CF
    { 20, 23, 346, 1, 23, 115, 4258 }, // U+00D0
    { 19, 31, 373, 2, 31, 148, 4373 }, // U+00D1
    { 21, 31, 368, 1, 31, 163, 4521 }, // U+00D2
    { 21, 31, 368, 1, 31, 163, 4684 }, // U+00D3
    { 21, 31, 368, 1, 31, 163, 4847 }, // U+00D4
    { 21, 30, 368, 1, 30, 158, 5010 }, // U+00D5
    { 21, 30, 368, 1, 30, 158, 5168 }, // U+00D6
    { 18, 18, 329, 1, 18, 81, 5326 }, // U+00D7
    { 21, 25, 368, 1, 24, 132, 5407 }, // U+00D8
    { 18, 31, 353, 2, 31, 140, 5539 }, // U+00D9
    { 18, 31, 353, 2, 31, 140, 5679 }, // U+00DA
    { 18, 31, 353, 2, 31, 140, 5819 }, // U+00DB
    { 18, 30, 353, 2, 30, 135, 5959 }, // U+00DC
    { 20, 30, 335, 0, 30, 150, 6094 }, // U+00DD
    { 16, 23, 306, 2, 23, 92, 6244 }, // U+00DE
    { 17, 23, 307, 1, 23, 98, 6336 }, // U+00DF
    { 16, 24, 282, 1, 24, 96, 6434 }, // U+00E0
    { 16, 24, 282, 1, 24, 96, 6530 }, // U+00E1
    { 16, 24, 282, 1, 24, 96, 6626 }, // U+00E2
    { 15, 24, 282, 1, 24, 90, 6722 }, // U+00E3
    { 16, 23, 282, 1, 23, 92, 6812 }, // U+00E4
    { 16, 26, 282, 1, 26, 104, 6904 }, // U+00E5
    { 26, 17, 438, 1, 17, 111, 7008 }, // U+00E6
    { 16, 25, 262, 1, 17, 100, 7119 }, // U+00E7
    { 17, 24, 289, 1, 24, 102, 7219 }, // U+00E8
    { 17, 24, 289, 1, 24, 102, 7321 }, // U+00E9
    { 17, 24, 289, 1, 24, 102, 7423 }, // U+00EA
    { 17, 23, 289, 1, 23, 98, 7525 }, // U+00EB
    { 9, 24, 149, -1, 24, 54, 7623 }, // U+00EC
    { 8, 24, 149, 3, 24, 48, 7677 }, // U+00ED
    { 12, 24, 149, -1, 24, 72, 7725 }, // U+00EE
    { 12, 23, 149, -1, 23, 69, 7797 }, // U+00EF
    { 15, 25, 274, 1, 25, 94, 7866 }, // U+00F0
    { 17, 23, 300, 1, 23, 98, 7960 }, // U+00F1
    { 18, 24, 309, 1, 24, 108, 8058 }, // U+00F2
    { 18, 24, 309, 1, 24, 108, 8166 }, // U+00F3
    { 18, 24, 309, 1, 24, 108, 8274 }, // U+00F4
    { 18, 24, 309, 1, 24, 108, 8382 }, // U+00F5
    { 18, 23, 309, 1, 23, 104, 8490 }, // U+00F6
    { 17, 17, 329, 2, 17, 73, 8594 }, // U+00F7
    { 18, 19, 309, 1, 18, 86, 8667 }, // U+00F8
    { 16, 24, 299, 2, 24, 96, 8753 }, // U+00F9
    { 16, 24, 299, 2, 24, 96, 8849 }, // U+00FA
    { 16, 24, 299, 2, 24, 96, 8945 }, // U+00FB
    { 16, 23, 299, 2, 23, 92, 9041 }, // U+00FC
    { 17, 30, 269, 0, 24, 128, 9133 }, // U+00FD
    { 16, 32, 289, 2, 25, 128, 9261 }, // U+00FE
    { 17, 29, 269, 0, 23, 124, 9389 }, // U+00FF
    { 21, 29, 342, 0, 29, 153, 0 }, // U+0100
    { 16, 23, 282, 1, 23, 92, 153 }, // U+0101
    { 21, 30, 342, 0, 30, 158, 245 }, // U+0102
    { 15, 23, 282, 1, 23, 87, 403 }, // U+0103
    { 22, 30, 342, 0, 23, 165, 490 }, // U+0104
    { 17, 24, 282, 1, 17, 102, 655 }, // U+0105
    { 19, 31, 331, 1, 31, 148, 757 }, // U+0106
    { 16, 24, 262, 1, 24, 96, 905 }, // U+0107
    { 19, 31, 331, 1, 31, 148, 1001 }, // U+0108
    { 16, 24, 262, 1, 24, 96, 1149 }, // U+0109
    { 19, 30, 331, 1, 30, 143, 1245 }, // U+010A
    { 15, 23, 262, 1, 23, 87, 1388 }, // U+010B
    { 19, 31, 331, 1, 31, 148, 1475 }, // U+010C
    { 16, 24, 262, 1, 24, 96, 1623 }, // U+010D
    { 18, 31, 342, 2, 31, 140, 1719 }, // U+010E
    { 23, 26, 396, 1, 26, 150, 1859 }, // U+010F
    { 20, 23, 346, 1, 23, 115, 2009 }, // U+0110
    { 18, 25, 312, 1, 25, 113, 2124 }, // U+0111
    { 16, 29, 304, 2, 29, 116, 2237 }, // U+0112
    { 17, 23, 289, 1, 23, 98, 2353 }, // U+0113
    { 16, 30, 304, 2, 30, 120, 2451 }, // U+0114
    { 17, 23, 289, 1, 23, 98, 2571 }, // U+0115
    { 16, 29, 304, 2, 29, 116, 2669 }, // U+0116
    { 17, 23, 289, 1, 23, 98, 2785 }, // U+0117
    { 17, 30, 304, 2, 23, 128, 2883 }, // U+0118
    { 17, 23, 289, 1, 17, 98, 3011 }, // U+0119
    { 16, 31, 304, 2, 31, 124, 3109 }, // U+011A
    { 17, 24, 289, 1, 24, 102, 3233 }, // U+011B
    { 19, 31, 348, 1, 31, 148, 3335 }, // U+011C
    { 16, 31, 296, 1, 24, 124, 3483 }, // U+011D
    { 19, 31, 348, 1, 31, 148, 3607 }, // U+011E
    { 16, 30, 296, 1, 23, 120, 3755 }, // U+011F
    { 19, 30, 348, 1, 30, 143, 3875 }, // U+0120
    { 16, 30, 296, 1, 23, 120, 4018 }, // U+0121
    { 19, 33, 348, 1, 23, 157, 4138 }, // U+0122
    { 16, 35, 296, 1, 28, 140, 4295 }, // U+0123
    { 19, 31, 369, 2, 31, 148, 4435 }, // U+0124
    { 16, 32, 302, 2, 32, 128, 4583 }, // U+0125
    { 23, 23, 378, 1, 23, 133, 4711 }, // U+0126
    { 18, 25, 302, 0, 25, 113, 4844 }, // U+0127
    { 11, 31, 172, 0, 31, 86, 4957 }, // U+0128
    { 11, 23, 149, -1, 23, 64, 5043 }, // U+0129
    { 11, 29, 172, 0, 29, 80, 5107 }, // U+012A
    { 11, 22, 149, -1, 22, 61, 5187 }, // U+012B
    { 11, 30, 172, 0, 30, 83, 5248 }, // U+012C
    { 11, 23, 149, -1, 23, 64, 5331 }, // U+012D
    { 7, 30, 172, 1, 23, 53, 5395 }, // U+012E
    { 8, 30, 146, 1, 23, 60, 5448 }, // U+012F
    { 5, 29, 172, 3, 29, 37, 5508 }, // U+0130
    { 5, 17, 149, 3, 17, 22, 5545 }, // U+0131
    { 22, 23, 435, 3, 23, 127, 5567 }, // U+0132
    { 15, 30, 294, 2, 23, 113, 5694 }, // U+0133
    { 15, 31, 262, -1, 31, 117, 5807 }, // U+0134
    { 13, 31, 148, -2, 24, 101, 5924 }, // U+0135
    { 19, 34, 350, 2, 23, 162, 6025 }, // U+0136
    { 17, 36, 284, 2, 25, 153, 6187 }, // U+0137
    { 16, 17, 284, 2, 17, 68, 6340 }, // U+0138
    { 16, 30, 301, 2, 30, 120, 6408 }, // U+0139
    { 9, 32, 161, 2, 32, 72, 6528 }, // U+013A
    { 16, 34, 301, 2, 23, 136, 6600 }, // U+013B
    { 9, 35, 161, 2, 25, 79, 6736 }, // U+013C
    { 16, 23, 301, 2, 23, 92, 6815 }, // U+013D
    { 11, 25, 207, 2, 25, 69, 6907 }, // U+013E
    { 16, 23, 301, 2, 23, 92, 6976 }, // U+013F
    { 11, 25, 219, 2, 25, 69, 7068 }, // U+0140
    { 18, 23, 301, 1, 23, 104, 7137 }, // U+0141
    { 11, 25, 174, 0, 25, 69, 7241 }, // U+0142
    { 19, 30, 373, 2, 30, 143, 7310 }, // U+0143
    { 17, 24, 300, 1, 24, 102, 7453 }, // U+0144
    { 19, 34, 373, 2, 23, 162, 7555 }, // U+0145
    { 17, 28, 300, 1, 17, 119, 7717 }, // U+0146
    { 19, 31, 373, 2, 31, 148, 7836 }, // U+0147
    { 17, 24, 300, 1, 24, 102, 7984 }, // U+0148
    { 21, 23, 364, 1, 23, 121, 8086 }, // U+0149
    { 19, 32, 373, 2, 23, 152, 8207 }, // U+014A
    { 17, 24, 300, 1, 17, 102, 8359 }, // U+014B
    { 21, 29, 368, 1, 29, 153, 8461 }, // U+014C
    { 18, 23, 309, 1, 23, 104, 8614 }, // U+014D
    { 21, 31, 368, 1, 31, 163, 8718 }, // U+014E
    { 18, 23, 309, 1, 23, 104, 8881 }, // U+014F
    { 21, 31, 368, 1, 31, 163, 8985 }, // U+0150
    { 18, 23, 309, 1, 23, 104, 9148 }, // U+0151
    { 28, 23, 472, 1, 23, 161, 9252 }, // U+0152
    { 27, 17, 460, 1, 17, 115, 9413 }, // U+0153
    { 18, 30, 318, 2, 30, 135, 9528 }, // U+0154
    { 12, 24, 212, 1, 24, 72, 9663 }, // U+0155
    { 18, 34, 318, 2, 23, 153, 9735 }, // U+0156
    { 12, 28, 212, 1, 17, 84, 9888 }, // U+0157
    { 18, 31, 318, 2, 31, 140, 9972 }, // U+0158
    { 12, 24, 212, 1, 24, 72, 10112 }, // U+0159
    { 17, 31, 294, 1, 31, 132, 10184 }, // U+015A
    { 14, 24, 235, 0, 24, 84, 10316 }, // U+015B
    { 17, 31, 294, 1, 31, 132, 10400 }, // U+015C
    { 14, 24, 235, 0, 24, 84, 10532 }, // U+015D
    { 17, 32, 294, 1, 23, 136, 10616 }, // U+015E
    { 14, 26, 235, 0, 17, 91, 10752 }, // U+015F
    { 17, 31, 294, 1, 31, 132, 10843 }, // U+0160
    { 14, 24, 235, 0, 24, 84, 10975 }, // U+0161
    { 19, 32, 315, 1, 23, 152, 11059 }, // U+0162
    { 13, 31, 224, 1, 23, 101, 11211 }, // U+0163
    { 19, 31, 315, 1, 31, 148, 11312 }, // U+0164
    { 17, 26, 288, 1, 26, 111, 11460 }, // U+0165
    { 19, 23, 315, 1, 23, 110, 11571 }, // U+0166
    { 13, 23, 224, 1, 23, 75, 11681 }, // U+0167
    { 18, 30, 353, 2, 30, 135, 11756 }, // U+0168
    { 16, 24, 299, 2, 24, 96, 11891 }, // U+0169
    { 18, 29, 353, 2, 29, 131, 11987 }, // U+016A
    { 16, 23, 299, 2, 23, 92, 12118 }, // U+016B
    { 18, 31, 353, 2, 31, 140, 12210 }, // U+016C
    { 16, 23, 299, 2, 23, 92, 12350 }, // U+016D
    { 18, 32, 353, 2, 32, 144, 12442 }, // U+016E
    { 16, 26, 299, 2, 26, 104, 12586 }, // U+016F
    { 18, 31, 353, 2, 31, 140, 12690 }, // U+0170
    { 16, 24, 299, 2, 24, 96, 12830 }, // U+0171
    { 18, 30, 353, 2, 23, 135, 12926 }, // U+0172
    { 17, 24, 299, 2, 17, 102, 13061 }, // U+0173
    { 29, 31, 466, 0, 31, 225, 13163 }, // U+0174
    { 24, 24, 377, 0, 24, 144, 13388 }, // U+0175
    { 20, 31, 335, 0, 31, 155, 13532 }, // U+0176
    { 17, 30, 269, 0, 24, 128, 13687 }, // U+0177
    { 21, 29, 335, 0, 29, 153, 13815 }, // U+0178
    { 18, 30, 316, 1, 30, 135, 13968 }, // U+0179
    { 14, 24, 254, 1, 24, 84, 14103 }, // U+017A
    { 18, 29, 316, 1, 29, 131, 14187 }, // U+017B
    { 14, 23, 254, 1, 23, 81, 14318 }, // U+017C
    { 18, 31, 316, 1, 31, 140, 14399 }, // U+017D
    { 14, 24, 254, 1, 24, 84, 14539 }, // U+017E
    { 25, 23, 394, 1, 23, 144, 0 }, // U+01A0
    { 22, 17, 347, 1, 17, 94, 144 }, // U+01A1
    { 24, 23, 396, 2, 23, 138, 238 }, // U+01AF
    { 21, 17, 346, 2, 17, 90, 376 }, // U+01B0
    { 21, 31, 342, 0, 31, 163, 466 }, // U+01CD
    { 16, 24, 282, 1, 24, 96, 629 }, // U+01CE
    { 12, 31, 172, -1, 31, 93, 725 }, // U+01CF
    { 12, 24, 149, -1, 24, 72, 818 }, // U+01D0
    { 21, 31, 368, 1, 31, 163, 890 }, // U+01D1
    { 18, 24, 309, 1, 24, 108, 1053 }, // U+01D2
    { 18, 31, 353, 2, 31, 140, 1161 }, // U+01D3
    { 16, 24, 299, 2, 24, 96, 1301 }, // U+01D4
    { 18, 34, 353, 2, 34, 153, 1397 }, // U+01D5
    { 16, 28, 299, 2, 28, 112, 1550 }, // U+01D6
    { 18, 35, 353, 2, 35, 158, 1662 }, // U+01D7
    { 16, 28, 299, 2, 28, 112, 1820 }, // U+01D8
    { 18, 35, 353, 2, 35, 158, 1932 }, // U+01D9
    { 16, 28, 299, 2, 28, 112, 2090 }, // U+01DA
    { 18, 35, 353, 2, 35, 158, 2202 }, // U+01DB
    { 16, 28, 299, 2, 28, 112, 2360 }, // U+01DC
    { 19, 31, 348, 1, 31, 148, 2472 }, // U+01E6
    { 16, 31, 296, 1, 24, 124, 2620 }, // U+01E7
    { 21, 35, 342, 0, 35, 184, 2744 }, // U+01FA
    { 16, 30, 282, 1, 30, 120, 2928 }, // U+01FB
    { 27, 30, 441, 0, 30, 203, 3048 }, // U+01FC
    { 26, 24, 438, 1, 24, 156, 3251 }, // U+01FD
    { 21, 32, 368, 1, 31, 168, 3407 }, // U+01FE
    { 18, 25, 309, 1, 24, 113, 3575 }, // U+01FF
    { 17, 33, 294, 1, 23, 141, 3688 }, // U+0218
    { 14, 27, 235, 0, 17, 95, 3829 }, // U+0219
    { 19, 34, 315, 1, 23, 162, 3924 }, // U+021A
    { 13, 33, 224, 1, 23, 108, 4086 }, // U+021B
    { 8, 5, 0, -6, 24, 10, 0 }, // U+0300
    { 8, 5, 0, -2, 24, 10, 10 }, // U+0301
    { 12, 6, 0, -6, 25, 18, 20 }, // U+0302
    { 11, 4, 0, -6, 23, 11, 38 }, // U+0303
    { 11, 4, 0, -6, 23, 11, 49 }, // U+0304
    { 11, 5, 0, -5, 24, 14, 60 }, // U+0306
    { 5, 4, 0, -2, 23, 5, 74 }, // U+0307
    { 12, 4, 0, -6, 23, 12, 79 }, // U+0308
    { 8, 9, 0, -4, 27, 18, 91 }, // U+0309
    { 7, 7, 0, -3, 25, 13, 109 }, // U+030A
    { 14, 5, 0, -6, 24, 18, 122 }, // U+030B
    { 12, 6, 0, -6, 25, 18, 140 }, // U+030C
    { 7, 10, 0, -3, 19, 18, 158 }, // U+031B
    { 5, 4, 0, -2, -3, 5, 176 }, // U+0323
    { 12, 4, 0, -6, -3, 12, 181 }, // U+0324
    { 5, 8, 0, -2, -2, 10, 193 }, // U+0326
    { 8, 8, 0, -4, 0, 16, 203 }, // U+0327
    { 8, 8, 0, -4, 0, 16, 219 }, // U+0328
    { 11, 5, 0, -5, -2, 14, 235 }, // U+032E
    { 11, 4, 0, -6, -1, 11, 249 }, // U+0331
    { 17, 20, 318, 1, 20, 85, 0 }, // U+0E01
    { 19, 20, 337, 1, 20, 95, 85 }, // U+0E02
    { 20, 21, 350, 1, 21, 105, 180 }, // U+0E03
    { 18, 20, 333, 1, 20, 90, 285 }, // U+0E04
    { 18, 21, 335, 1, 21, 95, 375 }, // U+0E05
    { 20, 21, 362, 1, 21, 105, 470 }, // U+0E06
    { 14, 20, 257, 0, 20, 70, 575 }, // U+0E07
    { 17, 20, 304, 0, 20, 85, 645 }, // U+0E08
    { 18, 20, 317, 0, 20, 90, 730 }, // U+0E09
    { 20, 21, 347, 1, 21, 105, 820 }, // U+0E0A
    { 21, 21, 356, 1, 21, 111, 925 }, // U+0E0B
    { 25, 20, 444, 1, 20, 125, 1036 }, // U+0E0C
    { 25, 30, 453, 1, 20, 188, 1161 }, // U+0E0D
    { 19, 31, 332, 1, 20, 148, 1349 }, // U+0E0E
    { 19, 31, 332, 1, 20, 148, 1497 }, // U+0E0F
    { 18, 32, 306, 1, 21, 144, 1645 }, // U+0E10
    { 23, 20, 406, 1, 20, 115, 1789 }, // U+0E11
    { 26, 21, 467, 1, 21, 137, 1904 }, // U+0E12
    { 27, 20, 471, 1, 20, 135, 2041 }, // U+0E13
    { 18, 20, 327, 1, 20, 90, 2176 }, // U+0E14
    { 18, 20, 335, 1, 20, 90, 2266 }, // U+0E15
    { 17, 20, 319, 1, 20, 85, 2356 }, // U+0E16
    { 20, 20, 362, 1, 20, 100, 2441 }, // U+0E17
    { 17, 21, 311, 1, 21, 90, 2541 }, // U+0E18
    { 20, 20, 347, 1, 20, 100, 2631 }, // U+0E19
    { 20, 20, 347, 1, 20, 100, 2731 }, // U+0E1A
    { 20, 28, 357, 1, 28, 140, 2831 }, // U+0E1B
    { 18, 20, 346, 2, 20, 90, 2971 }, // U+0E1C
    { 18, 28, 346, 2, 28, 126, 3061 }, // U+0E1D
    { 22, 20, 394, 1, 20, 110, 3187 }, // U+0E1E
    { 22, 28, 394, 1, 28, 154, 3297 }, // U+0E1F
    { 19, 20, 336, 1, 20, 95, 3451 }, // U+0E20
    { 18, 20, 336, 1, 20, 90, 3546 }, // U+0E21
    { 16, 20, 313, 1, 20, 80, 3636 }, // U+0E22
    { 15, 21, 266, 1, 21, 79, 3716 }, // U+0E23
    { 17, 28, 319, 1, 20, 119, 3795 }, // U+0E24
    { 17, 20, 320, 1, 20, 85, 3914 }, // U+0E25
    { 19, 28, 332, 1, 20, 133, 3999 }, // U+0E26
    { 15, 20, 285, 1, 20, 75, 4132 }, // U+0E27
    { 19, 22, 333, 1, 22, 105, 4207 }, // U+0E28
    { 24, 20, 383, 1, 20, 120, 4312 }, // U+0E29
    { 18, 22, 320, 1, 22, 99, 4432 }, // U+0E2A
    { 19, 20, 344, 1, 20, 95, 4531 }, // U+0E2B
    { 24, 22, 394, 1, 22, 132, 4626 }, // U+0E2C
    { 18, 20, 320, 1, 20, 90, 4758 }, // U+0E2D
    { 17, 20, 311, 2, 20, 85, 4848 }, // U+0E2E
    { 17, 20, 306, 1, 20, 85, 4933 }, // U+0E2F
    { 16, 20, 292, 1, 20, 80, 5018 }, // U+0E30
    { 16, 9, 0, -13, 32, 36, 5098 }, // U+0E31
    { 15, 20, 272, 1, 20, 75, 5134 }, // U+0E32
    { 24, 31, 272, -9, 31, 186, 5209 }, // U+0E33
    { 16, 10, 0, -18, 31, 40, 5395 }, // U+0E34
    { 18, 11, 0, -19, 32, 50, 5435 }, // U+0E35
    { 18, 12, 0, -18, 33, 54, 5485 }, // U+0E36
    { 16, 11, 0, -18, 32, 44, 5539 }, // U+0E37
    { 7, 11, 0, -9, -2, 20, 5583 }, // U+0E38
    { 13, 10, 0, -15, -2, 33, 5603 }, // U+0E39
    { 5, 5, 0, -7, -2, 7, 5636 }, // U+0E3A
    { 17, 29, 322, 2, 26, 124, 5643 }, // U+0E3F
    { 8, 20, 174, 2, 20, 40, 5767 }, // U+0E40
    { 18, 20, 328, 2, 20, 90, 5807 }, // U+0E41
    { 15, 34, 218, -2, 34, 128, 5897 }, // U+0E42
    { 16, 34, 227, -2, 34, 136, 6025 }, // U+0E43
    { 17, 34, 239, -3, 34, 145, 6161 }, // U+0E44
    { 15, 29, 162, -6, 20, 109, 6306 }, // U+0E45
    { 17, 28, 355, 2, 20, 119, 6415 }, // U+0E46
    { 14, 13, 0, -17, 35, 46, 6534 }, // U+0E47
    { 5, 7, 0, -6, 30, 9, 6580 }, // U+0E48
    { 14, 10, 0, -12, 33, 35, 6589 }, // U+0E49
    { 17, 10, 0, -16, 33, 43, 6624 }, // U+0E4A
    { 10, 8, 0, -9, 31, 20, 6667 }, // U+0E4B
    { 11, 10, 0, -11, 33, 28, 6687 }, // U+0E4C
    { 9, 9, 0, -9, 31, 21, 6715 }, // U+0E4D
    { 11, 12, 0, -10, 35, 33, 6736 }, // U+0E4E
    { 17, 18, 334, 2, 18, 77, 6769 }, // U+0E4F
    { 20, 16, 355, 1, 16, 80, 6846 }, // U+0E50
    { 21, 16, 368, 1, 15, 84, 6926 }, // U+0E51
    { 22, 21, 382, 0, 21, 116, 7010 }, // U+0E52
    { 21, 16, 378, 1, 16, 84, 7126 }, // U+0E53
    { 22, 22, 367, 1, 21, 121, 7210 }, // U+0E54
    { 22, 22, 367, 1, 21, 121, 7331 }, // U+0E55
    { 22, 21, 359, 0, 21, 116, 7452 }, // U+0E56
    { 24, 21, 423, 1, 21, 126, 7568 }, // U+0E57
    { 20, 21, 365, 1, 21, 105, 7694 }, // U+0E58
    { 21, 22, 373, 1, 21, 116, 7799 }, // U+0E59
    { 25, 20, 443, 1, 20, 125, 7915 }, // U+0E5A
    { 32, 18, 563, 2, 18, 144, 8040 }, // U+0E5B
    { 21, 30, 342, 0, 23, 158, 0 }, // U+1EA0
    { 16, 23, 282, 1, 17, 92, 158 }, // U+1EA1
    { 21, 33, 342, 0, 33, 174, 250 }, // U+1EA2
    { 16, 27, 282, 1, 27, 108, 424 }, // U+1EA3
    { 21, 34, 342, 0, 34, 179, 532 }, // U+1EA4
    { 17, 27, 282, 1, 27, 115, 711 }, // U+1EA5
    { 21, 34, 342, 0, 34, 179, 826 }, // U+1EA6
    { 16, 27, 282, 1, 27, 108, 1005 }, // U+1EA7
    { 21, 35, 342, 0, 35, 184, 1113 }, // U+1EA8
    { 17, 29, 282, 1, 29, 124, 1297 }, // U+1EA9
    { 21, 36, 342, 0, 36, 189, 1421 }, // U+1EAA
    { 16, 29, 282, 1, 29, 116, 1610 }, // U+1EAB
    { 21, 38, 342, 0, 31, 200, 1726 }, // U+1EAC
    { 16, 30, 282, 1, 24, 120, 1926 }, // U+1EAD
    { 21, 35, 342, 0, 35, 184, 2046 }, // U+1EAE
    { 15, 29, 282, 1, 29, 109, 2230 }, // U+1EAF
    { 21, 35, 342, 0, 35, 184, 2339 }, // U+1EB0
    { 15, 29, 282, 1, 29, 109, 2523 }, // U+1EB1
    { 21, 37, 342, 0, 37, 195, 2632 }, // U+1EB2
    { 15, 31, 282, 1, 31, 117, 2827 }, // U+1EB3
    { 21, 36, 342, 0, 36, 189, 2944 }, // U+1EB4
    { 15, 29, 282, 1, 29, 109, 3133 }, // U+1EB5
    { 21, 37, 342, 0, 30, 195, 3242 }, // U+1EB6
    { 15, 29, 282, 1, 23, 109, 3437 }, // U+1EB7
    { 16, 30, 304, 2, 23, 120, 3546 }, // U+1EB8
    { 16, 23, 289, 1, 17, 92, 3666 }, // U+1EB9
    { 16, 33, 304, 2, 33, 132, 3758 }, // U+1EBA
    { 17, 27, 289, 1, 27, 115, 3890 }, // U+1EBB
    { 16, 31, 304, 2, 31, 124, 4005 }, // U+1EBC
    { 17, 24, 289, 1, 24, 102, 4129 }, // U+1EBD
    { 16, 34, 304, 2, 34, 136, 4231 }, // U+1EBE
    { 17, 27, 289, 1, 27, 115, 4367 }, // U+1EBF
    { 16, 34, 304, 2, 34, 136, 4482 }, // U+1EC0
    { 17, 27, 289, 1, 27, 115, 4618 }, // U+1EC1
    { 17, 35, 304, 2, 35, 149, 4733 }, // U+1EC2
    { 17, 29, 289, 1, 29, 124, 4882 }, // U+1EC3
    { 16, 36, 304, 2, 36, 144, 5006 }, // U+1EC4
    { 17, 29, 289, 1, 29, 124, 5150 }, // U+1EC5
    { 16, 38, 304, 2, 31, 152, 5274 }, // U+1EC6
    { 16, 30, 289, 1, 24, 120, 5426 }, // U+1EC7
    { 8, 33, 172, 1, 33, 66, 5546 }, // U+1EC8
    { 9, 27, 149, 0, 27, 61, 5612 }, // U+1EC9
    { 5, 30, 172, 3, 23, 38, 5673 }, // U+1ECA
    { 5, 30, 146, 2, 23, 38, 5711 }, // U+1ECB
    { 21, 29, 368, 1, 23, 153, 5749 }, // U+1ECC
    { 18, 23, 309, 1, 17, 104, 5902 }, // U+1ECD
    { 21, 33, 368, 1, 33, 174, 6006 }, // U+1ECE
    { 18, 27, 309, 1, 27, 122, 6180 }, // U+1ECF
    { 21, 34, 368, 1, 34, 179, 6302 }, // U+1ED0
    { 18, 27, 309, 1, 27, 122, 6481 }, // U+1ED1
    { 21, 34, 368, 1, 34, 179, 6603 }, // U+1ED2
    { 18, 27, 309, 1, 27, 122, 6782 }, // U+1ED3
    { 21, 36, 368, 1, 36, 189, 6904 }, // U+1ED4
    { 18, 29, 309, 1, 29, 131, 7093 }, // U+1ED5
    { 21, 36, 368, 1, 36, 189, 7224 }, // U+1ED6
    { 18, 29, 309, 1, 29, 131, 7413 }, // U+1ED7
    { 21, 37, 368, 1, 31, 195, 7544 }, // U+1ED8
    { 18, 30, 309, 1, 24, 135, 7739 }, // U+1ED9
    { 25, 31, 394, 1, 31, 194, 7874 }, // U+1EDA
    { 22, 24, 347, 1, 24, 132, 8068 }, // U+1EDB
    { 25, 31, 394, 1, 31, 194, 8200 }, // U+1EDC
    { 22, 24, 347, 1, 24, 132, 8394 }, // U+1EDD
    { 25, 33, 394, 1, 33, 207, 8526 }, // U+1EDE
    { 22, 27, 347, 1, 27, 149, 8733 }, // U+1EDF
    { 25, 30, 394, 1, 30, 188, 8882 }, // U+1EE0
    { 22, 24, 347, 1, 24, 132, 9070 }, // U+1EE1
    { 25, 29, 394, 1, 23, 182, 9202 }, // U+1EE2
    { 22, 23, 347, 1, 17, 127, 9384 }, // U+1EE3
    { 18, 29, 353, 2, 23, 131, 9511 }, // U+1EE4
    { 16, 23, 299, 2, 17, 92, 9642 }, // U+1EE5
    { 18, 33, 353, 2, 33, 149, 9734 }, // U+1EE6
    { 16, 27, 299, 2, 27, 108, 9883 }, // U+1EE7
    { 24, 31, 396, 2, 31, 186, 9991 }, // U+1EE8
    { 21, 24, 346, 2, 24, 126, 10177 }, // U+1EE9
    { 24, 31, 396, 2, 31, 186, 10303 }, // U+1EEA
    { 21, 24, 346, 2, 24, 126, 10489 }, // U+1EEB
    { 24, 33, 396, 2, 33, 198, 10615 }, // U+1EEC
    { 21, 27, 346, 2, 27, 142, 10813 }, // U+1EED
    { 24, 30, 396, 2, 30, 180, 10955 }, // U+1EEE
    { 21, 24, 346, 2, 24, 126, 11135 }, // U+1EEF
    { 24, 29, 396, 2, 23, 174, 11261 }, // U+1EF0
    { 21, 23, 346, 2, 17, 121, 11435 }, // U+1EF1
    { 20, 30, 335, 0, 30, 150, 11556 }, // U+1EF2
    { 17, 30, 269, 0, 24, 128, 11706 }, // U+1EF3
    { 20, 30, 335, 0, 23, 150, 11834 }, // U+1EF4
    { 17, 23, 269, 1, 17, 98, 11984 }, // U+1EF5
    { 21, 33, 335, 0, 33, 174, 12082 }, // U+1EF6
    { 16, 33, 269, 1, 27, 132, 12256 }, // U+1EF7
    { 21, 31, 335, 0, 31, 163, 12388 }, // U+1EF8
    { 17, 30, 269, 0, 24, 128, 12551 }, // U+1EF9
    { 0, 0, 301, 0, 0, 0, 0 }, // U+2007
    { 10, 4, 181, 1, 11, 10, 0 }, // U+2010
    { 16, 4, 288, 1, 11, 16, 10 }, // U+2012
    { 16, 4, 288, 1, 11, 16, 26 }, // U+2013
    { 26, 4, 446, 1, 11, 26, 42 }, // U+2014
    { 26, 4, 446, 1, 11, 26, 68 }, // U+2015
    { 7, 13, 175, 2, 26, 23, 94 }, // U+2018
    { 7, 13, 175, 1, 24, 23, 117 }, // U+2019
    { 7, 13, 175, 1, 6, 23, 140 }, // U+201A
    { 15, 13, 301, 2, 26, 49, 163 }, // U+201C
    { 15, 13, 301, 1, 24, 49, 212 }, // U+201D
    { 15, 13, 301, 1, 6, 49, 261 }, // U+201E
    { 17, 23, 292, 1, 23, 98, 310 }, // U+2020
    { 17, 23, 292, 1, 23, 98, 408 }, // U+2021
    { 9, 9, 196, 1, 14, 21, 506 }, // U+2022
    { 24, 6, 426, 2, 6, 36, 527 }, // U+2026
    { 44, 23, 735, 1, 23, 253, 563 }, // U+2030
    { 8, 8, 158, 1, 23, 16, 816 }, // U+2032
    { 14, 8, 260, 1, 23, 28, 832 }, // U+2033
    { 10, 13, 188, 1, 15, 33, 860 }, // U+2039
    { 10, 13, 188, 1, 15, 33, 893 }, // U+203A
    { 17, 25, 121, -5, 24, 107, 926 }, // U+2044
    { 13, 16, 229, 1, 23, 52, 0 }, // U+2070
    { 13, 16, 229, 1, 23, 52, 52 }, // U+2074
    { 13, 16, 229, 1, 23, 52, 104 }, // U+2075
    { 12, 16, 229, 1, 23, 48, 156 }, // U+2076
    { 12, 16, 229, 1, 23, 48, 204 }, // U+2077
    { 13, 16, 229, 1, 23, 52, 252 }, // U+2078
    { 12, 17, 229, 1, 23, 51, 304 }, // U+2079
    { 8, 19, 145, 1, 25, 38, 355 }, // U+207D
    { 9, 19, 145, 0, 25, 43, 393 }, // U+207E
    { 11, 11, 208, 0, 23, 31, 436 }, // U+207F
    { 13, 16, 229, 1, 11, 52, 467 }, // U+2080
    { 10, 16, 229, 2, 11, 40, 519 }, // U+2081
    { 13, 16, 229, 1, 11, 52, 559 }, // U+2082
    { 12, 16, 229, 1, 11, 48, 611 }, // U+2083
    { 13, 16, 229, 1, 11, 52, 659 }, // U+2084
    { 13, 16, 229, 1, 11, 52, 711 }, // U+2085
    { 12, 16, 229, 1, 11, 48, 763 }, // U+2086
    { 12, 16, 229, 1, 11, 48, 811 }, // U+2087
    { 13, 16, 229, 1, 11, 52, 859 }, // U+2088
    { 12, 17, 229, 1, 11, 51, 911 }, // U+2089
    { 8, 19, 145, 1, 13, 38, 962 }, // U+208D
    { 9, 19, 145, 0, 13, 43, 1000 }, // U+208E
    { 19, 29, 327, 1, 26, 138, 0 }, // U+20A1
    { 16, 23, 294, 2, 23, 92, 138 }, // U+20A4
    { 26, 23, 432, 0, 23, 150, 230 }, // U+20A6
    { 21, 23, 356, 1, 23, 121, 380 }, // U+20A7
    { 18, 30, 312, 1, 25, 135, 501 }, // U+20AB
    { 21, 23, 359, 1, 23, 121, 636 }, // U+20AC
    { 23, 23, 380, 0, 23, 133, 757 }, // U+20B1
    { 19, 28, 343, 1, 25, 133, 890 }, // U+20B2
    { 19, 28, 327, 1, 25, 133, 1023 }, // U+20B5
    { 18, 24, 338, 2, 24, 108, 1156 }, // U+20B9
    { 19, 23, 318, 0, 23, 110, 1264 }, // U+20BA
    { 17, 23, 306, 1, 23, 98, 1374 }, // U+20BD
    { 20, 10, 480, 5, 14, 50, 0 }, // U+2190
    { 9, 20, 267, 4, 20, 45, 50 }, // U+2191
    { 20, 10, 480, 5, 14, 50, 95 }, // U+2192
    { 9, 20, 267, 4, 20, 45, 145 }, // U+2193
    { 15, 24, 280, 1, 24, 90, 0 }, // U+2202
    { 22, 24, 350, 0, 24, 132, 90 }, // U+2206
    { 17, 27, 363, 3, 23, 115, 222 }, // U+220F
    { 20, 28, 349, 1, 24, 140, 337 }, // U+2211
    { 18, 4, 329, 1, 11, 18, 477 }, // U+2212
    { 19, 24, 138, -5, 24, 114, 495 }, // U+2215
    { 7, 7, 157, 1, 15, 13, 609 }, // U+2219
    { 26, 26, 335, 0, 24, 169, 622 }, // U+221A
    { 27, 14, 459, 1, 17, 95, 791 }, // U+221E
    { 14, 31, 188, -1, 24, 109, 886 }, // U+222B
    { 17, 14, 329, 2, 17, 60, 995 }, // U+2248
    { 17, 19, 329, 2, 18, 81, 1055 }, // U+2260
    { 17, 19, 329, 2, 19, 81, 1136 }, // U+2264
    { 17, 19, 329, 2, 19, 81, 1217 }, // U+2265
    { 19, 23, 328, 1, 23, 110, 0 }, // U+FB01
    { 23, 25, 348, 1, 25, 144, 110 }, // U+FB02
};

static const EpdUnicodeInterval sarabun_16_boldIntervals[] = {
    { 0x0, 0x0, 0x0 },
    { 0xD, 0xD, 0x1 },
    { 0x20, 0x7E, 0x2 },
    { 0xA0, 0x17E, 0x61 },
    { 0x1A0, 0x1A1, 0x140 },
    { 0x1AF, 0x1B0, 0x142 },
    { 0x1CD, 0x1DC, 0x144 },
    { 0x1E6, 0x1E7, 0x154 },
    { 0x1FA, 0x1FF, 0x156 },
    { 0x218, 0x21B, 0x15C },
    { 0x300, 0x304, 0x160 },
    { 0x306, 0x30C, 0x165 },
    { 0x31B, 0x31B, 0x16C },
    { 0x323, 0x324, 0x16D },
    { 0x326, 0x328, 0x16F },
    { 0x32E, 0x32E, 0x172 },
    { 0x331, 0x331, 0x173 },
    { 0xE01, 0xE3A, 0x174 },
    { 0xE3F, 0xE5B, 0x1AE },
    { 0x1EA0, 0x1EF9, 0x1CB },
    { 0x2007, 0x2007, 0x225 },
    { 0x2010, 0x2010, 0x226 },
    { 0x2012, 0x2015, 0x227 },
    { 0x2018, 0x201A, 0x22B },
    { 0x201C, 0x201E, 0x22E },
    { 0x2020, 0x2022, 0x231 },
    { 0x2026, 0x2026, 0x234 },
    { 0x2030, 0x2030, 0x235 },
    { 0x2032, 0x2033, 0x236 },
    { 0x2039, 0x203A, 0x238 },
    { 0x2044, 0x2044, 0x23A },
    { 0x2070, 0x2070, 0x23B },
    { 0x2074, 0x2079, 0x23C },
    { 0x207D, 0x2089, 0x242 },
    { 0x208D, 0x208E, 0x24F },
    { 0x20A1, 0x20A1, 0x251 },
    { 0x20A4, 0x20A4, 0x252 },
    { 0x20A6, 0x20A7, 0x253 },
    { 0x20AB, 0x20AC, 0x255 },
    { 0x20B1, 0x20B2, 0x257 },
    { 0x20B5, 0x20B5, 0x259 },
    { 0x20B9, 0x20BA, 0x25A },
    { 0x20BD, 0x20BD, 0x25C },
    { 0x2190, 0x2193, 0x25D },
    { 0x2202, 0x2202, 0x261 },
    { 0x2206, 0x2206, 0x262 },
    { 0x220F, 0x220F, 0x263 },
    { 0x2211, 0x2212, 0x264 },
    { 0x2215, 0x2215, 0x266 },
    { 0x2219, 0x221A, 0x267 },
    { 0x221E, 0x221E, 0x269 },
    { 0x222B, 0x222B, 0x26A },
    { 0x2248, 0x2248, 0x26B },
    { 0x2260, 0x2260, 0x26C },
    { 0x2264, 0x2265, 0x26D },
    { 0xFB01, 0xFB02, 0x26F },
};

static const EpdFontGroup sarabun_16_boldGroups[] = {
    { 0, 3164, 8900, 97, 0 },
    { 3164, 3050, 10275, 96, 97 },
    { 6214, 3946, 15916, 127, 193 },
    { 10160, 1449, 4529, 32, 320 },
    { 11609, 201, 282, 20, 352 },
    { 11810, 3618, 8856, 87, 372 },
    { 15428, 2688, 13946, 90, 459 },
    { 18116, 394, 1131, 22, 549 },
    { 18510, 386, 1189, 22, 571 },
    { 18896, 663, 1592, 12, 593 },
    { 19559, 90, 220, 4, 605 },
    { 19649, 578, 1428, 14, 609 },
    { 20227, 80, 265, 2, 623 },
};

static const uint16_t sarabun_16_boldKernLeftCodepoints[] = {
    0x002C, 0x002E, 0x0041, 0x0042, 0x0044, 0x0046, 0x004B, 0x004C, 0x004F, 0x0050, 0x0051, 0x0053,
    0x0054, 0x0055, 0x0056, 0x0057, 0x0058, 0x0059, 0x005A, 0x0061, 0x0062, 0x0063, 0x0065, 0x0066,
    0x0067, 0x006B, 0x006C, 0x006D, 0x006E, 0x006F, 0x0070, 0x0072, 0x0073, 0x0074, 0x0075, 0x0076,
    0x0078, 0x0079, 0x007A, 0x00C0, 0x00C1, 0x00C2, 0x00C3, 0x00C4, 0x00C5, 0x00D0, 0x00D2, 0x00D3,
    0x00D4, 0x00D5, 0x00D6, 0x00D8, 0x00D9, 0x00DA, 0x00DB, 0x00DC, 0x00DD, 0x00E0, 0x00E1, 0x00E2,
    0x00E3, 0x00E4, 0x00E5, 0x00E6, 0x00E7, 0x00E8, 0x00E9, 0x00EA, 0x00EB, 0x00F1, 0x00F2, 0x00F3,
    0x00F4, 0x00F5, 0x00F6, 0x00FD, 0x00FE, 0x00FF, 0x0100, 0x0101, 0x0102, 0x0103, 0x0104, 0x0105,
    0x0107, 0x0109, 0x010B, 0x010D, 0x010E, 0x0110, 0x0113, 0x0115, 0x0117, 0x0119, 0x011B, 0x0125,
    0x0127, 0x0132, 0x0134, 0x0136, 0x0137, 0x0138, 0x0139, 0x013B, 0x013D, 0x013F, 0x0141, 0x0144,
    0x0146, 0x0148, 0x0149, 0x014B, 0x014C, 0x014D, 0x014E, 0x014F, 0x0150, 0x0151, 0x0153, 0x0154,
    0x0155, 0x0156, 0x0157, 0x0158, 0x0159, 0x015A, 0x015B, 0x015C, 0x015D, 0x015E, 0x015F, 0x0160,
    0x0161, 0x0162, 0x0163, 0x0164, 0x0165, 0x0166, 0x0167, 0x0168, 0x016A, 0x016C, 0x016E, 0x0170,
    0x0172, 0x0174, 0x0175, 0x0176, 0x0177, 0x0178, 0x01A0, 0x01CD, 0x01CE, 0x01D1, 0x01D2, 0x01D3,
    0x01D5, 0x01D7, 0x01D9, 0x01DB, 0x01FA, 0x01FB, 0x01FD, 0x01FE, 0x01FF, 0x0218, 0x0219, 0x021A,
    0x021B, 0x1EA0, 0x1EA1, 0x1EA2, 0x1EA3, 0x1EA4, 0x1EA5, 0x1EA6, 0x1EA7, 0x1EA8, 0x1EA9, 0x1EAA,
    0x1EAB, 0x1EAC, 0x1EAD, 0x1EAE, 0x1EAF, 0x1EB0, 0x1EB1, 0x1EB2, 0x1EB3, 0x1EB4, 0x1EB5, 0x1EB6,
    0x1EB7, 0x1EB9, 0x1EBB, 0x1EBD, 0x1EBF, 0x1EC1, 0x1EC3, 0x1EC5, 0x1EC7, 0x1ECC, 0x1ECD, 0x1ECE,
    0x1ECF, 0x1ED0, 0x1ED1, 0x1ED2, 0x1ED3, 0x1ED4, 0x1ED5, 0x1ED6, 0x1ED7, 0x1ED8, 0x1ED9, 0x1EDA,
    0x1EDB, 0x1EDC, 0x1EDD, 0x1EDE, 0x1EDF, 0x1EE0, 0x1EE1, 0x1EE2, 0x1EE3, 0x1EE4, 0x1EE6, 0x1EF2,
    0x1EF3, 0x1EF4, 0x1EF5, 0x1EF6, 0x1EF7, 0x1EF8, 0x1EF9, 0x2018, 0x201C, 0x2026,
};

static const uint8_t sarabun_16_boldKernLeftClassIds[] = {
      1,   1,   2,   3,   4,   5,   6,   7,   8,   9,   8,  10,  11,  12,  13,  14,
     15,  16,  17,  18,  19,  20,  21,  22,  23,  24,  25,  26,  26,  27,  28,  29,
     30,  31,  32,  33,  34,  35,  36,  37,  37,  37,  37,  37,  37,  38,  39,  39,
     39,  39,  39,  40,  12,  12,  12,  12,  16,  18,  18,  18,  18,  18,  18,  41,
     42,  41,  41,  41,  41,  43,  27,  27,  27,  27,  27,  35,  44,  35,  37,  18,
     37,  18,  37,  18,  42,  42,  42,  42,  45,  38,  41,  41,  41,  41,  41,  46,
     46,  47,  47,  48,  49,  49,  50,  50,  50,  50,  51,  43,  43,  43,  43,  43,
     39,  27,  39,  27,  39,  27,  41,  52,  53,  52,  53,  52,  53,  54,  55,  54,
     55,  54,  55,  54,  55,  56,  57,  56,  57,  56,  57,  12,  12,  12,  12,  12,
     12,  58,  59,  16,  35,  16,  40,  37,  18,  39,  27,  12,  12,  12,  12,  12,
     37,  18,  41,  39,  27,  54,  55,  56,  57,  37,  18,  37,  18,  37,  18,  37,
     18,  37,  18,  37,  18,  37,  18,  37,  18,  37,  18,  37,  18,  37,  18,  37,
     18,  41,  41,  41,  41,  41,  41,  41,  41,  39,  27,  39,  27,  39,  27,  39,
     27,  39,  27,  39,  27,  39,  27,  40,  27,  40,  27,  40,  27,  40,  27,  40,
     27,  12,  12,  16,  35,  16,  35,  16,  35,  16,  35,  60,  60,  61,
};

static const uint16_t sarabun_16_boldKernRightCodepoints[] = {
    0x002C, 0x002E, 0x0041, 0x0043, 0x0047, 0x004A, 0x004F, 0x0051, 0x0053, 0x0054, 0x0055, 0x0056,
    0x0057, 0x0058, 0x0059, 0x0061, 0x0063, 0x0064, 0x0065, 0x0066, 0x0067, 0x006A, 0x006D, 0x006E,
    0x006F, 0x0070, 0x0071, 0x0072, 0x0073, 0x0074, 0x0075, 0x0076, 0x0077, 0x0078, 0x0079, 0x007A,
    0x00C0, 0x00C1, 0x00C2, 0x00C3, 0x00C4, 0x00C5, 0x00C6, 0x00C7, 0x00D2, 0x00D3, 0x00D4, 0x00D5,
    0x00D6, 0x00D8, 0x00D9, 0x00DA, 0x00DB, 0x00DC, 0x00DD, 0x00DF, 0x00E0, 0x00E1, 0x00E2, 0x00E3,
    0x00E4, 0x00E5, 0x00E6, 0x00E7, 0x00E8, 0x00E9, 0x00EA, 0x00EB, 0x00F0, 0x00F1, 0x00F2, 0x00F3,
    0x00F4, 0x00F5, 0x00F6, 0x00F8, 0x00F9, 0x00FA, 0x00FB, 0x00FC, 0x00FD, 0x00FF, 0x0100, 0x0101,
    0x0102, 0x0103, 0x0104, 0x0105, 0x0106, 0x0107, 0x0108, 0x0109, 0x010A, 0x010B, 0x010C, 0x010D,
    0x010F, 0x0111, 0x0113, 0x0115, 0x0117, 0x0119, 0x011B, 0x011C, 0x011D, 0x011E, 0x011F, 0x0120,
    0x0121, 0x0122, 0x0123, 0x0134, 0x0135, 0x0144, 0x0146, 0x0148, 0x0149, 0x014B, 0x014C, 0x014D,
    0x014E, 0x014F, 0x0150, 0x0151, 0x0153, 0x0155, 0x0157, 0x0159, 0x015A, 0x015B, 0x015C, 0x015D,
    0x015E, 0x015F, 0x0160, 0x0161, 0x0162, 0x0163, 0x0164, 0x0165, 0x0166, 0x0167, 0x0168, 0x0169,
    0x016A, 0x016B, 0x016C, 0x016D, 0x016E, 0x016F, 0x0170, 0x0171, 0x0172, 0x0173, 0x0174, 0x0175,
    0x0176, 0x0177, 0x0178, 0x017A, 0x017C, 0x017E, 0x01A0, 0x01A1, 0x01AF, 0x01B0, 0x01CD, 0x01CE,
    0x01D1, 0x01D2, 0x01D3, 0x01D4, 0x01D5, 0x01D6, 0x01D7, 0x01D8, 0x01D9, 0x01DA, 0x01DB, 0x01DC,
    0x01E6, 0x01E7, 0x01FA, 0x01FB, 0x01FC, 0x01FD, 0x01FE, 0x01FF, 0x0218, 0x0219, 0x021A, 0x021B,
    0x1EA0, 0x1EA1, 0x1EA2, 0x1EA3, 0x1EA4, 0x1EA5, 0x1EA6, 0x1EA7, 0x1EA8, 0x1EA9, 0x1EAA, 0x1EAB,
    0x1EAC, 0x1EAD, 0x1EAE, 0x1EAF, 0x1EB0, 0x1EB1, 0x1EB2, 0x1EB3, 0x1EB4, 0x1EB5, 0x1EB6, 0x1EB7,
    0x1EB9, 0x1EBB, 0x1EBD, 0x1EBF, 0x1EC1, 0x1EC3, 0x1EC5, 0x1EC7, 0x1ECC, 0x1ECD, 0x1ECE, 0x1ECF,
    0x1ED0, 0x1ED1, 0x1ED2, 0x1ED3, 0x1ED4, 0x1ED5, 0x1ED6, 0x1ED7, 0x1ED8, 0x1ED9, 0x1EDA, 0x1EDB,
    0x1EDC, 0x1EDD, 0x1EDE, 0x1EDF, 0x1EE0, 0x1EE1, 0x1EE2, 0x1EE3, 0x1EE4, 0x1EE5, 0x1EE6, 0x1EE7,
    0x1EE8, 0x1EE9, 0x1EEA, 0x1EEB, 0x1EEC, 0x1EED, 0x1EEE, 0x1EEF, 0x1EF0, 0x1EF1, 0x1EF2, 0x1EF3,
    0x1EF4, 0x1EF5, 0x1EF6, 0x1EF7, 0x1EF8, 0x1EF9, 0x2019, 0x201D, 0x2026, 0xFB01, 0xFB02,
};

static const uint8_t sarabun_16_boldKernRightClassIds[] = {
      1,   2,   3,   4,   5,   6,   7,   8,   9,  10,  11,  12,  13,  14,  15,  16,
     17,  18,  19,  20,  21,  22,  23,  24,  25,  26,  27,  28,  29,  30,  31,  32,
     33,  34,  35,  36,  37,  37,  37,  37,  37,  37,  37,  38,  39,  39,  39,  39,
     39,  40,  41,  41,  41,  41,  42,  43,  44,  44,  44,  44,  44,  44,  44,  45,
     46,  46,  46,  46,  47,  48,  49,  49,  49,  49,  49,  50,  51,  51,  51,  51,
     52,  52,  37,  44,  37,  44,  37,  44,  38,  45,  38,  45,  38,  45,  38,  45,
     53,  47,  46,  46,  46,  46,  46,  54,  55,  54,  55,  54,  55,  54,  55,  56,
     22,  48,  48,  48,  48,  48,  39,  49,  39,  49,  39,  49,  57,  58,  58,  58,
     59,  60,  59,  60,  59,  60,  59,  60,  61,  62,  61,  62,  61,  62,  41,  51,
     41,  51,  41,  51,  41,  51,  41,  51,  41,  51,  63,  64,  42,  52,  42,  65,
     65,  65,  39,  50,  41,  66,  37,  44,  39,  49,  41,  51,  41,  51,  41,  51,
     41,  51,  41,  51,  54,  55,  37,  44,  37,  44,  39,  49,  59,  60,  61,  62,
     37,  44,  37,  44,  37,  44,  37,  44,  37,  44,  37,  44,  37,  44,  37,  44,
     37,  44,  37,  44,  37,  44,  37,  44,  46,  46,  46,  46,  46,  46,  46,  46,
     39,  49,  39,  49,  39,  49,  39,  49,  39,  49,  39,  49,  39,  49,  39,  49,
     39,  49,  39,  49,  39,  49,  39,  49,  41,  51,  41,  51,  41,  51,  41,  51,
     41,  51,  41,  51,  41,  51,  42,  52,  42,  52,  42,  52,  42,  52,  67,  68,
     69,  43,  43,
};

static const uint16_t sarabun_16_boldKernRowOffsets[] = {
        0,    12,    49,    55,    62,    69,    81,   118,   127,   151,   156,   193,   197,   249,   269,   300,
      344,   355,   360,   368,   372,   388,   407,   410,   431,   448,   454,   467,   478,   483,   493,   496,
      502,   529,   540,   562,   568,   606,   611,   621,   627,   646,   651,   658,   663,   672,   677,   681,
      717,   739,   776,   787,   792,   794,   799,   810,   849,   854,   899,   915,   918,   923,
};

static const uint8_t sarabun_16_boldKernSparseCols[] = {
      9,  11,  14,  17,  20,  24,  26,  31,  32,  48,  52,  56,   3,   6,   7,   8,
      9,  10,  11,  12,  14,  15,  16,  17,  18,  20,  24,  26,  30,  31,  34,  37,
     38,  40,  41,  43,  44,  45,  48,  50,  51,  52,  56,  58,  60,  62,  63,  66,
     67,   2,  11,  13,  14,  36,  41,   2,  11,  14,  36,  41,  55,  62,   0,   1,
      2,   5,  36,  55,  68,  15,  16,  17,  18,  20,  26,  34,  43,  44,  45,  51,
     52,   3,   4,   6,   7,   9,  10,  11,  12,  14,  15,  16,  17,  18,  20,  24,
     26,  29,  31,  32,  34,  37,  38,  40,  41,  43,  44,  45,  48,  51,  52,  53,
     56,  60,  62,  63,  66,  67,   2,  11,  12,  13,  14,  36,  41,  55,  62,   0,
      1,   2,   5,  11,  13,  14,  15,  16,  17,  20,  24,  26,  28,  36,  41,  43,
     44,  48,  52,  55,  56,  59,  68,   2,  11,  14,  36,  41,   0,   1,   2,   3,
     15,  16,  17,  18,  20,  22,  23,  24,  26,  28,  30,  31,  32,  33,  34,  35,
     36,  37,  43,  44,  45,  47,  48,  50,  51,  52,  54,  55,  56,  57,  59,  63,
     64,   0,   1,   2,  36,   0,   1,   2,   3,   4,   5,   6,   7,   8,  15,  16,
     17,  18,  20,  21,  22,  23,  24,  25,  26,  28,  30,  31,  33,  34,  36,  37,
     38,  39,  42,  43,  44,  45,  46,  47,  48,  49,  50,  51,  52,  53,  54,  55,
     56,  57,  58,  59,  61,  63,  64,  65,  68,   0,   1,   2,   6,   7,  15,  16,
     17,  18,  20,  24,  26,  36,  38,  43,  44,  45,  48,  52,  56,   3,   4,   6,
      7,  15,  16,  17,  18,  20,  24,  26,  30,  31,  34,  37,  38,  39,  43,  44,
     45,  46,  48,  49,  50,  51,  52,  53,  56,  61,  63,  65,   0,   1,   2,   3,
      4,   5,   6,   7,   8,  15,  16,  17,  18,  20,  22,  23,  24,  26,  28,  30,
     31,  33,  34,  36,  37,  38,  43,  44,  45,  47,  48,  50,  51,  52,  53,  54,
     55,  56,  57,  58,  59,  61,  63,  64,  16,  17,  18,  20,  24,  26,  44,  45,
     48,  52,  56,  11,  14,  41,  62,  63,   0,   1,  11,  14,  34,  41,  51,  62,
     11,  14,  41,  62,   0,   1,   2,  11,  13,  14,  28,  31,  34,  36,  41,  51,
     54,  59,  62,  63,   0,   1,  15,  16,  17,  18,  20,  24,  26,  43,  44,  45,
     46,  48,  49,  52,  54,  56,  68,  11,  14,  41,   9,  11,  14,  15,  16,  17,
     18,  20,  24,  26,  34,  41,  43,  44,  45,  48,  51,  52,  56,  60,  62,  16,
     17,  18,  20,  24,  26,  28,  31,  32,  34,  44,  45,  48,  51,  52,  56,  59,
      9,  11,  14,  41,  60,  62,   0,   1,   2,   9,  11,  14,  31,  34,  36,  41,
     51,  60,  62,   0,   1,   9,  11,  12,  13,  31,  34,  51,  60,  62,   0,   1,
     24,  48,  56,   1,   9,  11,  13,  14,  18,  41,  45,  60,  62,  24,  48,  56,
      9,  11,  14,  41,  60,  62,   0,   1,   2,   9,  11,  13,  14,  15,  16,  17,
     18,  20,  24,  26,  36,  41,  43,  44,  45,  46,  48,  52,  55,  56,  60,  62,
     68,   9,  11,  14,  17,  20,  26,  41,  46,  52,  60,  62,   0,   1,   2,   9,
     13,  14,  15,  17,  18,  20,  24,  26,  36,  41,  43,  45,  48,  52,  55,  56,
     60,  62,   9,  11,  14,  41,  60,  62,   3,   6,   7,   8,   9,  10,  11,  12,
     14,  15,  16,  17,  18,  20,  24,  26,  30,  31,  32,  34,  37,  38,  40,  41,
     43,  44,  45,  48,  50,  51,  52,  56,  58,  60,  62,  63,  66,  67,   2,   5,
     11,  12,  14,   2,   5,  11,  12,  13,  14,  36,  41,  55,  62,   2,   5,  11,
     12,  13,  14,   0,   1,   2,  11,  12,  13,  14,  20,  28,  31,  32,  34,  36,
     41,  51,  54,  59,  62,  63,  11,  12,  14,  41,  62,   9,  11,  12,  14,  41,
     60,  62,   0,   1,  31,  34,  51,   2,   5,  11,  12,  14,  36,  41,  55,  62,
     11,  12,  14,  41,  62,   2,   5,  36,  55,   3,   4,   6,   7,   8,  11,  12,
     14,  15,  16,  17,  18,  20,  24,  26,  29,  30,  31,  32,  34,  37,  38,  41,
     43,  44,  45,  48,  50,  51,  52,  53,  56,  58,  61,  62,  63,   9,  11,  12,
     14,  15,  16,  17,  18,  20,  24,  26,  34,  41,  43,  44,  45,  48,  51,  52,
     56,  60,  62,   3,   4,   6,   7,   9,  10,  11,  12,  14,  15,  16,  17,  18,
     20,  24,  26,  29,  31,  32,  34,  37,  38,  40,  41,  43,  44,  45,  48,  51,
     52,  53,  56,  60,  62,  63,  66,  67,   3,   4,   6,   9,  11,  12,  14,  31,
     32,  34,  66,  11,  12,  14,  41,  62,  18,  45,   2,  11,  14,  36,  41,   1,
      9,  11,  12,  13,  14,  18,  41,  45,  60,  62,   0,   1,   2,   3,   5,  15,
     16,  17,  18,  20,  22,  23,  24,  26,  27,  28,  30,  31,  32,  33,  34,  35,
     36,  37,  43,  44,  45,  47,  48,  50,  51,  52,  54,  55,  56,  57,  59,  63,
     64,  11,  12,  14,  41,  62,   0,   2,   3,   4,   5,   6,   7,  15,  16,  17,
     18,  19,  20,  21,  22,  23,  24,  26,  28,  29,  30,  31,  32,  33,  34,  35,
     36,  37,  38,  43,  44,  45,  47,  48,  50,  51,  52,  53,  54,  55,  56,  59,
     61,  63,  64,   2,   9,  14,  15,  17,  18,  20,  26,  36,  41,  43,  45,  52,
     55,  60,  62,   2,   5,  36,   9,  11,  14,  31,  32,
};

static const int8_t sarabun_16_boldKernSparseValues[] = {
     -53,  -53,  -53,  -16,  -16,  -16,  -16,  -32,  -32,  -16,  -16,  -16,  -16,  -16,  -16,  -21,
     -32,  -32,  -27,  -16,  -32,  -16,  -16,  -16,  -16,  -16,  -16,  -16,  -21,  -21,  -21,  -16,
     -16,  -32,  -32,  -16,  -16,  -16,  -16,  -21,  -21,  -16,  -16,  -21,  -32,  -53,  -43,  -43,
     -69,  -11,  -16,  -21,  -21,  -11,  -21,  -21,  -32,  -27,  -21,  -27,  -27,  -32,  -53,  -53,
     -53,  -48,  -96,  -53,  -53,  -16,  -11,  -11,  -11,  -11,  -11,  -21,  -16,  -11,  -11,  -21,
     -11,  -16,  -16,  -27,  -27,  -59,  -16,  -53,  -43,  -53,  -11,  -11,  -11,  -11,  -11,  -11,
     -11,  -16,  -32,  -21,  -43,  -16,  -27,  -16,  -53,  -11,  -11,  -11,  -11,  -43,  -11,  -16,
     -11,  -59,  -43,  -43,  -75,  -43,  -16,  -16,   -5,  -21,  -21,  -16,  -21,  -21,  -21,  -53,
     -53,  -43,  -53,  -16,  -32,  -16,  -16,  -16,  -16,  -16,  -16,  -16,  -11,  -85,  -32,  -16,
     -16,  -16,  -16,  -64,  -16,  -11,  -53,  -16,  -16,  -16,  -16,  -16,  -53,  -53,  -32,  -21,
     -43,  -32,  -43,  -43,  -43,  -32,  -32,  -43,  -43,  -37,  -32,  -32,  -21,  -27,  -21,  -27,
     -32,  -21,  -43,  -32,  -43,  -32,  -43,  -32,  -21,  -43,  -32,  -32,  -43,  -21,  -37,  -21,
     -11,  -21,  -21,  -32,  -32,  -53,  -53,  -27,  -21,  -21,  -37,  -16,  -16,  -16,  -43,  -43,
     -43,  -43,  -43,  -43,  -27,  -27,  -32,  -27,  -43,  -27,  -27,  -32,  -27,  -27, -107,  -43,
     -43,  -27,  -21,  -85,  -85,  -85,  -43,  -53,  -64,  -32,  -53,  -53,  -85,  -53,  -85,  -64,
     -32,  -53,  -32,  -53,  -53,  -53,  -43,  -27,  -53,  -43,  -43,  -16,   -5,   -5,  -11,  -11,
     -11,  -11,  -11,  -11,  -11,  -16,   -5,  -11,  -11,  -11,  -11,  -11,  -11,  -21,  -16,  -21,
     -21,  -27,  -16,  -16,  -21,  -16,  -16,  -16,  -16,  -27,  -37,  -43,  -43,  -21,  -53,  -43,
     -48,  -27,  -48,  -32,  -32,  -75,  -43,  -37,  -16,  -32,  -53,  -16,  -53,  -53,  -32,  -27,
     -32,  -37,  -21,  -21,  -16,  -32,  -32,  -32,  -32,  -32,  -32,  -32,  -32,  -32,  -32,  -32,
     -32,  -43,  -32,  -32,  -27,  -21,  -32,  -32,  -32,  -32,  -32,  -32,  -32,  -32,  -32,  -43,
     -43,  -32,  -32,  -16,  -32,  -32,  -43,  -27,  -11,  -11,  -11,  -11,  -11,  -11,  -11,  -11,
     -11,  -11,  -11,  -32,  -43,  -43,  -32,  -32,  -16,  -16,  -43,  -43,  -11,  -43,  -32,  -32,
     -21,  -32,  -32,  -21,  -16,  -16,  -21,  -43,  -27,  -43,   11,  -16,  -11,  -21,  -43,  -11,
      11,   11,  -32,  -11,  -32,  -32,  -21,  -21,  -21,  -16,  -21,  -21,  -21,  -43,  -43,  -37,
     -21,  -43,  -21,  -43,  -43,  -21,  -32,  -21,  -32,  -64,  -32,  -48,  -32,  -21,  -21,  -21,
     -11,  -21,  -11,  -21,  -16,  -32,  -21,  -21,  -11,  -11,  -16,  -21,  -11,  -32,  -37,  -11,
     -11,  -16,  -11,  -16,  -11,  -11,  -16,  -11,  -16,  -11,  -16,  -16,  -16,  -11,  -16,  -11,
     -32,  -37,  -43,  -43,  -32,  -37,  -16,  -16,  -21,  -32,  -32,  -37,   -5,   -5,  -21,  -37,
      -5,  -32,  -32,  -16,  -16,  -32,  -32,  -32,  -27,  -11,   -5,   -5,  -32,  -32,  -32,  -32,
      -5,   -5,   -5,  -16,  -32,  -27,  -21,  -32,   11,  -32,   11,  -32,  -21,  -16,  -16,  -16,
     -43,  -27,  -32,  -64,  -85,  -53,  -32,  -32,  -53,  -21,  -32,  -27,  -32,  -16,  -16,  -11,
     -11,  -11,   -5,  -11, -107,  -64,  -37,  -37,  -27,  -21,   -5,  -32,  -85,   -5,  -43,  -53,
     -32,  -21,  -27,  -43,  -16,  -16,  -16,  -85,  -21,  -37,  -43,  -53,  -21,  -21,  -43,  -21,
     -32,  -32,  -16,   -5,   -5,   -5,   -5,   -5,  -43,  -32,  -16,   -5,   -5,   -5,  -43,   -5,
     -21,  -27,  -11,  -21,  -21,  -43,  -21,  -43,  -48,  -43,  -16,  -43,  -85,  -64, -107,  -69,
     -96,  -37,  -37,  -37,  -37,  -16,  -37,  -16,  -43,  -75,  -43,  -64,  -16,  -16,  -32,  -32,
     -16,  -16,  -16,  -16,  -21,  -21,  -16,  -16,  -21,  -32,  -53,  -43,  -85,  -69,  -21,  -27,
     -32,  -32,  -27,  -43,  -21,  -43,  -27,  -43,  -48,  -16,  -21,  -21,  -21,  -27,  -21,  -27,
     -21,  -21,  -27,  -16,  -16,  -21,  -85,  -32,  -53,  -85,   11,   21,  -32,  -11,  -27,  -21,
     -43,  -11,   11,   11,  -32,  -11,  -43,  -21,  -64,  -32,  -21,  -64,  -75,  -37,  -85,  -43,
     -32,  -37,  -16,  -16,  -11,   -5,   -5,  -43,  -27,  -64,  -32,  -53,  -21,  -27,  -27,  -32,
     -85,  -32,  -85,  -43,  -32,  -64,  -21,  -32,  -21,  -53,  -53,  -53,  -27,  -43,  -53,  -27,
     -53,  -43,  -64,  -64,  -64,  -32,  -64,  -32,  -32,  -43, -107,  -53, -107,  -27,  -27,  -27,
     -21,  -32,  -32,  -32,  -21,  -53,  -32,  -27,  -32,  -21,  -32,  -27,  -53,  -64,  -96,  -37,
     -64,  -43,  -43,  -43,  -32,  -21,  -32,  -21,  -32,  -32,  -21,  -21,  -11,  -11,  -16,  -21,
     -11,  -32,  -37,  -32,  -32,  -43,  -27, -117,  -16, -107,  -85, -107,  -11,  -11,  -11,  -11,
     -11,  -11,  -11,  -16,  -85,  -64,  -85,  -16,  -27,  -16,  -53,  -11,  -11,  -11,  -11,  -43,
     -11,  -16,  -11,  -59,  -43,  -43,  -75,  -43,  -16,  -16,  -16,  -59,  -53,  -43,  -53,  -53,
     -43,  -43,  -32,  -64,  -21,  -64,  -32,  -21,  -21,  -21,  -37,  -32,  -32,  -16,  -16,  -16,
     -64,  -53,  -21,  -43,  -64,   21,  -32,   11,  -32,  -21,  -53,  -53,  -85,  -43,  -32,  -75,
     -64,  -75,  -75,  -75,  -64,  -32,  -75,  -43,  -21,  -69,  -64,  -53,  -43,  -48,  -43,  -37,
     -32,  -21,  -43,  -32,  -43,  -32,  -43,  -32,  -21,  -43,  -32,  -32,  -43,  -21,  -37,  -21,
     -11,  -64,  -32,  -85,  -43,  -32,  -53, -107,  -43,  -43,  -32,  -43,  -21,  -64,  -64,  -64,
     -64,  -21,  -64,  -21,  -43,  -21,  -64,  -32,  -43,  -21,  -53,  -53,  -27,  -53,  -53,  -21,
     -53,  -21,  -21,  -32,  -32,  -32,  -21,  -32,  -27,  -27,  -32,  -21,  -32,  -32,  -32,  -21,
     -21,  -27,  -21,  -43,  -21,  -43,  -21,  -21,  -11,  -21,  -21,  -43,  -43,  -21,  -11,  -21,
     -37,  -21,  -27,  -27,  -43,  -27,  -53,  -53,  -53,  -32,  -32,
};

static const EpdLigaturePair sarabun_16_boldLigaturePairs[] = {
    { 0x00660069, 0xFB01 }, // f i -> U+FB01
    { 0x0066006C, 0xFB02 }, // f l -> U+FB02
};

static const EpdFontData sarabun_16_bold = {
    sarabun_16_boldBitmaps,
    sarabun_16_boldGlyphs,
    sarabun_16_boldIntervals,
    56,
    43,
    36,
    -8,
    true,
    sarabun_16_boldGroups,
    13,
    nullptr,
    nullptr,  // kernLeftClasses: built-in fonts use the split arrays below
    nullptr,  // kernRightClasses
    sarabun_16_boldKernLeftCodepoints,
    sarabun_16_boldKernLeftClassIds,
    sarabun_16_boldKernRightCodepoints,
    sarabun_16_boldKernRightClassIds,
    nullptr,  // kernMatrix: built-in fonts use the sparse form below
    sarabun_16_boldKernRowOffsets,
    sarabun_16_boldKernSparseCols,
    sarabun_16_boldKernSparseValues,
    238,
    275,
    61,
    69,
    sarabun_16_boldLigaturePairs,
    2,
};
