/**
 * generated by fontconvert.py
 * name: sarabun_14_regular
 * size: 14
 * mode: 2-bit  compressed: true
 * Command used: fontconvert.py sarabun_14_regular 14 ../builtinFonts/source/Sarabun/Sarabun-Regular.ttf --2bit --compress --pnum --zopfli --additional-intervals 0x0E00,0x0E7F
 */
#pragma once
#include "EpdFontData.h"

static const uint8_t sarabun_14_regularBitmaps[16219] = {
    0xAD, 0x98, 0x81, 0xA7, 0x25, 0x4B, 0x7A, 0xC0, 0x7F, 0xDD, 0xB5, 0x79, 0x6D, 0x53, 0xA8, 0x87,
    0x20, 0x3C, 0x51, 0x41, 0x90, 0xC0, 0x14, 0x2C, 0x1E, 0x6E, 0x9F, 0xAE, 0x64, 0x31, 0x58, 0xE4,
    0x9F, 0x08, 0x40, 0x0C, 0x04, 0xD0, 0xE7, 0x76, 0x49, 0x00, 0x0F, 0x73, 0xFF, 0x83, 0x97, 0x3F,
    0x63, 0xC8, 0xB9, 0x73, 0x6A, 0x2D, 0x82, 0x60, 0x9A, 0x00, 0x90, 0x6D, 0x2C, 0x8B, 0x60, 0x3B,
    0x9B, 0x7A, 0xFB, 0xFA, 0x99, 0x3E, 0xA7, 0x52, 0x55, 0xA7, 0x4F, 0xE6, 0xBE, 0x31, 0x73, 0xE7,
    0x0E, 0xDB, 0x55, 0xBF, 0x6F, 0xEE, 0xAD, 0xEF, 0xAB, 0xBA, 0xDF, 0x57, 0xF5, 0x75, 0x75, 0xD5,
    0xF4, 0x3F, 0x7E, 0x60, 0x1F, 0xE3, 0x3E, 0xF4, 0x0F, 0x0B, 0xB9, 0x70, 0xC8, 0xE2, 0x55, 0x2A,
    0x2C, 0x59, 0x04, 0x96, 0x2C, 0x02, 0x5D, 0x8C, 0xD1, 0x17, 0x51, 0xCD, 0xD5, 0x4C, 0x11, 0xF5,
    0x5C, 0x27, 0x31, 0xD5, 0x13, 0x22, 0x8B, 0x98, 0x9E, 0x8B, 0x10, 0x5E, 0x8C, 0x34, 0x5E, 0xF8,
    0x24, 0x9A, 0x4D, 0x48, 0x27, 0x8B, 0x70, 0xA0, 0x6C, 0xC2, 0x51, 0xC5, 0x80, 0x8C, 0x11, 0x3D,
    0x1A, 0xDF, 0x21, 0xEC, 0x0E, 0xC8, 0x18, 0x48, 0x6D, 0xD0, 0x9C, 0x48, 0x36, 0x1E, 0xCC, 0x02,
    0x75, 0x04, 0xBA, 0xDC, 0xD9, 0x83, 0x18, 0x33, 0x5F, 0x26, 0x6E, 0x90, 0x7E, 0xB8, 0x33, 0x4E,
    0xC5, 0x73, 0xB2, 0xFD, 0x4D, 0x1E, 0xBB, 0xD0, 0x2C, 0xB0, 0x62, 0x22, 0xD5, 0xCC, 0x5E, 0x79,
    0x31, 0x71, 0x68, 0xBC, 0xF4, 0x2C, 0x62, 0x54, 0x36, 0x4B, 0x43, 0x96, 0x7B, 0x72, 0xFB, 0x42,
    0xB2, 0xF9, 0xE5, 0x0C, 0x26, 0x8A, 0xE9, 0x85, 0x6B, 0x16, 0xF9, 0xCB, 0x38, 0x83, 0xFA, 0xF9,
    0xB4, 0x80, 0x91, 0xBE, 0x87, 0x5E, 0xB9, 0x16, 0x96, 0x2C, 0xAB, 0x39, 0x4B, 0x31, 0x66, 0x29,
    0x7D, 0xD6, 0x2A, 0x2B, 0x92, 0xE5, 0x8E, 0x3A, 0xCE, 0xF4, 0x30, 0x38, 0xCC, 0x04, 0x55, 0x3C,
    0x81, 0x98, 0x0D, 0x34, 0x5E, 0xD9, 0xAB, 0xD0, 0x16, 0x31, 0x75, 0x59, 0x71, 0x0F, 0xD5, 0xDB,
    0xB0, 0x85, 0xA8, 0x22, 0x60, 0xFE, 0xDE, 0xD7, 0x6E, 0x2F, 0xE6, 0xC6, 0xAF, 0xD5, 0x2A, 0xFD,
    0xC2, 0xA0, 0xDC, 0x82, 0xFE, 0x9D, 0x5D, 0x11, 0x67, 0xF6, 0x54, 0x27, 0x8C, 0x93, 0x31, 0xD5,
    0xF8, 0xED, 0xC8, 0x71, 0xA9, 0x3D, 0x00, 0xE1, 0xF2, 0x10, 0xC4, 0x24, 0xBD, 0xB2, 0x86, 0x96,
    0x9E, 0x03, 0xAF, 0x58, 0x1E, 0x94, 0x43, 0x59, 0xD9, 0x16, 0x83, 0xB2, 0x32, 0xCF, 0x47, 0xD8,
    0xA1, 0x6C, 0x93, 0x7E, 0xAA, 0xE6, 0xA2, 0xEE, 0xB3, 0xFA, 0x41, 0xE9, 0xCB, 0x20, 0x4B, 0x35,
    0x8B, 0x29, 0xBB, 0xBE, 0x03, 0x50, 0xC2, 0xAB, 0x6F, 0xBC, 0x78, 0x03, 0x2B, 0x31, 0xAE, 0xA9,
    0xB2, 0x92, 0x7E, 0x95, 0xDF, 0xB8, 0xA4, 0xAA, 0x2A, 0x50, 0xF6, 0x83, 0xC4, 0x6C, 0x9D, 0xF8,
    0x98, 0x3E, 0xA3, 0xE9, 0x7C, 0xE7, 0xB5, 0x17, 0x4E, 0x5A, 0x45, 0xCB, 0x9F, 0x11, 0xD3, 0xB3,
    0x4F, 0x15, 0xC4, 0x04, 0x8D, 0x07, 0xE5, 0x40, 0x6F, 0x69, 0xD2, 0x03, 0x0B, 0x54, 0xF3, 0x27,
    0xD5, 0xF5, 0x04, 0xC2, 0x43, 0xC9, 0x3D, 0xE0, 0x19, 0x70, 0x03, 0xFC, 0x03, 0xC0, 0xF1, 0x8E,
    0x26, 0x2E, 0x28, 0x7F, 0x8B, 0x41, 0xD3, 0xA2, 0x5C, 0x8F, 0xF4, 0x07, 0x72, 0x5E, 0x88, 0xF1,
    0x4A, 0x48, 0x2C, 0x0F, 0xC8, 0xFA, 0x6C, 0x97, 0xED, 0x0D, 0xBA, 0xF4, 0xCF, 0xE3, 0xE4, 0xF1,
    0xE8, 0xA9, 0x57, 0xF4, 0xCA, 0x90, 0x56, 0xA1, 0xC7, 0xF6, 0xF0, 0xB4, 0xDA, 0xC5, 0x35, 0xD5,
    0xEA, 0x38, 0xA1, 0xE2, 0x89, 0xCE, 0x0E, 0xDC, 0x94, 0x98, 0xA4, 0x7F, 0x87, 0xDA, 0xE2, 0x34,
    0x5B, 0x9C, 0x2B, 0x54, 0x0B, 0x34, 0xF3, 0x45, 0xD5, 0x01, 0x27, 0x68, 0x02, 0xE8, 0x11, 0xBA,
    0x18, 0xE7, 0x4C, 0x75, 0x1C, 0x51, 0x71, 0x2D, 0x63, 0x7E, 0x8D, 0x7E, 0x30, 0xF3, 0xDB, 0x7C,
    0x55, 0x2B, 0x1C, 0x27, 0x18, 0x16, 0x92, 0xE0, 0x32, 0x58, 0x93, 0x10, 0xE3, 0x95, 0xAF, 0x51,
    0x7E, 0xB0, 0xC6, 0xEA, 0x78, 0x22, 0xF9, 0xB8, 0xD9, 0x45, 0xA8, 0x13, 0x22, 0xA1, 0xBE, 0x05,
    0xAD, 0x61, 0x97, 0x38, 0x24, 0x82, 0x46, 0xCC, 0x3A, 0x27, 0x3D, 0xCA, 0xE9, 0x6D, 0x7A, 0x35,
    0x87, 0x44, 0x4C, 0x3E, 0x65, 0xB6, 0xB7, 0xFD, 0x0A, 0x2A, 0x46, 0x9F, 0x29, 0x9E, 0x65, 0xB8,
    0x60, 0x32, 0x66, 0xC2, 0xE4, 0x79, 0x19, 0x07, 0xDB, 0x7D, 0xC0, 0xBF, 0xCC, 0x97, 0xA9, 0x2D,
    0xF9, 0xE9, 0x06, 0x3B, 0xA0, 0xE3, 0x4A, 0x15, 0xEF, 0x80, 0x3F, 0x21, 0x39, 0x0C, 0xF2, 0x0C,
    0xDD, 0x48, 0x75, 0x02, 0xB1, 0x4D, 0x97, 0xB6, 0xB0, 0x7B, 0x71, 0xC7, 0x10, 0x4F, 0x1C, 0xDD,
    0xC0, 0x09, 0xE5, 0xD7, 0xF7, 0x96, 0xBE, 0xA7, 0xC9, 0xCB, 0xEC, 0xB5, 0xED, 0x68, 0x92, 0x1D,
    0xC7, 0xB2, 0xD7, 0xF9, 0x0C, 0x18, 0x0B, 0xB7, 0xC0, 0x0A, 0x75, 0xB8, 0x0C, 0xDC, 0x8C, 0xDB,
    0x32, 0x59, 0x30, 0x40, 0x07, 0xB4, 0xC0, 0x1E, 0x38, 0x6C, 0xAC, 0xC0, 0xF2, 0x1E, 0xC7, 0xA9,
    0x8C, 0xAF, 0x7C, 0x87, 0x41, 0xB9, 0x1D, 0xD2, 0x5F, 0xC9, 0xBF, 0xAB, 0x71, 0x40, 0xC4, 0xB5,
    0xD8, 0x18, 0x6B, 0x6C, 0x4E, 0xBF, 0x57, 0xEF, 0xA7, 0x65, 0x6A, 0xEB, 0xEC, 0xB6, 0x1F, 0x1E,
    0xA7, 0xC4, 0x1D, 0x32, 0xAE, 0xC9, 0x7E, 0x60, 0x8F, 0x72, 0x5B, 0x5A, 0xFB, 0x07, 0x69, 0x3C,
    0xA6, 0xF6, 0x31, 0xE9, 0xBD, 0xCC, 0x9B, 0xFB, 0xF1, 0xDB, 0x2D, 0xB7, 0x6E, 0x2F, 0x39, 0x21,
    0x67, 0x18, 0x7C, 0x99, 0x3A, 0x3D, 0xC1, 0x4F, 0x81, 0xCB, 0x2B, 0xC9, 0xF6, 0x93, 0xB6, 0xE5,
    0xB5, 0xB5, 0xBC, 0x7B, 0x3E, 0xF0, 0x2A, 0x03, 0x5F, 0x42, 0x35, 0x83, 0x4C, 0x1C, 0x2D, 0x72,
    0x81, 0xC1, 0xD1, 0x2C, 0x65, 0x49, 0x38, 0x51, 0x5A, 0x91, 0x01, 0xAA, 0xC8, 0xE5, 0x8F, 0x55,
    0x67, 0xC0, 0x8C, 0x50, 0xCF, 0xC0, 0x5F, 0x5E, 0x73, 0x86, 0xF7, 0x9E, 0x6B, 0xBB, 0x05, 0x02,
    0x70, 0xDE, 0xBA, 0xD7, 0xFF, 0xDF, 0xFD, 0x44, 0x09, 0x82, 0x66, 0xCE, 0x9A, 0x32, 0xAE, 0x0A,
    0x17, 0x37, 0x42, 0x71, 0x83, 0x05, 0x70, 0x40, 0x1D, 0x9D, 0x89, 0xF3, 0x7D, 0xB5, 0xFE, 0x8C,
    0x3D, 0xB4, 0xA5, 0xF6, 0xB0, 0x66, 0xD7, 0xC5, 0x88, 0x72, 0x98, 0xAD, 0x2D, 0xD7, 0xBF, 0x06,
    0xC8, 0x86, 0xB1, 0xD4, 0x7D, 0x4E, 0xB3, 0x1F, 0x00, 0x53, 0x32, 0xE3, 0x6C, 0x65, 0x40, 0x04,
    0xB8, 0x47, 0xF9, 0xA3, 0xEB, 0x30, 0xCF, 0x63, 0x48, 0xCB, 0xAA, 0xEC, 0x2A, 0x7D, 0xFF, 0x13,
    0xDA, 0x3C, 0xFD, 0x59, 0x2E, 0x55, 0x3C, 0x25, 0xA9, 0x8A, 0x34, 0xB6, 0x6D, 0xFC, 0xB2, 0xA3,
    0x95, 0x59, 0xDE, 0xA6, 0x25, 0x33, 0x7F, 0x1B, 0x07, 0xF6, 0x2A, 0xBE, 0x5C, 0xE9, 0xEA, 0xD3,
    0x9F, 0xDE, 0xA1, 0x1D, 0x80, 0x9C, 0xA0, 0xC4, 0xF6, 0x8F, 0x50, 0xF2, 0x17, 0xBE, 0x88, 0x77,
    0x6C, 0xB3, 0x25, 0x02, 0xD0, 0xAC, 0x80, 0xCC, 0x42, 0xED, 0x01, 0x6D, 0x80, 0x67, 0x1A, 0x68,
    0x95, 0x85, 0x5E, 0xFA, 0xF2, 0xF9, 0x83, 0x20, 0x46, 0xAA, 0x59, 0x6C, 0x5F, 0x74, 0x31, 0x11,
    0x68, 0x62, 0x5C, 0x90, 0x65, 0xCB, 0x76, 0xEC, 0xD1, 0x96, 0x1D, 0x06, 0x0C, 0x1D, 0x68, 0x7B,
    0x4B, 0x6A, 0x8E, 0xF1, 0x8E, 0x6C, 0x10, 0x18, 0x12, 0x3A, 0xA1, 0xEC, 0x3B, 0x0C, 0x81, 0x7B,
    0x62, 0x0C, 0x89, 0x25, 0xDB, 0xE4, 0x76, 0x1F, 0x68, 0xC6, 0x80, 0x78, 0x80, 0xF4, 0x01, 0x93,
    0xC6, 0x3A, 0x13, 0xF3, 0xF7, 0xFB, 0xAB, 0x33, 0xC4, 0x38, 0x35, 0xA1, 0x5E, 0x94, 0xE3, 0x9F,
    0x0C, 0xD0, 0x02, 0x3D, 0x70, 0x00, 0x96, 0x8D, 0x70, 0xFD, 0x79, 0x6B, 0xEF, 0x37, 0x3B, 0x03,
    0xE4, 0x7E, 0xB9, 0x7F, 0x95, 0xC6, 0xC9, 0xE3, 0xC5, 0x38, 0x26, 0x4E, 0x9B, 0x0F, 0xF9, 0xEF,
    0x89, 0x29, 0x50, 0xCF, 0x81, 0x2A, 0x41, 0xF8, 0x30, 0x55, 0x22, 0xEB, 0x45, 0x66, 0xCA, 0xBE,
    0xE7, 0xFE, 0x79, 0x9C, 0x4B, 0xDC, 0xD1, 0x25, 0x6C, 0x00, 0x3E, 0x46, 0x8C, 0x6B, 0x21, 0xC0,
    0xA3, 0xE4, 0x71, 0x12, 0x6E, 0xC3, 0x3E, 0xC1, 0xBE, 0x10, 0xE0, 0x93, 0xA4, 0xF8, 0xED, 0x65,
    0x3E, 0xAB, 0x55, 0x39, 0xBE, 0xFE, 0xF8, 0x7C, 0xC6, 0xD3, 0x52, 0xA0, 0x3D, 0x24, 0xFA, 0x44,
    0x9B, 0xE8, 0x12, 0xCA, 0xD1, 0xA6, 0xF9, 0x3C, 0x55, 0x39, 0x78, 0x73, 0xFE, 0x8B, 0x00, 0xFD,
    0x53, 0xB8, 0x7E, 0xF4, 0x9F, 0x64, 0xFF, 0xA1, 0x07, 0x3E, 0xB3, 0x56, 0x79, 0x59, 0x7F, 0xD6,
    0x4C, 0x43, 0xF4, 0x5F, 0x9D, 0x08, 0xC8, 0x29, 0xA0, 0x5D, 0xA0, 0x23, 0xB0, 0x12, 0x44, 0x20,
    0xC8, 0x91, 0xA0, 0x1D, 0xA1, 0x83, 0x70, 0x82, 0xB7, 0x11, 0x62, 0xB4, 0xC4, 0x97, 0x9E, 0xD8,
    0x4C, 0xAC, 0x75, 0xB8, 0xD8, 0xF2, 0x3A, 0xD1, 0x71, 0xE9, 0x2F, 0xC7, 0x4B, 0x1E, 0x54, 0x4B,
    0x00, 0x9E, 0xCE, 0xD3, 0xD6, 0x7D, 0x85, 0x3A, 0xFB, 0x22, 0x42, 0x84, 0x26, 0x0B, 0x19, 0xA2,
    0x43, 0x85, 0xE8, 0xD1, 0xE1, 0xED, 0x48, 0x1B, 0xFE, 0x30, 0x71, 0x13, 0xBE, 0x9B, 0x39, 0x84,
    0x10, 0x48, 0xBC, 0x62, 0x0E, 0xE1, 0xA6, 0x9E, 0x42, 0x68, 0xC5, 0x18, 0x82, 0x6E, 0x7C, 0x08,
    0x4A, 0xBA, 0x10, 0xE4, 0x4B, 0x42, 0x68, 0x7E, 0x9D, 0x84, 0x38, 0x25, 0x51, 0xAF, 0x49, 0x54,
    0x4B, 0x12, 0xA4, 0xB2, 0x42, 0x7F, 0x4E, 0xC4, 0x8C, 0x4B, 0x8C, 0xF4, 0x6F, 0x67, 0xFA, 0xB0,
    0x24, 0x0E, 0x89, 0x5D, 0x42, 0xDB, 0x3E, 0x28, 0xDF, 0x07, 0x31, 0xF5, 0xA1, 0x9E, 0xFB, 0xC0,
    0x9A, 0xD8, 0x27, 0xBA, 0x43, 0x40, 0xAD, 0x01, 0x99, 0x10, 0x89, 0x2A, 0xC1, 0x8A, 0x2E, 0xA7,
    0xF4, 0x38, 0xD2, 0x84, 0x26, 0xA0, 0x3C, 0x07, 0x3A, 0xD8, 0xD1, 0x82, 0xE6, 0x00, 0xCA, 0x66,
    0xE1, 0x16, 0x90, 0xFE, 0x43, 0xA2, 0x68, 0x8B, 0x5D, 0xE9, 0x51, 0xFA, 0x2A, 0xCF, 0x5A, 0xC6,
    0xBB, 0x8C, 0x5C, 0xFE, 0xC6, 0x7B, 0xBB, 0x8D, 0xBB, 0xBC, 0x91, 0xF2, 0x01, 0xCA, 0xA5, 0x76,
    0x9B, 0xF5, 0x31, 0x2E, 0xC5, 0x3E, 0xC0, 0xA3, 0xBC, 0xEF, 0xBC, 0xE3, 0x80, 0xB9, 0x3A, 0x4F,
    0xFF, 0x19, 0xCE, 0xBB, 0xDD, 0xB6, 0x37, 0x76, 0xEF, 0x3B, 0x8F, 0x39, 0x6F, 0xC7, 0x4C, 0x90,
    0xD1, 0x02, 0x2F, 0xAE, 0x9F, 0xAD, 0xE9, 0xBA, 0x2D, 0x71, 0x71, 0x5E, 0xBE, 0x1F, 0x90, 0x0D,
    0xDC, 0x6E, 0xC1, 0x8C, 0x04, 0x71, 0x4D, 0xCD, 0xFB, 0xC4, 0xEE, 0x9A, 0x9E, 0xF6, 0xDD, 0x44,
    0x88, 0x89, 0xE3, 0x6F, 0x68, 0x62, 0x44, 0x39, 0xED, 0xCD, 0x83, 0x2B, 0x55, 0xB7, 0x5D, 0xA9,
    0x64, 0x89, 0x77, 0x7C, 0x70, 0xA5, 0x1A, 0xDC, 0x76, 0xD4, 0x1B, 0x41, 0x14, 0x6E, 0x68, 0xFC,
    0xE0, 0x8C, 0x55, 0xDB, 0x31, 0xEF, 0xFA, 0x1A, 0xA7, 0x66, 0xFE, 0x58, 0x04, 0x08, 0x9F, 0xCB,
    0xB2, 0x71, 0xA0, 0x9A, 0x7B, 0xEA, 0x79, 0x87, 0x98, 0x74, 0x8A, 0x33, 0xC7, 0x9B, 0xE3, 0xBE,
    0x05, 0xE5, 0x3B, 0xD0, 0xCE, 0x80, 0x41, 0xDB, 0xCB, 0x5A, 0xEC, 0x90, 0x9E, 0x43, 0x8E, 0x6F,
    0x45, 0x4C, 0x2C, 0xD4, 0xE5, 0xFE, 0x1A, 0xC4, 0x0C, 0x8B, 0x98, 0xB6, 0x2F, 0xE0, 0x3E, 0x19,
    0xB1, 0x53, 0x0E, 0x8C, 0xBE, 0x7E, 0x29, 0xD5, 0x6B, 0x40, 0x9E, 0xAE, 0xDF, 0x51, 0xB1, 0x00,
    0x75, 0x80, 0x8E, 0x66, 0xE2, 0xBE, 0x43, 0xCE, 0x1C, 0x0C, 0x6A, 0x66, 0x35, 0x56, 0x05, 0x16,
    0x6D, 0xF5, 0x2B, 0x16, 0xE5, 0x9E, 0xF5, 0x55, 0x50, 0xBE, 0xBD, 0xA9, 0x67, 0xE9, 0x6F, 0xDA,
    0x7C, 0x9D, 0xEB, 0x9F, 0x89, 0xA9, 0x19, 0x5F, 0x69, 0x31, 0x89, 0x31, 0xA8, 0x66, 0x14, 0xD3,
    0xAC, 0x9E, 0xFB, 0xFA, 0x7F, 0x66, 0xF9, 0x8D, 0xAF, 0x7E, 0x3F, 0x35, 0x6F, 0x5C, 0xF5, 0xBF,
    0xA3, 0x78, 0x63, 0xF9, 0xDE, 0x8B, 0x5F, 0x5B, 0xA2, 0xAF, 0x73, 0x48, 0xAE, 0x8A, 0x30, 0x58,
    0xCE, 0x49, 0xC2, 0x09, 0x3A, 0xB8, 0x47, 0xBB, 0x4B, 0x5C, 0xAF, 0xB3, 0x17, 0x2B, 0x75, 0xC8,
    0x2E, 0xAD, 0x39, 0x90, 0x7B, 0xE9, 0xA1, 0x53, 0x0E, 0xF4, 0x70, 0xF5, 0x5C, 0x6C, 0x9E, 0x6F,
    0x31, 0xA8, 0x33, 0x60, 0x5E, 0xD8, 0x1C, 0xAB, 0x87, 0xB5, 0x19, 0xA9, 0x16, 0x31, 0x23, 0xE6,
    0x6A, 0x41, 0x8E, 0xAC, 0x28, 0x4F, 0x87, 0xB1, 0xA9, 0xEE, 0xE0, 0xD6, 0xC0, 0x41, 0x39, 0x16,
    0xE9, 0xEB, 0x39, 0x39, 0x3F, 0xE5, 0x90, 0x72, 0x88, 0x39, 0x70, 0x76, 0x3B, 0x30, 0x07, 0x50,
    0x0B, 0xC8, 0xED, 0x16, 0x26, 0xC6, 0x47, 0xB9, 0x5E, 0x47, 0x40, 0x8E, 0x90, 0x5D, 0xED, 0xF8,
    0xF1, 0xF1, 0x79, 0xDA, 0xCE, 0xE5, 0x9B, 0xEA, 0x3E, 0xAB, 0xB6, 0x53, 0xF5, 0xA6, 0x32, 0x16,
    0x06, 0xD8, 0xF2, 0x32, 0xB1, 0xC4, 0x10, 0x78, 0x5A, 0xC9, 0xB6, 0xD7, 0xA3, 0x82, 0x06, 0x94,
    0x7D, 0x77, 0x89, 0xA8, 0x67, 0x20, 0x00, 0x87, 0xCD, 0xC0, 0x6C, 0x06, 0xF2, 0xA9, 0x06, 0xD5,
    0x5D, 0x0C, 0x31, 0xF0, 0xC4, 0x52, 0x6C, 0x95, 0x07, 0x35, 0x82, 0x99, 0xA0, 0x9D, 0xE1, 0xF0,
    0x0A, 0x42, 0x4F, 0x35, 0xB7, 0x88, 0x51, 0x93, 0x6F, 0xDE, 0xCA, 0x49, 0xAF, 0x10, 0xA3, 0xA1,
    0x9E, 0xDA, 0xA4, 0x39, 0xC0, 0x12, 0xA3, 0x4F, 0xF5, 0xCF, 0x31, 0xE5, 0x0E, 0x5F, 0x8F, 0x75,
    0xBC, 0x43, 0xC7, 0x85, 0x1D, 0xF7, 0xFC, 0x15, 0xDD, 0xE6, 0x9B, 0xE6, 0x8B, 0x18, 0x31, 0x89,
    0x5B, 0x34, 0x6B, 0x62, 0xC1, 0x24, 0x3A, 0xEE, 0xAB, 0x48, 0x17, 0xDF, 0xD0, 0x9C, 0xCA, 0xB6,
    0xCB, 0x47, 0xD1, 0x81, 0x5D, 0x4C, 0xB6, 0xA3, 0x76, 0x9D, 0x6D, 0xC6, 0x0E, 0x31, 0xED, 0xA8,
    0xE7, 0xB6, 0x50, 0x95, 0x7F, 0x77, 0x05, 0x31, 0x75, 0x48, 0xDF, 0x8D, 0xC6, 0xB5, 0xC7, 0x48,
    0xFB, 0x55, 0x28, 0x7B, 0x87, 0x8C, 0x27, 0x8C, 0x33, 0xEC, 0xF8, 0xE9, 0xA3, 0xC7, 0xB7, 0xAC,
    0xCF, 0x76, 0x72, 0xDB, 0x73, 0x1E, 0xDB, 0x3C, 0xAA, 0xE3, 0x73, 0x2F, 0xE3, 0x5B, 0x9F, 0xAF,
    0x2C, 0x2D, 0xDA, 0x1F, 0x50, 0x7E, 0x41, 0x26, 0x1A, 0x1F, 0x12, 0x4B, 0x41, 0xFA, 0x43, 0x62,
    0x97, 0x74, 0xC6, 0x0D, 0x5E, 0xC5, 0xDF, 0xFA, 0xEA, 0xFC, 0xDC, 0x33, 0x4C, 0x88, 0x78, 0x42,
    0x39, 0x63, 0x4D, 0xD2, 0xB7, 0x08, 0xDF, 0x23, 0xC6, 0x21, 0xC6, 0x42, 0x0F, 0x64, 0x76, 0x80,
    0xA1, 0x41, 0xA5, 0xB8, 0x9B, 0x78, 0x2E, 0xFB, 0x0B, 0x83, 0xAB, 0xE3, 0x24, 0x26, 0xDB, 0x78,
    0x2E, 0xF5, 0xB2, 0x0A, 0x8D, 0xE7, 0x29, 0xB5, 0x8A, 0xCF, 0xB3, 0x1B, 0xC5, 0x9D, 0xDB, 0x27,
    0xBB, 0xFD, 0xD6, 0x57, 0xF1, 0x17, 0x0F, 0x6F, 0xFF, 0x0E, 0x8C, 0xFD, 0x1B, 0x5E, 0xD3, 0xC5,
    0x95, 0x2F, 0x3E, 0xF5, 0x8D, 0x7B, 0x31, 0xF1, 0x87, 0x64, 0x17, 0xDD, 0x2D, 0x67, 0x0C, 0x2B,
    0xCA, 0x2E, 0x1B, 0xE1, 0x13, 0xEC, 0xE3, 0x1E, 0xE8, 0x7F, 0xFC, 0xB0, 0x27, 0x26, 0x80, 0xAC,
    0x7B, 0xB4, 0x1C, 0x58, 0xEB, 0x30, 0xCC, 0x83, 0x7B, 0xD4, 0x41, 0xEE, 0x09, 0xF5, 0x76, 0x2C,
    0x33, 0x96, 0xB0, 0x87, 0xEF, 0x16, 0x88, 0x99, 0x13, 0x9C, 0x0D, 0x65, 0xBB, 0x09, 0x4D, 0xD2,
    0x8B, 0x99, 0xC0, 0x72, 0xE9, 0x43, 0x97, 0xF8, 0x74, 0x59, 0x58, 0x39, 0x4E, 0x66, 0xBC, 0xD1,
    0x93, 0xFC, 0x81, 0x9B, 0xE3, 0xDA, 0x45, 0xBB, 0x1B, 0x6F, 0x83, 0xF2, 0x9D, 0xD5, 0x3E, 0xE7,
    0xAC, 0x72, 0x39, 0x7B, 0xB3, 0x6C, 0x51, 0xB6, 0xFA, 0x7C, 0x29, 0x17, 0xDA, 0x21, 0xB2, 0x9B,
    0xB4, 0xEB, 0x9C, 0xF4, 0x1D, 0x62, 0xDC, 0x6D, 0xB4, 0x9F, 0xE0, 0x72, 0xE1, 0x3F, 0xA3, 0x5D,
    0xDE, 0x6D, 0x65, 0xCE, 0xC4, 0x29, 0x7F, 0x9F, 0x32, 0x21, 0xB1, 0x6C, 0xE4, 0xF6, 0xAC, 0xCF,
    0x76, 0xD9, 0x3E, 0xF7, 0x9B, 0x87, 0x91, 0xEF, 0xF3, 0xD2, 0xDA, 0xD7, 0xAC, 0x68, 0x7B, 0x3D,
    0x41, 0xCC, 0x0F, 0x08, 0x89, 0x25, 0xB5, 0xAF, 0x98, 0x62, 0xF7, 0x36, 0x2E, 0x84, 0xE3, 0xE3,
    0x29, 0xB3, 0xA5, 0x69, 0x79, 0xBB, 0xF6, 0x8F, 0xA6, 0xA9, 0xF2, 0x3B, 0x74, 0x49, 0x53, 0x19,
    0xFF, 0xDB, 0xE7, 0x7E, 0xD0, 0x7C, 0x94, 0xF6, 0x2B, 0xDF, 0x0E, 0x7E, 0x17, 0xE8, 0x3C, 0x1D,
    0xB9, 0xEE, 0x4A, 0x6D, 0x3F, 0x54, 0xEB, 0x68, 0x55, 0x9C, 0x3A, 0x3B, 0xEF, 0x8A, 0xA5, 0x1E,
    0x91, 0x27, 0x38, 0x8E, 0x34, 0x01, 0x56, 0x38, 0xFC, 0x84, 0x43, 0x5B, 0x2F, 0x26, 0xCE, 0xC9,
    0x12, 0x47, 0xE3, 0xF9, 0xAC, 0x97, 0x52, 0x4C, 0xD4, 0xD1, 0x33, 0x6C, 0x67, 0xAC, 0xC7, 0x59,
    0x0A, 0xC6, 0x1E, 0xE8, 0xEC, 0xAE, 0xFA, 0x9D, 0x33, 0xF1, 0x8D, 0x6B, 0x4E, 0xD2, 0xF5, 0x65,
    0x15, 0x1B, 0x9F, 0xB3, 0x47, 0x27, 0x1B, 0x65, 0x75, 0x7E, 0x75, 0x73, 0xAC, 0x49, 0xD3, 0x97,
    0xB5, 0x63, 0x9E, 0xE1, 0xBB, 0xC4, 0x30, 0x92, 0x23, 0xC7, 0x38, 0xD0, 0x96, 0x43, 0x2E, 0x3D,
    0xA7, 0x14, 0x06, 0x67, 0x96, 0x34, 0x2C, 0xC1, 0xD4, 0xFF, 0x51, 0xCD, 0x5A, 0xFC, 0xFB, 0xDF,
    0xA5, 0xB3, 0xC1, 0xBF, 0xFC, 0x6A, 0x52, 0xBF, 0xF8, 0xF9, 0xAF, 0x46, 0xF9, 0xB2, 0xFE, 0x4F,
    0xDF, 0xBC, 0xA9, 0x7E, 0xEB, 0xC5, 0x7F, 0xF1, 0xD6, 0x89, 0x95, 0xA3, 0xAD, 0x57, 0x06, 0xAA,
    0x85, 0x0E, 0x02, 0x3B, 0x3A, 0xB4, 0xD5, 0xB6, 0x2B, 0x4B, 0x22, 0xC6, 0x40, 0xF5, 0xFB, 0x19,
    0xA2, 0x87, 0xCE, 0x25, 0xB6, 0x13, 0xDE, 0xF7, 0x23, 0xE9, 0xB4, 0x41, 0x53, 0xD2, 0xA1, 0xC5,
    0x60, 0xD8, 0xA3, 0x7C, 0x8F, 0x2C, 0xEE, 0x9B, 0x32, 0x86, 0x41, 0xB9, 0xEC, 0xFE, 0x0D, 0x62,
    0x3C, 0x50, 0x4F, 0x0B, 0xD5, 0xD5, 0xFD, 0x7F, 0xDB, 0xDC, 0xCF, 0x68, 0x9B, 0x00, 0x9E, 0x01,
    0xED, 0xBB, 0xCF, 0x73, 0x1C, 0xE1, 0x0C, 0xD7, 0xFF, 0x17, 0xAE, 0x66, 0xC4, 0x84, 0xF4, 0xE8,
    0x62, 0xB5, 0x94, 0x06, 0x8F, 0xB2, 0x18, 0xB8, 0x81, 0x58, 0x9E, 0xEA, 0x75, 0x9A, 0x49, 0xAF,
    0x9C, 0xB2, 0xEF, 0x8A, 0xE1, 0x94, 0x8A, 0xE1, 0x61, 0x5B, 0xFE, 0x06, 0x36, 0xA7, 0xEA, 0x75,
    0xF8, 0xD8, 0xF3, 0xAF, 0x67, 0xA2, 0x6B, 0xBC, 0x18, 0x1F, 0x94, 0x49, 0xCC, 0x9C, 0x38, 0xE7,
    0x93, 0xCB, 0xC3, 0xF6, 0xC6, 0x47, 0x7F, 0x46, 0x8E, 0x84, 0x6E, 0x25, 0xDC, 0xEB, 0x7F, 0x9E,
    0x97, 0x3A, 0x4E, 0x0B, 0x2F, 0xDC, 0xFF, 0x01, 0xBD, 0x99, 0x3F, 0x8C, 0x24, 0x37, 0x7A, 0xC5,
    0x7F, 0x55, 0x94, 0xA6, 0x6C, 0xF1, 0x56, 0x54, 0xB0, 0x30, 0x4E, 0x38, 0x9D, 0xA8, 0x40, 0x81,
    0x00, 0xED, 0x4C, 0x25, 0x0A, 0x14, 0x74, 0x57, 0xF1, 0xE0, 0x1C, 0xB8, 0x3C, 0x3A, 0x67, 0x4E,
    0x0C, 0x25, 0x1B, 0x28, 0xE8, 0xDE, 0xA6, 0xEC, 0x1C, 0xB7, 0x79, 0xA4, 0xC0, 0x39, 0x16, 0xF0,
    0xDA, 0x1E, 0xC3, 0xBD, 0x6A, 0xFA, 0x36, 0x38, 0x18, 0x30, 0xA0, 0xC2, 0x5D, 0x0E, 0x17, 0xA0,
    0x4D, 0xED, 0x23, 0x7C, 0x34, 0x50, 0x82, 0xAA, 0x87, 0xE6, 0x87, 0x9E, 0x3F, 0x98, 0xB9, 0x5D,
    0xAD, 0xE4, 0xC1, 0x6E, 0x35, 0xDF, 0x23, 0x87, 0x7C, 0x7C, 0xDF, 0x57, 0x35, 0xEC, 0x2A, 0x4E,
    0xCD, 0x3A, 0xE7, 0x35, 0xAC, 0xAE, 0x1F, 0x18, 0xB8, 0x40, 0x95, 0x9F, 0xA1, 0xF3, 0x19, 0xED,
    0xD0, 0xBA, 0x8E, 0x23, 0xB6, 0xC0, 0x74, 0x8E, 0xC4, 0x55, 0x5B, 0xFA, 0x65, 0x5C, 0x74, 0xA2,
    0xAF, 0x72, 0x02, 0xC3, 0x15, 0xDA, 0x09, 0x72, 0xA6, 0x4E, 0x77, 0x50, 0x23, 0x34, 0xE1, 0x3A,
    0xD4, 0x20, 0x10, 0x49, 0x14, 0x50, 0x47, 0xAE, 0x41, 0xC6, 0x4C, 0x80, 0xD6, 0x89, 0x26, 0x0B,
    0x00, 0xE0, 0x8E, 0xFE, 0xB6, 0xA1, 0xDF, 0xE5, 0x3F, 0x04, 0x33, 0xD5, 0x19, 0x3D, 0xF0, 0x00,
    0xE3, 0x8A, 0xAE, 0x05, 0xE3, 0x3B, 0xD0, 0xE1, 0x06, 0xC9, 0x80, 0xB7, 0x0E, 0xEB, 0x4C, 0xA0,
    0x47, 0xA6, 0xD1, 0x17, 0xBF, 0x70, 0x47, 0x9F, 0x35, 0x0E, 0x80, 0x5E, 0x4A, 0x8B, 0x58, 0x79,
    0x66, 0x74, 0xA8, 0x26, 0xD4, 0xA8, 0x22, 0x2A, 0x36, 0x23, 0x55, 0x32, 0x01, 0x66, 0xEB, 0x61,
    0xDD, 0x03, 0x5D, 0x07, 0xD8, 0x19, 0x4C, 0xCE, 0xF3, 0x81, 0x24, 0x5F, 0xA1, 0x9B, 0x7D, 0x37,
    0x29, 0x5D, 0x1D, 0x5C, 0xFF, 0x69, 0xF7, 0x8C, 0x26, 0x9F, 0x61, 0x7D, 0xEB, 0x7B, 0x14, 0x1D,
    0xD0, 0x03, 0xAD, 0x07, 0x33, 0x81, 0xCD, 0x9E, 0xBE, 0x9D, 0xE8, 0xEA, 0xEC, 0x7A, 0x6C, 0xB0,
    0x43, 0x33, 0xE8, 0x7D, 0xB1, 0xDC, 0x7D, 0x33, 0xA0, 0xB3, 0x87, 0x9D, 0x28, 0x2F, 0xAF, 0xEC,
    0x82, 0x26, 0xF4, 0xDE, 0x06, 0xF9, 0xDD, 0x88, 0xF7, 0x23, 0x4D, 0x32, 0xAE, 0x30, 0x47, 0xF9,
    0x19, 0xB0, 0xC9, 0xD9, 0x51, 0xEF, 0xB1, 0x23, 0x7A, 0xA0, 0x9A, 0xB0, 0x6C, 0xFC, 0x92, 0x65,
    0x95, 0xA3, 0x65, 0xA5, 0x86, 0xFB, 0xC6, 0x3D, 0xD6, 0x9E, 0xC6, 0x47, 0x03, 0x2A, 0xBC, 0x88,
    0x0F, 0x9A, 0x83, 0xFE, 0x30, 0xD7, 0xD2, 0x16, 0x9F, 0x83, 0xE7, 0xC1, 0xFF, 0x10, 0xEB, 0x10,
    0x57, 0x27, 0xFA, 0x3D, 0x1F, 0xB4, 0x50, 0x94, 0x99, 0x5D, 0x66, 0xB2, 0x24, 0xCB, 0x69, 0x4F,
    0xFB, 0x6B, 0xD8, 0x1A, 0x5F, 0xC5, 0x9E, 0x66, 0xD8, 0x62, 0xBE, 0x28, 0x52, 0x35, 0x96, 0xAE,
    0x20, 0x90, 0xB6, 0xF4, 0xC9, 0x18, 0xA2, 0x11, 0x6D, 0xCE, 0x79, 0x2F, 0x00, 0x96, 0xCF, 0x43,
    0x2E, 0x47, 0x9D, 0xFD, 0xDB, 0x3C, 0xFA, 0x64, 0xFF, 0xDE, 0x97, 0x4F, 0xDF, 0x0A, 0x4F, 0x55,
    0xF8, 0xAD, 0x0A, 0x7B, 0x15, 0xFE, 0x43, 0x7D, 0xF9, 0xEF, 0x6F, 0x7D, 0xF2, 0xC5, 0x7B, 0x65,
    0xA8, 0x08, 0x72, 0x8E, 0xA5, 0xE8, 0xB1, 0x9F, 0x4F, 0x4F, 0xA2, 0x89, 0x26, 0x9D, 0xF4, 0xB3,
    0x2D, 0xE1, 0x1C, 0x37, 0x51, 0x0C, 0x67, 0x81, 0xB4, 0x9F, 0x0B, 0xA0, 0x2F, 0xE3, 0x82, 0xA3,
    0x33, 0xDA, 0x1C, 0x16, 0x6A, 0xA4, 0x8A, 0x52, 0xEA, 0x11, 0x35, 0x60, 0x3C, 0x2D, 0x6C, 0xA9,
    0x23, 0x72, 0x56, 0x39, 0x96, 0xA2, 0xF7, 0x6C, 0x72, 0xB8, 0xDF, 0x0C, 0x22, 0xD0, 0x41, 0x9D,
    0x51, 0x4A, 0x69, 0xC8, 0x14, 0x99, 0x18, 0xEF, 0x37, 0x63, 0x11, 0x14, 0x59, 0xED, 0x75, 0x30,
    0x9C, 0xB0, 0x20, 0x61, 0xDC, 0xCB, 0x30, 0x09, 0xB0, 0x6E, 0xA6, 0x77, 0xB9, 0x92, 0xF3, 0xFC,
    0xDA, 0x7F, 0x7B, 0xA6, 0x7D, 0x02, 0x5E, 0x04, 0x7E, 0x96, 0x43, 0x9D, 0x4B, 0xB0, 0x1C, 0x82,
    0x2D, 0xE8, 0x9F, 0x83, 0xB6, 0xC0, 0x14, 0xA8, 0x02, 0x76, 0x05, 0x55, 0x01, 0x3F, 0x0C, 0x72,
    0x07, 0xD2, 0xFC, 0x9C, 0xD6, 0x57, 0x23, 0xF1, 0xE3, 0x71, 0x13, 0xA0, 0x8A, 0x36, 0x6E, 0xE2,
    0x5F, 0xC5, 0xEA, 0xC6, 0xA7, 0xCF, 0x7D, 0xD6, 0x13, 0x7D, 0x66, 0x55, 0x4E, 0x44, 0x87, 0xD4,
    0x9C, 0x97, 0x53, 0xED, 0xD7, 0xD6, 0xB5, 0x67, 0x1C, 0xFD, 0xBD, 0xAC, 0x83, 0x6B, 0x8B, 0xA3,
    0x8E, 0x3D, 0xCC, 0xC6, 0x0B, 0xEA, 0x3F, 0x59, 0x4C, 0x9E, 0xCA, 0xC3, 0xBB, 0xE8, 0x01, 0x16,
    0x6C, 0x0A, 0x9F, 0xF2, 0xCF, 0x85, 0x23, 0x6A, 0xA0, 0x1E, 0x84, 0x55, 0x10, 0xD6, 0x4E, 0xD8,
    0x20, 0xBC, 0xE0, 0xAF, 0x0B, 0x7F, 0xCE, 0xBE, 0x70, 0xAC, 0xF7, 0x1F, 0x4F, 0xD5, 0xD8, 0xAC,
    0xFB, 0x59, 0x05, 0xB3, 0x84, 0xC6, 0xDD, 0x2B, 0x6C, 0xF8, 0xBC, 0xF0, 0x31, 0xB1, 0xF0, 0xA7,
    0xF5, 0x50, 0xF8, 0x91, 0xCA, 0x19, 0x46, 0xE1, 0x3A, 0xC0, 0x12, 0xE5, 0x84, 0x0D, 0x70, 0x57,
    0x72, 0xF8, 0x10, 0x49, 0x82, 0x47, 0x48, 0x16, 0x8C, 0xF0, 0x0F, 0x12, 0x5A, 0xE2, 0x15, 0x4B,
    0xCE, 0x83, 0x4B, 0x75, 0x7C, 0xA8, 0x3E, 0x3D, 0x54, 0x8F, 0x9A, 0xA9, 0x54, 0xD5, 0xD8, 0xE6,
    0x52, 0xA9, 0xF0, 0x69, 0xEB, 0x3E, 0x9E, 0x8A, 0xDE, 0xB8, 0x7E, 0x36, 0x94, 0x0A, 0xEE, 0x81,
    0x05, 0xD1, 0x77, 0x88, 0x3F, 0x2B, 0xA8, 0x64, 0x21, 0x81, 0x0A, 0x52, 0xC4, 0xDF, 0x02, 0x06,
    0xFA, 0x1C, 0x44, 0x2F, 0xD5, 0x5D, 0x00, 0xEA, 0x7D, 0x41, 0x19, 0xCE, 0x41, 0x54, 0xC7, 0xFA,
    0x66, 0x16, 0x0B, 0xC0, 0x78, 0x71, 0xAD, 0xCF, 0xC4, 0x95, 0x2A, 0x8B, 0x25, 0xE8, 0xD0, 0x78,
    0x44, 0x62, 0x68, 0x5D, 0xA9, 0x4E, 0xE8, 0xDD, 0xB1, 0x0E, 0x0B, 0xB2, 0xB3, 0xD9, 0x9F, 0x56,
    0x5F, 0xBB, 0xA3, 0x6F, 0x89, 0xEA, 0xD7, 0x4E, 0x34, 0xDA, 0x38, 0x68, 0xC2, 0x1D, 0xA9, 0x8C,
    0xBB, 0x27, 0x95, 0xA5, 0xCF, 0x11, 0x96, 0x87, 0x6A, 0x2B, 0xFD, 0x10, 0xA5, 0xA2, 0x1E, 0xE1,
    0x4D, 0x58, 0x43, 0x96, 0x22, 0x0D, 0xE0, 0xAE, 0xA8, 0xA4, 0x4C, 0x54, 0x09, 0x35, 0xA2, 0x03,
    0xD6, 0xD1, 0x1D, 0xFA, 0xCE, 0xCB, 0x1B, 0x5B, 0x8E, 0x37, 0xBF, 0xD8, 0xDB, 0x9C, 0xEA, 0xEC,
    0x79, 0x17, 0xC0, 0xC2, 0xC1, 0xFC, 0x90, 0x77, 0x3D, 0x00, 0x00, 0xD4, 0x11, 0x50, 0x09, 0x68,
    0x66, 0x40, 0x0B, 0x99, 0x35, 0x60, 0x5B, 0xE0, 0xC4, 0x02, 0x4B, 0x99, 0xB7, 0xD2, 0x01, 0xB6,
    0x4D, 0x80, 0xA4, 0x06, 0xAA, 0xA8, 0x22, 0x75, 0xAC, 0xA3, 0xA4, 0x90, 0x68, 0x72, 0x9E, 0xD0,
    0x39, 0xCF, 0x18, 0xCF, 0xFA, 0x90, 0x50, 0x0B, 0x2D, 0x3D, 0x58, 0xF7, 0x00, 0xE9, 0xE6, 0xE8,
    0x32, 0x8F, 0x25, 0xC0, 0xE7, 0x00, 0xF1, 0xF5, 0xA7, 0xF1, 0xF0, 0x22, 0x90, 0xDE, 0x02, 0xF6,
    0x7D, 0x60, 0xA1, 0xDD, 0xEB, 0x4E, 0xA3, 0xFD, 0x4B, 0x07, 0xBB, 0x0C, 0xC4, 0x27, 0x00, 0x00,
    0xEA, 0x32, 0xB8, 0x9E, 0x00, 0x73, 0x19, 0xBC, 0xED, 0x80, 0xAE, 0x05, 0xD6, 0x06, 0xE4, 0xFB,
    0x0C, 0x93, 0x0E, 0x54, 0xA9, 0x09, 0xD4, 0x51, 0x8D, 0x25, 0x6E, 0x1D, 0x69, 0x86, 0x2A, 0xA2,
    0x25, 0xB8, 0x91, 0xE0, 0xD6, 0xB1, 0xA5, 0x85, 0x8E, 0x0E, 0x7A, 0xD6, 0xD0, 0x32, 0x83, 0xF5,
    0x3C, 0xD2, 0x40, 0x32, 0x8E, 0x43, 0x0B, 0x80, 0x26, 0x02, 0x26, 0x09, 0x4D, 0x80, 0x9D, 0x81,
    0x76, 0x05, 0x74, 0x4B, 0x60, 0xDD, 0x03, 0x5B, 0x0B, 0x4C, 0xC6, 0xC9, 0x5C, 0x4F, 0x1D, 0x75,
    0x28, 0x71, 0x95, 0xDC, 0x3D, 0xD4, 0x48, 0x13, 0xEA, 0x28, 0x71, 0x93, 0xD0, 0x24, 0xC1, 0x67,
    0x5A, 0xD8, 0xD2, 0xC3, 0x9A, 0x35, 0xF4, 0x6C, 0xA1, 0x85, 0xA2, 0x85, 0x3B, 0x1F, 0x01, 0x3F,
    0xF9, 0xC9, 0xA1, 0x25, 0x7D, 0x42, 0xF1, 0x22, 0x0D, 0x9D, 0x2E, 0x4E, 0xDF, 0xAE, 0x80, 0x76,
    0x09, 0x74, 0x27, 0xC0, 0xC2, 0x22, 0xA7, 0xEF, 0x24, 0x0D, 0x0F, 0x49, 0xCB, 0xE9, 0xCB, 0x03,
    0x24, 0xCA, 0x35, 0x18, 0xE4, 0x1A, 0x5C, 0x66, 0x50, 0x04, 0x72, 0x0D, 0x58, 0xD3, 0x5F, 0xBF,
    0x06, 0xC8, 0x78, 0x84, 0x56, 0x98, 0x7E, 0x00, 0xD8, 0x08, 0xF3, 0x9D, 0x70, 0xF5, 0x47, 0x61,
    0xF5, 0x8D, 0x70, 0xF3, 0x7B, 0x61, 0xF3, 0x54, 0xD8, 0xFC, 0x5D, 0xCE, 0x81, 0x56, 0x09, 0x77,
    0x6A, 0x00, 0x9E, 0x08, 0x33, 0x0B, 0x57, 0x93, 0x70, 0x19, 0x2B, 0xDC, 0x08, 0x63, 0x82, 0xF4,
    0x58, 0x2F, 0xDC, 0xCA, 0x48, 0xEC, 0x11, 0xE6, 0x67, 0x67, 0x8E, 0x9C, 0x93, 0x4A, 0xD5, 0x6C,
    0x02, 0x8B, 0x16, 0x58, 0x02, 0x2B, 0xF8, 0xDE, 0x6D, 0xE7, 0xEA, 0xA0, 0x3B, 0xE4, 0xEF, 0x59,
    0x34, 0x65, 0x7E, 0x55, 0x7C, 0x68, 0xB3, 0x87, 0x08, 0xB5, 0x24, 0x30, 0x03, 0x27, 0x80, 0x81,
    0xEA, 0x6F, 0xA0, 0x99, 0x38, 0x3A, 0xDC, 0x55, 0xA9, 0x23, 0x90, 0xCE, 0x8D, 0x80, 0x9C, 0xB3,
    0x2F, 0x70, 0x09, 0x78, 0x11, 0x64, 0x15, 0x09, 0x12, 0x7C, 0x2F, 0xC4, 0x47, 0xFC, 0xA8, 0x1E,
    0x1E, 0x82, 0x69, 0x0F, 0x06, 0x38, 0x7E, 0x85, 0xB1, 0xEE, 0x02, 0x5F, 0x41, 0x95, 0x1D, 0xEA,
    0x69, 0x40, 0xFF, 0x22, 0xBE, 0xB2, 0x58, 0x9A, 0x47, 0x18, 0x97, 0x90, 0xFA, 0x55, 0xC5, 0xF8,
    0x88, 0x0E, 0x83, 0x76, 0x87, 0x87, 0xE1, 0x0F, 0xFD, 0x1C, 0x39, 0xE3, 0x2C, 0x0B, 0x3E, 0x07,
    0xD2, 0x0F, 0xFE, 0x54, 0x1E, 0x15, 0x31, 0x8F, 0x39, 0x2E, 0x33, 0x0D, 0x48, 0xC4, 0x5B, 0x95,
    0xCB, 0x7D, 0xF6, 0xED, 0xAD, 0x9A, 0x7C, 0x46, 0xA1, 0x5C, 0x5A, 0xA1, 0x4E, 0x85, 0xD8, 0x0A,
    0x75, 0x42, 0xAD, 0x90, 0x15, 0x32, 0xEE, 0x8A, 0x72, 0x9E, 0x0F, 0x74, 0xD9, 0x67, 0x85, 0x44,
    0x47, 0x7B, 0x39, 0x77, 0x2E, 0xD4, 0xA4, 0x73, 0xE7, 0xFC, 0x2D, 0xF0, 0xE4, 0x6D, 0xEA, 0xFC,
    0x5F, 0xA8, 0xDF, 0x4C, 0x00, 0xCC, 0xB0, 0x3A, 0x2B, 0xC8, 0x02, 0x5F, 0x30, 0xB0, 0xFA, 0x2E,
    0xB2, 0x4A, 0x53, 0xC1, 0xB6, 0xA0, 0x2B, 0xB0, 0x6E, 0x95, 0x4C, 0x58, 0x25, 0x35, 0xAE, 0x52,
    0x1D, 0x57, 0x89, 0xB9, 0x60, 0x5D, 0xD0, 0x6F, 0x13, 0x66, 0x4E, 0xE8, 0x02, 0x55, 0x50, 0x15,
    0x30, 0xB3, 0x7C, 0xCE, 0xB3, 0xB7, 0xF2, 0x00, 0x00, 0x76, 0x0F, 0x55, 0x96, 0x84, 0x52, 0x93,
    0x90, 0x2D, 0x3F, 0x3D, 0x74, 0x2C, 0xC1, 0xB2, 0x95, 0x39, 0x42, 0x7E, 0x02, 0x1D, 0x9E, 0x47,
    0x32, 0xEA, 0x85, 0x9C, 0xCC, 0x40, 0xE6, 0x8A, 0xCB, 0x7C, 0xF0, 0x13, 0xE7, 0x43, 0x0C, 0xB0,
    0x20, 0x83, 0xC0, 0x0A, 0x20, 0x01, 0x3C, 0x7C, 0xED, 0x69, 0x54, 0x12, 0x52, 0x45, 0xC0, 0xAC,
    0x80, 0xA5, 0x05, 0x3E, 0x3C, 0x7A, 0xED, 0x69, 0x9C, 0x28, 0x0F, 0x9B, 0xDF, 0x3B, 0xF8, 0xC7,
    0x0C, 0xFC, 0xEA, 0xA7, 0xAF, 0x3D, 0x83, 0x4F, 0x25, 0x83, 0x55, 0x13, 0x90, 0xD6, 0x6B, 0x0E,
    0xFE, 0x67, 0xF0, 0x41, 0x07, 0x93, 0xF5, 0xF2, 0x67, 0xBE, 0x09, 0xD5, 0xD4, 0xC3, 0x57, 0x33,
    0xB4, 0x09, 0xCC, 0x78, 0xA8, 0x9F, 0x3C, 0xA1, 0x4E, 0xAD, 0xD3, 0x83, 0x1E, 0x5A, 0xA7, 0xA2,
    0xE8, 0xDF, 0x80, 0x77, 0xCA, 0xC3, 0x6B, 0x25, 0x56, 0x49, 0x4C, 0x27, 0x4C, 0x50, 0x7B, 0x5A,
    0xF4, 0x8E, 0x25, 0xC6, 0xBA, 0x15, 0x27, 0x92, 0xC1, 0xC2, 0x84, 0x89, 0x53, 0x5D, 0x28, 0xEA,
    0x90, 0xEA, 0xB1, 0xB4, 0x54, 0x28, 0xA4, 0xBD, 0x0E, 0xB3, 0xA1, 0x48, 0x8E, 0x31, 0x6E, 0xBD,
    0x90, 0x24, 0x1F, 0xD3, 0x61, 0x23, 0x33, 0x3A, 0x5D, 0x7C, 0x39, 0xCD, 0x67, 0x7B, 0x78, 0x1F,
    0xA0, 0x8A, 0xC0, 0x29, 0xB0, 0xE0, 0xD0, 0x73, 0x04, 0x00, 0x09, 0xD2, 0x8F, 0xC5, 0x74, 0x8E,
    0x2D, 0x55, 0x5C, 0x51, 0xC7, 0x0E, 0x35, 0x5A, 0x6F, 0x43, 0x09, 0x09, 0xBB, 0x67, 0xC0, 0x16,
    0x48, 0x50, 0x8F, 0xA0, 0x02, 0x1C, 0xB9, 0x57, 0x17, 0xEB, 0x08, 0xB0, 0x01, 0xD6, 0x11, 0xE2,
    0x29, 0x95, 0xFF, 0xE9, 0x2B, 0x8B, 0x55, 0x87, 0x7B, 0xA8, 0x61, 0x29, 0xF5, 0x2B, 0x8B, 0x01,
    0xEF, 0x5E, 0x6D, 0x62, 0x88, 0x50, 0x8D, 0x00, 0x74, 0xF0, 0xA0, 0x3D, 0x6C, 0x57, 0x27, 0x1D,
    0x64, 0x9F, 0x2A, 0xDB, 0x54, 0x1D, 0x98, 0x4A, 0xCF, 0xB6, 0x85, 0xAE, 0x83, 0x76, 0x0B, 0x66,
    0x02, 0x1D, 0x29, 0xB6, 0x05, 0xC3, 0xF7, 0xE1, 0xFA, 0xA3, 0xF3, 0xCC, 0x93, 0x73, 0x22, 0x55,
    0x7B, 0x12, 0x7D, 0x81, 0xBD, 0xF1, 0x32, 0xC0, 0x4A, 0xBF, 0x8C, 0x8B, 0xAE, 0xE8, 0x1D, 0x09,
    0x6E, 0x82, 0x3A, 0x7B, 0x6C, 0x16, 0xE5, 0xCC, 0x96, 0x25, 0xD3, 0x39, 0x12, 0x33, 0x49, 0x45,
    0x92, 0x09, 0x24, 0xCB, 0x01, 0xD2, 0xD6, 0x13, 0xA9, 0xDA, 0xF9, 0x84, 0x1E, 0x12, 0x2A, 0x26,
    0xEA, 0x98, 0xDE, 0x29, 0x38, 0x6D, 0xC6, 0xB4, 0xC9, 0x21, 0xE9, 0xFD, 0x9F, 0x6E, 0xB9, 0x3E,
    0x02, 0x90, 0x58, 0x0F, 0xB1, 0x79, 0xA2, 0xE3, 0x09, 0x1F, 0xD2, 0x03, 0x2D, 0x60, 0x39, 0xCA,
    0x99, 0xB6, 0xE0, 0x01, 0x96, 0xB9, 0x60, 0xA2, 0x2D, 0xE8, 0x79, 0x52, 0x65, 0xFA, 0xFC, 0x35,
    0xCD, 0xDE, 0x38, 0xAA, 0x88, 0x18, 0xD3, 0x04, 0x30, 0xC0, 0x9F, 0xDF, 0xDE, 0x93, 0x0E, 0xD8,
    0x39, 0xAA, 0x3F, 0x06, 0xD4, 0xBF, 0x8D, 0x1C, 0xB9, 0x5F, 0xDD, 0xDA, 0xB3, 0x1E, 0x3F, 0x41,
    0xCF, 0xF7, 0x31, 0x36, 0xF2, 0x56, 0xE5, 0xAE, 0xF9, 0x3D, 0xF8, 0x7F, 0xF8, 0xDD, 0xD8, 0x7E,
    0xDD, 0x22, 0xBF, 0xFF, 0xBC, 0x3A, 0xE7, 0xDF, 0x79, 0x08, 0xE1, 0x50, 0x77, 0xDC, 0xFE, 0x9C,
    0xB3, 0xFF, 0x2C, 0x61, 0xF3, 0xFF, 0xE4, 0xCC, 0xBA, 0xCA, 0x83, 0x0D, 0x1F, 0xB0, 0x71, 0x6A,
    0x80, 0x9E, 0x7A, 0x84, 0x8E, 0x3A, 0x16, 0x9F, 0x9C, 0x63, 0x9B, 0x85, 0xBF, 0xA2, 0x03, 0x66,
    0x61, 0xF1, 0x12, 0x66, 0xE7, 0x6A, 0xFF, 0xA4, 0xCE, 0xA3, 0x0E, 0x7D, 0xFE, 0x5D, 0xCE, 0xAE,
    0x39, 0xA3, 0x78, 0xB2, 0x1B, 0x2F, 0xDE, 0x91, 0xBA, 0x8E, 0xE6, 0xE6, 0x1F, 0x0A, 0x97, 0x98,
    0xCF, 0xFB, 0x7B, 0x9A, 0xEB, 0xEF, 0xA7, 0xDF, 0x06, 0x8E, 0xA1, 0x74, 0x42, 0x15, 0xE1, 0x2F,
    0x46, 0xD8, 0x78, 0x69, 0xC2, 0x04, 0x2C, 0xCE, 0xC7, 0xDF, 0x02, 0x00, 0x36, 0x23, 0x2A, 0xEF,
    0x31, 0x25, 0x5E, 0x8B, 0x0E, 0x4B, 0x54, 0x58, 0xA1, 0x86, 0x4D, 0xCE, 0x82, 0x61, 0x05, 0x08,
    0x3A, 0xA0, 0xA5, 0xC1, 0x0C, 0xD6, 0x37, 0xE7, 0xEF, 0x5B, 0x61, 0xE2, 0xDA, 0x2A, 0x3D, 0xBA,
    0xBD, 0x27, 0x06, 0xE8, 0x03, 0xFC, 0xCB, 0x08, 0x31, 0x51, 0xF9, 0x8F, 0x6E, 0xED, 0x79, 0xF3,
    0xAE, 0x08, 0xC0, 0x67, 0xCF, 0x50, 0x39, 0x23, 0xBA, 0xB6, 0x8C, 0x76, 0xD4, 0xE3, 0x9A, 0x3A,
    0x16, 0xAF, 0x28, 0x58, 0x01, 0xEB, 0x0B, 0x3F, 0xA7, 0x5C, 0xD1, 0x05, 0xD1, 0xB3, 0x79, 0xC6,
    0x8A, 0x13, 0x0C, 0x4D, 0xA8, 0xDC, 0xCB, 0x36, 0xEF, 0x17, 0x2F, 0x32, 0xDF, 0x79, 0xE9, 0x86,
    0x5D, 0x0D, 0xE8, 0xC8, 0xC9, 0x82, 0xD5, 0xFB, 0xFC, 0xF2, 0x4D, 0xE0, 0x35, 0x6D, 0xC9, 0xEF,
    0xF2, 0x01, 0xBD, 0x9F, 0x68, 0xBE, 0x1B, 0x61, 0xE7, 0xA8, 0x73, 0xC0, 0x3C, 0x1D, 0x79, 0x9B,
    0x04, 0x6C, 0xA9, 0xCE, 0xD6, 0x98, 0x9C, 0x69, 0xDD, 0x8E, 0x35, 0xBD, 0xDB, 0x62, 0xDD, 0x84,
    0xB9, 0xC4, 0x8C, 0x65, 0x4D, 0x27, 0x23, 0x98, 0x1C, 0xA9, 0xB2, 0x83, 0xFD, 0x7B, 0xA8, 0x3C,
    0x53, 0x7F, 0xF1, 0x10, 0x80, 0xA5, 0x9E, 0x58, 0x6E, 0x32, 0xDD, 0x68, 0x7D, 0xEF, 0x75, 0xE8,
    0xE5, 0x7A, 0x9F, 0x63, 0xF9, 0x12, 0x54, 0x57, 0x77, 0x55, 0x38, 0xBE, 0xBC, 0x0B, 0xDE, 0xF8,
    0x9E, 0x68, 0x59, 0x0B, 0xE3, 0x44, 0x1D, 0x05, 0x49, 0xEA, 0x73, 0x48, 0xBF, 0x8C, 0x8B, 0x4E,
    0xF4, 0x32, 0xEF, 0xFA, 0xBA, 0xF5, 0x70, 0x74, 0x7B, 0xCF, 0xCB, 0x75, 0xFB, 0x4F, 0x23, 0x55,
    0x94, 0x75, 0xFB, 0xE1, 0xED, 0x3D, 0x1F, 0xBF, 0x47, 0x7D, 0x76, 0x0F, 0xF5, 0xDB, 0xA2, 0xF4,
    0x0F, 0x6F, 0xED, 0x57, 0x87, 0x47, 0xA8, 0x21, 0x21, 0x35, 0x70, 0x6B, 0x3F, 0xAC, 0x83, 0x3E,
    0x1C, 0xEA, 0xAB, 0xE3, 0xEA, 0x1F, 0x08, 0x57, 0xC7, 0x0D, 0xAD, 0x81, 0xDD, 0x7F, 0x9F, 0xC7,
    0xDD, 0x94, 0xB8, 0x39, 0xAC, 0xAA, 0x6F, 0x86, 0x49, 0xFD, 0x26, 0x4E, 0xCD, 0xDF, 0xC6, 0x64,
    0x4A, 0xCC, 0x9F, 0x17, 0x2C, 0x4A, 0xDC, 0xFB, 0x25, 0x6E, 0x2C, 0x71, 0xCF, 0xEF, 0x71, 0xBA,
    0xC4, 0x35, 0x80, 0x1A, 0xE0, 0x72, 0x6D, 0x2C, 0x80, 0xBB, 0x00, 0xFC, 0x88, 0x7F, 0x19, 0xB4,
    0x6E, 0x4B, 0xEF, 0xBA, 0xEA, 0x0F, 0xBE, 0xCD, 0x5F, 0xFB, 0x66, 0xAF, 0xBD, 0x18, 0x5E, 0x7B,
    0xA1, 0xF1, 0xC6, 0xED, 0x3D, 0xAF, 0x3F, 0x71, 0x23, 0x15, 0xBF, 0xBC, 0xB5, 0xE7, 0xCD, 0x27,
    0xE4, 0xED, 0xFC, 0x8C, 0x87, 0x04, 0x75, 0x04, 0x15, 0x40, 0x7B, 0x78, 0x13, 0x00, 0x56, 0xE8,
    0xD0, 0x61, 0x7C, 0x8B, 0x75, 0xD6, 0xB5, 0xA5, 0xD5, 0xD1, 0x84, 0x05, 0x6A, 0xD8, 0x52, 0x8F,
    0x13, 0x55, 0x8C, 0xF0, 0xBF, 0x05, 0xFF, 0x3A, 0x40, 0x1F, 0xAE, 0x7E, 0xBF, 0x16, 0x38, 0x01,
    0x96, 0xC0, 0x0C, 0x2A, 0x42, 0x1E, 0xE0, 0x0C, 0xF8, 0x12, 0x48, 0x2F, 0xC2, 0x6E, 0xE0, 0xBB,
    0x3C, 0x93, 0xDD, 0x03, 0xF6, 0x58, 0x37, 0x63, 0xFC, 0x84, 0x0E, 0x89, 0x2B, 0xC8, 0xCF, 0xD2,
    0xBF, 0xA7, 0x25, 0xBB, 0xAF, 0x8A, 0x7E, 0x2A, 0xF3, 0x1E, 0xBE, 0xD8, 0x13, 0x9E, 0x7B, 0xFF,
    0x97, 0x33, 0x69, 0xD1, 0xC1, 0xB8, 0xF2, 0xF1, 0x06, 0xF9, 0x49, 0x34, 0x6A, 0x5C, 0x20, 0xFB,
    0x5E, 0xD2, 0x63, 0x38, 0x8D, 0xB0, 0x2E, 0xE8, 0x07, 0x68, 0x03, 0x58, 0x0F, 0xC6, 0x41, 0x0B,
    0x74, 0xC0, 0x16, 0xEA, 0xC3, 0x23, 0x9B, 0x07, 0x0E, 0xFE, 0x0F, 0xC5, 0x9A, 0x01, 0xA4, 0x25,
    0x57, 0x9A, 0xC7, 0x7F, 0x55, 0xA7, 0xFB, 0x95, 0xE9, 0xDA, 0xE9, 0x13, 0xC4, 0xDA, 0x95, 0xA4,
    0x2B, 0x68, 0xCC, 0x92, 0x74, 0x05, 0xC1, 0xC3, 0xBD, 0x55, 0x67, 0x26, 0x08, 0x06, 0x02, 0x16,
    0x16, 0x13, 0x2C, 0x16, 0x48, 0x10, 0x34, 0x7B, 0xDF, 0xBB, 0x87, 0xC1, 0x62, 0x90, 0x07, 0x00,
    0x56, 0x00, 0x00, 0x41, 0x5B, 0xCF, 0x4E, 0x75, 0xEE, 0xC9, 0x04, 0x83, 0x20, 0x65, 0x07, 0x8B,
    0x65, 0xA7, 0xD8, 0x26, 0xC0, 0xE6, 0x64, 0xE6, 0x64, 0xA6, 0x56, 0xD7, 0xBD, 0x67, 0xCF, 0x71,
    0x8F, 0x7D, 0x77, 0x5F, 0x77, 0x77, 0xBF, 0x97, 0x3B, 0x77, 0xB7, 0xEE, 0xF9, 0x7D, 0xF7, 0x3A,
    0xF5, 0x9D, 0xAF, 0xFE, 0xDF, 0x77, 0x2A, 0xA7, 0x4E, 0xA7, 0x1E, 0xDE, 0x1B, 0xB6, 0x06, 0x00,
    0x61, 0x93, 0xA1, 0x1C, 0x01, 0x39, 0x45, 0xB3, 0x00, 0xEA, 0x06, 0x68, 0x6A, 0x60, 0x56, 0x01,
    0x9D, 0xD4, 0x30, 0x96, 0x06, 0x5C, 0x61, 0xC8, 0xAD, 0x18, 0x10, 0x43, 0x6E, 0x11, 0x7D, 0x66,
    0x29, 0xBD, 0x1F, 0x91, 0xDE, 0x4F, 0x48, 0x4D, 0x47, 0x05, 0x73, 0x5A, 0x68, 0x69, 0xA0, 0xE6,
    0x04, 0x2A, 0x25, 0xFD, 0x44, 0x24, 0x1D, 0xE4, 0xFE, 0x8C, 0xCA, 0x8F, 0x34, 0x3C, 0xE4, 0x65,
    0x5A, 0xA0, 0x06, 0x2A, 0x8E, 0xBC, 0xA7, 0x0E, 0x9C, 0x52, 0x31, 0x05, 0x46, 0xEA, 0x40, 0xCB,
    0xC3, 0xCC, 0xD3, 0xFA, 0xAF, 0x28, 0xD6, 0x52, 0x61, 0x85, 0x82, 0x51, 0x02, 0xED, 0x06, 0x28,
    0x1D, 0xBB, 0xD9, 0x14, 0x36, 0xF5, 0x6D, 0xB3, 0xA9, 0x16, 0xC0, 0xBD, 0x39, 0x30, 0xAF, 0x81,
    0xC5, 0x36, 0x1B, 0x05, 0x4E, 0x6A, 0x32, 0x5B, 0x18, 0x84, 0x15, 0x3D, 0x62, 0x10, 0x03, 0x85,
    0xC9, 0x6D, 0x4C, 0xC4, 0x45, 0x33, 0x52, 0x29, 0x3A, 0x5A, 0x38, 0xA1, 0x81, 0x86, 0x13, 0x68,
    0x99, 0xA0, 0x56, 0x92, 0x63, 0x24, 0x1F, 0x51, 0x7E, 0x6E, 0x11, 0x7E, 0x80, 0x95, 0x62, 0x37,
    0xAB, 0x53, 0x1E, 0xF2, 0xFA, 0x75, 0xB3, 0xCA, 0x2D, 0x20, 0x46, 0xA0, 0x98, 0x80, 0x32, 0x1A,
    0xF9, 0x19, 0x50, 0xD5, 0x40, 0x5D, 0x01, 0x8D, 0xD4, 0x70, 0x22, 0x0D, 0x74, 0xA5, 0x81, 0x49,
    0x0C, 0x64, 0xA3, 0xB0, 0xE4, 0x36, 0x4E, 0x85, 0xCD, 0x46, 0x8A, 0x81, 0x29, 0xCE, 0xC7, 0x14,
    0x33, 0xD8, 0x50, 0x69, 0x96, 0xD4, 0x8A, 0x96, 0x16, 0x2A, 0xDD, 0x40, 0x1C, 0xCC, 0x6D, 0x80,
    0x63, 0x80, 0x4F, 0x01, 0x2C, 0x80, 0x03, 0x58, 0xF5, 0x40, 0xAD, 0x2F, 0xF2, 0x58, 0x73, 0x9C,
    0xF2, 0xD8, 0xCD, 0xA5, 0x0D, 0x7C, 0xF6, 0x44, 0x1E, 0xBF, 0xA5, 0xDC, 0x48, 0x05, 0x77, 0x80,
    0xE3, 0x14, 0xDB, 0x26, 0x56, 0x26, 0xC6, 0x85, 0x0A, 0x68, 0x80, 0x05, 0xE0, 0x80, 0x33, 0x00,
    0x78, 0x65, 0x03, 0xDE, 0x0F, 0x85, 0xCB, 0x47, 0xA9, 0xF9, 0xA8, 0x06, 0xE6, 0xC9, 0xAB, 0x03,
    0xC6, 0x84, 0xDB, 0xF9, 0xDD, 0xA5, 0xF3, 0xF3, 0xA4, 0x2C, 0x8E, 0x8B, 0xE3, 0xB3, 0x10, 0x87,
    0x18, 0x8F, 0x11, 0x32, 0x0B, 0xA2, 0x87, 0x42, 0xC3, 0x11, 0x00, 0x64, 0xAB, 0x81, 0xD2, 0xAF,
    0xA9, 0x75, 0x4D, 0xC3, 0x0F, 0x9E, 0x1B, 0x3F, 0x9E, 0x8F, 0x7E, 0xD1, 0x3F, 0x8E, 0x83, 0x33,
    0x10, 0x0E, 0xE4, 0x02, 0xDE, 0xAC, 0xE0, 0xEE, 0xD1, 0xE1, 0xF4, 0x57, 0x40, 0x6B, 0xE0, 0x9F,
    0x06, 0xB2, 0xC1, 0x91, 0xEB, 0xBB, 0xEC, 0xAF, 0x3F, 0x90, 0x59, 0x60, 0x38, 0x9C, 0xEE, 0xDB,
    0x50, 0x11, 0x6D, 0x92, 0x7B, 0x56, 0xFA, 0xA9, 0xD6, 0xA7, 0x0D, 0x7F, 0xD6, 0xC1, 0x48, 0x6C,
    0x8E, 0xF4, 0xA3, 0x83, 0xD0, 0x1F, 0xCE, 0x06, 0x9F, 0xE0, 0x49, 0xAC, 0x67, 0xAC, 0xAB, 0x5C,
    0x80, 0x38, 0xEC, 0xFD, 0x21, 0xFA, 0xFB, 0x60, 0x2D, 0xFC, 0x7D, 0x0F, 0xB5, 0x86, 0x5B, 0xEC,
    0x5D, 0xDF, 0x5C, 0xDD, 0x45, 0xF4, 0x16, 0x7E, 0xD7, 0xC3, 0x52, 0x43, 0x0D, 0x00, 0xDE, 0xF7,
    0x81, 0x35, 0x8E, 0xA5, 0x72, 0x94, 0xC6, 0x21, 0xE2, 0x8C, 0x5A, 0x47, 0x16, 0xC0, 0x3D, 0x9D,
    0x2C, 0x62, 0x1D, 0xC2, 0x6E, 0xFD, 0xA5, 0x89, 0xE3, 0x63, 0x1C, 0xEF, 0xCF, 0x80, 0xEC, 0x27,
    0x3D, 0x14, 0x5F, 0x58, 0x28, 0x7E, 0x15, 0x8D, 0x89, 0xC6, 0xC4, 0xBE, 0xCF, 0x4D, 0xFC, 0x45,
    0x34, 0x41, 0xD7, 0xBB, 0x86, 0xD2, 0x3F, 0x36, 0xD4, 0x6A, 0x69, 0x98, 0x53, 0x19, 0x3A, 0xA4,
    0x61, 0xA4, 0x0C, 0x26, 0xBA, 0x38, 0x8A, 0xF4, 0x2B, 0xF6, 0xD1, 0x45, 0xD3, 0x44, 0x97, 0x5A,
    0x87, 0x11, 0xD2, 0x7F, 0x6D, 0xC8, 0x36, 0x21, 0x4A, 0xE1, 0x37, 0x04, 0xE3, 0xFB, 0xB8, 0x50,
    0xC6, 0x41, 0x74, 0xD1, 0x34, 0xD1, 0xD4, 0xD1, 0x54, 0xD1, 0x48, 0x75, 0x61, 0xBC, 0x9F, 0x92,
    0x49, 0x7D, 0x54, 0x2A, 0x9A, 0x34, 0x22, 0x8D, 0x9D, 0x82, 0x29, 0x5C, 0x8A, 0xEC, 0xFF, 0x8B,
    0xAD, 0xF0, 0x88, 0xF0, 0x53, 0x24, 0xFE, 0x26, 0x11, 0xF3, 0x89, 0xE9, 0xC4, 0x6C, 0x62, 0x32,
    0x31, 0x97, 0x28, 0x3B, 0xEA, 0x77, 0x81, 0x31, 0x42, 0x69, 0xBA, 0x40, 0x4C, 0x22, 0xE6, 0x10,
    0x53, 0x88, 0x19, 0xEC, 0x3E, 0x85, 0xBC, 0xF7, 0x3A, 0xA0, 0x1C, 0xF0, 0x2C, 0x82, 0xF2, 0x08,
    0x0E, 0x9E, 0x4B, 0x8C, 0x13, 0xD0, 0x3B, 0xF1, 0xD3, 0xBD, 0xD4, 0x53, 0xFA, 0x89, 0xA0, 0x95,
    0x39, 0x52, 0x9D, 0x53, 0xEA, 0x38, 0xFF, 0xC1, 0xD7, 0x44, 0xDC, 0xCE, 0xBD, 0x34, 0xE7, 0x76,
    0xF4, 0x4B, 0xF7, 0x52, 0x8F, 0xE4, 0x6D, 0xA4, 0xBE, 0x78, 0xBE, 0x1C, 0x4A, 0xB3, 0x30, 0xAF,
    0x22, 0xCC, 0x1B, 0xE4, 0xF6, 0x3E, 0x78, 0x0B, 0xB5, 0x06, 0x80, 0xE5, 0x80, 0xF0, 0x6B, 0xA4,
    0xAE, 0x55, 0x4D, 0x69, 0xE6, 0x08, 0xB3, 0x40, 0xF4, 0x4B, 0xEF, 0xFB, 0xC8, 0x02, 0x88, 0x34,
    0x40, 0x4D, 0x81, 0xEC, 0x2B, 0x1D, 0x6F, 0x10, 0x56, 0x8F, 0xE0, 0x0D, 0x60, 0x4E, 0xFC, 0x3E,
    0x98, 0xEE, 0x9D, 0x6B, 0x3C, 0xB3, 0xDE, 0x1D, 0xA5, 0x1E, 0x9F, 0x51, 0xEF, 0x86, 0x5B, 0xD4,
    0xFA, 0xA2, 0xDE, 0xBB, 0x1A, 0xF7, 0xD4, 0x79, 0xA1, 0x91, 0x0A, 0x98, 0xED, 0x3C, 0x0B, 0x1D,
    0xB0, 0x1A, 0xA0, 0xD6, 0x7C, 0xF0, 0x08, 0xE1, 0x3D, 0xB1, 0x6E, 0x35, 0xA2, 0x9F, 0x93, 0x0F,
    0x0B, 0x72, 0x1B, 0x6A, 0x6B, 0x23, 0x0B, 0xE0, 0x84, 0x54, 0x5F, 0x72, 0x1D, 0xFC, 0x4C, 0xF0,
    0x57, 0x2C, 0xA7, 0xA7, 0xC6, 0x3B, 0xE2, 0x2C, 0xAC, 0x03, 0x3D, 0xF9, 0xBF, 0x6A, 0xF0, 0xC0,
    0xEC, 0x70, 0xB5, 0xCF, 0xD3, 0xDA, 0x49, 0x73, 0xB1, 0x76, 0xEE, 0x79, 0xCF, 0x5C, 0x7A, 0xB6,
    0xCA, 0xF8, 0x6C, 0x55, 0x69, 0xED, 0x57, 0xDB, 0xB5, 0x3F, 0x9B, 0xA4, 0xE6, 0xF8, 0xD9, 0x6B,
    0xBF, 0x5F, 0x8F, 0x11, 0x98, 0x77, 0x81, 0x45, 0x60, 0x1E, 0x68, 0x03, 0x52, 0x33, 0x2F, 0x5C,
    0xBE, 0xCE, 0x7C, 0x5C, 0xD8, 0x37, 0xAF, 0xD1, 0x00, 0x2B, 0xE0, 0xF7, 0x06, 0xF1, 0xF9, 0xC0,
    0x91, 0xFA, 0x04, 0x80, 0xCC, 0xBF, 0x6B, 0xE2, 0x5A, 0x11, 0xD7, 0x8C, 0xD3, 0x2B, 0xAF, 0x2D,
    0x8F, 0x4D, 0xE6, 0x7F, 0x6A, 0xA0, 0x4C, 0x48, 0x0D, 0xB5, 0xFA, 0x2B, 0x3E, 0xA3, 0xF5, 0x13,
    0x47, 0xFE, 0x0C, 0xDE, 0xCF, 0x14, 0x56, 0x18, 0x16, 0xA5, 0xA6, 0xF5, 0x50, 0x8E, 0xEC, 0x91,
    0x5B, 0xE4, 0x52, 0x6E, 0xD9, 0x36, 0xB7, 0x6A, 0xF3, 0x9A, 0xE4, 0x98, 0x52, 0x7D, 0x44, 0x61,
    0x76, 0xD7, 0x0E, 0xC8, 0xFC, 0x3B, 0x41, 0xEB, 0x1F, 0x53, 0x6E, 0xD2, 0x74, 0x29, 0xAF, 0xDD,
    0xDC, 0x22, 0xBB, 0xB9, 0x45, 0xFF, 0xCC, 0xFF, 0x83, 0x81, 0x62, 0x27, 0xB7, 0x6A, 0x37, 0xB7,
    0xDD, 0x3D, 0xC5, 0x35, 0x73, 0x5A, 0xAD, 0xC7, 0xC8, 0x55, 0xE6, 0xEB, 0xE2, 0xBF, 0xF5, 0xC3,
    0xCE, 0xD3, 0x21, 0xEE, 0xB5, 0x74, 0x90, 0xF7, 0x20, 0x2C, 0xE4, 0x36, 0xD5, 0xAC, 0x07, 0x14,
    0xDC, 0x00, 0x7E, 0x98, 0x72, 0x6B, 0x80, 0x16, 0xB8, 0x73, 0xE0, 0x3C, 0x8F, 0x14, 0x48, 0x03,
    0x8D, 0x85, 0xF3, 0x73, 0x32, 0x3B, 0x07, 0xC0, 0xC1, 0xE2, 0x45, 0x8C, 0xD0, 0x79, 0xEF, 0xA7,
    0xC8, 0x55, 0xFC, 0x33, 0x05, 0xE5, 0x00, 0x77, 0x1E, 0xC0, 0x6C, 0x0E, 0xEF, 0xFF, 0x00, 0x00,
    0xDC, 0xF3, 0xF8, 0x60, 0xE0, 0x0F, 0x7E, 0xC2, 0xEB, 0x53, 0x36, 0xD4, 0x4C, 0x48, 0x35, 0x26,
    0xDC, 0x0B, 0x90, 0x8A, 0xC2, 0x5C, 0x32, 0x7E, 0x2B, 0x38, 0x98, 0xA7, 0x9D, 0x95, 0xE1, 0x44,
    0x32, 0x8A, 0xE2, 0xCA, 0xA6, 0x02, 0x12, 0x78, 0xBF, 0xA5, 0x22, 0x51, 0xAC, 0xA9, 0x5A, 0x6F,
    0x2A, 0x57, 0x0E, 0x95, 0xC9, 0x6D, 0xA5, 0x33, 0x57, 0xC1, 0x95, 0x68, 0x0A, 0xB5, 0xFA, 0x06,
    0xFB, 0x10, 0x40, 0xF4, 0x7B, 0xB5, 0xF6, 0x5D, 0xE5, 0x3D, 0x9F, 0xFC, 0xDD, 0xB5, 0x43, 0x79,
    0x6F, 0x42, 0x03, 0x32, 0xBB, 0x4F, 0xFB, 0x9E, 0x71, 0xAC, 0x50, 0xA3, 0xA4, 0xDD, 0x50, 0xBA,
    0xFD, 0x8B, 0x10, 0xA3, 0xD9, 0x42, 0x75, 0x15, 0xED, 0x9A, 0xF2, 0xD1, 0xB5, 0x03, 0x4A, 0x75,
    0xD5, 0xCF, 0x1D, 0x8E, 0xF9, 0x14, 0x8B, 0x65, 0x65, 0x6A, 0x55, 0xA9, 0xD6, 0x54, 0x0A, 0x00,
    0xAE, 0x3C, 0xAE, 0xAF, 0xF5, 0xA7, 0xEE, 0x53, 0xDC, 0x55, 0x0E, 0xA8, 0xBE, 0x27, 0x75, 0xA2,
    0x0D, 0x34, 0xEE, 0x16, 0x93, 0x93, 0xDE, 0xB9, 0xDC, 0xEB, 0x93, 0xCC, 0x79, 0x31, 0x05, 0x4B,
    0x3A, 0x58, 0xE0, 0xAE, 0xDE, 0xD8, 0xB6, 0xCC, 0x52, 0xC4, 0x5C, 0x38, 0x55, 0xDC, 0x84, 0x56,
    0xF1, 0xCB, 0x3E, 0x1B, 0x6C, 0xA6, 0xEE, 0x02, 0xE0, 0xAE, 0xD7, 0x32, 0x47, 0x6E, 0xDF, 0x2E,
    0x86, 0xA5, 0x37, 0xAF, 0xAC, 0xC1, 0x21, 0x26, 0xCA, 0x8F, 0xA9, 0x0A, 0xFD, 0x72, 0xA6, 0xBE,
    0x5F, 0x3C, 0x61, 0xF1, 0x3D, 0x5E, 0xE1, 0x28, 0x7B, 0x47, 0xA5, 0x1D, 0x4B, 0x1C, 0x13, 0x4E,
    0x58, 0x5C, 0xD9, 0xE3, 0x2A, 0x8D, 0x6B, 0xC1, 0xAD, 0xE1, 0xB1, 0x07, 0xEF, 0x15, 0xFE, 0x63,
    0x83, 0x17, 0x03, 0x53, 0x6E, 0xB7, 0xBE, 0x9C, 0x04, 0x5A, 0xB6, 0xE3, 0x4B, 0x13, 0xC3, 0x3A,
    0x72, 0x47, 0x3A, 0x78, 0x13, 0x68, 0x81, 0x1A, 0xB8, 0x0D, 0xBC, 0x0A, 0xDC, 0x00, 0xC7, 0xF3,
    0x78, 0x88, 0xCB, 0xDD, 0x56, 0x43, 0xAD, 0x70, 0x0F, 0xE1, 0xBB, 0x11, 0x7C, 0x64, 0x0D, 0x9B,
    0x1A, 0x46, 0xA9, 0x71, 0x45, 0xBF, 0xD5, 0xCA, 0x18, 0xE8, 0x02, 0x2D, 0xE9, 0x80, 0x07, 0xC0,
    0x04, 0x74, 0xC0, 0x31, 0xF0, 0x21, 0xF0, 0xD2, 0x4E, 0xEC, 0x62, 0xD8, 0xE6, 0xD7, 0x80, 0x1B,
    0xE1, 0xF1, 0x04, 0x7E, 0x13, 0xA8, 0x61, 0x92, 0xE6, 0x52, 0xEC, 0x30, 0x86, 0x76, 0xFB, 0xB8,
    0x50, 0x17, 0xBB, 0xD9, 0xFB, 0x00, 0x80, 0xDB, 0x9B, 0x27, 0xF7, 0x96, 0xA5, 0x91, 0xEA, 0x1E,
    0x33, 0xEE, 0x02, 0xEE, 0x0A, 0x9F, 0x91, 0x89, 0xD5, 0x50, 0xF7, 0x87, 0xD0, 0xF2, 0xCC, 0xB9,
    0x7C, 0x0D, 0xB8, 0x71, 0x75, 0x7D, 0xCB, 0xA0, 0x0F, 0xA0, 0x54, 0xD2, 0x94, 0x46, 0xE8, 0x82,
    0x9B, 0x38, 0x1E, 0x04, 0xA6, 0x34, 0x7F, 0xC7, 0x81, 0x8F, 0x02, 0xAF, 0xEF, 0xA5, 0xD7, 0xBD,
    0xE9, 0x5A, 0x57, 0xBB, 0xDB, 0xEE, 0x55, 0x77, 0xE3, 0xB9, 0x7A, 0x6C, 0x3D, 0x5C, 0x29, 0x76,
    0xA5, 0x70, 0xAD, 0xD9, 0x52, 0xA9, 0x17, 0x5F, 0x9F, 0xA7, 0x7C, 0x4E, 0x9C, 0x0F, 0x9F, 0x93,
    0x4B, 0xD7, 0xEF, 0xA5, 0x82, 0x67, 0xF3, 0x3A, 0xF2, 0x5D, 0x8B, 0xF4, 0x03, 0x72, 0x03, 0xAB,
    0x1E, 0xBC, 0x82, 0x8F, 0x9F, 0xE5, 0xEF, 0xBD, 0x0B, 0x8C, 0x4F, 0xAC, 0xAD, 0xFF, 0x28, 0xD7,
    0x6D, 0xBF, 0xFA, 0xDF, 0x7D, 0x3A, 0xCC, 0xC1, 0x26, 0x5F, 0xC3, 0x8F, 0x80, 0x0E, 0xB0, 0x90,
    0x0F, 0x20, 0x0C, 0x00, 0x13, 0x2C, 0x36, 0x01, 0x1F, 0xD1, 0x81, 0x9E, 0xC5, 0x63, 0xCB, 0xC2,
    0x8D, 0x81, 0x2E, 0xD0, 0x04, 0x2A, 0xB5, 0x70, 0xD2, 0x2C, 0x9C, 0x18, 0x16, 0x2E, 0xB7, 0x0B,
    0xC7, 0x14, 0x38, 0x09, 0xB4, 0x9D, 0x43, 0x4E, 0x8E, 0x32, 0x20, 0x02, 0x59, 0x80, 0x09, 0x3A,
    0xC0, 0x41, 0x96, 0xAE, 0x93, 0x2B, 0x00, 0xE6, 0xE5, 0xC8, 0x7C, 0xE9, 0x69, 0x86, 0x4A, 0xB7,
    0xBA, 0x34, 0x2D, 0xA2, 0x6F, 0x12, 0xF3, 0x17, 0xF0, 0x42, 0x9D, 0xED, 0xF7, 0xD1, 0x99, 0x8E,
    0x32, 0xED, 0x0F, 0xCB, 0x80, 0xD0, 0x50, 0x00, 0xD9, 0x7E, 0x7A, 0x5F, 0x14, 0x3B, 0x3B, 0xFB,
    0x4B, 0xB0, 0x33, 0x98, 0x59, 0xA8, 0x7A, 0x28, 0xF5, 0xC1, 0xE6, 0x23, 0x8B, 0xD7, 0x79, 0xE0,
    0xA0, 0x19, 0xA0, 0x32, 0x70, 0xC4, 0xDE, 0xF3, 0xF1, 0x20, 0x89, 0x85, 0x0E, 0xE0, 0x18, 0xE0,
    0x6D, 0x80, 0xD7, 0x01, 0x70, 0xF5, 0x00, 0xDF, 0xF9, 0x09, 0x1E, 0xEB, 0x53, 0xD8, 0x50, 0xC3,
    0x84, 0x54, 0x8C, 0x24, 0x83, 0xBB, 0x9A, 0x39, 0xCC, 0x0D, 0xCA, 0x22, 0xD1, 0x25, 0x46, 0x7E,
    0x28, 0x2C, 0x95, 0xEF, 0x39, 0xDA, 0xEC, 0x39, 0xF1, 0x09, 0x0A, 0x03, 0x95, 0x41, 0x78, 0x85,
    0x18, 0xB9, 0xFC, 0x2A, 0x0A, 0x80, 0x6A, 0x0D, 0x99, 0xF7, 0x3D, 0x85, 0x2B, 0x1C, 0xD2, 0xD0,
    0xD1, 0x42, 0xC3, 0x1C, 0x2A, 0x3A, 0x90, 0x2A, 0x1A, 0x3D, 0x42, 0x69, 0x9E, 0x66, 0xE2, 0x59,
    0x1D, 0x8D, 0x8A, 0x23, 0xB6, 0x63, 0xA5, 0x61, 0xDA, 0xC6, 0x8B, 0x91, 0xB7, 0xD7, 0x10, 0xDE,
    0x47, 0x48, 0x07, 0xAC, 0x06, 0x0A, 0xBF, 0xA1, 0xD2, 0x95, 0x6A, 0x28, 0xCC, 0x82, 0x7C, 0x18,
    0xC9, 0xEC, 0x08, 0x3B, 0x64, 0x36, 0xF6, 0x37, 0x08, 0x13, 0xFD, 0xA2, 0x7F, 0x1C, 0x17, 0xFF,
    0x75, 0x0F, 0x56, 0x68, 0x58, 0x94, 0x0A, 0x5A, 0x0F, 0x94, 0xE3, 0xFF, 0x75, 0x4A, 0xCF, 0xFA,
    0x1F, 0x79, 0x17, 0xA9, 0xD5, 0xAA, 0xA1, 0x34, 0x0B, 0xC4, 0x30, 0x06, 0xAF, 0x88, 0x8B, 0xDF,
    0x89, 0xD8, 0x1F, 0xCF, 0x07, 0xBF, 0x8B, 0xD4, 0xC4, 0x7F, 0xF4, 0x50, 0x7C, 0xA9, 0x41, 0x4A,
    0xE0, 0xCD, 0x39, 0xFF, 0x1F, 0xB3, 0x45, 0x35, 0x87, 0xF9, 0x02, 0xEE, 0x5B, 0xF8, 0x76, 0x00,
    0xD8, 0x3F, 0xB5, 0x0F, 0x1E, 0x2D, 0xFD, 0x46, 0x78, 0xBF, 0xF2, 0x6B, 0xD9, 0x57, 0x13, 0xD4,
    0x88, 0x09, 0x1A, 0xF2, 0x09, 0x16, 0x69, 0xD5, 0x8E, 0x76, 0x84, 0x6E, 0xC7, 0xAE, 0xBC, 0x73,
    0xB0, 0xF4, 0xEE, 0x52, 0x7F, 0x17, 0x1B, 0x69, 0x6C, 0x8A, 0x93, 0x62, 0x6E, 0xE3, 0x6F, 0xAF,
    0xB5, 0xBD, 0x6E, 0x78, 0xD9, 0x51, 0x6C, 0x28, 0xFD, 0xD8, 0xFA, 0xA1, 0x56, 0xA7, 0x53, 0xEE,
    0xE6, 0x54, 0x96, 0xAE, 0x0B, 0xBE, 0xCC, 0x46, 0x4A, 0xC3, 0x3C, 0x58, 0xEF, 0xD7, 0x8E, 0x22,
    0xD8, 0xD8, 0x03, 0x5B, 0x1B, 0x7D, 0x20, 0xFA, 0xF3, 0x56, 0xAD, 0x96, 0xEB, 0x6C, 0x2C, 0xFD,
    0xB4, 0xF4, 0x43, 0x88, 0x59, 0x6E, 0x14, 0xD9, 0x19, 0x88, 0x01, 0x0A, 0x03, 0x52, 0xC1, 0x3D,
    0x00, 0xF0, 0x7E, 0x20, 0xBD, 0x83, 0x08, 0xC8, 0xB4, 0x67, 0xDD, 0x45, 0x2A, 0xC7, 0x29, 0xDE,
    0x8F, 0x81, 0x1E, 0x27, 0x1C, 0x8E, 0x29, 0xED, 0x01, 0x1B, 0xD2, 0x5E, 0x57, 0x39, 0x64, 0xF2,
    0x17, 0x43, 0x8C, 0x7F, 0x0F, 0x66, 0x70, 0x0E, 0x9F, 0x00, 0xCC, 0x5F, 0x31, 0xF3, 0xA5, 0x69,
    0x1C, 0xAD, 0xA1, 0x25, 0xB6, 0x26, 0x36, 0xE6, 0x4F, 0xB6, 0xEB, 0x4A, 0x1A, 0xAE, 0x24, 0xE9,
    0x85, 0xDB, 0xEF, 0x5A, 0x7F, 0xE7, 0xD5, 0xE3, 0x1E, 0x0F, 0xEB, 0x34, 0xBD, 0xB1, 0xB9, 0xA7,
    0x35, 0x00, 0x78, 0x90, 0xEE, 0x05, 0x8E, 0xE1, 0x43, 0x78, 0x0F, 0x8E, 0x78, 0x9F, 0xE2, 0x57,
    0x03, 0xF9, 0xD7, 0x06, 0x3C, 0x30, 0x3F, 0x5C, 0x8D, 0x67, 0xA5, 0xAA, 0xEE, 0x50, 0x76, 0x08,
    0x07, 0x67, 0xD7, 0xAD, 0xF1, 0xA5, 0xD7, 0xA0, 0x17, 0x8F, 0x3A, 0x56, 0x8F, 0x28, 0xBC, 0x47,
    0xEA, 0xCA, 0xD4, 0x08, 0xD5, 0x00, 0x91, 0x96, 0xF4, 0xF4, 0x5D, 0x43, 0xE6, 0x7B, 0xA8, 0x47,
    0xC8, 0x3D, 0xB0, 0xD4, 0x20, 0x0D, 0x14, 0xFF, 0xB3, 0xA2, 0xCF, 0x28, 0xCC, 0x52, 0xD7, 0x4A,
    0xA6, 0xD7, 0x5F, 0x88, 0x61, 0xFB, 0x02, 0x88, 0x3B, 0xF0, 0x23, 0x88, 0x03, 0xC3, 0xC9, 0xA1,
    0x55, 0xB6, 0x81, 0x36, 0x06, 0x8E, 0x71, 0x59, 0xF5, 0x14, 0x69, 0x5B, 0x74, 0x83, 0x6E, 0x9E,
    0x8F, 0xB5, 0xB7, 0xC1, 0x93, 0x9B, 0x40, 0xAB, 0xE1, 0x9F, 0xB7, 0x6F, 0x3C, 0x33, 0x75, 0xF7,
    0x70, 0x52, 0x17, 0xE0, 0x11, 0xFF, 0xA6, 0xCB, 0x9F, 0xF7, 0xB7, 0x38, 0xBB, 0xB6, 0xD4, 0x2B,
    0x49, 0xD2, 0x49, 0xD2, 0x06, 0x68, 0xB7, 0x92, 0x92, 0x9C, 0x97, 0xA2, 0x24, 0x4A, 0xB3, 0x3C,
    0xAB, 0x75, 0xE5, 0x3D, 0xB9, 0x1F, 0xE1, 0x0E, 0xF0, 0x06, 0xD0, 0x1A, 0xC8, 0x07, 0xC0, 0xC2,
    0x5F, 0xF7, 0xB0, 0x52, 0x49, 0x5C, 0xFD, 0x63, 0xBB, 0x9D, 0xE9, 0x5A, 0x23, 0x47, 0x72, 0xAF,
    0xA9, 0x2D, 0x79, 0x5A, 0x7B, 0x6E, 0x30, 0x35, 0xB9, 0xAB, 0xFD, 0x50, 0x78, 0xC5, 0x87, 0x30,
    0xC0, 0x1A, 0x24, 0xD9, 0xCF, 0xC8, 0xA7, 0x58, 0xCC, 0x58, 0xD4, 0x58, 0xDC, 0xAD, 0x98, 0x9B,
    0x1C, 0xAC, 0xB8, 0xF2, 0xC7, 0x83, 0xF8, 0xC2, 0x64, 0xDF, 0xC0, 0xE6, 0xFB, 0xDC, 0x07, 0xDE,
    0xFB, 0x29, 0x42, 0x61, 0xF8, 0xD3, 0x01, 0xDC, 0x62, 0xAB, 0x3C, 0xB3, 0x40, 0xE0, 0xCF, 0x07,
    0xA8, 0x35, 0xE8, 0xE0, 0x71, 0xD1, 0xBC, 0x37, 0xA1, 0x15, 0x86, 0xE7, 0x34, 0x31, 0x90, 0xFB,
    0x9E, 0x65, 0xCF, 0x1B, 0x70, 0x0C, 0x4B, 0x45, 0xEC, 0x35, 0xFC, 0x8D, 0x66, 0x03, 0xEF, 0xFD,
    0x05, 0x9C, 0xCF, 0x60, 0xF6, 0x00, 0x64, 0x5A, 0x8A, 0x81, 0x83, 0x24, 0x96, 0xF6, 0xD3, 0x99,
    0x29, 0x83, 0x66, 0xA1, 0x0B, 0x53, 0xC4, 0xEE, 0x98, 0x45, 0xE4, 0xCA, 0x61, 0x84, 0x85, 0xCC,
    0x5B, 0x58, 0x0E, 0x57, 0xD6, 0x29, 0xBD, 0xB7, 0x91, 0x2B, 0x5D, 0xE0, 0x45, 0x45, 0xF6, 0x3E,
    0xB6, 0x27, 0x8A, 0x6C, 0x58, 0x1A, 0xCE, 0x7F, 0x48, 0xEE, 0x5F, 0x45, 0xFC, 0x7A, 0x22, 0xD7,
    0xEF, 0x01, 0xE0, 0xC0, 0x5D, 0x97, 0x31, 0xD1, 0x6D, 0x37, 0x72, 0xB6, 0x41, 0x0C, 0x95, 0xAE,
    0x4C, 0xE1, 0x3D, 0xAC, 0x1E, 0x91, 0x0F, 0x6F, 0x53, 0x4E, 0x1F, 0x22, 0x2B, 0xCB, 0xAD, 0x4C,
    0x01, 0xE0, 0x90, 0xEA, 0x45, 0x8C, 0x11, 0x6A, 0xD5, 0xD1, 0xAA, 0x26, 0xFB, 0x46, 0xD7, 0xFE,
    0x2B, 0x5D, 0xAC, 0x4B, 0xBD, 0xB3, 0xC9, 0x3C, 0x98, 0xE6, 0xDD, 0x57, 0xCE, 0xFB, 0xEA, 0xCD,
    0xD4, 0x4D, 0x84, 0x09, 0xB5, 0x1E, 0x66, 0xE0, 0x47, 0xA8, 0xFB, 0xC3, 0xE9, 0x7E, 0xF2, 0x4F,
    0xA8, 0xF6, 0xD6, 0x8F, 0xD4, 0xF0, 0xF6, 0x27, 0xF0, 0xD6, 0x5B, 0xDB, 0x6F, 0xA9, 0x0F, 0xA6,
    0x9F, 0x06, 0xF8, 0x17, 0x0D, 0xC6, 0x6C, 0xBF, 0x1B, 0xD8, 0x5F, 0xFF, 0xCF, 0xA0, 0x99, 0xC3,
    0x22, 0xBD, 0x5E, 0x85, 0xC3, 0xE9, 0x9F, 0xCF, 0xE1, 0x7C, 0x84, 0x6F, 0x2D, 0xE2, 0x37, 0x06,
    0xD8, 0x5F, 0xFF, 0x9E, 0x3A, 0x5D, 0xD2, 0x69, 0x83, 0xCE, 0xBE, 0xF4, 0x5E, 0xB3, 0xDA, 0x40,
    0xD1, 0x43, 0x05, 0xCC, 0x76, 0xA8, 0x2D, 0x94, 0xFD, 0x1E, 0x5A, 0xA5, 0x86, 0xDB, 0xCF, 0x7E,
    0x35, 0x4F, 0xA6, 0x00, 0x8A, 0x01, 0x40, 0x3E, 0x00, 0x98, 0xCD, 0x00, 0xCE, 0x2B, 0xD2, 0xD1,
    0xC6, 0xB3, 0x0F, 0x5B, 0x4A, 0x4B, 0x57, 0x23, 0x2D, 0x53, 0xAD, 0xA4, 0x63, 0xAC, 0x54, 0x75,
    0xCE, 0x28, 0xF5, 0xBD, 0x45, 0xE6, 0xA4, 0x99, 0xCF, 0x72, 0x5B, 0x9A, 0xD9, 0x5C, 0xD8, 0xC2,
    0x2C, 0xEE, 0x89, 0xA1, 0xE8, 0xCF, 0x2B, 0x31, 0x88, 0xDE, 0xC9, 0xA2, 0x17, 0x83, 0x95, 0xEF,
    0x9A, 0xFC, 0x5B, 0x5B, 0xFE, 0xC2, 0x64, 0xBF, 0x1B, 0x8A, 0xAF, 0x74, 0xF6, 0xFB, 0x5E, 0x7C,
    0xA5, 0xF8, 0xA3, 0x11, 0xBF, 0x55, 0x78, 0x93, 0x7B, 0x58, 0xE9, 0xCC, 0xC3, 0x52, 0xB1, 0x09,
    0x16, 0xD6, 0xD0, 0xC2, 0x43, 0x60, 0x01, 0xB0, 0x01, 0xC4, 0x97, 0x0A, 0xCA, 0x77, 0x0C, 0xDC,
    0xE4, 0x3D, 0x00, 0xE8, 0xE2, 0x67, 0xC1, 0x9A, 0x6E, 0xCE, 0x86, 0x31, 0xA4, 0x8D, 0xAB, 0xF3,
    0x2F, 0x33, 0x5B, 0x89, 0x5F, 0xFF, 0x24, 0x5C, 0xF4, 0xE7, 0x5F, 0x0C, 0xF2, 0xA7, 0xEF, 0x7C,
    0xD1, 0x97, 0x1F, 0xE7, 0xBF, 0x31, 0xC5, 0x57, 0xD9, 0xD7, 0x46, 0xFC, 0x3B, 0x8F, 0xB5, 0x98,
    0x58, 0xA9, 0x7C, 0x62, 0x49, 0x36, 0xD2, 0x82, 0xA3, 0x81, 0x4C, 0x43, 0x31, 0x6C, 0xAB, 0xF0,
    0xE6, 0x0C, 0xEE, 0x57, 0x00, 0x34, 0x70, 0x5A, 0x43, 0x27, 0x35, 0x63, 0x69, 0x72, 0x1B, 0x92,
    0x1A, 0x62, 0xAA, 0x31, 0x75, 0xBA, 0x1A, 0x9A, 0x06, 0xEA, 0x0E, 0xE4, 0x08, 0xA5, 0x05, 0x31,
    0x04, 0xFA, 0xE7, 0x53, 0x01, 0xAD, 0x81, 0x3F, 0x0C, 0xE4, 0x83, 0x23, 0x53, 0x2F, 0x03, 0xB0,
    0xD8, 0xBE, 0xDD, 0xD4, 0x35, 0xA1, 0xB8, 0xAA, 0x46, 0xEA, 0x86, 0xC2, 0xCC, 0x10, 0x7D, 0x97,
    0xFE, 0x95, 0x6E, 0xE1, 0xBB, 0xC0, 0x2F, 0xFB, 0xED, 0xF8, 0x48, 0xA5, 0x02, 0xC0, 0x3D, 0x60,
    0x0E, 0x4C, 0x20, 0x2C, 0xF8, 0x1E, 0x36, 0x00, 0x9F, 0x96, 0xE0, 0xA4, 0x8A, 0xDF, 0x00, 0x6D,
    0xCC, 0x47, 0x31, 0x49, 0x9D, 0xFD, 0xE9, 0xF2, 0xE1, 0x6F, 0x01, 0xB7, 0xFB, 0x57, 0x88, 0x00,
    0xB4, 0xDE, 0xDB, 0x08, 0x94, 0x3D, 0x48, 0x0D, 0x2D, 0x70, 0x0A, 0x4C, 0x90, 0xBB, 0x6D, 0x6C,
    0x19, 0x73, 0x48, 0xA7, 0x1E, 0x5E, 0xE8, 0x2F, 0xD2, 0xA9, 0x5A, 0xC1, 0xF2, 0xD2, 0x96, 0x42,
    0x2A, 0x2A, 0x98, 0xC1, 0xCB, 0x00, 0xA1, 0x33, 0x34, 0x32, 0x1B, 0xC3, 0x95, 0x86, 0x0A, 0xE6,
    0x30, 0x12, 0x3B, 0xA2, 0x2F, 0x35, 0xCC, 0xC0, 0xC7, 0xC3, 0x53, 0x42, 0xEC, 0xA3, 0xE4, 0x92,
    0x44, 0xD9, 0x5F, 0xE8, 0xF8, 0xEC, 0x42, 0x62, 0x61, 0x93, 0x8E, 0x0B, 0x89, 0x59, 0x94, 0xE8,
    0x9E, 0x23, 0xF1, 0x18, 0x16, 0x44, 0x7B, 0x21, 0xCE, 0x5D, 0x88, 0x6B, 0x20, 0xA9, 0x8D, 0xA3,
    0x6B, 0x98, 0x93, 0xC4, 0x65, 0x67, 0x2F, 0x83, 0x3D, 0x87, 0xFB, 0x16, 0x6A, 0x13, 0x85, 0x1E,
    0xAC, 0x8E, 0x95, 0x30, 0xE5, 0x2F, 0x94, 0xF8, 0x4F, 0x98, 0xE0, 0xA5, 0x6B, 0xD7, 0xF1, 0xBF,
    0x01, 0xBD, 0x96, 0x01, 0xA7, 0x1D, 0x47, 0x14, 0xC7, 0x7F, 0xBB, 0x9B, 0xBE, 0xA5, 0x9B, 0x76,
    0x8A, 0x22, 0xD5, 0x26, 0x53, 0x04, 0x2D, 0x7D, 0x6F, 0x00, 0x82, 0x7B, 0x77, 0x87, 0xA2, 0x28,
    0xDA, 0x6F, 0x50, 0x28, 0x00, 0x81, 0x20, 0xB8, 0x37, 0x77, 0xB4, 0x5F, 0x20, 0x1F, 0xA5, 0x78,
    0x08, 0xEE, 0xCB, 0x1B, 0x29, 0x0A, 0xC8, 0x4A, 0xBF, 0xC0, 0xD5, 0x94, 0x02, 0xCD, 0x68, 0x57,
    0x2D, 0xD9, 0xFB, 0xA6, 0x73, 0xC6, 0xBA, 0x55, 0x12, 0x15, 0xE9, 0xCB, 0xB1, 0xFF, 0xDF, 0xDE,
    0xB7, 0x33, 0x33, 0x67, 0xCF, 0xF3, 0x1F, 0x67, 0xD1, 0x17, 0x28, 0x5B, 0xC4, 0xD8, 0x2B, 0x5B,
    0x0F, 0xF5, 0xA8, 0xAC, 0xF2, 0x9C, 0x19, 0x3A, 0xE8, 0x56, 0x2C, 0x41, 0x07, 0xB6, 0xA0, 0xDC,
    0xCC, 0x11, 0x1A, 0xFF, 0x52, 0xFE, 0x33, 0xD3, 0xE6, 0xB5, 0xD0, 0x41, 0x0B, 0xCA, 0x33, 0x41,
    0xDA, 0x7F, 0x00, 0xC9, 0x05, 0xE8, 0x3D, 0xC0, 0xF9, 0xAE, 0xEA, 0xEB, 0x78, 0x51, 0xF5, 0xDA,
    0x99, 0xCF, 0xFB, 0x96, 0xE6, 0x27, 0xBF, 0xA2, 0x7A, 0x66, 0x47, 0xCA, 0x3D, 0x09, 0x81, 0x41,
    0x30, 0x1E, 0x90, 0x46, 0x77, 0xB4, 0x92, 0x2B, 0xAD, 0xB0, 0xD4, 0x71, 0x9F, 0x77, 0x81, 0x01,
    0x86, 0x95, 0x60, 0x7B, 0xC0, 0x98, 0xF0, 0x57, 0x48, 0x88, 0x3E, 0xE1, 0x22, 0x4F, 0x79, 0x39,
    0xC6, 0x03, 0xB6, 0x14, 0x92, 0xA8, 0x0C, 0xB4, 0x92, 0x4D, 0x3B, 0xED, 0xA9, 0x63, 0x94, 0x44,
    0xBF, 0xCA, 0xB8, 0xFA, 0xCA, 0xFE, 0x0B, 0xDF, 0x90, 0xF0, 0x50, 0x30, 0x0A, 0x7A, 0x81, 0x25,
    0x63, 0x24, 0xC3, 0x58, 0xB6, 0x74, 0x96, 0xB6, 0x78, 0xE6, 0x30, 0xF1, 0xB1, 0xA3, 0xDE, 0x2B,
    0x07, 0x37, 0x8F, 0x2C, 0x1C, 0x2B, 0x40, 0x2D, 0x81, 0x7A, 0x04, 0x49, 0x9B, 0x63, 0xFE, 0x55,
    0x0D, 0x40, 0x3D, 0x01, 0x8D, 0x40, 0xAD, 0x01, 0x6D, 0x80, 0x13, 0x0D, 0x2C, 0x95, 0x85, 0x55,
    0xE3, 0x61, 0x5B, 0x27, 0x0C, 0x55, 0x4F, 0x11, 0xAA, 0x90, 0x96, 0x96, 0x41, 0xDE, 0x7D, 0x90,
    0x17, 0x1F, 0x69, 0x62, 0x9C, 0x50, 0x8E, 0x35, 0xDA, 0xD2, 0x62, 0xC0, 0xD0, 0x81, 0xB6, 0xF7,
    0x40, 0xB9, 0xDA, 0xA5, 0x05, 0x4F, 0x7A, 0x78, 0xEE, 0x60, 0x03, 0x7C, 0x30, 0xE7, 0x8F, 0xF7,
    0xD1, 0x71, 0xA4, 0xE5, 0x8C, 0x9B, 0x32, 0x1F, 0x03, 0x68, 0x8E, 0x62, 0xC4, 0x24, 0xDD, 0x43,
    0x33, 0x25, 0x8D, 0x98, 0xA4, 0x8E, 0xB3, 0x22, 0xD2, 0xC5, 0xC7, 0x52, 0x9B, 0xFD, 0xF6, 0x2D,
    0x16, 0x27, 0xDC, 0x58, 0xD0, 0x04, 0xAA, 0x1E, 0x10, 0xBE, 0xCE, 0xF5, 0x40, 0xB1, 0x5C, 0xA0,
    0x4E, 0xA9, 0x77, 0x14, 0xF6, 0x55, 0x37, 0x94, 0x7F, 0x35, 0xB0, 0xD4, 0x80, 0x5A, 0x01, 0x55,
    0x00, 0x8A, 0xFB, 0xCC, 0xA1, 0xF7, 0xB3, 0x31, 0xB3, 0x47, 0x95, 0x38, 0x39, 0x3B, 0x37, 0x9B,
    0x38, 0xFB, 0x59, 0xE0, 0xB2, 0xCB, 0x5F, 0x84, 0x3C, 0x2A, 0xB0, 0xB2, 0x22, 0xAF, 0xCD, 0xA6,
    0xCF, 0xFB, 0xCD, 0x96, 0x97, 0x1C, 0x65, 0x7F, 0x17, 0x42, 0x80, 0x4D, 0x0F, 0xC6, 0xC1, 0xDB,
    0x00, 0x64, 0x0B, 0xA7, 0x73, 0x90, 0x4D, 0x2D, 0xEE, 0x16, 0x9B, 0x8B, 0xDF, 0x45, 0x83, 0xDC,
    0x67, 0xC9, 0x73, 0x19, 0x97, 0x79, 0x32, 0x5F, 0xD6, 0x15, 0xEE, 0x1A, 0x84, 0x07, 0xB0, 0x0E,
    0xA0, 0x3D, 0x48, 0xA5, 0x90, 0x5D, 0xFD, 0xAA, 0x1A, 0x67, 0xC9, 0x11, 0x90, 0x13, 0x20, 0x07,
    0x40, 0xFC, 0x2F, 0xF6, 0x17, 0xF7, 0xD7, 0x3E, 0x50, 0xFE, 0x32, 0x5B, 0xA5, 0x03, 0xAE, 0x00,
    0x90, 0xCD, 0xFE, 0x5F, 0x1A, 0xB3, 0x8C, 0x95, 0x93, 0x20, 0x07, 0x41, 0xCE, 0x41, 0xBD, 0x6F,
    0x5C, 0x15, 0x27, 0x44, 0xCC, 0x51, 0xFA, 0xCF, 0xA8, 0xFA, 0xA5, 0xDC, 0x2F, 0xAD, 0x0E, 0x15,
    0x43, 0x16, 0x40, 0xC3, 0x0F, 0xF9, 0x0D, 0xE5, 0x0E, 0xAF, 0x5B, 0x8F, 0x72, 0x94, 0x3B, 0xA8,
    0x3C, 0x34, 0xF6, 0x8D, 0xD5, 0x43, 0xE3, 0x40, 0x01, 0xC7, 0x97, 0x50, 0x8F, 0x7B, 0x1F, 0xC2,
    0x29, 0xB4, 0x3D, 0x28, 0xF7, 0xC6, 0x6A, 0x2A, 0xF9, 0x9A, 0xEA, 0x91, 0x78, 0xCD, 0x42, 0x7B,
    0x09, 0x75, 0x2D, 0x80, 0x1B, 0x80, 0x7A, 0x73, 0xBE, 0x23, 0x00, 0x77, 0x81, 0xC5, 0x25, 0xD4,
    0x23, 0xDD, 0x44, 0x9A, 0x89, 0x5A, 0xCD, 0x6D, 0xE3, 0x3E, 0x39, 0x3E, 0xBC, 0xB0, 0xC4, 0xB8,
    0xAB, 0x87, 0x62, 0x52, 0x8E, 0x5B, 0x06, 0x58, 0x02, 0x2B, 0x60, 0x0B, 0x8C, 0xB3, 0x06, 0xE2,
    0x7E, 0xCC, 0x62, 0xB9, 0x4D, 0x5A, 0x25, 0x2D, 0x93, 0xBA, 0x24, 0xE5, 0x58, 0xD6, 0x43, 0xB9,
    0x2F, 0x62, 0xDC, 0x63, 0x2E, 0xAE, 0xD7, 0xFE, 0xD0, 0x32, 0xA0, 0x03, 0xAE, 0x91, 0xA3, 0x88,
    0x5F, 0x78, 0x15, 0x7F, 0xF3, 0xC6, 0x6D, 0xFC, 0x3D, 0xB4, 0xDF, 0xA2, 0xFC, 0x48, 0x93, 0x54,
    0xFB, 0x21, 0x49, 0xEE, 0xF2, 0xF7, 0x36, 0xA9, 0x45, 0xE5, 0x79, 0x2A, 0x3E, 0xF7, 0x45, 0xFC,
    0xD2, 0x43, 0x33, 0x4B, 0x39, 0x30, 0xF6, 0x53, 0x1E, 0xD2, 0xC5, 0x89, 0xA3, 0x28, 0x75, 0x2C,
    0x00, 0xEE, 0x08, 0x02, 0x73, 0x54, 0x3B, 0xE0, 0x9D, 0x4F, 0x80, 0xAB, 0x57, 0xF3, 0xAF, 0xFC,
    0x4C, 0x10, 0x80, 0x5A, 0xD0, 0x0C, 0x80, 0x9A, 0x00, 0xBD, 0x02, 0xCC, 0x12, 0x68, 0x4F, 0x80,
    0x85, 0x06, 0xB6, 0xCA, 0xC2, 0x28, 0xD9, 0x86, 0xC6, 0x53, 0x86, 0xBA, 0x4F, 0x4B, 0xD3, 0x0E,
    0x55, 0x5F, 0x06, 0x69, 0x9C, 0x03, 0x4A, 0xBA, 0xA7, 0x72, 0x4C, 0x68, 0xCB, 0x9A, 0x0E, 0x5A,
    0x5A, 0xE8, 0x58, 0x83, 0x39, 0x9C, 0x72, 0xDE, 0x25, 0x87, 0x0C, 0xF1, 0xC4, 0x81, 0xF7, 0xF9,
    0x4E, 0xFB, 0xFA, 0x8D, 0x54, 0x96, 0x0B, 0xE6, 0x93, 0xA7, 0x05, 0x2C, 0x33, 0xEF, 0x72, 0x08,
    0x15, 0x63, 0x00, 0x93, 0xD9, 0xF5, 0x00, 0x9B, 0xCC, 0xE7, 0xC2, 0xE2, 0x4F, 0x61, 0xF5, 0x54,
    0x58, 0xFF, 0x2C, 0x54, 0x3F, 0x66, 0x7E, 0x1F, 0xA3, 0xC7, 0x54, 0xC2, 0xB6, 0xEA, 0x81, 0xB3,
    0xCC, 0x49, 0x58, 0x8C, 0xC2, 0x34, 0x96, 0x58, 0x67, 0x2A, 0x2F, 0x4F, 0xB4, 0x13, 0x1A, 0x19,
    0x09, 0x5D, 0x26, 0x30, 0x1C, 0x3E, 0x57, 0xA8, 0xBC, 0xB0, 0x71, 0x70, 0x68, 0x6E, 0x32, 0x16,
    0xDD, 0xED, 0x01, 0x1D, 0xFF, 0x88, 0x91, 0x75, 0x11, 0x7B, 0xED, 0x3F, 0x66, 0x63, 0x65, 0xA7,
    0x8E, 0x72, 0x07, 0x6D, 0x5A, 0x7D, 0x14, 0x53, 0x04, 0x93, 0xF9, 0x90, 0x16, 0x98, 0x32, 0x47,
    0xBA, 0xCC, 0x73, 0x5B, 0xBA, 0xB3, 0x32, 0xEE, 0x1A, 0xDF, 0xC5, 0x27, 0x31, 0xDA, 0xFA, 0x82,
    0xB4, 0x27, 0x68, 0x80, 0x56, 0xB0, 0x12, 0x0C, 0xCC, 0xCE, 0x9F, 0xBD, 0xBF, 0x92, 0xF6, 0x3B,
    0x20, 0x1F, 0xB7, 0x52, 0xC2, 0x1E, 0x43, 0x73, 0xCE, 0x12, 0xA5, 0xED, 0x8A, 0x13, 0xE9, 0xDA,
    0x0B, 0xF1, 0xE8, 0x83, 0x26, 0x21, 0x34, 0x7E, 0x28, 0x53, 0x82, 0xB1, 0xF2, 0x09, 0x8D, 0x6B,
    0xFC, 0xA4, 0x48, 0x53, 0x8E, 0x51, 0x76, 0xBD, 0x40, 0xD3, 0x9D, 0xD2, 0xA2, 0x03, 0x13, 0x8D,
    0x34, 0xF6, 0xFC, 0x8F, 0x51, 0xB7, 0xF7, 0x70, 0x83, 0x1C, 0x23, 0x14, 0x01, 0xA4, 0xB0, 0xDA,
    0xCD, 0x9D, 0xB8, 0x81, 0xF3, 0xDF, 0xE7, 0xEE, 0xBE, 0xB1, 0x2D, 0xD1, 0xAF, 0x8A, 0xA7, 0xFD,
    0x58, 0x3D, 0x0A, 0x63, 0xFD, 0x5D, 0x18, 0x54, 0xEA, 0xEC, 0xD7, 0x93, 0x16, 0xA9, 0xBB, 0xDF,
    0x49, 0xDD, 0x3D, 0x34, 0x5E, 0xF7, 0xC6, 0x36, 0x69, 0x7E, 0x73, 0xBE, 0x43, 0x01, 0xB9, 0xF3,
    0xC6, 0x88, 0x72, 0xDA, 0x1B, 0x2A, 0xDB, 0x02, 0xA2, 0x0E, 0xD0, 0x3D, 0x34, 0xF9, 0xEB, 0xA5,
    0x07, 0x33, 0x42, 0x19, 0x81, 0x8D, 0x03, 0xE5, 0xA1, 0xEE, 0xA1, 0xCA, 0x5A, 0x50, 0xFB, 0x8D,
    0x33, 0x56, 0xC5, 0x3D, 0x45, 0xDA, 0xF7, 0x10, 0xE2, 0x5F, 0x35, 0x1F, 0xBC, 0xCA, 0x41, 0x0D,
    0x14, 0xB2, 0x4D, 0x9A, 0xBA, 0xEB, 0x6C, 0xC8, 0x76, 0x97, 0x34, 0x92, 0xE5, 0x5C, 0xBE, 0x90,
    0x60, 0x82, 0xED, 0x15, 0xB6, 0xCB, 0x72, 0x34, 0x31, 0xA4, 0x99, 0xE4, 0xE0, 0x94, 0x3C, 0x02,
    0xB7, 0xE0, 0x0E, 0xBC, 0x47, 0x8C, 0x71, 0x12, 0x51, 0x7B, 0xFE, 0x27, 0xBD, 0xF8, 0xC5, 0x0B,
    0x07, 0x95, 0x85, 0x12, 0x70, 0x32, 0xEB, 0x70, 0xC5, 0xE8, 0xD3, 0x25, 0xBF, 0x5F, 0x7E, 0x55,
    0x3B, 0xCA, 0xE8, 0xD9, 0xCC, 0x9B, 0x73, 0x0C, 0x1D, 0x98, 0x7C, 0xAE, 0x3F, 0x82, 0x2B, 0xFC,
    0x0D, 0x1C, 0xCC, 0x01, 0x06, 0xC3, 0x30, 0x14, 0xC6, 0xF1, 0xAF, 0xAB, 0x2D, 0x08, 0xDE, 0x2E,
    0x30, 0x03, 0x18, 0xDB, 0x9A, 0xA2, 0x28, 0xBA, 0x79, 0xEC, 0x00, 0x3B, 0xC2, 0xA0, 0x47, 0x28,
    0x06, 0x34, 0x47, 0xE9, 0x11, 0x8A, 0x02, 0x36, 0x0D, 0x00, 0x83, 0x1E, 0xA1, 0x47, 0x08, 0x82,
    0xA2, 0xD6, 0x25, 0xF3, 0x3D, 0x7F, 0x1E, 0xFC, 0x4A, 0x14, 0x48, 0x40, 0x10, 0x7A, 0xC3, 0xC4,
    0x89, 0xFF, 0x3A, 0x44, 0x0E, 0xF1, 0x0C, 0x7A, 0xE0, 0x2C, 0xB4, 0xBA, 0x71, 0xBF, 0xC0, 0xBE,
    0xB1, 0x2C, 0xC6, 0x9F, 0x8D, 0x79, 0x92, 0x5C, 0x7F, 0x21, 0x27, 0xB4, 0xAE, 0x6D, 0x25, 0x1C,
    0xB1, 0xAF, 0x18, 0xD5, 0x74, 0x28, 0x90, 0xC3, 0xAE, 0x4C, 0xC4, 0xA4, 0xB3, 0x26, 0x4D, 0xB3,
    0x86, 0xB4, 0xF8, 0x18, 0xBA, 0x23, 0xB9, 0xA0, 0x78, 0x06, 0x8D, 0xF6, 0x41, 0x0E, 0xFE, 0x10,
    0x26, 0x0C, 0xF1, 0x15, 0x25, 0xF0, 0xB7, 0x62, 0xED, 0x84, 0xF1, 0xED, 0xE6, 0x57, 0x5E, 0x6D,
    0x25, 0x76, 0x50, 0x3A, 0x1A, 0x8F, 0x63, 0x6D, 0x80, 0x35, 0x4E, 0xA8, 0x60, 0xFD, 0xFA, 0x41,
    0xE9, 0xDF, 0x90, 0x5C, 0x01, 0x75, 0x17, 0x00, 0xB5, 0x98, 0x41, 0x8C, 0x1D, 0x45, 0x7A, 0xC7,
    0xFF, 0xDD, 0x2F, 0xEB, 0xDE, 0xD0, 0x2C, 0xC5, 0x61, 0x0F, 0x91, 0x4C, 0x5C, 0x7B, 0x74, 0x22,
    0x86, 0x9A, 0x45, 0xA0, 0x80, 0xF2, 0xFA, 0x75, 0xB1, 0x1C, 0x38, 0x70, 0x80, 0x3B, 0x97, 0xDC,
    0x12, 0x69, 0x89, 0x0C, 0x59, 0xA2, 0x38, 0x51, 0x3F, 0x77, 0x1B, 0x0E, 0x3E, 0xEC, 0x81, 0x91,
    0x72, 0x8D, 0xB2, 0xAC, 0x94, 0xBB, 0x8C, 0xE4, 0x55, 0x06, 0xE9, 0x8D, 0xBB, 0x0D, 0x07, 0x0E,
    0x1C, 0xD2, 0x43, 0x8E, 0x91, 0xB2, 0x65, 0xEC, 0x88, 0x28, 0x39, 0xF8, 0xB3, 0xB7, 0xC0, 0xE5,
    0x75, 0x77, 0x7F, 0xF9, 0xEA, 0xCD, 0x7B, 0x32, 0x5E, 0x1B, 0xEC, 0x65, 0xB3, 0x5F, 0xF7, 0xFF,
    0xD7, 0xD5, 0xD5, 0xA5, 0xAA, 0x57, 0x55, 0x5F, 0x7D, 0x55, 0x33, 0x49, 0xEB, 0x90, 0xF3, 0x04,
    0xD3, 0xD4, 0xB6, 0x82, 0xEA, 0x02, 0xB2, 0x9E, 0xBB, 0x59, 0x9F, 0xB9, 0x59, 0xAF, 0xEC, 0xAC,
    0x5F, 0x60, 0xD6, 0x17, 0x0F, 0x50, 0x36, 0xC1, 0x97, 0xDC, 0xF9, 0xF6, 0x1C, 0x79, 0xFE, 0x8C,
    0x3C, 0xBD, 0x29, 0xFA, 0x1B, 0xE7, 0xDB, 0x2B, 0x9D, 0x37, 0x3F, 0xED, 0x3C, 0x94, 0xF5, 0xD0,
    0xB8, 0x57, 0xEA, 0x6D, 0x42, 0xCE, 0x0E, 0x09, 0x5B, 0x88, 0xE5, 0xEF, 0x36, 0x95, 0x99, 0xA8,
    0xAA, 0x7E, 0xE0, 0xAB, 0xB6, 0xF1, 0x15, 0x3B, 0x5F, 0x49, 0x5D, 0x15, 0xFD, 0xC4, 0x55, 0xF5,
    0xE7, 0x5D, 0x65, 0xE4, 0x3B, 0x34, 0x7E, 0x53, 0x2B, 0xA8, 0xB3, 0x01, 0x39, 0x13, 0x12, 0x6E,
    0x92, 0xF6, 0xAA, 0x24, 0x19, 0x65, 0xA3, 0xBB, 0x25, 0x66, 0x6E, 0x40, 0x4A, 0x41, 0x9F, 0x25,
    0x5F, 0xFD, 0x9C, 0x82, 0xFF, 0x21, 0x7D, 0x10, 0xDE, 0xA7, 0x33, 0xD7, 0x2E, 0x53, 0xF9, 0xC9,
    0x59, 0x32, 0x36, 0x21, 0x8D, 0x7B, 0x95, 0xF6, 0x27, 0xA0, 0x43, 0xDB, 0x95, 0xF5, 0xE7, 0x6E,
    0x95, 0xBF, 0x4D, 0x01, 0xF0, 0x51, 0x5E, 0x37, 0x3E, 0x54, 0xEF, 0xF9, 0x95, 0xDF, 0xF5, 0xCB,
    0x70, 0xDE, 0x97, 0xD7, 0x9C, 0xF4, 0xAF, 0xF1, 0xDA, 0xC2, 0x6B, 0xDC, 0x2D, 0x88, 0xE5, 0xFF,
    0xD6, 0x68, 0x73, 0xDB, 0xE9, 0xEA, 0x71, 0xD2, 0xAD, 0x14, 0x63, 0xE7, 0xB5, 0xF4, 0x47, 0x4B,
    0x7F, 0xB4, 0xF4, 0x47, 0x4B, 0x7F, 0x34, 0xB6, 0x57, 0x7B, 0x55, 0xA7, 0xCC, 0x7A, 0xF6, 0xD1,
    0xB5, 0x6B, 0xB3, 0x8F, 0x0E, 0x39, 0xE5, 0xAE, 0xC6, 0x45, 0x18, 0xE4, 0x0E, 0x66, 0xC0, 0x7C,
    0x27, 0xDE, 0x66, 0x44, 0x3E, 0x02, 0xC5, 0x1F, 0xA1, 0x58, 0xA0, 0x50, 0x4D, 0x31, 0x73, 0x05,
    0x42, 0x81, 0x33, 0x05, 0xF4, 0x01, 0xB2, 0x11, 0xC9, 0x08, 0x2C, 0xB7, 0x43, 0x60, 0x1A, 0xD3,
    0x2D, 0x91, 0xF5, 0x7F, 0x85, 0x59, 0x0F, 0xD1, 0xCC, 0xCB, 0x94, 0x0E, 0xB3, 0xFE, 0x7B, 0x3B,
    0xF2, 0x9C, 0xE4, 0x9D, 0x25, 0x5F, 0x6F, 0xA4, 0x5E, 0x14, 0x9D, 0xEB, 0x91, 0x73, 0x87, 0x64,
    0x02, 0x4E, 0xDD, 0x42, 0xC6, 0xDC, 0x68, 0x97, 0xBB, 0x12, 0x09, 0xFD, 0x29, 0xE0, 0x21, 0xCA,
    0x1D, 0xBC, 0x09, 0xF0, 0xF3, 0xB9, 0xE8, 0x39, 0x49, 0xFB, 0x94, 0x72, 0xCA, 0x5D, 0x42, 0xAD,
    0x4B, 0x6E, 0x0E, 0xCF, 0x25, 0x5C, 0xCD, 0x93, 0xC1, 0x84, 0x24, 0x48, 0x49, 0x60, 0x91, 0x4D,
    0x58, 0x18, 0xEE, 0xAA, 0xF6, 0xDC, 0xF5, 0xC0, 0x9F, 0xFD, 0xCA, 0xD1, 0x9B, 0x37, 0xA2, 0x6B,
    0xAC, 0xDA, 0x2B, 0x7D, 0x25, 0x43, 0x57, 0x41, 0xD9, 0x07, 0x4E, 0x29, 0x00, 0x2D, 0x63, 0xD9,
    0x19, 0x3C, 0x35, 0xD1, 0x12, 0xD5, 0xE3, 0x5F, 0x7A, 0xB4, 0xCD, 0x97, 0x01, 0xEC, 0xFC, 0x0A,
    0x32, 0xA0, 0x05, 0x64, 0x44, 0x0B, 0xC8, 0x90, 0x16, 0x90, 0x31, 0x2D, 0x00, 0x8D, 0xAF, 0x81,
    0x6A, 0x56, 0x40, 0xCE, 0x01, 0x48, 0xDA, 0x3D, 0xA0, 0x75, 0x50, 0x36, 0xE3, 0x51, 0xA8, 0xF7,
    0x6A, 0xE1, 0x42, 0x4A, 0x28, 0xBB, 0x44, 0xDE, 0x29, 0x5B, 0xBB, 0x4C, 0x38, 0x5B, 0x53, 0x35,
    0x91, 0x1A, 0xF7, 0xD0, 0x99, 0xAB, 0xC2, 0x50, 0xF3, 0x2B, 0x76, 0x3E, 0x27, 0xBE, 0x26, 0x3C,
    0x7F, 0x83, 0xAD, 0x09, 0xB5, 0xAB, 0x6D, 0xEE, 0xB4, 0xD4, 0x96, 0xB4, 0x2E, 0x96, 0xE5, 0x51,
    0x58, 0xDA, 0x5A, 0x58, 0x21, 0xD6, 0x17, 0xA4, 0x95, 0xAC, 0x63, 0x9B, 0x09, 0x5F, 0xEB, 0x23,
    0x95, 0x8D, 0x34, 0x88, 0x5C, 0xAC, 0x59, 0x7C, 0x85, 0xA5, 0x5B, 0x73, 0xC8, 0xBA, 0xBC, 0x9B,
    0xCF, 0x67, 0xA4, 0x1B, 0x13, 0x52, 0x66, 0xE4, 0x0E, 0xA7, 0x02, 0xEE, 0xB6, 0x19, 0xE5, 0x1D,
    0xF0, 0xBD, 0x27, 0x23, 0x1F, 0x7D, 0x42, 0x35, 0x80, 0xF2, 0x35, 0x80, 0xD8, 0x57, 0xAC, 0xFB,
    0x8D, 0xE3, 0x13, 0xC0, 0x2C, 0x5E, 0x91, 0x51, 0xD6, 0x24, 0x41, 0x59, 0xAC, 0xD4, 0x88, 0x0A,
    0x17, 0x45, 0x1E, 0x55, 0x42, 0x77, 0x64, 0xE4, 0xBD, 0x15, 0xD1, 0x46, 0x6D, 0xCC, 0x6B, 0x50,
    0x01, 0x51, 0xB6, 0x42, 0xE2, 0x2A, 0x71, 0xD8, 0x4A, 0xB3, 0xAB, 0x76, 0xB2, 0xA9, 0x2A, 0xD4,
    0x2B, 0x83, 0x9E, 0xD2, 0x21, 0x0B, 0x58, 0x6D, 0xDA, 0x71, 0xD2, 0x4E, 0xC8, 0xBB, 0x64, 0x50,
    0x7B, 0x38, 0x50, 0x13, 0x0E, 0x50, 0x62, 0x89, 0x01, 0xCB, 0x24, 0xDC, 0x91, 0x11, 0xB5, 0x92,
    0x47, 0xAB, 0x23, 0xB5, 0x5E, 0xF2, 0x7A, 0x2C, 0x01, 0x51, 0x2A, 0x92, 0xA9, 0xD1, 0x13, 0x96,
    0xF5, 0xF4, 0xE8, 0x32, 0x98, 0x13, 0x4B, 0x32, 0x3C, 0xBE, 0x35, 0xBF, 0x31, 0x1A, 0x7A, 0x75,
    0xC4, 0xC6, 0xD2, 0x69, 0x8F, 0x14, 0x33, 0x19, 0x7B, 0xAA, 0x29, 0x5F, 0x05, 0x4A, 0xDE, 0x5B,
    0xF7, 0x35, 0x23, 0xDD, 0x69, 0xF1, 0xFE, 0x62, 0xE7, 0x48, 0x7A, 0x94, 0xC0, 0x25, 0x42, 0x21,
    0x5A, 0x88, 0xCA, 0xBC, 0x87, 0xE6, 0x06, 0xE9, 0x08, 0x6C, 0xED, 0x49, 0xDD, 0x60, 0xFE, 0x74,
    0x6F, 0xFC, 0xD3, 0x3D, 0x7B, 0xDD, 0xD3, 0xF4, 0x97, 0x7D, 0xFD, 0xCE, 0x2F, 0x7B, 0x88, 0x65,
    0x2F, 0x35, 0xA6, 0xD1, 0xD7, 0x5C, 0xEB, 0x8A, 0x5F, 0xD0, 0x0D, 0x5A, 0x3D, 0xFE, 0xC5, 0x65,
    0xE2, 0xE6, 0xE6, 0x25, 0xE2, 0xCB, 0x02, 0xFA, 0xC9, 0xFF, 0xBE, 0x40, 0xF4, 0x77, 0xBF, 0x4C,
    0xA8, 0xBE, 0xF6, 0xCF, 0x09, 0xE9, 0x9F, 0xBD, 0x9E, 0x10, 0xF4, 0x3C, 0xE2, 0xAD, 0x88, 0xF3,
    0x11, 0x2E, 0xA2, 0x8F, 0xE8, 0x22, 0x1A, 0xC1, 0xDA, 0x66, 0x2E, 0x4E, 0xBE, 0x1E, 0xB9, 0x11,
    0x37, 0xD0, 0x1F, 0x8B, 0x6B, 0xAC, 0xD2, 0xE8, 0x86, 0x01, 0x29, 0x65, 0x9D, 0x57, 0x67, 0x85,
    0xE1, 0xB9, 0x9F, 0x0B, 0x87, 0xDD, 0x1F, 0x0A, 0x57, 0xCF, 0x5F, 0x17, 0x2E, 0xF5, 0x65, 0xE1,
    0x42, 0x7D, 0x28, 0x2C, 0x4B, 0x35, 0x89, 0x23, 0x0D, 0x3B, 0x31, 0xCC, 0xD0, 0xBC, 0xE0, 0x4E,
    0x8B, 0xCB, 0x94, 0x5D, 0x74, 0x19, 0xD5, 0x69, 0xE4, 0x4E, 0xA6, 0xA2, 0xED, 0xD7, 0x6E, 0x39,
    0x08, 0x4B, 0x7B, 0x51, 0x58, 0xC1, 0x08, 0x03, 0xA2, 0x1B, 0xF2, 0xC6, 0x19, 0x23, 0x35, 0x22,
    0x17, 0x6B, 0x16, 0xC2, 0x7C, 0x4D, 0x6D, 0x4B, 0xA7, 0x6C, 0x6B, 0xCB, 0xA0, 0x5E, 0xE6, 0x7E,
    0x3E, 0x57, 0xED, 0x21, 0x09, 0x6F, 0x1E, 0x3A, 0x69, 0xE3, 0x90, 0xFB, 0xDC, 0xA9, 0xAE, 0xB6,
    0xD8, 0x06, 0xA3, 0x3D, 0x1D, 0x83, 0xD1, 0x51, 0x3C, 0x96, 0xB8, 0x1F, 0x7F, 0x7F, 0x90, 0x5F,
    0x1F, 0x7F, 0xFB, 0x52, 0x1F, 0xD2, 0x22, 0x97, 0x78, 0x6C, 0x12, 0x32, 0xAB, 0x84, 0x34, 0x89,
    0x3A, 0x51, 0x23, 0x42, 0x42, 0xB0, 0x7F, 0x80, 0x9C, 0x4A, 0x6B, 0x0E, 0xB8, 0x5F, 0xEA, 0x4F,
    0x69, 0x95, 0x26, 0x47, 0xF1, 0x58, 0x35, 0x3E, 0x3C, 0x27, 0xF1, 0x78, 0x77, 0xD7, 0x57, 0xCF,
    0x93, 0x5F, 0xE4, 0x9D, 0x2F, 0x95, 0xF5, 0xA6, 0x80, 0xD7, 0x5E, 0xD4, 0x8B, 0x1A, 0x11, 0xE0,
    0xB7, 0xFB, 0x5C, 0xB9, 0xD9, 0xE7, 0x86, 0xED, 0x3E, 0x27, 0xD2, 0xB8, 0x7B, 0x9F, 0x2B, 0x9D,
    0x28, 0xCC, 0xA4, 0x4F, 0x47, 0x32, 0x92, 0xCE, 0x9D, 0x3C, 0x9B, 0x64, 0x40, 0x4B, 0x19, 0x83,
    0x2E, 0x28, 0x6D, 0xE9, 0xC2, 0x09, 0xE9, 0xBF, 0xDF, 0x51, 0xD6, 0xF8, 0xB9, 0xB2, 0xF0, 0xA7,
    0x23, 0x68, 0x8B, 0x2F, 0x7B, 0xC1, 0xCD, 0x4E, 0x70, 0xBB, 0x11, 0xB0, 0x8D, 0x80, 0x60, 0x8A,
    0x18, 0xB6, 0x80, 0x58, 0x36, 0xFD, 0xA8, 0x37, 0xCC, 0xDD, 0x99, 0xA4, 0xB5, 0x03, 0x00, 0xFE,
    0xB5, 0xC5, 0x8F, 0x39, 0x00, 0xC7, 0x18, 0x27, 0xA1, 0x6D, 0x01, 0x75, 0x8F, 0x16, 0x22, 0x19,
    0x12, 0x28, 0x9E, 0x90, 0xF0, 0x55, 0x98, 0x06, 0x1A, 0x2D, 0x09, 0xE8, 0xC2, 0x16, 0xAD, 0x17,
    0x98, 0x08, 0xDC, 0x03, 0x13, 0x71, 0x46, 0x90, 0x0E, 0x02, 0xC3, 0xC0, 0xAF, 0xF9, 0xA5, 0x06,
    0xFC, 0xC9, 0x4B, 0x1D, 0x38, 0x63, 0x8B, 0x21, 0x19, 0xD7, 0x95, 0xC6, 0x3A, 0x63, 0x6D, 0x51,
    0xB1, 0x42, 0x23, 0xC2, 0x37, 0x29, 0xC0, 0xE0, 0xA2, 0x5C, 0x25, 0x0F, 0xD2, 0x81, 0x3D, 0x00,
    0xCA, 0x7E, 0x33, 0x4C, 0x23, 0x68, 0x49, 0x40, 0x17, 0xB6, 0x68, 0xBD, 0xC0, 0x44, 0xE0, 0x21,
    0x10, 0x22, 0x2E, 0xA2, 0x06, 0x4A, 0x1E, 0x21, 0xCD, 0x3A, 0x98, 0x66, 0xBD, 0x29, 0x11, 0xD1,
    0x91, 0xD8, 0x89, 0x24, 0xCF, 0x63, 0xA3, 0x3F, 0x14, 0x95, 0x2F, 0x90, 0x6F, 0x2F, 0x91, 0xBF,
    0x71, 0x9D, 0x6E, 0xBA, 0x5B, 0xC4, 0x5D, 0x49, 0x0C, 0x4D, 0x13, 0x72, 0x1A, 0x30, 0x23, 0x20,
    0xF9, 0x5A, 0xFD, 0x7F, 0xD4, 0x6F, 0x1A, 0x25, 0x95, 0x90, 0x96, 0x58, 0x71, 0xC1, 0x9C, 0x15,
    0x94, 0x97, 0xA8, 0xF5, 0xFF, 0x70, 0x48, 0xC6, 0xFF, 0xE2, 0x32, 0xC1, 0xD3, 0x75, 0x81, 0x7B,
    0x9F, 0xF0, 0x45, 0xFF, 0xB7, 0x24, 0xCE, 0x54, 0x90, 0x38, 0xD3, 0x53, 0x02, 0x7B, 0x82, 0xC0,
    0x50, 0x1B, 0x8C, 0xC8, 0x08, 0x52, 0xDF, 0x06, 0x40, 0xF2, 0x00, 0xFC, 0x5E, 0xDA, 0xDD, 0x44,
    0xFA, 0x6E, 0xE6, 0xF3, 0xAF, 0xEE, 0x28, 0x2B, 0x1C, 0x3C, 0xFC, 0x8E, 0x92, 0x3B, 0x14, 0x65,
    0x40, 0xF1, 0x4C, 0x25, 0x9A, 0x4B, 0x7A, 0x40, 0x91, 0x8B, 0x50, 0xDD, 0xAB, 0x7C, 0x44, 0x61,
    0xD8, 0x15, 0xF3, 0x7A, 0x2A, 0xE6, 0x4B, 0x33, 0x9A, 0x21, 0x1D, 0x73, 0x87, 0xA5, 0x6E, 0x24,
    0x94, 0xBD, 0x97, 0x75, 0x7E, 0x57, 0x02, 0xE4, 0xF9, 0xAC, 0xE3, 0x3E, 0x06, 0x35, 0x09, 0x90,
    0x22, 0x1D, 0x8E, 0xB4, 0x80, 0x94, 0xF9, 0x8A, 0xE2, 0x8E, 0x5F, 0x8A, 0x1F, 0xEA, 0xCD, 0x6A,
    0x12, 0xCB, 0x6F, 0x3D, 0x56, 0xF2, 0xB4, 0x3A, 0x16, 0x02, 0x20, 0x39, 0xAF, 0x71, 0x83, 0xE3,
    0x04, 0xF8, 0x3B, 0xB7, 0xF6, 0xA8, 0x3D, 0xFC, 0x85, 0x78, 0xD7, 0x31, 0x8A, 0x63, 0x1D, 0x64,
    0xC6, 0xF5, 0x61, 0x7A, 0x09, 0xD5, 0xED, 0xC7, 0x20, 0x63, 0x67, 0xFD, 0x6B, 0xFD, 0xD1, 0x61,
    0xDA, 0xDC, 0x2F, 0xD0, 0x0C, 0x77, 0x07, 0x19, 0xE0, 0x01, 0x6A, 0x37, 0x27, 0xB3, 0xFE, 0xE8,
    0x64, 0xF6, 0x7D, 0xC0, 0xC3, 0x78, 0x9F, 0xF2, 0xE4, 0x33, 0x9F, 0x7B, 0xD5, 0x25, 0x5E, 0x59,
    0x1C, 0x29, 0x88, 0x26, 0x91, 0x3A, 0x52, 0x2E, 0xE9, 0x54, 0xF2, 0xD6, 0x33, 0xD5, 0x72, 0x97,
    0x6E, 0x66, 0x2A, 0x07, 0x06, 0xE5, 0xB1, 0xFA, 0x4E, 0xDC, 0xFB, 0x07, 0x11, 0xDD, 0x7F, 0xB6,
    0xAE, 0xDF, 0xB3, 0xF7, 0x7F, 0xBD, 0x12, 0xDE, 0x83, 0xE6, 0x01, 0xA5, 0x6D, 0xB1, 0x82, 0xC6,
    0x3E, 0x94, 0xC5, 0xD7, 0x29, 0x65, 0x8B, 0x5C, 0xA4, 0xF2, 0xA8, 0x98, 0x06, 0xD2, 0x00, 0x81,
    0x4F, 0xDA, 0xCF, 0x5D, 0xCE, 0xDC, 0x95, 0x7B, 0xF1, 0x34, 0x5B, 0xBB, 0x21, 0xB9, 0x41, 0x21,
    0x97, 0x25, 0xB5, 0xB8, 0xBC, 0x3E, 0xD0, 0xEF, 0x87, 0x37, 0x1F, 0x78, 0xA0, 0xBF, 0x7F, 0x7C,
    0xA9, 0x62, 0x7C, 0xE1, 0x38, 0x4E, 0x1F, 0xAB, 0xD7, 0x23, 0x06, 0xF8, 0x49, 0x11, 0x7C, 0xC9,
    0x0D, 0x7C, 0xCE, 0x0F, 0x88, 0x2F, 0x62, 0x03, 0xEA, 0x5B, 0x3E, 0x63, 0x76, 0xBA, 0xD7, 0xAE,
    0xC4, 0x82, 0xFE, 0x04, 0xDE, 0x23, 0xEB, 0x3D, 0xDA, 0xD1, 0xCF, 0x6E, 0x9D, 0xF2, 0xB9, 0x0C,
    0xB1, 0x6A, 0xBE, 0x79, 0x32, 0x4C, 0x93, 0x86, 0x96, 0xB2, 0x49, 0xF6, 0x14, 0x45, 0x17, 0x72,
    0xD5, 0xFA, 0x6C, 0x34, 0x3E, 0x1B, 0xE0, 0x1F, 0x9B, 0xC3, 0x3F, 0x59, 0xC0, 0x3F, 0x23, 0x3A,
    0x5F, 0xC8, 0x5A, 0x2C, 0xE2, 0x52, 0x94, 0x45, 0x58, 0x80, 0x51, 0x60, 0x14, 0x0D, 0x22, 0x2F,
    0x12, 0x3B, 0x29, 0x32, 0x83, 0x69, 0xD0, 0xFA, 0x96, 0x40, 0xB2, 0xA8, 0x8F, 0xD0, 0x52, 0xEB,
    0x61, 0xC8, 0x78, 0x24, 0x04, 0xFF, 0x9D, 0x08, 0x7D, 0x56, 0x50, 0x5E, 0x12, 0x9C, 0xD9, 0xAE,
    0xF6, 0x2F, 0xDC, 0x07, 0x9B, 0x85, 0xCE, 0x8D, 0xD9, 0x2C, 0xEF, 0x69, 0xBB, 0xBC, 0x93, 0x36,
    0x20, 0x67, 0xB6, 0xE5, 0x9E, 0xEE, 0x97, 0x98, 0x89, 0xCF, 0xA5, 0x94, 0x86, 0x84, 0xF2, 0x29,
    0x21, 0xA5, 0x36, 0x8A, 0xE9, 0x20, 0xB2, 0x1B, 0x35, 0x29, 0xE5, 0x4E, 0x3C, 0x9A, 0xB9, 0x3B,
    0xFA, 0x6B, 0xE2, 0x6D, 0x57, 0xF3, 0xCD, 0x7E, 0x44, 0xDB, 0x05, 0xD4, 0xB6, 0x96, 0xFA, 0x8E,
    0xF3, 0xBB, 0x36, 0xEF, 0x95, 0x2D, 0xBD, 0xB2, 0xA7, 0x4F, 0x8B, 0x64, 0x4A, 0x6A, 0x2F, 0x72,
    0xCA, 0x56, 0x38, 0x52, 0x3C, 0x31, 0x6B, 0x1E, 0x91, 0xAE, 0x43, 0xFA, 0x84, 0xD6, 0x71, 0x43,
    0x37, 0xFE, 0xA3, 0xA3, 0xDB, 0xE7, 0xBA, 0x7A, 0xCA, 0x3A, 0x7D, 0x35, 0xEB, 0x80, 0x87, 0x97,
    0x69, 0x64, 0xEE, 0xA5, 0x7E, 0x22, 0x0D, 0xA2, 0x05, 0xDA, 0xC3, 0x01, 0x25, 0x93, 0x4C, 0xA9,
    0xC5, 0xD6, 0x1E, 0xC1, 0x23, 0xB6, 0xEE, 0xEF, 0x5F, 0xC6, 0x48, 0x74, 0x69, 0xFB, 0xBC, 0xBB,
    0x2E, 0x3D, 0x24, 0x67, 0xD0, 0x5E, 0x1A, 0xE5, 0x9B, 0x8F, 0xDF, 0xA2, 0x0C, 0xBB, 0x33, 0x69,
    0x18, 0xB0, 0x0A, 0xA8, 0xF0, 0x10, 0xB7, 0xEE, 0x01, 0xD4, 0x5E, 0xE0, 0x2B, 0x01, 0xCD, 0xB7,
    0xA9, 0x75, 0x9E, 0x7C, 0xBD, 0xDB, 0x62, 0x2B, 0x90, 0x36, 0x00, 0x69, 0x05, 0x90, 0x76, 0x80,
    0x75, 0x4B, 0xF8, 0xD6, 0x48, 0xD7, 0x0B, 0x35, 0xA0, 0xC0, 0x19, 0xB4, 0xD3, 0xCB, 0x96, 0xE3,
    0x84, 0x25, 0xA7, 0x3A, 0x00, 0x0D, 0x90, 0x8A, 0x66, 0x7D, 0xCA, 0xEF, 0xF4, 0x5A, 0x26, 0xAF,
    0x40, 0xDD, 0x4B, 0x99, 0x5E, 0xCA, 0xF4, 0x52, 0xC6, 0x01, 0x78, 0x15, 0xC8, 0xFA, 0x84, 0xFF,
    0xE9, 0x0D, 0xC5, 0xC3, 0x1B, 0x0B, 0xF9, 0x5E, 0x4B, 0x1D, 0x2D, 0x73, 0x73, 0xA7, 0x8E, 0xBD,
    0x3D, 0x80, 0xC4, 0x89, 0x88, 0xD4, 0xFF, 0x4C, 0xB4, 0x03, 0x45, 0xE5, 0xF4, 0x8F, 0x54, 0x33,
    0x13, 0x92, 0x1F, 0x13, 0x80, 0x1F, 0xE4, 0xFD, 0xB3, 0xB4, 0xEB, 0x9F, 0xF5, 0xDA, 0xE3, 0xE8,
    0x82, 0xEA, 0xAB, 0x67, 0x7D, 0xB5, 0xEB, 0xAB, 0x67, 0x7C, 0xA5, 0x7D, 0x85, 0xB0, 0x02, 0x07,
    0x18, 0xB7, 0x3F, 0xEC, 0xAF, 0x3D, 0xBD, 0x12, 0xAD, 0x00, 0x66, 0x27, 0x1A, 0xE1, 0x51, 0x8B,
    0xB4, 0xF5, 0x50, 0x1B, 0x69, 0x78, 0x1C, 0x80, 0xD9, 0x8B, 0x42, 0xFC, 0x1E, 0xF3, 0x3B, 0x8F,
    0x4C, 0x34, 0xEB, 0xEF, 0x28, 0x97, 0xF7, 0x53, 0x0D, 0x33, 0x83, 0xF9, 0xEA, 0x9D, 0xF8, 0x25,
    0x6D, 0xF8, 0xFB, 0x5E, 0xDC, 0xB0, 0x23, 0xB1, 0xD6, 0x99, 0xC6, 0xE3, 0xE1, 0x2F, 0x6E, 0xE4,
    0x72, 0xEC, 0x68, 0x63, 0xAD, 0x8B, 0x35, 0x88, 0x37, 0xF9, 0xEF, 0x6A, 0x3E, 0x51, 0xE6, 0xE3,
    0x12, 0xA1, 0xB6, 0x30, 0x1E, 0xB8, 0x08, 0x18, 0x40, 0xD9, 0xDF, 0xE6, 0x0E, 0x50, 0x13, 0x94,
    0x8A, 0x77, 0x3E, 0x21, 0x0D, 0xC7, 0x26, 0x18, 0xEE, 0xCE, 0x64, 0x8E, 0xDF, 0xA6, 0x2F, 0x3E,
    0x23, 0xFA, 0x95, 0x7B, 0xFF, 0xF3, 0xAE, 0xFC, 0x69, 0x07, 0xD5, 0xFC, 0x2E, 0xD5, 0xCE, 0x53,
    0xC2, 0x4E, 0x46, 0x78, 0x4A, 0x11, 0x4E, 0x2C, 0x08, 0xEA, 0x03, 0xD1, 0x75, 0xD1, 0x25, 0x42,
    0xF2, 0x02, 0x01, 0xC9, 0xEF, 0x22, 0xB6, 0xA2, 0x1E, 0xC9, 0x65, 0x5A, 0x0B, 0x92, 0x86, 0xB1,
    0xDB, 0x55, 0xE5, 0x07, 0x0C, 0x01, 0x2B, 0xA0, 0xFA, 0xD6, 0x77, 0xD2, 0xFC, 0x05, 0xF2, 0x2F,
    0x47, 0x98, 0xF6, 0x1A, 0x8A, 0xC7, 0x54, 0xB3, 0x42, 0xBE, 0x3E, 0x1E, 0xB0, 0xCF, 0xBA, 0xE1,
    0xB4, 0xB8, 0xC6, 0x3C, 0xEB, 0x56, 0xF2, 0x2C, 0x29, 0xEB, 0xB4, 0xE4, 0x03, 0xDF, 0x46, 0x15,
    0xB0, 0x42, 0x12, 0x34, 0x53, 0xCD, 0xFD, 0x00, 0x84, 0xC4, 0xDF, 0xBA, 0xF2, 0x7A, 0xDD, 0x3E,
    0xB1, 0x93, 0x7B, 0x00, 0x7E, 0x6D, 0xAA, 0x79, 0x04, 0xCF, 0xBD, 0xA7, 0xB0, 0xBB, 0xFB, 0x14,
    0x9E, 0x39, 0x3F, 0x87, 0x76, 0x1E, 0xB3, 0x8F, 0x7B, 0xE8, 0x09, 0x28, 0x7B, 0xAC, 0x6D, 0x76,
    0xC5, 0x79, 0xDD, 0x7A, 0x5F, 0x7C, 0xF7, 0x79, 0x2A, 0xBB, 0x85, 0x7B, 0xE6, 0xFC, 0x9F, 0x77,
    0xBB, 0x6F, 0xB4, 0x1B, 0x3F, 0x8E, 0x17, 0x0F, 0x3C, 0xC4, 0x27, 0x12, 0x2B, 0xB9, 0xA8, 0x6D,
    0x1E, 0x50, 0x37, 0xE0, 0x06, 0xD7, 0xBB, 0x78, 0x97, 0x88, 0xA6, 0xFB, 0xDA, 0xFB, 0x8A, 0xE6,
    0xBE, 0xAA, 0xBD, 0xEE, 0x93, 0x31, 0x1B, 0x33, 0x9B, 0xD9, 0xE3, 0x6E, 0x1F, 0x01, 0xDC, 0x99,
    0x06, 0xC6, 0x23, 0xBD, 0x7A, 0xDC, 0xE6, 0x48, 0xFA, 0x27, 0x72, 0xF7, 0xC6, 0xC9, 0xBF, 0x7F,
    0xFD, 0xE4, 0x6E, 0xFF, 0xC8, 0x13, 0xBB, 0x5D, 0xF6, 0xE8, 0x6E, 0x37, 0x7B, 0x34, 0xA6, 0x4F,
    0xBE, 0xF5, 0xC7, 0x27, 0x9F, 0xD0, 0xFE, 0x8D, 0x58, 0x26, 0x96, 0x85, 0x09, 0xDB, 0xFF, 0x12,
    0xF5, 0x32, 0x54, 0x7E, 0x01, 0xAC, 0x56, 0xC0, 0x22, 0x20, 0xD6, 0x06, 0x1D, 0x9F, 0xF1, 0x3D,
    0xE6, 0xC7, 0xEF, 0xB1, 0x5C, 0x2C, 0xBF, 0xD6, 0xFA, 0x45, 0xBB, 0x2C, 0xA0, 0x04, 0x0E, 0xB0,
    0xCA, 0x5D, 0x89, 0xB0, 0xF3, 0x96, 0x86, 0x9F, 0xCF, 0x95, 0x0D, 0x3B, 0x82, 0x41, 0x0D, 0xCA,
    0x1E, 0x60, 0x5F, 0x43, 0xCE, 0xD0, 0x06, 0x9A, 0xFB, 0x25, 0xD2, 0x09, 0x01, 0x0B, 0x88, 0x95,
    0x56, 0xA0, 0x23, 0xD4, 0x57, 0x70, 0x51, 0x37, 0xEA, 0x45, 0x6E, 0x49, 0xBD, 0xF4, 0x21, 0x79,
    0xF5, 0x4A, 0xE8, 0x83, 0x7A, 0x65, 0xC4, 0x4A, 0xBD, 0xA2, 0x50, 0x1D, 0xE1, 0x5C, 0x7C, 0xFD,
    0x30, 0x20, 0x64, 0x0E, 0xA9, 0x9F, 0x8D, 0x38, 0xEE, 0xB0, 0x0E, 0x56, 0xC7, 0xF8, 0xBF, 0x91,
    0x8E, 0xE9, 0x08, 0xC5, 0xEF, 0x32, 0xCA, 0x6C, 0x54, 0x4D, 0x95, 0x84, 0xBC, 0xDB, 0x87, 0xB8,
    0x46, 0x88, 0xF0, 0x11, 0xEC, 0x22, 0x82, 0x20, 0xCC, 0x05, 0xA7, 0x23, 0xCA, 0x20, 0xC8, 0x9D,
    0x00, 0x62, 0xFB, 0x11, 0x3E, 0x82, 0x44, 0x33, 0x27, 0x90, 0x38, 0x78, 0x8A, 0x19, 0x79, 0x0C,
    0x30, 0xA6, 0x07, 0x70, 0x26, 0xF3, 0x71, 0x54, 0x46, 0x48, 0xA7, 0x35, 0xE0, 0xE7, 0x0A, 0x08,
    0x4F, 0xFD, 0xB5, 0x40, 0xC5, 0x0F, 0xE9, 0x64, 0x51, 0x5A, 0x13, 0x7F, 0x0B, 0xB3, 0x4B, 0xF9,
    0xEA, 0xB1, 0x1E, 0x5B, 0xAB, 0x90, 0x8C, 0xD8, 0x47, 0xC6, 0xD6, 0x23, 0x76, 0x13, 0xF9, 0x4B,
    0x3F, 0x5B, 0x57, 0x6F, 0xB3, 0x6D, 0xF5, 0x58, 0xFC, 0x76, 0xD5, 0xFF, 0xD7, 0x31, 0x87, 0x68,
    0x45, 0x84, 0x89, 0x50, 0xD8, 0x8E, 0x69, 0xDE, 0x08, 0xB2, 0x0F, 0xB9, 0xC7, 0xEC, 0x1A, 0x8F,
    0x98, 0xDD, 0x42, 0xDD, 0xCC, 0x3A, 0xE4, 0xFD, 0xB6, 0x6F, 0x29, 0xE1, 0x22, 0x12, 0x4A, 0xB9,
    0x49, 0x69, 0xF6, 0x51, 0x37, 0x73, 0x82, 0xBC, 0x4B, 0xD9, 0xD6, 0x16, 0x2D, 0x8F, 0xC0, 0x71,
    0xDE, 0x43, 0xB4, 0x05, 0xB6, 0x4D, 0x54, 0x77, 0x90, 0x79, 0xD3, 0x54, 0x7A, 0x6A, 0xA9, 0x5A,
    0xA8, 0xCB, 0xA1, 0xAA, 0x64, 0xF5, 0x55, 0x61, 0x76, 0x84, 0x6A, 0xE5, 0x25, 0xB5, 0x7F, 0xDB,
    0x61, 0x15, 0x38, 0xE0, 0x16, 0xED, 0x3F, 0x89, 0x9B, 0xEE, 0xF4, 0x93, 0x09, 0xCB, 0x88, 0xA7,
    0x8C, 0xDC, 0xE1, 0x5F, 0xF0, 0x1B, 0x0E, 0xB0, 0xED, 0x40, 0x2B, 0x37, 0x0F, 0x71, 0xC4, 0x1D,
    0x4C, 0x6C, 0x7F, 0x29, 0xC2, 0x2A, 0x22, 0x00, 0x03, 0x3C, 0x66, 0x8C, 0x80, 0xD9, 0xCB, 0x36,
    0x18, 0xC1, 0xC1, 0xED, 0xB3, 0x6C, 0xEB, 0xCF, 0x7C, 0x89, 0xB2, 0x6B, 0x47, 0x28, 0xE8, 0xAB,
    0x10, 0x4B, 0x5D, 0x04, 0x6D, 0x91, 0x1C, 0xA5, 0x12, 0x7E, 0xE7, 0x53, 0x52, 0x7C, 0x9B, 0x9D,
    0x79, 0x61, 0xD2, 0xCD, 0x12, 0xD1, 0xC3, 0x61, 0x80, 0x00, 0xD5, 0xC0, 0x23, 0xEF, 0x10, 0xCC,
    0x8B, 0x0E, 0x2B, 0x3E, 0xF4, 0x58, 0x1E, 0xD2, 0x01, 0xCA, 0x43, 0x2A, 0xAD, 0xE2, 0x5E, 0x35,
    0x09, 0xDB, 0x14, 0xA6, 0x99, 0x32, 0xDF, 0x3A, 0xFE, 0x64, 0x90, 0x73, 0xCC, 0x7F, 0x16, 0x72,
    0x90, 0x19, 0x8A, 0x5A, 0xB2, 0x8A, 0x78, 0x94, 0x29, 0x80, 0x6F, 0x85, 0x74, 0x42, 0x34, 0xC5,
    0x9D, 0x10, 0xE5, 0x8F, 0x7A, 0x21, 0x96, 0xA0, 0xE1, 0xFB, 0xD1, 0x15, 0x68, 0x2C, 0xE6, 0x08,
    0x7F, 0x46, 0x53, 0x5D, 0x22, 0x3C, 0x4D, 0xFC, 0xAF, 0x37, 0x83, 0x7F, 0xDA, 0xDD, 0xBC, 0x72,
    0x25, 0x84, 0xF2, 0xF0, 0xCA, 0xA7, 0x1D, 0x56, 0xEA, 0xC5, 0x7F, 0xEF, 0x2C, 0x16, 0xC8, 0x3B,
    0x00, 0xA6, 0xA9, 0x85, 0xC8, 0x79, 0x40, 0xB4, 0xB6, 0x8F, 0xFC, 0x3F, 0xCD, 0xD9, 0x01, 0xA4,
    0x25, 0x59, 0x7E, 0xC7, 0xF1, 0x4F, 0x55, 0x6D, 0x77, 0xD9, 0xAE, 0xEC, 0x1C, 0x18, 0x0C, 0x99,
    0xE9, 0x4A, 0x18, 0x34, 0xBA, 0xBB, 0x16, 0x83, 0xC5, 0xBD, 0xF7, 0x1E, 0x16, 0x01, 0xA4, 0x11,
    0x00, 0x76, 0x43, 0x10, 0x40, 0x23, 0x18, 0x71, 0xDF, 0x7B, 0xC5, 0x22, 0x00, 0x4D, 0x00, 0xA0,
    0x01, 0x80, 0x34, 0x3A, 0xD1, 0xD9, 0xBD, 0x9D, 0x57, 0xB3, 0xC1, 0x02, 0xB6, 0x18, 0x00, 0xA8,
    0xC4, 0x12, 0xC0, 0x14, 0xA9, 0x24, 0x37, 0xF2, 0xDE, 0xAB, 0xF4, 0xE9, 0x79, 0xEE, 0xE6, 0x65,
    0xFA, 0xD9, 0xDE, 0xE9, 0xF7, 0xDE, 0xF4, 0x7D, 0xFE, 0xFF, 0xBA, 0xEE, 0xAD, 0x53, 0xEF, 0x7C,
    0x7F, 0xE7, 0x7F, 0x7E, 0xA7, 0xCE, 0x2D, 0x45, 0x8F, 0x72, 0x44, 0x35, 0x22, 0x4C, 0xA8, 0x3F,
    0xC7, 0xC3, 0x05, 0x96, 0x4B, 0x2C, 0x1E, 0x62, 0x5B, 0x63, 0x17, 0x22, 0x63, 0x68, 0xE5, 0x63,
    0xD9, 0x29, 0x86, 0xA2, 0x57, 0xF4, 0xC5, 0xA0, 0x9A, 0xE7, 0x51, 0x98, 0xE7, 0x49, 0x68, 0xED,
    0x34, 0x6C, 0xAD, 0x39, 0xB0, 0x62, 0xE5, 0x25, 0x6B, 0x00, 0xC8, 0x3B, 0x14, 0xFD, 0xF9, 0xBB,
    0x7C, 0x7E, 0xA2, 0x9E, 0x77, 0xD2, 0x79, 0x9F, 0x5A, 0xA3, 0x41, 0xED, 0xF6, 0x3C, 0x6B, 0x5E,
    0xC5, 0xA1, 0xDA, 0x89, 0xDA, 0x4E, 0x63, 0x67, 0xED, 0x65, 0x36, 0x5B, 0xCF, 0xBF, 0x56, 0x9E,
    0x86, 0x08, 0xE0, 0x3E, 0x96, 0xE7, 0xC7, 0xEC, 0xBF, 0x51, 0xCD, 0xB8, 0x13, 0x22, 0x02, 0x2C,
    0x61, 0x82, 0x47, 0x00, 0xD9, 0x84, 0x62, 0x87, 0xE2, 0x04, 0xE5, 0x29, 0xC2, 0xDF, 0x21, 0xFC,
    0x04, 0x75, 0x68, 0x79, 0x58, 0x75, 0x2C, 0x8B, 0x8E, 0x4D, 0x31, 0xB0, 0xCD, 0x47, 0x26, 0x93,
    0x6C, 0xB4, 0x93, 0x8F, 0x36, 0x8A, 0x79, 0x3E, 0x55, 0xCE, 0xF3, 0x99, 0xAA, 0xD3, 0x24, 0xFC,
    0x10, 0xEB, 0x28, 0x74, 0x0D, 0x55, 0xB7, 0xA6, 0x1C, 0x1C, 0x45, 0xD9, 0xDC, 0xC9, 0x7E, 0xD6,
    0x53, 0x74, 0x84, 0xC8, 0x03, 0xDC, 0x83, 0x77, 0x16, 0xE0, 0x39, 0x8C, 0x64, 0xFF, 0xD2, 0x9D,
    0xE3, 0x84, 0x25, 0x1E, 0x04, 0x7C, 0x98, 0x45, 0x40, 0x3E, 0xA2, 0x98, 0x50, 0x9E, 0xA0, 0x4A,
    0x29, 0x1C, 0xA0, 0x6E, 0xF0, 0xB0, 0xC6, 0x32, 0x44, 0x36, 0x89, 0x78, 0x5B, 0x76, 0x4C, 0x45,
    0x2F, 0x1B, 0x8B, 0x51, 0x3E, 0xE6, 0xA3, 0x62, 0x30, 0x25, 0xCE, 0x5D, 0x1A, 0xEB, 0x93, 0xC4,
    0x79, 0xA0, 0x8E, 0x56, 0x1A, 0x1A, 0x6B, 0xEA, 0x78, 0x48, 0x68, 0x09, 0xB8, 0xCB, 0xEA, 0x3E,
    0xC7, 0x51, 0xF6, 0x5F, 0x9D, 0xE2, 0x8B, 0xC1, 0xED, 0xF8, 0xF4, 0x0A, 0x60, 0xCB, 0x16, 0x79,
    0x47, 0x36, 0x0C, 0xEF, 0x05, 0xEC, 0x73, 0x2C, 0x58, 0x7D, 0x72, 0x0D, 0xB0, 0xF9, 0x84, 0xDB,
    0x1F, 0xC3, 0x3D, 0xB2, 0x76, 0xA4, 0x1C, 0x23, 0x61, 0x83, 0xC5, 0x5D, 0xFC, 0xD9, 0x2D, 0x80,
    0x62, 0xDC, 0xCF, 0xE2, 0x09, 0xE1, 0x04, 0xF5, 0x06, 0x0F, 0x97, 0x58, 0x36, 0xD8, 0xD4, 0xD8,
    0x86, 0xC8, 0x14, 0x5A, 0xD9, 0x58, 0x76, 0xF2, 0xB1, 0xE8, 0xD3, 0x2C, 0x1E, 0x94, 0x5D, 0x3E,
    0x26, 0xD8, 0x49, 0x48, 0xD8, 0x75, 0xB4, 0xD5, 0xB0, 0xB4, 0x62, 0xE5, 0x80, 0xC6, 0x36, 0x61,
    0xD3, 0x44, 0xFE, 0xBC, 0x23, 0xEB, 0x28, 0xA3, 0xD5, 0x07, 0x24, 0xF2, 0x7F, 0x4F, 0xE4, 0xA3,
    0xDB, 0xF1, 0xA7, 0xEF, 0x4A, 0x4E, 0xFD, 0xB7, 0x2D, 0xEB, 0x19, 0x20, 0x7B, 0xCA, 0xF9, 0x58,
    0x1F, 0x7C, 0x77, 0x63, 0x9D, 0x0D, 0x9F, 0x29, 0x4E, 0x1F, 0x2B, 0x43, 0x0F, 0xAC, 0xB0, 0x27,
    0x1F, 0xAE, 0x82, 0x3C, 0x4A, 0x54, 0x8A, 0x01, 0xE1, 0x39, 0x1E, 0x2C, 0xB0, 0xB9, 0x0B, 0xF8,
    0xEE, 0xAD, 0xDA, 0x12, 0xC7, 0xBE, 0xAE, 0xF3, 0x5F, 0xEE, 0xEB, 0xFC, 0xEA, 0x2D, 0x5C, 0xA2,
    0x32, 0x22, 0xEB, 0xF1, 0x28, 0xC3, 0x58, 0x44, 0x5E, 0x04, 0xAC, 0xCF, 0x50, 0x4D, 0xEF, 0x56,
    0xFB, 0xC5, 0xC5, 0xDA, 0x0F, 0x17, 0x6B, 0x7F, 0xAF, 0x88, 0x03, 0xD6, 0x4E, 0x68, 0xA2, 0xB2,
    0x25, 0xE0, 0x13, 0x82, 0x1F, 0x09, 0xFE, 0x4A, 0xF5, 0xC5, 0xA8, 0x98, 0x07, 0x8E, 0xE3, 0x05,
    0x25, 0x0E, 0xBD, 0xF4, 0x47, 0xBF, 0xAF, 0x12, 0x01, 0xCA, 0x88, 0xA2, 0x7B, 0x7F, 0xA8, 0x47,
    0x7C, 0x8E, 0xFB, 0xD7, 0x44, 0xBD, 0xB7, 0x39, 0xEE, 0xC3, 0x33, 0x68, 0xF7, 0xE8, 0xD5, 0x25,
    0xE8, 0xC5, 0xB4, 0x9F, 0xED, 0xFB, 0x29, 0xDF, 0x3C, 0xC4, 0xAA, 0xC6, 0x41, 0x88, 0x09, 0xBD,
    0x65, 0x57, 0x75, 0xB2, 0xE9, 0x6B, 0xB3, 0x1B, 0x14, 0x43, 0x3E, 0x2A, 0xFB, 0xEC, 0xB7, 0x66,
    0x77, 0x72, 0x39, 0xFA, 0xDE, 0xEB, 0xF2, 0x8E, 0x0A, 0xDF, 0x3F, 0x97, 0xC0, 0x67, 0xAA, 0xEE,
    0x0A, 0x25, 0x68, 0x7E, 0x8C, 0xA3, 0x53, 0xF0, 0xDE, 0x0C, 0xFC, 0xD7, 0x86, 0xF7, 0x43, 0x65,
    0xD5, 0xE3, 0x9A, 0x06, 0x7F, 0x2C, 0x23, 0xBB, 0xFA, 0x02, 0xE5, 0xE5, 0x5E, 0xB7, 0xD9, 0x7B,
    0xDD, 0x0A, 0x9B, 0x46, 0x52, 0x88, 0x73, 0xCA, 0xAA, 0xDB, 0x7B, 0xDD, 0xDB, 0x53, 0x5E, 0xE2,
    0x75, 0xD7, 0x80, 0x7B, 0x89, 0xD7, 0xCD, 0xF3, 0xDC, 0xBE, 0x8A, 0x38, 0xE1, 0xB2, 0x48, 0x55,
    0x9A, 0x62, 0xE2, 0xF2, 0x40, 0xBA, 0x4E, 0xBA, 0xDE, 0x9B, 0xFE, 0x4F, 0x76, 0xDC, 0xAB, 0xE6,
    0x13, 0x4D, 0x3C, 0xB2, 0x14, 0xE2, 0x56, 0xD5, 0xEE, 0x54, 0xDD, 0x3C, 0xCF, 0xAF, 0x63, 0xC2,
    0x0E, 0x5B, 0x2C, 0xDD, 0xD1, 0xB4, 0x47, 0xAA, 0xF9, 0x34, 0xB5, 0xF3, 0xA6, 0xEB, 0x39, 0x24,
    0x9F, 0x5B, 0xF9, 0xCF, 0x3A, 0x8A, 0x8E, 0x80, 0x07, 0xF8, 0x10, 0xAE, 0x89, 0xAB, 0x69, 0x99,
    0x07, 0xFA, 0x11, 0xC3, 0xFE, 0x6E, 0xDA, 0x1D, 0xC0, 0xF1, 0x90, 0xFA, 0xAC, 0x69, 0x1B, 0x4B,
    0x55, 0xB7, 0x55, 0x74, 0x3B, 0x45, 0x3F, 0xCF, 0xF3, 0xEB, 0xD8, 0xE1, 0x04, 0x5B, 0xAC, 0x94,
    0xE9, 0xBC, 0xB6, 0x9A, 0xCF, 0x52, 0x3B, 0xF9, 0xF4, 0x99, 0x6A, 0x1E, 0x85, 0xAA, 0xBF, 0xBE,
    0xFE, 0x3F, 0xFF, 0x58, 0x7E, 0x76, 0x5F, 0xF1, 0xAB, 0x49, 0xDE, 0x3E, 0x01, 0x8E, 0x06, 0xC5,
    0x7C, 0x2A, 0x74, 0x4D, 0x6C, 0x54, 0xDD, 0x52, 0xD1, 0x6D, 0x14, 0xFD, 0xD1, 0x3C, 0xBF, 0x8E,
    0x0D, 0x0E, 0xB0, 0x42, 0xA3, 0x14, 0xFA, 0xBA, 0x2D, 0x5F, 0xF7, 0xF9, 0x37, 0xF6, 0xA2, 0x2F,
    0x7E, 0xC4, 0x4C, 0xFE, 0x6F, 0xAD, 0xF2, 0x97, 0xBD, 0x5B, 0x1E, 0x5D, 0x1F, 0x83, 0xB2, 0xA3,
    0x22, 0x7C, 0xC0, 0xBA, 0xE3, 0xAF, 0x07, 0xC6, 0x49, 0xD6, 0xDE, 0xBB, 0xC8, 0xD3, 0x5E, 0xCE,
    0xB3, 0xB9, 0x94, 0x67, 0xC4, 0xE7, 0x2C, 0xEE, 0xDF, 0x20, 0xCF, 0x02, 0x77, 0x09, 0xD5, 0x35,
    0xF0, 0x34, 0x91, 0x3F, 0xEE, 0xC8, 0x5B, 0x1F, 0x55, 0x1C, 0x7F, 0x6F, 0x7F, 0xEF, 0xF4, 0x7F,
    0x98, 0xE2, 0xEF, 0x66, 0x3A, 0x7D, 0x15, 0x67, 0x6F, 0xCB, 0x14, 0xA9, 0x7B, 0x3E, 0x7D, 0x8C,
    0x67, 0xE4, 0xBD, 0xF0, 0x27, 0x31, 0xB1, 0xF9, 0xC7, 0xC4, 0xF6, 0xFC, 0x5B, 0xB2, 0x15, 0xF1,
    0x15, 0x5B, 0x57, 0xCC, 0x33, 0x47, 0xBF, 0x91, 0x4F, 0xCF, 0x54, 0x73, 0x0F, 0xDC, 0xC3, 0xF1,
    0x0D, 0x8D, 0xD7, 0xE7, 0x7F, 0xC0, 0x7C, 0x4F, 0xFE, 0x37, 0x23, 0x10, 0xD8, 0xB3, 0x5D, 0xD5,
    0xB8, 0x7D, 0x88, 0x43, 0xFC, 0x4F, 0x54, 0x7C, 0xD9, 0xA9, 0xBE, 0x18, 0x70, 0x73, 0x5E, 0x6D,
    0x89, 0x23, 0x9C, 0xD7, 0x4A, 0x1E, 0x9F, 0xE2, 0xEA, 0x3D, 0xBC, 0xEA, 0xD7, 0xE3, 0xE3, 0xC9,
    0x58, 0xF4, 0x65, 0xBC, 0x85, 0x10, 0xDF, 0xF6, 0xEF, 0x0F, 0xFB, 0xA3, 0xF1, 0xD9, 0xEB, 0x96,
    0xE1, 0x2D, 0x5A, 0x4E, 0x6F, 0x7A, 0xF1, 0x6C, 0x7A, 0x76, 0x30, 0x1F, 0x60, 0x73, 0xF1, 0xC5,
    0x8B, 0x93, 0x17, 0xEA, 0x53, 0xB2, 0x79, 0xEE, 0x95, 0x53, 0x39, 0x09, 0x9D, 0xAD, 0x35, 0x2B,
    0x4B, 0x6A, 0x5B, 0x09, 0x9F, 0xD0, 0xEE, 0xA8, 0xBA, 0x37, 0xA5, 0xD7, 0xDF, 0xA6, 0x14, 0x53,
    0x0B, 0xA9, 0xAD, 0xD0, 0x39, 0x91, 0xAE, 0x27, 0x5D, 0x99, 0xFA, 0x14, 0x00, 0x18, 0x90, 0x8D,
    0x30, 0xE0, 0x78, 0x90, 0x2A, 0xA2, 0x6E, 0x9B, 0xB8, 0x52, 0xA5, 0xEA, 0x19, 0x76, 0xF2, 0x31,
    0xC5, 0x74, 0x7E, 0x4C, 0x91, 0x3E, 0x4F, 0xDF, 0xA7, 0xF3, 0xCA, 0xF3, 0xD5, 0x04, 0x40, 0x85,
    0x10, 0xA9, 0x90, 0xEF, 0x10, 0xCE, 0xF0, 0x41, 0x90, 0x32, 0x2C, 0x60, 0x82, 0xA7, 0x80, 0x9B,
    0x23, 0x6F, 0x5A, 0x8E, 0x47, 0x9E, 0x8E, 0x18, 0x29, 0x7A, 0xAA, 0xFD, 0x72, 0xFA, 0xAE, 0x02,
    0x3C, 0x87, 0x81, 0xEC, 0x5F, 0x3B, 0xCA, 0x09, 0x61, 0x81, 0x65, 0x8D, 0xBF, 0xB8, 0x1D, 0x6F,
    0x1A, 0x56, 0xD9, 0x12, 0x08, 0x3F, 0x60, 0xDD, 0xF1, 0xF3, 0x41, 0x96, 0x30, 0xDA, 0x7B, 0x57,
    0x00, 0x5B, 0xB6, 0x28, 0xCE, 0x7F, 0x98, 0x7A, 0x1F, 0x60, 0x17, 0xF8, 0x84, 0x10, 0xAE, 0x01,
    0x36, 0x9F, 0x90, 0xEF, 0x77, 0x6C, 0xF1, 0x19, 0xC5, 0xF8, 0x84, 0xB0, 0xC1, 0x83, 0xBB, 0xB8,
    0x77, 0xE7, 0xA6, 0x89, 0xBF, 0xB9, 0xE4, 0x95, 0x31, 0x91, 0xFB, 0x87, 0xAF, 0xC9, 0xB3, 0xF6,
    0xD3, 0x77, 0x27, 0x0F, 0x79, 0x64, 0xFD, 0x25, 0x1E, 0xBF, 0x04, 0xC8, 0x9E, 0xA0, 0x9C, 0x38,
    0xC7, 0xAF, 0xF1, 0x97, 0x37, 0x3F, 0xE0, 0xCF, 0x3F, 0x92, 0x9D, 0x5D, 0x5C, 0x15, 0xAF, 0x1C,
    0xDF, 0xA3, 0xFD, 0xBE, 0x7B, 0x83, 0x87, 0x01, 0x1F, 0xDD, 0x06, 0xBC, 0x07, 0x7E, 0x1D, 0x22,
    0x4D, 0xC7, 0xC1, 0xF9, 0x5D, 0xCE, 0x93, 0xC4, 0x7C, 0x0D, 0x3E, 0xAE, 0x06, 0x2B, 0xB0, 0x01,
    0x13, 0x78, 0x02, 0x40, 0x7D, 0x26, 0xC4, 0xD4, 0xE9, 0x10, 0xCB, 0xA9, 0xDC, 0x85, 0x18, 0x3A,
    0x2F, 0x1B, 0x6B, 0xD6, 0x1B, 0x09, 0x70, 0xF4, 0x1A, 0xF8, 0x3C, 0xBF, 0x56, 0xE0, 0xD2, 0xFC,
    0xDB, 0x33, 0xA3, 0xD4, 0x96, 0xA4, 0x0E, 0x49, 0x1E, 0x92, 0x3E, 0xE7, 0xD2, 0xEF, 0x15, 0xDA,
    0x21, 0x1B, 0xF7, 0xFB, 0xE8, 0x16, 0xB7, 0x01, 0x89, 0xAB, 0xE8, 0x5F, 0x01, 0x16, 0xFD, 0x2B,
    0xD2, 0x1F, 0xF7, 0x2B, 0xD5, 0xAF, 0x92, 0x26, 0x5F, 0xC5, 0x9D, 0xFC, 0x54, 0x52, 0xC2, 0x94,
    0xD2, 0x6E, 0x9F, 0x92, 0x32, 0x92, 0x34, 0x92, 0x36, 0xCA, 0xF9, 0xD4, 0xB9, 0x3A, 0x4B, 0x50,
    0x83, 0x10, 0xA1, 0xE8, 0x20, 0x6B, 0xDF, 0x13, 0x29, 0xB2, 0x11, 0x26, 0xD8, 0xC0, 0x03, 0xF8,
    0xFE, 0x75, 0x48, 0x91, 0xEF, 0x20, 0x9C, 0xD9, 0xAF, 0xEF, 0x3E, 0x00, 0x0B, 0x30, 0x81, 0xA7,
    0xEF, 0x89, 0x2C, 0x9A, 0x16, 0xC7, 0x23, 0x9E, 0x8E, 0xB0, 0xAF, 0x95, 0x2A, 0xE2, 0xCE, 0x75,
    0x08, 0xF4, 0xB0, 0x68, 0x71, 0xF4, 0x65, 0xC4, 0xDF, 0xCF, 0xF0, 0xD3, 0x8F, 0xDE, 0x17, 0x39,
    0x9E, 0x7F, 0x2C, 0xED, 0xCC, 0xA5, 0xAD, 0xB9, 0xB4, 0x37, 0xBF, 0x06, 0xFE, 0xEF, 0x96, 0xF0,
    0x1B, 0xBE, 0x29, 0x1B, 0xC1, 0x70, 0xC5, 0x98, 0x00, 0x54, 0x10, 0x22, 0x2A, 0x4C, 0x4C, 0xBF,
    0x6F, 0xEC, 0xCE, 0x63, 0x2B, 0x1B, 0x37, 0xF2, 0x71, 0xA5, 0x18, 0xEA, 0xB6, 0xEE, 0xCA, 0x79,
    0x4E, 0x1B, 0xB5, 0x37, 0xDA, 0xF3, 0x24, 0xC4, 0xDF, 0x15, 0xBB, 0x14, 0x9A, 0xB8, 0xB5, 0x8E,
    0xAB, 0xEC, 0xAB, 0xB6, 0x99, 0x7F, 0xDD, 0x96, 0xA7, 0xD5, 0x9B, 0x37, 0x63, 0x75, 0xCF, 0xD1,
    0xC8, 0xD3, 0x69, 0x7F, 0x97, 0x2C, 0x44, 0x6E, 0xE1, 0xBA, 0xB8, 0x0E, 0xC9, 0xE6, 0x4E, 0xF6,
    0xCF, 0x6F, 0xFA, 0x71, 0xED, 0x5D, 0x19, 0xB7, 0x30, 0x21, 0x1F, 0x50, 0x74, 0xB8, 0x1D, 0xD9,
    0xD3, 0x6C, 0x52, 0xDA, 0xEE, 0xD3, 0x6E, 0xE2, 0x3F, 0xC7, 0x89, 0xB9, 0x9B, 0x38, 0x33, 0x31,
    0x5D, 0x9E, 0x76, 0xFB, 0x94, 0xE0, 0x24, 0x3A, 0x09, 0x4F, 0xE2, 0x93, 0x00, 0x13, 0xE1, 0xFE,
    0xC1, 0x5D, 0x87, 0xAA, 0x45, 0x80, 0xEF, 0xB1, 0x07, 0xFC, 0xD3, 0x78, 0x21, 0xFD, 0xC4, 0x24,
    0xFC, 0x53, 0x4A, 0xBB, 0x94, 0x7A, 0x89, 0x51, 0x4A, 0x12, 0xA9, 0x84, 0x2A, 0xB1, 0x4A, 0xB0,
    0x12, 0xAD, 0xF2, 0x34, 0xB4, 0xB2, 0x11, 0x5E, 0xC0, 0x02, 0xEE, 0xC2, 0x6D, 0x37, 0xCD, 0x5B,
    0xF4, 0xE7, 0xCC, 0x4C, 0xB0, 0x80, 0x0F, 0xAF, 0x81, 0x57, 0xDD, 0xE3, 0x68, 0xC4, 0xD3, 0xE9,
    0x82, 0xB5, 0x87, 0x88, 0x5B, 0x37, 0x4E, 0xEE, 0x90, 0x54, 0xCD, 0x52, 0x39, 0xA3, 0xE8, 0x10,
    0xE0, 0xC1, 0xB5, 0x69, 0xF0, 0xE2, 0x07, 0xE4, 0xF3, 0xC7, 0xC9, 0xCF, 0x4F, 0xC8, 0xDB, 0x47,
    0x37, 0x0D, 0x9D, 0x0F, 0x3F, 0xA4, 0x3A, 0x79, 0x4C, 0xA8, 0x07, 0xEE, 0x64, 0xF1, 0xEA, 0x29,
    0x6F, 0x0C, 0xE6, 0x72, 0x4F, 0xBF, 0x3A, 0x18, 0x2E, 0x98, 0xAF, 0xE5, 0xFE, 0xDD, 0x3D, 0xAC,
    0x10, 0x50, 0x45, 0x8A, 0x0E, 0xAC, 0x38, 0x6C, 0xD8, 0x86, 0xD6, 0xAE, 0xEA, 0xD2, 0xD3, 0xBD,
    0xF4, 0x70, 0x2F, 0x2D, 0x90, 0x69, 0x61, 0x6C, 0x58, 0xAD, 0x68, 0xB6, 0x84, 0x1D, 0xD5, 0x28,
    0x71, 0x29, 0x7A, 0x2E, 0x8F, 0xC4, 0xCF, 0x84, 0x0D, 0x1E, 0xE0, 0x16, 0xB0, 0x51, 0x75, 0x2B,
    0xA1, 0x6D, 0xD4, 0xB1, 0x8E, 0x8D, 0xD0, 0xAE, 0x94, 0xDD, 0x42, 0xD1, 0x6F, 0xE5, 0xC3, 0x4E,
    0x36, 0x8E, 0xFC, 0xC7, 0xC8, 0x2F, 0x7A, 0xD6, 0x5D, 0x0A, 0xEA, 0x48, 0x8D, 0x87, 0x58, 0xE2,
    0x84, 0x62, 0x64, 0xEE, 0x39, 0xBB, 0xA6, 0xFE, 0x03, 0xC8, 0x3B, 0x8A, 0x3E, 0x1D, 0x6D, 0x84,
    0xB8, 0x12, 0x34, 0x6A, 0x21, 0x2E, 0x85, 0x76, 0xA1, 0x4C, 0xAB, 0x7B, 0xFF, 0x5C, 0x3E, 0x8C,
    0xE7, 0x7D, 0xEF, 0xF9, 0x45, 0xC7, 0x3A, 0x45, 0xA4, 0x96, 0x82, 0x07, 0x58, 0x60, 0x77, 0x5F,
    0x31, 0x2E, 0xCD, 0xDD, 0x7D, 0xA7, 0x50, 0x0E, 0x84, 0x13, 0x3E, 0x5E, 0x20, 0xC5, 0x33, 0xB2,
    0x9E, 0x2C, 0xB2, 0x67, 0x73, 0x12, 0xDA, 0xEC, 0x15, 0x5B, 0xF1, 0x4D, 0xB6, 0xE5, 0xB7, 0x60,
    0x6B, 0x5A, 0x8E, 0xFF, 0xFF, 0xC3, 0x9F, 0x6F, 0x31, 0x46, 0x3F, 0x7F, 0xFB, 0x31, 0xB2, 0x2A,
    0x23, 0xC7, 0x5F, 0x61, 0x7C, 0x09, 0x38, 0x64, 0x6D, 0xCD, 0xA1, 0xBA, 0x75, 0x22, 0x74, 0xD9,
    0xE4, 0x15, 0xDF, 0x28, 0x1F, 0xCB, 0x9E, 0x5D, 0xE8, 0xD8, 0xD6, 0x91, 0xD5, 0x4A, 0x82, 0x94,
    0x28, 0x25, 0x4C, 0x89, 0x53, 0x82, 0x79, 0xAB, 0x94, 0x4C, 0x2C, 0x9F, 0x3F, 0x49, 0x16, 0xB6,
    0x77, 0xB0, 0x34, 0x3B, 0x1B, 0x65, 0x17, 0x62, 0xD5, 0x55, 0x5D, 0x68, 0xCB, 0xAE, 0x4E, 0x9F,
    0xC8, 0xC7, 0x25, 0xE3, 0x82, 0x17, 0x1B, 0x36, 0x13, 0xCB, 0x91, 0x66, 0x20, 0xF4, 0x54, 0x1D,
    0x55, 0x4B, 0x88, 0x34, 0x58, 0x92, 0xED, 0x92, 0x96, 0x1C, 0x46, 0xFE, 0x17, 0x9D, 0x8D, 0x81,
    0x86, 0x1C, 0x41, 0x10, 0x86, 0xBF, 0xD9, 0x76, 0x06, 0x8D, 0x82, 0x03, 0x90, 0x7E, 0x83, 0x2C,
    0x40, 0x30, 0x73, 0xD3, 0x04, 0x10, 0xC8, 0x9B, 0x04, 0x60, 0xB1, 0xE3, 0xE6, 0x91, 0x0E, 0xC1,
    0x61, 0x64, 0x7A, 0x13, 0x04, 0xA0, 0x1F, 0xA1, 0x1F, 0xA1, 0x11, 0x0C, 0xFA, 0xAE, 0xD3, 0xB7,
    0xDB, 0x49, 0x64, 0xAC, 0xC3, 0xD5, 0xD4, 0x5F, 0xFE, 0xF9, 0xFF, 0xAA, 0xBF, 0xF3, 0xA5, 0xE2,
    0x06, 0x57, 0xE7, 0x0D, 0x86, 0x8E, 0x03, 0x0F, 0x3C, 0x91, 0xC9, 0x8C, 0x18, 0x06, 0x37, 0x38,
    0xE3, 0xD4, 0xA4, 0xAD, 0xD0, 0x73, 0xBB, 0x51, 0xBA, 0xA2, 0xDC, 0xF0, 0xD9, 0x34, 0xB1, 0x53,
    0xEE, 0xD0, 0x4E, 0x0F, 0x9A, 0x27, 0xF1, 0x59, 0x62, 0xE9, 0xB1, 0xF5, 0x45, 0x1F, 0x7E, 0xA4,
    0xD2, 0xE6, 0x94, 0xD4, 0xF4, 0x41, 0xDB, 0xAF, 0x42, 0xEC, 0x95, 0xBF, 0x6D, 0xEC, 0x55, 0xAB,
    0x3B, 0x5B, 0x88, 0xE5, 0x1A, 0x96, 0x9C, 0xE3, 0x7D, 0xC1, 0x56, 0x7F, 0x3B, 0x5E, 0xCF, 0x7C,
    0xD1, 0x97, 0x57, 0xDE, 0xD3, 0x61, 0x48, 0xCB, 0x73, 0x2E, 0xB5, 0x3C, 0x0F, 0x49, 0x87, 0xB1,
    0xF9, 0xD5, 0xFA, 0xAC, 0x92, 0xC4, 0xF3, 0x38, 0xFF, 0xB6, 0x2B, 0x24, 0x80, 0x7D, 0xA6, 0x89,
    0x00, 0xA3, 0x38, 0x15, 0x00, 0xE6, 0xD6, 0x69, 0x07, 0xB0, 0x2A, 0x2F, 0xB6, 0x92, 0x3D, 0x95,
    0x8C, 0xD4, 0x9D, 0x95, 0xCB, 0xD5, 0x29, 0x72, 0xC9, 0x51, 0xE1, 0xCB, 0xC4, 0x37, 0xDB, 0xAE,
    0xFA, 0x94, 0xA3, 0xCA, 0x1E, 0xE4, 0x63, 0x58, 0xF5, 0xF7, 0x58, 0x4C, 0xED, 0x8E, 0x62, 0x57,
    0x38, 0xCA, 0xD4, 0x1B, 0x66, 0x58, 0x2B, 0x69, 0x62, 0x25, 0xCA, 0x57, 0xA2, 0x5D, 0x5D, 0x16,
    0xAB, 0x2E, 0xE7, 0x77, 0xEC, 0x5E, 0x02, 0x03, 0x47, 0xB8, 0x9F, 0x58, 0xAC, 0x38, 0x33, 0xED,
    0x8B, 0xDC, 0x17, 0xE5, 0x11, 0xF9, 0x19, 0xCC, 0x27, 0xBF, 0x17, 0x77, 0x27, 0xB6, 0x37, 0x1C,
    0xDF, 0xF3, 0xD8, 0xC3, 0xDC, 0xC4, 0xB6, 0x44, 0x0E, 0xCC, 0xE5, 0x1B, 0x90, 0xA9, 0xF5, 0x4D,
    0x64, 0xFE, 0xC3, 0x77, 0x91, 0x44, 0xDA, 0xFD, 0xDD, 0x01, 0x22, 0xEC, 0x3C, 0x28, 0x07, 0x62,
    0xE1, 0x1D, 0xD0, 0x01, 0x87, 0xFF, 0x2D, 0x6D, 0xC1, 0x6C, 0xAC, 0xF0, 0xCF, 0x12, 0xA0, 0xAF,
    0xD6, 0x6F, 0x64, 0x91, 0x31, 0x6E, 0xB4, 0x40, 0x0C, 0x85, 0x1F, 0x33, 0xD2, 0xEF, 0x62, 0x8A,
    0x69, 0xFE, 0x7A, 0xF7, 0x06, 0xCB, 0x05, 0x00, 0xB8, 0x4A, 0xDA, 0xD4, 0x5B, 0x6E, 0x04, 0xD7,
    0x49, 0x9F, 0x82, 0x82, 0xC2, 0x5D, 0xDA, 0xE9, 0xD2, 0x72, 0x04, 0x17, 0x48, 0x21, 0x52, 0x16,
    0xC7, 0x83, 0xA2, 0x55, 0x92, 0x95, 0x3F, 0x09, 0x0B, 0x6C, 0xF3, 0xFC, 0x4C, 0x1F, 0x38, 0x6A,
    0xD7, 0x04, 0xBE, 0xF8, 0xB4, 0xBA, 0x79, 0x29, 0xE4, 0xC6, 0xEA, 0x64, 0xF2, 0x73, 0x43, 0x6C,
    0x05, 0x74, 0x05, 0x22, 0xA3, 0x64, 0xF4, 0x8C, 0x77, 0x76, 0x6F, 0xEC, 0x5F, 0x39, 0x12, 0x1F,
    0x88, 0x2B, 0xE2, 0x17, 0x62, 0x55, 0x31, 0x40, 0x6C, 0x44, 0x95, 0xA8, 0xF3, 0x01, 0x30, 0x4E,
    0x8F, 0x28, 0x95, 0x4B, 0x92, 0xFF, 0x85, 0x00, 0x4B, 0xA6, 0x90, 0xCA, 0x4B, 0xAB, 0xFC, 0x6F,
    0x03, 0x68, 0xB0, 0x81, 0x6E, 0x45, 0x60, 0x1C, 0x81, 0xE6, 0x19, 0xBD, 0x0E, 0x5B, 0x30, 0x25,
    0xDF, 0x1A, 0x46, 0x27, 0x4F, 0x94, 0x4A, 0x1D, 0x4C, 0x80, 0x2A, 0x1B, 0x88, 0x1D, 0x4E, 0x40,
    0x05, 0x8C, 0x80, 0xC0, 0xA6, 0xBA, 0x19, 0x3E, 0xC1, 0x73, 0x86, 0x76, 0xAC, 0xD8, 0x5A, 0x6A,
    0xCA, 0x4B, 0xD5, 0xBB, 0x7E, 0xC3, 0xE6, 0xD8, 0xD8, 0xDB, 0x5E, 0x26, 0x20, 0x6C, 0x08, 0x2B,
    0x5A, 0xC5, 0x14, 0x86, 0xD5, 0xF3, 0x62, 0x0E, 0xF8, 0x34, 0x85, 0x94, 0x3F, 0xA9, 0x09, 0xEA,
    0xD0, 0xC0, 0x7D, 0xA2, 0x9C, 0xF3, 0x0F, 0x81, 0xBC, 0x99, 0x65, 0x15, 0x2E, 0x18, 0xB1, 0x62,
    0xD9, 0x63, 0xB5, 0xFC, 0x82, 0xCA, 0xDE, 0x47, 0x10, 0x8F, 0xFB, 0x33, 0x76, 0x81, 0x89, 0x3D,
    0xFB, 0xB4, 0x87, 0xE5, 0x81, 0x63, 0x97, 0x7B, 0x47, 0x54, 0x7D, 0x57, 0x6B, 0x6A, 0xCD, 0xD7,
    0x42, 0xEA, 0x3B, 0x7E, 0x5F, 0x43, 0xEE, 0xAE, 0x91, 0x6E, 0xD7, 0x28, 0xE4, 0x28, 0xBD, 0x3C,
    0x48, 0xF1, 0x27, 0x5A, 0x6D, 0xD5, 0x8C, 0x35, 0xCF, 0x2B, 0x3F, 0xA3, 0xF8, 0x61, 0x50, 0x1C,
    0x50, 0x02, 0x13, 0x9C, 0x20, 0x32, 0x5A, 0x15, 0x23, 0x5C, 0xD1, 0x2B, 0x9F, 0x29, 0xE5, 0x82,
    0xC0, 0x7E, 0x83, 0x61, 0x89, 0xB5, 0xEC, 0x8D, 0x72, 0xA6, 0xD9, 0x0A, 0xC2, 0xD7, 0x68, 0x10,
    0xFB, 0xEC, 0x83, 0x3F, 0xF6, 0xEB, 0xA8, 0x1E, 0xFB, 0x00, 0x8C, 0x93, 0x01, 0x64, 0x1C, 0x41,
    0x14, 0x86, 0xFF, 0xBD, 0xC1, 0x62, 0x35, 0x53, 0x28, 0xA5, 0x8D, 0x01, 0x80, 0x30, 0x50, 0x04,
    0xB9, 0xDC, 0x80, 0x06, 0x05, 0xE8, 0x15, 0xA0, 0x00, 0x04, 0x14, 0x01, 0xDC, 0xD9, 0x25, 0x28,
    0x40, 0x01, 0x80, 0x02, 0x54, 0x8B, 0x04, 0x10, 0x2C, 0x37, 0x29, 0x14, 0x60, 0xB4, 0x05, 0xC0,
    0x45, 0x4A, 0x0B, 0x74, 0xCA, 0x54, 0xA6, 0xB2, 0xB7, 0xAF, 0x6F, 0x66, 0xCF, 0xB9, 0x2A, 0xD5,
    0xE3, 0xFB, 0xCD, 0xFE, 0x6F, 0xDE, 0x7B, 0xE7, 0xED, 0x5B, 0xC0, 0x2F, 0x81, 0x2B, 0x07, 0x4D,
    0xB6, 0x20, 0x5A, 0x96, 0x37, 0x1F, 0xA2, 0x3C, 0x7D, 0x79, 0xA1, 0xCB, 0x27, 0x18, 0x57, 0x12,
    0x33, 0xB9, 0x83, 0x76, 0x67, 0x17, 0x71, 0x77, 0x0F, 0xF1, 0xE1, 0x01, 0xC2, 0xDE, 0x3E, 0xE2,
    0xFE, 0x09, 0xE2, 0xA3, 0x73, 0xB4, 0x2F, 0x3C, 0xDA, 0x73, 0x8F, 0xF9, 0xD5, 0x12, 0x93, 0x8F,
    0x0E, 0xEA, 0x93, 0x3D, 0xA9, 0x6E, 0xDF, 0x47, 0xC1, 0x75, 0xC4, 0x59, 0x8F, 0xB2, 0x02, 0xAA,
    0x1D, 0x00, 0x2A, 0x02, 0x44, 0x18, 0x85, 0x3B, 0x10, 0xDC, 0xAD, 0xB4, 0x7F, 0x22, 0x18, 0x22,
    0x9F, 0xC8, 0xF1, 0x91, 0xDF, 0x3C, 0xE7, 0xB3, 0x70, 0x5C, 0xC7, 0x02, 0xDA, 0x24, 0x9F, 0x32,
    0xE8, 0x80, 0x19, 0xD0, 0x67, 0xA5, 0x41, 0x9B, 0xAC, 0x2E, 0xE9, 0xAD, 0x4F, 0xFA, 0x33, 0x26,
    0x0D, 0x2D, 0xEB, 0x22, 0x4C, 0x50, 0xC7, 0x3A, 0x68, 0x53, 0x07, 0x04, 0x69, 0x93, 0x5F, 0x2E,
    0x67, 0xA8, 0xC3, 0xC8, 0xD7, 0x61, 0x11, 0xD0, 0xD5, 0x11, 0x01, 0xF3, 0xE4, 0x63, 0xD2, 0x26,
    0x95, 0x5D, 0xD2, 0x2A, 0xAB, 0xC8, 0x5A, 0x64, 0xE5, 0xD6, 0x92, 0x22, 0x43, 0x46, 0x1A, 0xE5,
    0xA4, 0x11, 0x5E, 0x9A, 0x11, 0x53, 0x04, 0x5A, 0xFF, 0xF8, 0xEC, 0x07, 0xBF, 0x72, 0xF9, 0x5E,
    0xBA, 0x6F, 0xF0, 0x4F, 0x36, 0xF3, 0x10, 0xD4, 0x25, 0xB6, 0x67, 0x54, 0x2C, 0x8E, 0x6C, 0x45,
    0xB7, 0x96, 0xFF, 0xBD, 0x1D, 0x43, 0xD9, 0x16, 0xD2, 0x46, 0x54, 0x4C, 0x69, 0x03, 0x13, 0x99,
    0xF4, 0xDC, 0x32, 0x87, 0x1C, 0xD3, 0x4D, 0x6D, 0x25, 0x7D, 0xB5, 0x45, 0x7F, 0x64, 0x01, 0x70,
    0x39, 0xCA, 0x60, 0x44, 0x4B, 0x40, 0x53, 0x9F, 0x26, 0xA7, 0x9B, 0x11, 0xE7, 0x9A, 0xD2, 0x61,
    0x18, 0x2F, 0x64, 0x83, 0x3C, 0x60, 0x3B, 0x88, 0x02, 0xB0, 0x91, 0xED, 0x40, 0xBE, 0x27, 0x53,
    0x46, 0xCE, 0xCD, 0x55, 0x72, 0xBD, 0x5C, 0x39, 0xF7, 0x10, 0xD4, 0x1B, 0x96, 0x74, 0x72, 0x45,
    0x64, 0xC1, 0x3C, 0xBD, 0x99, 0x89, 0x67, 0xD1, 0x5E, 0xB0, 0x20, 0xC9, 0xC6, 0xAB, 0xD9, 0x2B,
    0xBA, 0x94, 0xE1, 0xD7, 0xB9, 0x0E, 0xF8, 0x1F, 0x41, 0xD1, 0x0C, 0x0B, 0xA4, 0x7B, 0x53, 0x70,
    0x76, 0x79, 0x7D, 0xD9, 0xC9, 0x53, 0xBB, 0xAF, 0xD9, 0x1B, 0x33, 0x33, 0xE6, 0x82, 0x89, 0x6B,
    0x82, 0xA0, 0x55, 0xCC, 0xD8, 0x71, 0xC7, 0xB4, 0xCC, 0x9C, 0x99, 0x30, 0xEA, 0xD4, 0x8E, 0xE5,
    0xF5, 0xE5, 0x4A, 0x10, 0xAD, 0x50, 0xF7, 0xBB, 0xB9, 0x2E, 0x93, 0x7B, 0xC0, 0x0F, 0x68, 0x6A,
    0xB8, 0x4F, 0x28, 0xC3, 0x8F, 0x4E, 0x5A, 0x7F, 0xA0, 0xD9, 0x1B, 0x33, 0x33, 0xA6, 0x65, 0xE2,
    0x9A, 0xB0, 0x75, 0x6E, 0xD7, 0xF1, 0x43, 0x46, 0x1B, 0x7F, 0x57, 0x3A, 0x3F, 0x13, 0xAB, 0x9B,
    0x0E, 0x69, 0x3E, 0x0F, 0xFA, 0x4D, 0xED, 0xE9, 0x74, 0xFA, 0x74, 0x41, 0xD4, 0x1D, 0xBF, 0xA3,
    0x37, 0xC3, 0xB6, 0x4B, 0x7B, 0x6F, 0xFA, 0xFC, 0x73, 0xF6, 0xDE, 0x9E, 0x7D, 0xCB, 0x6F, 0x88,
    0xFD, 0xE9, 0xB3, 0x1E, 0x0B, 0x8A, 0x38, 0x3E, 0x73, 0x18, 0x3E, 0x98, 0x00, 0xA0, 0x63, 0xE6,
    0xCC, 0x84, 0x51, 0x39, 0x17, 0x28, 0x97, 0x7F, 0x6F, 0xDA, 0x7D, 0xC8, 0xC7, 0x69, 0x83, 0xBF,
    0x40, 0xFD, 0xCA, 0x1F, 0x0D, 0xBE, 0x27, 0xEF, 0x28, 0x79, 0x4B, 0xE8, 0x38, 0x78, 0xAF, 0x0D,
    0x42, 0xDA, 0xE8, 0xCD, 0x16, 0x9B, 0xBA, 0x91, 0x3C, 0x16, 0x49, 0xAF, 0xA0, 0x28, 0x32, 0xD4,
    0x28, 0x28, 0xA7, 0x20, 0xBC, 0x42, 0x11, 0x14, 0xB0, 0x45, 0xE1, 0x07, 0x5F, 0x3A, 0x22, 0x32,
    0x3C, 0x2E, 0xB0, 0x9F, 0x21, 0x1A, 0xF8, 0x3D, 0x08, 0x1F, 0x81, 0x01, 0x63, 0x00, 0x83, 0x03,
    0x40, 0xCC, 0xEE, 0x00, 0x24, 0xF4, 0x42, 0x43, 0x43, 0x03, 0xEC, 0xFF, 0xFF, 0xFF, 0xFF, 0x41,
    0x0E, 0x24, 0xCE, 0xDC, 0x00, 0x22, 0x27, 0x80, 0xD5, 0x30, 0x1D, 0x60, 0xFF, 0x20, 0xF7, 0xC6,
    0xF4, 0x14, 0xE3, 0x41, 0xC6, 0x03, 0xD8, 0x21, 0x03, 0x14, 0xC8, 0x80, 0x08, 0x6E, 0x06, 0xD1,
    0xD0, 0xD0, 0xF0, 0x0B, 0xF5, 0x20, 0xB3, 0x40, 0x26, 0x81, 0x64, 0xF9, 0x40, 0x12, 0x22, 0x40,
    0x8C, 0xCB, 0x04, 0xC1, 0x83, 0xA6, 0x67, 0xF9, 0x7F, 0xB0, 0x7F, 0x60, 0x3C, 0x00, 0x00, 0xAC,
    0xD3, 0x21, 0x8C, 0xA5, 0x56, 0x18, 0x05, 0xE0, 0x0F, 0x48, 0x4A, 0xB2, 0x4F, 0x50, 0xB1, 0x6E,
    0x9B, 0x60, 0x57, 0x34, 0x83, 0x4F, 0xDE, 0x03, 0x5C, 0x45, 0x45, 0xEB, 0x75, 0xFD, 0xDA, 0x8A,
    0xB7, 0x33, 0x78, 0x35, 0xDE, 0xAB, 0x9A, 0x56, 0x54, 0x8C, 0x78, 0xDB, 0xC1, 0x2B, 0xBC, 0x29,
    0x62, 0x7D, 0xAE, 0xB8, 0x82, 0x4D, 0x98, 0x47, 0xB9, 0x9B, 0x79, 0xAA, 0xB2, 0x85, 0x73, 0x4E,
    0xC2, 0xC9, 0xFD, 0xFF, 0xC3, 0xCF, 0x1F, 0x34, 0xA3, 0x2D, 0xE4, 0x5F, 0xD6, 0x62, 0xBA, 0x14,
    0x63, 0x4B, 0x4B, 0x97, 0xF0, 0x6E, 0xCB, 0xB6, 0xE7, 0xC3, 0xDC, 0xD6, 0x7D, 0xDB, 0xFA, 0x78,
    0x71, 0x59, 0xAC, 0x31, 0x5B, 0x62, 0x1E, 0x97, 0x32, 0x7C, 0xAA, 0xC7, 0x6E, 0xEB, 0xAB, 0x05,
    0xF8, 0x16, 0xFE, 0x80, 0x05, 0xF9, 0x8A, 0xE2, 0x8A, 0xF2, 0x6F, 0x54, 0x3F, 0x0D, 0xD4, 0xE5,
    0x48, 0x5B, 0x4C, 0x9C, 0xB3, 0xC0, 0x22, 0x12, 0x5C, 0xE4, 0xB3, 0x93, 0xDD, 0x6E, 0x1C, 0x46,
    0x95, 0xAA, 0x57, 0x0D, 0x0D, 0xE5, 0xD8, 0x52, 0xCC, 0x67, 0xB2, 0xB0, 0xED, 0xD7, 0xF2, 0x55,
    0xBA, 0x6D, 0x5B, 0x13, 0x8F, 0x1C, 0xFF, 0x6F, 0xBE, 0x65, 0x07, 0x52, 0x92, 0x24, 0xEE, 0xA1,
    0x1E, 0x50, 0xCE, 0xC8, 0x17, 0xF8, 0x04, 0x4D, 0x8F, 0xC3, 0x84, 0x22, 0xC2, 0x0A, 0x1F, 0x91,
    0x2D, 0x28, 0x02, 0xAA, 0x11, 0x1D, 0xAC, 0xC8, 0xE3, 0xAD, 0xA0, 0x19, 0x70, 0x7F, 0x0B, 0x1A,
    0xBE, 0xCA, 0xF3, 0x3E, 0x53, 0x22, 0x7E, 0x41, 0x20, 0x9F, 0x28, 0x47, 0xAA, 0x9E, 0x3B, 0x1C,
    0xF1, 0x27, 0x59, 0xA0, 0x18, 0x39, 0x0C, 0x54, 0x38, 0xE1, 0xFC, 0x5A, 0x31, 0x53, 0xBC, 0x56,
    0xD4, 0x38, 0xE2, 0x49, 0x3A, 0xDA, 0x85, 0x74, 0x57, 0x23, 0xDE, 0xFC, 0x06, 0xF5, 0xD6, 0xE3,
    0x0E, 0x9C, 0xC0, 0x19, 0x3C, 0x81, 0x08, 0x59, 0x20, 0xF5, 0xA4, 0x1B, 0x8B, 0x89, 0x6E, 0x2A,
    0xC6, 0xF4, 0x9C, 0x82, 0xB3, 0x90, 0x32, 0x84, 0x0A, 0xE2, 0x1D, 0x3C, 0x9D, 0xE0, 0x78, 0x94,
    0xF4, 0x09, 0xEE, 0x22, 0xD4, 0x01, 0xAA, 0xD9, 0x6D, 0x7A, 0xA0, 0x7C, 0xF1, 0xCD, 0x55, 0xB3,
    0x8D, 0x3B, 0x1E, 0x7E, 0x88, 0x7F, 0xFD, 0x18, 0x56, 0xCF, 0x31, 0x0B, 0x8B, 0x66, 0x12, 0x77,
    0x1D, 0xC5, 0xDD, 0x09, 0x59, 0xBC, 0xCF, 0xE3, 0xB5, 0x0C, 0xCD, 0x36, 0xED, 0x28, 0xAF, 0xCA,
    0xAD, 0x07, 0xE4, 0x8B, 0x7A, 0xD5, 0x71, 0xFA, 0x6F, 0xB8, 0x68, 0x16, 0xCD, 0xA3, 0xEC, 0xD1,
    0xFB, 0xEA, 0xEA, 0xD8, 0xFC, 0x3E, 0x5F, 0x4E, 0xF9, 0x16, 0x8F, 0x9A, 0x09, 0xB2, 0x9F, 0xBD,
    0xFD, 0xB7, 0xFF, 0x1E, 0x67, 0x44, 0xB2, 0x90, 0x16, 0x19, 0x12, 0x6F, 0xDF, 0x5E, 0x8B, 0x33,
    0x37, 0xBF, 0x98, 0x5F, 0x97, 0x39, 0xF0, 0x06, 0x80, 0xEF, 0x29, 0x57, 0x9E, 0x27, 0xEF, 0xBE,
    0xC8, 0xB6, 0x41, 0xF3, 0x99, 0x6E, 0xA0, 0x5E, 0x24, 0x9B, 0xF2, 0x8A, 0x0F, 0x9F, 0xC9, 0x57,
    0x7C, 0x07, 0xB7, 0x5F, 0x00, 0x7E, 0x45, 0xF7, 0xC8, 0xE1, 0x05, 0x0F, 0x33, 0xF9, 0x35, 0xBD,
    0x40, 0x4C, 0xE7, 0xF9, 0x30, 0x2B, 0x5F, 0x52, 0x9F, 0xD4, 0xCF, 0x43, 0xCF, 0x3F, 0x2B, 0x01,
    0x2A, 0x43, 0x36, 0x03, 0x00, 0x63, 0xA8, 0xBF, 0xF8, 0x85, 0xE9, 0xFF, 0xE5, 0x3F, 0xCC, 0x0F,
    0x18, 0xBF, 0xB0, 0x1F, 0x60, 0x60, 0x80, 0xE1, 0xFF, 0xFF, 0x0F, 0x7E, 0x00, 0x61, 0xF6, 0x03,
    0x8C, 0x24, 0x63, 0x06, 0x06, 0x20, 0x06, 0x1A, 0xFC, 0x81, 0x81, 0xE9, 0xFF, 0xC3, 0x0F, 0x0C,
    0xCC, 0x0F, 0x1C, 0x3F, 0x30, 0x80, 0xC4, 0x11, 0x04, 0xC8, 0x78, 0x30, 0x01, 0xE6, 0x92, 0x4E,
    0x7C, 0x01, 0xB9, 0xF1, 0xFF, 0x01, 0x20, 0x61, 0xDF, 0x00, 0x00,
};

static const EpdGlyph sarabun_14_regularGlyphs[] = {
    { 0, 0, 0, 0, 0, 0, 0 }, // U+0000
    { 0, 0, 113, 0, 0, 0, 0 }, // U+000D
    { 0, 0, 113, 0, 0, 0, 0 }, // U+0020
    { 4, 21, 111, 1, 21, 21, 0 }, // !
    { 7, 7, 165, 2, 21, 13, 21 }, // "
    { 17, 21, 320, 2, 21, 90, 34 }, // #
    { 14, 25, 247, 1, 23, 88, 124 }, // $
    { 24, 21, 421, 1, 21, 126, 212 }, // %
    { 18, 22, 312, 1, 21, 99, 338 }, // &
    { 3, 7, 90, 2, 21, 6, 437 }, // '
    { 7, 24, 148, 1, 22, 42, 443 }, // (
    { 8, 24, 148, 0, 22, 48, 485 }, // )
    { 11, 12, 209, 1, 22, 33, 533 }, // *
    { 15, 15, 283, 1, 15, 57, 566 }, // +
    { 5, 9, 118, 1, 4, 12, 623 }, // ,
    { 8, 2, 159, 1, 9, 4, 635 }, // -
    { 4, 4, 118, 2, 4, 4, 639 }, // .
    { 14, 23, 194, -1, 21, 81, 643 }, // /
    { 14, 21, 257, 1, 21, 74, 724 }, // 0
    { 11, 21, 257, 3, 21, 58, 798 }, // 1
    { 14, 21, 257, 1, 21, 74, 856 }, // 2
    { 14, 21, 257, 1, 21, 74, 930 }, // 3
    { 14, 21, 257, 1, 21, 74, 1004 }, // 4
    { 14, 21, 257, 1, 21, 74, 1078 }, // 5
    { 14, 21, 257, 1, 21, 74, 1152 }, // 6
    { 13, 21, 257, 2, 21, 69, 1226 }, // 7
    { 14, 21, 257, 1, 21, 74, 1295 }, // 8
    { 14, 21, 257, 1, 21, 74, 1369 }, // 9
    { 4, 14, 118, 2, 14, 14, 1443 }, // :
    { 5, 19, 118, 1, 14, 24, 1457 }, // ;
    { 14, 17, 283, 2, 17, 60, 1481 }, // <
    { 14, 8, 283, 2, 12, 28, 1541 }, // =
    { 14, 17, 283, 2, 17, 60, 1569 }, // >
    { 12, 21, 212, 1, 21, 63, 1629 }, // ?
    { 22, 22, 371, 1, 17, 121, 1692 }, // @
    { 17, 21, 278, 0, 21, 90, 1813 }, // A
    { 14, 21, 275, 2, 21, 74, 1903 }, // B
    { 16, 21, 273, 1, 21, 84, 1977 }, // C
    { 15, 21, 291, 2, 21, 79, 2061 }, // D
    { 13, 21, 258, 2, 21, 69, 2140 }, // E
    { 13, 21, 257, 2, 21, 69, 2209 }, // F
    { 16, 21, 297, 1, 21, 84, 2278 }, // G
    { 15, 21, 316, 2, 21, 79, 2362 }, // H
    { 3, 21, 136, 3, 21, 16, 2441 }, // I
    { 11, 21, 205, 0, 21, 58, 2457 }, // J
    { 15, 21, 282, 2, 21, 79, 2515 }, // K
    { 13, 21, 256, 2, 21, 69, 2594 }, // L
    { 19, 21, 372, 2, 21, 100, 2663 }, // M
    { 15, 21, 318, 2, 21, 79, 2763 }, // N
    { 17, 21, 309, 1, 21, 90, 2842 }, // O
    { 13, 21, 267, 2, 21, 69, 2932 }, // P
    { 17, 25, 309, 1, 21, 107, 3001 }, // Q
    { 14, 21, 271, 2, 21, 74, 3108 }, // R
    { 14, 21, 247, 1, 21, 74, 3182 }, // S
    { 15, 21, 260, 1, 21, 79, 3256 }, // T
    { 15, 21, 307, 2, 21, 79, 3335 }, // U
    { 18, 21, 281, 0, 21, 95, 3414 }, // V
    { 24, 21, 388, 0, 21, 126, 3509 }, // W
    { 17, 21, 282, 0, 21, 90, 3635 }, // X
    { 16, 21, 267, 0, 21, 84, 3725 }, // Y
    { 15, 21, 265, 1, 21, 79, 3809 }, // Z
    { 7, 24, 144, 2, 21, 42, 3888 }, // [
    { 14, 23, 178, -1, 21, 81, 3930 }, // <backslash>
    { 7, 24, 144, 1, 21, 42, 4011 }, // ]
    { 15, 14, 273, 1, 21, 53, 4053 }, // ^
    { 9, 2, 151, 0, -6, 5, 4106 }, // _
    { 6, 5, 187, 2, 21, 8, 4111 }, // `
    { 13, 15, 240, 1, 15, 49, 4119 }, // a
    { 14, 22, 253, 1, 22, 77, 4168 }, // b
    { 13, 15, 221, 1, 15, 49, 4245 }, // c
    { 14, 22, 253, 1, 22, 77, 4294 }, // d
    { 14, 15, 242, 1, 15, 53, 4371 }, // e
    { 10, 21, 154, 1, 21, 53, 4424 }, // f
    { 13, 22, 253, 1, 15, 72, 4477 }, // g
    { 13, 22, 260, 2, 22, 72, 4549 }, // h
    { 4, 21, 114, 2, 21, 21, 4621 }, // i
    { 8, 26, 115, -2, 21, 52, 4642 }, // j
    { 13, 22, 227, 2, 22, 72, 4694 }, // k
    { 6, 22, 136, 2, 22, 33, 4766 }, // l
    { 22, 15, 392, 1, 15, 83, 4799 }, // m
    { 14, 15, 256, 1, 15, 53, 4882 }, // n
    { 14, 15, 260, 1, 15, 53, 4935 }, // o
    { 13, 22, 254, 2, 15, 72, 4988 }, // p
    { 13, 22, 254, 1, 15, 72, 5060 }, // q
    { 9, 15, 163, 1, 15, 34, 5132 }, // r
    { 11, 15, 194, 0, 15, 42, 5166 }, // s
    { 10, 20, 176, 1, 20, 50, 5208 }, // t
    { 13, 15, 258, 2, 15, 49, 5258 }, // u
    { 14, 15, 224, 0, 15, 53, 5307 }, // v
    { 20, 15, 312, 0, 15, 75, 5360 }, // w
    { 14, 15, 215, 0, 15, 53, 5435 }, // x
    { 14, 21, 216, 0, 15, 74, 5488 }, // y
    { 12, 15, 211, 1, 15, 45, 5562 }, // z
    { 8, 24, 149, 1, 21, 48, 5607 }, // {
    { 3, 26, 113, 2, 21, 20, 5655 }, // |
    { 8, 24, 149, 1, 21, 48, 5675 }, // }
    { 15, 5, 283, 2, 11, 19, 5723 }, // ~
    { 0, 0, 113, 0, 0, 0, 0 }, // U+00A0
    { 4, 21, 111, 1, 15, 21, 0 }, // U+00A1
    { 13, 21, 221, 1, 20, 69, 21 }, // U+00A2
    { 13, 21, 250, 2, 21, 69, 90 }, // U+00A3
    { 18, 18, 287, 0, 19, 81, 159 }, // U+00A4
    { 17, 21, 270, 0, 21, 90, 240 }, // U+00A5
    { 3, 25, 113, 2, 21, 19, 330 }, // U+00A6
    { 14, 24, 248, 1, 21, 84, 349 }, // U+00A7
    { 9, 3, 187, 1, 19, 7, 433 }, // U+00A8
    { 21, 21, 375, 1, 21, 111, 440 }, // U+00A9
    { 9, 10, 169, 1, 20, 23, 551 }, // U+00AA
    { 13, 12, 240, 1, 14, 39, 574 }, // U+00AB
    { 16, 8, 283, 1, 12, 32, 613 }, // U+00AC
    { 8, 2, 159, 1, 9, 4, 645 }, // U+00AD
    { 12, 12, 242, 2, 21, 36, 649 }, // U+00AE
    { 10, 2, 187, 1, 19, 5, 685 }, // U+00AF
    { 8, 8, 147, 1, 21, 16, 690 }, // U+00B0
    { 15, 16, 283, 1, 16, 60, 706 }, // U+00B1
    { 10, 14, 187, 0, 20, 35, 766 }, // U+00B2
    { 10, 14, 187, 1, 20, 35, 801 }, // U+00B3
    { 6, 5, 187, 3, 21, 8, 836 }, // U+00B4
    { 13, 22, 258, 2, 15, 72, 844 }, // U+00B5
    { 13, 24, 250, 0, 21, 78, 916 }, // U+00B6
    { 4, 4, 117, 2, 10, 4, 994 }, // U+00B7
    { 6, 8, 187, 3, 1, 12, 998 }, // U+00B8
    { 8, 14, 187, 2, 20, 28, 1010 }, // U+00B9
    { 9, 11, 182, 1, 20, 25, 1038 }, // U+00BA
    { 13, 12, 240, 1, 14, 39, 1063 }, // U+00BB
    { 24, 22, 451, 2, 21, 132, 1102 }, // U+00BC
    { 25, 22, 451, 2, 21, 138, 1234 }, // U+00BD
    { 26, 22, 451, 0, 21, 143, 1372 }, // U+00BE
    { 12, 22, 212, 1, 15, 66, 1515 }, // U+00BF
    { 17, 27, 278, 0, 27, 115, 1581 }, // U+00C0
    { 17, 27, 278, 0, 27, 115, 1696 }, // U+00C1
    { 17, 27, 278, 0, 27, 115, 1811 }, // U+00C2
    { 17, 25, 278, 0, 25, 107, 1926 }, // U+00C3
    { 17, 25, 278, 0, 25, 107, 2033 }, // U+00C4
    { 17, 26, 278, 0, 26, 111, 2140 }, // U+00C5
    { 22, 21, 373, 0, 21, 116, 2251 }, // U+00C6
    { 16, 28, 273, 1, 21, 112, 2367 }, // U+00C7
    { 13, 27, 258, 2, 27, 88, 2479 }, // U+00C8
    { 13, 27, 258, 2, 27, 88, 2567 }, // U+00C9
    { 13, 27, 258, 2, 27, 88, 2655 }, // U+00CA
    { 13, 25, 258, 2, 25, 82, 2743 }, // U+00CB
    { 6, 27, 136, 0, 27, 41, 2825 }, // U+00CC
    { 6, 27, 136, 3, 27, 41, 2866 }, // U+00CD
    { 9, 27, 136, 0, 27, 61, 2907 }, // U+00CE
    { 9, 25, 136, 0, 25, 57, 2968 }, // U+00CF
    { 17, 21, 292, 1, 21, 90, 3025 }, // U+00D0
    { 15, 25, 318, 2, 25, 94, 3115 }, // U+00D1
    { 17, 27, 309, 1, 27, 115, 3209 }, // U+00D2
    { 17, 27, 309, 1, 27, 115, 3324 }, // U+00D3
    { 17, 27, 309, 1, 27, 115, 3439 }, // U+00D4
    { 17, 26, 309, 1, 26, 111, 3554 }, // U+00D5
    { 17, 25, 309, 1, 25, 107, 3665 }, // U+00D6
    { 15, 15, 283, 1, 15, 57, 3772 }, // U+00D7
    { 17, 22, 309, 1, 21, 94, 3829 }, // U+00D8
    { 15, 27, 307, 2, 27, 102, 3923 }, // U+00D9
    { 15, 27, 307, 2, 27, 102, 4025 }, // U+00DA
    { 15, 27, 307, 2, 27, 102, 4127 }, // U+00DB
    { 15, 25, 307, 2, 25, 94, 4229 }, // U+00DC
    { 16, 27, 267, 0, 27, 108, 4323 }, // U+00DD
    { 13, 21, 265, 2, 21, 69, 4431 }, // U+00DE
    { 14, 21, 264, 2, 21, 74, 4500 }, // U+00DF
    { 13, 21, 240, 1, 21, 69, 4574 }, // U+00E0
    { 13, 21, 240, 1, 21, 69, 4643 }, // U+00E1
    { 13, 21, 240, 1, 21, 69, 4712 }, // U+00E2
    { 13, 20, 240, 1, 20, 65, 4781 }, // U+00E3
    { 13, 20, 240, 1, 20, 65, 4846 }, // U+00E4
    { 13, 21, 240, 1, 21, 69, 4911 }, // U+00E5
    { 22, 15, 387, 1, 15, 83, 4980 }, // U+00E6
    { 13, 22, 221, 1, 15, 72, 5063 }, // U+00E7
    { 14, 21, 242, 1, 21, 74, 5135 }, // U+00E8
    { 14, 21, 242, 1, 21, 74, 5209 }, // U+00E9
    { 14, 21, 242, 1, 21, 74, 5283 }, // U+00EA
    { 14, 20, 242, 1, 20, 70, 5357 }, // U+00EB
    { 6, 21, 118, -1, 21, 32, 5427 }, // U+00EC
    { 6, 21, 118, 2, 21, 32, 5459 }, // U+00ED
    { 9, 21, 118, -1, 21, 48, 5491 }, // U+00EE
    { 9, 19, 118, -1, 19, 43, 5539 }, // U+00EF
    { 13, 21, 232, 1, 21, 69, 5582 }, // U+00F0
    { 14, 19, 256, 1, 19, 67, 5651 }, // U+00F1
    { 14, 21, 260, 1, 21, 74, 5718 }, // U+00F2
    { 14, 21, 260, 1, 21, 74, 5792 }, // U+00F3
    { 14, 21, 260, 1, 21, 74, 5866 }, // U+00F4
    { 14, 20, 260, 1, 20, 70, 5940 }, // U+00F5
    { 14, 20, 260, 1, 20, 70, 6010 }, // U+00F6
    { 15, 14, 283, 1, 15, 53, 6080 }, // U+00F7
    { 14, 17, 260, 1, 16, 60, 6133 }, // U+00F8
    { 13, 21, 258, 2, 21, 69, 6193 }, // U+00F9
    { 13, 21, 258, 2, 21, 69, 6262 }, // U+00FA
    { 13, 21, 258, 2, 21, 69, 6331 }, // U+00FB
    { 13, 20, 258, 2, 20, 65, 6400 }, // U+00FC
    { 14, 27, 216, 0, 21, 95, 6465 }, // U+00FD
    { 13, 29, 249, 2, 22, 95, 6560 }, // U+00FE
    { 14, 26, 216, 0, 20, 91, 6655 }, // U+00FF
    { 17, 24, 278, 0, 24, 102, 0 }, // U+0100
    { 13, 19, 240, 1, 19, 62, 102 }, // U+0101
    { 17, 26, 278, 0, 26, 111, 164 }, // U+0102
    { 13, 21, 240, 1, 21, 69, 275 }, // U+0103
    { 18, 28, 278, 0, 21, 126, 344 }, // U+0104
    { 14, 22, 240, 1, 15, 77, 470 }, // U+0105
    { 16, 27, 273, 1, 27, 108, 547 }, // U+0106
    { 13, 21, 221, 1, 21, 69, 655 }, // U+0107
    { 16, 27, 273, 1, 27, 108, 724 }, // U+0108
    { 13, 21, 221, 1, 21, 69, 832 }, // U+0109
    { 15, 25, 273, 1, 25, 94, 901 }, // U+010A
    { 12, 20, 221, 1, 20, 60, 995 }, // U+010B
    { 16, 27, 273, 1, 27, 108, 1055 }, // U+010C
    { 13, 21, 221, 1, 21, 69, 1163 }, // U+010D
    { 15, 27, 291, 2, 27, 102, 1232 }, // U+010E
    { 18, 23, 309, 1, 23, 104, 1334 }, // U+010F
    { 17, 21, 292, 1, 21, 90, 1438 }, // U+0110
    { 15, 22, 260, 1, 22, 83, 1528 }, // U+0111
    { 13, 24, 258, 2, 24, 78, 1611 }, // U+0112
    { 13, 19, 242, 1, 19, 62, 1689 }, // U+0113
    { 13, 26, 258, 2, 26, 85, 1751 }, // U+0114
    { 14, 21, 242, 1, 21, 74, 1836 }, // U+0115
    { 13, 25, 258, 2, 25, 82, 1910 }, // U+0116
    { 13, 20, 242, 1, 20, 65, 1992 }, // U+0117
    { 14, 28, 258, 2, 21, 98, 2057 }, // U+0118
    { 14, 20, 242, 1, 15, 70, 2155 }, // U+0119
    { 13, 27, 258, 2, 27, 88, 2225 }, // U+011A
    { 14, 21, 242, 1, 21, 74, 2313 }, // U+011B
    { 16, 27, 297, 1, 27, 108, 2387 }, // U+011C
    { 13, 28, 253, 1, 21, 91, 2495 }, // U+011D
    { 16, 27, 297, 1, 27, 108, 2586 }, // U+011E
    { 13, 28, 253, 1, 21, 91, 2694 }, // U+011F
    { 16, 25, 297, 1, 25, 100, 2785 }, // U+0120
    { 13, 26, 253, 1, 19, 85, 2885 }, // U+0121
    { 16, 29, 297, 1, 21, 116, 2970 }, // U+0122
    { 13, 29, 253, 1, 22, 95, 3086 }, // U+0123
    { 15, 27, 316, 2, 27, 102, 3181 }, // U+0124
    { 13, 28, 260, 2, 28, 91, 3283 }, // U+0125
    { 19, 21, 326, 1, 21, 100, 3374 }, // U+0126
    { 15, 22, 260, 1, 22, 83, 3474 }, // U+0127
    { 9, 25, 136, 1, 25, 57, 3557 }, // U+0128
    { 9, 19, 118, 0, 19, 43, 3614 }, // U+0129
    { 9, 24, 136, 0, 24, 54, 3657 }, // U+012A
    { 9, 18, 118, -1, 18, 41, 3711 }, // U+012B
    { 9, 26, 136, 1, 26, 59, 3752 }, // U+012C
    { 9, 21, 118, 0, 21, 48, 3811 }, // U+012D
    { 6, 28, 136, 1, 21, 42, 3859 }, // U+012E
    { 6, 28, 114, 1, 21, 42, 3901 }, // U+012F
    { 3, 25, 136, 3, 25, 19, 3943 }, // U+0130
    { 3, 15, 118, 2, 15, 12, 3962 }, // U+0131
    { 16, 21, 342, 3, 21, 84, 3974 }, // U+0132
    { 11, 27, 230, 2, 21, 75, 4058 }, // U+0133
    { 11, 27, 205, 0, 27, 75, 4133 }, // U+0134
    { 10, 26, 115, -1, 21, 65, 4208 }, // U+0135
    { 15, 29, 282, 2, 21, 109, 4273 }, // U+0136
    { 13, 30, 227, 2, 22, 98, 4382 }, // U+0137
    { 13, 15, 227, 2, 15, 49, 4480 }, // U+0138
    { 13, 27, 256, 2, 27, 88, 4529 }, // U+0139
    { 6, 28, 136, 2, 28, 42, 4617 }, // U+013A
    { 13, 29, 256, 2, 21, 95, 4659 }, // U+013B
    { 6, 30, 136, 2, 22, 45, 4754 }, // U+013C
    { 13, 21, 256, 2, 21, 69, 4799 }, // U+013D
    { 8, 22, 155, 2, 22, 44, 4868 }, // U+013E
    { 13, 21, 256, 2, 21, 69, 4912 }, // U+013F
    { 8, 22, 157, 2, 22, 44, 4981 }, // U+0140
    { 15, 21, 256, 1, 21, 79, 5025 }, // U+0141
    { 8, 22, 136, 0, 22, 44, 5104 }, // U+0142
    { 15, 27, 318, 2, 27, 102, 5148 }, // U+0143
    { 14, 21, 256, 1, 21, 74, 5250 }, // U+0144
    { 15, 29, 318, 2, 21, 109, 5324 }, // U+0145
    { 14, 23, 256, 1, 15, 81, 5433 }, // U+0146
    { 15, 27, 318, 2, 27, 102, 5514 }, // U+0147
    { 14, 21, 256, 1, 21, 74, 5616 }, // U+0148
    { 17, 21, 295, 1, 21, 90, 5690 }, // U+0149
    { 15, 29, 318, 2, 21, 109, 5780 }, // U+014A
    { 14, 21, 256, 1, 15, 74, 5889 }, // U+014B
    { 17, 25, 309, 1, 25, 107, 5963 }, // U+014C
    { 14, 19, 260, 1, 19, 67, 6070 }, // U+014D
    { 17, 27, 309, 1, 27, 115, 6137 }, // U+014E
    { 14, 21, 260, 1, 21, 74, 6252 }, // U+014F
    { 17, 27, 309, 1, 27, 115, 6326 }, // U+0150
    { 14, 21, 260, 1, 21, 74, 6441 }, // U+0151
    { 24, 21, 415, 1, 21, 126, 6515 }, // U+0152
    { 24, 15, 405, 1, 15, 90, 6641 }, // U+0153
    { 14, 27, 271, 2, 27, 95, 6731 }, // U+0154
    { 9, 21, 163, 1, 21, 48, 6826 }, // U+0155
    { 14, 29, 271, 2, 21, 102, 6874 }, // U+0156
    { 9, 23, 163, 2, 15, 52, 6976 }, // U+0157
    { 14, 27, 271, 2, 27, 95, 7028 }, // U+0158
    { 9, 21, 163, 1, 21, 48, 7123 }, // U+0159
    { 14, 27, 247, 1, 27, 95, 7171 }, // U+015A
    { 11, 21, 194, 0, 21, 58, 7266 }, // U+015B
    { 14, 27, 247, 1, 27, 95, 7324 }, // U+015C
    { 11, 21, 194, 0, 21, 58, 7419 }, // U+015D
    { 14, 28, 247, 1, 21, 98, 7477 }, // U+015E
    { 11, 22, 194, 0, 15, 61, 7575 }, // U+015F
    { 14, 27, 247, 1, 27, 95, 7636 }, // U+0160
    { 11, 21, 194, 0, 21, 58, 7731 }, // U+0161
    { 15, 28, 260, 1, 21, 105, 7789 }, // U+0162
    { 10, 27, 176, 1, 20, 68, 7894 }, // U+0163
    { 15, 27, 260, 1, 27, 102, 7962 }, // U+0164
    { 13, 21, 214, 1, 21, 69, 8064 }, // U+0165
    { 15, 21, 260, 1, 21, 79, 8133 }, // U+0166
    { 10, 20, 176, 1, 20, 50, 8212 }, // U+0167
    { 15, 26, 307, 2, 26, 98, 8262 }, // U+0168
    { 13, 20, 258, 2, 20, 65, 8360 }, // U+0169
    { 15, 25, 307, 2, 25, 94, 8425 }, // U+016A
    { 13, 19, 258, 2, 19, 62, 8519 }, // U+016B
    { 15, 27, 307, 2, 27, 102, 8581 }, // U+016C
    { 13, 21, 258, 2, 21, 69, 8683 }, // U+016D
    { 15, 27, 307, 2, 27, 102, 8752 }, // U+016E
    { 13, 21, 258, 2, 21, 69, 8854 }, // U+016F
    { 15, 27, 307, 2, 27, 102, 8923 }, // U+0170
    { 13, 21, 258, 2, 21, 69, 9025 }, // U+0171
    { 15, 28, 307, 2, 21, 105, 9094 }, // U+0172
    { 14, 22, 258, 2, 15, 77, 9199 }, // U+0173
    { 24, 27, 388, 0, 27, 162, 9276 }, // U+0174
    { 20, 21, 312, 0, 21, 105, 9438 }, // U+0175
    { 16, 27, 267, 0, 27, 108, 9543 }, // U+0176
    { 14, 27, 216, 0, 21, 95, 9651 }, // U+0177
    { 16, 25, 267, 0, 25, 100, 9746 }, // U+0178
    { 15, 27, 265, 1, 27, 102, 9846 }, // U+0179
    { 12, 21, 211, 1, 21, 63, 9948 }, // U+017A
    { 15, 25, 265, 1, 25, 94, 10011 }, // U+017B
    { 12, 19, 211, 1, 19, 57, 10105 }, // U+017C
    { 15, 27, 265, 1, 27, 102, 10162 }, // U+017D
    { 12, 21, 211, 1, 21, 63, 10264 }, // U+017E
    { 21, 21, 325, 1, 21, 111, 0 }, // U+01A0
    { 18, 15, 279, 1, 15, 68, 111 }, // U+01A1
    { 19, 21, 324, 2, 21, 100, 179 }, // U+01AF
    { 17, 15, 280, 2, 15, 64, 279 }, // U+01B0
    { 17, 27, 278, 0, 27, 115, 343 }, // U+01CD
    { 13, 21, 240, 1, 21, 69, 458 }, // U+01CE
    { 9, 27, 136, 0, 27, 61, 527 }, // U+01CF
    { 9, 21, 118, -1, 21, 48, 588 }, // U+01D0
    { 17, 27, 309, 1, 27, 115, 636 }, // U+01D1
    { 14, 21, 260, 1, 21, 74, 751 }, // U+01D2
    { 15, 27, 307, 2, 27, 102, 825 }, // U+01D3
    { 13, 21, 258, 2, 21, 69, 927 }, // U+01D4
    { 15, 29, 307, 2, 29, 109, 996 }, // U+01D5
    { 13, 23, 258, 2, 23, 75, 1105 }, // U+01D6
    { 15, 29, 307, 2, 29, 109, 1180 }, // U+01D7
    { 13, 23, 258, 2, 23, 75, 1289 }, // U+01D8
    { 15, 30, 307, 2, 30, 113, 1364 }, // U+01D9
    { 13, 24, 258, 2, 24, 78, 1477 }, // U+01DA
    { 15, 29, 307, 2, 29, 109, 1555 }, // U+01DB
    { 13, 23, 258, 2, 23, 75, 1664 }, // U+01DC
    { 16, 27, 297, 1, 27, 108, 1739 }, // U+01E6
    { 13, 28, 253, 1, 21, 91, 1847 }, // U+01E7
    { 17, 30, 278, 0, 30, 128, 1938 }, // U+01FA
    { 13, 25, 240, 1, 25, 82, 2066 }, // U+01FB
    { 22, 27, 373, 0, 27, 149, 2148 }, // U+01FC
    { 22, 21, 387, 1, 21, 116, 2297 }, // U+01FD
    { 17, 28, 309, 1, 27, 119, 2413 }, // U+01FE
    { 14, 22, 260, 1, 21, 77, 2532 }, // U+01FF
    { 14, 29, 247, 1, 21, 102, 2609 }, // U+0218
    { 11, 23, 194, 0, 15, 64, 2711 }, // U+0219
    { 15, 29, 260, 1, 21, 109, 2775 }, // U+021A
    { 10, 28, 176, 1, 20, 70, 2884 }, // U+021B
    { 5, 5, 0, -4, 21, 7, 0 }, // U+0300
    { 5, 5, 0, -1, 21, 7, 7 }, // U+0301
    { 10, 4, 0, -5, 20, 10, 14 }, // U+0302
    { 9, 3, 0, -4, 19, 7, 24 }, // U+0303
    { 9, 2, 0, -4, 19, 5, 31 }, // U+0304
    { 9, 4, 0, -4, 20, 9, 36 }, // U+0306
    { 3, 3, 0, -1, 19, 3, 45 }, // U+0307
    { 9, 3, 0, -4, 19, 7, 48 }, // U+0308
    { 7, 7, 0, -4, 23, 13, 55 }, // U+0309
    { 6, 5, 0, -3, 21, 8, 68 }, // U+030A
    { 10, 4, 0, -4, 20, 10, 76 }, // U+030B
    { 10, 4, 0, -5, 20, 10, 86 }, // U+030C
    { 6, 8, 0, -3, 16, 12, 96 }, // U+031B
    { 3, 3, 0, -1, -2, 3, 108 }, // U+0323
    { 9, 3, 0, -5, -2, 7, 111 }, // U+0324
    { 3, 6, 0, -1, -2, 5, 118 }, // U+0326
    { 6, 7, 0, -3, 0, 11, 123 }, // U+0327
    { 6, 7, 0, -3, 1, 11, 134 }, // U+0328
    { 9, 4, 0, -4, -2, 9, 145 }, // U+032E
    { 9, 2, 0, -4, -2, 5, 154 }, // U+0331
    { 14, 17, 269, 1, 17, 60, 0 }, // U+0E01
    { 15, 17, 277, 1, 17, 64, 60 }, // U+0E02
    { 15, 18, 283, 1, 18, 68, 124 }, // U+0E03
    { 14, 17, 281, 1, 17, 60, 192 }, // U+0E04
    { 15, 17, 283, 1, 17, 64, 252 }, // U+0E05
    { 16, 18, 298, 1, 18, 72, 316 }, // U+0E06
    { 12, 17, 212, 0, 17, 51, 388 }, // U+0E07
    { 14, 17, 260, 0, 17, 60, 439 }, // U+0E08
    { 15, 17, 266, 0, 17, 64, 499 }, // U+0E09
    { 16, 18, 283, 1, 18, 72, 563 }, // U+0E0A
    { 17, 18, 288, 1, 18, 77, 635 }, // U+0E0B
    { 21, 17, 377, 1, 17, 90, 712 }, // U+0E0C
    { 21, 25, 387, 1, 17, 132, 802 }, // U+0E0D
    { 15, 26, 286, 1, 17, 98, 934 }, // U+0E0E
    { 16, 27, 286, 1, 17, 108, 1032 }, // U+0E0F
    { 15, 27, 252, 0, 18, 102, 1140 }, // U+0E10
    { 18, 17, 330, 1, 17, 77, 1242 }, // U+0E11
    { 21, 18, 388, 1, 18, 95, 1319 }, // U+0E12
    { 22, 17, 388, 1, 17, 94, 1414 }, // U+0E13
    { 14, 17, 276, 1, 17, 60, 1508 }, // U+0E14
    { 15, 17, 283, 1, 17, 64, 1568 }, // U+0E15
    { 14, 17, 271, 1, 17, 60, 1632 }, // U+0E16
    { 17, 17, 307, 1, 17, 73, 1692 }, // U+0E17
    { 14, 18, 253, 1, 18, 63, 1765 }, // U+0E18
    { 17, 17, 297, 1, 17, 73, 1828 }, // U+0E19
    { 16, 17, 301, 1, 17, 68, 1901 }, // U+0E1A
    { 17, 24, 306, 1, 24, 102, 1969 }, // U+0E1B
    { 14, 17, 290, 2, 17, 60, 2071 }, // U+0E1C
    { 14, 24, 290, 2, 24, 84, 2131 }, // U+0E1D
    { 18, 17, 336, 1, 17, 77, 2215 }, // U+0E1E
    { 18, 24, 336, 1, 24, 108, 2292 }, // U+0E1F
    { 15, 17, 288, 1, 17, 64, 2400 }, // U+0E20
    { 16, 17, 287, 0, 17, 68, 2464 }, // U+0E21
    { 13, 17, 267, 2, 17, 56, 2532 }, // U+0E22
    { 12, 18, 226, 1, 18, 54, 2588 }, // U+0E23
    { 14, 25, 271, 1, 17, 88, 2642 }, // U+0E24
    { 15, 17, 271, 0, 17, 64, 2730 }, // U+0E25
    { 15, 25, 286, 1, 17, 94, 2794 }, // U+0E26
    { 13, 17, 239, 0, 17, 56, 2888 }, // U+0E27
    { 15, 18, 281, 1, 18, 68, 2944 }, // U+0E28
    { 20, 17, 316, 1, 17, 85, 3012 }, // U+0E29
    { 16, 18, 271, 0, 18, 72, 3097 }, // U+0E2A
    { 16, 17, 297, 1, 17, 68, 3169 }, // U+0E2B
    { 20, 19, 336, 1, 19, 95, 3237 }, // U+0E2C
    { 14, 17, 274, 1, 17, 60, 3332 }, // U+0E2D
    { 14, 17, 264, 2, 17, 60, 3392 }, // U+0E2E
    { 13, 17, 255, 1, 17, 56, 3452 }, // U+0E2F
    { 13, 16, 249, 1, 17, 52, 3508 }, // U+0E30
    { 13, 7, 0, -11, 27, 23, 3560 }, // U+0E31
    { 11, 17, 226, 1, 17, 47, 3583 }, // U+0E32
    { 19, 26, 226, -7, 26, 124, 3630 }, // U+0E33
    { 14, 7, 0, -15, 26, 25, 3754 }, // U+0E34
    { 14, 9, 0, -15, 28, 32, 3779 }, // U+0E35
    { 14, 8, 0, -15, 27, 28, 3811 }, // U+0E36
    { 15, 9, 0, -16, 28, 34, 3839 }, // U+0E37
    { 7, 9, 0, -8, -1, 16, 3873 }, // U+0E38
    { 11, 8, 0, -13, -2, 22, 3889 }, // U+0E39
    { 3, 3, 0, -5, -2, 3, 3911 }, // U+0E3A
    { 14, 26, 275, 2, 23, 91, 3914 }, // U+0E3F
    { 6, 17, 145, 2, 17, 26, 4005 }, // U+0E40
    { 14, 17, 270, 2, 17, 60, 4031 }, // U+0E41
    { 12, 29, 177, -2, 29, 87, 4091 }, // U+0E42
    { 12, 29, 176, -2, 29, 87, 4178 }, // U+0E43
    { 14, 29, 182, -3, 29, 102, 4265 }, // U+0E44
    { 11, 25, 137, -5, 17, 69, 4367 }, // U+0E45
    { 13, 25, 290, 2, 17, 82, 4436 }, // U+0E46
    { 11, 11, 0, -14, 30, 31, 4518 }, // U+0E47
    { 3, 6, 0, -4, 26, 5, 4549 }, // U+0E48
    { 13, 8, 0, -11, 28, 26, 4554 }, // U+0E49
    { 15, 8, 0, -14, 28, 30, 4580 }, // U+0E4A
    { 7, 7, 0, -7, 27, 13, 4610 }, // U+0E4B
    { 9, 10, 0, -9, 29, 23, 4623 }, // U+0E4C
    { 7, 7, 0, -7, 26, 13, 4646 }, // U+0E4D
    { 8, 9, 0, -9, 29, 18, 4659 }, // U+0E4E
    { 15, 14, 290, 1, 14, 53, 4677 }, // U+0E4F
    { 16, 13, 308, 2, 13, 52, 4730 }, // U+0E50
    { 17, 13, 316, 2, 13, 56, 4782 }, // U+0E51
    { 19, 18, 320, 0, 18, 86, 4838 }, // U+0E52
    { 17, 13, 324, 2, 13, 56, 4924 }, // U+0E53
    { 19, 19, 316, 2, 18, 91, 4980 }, // U+0E54
    { 19, 19, 316, 2, 18, 91, 5071 }, // U+0E55
    { 18, 18, 315, 0, 18, 81, 5162 }, // U+0E56
    { 20, 18, 347, 2, 18, 90, 5243 }, // U+0E57
    { 17, 18, 315, 2, 18, 77, 5333 }, // U+0E58
    { 18, 18, 323, 2, 18, 81, 5410 }, // U+0E59
    { 20, 17, 358, 1, 17, 85, 5491 }, // U+0E5A
    { 27, 14, 476, 2, 15, 95, 5576 }, // U+0E5B
    { 17, 26, 278, 0, 21, 111, 0 }, // U+1EA0
    { 13, 20, 240, 1, 15, 65, 111 }, // U+1EA1
    { 18, 29, 278, 0, 29, 131, 176 }, // U+1EA2
    { 13, 23, 240, 1, 23, 75, 307 }, // U+1EA3
    { 17, 29, 278, 0, 29, 124, 382 }, // U+1EA4
    { 13, 23, 240, 1, 23, 75, 506 }, // U+1EA5
    { 17, 29, 278, 0, 29, 124, 581 }, // U+1EA6
    { 13, 23, 240, 1, 23, 75, 705 }, // U+1EA7
    { 17, 30, 278, 0, 30, 128, 780 }, // U+1EA8
    { 13, 25, 240, 1, 25, 82, 908 }, // U+1EA9
    { 17, 30, 278, 0, 30, 128, 990 }, // U+1EAA
    { 13, 25, 240, 1, 25, 82, 1118 }, // U+1EAB
    { 17, 32, 278, 0, 27, 136, 1200 }, // U+1EAC
    { 13, 26, 240, 1, 21, 85, 1336 }, // U+1EAD
    { 17, 30, 278, 0, 30, 128, 1421 }, // U+1EAE
    { 13, 24, 240, 1, 24, 78, 1549 }, // U+1EAF
    { 17, 30, 278, 0, 30, 128, 1627 }, // U+1EB0
    { 13, 24, 240, 1, 24, 78, 1755 }, // U+1EB1
    { 17, 31, 278, 0, 31, 132, 1833 }, // U+1EB2
    { 13, 26, 240, 1, 26, 85, 1965 }, // U+1EB3
    { 17, 30, 278, 0, 30, 128, 2050 }, // U+1EB4
    { 13, 25, 240, 1, 25, 82, 2178 }, // U+1EB5
    { 17, 31, 278, 0, 26, 132, 2260 }, // U+1EB6
    { 13, 26, 240, 1, 21, 85, 2392 }, // U+1EB7
    { 13, 26, 258, 2, 21, 85, 2477 }, // U+1EB8
    { 13, 20, 242, 1, 15, 65, 2562 }, // U+1EB9
    { 13, 29, 258, 2, 29, 95, 2627 }, // U+1EBA
    { 14, 23, 242, 1, 23, 81, 2722 }, // U+1EBB
    { 13, 25, 258, 2, 25, 82, 2803 }, // U+1EBC
    { 14, 20, 242, 1, 20, 70, 2885 }, // U+1EBD
    { 13, 29, 258, 2, 29, 95, 2955 }, // U+1EBE
    { 14, 23, 242, 1, 23, 81, 3050 }, // U+1EBF
    { 13, 29, 258, 2, 29, 95, 3131 }, // U+1EC0
    { 14, 23, 242, 1, 23, 81, 3226 }, // U+1EC1
    { 13, 30, 258, 2, 30, 98, 3307 }, // U+1EC2
    { 14, 25, 242, 1, 25, 88, 3405 }, // U+1EC3
    { 13, 30, 258, 2, 30, 98, 3493 }, // U+1EC4
    { 14, 25, 242, 1, 25, 88, 3591 }, // U+1EC5
    { 13, 32, 258, 2, 27, 104, 3679 }, // U+1EC6
    { 13, 26, 242, 1, 21, 85, 3783 }, // U+1EC7
    { 7, 29, 136, 1, 29, 51, 3868 }, // U+1EC8
    { 7, 23, 118, 0, 23, 41, 3919 }, // U+1EC9
    { 3, 26, 136, 3, 21, 20, 3960 }, // U+1ECA
    { 4, 26, 114, 2, 21, 26, 3980 }, // U+1ECB
    { 17, 26, 309, 1, 21, 111, 4006 }, // U+1ECC
    { 14, 20, 260, 1, 15, 70, 4117 }, // U+1ECD
    { 17, 29, 309, 1, 29, 124, 4187 }, // U+1ECE
    { 14, 23, 260, 1, 23, 81, 4311 }, // U+1ECF
    { 17, 29, 309, 1, 29, 124, 4392 }, // U+1ED0
    { 14, 23, 260, 1, 23, 81, 4516 }, // U+1ED1
    { 17, 29, 309, 1, 29, 124, 4597 }, // U+1ED2
    { 14, 23, 260, 1, 23, 81, 4721 }, // U+1ED3
    { 17, 30, 309, 1, 30, 128, 4802 }, // U+1ED4
    { 14, 25, 260, 1, 25, 88, 4930 }, // U+1ED5
    { 17, 31, 309, 1, 31, 132, 5018 }, // U+1ED6
    { 14, 25, 260, 1, 25, 88, 5150 }, // U+1ED7
    { 17, 32, 309, 1, 27, 136, 5238 }, // U+1ED8
    { 14, 26, 260, 1, 21, 91, 5374 }, // U+1ED9
    { 21, 27, 325, 1, 27, 142, 5465 }, // U+1EDA
    { 18, 21, 279, 1, 21, 95, 5607 }, // U+1EDB
    { 21, 27, 325, 1, 27, 142, 5702 }, // U+1EDC
    { 18, 21, 279, 1, 21, 95, 5844 }, // U+1EDD
    { 21, 29, 325, 1, 29, 153, 5939 }, // U+1EDE
    { 18, 23, 279, 1, 23, 104, 6092 }, // U+1EDF
    { 21, 26, 325, 1, 26, 137, 6196 }, // U+1EE0
    { 18, 20, 279, 1, 20, 90, 6333 }, // U+1EE1
    { 21, 26, 325, 1, 21, 137, 6423 }, // U+1EE2
    { 18, 20, 279, 1, 15, 90, 6560 }, // U+1EE3
    { 15, 26, 307, 2, 21, 98, 6650 }, // U+1EE4
    { 13, 20, 258, 2, 15, 65, 6748 }, // U+1EE5
    { 15, 29, 307, 2, 29, 109, 6813 }, // U+1EE6
    { 13, 23, 258, 2, 23, 75, 6922 }, // U+1EE7
    { 19, 27, 324, 2, 27, 129, 6997 }, // U+1EE8
    { 17, 21, 280, 2, 21, 90, 7126 }, // U+1EE9
    { 19, 27, 324, 2, 27, 129, 7216 }, // U+1EEA
    { 17, 21, 280, 2, 21, 90, 7345 }, // U+1EEB
    { 19, 29, 324, 2, 29, 138, 7435 }, // U+1EEC
    { 17, 23, 280, 2, 23, 98, 7573 }, // U+1EED
    { 19, 26, 324, 2, 26, 124, 7671 }, // U+1EEE
    { 17, 20, 280, 2, 20, 85, 7795 }, // U+1EEF
    { 19, 26, 324, 2, 21, 124, 7880 }, // U+1EF0
    { 17, 20, 280, 2, 15, 85, 8004 }, // U+1EF1
    { 16, 27, 267, 0, 27, 108, 8089 }, // U+1EF2
    { 14, 27, 216, 0, 21, 95, 8197 }, // U+1EF3
    { 16, 26, 267, 0, 21, 104, 8292 }, // U+1EF4
    { 13, 21, 216, 1, 15, 69, 8396 }, // U+1EF5
    { 16, 29, 267, 0, 29, 116, 8465 }, // U+1EF6
    { 14, 29, 216, 1, 23, 102, 8581 }, // U+1EF7
    { 17, 25, 267, 0, 25, 107, 8683 }, // U+1EF8
    { 14, 26, 216, 0, 20, 91, 8790 }, // U+1EF9
    { 0, 0, 257, 0, 0, 0, 0 }, // U+2007
    { 8, 2, 159, 1, 9, 4, 0 }, // U+2010
    { 14, 2, 252, 1, 9, 7, 4 }, // U+2012
    { 14, 2, 252, 1, 9, 7, 11 }, // U+2013
    { 22, 2, 390, 1, 9, 11, 18 }, // U+2014
    { 22, 2, 390, 1, 9, 11, 29 }, // U+2015
    { 5, 9, 158, 3, 22, 12, 40 }, // U+2018
    { 5, 9, 158, 2, 21, 12, 52 }, // U+2019
    { 5, 9, 158, 2, 4, 12, 64 }, // U+201A
    { 11, 9, 249, 3, 22, 25, 76 }, // U+201C
    { 11, 9, 249, 2, 21, 25, 101 }, // U+201D
    { 11, 9, 249, 2, 4, 25, 126 }, // U+201E
    { 14, 21, 245, 1, 21, 74, 151 }, // U+2020
    { 14, 21, 245, 1, 21, 74, 225 }, // U+2021
    { 8, 8, 172, 1, 13, 16, 299 }, // U+2022
    { 18, 4, 337, 2, 4, 18, 315 }, // U+2026
    { 35, 21, 599, 1, 21, 184, 333 }, // U+2030
    { 6, 7, 116, 1, 21, 11, 517 }, // U+2032
    { 10, 7, 192, 1, 21, 18, 528 }, // U+2033
    { 8, 12, 151, 1, 14, 24, 546 }, // U+2039
    { 8, 12, 151, 1, 14, 24, 570 }, // U+203A
    { 15, 21, 105, -4, 21, 79, 594 }, // U+2044
    { 10, 14, 187, 1, 20, 35, 0 }, // U+2070
    { 10, 14, 187, 1, 20, 35, 35 }, // U+2074
    { 11, 14, 187, 0, 20, 39, 70 }, // U+2075
    { 10, 15, 187, 1, 21, 38, 109 }, // U+2076
    { 9, 14, 187, 1, 20, 32, 147 }, // U+2077
    { 10, 14, 187, 1, 20, 35, 179 }, // U+2078
    { 10, 15, 187, 1, 20, 38, 214 }, // U+2079
    { 6, 17, 110, 1, 22, 26, 252 }, // U+207D
    { 6, 17, 110, 1, 22, 26, 278 }, // U+207E
    { 10, 10, 182, 0, 20, 25, 304 }, // U+207F
    { 10, 14, 187, 1, 10, 35, 329 }, // U+2080
    { 8, 14, 187, 2, 10, 28, 364 }, // U+2081
    { 10, 14, 187, 0, 10, 35, 392 }, // U+2082
    { 10, 14, 187, 1, 10, 35, 427 }, // U+2083
    { 10, 14, 187, 1, 10, 35, 462 }, // U+2084
    { 11, 14, 187, 0, 10, 39, 497 }, // U+2085
    { 10, 15, 187, 1, 11, 38, 536 }, // U+2086
    { 9, 14, 187, 1, 10, 32, 574 }, // U+2087
    { 10, 14, 187, 1, 10, 35, 606 }, // U+2088
    { 10, 15, 187, 1, 10, 38, 641 }, // U+2089
    { 6, 17, 110, 1, 11, 26, 679 }, // U+208D
    { 6, 17, 110, 1, 11, 26, 705 }, // U+208E
    { 16, 25, 276, 1, 23, 100, 0 }, // U+20A1
    { 13, 21, 250, 2, 21, 69, 100 }, // U+20A4
    { 23, 21, 372, 0, 21, 121, 169 }, // U+20A6
    { 16, 21, 285, 1, 21, 84, 290 }, // U+20A7
    { 15, 25, 260, 1, 22, 94, 374 }, // U+20AB
    { 17, 21, 289, 1, 21, 90, 468 }, // U+20AC
    { 18, 21, 304, 1, 21, 95, 558 }, // U+20B1
    { 16, 26, 296, 1, 23, 104, 653 }, // U+20B2
    { 16, 25, 276, 1, 23, 100, 757 }, // U+20B5
    { 15, 21, 284, 2, 21, 79, 857 }, // U+20B9
    { 15, 21, 264, 1, 21, 79, 936 }, // U+20BA
    { 15, 21, 265, 1, 21, 79, 1015 }, // U+20BD
    { 18, 8, 420, 4, 12, 36, 0 }, // U+2190
    { 8, 18, 233, 3, 18, 36, 36 }, // U+2191
    { 18, 8, 420, 4, 12, 36, 72 }, // U+2192
    { 8, 18, 233, 3, 18, 36, 108 }, // U+2193
    { 12, 22, 229, 1, 21, 66, 0 }, // U+2202
    { 19, 21, 302, 0, 21, 100, 66 }, // U+2206
    { 16, 24, 311, 2, 20, 96, 166 }, // U+220F
    { 17, 24, 294, 1, 21, 102, 262 }, // U+2211
    { 15, 2, 283, 1, 9, 8, 364 }, // U+2212
    { 15, 21, 77, -5, 21, 79, 372 }, // U+2215
    { 6, 5, 130, 1, 13, 8, 451 }, // U+2219
    { 21, 23, 261, 0, 21, 121, 459 }, // U+221A
    { 23, 11, 397, 1, 14, 64, 580 }, // U+221E
    { 12, 27, 164, -1, 21, 81, 644 }, // U+222B
    { 16, 11, 283, 1, 14, 44, 725 }, // U+2248
    { 14, 16, 283, 2, 16, 56, 769 }, // U+2260
    { 16, 17, 283, 1, 17, 68, 825 }, // U+2264
    { 15, 17, 283, 1, 17, 64, 893 }, // U+2265
    { 15, 21, 264, 1, 21, 79, 0 }, // U+FB01
    { 18, 22, 287, 1, 22, 99, 79 }, // U+FB02
};

static const EpdUnicodeInterval sarabun_14_regularIntervals[] = {
    { 0x0, 0x0, 0x0 },
    { 0xD, 0xD, 0x1 },
    { 0x20, 0x7E, 0x2 },
    { 0xA0, 0x17E, 0x61 },
    { 0x1A0, 0x1A1, 0x140 },
    { 0x1AF, 0x1B0, 0x142 },
    { 0x1CD, 0x1DC, 0x144 },
    { 0x1E6, 0x1E7, 0x154 },
    { 0x1FA, 0x1FF, 0x156 },
    { 0x218, 0x21B, 0x15C },
    { 0x300, 0x304, 0x160 },
    { 0x306, 0x30C, 0x165 },
    { 0x31B, 0x31B, 0x16C },
    { 0x323, 0x324, 0x16D },
    { 0x326, 0x328, 0x16F },
    { 0x32E, 0x32E, 0x172 },
    { 0x331, 0x331, 0x173 },
    { 0xE01, 0xE3A, 0x174 },
    { 0xE3F, 0xE5B, 0x1AE },
    { 0x1EA0, 0x1EF9, 0x1CB },
    { 0x2007, 0x2007, 0x225 },
    { 0x2010, 0x2010, 0x226 },
    { 0x2012, 0x2015, 0x227 },
    { 0x2018, 0x201A, 0x22B },
    { 0x201C, 0x201E, 0x22E },
    { 0x2020, 0x2022, 0x231 },
    { 0x2026, 0x2026, 0x234 },
    { 0x2030, 0x2030, 0x235 },
    { 0x2032, 0x2033, 0x236 },
    { 0x2039, 0x203A, 0x238 },
    { 0x2044, 0x2044, 0x23A },
    { 0x2070, 0x2070, 0x23B },
    { 0x2074, 0x2079, 0x23C },
    { 0x207D, 0x2089, 0x242 },
    { 0x208D, 0x208E, 0x24F },
    { 0x20A1, 0x20A1, 0x251 },
    { 0x20A4, 0x20A4, 0x252 },
    { 0x20A6, 0x20A7, 0x253 },
    { 0x20AB, 0x20AC, 0x255 },
    { 0x20B1, 0x20B2, 0x257 },
    { 0x20B5, 0x20B5, 0x259 },
    { 0x20B9, 0x20BA, 0x25A },
    { 0x20BD, 0x20BD, 0x25C },
    { 0x2190, 0x2193, 0x25D },
    { 0x2202, 0x2202, 0x261 },
    { 0x2206, 0x2206, 0x262 },
    { 0x220F, 0x220F, 0x263 },
    { 0x2211, 0x2212, 0x264 },
    { 0x2215, 0x2215, 0x266 },
    { 0x2219, 0x221A, 0x267 },
    { 0x221E, 0x221E, 0x269 },
    { 0x222B, 0x222B, 0x26A },
    { 0x2248, 0x2248, 0x26B },
    { 0x2260, 0x2260, 0x26C },
    { 0x2264, 0x2265, 0x26D },
    { 0xFB01, 0xFB02, 0x26F },
};

static const EpdFontGroup sarabun_14_regularGroups[] = {
    { 0, 2536, 6437, 97, 0 },
    { 2536, 2467, 7801, 96, 97 },
    { 5003, 3062, 11615, 127, 193 },
    { 8065, 1168, 3366, 32, 320 },
    { 9233, 167, 199, 20, 352 },
    { 9400, 2932, 6186, 87, 372 },
    { 12332, 2033, 10243, 90, 459 },
    { 14365, 325, 739, 22, 549 },
    { 14690, 328, 878, 22, 571 },
    { 15018, 594, 1160, 12, 593 },
    { 15612, 83, 152, 4, 605 },
    { 15695, 454, 1018, 14, 609 },
    { 16149, 70, 194, 2, 623 },
};

static const uint16_t sarabun_14_regularKernLeftCodepoints[] = {
    0x002C, 0x002E, 0x0041, 0x0042, 0x0044, 0x0046, 0x004B, 0x004C, 0x004F, 0x0050, 0x0051, 0x0053,
    0x0054, 0x0055, 0x0056, 0x0057, 0x0058, 0x0059, 0x005A, 0x0061, 0x0062, 0x0063, 0x0065, 0x0066,
    0x0067, 0x006B, 0x006C, 0x006D, 0x006E, 0x006F, 0x0070, 0x0072, 0x0073, 0x0074, 0x0075, 0x0076,
    0x0078, 0x0079, 0x007A, 0x00C0, 0x00C1, 0x00C2, 0x00C3, 0x00C4, 0x00C5, 0x00D0, 0x00D2, 0x00D3,
    0x00D4, 0x00D5, 0x00D6, 0x00D8, 0x00D9, 0x00DA, 0x00DB, 0x00DC, 0x00DD, 0x00E0, 0x00E1, 0x00E2,
    0x00E3, 0x00E4, 0x00E5, 0x00E6, 0x00E7, 0x00E8, 0x00E9, 0x00EA, 0x00EB, 0x00F1, 0x00F2, 0x00F3,
    0x00F4, 0x00F5, 0x00F6, 0x00FD, 0x00FE, 0x00FF, 0x0100, 0x0101, 0x0102, 0x0103, 0x0104, 0x0105,
    0x0107, 0x0109, 0x010B, 0x010D, 0x010E, 0x0110, 0x0113, 0x0115, 0x0117, 0x0119, 0x011B, 0x0125,
    0x0127, 0x0132, 0x0134, 0x0136, 0x0137, 0x0138, 0x0139, 0x013B, 0x013D, 0x013F, 0x0141, 0x0144,
    0x0146, 0x0148, 0x0149, 0x014B, 0x014C, 0x014D, 0x014E, 0x014F, 0x0150, 0x0151, 0x0153, 0x0154,
    0x0155, 0x0156, 0x0157, 0x0158, 0x0159, 0x015A, 0x015B, 0x015C, 0x015D, 0x015E, 0x015F, 0x0160,
    0x0161, 0x0162, 0x0163, 0x0164, 0x0165, 0x0166, 0x0167, 0x0168, 0x016A, 0x016C, 0x016E, 0x0170,
    0x0172, 0x0174, 0x0175, 0x0176, 0x0177, 0x0178, 0x01A0, 0x01CD, 0x01CE, 0x01D1, 0x01D2, 0x01D3,
    0x01D5, 0x01D7, 0x01D9, 0x01DB, 0x01FA, 0x01FB, 0x01FD, 0x01FE, 0x01FF, 0x0218, 0x0219, 0x021A,
    0x021B, 0x1EA0, 0x1EA1, 0x1EA2, 0x1EA3, 0x1EA4, 0x1EA5, 0x1EA6, 0x1EA7, 0x1EA8, 0x1EA9, 0x1EAA,
    0x1EAB, 0x1EAC, 0x1EAD, 0x1EAE, 0x1EAF, 0x1EB0, 0x1EB1, 0x1EB2, 0x1EB3, 0x1EB4, 0x1EB5, 0x1EB6,
    0x1EB7, 0x1EB9, 0x1EBB, 0x1EBD, 0x1EBF, 0x1EC1, 0x1EC3, 0x1EC5, 0x1EC7, 0x1ECC, 0x1ECD, 0x1ECE,
    0x1ECF, 0x1ED0, 0x1ED1, 0x1ED2, 0x1ED3, 0x1ED4, 0x1ED5, 0x1ED6, 0x1ED7, 0x1ED8, 0x1ED9, 0x1EDA,
    0x1EDB, 0x1EDC, 0x1EDD, 0x1EDE, 0x1EDF, 0x1EE0, 0x1EE1, 0x1EE2, 0x1EE3, 0x1EE4, 0x1EE6, 0x1EF2,
    0x1EF3, 0x1EF4, 0x1EF5, 0x1EF6, 0x1EF7, 0x1EF8, 0x1EF9, 0x2018, 0x201C, 0x2026,
};

static const uint8_t sarabun_14_regularKernLeftClassIds[] = {
      1,   1,   2,   3,   4,   5,   6,   7,   8,   9,   8,  10,  11,  12,  13,  14,
     15,  16,  17,  18,  19,  20,  21,  22,  23,  24,  25,  26,  26,  27,  28,  29,
     30,  31,  32,  33,  34,  35,  36,  37,  37,  37,  37,  37,  37,  38,  39,  39,
     39,  39,  39,  40,  12,  12,  12,  12,  16,  18,  18,  18,  18,  18,  18,  41,
     42,  41,  41,  41,  41,  43,  27,  27,  27,  27,  27,  35,  44,  35,  37,  18,
     37,  18,  37,  18,  42,  42,  42,  42,  45,  38,  41,  41,  41,  41,  41,  46,
     46,  47,  47,  48,  49,  49,  50,  50,  50,  50,  51,  43,  43,  43,  43,  43,
     39,  27,  39,  27,  39,  27,  41,  52,  53,  52,  53,  52,  53,  54,  55,  54,
     55,  54,  55,  54,  55,  56,  57,  56,  57,  56,  57,  12,  12,  12,  12,  12,
     12,  58,  59,  16,  35,  16,  40,  37,  18,  39,  27,  12,  12,  12,  12,  12,
     37,  18,  41,  39,  27,  54,  55,  56,  57,  37,  18,  37,  18,  37,  18,  37,
     18,  37,  18,  37,  18,  37,  18,  37,  18,  37,  18,  37,  18,  37,  18,  37,
     18,  41,  41,  41,  41,  41,  41,  41,  41,  39,  27,  39,  27,  39,  27,  39,
     27,  39,  27,  39,  27,  39,  27,  40,  27,  40,  27,  40,  27,  40,  27,  40,
     27,  12,  12,  16,  35,  16,  35,  16,  35,  16,  35,  60,  60,  61,
};

static const uint16_t sarabun_14_regularKernRightCodepoints[] = {
    0x002C, 0x002E, 0x0041, 0x0043, 0x0047, 0x004A, 0x004F, 0x0051, 0x0053, 0x0054, 0x0055, 0x0056,
    0x0057, 0x0058, 0x0059, 0x0061, 0x0063, 0x0064, 0x0065, 0x0066, 0x0067, 0x006A, 0x006D, 0x006E,
    0x006F, 0x0070, 0x0071, 0x0072, 0x0073, 0x0074, 0x0075, 0x0076, 0x0077, 0x0078, 0x0079, 0x007A,
    0x00C0, 0x00C1, 0x00C2, 0x00C3, 0x00C4, 0x00C5, 0x00C6, 0x00C7, 0x00D2, 0x00D3, 0x00D4, 0x00D5,
    0x00D6, 0x00D8, 0x00D9, 0x00DA, 0x00DB, 0x00DC, 0x00DD, 0x00DF, 0x00E0, 0x00E1, 0x00E2, 0x00E3,
    0x00E4, 0x00E5, 0x00E6, 0x00E7, 0x00E8, 0x00E9, 0x00EA, 0x00EB, 0x00F0, 0x00F1, 0x00F2, 0x00F3,
    0x00F4, 0x00F5, 0x00F6, 0x00F8, 0x00F9, 0x00FA, 0x00FB, 0x00FC, 0x00FD, 0x00FF, 0x0100, 0x0101,
    0x0102, 0x0103, 0x0104, 0x0105, 0x0106, 0x0107, 0x0108, 0x0109, 0x010A, 0x010B, 0x010C, 0x010D,
    0x010F, 0x0111, 0x0113, 0x0115, 0x0117, 0x0119, 0x011B, 0x011C, 0x011D, 0x011E, 0x011F, 0x0120,
    0x0121, 0x0122, 0x0123, 0x0134, 0x0135, 0x0144, 0x0146, 0x0148, 0x0149, 0x014B, 0x014C, 0x014D,
    0x014E, 0x014F, 0x0150, 0x0151, 0x0153, 0x0155, 0x0157, 0x0159, 0x015A, 0x015B, 0x015C, 0x015D,
    0x015E, 0x015F, 0x0160, 0x0161, 0x0162, 0x0163, 0x0164, 0x0165, 0x0166, 0x0167, 0x0168, 0x0169,
    0x016A, 0x016B, 0x016C, 0x016D, 0x016E, 0x016F, 0x0170, 0x0171, 0x0172, 0x0173, 0x0174, 0x0175,
    0x0176, 0x0177, 0x0178, 0x017A, 0x017C, 0x017E, 0x01A0, 0x01A1, 0x01AF, 0x01B0, 0x01CD, 0x01CE,
    0x01D1, 0x01D2, 0x01D3, 0x01D4, 0x01D5, 0x01D6, 0x01D7, 0x01D8, 0x01D9, 0x01DA, 0x01DB, 0x01DC,
    0x01E6, 0x01E7, 0x01FA, 0x01FB, 0x01FC, 0x01FD, 0x01FE, 0x01FF, 0x0218, 0x0219, 0x021A, 0x021B,
    0x1EA0, 0x1EA1, 0x1EA2, 0x1EA3, 0x1EA4, 0x1EA5, 0x1EA6, 0x1EA7, 0x1EA8, 0x1EA9, 0x1EAA, 0x1EAB,
    0x1EAC, 0x1EAD, 0x1EAE, 0x1EAF, 0x1EB0, 0x1EB1, 0x1EB2, 0x1EB3, 0x1EB4, 0x1EB5, 0x1EB6, 0x1EB7,
    0x1EB9, 0x1EBB, 0x1EBD, 0x1EBF, 0x1EC1, 0x1EC3, 0x1EC5, 0x1EC7, 0x1ECC, 0x1ECD, 0x1ECE, 0x1ECF,
    0x1ED0, 0x1ED1, 0x1ED2, 0x1ED3, 0x1ED4, 0x1ED5, 0x1ED6, 0x1ED7, 0x1ED8, 0x1ED9, 0x1EDA, 0x1EDB,
    0x1EDC, 0x1EDD, 0x1EDE, 0x1EDF, 0x1EE0, 0x1EE1, 0x1EE2, 0x1EE3, 0x1EE4, 0x1EE5, 0x1EE6, 0x1EE7,
    0x1EE8, 0x1EE9, 0x1EEA, 0x1EEB, 0x1EEC, 0x1EED, 0x1EEE, 0x1EEF, 0x1EF0, 0x1EF1, 0x1EF2, 0x1EF3,
    0x1EF4, 0x1EF5, 0x1EF6, 0x1EF7, 0x1EF8, 0x1EF9, 0x2019, 0x201D, 0x2026, 0xFB01, 0xFB02,
};

static const uint8_t sarabun_14_regularKernRightClassIds[] = {
      1,   2,   3,   4,   5,   6,   7,   8,   9,  10,  11,  12,  13,  14,  15,  16,
     17,  18,  19,  20,  21,  22,  23,  24,  25,  26,  27,  28,  29,  30,  31,  32,
     33,  34,  35,  36,  37,  37,  37,  37,  37,  37,  37,  38,  39,  39,  39,  39,
     39,  40,  41,  41,  41,  41,  42,  43,  44,  44,  44,  44,  44,  44,  44,  45,
     46,  46,  46,  46,  47,  48,  49,  49,  49,  49,  49,  50,  51,  51,  51,  51,
     52,  52,  37,  44,  37,  44,  37,  44,  38,  45,  38,  45,  38,  45,  38,  45,
     53,  47,  46,  46,  46,  46,  46,  54,  55,  54,  55,  54,  55,  54,  55,  56,
     22,  48,  48,  48,  48,  48,  39,  49,  39,  49,  39,  49,  57,  58,  58,  58,
     59,  60,  59,  60,  59,  60,  59,  60,  61,  62,  61,  62,  61,  62,  41,  51,
     41,  51,  41,  51,  41,  51,  41,  51,  41,  51,  63,  64,  42,  52,  42,  65,
     65,  65,  39,  50,  41,  66,  37,  44,  39,  49,  41,  51,  41,  51,  41,  51,
     41,  51,  41,  51,  54,  55,  37,  44,  37,  44,  39,  49,  59,  60,  61,  62,
     37,  44,  37,  44,  37,  44,  37,  44,  37,  44,  37,  44,  37,  44,  37,  44,
     37,  44,  37,  44,  37,  44,  37,  44,  46,  46,  46,  46,  46,  46,  46,  46,
     39,  49,  39,  49,  39,  49,  39,  49,  39,  49,  39,  49,  39,  49,  39,  49,
     39,  49,  39,  49,  39,  49,  39,  49,  41,  51,  41,  51,  41,  51,  41,  51,
     41,  51,  41,  51,  41,  51,  42,  52,  42,  52,  42,  52,  42,  52,  67,  68,
     69,  43,  43,
};

static const uint16_t sarabun_14_regularKernRowOffsets[] = {
        0,    12,    49,    55,    62,    69,    81,   118,   127,   151,   156,   193,   197,   249,   269,   300,
      344,   355,   360,   368,   372,   388,   407,   410,   431,   448,   454,   467,   478,   483,   493,   496,
      502,   529,   540,   562,   568,   606,   611,   621,   627,   646,   651,   658,   663,   672,   677,   681,
      717,   739,   776,   787,   792,   794,   799,   810,   849,   854,   899,   915,   918,   923,
};

static const uint8_t sarabun_14_regularKernSparseCols[] = {
      9,  11,  14,  17,  20,  24,  26,  31,  32,  48,  52,  56,   3,   6,   7,   8,
      9,  10,  11,  12,  14,  15,  16,  17,  18,  20,  24,  26,  30,  31,  34,  37,
     38,  40,  41,  43,  44,  45,  48,  50,  51,  52,  56,  58,  60,  62,  63,  66,
     67,   2,  11,  13,  14,  36,  41,   2,  11,  14,  36,  41,  55,  62,   0,   1,
      2,   5,  36,  55,  68,  15,  16,  17,  18,  20,  26,  34,  43,  44,  45,  51,
     52,   3,   4,   6,   7,   9,  10,  11,  12,  14,  15,  16,  17,  18,  20,  24,
     26,  29,  31,  32,  34,  37,  38,  40,  41,  43,  44,  45,  48,  51,  52,  53,
     56,  60,  62,  63,  66,  67,   2,  11,  12,  13,  14,  36,  41,  55,  62,   0,
      1,   2,   5,  11,  13,  14,  15,  16,  17,  20,  24,  26,  28,  36,  41,  43,
     44,  48,  52,  55,  56,  59,  68,   2,  11,  14,  36,  41,   0,   1,   2,   3,
     15,  16,  17,  18,  20,  22,  23,  24,  26,  28,  30,  31,  32,  33,  34,  35,
     36,  37,  43,  44,  45,  47,  48,  50,  51,  52,  54,  55,  56,  57,  59,  63,
     64,   0,   1,   2,  36,   0,   1,   2,   3,   4,   5,   6,   7,   8,  15,  16,
     17,  18,  20,  21,  22,  23,  24,  25,  26,  28,  30,  31,  33,  34,  36,  37,
     38,  39,  42,  43,  44,  45,  46,  47,  48,  49,  50,  51,  52,  53,  54,  55,
     56,  57,  58,  59,  61,  63,  64,  65,  68,   0,   1,   2,   6,   7,  15,  16,
     17,  18,  20,  24,  26,  36,  38,  43,  44,  45,  48,  52,  56,   3,   4,   6,
      7,  15,  16,  17,  18,  20,  24,  26,  30,  31,  34,  37,  38,  39,  43,  44,
     45,  46,  48,  49,  50,  51,  52,  53,  56,  61,  63,  65,   0,   1,   2,   3,
      4,   5,   6,   7,   8,  15,  16,  17,  18,  20,  22,  23,  24,  26,  28,  30,
     31,  33,  34,  36,  37,  38,  43,  44,  45,  47,  48,  50,  51,  52,  53,  54,
     55,  56,  57,  58,  59,  61,  63,  64,  16,  17,  18,  20,  24,  26,  44,  45,
     48,  52,  56,  11,  14,  41,  62,  63,   0,   1,  11,  14,  34,  41,  51,  62,
     11,  14,  41,  62,   0,   1,   2,  11,  13,  14,  28,  31,  34,  36,  41,  51,
     54,  59,  62,  63,   0,   1,  15,  16,  17,  18,  20,  24,  26,  43,  44,  45,
     46,  48,  49,  52,  54,  56,  68,  11,  14,  41,   9,  11,  14,  15,  16,  17,
     18,  20,  24,  26,  34,  41,  43,  44,  45,  48,  51,  52,  56,  60,  62,  16,
     17,  18,  20,  24,  26,  28,  31,  32,  34,  44,  45,  48,  51,  52,  56,  59,
      9,  11,  14,  41,  60,  62,   0,   1,   2,   9,  11,  14,  31,  34,  36,  41,
     51,  60,  62,   0,   1,   9,  11,  12,  13,  31,  34,  51,  60,  62,   0,   1,
     24,  48,  56,   1,   9,  11,  13,  14,  18,  41,  45,  60,  62,  24,  48,  56,
      9,  11,  14,  41,  60,  62,   0,   1,   2,   9,  11,  13,  14,  15,  16,  17,
     18,  20,  24,  26,  36,  41,  43,  44,  45,  46,  48,  52,  55,  56,  60,  62,
     68,   9,  11,  14,  17,  20,  26,  41,  46,  52,  60,  62,   0,   1,   2,   9,
     13,  14,  15,  17,  18,  20,  24,  26,  36,  41,  43,  45,  48,  52,  55,  56,
     60,  62,   9,  11,  14,  41,  60,  62,   3,   6,   7,   8,   9,  10,  11,  12,
     14,  15,  16,  17,  18,  20,  24,  26,  30,  31,  32,  34,  37,  38,  40,  41,
     43,  44,  45,  48,  50,  51,  52,  56,  58,  60,  62,  63,  66,  67,   2,   5,
     11,  12,  14,   2,   5,  11,  12,  13,  14,  36,  41,  55,  62,   2,   5,  11,
     12,  13,  14,   0,   1,   2,  11,  12,  13,  14,  20,  28,  31,  32,  34,  36,
     41,  51,  54,  59,  62,  63,  11,  12,  14,  41,  62,   9,  11,  12,  14,  41,
     60,  62,   0,   1,  31,  34,  51,   2,   5,  11,  12,  14,  36,  41,  55,  62,
     11,  12,  14,  41,  62,   2,   5,  36,  55,   3,   4,   6,   7,   8,  11,  12,
     14,  15,  16,  17,  18,  20,  24,  26,  29,  30,  31,  32,  34,  37,  38,  41,
     43,  44,  45,  48,  50,  51,  52,  53,  56,  58,  61,  62,  63,   9,  11,  12,
     14,  15,  16,  17,  18,  20,  24,  26,  34,  41,  43,  44,  45,  48,  51,  52,
     56,  60,  62,   3,   4,   6,   7,   9,  10,  11,  12,  14,  15,  16,  17,  18,
     20,  24,  26,  29,  31,  32,  34,  37,  38,  40,  41,  43,  44,  45,  48,  51,
     52,  53,  56,  60,  62,  63,  66,  67,   3,   4,   6,   9,  11,  12,  14,  31,
     32,  34,  66,  11,  12,  14,  41,  62,  18,  45,   2,  11,  14,  36,  41,   1,
      9,  11,  12,  13,  14,  18,  41,  45,  60,  62,   0,   1,   2,   3,   5,  15,
     16,  17,  18,  20,  22,  23,  24,  26,  27,  28,  30,  31,  32,  33,  34,  35,
     36,  37,  43,  44,  45,  47,  48,  50,  51,  52,  54,  55,  56,  57,  59,  63,
     64,  11,  12,  14,  41,  62,   0,   2,   3,   4,   5,   6,   7,  15,  16,  17,
     18,  19,  20,  21,  22,  23,  24,  26,  28,  29,  30,  31,  32,  33,  34,  35,
     36,  37,  38,  43,  44,  45,  47,  48,  50,  51,  52,  53,  54,  55,  56,  59,
     61,  63,  64,   2,   9,  14,  15,  17,  18,  20,  26,  36,  41,  43,  45,  52,
     55,  60,  62,   2,   5,  36,   9,  11,  14,  31,  32,
};

static const int8_t sarabun_14_regularKernSparseValues[] = {
     -47,  -47,  -47,  -14,  -14,  -14,  -14,  -28,  -28,  -14,  -14,  -14,  -14,  -14,  -14,  -19,
     -28,  -28,  -23,  -14,  -28,  -14,  -14,  -14,  -14,  -14,  -14,  -14,  -19,  -19,  -19,  -14,
     -14,  -28,  -28,  -14,  -14,  -14,  -14,  -19,  -19,  -14,  -14,  -19,  -28,  -47,  -37,  -37,
     -61,   -9,  -14,  -19,  -19,   -9,  -19,  -19,  -28,  -23,  -19,  -23,  -23,  -28,  -47,  -47,
     -47,  -42,  -84,  -47,  -47,  -14,   -9,   -9,   -9,   -9,   -9,  -19,  -14,   -9,   -9,  -19,
      -9,  -14,  -14,  -23,  -23,  -51,  -14,  -47,  -37,  -47,   -9,   -9,   -9,   -9,   -9,   -9,
      -9,  -14,  -28,  -19,  -37,  -14,  -23,  -14,  -47,   -9,   -9,   -9,   -9,  -37,   -9,  -14,
      -9,  -51,  -37,  -37,  -65,  -37,  -14,  -14,   -5,  -19,  -19,  -14,  -19,  -19,  -19,  -47,
     -47,  -37,  -47,  -14,  -28,  -14,  -14,  -14,  -14,  -14,  -14,  -14,   -9,  -75,  -28,  -14,
     -14,  -14,  -14,  -56,  -14,   -9,  -47,  -14,  -14,  -14,  -14,  -14,  -47,  -47,  -28,  -19,
     -37,  -28,  -37,  -37,  -37,  -28,  -28,  -37,  -37,  -33,  -28,  -28,  -19,  -23,  -19,  -23,
     -28,  -19,  -37,  -28,  -37,  -28,  -37,  -28,  -19,  -37,  -28,  -28,  -37,  -19,  -33,  -19,
      -9,  -19,  -19,  -28,  -28,  -47,  -47,  -23,  -19,  -19,  -33,  -14,  -14,  -14,  -37,  -37,
     -37,  -37,  -37,  -37,  -23,  -23,  -28,  -23,  -37,  -23,  -23,  -28,  -23,  -23,  -93,  -37,
     -37,  -23,  -19,  -75,  -75,  -75,  -37,  -47,  -56,  -28,  -47,  -47,  -75,  -47,  -75,  -56,
     -28,  -47,  -28,  -47,  -47,  -47,  -37,  -23,  -47,  -37,  -37,  -14,   -5,   -5,   -9,   -9,
      -9,   -9,   -9,   -9,   -9,  -14,   -5,   -9,   -9,   -9,   -9,   -9,   -9,  -19,  -14,  -19,
     -19,  -23,  -14,  -14,  -19,  -14,  -14,  -14,  -14,  -23,  -33,  -37,  -37,  -19,  -47,  -37,
     -42,  -23,  -42,  -28,  -28,  -65,  -37,  -33,  -14,  -28,  -47,  -14,  -47,  -47,  -28,  -23,
     -28,  -33,  -19,  -19,  -14,  -28,  -28,  -28,  -28,  -28,  -28,  -28,  -28,  -28,  -28,  -28,
     -28,  -37,  -28,  -28,  -23,  -19,  -28,  -28,  -28,  -28,  -28,  -28,  -28,  -28,  -28,  -37,
     -37,  -28,  -28,  -14,  -28,  -28,  -37,  -23,   -9,   -9,   -9,   -9,   -9,   -9,   -9,   -9,
      -9,   -9,   -9,  -28,  -37,  -37,  -28,  -28,  -14,  -14,  -37,  -37,   -9,  -37,  -28,  -28,
     -19,  -28,  -28,  -19,  -14,  -14,  -19,  -37,  -23,  -37,    9,  -14,   -9,  -19,  -37,   -9,
       9,    9,  -28,   -9,  -28,  -28,  -19,  -19,  -19,  -14,  -19,  -19,  -19,  -37,  -37,  -33,
     -19,  -37,  -19,  -37,  -37,  -19,  -28,  -19,  -28,  -56,  -28,  -42,  -28,  -19,  -19,  -19,
      -9,  -19,   -9,  -19,  -14,  -28,  -19,  -19,   -9,   -9,  -14,  -19,   -9,  -28,  -33,   -9,
      -9,  -14,   -9,  -14,   -9,   -9,  -14,   -9,  -14,   -9,  -14,  -14,  -14,   -9,  -14,   -9,
     -28,  -33,  -37,  -37,  -28,  -33,  -14,  -14,  -19,  -28,  -28,  -33,   -5,   -5,  -19,  -33,
      -5,  -28,  -28,  -14,  -14,  -28,  -28,  -28,  -23,   -9,   -5,   -5,  -28,  -28,  -28,  -28,
      -5,   -5,   -5,  -14,  -28,  -23,  -19,  -28,    9,  -28,    9,  -28,  -19,  -14,  -14,  -14,
     -37,  -23,  -28,  -56,  -75,  -47,  -28,  -28,  -47,  -19,  -28,  -23,  -28,  -14,  -14,   -9,
      -9,   -9,   -5,   -9,  -93,  -56,  -33,  -33,  -23,  -19,   -5,  -28,  -75,   -5,  -37,  -47,
     -28,  -19,  -23,  -37,  -14,  -14,  -14,  -75,  -19,  -33,  -37,  -47,  -19,  -19,  -37,  -19,
     -28,  -28,  -14,   -5,   -5,   -5,   -5,   -5,  -37,  -28,  -14,   -5,   -5,   -5,  -37,   -5,
     -19,  -23,   -9,  -19,  -19,  -37,  -19,  -37,  -42,  -37,  -14,  -37,  -75,  -56,  -93,  -61,
     -84,  -33,  -33,  -33,  -33,  -14,  -33,  -14,  -37,  -65,  -37,  -56,  -14,  -14,  -28,  -28,
     -14,  -14,  -14,  -14,  -19,  -19,  -14,  -14,  -19,  -28,  -47,  -37,  -75,  -61,  -19,  -23,
     -28,  -28,  -23,  -37,  -19,  -37,  -23,  -37,  -42,  -14,  -19,  -19,  -19,  -23,  -19,  -23,
     -19,  -19,  -23,  -14,  -14,  -19,  -75,  -28,  -47,  -75,    9,   19,  -28,   -9,  -23,  -19,
     -37,   -9,    9,    9,  -28,   -9,  -37,  -19,  -56,  -28,  -19,  -56,  -65,  -33,  -75,  -37,
     -28,  -33,  -14,  -14,   -9,   -5,   -5,  -37,  -23,  -56,  -28,  -47,  -19,  -23,  -23,  -28,
     -75,  -28,  -75,  -37,  -28,  -56,  -19,  -28,  -19,  -47,  -47,  -47,  -23,  -37,  -47,  -23,
     -47,  -37,  -56,  -56,  -56,  -28,  -56,  -28,  -28,  -37,  -93,  -47,  -93,  -23,  -23,  -23,
     -19,  -28,  -28,  -28,  -19,  -47,  -28,  -23,  -28,  -19,  -28,  -23,  -47,  -56,  -84,  -33,
     -56,  -37,  -37,  -37,  -28,  -19,  -28,  -19,  -28,  -28,  -19,  -19,   -9,   -9,  -14,  -19,
      -9,  -28,  -33,  -28,  -28,  -37,  -23, -103,  -14,  -93,  -75,  -93,   -9,   -9,   -9,   -9,
      -9,   -9,   -9,  -14,  -75,  -56,  -75,  -14,  -23,  -14,  -47,   -9,   -9,   -9,   -9,  -37,
      -9,  -14,   -9,  -51,  -37,  -37,  -65,  -37,  -14,  -14,  -14,  -51,  -47,  -37,  -47,  -47,
     -37,  -37,  -28,  -56,  -19,  -56,  -28,  -19,  -19,  -19,  -33,  -28,  -28,  -14,  -14,  -14,
     -56,  -47,  -19,  -37,  -56,   19,  -28,    9,  -28,  -19,  -47,  -47,  -75,  -37,  -28,  -65,
     -56,  -65,  -65,  -65,  -56,  -28,  -65,  -37,  -19,  -61,  -56,  -47,  -37,  -42,  -37,  -33,
     -28,  -19,  -37,  -28,  -37,  -28,  -37,  -28,  -19,  -37,  -28,  -28,  -37,  -19,  -33,  -19,
      -9,  -56,  -28,  -75,  -37,  -28,  -47,  -93,  -37,  -37,  -28,  -37,  -19,  -56,  -56,  -56,
     -56,  -19,  -56,  -19,  -37,  -19,  -56,  -28,  -37,  -19,  -47,  -47,  -23,  -47,  -47,  -19,
     -47,  -19,  -19,  -28,  -28,  -28,  -19,  -28,  -23,  -23,  -28,  -19,  -28,  -28,  -28,  -19,
     -19,  -23,  -19,  -37,  -19,  -37,  -19,  -19,   -9,  -19,  -19,  -37,  -37,  -19,   -9,  -19,
     -33,  -19,  -23,  -23,  -37,  -23,  -47,  -47,  -47,  -28,  -28,
};

static const EpdLigaturePair sarabun_14_regularLigaturePairs[] = {
    { 0x00660069, 0xFB01 }, // f i -> U+FB01
    { 0x0066006C, 0xFB02 }, // f l -> U+FB02
};

static const EpdFontData sarabun_14_regular = {
    sarabun_14_regularBitmaps,
    sarabun_14_regularGlyphs,
    sarabun_14_regularIntervals,
    56,
    38,
    32,
    -7,
    true,
    sarabun_14_regularGroups,
    13,
    nullptr,
    nullptr,  // kernLeftClasses: built-in fonts use the split arrays below
    nullptr,  // kernRightClasses
    sarabun_14_regularKernLeftCodepoints,
    sarabun_14_regularKernLeftClassIds,
    sarabun_14_regularKernRightCodepoints,
    sarabun_14_regularKernRightClassIds,
    nullptr,  // kernMatrix: built-in fonts use the sparse form below
    sarabun_14_regularKernRowOffsets,
    sarabun_14_regularKernSparseCols,
    sarabun_14_regularKernSparseValues,
    238,
    275,
    61,
    69,
    sarabun_14_regularLigaturePairs,
    2,
};
