/**
 * generated by fontconvert.py
 * name: sarabun_16_regular
 * size: 16
 * mode: 2-bit  compressed: true
 * Command used: fontconvert.py sarabun_16_regular 16 ../builtinFonts/source/Sarabun/Sarabun-Regular.ttf --2bit --compress --pnum --zopfli --additional-intervals 0x0E00,0x0E7F
 */
#pragma once
#include "EpdFontData.h"

static const uint8_t sarabun_16_regularBitmaps[18614] = {
    0xAD, 0x98, 0x05, 0xAC, 0xEC, 0x3A, 0x7A, 0xC7, 0x7F, 0x49, 0xDE, 0xBE, 0xB4, 0x4A, 0x25, 0x97,
    0xE9, 0x54, 0xEB, 0x32, 0xB7, 0x11, 0xE3, 0xBB, 0xE3, 0x2C, 0x8B, 0xB7, 0x62, 0x2E, 0x93, 0xF0,
    0x88, 0x55, 0xB8, 0x33, 0x49, 0x59, 0x58, 0x16, 0x4B, 0x65, 0x66, 0xC6, 0x99, 0x33, 0xDE, 0x3E,
    0x61, 0x31, 0x65, 0x6E, 0xA3, 0xED, 0x29, 0x93, 0xD5, 0xA6, 0x7D, 0xB9, 0x5B, 0xCF, 0x7C, 0xF5,
    0x37, 0x93, 0x37, 0x07, 0xF6, 0xEE, 0x01, 0xE9, 0xC6, 0xFE, 0xFF, 0x1D, 0xC5, 0xDF, 0xF7, 0xF7,
    0x67, 0x19, 0xC6, 0x1E, 0xC7, 0x7D, 0x09, 0x48, 0x2C, 0x5E, 0x7C, 0x4B, 0x74, 0x37, 0x13, 0x4B,
    0xCA, 0x81, 0x8D, 0x52, 0xA4, 0xEA, 0x67, 0xC2, 0x78, 0x94, 0x24, 0x3D, 0xF1, 0x40, 0xF9, 0x48,
    0xDD, 0xE5, 0x81, 0xBA, 0x29, 0x66, 0x72, 0x1C, 0x69, 0x48, 0x74, 0x65, 0x97, 0xBC, 0x2F, 0xD4,
    0x7B, 0x73, 0xA2, 0x59, 0xCC, 0x76, 0xCC, 0xA4, 0x7E, 0x28, 0xCE, 0x46, 0x72, 0x91, 0xAE, 0x12,
    0x19, 0xEC, 0x70, 0x36, 0xBA, 0x26, 0x0B, 0x0E, 0x98, 0x81, 0xF5, 0x60, 0x46, 0x28, 0xA4, 0x81,
    0x36, 0x40, 0xB5, 0x07, 0xB6, 0x1E, 0xAC, 0x0A, 0x8C, 0x90, 0x45, 0xE0, 0x80, 0x0F, 0x4D, 0x58,
    0x91, 0x4F, 0xAE, 0x3F, 0x0B, 0x56, 0xA4, 0x4F, 0xBA, 0x0D, 0x1F, 0x31, 0x9E, 0xDA, 0xCA, 0xF7,
    0x68, 0x17, 0xAD, 0x78, 0x8D, 0xC6, 0xBD, 0x43, 0xFB, 0xC0, 0x26, 0x1F, 0x71, 0x10, 0x99, 0x58,
    0x6B, 0x11, 0xB3, 0x09, 0x2D, 0xD4, 0x27, 0x32, 0x55, 0x3D, 0x6A, 0x62, 0x3C, 0xB8, 0x52, 0x23,
    0xC3, 0x4A, 0xBF, 0xCA, 0xA5, 0x29, 0x85, 0x68, 0xA4, 0x87, 0x7C, 0x4C, 0x4A, 0x2A, 0xBC, 0x52,
    0x4F, 0xE3, 0xD7, 0x44, 0xB0, 0x4D, 0xD4, 0xC2, 0xA1, 0x05, 0x6B, 0xB4, 0x48, 0xD5, 0x1B, 0xA2,
    0x06, 0xB2, 0xCA, 0x47, 0x92, 0xB0, 0xFB, 0xA6, 0xA0, 0x81, 0x18, 0xF1, 0x38, 0xD0, 0xE8, 0xCE,
    0x9E, 0x01, 0x5B, 0xE9, 0xC8, 0x76, 0xB6, 0x4F, 0x96, 0x45, 0xB8, 0x41, 0xE5, 0x90, 0x44, 0x34,
    0x94, 0x58, 0x77, 0xB0, 0xDD, 0x91, 0x48, 0x9B, 0xD6, 0x30, 0xEC, 0x9F, 0x06, 0x3E, 0xD4, 0xBD,
    0x29, 0xB2, 0xBC, 0xA0, 0x65, 0x1D, 0xB1, 0x3E, 0x46, 0xCA, 0xFF, 0x9D, 0x22, 0x99, 0x84, 0x0B,
    0x68, 0x7B, 0xD7, 0xD0, 0x0E, 0x76, 0xFC, 0x08, 0x89, 0xA5, 0xC8, 0xB8, 0xE7, 0x7C, 0xCF, 0x67,
    0x02, 0x10, 0xE7, 0x87, 0x4D, 0x36, 0x15, 0x43, 0xE5, 0x4D, 0x57, 0xE3, 0x58, 0xB1, 0xD4, 0xC8,
    0x6F, 0xA4, 0x35, 0x1B, 0x56, 0x38, 0x6A, 0x4C, 0x57, 0xF9, 0x62, 0xD0, 0x3E, 0xD5, 0x0D, 0x95,
    0x06, 0xAB, 0x1D, 0x24, 0xC2, 0x12, 0x1C, 0xD4, 0x90, 0x2A, 0x6C, 0x87, 0x39, 0x66, 0xCF, 0x9C,
    0x3B, 0xCD, 0xB6, 0xD3, 0xDA, 0x1A, 0x9C, 0xDA, 0x13, 0xD5, 0xB7, 0x08, 0xAA, 0x53, 0x37, 0x00,
    0x94, 0xDD, 0x2F, 0x50, 0xF9, 0x89, 0xE2, 0xDD, 0x01, 0x5E, 0xF3, 0xD0, 0x36, 0x88, 0x88, 0x57,
    0xE8, 0x3B, 0xAF, 0xF5, 0x5A, 0x87, 0xF1, 0x91, 0xBC, 0xFB, 0x1E, 0x00, 0x54, 0xE1, 0x1E, 0x12,
    0xF5, 0x3F, 0xD0, 0xBD, 0xC6, 0x33, 0x19, 0xEF, 0x06, 0x17, 0x6C, 0x28, 0x86, 0xA2, 0xAF, 0xBC,
    0xE5, 0xB3, 0x78, 0x09, 0xE0, 0x20, 0xE3, 0x97, 0x22, 0x4B, 0x40, 0x11, 0x21, 0x9B, 0xA7, 0x5A,
    0xD9, 0xAB, 0x1B, 0xD8, 0x06, 0xDC, 0x0B, 0xA9, 0xFE, 0x62, 0x80, 0x7A, 0x42, 0x67, 0x74, 0x35,
    0xDA, 0xDE, 0xFA, 0x22, 0x38, 0xB2, 0x69, 0x01, 0x71, 0x09, 0x9B, 0x35, 0x2C, 0x23, 0x2C, 0x66,
    0xB8, 0x13, 0xE6, 0x6F, 0x5A, 0xAF, 0x76, 0x6A, 0xAF, 0x7E, 0xEA, 0xAF, 0x3A, 0xAA, 0xA7, 0xBA,
    0xD4, 0x64, 0x42, 0x25, 0xB4, 0xC2, 0x85, 0xE3, 0xF3, 0x1D, 0x3C, 0x26, 0x3B, 0x91, 0x94, 0x69,
    0x27, 0x2A, 0x91, 0xCE, 0x5D, 0xDA, 0x61, 0x45, 0x3E, 0x7E, 0x24, 0x4C, 0x40, 0xBC, 0x86, 0x09,
    0xF2, 0xB9, 0x9B, 0xD5, 0x00, 0xD6, 0x83, 0x03, 0x76, 0x50, 0x4C, 0x60, 0x06, 0x70, 0x5E, 0x23,
    0xA1, 0xD4, 0x98, 0x02, 0xAA, 0x2C, 0x0A, 0xCE, 0x9F, 0x51, 0x8A, 0x78, 0x7B, 0x79, 0x16, 0xDE,
    0x48, 0x3E, 0xBD, 0x74, 0xD2, 0xCC, 0xA6, 0xA3, 0x5E, 0xED, 0xA9, 0xF7, 0x24, 0x34, 0x70, 0x3E,
    0x90, 0x6C, 0x8E, 0xC2, 0xAC, 0x00, 0x37, 0x63, 0xF1, 0x01, 0xB0, 0x71, 0x64, 0xB1, 0x4E, 0x3A,
    0xAA, 0xA7, 0xBA, 0x60, 0xD4, 0x3F, 0xA1, 0x4D, 0x90, 0x40, 0xFE, 0x5A, 0xA0, 0xF8, 0xBB, 0x80,
    0x79, 0x35, 0x60, 0xDF, 0x12, 0x70, 0x45, 0x60, 0x5D, 0x84, 0x6C, 0x2A, 0x82, 0xA6, 0xAA, 0x2F,
    0x82, 0xE9, 0x74, 0x00, 0x8A, 0xB0, 0x4C, 0xD8, 0xFF, 0xD8, 0x8F, 0xBF, 0x47, 0xE6, 0x47, 0x63,
    0xB9, 0x06, 0x6D, 0x23, 0x1E, 0x30, 0x40, 0xD5, 0x1F, 0x61, 0xFC, 0x35, 0xFC, 0xA5, 0x34, 0x46,
    0x64, 0x30, 0x63, 0x39, 0x5A, 0x4F, 0x7C, 0x03, 0x6C, 0x80, 0xC5, 0xF5, 0x98, 0x81, 0xD5, 0xFB,
    0x41, 0x74, 0xE4, 0x53, 0x7D, 0x69, 0x55, 0xB3, 0x3B, 0xC6, 0xFD, 0xB2, 0x87, 0xD6, 0x53, 0x48,
    0x87, 0x1D, 0xA1, 0xD5, 0x7D, 0x63, 0x9E, 0xB5, 0x3D, 0xD8, 0x0E, 0x5C, 0x3B, 0xE1, 0x44, 0x9A,
    0x6D, 0x6F, 0xFB, 0x6D, 0xAA, 0xD9, 0x91, 0x8D, 0x11, 0xE2, 0x75, 0xAC, 0x61, 0x5A, 0x90, 0x8F,
    0x75, 0x53, 0x06, 0x73, 0x79, 0xDE, 0x17, 0xC9, 0x9E, 0xF3, 0x11, 0x11, 0x89, 0x0A, 0xC8, 0x27,
    0x28, 0x55, 0xD5, 0x43, 0xAD, 0xAA, 0x1C, 0xC3, 0x8C, 0x57, 0xC3, 0x59, 0x0E, 0xB7, 0x3A, 0xD7,
    0x1D, 0x03, 0xA8, 0x9B, 0x19, 0x1C, 0xE1, 0x8E, 0xD0, 0xF8, 0x0B, 0x11, 0x6F, 0xC6, 0xCF, 0x0B,
    0x75, 0x97, 0x8F, 0x0E, 0xA6, 0x84, 0xA8, 0x65, 0xDD, 0xE4, 0xA3, 0x19, 0xAA, 0x90, 0xEA, 0xBB,
    0x3C, 0xC1, 0xA4, 0xB1, 0xD2, 0x31, 0xD3, 0x09, 0x7C, 0x6B, 0x92, 0x2F, 0x36, 0x57, 0xE3, 0x39,
    0x96, 0x22, 0xBD, 0xEA, 0xD2, 0x5E, 0x92, 0xDE, 0xB1, 0x97, 0xE7, 0xDE, 0x35, 0xA5, 0xCE, 0xC5,
    0x10, 0xE1, 0xBD, 0xFA, 0x9D, 0xBE, 0xC7, 0x54, 0x1F, 0x93, 0xDD, 0xA4, 0x1B, 0x22, 0xED, 0x3F,
    0x86, 0xAB, 0x4E, 0xB8, 0x86, 0x6C, 0x0F, 0xD5, 0x04, 0xDB, 0x01, 0x23, 0x0D, 0x66, 0x84, 0xF7,
    0x07, 0xE6, 0x45, 0x0F, 0xF3, 0xBB, 0x6D, 0x9C, 0x77, 0xDE, 0x36, 0xDC, 0x7A, 0x2C, 0x87, 0xEF,
    0xBE, 0xF0, 0x65, 0x63, 0xF8, 0x6C, 0x5E, 0x01, 0x80, 0x1C, 0xAD, 0x22, 0x13, 0xB0, 0x23, 0x6C,
    0xBB, 0x63, 0x1B, 0x9E, 0x72, 0x07, 0x6D, 0x0F, 0x02, 0x6C, 0x7B, 0xD0, 0xCF, 0x48, 0x07, 0x76,
    0x52, 0xF3, 0xE6, 0x68, 0x9F, 0x0B, 0x50, 0xA3, 0x2F, 0xF3, 0xC3, 0x73, 0x9E, 0xB9, 0x4A, 0xBD,
    0x19, 0x81, 0x93, 0xF7, 0x5E, 0xBD, 0x07, 0x28, 0xF4, 0x45, 0x5B, 0xD3, 0x56, 0x11, 0x28, 0xF7,
    0x68, 0x85, 0xCA, 0xD7, 0x23, 0xDA, 0x9C, 0xDA, 0xAB, 0xC0, 0x04, 0x74, 0x00, 0xDB, 0x4B, 0x2A,
    0x11, 0x5C, 0xDF, 0xFA, 0x27, 0x54, 0xFD, 0x4B, 0x14, 0x2A, 0x14, 0xD0, 0x72, 0xDE, 0xB6, 0x4E,
    0x73, 0x23, 0x1F, 0xA1, 0x1C, 0xE6, 0x29, 0xD3, 0x80, 0x9B, 0xA3, 0x7E, 0x03, 0x00, 0xF3, 0xEE,
    0xE6, 0x15, 0xC7, 0xF7, 0xF9, 0xD9, 0xCA, 0xB7, 0xA2, 0x8D, 0x44, 0x0D, 0x2E, 0x05, 0x91, 0xEF,
    0xC0, 0xF6, 0x65, 0xA8, 0xA7, 0x22, 0x98, 0x77, 0x89, 0x64, 0xB1, 0x7E, 0x4B, 0x6F, 0xBB, 0x8D,
    0xCB, 0x28, 0xFC, 0x6A, 0x49, 0x62, 0xB7, 0xA6, 0x15, 0xEF, 0x62, 0x2E, 0xCA, 0xE5, 0x50, 0x24,
    0x36, 0xDD, 0x81, 0x9B, 0x64, 0x13, 0x0D, 0xA5, 0x8F, 0x6B, 0xD3, 0x99, 0x3F, 0x98, 0x56, 0xE5,
    0xE5, 0x85, 0x04, 0x97, 0xCB, 0x28, 0xBE, 0xEE, 0xDA, 0xEE, 0x47, 0x31, 0x3D, 0x40, 0x39, 0x29,
    0x67, 0xD2, 0xE9, 0x82, 0x72, 0x22, 0x3D, 0xBC, 0x2C, 0xCF, 0x38, 0x3D, 0x17, 0x4A, 0xA2, 0x26,
    0x4A, 0xB9, 0x74, 0x50, 0xFC, 0xA7, 0x87, 0xF2, 0x2F, 0x75, 0x98, 0x5E, 0xD5, 0x6E, 0x7E, 0x5D,
    0x00, 0xFB, 0xE6, 0x11, 0x1C, 0x93, 0x52, 0x84, 0x25, 0x1B, 0x88, 0xAC, 0x94, 0x74, 0xED, 0xEA,
    0x89, 0xE9, 0x3D, 0x3F, 0xF6, 0xD3, 0x5D, 0x21, 0x22, 0xBE, 0x4A, 0xD4, 0x1B, 0x4F, 0x39, 0x24,
    0x2A, 0x42, 0xDD, 0x51, 0x8C, 0x3A, 0xE5, 0x62, 0x0B, 0x44, 0x91, 0x4B, 0x44, 0x84, 0x98, 0xB5,
    0x3E, 0x52, 0x0D, 0x31, 0x99, 0x5C, 0xC3, 0x10, 0xA9, 0xFA, 0x48, 0xDB, 0x89, 0xEC, 0xD4, 0xAE,
    0x89, 0xD4, 0x6A, 0x33, 0x46, 0x98, 0x6E, 0x4D, 0xF3, 0xE9, 0xF8, 0xFD, 0xF3, 0x82, 0xB6, 0x2A,
    0xF2, 0x4C, 0xBB, 0xF6, 0xAD, 0xD0, 0x26, 0xCF, 0x7C, 0xFF, 0xA6, 0x6D, 0x57, 0x05, 0x8C, 0xB7,
    0x9E, 0x1C, 0x07, 0xB0, 0x50, 0xDA, 0x28, 0xAD, 0x95, 0xE2, 0xFB, 0xA2, 0xF5, 0x6C, 0x37, 0x7B,
    0x38, 0x25, 0x55, 0xA1, 0x1A, 0x30, 0xFE, 0xA0, 0xAC, 0x6D, 0x1C, 0x5B, 0xD3, 0x66, 0xD1, 0xF6,
    0xD1, 0x40, 0x12, 0xE5, 0x31, 0x11, 0x17, 0x4A, 0x4E, 0xA9, 0x6E, 0x12, 0x59, 0x25, 0xD3, 0x9D,
    0xC8, 0xDF, 0xA4, 0x4E, 0x4D, 0x94, 0xD4, 0x8E, 0xFA, 0xE4, 0xBB, 0x61, 0xD6, 0x3B, 0x0F, 0xE8,
    0x8C, 0x4F, 0xF4, 0x4F, 0xE8, 0x5B, 0x50, 0x44, 0xE0, 0x2E, 0x68, 0x54, 0x8A, 0x08, 0x3C, 0xC0,
    0x36, 0x5C, 0xC7, 0x03, 0x7D, 0x06, 0x45, 0x04, 0x1E, 0x02, 0x5E, 0x96, 0x01, 0x5A, 0xD9, 0xEB,
    0xE8, 0xB4, 0xBE, 0x0A, 0x94, 0x3A, 0x4D, 0xB2, 0xE6, 0xBE, 0xD1, 0xA9, 0x25, 0xCC, 0x44, 0x11,
    0xD6, 0x4A, 0x1B, 0xA5, 0x95, 0x92, 0x53, 0xB2, 0x3E, 0x91, 0xEA, 0x85, 0x22, 0x8D, 0x4E, 0x60,
    0x2B, 0xFB, 0x40, 0x29, 0xDF, 0xAA, 0x1E, 0xC6, 0x3F, 0x8A, 0x4E, 0xA7, 0xA8, 0xF9, 0xDB, 0xE3,
    0xE9, 0xF9, 0x0F, 0xB8, 0xC7, 0xE7, 0x05, 0x2C, 0x3F, 0x90, 0xF8, 0xA4, 0x9C, 0x5A, 0x09, 0xD5,
    0xBE, 0x89, 0xB0, 0x23, 0x52, 0x4C, 0x89, 0xAA, 0x90, 0xA8, 0xF6, 0x89, 0x5A, 0x88, 0xD9, 0x2E,
    0x51, 0x31, 0x26, 0x32, 0xC3, 0x7C, 0x86, 0x8E, 0xDB, 0x06, 0x76, 0xE2, 0x41, 0x64, 0x00, 0xF9,
    0xC3, 0x11, 0xE4, 0xCD, 0x11, 0xF6, 0x29, 0x1D, 0xDD, 0x66, 0x01, 0xD3, 0x27, 0x2A, 0x55, 0x2F,
    0x9F, 0x98, 0xDB, 0xA0, 0x55, 0xAA, 0xBB, 0x44, 0xBC, 0x68, 0x88, 0xC8, 0xA4, 0xD8, 0x03, 0xB5,
    0x17, 0xC0, 0x79, 0x69, 0xA0, 0xF5, 0xD2, 0xC1, 0xD6, 0x1F, 0x62, 0xF6, 0xD2, 0x93, 0x25, 0x0E,
    0x14, 0xE2, 0x77, 0x89, 0xFF, 0xD6, 0xC7, 0x89, 0xEA, 0xF7, 0x7C, 0x5C, 0x63, 0xBE, 0xC5, 0xC7,
    0x25, 0xF6, 0x9D, 0x3E, 0x2E, 0xA8, 0x8D, 0x8F, 0x35, 0x8B, 0xC4, 0xA6, 0x79, 0xAA, 0x7C, 0xC8,
    0xA5, 0x1F, 0x13, 0x17, 0x7F, 0x10, 0x12, 0xE7, 0xFF, 0x3D, 0x24, 0xCE, 0x5E, 0xEB, 0x13, 0x23,
    0x5E, 0x79, 0xDB, 0x29, 0x3B, 0x5E, 0xE7, 0x1D, 0x89, 0x04, 0xA5, 0x4E, 0xC9, 0x2B, 0x85, 0x44,
    0xFB, 0x51, 0x6D, 0xA2, 0xD2, 0x4A, 0xC9, 0x35, 0x07, 0xFD, 0x44, 0x95, 0x8A, 0x16, 0x41, 0x95,
    0x63, 0x22, 0x36, 0x4A, 0x4E, 0xC9, 0xA6, 0xE8, 0x30, 0x29, 0x5C, 0x8D, 0x3C, 0x92, 0x2B, 0xA1,
    0x44, 0xAB, 0x54, 0x2B, 0x19, 0xFF, 0x9C, 0xBD, 0xAA, 0x3F, 0xCC, 0x63, 0xDD, 0x2A, 0x27, 0x07,
    0xC4, 0x0D, 0xC7, 0xF3, 0x2F, 0xAB, 0x08, 0x2C, 0x94, 0xDC, 0x4D, 0x5A, 0x1C, 0x6A, 0x0F, 0x76,
    0x0B, 0x20, 0x1E, 0x7C, 0x0F, 0x2A, 0x07, 0xBD, 0x83, 0x32, 0xDB, 0xAB, 0xBD, 0xEA, 0x72, 0xDE,
    0x52, 0xCF, 0x7B, 0x1D, 0xF0, 0x48, 0x7E, 0x6B, 0x5B, 0xD5, 0xF7, 0x6C, 0x3C, 0x6E, 0xC5, 0xB6,
    0x57, 0x5B, 0x91, 0xE9, 0x81, 0x8B, 0xFB, 0x76, 0x77, 0x6C, 0x6F, 0x6E, 0x76, 0x67, 0x79, 0x7F,
    0x77, 0xE2, 0xA9, 0x3B, 0x2B, 0x20, 0x3A, 0xC8, 0xE2, 0xE1, 0xF7, 0xC3, 0x0C, 0x54, 0xA1, 0xDC,
    0xD1, 0xFA, 0x4C, 0x44, 0xA0, 0x96, 0x09, 0xB2, 0x6D, 0x0F, 0x54, 0xF2, 0x9D, 0x40, 0x1B, 0x81,
    0x4C, 0xD5, 0xD1, 0x3D, 0x39, 0x41, 0x3A, 0xDD, 0x37, 0x8F, 0x3F, 0x11, 0xD9, 0xFB, 0xE8, 0xE3,
    0xB9, 0xF6, 0x11, 0x91, 0x48, 0xCC, 0xF6, 0x44, 0x5C, 0x13, 0xD1, 0xF1, 0x31, 0xF3, 0x4F, 0x53,
    0xF9, 0xBA, 0xFF, 0xEC, 0xCB, 0xC5, 0xD5, 0xE9, 0xCE, 0x86, 0xFA, 0x78, 0xA1, 0x6F, 0x12, 0x50,
    0xD4, 0xF3, 0x85, 0xBE, 0x94, 0x06, 0x64, 0x04, 0xBB, 0x87, 0x4C, 0x5E, 0xBF, 0xD0, 0x4F, 0xD7,
    0x2F, 0xF4, 0x9F, 0x0A, 0x93, 0xDE, 0x24, 0xDC, 0xE5, 0xE7, 0x0D, 0x7A, 0xB3, 0x60, 0x3B, 0xDD,
    0x7F, 0x83, 0x7B, 0xF1, 0x14, 0xC1, 0xF8, 0x17, 0x46, 0xF3, 0x0F, 0xD9, 0x06, 0xEA, 0xC6, 0x81,
    0xA3, 0xEE, 0xD8, 0x63, 0xC6, 0xB3, 0x48, 0x21, 0x32, 0xA0, 0xD7, 0x72, 0x5A, 0x60, 0xE7, 0x9A,
    0xE3, 0xC8, 0xE6, 0x93, 0xF1, 0x3A, 0xBC, 0xBD, 0x4E, 0xD9, 0x81, 0x6A, 0x28, 0x74, 0xD5, 0x15,
    0x63, 0xA2, 0x6C, 0x52, 0xF7, 0x88, 0x83, 0x9D, 0xD2, 0x8A, 0x0B, 0x70, 0xC4, 0x99, 0xEC, 0xD7,
    0x8E, 0xA0, 0xD7, 0x18, 0x2A, 0xA5, 0xF2, 0x1F, 0x7B, 0x74, 0xBD, 0x41, 0x2E, 0xDD, 0x7C, 0xA6,
    0x44, 0x00, 0xD4, 0xAB, 0x61, 0x4F, 0x3E, 0xA5, 0x42, 0x28, 0xC6, 0xBA, 0xCB, 0x04, 0xFD, 0xD1,
    0xC8, 0xA5, 0xD1, 0x05, 0x5C, 0x48, 0x57, 0x6A, 0xF1, 0xB7, 0xBE, 0x1A, 0xAA, 0xBE, 0xFC, 0x2D,
    0x5F, 0xF5, 0xE9, 0xE5, 0xD5, 0xDE, 0xF8, 0x72, 0x30, 0x5F, 0x37, 0x18, 0x9F, 0x8C, 0xDE, 0x1C,
    0xB4, 0xB0, 0x59, 0xB0, 0x5D, 0x1E, 0x6A, 0xC6, 0x34, 0xF4, 0xE3, 0x82, 0xC9, 0xC1, 0xB4, 0x64,
    0xED, 0x20, 0xAE, 0x79, 0xBA, 0x80, 0x18, 0x79, 0xB2, 0x82, 0xF5, 0xC4, 0x62, 0x09, 0xAB, 0x91,
    0x7A, 0x0D, 0x2E, 0x60, 0x35, 0xEC, 0x01, 0x33, 0x81, 0xEB, 0x31, 0x23, 0xD4, 0x9E, 0x6A, 0x84,
    0xC3, 0x62, 0xD5, 0x00, 0x4D, 0xAF, 0xD7, 0x3C, 0x6F, 0x7A, 0x1C, 0x65, 0x60, 0x4F, 0x31, 0x65,
    0x71, 0xDE, 0xD4, 0x2F, 0xCA, 0x01, 0x9C, 0xF1, 0x60, 0xFF, 0xB3, 0x83, 0x4A, 0x80, 0x62, 0xA7,
    0x14, 0x81, 0x72, 0x0F, 0x18, 0x69, 0xA0, 0xFE, 0x6E, 0x0F, 0xAD, 0xE9, 0x61, 0x57, 0x04, 0xF2,
    0x98, 0x4F, 0x24, 0xF7, 0x1D, 0xD5, 0x40, 0xAB, 0x2D, 0xB9, 0xCE, 0x75, 0xA9, 0xDC, 0x92, 0xBE,
    0x38, 0x28, 0x43, 0xDD, 0x61, 0x74, 0x99, 0x5A, 0x9F, 0x4C, 0x5C, 0x93, 0x9C, 0x5A, 0xB2, 0x89,
    0x1D, 0x44, 0x6D, 0x7C, 0x55, 0x04, 0x70, 0xE5, 0x80, 0xEE, 0x69, 0x60, 0xB4, 0xF1, 0x52, 0x98,
    0xCF, 0xDA, 0xC4, 0x47, 0x92, 0x13, 0x91, 0x23, 0x01, 0x3B, 0xE6, 0x8B, 0xAC, 0xB6, 0x81, 0xC6,
    0xAC, 0x11, 0x82, 0x9B, 0xC7, 0x0C, 0x0D, 0x40, 0xC3, 0xD7, 0x60, 0x4F, 0x95, 0x0D, 0xB0, 0x65,
    0xD6, 0x2C, 0xD4, 0xBD, 0x3C, 0xB9, 0xD7, 0x1D, 0xD0, 0x36, 0x70, 0x6D, 0x21, 0xC9, 0x5E, 0xF6,
    0x91, 0xC7, 0x24, 0xF5, 0x58, 0x03, 0x0B, 0xA0, 0x06, 0x4C, 0x07, 0x95, 0x87, 0x62, 0x80, 0x3C,
    0x00, 0x13, 0xF0, 0x62, 0x0C, 0x3E, 0x6D, 0x2B, 0x5B, 0xC1, 0x3D, 0x26, 0xA9, 0x87, 0x8A, 0xCC,
    0x9D, 0xAF, 0x22, 0x60, 0x2E, 0x00, 0x5B, 0x03, 0x0B, 0xD3, 0xC0, 0xD2, 0x78, 0x88, 0x65, 0x0F,
    0x63, 0x31, 0x24, 0xDB, 0x2C, 0x90, 0xCA, 0x49, 0x43, 0x58, 0x6B, 0x2C, 0x0B, 0x6C, 0x83, 0x8A,
    0xA5, 0x72, 0x09, 0x6A, 0x8D, 0x48, 0x4C, 0x79, 0x89, 0xC3, 0x34, 0x95, 0x2F, 0xFA, 0x6C, 0x7B,
    0x89, 0x11, 0xC1, 0x7D, 0x6B, 0xEB, 0x5F, 0xA1, 0xEA, 0x99, 0xEF, 0x43, 0x8A, 0x5C, 0x24, 0xD8,
    0x84, 0xB6, 0x2B, 0xC2, 0xEE, 0x74, 0x70, 0x2F, 0xD3, 0xBB, 0x09, 0xED, 0xB7, 0x6D, 0x53, 0xDD,
    0x7F, 0x25, 0x9B, 0x37, 0x05, 0x07, 0xDC, 0x89, 0x6A, 0x8F, 0x73, 0xD2, 0xBB, 0x67, 0x67, 0xC1,
    0x79, 0xBD, 0xAF, 0x12, 0x1D, 0xAC, 0x12, 0x16, 0x09, 0x6E, 0xC6, 0x62, 0xC6, 0x52, 0xEB, 0x93,
    0xDD, 0xB4, 0x48, 0xF6, 0x8B, 0x56, 0xFC, 0xA2, 0xDA, 0xC1, 0xF9, 0x84, 0xDE, 0xA5, 0xCD, 0x68,
    0x07, 0xD7, 0xE5, 0x43, 0x0B, 0xCD, 0x06, 0x88, 0xCF, 0x81, 0x7E, 0xD7, 0x7A, 0xB5, 0x53, 0x7B,
    0xF5, 0x53, 0x7F, 0x20, 0xDE, 0x89, 0x6D, 0x1F, 0x4B, 0x89, 0x7A, 0x97, 0xD6, 0x3B, 0xF5, 0xE1,
    0x6E, 0xBD, 0x86, 0x18, 0x9F, 0x83, 0xCD, 0xB5, 0xBB, 0xB7, 0x49, 0xF6, 0xC9, 0x6F, 0x9D, 0xFC,
    0xD7, 0xD4, 0xCF, 0xC8, 0xF4, 0x6A, 0x34, 0x9E, 0x05, 0xEB, 0xB3, 0xE8, 0x60, 0xBD, 0x80, 0xC5,
    0x32, 0xA1, 0x15, 0x11, 0xC5, 0x0A, 0x50, 0x38, 0x45, 0xC3, 0x07, 0x5A, 0xCF, 0xAF, 0x54, 0xCF,
    0xCE, 0xA6, 0x5C, 0x64, 0xA0, 0xDE, 0x81, 0x1D, 0x90, 0x29, 0xDB, 0x7D, 0x6C, 0x11, 0x38, 0x65,
    0x91, 0x90, 0xB2, 0xBE, 0x3F, 0x38, 0x6B, 0x3C, 0x1A, 0xD7, 0xB1, 0x3F, 0x45, 0x5C, 0x91, 0xC5,
    0xCD, 0x9D, 0xFD, 0xC9, 0xD4, 0x6E, 0xEE, 0xCF, 0x2E, 0xB2, 0x1D, 0x6E, 0xFD, 0xE7, 0x55, 0x86,
    0x37, 0x7E, 0xCE, 0x79, 0x5F, 0x8B, 0x34, 0xF9, 0x76, 0xE4, 0x07, 0x80, 0x78, 0x17, 0xCE, 0x9E,
    0x11, 0x45, 0x3A, 0x49, 0x63, 0x20, 0x5D, 0x11, 0x24, 0x69, 0xEC, 0xE6, 0x53, 0xC8, 0x43, 0x71,
    0xFC, 0x9F, 0xC2, 0xDD, 0x7E, 0x58, 0x22, 0x48, 0x62, 0x00, 0xF7, 0x80, 0xB4, 0x60, 0xF3, 0x72,
    0x94, 0x51, 0xBA, 0x7B, 0x83, 0xC6, 0xFA, 0x48, 0x4B, 0xCC, 0x22, 0xB1, 0x0C, 0x44, 0xEB, 0x89,
    0x2D, 0xC4, 0x1D, 0x88, 0x28, 0x1A, 0xE4, 0x9D, 0x9E, 0x9D, 0xD6, 0x15, 0x23, 0x51, 0x13, 0xAB,
    0x04, 0xD7, 0x5C, 0x1D, 0x27, 0x1E, 0x9E, 0xF6, 0x1F, 0xD8, 0x8E, 0x76, 0x78, 0x52, 0x4D, 0x6C,
    0x7B, 0x9E, 0x38, 0x79, 0x87, 0x44, 0x16, 0xD3, 0xF9, 0xEF, 0x7D, 0xCD, 0x1E, 0xE7, 0x2B, 0x55,
    0x75, 0x4D, 0x31, 0x61, 0x3B, 0x47, 0x11, 0x30, 0x73, 0xE1, 0x5F, 0x4C, 0xB1, 0x78, 0x79, 0x8F,
    0xAB, 0xC5, 0xBB, 0x5F, 0x4D, 0x2B, 0xB3, 0xCF, 0x47, 0xD7, 0x31, 0x39, 0x88, 0x8F, 0xC1, 0x8D,
    0x73, 0x52, 0x97, 0x1F, 0xFC, 0x37, 0xB0, 0x8A, 0xE0, 0x6E, 0x43, 0xBF, 0x6B, 0xBD, 0xDA, 0xA9,
    0xBD, 0xFA, 0xA9, 0xFF, 0x68, 0x27, 0xFE, 0x47, 0xA4, 0xF9, 0xBF, 0xCB, 0xF3, 0x5E, 0x74, 0x87,
    0xB9, 0x71, 0x5E, 0xBD, 0x8D, 0x6C, 0xD2, 0x7A, 0xB5, 0x93, 0xCB, 0x73, 0xBF, 0x13, 0x21, 0xD6,
    0x77, 0x9F, 0x5D, 0x75, 0xD0, 0xE7, 0xD5, 0x10, 0xAF, 0xAF, 0x86, 0xF5, 0xBD, 0xAB, 0xE1, 0xB4,
    0xBA, 0x4F, 0xAB, 0xE1, 0x0E, 0x7C, 0xF9, 0xA2, 0x0C, 0xAE, 0x0E, 0x6E, 0x83, 0x0B, 0x38, 0x8F,
    0x6B, 0x70, 0xDC, 0x93, 0x33, 0xE9, 0x8C, 0x8C, 0xF5, 0xEF, 0xAF, 0x1D, 0x9F, 0xA8, 0x5F, 0x3A,
    0xEC, 0x48, 0x29, 0x0D, 0x6D, 0x2A, 0x22, 0x5C, 0x1C, 0x0D, 0x3F, 0x86, 0xD6, 0xBD, 0x79, 0x67,
    0x65, 0xCC, 0xA5, 0x03, 0xF2, 0x1B, 0x2B, 0x7D, 0xDE, 0xD5, 0xEF, 0xDF, 0x13, 0x46, 0xB2, 0xDD,
    0x4B, 0x6C, 0x77, 0xD8, 0xA8, 0x9B, 0xF9, 0xC3, 0x51, 0x86, 0x35, 0x55, 0x58, 0x61, 0x83, 0xFB,
    0xB6, 0x5F, 0x0F, 0x46, 0xDE, 0x1D, 0xD2, 0xE1, 0x3F, 0x2C, 0x61, 0x73, 0x18, 0x4E, 0x98, 0x6C,
    0x97, 0x8F, 0x7A, 0x72, 0xAA, 0x7C, 0x31, 0x14, 0x43, 0xE2, 0x60, 0x7C, 0x16, 0x6C, 0xC3, 0x54,
    0x1F, 0xB7, 0xC0, 0xA5, 0x6E, 0x81, 0x6B, 0xA8, 0x27, 0x30, 0xE1, 0x88, 0xB2, 0x67, 0x83, 0xED,
    0xF4, 0x86, 0x5F, 0xFB, 0x72, 0x70, 0x3A, 0xE5, 0xFB, 0xC4, 0xBD, 0xF1, 0x75, 0xF3, 0x95, 0x83,
    0xF1, 0xB6, 0x19, 0x83, 0xE9, 0x4C, 0x17, 0x46, 0xDB, 0x98, 0x77, 0x85, 0x5F, 0xA9, 0xA9, 0x7E,
    0x63, 0x78, 0xEA, 0x28, 0xFF, 0xB0, 0x7F, 0x65, 0x41, 0xF1, 0x87, 0xFE, 0xB3, 0x9E, 0x50, 0xFC,
    0x6B, 0x67, 0x9F, 0x92, 0x4B, 0x63, 0xD6, 0x64, 0x82, 0x99, 0x40, 0xA8, 0x46, 0xD8, 0x53, 0x06,
    0x58, 0x1F, 0x8F, 0x5D, 0x1A, 0x8F, 0x9E, 0xFA, 0x34, 0xC6, 0xBA, 0xC9, 0xA6, 0x15, 0xAC, 0x23,
    0xB8, 0x11, 0xEC, 0x00, 0xA6, 0x87, 0x3A, 0xC0, 0x6A, 0xD2, 0xE1, 0x27, 0x1F, 0x1D, 0xE5, 0x60,
    0xBB, 0xE4, 0xD3, 0xD7, 0xC9, 0xB7, 0x25, 0x57, 0x8F, 0xE8, 0x52, 0x4D, 0xAD, 0x5A, 0x5D, 0x91,
    0xA2, 0x2B, 0xFB, 0xF2, 0xA0, 0x67, 0xBA, 0x7C, 0xEE, 0x29, 0x71, 0x01, 0x4F, 0x9F, 0x3E, 0xB7,
    0xA7, 0x54, 0xF3, 0x5F, 0xCA, 0x35, 0xB0, 0x82, 0x3C, 0x82, 0x04, 0x90, 0x0E, 0xB8, 0xF6, 0x2F,
    0x0E, 0xB8, 0x46, 0x0D, 0x20, 0xA2, 0xB1, 0x53, 0xBD, 0xFE, 0x3F, 0x38, 0xB0, 0x86, 0x6C, 0x84,
    0x42, 0x43, 0xF6, 0xB3, 0xD4, 0x75, 0xDF, 0x6D, 0x21, 0x7A, 0x5F, 0xBD, 0x95, 0xBA, 0xB6, 0xD9,
    0xB1, 0xA7, 0x6E, 0x6E, 0xD7, 0x54, 0x7D, 0x21, 0x99, 0x40, 0xBC, 0xE3, 0xF9, 0x81, 0x3D, 0xA2,
    0x86, 0x43, 0x11, 0x6E, 0xA6, 0x7C, 0x62, 0xCB, 0x36, 0x9F, 0x6E, 0x7D, 0x1F, 0xAA, 0x41, 0xBC,
    0x00, 0x00, 0x66, 0xC2, 0x39, 0x69, 0xDC, 0x45, 0x75, 0xB9, 0x8F, 0x6C, 0x63, 0xE4, 0x6C, 0xF8,
    0x7F, 0xC5, 0x99, 0x01, 0xA4, 0x2D, 0x49, 0x7E, 0xC6, 0x7F, 0x5D, 0xB5, 0x7B, 0x7B, 0x33, 0x9D,
    0x4C, 0x0D, 0x9E, 0xD8, 0xE4, 0xB1, 0x15, 0x04, 0x11, 0xE3, 0xF6, 0x0D, 0x83, 0xC1, 0xBD, 0xA7,
    0xFA, 0x4E, 0xD8, 0x01, 0x18, 0x00, 0x20, 0x8B, 0x41, 0x40, 0x5E, 0x10, 0x0C, 0xEE, 0x3D, 0xDD,
    0x11, 0x40, 0x30, 0x6F, 0x08, 0x01, 0x78, 0x08, 0x58, 0x98, 0x21, 0x0F, 0x77, 0xED, 0x39, 0xEF,
    0xD4, 0x5A, 0x04, 0x90, 0xDE, 0x15, 0x06, 0xC1, 0x76, 0x36, 0x4F, 0x82, 0x60, 0xCA, 0x6E, 0x87,
    0x7E, 0xB3, 0x75, 0xCE, 0x3F, 0x5D, 0xDD, 0xC7, 0x7D, 0xE7, 0xCD, 0x9D, 0x9D, 0x37, 0x2F, 0xAE,
    0xB9, 0x75, 0xFA, 0xFB, 0xBE, 0xD3, 0x55, 0xFF, 0xFA, 0xD7, 0x57, 0x4D, 0x77, 0x57, 0x77, 0xD7,
    0x88, 0x17, 0xEF, 0x00, 0x70, 0x2F, 0xFD, 0xA1, 0xFD, 0x73, 0xD4, 0x5B, 0xB4, 0x88, 0x37, 0x5D,
    0x11, 0x5C, 0x45, 0xB7, 0x04, 0xD6, 0x40, 0xBC, 0x09, 0xD6, 0xC0, 0x12, 0x48, 0x71, 0x29, 0x3E,
    0xF5, 0xA3, 0xDE, 0xBD, 0x98, 0x2F, 0xDF, 0x55, 0x38, 0x09, 0xEC, 0xBE, 0xDF, 0xA9, 0x01, 0x74,
    0xB8, 0x09, 0x95, 0xD0, 0x83, 0x13, 0x49, 0xB8, 0x31, 0x50, 0xB6, 0xEF, 0x67, 0x3A, 0x70, 0x1E,
    0x44, 0x24, 0x24, 0x00, 0xF0, 0xFA, 0x91, 0x3C, 0xFC, 0xC4, 0x8D, 0xBB, 0xD1, 0xC8, 0xB9, 0xF4,
    0x79, 0x8F, 0x6D, 0x4D, 0x4B, 0x1E, 0x6C, 0x83, 0xEA, 0xCB, 0x8A, 0x6C, 0x70, 0x40, 0xFC, 0x02,
    0x95, 0x29, 0xED, 0x14, 0x32, 0x05, 0xCF, 0xDD, 0x76, 0xE7, 0x9B, 0x30, 0xA5, 0x9A, 0x92, 0x02,
    0x50, 0x83, 0xEE, 0xCB, 0x86, 0xA2, 0x33, 0x1E, 0xEB, 0x8B, 0x0E, 0xD7, 0xE8, 0x40, 0x9D, 0x4C,
    0x6D, 0x61, 0x9B, 0x45, 0xA8, 0x75, 0x32, 0xFF, 0x6E, 0x07, 0xE6, 0x5F, 0x3D, 0x14, 0xD2, 0x60,
    0x44, 0xC4, 0x4F, 0x04, 0x11, 0xAE, 0xE9, 0x66, 0xC3, 0x4D, 0x8A, 0x87, 0x85, 0x2F, 0xEE, 0x3F,
    0x78, 0x86, 0x16, 0x69, 0xCC, 0xD3, 0xBF, 0x08, 0x65, 0x95, 0x05, 0x07, 0x95, 0x03, 0x5C, 0x05,
    0xB6, 0x85, 0x62, 0x0B, 0x46, 0x5A, 0xCA, 0x07, 0x3B, 0x5C, 0x26, 0xDE, 0x61, 0x43, 0xD9, 0xA8,
    0xC1, 0x0C, 0x44, 0x2D, 0x4D, 0xA4, 0x1E, 0x06, 0x72, 0x09, 0x50, 0x06, 0xC8, 0x7B, 0x20, 0x26,
    0x7C, 0x07, 0xA2, 0x4B, 0xC7, 0xEA, 0xE9, 0xFD, 0x50, 0x24, 0x77, 0xF5, 0x33, 0xAE, 0x54, 0x17,
    0x75, 0x18, 0x19, 0x00, 0xC8, 0x36, 0xBB, 0x34, 0x8A, 0x48, 0x0F, 0x9B, 0x87, 0x47, 0x3B, 0xF4,
    0x40, 0x3A, 0x26, 0x2D, 0xE8, 0xCE, 0x52, 0x0E, 0xF4, 0x67, 0x88, 0x70, 0x71, 0xA1, 0x7B, 0xCB,
    0xD9, 0xE3, 0xDC, 0x67, 0x7C, 0x2F, 0x14, 0x0D, 0x98, 0x60, 0xF8, 0x52, 0xFE, 0x24, 0xB5, 0xBE,
    0x3E, 0x45, 0x1E, 0x9F, 0xA6, 0x5E, 0xA7, 0x0B, 0x44, 0x58, 0x99, 0xAA, 0x1C, 0xB2, 0x90, 0x32,
    0xE7, 0x9D, 0x1A, 0xA0, 0x6C, 0xD8, 0xFC, 0xC3, 0xEF, 0xEF, 0xC0, 0x88, 0x04, 0x60, 0xB3, 0x83,
    0xFC, 0x19, 0xA5, 0x54, 0xA7, 0xD6, 0x63, 0x3C, 0x85, 0xB7, 0xE2, 0x37, 0xE2, 0xB7, 0x85, 0x1F,
    0x8C, 0x5F, 0x59, 0x5F, 0xFE, 0xB7, 0x07, 0x70, 0x6A, 0x60, 0x9D, 0x72, 0x18, 0x9F, 0x07, 0x87,
    0xF1, 0xDB, 0xA9, 0xEA, 0x89, 0x0E, 0x93, 0xA6, 0xFD, 0x54, 0x9F, 0xDA, 0x53, 0xDC, 0x54, 0x09,
    0x20, 0x63, 0x09, 0x13, 0x01, 0xFA, 0xE5, 0x24, 0xE2, 0xC7, 0x8D, 0x07, 0x4F, 0xD1, 0xFF, 0xF6,
    0x57, 0xBC, 0xEE, 0x7E, 0xDD, 0xBC, 0x79, 0xF2, 0x66, 0xFB, 0xD6, 0xC9, 0xEF, 0x3E, 0x3A, 0x39,
    0x79, 0xF3, 0xAF, 0x4F, 0x5C, 0x7F, 0x72, 0xF2, 0x67, 0xDD, 0xC9, 0x5B, 0x27, 0x9F, 0xFC, 0xE0,
    0x4F, 0x4E, 0xDE, 0x6A, 0x7F, 0x0F, 0xE5, 0xF3, 0x87, 0x16, 0x36, 0x03, 0xB0, 0x1F, 0x30, 0x8E,
    0x5B, 0x31, 0xE0, 0x84, 0xB5, 0xAD, 0x42, 0xDE, 0x04, 0xED, 0x47, 0x1E, 0xFF, 0x3B, 0xA1, 0x18,
    0x5E, 0xEE, 0x62, 0x36, 0xED, 0x27, 0x7A, 0x49, 0x30, 0xC0, 0xF5, 0x34, 0x67, 0x52, 0x52, 0x59,
    0x09, 0x0B, 0x35, 0xDC, 0x23, 0xC2, 0x8A, 0xC4, 0x03, 0x2A, 0x90, 0x77, 0x18, 0x8F, 0x83, 0x2D,
    0x3A, 0x9D, 0x25, 0x38, 0x91, 0x71, 0x3B, 0x92, 0xD1, 0x57, 0xB8, 0x54, 0xC3, 0x1B, 0x0C, 0xD0,
    0x93, 0x07, 0x25, 0x8D, 0x12, 0x4F, 0x1E, 0x60, 0x80, 0x08, 0xF1, 0x8F, 0x88, 0x6B, 0xDD, 0x3B,
    0xE9, 0xF2, 0x5D, 0x95, 0xB7, 0xA6, 0x29, 0x39, 0xE3, 0x8A, 0x88, 0x0E, 0xAF, 0x82, 0x2D, 0x45,
    0x10, 0x6C, 0x90, 0x9F, 0x6D, 0x82, 0xC8, 0xAF, 0x42, 0xDC, 0xFC, 0x6D, 0x88, 0xC0, 0x6F, 0x03,
    0xF7, 0x65, 0xF4, 0x22, 0xC1, 0x48, 0x08, 0x6E, 0x44, 0x3D, 0x62, 0x33, 0x42, 0xBE, 0x80, 0x7A,
    0xDF, 0x9E, 0xE2, 0xD4, 0x08, 0xEE, 0x8F, 0xE0, 0x55, 0xD0, 0x75, 0x97, 0x22, 0x97, 0x86, 0xEF,
    0x71, 0x86, 0x6B, 0xB3, 0x90, 0x05, 0xE9, 0x36, 0x15, 0x03, 0xC5, 0x40, 0x3D, 0xB0, 0x1E, 0x78,
    0x6F, 0x80, 0xDF, 0xBE, 0x39, 0xF1, 0xE3, 0xA6, 0x76, 0x58, 0x69, 0x9D, 0x0E, 0x2B, 0x86, 0x48,
    0xBC, 0xDE, 0xC6, 0xDD, 0xB1, 0x72, 0x6C, 0x1A, 0x03, 0x96, 0x3A, 0x50, 0x36, 0x11, 0xD3, 0x2E,
    0xD1, 0xA1, 0x6C, 0x88, 0xA6, 0x9D, 0x2A, 0xDD, 0xF9, 0x90, 0x34, 0xED, 0xA7, 0xFA, 0xD4, 0x9E,
    0xE2, 0x52, 0x95, 0x0A, 0x90, 0x05, 0x6C, 0x00, 0xDD, 0x51, 0x07, 0xC8, 0x3D, 0xFF, 0x1C, 0xC0,
    0x54, 0xE8, 0x00, 0x25, 0x93, 0x9C, 0xCD, 0x72, 0x35, 0x4B, 0x48, 0x92, 0xE2, 0x93, 0xE4, 0x5E,
    0xC5, 0x51, 0x4C, 0x95, 0x27, 0xB1, 0x98, 0xE8, 0x84, 0x33, 0x4E, 0x93, 0x5C, 0xF1, 0x41, 0x04,
    0x02, 0x21, 0x82, 0xEA, 0x74, 0x1B, 0x41, 0xFB, 0xBC, 0x89, 0x29, 0xBF, 0x21, 0x82, 0x65, 0x91,
    0xE4, 0x0C, 0x27, 0x02, 0x1F, 0xCC, 0x12, 0x80, 0x88, 0xEA, 0x26, 0xD1, 0x1E, 0x78, 0x8F, 0x1F,
    0x80, 0xAA, 0x28, 0x02, 0x14, 0x0D, 0x2E, 0x80, 0x81, 0x1F, 0xCF, 0xCE, 0xFE, 0x3C, 0xC0, 0xC5,
    0xEC, 0xAC, 0x9F, 0x24, 0xDB, 0x1B, 0x6C, 0x93, 0xA4, 0xF8, 0x24, 0x86, 0xB2, 0x1B, 0xE5, 0x38,
    0x93, 0xE4, 0xF3, 0x54, 0xFF, 0xC7, 0x6E, 0x94, 0x5E, 0x55, 0xCE, 0x49, 0x8A, 0x1F, 0x25, 0xC5,
    0x3B, 0xC8, 0x3D, 0x5C, 0x82, 0x01, 0x22, 0x1C, 0x83, 0x0A, 0x70, 0x0A, 0x79, 0x0B, 0x57, 0x60,
    0x1B, 0x08, 0xB0, 0x24, 0xE5, 0x57, 0xC3, 0x14, 0xAF, 0x45, 0x30, 0xD5, 0x24, 0x96, 0xC3, 0x52,
    0xEC, 0x80, 0xF7, 0xC1, 0x89, 0x87, 0x00, 0x57, 0x45, 0x87, 0xEA, 0xD8, 0x1F, 0x38, 0x20, 0xEF,
    0x52, 0x47, 0xB0, 0x1E, 0x0B, 0xE8, 0x1D, 0x9C, 0x25, 0x95, 0x8A, 0x15, 0x80, 0x6D, 0xE9, 0x99,
    0xE2, 0x55, 0x97, 0xC5, 0xA4, 0xB9, 0xD7, 0x91, 0x37, 0x74, 0x30, 0x4D, 0x11, 0xF9, 0x91, 0xED,
    0x2C, 0xAF, 0xC7, 0x94, 0x7F, 0xC1, 0x69, 0xA4, 0xD8, 0xB2, 0x9A, 0x8F, 0x39, 0x3D, 0x21, 0xA9,
    0x0A, 0xAA, 0x8D, 0x24, 0xF7, 0xBA, 0x49, 0x6A, 0xBC, 0xA9, 0x92, 0xDA, 0xCA, 0x88, 0x78, 0x58,
    0x30, 0xEB, 0x0A, 0x88, 0xC0, 0x30, 0xAB, 0x0A, 0xC0, 0x3D, 0xB8, 0x04, 0x64, 0x8F, 0x4B, 0x80,
    0xB9, 0x1A, 0x77, 0x80, 0xCB, 0x7D, 0x97, 0x1E, 0xF2, 0x0E, 0x8C, 0x3F, 0xAC, 0x3E, 0xC4, 0xEF,
    0xF0, 0x84, 0x12, 0xF7, 0x5F, 0x3B, 0xAC, 0x0C, 0x28, 0x69, 0xC0, 0x34, 0x40, 0xEE, 0x01, 0x1D,
    0x00, 0x7A, 0x80, 0x15, 0x2F, 0x94, 0x27, 0x00, 0x02, 0x64, 0x02, 0x73, 0x37, 0xFD, 0x99, 0x87,
    0xFC, 0xDF, 0x5B, 0x28, 0x7E, 0xDA, 0x81, 0xF9, 0xBB, 0x00, 0xF6, 0x9D, 0x1E, 0x1C, 0x43, 0xA2,
    0x08, 0x97, 0xAC, 0x21, 0xB2, 0x4C, 0xE4, 0x50, 0x03, 0x65, 0xA5, 0x3F, 0xFF, 0xE1, 0xC7, 0x8D,
    0x16, 0x11, 0x5F, 0x8C, 0xD4, 0x1A, 0x4F, 0xDE, 0x8D, 0x34, 0x9D, 0x2B, 0xBA, 0x77, 0x15, 0x59,
    0xAC, 0x0F, 0xA6, 0xAF, 0x5B, 0xC0, 0x78, 0xC0, 0x02, 0x2C, 0xEE, 0xDC, 0xD5, 0x25, 0x80, 0x00,
    0xFA, 0x7F, 0x9A, 0xFD, 0x18, 0x96, 0xFE, 0x8E, 0x5D, 0x15, 0xED, 0xDF, 0x80, 0x1D, 0x1E, 0xC3,
    0x59, 0x1D, 0xE0, 0xED, 0xA3, 0xE6, 0x6B, 0x1A, 0xF2, 0xEC, 0x0D, 0xFD, 0xF4, 0xFF, 0x6D, 0xC8,
    0x3E, 0x37, 0x04, 0xD9, 0x30, 0x1B, 0x3A, 0xE6, 0x6A, 0x9F, 0x25, 0xFD, 0x3B, 0x2C, 0xB3, 0x8D,
    0x8A, 0xBD, 0x0D, 0x49, 0x36, 0xA4, 0x85, 0xE2, 0xD3, 0xBD, 0x8D, 0x99, 0xCA, 0xF3, 0xBD, 0x8D,
    0x99, 0xD6, 0x7B, 0x1B, 0x33, 0xA9, 0x1E, 0xDB, 0x24, 0x2F, 0xFE, 0xDA, 0x4B, 0x37, 0xAD, 0x0E,
    0xA7, 0x83, 0x63, 0x1B, 0xD4, 0x7C, 0x70, 0x1C, 0x10, 0xA1, 0xAE, 0x80, 0xEC, 0x97, 0x2D, 0xA0,
    0x7D, 0x37, 0x71, 0x00, 0xD4, 0xCF, 0x5B, 0x80, 0x4D, 0xC3, 0x75, 0x71, 0xC0, 0x3E, 0x1E, 0x69,
    0x26, 0xF6, 0x80, 0xFA, 0xCD, 0xD4, 0xF7, 0xD7, 0x01, 0xC8, 0x7F, 0x9E, 0xB8, 0xF8, 0x49, 0x0F,
    0x18, 0x3F, 0x9F, 0xC5, 0x2B, 0xA0, 0x64, 0x09, 0xB8, 0xFD, 0x59, 0x57, 0x56, 0x10, 0xB1, 0x4D,
    0x62, 0xE3, 0x51, 0xBB, 0x1F, 0x7E, 0xDC, 0xA2, 0x93, 0xCF, 0x89, 0x03, 0x45, 0x8B, 0xEA, 0x53,
    0x53, 0x16, 0xB1, 0x1E, 0x22, 0x65, 0x03, 0x4F, 0x70, 0x40, 0x0D, 0xE4, 0x63, 0x54, 0x03, 0xC5,
    0x2C, 0x26, 0x02, 0x50, 0xCE, 0xB2, 0x98, 0x65, 0x35, 0x4B, 0x9C, 0x44, 0xF5, 0x93, 0xE8, 0x30,
    0x49, 0xD1, 0x4E, 0x62, 0xBC, 0xC8, 0x0E, 0x6C, 0x33, 0x89, 0x23, 0x02, 0x2C, 0x67, 0x89, 0x93,
    0x64, 0x93, 0x24, 0x4F, 0x49, 0xF2, 0x59, 0x4C, 0x4B, 0x12, 0xEB, 0x93, 0x24, 0x5F, 0x49, 0x1C,
    0x24, 0x2F, 0x4F, 0x66, 0x61, 0x5C, 0x77, 0x43, 0x2D, 0x5B, 0xD4, 0xB8, 0x16, 0x6F, 0x8A, 0x80,
    0xF1, 0xD6, 0xA3, 0x70, 0x00, 0x0B, 0x80, 0x4B, 0x80, 0x15, 0x40, 0xFC, 0x4A, 0x5A, 0xCF, 0xA6,
    0x00, 0x07, 0x30, 0x65, 0x31, 0x1D, 0xC6, 0xEB, 0x94, 0x99, 0x4D, 0xB2, 0x5E, 0x48, 0x07, 0x7C,
    0x00, 0xD0, 0x03, 0x48, 0x75, 0x7D, 0xC5, 0xF2, 0xA0, 0x3E, 0x6E, 0x40, 0xED, 0x40, 0x07, 0xC8,
    0x7A, 0x20, 0x02, 0x67, 0x80, 0x7D, 0x61, 0x01, 0x15, 0x12, 0x22, 0xF0, 0x15, 0x48, 0x71, 0x3E,
    0xE1, 0x65, 0x71, 0xF1, 0x20, 0x27, 0xAC, 0x81, 0x01, 0x54, 0x00, 0xDD, 0x42, 0xD1, 0x7C, 0x33,
    0xE3, 0xDA, 0x0A, 0x9C, 0x87, 0xCF, 0x03, 0x2A, 0xAC, 0xC8, 0xFD, 0xE2, 0x1B, 0x19, 0xB7, 0x68,
    0x8E, 0x31, 0xDE, 0x91, 0xF4, 0x9B, 0x18, 0xEF, 0x12, 0x87, 0xA9, 0x0A, 0xAF, 0x3D, 0x80, 0x0E,
    0xAF, 0xF2, 0x4B, 0x57, 0x4C, 0xCB, 0x82, 0x53, 0x00, 0xE2, 0x2B, 0xFD, 0x18, 0x50, 0x5B, 0xF2,
    0x5F, 0x60, 0xDE, 0xF5, 0xC7, 0xBA, 0x03, 0x00, 0xE2, 0x2D, 0x6C, 0xD7, 0x4F, 0x6C, 0xB7, 0x98,
    0x53, 0x8B, 0x3C, 0x4C, 0xB4, 0x45, 0x87, 0x6C, 0x53, 0xE9, 0x80, 0xF1, 0x23, 0xE5, 0x61, 0x24,
    0x95, 0x28, 0xEB, 0x47, 0x62, 0x48, 0x14, 0x9F, 0x93, 0x88, 0xEC, 0xE9, 0xB0, 0x61, 0x8E, 0x53,
    0xA9, 0x87, 0x0E, 0x29, 0x4B, 0x37, 0x92, 0xF5, 0x73, 0xE6, 0x69, 0x8C, 0x34, 0x1A, 0x65, 0xE6,
    0xA1, 0xFE, 0x4F, 0x0F, 0xFF, 0x2B, 0x0D, 0x74, 0xC7, 0x1C, 0x94, 0x2D, 0x18, 0x2F, 0x13, 0x35,
    0x89, 0x7C, 0xA2, 0xE4, 0x6A, 0xD7, 0x8F, 0x14, 0x63, 0xA2, 0x65, 0x22, 0x57, 0x8D, 0x64, 0xFC,
    0x48, 0x45, 0x37, 0x92, 0x0E, 0x23, 0x65, 0x71, 0x24, 0xD6, 0x89, 0x5C, 0x22, 0xFB, 0xE1, 0x48,
    0xE6, 0x17, 0x23, 0x69, 0x19, 0x49, 0x25, 0x62, 0xA2, 0x3A, 0x51, 0x99, 0xC8, 0x78, 0x5E, 0xAB,
    0x98, 0x14, 0xF2, 0x16, 0x50, 0x01, 0x60, 0x00, 0xF8, 0x63, 0x0E, 0xCB, 0xCD, 0xEB, 0x57, 0x3B,
    0xDD, 0xC8, 0xDC, 0xF5, 0x7B, 0x88, 0x35, 0xB0, 0x5E, 0x01, 0xCB, 0x08, 0x2C, 0x12, 0xB9, 0x17,
    0x69, 0x31, 0xB5, 0x4E, 0x71, 0x0B, 0x20, 0x4E, 0x7D, 0xA7, 0x2C, 0x53, 0x3E, 0xB5, 0xBF, 0x7E,
    0x6D, 0xF7, 0xA3, 0x91, 0x3D, 0x02, 0x74, 0x60, 0xEF, 0xCD, 0x34, 0x40, 0x09, 0xF0, 0xDD, 0x3B,
    0xB7, 0xB6, 0x66, 0x7F, 0x57, 0xCE, 0x3F, 0xF5, 0x60, 0xDE, 0x09, 0xF0, 0x07, 0xBC, 0x7F, 0xC7,
    0xAE, 0x8A, 0xF6, 0x6D, 0xB0, 0xC3, 0x07, 0x07, 0xAB, 0x9A, 0xBB, 0x35, 0x74, 0x73, 0x55, 0x73,
    0xB7, 0x86, 0xEE, 0xC1, 0x77, 0x58, 0xC1, 0x82, 0x1A, 0xB6, 0x58, 0xAF, 0x07, 0xF2, 0x60, 0x3A,
    0xB2, 0xE8, 0x1A, 0xA8, 0x77, 0x40, 0x39, 0x00, 0x26, 0x00, 0x65, 0x04, 0x9E, 0x6C, 0x40, 0xC5,
    0xD2, 0x53, 0x84, 0xA2, 0xA3, 0xF4, 0x6A, 0xA0, 0x86, 0x1D, 0x17, 0xB0, 0xE0, 0x0D, 0xF8, 0x16,
    0x80, 0xEE, 0xC6, 0xF4, 0xFF, 0xD8, 0x52, 0x8B, 0xF8, 0x34, 0xA4, 0x2F, 0x02, 0xAE, 0xB3, 0x9E,
    0xBA, 0x77, 0x15, 0xCF, 0xA2, 0x43, 0x85, 0xB8, 0x46, 0xB7, 0xEB, 0x15, 0x85, 0x5F, 0x46, 0x6C,
    0xB5, 0x88, 0x2C, 0x70, 0x91, 0x8B, 0x44, 0xC3, 0x48, 0x2A, 0xB0, 0x88, 0xBA, 0x65, 0xB9, 0x2E,
    0x3C, 0xEB, 0xA5, 0xA9, 0x88, 0xCE, 0xA5, 0xC9, 0x44, 0x74, 0x30, 0x03, 0xA6, 0x9D, 0xEE, 0xEF,
    0xD3, 0xB5, 0xA4, 0xF8, 0x17, 0x79, 0x88, 0xA9, 0x00, 0xDE, 0x07, 0x58, 0x03, 0x38, 0x38, 0x7C,
    0x34, 0xC9, 0x1A, 0x0E, 0x4A, 0x04, 0xE3, 0x6F, 0x8F, 0x9A, 0x08, 0xB6, 0x59, 0x43, 0x59, 0x39,
    0x70, 0x94, 0x0D, 0x3B, 0x4C, 0x7F, 0x7F, 0xBA, 0xA8, 0x76, 0xF0, 0x60, 0x07, 0x70, 0x54, 0x01,
    0x36, 0x91, 0x03, 0x58, 0x01, 0xF4, 0x40, 0xF6, 0xF0, 0xAE, 0xAD, 0xE9, 0x00, 0x98, 0x01, 0x58,
    0x2C, 0x80, 0x95, 0xA9, 0xE0, 0x91, 0xAA, 0xEE, 0xD8, 0xD5, 0x55, 0xD1, 0x40, 0x34, 0x7E, 0xFF,
    0x0F, 0xB8, 0x63, 0x43, 0xE4, 0x37, 0x9F, 0x26, 0xB9, 0xE0, 0xA0, 0x38, 0xC8, 0x43, 0xD9, 0x60,
    0xDA, 0xEB, 0xB7, 0xC8, 0xD5, 0xC1, 0x5B, 0xE4, 0x98, 0x45, 0x58, 0xEA, 0x00, 0x2E, 0xEF, 0x48,
    0xF7, 0x24, 0x30, 0x9F, 0x35, 0x90, 0x0B, 0xA0, 0x76, 0x00, 0xF1, 0x15, 0xE9, 0xC5, 0x05, 0xCF,
    0xD3, 0x11, 0x52, 0x45, 0x1E, 0xB4, 0x91, 0x3C, 0xC4, 0x79, 0x5D, 0x3F, 0xA4, 0xB0, 0x3D, 0x86,
    0xB9, 0x4E, 0x87, 0x48, 0xD9, 0xA6, 0x58, 0x91, 0x81, 0x08, 0x5F, 0x8A, 0x6C, 0xD3, 0x61, 0x64,
    0x87, 0xFB, 0x59, 0x5D, 0xD5, 0x58, 0xBF, 0xC6, 0xF8, 0x38, 0xC1, 0x36, 0x91, 0x7A, 0x9A, 0x4F,
    0xCC, 0x03, 0xB1, 0xF0, 0x44, 0xE3, 0x47, 0x0D, 0x44, 0xBD, 0x23, 0xB2, 0xE9, 0x22, 0x79, 0x8C,
    0xB0, 0x8E, 0xB0, 0x88, 0xE0, 0xE2, 0x77, 0x59, 0x46, 0xF7, 0xFD, 0x18, 0xAD, 0xF4, 0x51, 0x49,
    0xA3, 0x03, 0x30, 0x00, 0x97, 0x40, 0x09, 0xBC, 0x06, 0x4C, 0x63, 0x3E, 0xC5, 0x88, 0xE0, 0x1E,
    0xD6, 0xFE, 0x94, 0xF9, 0x9D, 0x33, 0xE8, 0x90, 0xA0, 0x44, 0x82, 0x1D, 0x51, 0x8F, 0xBD, 0xB7,
    0x69, 0x0E, 0x13, 0xF2, 0xB0, 0xC5, 0x84, 0xFA, 0xA3, 0xCD, 0xD8, 0xF6, 0xAB, 0x31, 0xE6, 0x3C,
    0xC0, 0x12, 0x88, 0x90, 0xED, 0x17, 0xD4, 0x47, 0xCD, 0x75, 0xEE, 0x62, 0x9F, 0xFB, 0x0C, 0xD3,
    0x42, 0x7E, 0x9D, 0x3B, 0xDB, 0x3C, 0xCF, 0xBD, 0xFE, 0xAA, 0xDC, 0xA6, 0x01, 0xD7, 0xC1, 0x55,
    0x8F, 0x0A, 0x97, 0xA8, 0xE6, 0x0F, 0x6F, 0xD1, 0x37, 0xA8, 0xAD, 0xA1, 0x90, 0x1D, 0xE6, 0x68,
    0x00, 0xB8, 0xB5, 0xDC, 0x87, 0x8B, 0xEE, 0xDB, 0xCB, 0xFB, 0x4E, 0xC0, 0xB6, 0x70, 0xF5, 0x18,
    0xC2, 0xDB, 0x10, 0x4E, 0xE1, 0xF1, 0x63, 0x28, 0xBB, 0x5B, 0xF3, 0x9D, 0x6D, 0xBA, 0x23, 0x69,
    0x30, 0xB2, 0x75, 0xD2, 0xE3, 0x3E, 0xDA, 0xEC, 0xCE, 0xB7, 0x9C, 0x52, 0xF6, 0x38, 0xC0, 0x74,
    0x98, 0x0A, 0x4C, 0x8B, 0x69, 0xC0, 0xF8, 0x71, 0x3B, 0x92, 0x54, 0x7C, 0x39, 0x4B, 0xDD, 0x18,
    0x0F, 0x6C, 0x99, 0x24, 0xA6, 0xC8, 0x49, 0x02, 0xDF, 0x62, 0x8B, 0x1B, 0xB0, 0xD4, 0xE7, 0x3B,
    0x39, 0x17, 0xAC, 0xF4, 0x4E, 0x06, 0x94, 0x54, 0xD3, 0x9D, 0xF8, 0xC1, 0x30, 0x7F, 0x7F, 0xE9,
    0x6D, 0xE7, 0x1A, 0xD5, 0xD5, 0x50, 0xBD, 0xFC, 0xFB, 0x58, 0xD6, 0xD9, 0xEE, 0x7E, 0xC8, 0x45,
    0x3C, 0x9B, 0x2D, 0xE4, 0xC9, 0x13, 0x60, 0x02, 0xB0, 0x02, 0x4E, 0xE1, 0x4F, 0x07, 0x28, 0x3B,
    0x88, 0xC0, 0x02, 0xB0, 0x15, 0x14, 0x1E, 0x54, 0x03, 0x00, 0xE5, 0x33, 0x32, 0x11, 0x5F, 0xF4,
    0xF7, 0x83, 0xF5, 0x59, 0x74, 0xB0, 0x5A, 0xC0, 0xE2, 0x72, 0x44, 0x2D, 0x22, 0x09, 0x4B, 0x20,
    0xC1, 0x25, 0x54, 0xBC, 0x61, 0x3D, 0x57, 0xC5, 0xB3, 0xFB, 0x83, 0x12, 0xE9, 0x28, 0xB7, 0x80,
    0x6D, 0xC0, 0x01, 0x17, 0x40, 0x0F, 0xD9, 0xA3, 0xDB, 0xCB, 0xAD, 0x3B, 0x30, 0x03, 0x1C, 0x9F,
    0xC1, 0xCA, 0xC2, 0xA3, 0xA3, 0xE6, 0xB6, 0x72, 0xAB, 0xAE, 0x68, 0xD2, 0xE2, 0x3D, 0x29, 0x00,
    0x00, 0xE5, 0xC0, 0xD8, 0x5E, 0x15, 0x4F, 0x6D, 0x6B, 0xC7, 0x56, 0x47, 0xD6, 0x2F, 0x60, 0xB8,
    0x84, 0x38, 0xE6, 0x9C, 0x70, 0x09, 0x24, 0x2C, 0x00, 0x07, 0xD5, 0x38, 0x7E, 0x48, 0x3E, 0xC6,
    0x7E, 0x4D, 0xF2, 0xB5, 0xC2, 0x61, 0xAA, 0xDC, 0x67, 0x15, 0x7C, 0xDD, 0x27, 0xBE, 0x33, 0xEE,
    0x01, 0xF1, 0xA5, 0x3F, 0x22, 0x7A, 0x47, 0xF1, 0x61, 0x53, 0xEA, 0xF6, 0x1E, 0xEF, 0xC1, 0xDD,
    0x3C, 0xCE, 0xDD, 0xE3, 0xDB, 0x94, 0xAD, 0xA3, 0xD8, 0x6E, 0xA1, 0xEE, 0x46, 0xB4, 0xA8, 0xCF,
    0x7B, 0x4C, 0x1B, 0x39, 0xC2, 0x01, 0xB6, 0x62, 0xF3, 0xA1, 0xCF, 0x45, 0xBC, 0x6D, 0xEB, 0xCE,
    0x61, 0xBA, 0x4B, 0xF2, 0xB0, 0xBA, 0xF9, 0x1D, 0x26, 0xD5, 0x7B, 0x87, 0x49, 0x71, 0xE4, 0x12,
    0x61, 0xD3, 0xC2, 0x5A, 0x57, 0x99, 0xFC, 0x7D, 0xA5, 0x3E, 0x15, 0x94, 0xFF, 0x4B, 0x00, 0x16,
    0x47, 0x3B, 0x5C, 0x29, 0xDE, 0xFD, 0xE8, 0x7E, 0x70, 0xAD, 0xEA, 0x5D, 0xC3, 0xE0, 0x20, 0xBE,
    0x0A, 0x88, 0x07, 0x77, 0x00, 0x53, 0x3D, 0x3F, 0x0D, 0xE6, 0xCF, 0x9F, 0xDE, 0xF4, 0xF3, 0x67,
    0xCD, 0x14, 0xBB, 0x86, 0x65, 0x04, 0xF7, 0x45, 0xA4, 0xFA, 0xD4, 0x9E, 0xE2, 0x52, 0x7C, 0xEA,
    0x97, 0xFA, 0x43, 0xB9, 0x4F, 0x3E, 0x40, 0x16, 0x40, 0x3D, 0xBC, 0xBD, 0xDC, 0x79, 0x0B, 0x26,
    0xC0, 0xD9, 0x05, 0x5C, 0x1D, 0xC3, 0xA3, 0xD7, 0x6E, 0xD1, 0x37, 0xF0, 0xE4, 0xDD, 0x4A, 0x89,
    0xA0, 0x7F, 0xB2, 0x05, 0xB8, 0xAD, 0xDC, 0x37, 0x4E, 0xB1, 0x5B, 0x3D, 0x1E, 0x98, 0x30, 0xD3,
    0xBC, 0xFB, 0x62, 0x39, 0xFC, 0x68, 0xF9, 0x62, 0xF9, 0xF2, 0xBE, 0x59, 0xE0, 0xC1, 0x6F, 0xDA,
    0xE7, 0xBE, 0xEC, 0xE0, 0x38, 0x8B, 0x6B, 0x2E, 0x96, 0x91, 0xDE, 0xC5, 0xAC, 0x73, 0x51, 0x7B,
    0x17, 0x8B, 0xC6, 0x45, 0x83, 0x5B, 0x1F, 0xB3, 0x74, 0xA7, 0xC4, 0xB2, 0x7F, 0xEE, 0x2B, 0xFF,
    0xEC, 0x19, 0xA6, 0x02, 0x15, 0x80, 0x01, 0xB8, 0x00, 0x4A, 0xE0, 0xDB, 0x00, 0xBC, 0xE2, 0xF7,
    0xC9, 0x74, 0xAE, 0x14, 0x61, 0x89, 0x0D, 0xEE, 0xA3, 0x1F, 0x07, 0x23, 0xBF, 0x0C, 0x6A, 0x77,
    0x1E, 0x60, 0x05, 0xF4, 0xF3, 0x20, 0xB9, 0xBF, 0xDD, 0xDC, 0xA6, 0x01, 0xD7, 0x42, 0x1F, 0x50,
    0xDD, 0x05, 0x59, 0x75, 0xEF, 0xD6, 0x72, 0xDF, 0x5C, 0x0D, 0xDC, 0x92, 0xE7, 0xC3, 0xDB, 0x8E,
    0xEA, 0x20, 0xAB, 0x00, 0x58, 0x42, 0x74, 0xA8, 0xBE, 0xAC, 0x74, 0x30, 0x8D, 0xEE, 0x8C, 0xCF,
    0xDB, 0xBC, 0x35, 0x3E, 0xED, 0xA9, 0x60, 0x2B, 0x86, 0x12, 0xE2, 0x02, 0x2E, 0x2E, 0x60, 0xB1,
    0x82, 0x72, 0x00, 0x13, 0x66, 0xE4, 0x2D, 0x14, 0x1E, 0x4C, 0x03, 0xE5, 0x9C, 0x4C, 0x45, 0x90,
    0x00, 0xD2, 0x00, 0xC0, 0x3F, 0x01, 0xF1, 0x65, 0x28, 0x07, 0xB6, 0x69, 0xC5, 0xFB, 0xF4, 0x81,
    0x17, 0x8A, 0xFD, 0xAA, 0x23, 0xBB, 0xB9, 0x42, 0x9E, 0xA0, 0xFA, 0xD4, 0x2E, 0x14, 0x9D, 0x3C,
    0xAD, 0xFD, 0xD8, 0x8F, 0x58, 0xF6, 0x5F, 0x99, 0xFF, 0xCB, 0xCE, 0xAD, 0x1A, 0xA2, 0x23, 0x1B,
    0xCA, 0x46, 0x85, 0x69, 0xB6, 0xED, 0x38, 0xEF, 0xAE, 0x98, 0xE7, 0xDD, 0x9B, 0xE7, 0xF3, 0xBE,
    0x3C, 0x03, 0x77, 0x31, 0xCF, 0xDB, 0xEE, 0xE7, 0x5D, 0xB4, 0x60, 0xFC, 0xFE, 0x6E, 0x5E, 0xC1,
    0x93, 0x9B, 0xF3, 0xFE, 0x3F, 0xC5, 0x9A, 0x01, 0xA4, 0x2D, 0x49, 0x7A, 0xC7, 0x7F, 0xDD, 0x95,
    0x79, 0x9D, 0x9D, 0x36, 0x53, 0x0F, 0x0F, 0x99, 0xBC, 0xDD, 0xE9, 0xC5, 0x22, 0x62, 0xDF, 0x34,
    0x04, 0xC1, 0xBD, 0xA7, 0x7A, 0x26, 0x6B, 0x21, 0xC8, 0x00, 0x00, 0x1B, 0x0C, 0x10, 0xF1, 0x82,
    0x60, 0xC3, 0xBD, 0xE7, 0x74, 0x32, 0x08, 0x60, 0xEE, 0x00, 0x00, 0x8B, 0x80, 0x81, 0x81, 0x87,
    0x17, 0x39, 0xE7, 0x9D, 0x9A, 0x0C, 0x06, 0x83, 0xF4, 0xEE, 0x20, 0x08, 0x5E, 0x9B, 0x7D, 0x24,
    0x04, 0x53, 0xD9, 0xED, 0xA5, 0xDF, 0x4C, 0x9D, 0xF3, 0xA5, 0xAB, 0x4F, 0xB9, 0xE7, 0xDC, 0xBB,
    0xF7, 0x5D, 0xF7, 0xDE, 0x39, 0xF3, 0x6E, 0x9D, 0xFA, 0xFE, 0xD5, 0x4E, 0x55, 0x7D, 0xF5, 0xFD,
    0xBF, 0xAA, 0x53, 0x5D, 0xFD, 0xF5, 0x01, 0x00, 0x23, 0x3E, 0xC2, 0x4E, 0x7A, 0x02, 0x20, 0x44,
    0x48, 0xA5, 0x06, 0x25, 0x16, 0xD4, 0x7F, 0x5A, 0xC8, 0x3F, 0x6D, 0x41, 0x7F, 0xEA, 0xA0, 0xF8,
    0xA7, 0x0E, 0x4A, 0x7A, 0x30, 0x78, 0x98, 0xB2, 0x80, 0x05, 0x53, 0xF0, 0x18, 0x92, 0x9E, 0xB2,
    0x4A, 0xBF, 0xFE, 0xE8, 0xE3, 0x5A, 0x89, 0x88, 0xCD, 0x06, 0x68, 0xF2, 0x86, 0xAC, 0xD5, 0x16,
    0xE5, 0x8A, 0x01, 0xBA, 0xB2, 0x26, 0xED, 0x0D, 0x24, 0x1E, 0x40, 0x8B, 0x8C, 0x12, 0x13, 0xC9,
    0xF2, 0x19, 0xB9, 0x08, 0xE6, 0x64, 0x66, 0x0F, 0xC8, 0x1B, 0x50, 0x2D, 0x28, 0x17, 0x24, 0x15,
    0x71, 0xC5, 0x20, 0xB3, 0x5A, 0xB9, 0x15, 0xCA, 0xF9, 0x51, 0x32, 0xB7, 0x42, 0xBB, 0xD9, 0x87,
    0xCB, 0xA1, 0xEE, 0x37, 0x43, 0x9B, 0x77, 0x1C, 0xF7, 0xF8, 0x21, 0x1C, 0xF0, 0x08, 0xCA, 0x9F,
    0x3A, 0xD0, 0xD2, 0x42, 0x2A, 0x15, 0xBB, 0x69, 0x05, 0xB0, 0x06, 0x12, 0x01, 0x54, 0xA8, 0x55,
    0x5F, 0xD5, 0x90, 0x7F, 0x6E, 0x41, 0x7F, 0xD6, 0x80, 0x7E, 0xDF, 0x41, 0x39, 0xA8, 0xC3, 0x24,
    0x1D, 0x4C, 0xF1, 0xB0, 0x08, 0xE0, 0x39, 0x0E, 0x44, 0x0D, 0x69, 0x87, 0x41, 0x7D, 0xFD, 0xD1,
    0xB2, 0x0A, 0x44, 0x6D, 0x1E, 0x40, 0x5B, 0xF2, 0xB6, 0xB0, 0x64, 0xAE, 0xAC, 0x50, 0xCE, 0x40,
    0xDA, 0xCF, 0x20, 0xF1, 0x9A, 0x9C, 0xBC, 0x29, 0x51, 0xB2, 0x82, 0x65, 0x77, 0x86, 0xB1, 0x3E,
    0x65, 0xAC, 0x1B, 0xC8, 0x4E, 0x19, 0x27, 0xCB, 0x2D, 0xE3, 0xC5, 0x0B, 0x19, 0xBF, 0xED, 0x60,
    0x06, 0xC0, 0xB2, 0x02, 0x90, 0x7A, 0xA4, 0x65, 0x81, 0xF4, 0x9B, 0x06, 0x50, 0xBF, 0x6D, 0x81,
    0xEC, 0x0B, 0x07, 0xE4, 0x9F, 0x74, 0x80, 0xB6, 0x3D, 0x50, 0xD4, 0x1E, 0x28, 0x59, 0x00, 0x86,
    0x09, 0x30, 0xC5, 0x00, 0x9E, 0xB2, 0x0A, 0x58, 0x58, 0x92, 0xF5, 0x47, 0x1F, 0x5B, 0x54, 0x98,
    0xC7, 0x11, 0x5D, 0xB0, 0x4E, 0x39, 0x74, 0x13, 0xD8, 0x6B, 0x4B, 0xE2, 0x29, 0x6B, 0xF0, 0x98,
    0x0A, 0x9E, 0x00, 0xE0, 0x00, 0x94, 0x05, 0xC8, 0x2B, 0x00, 0xCD, 0x88, 0x1F, 0x02, 0xE4, 0x02,
    0x90, 0xAE, 0x22, 0xEF, 0x6F, 0x39, 0xD3, 0xA8, 0x06, 0x34, 0xF0, 0x63, 0xE0, 0x00, 0x98, 0xFC,
    0x04, 0x4A, 0x0F, 0x79, 0x07, 0xC9, 0x09, 0x1B, 0xA5, 0xE4, 0x16, 0xD0, 0x15, 0xF0, 0x16, 0xC0,
    0x1F, 0xB1, 0x9B, 0xEE, 0xC8, 0x09, 0xCC, 0x64, 0x45, 0xBA, 0x7E, 0x7B, 0x59, 0xE7, 0x0E, 0x6D,
    0x0B, 0x4B, 0x8A, 0x01, 0x98, 0x00, 0x2C, 0x00, 0xE6, 0x00, 0xFE, 0x45, 0x30, 0x8F, 0xED, 0x62,
    0x0F, 0x03, 0x30, 0x6A, 0xC9, 0x5B, 0xB4, 0x1D, 0x35, 0x87, 0x31, 0xE2, 0x68, 0x18, 0xE0, 0x18,
    0xE8, 0x21, 0x71, 0x90, 0xD6, 0x00, 0xF0, 0xB0, 0x47, 0x89, 0xD4, 0xBA, 0x2B, 0x5A, 0x53, 0xA7,
    0xED, 0x0C, 0xAA, 0x05, 0xE0, 0x2F, 0x90, 0x05, 0x10, 0xEA, 0x43, 0xBB, 0xD0, 0x3E, 0xF4, 0x0B,
    0xFD, 0x61, 0x0E, 0x24, 0x02, 0x64, 0xE3, 0x52, 0xFE, 0x8B, 0x16, 0xDE, 0xE0, 0xAF, 0x6F, 0x99,
    0x71, 0xD6, 0x40, 0xE1, 0xE0, 0x70, 0x0E, 0xFD, 0x5B, 0x24, 0xBF, 0x78, 0x75, 0x8F, 0x8C, 0xDF,
    0x02, 0x30, 0xC4, 0x2B, 0xE0, 0x2C, 0xD9, 0x36, 0x90, 0x5D, 0x8F, 0x64, 0x6D, 0xEE, 0xC8, 0x1B,
    0x6D, 0x49, 0xAA, 0x7D, 0x90, 0x4D, 0xAA, 0xDC, 0x91, 0x35, 0xA3, 0xE6, 0x30, 0x46, 0x1C, 0x2D,
    0xAF, 0x41, 0xDB, 0x4D, 0x19, 0x13, 0xB3, 0x67, 0x64, 0x22, 0xE8, 0x67, 0x0F, 0xAD, 0xA9, 0x32,
    0x3B, 0x25, 0xE1, 0x32, 0xA2, 0xA1, 0x3E, 0xB4, 0x0B, 0xED, 0x43, 0xBF, 0xD0, 0x9F, 0x22, 0x71,
    0x61, 0x27, 0x6E, 0xC2, 0x56, 0x55, 0x01, 0x6B, 0x80, 0x1F, 0xDD, 0xF2, 0x62, 0x4E, 0x5C, 0x01,
    0xF3, 0x43, 0x98, 0xF4, 0xA0, 0xDB, 0xBD, 0x2E, 0x66, 0xE5, 0x74, 0x05, 0xFD, 0x04, 0x38, 0xF6,
    0x40, 0xE1, 0x80, 0xDC, 0xB2, 0x93, 0x44, 0x9E, 0x07, 0x10, 0x8B, 0xE7, 0x67, 0x0E, 0x4F, 0xEA,
    0xF1, 0xF0, 0x24, 0x80, 0x09, 0x50, 0x56, 0x1E, 0x8A, 0x00, 0xBA, 0x3E, 0x05, 0x7B, 0x16, 0x6A,
    0x0F, 0x45, 0x1D, 0xDB, 0x51, 0x9E, 0xF6, 0x5D, 0x44, 0x7D, 0x3C, 0x74, 0x48, 0xB0, 0x49, 0xE4,
    0x7F, 0x00, 0x42, 0x43, 0xC0, 0x1B, 0xBB, 0xC5, 0x62, 0xC4, 0xAC, 0x0E, 0xA8, 0x09, 0xF8, 0xDA,
    0x88, 0x44, 0x64, 0xD9, 0x78, 0xC8, 0xC4, 0x7B, 0x28, 0x9E, 0x3D, 0xF4, 0x84, 0xF9, 0xF5, 0x30,
    0x25, 0xF5, 0x30, 0x07, 0x7F, 0x79, 0x86, 0x05, 0xC4, 0xF6, 0xB1, 0x6F, 0x58, 0x4D, 0x1B, 0x9D,
    0xF3, 0x51, 0xFF, 0x80, 0x4A, 0xE4, 0x24, 0xC0, 0x6A, 0xBC, 0x7B, 0x54, 0xCA, 0xA1, 0xED, 0x00,
    0x99, 0x1B, 0x20, 0x0D, 0x90, 0x74, 0x03, 0xD0, 0x07, 0xF0, 0x5B, 0x10, 0x91, 0x08, 0x67, 0x2B,
    0xFA, 0xD0, 0x2D, 0xF4, 0x50, 0x2E, 0x68, 0x69, 0x07, 0x28, 0xEC, 0x46, 0x73, 0x18, 0x23, 0x8C,
    0x76, 0x7E, 0xFD, 0x84, 0x2F, 0xED, 0x08, 0xE7, 0x2B, 0x82, 0x03, 0x46, 0xFE, 0x81, 0xFE, 0x86,
    0x41, 0x20, 0xB3, 0xE1, 0xEE, 0x5F, 0x04, 0x0B, 0x88, 0xED, 0x42, 0x8F, 0x91, 0x72, 0x64, 0x1C,
    0x08, 0x5F, 0x74, 0x86, 0x10, 0x11, 0x17, 0xC4, 0x03, 0x97, 0x49, 0x58, 0x35, 0x41, 0x3C, 0x70,
    0xB9, 0x6C, 0x75, 0xC2, 0x86, 0x60, 0x10, 0x62, 0xA2, 0x7C, 0x4E, 0x12, 0xEE, 0xFF, 0xDD, 0x7D,
    0x57, 0xD8, 0xC4, 0x1B, 0x98, 0x4F, 0x60, 0x72, 0x3C, 0xC8, 0x4C, 0x44, 0x82, 0x4C, 0x81, 0x20,
    0x26, 0x48, 0xC5, 0xDD, 0xC2, 0xD2, 0xE5, 0xFD, 0xFD, 0x2E, 0x15, 0x69, 0x42, 0xFF, 0x3B, 0xBC,
    0x42, 0x5E, 0x69, 0xB2, 0x66, 0x8A, 0x12, 0x0F, 0xB3, 0xF6, 0xA5, 0xF0, 0x51, 0x36, 0xAF, 0x54,
    0x5B, 0x90, 0xC8, 0x1A, 0x66, 0x3D, 0xC0, 0xEE, 0xAF, 0xB7, 0x1A, 0xDC, 0xDD, 0x98, 0x4A, 0xB9,
    0x29, 0x49, 0xB7, 0x80, 0xDE, 0x6F, 0x16, 0xCB, 0x28, 0xE7, 0x7E, 0xBD, 0xB5, 0xA9, 0x53, 0xA7,
    0xBB, 0xC2, 0xC5, 0x5F, 0xEF, 0xEE, 0x3E, 0xF8, 0x52, 0xB8, 0xEC, 0x8E, 0x77, 0x19, 0x8F, 0xF9,
    0xE5, 0x3C, 0xAA, 0x91, 0xC7, 0xB3, 0x2D, 0x8F, 0xEF, 0xD4, 0x66, 0xD2, 0x06, 0x34, 0xF0, 0x60,
    0xF7, 0x04, 0xB3, 0x82, 0xBC, 0xBB, 0xE1, 0xBA, 0x7A, 0x9C, 0x3F, 0xBF, 0xDF, 0x6F, 0xD6, 0x95,
    0xEC, 0xEA, 0x25, 0xEA, 0xED, 0x01, 0x32, 0x3B, 0x21, 0x75, 0x73, 0xF8, 0xDA, 0x81, 0xB1, 0x50,
    0x54, 0x2F, 0x67, 0x8E, 0x3A, 0x5D, 0x73, 0x5C, 0x42, 0x31, 0x87, 0x3C, 0xD0, 0x3F, 0x01, 0x46,
    0xD3, 0xAE, 0xCB, 0xF5, 0x87, 0x3B, 0x5C, 0x5B, 0xCA, 0x55, 0xAC, 0x45, 0xAA, 0xF0, 0xCC, 0xD2,
    0x80, 0xFE, 0x47, 0x07, 0x6F, 0xF0, 0xDE, 0x8B, 0x4E, 0x03, 0x33, 0x9B, 0x3B, 0xB2, 0xAB, 0x9D,
    0x06, 0x4A, 0x71, 0x11, 0x50, 0x6E, 0x1E, 0x60, 0x11, 0x60, 0x1A, 0xC0, 0x10, 0x9F, 0x6D, 0x5C,
    0xD0, 0xE7, 0xD4, 0x70, 0x7F, 0x74, 0x2C, 0x65, 0xED, 0xC8, 0xE4, 0xC4, 0xA1, 0x6B, 0x30, 0x2D,
    0x3C, 0xEE, 0x48, 0xDC, 0x11, 0x69, 0xFD, 0x06, 0xB0, 0xD9, 0xAF, 0xC3, 0x3E, 0x16, 0x36, 0x43,
    0x53, 0x29, 0x3F, 0x25, 0xF1, 0x0B, 0xF0, 0xFE, 0x02, 0x59, 0x40, 0xA8, 0x1F, 0xDB, 0x85, 0x0D,
    0x30, 0x93, 0x95, 0x67, 0xD9, 0x7A, 0x20, 0x48, 0x0F, 0x69, 0x07, 0x99, 0x7B, 0xF3, 0xDD, 0x87,
    0x4D, 0x29, 0x52, 0xA5, 0xCB, 0x0E, 0x0E, 0x38, 0x80, 0x07, 0x01, 0x8A, 0x0F, 0x7B, 0xC8, 0xC5,
    0x41, 0x22, 0xF5, 0xED, 0x7A, 0x43, 0xA3, 0xC9, 0x9B, 0x87, 0x28, 0x59, 0x9D, 0xD9, 0xE3, 0x58,
    0xB6, 0x47, 0x97, 0x78, 0x63, 0xBE, 0x2B, 0x1B, 0x6F, 0x10, 0xBD, 0x51, 0x04, 0x6F, 0xCC, 0x59,
    0xB6, 0xF3, 0xF3, 0xDE, 0x78, 0x6B, 0xF0, 0x86, 0x11, 0xA9, 0xEE, 0xC8, 0xB3, 0xCB, 0x0F, 0x89,
    0x37, 0x77, 0x84, 0x16, 0x17, 0xE0, 0x06, 0x8E, 0x38, 0xB7, 0x59, 0xBD, 0x8C, 0x25, 0x71, 0x73,
    0x9A, 0x46, 0x5C, 0x80, 0x9B, 0xD0, 0xDC, 0x49, 0xC7, 0x00, 0x72, 0x0A, 0x33, 0x80, 0x37, 0x01,
    0x0E, 0x00, 0xFE, 0x8C, 0x9D, 0x94, 0xB1, 0xDD, 0x14, 0x4D, 0x05, 0xC6, 0x12, 0x77, 0xA9, 0x97,
    0xE7, 0x2C, 0xE5, 0x88, 0xBB, 0x65, 0x71, 0x0C, 0x1C, 0x16, 0x40, 0x7F, 0xE6, 0xF0, 0xE9, 0x41,
    0xDB, 0x6B, 0x81, 0x0C, 0x69, 0x03, 0xEB, 0x8F, 0x86, 0x07, 0xEB, 0xEB, 0x2B, 0xE0, 0x04, 0x54,
    0x0F, 0xF9, 0x0A, 0x8A, 0x02, 0x0E, 0x73, 0xCB, 0x7B, 0x49, 0x0D, 0xC0, 0xBF, 0x00, 0xFE, 0x32,
    0xB9, 0xFF, 0x1C, 0x2F, 0x52, 0x4B, 0x57, 0xB4, 0x52, 0x2B, 0x27, 0xA4, 0xDD, 0x2A, 0xDE, 0x0B,
    0xAF, 0x2A, 0xDA, 0x82, 0xE7, 0xF7, 0x51, 0x22, 0xB3, 0x80, 0x2F, 0x6A, 0xA3, 0x45, 0xE4, 0x14,
    0x2D, 0x7C, 0x3B, 0x7C, 0xB5, 0x82, 0x70, 0x19, 0x41, 0xC4, 0x46, 0xD0, 0x96, 0x33, 0xF0, 0xC9,
    0xF2, 0x04, 0xFD, 0x1F, 0xD2, 0xA3, 0xE5, 0xED, 0x35, 0xBA, 0xC7, 0xA0, 0x1D, 0x65, 0xA5, 0x1B,
    0x74, 0xAD, 0x2D, 0xDA, 0x5E, 0x1F, 0xCA, 0xA4, 0x99, 0xFD, 0xBA, 0xF9, 0x9D, 0xD8, 0xF6, 0x8F,
    0x01, 0x00, 0xE5, 0xF6, 0x90, 0xCB, 0xB7, 0x9B, 0xD9, 0x97, 0x51, 0xED, 0xCD, 0x74, 0x02, 0x22,
    0x6E, 0xC8, 0x00, 0x80, 0xDF, 0x43, 0xFE, 0x96, 0x0A, 0xDF, 0xA5, 0x76, 0x69, 0xB3, 0xB8, 0x6F,
    0x8D, 0xD4, 0xF9, 0x6A, 0x9F, 0xEE, 0x72, 0x49, 0xE3, 0xD4, 0x46, 0x73, 0x95, 0x3F, 0xBF, 0xA1,
    0x5A, 0x6D, 0xAF, 0xF5, 0x19, 0xE3, 0x8A, 0x8E, 0xFE, 0xEE, 0xD2, 0x95, 0x75, 0xD6, 0x68, 0xA7,
    0x5D, 0xD6, 0x00, 0x5C, 0xBD, 0xEF, 0xF3, 0xBB, 0xCB, 0xAE, 0x6C, 0x1E, 0xF9, 0x47, 0xE0, 0xAF,
    0x9A, 0x02, 0xB5, 0xEF, 0x0A, 0xB2, 0xD6, 0x83, 0x6E, 0xBC, 0x1A, 0x62, 0x0D, 0x3E, 0x13, 0xC1,
    0xB3, 0xEC, 0x38, 0xE6, 0x58, 0x10, 0x41, 0x86, 0x0B, 0x00, 0x30, 0x98, 0xEB, 0x66, 0x62, 0x9E,
    0x92, 0xAC, 0x58, 0xF6, 0x2C, 0x5B, 0x80, 0xDC, 0x42, 0xE9, 0xE0, 0xE8, 0x31, 0x74, 0x87, 0x24,
    0x27, 0xDF, 0x63, 0x9B, 0xCC, 0x1E, 0x64, 0x02, 0x1C, 0x73, 0x17, 0xCF, 0x61, 0xD6, 0x33, 0x13,
    0x47, 0xBE, 0xAE, 0xC0, 0x80, 0xD4, 0xE9, 0xAF, 0xDB, 0xDC, 0x76, 0xAF, 0x70, 0x0F, 0xC0, 0xDC,
    0x28, 0x4F, 0x60, 0xC1, 0x9D, 0xD1, 0x4B, 0xB3, 0x13, 0x3C, 0xCC, 0xF0, 0x81, 0xA0, 0x47, 0xF5,
    0x78, 0x74, 0x8B, 0xC7, 0x58, 0x3C, 0x02, 0x3E, 0xF5, 0xE0, 0xF3, 0x0E, 0x7C, 0xD9, 0x80, 0x9F,
    0x59, 0x58, 0x49, 0x0B, 0x22, 0x1D, 0xC8, 0x6F, 0x3C, 0x88, 0x5D, 0x83, 0x30, 0xAB, 0xF0, 0x94,
    0x36, 0x2A, 0x20, 0xDB, 0x06, 0x33, 0x56, 0x71, 0x0C, 0x28, 0xEB, 0x71, 0xAA, 0xD8, 0xA6, 0xAC,
    0x01, 0xB4, 0x8B, 0x40, 0x16, 0x20, 0x69, 0x01, 0x65, 0x03, 0x54, 0x70, 0xB5, 0x7B, 0x03, 0x85,
    0xF5, 0x61, 0x8C, 0xC4, 0xE3, 0xC3, 0xD0, 0x85, 0xC5, 0xCF, 0x60, 0xE5, 0x41, 0xD6, 0x20, 0x52,
    0x21, 0x85, 0x65, 0x95, 0xB7, 0x78, 0xD5, 0x6D, 0xDA, 0xF1, 0x04, 0x8F, 0x89, 0x7D, 0xF3, 0xF6,
    0xCC, 0x8D, 0x5E, 0xA2, 0xCC, 0x80, 0x37, 0x81, 0x83, 0x78, 0x8B, 0xDF, 0x1D, 0x0B, 0xBF, 0xD1,
    0xA5, 0x1B, 0xBC, 0xA9, 0xF0, 0x6B, 0x58, 0x0B, 0x88, 0xD4, 0xC8, 0x07, 0x96, 0x75, 0xB0, 0x23,
    0xED, 0xF0, 0x78, 0x36, 0xED, 0x4D, 0xE5, 0xD1, 0xE3, 0x58, 0x59, 0x0B, 0xDA, 0x42, 0x01, 0x4C,
    0x80, 0x23, 0xB6, 0xC9, 0xEF, 0x5F, 0x10, 0x91, 0x3E, 0x48, 0x72, 0x92, 0x5B, 0x5D, 0x95, 0x71,
    0x3C, 0x7F, 0x8D, 0xCF, 0xFA, 0xEE, 0xAC, 0x2B, 0xDA, 0xEF, 0xD2, 0x36, 0x62, 0xA2, 0xD8, 0x3D,
    0x31, 0x59, 0xC8, 0x6A, 0xD0, 0xC0, 0x6B, 0x5C, 0xDF, 0xEA, 0x7B, 0x33, 0x5F, 0x74, 0x00, 0x71,
    0xAF, 0x73, 0x69, 0xA3, 0x6C, 0x06, 0x78, 0x8A, 0xCA, 0x63, 0xEC, 0x46, 0x8A, 0x41, 0xB2, 0x30,
    0x3B, 0x78, 0x5E, 0xFB, 0xD6, 0x4C, 0xFC, 0xA0, 0xDA, 0xD8, 0x90, 0x07, 0xBD, 0x83, 0x5A, 0x8D,
    0x0F, 0x4A, 0xAF, 0x91, 0xD7, 0x77, 0x99, 0x75, 0x14, 0xED, 0xD5, 0x86, 0xCE, 0x1A, 0xBC, 0x76,
    0x41, 0xC2, 0xF5, 0xD5, 0xCD, 0xBC, 0x8A, 0x2D, 0x5B, 0x2A, 0xD5, 0x05, 0x66, 0xDE, 0x63, 0xE6,
    0x29, 0x3A, 0xB4, 0x85, 0xAB, 0xC1, 0x8F, 0x41, 0x7F, 0xE6, 0x41, 0x4B, 0x1F, 0xA0, 0x82, 0x65,
    0x0B, 0x88, 0x05, 0x9E, 0x5E, 0x41, 0x81, 0x88, 0xD4, 0x1B, 0xB0, 0xBC, 0x30, 0x7F, 0x8E, 0x16,
    0x8A, 0x9E, 0x99, 0x65, 0x79, 0x49, 0xB3, 0x5F, 0x92, 0x09, 0xC9, 0x1A, 0xD0, 0x35, 0x50, 0x02,
    0x1C, 0x02, 0xCC, 0x01, 0x1C, 0x3B, 0x69, 0x05, 0xDA, 0xCA, 0x08, 0x75, 0x00, 0x1B, 0xC0, 0x0D,
    0xB0, 0x0E, 0xE4, 0xBD, 0x0F, 0x30, 0x0D, 0x60, 0xAA, 0x01, 0xB4, 0x1D, 0x20, 0x6F, 0x07, 0x50,
    0x6E, 0x80, 0xC4, 0x0F, 0xC0, 0x22, 0x80, 0x09, 0x50, 0x7C, 0x30, 0x80, 0x7E, 0x3A, 0x80, 0x92,
    0x01, 0xD2, 0x00, 0x8C, 0x30, 0x0B, 0x50, 0x06, 0xD0, 0x16, 0xCA, 0x68, 0xCF, 0x63, 0xC0, 0x41,
    0x72, 0x02, 0xC0, 0xE4, 0xCE, 0x1A, 0x53, 0x8A, 0x35, 0xFF, 0x7A, 0xDF, 0x99, 0x26, 0xED, 0x4C,
    0x4D, 0x6F, 0xC0, 0x5F, 0x47, 0x6E, 0x83, 0xCE, 0x36, 0x25, 0x1D, 0xA0, 0x7C, 0x04, 0x92, 0x00,
    0xFC, 0x1C, 0xC0, 0x01, 0x34, 0xB0, 0x37, 0xA2, 0x67, 0x6E, 0x34, 0xDA, 0x6D, 0x24, 0x73, 0x90,
    0xB4, 0xA0, 0xEC, 0xF6, 0x16, 0xD3, 0xE7, 0x36, 0x3E, 0x24, 0x15, 0xC7, 0x40, 0xDE, 0x03, 0xEA,
    0xD6, 0x97, 0x40, 0xA7, 0xE1, 0xE0, 0x10, 0x8A, 0xC7, 0x31, 0xDC, 0x54, 0xEF, 0xCD, 0x33, 0xE7,
    0x1E, 0x67, 0xA7, 0x00, 0xDF, 0xDF, 0x3E, 0xC9, 0xFA, 0x7C, 0x05, 0x7E, 0x26, 0x96, 0xD5, 0xEF,
    0x8A, 0x96, 0xF0, 0xC0, 0x85, 0x90, 0x74, 0xAC, 0xA0, 0xC7, 0x83, 0xBF, 0x3E, 0xEC, 0xD5, 0x83,
    0xE5, 0xA9, 0x07, 0xB3, 0x8B, 0x3C, 0x68, 0xA2, 0x07, 0x5F, 0x00, 0x35, 0x50, 0x56, 0xA8, 0x0F,
    0x97, 0x90, 0x8B, 0x87, 0x64, 0xD9, 0x8E, 0x6E, 0x9D, 0x7C, 0xFB, 0x05, 0x17, 0x25, 0xE9, 0x21,
    0xEB, 0x40, 0x1C, 0x48, 0x7D, 0xE1, 0x1F, 0x17, 0x2E, 0x79, 0xEF, 0xD5, 0x8C, 0x31, 0x09, 0x53,
    0x91, 0xF4, 0x06, 0xF0, 0x0B, 0x60, 0x31, 0x07, 0xA6, 0x1E, 0x98, 0x04, 0x30, 0x67, 0x61, 0x32,
    0xD6, 0x8E, 0xED, 0x26, 0x80, 0x1F, 0xFB, 0x8E, 0x5A, 0x46, 0x7D, 0xA3, 0x66, 0x96, 0xF1, 0xBD,
    0x17, 0x17, 0xBE, 0x09, 0x78, 0xF8, 0x7C, 0xFC, 0x2E, 0x44, 0xC1, 0xCB, 0x3A, 0x1D, 0xB9, 0x2F,
    0x36, 0x23, 0x9A, 0xF3, 0x12, 0xBE, 0x0F, 0xF5, 0xA1, 0x5D, 0x8C, 0x9A, 0xDB, 0xA1, 0x7F, 0x8C,
    0xDB, 0x1D, 0xF2, 0x73, 0x28, 0x7F, 0xDA, 0x6D, 0xFF, 0xBD, 0x70, 0xBB, 0x6C, 0x95, 0x55, 0x75,
    0xEA, 0x8A, 0x0A, 0x11, 0x28, 0x7B, 0xF6, 0xCA, 0x98, 0x85, 0x01, 0xFA, 0x39, 0xA8, 0xFF, 0xEB,
    0xE2, 0x1F, 0x15, 0xF4, 0x3F, 0xDB, 0xDB, 0x65, 0x4C, 0xF6, 0x99, 0x45, 0x7F, 0x50, 0x6F, 0xC2,
    0x2C, 0x87, 0x70, 0x74, 0xB4, 0x3F, 0xC6, 0xC5, 0x4A, 0x8B, 0xB8, 0x44, 0xE4, 0xE9, 0x50, 0x64,
    0xCF, 0xEF, 0xC7, 0xB8, 0x45, 0x28, 0xCA, 0x8A, 0x99, 0x05, 0x03, 0xC6, 0xC2, 0x31, 0x14, 0x16,
    0xE6, 0x63, 0x35, 0x7E, 0x5B, 0x88, 0xD8, 0x9D, 0xC2, 0xC2, 0x85, 0x45, 0xEC, 0x17, 0xB5, 0x4C,
    0x36, 0x3A, 0x4B, 0x98, 0x6D, 0xC7, 0x8B, 0xA3, 0x47, 0x5B, 0xA2, 0x65, 0xCC, 0x3A, 0x1E, 0xF6,
    0x64, 0x22, 0x4A, 0xA4, 0x1A, 0x42, 0x6C, 0x4F, 0xC7, 0xF7, 0x27, 0x99, 0x8C, 0xAF, 0x50, 0xD2,
    0x35, 0x49, 0x37, 0x27, 0xF1, 0xD0, 0x7B, 0x88, 0x85, 0x88, 0xF8, 0x6D, 0xE1, 0x81, 0x58, 0x6C,
    0x5A, 0x32, 0xF6, 0xA3, 0x1A, 0xB5, 0xA4, 0xED, 0xA8, 0xB3, 0x68, 0x33, 0x91, 0x21, 0xD7, 0x71,
    0x3C, 0x58, 0x00, 0x3D, 0xA4, 0x2E, 0xDE, 0x70, 0xEA, 0xDD, 0x17, 0xBD, 0x41, 0x77, 0xED, 0x79,
    0xE8, 0x3C, 0xAA, 0xF3, 0x24, 0xBB, 0x91, 0xAB, 0xDE, 0x93, 0x74, 0x1E, 0xE5, 0x86, 0xFA, 0x46,
    0x44, 0x10, 0xF1, 0xF8, 0x64, 0x1D, 0x9F, 0x1A, 0x4A, 0xEB, 0xE3, 0x93, 0x83, 0x27, 0x73, 0xB1,
    0x7F, 0xEC, 0xCB, 0x13, 0x32, 0x8B, 0xAE, 0x29, 0xE1, 0x00, 0xDE, 0x03, 0x98, 0x64, 0xCE, 0x94,
    0xCE, 0x2C, 0x30, 0x0E, 0x63, 0x31, 0x15, 0x86, 0x4B, 0xF3, 0xB5, 0x0C, 0xB4, 0x22, 0xEB, 0xF3,
    0x06, 0xD6, 0x97, 0x19, 0x78, 0xE5, 0xA3, 0xFD, 0xD0, 0x7D, 0xD9, 0xAE, 0x9E, 0x23, 0x16, 0xA9,
    0x58, 0xC3, 0x0A, 0xFC, 0xA5, 0x19, 0x00, 0x8E, 0x41, 0x40, 0x60, 0x06, 0x3F, 0x80, 0x03, 0xF8,
    0x7B, 0xB6, 0xEF, 0x89, 0xFA, 0xDD, 0xF7, 0x44, 0x2F, 0x65, 0x46, 0x0E, 0x55, 0x53, 0xE4, 0x75,
    0xF6, 0x15, 0xA9, 0x87, 0x5F, 0xDC, 0x70, 0x46, 0xE0, 0x0D, 0x60, 0x02, 0x78, 0x48, 0x3A, 0x50,
    0x2D, 0xA4, 0xD5, 0xC5, 0x9B, 0x57, 0x95, 0x38, 0x03, 0x95, 0x01, 0x82, 0x94, 0x16, 0x74, 0x07,
    0x99, 0x54, 0x20, 0x1D, 0x14, 0x6B, 0x48, 0xC4, 0x42, 0xE1, 0x40, 0xF5, 0x90, 0x78, 0x60, 0x94,
    0x3F, 0x81, 0x7E, 0x4A, 0xDA, 0x99, 0x67, 0x3F, 0x6B, 0x73, 0x91, 0x9A, 0x65, 0xA8, 0xEE, 0x50,
    0xED, 0xB8, 0xB0, 0x2A, 0xBE, 0x07, 0x90, 0x48, 0xAD, 0xA5, 0x2B, 0x7F, 0x39, 0x37, 0xFC, 0xC8,
    0x80, 0xA9, 0x29, 0xBA, 0x51, 0xFD, 0x6C, 0x28, 0x02, 0xE7, 0x8D, 0xD9, 0xDF, 0x67, 0x66, 0xDE,
    0x59, 0x15, 0xD2, 0xA5, 0x52, 0xEF, 0x46, 0x4A, 0x12, 0x37, 0x21, 0x39, 0x79, 0xF5, 0xE5, 0x18,
    0x3F, 0x81, 0x65, 0x95, 0xFE, 0xB6, 0xC9, 0x3E, 0x71, 0xAF, 0x56, 0xEF, 0xDD, 0xCC, 0xF8, 0xB3,
    0x1B, 0xE5, 0x15, 0x0C, 0x4C, 0x25, 0xB2, 0xCD, 0xBA, 0x5D, 0x03, 0xEF, 0x81, 0x1F, 0x0D, 0x6C,
    0xEE, 0xBB, 0xB0, 0xDF, 0x25, 0xB2, 0x8A, 0xAF, 0x96, 0xD9, 0xF0, 0x61, 0x0E, 0x1C, 0xC0, 0x9F,
    0xF6, 0x60, 0x9A, 0x53, 0x53, 0x7D, 0x34, 0xB5, 0x22, 0x9A, 0xBA, 0x3C, 0x63, 0xEA, 0x1F, 0x62,
    0xCC, 0xDB, 0x83, 0xA9, 0x7D, 0x2A, 0x27, 0x71, 0xBD, 0x2F, 0x2B, 0x32, 0x8B, 0xB2, 0x7C, 0x5C,
    0x27, 0x6B, 0x52, 0x57, 0x40, 0x7F, 0x04, 0x93, 0x0E, 0x74, 0x03, 0x77, 0x5E, 0xCE, 0xCA, 0xD1,
    0x75, 0xAF, 0x7E, 0xD5, 0xF2, 0x8D, 0x65, 0x06, 0x6F, 0xDC, 0x70, 0xE5, 0x6C, 0x5F, 0x34, 0xA0,
    0x1C, 0xBC, 0x14, 0xD8, 0x86, 0x9D, 0xB2, 0x1E, 0xA0, 0x04, 0xD0, 0xC0, 0xAB, 0x4F, 0x00, 0xDD,
    0x03, 0x90, 0x9E, 0x89, 0xBE, 0xC6, 0xD8, 0xF2, 0x55, 0xE2, 0xB4, 0xC9, 0xEA, 0x2E, 0xCB, 0x9E,
    0xB2, 0xE3, 0x75, 0xF8, 0x01, 0x94, 0x0D, 0x89, 0x03, 0xC7, 0xDF, 0xB4, 0xCC, 0x6A, 0xE6, 0x79,
    0x0D, 0x93, 0x02, 0xD0, 0xC7, 0x44, 0x0B, 0x52, 0xC7, 0x4E, 0xBA, 0x05, 0x97, 0xC4, 0x5D, 0xC7,
    0x07, 0x49, 0x5C, 0xD2, 0x2B, 0xC7, 0xDF, 0x0D, 0xD2, 0x0E, 0x82, 0x88, 0x1F, 0x45, 0x39, 0xAE,
    0x2E, 0x1D, 0x24, 0xAB, 0x3F, 0x80, 0xA5, 0x87, 0xA2, 0xBF, 0x29, 0x25, 0x2D, 0x22, 0x23, 0xDC,
    0x80, 0xD2, 0x45, 0x53, 0xE8, 0x87, 0xAC, 0xCE, 0x7F, 0x69, 0x87, 0x7C, 0xEE, 0xCB, 0x60, 0xBA,
    0xAC, 0x28, 0x3C, 0xD3, 0xD4, 0x92, 0xC8, 0x17, 0x96, 0xF4, 0xBF, 0xA5, 0x26, 0xB5, 0x7F, 0xCB,
    0xF9, 0xD7, 0x6A, 0x7B, 0x83, 0xF8, 0xE7, 0xAE, 0x05, 0x94, 0x95, 0x01, 0x43, 0x59, 0xB3, 0x46,
    0x77, 0xF7, 0x3D, 0x4A, 0xA4, 0x85, 0x87, 0x6B, 0x00, 0x48, 0x57, 0xAF, 0x93, 0xCB, 0x0A, 0x9D,
    0x75, 0x3B, 0xA6, 0x28, 0x77, 0x75, 0xC9, 0xDC, 0x9C, 0xDC, 0x4D, 0x29, 0x9C, 0xF9, 0xF0, 0xDF,
    0x9C, 0x96, 0x2F, 0xDD, 0x70, 0xA6, 0x74, 0xBB, 0xFF, 0x87, 0x82, 0xDB, 0xE7, 0xA9, 0x45, 0x82,
    0xEC, 0x91, 0xE3, 0x3B, 0x4E, 0xD9, 0xB4, 0x21, 0x6D, 0x54, 0x43, 0xF2, 0xBC, 0xB0, 0xB0, 0x94,
    0x0A, 0x8A, 0xFE, 0x96, 0xD9, 0x6A, 0x34, 0xB9, 0x9D, 0xA0, 0xC4, 0xC3, 0xB2, 0xDD, 0xEB, 0xAC,
    0x92, 0x75, 0xC0, 0x9B, 0x0F, 0x80, 0x83, 0xD7, 0x03, 0x68, 0xE0, 0xC1, 0x03, 0x20, 0xBF, 0x6D,
    0xDA, 0x14, 0x0D, 0x3C, 0x7E, 0x04, 0xEE, 0xCF, 0xC1, 0x1D, 0xC0, 0xA3, 0x47, 0x50, 0xB6, 0xFB,
    0xA3, 0xAE, 0xBE, 0xEC, 0x40, 0x7F, 0xDA, 0x42, 0xF1, 0x97, 0x16, 0x26, 0x45, 0x05, 0x47, 0x93,
    0x5B, 0x67, 0xFD, 0x57, 0x35, 0xA6, 0x84, 0xA3, 0x43, 0xE8, 0xE7, 0x24, 0xCE, 0xED, 0x8D, 0xF1,
    0x77, 0x47, 0x67, 0x06, 0x06, 0x73, 0x4A, 0x27, 0x1B, 0xE9, 0x2C, 0xD7, 0x40, 0x66, 0x01, 0x0D,
    0xF0, 0x00, 0xE0, 0x00, 0xC0, 0xFC, 0x04, 0x28, 0xD7, 0x40, 0xDE, 0xEF, 0xE7, 0x87, 0x0B, 0xCA,
    0x82, 0x06, 0x1E, 0x5C, 0xF0, 0x0F, 0x7A, 0xE6, 0x00, 0x24, 0x02, 0x80, 0xFA, 0xAF, 0x1A, 0x20,
    0x7F, 0xBF, 0x01, 0x28, 0x13, 0xC7, 0xB9, 0x64, 0x2A, 0xD6, 0xA4, 0xFD, 0x50, 0x08, 0xAA, 0x2B,
    0xEB, 0x44, 0x50, 0xAE, 0xB0, 0xA9, 0x54, 0x21, 0x00, 0xA5, 0xA4, 0xCE, 0x42, 0xF1, 0xD4, 0xE6,
    0x6D, 0xDE, 0x64, 0x9F, 0xDB, 0xBC, 0x19, 0x2E, 0x3E, 0x6D, 0xB4, 0xCD, 0x5A, 0xFD, 0x7E, 0x3B,
    0xD4, 0x38, 0xFD, 0x8E, 0x0B, 0x45, 0x91, 0xB8, 0xA2, 0x4E, 0x5D, 0x49, 0x57, 0x56, 0x49, 0x37,
    0xA1, 0x37, 0xD0, 0x1F, 0x33, 0x37, 0xE0, 0xE7, 0xE3, 0x4A, 0xF3, 0x9E, 0xC3, 0x29, 0xCC, 0x7B,
    0x26, 0xC7, 0x30, 0xED, 0x28, 0xE7, 0x60, 0x1C, 0x85, 0x07, 0xD3, 0xA2, 0x7B, 0x30, 0x0D, 0xBA,
    0x83, 0xD2, 0x8E, 0x4C, 0x8A, 0x78, 0x87, 0x2C, 0x6A, 0x18, 0xEB, 0x80, 0xAE, 0x03, 0x54, 0x7B,
    0x04, 0x24, 0xD5, 0x3D, 0x62, 0x5A, 0x50, 0xD4, 0xCA, 0x4D, 0x29, 0x07, 0xB3, 0x0C, 0x66, 0xB0,
    0x72, 0xC0, 0xC1, 0xC8, 0xB2, 0xFA, 0x87, 0xC1, 0xC6, 0xA2, 0xEA, 0x9C, 0xAE, 0x75, 0xED, 0xBA,
    0xA2, 0xD2, 0x9F, 0xB8, 0xC7, 0x25, 0xF9, 0xBF, 0xB7, 0x47, 0x86, 0xEC, 0x8B, 0xE6, 0x60, 0x82,
    0xFA, 0xC2, 0x3E, 0x38, 0x44, 0xFD, 0x6F, 0x5D, 0x1C, 0x31, 0xB0, 0xD6, 0x73, 0x12, 0x41, 0xF7,
    0x20, 0xA3, 0x11, 0x6B, 0x32, 0x07, 0xF3, 0x8D, 0x25, 0x3D, 0x90, 0xAE, 0x80, 0xEC, 0x29, 0xA0,
    0xC7, 0x1F, 0x92, 0x6A, 0xD9, 0x26, 0x03, 0x99, 0x2B, 0x6B, 0xF4, 0x30, 0x38, 0x85, 0xCD, 0x5B,
    0x4C, 0xA5, 0x1C, 0x33, 0x92, 0x9E, 0x15, 0xF8, 0xC4, 0xC3, 0x54, 0x39, 0x30, 0x59, 0x4B, 0x88,
    0x87, 0x82, 0xFE, 0xAA, 0x86, 0x4C, 0x80, 0x74, 0x0D, 0xE0, 0xAF, 0x0B, 0x79, 0x3C, 0xA5, 0x1E,
    0x1D, 0x41, 0x57, 0xC2, 0xBB, 0xAF, 0x00, 0x30, 0x05, 0x6F, 0x48, 0xBB, 0x32, 0x4C, 0x64, 0xAD,
    0x5A, 0x6D, 0xB3, 0x26, 0x6B, 0xC6, 0x19, 0xDB, 0x44, 0x85, 0xFA, 0x12, 0xFC, 0x64, 0xD3, 0x6F,
    0x32, 0x87, 0xB2, 0xDF, 0x09, 0x16, 0x37, 0x1B, 0xBD, 0xBA, 0x86, 0x12, 0x98, 0x42, 0xEA, 0xCF,
    0x44, 0xF5, 0xE0, 0x71, 0xDA, 0x82, 0x57, 0x2E, 0x5E, 0x9D, 0xA6, 0x25, 0xE4, 0xAD, 0xA9, 0xD0,
    0xB6, 0xB0, 0x94, 0xB5, 0x6E, 0x30, 0x64, 0x8E, 0x27, 0xA8, 0x0E, 0x0F, 0x3E, 0xED, 0xE1, 0xC9,
    0x8B, 0x7C, 0xA0, 0x6E, 0xE6, 0x03, 0x8A, 0x0A, 0x98, 0x00, 0x1C, 0x01, 0x74, 0x9C, 0x3F, 0x49,
    0x1A, 0x11, 0xD9, 0x00, 0xB0, 0x02, 0xD2, 0xD3, 0x60, 0xB7, 0x6E, 0x80, 0xC2, 0x02, 0x06, 0xE0,
    0x09, 0x90, 0x78, 0x40, 0x75, 0x04, 0x2A, 0xA7, 0x95, 0x15, 0xB0, 0x04, 0x18, 0x2B, 0x7B, 0x20,
    0x3B, 0xED, 0x5E, 0xD6, 0xC0, 0xAC, 0x3A, 0x7B, 0x64, 0xA5, 0xDF, 0x8C, 0x90, 0x59, 0xD0, 0x15,
    0xBC, 0x02, 0x00, 0xB1, 0x81, 0xDD, 0xA8, 0x9C, 0x02, 0x7E, 0xD3, 0x2E, 0x6F, 0xA0, 0xA8, 0xC1,
    0x00, 0xF3, 0xED, 0xD3, 0xAF, 0xB6, 0x71, 0x12, 0x76, 0xFB, 0xA6, 0x6D, 0x34, 0x3F, 0x5C, 0x5D,
    0xCA, 0xD3, 0x9F, 0xF2, 0x3C, 0x4B, 0xE5, 0x1C, 0x4F, 0x77, 0x5A, 0x59, 0x13, 0x79, 0xAE, 0xCE,
    0xF2, 0x6C, 0x81, 0xD2, 0x5E, 0xC0, 0xF3, 0x2D, 0xC0, 0xC0, 0x58, 0x72, 0x11, 0xC7, 0x27, 0x90,
    0x5C, 0xC0, 0x71, 0x05, 0xE9, 0xE8, 0xA2, 0xC8, 0xB1, 0x3A, 0xC7, 0xB1, 0xD3, 0x15, 0x1C, 0x05,
    0xAD, 0xE5, 0x11, 0xA0, 0x37, 0xBF, 0xFD, 0x5B, 0x9E, 0x55, 0x5D, 0xCF, 0x51, 0xBF, 0x72, 0x24,
    0xDF, 0x58, 0x98, 0x01, 0xF7, 0xF6, 0x37, 0xAB, 0xFF, 0x0F, 0xCD, 0x96, 0x37, 0x90, 0xEC, 0xB8,
    0x11, 0x86, 0x3F, 0x92, 0xA7, 0x65, 0xD5, 0xB1, 0x54, 0x50, 0x26, 0x2F, 0xCA, 0x7B, 0x2D, 0x43,
    0xB9, 0xDD, 0x01, 0xE5, 0xBD, 0xC9, 0x13, 0xE5, 0xD1, 0x86, 0x72, 0x6F, 0x87, 0xAC, 0x52, 0x5E,
    0xB5, 0x2F, 0x52, 0xAA, 0x54, 0xDE, 0xFB, 0xE1, 0x1B, 0xC8, 0x87, 0xE2, 0x5D, 0x28, 0x4B, 0x99,
    0x48, 0x6E, 0x51, 0x27, 0xAA, 0xC4, 0xA7, 0xC3, 0x0C, 0xC4, 0xEE, 0x9A, 0xB5, 0xE7, 0xFD, 0xEB,
    0x22, 0xBE, 0x1E, 0x03, 0x34, 0xC0, 0x06, 0xFE, 0x42, 0xB3, 0x17, 0x4F, 0x08, 0x34, 0x71, 0x43,
    0x48, 0xB7, 0xEF, 0x58, 0xB7, 0xA1, 0xF0, 0x98, 0x61, 0x2A, 0x1D, 0xD9, 0x7F, 0xBC, 0xAD, 0x49,
    0x62, 0x6F, 0x81, 0x58, 0x77, 0x40, 0xC7, 0x0A, 0x58, 0x12, 0x80, 0x85, 0xD2, 0x3E, 0x80, 0x8B,
    0x5D, 0x1F, 0xED, 0xCF, 0x02, 0x08, 0x48, 0x9C, 0x09, 0x89, 0xE9, 0x91, 0xF8, 0x3D, 0x3A, 0x17,
    0xAC, 0xE3, 0x06, 0x74, 0x0D, 0x70, 0x74, 0x1B, 0x9B, 0xC5, 0xE8, 0xAC, 0x19, 0x4B, 0xBF, 0xA8,
    0xDA, 0x74, 0x3A, 0xB6, 0x10, 0x56, 0x1D, 0x34, 0x3E, 0x80, 0x75, 0x02, 0xAE, 0xA1, 0x83, 0x25,
    0xD2, 0x0F, 0x19, 0x81, 0x8C, 0x45, 0xA2, 0x68, 0x3C, 0x02, 0x98, 0x9F, 0xF9, 0x4B, 0x1C, 0x84,
    0xBF, 0xEA, 0x85, 0xBF, 0x76, 0xC2, 0xD3, 0x5A, 0xB8, 0x41, 0xD8, 0x2B, 0xDD, 0xA3, 0x66, 0x2B,
    0x2C, 0x5B, 0x3A, 0xA8, 0x6A, 0x2C, 0xF2, 0x54, 0x2D, 0x5B, 0x30, 0xE3, 0x0B, 0x03, 0xB2, 0x8E,
    0x01, 0x38, 0xDA, 0x02, 0x81, 0xCC, 0x87, 0xAB, 0x98, 0x66, 0xDC, 0xE7, 0x67, 0xFC, 0xB7, 0x9F,
    0x11, 0xEB, 0x19, 0x93, 0xF6, 0xBB, 0x82, 0xDC, 0xB3, 0x92, 0xA4, 0x2D, 0x29, 0x3D, 0xF6, 0xE6,
    0x8F, 0x3D, 0x26, 0xFE, 0xD9, 0x93, 0x6E, 0xDF, 0xE9, 0xA1, 0x64, 0x84, 0xE2, 0x67, 0x03, 0x64,
    0x7F, 0x6F, 0x81, 0x08, 0x70, 0xCC, 0x15, 0xBB, 0xC5, 0xEE, 0x8F, 0x44, 0x90, 0xC6, 0x16, 0xB2,
    0x53, 0x07, 0xF9, 0x6F, 0xFB, 0xDD, 0x58, 0xF3, 0x39, 0x09, 0xF5, 0xCE, 0x11, 0x2C, 0x93, 0x20,
    0x48, 0x90, 0x0E, 0x02, 0x4B, 0x81, 0x25, 0x9D, 0xA8, 0xEA, 0xEC, 0x7F, 0x5F, 0xFA, 0x7A, 0x9B,
    0xC5, 0x18, 0x5D, 0x31, 0xA3, 0x37, 0x8E, 0x7C, 0x98, 0x91, 0xF9, 0xAA, 0x25, 0x1B, 0x65, 0x8F,
    0x43, 0x03, 0x84, 0xAC, 0xDF, 0x27, 0x19, 0x57, 0xB0, 0xF4, 0x50, 0xF5, 0x70, 0x77, 0x0D, 0x40,
    0xB2, 0xFE, 0x2B, 0xF3, 0x48, 0xEC, 0x49, 0xE3, 0x0E, 0x25, 0xDB, 0xE4, 0xB2, 0x70, 0x2F, 0x2D,
    0x59, 0x47, 0x5F, 0xC6, 0xE8, 0x9B, 0x36, 0xF3, 0x9D, 0x24, 0x48, 0x5B, 0xEE, 0x37, 0x18, 0xDF,
    0xDC, 0x5C, 0xCF, 0xFF, 0xDD, 0xE7, 0xD3, 0xF8, 0x0E, 0xBF, 0x9F, 0x0D, 0xE6, 0x7D, 0x2E, 0xFF,
    0x23, 0xE9, 0x06, 0x26, 0x76, 0x16, 0x9E, 0x84, 0x67, 0x31, 0x47, 0xFE, 0x90, 0xCB, 0x4E, 0x49,
    0x02, 0x3C, 0xE7, 0xF1, 0x86, 0xAD, 0x2E, 0x36, 0xE4, 0xF4, 0x7C, 0x43, 0x5E, 0xC9, 0x65, 0x93,
    0xD3, 0xAE, 0x82, 0x53, 0x0D, 0xA8, 0x1C, 0x54, 0x19, 0x2A, 0x12, 0x0B, 0x04, 0x95, 0x8E, 0xAA,
    0x48, 0x05, 0x25, 0xB0, 0x57, 0xB1, 0xD0, 0x7F, 0xB5, 0x9F, 0x2A, 0x4C, 0xC7, 0x6A, 0x14, 0x8D,
    0xA7, 0x91, 0x55, 0x5C, 0x3A, 0x5B, 0xE2, 0x0D, 0xDC, 0x38, 0x84, 0xFD, 0x1F, 0x80, 0xF1, 0x90,
    0xB6, 0x80, 0x4A, 0x4E, 0xB5, 0x22, 0xA2, 0x11, 0xF5, 0x58, 0x9D, 0x5B, 0x67, 0xB5, 0xD7, 0x9B,
    0xFC, 0x2E, 0xFF, 0x4B, 0x3F, 0xE9, 0x2F, 0xE3, 0x64, 0x3C, 0x63, 0xE1, 0xE0, 0xB8, 0x02, 0xCA,
    0x15, 0x90, 0x8F, 0x40, 0x72, 0xC2, 0x25, 0x53, 0xC1, 0x3C, 0x79, 0x68, 0x55, 0x74, 0xAA, 0x39,
    0x95, 0x9C, 0x2A, 0x4E, 0x05, 0xA7, 0x7A, 0x53, 0xB9, 0x65, 0xFD, 0x21, 0xF8, 0x09, 0x96, 0x03,
    0x94, 0x0E, 0x9E, 0x05, 0xEC, 0x54, 0xF8, 0xE8, 0x5B, 0xEE, 0x45, 0x79, 0x22, 0x3C, 0xD1, 0x9D,
    0xC8, 0x6E, 0x4E, 0xAC, 0x47, 0x4D, 0x5E, 0x5F, 0xA1, 0xC6, 0x0F, 0x8A, 0x16, 0x82, 0x71, 0xBB,
    0x4F, 0xF0, 0x0C, 0x27, 0x00, 0x90, 0x6F, 0xDA, 0xCE, 0xAC, 0x68, 0xF7, 0x31, 0xCE, 0xAA, 0x87,
    0xC7, 0x93, 0x10, 0xD1, 0x66, 0xE1, 0x1B, 0x49, 0xC8, 0x3D, 0x3F, 0xBA, 0x94, 0x90, 0x4F, 0x01,
    0x78, 0x20, 0xE9, 0xB9, 0x53, 0x13, 0x92, 0x0E, 0x90, 0x3B, 0x30, 0x0F, 0x96, 0x8C, 0x27, 0xF1,
    0x74, 0xBC, 0x72, 0x0F, 0x78, 0xD3, 0x4B, 0x00, 0x73, 0x03, 0xC8, 0xBC, 0xEA, 0xE1, 0x0E, 0xCC,
    0x48, 0xE6, 0x0E, 0xC0, 0x8F, 0xD0, 0xF4, 0x48, 0x87, 0xA7, 0x34, 0x2B, 0x45, 0x8D, 0xCC, 0x08,
    0xA4, 0x77, 0xEE, 0x11, 0xF9, 0x01, 0x70, 0x08, 0x94, 0x3C, 0xB5, 0xC9, 0x28, 0x99, 0x20, 0x97,
    0x4B, 0x22, 0xBD, 0xDF, 0x01, 0x11, 0xE0, 0x79, 0xD7, 0x2E, 0x89, 0x01, 0x9A, 0xB8, 0x65, 0x1E,
    0xD0, 0xB8, 0xC2, 0x93, 0xCB, 0x7D, 0x9B, 0xC8, 0xE2, 0x61, 0x21, 0xE8, 0x04, 0x2B, 0x41, 0xB8,
    0x84, 0x2A, 0xFA, 0x1D, 0xC8, 0xFC, 0x4A, 0xD0, 0x09, 0x96, 0x02, 0x2B, 0x38, 0xBB, 0x24, 0x72,
    0x9F, 0xCD, 0x97, 0x84, 0x67, 0x1D, 0xB7, 0x9E, 0x3C, 0x9E, 0xF8, 0xAC, 0x5F, 0xC0, 0xF9, 0xAD,
    0xED, 0xCE, 0x6F, 0x6D, 0xD6, 0xFD, 0x2A, 0x8F, 0x61, 0x55, 0xFE, 0xF5, 0x28, 0xD8, 0x3A, 0x0B,
    0x4B, 0x92, 0xD0, 0x41, 0x08, 0x0F, 0xD2, 0x3A, 0x90, 0xFF, 0xB5, 0x9F, 0x99, 0xFB, 0xE7, 0x71,
    0x13, 0x58, 0x0F, 0x01, 0x90, 0x36, 0x41, 0x3A, 0x42, 0xEE, 0x5F, 0xF2, 0xF1, 0xA3, 0xBE, 0x8A,
    0xB1, 0x4E, 0xD7, 0xE3, 0x99, 0x44, 0x54, 0x9B, 0x60, 0xB8, 0xB0, 0xA6, 0x06, 0x92, 0x3F, 0xF7,
    0x40, 0xE6, 0x06, 0xA5, 0x07, 0xD2, 0x7B, 0x7B, 0x5D, 0x56, 0xCB, 0xB9, 0xD9, 0x8B, 0xFE, 0xC4,
    0x56, 0xE9, 0x90, 0xEC, 0xEA, 0xD8, 0x7F, 0x7B, 0x20, 0xBF, 0x57, 0x58, 0xFC, 0x64, 0x64, 0x77,
    0x24, 0x28, 0xEB, 0x15, 0x50, 0xB1, 0x04, 0x2C, 0x16, 0x38, 0xA6, 0xAA, 0x21, 0x50, 0xB6, 0x42,
    0xE3, 0x48, 0xB7, 0x5F, 0xFA, 0x7A, 0x8F, 0x94, 0x3C, 0x83, 0xD2, 0x53, 0xF4, 0xA4, 0x23, 0xB2,
    0x15, 0x81, 0xD2, 0x41, 0x50, 0xE5, 0xDC, 0xC2, 0x02, 0xCD, 0xEE, 0x15, 0x07, 0x59, 0x29, 0x6A,
    0x65, 0x0F, 0x3F, 0xF8, 0x0E, 0xF8, 0xB7, 0x80, 0x3F, 0x80, 0xEF, 0x7C, 0x07, 0xAA, 0xE1, 0xBC,
    0x1A, 0x32, 0xBB, 0x6A, 0xE8, 0x40, 0xE2, 0x92, 0x9D, 0x57, 0x43, 0x69, 0xBC, 0xA8, 0x86, 0x36,
    0x0F, 0x53, 0x0D, 0x9D, 0x6F, 0x3C, 0xA9, 0x17, 0x6A, 0x08, 0xA0, 0x70, 0xEA, 0x0C, 0x0F, 0xB4,
    0x3C, 0x46, 0xC9, 0x50, 0xA1, 0x0E, 0x13, 0x00, 0xA8, 0xD4, 0xB1, 0x50, 0xC7, 0x4A, 0x1D, 0x41,
    0x5D, 0x3A, 0xAA, 0x93, 0xF9, 0x81, 0xA2, 0x57, 0x67, 0x5C, 0x8C, 0x5B, 0x11, 0x94, 0x3A, 0x4B,
    0x00, 0x58, 0xAA, 0x23, 0xA8, 0x4B, 0xD4, 0x49, 0xD2, 0xC4, 0xE5, 0xEA, 0x76, 0x05, 0x36, 0xA5,
    0x53, 0x57, 0xB5, 0xEA, 0x2C, 0xC8, 0x5A, 0x6E, 0xA1, 0x4E, 0xF7, 0x85, 0xF3, 0x43, 0x0E, 0x2B,
    0x25, 0x23, 0x5C, 0xAB, 0x2B, 0x92, 0xF5, 0xB0, 0x17, 0x5B, 0x4C, 0xDC, 0xD8, 0x38, 0x62, 0x6F,
    0xAE, 0xB7, 0xEF, 0xD8, 0x70, 0x40, 0x35, 0x62, 0x01, 0x33, 0x60, 0x6A, 0x9D, 0xD1, 0xB4, 0xB2,
    0xDE, 0xF9, 0xD9, 0x8B, 0x62, 0xAE, 0x8A, 0xEA, 0x9A, 0xD6, 0x38, 0x60, 0x83, 0xBA, 0x20, 0x3D,
    0xD5, 0x79, 0xEE, 0x62, 0x83, 0x9D, 0x28, 0x69, 0xDE, 0xB1, 0x8D, 0xEF, 0x88, 0x94, 0x71, 0xB4,
    0x71, 0x22, 0x8D, 0xB5, 0x56, 0x6E, 0x24, 0x5F, 0xD0, 0x7C, 0x00, 0x79, 0x0F, 0x1A, 0x9F, 0xEA,
    0x9A, 0x82, 0xB3, 0x81, 0xBD, 0xF8, 0xF9, 0x9E, 0x26, 0x46, 0x27, 0xC5, 0x98, 0x28, 0xD8, 0x0E,
    0xA5, 0xA3, 0x91, 0x3A, 0xF9, 0x76, 0xB0, 0xA4, 0x3E, 0x74, 0x64, 0x7D, 0xB7, 0xA2, 0x70, 0xCB,
    0x40, 0x59, 0x2F, 0x02, 0x0B, 0x6C, 0xE0, 0x86, 0x60, 0x9A, 0x91, 0x7A, 0x16, 0x21, 0xEB, 0x59,
    0x76, 0x85, 0xA3, 0x5B, 0x9A, 0x9A, 0x60, 0xAD, 0x94, 0x79, 0x72, 0x1A, 0xCC, 0x84, 0xE9, 0x45,
    0xC1, 0x52, 0x90, 0x6F, 0x28, 0x7E, 0x15, 0x4F, 0xF4, 0x85, 0x77, 0x6B, 0x39, 0x06, 0x26, 0x48,
    0x3C, 0xA4, 0x9A, 0xB3, 0x81, 0xA3, 0xFB, 0xFB, 0x8B, 0x5A, 0xAF, 0x9C, 0x2C, 0x87, 0xA1, 0xE3,
    0xC6, 0x32, 0x30, 0xDA, 0x90, 0x0C, 0x36, 0x64, 0xCE, 0x86, 0xA2, 0xB5, 0xC1, 0x60, 0xBB, 0x7D,
    0x96, 0xF6, 0x80, 0x50, 0x8D, 0x17, 0xB5, 0x5E, 0x7E, 0x7A, 0x5B, 0x26, 0xB8, 0x5A, 0x33, 0xD6,
    0x89, 0xB7, 0x50, 0x5B, 0x40, 0x5A, 0xE5, 0xC0, 0x88, 0xC0, 0x63, 0x0D, 0x71, 0x84, 0x72, 0x0B,
    0x49, 0x74, 0x50, 0x7A, 0xC8, 0x64, 0x41, 0x01, 0xD0, 0xF6, 0x5A, 0x98, 0x96, 0xA4, 0xA3, 0xFD,
    0xEB, 0x27, 0x86, 0x42, 0x36, 0x7E, 0x3D, 0x71, 0x6E, 0x92, 0x58, 0xE3, 0xB5, 0x91, 0x7B, 0x48,
    0x76, 0x92, 0xCA, 0x6A, 0x40, 0x42, 0xB6, 0x26, 0x8E, 0xD5, 0x3D, 0x2B, 0xCB, 0x2B, 0x2D, 0xD8,
    0x96, 0x72, 0xD4, 0x49, 0x9B, 0xD9, 0x05, 0x91, 0x23, 0xF2, 0xF3, 0x8B, 0x68, 0xEC, 0x3B, 0x37,
    0x65, 0x1C, 0xD3, 0xD8, 0xA2, 0x46, 0x59, 0x63, 0x9D, 0x3C, 0xA5, 0x23, 0x6F, 0x31, 0xF0, 0x6C,
    0x00, 0x3D, 0x11, 0x0A, 0xDD, 0xD8, 0xA7, 0x05, 0x17, 0x96, 0x8C, 0x40, 0x16, 0xCE, 0x90, 0x08,
    0xF8, 0xCE, 0x79, 0x49, 0xE5, 0x38, 0xB7, 0xD4, 0x93, 0x5D, 0x7A, 0x62, 0x0C, 0xF3, 0x23, 0x9F,
    0x1F, 0xFE, 0x19, 0x49, 0x36, 0x77, 0xB1, 0xDE, 0x50, 0x86, 0x07, 0xC9, 0x43, 0xD6, 0x92, 0xC3,
    0xDD, 0x00, 0xFF, 0x07, 0x5D, 0x8E, 0x01, 0x66, 0xC0, 0x30, 0x14, 0x86, 0xFF, 0x26, 0x28, 0x82,
    0x14, 0x80, 0xD1, 0x1C, 0x21, 0x30, 0x0C, 0xE9, 0x9A, 0x23, 0xEC, 0x38, 0x43, 0xA7, 0x01, 0x60,
    0xC0, 0x2E, 0x32, 0x08, 0x02, 0x93, 0x1C, 0x21, 0xEC, 0x02, 0x39, 0xC2, 0xC3, 0x86, 0x91, 0xCA,
    0xDE, 0x60, 0x6C, 0xDE, 0xF3, 0x03, 0xBE, 0xEF, 0xDB, 0x61, 0xBC, 0x2A, 0xB2, 0x4E, 0xA4, 0x8A,
    0x0E, 0x16, 0x0E, 0x09, 0xD3, 0x07, 0x64, 0x87, 0x7E, 0x85, 0xD5, 0xE1, 0x90, 0xD5, 0xBE, 0xD4,
    0x3C, 0xCA, 0x67, 0xF6, 0x00, 0xC6, 0x20, 0xFE, 0x07, 0x04, 0x12, 0xF5, 0xED, 0xA6, 0xEC, 0x23,
    0xA8, 0x0B, 0xA9, 0xA7, 0x24, 0x5A, 0x97, 0xC4, 0x0B, 0x18, 0x3A, 0x7B, 0x3C, 0x16, 0x06, 0x09,
    0x9A, 0x8B, 0xF0, 0xA6, 0x3E, 0x46, 0xBA, 0x23, 0x17, 0xA3, 0x6D, 0x80, 0x7A, 0x6F, 0xFA, 0xB9,
    0x58, 0xE3, 0xB7, 0x7B, 0xA4, 0x03, 0x8C, 0x67, 0x09, 0xAB, 0x58, 0xF8, 0xA3, 0x25, 0xBE, 0x36,
    0x57, 0x5D, 0xAC, 0xBF, 0xD0, 0xFE, 0x90, 0x9F, 0xC6, 0x38, 0x57, 0x77, 0x0B, 0x8D, 0x15, 0x1B,
    0x76, 0x2E, 0x06, 0x8D, 0x96, 0x83, 0xF2, 0x0E, 0x11, 0x84, 0xAF, 0x25, 0x93, 0xAD, 0xFF, 0xD2,
    0x7E, 0x93, 0xBF, 0x01, 0xC5, 0x99, 0x01, 0xC4, 0x25, 0x59, 0x76, 0xC7, 0xFF, 0xF5, 0x2A, 0xDD,
    0xC5, 0x56, 0x32, 0x37, 0xE8, 0x49, 0x48, 0xCB, 0xDC, 0x45, 0x10, 0xEC, 0x7E, 0x05, 0x10, 0xD4,
    0xF7, 0x4E, 0x25, 0x83, 0xC5, 0x88, 0x69, 0xA4, 0x37, 0x68, 0x6C, 0x00, 0xCB, 0x24, 0x79, 0x10,
    0x74, 0xE2, 0xEB, 0x57, 0xD5, 0x56, 0x34, 0x60, 0x1A, 0x32, 0xC1, 0x60, 0x83, 0x0D, 0x6C, 0x30,
    0x96, 0xC1, 0x27, 0xDE, 0xF7, 0xEA, 0xEE, 0x34, 0x06, 0x83, 0xAE, 0xD9, 0xAC, 0x2C, 0x86, 0x4C,
    0x65, 0xA7, 0x7B, 0x57, 0x4C, 0xE8, 0x9B, 0x99, 0x9A, 0x9E, 0x7A, 0x33, 0xA7, 0xEA, 0xE4, 0x1C,
    0xAF, 0xBF, 0xE9, 0x6E, 0x3D, 0xDD, 0x7A, 0x46, 0x47, 0xEE, 0xF7, 0xFE, 0xBF, 0xAA, 0xE9, 0xAA,
    0x7B, 0xCE, 0xAD, 0x7B, 0x4F, 0x9D, 0x7B, 0xDE, 0x1B, 0xAC, 0x46, 0x64, 0x22, 0x8D, 0xBF, 0xBD,
    0xEA, 0x09, 0x59, 0xDC, 0x20, 0x19, 0x27, 0x80, 0xA5, 0x07, 0x67, 0x03, 0xD8, 0x75, 0xE0, 0xA2,
    0x02, 0x13, 0x9E, 0x4E, 0x67, 0xA5, 0x72, 0xA1, 0x90, 0xE8, 0x42, 0xFD, 0xE1, 0xE8, 0x42, 0x1B,
    0xD9, 0x85, 0xE1, 0xB2, 0x22, 0x96, 0x6C, 0x67, 0xA3, 0x5E, 0xB8, 0x3B, 0xB8, 0xE0, 0xFF, 0x4D,
    0x6F, 0x41, 0xD6, 0x29, 0x5C, 0x78, 0x32, 0x7C, 0x83, 0xFC, 0x93, 0xB6, 0x42, 0x2A, 0x33, 0x80,
    0xFA, 0x96, 0x02, 0x40, 0x76, 0x23, 0xEA, 0x25, 0x51, 0xA3, 0xCB, 0x2B, 0x6B, 0x17, 0x36, 0xE7,
    0xC8, 0x05, 0x69, 0x0C, 0x91, 0xCC, 0xD1, 0xFA, 0x9E, 0xCB, 0x37, 0xFF, 0x56, 0x5D, 0xD2, 0xC7,
    0x7A, 0x73, 0x7E, 0xCD, 0xBC, 0xE5, 0x8F, 0x73, 0x94, 0x77, 0x8A, 0x6C, 0x57, 0x57, 0x58, 0x88,
    0x00, 0x58, 0x0D, 0xAA, 0xD9, 0x26, 0xA7, 0xF3, 0xBB, 0xEF, 0x8D, 0x54, 0x25, 0xD3, 0x16, 0x58,
    0x33, 0x40, 0x9C, 0x0F, 0xC4, 0xC5, 0x44, 0x7C, 0xE4, 0x88, 0xF9, 0x39, 0xDA, 0xCA, 0x44, 0xF5,
    0xDB, 0x03, 0x51, 0x00, 0x51, 0xA5, 0xC2, 0x97, 0x0B, 0x00, 0x16, 0x7D, 0xD6, 0x38, 0xF6, 0x03,
    0xB5, 0x2D, 0xAF, 0xF3, 0xE1, 0xCA, 0x26, 0x09, 0x4B, 0x36, 0x9B, 0xA6, 0x6C, 0x6F, 0x77, 0x73,
    0xF4, 0x1C, 0x6D, 0xD4, 0xEE, 0xFA, 0xCE, 0x44, 0x74, 0x43, 0xED, 0x36, 0x8F, 0xB7, 0x7B, 0x3A,
    0x19, 0x69, 0xF4, 0xC2, 0x69, 0xD4, 0xC9, 0x48, 0xA3, 0x4E, 0x46, 0x1A, 0xA5, 0x31, 0x44, 0x85,
    0x4E, 0x46, 0x1A, 0x63, 0xA9, 0x57, 0x75, 0x32, 0xD2, 0xA8, 0x93, 0x91, 0x46, 0x9D, 0x8C, 0x34,
    0x22, 0x0F, 0x0A, 0x6F, 0x90, 0x39, 0x8D, 0x0B, 0x91, 0x0F, 0x62, 0xFA, 0xAE, 0x7C, 0x1E, 0xD3,
    0xC0, 0x75, 0x4C, 0xEF, 0x8E, 0x3E, 0x26, 0x12, 0xB3, 0x88, 0xBA, 0x49, 0x23, 0xB2, 0x01, 0x7E,
    0xC2, 0xB2, 0x46, 0xE9, 0x70, 0x58, 0xA0, 0x10, 0x38, 0x41, 0x52, 0xFF, 0x36, 0xE8, 0x32, 0x68,
    0x0D, 0x2A, 0x1A, 0xCA, 0x7B, 0x5A, 0x0C, 0x84, 0x13, 0x02, 0xD5, 0x76, 0x35, 0x15, 0x40, 0x80,
    0xDA, 0x26, 0x32, 0x15, 0xE9, 0xFD, 0xEE, 0x12, 0x53, 0x83, 0x69, 0x0D, 0x2C, 0xBF, 0x0F, 0x10,
    0x54, 0xC9, 0x04, 0xCA, 0x05, 0xE4, 0xB2, 0x46, 0x15, 0xF4, 0x3C, 0x50, 0xA2, 0x42, 0xD6, 0x11,
    0xD2, 0xFE, 0x9E, 0x22, 0x61, 0xB1, 0xDB, 0x02, 0xC2, 0x40, 0xD1, 0xA3, 0x98, 0x6D, 0x99, 0x24,
    0xC2, 0xA9, 0x45, 0x14, 0x15, 0xB6, 0x58, 0x02, 0x84, 0x73, 0x06, 0x54, 0x0A, 0xC7, 0x8A, 0x62,
    0x56, 0x94, 0xDE, 0xF0, 0x9C, 0xA2, 0x60, 0x45, 0x3E, 0xE2, 0x04, 0x49, 0xCC, 0x26, 0x2C, 0x62,
    0x7B, 0xA7, 0x4A, 0x3F, 0x96, 0x34, 0xA4, 0xF2, 0xBE, 0xE1, 0xA5, 0xD7, 0x43, 0x3A, 0xA5, 0x52,
    0xA5, 0x63, 0x32, 0x01, 0x80, 0x4D, 0x49, 0x95, 0xF5, 0x5E, 0x62, 0x6E, 0xE1, 0x5C, 0x34, 0x6D,
    0xE4, 0x2D, 0x34, 0x9C, 0x5B, 0xC4, 0x92, 0x8B, 0xE6, 0xEB, 0x84, 0xB3, 0x21, 0xDF, 0xDD, 0x0F,
    0xE7, 0x41, 0x81, 0x64, 0xCC, 0xDE, 0xEA, 0x93, 0xE1, 0x74, 0x05, 0xF3, 0xEE, 0xE8, 0x1C, 0x51,
    0x25, 0x0D, 0x51, 0x63, 0xE1, 0xDC, 0xD9, 0x0A, 0xF6, 0x8F, 0xAC, 0x60, 0x7F, 0xBA, 0x82, 0xEE,
    0x4B, 0x90, 0x77, 0x59, 0x8F, 0x6C, 0xB7, 0xEA, 0x6C, 0x9E, 0x1A, 0x60, 0x35, 0xAA, 0x76, 0x00,
    0xDB, 0x7F, 0x82, 0xDD, 0x6E, 0xD5, 0xDB, 0x9B, 0x9D, 0x46, 0xF0, 0xA1, 0xFA, 0x07, 0xAF, 0x2B,
    0x28, 0x6B, 0x15, 0x38, 0x35, 0xB2, 0x0B, 0x46, 0x5F, 0x19, 0x0B, 0x18, 0x69, 0xCF, 0x0A, 0xC6,
    0x31, 0x97, 0x86, 0x69, 0xF6, 0x32, 0xF0, 0xA1, 0x3F, 0xF4, 0x33, 0x97, 0xAE, 0x74, 0x35, 0x2F,
    0x57, 0x07, 0xAB, 0x9C, 0xFD, 0xE4, 0xA6, 0x05, 0x67, 0x83, 0xE5, 0x10, 0xB4, 0x23, 0x6C, 0x8D,
    0xA5, 0x02, 0x15, 0xB7, 0xEB, 0x0E, 0x54, 0x23, 0x8B, 0xA0, 0x0D, 0x16, 0x03, 0x68, 0x36, 0xBF,
    0xD4, 0x46, 0x30, 0x28, 0x33, 0x92, 0x6B, 0x8C, 0x05, 0x8C, 0xF4, 0x20, 0x2B, 0x18, 0x19, 0xC6,
    0xD9, 0xB8, 0xF4, 0xC6, 0xD2, 0x29, 0xD7, 0xB4, 0x42, 0xFD, 0xDA, 0xE4, 0x27, 0x14, 0x62, 0x5E,
    0xCF, 0x4A, 0x83, 0x87, 0xDA, 0x3E, 0x44, 0x92, 0x5F, 0x34, 0xCA, 0xF4, 0x46, 0x38, 0x01, 0x16,
    0x1F, 0x5E, 0x65, 0x20, 0x91, 0x4B, 0x03, 0x80, 0x56, 0x7A, 0x65, 0x3E, 0x63, 0xDF, 0x93, 0x64,
    0x04, 0xE4, 0xBB, 0x33, 0xD2, 0x01, 0x35, 0xB2, 0x0E, 0xBE, 0xC9, 0x6F, 0xC1, 0x85, 0x5C, 0x1A,
    0x17, 0x50, 0x18, 0xD6, 0x50, 0xF0, 0x43, 0x48, 0x0C, 0x34, 0x29, 0xDA, 0x59, 0x31, 0xAC, 0x15,
    0x91, 0x14, 0xBB, 0xAD, 0xA2, 0x66, 0x85, 0xEF, 0x15, 0xC0, 0x7D, 0x7C, 0x4B, 0xF1, 0x7C, 0xE9,
    0xC2, 0x42, 0x46, 0x33, 0x3F, 0xB9, 0xE0, 0x1A, 0x79, 0x35, 0x38, 0x7C, 0x2C, 0xC1, 0xBD, 0xD8,
    0xB5, 0x21, 0x93, 0x50, 0x04, 0x9C, 0xD8, 0xCD, 0x8F, 0x0E, 0xAD, 0xBA, 0x3F, 0xB4, 0xEC, 0x59,
    0x0E, 0xAD, 0x52, 0xA4, 0xBD, 0xE2, 0xA5, 0xA0, 0xA3, 0xDA, 0x27, 0xF5, 0x1F, 0xBC, 0x1A, 0x0E,
    0xFD, 0x2F, 0xDE, 0x0F, 0xA5, 0x17, 0x09, 0xCB, 0xFA, 0x90, 0x82, 0x9F, 0xBE, 0x55, 0x84, 0x6C,
    0xC0, 0x37, 0x1A, 0x58, 0x43, 0xFB, 0xD9, 0xF7, 0xAA, 0x54, 0x44, 0xE0, 0x6E, 0xBF, 0x32, 0xC1,
    0x77, 0x00, 0xBC, 0xFC, 0x08, 0x38, 0xDB, 0x4A, 0x03, 0x24, 0x16, 0x07, 0xC7, 0xC9, 0x84, 0x4C,
    0xB0, 0x84, 0x7B, 0xA9, 0x21, 0xD8, 0x0B, 0xAF, 0x67, 0x8A, 0x5C, 0x14, 0xA9, 0x01, 0xDE, 0xE0,
    0xF6, 0x58, 0x42, 0x93, 0xFF, 0x04, 0xA4, 0x32, 0x9A, 0xFD, 0x0E, 0x0F, 0xB4, 0xEC, 0x4F, 0x46,
    0xC0, 0xFD, 0xE9, 0x56, 0xF1, 0x9B, 0x04, 0x3F, 0xFF, 0x56, 0x8D, 0x76, 0xCA, 0x04, 0x91, 0xFE,
    0x9E, 0xD0, 0x7E, 0xF2, 0xB9, 0xA0, 0xE8, 0xFE, 0xA2, 0x85, 0x35, 0x2C, 0xAE, 0xF6, 0xEA, 0xD8,
    0x7D, 0xC8, 0x96, 0x6A, 0xB6, 0x5B, 0xF7, 0x46, 0x73, 0xF4, 0x07, 0x54, 0xB8, 0xA6, 0x6D, 0xE8,
    0xD0, 0xF6, 0x0C, 0x3A, 0x72, 0xB6, 0x69, 0x1C, 0xDB, 0xAE, 0xC1, 0x83, 0x6D, 0x1B, 0xBB, 0xE8,
    0x02, 0x7D, 0xFA, 0x51, 0x6F, 0x2F, 0xF7, 0x07, 0xC1, 0xDE, 0xDA, 0xB7, 0x8D, 0xEE, 0x66, 0xE5,
    0x8C, 0x30, 0xFE, 0x07, 0x8C, 0xFF, 0x0D, 0x23, 0xC3, 0x38, 0xC0, 0x18, 0x61, 0xEC, 0x8D, 0x7B,
    0xEF, 0x6A, 0x0B, 0xE4, 0x98, 0x22, 0xA8, 0x58, 0xDD, 0x65, 0xD0, 0x3A, 0xEB, 0x36, 0xA0, 0x4D,
    0x82, 0x35, 0x88, 0x81, 0xA5, 0x32, 0xBB, 0x4E, 0x4A, 0x3F, 0x18, 0xCB, 0xF2, 0x0B, 0x9E, 0x7C,
    0xFB, 0x48, 0xB9, 0x76, 0x83, 0x72, 0x99, 0xF6, 0x4A, 0xF2, 0x57, 0xE5, 0x3A, 0xA9, 0x09, 0xDB,
    0x1E, 0xC6, 0x3C, 0x95, 0x96, 0xA2, 0x4B, 0xDF, 0x11, 0x0A, 0xF9, 0x7B, 0x6F, 0x09, 0xE9, 0x0A,
    0x54, 0x2D, 0xC1, 0xF2, 0xAA, 0xED, 0x96, 0xCA, 0x4C, 0xC4, 0x0E, 0xFE, 0x76, 0x1B, 0x40, 0x20,
    0xB8, 0x4E, 0xB1, 0x41, 0xD6, 0x83, 0x30, 0x5B, 0x0A, 0x20, 0xB4, 0xD1, 0x0E, 0xC8, 0xF6, 0x07,
    0xD7, 0xD8, 0x01, 0x05, 0xEC, 0x00, 0xB2, 0xC3, 0x72, 0x7F, 0x58, 0x83, 0xB4, 0x43, 0xC2, 0x20,
    0x4E, 0x63, 0x3E, 0x83, 0xE6, 0x34, 0xB6, 0x52, 0x2D, 0xBD, 0xE6, 0xD1, 0xEF, 0x84, 0xD2, 0xA5,
    0x72, 0x27, 0x0D, 0xB4, 0x4A, 0xE5, 0xE5, 0xD7, 0x1B, 0x3F, 0xA5, 0xB6, 0x1C, 0xD9, 0x90, 0x0E,
    0xC9, 0x64, 0xD9, 0x07, 0xA9, 0xD8, 0x66, 0xBA, 0x1A, 0xA8, 0x49, 0x78, 0x0D, 0x9C, 0xD8, 0x93,
    0x73, 0xDE, 0x13, 0x17, 0x23, 0xD9, 0xD3, 0x9A, 0x4E, 0x0E, 0x8E, 0x69, 0x9D, 0x47, 0x7D, 0xD6,
    0x8E, 0xC8, 0x35, 0x44, 0xEA, 0x99, 0x46, 0x55, 0x54, 0x05, 0x7C, 0xB1, 0x19, 0xEE, 0x13, 0x74,
    0xDE, 0xB9, 0x89, 0x06, 0x5A, 0x4D, 0xBC, 0xCE, 0xFA, 0xF5, 0x06, 0xD5, 0x7E, 0x23, 0x3D, 0xDB,
    0x91, 0xCD, 0x24, 0x7F, 0xBB, 0xA4, 0x8D, 0xDA, 0xB4, 0x39, 0xB4, 0x19, 0x5C, 0x2E, 0x7A, 0xA2,
    0x5C, 0x6D, 0x1E, 0x80, 0xE8, 0xF8, 0x51, 0x9B, 0x4F, 0xAC, 0x86, 0xE2, 0x3E, 0x23, 0x16, 0x00,
    0xD3, 0x83, 0x1A, 0x54, 0x93, 0x6A, 0x05, 0x2E, 0xDD, 0xFE, 0xE8, 0xA7, 0x7D, 0xF5, 0xE4, 0x3B,
    0x14, 0x5D, 0x3D, 0x40, 0xE2, 0x8E, 0x17, 0x77, 0xC7, 0x58, 0xA6, 0xDD, 0x38, 0x6C, 0xB2, 0xC0,
    0x2D, 0xE7, 0x0D, 0x13, 0xBB, 0x8A, 0xCF, 0xB0, 0x07, 0x83, 0x97, 0x86, 0xD2, 0xB0, 0x31, 0x0C,
    0x8A, 0x29, 0x2A, 0xE6, 0x5E, 0x21, 0x9D, 0x21, 0x18, 0x2A, 0x03, 0xEC, 0x82, 0x61, 0x32, 0x00,
    0x58, 0xC8, 0x75, 0x7B, 0x29, 0x99, 0x5E, 0x93, 0xB8, 0x45, 0x52, 0xC9, 0x75, 0x40, 0xE4, 0x16,
    0x7E, 0x47, 0x97, 0x06, 0x49, 0xDB, 0x9D, 0x43, 0x16, 0x09, 0xE9, 0x13, 0x55, 0xE8, 0x33, 0xE7,
    0x22, 0x4D, 0xD2, 0xEE, 0xE0, 0x3B, 0xA4, 0xB1, 0x1E, 0x14, 0x3B, 0x56, 0xC4, 0xF2, 0xF4, 0xAC,
    0x36, 0x78, 0x03, 0x9E, 0x00, 0xDF, 0x29, 0xDA, 0x00, 0xCE, 0x25, 0x82, 0xDB, 0xE1, 0x08, 0x32,
    0xA9, 0x0D, 0xE9, 0x77, 0x1B, 0x48, 0xA5, 0x76, 0x67, 0xF8, 0xEE, 0xEB, 0xF9, 0x78, 0x02, 0xB6,
    0xB0, 0x4D, 0xE5, 0x76, 0xDB, 0xC1, 0x8B, 0x54, 0xFB, 0x6C, 0x03, 0x80, 0x9F, 0x02, 0xBE, 0x53,
    0xD4, 0x83, 0x62, 0xC7, 0x8A, 0x58, 0x9E, 0x9E, 0xD5, 0x06, 0x6F, 0xC0, 0x57, 0xC2, 0x16, 0x8B,
    0x51, 0xC7, 0xB2, 0x8A, 0x36, 0x96, 0x0E, 0xF7, 0xE6, 0x94, 0xD4, 0x05, 0x4D, 0x1B, 0x90, 0x3A,
    0xA0, 0xF1, 0xC8, 0x32, 0xB9, 0x2A, 0x82, 0x26, 0x80, 0xF8, 0x54, 0x59, 0x20, 0x76, 0x91, 0x98,
    0x46, 0xE2, 0x2B, 0x27, 0xC4, 0x23, 0x91, 0x44, 0x27, 0x12, 0x2C, 0x32, 0x17, 0x22, 0x80, 0x30,
    0x50, 0x03, 0xA0, 0x27, 0xE9, 0x59, 0xFB, 0xF3, 0x5D, 0x6A, 0x55, 0xFD, 0x60, 0xDC, 0x71, 0x36,
    0xB8, 0x10, 0x8F, 0xF2, 0xD1, 0x85, 0x61, 0xE3, 0x36, 0x2E, 0xB4, 0xEC, 0x35, 0x8F, 0x12, 0x1F,
    0x1C, 0xB8, 0x70, 0x86, 0x0F, 0xBD, 0x0B, 0xF6, 0x36, 0x18, 0x8F, 0xF3, 0x57, 0x95, 0x43, 0x76,
    0x53, 0x19, 0x53, 0xE5, 0xD4, 0x2F, 0xDE, 0x0F, 0x98, 0xBB, 0xE4, 0x4E, 0x80, 0x3C, 0xF8, 0xA9,
    0x50, 0x2B, 0x01, 0x3A, 0xE5, 0x04, 0xF8, 0x00, 0x00, 0xEE, 0x2B, 0xF0, 0xFF, 0x6B, 0x9C, 0x0F,
    0x6E, 0xCE, 0xAF, 0xFD, 0x1F, 0xD5, 0x0D, 0xBE, 0x53, 0xD4, 0x83, 0x5D, 0x60, 0x45, 0x2C, 0xF7,
    0x67, 0xA7, 0xB7, 0x18, 0xF0, 0x38, 0x24, 0x86, 0x62, 0xAE, 0xD4, 0x87, 0x0C, 0xEA, 0xA3, 0x96,
    0x97, 0xD5, 0x47, 0x21, 0xEA, 0x23, 0x15, 0x33, 0xD0, 0x9A, 0x0F, 0x1F, 0xF2, 0x7B, 0xF9, 0x6C,
    0xF3, 0x1C, 0x98, 0x1D, 0x58, 0x26, 0xD5, 0x00, 0xDE, 0x00, 0xBC, 0x56, 0x15, 0xD2, 0xB0, 0x57,
    0xD1, 0x45, 0xF0, 0x09, 0xC0, 0xFC, 0x80, 0x36, 0xC0, 0x68, 0xA1, 0x6F, 0x91, 0x6F, 0x11, 0x64,
    0x71, 0x6F, 0x2D, 0x93, 0x7F, 0xEC, 0x0A, 0x51, 0x2F, 0xDF, 0x95, 0x6A, 0x03, 0x40, 0x6E, 0x01,
    0xAD, 0x74, 0xFB, 0xAA, 0x34, 0x99, 0x1F, 0x0D, 0xDF, 0xA4, 0x06, 0x9C, 0x00, 0x85, 0xEA, 0xB0,
    0x00, 0x4A, 0x07, 0x2C, 0x6B, 0xC0, 0x4F, 0x40, 0x36, 0x58, 0x3F, 0xA4, 0x22, 0x8D, 0xFB, 0xE4,
    0x34, 0x4F, 0x2F, 0xF6, 0x79, 0xBA, 0x7B, 0xC2, 0xB7, 0xD6, 0x4A, 0xC5, 0xAA, 0x19, 0x7C, 0xE8,
    0xC0, 0xCB, 0x07, 0xF2, 0x34, 0xF0, 0x14, 0xBA, 0xF7, 0x9D, 0x63, 0x84, 0xFB, 0xEC, 0xD2, 0x8C,
    0xA2, 0x01, 0x55, 0x04, 0xF8, 0xE6, 0x1C, 0xE0, 0x02, 0xCE, 0xCF, 0x0A, 0x91, 0xF7, 0x43, 0x3A,
    0x5F, 0x92, 0x90, 0xF7, 0xA8, 0x83, 0x0B, 0xF0, 0x06, 0x17, 0xDC, 0xCF, 0x0D, 0x02, 0x43, 0xA3,
    0xB8, 0x16, 0x14, 0xA9, 0xE1, 0x3D, 0x45, 0x66, 0xE5, 0x95, 0x55, 0x27, 0x4F, 0x88, 0xA1, 0xCE,
    0xFA, 0xDA, 0x7D, 0x58, 0x05, 0x05, 0x41, 0xB1, 0xF9, 0x92, 0x45, 0x9E, 0x14, 0x34, 0x2B, 0x5A,
    0x43, 0xAC, 0x9F, 0x58, 0x7B, 0x3E, 0x05, 0xDA, 0x5B, 0xC8, 0x45, 0x50, 0x68, 0xE9, 0x50, 0x23,
    0xEF, 0x4F, 0x90, 0xC6, 0xEF, 0xAB, 0xF0, 0x58, 0xFD, 0xAE, 0x4A, 0x22, 0x16, 0xAA, 0xF4, 0x67,
    0xAA, 0xA0, 0xFA, 0x75, 0x44, 0x62, 0xAB, 0x5D, 0x57, 0x00, 0xC8, 0x40, 0xC0, 0x6A, 0x5E, 0x23,
    0x13, 0x61, 0xE8, 0x97, 0xC2, 0x11, 0xD4, 0x64, 0x13, 0xB6, 0xF0, 0x6B, 0x30, 0x36, 0x04, 0xCE,
    0x46, 0xC5, 0xC1, 0x15, 0xC5, 0x91, 0x53, 0xF0, 0x0B, 0x84, 0x13, 0x99, 0x08, 0xF6, 0x35, 0x1B,
    0x14, 0xA0, 0xA8, 0x0C, 0x78, 0x12, 0x2C, 0xAD, 0x33, 0xEA, 0xC1, 0xB8, 0x63, 0x63, 0x2C, 0x8D,
    0xC3, 0xC6, 0x58, 0xB3, 0xEF, 0x18, 0xE7, 0xB9, 0x1E, 0xB9, 0xB2, 0x9C, 0xCF, 0x11, 0x3C, 0x5C,
    0xB6, 0x10, 0xAA, 0xA3, 0x34, 0x16, 0xE8, 0x13, 0xC0, 0x99, 0xB0, 0x12, 0xCF, 0x1B, 0x1F, 0xF9,
    0x58, 0xAC, 0x63, 0x9F, 0xE7, 0xF7, 0x89, 0x1E, 0xA7, 0x11, 0x9F, 0xF7, 0xFB, 0xF9, 0x2B, 0xE6,
    0x95, 0xE5, 0x50, 0x39, 0x0D, 0x9A, 0x54, 0x2A, 0x82, 0xFB, 0xA1, 0x06, 0xCD, 0x15, 0x17, 0xB4,
    0xB7, 0x82, 0x34, 0x68, 0x92, 0xF9, 0x5F, 0x24, 0x64, 0x5F, 0x2F, 0x68, 0x7C, 0x07, 0x6F, 0x45,
    0x46, 0x6D, 0xDB, 0xE7, 0xEE, 0x38, 0x96, 0x88, 0xE5, 0xB0, 0xC1, 0x70, 0xB9, 0xB5, 0x67, 0x27,
    0x46, 0xDB, 0x9F, 0xE1, 0xE4, 0xD3, 0x1E, 0x9C, 0xDE, 0x88, 0xE0, 0xFC, 0x45, 0x85, 0x4B, 0x15,
    0xDF, 0x36, 0x1C, 0x19, 0xA2, 0x62, 0xEA, 0x15, 0x12, 0x0C, 0x8D, 0x01, 0x8A, 0xC9, 0xC0, 0x06,
    0x00, 0x8B, 0x41, 0x91, 0x7C, 0x1E, 0xD5, 0x5F, 0x26, 0xEA, 0x50, 0x1F, 0xC3, 0x92, 0x8F, 0xCB,
    0x9A, 0x78, 0x04, 0x97, 0x07, 0xF5, 0x99, 0x4B, 0x68, 0x19, 0x56, 0xC5, 0x33, 0xF0, 0xBD, 0x70,
    0x46, 0x69, 0x81, 0xB9, 0x18, 0x8C, 0x29, 0x1B, 0xDD, 0x64, 0xF4, 0x2B, 0x23, 0xB9, 0x97, 0x95,
    0x9B, 0xFC, 0xA6, 0x72, 0x4C, 0x2D, 0xD9, 0xC6, 0x85, 0x04, 0x48, 0x07, 0x63, 0x40, 0xAB, 0xAC,
    0x6C, 0xB5, 0x67, 0xA0, 0x08, 0xF7, 0x7E, 0x8D, 0xE9, 0x8B, 0xDD, 0x6A, 0xA4, 0x0A, 0xD3, 0x09,
    0xB0, 0x3E, 0x77, 0xEF, 0x07, 0x04, 0x9D, 0x0D, 0xD2, 0x69, 0x21, 0x97, 0xAA, 0xAE, 0xA9, 0xA4,
    0x51, 0x81, 0xDC, 0xCF, 0x55, 0xE1, 0x9E, 0x3A, 0x6C, 0xB3, 0xF9, 0x12, 0x27, 0x22, 0x83, 0xBD,
    0xCC, 0x67, 0xE5, 0x96, 0xAF, 0x48, 0xA4, 0x80, 0xFC, 0xC3, 0x6A, 0xC2, 0x84, 0x6C, 0x44, 0x2B,
    0x32, 0xC2, 0xCB, 0xC4, 0xC0, 0x45, 0x30, 0xF2, 0x5E, 0x41, 0xAC, 0xD8, 0xFE, 0xB5, 0x82, 0x9D,
    0x62, 0x7A, 0x41, 0x21, 0x93, 0x61, 0x54, 0x4C, 0x95, 0xC2, 0xF2, 0xDE, 0x03, 0x7B, 0xBE, 0xA5,
    0xBE, 0x7D, 0x24, 0xF8, 0xCE, 0xEA, 0x3F, 0x1A, 0x76, 0x9B, 0xE5, 0xA8, 0xAB, 0xC2, 0x43, 0xDD,
    0x73, 0x6D, 0x09, 0x74, 0x02, 0x27, 0xD6, 0x13, 0x5F, 0x4D, 0x09, 0x92, 0x0B, 0x85, 0x2E, 0x54,
    0x3B, 0xA4, 0x71, 0x38, 0xB2, 0xDF, 0x04, 0xF2, 0x6E, 0x38, 0xB2, 0x3D, 0xA1, 0x86, 0xC5, 0x6B,
    0x26, 0x3D, 0xF0, 0x3C, 0xBE, 0x68, 0xB6, 0x19, 0xD6, 0x0F, 0xDC, 0x3B, 0x6E, 0x7C, 0xA8, 0x77,
    0x02, 0x2F, 0x6C, 0x45, 0x23, 0xCE, 0x37, 0x16, 0xED, 0x18, 0x87, 0xCB, 0xC9, 0x10, 0xCB, 0x34,
    0xEE, 0x8E, 0x5D, 0x57, 0x7F, 0xD2, 0x36, 0x5E, 0x26, 0xBD, 0xDE, 0x21, 0x51, 0x39, 0x61, 0xD0,
    0xAF, 0x04, 0x5B, 0x14, 0x15, 0xC3, 0x35, 0xAA, 0x80, 0xAF, 0xA9, 0xBC, 0x07, 0x00, 0x62, 0xE3,
    0xC9, 0xDA, 0x18, 0xDD, 0x7D, 0x8E, 0x07, 0xC6, 0x9A, 0x8D, 0xC5, 0x60, 0x4C, 0x2A, 0x3C, 0xDA,
    0xEA, 0x41, 0x91, 0x8A, 0x28, 0xDD, 0xAE, 0x0D, 0x40, 0x61, 0xF9, 0x11, 0x84, 0xB4, 0x87, 0x31,
    0x02, 0x78, 0xF6, 0x3C, 0x03, 0x2C, 0x2C, 0xF9, 0x8B, 0x54, 0xD4, 0x14, 0xE1, 0x08, 0x69, 0x94,
    0xF9, 0xFA, 0x20, 0x16, 0x31, 0xC9, 0x2B, 0x0C, 0xE0, 0x5B, 0xD8, 0x37, 0x02, 0xCE, 0x54, 0x84,
    0x44, 0x98, 0x2C, 0x79, 0xD6, 0xF0, 0xDD, 0x79, 0xC1, 0x12, 0x89, 0xA0, 0x9E, 0xAF, 0xD7, 0xA8,
    0x45, 0x5A, 0x00, 0x97, 0x44, 0x81, 0x1C, 0xA7, 0x6D, 0x69, 0x8F, 0xFB, 0xCB, 0x06, 0xED, 0x1C,
    0xAC, 0xF4, 0xFA, 0x59, 0x70, 0xDA, 0xAD, 0x2A, 0x90, 0x30, 0x68, 0xBE, 0x6E, 0xD5, 0x9B, 0x6C,
    0x1F, 0xED, 0x56, 0x96, 0x26, 0xB4, 0x5C, 0x6A, 0x9F, 0x23, 0xDF, 0x78, 0x5E, 0x62, 0xC1, 0xEA,
    0x87, 0xD5, 0xCD, 0x46, 0x6F, 0x67, 0x00, 0xBF, 0xAF, 0xD2, 0xB5, 0xAE, 0x87, 0x38, 0x46, 0x6E,
    0xB9, 0x60, 0xEC, 0xFF, 0x7E, 0x54, 0x34, 0xD4, 0xF6, 0xF4, 0x51, 0xB4, 0x4F, 0x1B, 0xA9, 0x88,
    0x94, 0xEE, 0xB6, 0x89, 0x4C, 0xA8, 0x6F, 0x5D, 0x11, 0xB9, 0x02, 0x02, 0x4C, 0x22, 0xB7, 0x54,
    0x82, 0xF9, 0xC7, 0x12, 0x18, 0xAE, 0xB7, 0x94, 0xF0, 0xB0, 0xF2, 0x8E, 0x51, 0x34, 0x22, 0x33,
    0x4C, 0xD3, 0xC5, 0xB6, 0x63, 0x64, 0x91, 0x91, 0x8C, 0x0C, 0xF0, 0xC3, 0xB2, 0x7F, 0x4B, 0x87,
    0xE9, 0xE2, 0x2A, 0x8A, 0x48, 0x10, 0xD9, 0x3D, 0xB4, 0xF5, 0xF3, 0x63, 0xFE, 0x26, 0x48, 0x94,
    0x71, 0x3C, 0x8A, 0xE5, 0x50, 0xD6, 0x83, 0xA5, 0x6E, 0xC2, 0x57, 0xD1, 0x04, 0xAA, 0x24, 0x12,
    0xCB, 0x48, 0xF3, 0x78, 0xB4, 0xF4, 0xB1, 0x2C, 0xDD, 0x50, 0x2E, 0x9D, 0xDA, 0x9A, 0x7C, 0x97,
    0x0D, 0xB8, 0x00, 0x38, 0x79, 0xA9, 0x21, 0x91, 0x6A, 0x7B, 0x56, 0x30, 0xE1, 0x1C, 0xA4, 0x07,
    0xCE, 0x33, 0x80, 0x56, 0x55, 0x34, 0x80, 0x0B, 0xCF, 0x40, 0x9D, 0x4A, 0x4C, 0x0D, 0x34, 0x57,
    0xC1, 0xA5, 0xAA, 0xF7, 0x02, 0x32, 0xA9, 0x90, 0xD8, 0x6B, 0xD7, 0xC0, 0xCB, 0x00, 0x7A, 0x6D,
    0x42, 0xDB, 0xAC, 0x21, 0x3D, 0x21, 0xC6, 0xA5, 0xEA, 0x04, 0x75, 0xCF, 0x28, 0xAE, 0x0E, 0x40,
    0x1A, 0x9F, 0x81, 0x06, 0x95, 0x04, 0x55, 0x8F, 0xF4, 0x3F, 0xEF, 0x6D, 0xD5, 0x77, 0xBF, 0xD8,
    0xAA, 0x4B, 0x30, 0x0E, 0x53, 0xC6, 0x41, 0xCE, 0xF0, 0x5E, 0x75, 0xC8, 0x70, 0xC7, 0xAA, 0xA8,
    0xEA, 0x18, 0x8B, 0x86, 0x01, 0x3C, 0x0B, 0x4D, 0x2A, 0x89, 0xAA, 0x11, 0x18, 0x8F, 0x80, 0x58,
    0x02, 0xD3, 0x66, 0xFF, 0x9E, 0xFB, 0xEE, 0xE9, 0x53, 0xD0, 0x33, 0xD4, 0x85, 0xDF, 0xB0, 0x2A,
    0xB6, 0x72, 0xB6, 0xDD, 0xBC, 0xFA, 0x41, 0xA4, 0xE4, 0xEA, 0x78, 0x02, 0x8C, 0x32, 0xEC, 0xEB,
    0xE1, 0xB9, 0xDE, 0xD7, 0xC6, 0x27, 0x7E, 0x5F, 0x4F, 0xFA, 0xF1, 0x7E, 0x3A, 0xFF, 0xFA, 0xFA,
    0x46, 0x05, 0xB8, 0x06, 0xF0, 0x0D, 0x2E, 0xB6, 0xF0, 0x32, 0xA3, 0x96, 0x11, 0x33, 0x00, 0x46,
    0x0D, 0x7E, 0xF3, 0xD7, 0x4D, 0x2B, 0x6F, 0x35, 0xF4, 0x92, 0x34, 0xCF, 0x25, 0x5B, 0x58, 0xE3,
    0x7D, 0x7B, 0xA1, 0x4A, 0xAA, 0xB6, 0xCB, 0xC3, 0xFF, 0xF4, 0xAE, 0x89, 0xD1, 0xE3, 0x27, 0xFD,
    0x12, 0x64, 0x2F, 0xE0, 0x8D, 0x08, 0xFF, 0x46, 0x03, 0x19, 0x81, 0x1F, 0x57, 0xC0, 0x22, 0xA9,
    0x9E, 0xF7, 0xEF, 0x47, 0x5A, 0x4E, 0xE3, 0x72, 0xF3, 0xCD, 0xF2, 0x8A, 0xA0, 0xDC, 0xDC, 0x0D,
    0xE5, 0x18, 0xC3, 0xDF, 0xC5, 0x9F, 0x04, 0x69, 0x68, 0xB1, 0xC3, 0x3E, 0xDB, 0xD9, 0x9F, 0x68,
    0xFB, 0xF3, 0x4F, 0xEC, 0x0C, 0xC9, 0x75, 0x28, 0x8B, 0x90, 0x4D, 0xA0, 0x80, 0x7F, 0xED, 0x11,
    0xA3, 0x7D, 0xDA, 0x1E, 0x45, 0x83, 0xBC, 0x27, 0x3E, 0x59, 0x47, 0x17, 0xDD, 0xC9, 0x9A, 0x38,
    0xEF, 0x93, 0xB6, 0xCA, 0x24, 0xB8, 0x7F, 0xAF, 0x1C, 0x90, 0xEB, 0xE5, 0x11, 0x57, 0x2E, 0x20,
    0x02, 0x03, 0xD0, 0x46, 0x14, 0x3D, 0x50, 0x4C, 0x40, 0x22, 0xD2, 0x69, 0xD7, 0xC5, 0x08, 0x0F,
    0x1C, 0xA2, 0xCC, 0x47, 0x8F, 0xE3, 0x43, 0x9F, 0x57, 0xF1, 0x9F, 0xD2, 0x6B, 0x4D, 0x0C, 0xC9,
    0x8D, 0x10, 0x03, 0x0C, 0x76, 0xD6, 0xEB, 0xBF, 0x1D, 0xFF, 0x51, 0x9E, 0x57, 0xA5, 0x1B, 0xFD,
    0xBE, 0x87, 0xF5, 0xDD, 0x5B, 0x31, 0x7B, 0x00, 0xFE, 0x4C, 0xB5, 0x92, 0x1E, 0x0B, 0xCB, 0x40,
    0x6E, 0x40, 0x1B, 0xA8, 0x81, 0xEB, 0xD7, 0xB0, 0x04, 0x85, 0x7D, 0x26, 0x82, 0x01, 0x6C, 0xB0,
    0x05, 0x5D, 0x0C, 0xB5, 0x5D, 0x2D, 0xAC, 0x82, 0xCA, 0xE7, 0xEF, 0x4A, 0xA3, 0xF6, 0x26, 0xE0,
    0xBC, 0x5C, 0x7F, 0xC0, 0x5E, 0xBA, 0xB7, 0x97, 0xB4, 0xCD, 0xDE, 0x5E, 0x32, 0xA9, 0xBD, 0x4C,
    0xFE, 0x78, 0x64, 0x97, 0x05, 0x66, 0x97, 0x1A, 0xBE, 0x13, 0xF8, 0x24, 0x93, 0xC0, 0xB5, 0x3E,
    0xFD, 0x58, 0xDC, 0xAE, 0x93, 0x21, 0x17, 0x4E, 0x63, 0xD2, 0x5E, 0xCF, 0xF6, 0x95, 0xE0, 0x7E,
    0xC1, 0xDA, 0xCA, 0x58, 0x34, 0x8F, 0x7E, 0x6D, 0x3D, 0x83, 0x0B, 0xCA, 0xF6, 0x06, 0xC3, 0xDD,
    0x90, 0x3B, 0x02, 0xF7, 0x76, 0x7F, 0x52, 0x54, 0xEE, 0x9D, 0x50, 0xBA, 0xC6, 0xDD, 0x9C, 0xFF,
    0xD0, 0x05, 0x77, 0x53, 0x1A, 0xE3, 0x8B, 0x41, 0xF9, 0x8E, 0x51, 0xEF, 0x6C, 0x94, 0x3F, 0x9D,
    0xE0, 0x9B, 0xDC, 0xE6, 0xB5, 0x4A, 0x47, 0xA0, 0x45, 0x22, 0xFF, 0x6C, 0x69, 0x9F, 0x44, 0x22,
    0xB0, 0x68, 0xE7, 0x0A, 0x38, 0x87, 0x33, 0x58, 0x48, 0x90, 0xCE, 0xC9, 0xC7, 0x12, 0x8B, 0xAB,
    0xF2, 0xD6, 0xB8, 0x44, 0x5D, 0xF1, 0x06, 0x04, 0xE6, 0x87, 0x31, 0xF7, 0x0A, 0x61, 0xC5, 0xF4,
    0x82, 0x62, 0xE3, 0x14, 0xA5, 0x9D, 0x15, 0xAC, 0xC8, 0x07, 0x05, 0x00, 0xE4, 0xC1, 0xE8, 0x1A,
    0xA3, 0xAF, 0x8C, 0x64, 0x80, 0x2D, 0xEE, 0xC5, 0x95, 0x0D, 0x44, 0xA4, 0x47, 0x26, 0xF2, 0x19,
    0xE0, 0x07, 0x00, 0xA0, 0xCA, 0xB8, 0x4D, 0x26, 0x25, 0x5B, 0xBA, 0xB3, 0x6A, 0x34, 0x28, 0x5D,
    0x6A, 0xCC, 0xAF, 0x35, 0xCA, 0x54, 0x00, 0x9C, 0x24, 0x36, 0x68, 0x42, 0xB1, 0x03, 0x8A, 0xDB,
    0xAF, 0xC8, 0x80, 0x5C, 0x6C, 0x19, 0xD0, 0xFE, 0x17, 0xFE, 0x12, 0xF7, 0x9B, 0x8D, 0xA1, 0xAE,
    0x5C, 0x63, 0x49, 0xCB, 0x55, 0x58, 0xFC, 0x2A, 0x12, 0x2C, 0x91, 0x6D, 0xA1, 0xE7, 0x9F, 0xB3,
    0x2D, 0xE0, 0xE9, 0x0A, 0x3E, 0x34, 0x06, 0x5D, 0x44, 0xE5, 0xE6, 0xA9, 0xC6, 0xE0, 0x1F, 0x1A,
    0x83, 0xD8, 0x18, 0xF0, 0x57, 0xD8, 0xB7, 0x2B, 0x06, 0x32, 0x78, 0x83, 0xAB, 0x0C, 0x8D, 0x22,
    0xD7, 0x05, 0x45, 0xF6, 0x96, 0xCC, 0x48, 0xEF, 0x88, 0x74, 0xA9, 0x54, 0x7E, 0x48, 0x07, 0x24,
    0x6C, 0x5E, 0xB6, 0x00, 0x40, 0x7B, 0xD4, 0x15, 0xC8, 0x52, 0x1C, 0xA5, 0xEF, 0xF6, 0x58, 0x5A,
    0x0E, 0xE6, 0xF4, 0x97, 0x1A, 0xDA, 0x89, 0xBC, 0xBB, 0xEA, 0x51, 0x8B, 0x54, 0xD0, 0x42, 0x15,
    0xD6, 0x30, 0x1A, 0x16, 0xC3, 0xE3, 0x4A, 0x94, 0x05, 0x67, 0x63, 0x1A, 0x9D, 0xF8, 0x59, 0x43,
    0xFA, 0xF5, 0xA9, 0x7E, 0x31, 0x2E, 0x17, 0x83, 0xFF, 0x41, 0xDC, 0x24, 0xD1, 0xDD, 0x88, 0x0C,
    0x65, 0x7F, 0x9F, 0x6F, 0x77, 0x73, 0x0F, 0xF7, 0x4E, 0x27, 0x0C, 0xF7, 0x6A, 0x98, 0x0E, 0xE0,
    0x57, 0xCD, 0xC6, 0xA1, 0x68, 0x51, 0xBE, 0x00, 0x62, 0x14, 0x8C, 0xBA, 0x47, 0x3E, 0xE0, 0xF7,
    0x60, 0x0D, 0xFC, 0x28, 0x16, 0xA3, 0x22, 0x8F, 0x58, 0xD9, 0x13, 0x8A, 0x48, 0xE5, 0x76, 0x17,
    0x2F, 0x80, 0x1A, 0x00, 0x6B, 0x15, 0x36, 0x96, 0x00, 0x18, 0xA0, 0xA8, 0x78, 0xF3, 0x32, 0xA7,
    0x4D, 0x2C, 0xD9, 0x87, 0x37, 0xCB, 0x13, 0x8A, 0x35, 0xD7, 0x23, 0xFB, 0x51, 0x4F, 0x5E, 0x8F,
    0xBE, 0xF3, 0xD2, 0xE5, 0xCD, 0x62, 0x86, 0x35, 0xFF, 0x00, 0xDD, 0x97, 0xB1, 0xED, 0x8E, 0x1D,
    0x32, 0x99, 0xA4, 0xB0, 0x9F, 0xB4, 0x3F, 0xB4, 0x8D, 0xDD, 0xFF, 0x54, 0xB3, 0x0C, 0xB2, 0x60,
    0x3E, 0xD3, 0x1E, 0x60, 0x2C, 0xA2, 0x11, 0xA3, 0xD2, 0x77, 0x1B, 0x65, 0x1D, 0x09, 0x58, 0x0F,
    0x97, 0x5D, 0x00, 0xC5, 0x32, 0xEB, 0x75, 0x5D, 0x8F, 0x17, 0x8C, 0x4C, 0x22, 0x18, 0x68, 0x1B,
    0x7C, 0x73, 0x5F, 0xAD, 0x37, 0x56, 0xAF, 0xB7, 0xBD, 0x55, 0xEC, 0x9F, 0xC6, 0x58, 0x0E, 0xF3,
    0x07, 0x71, 0xA8, 0x7B, 0xB9, 0x11, 0x6B, 0x69, 0x24, 0x8D, 0x7E, 0x82, 0xBD, 0xD7, 0x95, 0x11,
    0x78, 0x46, 0x6C, 0xAF, 0xC3, 0x5A, 0x26, 0x83, 0x12, 0xFA, 0x54, 0x8C, 0x7D, 0xAC, 0x1E, 0x9C,
    0xA9, 0x00, 0xAC, 0xE1, 0x5D, 0xB8, 0x60, 0xF1, 0xFA, 0x43, 0xF7, 0x6E, 0xFC, 0x1B, 0xB0, 0x17,
    0xF7, 0xD1, 0xC8, 0xE0, 0x92, 0xDC, 0xC7, 0xD3, 0xA4, 0xC7, 0xA5, 0xFB, 0xFC, 0x8D, 0x9B, 0x23,
    0x97, 0x87, 0xBE, 0x7E, 0xF9, 0xDA, 0xC0, 0x7E, 0x3C, 0x20, 0x57, 0xE1, 0xE4, 0x6C, 0x77, 0x78,
    0x90, 0x00, 0x04, 0xF0, 0x3E, 0xEF, 0xA4, 0xE6, 0x00, 0xF6, 0x3F, 0xFF, 0xB0, 0xAF, 0xA1, 0x2B,
    0x58, 0x5B, 0x8D, 0x46, 0xFC, 0x2F, 0xCD, 0xDA, 0x05, 0x70, 0xE5, 0x48, 0x7A, 0x00, 0xE0, 0x4F,
    0xD2, 0xED, 0xBE, 0xBA, 0x55, 0x5D, 0xE9, 0x98, 0xEF, 0x14, 0xE6, 0x1D, 0x85, 0xD1, 0xB6, 0x14,
    0x66, 0x28, 0xA6, 0x30, 0x33, 0x73, 0x0C, 0x0A, 0x73, 0x32, 0x57, 0xCC, 0xC1, 0x82, 0x30, 0x1D,
    0xB8, 0x72, 0xF6, 0x8C, 0xC2, 0x9C, 0xBC, 0x30, 0x27, 0x0A, 0x73, 0xD2, 0x75, 0xA5, 0x54, 0xB4,
    0x89, 0x6C, 0xC5, 0xEA, 0x8A, 0xDF, 0x65, 0x5C, 0xCE, 0x52, 0xEC, 0x1D, 0x3F, 0x57, 0xFF, 0x43,
    0x82, 0xF7, 0x7F, 0xEA, 0xD6, 0xAF, 0xEE, 0x11, 0x13, 0x92, 0x09, 0xE9, 0x29, 0xB2, 0x19, 0xAB,
    0x7F, 0x6B, 0xC8, 0x7F, 0xA3, 0xA5, 0xF8, 0xE6, 0x8E, 0xF2, 0xFD, 0xD7, 0x54, 0x59, 0x4F, 0x9D,
    0x05, 0xF6, 0x92, 0x81, 0x23, 0x23, 0x93, 0x49, 0x32, 0x3A, 0x96, 0x0E, 0xF6, 0x65, 0xFF, 0xF9,
    0xFD, 0x77, 0xAD, 0xE6, 0x79, 0x6E, 0x8A, 0xB3, 0xD0, 0x16, 0x9D, 0xA2, 0x2B, 0x5B, 0xF9, 0xBA,
    0x6E, 0xAC, 0x42, 0x4D, 0x16, 0x0E, 0xC8, 0x06, 0x17, 0x3F, 0x87, 0x30, 0xC1, 0x21, 0xC9, 0xDD,
    0xBF, 0x76, 0xB6, 0xBF, 0xFA, 0xF6, 0x41, 0xB7, 0x25, 0x5F, 0x93, 0xF5, 0x64, 0x61, 0x69, 0xE9,
    0x3C, 0x87, 0xF2, 0xAC, 0x1D, 0xB4, 0x59, 0x38, 0x91, 0x85, 0x29, 0xB6, 0x55, 0x38, 0x51, 0x84,
    0x83, 0x57, 0xDC, 0x0D, 0xE5, 0xFC, 0xBA, 0xB3, 0x6D, 0xDE, 0x33, 0x00, 0xC8, 0x5B, 0x8A, 0x4E,
    0xFC, 0x15, 0x24, 0x31, 0xBD, 0xB9, 0x23, 0x7F, 0xFF, 0x0E, 0x59, 0x87, 0xA2, 0xC1, 0x0E, 0xEC,
    0x02, 0x00, 0x27, 0x48, 0x4E, 0x91, 0xCE, 0x91, 0xA6, 0x59, 0x68, 0xDA, 0x85, 0xA6, 0xA3, 0xF8,
    0x85, 0x35, 0xE5, 0x7B, 0x87, 0x85, 0x26, 0x50, 0x2F, 0x2A, 0xFB, 0x26, 0xA6, 0x18, 0x1C, 0x2F,
    0x34, 0xB5, 0x2C, 0xA8, 0x23, 0x4D, 0xBB, 0xD0, 0x74, 0x45, 0x0C, 0x9D, 0xBC, 0xAF, 0xDA, 0x45,
    0xA5, 0x91, 0x85, 0x9A, 0x74, 0xBC, 0x43, 0x32, 0xA9, 0x5A, 0xEE, 0x06, 0xFE, 0x22, 0xD0, 0x04,
    0xD2, 0x9E, 0x55, 0x47, 0x81, 0xA7, 0xC3, 0x95, 0x01, 0x15, 0x2D, 0x4A, 0xEC, 0x6E, 0x21, 0xE6,
    0xF7, 0x4F, 0x2D, 0xF9, 0xCF, 0x2C, 0x59, 0x25, 0x01, 0x00, 0xDC, 0x81, 0x39, 0xF2, 0x45, 0x8C,
    0x96, 0xEC, 0xDF, 0x3A, 0x56, 0x7F, 0xBC, 0x5E, 0xF6, 0xE8, 0x29, 0xBE, 0x3A, 0x50, 0xBE, 0xD7,
    0x40, 0x6D, 0xA4, 0x36, 0xB1, 0xE7, 0x98, 0xC9, 0x3E, 0x93, 0x5A, 0x3A, 0xAA, 0x9A, 0x33, 0x87,
    0x1F, 0x69, 0xB3, 0x85, 0x20, 0x3F, 0x0B, 0xEB, 0xA2, 0xB3, 0xEA, 0x8B, 0x4E, 0x16, 0xAA, 0x56,
    0x36, 0xD4, 0x8D, 0x64, 0x3A, 0xC0, 0x84, 0x40, 0xB6, 0x66, 0xD5, 0x2A, 0x3A, 0xB6, 0x7B, 0x86,
    0x43, 0x69, 0xBF, 0x2D, 0x69, 0x1E, 0xB8, 0x4A, 0x87, 0x43, 0xD8, 0xC2, 0xEE, 0xCB, 0x6F, 0xA2,
    0x43, 0x81, 0xBC, 0x25, 0xEB, 0xAE, 0xD9, 0xA1, 0x6A, 0xF1, 0x45, 0x3D, 0x04, 0x64, 0x1D, 0x5B,
    0x05, 0xE6, 0x07, 0x48, 0x17, 0x91, 0xD5, 0x22, 0x52, 0x34, 0xFF, 0xA7, 0x48, 0x73, 0x2E, 0xF2,
    0x5F, 0x8B, 0xC8, 0xEF, 0x47, 0x91, 0x40, 0xB1, 0x84, 0xF2, 0x2B, 0x07, 0x2A, 0x53, 0x14, 0x61,
    0xDF, 0x3E, 0xC7, 0xEA, 0x28, 0x22, 0x19, 0x55, 0x6D, 0x7A, 0x26, 0xD2, 0x65, 0x0B, 0xC6, 0x32,
    0x4C, 0xFA, 0x62, 0x6D, 0x15, 0x16, 0x91, 0xA1, 0x6C, 0xA5, 0x63, 0x14, 0xA9, 0x71, 0xC2, 0xAA,
    0xE7, 0x19, 0x5F, 0x8A, 0x2D, 0x1C, 0x92, 0xF4, 0x8A, 0xAF, 0xEA, 0xD4, 0x3D, 0x87, 0x83, 0x34,
    0xEC, 0x4A, 0xDB, 0x17, 0x5D, 0x9D, 0x4C, 0xD6, 0xBF, 0x23, 0xC5, 0xC9, 0xE7, 0xF2, 0xD2, 0x72,
    0xCD, 0xD3, 0x12, 0x78, 0x2E, 0x9C, 0x22, 0x9D, 0x9B, 0x73, 0x99, 0xF7, 0xBC, 0xDF, 0x7D, 0xE5,
    0x70, 0x25, 0x9D, 0x3F, 0x4C, 0xF6, 0xF5, 0x93, 0x04, 0xA0, 0x68, 0xD9, 0xC8, 0xEC, 0x49, 0xDB,
    0x17, 0x5F, 0x9D, 0x8C, 0x43, 0x24, 0x27, 0xC8, 0xFE, 0x1C, 0xC5, 0xFB, 0x77, 0xB1, 0x4A, 0x00,
    0xE0, 0xC6, 0x15, 0x97, 0xE8, 0x51, 0xF5, 0x1C, 0xFD, 0x8F, 0xC7, 0xED, 0xE8, 0x71, 0x8D, 0x45,
    0xA7, 0x68, 0x50, 0xC2, 0x36, 0x6C, 0xE1, 0xB9, 0x9E, 0xC9, 0x96, 0x57, 0x52, 0xBD, 0x5F, 0xA0,
    0x98, 0xFB, 0xD8, 0x8F, 0x2E, 0x56, 0x1E, 0x4E, 0x91, 0x6C, 0x2A, 0x4F, 0x16, 0x2B, 0xCF, 0xAF,
    0x9C, 0x57, 0x9E, 0xD8, 0x7B, 0xAA, 0xF7, 0xBA, 0xA7, 0xF2, 0x1C, 0x9B, 0x98, 0xEC, 0xC5, 0xCA,
    0xB3, 0xB8, 0xD5, 0xD1, 0xAD, 0x59, 0xC5, 0xDE, 0xB3, 0xA9, 0x3C, 0x65, 0x67, 0x15, 0xAA, 0x4D,
    0xE5, 0x39, 0x20, 0x99, 0x24, 0xE7, 0x37, 0xDC, 0x8E, 0xA2, 0x01, 0x85, 0x5C, 0xBE, 0xAE, 0x64,
    0xF3, 0x09, 0x77, 0x07, 0xB8, 0x44, 0xAB, 0x58, 0x76, 0xDA, 0x68, 0x25, 0x77, 0x5F, 0xAF, 0x75,
    0xFC, 0xA8, 0xE3, 0xAA, 0x43, 0xDA, 0x43, 0x80, 0x2F, 0xBC, 0xB1, 0x32, 0x23, 0x76, 0x71, 0x0B,
    0x85, 0xEB, 0x97, 0x71, 0x07, 0xC9, 0xEF, 0xB7, 0xC8, 0x5A, 0x94, 0xB0, 0x85, 0xB7, 0xF0, 0x26,
    0x6C, 0x2D, 0x52, 0xD5, 0x7B, 0x46, 0x9E, 0xF5, 0xE5, 0x3C, 0xE6, 0x0B, 0x3C, 0x1D, 0xF9, 0x1F,
    0x5F, 0xCE, 0x63, 0x27, 0xF2, 0x38, 0x62, 0xB2, 0xBF, 0xE1, 0xA9, 0xC4, 0xDB, 0xCE, 0xE3, 0xE1,
    0xA9, 0x3A, 0xBE, 0x28, 0x20, 0x90, 0xAE, 0xC9, 0x1B, 0x9E, 0x4E, 0xA1, 0xB8, 0x46, 0x22, 0x58,
    0xAD, 0xDF, 0x96, 0x62, 0xFC, 0x4E, 0x5E, 0x5A, 0x75, 0x70, 0x63, 0x7B, 0xD0, 0xE6, 0xCE, 0x3C,
    0xE2, 0xFA, 0x7B, 0x90, 0xE7, 0xFA, 0x58, 0xB6, 0x0C, 0x8F, 0xA6, 0x30, 0xC1, 0xC9, 0xE3, 0xB8,
    0x33, 0x07, 0xEA, 0x34, 0xB0, 0x9F, 0x8C, 0x1C, 0xDB, 0x3C, 0xDB, 0xDA, 0xBF, 0xA0, 0xD0, 0x6E,
    0x14, 0xD6, 0x97, 0x2A, 0x3C, 0xEA, 0x9D, 0xF9, 0x5A, 0x3D, 0x2E, 0xB9, 0x33, 0xCF, 0x67, 0xFB,
    0x2D, 0x6D, 0xC2, 0xA3, 0xB5, 0x25, 0xA5, 0xA5, 0x4D, 0x78, 0xF4, 0x66, 0x73, 0x4C, 0xB8, 0xEC,
    0x9C, 0x3E, 0x67, 0x94, 0x2D, 0x15, 0xEC, 0xAF, 0x3F, 0x67, 0x5D, 0x37, 0x59, 0xD8, 0x97, 0x0C,
    0x47, 0x8C, 0x0B, 0xE9, 0xD9, 0x7E, 0xB1, 0x9D, 0x1F, 0xEB, 0x18, 0x07, 0x34, 0x75, 0x93, 0x86,
    0xE2, 0xAF, 0xCB, 0x90, 0x9D, 0xF9, 0x2E, 0xFB, 0x5F, 0x7A, 0x5C, 0xA8, 0x3B, 0xE6, 0x20, 0xF9,
    0xCD, 0xF3, 0xA1, 0xD8, 0x13, 0xB7, 0x01, 0x70, 0xBD, 0x39, 0xE7, 0x3D, 0xF5, 0xC4, 0xE1, 0x2E,
    0xCF, 0x3C, 0x7F, 0x34, 0x0B, 0x64, 0x1D, 0x69, 0x03, 0x4F, 0x2E, 0xFF, 0xF6, 0xDE, 0xFC, 0xD3,
    0xE1, 0x19, 0x56, 0xA7, 0x0F, 0xCB, 0x3F, 0x66, 0x92, 0x27, 0xDF, 0xF9, 0xD4, 0xE4, 0x06, 0xA7,
    0xAB, 0x26, 0x9D, 0x67, 0xD9, 0x4F, 0x9D, 0xC0, 0x85, 0x7C, 0xCA, 0xF5, 0x72, 0x9D, 0x0E, 0x18,
    0x8E, 0x39, 0x9C, 0x38, 0x3A, 0xCF, 0xE7, 0x04, 0x4B, 0xBB, 0xB3, 0xC9, 0x27, 0x09, 0xC5, 0xF0,
    0x92, 0x4D, 0x3E, 0x24, 0x7D, 0x44, 0x2A, 0x3E, 0xB8, 0x51, 0x77, 0xFC, 0x64, 0x90, 0x86, 0xD1,
    0xAA, 0xDB, 0x7E, 0xAA, 0x72, 0xDB, 0xC5, 0x40, 0xD2, 0xCB, 0x7A, 0x8A, 0x2F, 0x65, 0xFB, 0x61,
    0x0E, 0x8B, 0xC6, 0x47, 0x24, 0x0D, 0xA8, 0x1E, 0x91, 0x2C, 0x77, 0xB9, 0xB3, 0xEF, 0x5D, 0x76,
    0xC9, 0x54, 0x73, 0xB4, 0xC3, 0xCE, 0x1E, 0x3B, 0x07, 0x67, 0x07, 0x59, 0xDA, 0x3E, 0x96, 0x56,
    0xA3, 0x6E, 0x3C, 0xB3, 0xEC, 0x1C, 0xE6, 0x8F, 0xBC, 0x64, 0x3C, 0x33, 0xEB, 0x55, 0x27, 0x28,
    0x51, 0x34, 0x8A, 0xF7, 0xEE, 0xEE, 0x4F, 0x9E, 0xAB, 0x8E, 0xB4, 0x47, 0xB8, 0xDE, 0x3C, 0xF3,
    0x9E, 0x97, 0x9D, 0xCF, 0x4F, 0x82, 0x22, 0xEB, 0xD4, 0x3F, 0xC5, 0x6B, 0x7B, 0x69, 0x18, 0xAC,
    0xBA, 0xDD, 0x27, 0x93, 0x6F, 0xBB, 0xB4, 0x27, 0x96, 0x6F, 0x32, 0x91, 0x7D, 0x0C, 0x0A, 0xBC,
    0x1C, 0xEF, 0x2A, 0xEB, 0x7F, 0x54, 0x31, 0x72, 0x6B, 0x9B, 0xA3, 0x92, 0xEF, 0x7C, 0xF0, 0xFF,
    0x93, 0xF7, 0x78, 0x96, 0xF7, 0x70, 0x96, 0xF7, 0x3A, 0xE6, 0x3D, 0x3E, 0x24, 0x9B, 0x3F, 0xCA,
    0x6A, 0x35, 0x4A, 0x34, 0x3C, 0x80, 0xAA, 0xE3, 0x6E, 0x2F, 0x09, 0xA3, 0x6C, 0xFD, 0x14, 0x5D,
    0xE7, 0x5B, 0x49, 0xEB, 0xEE, 0x6F, 0xB7, 0xFE, 0x62, 0xA6, 0x01, 0x64, 0xBD, 0x0B, 0x79, 0xB7,
    0x57, 0x76, 0xBD, 0x8B, 0x96, 0x6A, 0xCD, 0x71, 0x90, 0x0C, 0xBB, 0x56, 0xFD, 0x0E, 0xC0, 0x7D,
    0xA9, 0x31, 0x9B, 0x19, 0xCE, 0xEE, 0x40, 0xD8, 0x93, 0xC4, 0x19, 0x8E, 0x6B, 0xAC, 0x3D, 0x65,
    0x38, 0x18, 0x5F, 0xB9, 0x6B, 0xD7, 0x90, 0xF5, 0xAB, 0x0E, 0x8A, 0xEE, 0x89, 0xFC, 0x90, 0x8F,
    0xD5, 0xE9, 0x56, 0xA9, 0xB0, 0x6D, 0x4C, 0x03, 0x64, 0xE1, 0xB1, 0x7E, 0xA6, 0xCB, 0x3F, 0x78,
    0xE5, 0xF4, 0xCA, 0xBD, 0x79, 0xDE, 0xA3, 0xBE, 0xF8, 0xC1, 0xAD, 0xFA, 0x96, 0x07, 0xE7, 0xDB,
    0x1C, 0xCC, 0x27, 0xD2, 0xD3, 0xF7, 0xBC, 0xDB, 0xE6, 0x41, 0xB1, 0x2E, 0x3B, 0x59, 0xA8, 0x1B,
    0xC9, 0x58, 0x63, 0x3A, 0xC6, 0xF1, 0x11, 0xF6, 0x27, 0xEC, 0x4C, 0xA8, 0xEF, 0x0D, 0x3B, 0xF1,
    0x5F, 0xE3, 0x76, 0x3B, 0x98, 0xE2, 0xBE, 0xF1, 0x28, 0xF1, 0x78, 0xF1, 0xC8, 0xEE, 0xCE, 0x27,
    0x96, 0xB3, 0x3D, 0xCA, 0x7C, 0xF4, 0x73, 0x1E, 0x71, 0xA6, 0xDB, 0x15, 0x43, 0x19, 0xAA, 0x36,
    0x1D, 0xEB, 0x78, 0xF2, 0x78, 0xDA, 0xFA, 0x62, 0x5B, 0xFE, 0xBE, 0x66, 0x5A, 0xB6, 0x5B, 0xB6,
    0x5F, 0xF6, 0x5B, 0xF6, 0x07, 0x90, 0xF6, 0x64, 0xB1, 0xF2, 0xC3, 0xE6, 0xF9, 0x76, 0xB3, 0xD8,
    0x99, 0x64, 0x1D, 0x56, 0x97, 0xAC, 0x78, 0x3E, 0x13, 0x70, 0x1F, 0x68, 0x36, 0xCF, 0x0D, 0x5F,
    0xFA, 0x28, 0xCF, 0x0D, 0x57, 0xA3, 0x94, 0x77, 0x28, 0xB0, 0xFB, 0x30, 0xE6, 0xCD, 0xEA, 0xCD,
    0x2F, 0x74, 0x14, 0x5F, 0x15, 0xA8, 0x0C, 0x70, 0x1F, 0x31, 0x18, 0x36, 0xD9, 0xAF, 0xD6, 0xBC,
    0xFC, 0x47, 0xD9, 0xDA, 0x62, 0x28, 0xF9, 0x88, 0x07, 0xAE, 0x12, 0xE3, 0x10, 0xB6, 0xB1, 0x5B,
    0xDC, 0x50, 0x8C, 0xCD, 0xBA, 0xA7, 0xA4, 0xBF, 0x66, 0x8C, 0xAA, 0xC5, 0xAB, 0x7A, 0x08, 0xC8,
    0xD6, 0x7C, 0x6A, 0x81, 0xD3, 0xA7, 0x93, 0xC5, 0x49, 0xD1, 0xC2, 0x52, 0xA6, 0x81, 0xE7, 0xF9,
    0x88, 0xFB, 0x28, 0x92, 0x8E, 0xE4, 0x1F, 0x8D, 0x02, 0xB7, 0x70, 0x68, 0xB5, 0xEE, 0x15, 0x81,
    0xED, 0x5D, 0x0E, 0x6F, 0xF1, 0x9D, 0x0F, 0x5D, 0x9D, 0x4C, 0x7A, 0xFB, 0x4D, 0xCE, 0xD7, 0x3E,
    0xAB, 0xFE, 0x9E, 0xB5, 0xCF, 0xE3, 0xCD, 0xED, 0xE5, 0x9F, 0xBA, 0xB8, 0x9C, 0x49, 0x99, 0x0C,
    0x3C, 0xCD, 0x33, 0xEF, 0x1F, 0xCF, 0xC3, 0x59, 0x63, 0xFE, 0x7D, 0x7E, 0xF3, 0x84, 0xE6, 0x99,
    0xC0, 0x6A, 0xED, 0xDA, 0x78, 0x1C, 0x21, 0x3D, 0xC5, 0x2A, 0x4E, 0x9A, 0xB3, 0x9E, 0x17, 0x6D,
    0xE6, 0x24, 0x70, 0xA3, 0x6A, 0x4D, 0xD6, 0x93, 0x0F, 0x54, 0x5B, 0x1C, 0x95, 0x7C, 0xEF, 0x83,
    0x0D, 0xD7, 0x59, 0x83, 0x22, 0x85, 0x2C, 0xC0, 0x6A, 0x0D, 0x45, 0x0B, 0x15, 0x78, 0x21, 0x5C,
    0xB4, 0x9A, 0x22, 0xD6, 0x14, 0x73, 0x9A, 0x96, 0xF4, 0xFA, 0x98, 0xE9, 0xBF, 0x47, 0xB0, 0x79,
    0x5D, 0x63, 0x6E, 0x22, 0x85, 0xA8, 0x22, 0x02, 0x89, 0x56, 0x17, 0xA3, 0x1D, 0x71, 0x1B, 0x71,
    0x7B, 0xD1, 0x4E, 0xC4, 0x13, 0xF5, 0x44, 0x3E, 0xF1, 0x5C, 0x22, 0xE0, 0x46, 0xB0, 0x82, 0x3D,
    0x18, 0x91, 0x04, 0xA4, 0xB7, 0x71, 0xEE, 0x55, 0x2F, 0x89, 0xD7, 0x8B, 0xC0, 0xCE, 0x42, 0xB1,
    0xB7, 0x98, 0x1C, 0x1D, 0x73, 0x10, 0x16, 0xA5, 0x6E, 0x09, 0x2E, 0x84, 0x85, 0x4E, 0xCD, 0x64,
    0xD9, 0xC3, 0xB2, 0x6F, 0x64, 0x17, 0xFD, 0x3C, 0xD4, 0x40, 0xD1, 0x6D, 0xAC, 0xA4, 0x01, 0x8C,
    0xE0, 0x4D, 0x6E, 0x2E, 0xD6, 0xB4, 0xB1, 0xAA, 0xA0, 0x68, 0x90, 0xB6, 0xD7, 0x8A, 0x05, 0x24,
    0x33, 0x64, 0x73, 0x27, 0x3E, 0xE0, 0x20, 0xC9, 0x3A, 0x58, 0x75, 0x9B, 0x2F, 0x62, 0x07, 0xEC,
    0x82, 0x67, 0xDE, 0x44, 0xBE, 0xBC, 0x47, 0x3D, 0xE1, 0x4B, 0x77, 0xF1, 0xCC, 0x2D, 0x38, 0x44,
    0x12, 0x10, 0x13, 0x4A, 0x9B, 0x6B, 0xD5, 0xCC, 0xD7, 0xEF, 0x8A, 0x72, 0xFC, 0x52, 0x6C, 0x1F,
    0x04, 0xBC, 0xEB, 0x83, 0xED, 0xCD, 0x1D, 0x9B, 0x70, 0xE7, 0xFD, 0x1B, 0xE9, 0x3C, 0xDB, 0x2C,
    0xC7, 0x5C, 0x1F, 0xD0, 0xCD, 0x4B, 0x1E, 0xE0, 0x10, 0x4C, 0xE0, 0xF0, 0x9A, 0xC7, 0x1A, 0xA4,
    0x3D, 0xB2, 0x10, 0x7F, 0xC7, 0x44, 0xD1, 0x5D, 0x5D, 0x68, 0x27, 0xCA, 0xF6, 0x98, 0xAA, 0xA9,
    0xA9, 0x55, 0xAD, 0x53, 0xC5, 0xF0, 0x92, 0x69, 0xF9, 0x2E, 0x3D, 0x9F, 0x73, 0xFA, 0xA8, 0xDF,
    0x25, 0x0B, 0x8F, 0xBF, 0xAD, 0xC2, 0x91, 0x3C, 0xEC, 0x2B, 0x43, 0xFD, 0x8A, 0xD7, 0x86, 0x62,
    0xFE, 0xCB, 0x90, 0x9E, 0x3E, 0xDA, 0x3B, 0x23, 0xF9, 0x88, 0xEA, 0x14, 0xDB, 0x25, 0x14, 0x70,
    0x0B, 0x8E, 0x36, 0xC5, 0xA1, 0x07, 0xE0, 0xFE, 0xD0, 0x94, 0x3D, 0x07, 0x23, 0xC3, 0x11, 0xB6,
    0x30, 0x10, 0x0B, 0x7E, 0x47, 0x02, 0x57, 0xA5, 0xF4, 0x60, 0x03, 0x65, 0x8C, 0x35, 0x38, 0x02,
    0x03, 0x24, 0xB7, 0x71, 0x91, 0xE2, 0x67, 0xC2, 0xFF, 0x8A, 0xFD, 0x12, 0x7F, 0x61, 0xBD, 0xC4,
    0xDF, 0x88, 0xD9, 0xFD, 0x5B, 0xB3, 0xC4, 0x13, 0x4B, 0x5C, 0xC7, 0xD8, 0x3D, 0xEE, 0xD8, 0x8A,
    0x34, 0xA2, 0x8D, 0x88, 0x13, 0x75, 0x44, 0x1E, 0xD1, 0x47, 0x04, 0xDA, 0x5C, 0xAD, 0x41, 0x74,
    0x61, 0xD5, 0xE1, 0x01, 0xD8, 0xD8, 0xDC, 0x1B, 0xC6, 0xB3, 0xF0, 0xBA, 0x05, 0xE3, 0x3F, 0xD6,
    0x8B, 0x74, 0x73, 0x16, 0xC6, 0xB8, 0xDD, 0x3D, 0x61, 0x15, 0x2C, 0x4E, 0x16, 0x28, 0x8B, 0x94,
    0x85, 0x4A, 0x7A, 0xFA, 0x5E, 0x81, 0x4F, 0x04, 0xC7, 0x36, 0x56, 0x8A, 0x76, 0x53, 0xA0, 0x24,
    0xED, 0x8D, 0xC5, 0x4A, 0x03, 0x8C, 0xB0, 0x0B, 0xB7, 0x5C, 0x3F, 0xD6, 0x66, 0xB0, 0xA1, 0x3A,
    0xB5, 0x19, 0x6E, 0x0A, 0x70, 0x0B, 0x1C, 0x41, 0x12, 0x20, 0xED, 0x6F, 0x2C, 0x9F, 0xB2, 0xC7,
    0xC1, 0x88, 0xE1, 0x08, 0xB6, 0x60, 0xD3, 0xF5, 0xF2, 0x0E, 0xC9, 0xF5, 0x6A, 0xEE, 0xA7, 0x1D,
    0xC9, 0xFC, 0xDB, 0x1D, 0xE9, 0xDF, 0xCD, 0x2D, 0x69, 0xF7, 0x59, 0x37, 0xD7, 0x0B, 0xD2, 0x47,
    0x5E, 0x46, 0x3E, 0x4F, 0x14, 0xAB, 0x01, 0xAE, 0x13, 0xE8, 0x46, 0x25, 0x7F, 0xB1, 0xAE, 0xC9,
    0x36, 0x1D, 0xFC, 0x5A, 0xC7, 0x1A, 0xE4, 0x2D, 0x8A, 0xEE, 0xFC, 0x77, 0x55, 0x73, 0xFE, 0xC7,
    0x8B, 0xEF, 0x67, 0x00, 0xD4, 0xAC, 0x42, 0xD5, 0x2A, 0xD6, 0x45, 0xA7, 0xEC, 0xF2, 0xDE, 0xB2,
    0x9C, 0xEC, 0x40, 0x32, 0x3A, 0x61, 0x4A, 0x26, 0xF6, 0xB3, 0x40, 0xBD, 0xEA, 0x29, 0xBF, 0xBD,
    0x5B, 0x28, 0x5B, 0x56, 0x33, 0xD2, 0x53, 0x98, 0x9E, 0x68, 0x18, 0xB1, 0x87, 0x0A, 0x45, 0x43,
    0xD2, 0x80, 0x7D, 0xA6, 0x5A, 0x3A, 0x54, 0x4D, 0x16, 0x8A, 0x36, 0xEB, 0x8B, 0x6E, 0xB5, 0x5E,
    0xAD, 0x8B, 0x6E, 0xF9, 0x53, 0x1A, 0xCA, 0xC6, 0x58, 0x31, 0xED, 0xB0, 0xBB, 0xCB, 0xCE, 0x11,
    0xD5, 0x48, 0x11, 0x62, 0xB3, 0x5A, 0x93, 0x77, 0x14, 0x2D, 0x15, 0xF6, 0x49, 0x27, 0xE6, 0xC0,
    0xDC, 0xDE, 0xBF, 0x54, 0x2F, 0x7E, 0x5E, 0x09, 0x13, 0xBC, 0x92, 0x7D, 0x69, 0xA8, 0x65, 0xA1,
    0x6A, 0xCE, 0xD2, 0x6C, 0xF3, 0xAE, 0xE8, 0x96, 0x94, 0x8B, 0x26, 0xEB, 0x4B, 0x69, 0xB8, 0x25,
    0x19, 0xB6, 0x19, 0x77, 0x39, 0x3A, 0x64, 0x7B, 0xA0, 0x0A, 0x94, 0x3D, 0xC5, 0x26, 0xD9, 0x08,
    0xA8, 0xC6, 0x5E, 0xBE, 0x4C, 0xE2, 0xBB, 0x39, 0xE4, 0xED, 0xDC, 0x80, 0x7B, 0xDF, 0x91, 0x6D,
    0x1F, 0xCF, 0x3B, 0xB2, 0x35, 0xD9, 0x50, 0xB5, 0xF2, 0x33, 0x7C, 0x45, 0x97, 0x07, 0x55, 0x9B,
    0x0D, 0x6A, 0xC9, 0xE4, 0x0E, 0x27, 0x26, 0x0E, 0xD2, 0x81, 0xFA, 0xBD, 0x03, 0xE5, 0xAF, 0xAC,
    0xAF, 0x80, 0xE8, 0xB2, 0x15, 0xE3, 0xB4, 0x27, 0xEB, 0x48, 0x80, 0x7D, 0xC9, 0xF8, 0xFA, 0x9E,
    0xB1, 0xEA, 0x8B, 0x2E, 0x8F, 0x3D, 0x23, 0xEB, 0x97, 0x9E, 0x51, 0x31, 0xD4, 0x9B, 0x9E, 0x61,
    0x7B, 0xA2, 0x1A, 0x88, 0x3D, 0xA3, 0x27, 0x7F, 0xEC, 0x9E, 0x21, 0xEF, 0x5E, 0x49, 0x39, 0x0C,
    0x71, 0xC6, 0x74, 0x71, 0xC2, 0x54, 0xB7, 0xB2, 0x31, 0xBE, 0x02, 0x51, 0xAC, 0x15, 0xEB, 0x55,
    0x50, 0x76, 0xE9, 0xA0, 0x6E, 0x4C, 0xF6, 0x39, 0x36, 0x51, 0xA7, 0x23, 0xD5, 0x82, 0x52, 0x2C,
    0x28, 0xF9, 0xBF, 0x75, 0x96, 0xB1, 0x4C, 0x3A, 0x3F, 0x19, 0x94, 0x4B, 0xFF, 0x8B, 0x7A, 0x33,
    0x44, 0x92, 0x31, 0x42, 0x74, 0x59, 0xC8, 0x97, 0x21, 0xD2, 0xE7, 0xF7, 0x0E, 0x91, 0xA3, 0x1D,
    0xF6, 0xF6, 0xE2, 0x10, 0x51, 0xC6, 0x21, 0x42, 0x7E, 0x71, 0x88, 0x34, 0x97, 0x42, 0xFC, 0x37,
    0xAD, 0x4F, 0x01, 0x86, 0x1D, 0x41, 0x10, 0x7D, 0x33, 0xBD, 0x34, 0x06, 0x9D, 0x1B, 0xF4, 0x09,
    0xD6, 0x9C, 0x60, 0xA7, 0x9A, 0x20, 0x80, 0x5C, 0x27, 0xD8, 0x3F, 0x1A, 0xC8, 0x95, 0x82, 0xF9,
    0xF9, 0x4D, 0x00, 0x41, 0x3A, 0x39, 0xC1, 0x44, 0x2E, 0xD0, 0x91, 0xC1, 0xA0, 0x6D, 0xA5, 0xEA,
    0xEF, 0xEF, 0x8D, 0x6C, 0x3E, 0x90, 0xED, 0xEE, 0xAA, 0x79, 0x55, 0xF5, 0x5E, 0x3D, 0x03, 0x80,
    0x39, 0xC9, 0x83, 0xA2, 0xCB, 0x79, 0x8E, 0x9F, 0xCA, 0x72, 0xF9, 0x5C, 0x6D, 0x76, 0xB0, 0xD1,
    0x85, 0x09, 0xF7, 0xD8, 0xC1, 0x81, 0xD3, 0x29, 0x11, 0x5C, 0xA2, 0x95, 0x8A, 0x2F, 0x66, 0x35,
    0x79, 0x48, 0x1E, 0xB7, 0xB8, 0xB9, 0xDA, 0xEB, 0xF0, 0xCA, 0xC6, 0x77, 0x2E, 0x6C, 0x93, 0x59,
    0xEF, 0x6D, 0xDA, 0x87, 0xC4, 0x6F, 0x37, 0xFE, 0x52, 0x4F, 0x9F, 0x2B, 0x99, 0xE2, 0x52, 0xA5,
    0x1F, 0x0F, 0xF4, 0x8B, 0xFD, 0x4F, 0x36, 0xEB, 0x68, 0xF2, 0xDD, 0x90, 0x16, 0xDF, 0x95, 0xDB,
    0x3E, 0xDF, 0x20, 0xFC, 0x3D, 0x9D, 0x9E, 0x4D, 0xC5, 0x0E, 0xD7, 0x82, 0x99, 0xAB, 0x86, 0xE2,
    0x97, 0x8E, 0xB6, 0xFB, 0x7F, 0x38, 0xC3, 0x0E, 0x62, 0x9C, 0x38, 0x32, 0xA7, 0xC7, 0x27, 0x98,
    0x58, 0xFB, 0x07, 0xBD, 0x0C, 0xB9, 0xE7, 0x74, 0x2E, 0xFB, 0x07, 0xC0, 0xAE, 0x90, 0xE3, 0x39,
    0x89, 0x5E, 0x11, 0xBD, 0x29, 0x18, 0x83, 0xA2, 0x63, 0xBF, 0x81, 0x14, 0xA0, 0x62, 0xC7, 0x72,
    0x41, 0xB5, 0xDB, 0x1B, 0x32, 0xA5, 0x4D, 0x87, 0x8C, 0x8B, 0xE2, 0x71, 0x09, 0xC8, 0x96, 0xB3,
    0x54, 0x37, 0xE7, 0xB9, 0xE7, 0xD0, 0x71, 0xB4, 0x8C, 0xEA, 0x38, 0x5B, 0x16, 0x59, 0xBF, 0x89,
    0x8F, 0xFB, 0x5A, 0xD5, 0x7F, 0xEE, 0xF6, 0x31, 0x1C, 0x21, 0xFE, 0x0B, 0x2A, 0x61, 0x12, 0x4D,
    0xA8, 0x8A, 0x08, 0xF2, 0x1A, 0x5A, 0x1A, 0x12, 0xFF, 0xA3, 0xA2, 0x19, 0xE2, 0x3F, 0xF7, 0x9B,
    0x17, 0xAD, 0xF8, 0xD3, 0xFB, 0xE2, 0xBE, 0x55, 0x88, 0xBF, 0xE3, 0xA4, 0x1E, 0x04, 0xE8, 0xFF,
    0x9D, 0xA2, 0x2B, 0x2E, 0xFB, 0x34, 0x46, 0x15, 0x1F, 0x64, 0x8F, 0xFB, 0x5E, 0x85, 0xE9, 0x3F,
    0x6D, 0xE3, 0xEB, 0x42, 0x76, 0x9D, 0x86, 0x7C, 0x10, 0x6B, 0x17, 0x54, 0x71, 0x44, 0xBF, 0xC3,
    0x16, 0x59, 0xA3, 0xD5, 0x47, 0x48, 0x56, 0x6C, 0x8B, 0xF6, 0x65, 0x0A, 0xF5, 0xC5, 0x18, 0xE1,
    0xB2, 0xDA, 0xA3, 0x42, 0x6B, 0x0A, 0x9A, 0xAB, 0x76, 0x5C, 0xD6, 0xE9, 0x0C, 0x3D, 0xB2, 0x52,
    0xB8, 0x8A, 0xEE, 0x34, 0x7D, 0xD0, 0x54, 0x24, 0xCC, 0x2A, 0xC9, 0xA6, 0xC6, 0xF0, 0x4F, 0x8C,
    0xA5, 0x31, 0xFA, 0x3F, 0x8C, 0xF8, 0x2F, 0x63, 0x6B, 0x0C, 0x73, 0x85, 0xF1, 0x1B, 0xDD, 0x92,
    0x81, 0xA6, 0xDC, 0x40, 0x14, 0x86, 0xBF, 0x9D, 0x61, 0x83, 0x45, 0x8A, 0x0B, 0x85, 0xA6, 0x6F,
    0x90, 0x17, 0xE8, 0x66, 0x46, 0x2F, 0x2E, 0x40, 0x1F, 0xA8, 0xDB, 0xBD, 0x7D, 0xAB, 0x22, 0xAB,
    0x71, 0x9F, 0x60, 0x1F, 0x61, 0xF4, 0x09, 0x0E, 0x46, 0x0D, 0xA6, 0x39, 0x3D, 0xD9, 0x71, 0xAB,
    0x4A, 0x51, 0xA0, 0x6E, 0xE6, 0x93, 0x9C, 0xCC, 0xFC, 0xC9, 0xFC, 0x73, 0xCE, 0x71, 0x2B, 0xBD,
    0x2E, 0xE1, 0x41, 0x4E, 0x2E, 0xCF, 0x94, 0x4A, 0x35, 0x0A, 0xB3, 0xD1, 0x62, 0x9B, 0x3C, 0xED,
    0xB2, 0x09, 0x4C, 0x66, 0x62, 0x3A, 0xA1, 0x17, 0x46, 0xE1, 0x93, 0xF0, 0x5D, 0xDC, 0x37, 0xF1,
    0x4F, 0xD2, 0xBF, 0x97, 0xC1, 0xC9, 0x3B, 0x27, 0x5F, 0x9C, 0xE8, 0xED, 0xC2, 0x49, 0xA3, 0xD7,
    0xBA, 0x01, 0x43, 0xE3, 0xFC, 0x38, 0x6A, 0x1E, 0x3F, 0xD7, 0xD7, 0x9C, 0x60, 0x6A, 0xDC, 0x71,
    0x99, 0x5C, 0x1D, 0x55, 0x9C, 0x3E, 0xE2, 0x12, 0x63, 0x42, 0xA3, 0xCF, 0xF4, 0x0B, 0x23, 0x84,
    0x35, 0x9E, 0x35, 0x7D, 0xED, 0x72, 0xA5, 0x34, 0x6F, 0xCD, 0x55, 0xE8, 0x64, 0xD0, 0xAB, 0x5B,
    0xA3, 0x6A, 0x35, 0x70, 0x99, 0x2E, 0xB5, 0x6F, 0x98, 0xE0, 0x02, 0x15, 0x0A, 0xBB, 0x8C, 0x13,
    0xFC, 0x2F, 0x12, 0xFB, 0x35, 0x8E, 0x9A, 0xCE, 0x7E, 0x3B, 0xAF, 0x11, 0xFC, 0xF6, 0x9F, 0x41,
    0x17, 0x0B, 0x5A, 0x06, 0x1A, 0x26, 0x30, 0x99, 0x89, 0xF7, 0x2B, 0xDB, 0xEA, 0xBD, 0xAD, 0xE6,
    0xDF, 0x0C, 0xD4, 0x70, 0x5F, 0x07, 0x2D, 0x7B, 0x95, 0xB6, 0x2F, 0xE7, 0xD8, 0xD5, 0xCD, 0xFB,
    0x1B, 0xF0, 0xA9, 0x5F, 0x06, 0x02, 0x47, 0x3E, 0x62, 0x4A, 0x1B, 0xE5, 0x76, 0x9F, 0xED, 0xFD,
    0x48, 0x60, 0x30, 0xBD, 0x4F, 0x13, 0x7D, 0x3C, 0xD8, 0xD3, 0x8B, 0x13, 0xB3, 0x59, 0x9E, 0xC7,
    0x2E, 0xEF, 0x6C, 0xC6, 0xA7, 0xC3, 0xD2, 0xC7, 0x89, 0xE3, 0x78, 0x9D, 0x54, 0xC2, 0x53, 0x09,
    0x54, 0x63, 0x62, 0xFE, 0x83, 0x7F, 0x2E, 0x61, 0xE1, 0x50, 0x38, 0x17, 0x2E, 0x85, 0x0F, 0x05,
    0xFE, 0x4E, 0xD0, 0xC5, 0x70, 0x1A, 0x07, 0x95, 0xC9, 0x95, 0x3B, 0x2A, 0xCC, 0x2D, 0xAF, 0xB8,
    0xE7, 0x63, 0x07, 0xF8, 0x81, 0xCF, 0x0C, 0x57, 0xD3, 0xAB, 0xB1, 0xD7, 0x18, 0xD4, 0xCC, 0x94,
    0x57, 0x14, 0xC8, 0x74, 0x5B, 0x5D, 0x9D, 0x2E, 0x16, 0x40, 0x81, 0x6A, 0xBC, 0xA5, 0x5E, 0x7C,
    0x0E, 0x9A, 0xBA, 0x35, 0xFE, 0x47, 0x2D, 0xF5, 0xF0, 0xD2, 0x5B, 0xAA, 0xBB, 0xB5, 0xD4, 0x4F,
    0x8D, 0x92, 0xBD, 0x6E, 0xFB, 0x36, 0x14, 0xC5, 0x8F, 0x44, 0x20, 0x1A, 0x04, 0x94, 0x53, 0xDB,
    0xC1, 0x68, 0xB4, 0x06, 0x45, 0x03, 0xAD, 0x19, 0x84, 0x52, 0x40, 0x81, 0xBE, 0x41, 0x9E, 0xC3,
    0x4B, 0x87, 0x0E, 0x89, 0xA5, 0xA2, 0x2F, 0x90, 0xE7, 0xC8, 0xD4, 0xA1, 0xA3, 0x1D, 0x31, 0xE9,
    0x03, 0x54, 0x7B, 0x86, 0x68, 0xF0, 0x5E, 0x06, 0xF0, 0xE0, 0x81, 0xE2, 0xED, 0xBD, 0x94, 0x1C,
    0x27, 0x2E, 0x8A, 0x7F, 0x0C, 0xDC, 0xDF, 0x31, 0x79, 0xEE, 0x07, 0x29, 0x10, 0xB8, 0x3C, 0x07,
    0x50, 0x7D, 0x27, 0xF8, 0x01, 0x58, 0x90, 0x07, 0x3A, 0x0A, 0x50, 0xA3, 0xEB, 0x5A, 0x3D, 0x30,
    0x8A, 0xDF, 0x86, 0x57, 0x98, 0xB4, 0x1F, 0xB0, 0x52, 0x8F, 0x3D, 0x36, 0xEA, 0xC9, 0x62, 0x9D,
    0xFD, 0x6E, 0xE1, 0xF3, 0x9F, 0x5A, 0x78, 0x9D, 0xD5, 0x8C, 0x1C, 0xF0, 0xE7, 0x9A, 0x71, 0xF9,
    0x15, 0x43, 0xDA, 0x6D, 0xA4, 0xDD, 0xEA, 0xD7, 0x0A, 0x30, 0x7F, 0x5E, 0x01, 0x85, 0xFB, 0x25,
    0x85, 0x76, 0x7F, 0x68, 0xAB, 0xC2, 0x6B, 0xD7, 0xA6, 0x44, 0x23, 0xD4, 0x33, 0xDD, 0x41, 0xFD,
    0x65, 0x01, 0x69, 0x87, 0x34, 0xAD, 0x01, 0xE4, 0xA1, 0x86, 0x21, 0x87, 0xF0, 0xF3, 0x90, 0xEE,
    0x01, 0xE5, 0x3E, 0x46, 0xCA, 0x61, 0x88, 0x62, 0x24, 0xEC, 0x43, 0xC2, 0x1F, 0xF7, 0xE4, 0x7F,
    0x32, 0xD7, 0xE5, 0x03, 0x60, 0x2C, 0x40, 0x44, 0x4E, 0x02, 0x23, 0xA0, 0x65, 0x3D, 0x4B, 0x3B,
    0x89, 0x9D, 0xC4, 0x45, 0x09, 0xBB, 0x28, 0xDE, 0x4F, 0xB2, 0x12, 0xE9, 0x7C, 0x59, 0x6B, 0xB2,
    0x9D, 0xD7, 0x96, 0x05, 0x3E, 0x1F, 0xA2, 0xA7, 0x76, 0x51, 0x12, 0x1F, 0x53, 0xF0, 0x10, 0x53,
    0x60, 0x62, 0x0A, 0x8A, 0xBF, 0xC5, 0x83, 0x7E, 0x89, 0xA2, 0x28, 0x4A, 0x3A, 0x09, 0x66, 0x69,
    0x26, 0x29, 0xA3, 0xC8, 0x20, 0x4D, 0xD4, 0x0A, 0xF6, 0xBC, 0xF8, 0x26, 0x30, 0xD0, 0xD4, 0x8C,
    0xB2, 0x15, 0xCF, 0x12, 0xFF, 0x7C, 0x04, 0x2F, 0x0B, 0x7B, 0x30, 0x0C, 0x5B, 0x69, 0x98, 0xCB,
    0x68, 0xBE, 0xD4, 0xA7, 0x01, 0xC0, 0xBF, 0x87, 0x22, 0xB2, 0x11, 0xA7, 0x46, 0xD7, 0x7B, 0x64,
    0xE4, 0x3D, 0x8A, 0xED, 0xD2, 0xC3, 0xD4, 0x99, 0xC7, 0x0A, 0xA9, 0xC7, 0x5A, 0x5C, 0xFF, 0x7F,
    0xD8, 0x08, 0x62, 0x5E, 0xAC, 0xD0, 0x5C, 0x2B, 0x5D, 0xD6, 0xD2, 0x8F, 0x31, 0xFF, 0x3E, 0x8E,
    0x5D, 0x06, 0x20, 0x27, 0x1A, 0x60, 0xB6, 0xDF, 0x7A, 0x04, 0xE0, 0x26, 0xDD, 0x4B, 0x8A, 0x63,
    0xE4, 0x3D, 0x43, 0x3E, 0x41, 0xC4, 0xE9, 0x65, 0x8E, 0x46, 0xCC, 0xCB, 0x86, 0x43, 0x59, 0xBA,
    0x9B, 0x6F, 0x71, 0x85, 0x06, 0xD8, 0xF0, 0x1D, 0x16, 0x1E, 0x99, 0xCC, 0xC0, 0x72, 0x94, 0xB9,
    0xBD, 0x20, 0x70, 0x72, 0xD2, 0xB5, 0x5C, 0x51, 0xF4, 0xE4, 0x90, 0x13, 0x43, 0x91, 0x62, 0xB8,
    0x23, 0x78, 0x2F, 0x13, 0x43, 0x8B, 0xD1, 0xB4, 0xB1, 0x8C, 0x31, 0xC4, 0x41, 0x9F, 0x06, 0x70,
    0x21, 0xA8, 0x0E, 0x38, 0xA3, 0x2D, 0xD0, 0xC8, 0x9B, 0x0E, 0x37, 0x4B, 0x9B, 0xB9, 0x4A, 0xF5,
    0xDA, 0x56, 0xA8, 0xCB, 0x9A, 0xDD, 0x1F, 0xC1, 0xB8, 0x15, 0xAC, 0x05, 0xFE, 0x1D, 0x0C, 0xB9,
    0x19, 0x95, 0x9A, 0xB0, 0x11, 0xAC, 0x04, 0x46, 0x50, 0x58, 0x86, 0x76, 0x55, 0xE6, 0x14, 0x77,
    0x76, 0xE8, 0xE4, 0xEC, 0x0B, 0x1A, 0xDC, 0xBB, 0xE1, 0xB8, 0xF8, 0x78, 0xA0, 0x5B, 0x8E, 0x82,
    0xF6, 0xF1, 0x7B, 0x42, 0x85, 0xAA, 0xB1, 0x7A, 0xA8, 0x72, 0xCB, 0xAD, 0x52, 0x18, 0x49, 0x59,
    0x09, 0x36, 0x02, 0xFF, 0x65, 0x6C, 0xDE, 0x2A, 0x8C, 0xA0, 0x6C, 0xAB, 0x04, 0xDC, 0x2F, 0xB3,
    0x6A, 0xAC, 0x96, 0x36, 0xCE, 0x40, 0x29, 0xD3, 0x92, 0x87, 0x1A, 0xC7, 0x53, 0x7D, 0x7D, 0x7D,
    0x7D, 0x5D, 0x37, 0xEC, 0xF6, 0x11, 0xC0, 0xC2, 0x01, 0x88, 0x2F, 0x01, 0x1E, 0xDF, 0xDF, 0xDF,
    0x87, 0x36, 0x1A, 0xF2, 0xEF, 0x2E, 0xEE, 0xCD, 0x6E, 0xEE, 0xC0, 0x46, 0xCF, 0x08, 0xE0, 0x3C,
    0xD9, 0xC7, 0x28, 0x30, 0x82, 0xB2, 0x3D, 0x3C, 0x96, 0xFC, 0xED, 0x75, 0x24, 0x53, 0x53, 0x41,
    0x23, 0xDE, 0x49, 0x24, 0x1C, 0x4B, 0xE8, 0x67, 0x82, 0xA6, 0x01, 0xCD, 0x1E, 0x20, 0x0B, 0xBC,
    0xD8, 0x05, 0xF4, 0x93, 0xEC, 0xED, 0x51, 0x84, 0x69, 0xEF, 0x1F, 0x8B, 0x92, 0x6B, 0x0C, 0xC7,
    0x8A, 0xC3, 0x6B, 0x9B, 0xED, 0xF5, 0x63, 0x33, 0x68, 0xA2, 0x5A, 0xD3, 0x16, 0x9A, 0x42, 0xCD,
    0xA0, 0x1D, 0xB4, 0x3D, 0x1B, 0x19, 0xD3, 0xBC, 0xB2, 0x66, 0xE8, 0x56, 0x60, 0xDF, 0x20, 0xCB,
    0x42, 0x0C, 0x23, 0x47, 0x18, 0x41, 0x5C, 0x26, 0x68, 0xFF, 0xFB, 0xE8, 0xDD, 0x84, 0x53, 0x23,
    0xE2, 0x5F, 0x63, 0x98, 0xC0, 0xC0, 0xC0, 0xC0, 0xDC, 0x00, 0x24, 0xE4, 0x18, 0x80, 0x60, 0xDF,
    0xAA, 0x55, 0xAB, 0x56, 0xFE, 0x07, 0x82, 0x7F, 0xB6, 0x20, 0x2E, 0xB7, 0x03, 0x90, 0x60, 0x3C,
    0xC0, 0x00, 0x05, 0x8C, 0x0D, 0x0C, 0xCC, 0x0F, 0x18, 0xF8, 0xBF, 0x30, 0xE8, 0xBD, 0x61, 0xD8,
    0x74, 0x9A, 0xC1, 0xE9, 0x20, 0x03, 0xD3, 0x01, 0x62, 0x11, 0x10, 0xB0, 0x31, 0xC0, 0xEC, 0x62,
    0xF8, 0xB0, 0x0A, 0x08, 0xF6, 0x82, 0x2D, 0x02, 0x71, 0x77, 0x80, 0x0C, 0xBF, 0x00, 0x24, 0xD8,
    0x61, 0x16, 0x11, 0x6B, 0xAC, 0xD3, 0x01, 0x86, 0x45, 0x87, 0x19, 0xAC, 0xEE, 0x32, 0xF0, 0xFF,
    0x60, 0x60, 0xFF, 0x00, 0x12, 0x01, 0x00, 0xC5, 0xD1, 0x21, 0x6C, 0xE4, 0x46, 0x18, 0xC5, 0xF1,
    0x9F, 0x6D, 0xF5, 0x0C, 0xAC, 0x6A, 0x82, 0x5B, 0x60, 0x4E, 0x6A, 0x0E, 0x92, 0x99, 0x72, 0x7A,
    0xFC, 0x38, 0x0A, 0x97, 0x72, 0x97, 0xE5, 0xA8, 0x1C, 0x1F, 0x2E, 0x07, 0x49, 0x77, 0x38, 0x72,
    0x39, 0x71, 0xA5, 0xA0, 0x22, 0x4B, 0x35, 0x30, 0xF0, 0x66, 0xAA, 0xB8, 0xB7, 0x56, 0x55, 0x55,
    0x2A, 0xAA, 0xEE, 0x59, 0xF3, 0xA4, 0x4F, 0xCF, 0xEF, 0xFF, 0x59, 0x1E, 0xEF, 0x26, 0xE2, 0xC6,
    0xB9, 0xB0, 0xC5, 0x54, 0xCF, 0xFD, 0xA9, 0x9A, 0x42, 0xE6, 0x6F, 0xA7, 0xBA, 0xCF, 0x86, 0x92,
    0xAB, 0xF2, 0x21, 0xB7, 0x4B, 0xC8, 0x6F, 0x4F, 0xD4, 0xE7, 0x4F, 0x86, 0xD3, 0xB3, 0x98, 0x36,
    0xD1, 0xE6, 0x6C, 0x73, 0xF1, 0x5C, 0x6F, 0x1E, 0xDB, 0x45, 0x2C, 0xA3, 0x50, 0x92, 0xEA, 0xB3,
    0x43, 0xDF, 0x82, 0x01, 0xC4, 0x04, 0xE7, 0x0C, 0x65, 0x44, 0xFD, 0xC7, 0x8C, 0xE6, 0xB7, 0x05,
    0x6D, 0x5E, 0x11, 0xF2, 0x13, 0xFA, 0x74, 0x87, 0x68, 0xC0, 0x47, 0xE1, 0xC4, 0xA6, 0xCB, 0xAA,
    0x55, 0x3B, 0xA9, 0x67, 0xCD, 0xAC, 0x99, 0x54, 0x8B, 0x2E, 0xB3, 0x09, 0x99, 0x8F, 0x86, 0x44,
    0x14, 0x31, 0xA4, 0x5F, 0xD0, 0xE7, 0xF2, 0xA6, 0xBF, 0x7C, 0x04, 0xC7, 0x9C, 0x37, 0xC2, 0xD7,
    0xB0, 0xF7, 0x7C, 0x93, 0x8E, 0x6F, 0x99, 0x77, 0x3B, 0xC3, 0x90, 0xD1, 0xCD, 0x68, 0x56, 0x78,
    0x85, 0x78, 0x42, 0x18, 0xD1, 0x2C, 0x70, 0x81, 0x47, 0xE8, 0x4F, 0xD7, 0xF8, 0x8C, 0x7A, 0x43,
    0x3B, 0xA3, 0xCF, 0x88, 0x09, 0x97, 0x2B, 0x2A, 0x4C, 0x57, 0xFC, 0xF9, 0xBA, 0x77, 0xDB, 0xED,
    0x1F, 0xBF, 0x04, 0xE0, 0x5D, 0x42, 0x48, 0x18, 0xE0, 0x16, 0x56, 0x54, 0x33, 0x9A, 0x11, 0x5D,
    0x46, 0x80, 0x3B, 0x78, 0x80, 0x05, 0xF5, 0x8C, 0x76, 0x0F, 0x4F, 0xE8, 0x8F, 0xFA, 0xD3, 0x51,
    0x9F, 0x8E, 0x7A, 0x3A, 0xEA, 0xF0, 0x9D, 0xC7, 0x5C, 0xA6, 0x32, 0x9D, 0xC7, 0x21, 0x41, 0xD9,
    0x50, 0xED, 0xDE, 0xCC, 0xAE, 0xCD, 0x1D, 0x4E, 0x97, 0x5D, 0x77, 0xE8, 0xC1, 0x00, 0x6E, 0x89,
    0x93, 0x07, 0xE2, 0xEC, 0x09, 0x8B, 0x05, 0x6B, 0x35, 0xE3, 0xA9, 0x9E, 0xF1, 0xD0, 0x8C, 0xB8,
    0xDD, 0x31, 0x3F, 0x74, 0x19, 0x7D, 0x48, 0x08, 0x1F, 0x20, 0xFC, 0x0C, 0xDD, 0x05, 0xDA, 0xCD,
    0x71, 0x17, 0xF5, 0x67, 0x78, 0x4F, 0x95, 0xB4, 0x65, 0xF4, 0x78, 0x31, 0x94, 0xB5, 0x29, 0x25,
    0xC5, 0x1F, 0x4B, 0x78, 0x19, 0xF2, 0xB3, 0xA1, 0xA4, 0x6E, 0xDA, 0xB4, 0x17, 0xCD, 0xBC, 0x69,
    0x36, 0xCD, 0xFC, 0xA4, 0x2B, 0x9A, 0xF9, 0x51, 0xBC, 0x1F, 0xBB, 0x29, 0xFE, 0xFE, 0xDA, 0x5D,
    0xCE, 0x39, 0x94, 0xA5, 0x2A, 0x45, 0x55, 0x4E, 0xFA, 0x95, 0xAA, 0x24, 0xA1, 0xD0, 0xFF, 0xCA,
    0x80, 0xF8, 0xFF, 0x9E, 0x9B, 0x57, 0xE2, 0xC6, 0x30, 0xD1, 0xBD, 0x08, 0x62, 0x49, 0xBD, 0xF3,
    0xFD, 0x12, 0x6D, 0x75, 0xB9, 0x58, 0x0D, 0x0B, 0x87, 0xBA, 0xE5, 0x3F, 0x5F, 0x11, 0x32, 0x7D,
    0x22, 0xE2, 0x93, 0xF2, 0x45, 0x9A, 0x99, 0x76, 0xA4, 0xCB, 0x84, 0x13, 0x43, 0x72, 0x64, 0x2B,
    0xF5, 0x4C, 0x33, 0xED, 0xF1, 0xA1, 0x74, 0xBD, 0xDF, 0x73, 0xA6, 0x7F, 0xA5, 0x2A, 0x23, 0xC3,
    0x4A, 0x5B, 0x12, 0x71, 0xF2, 0xC5, 0xF6, 0xD1, 0xFD, 0x8A, 0xBA, 0xFC, 0x84, 0xFE, 0xC2, 0x5E,
    0xBB, 0x02, 0x13, 0x88, 0xA5, 0x94, 0xBC, 0xDB, 0x0D, 0xDC, 0x41, 0x7C, 0xF9, 0x37, 0xC0, 0xF7,
    0x07, 0xE0, 0xCD, 0xF6, 0xB1, 0x7A, 0x0B, 0xEE, 0x8F, 0xE5, 0x2F, 0x57, 0xC0, 0x0D, 0x1C, 0xF8,
    0x71, 0xB7, 0x3F, 0x01, 0x63, 0x90, 0x7F, 0xC0, 0xC0, 0xC0, 0xB0, 0xFF, 0x8F, 0xBC, 0x03, 0xE3,
    0xDF, 0x14, 0xFB, 0x03, 0xCC, 0x1F, 0x18, 0xC0, 0x84, 0xBC, 0x03, 0x90, 0x60, 0x60, 0x00, 0x13,
    0xFF, 0xFF, 0x7F, 0xB0, 0x07, 0x13, 0x20, 0x2E, 0xB5, 0x08, 0x20, 0x00, 0x12, 0xF2, 0x5F, 0xEC,
    0x41, 0x96, 0xDB, 0x33, 0x30, 0xFE, 0x55, 0xC0, 0xAA, 0x8E, 0x8A, 0x96, 0xB7, 0x80, 0xBC, 0xF5,
    0x17, 0x48, 0xB0, 0xFF, 0x05, 0x00,
};

static const EpdGlyph sarabun_16_regularGlyphs[] = {
    { 0, 0, 0, 0, 0, 0, 0 }, // U+0000
    { 0, 0, 130, 0, 0, 0, 0 }, // U+000D
    { 0, 0, 130, 0, 0, 0, 0 }, // U+0020
    { 5, 23, 126, 2, 23, 29, 0 }, // !
    { 8, 8, 189, 2, 23, 16, 29 }, // "
    { 19, 23, 366, 2, 23, 110, 45 }, // #
    { 15, 29, 282, 1, 26, 109, 155 }, // $
    { 27, 23, 482, 2, 23, 156, 264 }, // %
    { 20, 24, 356, 1, 23, 120, 420 }, // &
    { 3, 8, 102, 2, 23, 6, 540 }, // '
    { 8, 27, 170, 1, 25, 54, 546 }, // (
    { 9, 27, 170, 0, 25, 61, 600 }, // )
    { 13, 14, 239, 1, 25, 46, 661 }, // *
    { 17, 17, 324, 2, 17, 73, 707 }, // +
    { 6, 10, 134, 1, 4, 15, 780 }, // ,
    { 9, 3, 181, 1, 11, 7, 795 }, // -
    { 4, 4, 134, 2, 4, 4, 802 }, // .
    { 16, 26, 221, -1, 24, 104, 806 }, // /
    { 16, 23, 293, 1, 23, 92, 910 }, // 0
    { 12, 23, 293, 3, 23, 69, 1002 }, // 1
    { 16, 23, 293, 1, 23, 92, 1071 }, // 2
    { 16, 23, 293, 1, 23, 92, 1163 }, // 3
    { 16, 23, 293, 1, 23, 92, 1255 }, // 4
    { 16, 23, 293, 1, 23, 92, 1347 }, // 5
    { 15, 24, 293, 1, 24, 90, 1439 }, // 6
    { 15, 23, 293, 2, 23, 87, 1529 }, // 7
    { 16, 23, 293, 1, 23, 92, 1616 }, // 8
    { 15, 24, 293, 1, 23, 90, 1708 }, // 9
    { 4, 16, 134, 2, 16, 16, 1798 }, // :
    { 5, 22, 134, 1, 16, 28, 1814 }, // ;
    { 16, 19, 324, 2, 19, 76, 1842 }, // <
    { 16, 9, 324, 2, 13, 36, 1918 }, // =
    { 16, 19, 324, 2, 19, 76, 1954 }, // >
    { 14, 23, 242, 0, 23, 81, 2030 }, // ?
    { 24, 26, 424, 1, 20, 156, 2111 }, // @
    { 20, 23, 318, 0, 23, 115, 2267 }, // A
    { 15, 23, 314, 3, 23, 87, 2382 }, // B
    { 18, 23, 312, 1, 23, 104, 2469 }, // C
    { 17, 23, 332, 3, 23, 98, 2573 }, // D
    { 14, 23, 294, 3, 23, 81, 2671 }, // E
    { 14, 23, 293, 3, 23, 81, 2752 }, // F
    { 18, 23, 339, 1, 23, 104, 2833 }, // G
    { 17, 23, 362, 3, 23, 98, 2937 }, // H
    { 3, 23, 156, 3, 23, 18, 3035 }, // I
    { 12, 23, 235, 0, 23, 69, 3053 }, // J
    { 17, 23, 323, 3, 23, 98, 3122 }, // K
    { 15, 23, 292, 3, 23, 87, 3220 }, // L
    { 21, 23, 426, 3, 23, 121, 3307 }, // M
    { 17, 23, 364, 3, 23, 98, 3428 }, // N
    { 20, 23, 352, 1, 23, 115, 3526 }, // O
    { 15, 23, 306, 3, 23, 87, 3641 }, // P
    { 20, 28, 352, 1, 23, 140, 3728 }, // Q
    { 16, 23, 310, 3, 23, 92, 3868 }, // R
    { 15, 23, 282, 1, 23, 87, 3960 }, // S
    { 17, 23, 298, 1, 23, 98, 4047 }, // T
    { 17, 23, 350, 3, 23, 98, 4145 }, // U
    { 20, 23, 321, 0, 23, 115, 4243 }, // V
    { 27, 23, 443, 0, 23, 156, 4358 }, // W
    { 19, 23, 323, 1, 23, 110, 4514 }, // X
    { 19, 23, 306, 0, 23, 110, 4624 }, // Y
    { 17, 23, 302, 1, 23, 98, 4734 }, // Z
    { 8, 27, 164, 2, 23, 54, 4832 }, // [
    { 16, 26, 204, -1, 24, 104, 4886 }, // <backslash>
    { 8, 27, 164, 0, 23, 54, 4990 }, // ]
    { 18, 16, 312, 1, 24, 72, 5044 }, // ^
    { 11, 3, 172, 0, -7, 9, 5116 }, // _
    { 6, 5, 213, 3, 23, 8, 5125 }, // `
    { 15, 17, 274, 1, 17, 64, 5133 }, // a
    { 16, 25, 289, 1, 25, 100, 5197 }, // b
    { 15, 17, 252, 1, 17, 64, 5297 }, // c
    { 15, 25, 289, 1, 25, 94, 5361 }, // d
    { 16, 17, 276, 1, 17, 68, 5455 }, // e
    { 11, 24, 177, 1, 24, 66, 5523 }, // f
    { 15, 24, 288, 1, 17, 90, 5589 }, // g
    { 15, 25, 298, 2, 25, 94, 5679 }, // h
    { 4, 23, 131, 2, 23, 23, 5773 }, // i
    { 8, 29, 132, -1, 23, 58, 5796 }, // j
    { 14, 25, 260, 2, 25, 88, 5854 }, // k
    { 7, 25, 155, 2, 25, 44, 5942 }, // l
    { 25, 17, 447, 1, 17, 107, 5986 }, // m
    { 15, 17, 293, 1, 17, 64, 6093 }, // n
    { 16, 17, 297, 1, 17, 68, 6157 }, // o
    { 15, 25, 291, 2, 17, 94, 6225 }, // p
    { 15, 25, 291, 1, 17, 94, 6319 }, // q
    { 10, 17, 187, 1, 17, 43, 6413 }, // r
    { 12, 17, 222, 0, 17, 51, 6456 }, // s
    { 12, 23, 201, 1, 23, 69, 6507 }, // t
    { 15, 17, 294, 2, 17, 64, 6576 }, // u
    { 16, 17, 255, 0, 17, 68, 6640 }, // v
    { 22, 17, 356, 0, 17, 94, 6708 }, // w
    { 15, 17, 245, 0, 17, 64, 6802 }, // x
    { 15, 24, 246, 0, 17, 90, 6866 }, // y
    { 13, 17, 240, 1, 17, 56, 6956 }, // z
    { 8, 28, 171, 1, 23, 56, 7012 }, // {
    { 3, 29, 129, 3, 23, 22, 7068 }, // |
    { 8, 28, 171, 1, 23, 56, 7090 }, // }
    { 16, 6, 324, 2, 12, 24, 7146 }, // ~
    { 0, 0, 130, 0, 0, 0, 0 }, // U+00A0
    { 5, 23, 126, 2, 17, 29, 0 }, // U+00A1
    { 15, 23, 252, 1, 22, 87, 29 }, // U+00A2
    { 15, 23, 286, 2, 23, 87, 116 }, // U+00A3
    { 20, 20, 328, 0, 21, 100, 203 }, // U+00A4
    { 19, 23, 308, 0, 23, 110, 303 }, // U+00A5
    { 3, 29, 129, 3, 23, 22, 413 }, // U+00A6
    { 15, 27, 283, 1, 23, 102, 435 }, // U+00A7
    { 10, 3, 213, 2, 21, 8, 537 }, // U+00A8
    { 24, 25, 429, 1, 25, 150, 545 }, // U+00A9
    { 10, 12, 193, 1, 23, 30, 695 }, // U+00AA
    { 15, 13, 275, 1, 15, 49, 725 }, // U+00AB
    { 18, 10, 324, 1, 14, 45, 774 }, // U+00AC
    { 9, 3, 181, 1, 11, 7, 819 }, // U+00AD
    { 14, 14, 276, 1, 23, 49, 826 }, // U+00AE
    { 11, 3, 213, 1, 22, 9, 875 }, // U+00AF
    { 9, 9, 168, 1, 24, 21, 884 }, // U+00B0
    { 17, 19, 324, 2, 19, 81, 905 }, // U+00B1
    { 12, 16, 213, 1, 23, 48, 986 }, // U+00B2
    { 11, 16, 213, 1, 23, 44, 1034 }, // U+00B3
    { 6, 5, 213, 4, 23, 8, 1078 }, // U+00B4
    { 15, 24, 294, 2, 17, 90, 1086 }, // U+00B5
    { 14, 27, 286, 1, 23, 95, 1176 }, // U+00B6
    { 4, 4, 134, 2, 11, 4, 1271 }, // U+00B7
    { 6, 8, 213, 4, 0, 12, 1275 }, // U+00B8
    { 9, 16, 213, 2, 23, 36, 1287 }, // U+00B9
    { 11, 12, 208, 1, 23, 33, 1323 }, // U+00BA
    { 15, 13, 275, 1, 15, 49, 1356 }, // U+00BB
    { 28, 24, 516, 2, 23, 168, 1405 }, // U+00BC
    { 28, 25, 516, 2, 24, 175, 1573 }, // U+00BD
    { 29, 25, 516, 1, 24, 182, 1748 }, // U+00BE
    { 13, 24, 242, 1, 17, 78, 1930 }, // U+00BF
    { 20, 30, 318, 0, 30, 150, 2008 }, // U+00C0
    { 20, 30, 318, 0, 30, 150, 2158 }, // U+00C1
    { 20, 30, 318, 0, 30, 150, 2308 }, // U+00C2
    { 20, 29, 318, 0, 29, 145, 2458 }, // U+00C3
    { 20, 28, 318, 0, 28, 140, 2603 }, // U+00C4
    { 21, 30, 318, 0, 30, 158, 2743 }, // U+00C5
    { 25, 23, 427, 0, 23, 144, 2901 }, // U+00C6
    { 18, 30, 312, 1, 23, 135, 3045 }, // U+00C7
    { 14, 30, 294, 3, 30, 105, 3180 }, // U+00C8
    { 14, 30, 294, 3, 30, 105, 3285 }, // U+00C9
    { 14, 30, 294, 3, 30, 105, 3390 }, // U+00CA
    { 14, 28, 294, 3, 28, 98, 3495 }, // U+00CB
    { 6, 30, 156, 0, 30, 45, 3593 }, // U+00CC
    { 6, 30, 156, 3, 30, 45, 3638 }, // U+00CD
    { 11, 30, 156, -1, 30, 83, 3683 }, // U+00CE
    { 10, 28, 156, 0, 28, 70, 3766 }, // U+00CF
    { 19, 23, 333, 1, 23, 110, 3836 }, // U+00D0
    { 17, 29, 364, 3, 29, 124, 3946 }, // U+00D1
    { 20, 31, 352, 1, 31, 155, 4070 }, // U+00D2
    { 20, 31, 352, 1, 31, 155, 4225 }, // U+00D3
    { 20, 30, 352, 1, 30, 150, 4380 }, // U+00D4
    { 20, 29, 352, 1, 29, 145, 4530 }, // U+00D5
    { 20, 29, 352, 1, 29, 145, 4675 }, // U+00D6
    { 17, 17, 324, 2, 17, 73, 4820 }, // U+00D7
    { 20, 25, 352, 1, 24, 125, 4893 }, // U+00D8
    { 17, 31, 350, 3, 31, 132, 5018 }, // U+00D9
    { 17, 31, 350, 3, 31, 132, 5150 }, // U+00DA
    { 17, 30, 350, 3, 30, 128, 5282 }, // U+00DB
    { 17, 29, 350, 3, 29, 124, 5410 }, // U+00DC
    { 19, 30, 306, 0, 30, 143, 5534 }, // U+00DD
    { 15, 23, 302, 3, 23, 87, 5677 }, // U+00DE
    { 16, 23, 301, 2, 23, 92, 5764 }, // U+00DF
    { 15, 23, 274, 1, 23, 87, 5856 }, // U+00E0
    { 15, 23, 274, 1, 23, 87, 5943 }, // U+00E1
    { 15, 23, 274, 1, 23, 87, 6030 }, // U+00E2
    { 15, 23, 274, 1, 23, 87, 6117 }, // U+00E3
    { 15, 22, 274, 1, 22, 83, 6204 }, // U+00E4
    { 15, 24, 274, 1, 24, 90, 6287 }, // U+00E5
    { 25, 17, 443, 1, 17, 107, 6377 }, // U+00E6
    { 15, 24, 252, 1, 17, 90, 6484 }, // U+00E7
    { 16, 23, 276, 1, 23, 92, 6574 }, // U+00E8
    { 16, 23, 276, 1, 23, 92, 6666 }, // U+00E9
    { 16, 23, 276, 1, 23, 92, 6758 }, // U+00EA
    { 15, 22, 276, 1, 22, 83, 6850 }, // U+00EB
    { 6, 23, 135, 0, 23, 35, 6933 }, // U+00EC
    { 6, 23, 135, 3, 23, 35, 6968 }, // U+00ED
    { 11, 23, 135, -1, 23, 64, 7003 }, // U+00EE
    { 10, 22, 135, -1, 22, 55, 7067 }, // U+00EF
    { 14, 24, 266, 1, 24, 84, 7122 }, // U+00F0
    { 15, 22, 293, 1, 22, 83, 7206 }, // U+00F1
    { 16, 23, 297, 1, 23, 92, 7289 }, // U+00F2
    { 16, 23, 297, 1, 23, 92, 7381 }, // U+00F3
    { 16, 23, 297, 1, 23, 92, 7473 }, // U+00F4
    { 16, 23, 297, 1, 23, 92, 7565 }, // U+00F5
    { 16, 22, 297, 1, 22, 88, 7657 }, // U+00F6
    { 17, 16, 324, 2, 17, 68, 7745 }, // U+00F7
    { 16, 19, 297, 1, 18, 76, 7813 }, // U+00F8
    { 15, 23, 294, 2, 23, 87, 7889 }, // U+00F9
    { 15, 23, 294, 2, 23, 87, 7976 }, // U+00FA
    { 15, 23, 294, 2, 23, 87, 8063 }, // U+00FB
    { 15, 22, 294, 2, 22, 83, 8150 }, // U+00FC
    { 15, 30, 246, 0, 23, 113, 8233 }, // U+00FD
    { 15, 33, 285, 2, 26, 124, 8346 }, // U+00FE
    { 16, 29, 246, 1, 22, 116, 8470 }, // U+00FF
    { 20, 28, 318, 0, 28, 140, 0 }, // U+0100
    { 15, 22, 274, 1, 22, 83, 140 }, // U+0101
    { 20, 30, 318, 0, 30, 150, 223 }, // U+0102
    { 15, 23, 274, 1, 23, 87, 373 }, // U+0103
    { 21, 30, 318, 0, 23, 158, 460 }, // U+0104
    { 16, 24, 274, 1, 17, 96, 618 }, // U+0105
    { 18, 31, 312, 1, 31, 140, 714 }, // U+0106
    { 15, 23, 252, 1, 23, 87, 854 }, // U+0107
    { 18, 30, 312, 1, 30, 135, 941 }, // U+0108
    { 15, 23, 252, 1, 23, 87, 1076 }, // U+0109
    { 18, 29, 312, 1, 29, 131, 1163 }, // U+010A
    { 14, 22, 252, 1, 22, 77, 1294 }, // U+010B
    { 18, 30, 312, 1, 30, 135, 1371 }, // U+010C
    { 15, 23, 252, 1, 23, 87, 1506 }, // U+010D
    { 17, 30, 332, 3, 30, 128, 1593 }, // U+010E
    { 21, 26, 354, 1, 26, 137, 1721 }, // U+010F
    { 19, 23, 333, 1, 23, 110, 1858 }, // U+0110
    { 17, 25, 298, 1, 25, 107, 1968 }, // U+0111
    { 14, 28, 294, 3, 28, 98, 2075 }, // U+0112
    { 16, 22, 276, 1, 22, 88, 2173 }, // U+0113
    { 14, 30, 294, 3, 30, 105, 2261 }, // U+0114
    { 15, 23, 276, 1, 23, 87, 2366 }, // U+0115
    { 14, 28, 294, 3, 28, 98, 2453 }, // U+0116
    { 15, 22, 276, 1, 22, 83, 2551 }, // U+0117
    { 16, 30, 294, 3, 23, 120, 2634 }, // U+0118
    { 16, 23, 276, 1, 17, 92, 2754 }, // U+0119
    { 14, 30, 294, 3, 30, 105, 2846 }, // U+011A
    { 16, 23, 276, 1, 23, 92, 2951 }, // U+011B
    { 18, 30, 339, 1, 30, 135, 3043 }, // U+011C
    { 15, 30, 288, 1, 23, 113, 3178 }, // U+011D
    { 18, 30, 339, 1, 30, 135, 3291 }, // U+011E
    { 15, 30, 288, 1, 23, 113, 3426 }, // U+011F
    { 18, 29, 339, 1, 29, 131, 3539 }, // U+0120
    { 15, 29, 288, 1, 22, 109, 3670 }, // U+0121
    { 18, 33, 339, 1, 23, 149, 3779 }, // U+0122
    { 15, 34, 288, 1, 27, 128, 3928 }, // U+0123
    { 17, 30, 362, 3, 30, 128, 4056 }, // U+0124
    { 15, 32, 298, 2, 32, 120, 4184 }, // U+0125
    { 21, 23, 372, 1, 23, 121, 4304 }, // U+0126
    { 17, 25, 298, 1, 25, 107, 4425 }, // U+0127
    { 10, 29, 156, 1, 29, 73, 4532 }, // U+0128
    { 10, 22, 135, -1, 22, 55, 4605 }, // U+0129
    { 10, 28, 156, 0, 28, 70, 4660 }, // U+012A
    { 10, 21, 135, -1, 21, 53, 4730 }, // U+012B
    { 10, 30, 156, 1, 30, 75, 4783 }, // U+012C
    { 10, 23, 135, 0, 23, 58, 4858 }, // U+012D
    { 6, 30, 156, 1, 23, 45, 4916 }, // U+012E
    { 7, 30, 131, 1, 23, 53, 4961 }, // U+012F
    { 3, 28, 156, 3, 28, 21, 5014 }, // U+0130
    { 3, 17, 135, 3, 17, 13, 5035 }, // U+0131
    { 18, 23, 390, 3, 23, 104, 5048 }, // U+0132
    { 12, 30, 262, 2, 23, 90, 5152 }, // U+0133
    { 13, 30, 235, 0, 30, 98, 5242 }, // U+0134
    { 12, 29, 132, -2, 23, 87, 5340 }, // U+0135
    { 18, 33, 323, 3, 23, 149, 5427 }, // U+0136
    { 14, 35, 260, 2, 25, 123, 5576 }, // U+0137
    { 14, 17, 260, 2, 17, 60, 5699 }, // U+0138
    { 15, 30, 292, 3, 30, 113, 5759 }, // U+0139
    { 7, 32, 155, 2, 32, 56, 5872 }, // U+013A
    { 15, 33, 292, 3, 23, 124, 5928 }, // U+013B
    { 8, 35, 155, 2, 25, 70, 6052 }, // U+013C
    { 15, 23, 292, 3, 23, 87, 6122 }, // U+013D
    { 9, 25, 177, 2, 25, 57, 6209 }, // U+013E
    { 15, 23, 292, 3, 23, 87, 6266 }, // U+013F
    { 9, 25, 179, 2, 25, 57, 6353 }, // U+0140
    { 17, 23, 292, 1, 23, 98, 6410 }, // U+0141
    { 9, 25, 155, 0, 25, 57, 6508 }, // U+0142
    { 17, 30, 364, 3, 30, 128, 6565 }, // U+0143
    { 15, 23, 293, 1, 23, 87, 6693 }, // U+0144
    { 17, 33, 364, 3, 23, 141, 6780 }, // U+0145
    { 15, 27, 293, 1, 17, 102, 6921 }, // U+0146
    { 17, 30, 364, 3, 30, 128, 7023 }, // U+0147
    { 15, 23, 293, 1, 23, 87, 7151 }, // U+0148
    { 19, 23, 336, 1, 23, 110, 7238 }, // U+0149
    { 17, 32, 364, 3, 23, 136, 7348 }, // U+014A
    { 15, 24, 293, 1, 17, 90, 7484 }, // U+014B
    { 20, 28, 352, 1, 28, 140, 7574 }, // U+014C
    { 16, 22, 297, 1, 22, 88, 7714 }, // U+014D
    { 20, 30, 352, 1, 30, 150, 7802 }, // U+014E
    { 16, 23, 297, 1, 23, 92, 7952 }, // U+014F
    { 20, 30, 352, 1, 30, 150, 8044 }, // U+0150
    { 16, 23, 297, 1, 23, 92, 8194 }, // U+0151
    { 27, 23, 474, 1, 23, 156, 8286 }, // U+0152
    { 27, 17, 462, 1, 17, 115, 8442 }, // U+0153
    { 16, 30, 310, 3, 30, 120, 8557 }, // U+0154
    { 10, 23, 187, 1, 23, 58, 8677 }, // U+0155
    { 16, 33, 310, 3, 23, 132, 8735 }, // U+0156
    { 10, 27, 187, 2, 17, 68, 8867 }, // U+0157
    { 16, 30, 310, 3, 30, 120, 8935 }, // U+0158
    { 10, 23, 187, 1, 23, 58, 9055 }, // U+0159
    { 15, 31, 282, 1, 31, 117, 9113 }, // U+015A
    { 12, 23, 222, 0, 23, 69, 9230 }, // U+015B
    { 15, 30, 282, 1, 30, 113, 9299 }, // U+015C
    { 12, 23, 222, 0, 23, 69, 9412 }, // U+015D
    { 15, 30, 282, 1, 23, 113, 9481 }, // U+015E
    { 12, 24, 222, 0, 17, 72, 9594 }, // U+015F
    { 15, 30, 282, 1, 30, 113, 9666 }, // U+0160
    { 12, 23, 222, 0, 23, 69, 9779 }, // U+0161
    { 17, 30, 298, 1, 23, 128, 9848 }, // U+0162
    { 11, 30, 201, 1, 23, 83, 9976 }, // U+0163
    { 17, 30, 298, 1, 30, 128, 10059 }, // U+0164
    { 15, 24, 244, 1, 24, 90, 10187 }, // U+0165
    { 17, 23, 298, 1, 23, 98, 10277 }, // U+0166
    { 12, 23, 201, 1, 23, 69, 10375 }, // U+0167
    { 17, 29, 350, 3, 29, 124, 10444 }, // U+0168
    { 15, 23, 294, 2, 23, 87, 10568 }, // U+0169
    { 17, 28, 350, 3, 28, 119, 10655 }, // U+016A
    { 15, 22, 294, 2, 22, 83, 10774 }, // U+016B
    { 17, 30, 350, 3, 30, 128, 10857 }, // U+016C
    { 15, 23, 294, 2, 23, 87, 10985 }, // U+016D
    { 17, 31, 350, 3, 31, 132, 11072 }, // U+016E
    { 15, 24, 294, 2, 24, 90, 11204 }, // U+016F
    { 17, 30, 350, 3, 30, 128, 11294 }, // U+0170
    { 15, 23, 294, 2, 23, 87, 11422 }, // U+0171
    { 17, 30, 350, 3, 23, 128, 11509 }, // U+0172
    { 16, 24, 294, 2, 17, 96, 11637 }, // U+0173
    { 27, 30, 443, 0, 30, 203, 11733 }, // U+0174
    { 22, 23, 356, 0, 23, 127, 11936 }, // U+0175
    { 19, 30, 306, 0, 30, 143, 12063 }, // U+0176
    { 15, 30, 246, 0, 23, 113, 12206 }, // U+0177
    { 18, 28, 306, 0, 28, 126, 12319 }, // U+0178
    { 17, 30, 302, 1, 30, 128, 12445 }, // U+0179
    { 13, 23, 240, 1, 23, 75, 12573 }, // U+017A
    { 17, 28, 302, 1, 28, 119, 12648 }, // U+017B
    { 13, 22, 240, 1, 22, 72, 12767 }, // U+017C
    { 17, 30, 302, 1, 30, 128, 12839 }, // U+017D
    { 13, 23, 240, 1, 23, 75, 12967 }, // U+017E
    { 23, 23, 372, 1, 23, 133, 0 }, // U+01A0
    { 20, 17, 319, 1, 17, 85, 133 }, // U+01A1
    { 22, 23, 370, 3, 23, 127, 218 }, // U+01AF
    { 19, 17, 319, 2, 17, 81, 345 }, // U+01B0
    { 20, 30, 318, 0, 30, 150, 426 }, // U+01CD
    { 15, 23, 274, 1, 23, 87, 576 }, // U+01CE
    { 11, 30, 156, -1, 30, 83, 663 }, // U+01CF
    { 11, 23, 135, -1, 23, 64, 746 }, // U+01D0
    { 20, 30, 352, 1, 30, 150, 810 }, // U+01D1
    { 16, 23, 297, 1, 23, 92, 960 }, // U+01D2
    { 17, 30, 350, 3, 30, 128, 1052 }, // U+01D3
    { 15, 23, 294, 2, 23, 87, 1180 }, // U+01D4
    { 17, 33, 350, 3, 33, 141, 1267 }, // U+01D5
    { 15, 27, 294, 2, 27, 102, 1408 }, // U+01D6
    { 17, 33, 350, 3, 33, 141, 1510 }, // U+01D7
    { 15, 26, 294, 2, 26, 98, 1651 }, // U+01D8
    { 17, 34, 350, 3, 34, 145, 1749 }, // U+01D9
    { 15, 27, 294, 2, 27, 102, 1894 }, // U+01DA
    { 17, 33, 350, 3, 33, 141, 1996 }, // U+01DB
    { 15, 26, 294, 2, 26, 98, 2137 }, // U+01DC
    { 18, 30, 339, 1, 30, 135, 2235 }, // U+01E6
    { 15, 30, 288, 1, 23, 113, 2370 }, // U+01E7
    { 21, 34, 318, 0, 34, 179, 2483 }, // U+01FA
    { 15, 28, 274, 1, 28, 105, 2662 }, // U+01FB
    { 25, 30, 427, 0, 30, 188, 2767 }, // U+01FC
    { 25, 23, 443, 1, 23, 144, 2955 }, // U+01FD
    { 20, 32, 352, 1, 31, 160, 3099 }, // U+01FE
    { 16, 24, 297, 1, 23, 96, 3259 }, // U+01FF
    { 15, 33, 282, 1, 23, 124, 3355 }, // U+0218
    { 12, 27, 222, 0, 17, 81, 3479 }, // U+0219
    { 17, 33, 298, 1, 23, 141, 3560 }, // U+021A
    { 12, 33, 201, 1, 23, 99, 3701 }, // U+021B
    { 7, 5, 0, -5, 23, 9, 0 }, // U+0300
    { 6, 5, 0, -1, 23, 8, 9 }, // U+0301
    { 10, 5, 0, -5, 23, 13, 17 }, // U+0302
    { 10, 3, 0, -5, 21, 8, 30 }, // U+0303
    { 10, 3, 0, -5, 22, 8, 38 }, // U+0304
    { 10, 5, 0, -5, 23, 13, 46 }, // U+0306
    { 3, 3, 0, -2, 21, 3, 59 }, // U+0307
    { 10, 3, 0, -5, 21, 8, 62 }, // U+0308
    { 8, 9, 0, -4, 27, 18, 70 }, // U+0309
    { 7, 7, 0, -3, 24, 13, 88 }, // U+030A
    { 10, 5, 0, -4, 23, 13, 101 }, // U+030B
    { 10, 5, 0, -5, 23, 13, 114 }, // U+030C
    { 6, 8, 0, -3, 18, 12, 127 }, // U+031B
    { 3, 3, 0, -2, -3, 3, 139 }, // U+0323
    { 10, 3, 0, -5, -3, 8, 142 }, // U+0324
    { 4, 8, 0, -2, -2, 8, 150 }, // U+0326
    { 6, 8, 0, -3, 1, 12, 158 }, // U+0327
    { 7, 7, 0, -4, 0, 13, 170 }, // U+0328
    { 10, 5, 0, -5, -2, 13, 183 }, // U+032E
    { 10, 3, 0, -5, -1, 8, 196 }, // U+0331
    { 15, 20, 307, 1, 20, 75, 0 }, // U+0E01
    { 17, 20, 317, 1, 20, 85, 75 }, // U+0E02
    { 17, 21, 323, 1, 21, 90, 160 }, // U+0E03
    { 16, 20, 322, 1, 20, 80, 250 }, // U+0E04
    { 16, 21, 324, 1, 21, 84, 330 }, // U+0E05
    { 18, 21, 340, 1, 21, 95, 414 }, // U+0E06
    { 12, 20, 242, 0, 20, 60, 509 }, // U+0E07
    { 16, 20, 296, 1, 20, 80, 569 }, // U+0E08
    { 17, 20, 304, 0, 20, 85, 649 }, // U+0E09
    { 18, 21, 323, 1, 21, 95, 734 }, // U+0E0A
    { 19, 21, 328, 1, 21, 100, 829 }, // U+0E0B
    { 23, 20, 430, 1, 20, 115, 929 }, // U+0E0C
    { 24, 29, 443, 2, 20, 174, 1044 }, // U+0E0D
    { 17, 31, 326, 1, 20, 132, 1218 }, // U+0E0E
    { 17, 31, 326, 1, 20, 132, 1350 }, // U+0E0F
    { 17, 32, 287, 0, 21, 136, 1482 }, // U+0E10
    { 21, 20, 378, 1, 20, 105, 1618 }, // U+0E11
    { 24, 21, 443, 1, 21, 126, 1723 }, // U+0E12
    { 25, 20, 443, 1, 20, 125, 1849 }, // U+0E13
    { 16, 20, 316, 1, 20, 80, 1974 }, // U+0E14
    { 16, 21, 324, 1, 21, 84, 2054 }, // U+0E15
    { 15, 20, 310, 1, 20, 75, 2138 }, // U+0E16
    { 19, 20, 350, 1, 20, 95, 2213 }, // U+0E17
    { 16, 21, 289, 2, 21, 84, 2308 }, // U+0E18
    { 19, 20, 340, 1, 20, 95, 2392 }, // U+0E19
    { 18, 20, 344, 1, 20, 90, 2487 }, // U+0E1A
    { 19, 28, 349, 1, 28, 133, 2577 }, // U+0E1B
    { 16, 20, 332, 2, 20, 80, 2710 }, // U+0E1C
    { 16, 28, 332, 2, 28, 112, 2790 }, // U+0E1D
    { 21, 20, 384, 1, 20, 105, 2902 }, // U+0E1E
    { 21, 28, 384, 1, 28, 147, 3007 }, // U+0E1F
    { 17, 20, 328, 1, 20, 85, 3154 }, // U+0E20
    { 17, 20, 327, 1, 20, 85, 3239 }, // U+0E21
    { 15, 20, 305, 2, 20, 75, 3324 }, // U+0E22
    { 14, 21, 258, 1, 21, 74, 3399 }, // U+0E23
    { 15, 29, 310, 1, 20, 109, 3473 }, // U+0E24
    { 17, 20, 309, 0, 20, 85, 3582 }, // U+0E25
    { 17, 29, 326, 1, 20, 124, 3667 }, // U+0E26
    { 14, 20, 273, 0, 20, 70, 3791 }, // U+0E27
    { 17, 22, 321, 1, 22, 94, 3861 }, // U+0E28
    { 23, 20, 361, 1, 20, 115, 3955 }, // U+0E29
    { 18, 22, 309, 0, 22, 99, 4070 }, // U+0E2A
    { 19, 20, 339, 1, 20, 95, 4169 }, // U+0E2B
    { 23, 22, 384, 1, 22, 127, 4264 }, // U+0E2C
    { 16, 20, 313, 1, 20, 80, 4391 }, // U+0E2D
    { 17, 20, 301, 2, 20, 85, 4471 }, // U+0E2E
    { 15, 20, 291, 1, 20, 75, 4556 }, // U+0E2F
    { 14, 20, 285, 1, 21, 70, 4631 }, // U+0E30
    { 15, 8, 0, -12, 31, 30, 4701 }, // U+0E31
    { 13, 20, 259, 1, 20, 65, 4731 }, // U+0E32
    { 22, 31, 259, -8, 31, 171, 4796 }, // U+0E33
    { 16, 10, 0, -17, 32, 40, 4967 }, // U+0E34
    { 17, 11, 0, -18, 33, 47, 5007 }, // U+0E35
    { 17, 11, 0, -18, 33, 47, 5054 }, // U+0E36
    { 16, 11, 0, -18, 33, 44, 5101 }, // U+0E37
    { 7, 10, 0, -9, -2, 18, 5145 }, // U+0E38
    { 12, 9, 0, -14, -2, 27, 5163 }, // U+0E39
    { 4, 4, 0, -6, -2, 4, 5190 }, // U+0E3A
    { 15, 29, 314, 3, 26, 109, 5194 }, // U+0E3F
    { 7, 20, 165, 3, 20, 35, 5303 }, // U+0E40
    { 16, 20, 309, 3, 20, 80, 5338 }, // U+0E41
    { 13, 34, 202, -1, 34, 111, 5418 }, // U+0E42
    { 14, 34, 202, -2, 34, 119, 5529 }, // U+0E43
    { 15, 34, 208, -3, 34, 128, 5648 }, // U+0E44
    { 13, 29, 156, -5, 20, 95, 5776 }, // U+0E45
    { 15, 29, 331, 3, 20, 109, 5871 }, // U+0E46
    { 13, 13, 0, -16, 36, 43, 5980 }, // U+0E47
    { 3, 7, 0, -5, 31, 6, 6023 }, // U+0E48
    { 13, 10, 0, -12, 33, 33, 6029 }, // U+0E49
    { 16, 10, 0, -15, 33, 40, 6062 }, // U+0E4A
    { 8, 8, 0, -8, 32, 16, 6102 }, // U+0E4B
    { 10, 10, 0, -10, 34, 25, 6118 }, // U+0E4C
    { 8, 8, 0, -8, 31, 16, 6143 }, // U+0E4D
    { 9, 11, 0, -10, 34, 25, 6159 }, // U+0E4E
    { 17, 17, 331, 2, 17, 73, 6184 }, // U+0E4F
    { 19, 16, 352, 2, 16, 76, 6257 }, // U+0E50
    { 19, 16, 360, 2, 15, 76, 6333 }, // U+0E51
    { 21, 21, 365, 0, 21, 111, 6409 }, // U+0E52
    { 19, 16, 370, 2, 16, 76, 6520 }, // U+0E53
    { 21, 22, 362, 2, 21, 116, 6596 }, // U+0E54
    { 22, 22, 362, 2, 21, 121, 6712 }, // U+0E55
    { 20, 21, 360, 0, 21, 105, 6833 }, // U+0E56
    { 23, 21, 397, 2, 21, 121, 6938 }, // U+0E57
    { 19, 21, 359, 2, 21, 100, 7059 }, // U+0E58
    { 21, 21, 369, 2, 21, 111, 7159 }, // U+0E59
    { 22, 20, 409, 1, 20, 110, 7270 }, // U+0E5A
    { 31, 17, 544, 2, 18, 132, 7380 }, // U+0E5B
    { 19, 29, 318, 0, 23, 138, 0 }, // U+1EA0
    { 15, 22, 274, 1, 17, 83, 138 }, // U+1EA1
    { 20, 33, 318, 0, 33, 165, 221 }, // U+1EA2
    { 15, 26, 274, 1, 26, 98, 386 }, // U+1EA3
    { 20, 32, 318, 0, 32, 160, 484 }, // U+1EA4
    { 15, 26, 274, 1, 26, 98, 644 }, // U+1EA5
    { 20, 32, 318, 0, 32, 160, 742 }, // U+1EA6
    { 15, 26, 274, 1, 26, 98, 902 }, // U+1EA7
    { 20, 34, 318, 0, 34, 170, 1000 }, // U+1EA8
    { 15, 28, 274, 1, 28, 105, 1170 }, // U+1EA9
    { 20, 34, 318, 0, 34, 170, 1275 }, // U+1EAA
    { 15, 28, 274, 1, 28, 105, 1445 }, // U+1EAB
    { 19, 36, 318, 0, 30, 171, 1550 }, // U+1EAC
    { 15, 28, 274, 1, 23, 105, 1721 }, // U+1EAD
    { 20, 34, 318, 0, 34, 170, 1826 }, // U+1EAE
    { 15, 28, 274, 1, 28, 105, 1996 }, // U+1EAF
    { 20, 34, 318, 0, 34, 170, 2101 }, // U+1EB0
    { 15, 28, 274, 1, 28, 105, 2271 }, // U+1EB1
    { 20, 35, 318, 0, 35, 175, 2376 }, // U+1EB2
    { 15, 29, 274, 1, 29, 109, 2551 }, // U+1EB3
    { 20, 35, 318, 0, 35, 175, 2660 }, // U+1EB4
    { 15, 28, 274, 1, 28, 105, 2835 }, // U+1EB5
    { 20, 36, 318, 0, 30, 180, 2940 }, // U+1EB6
    { 15, 28, 274, 1, 23, 105, 3120 }, // U+1EB7
    { 14, 29, 294, 3, 23, 102, 3225 }, // U+1EB8
    { 15, 22, 276, 1, 17, 83, 3327 }, // U+1EB9
    { 14, 33, 294, 3, 33, 116, 3410 }, // U+1EBA
    { 15, 26, 276, 1, 26, 98, 3526 }, // U+1EBB
    { 14, 29, 294, 3, 29, 102, 3624 }, // U+1EBC
    { 15, 23, 276, 1, 23, 87, 3726 }, // U+1EBD
    { 15, 32, 294, 3, 32, 120, 3813 }, // U+1EBE
    { 16, 26, 276, 1, 26, 104, 3933 }, // U+1EBF
    { 14, 32, 294, 3, 32, 112, 4037 }, // U+1EC0
    { 16, 26, 276, 1, 26, 104, 4149 }, // U+1EC1
    { 15, 34, 294, 3, 34, 128, 4253 }, // U+1EC2
    { 16, 28, 276, 1, 28, 112, 4381 }, // U+1EC3
    { 14, 34, 294, 3, 34, 119, 4493 }, // U+1EC4
    { 16, 28, 276, 1, 28, 112, 4612 }, // U+1EC5
    { 14, 36, 294, 3, 30, 126, 4724 }, // U+1EC6
    { 15, 28, 276, 1, 23, 105, 4850 }, // U+1EC7
    { 7, 33, 156, 1, 33, 58, 4955 }, // U+1EC8
    { 8, 27, 135, 0, 27, 54, 5013 }, // U+1EC9
    { 3, 29, 156, 3, 23, 22, 5067 }, // U+1ECA
    { 4, 29, 131, 2, 23, 29, 5089 }, // U+1ECB
    { 20, 28, 352, 1, 23, 140, 5118 }, // U+1ECC
    { 16, 22, 297, 1, 17, 88, 5258 }, // U+1ECD
    { 20, 34, 352, 1, 34, 170, 5346 }, // U+1ECE
    { 16, 26, 297, 1, 26, 104, 5516 }, // U+1ECF
    { 20, 33, 352, 1, 33, 165, 5620 }, // U+1ED0
    { 16, 26, 297, 1, 26, 104, 5785 }, // U+1ED1
    { 20, 33, 352, 1, 33, 165, 5889 }, // U+1ED2
    { 16, 26, 297, 1, 26, 104, 6054 }, // U+1ED3
    { 20, 34, 352, 1, 34, 170, 6158 }, // U+1ED4
    { 16, 28, 297, 1, 28, 112, 6328 }, // U+1ED5
    { 20, 35, 352, 1, 35, 175, 6440 }, // U+1ED6
    { 16, 28, 297, 1, 28, 112, 6615 }, // U+1ED7
    { 20, 35, 352, 1, 30, 175, 6727 }, // U+1ED8
    { 16, 28, 297, 1, 23, 112, 6902 }, // U+1ED9
    { 23, 31, 372, 1, 31, 179, 7014 }, // U+1EDA
    { 20, 23, 319, 1, 23, 115, 7193 }, // U+1EDB
    { 23, 31, 372, 1, 31, 179, 7308 }, // U+1EDC
    { 20, 23, 319, 1, 23, 115, 7487 }, // U+1EDD
    { 23, 34, 372, 1, 34, 196, 7602 }, // U+1EDE
    { 20, 26, 319, 1, 26, 130, 7798 }, // U+1EDF
    { 23, 29, 372, 1, 29, 167, 7928 }, // U+1EE0
    { 20, 23, 319, 1, 23, 115, 8095 }, // U+1EE1
    { 23, 28, 372, 1, 23, 161, 8210 }, // U+1EE2
    { 20, 22, 319, 1, 17, 110, 8371 }, // U+1EE3
    { 17, 28, 350, 3, 23, 119, 8481 }, // U+1EE4
    { 15, 22, 294, 2, 17, 83, 8600 }, // U+1EE5
    { 17, 34, 350, 3, 34, 145, 8683 }, // U+1EE6
    { 15, 26, 294, 2, 26, 98, 8828 }, // U+1EE7
    { 22, 31, 370, 3, 31, 171, 8926 }, // U+1EE8
    { 19, 23, 319, 2, 23, 110, 9097 }, // U+1EE9
    { 22, 31, 370, 3, 31, 171, 9207 }, // U+1EEA
    { 19, 23, 319, 2, 23, 110, 9378 }, // U+1EEB
    { 22, 34, 370, 3, 34, 187, 9488 }, // U+1EEC
    { 19, 26, 319, 2, 26, 124, 9675 }, // U+1EED
    { 22, 29, 370, 3, 29, 160, 9799 }, // U+1EEE
    { 19, 23, 319, 2, 23, 110, 9959 }, // U+1EEF
    { 22, 28, 370, 3, 23, 154, 10069 }, // U+1EF0
    { 19, 22, 319, 2, 17, 105, 10223 }, // U+1EF1
    { 19, 30, 306, 0, 30, 143, 10328 }, // U+1EF2
    { 15, 30, 246, 0, 23, 113, 10471 }, // U+1EF3
    { 19, 29, 306, 0, 23, 138, 10584 }, // U+1EF4
    { 15, 24, 246, 1, 17, 90, 10722 }, // U+1EF5
    { 19, 33, 306, 0, 33, 157, 10812 }, // U+1EF6
    { 15, 33, 246, 1, 26, 124, 10969 }, // U+1EF7
    { 19, 29, 306, 0, 29, 138, 11093 }, // U+1EF8
    { 16, 30, 246, 1, 23, 120, 11231 }, // U+1EF9
    { 0, 0, 293, 0, 0, 0, 0 }, // U+2007
    { 9, 3, 181, 1, 11, 7, 0 }, // U+2010
    { 16, 3, 288, 1, 11, 12, 7 }, // U+2012
    { 16, 3, 288, 1, 11, 12, 19 }, // U+2013
    { 26, 3, 446, 1, 11, 20, 31 }, // U+2014
    { 26, 3, 446, 1, 11, 20, 51 }, // U+2015
    { 6, 10, 180, 3, 25, 15, 71 }, // U+2018
    { 6, 10, 180, 2, 24, 15, 86 }, // U+2019
    { 6, 10, 180, 2, 4, 15, 101 }, // U+201A
    { 12, 10, 285, 3, 25, 30, 116 }, // U+201C
    { 12, 10, 285, 2, 24, 30, 146 }, // U+201D
    { 12, 10, 285, 2, 4, 30, 176 }, // U+201E
    { 15, 23, 280, 1, 23, 87, 206 }, // U+2020
    { 15, 23, 280, 1, 23, 87, 293 }, // U+2021
    { 9, 9, 196, 2, 14, 21, 380 }, // U+2022
    { 20, 4, 386, 2, 4, 20, 401 }, // U+2026
    { 40, 23, 684, 2, 23, 230, 421 }, // U+2030
    { 6, 8, 133, 1, 23, 12, 651 }, // U+2032
    { 12, 8, 219, 1, 23, 24, 663 }, // U+2033
    { 9, 13, 172, 1, 15, 30, 687 }, // U+2039
    { 9, 13, 172, 1, 15, 30, 717 }, // U+203A
    { 17, 24, 121, -5, 23, 102, 747 }, // U+2044
    { 11, 16, 213, 1, 23, 44, 0 }, // U+2070
    { 12, 16, 213, 1, 23, 48, 44 }, // U+2074
    { 12, 16, 213, 0, 23, 48, 92 }, // U+2075
    { 11, 17, 213, 1, 24, 47, 140 }, // U+2076
    { 11, 16, 213, 1, 23, 44, 187 }, // U+2077
    { 11, 16, 213, 1, 23, 44, 231 }, // U+2078
    { 11, 17, 213, 1, 23, 47, 275 }, // U+2079
    { 7, 19, 126, 1, 25, 34, 322 }, // U+207D
    { 7, 19, 126, 0, 25, 34, 356 }, // U+207E
    { 11, 11, 208, 0, 23, 31, 390 }, // U+207F
    { 11, 16, 213, 1, 11, 44, 421 }, // U+2080
    { 9, 16, 213, 2, 11, 36, 465 }, // U+2081
    { 12, 16, 213, 1, 11, 48, 501 }, // U+2082
    { 11, 16, 213, 1, 11, 44, 549 }, // U+2083
    { 12, 16, 213, 1, 11, 48, 593 }, // U+2084
    { 12, 16, 213, 0, 11, 48, 641 }, // U+2085
    { 11, 17, 213, 1, 12, 47, 689 }, // U+2086
    { 11, 16, 213, 1, 11, 44, 736 }, // U+2087
    { 11, 16, 213, 1, 11, 44, 780 }, // U+2088
    { 11, 17, 213, 1, 11, 47, 824 }, // U+2089
    { 7, 19, 126, 1, 13, 34, 871 }, // U+208D
    { 7, 19, 126, 0, 13, 34, 905 }, // U+208E
    { 18, 29, 316, 1, 26, 131, 0 }, // U+20A1
    { 15, 23, 286, 2, 23, 87, 131 }, // U+20A4
    { 25, 23, 426, 0, 23, 144, 218 }, // U+20A6
    { 19, 23, 326, 1, 23, 110, 362 }, // U+20A7
    { 17, 29, 298, 1, 25, 124, 472 }, // U+20AB
    { 20, 23, 330, 1, 23, 115, 596 }, // U+20AC
    { 20, 23, 347, 1, 23, 115, 711 }, // U+20B1
    { 18, 29, 339, 1, 26, 131, 826 }, // U+20B2
    { 18, 29, 316, 1, 26, 131, 957 }, // U+20B5
    { 18, 24, 325, 2, 24, 108, 1088 }, // U+20B9
    { 16, 23, 301, 1, 23, 92, 1196 }, // U+20BA
    { 17, 23, 302, 1, 23, 98, 1288 }, // U+20BD
    { 20, 9, 480, 5, 13, 45, 0 }, // U+2190
    { 9, 20, 267, 4, 20, 45, 45 }, // U+2191
    { 20, 9, 480, 5, 13, 45, 90 }, // U+2192
    { 9, 20, 267, 4, 20, 45, 135 }, // U+2193
    { 14, 25, 261, 1, 24, 88, 0 }, // U+2202
    { 22, 24, 346, 0, 24, 132, 88 }, // U+2206
    { 17, 28, 355, 3, 24, 119, 220 }, // U+220F
    { 19, 28, 335, 1, 24, 133, 339 }, // U+2211
    { 17, 3, 324, 2, 10, 13, 472 }, // U+2212
    { 18, 24, 87, -6, 24, 108, 485 }, // U+2215
    { 6, 6, 149, 2, 15, 9, 593 }, // U+2219
    { 24, 25, 299, 0, 23, 150, 602 }, // U+221A
    { 26, 12, 454, 1, 16, 78, 752 }, // U+221E
    { 13, 31, 188, -1, 24, 101, 830 }, // U+222B
    { 17, 13, 324, 2, 16, 56, 931 }, // U+2248
    { 16, 19, 324, 2, 18, 76, 987 }, // U+2260
    { 18, 19, 324, 1, 19, 86, 1063 }, // U+2264
    { 18, 19, 324, 1, 19, 86, 1149 }, // U+2265
    { 17, 24, 301, 1, 24, 102, 0 }, // U+FB01
    { 20, 25, 328, 1, 25, 125, 102 }, // U+FB02
};

static const EpdUnicodeInterval sarabun_16_regularIntervals[] = {
    { 0x0, 0x0, 0x0 },
    { 0xD, 0xD, 0x1 },
    { 0x20, 0x7E, 0x2 },
    { 0xA0, 0x17E, 0x61 },
    { 0x1A0, 0x1A1, 0x140 },
    { 0x1AF, 0x1B0, 0x142 },
    { 0x1CD, 0x1DC, 0x144 },
    { 0x1E6, 0x1E7, 0x154 },
    { 0x1FA, 0x1FF, 0x156 },
    { 0x218, 0x21B, 0x15C },
    { 0x300, 0x304, 0x160 },
    { 0x306, 0x30C, 0x165 },
    { 0x31B, 0x31B, 0x16C },
    { 0x323, 0x324, 0x16D },
    { 0x326, 0x328, 0x16F },
    { 0x32E, 0x32E, 0x172 },
    { 0x331, 0x331, 0x173 },
    { 0xE01, 0xE3A, 0x174 },
    { 0xE3F, 0xE5B, 0x1AE },
    { 0x1EA0, 0x1EF9, 0x1CB },
    { 0x2007, 0x2007, 0x225 },
    { 0x2010, 0x2010, 0x226 },
    { 0x2012, 0x2015, 0x227 },
    { 0x2018, 0x201A, 0x22B },
    { 0x201C, 0x201E, 0x22E },
    { 0x2020, 0x2022, 0x231 },
    { 0x2026, 0x2026, 0x234 },
    { 0x2030, 0x2030, 0x235 },
    { 0x2032, 0x2033, 0x236 },
    { 0x2039, 0x203A, 0x238 },
    { 0x2044, 0x2044, 0x23A },
    { 0x2070, 0x2070, 0x23B },
    { 0x2074, 0x2079, 0x23C },
    { 0x207D, 0x2089, 0x242 },
    { 0x208D, 0x208E, 0x24F },
    { 0x20A1, 0x20A1, 0x251 },
    { 0x20A4, 0x20A4, 0x252 },
    { 0x20A6, 0x20A7, 0x253 },
    { 0x20AB, 0x20AC, 0x255 },
    { 0x20B1, 0x20B2, 0x257 },
    { 0x20B5, 0x20B5, 0x259 },
    { 0x20B9, 0x20BA, 0x25A },
    { 0x20BD, 0x20BD, 0x25C },
    { 0x2190, 0x2193, 0x25D },
    { 0x2202, 0x2202, 0x261 },
    { 0x2206, 0x2206, 0x262 },
    { 0x220F, 0x220F, 0x263 },
    { 0x2211, 0x2212, 0x264 },
    { 0x2215, 0x2215, 0x266 },
    { 0x2219, 0x221A, 0x267 },
    { 0x221E, 0x221E, 0x269 },
    { 0x222B, 0x222B, 0x26A },
    { 0x2248, 0x2248, 0x26B },
    { 0x2260, 0x2260, 0x26C },
    { 0x2264, 0x2265, 0x26D },
    { 0xFB01, 0xFB02, 0x26F },
};

static const EpdFontGroup sarabun_16_regularGroups[] = {
    { 0, 2897, 7656, 97, 0 },
    { 2897, 2788, 9217, 96, 97 },
    { 5685, 3477, 14314, 127, 193 },
    { 9162, 1338, 4110, 32, 320 },
    { 10500, 176, 232, 20, 352 },
    { 10676, 3538, 8205, 87, 372 },
    { 14214, 2330, 11839, 90, 459 },
    { 16544, 382, 924, 22, 549 },
    { 16926, 354, 1013, 22, 571 },
    { 17280, 658, 1505, 12, 593 },
    { 17938, 101, 210, 4, 605 },
    { 18039, 509, 1360, 14, 609 },
    { 18548, 66, 245, 2, 623 },
};

static const uint16_t sarabun_16_regularKernLeftCodepoints[] = {
    0x002C, 0x002E, 0x0041, 0x0042, 0x0044, 0x0046, 0x004B, 0x004C, 0x004F, 0x0050, 0x0051, 0x0053,
    0x0054, 0x0055, 0x0056, 0x0057, 0x0058, 0x0059, 0x005A, 0x0061, 0x0062, 0x0063, 0x0065, 0x0066,
    0x0067, 0x006B, 0x006C, 0x006D, 0x006E, 0x006F, 0x0070, 0x0072, 0x0073, 0x0074, 0x0075, 0x0076,
    0x0078, 0x0079, 0x007A, 0x00C0, 0x00C1, 0x00C2, 0x00C3, 0x00C4, 0x00C5, 0x00D0, 0x00D2, 0x00D3,
    0x00D4, 0x00D5, 0x00D6, 0x00D8, 0x00D9, 0x00DA, 0x00DB, 0x00DC, 0x00DD, 0x00E0, 0x00E1, 0x00E2,
    0x00E3, 0x00E4, 0x00E5, 0x00E6, 0x00E7, 0x00E8, 0x00E9, 0x00EA, 0x00EB, 0x00F1, 0x00F2, 0x00F3,
    0x00F4, 0x00F5, 0x00F6, 0x00FD, 0x00FE, 0x00FF, 0x0100, 0x0101, 0x0102, 0x0103, 0x0104, 0x0105,
    0x0107, 0x0109, 0x010B, 0x010D, 0x010E, 0x0110, 0x0113, 0x0115, 0x0117, 0x0119, 0x011B, 0x0125,
    0x0127, 0x0132, 0x0134, 0x0136, 0x0137, 0x0138, 0x0139, 0x013B, 0x013D, 0x013F, 0x0141, 0x0144,
    0x0146, 0x0148, 0x0149, 0x014B, 0x014C, 0x014D, 0x014E, 0x014F, 0x0150, 0x0151, 0x0153, 0x0154,
    0x0155, 0x0156, 0x0157, 0x0158, 0x0159, 0x015A, 0x015B, 0x015C, 0x015D, 0x015E, 0x015F, 0x0160,
    0x0161, 0x0162, 0x0163, 0x0164, 0x0165, 0x0166, 0x0167, 0x0168, 0x016A, 0x016C, 0x016E, 0x0170,
    0x0172, 0x0174, 0x0175, 0x0176, 0x0177, 0x0178, 0x01A0, 0x01CD, 0x01CE, 0x01D1, 0x01D2, 0x01D3,
    0x01D5, 0x01D7, 0x01D9, 0x01DB, 0x01FA, 0x01FB, 0x01FD, 0x01FE, 0x01FF, 0x0218, 0x0219, 0x021A,
    0x021B, 0x1EA0, 0x1EA1, 0x1EA2, 0x1EA3, 0x1EA4, 0x1EA5, 0x1EA6, 0x1EA7, 0x1EA8, 0x1EA9, 0x1EAA,
    0x1EAB, 0x1EAC, 0x1EAD, 0x1EAE, 0x1EAF, 0x1EB0, 0x1EB1, 0x1EB2, 0x1EB3, 0x1EB4, 0x1EB5, 0x1EB6,
    0x1EB7, 0x1EB9, 0x1EBB, 0x1EBD, 0x1EBF, 0x1EC1, 0x1EC3, 0x1EC5, 0x1EC7, 0x1ECC, 0x1ECD, 0x1ECE,
    0x1ECF, 0x1ED0, 0x1ED1, 0x1ED2, 0x1ED3, 0x1ED4, 0x1ED5, 0x1ED6, 0x1ED7, 0x1ED8, 0x1ED9, 0x1EDA,
    0x1EDB, 0x1EDC, 0x1EDD, 0x1EDE, 0x1EDF, 0x1EE0, 0x1EE1, 0x1EE2, 0x1EE3, 0x1EE4, 0x1EE6, 0x1EF2,
    0x1EF3, 0x1EF4, 0x1EF5, 0x1EF6, 0x1EF7, 0x1EF8, 0x1EF9, 0x2018, 0x201C, 0x2026,
};

static const uint8_t sarabun_16_regularKernLeftClassIds[] = {
      1,   1,   2,   3,   4,   5,   6,   7,   8,   9,   8,  10,  11,  12,  13,  14,
     15,  16,  17,  18,  19,  20,  21,  22,  23,  24,  25,  26,  26,  27,  28,  29,
     30,  31,  32,  33,  34,  35,  36,  37,  37,  37,  37,  37,  37,  38,  39,  39,
     39,  39,  39,  40,  12,  12,  12,  12,  16,  18,  18,  18,  18,  18,  18,  41,
     42,  41,  41,  41,  41,  43,  27,  27,  27,  27,  27,  35,  44,  35,  37,  18,
     37,  18,  37,  18,  42,  42,  42,  42,  45,  38,  41,  41,  41,  41,  41,  46,
     46,  47,  47,  48,  49,  49,  50,  50,  50,  50,  51,  43,  43,  43,  43,  43,
     39,  27,  39,  27,  39,  27,  41,  52,  53,  52,  53,  52,  53,  54,  55,  54,
     55,  54,  55,  54,  55,  56,  57,  56,  57,  56,  57,  12,  12,  12,  12,  12,
     12,  58,  59,  16,  35,  16,  40,  37,  18,  39,  27,  12,  12,  12,  12,  12,
     37,  18,  41,  39,  27,  54,  55,  56,  57,  37,  18,  37,  18,  37,  18,  37,
     18,  37,  18,  37,  18,  37,  18,  37,  18,  37,  18,  37,  18,  37,  18,  37,
     18,  41,  41,  41,  41,  41,  41,  41,  41,  39,  27,  39,  27,  39,  27,  39,
     27,  39,  27,  39,  27,  39,  27,  40,  27,  40,  27,  40,  27,  40,  27,  40,
     27,  12,  12,  16,  35,  16,  35,  16,  35,  16,  35,  60,  60,  61,
};

static const uint16_t sarabun_16_regularKernRightCodepoints[] = {
    0x002C, 0x002E, 0x0041, 0x0043, 0x0047, 0x004A, 0x004F, 0x0051, 0x0053, 0x0054, 0x0055, 0x0056,
    0x0057, 0x0058, 0x0059, 0x0061, 0x0063, 0x0064, 0x0065, 0x0066, 0x0067, 0x006A, 0x006D, 0x006E,
    0x006F, 0x0070, 0x0071, 0x0072, 0x0073, 0x0074, 0x0075, 0x0076, 0x0077, 0x0078, 0x0079, 0x007A,
    0x00C0, 0x00C1, 0x00C2, 0x00C3, 0x00C4, 0x00C5, 0x00C6, 0x00C7, 0x00D2, 0x00D3, 0x00D4, 0x00D5,
    0x00D6, 0x00D8, 0x00D9, 0x00DA, 0x00DB, 0x00DC, 0x00DD, 0x00DF, 0x00E0, 0x00E1, 0x00E2, 0x00E3,
    0x00E4, 0x00E5, 0x00E6, 0x00E7, 0x00E8, 0x00E9, 0x00EA, 0x00EB, 0x00F0, 0x00F1, 0x00F2, 0x00F3,
    0x00F4, 0x00F5, 0x00F6, 0x00F8, 0x00F9, 0x00FA, 0x00FB, 0x00FC, 0x00FD, 0x00FF, 0x0100, 0x0101,
    0x0102, 0x0103, 0x0104, 0x0105, 0x0106, 0x0107, 0x0108, 0x0109, 0x010A, 0x010B, 0x010C, 0x010D,
    0x010F, 0x0111, 0x0113, 0x0115, 0x0117, 0x0119, 0x011B, 0x011C, 0x011D, 0x011E, 0x011F, 0x0120,
    0x0121, 0x0122, 0x0123, 0x0134, 0x0135, 0x0144, 0x0146, 0x0148, 0x0149, 0x014B, 0x014C, 0x014D,
    0x014E, 0x014F, 0x0150, 0x0151, 0x0153, 0x0155, 0x0157, 0x0159, 0x015A, 0x015B, 0x015C, 0x015D,
    0x015E, 0x015F, 0x0160, 0x0161, 0x0162, 0x0163, 0x0164, 0x0165, 0x0166, 0x0167, 0x0168, 0x0169,
    0x016A, 0x016B, 0x016C, 0x016D, 0x016E, 0x016F, 0x0170, 0x0171, 0x0172, 0x0173, 0x0174, 0x0175,
    0x0176, 0x0177, 0x0178, 0x017A, 0x017C, 0x017E, 0x01A0, 0x01A1, 0x01AF, 0x01B0, 0x01CD, 0x01CE,
    0x01D1, 0x01D2, 0x01D3, 0x01D4, 0x01D5, 0x01D6, 0x01D7, 0x01D8, 0x01D9, 0x01DA, 0x01DB, 0x01DC,
    0x01E6, 0x01E7, 0x01FA, 0x01FB, 0x01FC, 0x01FD, 0x01FE, 0x01FF, 0x0218, 0x0219, 0x021A, 0x021B,
    0x1EA0, 0x1EA1, 0x1EA2, 0x1EA3, 0x1EA4, 0x1EA5, 0x1EA6, 0x1EA7, 0x1EA8, 0x1EA9, 0x1EAA, 0x1EAB,
    0x1EAC, 0x1EAD, 0x1EAE, 0x1EAF, 0x1EB0, 0x1EB1, 0x1EB2, 0x1EB3, 0x1EB4, 0x1EB5, 0x1EB6, 0x1EB7,
    0x1EB9, 0x1EBB, 0x1EBD, 0x1EBF, 0x1EC1, 0x1EC3, 0x1EC5, 0x1EC7, 0x1ECC, 0x1ECD, 0x1ECE, 0x1ECF,
    0x1ED0, 0x1ED1, 0x1ED2, 0x1ED3, 0x1ED4, 0x1ED5, 0x1ED6, 0x1ED7, 0x1ED8, 0x1ED9, 0x1EDA, 0x1EDB,
    0x1EDC, 0x1EDD, 0x1EDE, 0x1EDF, 0x1EE0, 0x1EE1, 0x1EE2, 0x1EE3, 0x1EE4, 0x1EE5, 0x1EE6, 0x1EE7,
    0x1EE8, 0x1EE9, 0x1EEA, 0x1EEB, 0x1EEC, 0x1EED, 0x1EEE, 0x1EEF, 0x1EF0, 0x1EF1, 0x1EF2, 0x1EF3,
    0x1EF4, 0x1EF5, 0x1EF6, 0x1EF7, 0x1EF8, 0x1EF9, 0x2019, 0x201D, 0x2026, 0xFB01, 0xFB02,
};

static const uint8_t sarabun_16_regularKernRightClassIds[] = {
      1,   2,   3,   4,   5,   6,   7,   8,   9,  10,  11,  12,  13,  14,  15,  16,
     17,  18,  19,  20,  21,  22,  23,  24,  25,  26,  27,  28,  29,  30,  31,  32,
     33,  34,  35,  36,  37,  37,  37,  37,  37,  37,  37,  38,  39,  39,  39,  39,
     39,  40,  41,  41,  41,  41,  42,  43,  44,  44,  44,  44,  44,  44,  44,  45,
     46,  46,  46,  46,  47,  48,  49,  49,  49,  49,  49,  50,  51,  51,  51,  51,
     52,  52,  37,  44,  37,  44,  37,  44,  38,  45,  38,  45,  38,  45,  38,  45,
     53,  47,  46,  46,  46,  46,  46,  54,  55,  54,  55,  54,  55,  54,  55,  56,
     22,  48,  48,  48,  48,  48,  39,  49,  39,  49,  39,  49,  57,  58,  58,  58,
     59,  60,  59,  60,  59,  60,  59,  60,  61,  62,  61,  62,  61,  62,  41,  51,
     41,  51,  41,  51,  41,  51,  41,  51,  41,  51,  63,  64,  42,  52,  42,  65,
     65,  65,  39,  50,  41,  66,  37,  44,  39,  49,  41,  51,  41,  51,  41,  51,
     41,  51,  41,  51,  54,  55,  37,  44,  37,  44,  39,  49,  59,  60,  61,  62,
     37,  44,  37,  44,  37,  44,  37,  44,  37,  44,  37,  44,  37,  44,  37,  44,
     37,  44,  37,  44,  37,  44,  37,  44,  46,  46,  46,  46,  46,  46,  46,  46,
     39,  49,  39,  49,  39,  49,  39,  49,  39,  49,  39,  49,  39,  49,  39,  49,
     39,  49,  39,  49,  39,  49,  39,  49,  41,  51,  41,  51,  41,  51,  41,  51,
     41,  51,  41,  51,  41,  51,  42,  52,  42,  52,  42,  52,  42,  52,  67,  68,
     69,  43,  43,
};

static const uint16_t sarabun_16_regularKernRowOffsets[] = {
        0,    12,    49,    55,    62,    69,    81,   118,   127,   151,   156,   193,   197,   249,   269,   300,
      344,   355,   360,   368,   372,   388,   407,   410,   431,   448,   454,   467,   478,   483,   493,   496,
      502,   529,   540,   562,   568,   606,   611,   621,   627,   646,   651,   658,   663,   672,   677,   681,
      717,   739,   776,   787,   792,   794,   799,   810,   849,   854,   899,   915,   918,   923,
};

static const uint8_t sarabun_16_regularKernSparseCols[] = {
      9,  11,  14,  17,  20,  24,  26,  31,  32,  48,  52,  56,   3,   6,   7,   8,
      9,  10,  11,  12,  14,  15,  16,  17,  18,  20,  24,  26,  30,  31,  34,  37,
     38,  40,  41,  43,  44,  45,  48,  50,  51,  52,  56,  58,  60,  62,  63,  66,
     67,   2,  11,  13,  14,  36,  41,   2,  11,  14,  36,  41,  55,  62,   0,   1,
      2,   5,  36,  55,  68,  15,  16,  17,  18,  20,  26,  34,  43,  44,  45,  51,
     52,   3,   4,   6,   7,   9,  10,  11,  12,  14,  15,  16,  17,  18,  20,  24,
     26,  29,  31,  32,  34,  37,  38,  40,  41,  43,  44,  45,  48,  51,  52,  53,
     56,  60,  62,  63,  66,  67,   2,  11,  12,  13,  14,  36,  41,  55,  62,   0,
      1,   2,   5,  11,  13,  14,  15,  16,  17,  20,  24,  26,  28,  36,  41,  43,
     44,  48,  52,  55,  56,  59,  68,   2,  11,  14,  36,  41,   0,   1,   2,   3,
     15,  16,  17,  18,  20,  22,  23,  24,  26,  28,  30,  31,  32,  33,  34,  35,
     36,  37,  43,  44,  45,  47,  48,  50,  51,  52,  54,  55,  56,  57,  59,  63,
     64,   0,   1,   2,  36,   0,   1,   2,   3,   4,   5,   6,   7,   8,  15,  16,
     17,  18,  20,  21,  22,  23,  24,  25,  26,  28,  30,  31,  33,  34,  36,  37,
     38,  39,  42,  43,  44,  45,  46,  47,  48,  49,  50,  51,  52,  53,  54,  55,
     56,  57,  58,  59,  61,  63,  64,  65,  68,   0,   1,   2,   6,   7,  15,  16,
     17,  18,  20,  24,  26,  36,  38,  43,  44,  45,  48,  52,  56,   3,   4,   6,
      7,  15,  16,  17,  18,  20,  24,  26,  30,  31,  34,  37,  38,  39,  43,  44,
     45,  46,  48,  49,  50,  51,  52,  53,  56,  61,  63,  65,   0,   1,   2,   3,
      4,   5,   6,   7,   8,  15,  16,  17,  18,  20,  22,  23,  24,  26,  28,  30,
     31,  33,  34,  36,  37,  38,  43,  44,  45,  47,  48,  50,  51,  52,  53,  54,
     55,  56,  57,  58,  59,  61,  63,  64,  16,  17,  18,  20,  24,  26,  44,  45,
     48,  52,  56,  11,  14,  41,  62,  63,   0,   1,  11,  14,  34,  41,  51,  62,
     11,  14,  41,  62,   0,   1,   2,  11,  13,  14,  28,  31,  34,  36,  41,  51,
     54,  59,  62,  63,   0,   1,  15,  16,  17,  18,  20,  24,  26,  43,  44,  45,
     46,  48,  49,  52,  54,  56,  68,  11,  14,  41,   9,  11,  14,  15,  16,  17,
     18,  20,  24,  26,  34,  41,  43,  44,  45,  48,  51,  52,  56,  60,  62,  16,
     17,  18,  20,  24,  26,  28,  31,  32,  34,  44,  45,  48,  51,  52,  56,  59,
      9,  11,  14,  41,  60,  62,   0,   1,   2,   9,  11,  14,  31,  34,  36,  41,
     51,  60,  62,   0,   1,   9,  11,  12,  13,  31,  34,  51,  60,  62,   0,   1,
     24,  48,  56,   1,   9,  11,  13,  14,  18,  41,  45,  60,  62,  24,  48,  56,
      9,  11,  14,  41,  60,  62,   0,   1,   2,   9,  11,  13,  14,  15,  16,  17,
     18,  20,  24,  26,  36,  41,  43,  44,  45,  46,  48,  52,  55,  56,  60,  62,
     68,   9,  11,  14,  17,  20,  26,  41,  46,  52,  60,  62,   0,   1,   2,   9,
     13,  14,  15,  17,  18,  20,  24,  26,  36,  41,  43,  45,  48,  52,  55,  56,
     60,  62,   9,  11,  14,  41,  60,  62,   3,   6,   7,   8,   9,  10,  11,  12,
     14,  15,  16,  17,  18,  20,  24,  26,  30,  31,  32,  34,  37,  38,  40,  41,
     43,  44,  45,  48,  50,  51,  52,  56,  58,  60,  62,  63,  66,  67,   2,   5,
     11,  12,  14,   2,   5,  11,  12,  13,  14,  36,  41,  55,  62,   2,   5,  11,
     12,  13,  14,   0,   1,   2,  11,  12,  13,  14,  20,  28,  31,  32,  34,  36,
     41,  51,  54,  59,  62,  63,  11,  12,  14,  41,  62,   9,  11,  12,  14,  41,
     60,  62,   0,   1,  31,  34,  51,   2,   5,  11,  12,  14,  36,  41,  55,  62,
     11,  12,  14,  41,  62,   2,   5,  36,  55,   3,   4,   6,   7,   8,  11,  12,
     14,  15,  16,  17,  18,  20,  24,  26,  29,  30,  31,  32,  34,  37,  38,  41,
     43,  44,  45,  48,  50,  51,  52,  53,  56,  58,  61,  62,  63,   9,  11,  12,
     14,  15,  16,  17,  18,  20,  24,  26,  34,  41,  43,  44,  45,  48,  51,  52,
     56,  60,  62,   3,   4,   6,   7,   9,  10,  11,  12,  14,  15,  16,  17,  18,
     20,  24,  26,  29,  31,  32,  34,  37,  38,  40,  41,  43,  44,  45,  48,  51,
     52,  53,  56,  60,  62,  63,  66,  67,   3,   4,   6,   9,  11,  12,  14,  31,
     32,  34,  66,  11,  12,  14,  41,  62,  18,  45,   2,  11,  14,  36,  41,   1,
      9,  11,  12,  13,  14,  18,  41,  45,  60,  62,   0,   1,   2,   3,   5,  15,
     16,  17,  18,  20,  22,  23,  24,  26,  27,  28,  30,  31,  32,  33,  34,  35,
     36,  37,  43,  44,  45,  47,  48,  50,  51,  52,  54,  55,  56,  57,  59,  63,
     64,  11,  12,  14,  41,  62,   0,   2,   3,   4,   5,   6,   7,  15,  16,  17,
     18,  19,  20,  21,  22,  23,  24,  26,  28,  29,  30,  31,  32,  33,  34,  35,
     36,  37,  38,  43,  44,  45,  47,  48,  50,  51,  52,  53,  54,  55,  56,  59,
     61,  63,  64,   2,   9,  14,  15,  17,  18,  20,  26,  36,  41,  43,  45,  52,
     55,  60,  62,   2,   5,  36,   9,  11,  14,  31,  32,
};

static const int8_t sarabun_16_regularKernSparseValues[] = {
     -53,  -53,  -53,  -16,  -16,  -16,  -16,  -32,  -32,  -16,  -16,  -16,  -16,  -16,  -16,  -21,
     -32,  -32,  -27,  -16,  -32,  -16,  -16,  -16,  -16,  -16,  -16,  -16,  -21,  -21,  -21,  -16,
     -16,  -32,  -32,  -16,  -16,  -16,  -16,  -21,  -21,  -16,  -16,  -21,  -32,  -53,  -43,  -43,
     -69,  -11,  -16,  -21,  -21,  -11,  -21,  -21,  -32,  -27,  -21,  -27,  -27,  -32,  -53,  -53,
     -53,  -48,  -96,  -53,  -53,  -16,  -11,  -11,  -11,  -11,  -11,  -21,  -16,  -11,  -11,  -21,
     -11,  -16,  -16,  -27,  -27,  -59,  -16,  -53,  -43,  -53,  -11,  -11,  -11,  -11,  -11,  -11,
     -11,  -16,  -32,  -21,  -43,  -16,  -27,  -16,  -53,  -11,  -11,  -11,  -11,  -43,  -11,  -16,
     -11,  -59,  -43,  -43,  -75,  -43,  -16,  -16,   -5,  -21,  -21,  -16,  -21,  -21,  -21,  -53,
     -53,  -43,  -53,  -16,  -32,  -16,  -16,  -16,  -16,  -16,  -16,  -16,  -11,  -85,  -32,  -16,
     -16,  -16,  -16,  -64,  -16,  -11,  -53,  -16,  -16,  -16,  -16,  -16,  -53,  -53,  -32,  -21,
     -43,  -32,  -43,  -43,  -43,  -32,  -32,  -43,  -43,  -37,  -32,  -32,  -21,  -27,  -21,  -27,
     -32,  -21,  -43,  -32,  -43,  -32,  -43,  -32,  -21,  -43,  -32,  -32,  -43,  -21,  -37,  -21,
     -11,  -21,  -21,  -32,  -32,  -53,  -53,  -27,  -21,  -21,  -37,  -16,  -16,  -16,  -43,  -43,
     -43,  -43,  -43,  -43,  -27,  -27,  -32,  -27,  -43,  -27,  -27,  -32,  -27,  -27, -107,  -43,
     -43,  -27,  -21,  -85,  -85,  -85,  -43,  -53,  -64,  -32,  -53,  -53,  -85,  -53,  -85,  -64,
     -32,  -53,  -32,  -53,  -53,  -53,  -43,  -27,  -53,  -43,  -43,  -16,   -5,   -5,  -11,  -11,
     -11,  -11,  -11,  -11,  -11,  -16,   -5,  -11,  -11,  -11,  -11,  -11,  -11,  -21,  -16,  -21,
     -21,  -27,  -16,  -16,  -21,  -16,  -16,  -16,  -16,  -27,  -37,  -43,  -43,  -21,  -53,  -43,
     -48,  -27,  -48,  -32,  -32,  -75,  -43,  -37,  -16,  -32,  -53,  -16,  -53,  -53,  -32,  -27,
     -32,  -37,  -21,  -21,  -16,  -32,  -32,  -32,  -32,  -32,  -32,  -32,  -32,  -32,  -32,  -32,
     -32,  -43,  -32,  -32,  -27,  -21,  -32,  -32,  -32,  -32,  -32,  -32,  -32,  -32,  -32,  -43,
     -43,  -32,  -32,  -16,  -32,  -32,  -43,  -27,  -11,  -11,  -11,  -11,  -11,  -11,  -11,  -11,
     -11,  -11,  -11,  -32,  -43,  -43,  -32,  -32,  -16,  -16,  -43,  -43,  -11,  -43,  -32,  -32,
     -21,  -32,  -32,  -21,  -16,  -16,  -21,  -43,  -27,  -43,   11,  -16,  -11,  -21,  -43,  -11,
      11,   11,  -32,  -11,  -32,  -32,  -21,  -21,  -21,  -16,  -21,  -21,  -21,  -43,  -43,  -37,
     -21,  -43,  -21,  -43,  -43,  -21,  -32,  -21,  -32,  -64,  -32,  -48,  -32,  -21,  -21,  -21,
     -11,  -21,  -11,  -21,  -16,  -32,  -21,  -21,  -11,  -11,  -16,  -21,  -11,  -32,  -37,  -11,
     -11,  -16,  -11,  -16,  -11,  -11,  -16,  -11,  -16,  -11,  -16,  -16,  -16,  -11,  -16,  -11,
     -32,  -37,  -43,  -43,  -32,  -37,  -16,  -16,  -21,  -32,  -32,  -37,   -5,   -5,  -21,  -37,
      -5,  -32,  -32,  -16,  -16,  -32,  -32,  -32,  -27,  -11,   -5,   -5,  -32,  -32,  -32,  -32,
      -5,   -5,   -5,  -16,  -32,  -27,  -21,  -32,   11,  -32,   11,  -32,  -21,  -16,  -16,  -16,
     -43,  -27,  -32,  -64,  -85,  -53,  -32,  -32,  -53,  -21,  -32,  -27,  -32,  -16,  -16,  -11,
     -11,  -11,   -5,  -11, -107,  -64,  -37,  -37,  -27,  -21,   -5,  -32,  -85,   -5,  -43,  -53,
     -32,  -21,  -27,  -43,  -16,  -16,  -16,  -85,  -21,  -37,  -43,  -53,  -21,  -21,  -43,  -21,
     -32,  -32,  -16,   -5,   -5,   -5,   -5,   -5,  -43,  -32,  -16,   -5,   -5,   -5,  -43,   -5,
     -21,  -27,  -11,  -21,  -21,  -43,  -21,  -43,  -48,  -43,  -16,  -43,  -85,  -64, -107,  -69,
     -96,  -37,  -37,  -37,  -37,  -16,  -37,  -16,  -43,  -75,  -43,  -64,  -16,  -16,  -32,  -32,
     -16,  -16,  -16,  -16,  -21,  -21,  -16,  -16,  -21,  -32,  -53,  -43,  -85,  -69,  -21,  -27,
     -32,  -32,  -27,  -43,  -21,  -43,  -27,  -43,  -48,  -16,  -21,  -21,  -21,  -27,  -21,  -27,
     -21,  -21,  -27,  -16,  -16,  -21,  -85,  -32,  -53,  -85,   11,   21,  -32,  -11,  -27,  -21,
     -43,  -11,   11,   11,  -32,  -11,  -43,  -21,  -64,  -32,  -21,  -64,  -75,  -37,  -85,  -43,
     -32,  -37,  -16,  -16,  -11,   -5,   -5,  -43,  -27,  -64,  -32,  -53,  -21,  -27,  -27,  -32,
     -85,  -32,  -85,  -43,  -32,  -64,  -21,  -32,  -21,  -53,  -53,  -53,  -27,  -43,  -53,  -27,
     -53,  -43,  -64,  -64,  -64,  -32,  -64,  -32,  -32,  -43, -107,  -53, -107,  -27,  -27,  -27,
     -21,  -32,  -32,  -32,  -21,  -53,  -32,  -27,  -32,  -21,  -32,  -27,  -53,  -64,  -96,  -37,
     -64,  -43,  -43,  -43,  -32,  -21,  -32,  -21,  -32,  -32,  -21,  -21,  -11,  -11,  -16,  -21,
     -11,  -32,  -37,  -32,  -32,  -43,  -27, -117,  -16, -107,  -85, -107,  -11,  -11,  -11,  -11,
     -11,  -11,  -11,  -16,  -85,  -64,  -85,  -16,  -27,  -16,  -53,  -11,  -11,  -11,  -11,  -43,
     -11,  -16,  -11,  -59,  -43,  -43,  -75,  -43,  -16,  -16,  -16,  -59,  -53,  -43,  -53,  -53,
     -43,  -43,  -32,  -64,  -21,  -64,  -32,  -21,  -21,  -21,  -37,  -32,  -32,  -16,  -16,  -16,
     -64,  -53,  -21,  -43,  -64,   21,  -32,   11,  -32,  -21,  -53,  -53,  -85,  -43,  -32,  -75,
     -64,  -75,  -75,  -75,  -64,  -32,  -75,  -43,  -21,  -69,  -64,  -53,  -43,  -48,  -43,  -37,
     -32,  -21,  -43,  -32,  -43,  -32,  -43,  -32,  -21,  -43,  -32,  -32,  -43,  -21,  -37,  -21,
     -11,  -64,  -32,  -85,  -43,  -32,  -53, -107,  -43,  -43,  -32,  -43,  -21,  -64,  -64,  -64,
     -64,  -21,  -64,  -21,  -43,  -21,  -64,  -32,  -43,  -21,  -53,  -53,  -27,  -53,  -53,  -21,
     -53,  -21,  -21,  -32,  -32,  -32,  -21,  -32,  -27,  -27,  -32,  -21,  -32,  -32,  -32,  -21,
     -21,  -27,  -21,  -43,  -21,  -43,  -21,  -21,  -11,  -21,  -21,  -43,  -43,  -21,  -11,  -21,
     -37,  -21,  -27,  -27,  -43,  -27,  -53,  -53,  -53,  -32,  -32,
};

static const EpdLigaturePair sarabun_16_regularLigaturePairs[] = {
    { 0x00660069, 0xFB01 }, // f i -> U+FB01
    { 0x0066006C, 0xFB02 }, // f l -> U+FB02
};

static const EpdFontData sarabun_16_regular = {
    sarabun_16_regularBitmaps,
    sarabun_16_regularGlyphs,
    sarabun_16_regularIntervals,
    56,
    43,
    36,
    -8,
    true,
    sarabun_16_regularGroups,
    13,
    nullptr,
    nullptr,  // kernLeftClasses: built-in fonts use the split arrays below
    nullptr,  // kernRightClasses
    sarabun_16_regularKernLeftCodepoints,
    sarabun_16_regularKernLeftClassIds,
    sarabun_16_regularKernRightCodepoints,
    sarabun_16_regularKernRightClassIds,
    nullptr,  // kernMatrix: built-in fonts use the sparse form below
    sarabun_16_regularKernRowOffsets,
    sarabun_16_regularKernSparseCols,
    sarabun_16_regularKernSparseValues,
    238,
    275,
    61,
    69,
    sarabun_16_regularLigaturePairs,
    2,
};
