/**
 * generated by fontconvert.py
 * name: ubuntu_10_regular
 * size: 10
 * mode: 1-bit
 * Command used: fontconvert.py ubuntu_10_regular 10 ../builtinFonts/source/Ubuntu/Ubuntu-Regular.ttf ../builtinFonts/source/NotoSansHebrew/NotoSansHebrew-Regular.ttf ../builtinFonts/source/NotoSansArabic/NotoSansArabic-Regular.ttf ../builtinFonts/source/Ubuntu/Ubuntu-Vietnamese-Regular.ttf ../builtinFonts/source/GoogleSans/GoogleSans-Regular.ttf --additional-intervals 0x05D0,0x05EA --additional-intervals 0x0E00,0x0E7F --additional-intervals 0x060C,0x060C --additional-intervals 0x061B,0x061B --additional-intervals 0x061F,0x061F --additional-intervals 0x0621,0x0621 --additional-intervals 0x0640,0x0640 --additional-intervals 0x0654,0x0654 --additional-intervals 0x0660,0x0669 --additional-intervals 0x06BA,0x06BA --additional-intervals 0x06D4,0x06D4 --additional-intervals 0x06D5,0x06D5 --additional-intervals 0x06F0,0x06F9 --additional-intervals 0xFB56,0xFB59 --additional-intervals 0xFB66,0xFB69 --additional-intervals 0xFB7A,0xFB7D --additional-intervals 0xFB88,0xFB95 --additional-intervals 0xFB9E,0xFB9F --additional-intervals 0xFBA6,0xFBB1 --additional-intervals 0xFBFC,0xFBFF --additional-intervals 0xFE80,0xFEFC
 */
#pragma once
#include "EpdFontData.h"

static const uint8_t ubuntu_10_regularBitmaps[26185] = {
    0xEE, 0xEE, 0xE6, 0x66, 0x66, 0x00, 0xEF, 0xE0, 0xEF, 0xDF, 0xBF, 0x6E, 0xC0, 0x1C, 0x61, 0xCE,
    0x1C, 0xE1, 0x8E, 0xFF, 0xFF, 0xFF, 0x38, 0xC3, 0x9C, 0x31, 0xCF, 0xFF, 0xFF, 0xF7, 0x18, 0x73,
    0x87, 0x38, 0x63, 0x80, 0x0C, 0x03, 0x03, 0xF9, 0xFE, 0xF1, 0xB8, 0x0E, 0x01, 0xE0, 0x7E, 0x07,
    0xE0, 0x78, 0x07, 0x01, 0xF8, 0xFF, 0xFB, 0xFC, 0x0C, 0x03, 0x00, 0xC0, 0x7C, 0x38, 0xEE, 0x38,
    0xC6, 0x70, 0xC6, 0x70, 0xC6, 0xE0, 0xEE, 0xC0, 0x7D, 0xC0, 0x01, 0x80, 0x03, 0xBE, 0x03, 0x77,
    0x07, 0x63, 0x0E, 0x63, 0x0E, 0x63, 0x1C, 0x77, 0x1C, 0x3E, 0x0F, 0x80, 0x7F, 0x03, 0xDC, 0x0E,
    0x30, 0x39, 0xC0, 0x6E, 0x01, 0xF8, 0x07, 0x80, 0x3F, 0x19, 0xCE, 0xE6, 0x1F, 0x18, 0x3C, 0x78,
    0xF1, 0xFF, 0xE3, 0xF9, 0xC0, 0xFF, 0xFE, 0x1C, 0x73, 0x8C, 0x71, 0xC6, 0x38, 0xE3, 0x8E, 0x38,
    0xE1, 0x87, 0x1C, 0x30, 0xE1, 0xC7, 0xC3, 0x87, 0x1C, 0x38, 0xE3, 0x86, 0x18, 0x71, 0xC6, 0x18,
    0xE3, 0x8E, 0x71, 0xCE, 0x30, 0x0C, 0x03, 0x06, 0xD9, 0xFE, 0x1E, 0x07, 0x83, 0xF0, 0xCC, 0x0C,
    0x03, 0x00, 0xC0, 0x30, 0xFF, 0xFF, 0xF0, 0xC0, 0x30, 0x0C, 0x03, 0x00, 0x77, 0x76, 0x60, 0xFF,
    0xF0, 0xFF, 0x80, 0x01, 0xC0, 0x60, 0x38, 0x0E, 0x03, 0x01, 0xC0, 0x70, 0x18, 0x0E, 0x03, 0x81,
    0xC0, 0x70, 0x1C, 0x0E, 0x03, 0x80, 0xC0, 0x70, 0x1C, 0x06, 0x03, 0x80, 0x3F, 0x1F, 0xE7, 0x3B,
    0x87, 0xE1, 0xF8, 0x7E, 0x1F, 0x07, 0xE1, 0xF8, 0x7E, 0x1F, 0x87, 0x73, 0x9F, 0xE3, 0xF0, 0x0E,
    0x3D, 0xFB, 0xF7, 0xE1, 0xC3, 0x87, 0x0E, 0x1C, 0x38, 0x70, 0xE1, 0xC3, 0x80, 0x7E, 0x3F, 0xCE,
    0x78, 0x0E, 0x03, 0x80, 0xE0, 0x70, 0x3C, 0x1E, 0x0F, 0x03, 0x81, 0xC0, 0xE0, 0x3F, 0xFF, 0xFC,
    0x7E, 0x3F, 0xC6, 0x78, 0x0E, 0x03, 0x81, 0xE3, 0xF0, 0xFC, 0x07, 0x80, 0x60, 0x1C, 0x07, 0xC7,
    0xBF, 0xEF, 0xE0, 0x03, 0xC0, 0x78, 0x1F, 0x07, 0xE1, 0xDC, 0x3B, 0x8E, 0x73, 0x8E, 0x61, 0xDF,
    0xFF, 0xFF, 0x80, 0xE0, 0x1C, 0x03, 0x80, 0x70, 0x7F, 0x9F, 0xE7, 0x01, 0xC0, 0x70, 0x1F, 0x87,
    0xF0, 0x7E, 0x03, 0x80, 0x70, 0x1C, 0x07, 0xE7, 0xBF, 0xEF, 0xE0, 0x07, 0x87, 0xE3, 0xF1, 0xC0,
    0x60, 0x3F, 0xCF, 0xFB, 0xCF, 0xE1, 0xF8, 0x7E, 0x1F, 0x87, 0x73, 0xDF, 0xE3, 0xF0, 0xFF, 0xFF,
    0xF0, 0x1C, 0x0E, 0x07, 0x01, 0xC0, 0xE0, 0x38, 0x0C, 0x07, 0x01, 0xC0, 0x60, 0x38, 0x0E, 0x03,
    0x80, 0x3F, 0x1F, 0xEF, 0x3B, 0x87, 0xE1, 0xFC, 0xE7, 0xF8, 0xFC, 0x7F, 0xB8, 0xFE, 0x1F, 0x87,
    0xF3, 0xDF, 0xE3, 0xF0, 0x3F, 0x1F, 0xEF, 0x7B, 0x87, 0xE1, 0xF8, 0x7F, 0x3D, 0xFF, 0x3F, 0xC0,
    0x60, 0x38, 0x1E, 0x1F, 0x1F, 0x87, 0x80, 0xFF, 0x80, 0x00, 0xFF, 0x80, 0x77, 0x70, 0x00, 0x00,
    0x07, 0x77, 0x66, 0x01, 0xC3, 0xF7, 0xFB, 0xF0, 0xF0, 0x3F, 0x07, 0xF8, 0x3F, 0x01, 0xC0, 0xFF,
    0xFF, 0xF0, 0x00, 0x00, 0x00, 0x3F, 0xFF, 0xFC, 0xE0, 0x3F, 0x07, 0xF8, 0x3F, 0x03, 0xC3, 0xF7,
    0xFB, 0xF0, 0xE0, 0x00, 0xFE, 0xFF, 0x6F, 0x07, 0x07, 0x06, 0x0E, 0x1C, 0x38, 0x38, 0x00, 0x00,
    0x38, 0x38, 0x38, 0x07, 0xF8, 0x03, 0xFF, 0x81, 0xF3, 0xF0, 0xE0, 0x1C, 0x70, 0x03, 0x9C, 0x7E,
    0x6E, 0x7F, 0x9F, 0x9E, 0xE7, 0xE6, 0x19, 0xFB, 0x86, 0x7E, 0xE1, 0x9F, 0xB8, 0x67, 0xE7, 0xBB,
    0xB9, 0xFF, 0xE7, 0x3F, 0xF1, 0xC0, 0x00, 0x38, 0x00, 0x07, 0xC6, 0x00, 0xFF, 0x80, 0x1F, 0xE0,
    0x07, 0x00, 0x1E, 0x00, 0x78, 0x03, 0xF0, 0x0D, 0xC0, 0x73, 0x01, 0xCE, 0x06, 0x18, 0x38, 0x70,
    0xFF, 0xC7, 0xFF, 0x1C, 0x0E, 0x60, 0x3B, 0x80, 0x7E, 0x01, 0xC0, 0x7F, 0x8F, 0xFC, 0xE3, 0xEE,
    0x0E, 0xE0, 0xEE, 0x3E, 0xFF, 0xCF, 0xFE, 0xE1, 0xEE, 0x07, 0xE0, 0x7E, 0x07, 0xE1, 0xEF, 0xFE,
    0x7F, 0x80, 0x0F, 0xE3, 0xFF, 0x7C, 0x67, 0x00, 0xE0, 0x0E, 0x00, 0xE0, 0x0E, 0x00, 0xE0, 0x0E,
    0x00, 0xE0, 0x07, 0x00, 0x7C, 0x63, 0xFF, 0x0F, 0xE0, 0x7F, 0x87, 0xFF, 0x38, 0xFD, 0xC0, 0xEE,
    0x07, 0xF0, 0x1F, 0x80, 0xFC, 0x07, 0xE0, 0x3F, 0x01, 0xF8, 0x0F, 0xC0, 0xEE, 0x3F, 0x7F, 0xF1,
    0xFE, 0x00, 0xFF, 0xDF, 0xFB, 0x80, 0x70, 0x0E, 0x01, 0xC0, 0x3F, 0xE7, 0xFC, 0xE0, 0x1C, 0x03,
    0x80, 0x70, 0x0E, 0x01, 0xFF, 0xFF, 0xF8, 0xFF, 0xFF, 0xFE, 0x03, 0x80, 0xE0, 0x38, 0x0F, 0xFB,
    0xFE, 0xE0, 0x38, 0x0E, 0x03, 0x80, 0xE0, 0x38, 0x0E, 0x00, 0x0F, 0xE3, 0xFF, 0x7C, 0x77, 0x00,
    0xE0, 0x0E, 0x00, 0xE0, 0x0E, 0x00, 0xE0, 0x7E, 0x07, 0xE0, 0x77, 0x07, 0x7C, 0x73, 0xFF, 0x0F,
    0xF0, 0xE0, 0x3E, 0x03, 0xE0, 0x3E, 0x03, 0xE0, 0x3E, 0x03, 0xFF, 0xFF, 0xFF, 0xE0, 0x3E, 0x03,
    0xE0, 0x3E, 0x03, 0xE0, 0x3E, 0x03, 0xE0, 0x30, 0xFF, 0xFF, 0xFF, 0xFF, 0xFF, 0xF8, 0x03, 0x81,
    0xC0, 0xE0, 0x70, 0x38, 0x1C, 0x0E, 0x07, 0x03, 0x81, 0xC0, 0xE0, 0x7E, 0x7F, 0xF9, 0xF8, 0xE0,
    0xF7, 0x07, 0x38, 0x71, 0xC7, 0x0E, 0x70, 0x77, 0x03, 0xF0, 0x1F, 0x80, 0xFE, 0x07, 0x78, 0x39,
    0xE1, 0xC7, 0x8E, 0x1E, 0x70, 0x7B, 0x81, 0xC0, 0xE0, 0x38, 0x0E, 0x03, 0x80, 0xE0, 0x38, 0x0E,
    0x03, 0x80, 0xE0, 0x38, 0x0E, 0x03, 0x80, 0xE0, 0x3F, 0xFF, 0xFC, 0x70, 0x0E, 0x70, 0x0E, 0x78,
    0x1E, 0x78, 0x1F, 0x6C, 0x3F, 0x6C, 0x37, 0x66, 0x37, 0xE6, 0x67, 0xE7, 0x67, 0xE3, 0xE7, 0xE3,
    0xC7, 0xE3, 0xC7, 0xE1, 0xC7, 0xE0, 0x07, 0xE0, 0x03, 0xE0, 0x3F, 0x81, 0xFE, 0x0F, 0xF8, 0x7F,
    0xC3, 0xF7, 0x1F, 0x9C, 0xFC, 0x77, 0xE3, 0xBF, 0x0F, 0xF8, 0x3F, 0xC1, 0xFE, 0x07, 0xF0, 0x3F,
    0x80, 0xE0, 0x0F, 0xE0, 0x7F, 0xE1, 0xF3, 0xE3, 0x81, 0xEE, 0x01, 0xDC, 0x03, 0xB8, 0x07, 0x70,
    0x06, 0xE0, 0x1D, 0xC0, 0x3B, 0x80, 0x73, 0x81, 0xE7, 0xCF, 0x87, 0xFE, 0x03, 0xF8, 0x00, 0x7F,
    0x8F, 0xFC, 0xE3, 0xEE, 0x0E, 0xE0, 0xEE, 0x0E, 0xE3, 0xEF, 0xFC, 0xFF, 0x8E, 0x00, 0xE0, 0x0E,
    0x00, 0xE0, 0x0E, 0x00, 0xE0, 0x00, 0x0F, 0xE0, 0x7F, 0xE1, 0xF3, 0xE3, 0x81, 0xEE, 0x01, 0xDC,
    0x03, 0xB8, 0x07, 0x70, 0x06, 0xE0, 0x1D, 0xC0, 0x3B, 0x80, 0x73, 0x81, 0xE7, 0xCF, 0x87, 0xFE,
    0x03, 0xF8, 0x01, 0xC0, 0x01, 0xF0, 0x01, 0xF0, 0x01, 0xE0, 0x7F, 0x8F, 0xFC, 0xE3, 0xEE, 0x0E,
    0xE0, 0xEE, 0x0E, 0xE3, 0xEF, 0xFC, 0xFF, 0x8E, 0x38, 0xE3, 0xCE, 0x1C, 0xE0, 0xEE, 0x0E, 0xE0,
    0x70, 0x1F, 0xCF, 0xF9, 0xE7, 0x38, 0x07, 0x00, 0xE0, 0x1F, 0x80, 0xFC, 0x07, 0xC0, 0x3C, 0x03,
    0x80, 0x77, 0x3F, 0xFF, 0x9F, 0xE0, 0xFF, 0xFF, 0xFF, 0x06, 0x00, 0x60, 0x06, 0x00, 0x60, 0x06,
    0x00, 0x60, 0x06, 0x00, 0x60, 0x06, 0x00, 0x60, 0x06, 0x00, 0x60, 0x06, 0x00, 0xE0, 0x7E, 0x07,
    0xE0, 0x7E, 0x07, 0xE0, 0x7E, 0x07, 0xE0, 0x7E, 0x07, 0xE0, 0x7E, 0x07, 0xE0, 0x77, 0x07, 0x79,
    0xE3, 0xFE, 0x1F, 0xC0, 0xE0, 0x1F, 0x80, 0xE7, 0x03, 0x9C, 0x0E, 0x70, 0x70, 0xE1, 0xC3, 0x87,
    0x0E, 0x38, 0x1C, 0xE0, 0x73, 0x80, 0xFC, 0x03, 0xF0, 0x0F, 0x80, 0x1E, 0x00, 0x70, 0x00, 0xE0,
    0x00, 0xFC, 0x00, 0x1D, 0xC3, 0x83, 0xB8, 0x78, 0x77, 0x0F, 0x0C, 0xE3, 0xE3, 0x9C, 0x7E, 0x71,
    0xCD, 0xCE, 0x3B, 0x99, 0xC7, 0x73, 0xB0, 0xEC, 0x7E, 0x0F, 0x87, 0xC1, 0xF0, 0xF8, 0x3C, 0x1E,
    0x03, 0x81, 0xC0, 0x70, 0x7B, 0x83, 0x8E, 0x38, 0x3B, 0xC1, 0xDC, 0x07, 0xC0, 0x1E, 0x00, 0xE0,
    0x0F, 0x80, 0x7E, 0x07, 0x70, 0x71, 0xC3, 0x87, 0x38, 0x3B, 0x80, 0xE0, 0xE0, 0x3B, 0x83, 0x9C,
    0x38, 0x71, 0xC3, 0x9C, 0x0E, 0xE0, 0x7E, 0x01, 0xF0, 0x07, 0x00, 0x38, 0x01, 0xC0, 0x0E, 0x00,
    0x70, 0x03, 0x80, 0x1C, 0x00, 0x7F, 0xE7, 0xFE, 0x00, 0xE0, 0x1C, 0x03, 0x80, 0x78, 0x07, 0x00,
    0xE0, 0x1C, 0x01, 0xC0, 0x38, 0x07, 0x00, 0x70, 0x0F, 0xFF, 0xFF, 0xF0, 0xFF, 0xF1, 0x8C, 0x63,
    0x18, 0xC6, 0x31, 0x8C, 0x63, 0x18, 0xC6, 0x3F, 0xF0, 0xE0, 0x18, 0x07, 0x01, 0xC0, 0x30, 0x0E,
    0x03, 0x80, 0x60, 0x1C, 0x07, 0x00, 0xE0, 0x38, 0x06, 0x01, 0xC0, 0x70, 0x0C, 0x03, 0x80, 0xE0,
    0x18, 0x07, 0xFF, 0xC6, 0x31, 0x8C, 0x63, 0x18, 0xC6, 0x31, 0x8C, 0x63, 0x18, 0xFF, 0xF0, 0x0E,
    0x01, 0xE0, 0x7E, 0x0D, 0xC3, 0x9C, 0x63, 0x9C, 0x3B, 0x03, 0x7F, 0xF7, 0xFF, 0xC7, 0x1C, 0x60,
    0x3F, 0x0F, 0xE3, 0x3C, 0x07, 0x3F, 0xDF, 0xF7, 0x9D, 0x87, 0x71, 0xDF, 0xF3, 0xFC, 0xE0, 0x1C,
    0x03, 0x80, 0x70, 0x0E, 0x01, 0xFE, 0x3F, 0xE7, 0x9E, 0xE1, 0xDC, 0x1F, 0x83, 0xF0, 0x7E, 0x1D,
    0xC7, 0xBF, 0xE7, 0xF8, 0x3F, 0x3F, 0xBE, 0x5C, 0x0E, 0x07, 0x03, 0x81, 0xC0, 0xF9, 0x3F, 0xCF,
    0xE0, 0x01, 0xC0, 0x70, 0x1C, 0x07, 0x01, 0xCF, 0xF7, 0xFF, 0xCF, 0xE1, 0xF8, 0x7E, 0x1F, 0x87,
    0xE1, 0xFE, 0x77, 0xFC, 0xFF, 0x3F, 0x1F, 0xEF, 0x3F, 0x87, 0xFF, 0xFF, 0xFE, 0x03, 0x80, 0xF9,
    0x9F, 0xE3, 0xF8, 0x3F, 0x7E, 0x72, 0xE0, 0xE0, 0xFE, 0xFE, 0xE0, 0xE0, 0xE0, 0xE0, 0xE0, 0xE0,
    0xE0, 0xE0, 0xE0, 0x3F, 0xDF, 0xFF, 0x9F, 0x87, 0xE1, 0xF8, 0x7E, 0x1F, 0x87, 0xF3, 0xDF, 0xF3,
    0xFC, 0x07, 0x63, 0xBF, 0xEF, 0xF0, 0xE0, 0x38, 0x0E, 0x03, 0x80, 0xE0, 0x3F, 0xCF, 0xFB, 0xCF,
    0xE1, 0xF8, 0x7E, 0x1F, 0x87, 0xE1, 0xF8, 0x7E, 0x1F, 0x87, 0xFC, 0x01, 0xFF, 0xFF, 0xFF, 0xFF,
    0x1C, 0x70, 0x00, 0x00, 0x71, 0xC7, 0x1C, 0x71, 0xC7, 0x1C, 0x71, 0xC7, 0x1C, 0xFF, 0xBE, 0xE0,
    0x38, 0x0E, 0x03, 0x80, 0xE0, 0x38, 0xEE, 0x73, 0xBC, 0xEE, 0x3F, 0x0F, 0x83, 0xF0, 0xEE, 0x39,
    0xCE, 0x3B, 0x87, 0xE7, 0x39, 0xCE, 0x73, 0x9C, 0xE7, 0x39, 0xCE, 0x79, 0xEE, 0xFF, 0xFC, 0xFF,
    0xFE, 0xE7, 0xCF, 0xE3, 0x87, 0xE1, 0x87, 0xE1, 0x87, 0xE1, 0x87, 0xE1, 0x87, 0xE1, 0x87, 0xE1,
    0x87, 0xE1, 0x87, 0xFF, 0x3F, 0xEE, 0x3F, 0x87, 0xE1, 0xF8, 0x7E, 0x1F, 0x87, 0xE1, 0xF8, 0x7E,
    0x1C, 0x3F, 0x0F, 0xF3, 0xEF, 0x70, 0xEE, 0x0F, 0xC1, 0xF8, 0x3F, 0x0E, 0xF3, 0xCF, 0xF0, 0xFC,
    0x00, 0xFF, 0x1F, 0xF3, 0x8F, 0x70, 0xEE, 0x0F, 0xC1, 0xF8, 0x3F, 0x0E, 0xF3, 0xDF, 0xF3, 0xFC,
    0x70, 0x0E, 0x01, 0xC0, 0x38, 0x00, 0x3F, 0xDF, 0xFF, 0x9F, 0x87, 0xE1, 0xF8, 0x7E, 0x1F, 0x87,
    0xF3, 0xDF, 0xF3, 0xFC, 0x07, 0x01, 0xC0, 0x70, 0x1C, 0x7F, 0xFF, 0x8F, 0x0E, 0x1C, 0x38, 0x70,
    0xE1, 0xC3, 0x80, 0x3F, 0x3F, 0x9C, 0xCE, 0x07, 0xC1, 0xF8, 0x3E, 0x07, 0x47, 0xBF, 0xDF, 0xC0,
    0xE0, 0xE0, 0xE0, 0xFE, 0xFE, 0xE0, 0xE0, 0xE0, 0xE0, 0xE0, 0xE0, 0xF2, 0x7E, 0x7E, 0xE1, 0xF8,
    0x7E, 0x1F, 0x87, 0xE1, 0xF8, 0x7E, 0x1F, 0x87, 0x71, 0xDF, 0xF3, 0xFC, 0xE0, 0xDC, 0x39, 0x87,
    0x38, 0xE7, 0x38, 0x67, 0x0E, 0xC0, 0xF8, 0x1F, 0x03, 0xC0, 0x38, 0x00, 0xE1, 0xC7, 0xE1, 0xC7,
    0x63, 0xC7, 0x73, 0xC6, 0x73, 0xEE, 0x33, 0xEE, 0x3F, 0x6C, 0x3E, 0x7C, 0x1E, 0x7C, 0x1E, 0x38,
    0x1C, 0x38, 0xE1, 0xCE, 0x70, 0xEE, 0x0F, 0x81, 0xE0, 0x1C, 0x07, 0xC1, 0xF8, 0x73, 0x8E, 0x3B,
    0x83, 0x00, 0xE0, 0xDC, 0x39, 0xC7, 0x38, 0xC7, 0x18, 0x77, 0x0E, 0xE0, 0xD8, 0x1F, 0x01, 0xC0,
    0x38, 0x07, 0x01, 0xC1, 0xF8, 0x3E, 0x00, 0x7F, 0x9F, 0xE0, 0x38, 0x1C, 0x0E, 0x07, 0x03, 0x81,
    0xE0, 0x70, 0x3F, 0xEF, 0xF8, 0x0E, 0x3C, 0x71, 0xC3, 0x87, 0x0E, 0x1C, 0x79, 0xE3, 0xE3, 0xC3,
    0x87, 0x0E, 0x1C, 0x38, 0x38, 0x78, 0x70, 0xFF, 0xFF, 0xFF, 0xFF, 0xFF, 0xE1, 0xE1, 0xC1, 0xC3,
    0x87, 0x0E, 0x1C, 0x3C, 0x3C, 0xF9, 0xE3, 0x87, 0x0E, 0x1C, 0x38, 0xE3, 0xC7, 0x00, 0x3C, 0x6F,
    0xFD, 0xBF, 0xB1, 0xE0, 0xEF, 0xE0, 0x06, 0x66, 0x66, 0xEE, 0xEE, 0xE0, 0x0E, 0x03, 0x80, 0xE0,
    0x7E, 0x3F, 0x9E, 0x67, 0x01, 0x80, 0xE0, 0x18, 0x07, 0x01, 0xE2, 0x3F, 0x87, 0xE0, 0xE0, 0x38,
    0x0E, 0x00, 0x0F, 0xC7, 0xF3, 0xC8, 0xE0, 0x38, 0x0E, 0x03, 0x83, 0xFE, 0xFF, 0x8E, 0x03, 0x00,
    0xC0, 0x30, 0x1F, 0xF7, 0xFC, 0x60, 0x6F, 0xFC, 0xFF, 0x1C, 0xE3, 0x0C, 0x61, 0x8E, 0x71, 0xFE,
    0x7F, 0xEC, 0x0C, 0xE0, 0x77, 0x0E, 0x70, 0xE3, 0x9C, 0x1B, 0x81, 0xF8, 0x0F, 0x07, 0xFE, 0x7F,
    0xE0, 0x60, 0x06, 0x07, 0xFE, 0x7F, 0xE0, 0x60, 0x06, 0x00, 0xFF, 0xFF, 0x00, 0xFF, 0xFF, 0x1F,
    0x8F, 0xE7, 0x99, 0xC0, 0x38, 0x0F, 0x87, 0xF9, 0x8F, 0x61, 0xD8, 0x77, 0x98, 0xFE, 0x1F, 0x00,
    0xE0, 0x19, 0x8E, 0x7F, 0x9F, 0xC0, 0x66, 0x66, 0x0F, 0xE0, 0x3F, 0xF0, 0xF1, 0xE3, 0x80, 0xE6,
    0x7E, 0xFD, 0xC9, 0xF3, 0x01, 0xEE, 0x03, 0xCC, 0x07, 0xDC, 0x9D, 0x9F, 0xBB, 0x80, 0xE3, 0xC7,
    0x83, 0xFF, 0x03, 0xF8, 0x00, 0x7C, 0x2E, 0x06, 0x7E, 0x66, 0xE6, 0x66, 0x7E, 0x19, 0xCE, 0x73,
    0xB9, 0xDC, 0xE7, 0x1D, 0xC3, 0xB8, 0xE7, 0x19, 0xC0, 0xFF, 0xFF, 0xF0, 0x0C, 0x03, 0x00, 0xC0,
    0x30, 0x0C, 0x03, 0xFF, 0xF0, 0x0F, 0xE0, 0x3F, 0xF0, 0xF1, 0xE3, 0x80, 0xE6, 0xFC, 0xFD, 0x9D,
    0xF3, 0x39, 0xE7, 0xE3, 0xCD, 0xC7, 0xD9, 0xDD, 0xB1, 0xBB, 0x80, 0xE3, 0xC7, 0x83, 0xFF, 0x03,
    0xF8, 0x00, 0x7E, 0xFC, 0x7C, 0xFB, 0xBF, 0x77, 0xCF, 0x80, 0x0C, 0x03, 0x00, 0xC0, 0x30, 0xFF,
    0xFF, 0xF0, 0xC0, 0x30, 0x0C, 0x03, 0x00, 0x03, 0xFF, 0xFF, 0xC0, 0x7C, 0xD8, 0x38, 0xE3, 0xCF,
    0x18, 0x3F, 0x7C, 0xD8, 0x31, 0xE0, 0xE0, 0xD3, 0xFE, 0x39, 0xDC, 0xC0, 0xE1, 0xF8, 0x7E, 0x1F,
    0x87, 0xE1, 0xF8, 0x7E, 0x1F, 0x87, 0xF9, 0xFF, 0xFF, 0xFF, 0x80, 0xE0, 0x38, 0x0E, 0x00, 0x1F,
    0xF3, 0xF7, 0x7F, 0x77, 0xF7, 0x7F, 0x77, 0xF7, 0x7F, 0x77, 0xF7, 0x3F, 0x70, 0xF7, 0x07, 0x70,
    0x77, 0x07, 0x70, 0x77, 0x07, 0x70, 0x77, 0x07, 0x70, 0x77, 0x07, 0x70, 0xFF, 0x80, 0x33, 0x8F,
    0xE0, 0x3F, 0xF3, 0x33, 0x33, 0x3E, 0x3B, 0x98, 0xEC, 0x76, 0x3B, 0x1D, 0xDC, 0x7C, 0x66, 0x1D,
    0xC3, 0x38, 0xE7, 0x1D, 0xCE, 0x73, 0x39, 0xDC, 0x66, 0x00, 0x30, 0x18, 0x78, 0x1C, 0x3C, 0x0C,
    0x06, 0x0E, 0x03, 0x0E, 0x01, 0x87, 0x00, 0xC7, 0x00, 0x63, 0x0E, 0x03, 0x87, 0x01, 0x87, 0x81,
    0xC6, 0xC0, 0xC7, 0x60, 0xE3, 0xF8, 0x60, 0x18, 0x70, 0x0C, 0x30, 0x38, 0x78, 0x18, 0x3C, 0x1C,
    0x06, 0x0C, 0x03, 0x0E, 0x01, 0x8E, 0x00, 0xC7, 0x00, 0x67, 0x3E, 0x03, 0x3B, 0x03, 0x81, 0x81,
    0x81, 0xC1, 0xC1, 0xC0, 0xC1, 0xC0, 0xE0, 0xC0, 0x60, 0xFE, 0x7C, 0x0E, 0x1B, 0x07, 0x00, 0xC1,
    0xC0, 0xF0, 0xE0, 0x0E, 0x30, 0x01, 0x9C, 0x04, 0xE6, 0x03, 0xF3, 0x8E, 0x00, 0xC3, 0x80, 0x71,
    0xE0, 0x38, 0xD8, 0x0E, 0x76, 0x07, 0x1F, 0xC1, 0x80, 0x60, 0xE0, 0x18, 0x1C, 0x0F, 0x07, 0x00,
    0x00, 0x00, 0x60, 0x30, 0x38, 0x38, 0x38, 0x18, 0x1C, 0x0F, 0x33, 0xF8, 0xFC, 0x06, 0x00, 0x3C,
    0x00, 0x70, 0x00, 0xC0, 0x00, 0x00, 0x1C, 0x00, 0x78, 0x01, 0xE0, 0x0F, 0xC0, 0x37, 0x01, 0xCC,
    0x07, 0x38, 0x18, 0x60, 0xE1, 0xC3, 0xFF, 0x1F, 0xFC, 0x70, 0x39, 0x80, 0xEE, 0x01, 0xF8, 0x07,
    0x01, 0xC0, 0x07, 0x00, 0x38, 0x00, 0xC0, 0x00, 0x00, 0x1C, 0x00, 0x78, 0x01, 0xE0, 0x0F, 0xC0,
    0x37, 0x01, 0xCC, 0x07, 0x38, 0x18, 0x60, 0xE1, 0xC3, 0xFF, 0x1F, 0xFC, 0x70, 0x39, 0x80, 0xEE,
    0x01, 0xF8, 0x07, 0x03, 0x00, 0x1E, 0x00, 0xFC, 0x03, 0x30, 0x00, 0x00, 0x1C, 0x00, 0x78, 0x01,
    0xE0, 0x0F, 0xC0, 0x37, 0x01, 0xCC, 0x07, 0x38, 0x18, 0x60, 0xE1, 0xC3, 0xFF, 0x1F, 0xFC, 0x70,
    0x39, 0x80, 0xEE, 0x01, 0xF8, 0x07, 0x0F, 0x60, 0x3F, 0x01, 0xBC, 0x00, 0x00, 0x07, 0x00, 0x1E,
    0x00, 0x78, 0x03, 0xF0, 0x0D, 0xC0, 0x73, 0x01, 0xCE, 0x06, 0x18, 0x38, 0x70, 0xFF, 0xC7, 0xFF,
    0x1C, 0x0E, 0x60, 0x3B, 0x80, 0x7E, 0x01, 0xC0, 0x0C, 0xC0, 0x33, 0x00, 0x00, 0x01, 0xC0, 0x07,
    0x80, 0x1E, 0x00, 0xFC, 0x03, 0x70, 0x1C, 0xC0, 0x73, 0x81, 0x86, 0x0E, 0x1C, 0x3F, 0xF1, 0xFF,
    0xC7, 0x03, 0x98, 0x0E, 0xE0, 0x1F, 0x80, 0x70, 0x07, 0x80, 0x1E, 0x00, 0xD8, 0x01, 0xE0, 0x07,
    0x80, 0x1E, 0x00, 0xFC, 0x03, 0xF0, 0x1C, 0xC0, 0x73, 0x81, 0x8E, 0x0E, 0x1C, 0x3F, 0xF1, 0xFF,
    0xC7, 0x03, 0x98, 0x0E, 0xE0, 0x1F, 0x80, 0x70, 0x00, 0xFF, 0xE0, 0x1F, 0xFC, 0x07, 0xC0, 0x01,
    0xD8, 0x00, 0x3B, 0x00, 0x0E, 0x60, 0x01, 0x8F, 0xF0, 0x71, 0xFE, 0x1C, 0x30, 0x03, 0xFE, 0x00,
    0xFF, 0xC0, 0x18, 0x18, 0x07, 0x03, 0x00, 0xC0, 0x7F, 0xF8, 0x0F, 0xF8, 0x0F, 0xE3, 0xFF, 0x7C,
    0x67, 0x00, 0xE0, 0x0E, 0x00, 0xE0, 0x0E, 0x00, 0xE0, 0x0E, 0x00, 0xE0, 0x07, 0x00, 0x7C, 0x63,
    0xFF, 0x1F, 0xE0, 0x70, 0x03, 0x80, 0xF0, 0x18, 0x03, 0x80, 0x38, 0x03, 0x00, 0x01, 0xFF, 0xBF,
    0xF7, 0x00, 0xE0, 0x1C, 0x03, 0x80, 0x7F, 0xCF, 0xF9, 0xC0, 0x38, 0x07, 0x00, 0xE0, 0x1C, 0x03,
    0xFF, 0xFF, 0xF0, 0x03, 0x00, 0xE0, 0x38, 0x06, 0x00, 0x01, 0xFF, 0xBF, 0xF7, 0x00, 0xE0, 0x1C,
    0x03, 0x80, 0x7F, 0xCF, 0xF9, 0xC0, 0x38, 0x07, 0x00, 0xE0, 0x1C, 0x03, 0xFF, 0xFF, 0xF0, 0x0C,
    0x03, 0xC0, 0xFC, 0x19, 0x80, 0x01, 0xFF, 0xBF, 0xF7, 0x00, 0xE0, 0x1C, 0x03, 0x80, 0x7F, 0xCF,
    0xF9, 0xC0, 0x38, 0x07, 0x00, 0xE0, 0x1C, 0x03, 0xFF, 0xFF, 0xF0, 0x3B, 0x87, 0x70, 0x00, 0x7F,
    0xEF, 0xFD, 0xC0, 0x38, 0x07, 0x00, 0xE0, 0x1F, 0xF3, 0xFE, 0x70, 0x0E, 0x01, 0xC0, 0x38, 0x07,
    0x00, 0xFF, 0xFF, 0xFC, 0xC7, 0x1C, 0x60, 0x39, 0xCE, 0x73, 0x9C, 0xE7, 0x39, 0xCE, 0x73, 0x9C,
    0xE0, 0x33, 0xB9, 0x80, 0x73, 0x9C, 0xE7, 0x39, 0xCE, 0x73, 0x9C, 0xE7, 0x39, 0xC0, 0x18, 0x79,
    0xFB, 0x30, 0x07, 0x0E, 0x1C, 0x38, 0x70, 0xE1, 0xC3, 0x87, 0x0E, 0x1C, 0x38, 0x70, 0xE1, 0xC0,
    0xEE, 0xEE, 0x00, 0x38, 0x38, 0x38, 0x38, 0x38, 0x38, 0x38, 0x38, 0x38, 0x38, 0x38, 0x38, 0x38,
    0x38, 0x38, 0x3F, 0xC0, 0x7F, 0xE0, 0xE3, 0xE1, 0x81, 0xC3, 0x01, 0xC6, 0x03, 0xBF, 0x87, 0x7F,
    0x0E, 0x30, 0x1C, 0x60, 0x38, 0xC0, 0x71, 0x81, 0xC3, 0x8F, 0x87, 0xFE, 0x0F, 0xF0, 0x00, 0x0F,
    0xC0, 0xFE, 0x06, 0xE0, 0x00, 0x0E, 0x03, 0xF8, 0x1F, 0xE0, 0xFF, 0x87, 0xFC, 0x3F, 0x71, 0xF9,
    0xCF, 0xC7, 0x7E, 0x3B, 0xF0, 0xFF, 0x83, 0xFC, 0x1F, 0xE0, 0x7F, 0x03, 0xF8, 0x0E, 0x06, 0x00,
    0x0E, 0x00, 0x0E, 0x00, 0x0C, 0x00, 0x00, 0x01, 0xFC, 0x0F, 0xFC, 0x3E, 0x7C, 0x70, 0x3D, 0xC0,
    0x3B, 0x80, 0x77, 0x00, 0xEE, 0x00, 0xDC, 0x03, 0xB8, 0x07, 0x70, 0x0E, 0x70, 0x3C, 0xF9, 0xF0,
    0xFF, 0xC0, 0x7F, 0x00, 0x00, 0xC0, 0x03, 0x80, 0x0E, 0x00, 0x18, 0x00, 0x00, 0x01, 0xFC, 0x0F,
    0xFC, 0x3E, 0x7C, 0x70, 0x3D, 0xC0, 0x3B, 0x80, 0x77, 0x00, 0xEE, 0x00, 0xDC, 0x03, 0xB8, 0x07,
    0x70, 0x0E, 0x70, 0x3C, 0xF9, 0xF0, 0xFF, 0xC0, 0x7F, 0x00, 0x03, 0x00, 0x0F, 0x00, 0x3F, 0x00,
    0x66, 0x00, 0x00, 0x01, 0xFC, 0x0F, 0xFC, 0x3E, 0x7C, 0x70, 0x3D, 0xC0, 0x3B, 0x80, 0x77, 0x00,
    0xEE, 0x00, 0xDC, 0x03, 0xB8, 0x07, 0x70, 0x0E, 0x70, 0x3C, 0xF9, 0xF0, 0xFF, 0xC0, 0x7F, 0x00,
    0x0F, 0x60, 0x1F, 0xC0, 0x3F, 0x00, 0x00, 0x00, 0xFE, 0x07, 0xFE, 0x1F, 0x3E, 0x38, 0x1E, 0xE0,
    0x1D, 0xC0, 0x3B, 0x80, 0x77, 0x00, 0x6E, 0x01, 0xDC, 0x03, 0xB8, 0x07, 0x38, 0x1E, 0x7C, 0xF8,
    0x7F, 0xE0, 0x3F, 0x80, 0x0E, 0xE0, 0x1D, 0xC0, 0x00, 0x00, 0x7F, 0x03, 0xFF, 0x0F, 0x9F, 0x1C,
    0x0F, 0x70, 0x0E, 0xE0, 0x1D, 0xC0, 0x3B, 0x80, 0x37, 0x00, 0xEE, 0x01, 0xDC, 0x03, 0x9C, 0x0F,
    0x3E, 0x7C, 0x3F, 0xF0, 0x1F, 0xC0, 0x41, 0x18, 0xE7, 0xF8, 0xFC, 0x1E, 0x0F, 0xC7, 0xF9, 0x8E,
    0x41, 0x00, 0x0F, 0xFC, 0x7F, 0xF9, 0xF3, 0xE3, 0x83, 0xEE, 0x0F, 0xDC, 0x3B, 0xB8, 0x77, 0x71,
    0xC6, 0xE7, 0x0D, 0xDC, 0x3B, 0xF0, 0x73, 0xC1, 0xE7, 0xCF, 0x8F, 0xFE, 0x1B, 0xF8, 0x00, 0x0C,
    0x00, 0xE0, 0x07, 0x00, 0x30, 0x00, 0x0E, 0x07, 0xE0, 0x7E, 0x07, 0xE0, 0x7E, 0x07, 0xE0, 0x7E,
    0x07, 0xE0, 0x7E, 0x07, 0xE0, 0x7E, 0x07, 0x70, 0x77, 0x9E, 0x3F, 0xE1, 0xFC, 0x01, 0x80, 0x38,
    0x07, 0x00, 0x60, 0x00, 0x0E, 0x07, 0xE0, 0x7E, 0x07, 0xE0, 0x7E, 0x07, 0xE0, 0x7E, 0x07, 0xE0,
    0x7E, 0x07, 0xE0, 0x7E, 0x07, 0x70, 0x77, 0x9E, 0x3F, 0xE1, 0xFC, 0x06, 0x00, 0xF0, 0x1F, 0x81,
    0x98, 0x00, 0x0E, 0x07, 0xE0, 0x7E, 0x07, 0xE0, 0x7E, 0x07, 0xE0, 0x7E, 0x07, 0xE0, 0x7E, 0x07,
    0xE0, 0x7E, 0x07, 0x70, 0x77, 0x9E, 0x3F, 0xE1, 0xFC, 0x1D, 0xC1, 0xDC, 0x00, 0x0E, 0x07, 0xE0,
    0x7E, 0x07, 0xE0, 0x7E, 0x07, 0xE0, 0x7E, 0x07, 0xE0, 0x7E, 0x07, 0xE0, 0x7E, 0x07, 0x70, 0x77,
    0x9E, 0x3F, 0xE1, 0xFC, 0x01, 0x80, 0x1C, 0x01, 0xC0, 0x0C, 0x00, 0x00, 0x70, 0x1D, 0xC1, 0xCE,
    0x1C, 0x38, 0xE1, 0xCE, 0x07, 0x70, 0x3F, 0x00, 0xF8, 0x03, 0x80, 0x1C, 0x00, 0xE0, 0x07, 0x00,
    0x38, 0x01, 0xC0, 0x0E, 0x00, 0xE0, 0x0E, 0x00, 0xFF, 0x8F, 0xFC, 0xE3, 0xEE, 0x0E, 0xE0, 0xEE,
    0x0E, 0xE0, 0xEE, 0x3E, 0xFF, 0xCF, 0xF8, 0xE0, 0x0E, 0x00, 0xE0, 0x00, 0x3F, 0x07, 0xF8, 0x7B,
    0xCE, 0x1C, 0xE1, 0x8E, 0x38, 0xE7, 0x0E, 0x60, 0xEF, 0x0E, 0x7C, 0xE3, 0xEE, 0x1E, 0xE0, 0x7E,
    0xCF, 0xEF, 0xEE, 0xFC, 0x18, 0x07, 0x00, 0xE0, 0x18, 0x00, 0x0F, 0xC3, 0xF8, 0xCF, 0x01, 0xCF,
    0xF7, 0xFD, 0xE7, 0x61, 0xDC, 0x77, 0xFC, 0xFF, 0x03, 0x01, 0xC0, 0xE0, 0x30, 0x00, 0x0F, 0xC3,
    0xF8, 0xCF, 0x01, 0xCF, 0xF7, 0xFD, 0xE7, 0x61, 0xDC, 0x77, 0xFC, 0xFF, 0x04, 0x03, 0x81, 0xF0,
    0x64, 0x00, 0x0F, 0xC3, 0xF8, 0xCF, 0x01, 0xCF, 0xF7, 0xFD, 0xE7, 0x61, 0xDC, 0x77, 0xFC, 0xFF,
    0x1D, 0x8F, 0xE3, 0x70, 0x00, 0x00, 0x0F, 0xC3, 0xF8, 0xCF, 0x01, 0xCF, 0xF7, 0xFD, 0xE7, 0x61,
    0xDC, 0x77, 0xFC, 0xFF, 0x3B, 0x8E, 0xE0, 0x00, 0x00, 0x3F, 0x0F, 0xE3, 0x3C, 0x07, 0x3F, 0xDF,
    0xF7, 0x9D, 0x87, 0x71, 0xDF, 0xF3, 0xFC, 0x0E, 0x06, 0xC1, 0xB0, 0x38, 0x00, 0x0F, 0xC3, 0xF8,
    0xCF, 0x01, 0xCF, 0xF7, 0xFD, 0xE7, 0x61, 0xDC, 0x77, 0xFC, 0xFF, 0x3F, 0x3E, 0x1F, 0xFF, 0x8C,
    0xFD, 0xE0, 0x38, 0x73, 0xFF, 0xFB, 0xFF, 0xFD, 0xE7, 0x00, 0xC3, 0x80, 0x71, 0xF1, 0x3F, 0xFF,
    0x8F, 0xFF, 0xC0, 0x3F, 0x3F, 0xBE, 0x5C, 0x0E, 0x07, 0x03, 0x81, 0xC0, 0xF9, 0x3F, 0xCF, 0xE1,
    0x80, 0xE0, 0x70, 0xF8, 0x18, 0x0F, 0x01, 0xC0, 0x30, 0x00, 0x0F, 0xC7, 0xFB, 0xCF, 0xE1, 0xFF,
    0xFF, 0xFF, 0x80, 0xE0, 0x3E, 0x67, 0xF8, 0xFE, 0x06, 0x03, 0xC0, 0xE0, 0x30, 0x00, 0x0F, 0xC7,
    0xFB, 0xCF, 0xE1, 0xFF, 0xFF, 0xFF, 0x80, 0xE0, 0x3E, 0x67, 0xF8, 0xFE, 0x0C, 0x07, 0x83, 0xF0,
    0xCC, 0x00, 0x0F, 0xC7, 0xFB, 0xCF, 0xE1, 0xFF, 0xFF, 0xFF, 0x80, 0xE0, 0x3E, 0x67, 0xF8, 0xFE,
    0x33, 0x0C, 0xC0, 0x00, 0x00, 0x3F, 0x1F, 0xEF, 0x3F, 0x87, 0xFF, 0xFF, 0xFE, 0x03, 0x80, 0xF9,
    0x9F, 0xE3, 0xF8, 0xC7, 0x1C, 0x60, 0x39, 0xCE, 0x73, 0x9C, 0xE7, 0x39, 0xCE, 0x33, 0xB9, 0x80,
    0x73, 0x9C, 0xE7, 0x39, 0xCE, 0x73, 0x9C, 0x18, 0x79, 0xF3, 0x30, 0x07, 0x0E, 0x1C, 0x38, 0x70,
    0xE1, 0xC3, 0x87, 0x0E, 0x1C, 0xEF, 0xDC, 0x00, 0x03, 0x87, 0x0E, 0x1C, 0x38, 0x70, 0xE1, 0xC3,
    0x87, 0x0E, 0x00, 0x07, 0xE1, 0xFC, 0x3E, 0x07, 0xE0, 0x1C, 0x7F, 0x9F, 0xF7, 0x9E, 0xE0, 0xFC,
    0x1B, 0x03, 0x70, 0xEE, 0x1D, 0xE7, 0x9F, 0xE1, 0xF8, 0x3D, 0x8F, 0xE7, 0xF0, 0x00, 0x00, 0x3F,
    0xCF, 0xFB, 0x8F, 0xE1, 0xF8, 0x7E, 0x1F, 0x87, 0xE1, 0xF8, 0x7E, 0x1F, 0x87, 0x18, 0x03, 0x80,
    0x38, 0x03, 0x00, 0x00, 0x7E, 0x1F, 0xE7, 0xDE, 0xE1, 0xDC, 0x1F, 0x83, 0xF0, 0x7E, 0x1D, 0xE7,
    0x9F, 0xE1, 0xF8, 0x03, 0x00, 0xE0, 0x38, 0x06, 0x00, 0x00, 0x7E, 0x1F, 0xE7, 0xDE, 0xE1, 0xDC,
    0x1F, 0x83, 0xF0, 0x7E, 0x1D, 0xE7, 0x9F, 0xE1, 0xF8, 0x0C, 0x03, 0xC0, 0xFC, 0x19, 0x80, 0x00,
    0x7E, 0x1F, 0xE7, 0xDE, 0xE1, 0xDC, 0x1F, 0x83, 0xF0, 0x7E, 0x1D, 0xE7, 0x9F, 0xE1, 0xF8, 0x3D,
    0x87, 0xF0, 0xFC, 0x00, 0x00, 0x00, 0x7E, 0x1F, 0xE7, 0xDE, 0xE1, 0xDC, 0x1F, 0x83, 0xF0, 0x7E,
    0x1D, 0xE7, 0x9F, 0xE1, 0xF8, 0x3B, 0x87, 0x70, 0x00, 0x00, 0x03, 0xF0, 0xFF, 0x3E, 0xF7, 0x0E,
    0xE0, 0xFC, 0x1F, 0x83, 0xF0, 0xEF, 0x3C, 0xFF, 0x0F, 0xC0, 0x0C, 0x07, 0x80, 0xC0, 0x00, 0x00,
    0x3F, 0xFF, 0xFC, 0x00, 0x00, 0x03, 0x01, 0xE0, 0x30, 0x3F, 0xCF, 0xFB, 0xCF, 0x71, 0xEE, 0x7F,
    0x9D, 0xFF, 0x3F, 0xCE, 0x73, 0xDF, 0xF3, 0xFC, 0x00, 0x18, 0x0F, 0x01, 0xC0, 0x30, 0x00, 0x38,
    0x7E, 0x1F, 0x87, 0xE1, 0xF8, 0x7E, 0x1F, 0x87, 0xE1, 0xDC, 0x77, 0xFC, 0xFF, 0x06, 0x03, 0xC0,
    0xE0, 0x30, 0x00, 0x38, 0x7E, 0x1F, 0x87, 0xE1, 0xF8, 0x7E, 0x1F, 0x87, 0xE1, 0xDC, 0x77, 0xFC,
    0xFF, 0x0C, 0x07, 0x83, 0xF0, 0xCC, 0x00, 0x38, 0x7E, 0x1F, 0x87, 0xE1, 0xF8, 0x7E, 0x1F, 0x87,
    0xE1, 0xDC, 0x77, 0xFC, 0xFF, 0x33, 0x0C, 0xC0, 0x00, 0x00, 0xE1, 0xF8, 0x7E, 0x1F, 0x87, 0xE1,
    0xF8, 0x7E, 0x1F, 0x87, 0x71, 0xDF, 0xF3, 0xFC, 0x03, 0x00, 0xE0, 0x38, 0x06, 0x00, 0x01, 0xC1,
    0xB8, 0x73, 0x8E, 0x71, 0x8E, 0x30, 0xEE, 0x1D, 0xC1, 0xB0, 0x3E, 0x03, 0x80, 0x70, 0x0E, 0x03,
    0x83, 0xF0, 0x7C, 0x00, 0xE0, 0x1C, 0x03, 0x80, 0x70, 0x0E, 0x01, 0xFE, 0x3F, 0xE7, 0x9E, 0xE1,
    0xDC, 0x1F, 0x83, 0xF0, 0x7E, 0x1D, 0xE7, 0xBF, 0xE7, 0xF8, 0xE0, 0x1C, 0x03, 0x80, 0x70, 0x00,
    0x3B, 0x87, 0x70, 0x00, 0x00, 0x0E, 0x0D, 0xC3, 0x9C, 0x73, 0x8C, 0x71, 0x87, 0x70, 0xEE, 0x0D,
    0x81, 0xF0, 0x1C, 0x03, 0x80, 0x70, 0x1C, 0x1F, 0x83, 0xE0, 0x00, 0x0F, 0xC0, 0x3F, 0x00, 0x00,
    0x01, 0xC0, 0x07, 0x80, 0x1E, 0x00, 0xFC, 0x03, 0x70, 0x1C, 0xC0, 0x73, 0x81, 0x86, 0x0E, 0x1C,
    0x3F, 0xF1, 0xFF, 0xC7, 0x03, 0x98, 0x0E, 0xE0, 0x1F, 0x80, 0x70, 0x3F, 0x8F, 0xE0, 0x00, 0x00,
    0x3F, 0x0F, 0xE3, 0x3C, 0x07, 0x3F, 0xDF, 0xF7, 0x9D, 0x87, 0x71, 0xDF, 0xF3, 0xFC, 0x0C, 0xC0,
    0x3F, 0x00, 0x78, 0x00, 0x00, 0x07, 0x00, 0x1E, 0x00, 0x78, 0x03, 0xF0, 0x0D, 0xC0, 0x73, 0x01,
    0xCE, 0x06, 0x18, 0x38, 0x70, 0xFF, 0xC7, 0xFF, 0x1C, 0x0E, 0x60, 0x3B, 0x80, 0x7E, 0x01, 0xC0,
    0x3B, 0x87, 0xC1, 0xF0, 0x00, 0x00, 0x0F, 0xC3, 0xF8, 0xCF, 0x01, 0xCF, 0xF7, 0xFD, 0xE7, 0x61,
    0xDC, 0x77, 0xFC, 0xFF, 0x07, 0x00, 0x1E, 0x00, 0x78, 0x03, 0xF0, 0x0D, 0xC0, 0x73, 0x01, 0xCE,
    0x06, 0x18, 0x38, 0x70, 0xFF, 0xC7, 0xFF, 0x1C, 0x0E, 0x60, 0x3B, 0x80, 0x7E, 0x01, 0xC0, 0x07,
    0x00, 0x38, 0x00, 0xE0, 0x03, 0xC0, 0x3F, 0x0F, 0xE3, 0x3C, 0x07, 0x3F, 0xDF, 0xF7, 0x9D, 0x87,
    0x71, 0xDF, 0xF3, 0xFC, 0x0E, 0x07, 0x00, 0xF0, 0x01, 0x80, 0x38, 0x07, 0x00, 0x60, 0x00, 0x00,
    0xFE, 0x3F, 0xF7, 0xC6, 0x70, 0x0E, 0x00, 0xE0, 0x0E, 0x00, 0xE0, 0x0E, 0x00, 0xE0, 0x0E, 0x00,
    0x70, 0x07, 0xC6, 0x3F, 0xF0, 0xFE, 0x07, 0x07, 0x83, 0x81, 0x80, 0x01, 0xF9, 0xFD, 0xF2, 0xE0,
    0x70, 0x38, 0x1C, 0x0E, 0x07, 0xC9, 0xFE, 0x7F, 0x03, 0x00, 0x78, 0x0F, 0xC0, 0xCC, 0x00, 0x00,
    0xFE, 0x3F, 0xF7, 0xC6, 0x70, 0x0E, 0x00, 0xE0, 0x0E, 0x00, 0xE0, 0x0E, 0x00, 0xE0, 0x0E, 0x00,
    0x70, 0x07, 0xC6, 0x3F, 0xF0, 0xFE, 0x0C, 0x0F, 0x0F, 0xC6, 0x60, 0x01, 0xF9, 0xFD, 0xF2, 0xE0,
    0x70, 0x38, 0x1C, 0x0E, 0x07, 0xC9, 0xFE, 0x7F, 0x07, 0x00, 0x70, 0x07, 0x00, 0x00, 0x0F, 0xE3,
    0xFF, 0x7C, 0x67, 0x00, 0xE0, 0x0E, 0x00, 0xE0, 0x0E, 0x00, 0xE0, 0x0E, 0x00, 0xE0, 0x07, 0x00,
    0x7C, 0x63, 0xFF, 0x0F, 0xE0, 0x0C, 0x0F, 0x03, 0x00, 0x00, 0x01, 0xF9, 0xFD, 0xF2, 0xE0, 0x70,
    0x38, 0x1C, 0x0E, 0x07, 0xC9, 0xFE, 0x7F, 0x0C, 0xC0, 0xFC, 0x07, 0x80, 0x30, 0x00, 0x00, 0xFE,
    0x3F, 0xF7, 0xC6, 0x70, 0x0E, 0x00, 0xE0, 0x0E, 0x00, 0xE0, 0x0E, 0x00, 0xE0, 0x0E, 0x00, 0x70,
    0x07, 0xC6, 0x3F, 0xF0, 0xFE, 0x33, 0x1F, 0x87, 0x81, 0x80, 0x01, 0xF9, 0xFD, 0xF2, 0xE0, 0x70,
    0x38, 0x1C, 0x0E, 0x07, 0xC9, 0xFE, 0x7F, 0x19, 0x80, 0xFC, 0x03, 0xC0, 0x0C, 0x00, 0x00, 0x3F,
    0xC3, 0xFF, 0x9C, 0x7E, 0xE0, 0x77, 0x03, 0xF8, 0x0F, 0xC0, 0x7E, 0x03, 0xF0, 0x1F, 0x80, 0xFC,
    0x07, 0xE0, 0x77, 0x1F, 0xBF, 0xF8, 0xFF, 0x00, 0x01, 0xD8, 0x07, 0x60, 0x1D, 0x80, 0x76, 0x01,
    0xD8, 0xFF, 0x07, 0xFC, 0x3C, 0xF0, 0xE1, 0xC3, 0x87, 0x0E, 0x1C, 0x38, 0x70, 0xE1, 0xC3, 0xE7,
    0x07, 0xFC, 0x0F, 0xF0, 0x3F, 0xC0, 0x7F, 0xE0, 0xE3, 0xE1, 0x81, 0xC3, 0x01, 0xC6, 0x03, 0xBF,
    0x87, 0x7F, 0x0E, 0x30, 0x1C, 0x60, 0x38, 0xC0, 0x71, 0x81, 0xC3, 0x8F, 0x87, 0xFE, 0x0F, 0xF0,
    0x00, 0x01, 0xC0, 0xFF, 0x0F, 0xF0, 0x1C, 0x01, 0xC3, 0xFC, 0x7F, 0xCF, 0x3C, 0xE1, 0xCE, 0x1C,
    0xE1, 0xCE, 0x1C, 0xE1, 0xCF, 0x9C, 0x7F, 0xC3, 0xFC, 0x3F, 0x87, 0xF0, 0x00, 0x7F, 0xEF, 0xFD,
    0xC0, 0x38, 0x07, 0x00, 0xE0, 0x1F, 0xF3, 0xFE, 0x70, 0x0E, 0x01, 0xC0, 0x38, 0x07, 0x00, 0xFF,
    0xFF, 0xFC, 0x7F, 0x1F, 0xC0, 0x00, 0x00, 0x3F, 0x1F, 0xEF, 0x3F, 0x87, 0xFF, 0xFF, 0xFE, 0x03,
    0x80, 0xF9, 0x9F, 0xE3, 0xF8, 0x33, 0x07, 0xE0, 0x78, 0x00, 0x0F, 0xFD, 0xFF, 0xB8, 0x07, 0x00,
    0xE0, 0x1C, 0x03, 0xFE, 0x7F, 0xCE, 0x01, 0xC0, 0x38, 0x07, 0x00, 0xE0, 0x1F, 0xFF, 0xFF, 0x80,
    0x33, 0x0F, 0xC1, 0xE0, 0x00, 0x00, 0x0F, 0xC7, 0xFB, 0xCF, 0xE1, 0xFF, 0xFF, 0xFF, 0x80, 0xE0,
    0x3E, 0x67, 0xF8, 0xFE, 0x0E, 0x01, 0xC0, 0x38, 0x00, 0x0F, 0xFD, 0xFF, 0xB8, 0x07, 0x00, 0xE0,
    0x1C, 0x03, 0xFE, 0x7F, 0xCE, 0x01, 0xC0, 0x38, 0x07, 0x00, 0xE0, 0x1F, 0xFF, 0xFF, 0x80, 0x0C,
    0x07, 0x80, 0xC0, 0x00, 0x00, 0x0F, 0xC7, 0xFB, 0xCF, 0xE1, 0xFF, 0xFF, 0xFF, 0x80, 0xE0, 0x3E,
    0x67, 0xF8, 0xFE, 0xFF, 0xDF, 0xFB, 0x80, 0x70, 0x0E, 0x01, 0xC0, 0x3F, 0xE7, 0xFC, 0xE0, 0x1C,
    0x03, 0x80, 0x70, 0x0E, 0x01, 0xFF, 0xFF, 0xF8, 0x0E, 0x03, 0x80, 0x70, 0x07, 0x80, 0x3F, 0x1F,
    0xEF, 0x3F, 0x87, 0xFF, 0xFF, 0xFE, 0x03, 0x80, 0xF9, 0x9F, 0xE3, 0xF8, 0x1C, 0x06, 0x01, 0xE0,
    0x33, 0x07, 0xE0, 0x78, 0x06, 0x00, 0x01, 0xFF, 0xBF, 0xF7, 0x00, 0xE0, 0x1C, 0x03, 0x80, 0x7F,
    0xCF, 0xF9, 0xC0, 0x38, 0x07, 0x00, 0xE0, 0x1C, 0x03, 0xFF, 0xFF, 0xF0, 0x33, 0x0F, 0xC1, 0xE0,
    0x30, 0x00, 0x00, 0x03, 0xF1, 0xFE, 0xF3, 0xF8, 0x7F, 0xFF, 0xFF, 0xE0, 0x38, 0x0F, 0x99, 0xFE,
    0x3F, 0x80, 0x03, 0x00, 0x78, 0x0F, 0xC0, 0xCC, 0x00, 0x00, 0xFE, 0x3F, 0xF7, 0xC7, 0x70, 0x0E,
    0x00, 0xE0, 0x0E, 0x00, 0xE0, 0x0E, 0x07, 0xE0, 0x7E, 0x07, 0x70, 0x77, 0xC7, 0x3F, 0xF0, 0xFF,
    0x0C, 0x07, 0x81, 0xF0, 0xCC, 0x00, 0x0F, 0xF7, 0xFF, 0xE7, 0xE1, 0xF8, 0x7E, 0x1F, 0x87, 0xE1,
    0xFC, 0xF7, 0xFC, 0xFF, 0x01, 0xD8, 0xEF, 0xFB, 0xFC, 0x0C, 0xC0, 0xFC, 0x07, 0x80, 0x00, 0x0F,
    0xE3, 0xFF, 0x7C, 0x77, 0x00, 0xE0, 0x0E, 0x00, 0xE0, 0x0E, 0x00, 0xE0, 0x7E, 0x07, 0xE0, 0x77,
    0x07, 0x7C, 0x73, 0xFF, 0x0F, 0xF0, 0x3B, 0x07, 0xC1, 0xF0, 0x00, 0x00, 0x0F, 0xF7, 0xFF, 0xE7,
    0xE1, 0xF8, 0x7E, 0x1F, 0x87, 0xE1, 0xFC, 0xF7, 0xFC, 0xFF, 0x01, 0xD8, 0xEF, 0xFB, 0xFC, 0x03,
    0x00, 0x70, 0x03, 0x00, 0x00, 0x0F, 0xE3, 0xFF, 0x7C, 0x77, 0x00, 0xE0, 0x0E, 0x00, 0xE0, 0x0E,
    0x00, 0xE0, 0x7E, 0x07, 0xE0, 0x77, 0x07, 0x7C, 0x73, 0xFF, 0x0F, 0xF0, 0x0E, 0x03, 0x80, 0xE0,
    0x00, 0x00, 0x0F, 0xF7, 0xFF, 0xE7, 0xE1, 0xF8, 0x7E, 0x1F, 0x87, 0xE1, 0xFC, 0xF7, 0xFC, 0xFF,
    0x01, 0xD8, 0xEF, 0xFB, 0xFC, 0x0F, 0xE3, 0xFF, 0x7C, 0x77, 0x00, 0xE0, 0x0E, 0x00, 0xE0, 0x0E,
    0x00, 0xE0, 0x7E, 0x07, 0xE0, 0x77, 0x07, 0x7C, 0x73, 0xFF, 0x0F, 0xF0, 0x00, 0x07, 0x00, 0xF0,
    0x0F, 0x00, 0x07, 0x03, 0x80, 0xE0, 0x38, 0x00, 0x00, 0x03, 0xFD, 0xFF, 0xF9, 0xF8, 0x7E, 0x1F,
    0x87, 0xE1, 0xF8, 0x7F, 0x3D, 0xFF, 0x3F, 0xC0, 0x76, 0x3B, 0xFE, 0xFF, 0x00, 0x06, 0x00, 0x70,
    0x0F, 0x81, 0x98, 0x00, 0x0E, 0x03, 0xE0, 0x3E, 0x03, 0xE0, 0x3E, 0x03, 0xE0, 0x3F, 0xFF, 0xFF,
    0xFE, 0x03, 0xE0, 0x3E, 0x03, 0xE0, 0x3E, 0x03, 0xE0, 0x3E, 0x03, 0x30, 0x3E, 0x0D, 0x80, 0x00,
    0xE0, 0x38, 0x0E, 0x03, 0x80, 0xE0, 0x3F, 0xCF, 0xFB, 0xCF, 0xE1, 0xF8, 0x7E, 0x1F, 0x87, 0xE1,
    0xF8, 0x7E, 0x1F, 0x87, 0x30, 0x1D, 0xFF, 0xFF, 0xFF, 0xF9, 0x80, 0xE3, 0x01, 0xC6, 0x03, 0x8F,
    0xFF, 0x1F, 0xFE, 0x30, 0x1C, 0x60, 0x38, 0xC0, 0x71, 0x80, 0xE3, 0x01, 0xC6, 0x03, 0x8C, 0x07,
    0x00, 0x70, 0x1F, 0xE3, 0xFC, 0x38, 0x07, 0x00, 0xFF, 0x1F, 0xF3, 0xCF, 0x70, 0xEE, 0x1D, 0xC3,
    0xB8, 0x77, 0x0E, 0xE1, 0xDC, 0x3B, 0x87, 0x7E, 0xFE, 0xDE, 0x00, 0x38, 0x38, 0x38, 0x38, 0x38,
    0x38, 0x38, 0x38, 0x38, 0x38, 0x38, 0x38, 0x38, 0x38, 0x38, 0x7E, 0xFE, 0xDC, 0x00, 0x00, 0x38,
    0x38, 0x38, 0x38, 0x38, 0x38, 0x38, 0x38, 0x38, 0x38, 0x38, 0xFF, 0xFC, 0x01, 0xC3, 0x87, 0x0E,
    0x1C, 0x38, 0x70, 0xE1, 0xC3, 0x87, 0x0E, 0x1C, 0x38, 0x70, 0xFF, 0xFC, 0x00, 0x03, 0x87, 0x0E,
    0x1C, 0x38, 0x70, 0xE1, 0xC3, 0x87, 0x0E, 0x00, 0xCF, 0xF7, 0x80, 0x71, 0xC7, 0x1C, 0x71, 0xC7,
    0x1C, 0x71, 0xC7, 0x1C, 0x71, 0xC7, 0x00, 0x6E, 0xFD, 0xF0, 0x00, 0x07, 0x0E, 0x1C, 0x38, 0x70,
    0xE1, 0xC3, 0x87, 0x0E, 0x1C, 0x73, 0x9C, 0xE7, 0x39, 0xCE, 0x73, 0x9C, 0xE7, 0x39, 0xCE, 0xE7,
    0x3C, 0x77, 0x00, 0x07, 0x77, 0x77, 0x77, 0x77, 0x77, 0x7E, 0xEF, 0xEE, 0xE0, 0xEE, 0xEE, 0xEE,
    0xEE, 0xEE, 0xEE, 0xEE, 0xE0, 0xFF, 0xFF, 0xFF, 0xFF, 0x80, 0xE0, 0x1F, 0x80, 0x7E, 0x01, 0xF8,
    0x07, 0xE0, 0x1F, 0x80, 0x7E, 0x01, 0xF8, 0x07, 0xE0, 0x1F, 0x80, 0x7E, 0x01, 0xF8, 0x07, 0xE7,
    0x7B, 0x9F, 0xEE, 0x7F, 0x00, 0xE3, 0x71, 0xC0, 0x00, 0x00, 0x07, 0x1B, 0x8D, 0xC6, 0xE3, 0x71,
    0xB8, 0xDC, 0x6E, 0x37, 0x1B, 0x8D, 0xC6, 0x03, 0x03, 0x87, 0xC3, 0xC0, 0x01, 0x80, 0x78, 0x1F,
    0x83, 0x30, 0x00, 0x07, 0x00, 0xE0, 0x1C, 0x03, 0x80, 0x70, 0x0E, 0x01, 0xC0, 0x38, 0x07, 0x00,
    0xE0, 0x1C, 0x03, 0x9C, 0xF3, 0xFC, 0x3F, 0x00, 0x0C, 0x1E, 0x3E, 0x33, 0x00, 0x1C, 0x1C, 0x1C,
    0x1C, 0x1C, 0x1C, 0x1C, 0x1C, 0x1C, 0x1C, 0x1C, 0x1C, 0x3C, 0xF8, 0xF8, 0xE0, 0xF7, 0x07, 0x38,
    0x71, 0xC7, 0x0E, 0x70, 0x77, 0x03, 0xF0, 0x1F, 0x80, 0xFE, 0x07, 0x78, 0x39, 0xE1, 0xC7, 0x8E,
    0x1E, 0x70, 0x7B, 0x81, 0xC0, 0x00, 0x06, 0x00, 0xF0, 0x07, 0x80, 0xE0, 0x38, 0x0E, 0x03, 0x80,
    0xE0, 0x38, 0xEE, 0x73, 0xBC, 0xEE, 0x3F, 0x0F, 0x83, 0xF0, 0xEE, 0x39, 0xCE, 0x3B, 0x87, 0x00,
    0x07, 0x03, 0xC0, 0xE0, 0xE3, 0xF9, 0xEE, 0x73, 0xB8, 0xFC, 0x3E, 0x0F, 0xE3, 0xBC, 0xE7, 0xB8,
    0xEE, 0x1C, 0x18, 0x0E, 0x07, 0x01, 0x80, 0x00, 0x38, 0x0E, 0x03, 0x80, 0xE0, 0x38, 0x0E, 0x03,
    0x80, 0xE0, 0x38, 0x0E, 0x03, 0x80, 0xE0, 0x38, 0x0F, 0xFF, 0xFF, 0x37, 0xBC, 0x0E, 0x73, 0x9C,
    0xE7, 0x39, 0xCE, 0x73, 0x9C, 0xE7, 0x9E, 0xE0, 0xE0, 0x38, 0x0E, 0x03, 0x80, 0xE0, 0x38, 0x0E,
    0x03, 0x80, 0xE0, 0x38, 0x0E, 0x03, 0x80, 0xE0, 0x3F, 0xFF, 0xFC, 0x00, 0x0E, 0x07, 0x01, 0xC0,
    0x71, 0xC7, 0x1C, 0x71, 0xC7, 0x1C, 0x71, 0xC7, 0x1C, 0x71, 0xE3, 0xCE, 0x00, 0xCF, 0x3C, 0xEE,
    0x3B, 0x8E, 0xE3, 0xB8, 0xEC, 0x38, 0x0E, 0x03, 0x80, 0xE0, 0x38, 0x0E, 0x03, 0x80, 0xE0, 0x3F,
    0xFF, 0xFC, 0xEF, 0xBE, 0xFB, 0xEF, 0x8E, 0x38, 0xE3, 0x8E, 0x38, 0xE3, 0xC7, 0x9C, 0xE0, 0x38,
    0x0E, 0x03, 0x80, 0xE0, 0x38, 0x0E, 0x3B, 0x8E, 0xE3, 0xB8, 0x0E, 0x03, 0x80, 0xE0, 0x3F, 0xFF,
    0xFC, 0xE1, 0xC3, 0x87, 0x0E, 0x1C, 0x38, 0x77, 0xEF, 0xDF, 0x87, 0x0E, 0x1E, 0x1E, 0x38, 0x1C,
    0x01, 0xC0, 0x1C, 0x01, 0xC0, 0x1D, 0x01, 0xF0, 0x1F, 0x03, 0xC0, 0x7C, 0x07, 0xC0, 0x1C, 0x01,
    0xC0, 0x1C, 0x01, 0xFF, 0x1F, 0xF0, 0x30, 0x60, 0xC1, 0x83, 0x06, 0x8F, 0x3C, 0xF1, 0xE0, 0xC1,
    0x83, 0x07, 0x0F, 0x1E, 0x01, 0x80, 0x1C, 0x01, 0xC0, 0x0C, 0x00, 0x00, 0x70, 0x1F, 0xC0, 0xFF,
    0x07, 0xFC, 0x3F, 0xE1, 0xFB, 0x8F, 0xCE, 0x7E, 0x3B, 0xF1, 0xDF, 0x87, 0xFC, 0x1F, 0xE0, 0xFF,
    0x03, 0xF8, 0x1F, 0xC0, 0x70, 0x07, 0x01, 0xC0, 0xE0, 0x30, 0x00, 0x3F, 0xCF, 0xFB, 0x8F, 0xE1,
    0xF8, 0x7E, 0x1F, 0x87, 0xE1, 0xF8, 0x7E, 0x1F, 0x87, 0xE0, 0x3F, 0x81, 0xFE, 0x0F, 0xF8, 0x7F,
    0xC3, 0xF7, 0x1F, 0x9C, 0xFC, 0x77, 0xE3, 0xBF, 0x0F, 0xF8, 0x3F, 0xC1, 0xFE, 0x07, 0xF0, 0x3F,
    0x80, 0xE0, 0x00, 0x07, 0x00, 0x78, 0x03, 0x80, 0xFF, 0x3F, 0xEE, 0x3F, 0x87, 0xE1, 0xF8, 0x7E,
    0x1F, 0x87, 0xE1, 0xF8, 0x7E, 0x1C, 0x00, 0x0C, 0x0F, 0x01, 0xC0, 0x0C, 0xC0, 0x7C, 0x01, 0xE0,
    0x06, 0x00, 0x00, 0x70, 0x1F, 0xC0, 0xFF, 0x07, 0xFC, 0x3F, 0xE1, 0xFB, 0x8F, 0xCE, 0x7E, 0x3B,
    0xF1, 0xDF, 0x87, 0xFC, 0x1F, 0xE0, 0xFF, 0x03, 0xF8, 0x1F, 0xC0, 0x70, 0x33, 0x0F, 0xC1, 0xE0,
    0x30, 0x00, 0x3F, 0xCF, 0xFB, 0x8F, 0xE1, 0xF8, 0x7E, 0x1F, 0x87, 0xE1, 0xF8, 0x7E, 0x1F, 0x87,
    0x60, 0x1C, 0x03, 0x80, 0x60, 0x00, 0x00, 0xFF, 0x1F, 0xF3, 0x8F, 0x70, 0xEE, 0x1D, 0xC3, 0xB8,
    0x77, 0x0E, 0xE1, 0xDC, 0x3B, 0x87, 0xE0, 0x3F, 0x81, 0xFE, 0x0F, 0xF8, 0x7F, 0xC3, 0xF7, 0x1F,
    0x9C, 0xFC, 0x77, 0xE3, 0xBF, 0x0F, 0xF8, 0x3F, 0xC1, 0xFE, 0x07, 0xF0, 0x1F, 0x80, 0xE0, 0x07,
    0x00, 0x38, 0x07, 0x80, 0x3C, 0xFF, 0x3F, 0xEE, 0x3F, 0x87, 0xE1, 0xF8, 0x7E, 0x1F, 0x87, 0xE1,
    0xF8, 0x7E, 0x1C, 0x07, 0x01, 0xC1, 0xE0, 0x78, 0x0F, 0xE0, 0x1F, 0xC0, 0x00, 0x00, 0x7F, 0x03,
    0xFF, 0x0F, 0x9F, 0x1C, 0x0F, 0x70, 0x0E, 0xE0, 0x1D, 0xC0, 0x3B, 0x80, 0x37, 0x00, 0xEE, 0x01,
    0xDC, 0x03, 0x9C, 0x0F, 0x3E, 0x7C, 0x3F, 0xF0, 0x1F, 0xC0, 0x3F, 0x87, 0xF0, 0x00, 0x00, 0x03,
    0xF0, 0xFF, 0x3E, 0xF7, 0x0E, 0xE0, 0xFC, 0x1F, 0x83, 0xF0, 0xEF, 0x3C, 0xFF, 0x0F, 0xC0, 0x0C,
    0xC0, 0x1F, 0x80, 0x1E, 0x00, 0x00, 0x00, 0xFE, 0x07, 0xFE, 0x1F, 0x3E, 0x38, 0x1E, 0xE0, 0x1D,
    0xC0, 0x3B, 0x80, 0x77, 0x00, 0x6E, 0x01, 0xDC, 0x03, 0xB8, 0x07, 0x38, 0x1E, 0x7C, 0xF8, 0x7F,
    0xE0, 0x3F, 0x80, 0x3B, 0x07, 0xE0, 0x78, 0x00, 0x00, 0x00, 0x7E, 0x1F, 0xE7, 0xDE, 0xE1, 0xDC,
    0x1F, 0x83, 0xF0, 0x7E, 0x1D, 0xE7, 0x9F, 0xE1, 0xF8, 0x03, 0x30, 0x0E, 0xE0, 0x3B, 0x80, 0x26,
    0x00, 0x00, 0x01, 0xFC, 0x0F, 0xFC, 0x3E, 0x7C, 0x70, 0x3D, 0xC0, 0x3B, 0x80, 0x77, 0x00, 0xEE,
    0x00, 0xDC, 0x03, 0xB8, 0x07, 0x70, 0x0E, 0x70, 0x3C, 0xF9, 0xF0, 0xFF, 0xC0, 0x7F, 0x00, 0x0C,
    0xC3, 0xB8, 0xEE, 0x09, 0x80, 0x00, 0x7E, 0x1F, 0xE7, 0xDE, 0xE1, 0xDC, 0x1F, 0x83, 0xF0, 0x7E,
    0x1D, 0xE7, 0x9F, 0xE1, 0xF8, 0x0F, 0xFF, 0xE3, 0xFF, 0xFE, 0x7E, 0x30, 0x07, 0x03, 0x00, 0xF0,
    0x30, 0x0E, 0x03, 0x00, 0xE0, 0x3F, 0xCE, 0x03, 0xFC, 0xE0, 0x30, 0x0E, 0x03, 0x00, 0xF0, 0x30,
    0x07, 0x03, 0x00, 0x7E, 0x30, 0x03, 0xFF, 0xFE, 0x0F, 0xFF, 0xE0, 0x3F, 0x3F, 0x1F, 0xFF, 0xEF,
    0xBF, 0x3F, 0x87, 0x87, 0xE0, 0xFF, 0xF8, 0x3F, 0xFE, 0x0E, 0x03, 0x87, 0x80, 0xF3, 0xF9, 0x9F,
    0xFF, 0xE3, 0xF1, 0xF8, 0x03, 0x00, 0x70, 0x0E, 0x00, 0xC0, 0x00, 0x07, 0xF8, 0xFF, 0xCE, 0x3E,
    0xE0, 0xEE, 0x0E, 0xE0, 0xEE, 0x3E, 0xFF, 0xCF, 0xF8, 0xE3, 0x8E, 0x3C, 0xE1, 0xCE, 0x0E, 0xE0,
    0xEE, 0x07, 0x0C, 0x38, 0xE1, 0x80, 0x0F, 0xFF, 0xF1, 0xE1, 0xC3, 0x87, 0x0E, 0x1C, 0x38, 0x70,
    0x7F, 0x8F, 0xFC, 0xE3, 0xEE, 0x0E, 0xE0, 0xEE, 0x0E, 0xE3, 0xEF, 0xFC, 0xFF, 0x8E, 0x38, 0xE3,
    0xCE, 0x1C, 0xE0, 0xEE, 0x0E, 0xE0, 0x70, 0x00, 0x0E, 0x01, 0xE0, 0x1E, 0x00, 0x3F, 0x7F, 0x71,
    0x70, 0x70, 0x70, 0x70, 0x70, 0x70, 0x70, 0x70, 0x00, 0x70, 0xF0, 0xE0, 0x33, 0x03, 0xF0, 0x1E,
    0x00, 0xC0, 0x00, 0x07, 0xF8, 0xFF, 0xCE, 0x3E, 0xE0, 0xEE, 0x0E, 0xE0, 0xEE, 0x3E, 0xFF, 0xCF,
    0xF8, 0xE3, 0x8E, 0x3C, 0xE1, 0xCE, 0x0E, 0xE0, 0xEE, 0x07, 0x66, 0xFC, 0xF0, 0xC0, 0x0F, 0xFF,
    0xF1, 0xE1, 0xC3, 0x87, 0x0E, 0x1C, 0x38, 0x70, 0x03, 0x00, 0xE0, 0x38, 0x06, 0x00, 0x00, 0x3F,
    0x9F, 0xF3, 0xCE, 0x70, 0x0E, 0x01, 0xC0, 0x3F, 0x01, 0xF8, 0x0F, 0x80, 0x78, 0x07, 0x00, 0xEE,
    0x7F, 0xFF, 0x3F, 0xC0, 0x06, 0x07, 0x07, 0x03, 0x00, 0x01, 0xF9, 0xFC, 0xE6, 0x70, 0x3E, 0x0F,
    0xC1, 0xF0, 0x3A, 0x3D, 0xFE, 0xFE, 0x06, 0x01, 0xE0, 0x7E, 0x0C, 0xC0, 0x00, 0x3F, 0x9F, 0xF3,
    0xCE, 0x70, 0x0E, 0x01, 0xC0, 0x3F, 0x01, 0xF8, 0x0F, 0x80, 0x78, 0x07, 0x00, 0xEE, 0x7F, 0xFF,
    0x3F, 0xC0, 0x0C, 0x0F, 0x0F, 0xC6, 0x60, 0x01, 0xF9, 0xFC, 0xE6, 0x70, 0x3E, 0x0F, 0xC1, 0xF0,
    0x3A, 0x3D, 0xFE, 0xFE, 0x1F, 0xCF, 0xF9, 0xE7, 0x38, 0x07, 0x00, 0xE0, 0x1F, 0x80, 0xFC, 0x07,
    0xC0, 0x3C, 0x03, 0x80, 0x77, 0x3F, 0xFF, 0x9F, 0xE0, 0x70, 0x06, 0x03, 0xC0, 0x3F, 0x3F, 0x9C,
    0xCE, 0x07, 0xC1, 0xF8, 0x3E, 0x07, 0x47, 0xBF, 0x9F, 0xC3, 0x80, 0xC1, 0xE0, 0x19, 0x83, 0xF0,
    0x3C, 0x03, 0x00, 0x00, 0x3F, 0x9F, 0xF3, 0xCE, 0x70, 0x0E, 0x01, 0xC0, 0x3F, 0x01, 0xF8, 0x0F,
    0x80, 0x78, 0x07, 0x00, 0xEE, 0x7F, 0xFF, 0x3F, 0xC0, 0x33, 0x1F, 0x07, 0x81, 0x80, 0x01, 0xF9,
    0xFC, 0xE6, 0x70, 0x3E, 0x0F, 0xC1, 0xF0, 0x3A, 0x3D, 0xFE, 0xFE, 0xFF, 0xFF, 0xFF, 0x06, 0x00,
    0x60, 0x06, 0x00, 0x60, 0x06, 0x00, 0x60, 0x06, 0x00, 0x60, 0x06, 0x00, 0x60, 0x06, 0x00, 0x60,
    0x06, 0x00, 0xE0, 0x07, 0x01, 0xE0, 0xE0, 0xE0, 0xE0, 0xFE, 0xFE, 0xE0, 0xE0, 0xE0, 0xE0, 0xE0,
    0xE0, 0xF2, 0x7E, 0x7E, 0x18, 0x1C, 0x3C, 0x19, 0x81, 0xF8, 0x0F, 0x00, 0x60, 0x00, 0x0F, 0xFF,
    0xFF, 0xF0, 0x60, 0x06, 0x00, 0x60, 0x06, 0x00, 0x60, 0x06, 0x00, 0x60, 0x06, 0x00, 0x60, 0x06,
    0x00, 0x60, 0x06, 0x00, 0x60, 0x0C, 0x0C, 0xEC, 0xEC, 0xE0, 0xFE, 0xFE, 0xE0, 0xE0, 0xE0, 0xE0,
    0xE0, 0xE0, 0xF2, 0x7E, 0x7E, 0xFF, 0xFF, 0xFF, 0x06, 0x00, 0x60, 0x06, 0x00, 0x60, 0x06, 0x03,
    0xFC, 0x3F, 0xC0, 0x60, 0x06, 0x00, 0x60, 0x06, 0x00, 0x60, 0x06, 0x00, 0xE0, 0xE0, 0xE0, 0xFE,
    0xFE, 0xE0, 0xE0, 0xE0, 0xFE, 0xFE, 0xE0, 0xF2, 0x7E, 0x7E, 0x1E, 0xC1, 0xFC, 0x1F, 0x80, 0x00,
    0xE0, 0x7E, 0x07, 0xE0, 0x7E, 0x07, 0xE0, 0x7E, 0x07, 0xE0, 0x7E, 0x07, 0xE0, 0x7E, 0x07, 0xE0,
    0x77, 0x07, 0x79, 0xE3, 0xFE, 0x1F, 0xC0, 0x3D, 0x8F, 0xC6, 0xF0, 0x00, 0x00, 0x38, 0x7E, 0x1F,
    0x87, 0xE1, 0xF8, 0x7E, 0x1F, 0x87, 0xE1, 0xDC, 0x77, 0xFC, 0xFF, 0x1F, 0xC1, 0xFC, 0x00, 0x0E,
    0x07, 0xE0, 0x7E, 0x07, 0xE0, 0x7E, 0x07, 0xE0, 0x7E, 0x07, 0xE0, 0x7E, 0x07, 0xE0, 0x7E, 0x07,
    0x70, 0x77, 0x9E, 0x3F, 0xE1, 0xFC, 0x3F, 0x0F, 0xC0, 0x00, 0x00, 0xE1, 0xF8, 0x7E, 0x1F, 0x87,
    0xE1, 0xF8, 0x7E, 0x1F, 0x87, 0x71, 0xDF, 0xF3, 0xFC, 0x1D, 0x81, 0xF8, 0x0F, 0x00, 0x00, 0xE0,
    0x7E, 0x07, 0xE0, 0x7E, 0x07, 0xE0, 0x7E, 0x07, 0xE0, 0x7E, 0x07, 0xE0, 0x7E, 0x07, 0xE0, 0x77,
    0x07, 0x79, 0xE3, 0xFE, 0x1F, 0xC0, 0x33, 0x0F, 0xC1, 0xE0, 0x00, 0x00, 0x38, 0x7E, 0x1F, 0x87,
    0xE1, 0xF8, 0x7E, 0x1F, 0x87, 0xE1, 0xDC, 0x77, 0xFC, 0xFF, 0x0F, 0x00, 0xD8, 0x0D, 0x80, 0xF0,
    0xE0, 0x7E, 0x07, 0xE0, 0x7E, 0x07, 0xE0, 0x7E, 0x07, 0xE0, 0x7E, 0x07, 0xE0, 0x7E, 0x07, 0xE0,
    0x77, 0x07, 0x79, 0xE3, 0xFE, 0x1F, 0xC0, 0x1E, 0x07, 0x81, 0xE0, 0x78, 0x00, 0x38, 0x7E, 0x1F,
    0x87, 0xE1, 0xF8, 0x7E, 0x1F, 0x87, 0xE1, 0xDC, 0x77, 0xFC, 0xFF, 0x06, 0x60, 0xEE, 0x0D, 0xC0,
    0x98, 0x00, 0x0E, 0x07, 0xE0, 0x7E, 0x07, 0xE0, 0x7E, 0x07, 0xE0, 0x7E, 0x07, 0xE0, 0x7E, 0x07,
    0xE0, 0x7E, 0x07, 0x70, 0x77, 0x9E, 0x3F, 0xE1, 0xFC, 0x0D, 0x87, 0x63, 0xB8, 0xCC, 0x00, 0x38,
    0x7E, 0x1F, 0x87, 0xE1, 0xF8, 0x7E, 0x1F, 0x87, 0xE1, 0xDC, 0x77, 0xFC, 0xFF, 0xE0, 0x7E, 0x07,
    0xE0, 0x7E, 0x07, 0xE0, 0x7E, 0x07, 0xE0, 0x7E, 0x07, 0xE0, 0x7E, 0x07, 0xE0, 0x77, 0x07, 0x79,
    0xE3, 0xFE, 0x1F, 0x80, 0x70, 0x07, 0x00, 0x78, 0xE1, 0xF8, 0x7E, 0x1F, 0x87, 0xE1, 0xF8, 0x7E,
    0x1F, 0x87, 0x71, 0xDF, 0xF3, 0xFC, 0x0E, 0x07, 0x00, 0xF0, 0x00, 0x60, 0x00, 0x1E, 0x00, 0x07,
    0xE0, 0x00, 0xCC, 0x00, 0x00, 0x01, 0xC0, 0x01, 0xF8, 0x00, 0x3B, 0x87, 0x07, 0x70, 0xF0, 0xEE,
    0x1E, 0x19, 0xC7, 0xC7, 0x38, 0xFC, 0xE3, 0x9B, 0x9C, 0x77, 0x33, 0x8E, 0xE7, 0x61, 0xD8, 0xFC,
    0x1F, 0x0F, 0x83, 0xE1, 0xF0, 0x78, 0x3C, 0x07, 0x03, 0x80, 0x01, 0x80, 0x03, 0xC0, 0x07, 0xE0,
    0x06, 0x60, 0x00, 0x00, 0xE1, 0xC7, 0xE1, 0xC7, 0x63, 0xC7, 0x73, 0xC6, 0x73, 0xEE, 0x33, 0xEE,
    0x3F, 0x6C, 0x3E, 0x7C, 0x1E, 0x7C, 0x1E, 0x38, 0x1C, 0x38, 0x06, 0x00, 0x78, 0x07, 0xE0, 0x33,
    0x00, 0x00, 0x70, 0x1D, 0xC1, 0xCE, 0x1C, 0x38, 0xE1, 0xCE, 0x07, 0x70, 0x3F, 0x00, 0xF8, 0x03,
    0x80, 0x1C, 0x00, 0xE0, 0x07, 0x00, 0x38, 0x01, 0xC0, 0x0E, 0x00, 0x04, 0x01, 0xC0, 0x7C, 0x08,
    0x80, 0x01, 0xC1, 0xB8, 0x73, 0x8E, 0x71, 0x8E, 0x30, 0xEE, 0x1D, 0xC1, 0xB0, 0x3E, 0x03, 0x80,
    0x70, 0x0E, 0x03, 0x83, 0xF0, 0x7C, 0x00, 0x1D, 0xC0, 0xEE, 0x00, 0x01, 0xC0, 0x77, 0x07, 0x38,
    0x70, 0xE3, 0x87, 0x38, 0x1D, 0xC0, 0xFC, 0x03, 0xE0, 0x0E, 0x00, 0x70, 0x03, 0x80, 0x1C, 0x00,
    0xE0, 0x07, 0x00, 0x38, 0x00, 0x03, 0x80, 0x38, 0x07, 0x00, 0x60, 0x00, 0x07, 0xFE, 0x7F, 0xE0,
    0x0E, 0x01, 0xC0, 0x38, 0x07, 0x80, 0x70, 0x0E, 0x01, 0xC0, 0x1C, 0x03, 0x80, 0x70, 0x07, 0x00,
    0xFF, 0xFF, 0xFF, 0x06, 0x03, 0x81, 0xC0, 0x60, 0x00, 0x1F, 0xE7, 0xF8, 0x0E, 0x07, 0x03, 0x81,
    0xC0, 0xE0, 0x78, 0x1C, 0x0F, 0xFB, 0xFE, 0x06, 0x00, 0x70, 0x06, 0x00, 0x00, 0x7F, 0xE7, 0xFE,
    0x00, 0xE0, 0x1C, 0x03, 0x80, 0x78, 0x07, 0x00, 0xE0, 0x1C, 0x01, 0xC0, 0x38, 0x07, 0x00, 0x70,
    0x0F, 0xFF, 0xFF, 0xF0, 0x1C, 0x07, 0x01, 0xC0, 0x00, 0x00, 0x1F, 0xE7, 0xF8, 0x0E, 0x07, 0x03,
    0x81, 0xC0, 0xE0, 0x78, 0x1C, 0x0F, 0xFB, 0xFE, 0x19, 0x81, 0xF8, 0x0F, 0x00, 0x60, 0x00, 0x07,
    0xFE, 0x7F, 0xE0, 0x0E, 0x01, 0xC0, 0x38, 0x07, 0x80, 0x70, 0x0E, 0x01, 0xC0, 0x1C, 0x03, 0x80,
    0x70, 0x07, 0x00, 0xFF, 0xFF, 0xFF, 0x33, 0x0F, 0xC1, 0xE0, 0x30, 0x00, 0x1F, 0xE7, 0xF8, 0x0E,
    0x07, 0x03, 0x81, 0xC0, 0xE0, 0x78, 0x1C, 0x0F, 0xFB, 0xFE, 0x3F, 0x7E, 0x70, 0xE0, 0xE0, 0xE0,
    0xE0, 0xE0, 0xE0, 0xE0, 0xE0, 0xE0, 0xE0, 0xE0, 0xE0, 0xE0, 0x00, 0x0E, 0x00, 0x18, 0x3F, 0xF1,
    0xFF, 0xE7, 0xCF, 0x8E, 0x07, 0xB8, 0x07, 0x70, 0x0E, 0xE0, 0x1D, 0xC0, 0x1B, 0x80, 0x77, 0x00,
    0xEE, 0x01, 0xCE, 0x07, 0x9F, 0x3E, 0x1F, 0xF8, 0x0F, 0xE0, 0x00, 0x70, 0x06, 0x3F, 0x67, 0xFE,
    0xFB, 0xCE, 0x1C, 0xE0, 0xEE, 0x0E, 0xE0, 0xEE, 0x1C, 0xF3, 0xC7, 0xF8, 0x3F, 0x00, 0x00, 0x0E,
    0x00, 0x1F, 0x81, 0xF7, 0x03, 0x8E, 0x07, 0x1C, 0x0E, 0x38, 0x1C, 0x70, 0x38, 0xE0, 0x71, 0xC0,
    0xE3, 0x81, 0xC7, 0x03, 0x8E, 0x07, 0x0E, 0x0E, 0x1E, 0x78, 0x1F, 0xF0, 0x1F, 0x80, 0x00, 0x30,
    0x07, 0xE1, 0xFE, 0x1E, 0xE1, 0xCE, 0x1C, 0xE1, 0xCE, 0x1C, 0xE1, 0xCE, 0x1C, 0x71, 0xC7, 0xFC,
    0x3F, 0xC0, 0x00, 0x00, 0x66, 0x00, 0x00, 0x1F, 0x80, 0x00, 0x03, 0xC0, 0x00, 0x00, 0x60, 0x7F,
    0x81, 0xFF, 0xBF, 0xF8, 0x7F, 0xEE, 0x3F, 0x00, 0x3B, 0x81, 0xC0, 0x1C, 0xE0, 0x78, 0x0F, 0x38,
    0x0E, 0x03, 0x8E, 0x03, 0x81, 0xC3, 0x80, 0xE0, 0xE0, 0xE0, 0x38, 0x70, 0x38, 0x0E, 0x1C, 0x0E,
    0x03, 0x8E, 0x03, 0x81, 0xC7, 0x00, 0xE3, 0xF1, 0xC0, 0x3F, 0xF8, 0xFF, 0xF7, 0xF8, 0x3F, 0xFC,
    0x00, 0x00, 0xCC, 0x7F, 0x80, 0xFC, 0xFF, 0xE0, 0x78, 0xE3, 0xF0, 0x30, 0xE0, 0x70, 0x00, 0xE0,
    0x79, 0xFE, 0xE0, 0x39, 0xFE, 0xE0, 0x38, 0x0E, 0xE0, 0x38, 0x1C, 0xE0, 0x38, 0x38, 0xE0, 0x38,
    0x70, 0xE0, 0x38, 0xE0, 0xE0, 0x71, 0xE0, 0xE3, 0xF1, 0xC0, 0xFF, 0xE3, 0xFF, 0x7F, 0x83, 0xFF,
    0x01, 0xC6, 0x60, 0x0E, 0x3F, 0x00, 0x70, 0xF0, 0x03, 0x83, 0x00, 0x1C, 0x00, 0x1F, 0xE7, 0xFD,
    0xFF, 0x3F, 0xFE, 0x78, 0x0E, 0xE1, 0xC0, 0xE7, 0x0E, 0x0F, 0x38, 0x70, 0xF1, 0xC3, 0x87, 0x0E,
    0x1C, 0x70, 0x7C, 0xE7, 0x01, 0xFF, 0x3F, 0xE7, 0xF9, 0xFF, 0xE0, 0x00, 0xFC, 0x00, 0x1F, 0x80,
    0x03, 0xF0, 0x00, 0x7E, 0x00, 0x0F, 0xC0, 0x01, 0xF8, 0x00, 0x3F, 0x00, 0x07, 0xE0, 0x00, 0xFC,
    0x00, 0x1F, 0x80, 0x03, 0xF0, 0x00, 0x7E, 0x03, 0x9F, 0xFF, 0xFF, 0xBF, 0xF7, 0xE0, 0x00, 0x1F,
    0x80, 0x7E, 0x00, 0x38, 0x00, 0xE0, 0x03, 0x80, 0x7E, 0x01, 0xF8, 0x07, 0xE0, 0x1F, 0x80, 0x7E,
    0x01, 0xF8, 0x07, 0xE0, 0x1F, 0x80, 0x7F, 0xFD, 0xFF, 0xF7, 0x00, 0x1C, 0x00, 0xF0, 0x0F, 0x80,
    0x3E, 0xE3, 0xF1, 0xF8, 0x1C, 0x0E, 0x07, 0x1F, 0x8F, 0xC7, 0xE3, 0xF1, 0xF8, 0xFC, 0x7E, 0x3F,
    0x9D, 0xEE, 0xE7, 0x03, 0x83, 0xC7, 0xC3, 0xC0, 0xE0, 0x38, 0x07, 0xF0, 0x38, 0x07, 0xF8, 0x38,
    0x07, 0xFC, 0x38, 0x07, 0xFC, 0x38, 0x07, 0xEE, 0x38, 0x07, 0xE7, 0x38, 0x07, 0xE3, 0xB8, 0x07,
    0xE3, 0xB8, 0x07, 0xE1, 0xF8, 0x07, 0xE0, 0xF8, 0x06, 0xE0, 0xF8, 0x0E, 0xE0, 0x79, 0x9E, 0xE0,
    0x7B, 0xFE, 0xE0, 0x39, 0xFC, 0x00, 0x00, 0xDC, 0x07, 0x1B, 0xC0, 0xE0, 0x7C, 0x1C, 0x0F, 0xC3,
    0x81, 0xF8, 0x71, 0xBB, 0x8E, 0x37, 0x39, 0xC6, 0xE3, 0xB8, 0xDC, 0x77, 0x1B, 0x87, 0xE3, 0x70,
    0x7C, 0x6E, 0x0F, 0x8D, 0xC0, 0xF1, 0xB8, 0x1E, 0x37, 0x01, 0xC6, 0x00, 0x00, 0xC0, 0x00, 0x38,
    0x00, 0x1F, 0x00, 0x03, 0xC0, 0x00, 0x0E, 0x00, 0x0E, 0x00, 0x00, 0x00, 0x00, 0x00, 0x00, 0xFF,
    0x0E, 0xFF, 0x8E, 0xE3, 0xCE, 0xE1, 0xCE, 0xE1, 0xCE, 0xE1, 0xCE, 0xE1, 0xCE, 0xE1, 0xCE, 0xE1,
    0xCE, 0xE1, 0xCE, 0xE1, 0xCE, 0x00, 0x0E, 0x00, 0x0E, 0x00, 0x3E, 0x00, 0x7C, 0x0C, 0xC0, 0x3F,
    0x00, 0x78, 0x00, 0xC0, 0x00, 0x00, 0x1C, 0x00, 0x78, 0x01, 0xE0, 0x0F, 0xC0, 0x37, 0x01, 0xCC,
    0x07, 0x38, 0x18, 0x60, 0xE1, 0xC3, 0xFF, 0x1F, 0xFC, 0x70, 0x39, 0x80, 0xEE, 0x01, 0xF8, 0x07,
    0x11, 0x07, 0xC0, 0xE0, 0x10, 0x00, 0x0F, 0xC3, 0xF8, 0xCF, 0x01, 0xCF, 0xF7, 0xFD, 0xE7, 0x61,
    0xDC, 0x77, 0xFC, 0xFF, 0xCF, 0xF7, 0x8C, 0x01, 0xC7, 0x1C, 0x71, 0xC7, 0x1C, 0x71, 0xC7, 0x1C,
    0x71, 0xC7, 0x1C, 0x66, 0xFC, 0xF0, 0xC0, 0x07, 0x0E, 0x1C, 0x38, 0x70, 0xE1, 0xC3, 0x87, 0x0E,
    0x1C, 0x0C, 0xC0, 0x1F, 0x80, 0x1E, 0x00, 0x18, 0x00, 0x00, 0x01, 0xFC, 0x0F, 0xFC, 0x3E, 0x7C,
    0x70, 0x3D, 0xC0, 0x3B, 0x80, 0x77, 0x00, 0xEE, 0x00, 0xDC, 0x03, 0xB8, 0x07, 0x70, 0x0E, 0x70,
    0x3C, 0xF9, 0xF0, 0xFF, 0xC0, 0x7F, 0x00, 0x33, 0x07, 0xE0, 0x78, 0x06, 0x00, 0x00, 0x7E, 0x1F,
    0xE7, 0xDE, 0xE1, 0xDC, 0x1F, 0x83, 0xF0, 0x7E, 0x1D, 0xE7, 0x9F, 0xE1, 0xF8, 0x19, 0x81, 0xF8,
    0x0F, 0x00, 0x60, 0x00, 0x0E, 0x07, 0xE0, 0x7E, 0x07, 0xE0, 0x7E, 0x07, 0xE0, 0x7E, 0x07, 0xE0,
    0x7E, 0x07, 0xE0, 0x7E, 0x07, 0x70, 0x77, 0x9E, 0x3F, 0xE1, 0xFC, 0x33, 0x0F, 0xC1, 0xE0, 0x30,
    0x00, 0x38, 0x7E, 0x1F, 0x87, 0xE1, 0xF8, 0x7E, 0x1F, 0x87, 0xE1, 0xDC, 0x77, 0xFC, 0xFF, 0x1F,
    0x81, 0xF8, 0x00, 0x01, 0x9C, 0x19, 0xC0, 0x00, 0xE0, 0x7E, 0x07, 0xE0, 0x7E, 0x07, 0xE0, 0x7E,
    0x07, 0xE0, 0x7E, 0x07, 0xE0, 0x7E, 0x07, 0xE0, 0x77, 0x07, 0x79, 0xE3, 0xFE, 0x1F, 0xC0, 0x3F,
    0x0F, 0xC0, 0x01, 0xCC, 0x73, 0x00, 0x0E, 0x1F, 0x87, 0xE1, 0xF8, 0x7E, 0x1F, 0x87, 0xE1, 0xF8,
    0x77, 0x1D, 0xFF, 0x3F, 0xC0, 0x03, 0x00, 0x30, 0x07, 0x03, 0xEC, 0x38, 0xC0, 0x00, 0xE0, 0x7E,
    0x07, 0xE0, 0x7E, 0x07, 0xE0, 0x7E, 0x07, 0xE0, 0x7E, 0x07, 0xE0, 0x7E, 0x07, 0xE0, 0x77, 0x07,
    0x79, 0xE3, 0xFE, 0x1F, 0xC0, 0x06, 0x01, 0x80, 0xE0, 0x30, 0x73, 0x9C, 0xE0, 0x03, 0x87, 0xE1,
    0xF8, 0x7E, 0x1F, 0x87, 0xE1, 0xF8, 0x7E, 0x1D, 0xC7, 0x7F, 0xCF, 0xF0, 0x0F, 0x80, 0xF8, 0x3E,
    0xC3, 0x8C, 0x00, 0x0E, 0x07, 0xE0, 0x7E, 0x07, 0xE0, 0x7E, 0x07, 0xE0, 0x7E, 0x07, 0xE0, 0x7E,
    0x07, 0xE0, 0x7E, 0x07, 0x70, 0x77, 0x9E, 0x3F, 0xE1, 0xFC, 0x3F, 0x0F, 0x80, 0xC1, 0xCE, 0x73,
    0x80, 0x0E, 0x1F, 0x87, 0xE1, 0xF8, 0x7E, 0x1F, 0x87, 0xE1, 0xF8, 0x77, 0x1D, 0xFF, 0x3F, 0xC0,
    0x0C, 0x00, 0xE0, 0x06, 0x03, 0xAC, 0x38, 0xC0, 0x00, 0xE0, 0x7E, 0x07, 0xE0, 0x7E, 0x07, 0xE0,
    0x7E, 0x07, 0xE0, 0x7E, 0x07, 0xE0, 0x7E, 0x07, 0xE0, 0x77, 0x07, 0x79, 0xE3, 0xFE, 0x1F, 0xC0,
    0x18, 0x0E, 0x01, 0xC0, 0x30, 0x73, 0x9C, 0xE0, 0x03, 0x87, 0xE1, 0xF8, 0x7E, 0x1F, 0x87, 0xE1,
    0xF8, 0x7E, 0x1D, 0xC7, 0x7F, 0xCF, 0xF0, 0x7E, 0x1F, 0xE4, 0x78, 0x07, 0xFF, 0xFF, 0xFE, 0x1F,
    0x87, 0xF7, 0x9F, 0xE3, 0xF0, 0x0F, 0xC0, 0x3F, 0x00, 0x00, 0x07, 0x30, 0x1C, 0xC0, 0x00, 0x00,
    0x70, 0x01, 0xE0, 0x07, 0x80, 0x3F, 0x00, 0xDC, 0x07, 0x30, 0x1C, 0xE0, 0x61, 0x83, 0x87, 0x0F,
    0xFC, 0x7F, 0xF1, 0xC0, 0xE6, 0x03, 0xB8, 0x07, 0xE0, 0x1C, 0x3F, 0x8F, 0xE0, 0x00, 0xEE, 0x3B,
    0x80, 0x03, 0xF0, 0xFE, 0x33, 0xC0, 0x73, 0xFD, 0xFF, 0x79, 0xD8, 0x77, 0x1D, 0xFF, 0x3F, 0xC0,
    0x0F, 0xC0, 0x3F, 0x00, 0x00, 0x00, 0xC0, 0x03, 0x00, 0x00, 0x00, 0x70, 0x01, 0xE0, 0x07, 0x80,
    0x3F, 0x00, 0xDC, 0x07, 0x30, 0x1C, 0xE0, 0x61, 0x83, 0x87, 0x0F, 0xFC, 0x7F, 0xF1, 0xC0, 0xE6,
    0x03, 0xB8, 0x07, 0xE0, 0x1C, 0x3F, 0x8F, 0xE0, 0x00, 0x38, 0x0E, 0x00, 0x03, 0xF0, 0xFE, 0x33,
    0xC0, 0x73, 0xFD, 0xFF, 0x79, 0xD8, 0x77, 0x1D, 0xFF, 0x3F, 0xC0, 0x00, 0x7F, 0x00, 0x0F, 0xE0,
    0x00, 0x00, 0x00, 0x7F, 0xF0, 0x0F, 0xFE, 0x03, 0xE0, 0x00, 0xEC, 0x00, 0x1D, 0x80, 0x07, 0x30,
    0x00, 0xC7, 0xF8, 0x38, 0xFF, 0x0E, 0x18, 0x01, 0xFF, 0x00, 0x7F, 0xE0, 0x0C, 0x0C, 0x03, 0x81,
    0x80, 0x60, 0x3F, 0xFC, 0x07, 0xFC, 0x03, 0xF0, 0x01, 0xF8, 0x00, 0x00, 0x00, 0x00, 0x03, 0xF3,
    0xE1, 0xFF, 0xF8, 0xCF, 0xDE, 0x03, 0x87, 0x3F, 0xFF, 0xBF, 0xFF, 0xDE, 0x70, 0x0C, 0x38, 0x07,
    0x1F, 0x13, 0xFF, 0xF8, 0xFF, 0xFC, 0x0F, 0xE0, 0xFF, 0xC7, 0xCF, 0x1C, 0x00, 0xE0, 0x03, 0x80,
    0x0E, 0x00, 0x38, 0x1C, 0xE1, 0xFF, 0x87, 0xFE, 0x07, 0x1C, 0x1C, 0x7C, 0x70, 0xFF, 0xC0, 0xFF,
    0x00, 0x3F, 0xC7, 0xFC, 0xF9, 0xCE, 0x1C, 0xE7, 0xEE, 0x7E, 0xE1, 0xCE, 0x1C, 0xF3, 0xC7, 0xFC,
    0x3F, 0xC0, 0x1C, 0x67, 0x8F, 0xF8, 0xFF, 0x00, 0x0C, 0xC0, 0xFC, 0x07, 0x80, 0x30, 0x00, 0x00,
    0xFE, 0x3F, 0xF7, 0xC7, 0x70, 0x0E, 0x00, 0xE0, 0x0E, 0x00, 0xE0, 0x0E, 0x07, 0xE0, 0x7E, 0x07,
    0x70, 0x77, 0xC7, 0x3F, 0xF0, 0xFF, 0x33, 0x0F, 0xC1, 0xE0, 0x30, 0x00, 0x0F, 0xF7, 0xFF, 0xE7,
    0xE1, 0xF8, 0x7E, 0x1F, 0x87, 0xE1, 0xFC, 0xF7, 0xFC, 0xFF, 0x01, 0xD8, 0xEF, 0xFB, 0xFC, 0x19,
    0x80, 0xFC, 0x03, 0xC0, 0x0C, 0x00, 0x00, 0x70, 0x7B, 0x83, 0x9C, 0x38, 0xE3, 0x87, 0x38, 0x3B,
    0x81, 0xF8, 0x0F, 0xC0, 0x7F, 0x03, 0xBC, 0x1C, 0xF0, 0xE3, 0xC7, 0x0F, 0x38, 0x3D, 0xC0, 0xE0,
    0xD8, 0x3E, 0x07, 0x00, 0x00, 0xE0, 0x38, 0x0E, 0x03, 0x80, 0xE0, 0x38, 0xEE, 0x73, 0xBC, 0xEE,
    0x3F, 0x0F, 0x83, 0xF0, 0xEE, 0x39, 0xCE, 0x3B, 0x87, 0x0F, 0xE0, 0x7F, 0xE1, 0xF3, 0xE3, 0x81,
    0xEE, 0x01, 0xDC, 0x03, 0xB8, 0x07, 0x70, 0x06, 0xE0, 0x1D, 0xC0, 0x3B, 0x80, 0x73, 0x81, 0xE7,
    0xCF, 0x87, 0xFE, 0x03, 0xF8, 0x01, 0xC0, 0x03, 0x80, 0x07, 0x80, 0x3F, 0x0F, 0xF3, 0xEF, 0x70,
    0xEE, 0x0F, 0xC1, 0xF8, 0x3F, 0x0E, 0xF3, 0xCF, 0xF0, 0xFC, 0x07, 0x01, 0xC0, 0x1E, 0x00, 0x0F,
    0xE0, 0x1F, 0xC0, 0x00, 0x00, 0x7F, 0x03, 0xFF, 0x0F, 0x9F, 0x1C, 0x0F, 0x70, 0x0E, 0xE0, 0x1D,
    0xC0, 0x3B, 0x80, 0x37, 0x00, 0xEE, 0x01, 0xDC, 0x03, 0x9C, 0x0F, 0x3E, 0x7C, 0x3F, 0xF0, 0x1F,
    0xC0, 0x0E, 0x00, 0x1C, 0x00, 0x3C, 0x00, 0x3F, 0x87, 0xF0, 0x00, 0x00, 0x03, 0xF0, 0xFF, 0x3E,
    0xF7, 0x0E, 0xE0, 0xFC, 0x1F, 0x83, 0xF0, 0xEF, 0x3C, 0xFF, 0x0F, 0xC0, 0x70, 0x1C, 0x01, 0xE0,
    0x19, 0x83, 0xF0, 0x3C, 0x03, 0x00, 0x00, 0xFF, 0xDF, 0xF8, 0x0E, 0x03, 0xC0, 0x70, 0x1C, 0x07,
    0x01, 0xF8, 0x07, 0x80, 0x38, 0x07, 0x00, 0xEE, 0x7F, 0xFF, 0x3F, 0xC0, 0x33, 0x07, 0xE0, 0x78,
    0x06, 0x00, 0x00, 0xFF, 0x9F, 0xF0, 0x1C, 0x03, 0x80, 0xE0, 0x38, 0x07, 0x01, 0xF0, 0x0F, 0x80,
    0x70, 0x06, 0x01, 0xCC, 0x79, 0xFE, 0x3F, 0x80, 0x33, 0x3F, 0x1E, 0x0C, 0x00, 0x1C, 0x1C, 0x1C,
    0x1C, 0x1C, 0x1C, 0x1C, 0x1C, 0x1C, 0x1C, 0x1C, 0x1C, 0x3C, 0xF8, 0xF8, 0x7F, 0x81, 0xFF, 0xBF,
    0xF8, 0x7F, 0xEE, 0x3F, 0x00, 0x3B, 0x81, 0xC0, 0x1C, 0xE0, 0x78, 0x0F, 0x38, 0x0E, 0x03, 0x8E,
    0x03, 0x81, 0xC3, 0x80, 0xE0, 0xE0, 0xE0, 0x38, 0x70, 0x38, 0x0E, 0x1C, 0x0E, 0x03, 0x8E, 0x03,
    0x81, 0xC7, 0x00, 0xE3, 0xF1, 0xC0, 0x3F, 0xF8, 0xFF, 0xF7, 0xF8, 0x3F, 0xFC, 0x7F, 0x80, 0x00,
    0xFF, 0xE0, 0x00, 0xE3, 0xF0, 0x00, 0xE0, 0x70, 0x00, 0xE0, 0x79, 0xFE, 0xE0, 0x39, 0xFE, 0xE0,
    0x38, 0x0E, 0xE0, 0x38, 0x1C, 0xE0, 0x38, 0x38, 0xE0, 0x38, 0x70, 0xE0, 0x38, 0xE0, 0xE0, 0x71,
    0xE0, 0xE3, 0xF1, 0xC0, 0xFF, 0xE3, 0xFF, 0x7F, 0x83, 0xFF, 0x01, 0xC0, 0x00, 0x0E, 0x00, 0x00,
    0x70, 0x00, 0x03, 0x80, 0x00, 0x1C, 0x00, 0x1F, 0xE7, 0xFD, 0xFF, 0x3F, 0xFE, 0x78, 0x0E, 0xE1,
    0xC0, 0xE7, 0x0E, 0x0F, 0x38, 0x70, 0xF1, 0xC3, 0x87, 0x0E, 0x1C, 0x70, 0x7C, 0xE7, 0x01, 0xFF,
    0x3F, 0xE7, 0xF9, 0xFF, 0x01, 0x80, 0x3C, 0x03, 0x80, 0x30, 0x00, 0x00, 0xFE, 0x3F, 0xF7, 0xC7,
    0x70, 0x0E, 0x00, 0xE0, 0x0E, 0x00, 0xE0, 0x0E, 0x07, 0xE0, 0x7E, 0x07, 0x70, 0x77, 0xC7, 0x3F,
    0xF0, 0xFF, 0x03, 0x01, 0xC0, 0xE0, 0x30, 0x00, 0x0F, 0xF7, 0xFF, 0xE7, 0xE1, 0xF8, 0x7E, 0x1F,
    0x87, 0xE1, 0xFC, 0xF7, 0xFC, 0xFF, 0x01, 0xD8, 0xEF, 0xFB, 0xFC, 0xE0, 0x30, 0x0E, 0x03, 0x00,
    0xE0, 0x30, 0x0E, 0x03, 0x00, 0xE0, 0x30, 0x7E, 0x03, 0x07, 0xFF, 0xF0, 0x7F, 0xFF, 0x07, 0xE0,
    0x30, 0x7E, 0x03, 0x07, 0xE0, 0x30, 0x7E, 0x03, 0x87, 0xE0, 0x3C, 0xFE, 0x01, 0xFE, 0xE0, 0x0F,
    0xC0, 0x7F, 0x8F, 0xFC, 0xF3, 0xEE, 0x0F, 0xE0, 0x7E, 0x07, 0xE0, 0x7E, 0x07, 0xE0, 0xEE, 0x0E,
    0xE1, 0xCE, 0x78, 0xFF, 0x0F, 0xE0, 0xF8, 0x0E, 0x00, 0xE0, 0x0E, 0x00, 0xE0, 0x00, 0x0C, 0x00,
    0x70, 0x01, 0xC0, 0x06, 0x00, 0x00, 0x70, 0x1F, 0xC0, 0xFF, 0x07, 0xFC, 0x3F, 0xE1, 0xFB, 0x8F,
    0xCE, 0x7E, 0x3B, 0xF1, 0xDF, 0x87, 0xFC, 0x1F, 0xE0, 0xFF, 0x03, 0xF8, 0x1F, 0xC0, 0x70, 0x18,
    0x07, 0x00, 0xE0, 0x18, 0x00, 0x3F, 0xCF, 0xFB, 0x8F, 0xE1, 0xF8, 0x7E, 0x1F, 0x87, 0xE1, 0xF8,
    0x7E, 0x1F, 0x87, 0x01, 0x80, 0x1E, 0x00, 0x70, 0x01, 0xE0, 0x07, 0x80, 0x1E, 0x00, 0x78, 0x01,
    0xE0, 0x07, 0x80, 0x3F, 0x00, 0xDC, 0x07, 0x38, 0x1C, 0xE0, 0x61, 0x83, 0x87, 0x0F, 0xFC, 0x7F,
    0xF1, 0xC0, 0xE6, 0x03, 0xB8, 0x07, 0xE0, 0x1C, 0x06, 0x03, 0xC0, 0xC0, 0x38, 0x1B, 0x06, 0xC0,
    0xE0, 0x00, 0x3F, 0x0F, 0xE3, 0x3C, 0x07, 0x3F, 0xDF, 0xF7, 0x9D, 0x87, 0x71, 0xDF, 0xF3, 0xFC,
    0x00, 0x0C, 0x00, 0x03, 0x80, 0x00, 0x70, 0x00, 0x0C, 0x00, 0x00, 0x00, 0x01, 0xFF, 0xC0, 0x3F,
    0xF8, 0x0F, 0x80, 0x03, 0xB0, 0x00, 0x76, 0x00, 0x1C, 0xC0, 0x03, 0x1F, 0xE0, 0xE3, 0xFC, 0x38,
    0x60, 0x07, 0xFC, 0x01, 0xFF, 0x80, 0x30, 0x30, 0x0E, 0x06, 0x01, 0x80, 0xFF, 0xF0, 0x1F, 0xF0,
    0x00, 0x60, 0x00, 0x70, 0x00, 0x70, 0x00, 0x30, 0x00, 0x00, 0x01, 0xF9, 0xF0, 0xFF, 0xFC, 0x67,
    0xEF, 0x01, 0xC3, 0x9F, 0xFF, 0xDF, 0xFF, 0xEF, 0x38, 0x06, 0x1C, 0x03, 0x8F, 0x89, 0xFF, 0xFC,
    0x7F, 0xFE, 0x00, 0xC0, 0x03, 0x80, 0x0E, 0x00, 0x18, 0x00, 0x00, 0x01, 0xFF, 0x8F, 0xFF, 0x3E,
    0x7C, 0x70, 0x7D, 0xC1, 0xFB, 0x87, 0x77, 0x0E, 0xEE, 0x38, 0xDC, 0xE1, 0xBB, 0x87, 0x7E, 0x0E,
    0x78, 0x3C, 0xF9, 0xF1, 0xFF, 0xC3, 0x7F, 0x00, 0x03, 0x00, 0xE0, 0x38, 0x06, 0x00, 0x00, 0x7F,
    0x9F, 0xF7, 0x9E, 0xE3, 0xDC, 0xFF, 0x3B, 0xFE, 0x7F, 0x9C, 0xE7, 0xBF, 0xE7, 0xF8, 0x1B, 0x00,
    0x6E, 0x01, 0xDC, 0x03, 0x30, 0x00, 0x00, 0x1C, 0x00, 0x78, 0x01, 0xE0, 0x0F, 0xC0, 0x37, 0x01,
    0xCC, 0x07, 0x38, 0x18, 0x60, 0xE1, 0xC3, 0xFF, 0x1F, 0xFC, 0x70, 0x39, 0x80, 0xEE, 0x01, 0xF8,
    0x07, 0x66, 0x1D, 0x83, 0xF0, 0x6C, 0x00, 0x0F, 0xC3, 0xF8, 0xCF, 0x01, 0xCF, 0xF7, 0xFD, 0xE7,
    0x61, 0xDC, 0x77, 0xFC, 0xFF, 0x07, 0x80, 0x3F, 0x00, 0xCC, 0x00, 0x00, 0x07, 0x00, 0x1E, 0x00,
    0x78, 0x03, 0xF0, 0x0D, 0xC0, 0x73, 0x01, 0xCE, 0x06, 0x18, 0x38, 0x70, 0xFF, 0xC7, 0xFF, 0x1C,
    0x0E, 0x60, 0x3B, 0x80, 0x7E, 0x01, 0xC0, 0x1F, 0x07, 0xC3, 0xB8, 0x00, 0x00, 0x0F, 0xC3, 0xF8,
    0xCF, 0x01, 0xCF, 0xF7, 0xFD, 0xE7, 0x61, 0xDC, 0x77, 0xFC, 0xFF, 0x66, 0x0E, 0xE0, 0xEC, 0x0D,
    0x80, 0x01, 0xFF, 0xBF, 0xF7, 0x00, 0xE0, 0x1C, 0x03, 0x80, 0x7F, 0xCF, 0xF9, 0xC0, 0x38, 0x07,
    0x00, 0xE0, 0x1C, 0x03, 0xFF, 0xFF, 0xF0, 0x6C, 0x1B, 0x87, 0x70, 0xCC, 0x00, 0x0F, 0xC7, 0xFB,
    0xCF, 0xE1, 0xFF, 0xFF, 0xFF, 0x80, 0xE0, 0x3E, 0x67, 0xF8, 0xFE, 0x1E, 0x07, 0xE0, 0xEC, 0x00,
    0x0F, 0xFD, 0xFF, 0xB8, 0x07, 0x00, 0xE0, 0x1C, 0x03, 0xFE, 0x7F, 0xCE, 0x01, 0xC0, 0x38, 0x07,
    0x00, 0xE0, 0x1F, 0xFF, 0xFF, 0x80, 0x1E, 0x0F, 0xC3, 0x30, 0x00, 0x00, 0x0F, 0xC7, 0xFB, 0xCF,
    0xE1, 0xFF, 0xFF, 0xFF, 0x80, 0xE0, 0x3E, 0x67, 0xF8, 0xFE, 0xCC, 0xEE, 0x77, 0x32, 0x00, 0x1C,
    0x1C, 0x1C, 0x1C, 0x1C, 0x1C, 0x1C, 0x1C, 0x1C, 0x1C, 0x1C, 0x1C, 0x1C, 0x1C, 0x1C, 0xCC, 0xEE,
    0x76, 0x36, 0x00, 0x1C, 0x1C, 0x1C, 0x1C, 0x1C, 0x1C, 0x1C, 0x1C, 0x1C, 0x1C, 0x1C, 0x7B, 0xFC,
    0xC0, 0x71, 0xC7, 0x1C, 0x71, 0xC7, 0x1C, 0x71, 0xC7, 0x1C, 0x71, 0xC7, 0x00, 0x3C, 0xFD, 0xB8,
    0x00, 0x07, 0x0E, 0x1C, 0x38, 0x70, 0xE1, 0xC3, 0x87, 0x0E, 0x1C, 0x1B, 0x00, 0x3F, 0x00, 0x37,
    0x00, 0x66, 0x00, 0x00, 0x01, 0xFC, 0x0F, 0xFC, 0x3E, 0x7C, 0x70, 0x3D, 0xC0, 0x3B, 0x80, 0x77,
    0x00, 0xEE, 0x00, 0xDC, 0x03, 0xB8, 0x07, 0x70, 0x0E, 0x70, 0x3C, 0xF9, 0xF0, 0xFF, 0xC0, 0x7F,
    0x00, 0x6C, 0x0F, 0xC0, 0xDC, 0x19, 0x80, 0x00, 0x7E, 0x1F, 0xE7, 0xDE, 0xE1, 0xDC, 0x1F, 0x83,
    0xF0, 0x7E, 0x1D, 0xE7, 0x9F, 0xE1, 0xF8, 0x07, 0x80, 0x1F, 0x80, 0x3B, 0x00, 0x00, 0x00, 0xFE,
    0x07, 0xFE, 0x1F, 0x3E, 0x38, 0x1E, 0xE0, 0x1D, 0xC0, 0x3B, 0x80, 0x77, 0x00, 0x6E, 0x01, 0xDC,
    0x03, 0xB8, 0x07, 0x38, 0x1E, 0x7C, 0xF8, 0x7F, 0xE0, 0x3F, 0x80, 0x1E, 0x07, 0xE0, 0xEC, 0x00,
    0x00, 0x00, 0x7E, 0x1F, 0xE7, 0xDE, 0xE1, 0xDC, 0x1F, 0x83, 0xF0, 0x7E, 0x1D, 0xE7, 0x9F, 0xE1,
    0xF8, 0x6C, 0x07, 0xE0, 0x37, 0x03, 0x30, 0x00, 0x07, 0xF8, 0xFF, 0xCE, 0x3E, 0xE0, 0xEE, 0x0E,
    0xE0, 0xEE, 0x3E, 0xFF, 0xCF, 0xF8, 0xE3, 0x8E, 0x3C, 0xE1, 0xCE, 0x0E, 0xE0, 0xEE, 0x07, 0xCC,
    0xEE, 0x77, 0x32, 0x00, 0x3F, 0x7F, 0x71, 0x70, 0x70, 0x70, 0x70, 0x70, 0x70, 0x70, 0x70, 0x1E,
    0x03, 0xF0, 0x3B, 0x00, 0x00, 0x7F, 0x8F, 0xFC, 0xE3, 0xEE, 0x0E, 0xE0, 0xEE, 0x0E, 0xE3, 0xEF,
    0xFC, 0xFF, 0x8E, 0x38, 0xE3, 0xCE, 0x1C, 0xE0, 0xEE, 0x0E, 0xE0, 0x70, 0x3C, 0xFD, 0xB8, 0x00,
    0x0F, 0xFF, 0xF1, 0xE1, 0xC3, 0x87, 0x0E, 0x1C, 0x38, 0x70, 0x36, 0x03, 0xF0, 0x1B, 0x81, 0x98,
    0x00, 0x0E, 0x07, 0xE0, 0x7E, 0x07, 0xE0, 0x7E, 0x07, 0xE0, 0x7E, 0x07, 0xE0, 0x7E, 0x07, 0xE0,
    0x7E, 0x07, 0x70, 0x77, 0x9E, 0x3F, 0xE1, 0xFC, 0x6C, 0x1B, 0x87, 0x70, 0xCC, 0x00, 0x38, 0x7E,
    0x1F, 0x87, 0xE1, 0xF8, 0x7E, 0x1F, 0x87, 0xE1, 0xDC, 0x77, 0xFC, 0xFF, 0x0F, 0x01, 0xF8, 0x1D,
    0x80, 0x00, 0xE0, 0x7E, 0x07, 0xE0, 0x7E, 0x07, 0xE0, 0x7E, 0x07, 0xE0, 0x7E, 0x07, 0xE0, 0x7E,
    0x07, 0xE0, 0x77, 0x07, 0x79, 0xE3, 0xFE, 0x1F, 0xC0, 0x1E, 0x0F, 0xC3, 0x30, 0x00, 0x00, 0x38,
    0x7E, 0x1F, 0x87, 0xE1, 0xF8, 0x7E, 0x1F, 0x87, 0xE1, 0xDC, 0x77, 0xFC, 0xFF, 0x1F, 0xCF, 0xF9,
    0xE7, 0x38, 0x07, 0x00, 0xE0, 0x1F, 0x80, 0xFC, 0x07, 0xC0, 0x3C, 0x03, 0x80, 0x77, 0x3F, 0xFF,
    0x9F, 0xE0, 0x00, 0x0E, 0x03, 0xC0, 0x70, 0x00, 0x3F, 0x3F, 0x9C, 0xCE, 0x07, 0xC1, 0xF8, 0x3E,
    0x07, 0x47, 0xBF, 0xDF, 0xC0, 0x01, 0xC1, 0xE0, 0xE0, 0xFF, 0xFF, 0xFF, 0x06, 0x00, 0x60, 0x06,
    0x00, 0x60, 0x06, 0x00, 0x60, 0x06, 0x00, 0x60, 0x06, 0x00, 0x60, 0x06, 0x00, 0x60, 0x06, 0x00,
    0x00, 0x06, 0x01, 0xE0, 0x1E, 0x00, 0xE0, 0xE0, 0xE0, 0xFE, 0xFE, 0xE0, 0xE0, 0xE0, 0xE0, 0xE0,
    0xE0, 0xF2, 0x7E, 0x7E, 0x00, 0x38, 0x78, 0x70, 0xFF, 0x1F, 0xF1, 0x9E, 0x00, 0xE0, 0x1C, 0x03,
    0x80, 0xE0, 0x7C, 0x3F, 0x07, 0xF0, 0x3F, 0x00, 0xE0, 0x1C, 0x01, 0x80, 0x70, 0x0E, 0x0F, 0x9F,
    0xE3, 0xF8, 0x00, 0xFE, 0x7F, 0x33, 0xC0, 0xE0, 0x70, 0x70, 0xF0, 0x7E, 0x0F, 0x01, 0xC0, 0xE0,
    0xE3, 0xF7, 0xF3, 0xE0, 0x19, 0x80, 0xF8, 0x07, 0x00, 0x60, 0x00, 0x0E, 0x03, 0xE0, 0x3E, 0x03,
    0xE0, 0x3E, 0x03, 0xE0, 0x3F, 0xFF, 0xFF, 0xFE, 0x03, 0xE0, 0x3E, 0x03, 0xE0, 0x3E, 0x03, 0xE0,
    0x3E, 0x03, 0xD8, 0x3E, 0x07, 0x00, 0x00, 0xE0, 0x38, 0x0E, 0x03, 0x80, 0xE0, 0x3F, 0xCF, 0xFB,
    0xCF, 0xE1, 0xF8, 0x7E, 0x1F, 0x87, 0xE1, 0xF8, 0x7E, 0x1F, 0x87, 0x61, 0xC3, 0x87, 0x18, 0xE7,
    0x38, 0x38, 0x3C, 0x7E, 0xE6, 0x01, 0x7F, 0xDF, 0xC6, 0x7E, 0x7E, 0x7E, 0x42, 0x7E, 0x7E, 0x18,
    0x06, 0x60, 0x00, 0x66, 0x66, 0x4F, 0xB7, 0x60, 0x01, 0xEF, 0xB3, 0xF9, 0xE3, 0x00, 0x3B, 0x3B,
    0x99, 0x99, 0x80, 0xC3, 0x66, 0x3C, 0x3C, 0x7B, 0xFC, 0xC0, 0x37, 0x6E, 0xEC, 0x6F, 0xE0, 0x5F,
    0x80, 0x0B, 0xFD, 0xC0, 0x76, 0x6C, 0x01, 0x8E, 0x37, 0xFD, 0x80, 0x06, 0xCC, 0xFF, 0x70, 0xCF,
    0xF7, 0xCC, 0xFD, 0xF8, 0x18, 0x03, 0x80, 0x38, 0x03, 0x00, 0x01, 0xFF, 0xBF, 0xF7, 0x00, 0xE0,
    0x1C, 0x03, 0x80, 0x7F, 0xCF, 0xF9, 0xC0, 0x38, 0x07, 0x00, 0xE0, 0x1C, 0x03, 0xFF, 0xFF, 0xF0,
    0x3B, 0x87, 0x70, 0x00, 0x7F, 0xEF, 0xFD, 0xC0, 0x38, 0x07, 0x00, 0xE0, 0x1F, 0xF3, 0xFE, 0x70,
    0x0E, 0x01, 0xC0, 0x38, 0x07, 0x00, 0xFF, 0xFF, 0xFC, 0xFF, 0xF1, 0xFF, 0xE0, 0x38, 0x00, 0x70,
    0x00, 0xE0, 0x01, 0xFF, 0x03, 0xFF, 0x07, 0x9F, 0x0E, 0x0E, 0x1C, 0x1C, 0x38, 0x38, 0x70, 0x70,
    0xE1, 0xE1, 0xCF, 0x83, 0x9E, 0x00, 0x07, 0x01, 0xC0, 0xE0, 0x30, 0x00, 0x3F, 0xFF, 0xFF, 0x80,
    0xE0, 0x38, 0x0E, 0x03, 0x80, 0xE0, 0x38, 0x0E, 0x03, 0x80, 0xE0, 0x38, 0x0E, 0x03, 0x80, 0x0F,
    0xE3, 0xFF, 0x7C, 0x67, 0x00, 0xE0, 0x0E, 0x00, 0xFF, 0x8F, 0xF8, 0xE0, 0x0E, 0x00, 0xE0, 0x07,
    0x00, 0x7C, 0x63, 0xFF, 0x1F, 0xE0, 0x1F, 0xCF, 0xF9, 0xE7, 0x38, 0x07, 0x00, 0xE0, 0x1F, 0x80,
    0xFC, 0x07, 0xC0, 0x3C, 0x03, 0x80, 0x77, 0x3F, 0xFF, 0x9F, 0xE0, 0xFF, 0xFF, 0xFF, 0xFF, 0xFF,
    0xF8, 0xEE, 0xEE, 0x00, 0x38, 0x38, 0x38, 0x38, 0x38, 0x38, 0x38, 0x38, 0x38, 0x38, 0x38, 0x38,
    0x38, 0x38, 0x38, 0x03, 0x81, 0xC0, 0xE0, 0x70, 0x38, 0x1C, 0x0E, 0x07, 0x03, 0x81, 0xC0, 0xE0,
    0x7E, 0x7F, 0xF9, 0xF8, 0x0F, 0xF8, 0x00, 0x3F, 0xE0, 0x00, 0xE1, 0x80, 0x03, 0x86, 0x00, 0x0E,
    0x18, 0x00, 0x38, 0x7F, 0x80, 0xE1, 0xFF, 0x03, 0x86, 0x3E, 0x0E, 0x18, 0x38, 0x30, 0x60, 0x61,
    0xC1, 0x81, 0x87, 0x06, 0x0E, 0x78, 0x18, 0xFB, 0xE0, 0x7F, 0xCE, 0x01, 0xFE, 0x00, 0x00, 0x00,
    0xE0, 0x70, 0x0E, 0x07, 0x00, 0xE0, 0x70, 0x0E, 0x07, 0x00, 0xE0, 0x70, 0x0F, 0xFF, 0xFC, 0xFF,
    0xFF, 0xEE, 0x07, 0x1F, 0xE0, 0x70, 0x7E, 0x07, 0x07, 0xE0, 0x70, 0x7E, 0x07, 0x07, 0xE0, 0x71,
    0xFE, 0x07, 0xFE, 0xE0, 0x7F, 0x80, 0xFF, 0xF1, 0xFF, 0xE0, 0x38, 0x00, 0x70, 0x00, 0xE0, 0x01,
    0xFF, 0x03, 0xFF, 0x07, 0x9E, 0x0E, 0x0E, 0x1C, 0x1C, 0x38, 0x38, 0x70, 0x70, 0xE0, 0xE1, 0xC1,
    0xC3, 0x83, 0x80, 0x03, 0x00, 0x38, 0x03, 0x80, 0x18, 0x00, 0x00, 0x70, 0x7B, 0x83, 0x9C, 0x38,
    0xE3, 0x87, 0x38, 0x3B, 0x81, 0xF8, 0x0F, 0xC0, 0x7F, 0x03, 0xBC, 0x1C, 0xF0, 0xE3, 0xC7, 0x0F,
    0x38, 0x3D, 0xC0, 0xE0, 0x0C, 0x00, 0x70, 0x01, 0xC0, 0x06, 0x00, 0x00, 0x70, 0x1F, 0x81, 0xFC,
    0x0F, 0xE0, 0xFF, 0x0F, 0xF8, 0xEF, 0xC7, 0x7E, 0x73, 0xF7, 0x1F, 0xF8, 0xFF, 0x87, 0xF8, 0x3F,
    0xC1, 0xFC, 0x0F, 0xC0, 0x70, 0x1D, 0xC0, 0xFC, 0x03, 0xE0, 0x00, 0x0E, 0x07, 0x38, 0x39, 0xC1,
    0xCE, 0x0C, 0x38, 0xE1, 0xC7, 0x07, 0x30, 0x3F, 0x80, 0xFC, 0x03, 0xC0, 0x1E, 0x00, 0xE0, 0x4F,
    0x03, 0xF0, 0x1F, 0x00, 0xE0, 0x7E, 0x07, 0xE0, 0x7E, 0x07, 0xE0, 0x7E, 0x07, 0xE0, 0x7E, 0x07,
    0xE0, 0x7E, 0x07, 0xE0, 0x7E, 0x07, 0xE0, 0x7F, 0xFF, 0xFF, 0xF0, 0x70, 0x07, 0x00, 0x70, 0x07,
    0x00, 0x07, 0x00, 0x1E, 0x00, 0x78, 0x03, 0xF0, 0x0D, 0xC0, 0x73, 0x01, 0xCE, 0x06, 0x18, 0x38,
    0x70, 0xFF, 0xC7, 0xFF, 0x1C, 0x0E, 0x60, 0x3B, 0x80, 0x7E, 0x01, 0xC0, 0xFF, 0xCF, 0xFC, 0xE0,
    0x0E, 0x00, 0xE0, 0x0F, 0xF8, 0xFF, 0xCE, 0x3E, 0xE0, 0xEE, 0x06, 0xE0, 0x6E, 0x0E, 0xE3, 0xEF,
    0xFC, 0xFF, 0x80, 0x7F, 0x8F, 0xFC, 0xE3, 0xEE, 0x0E, 0xE0, 0xEE, 0x3E, 0xFF, 0xCF, 0xFE, 0xE1,
    0xEE, 0x07, 0xE0, 0x7E, 0x07, 0xE1, 0xEF, 0xFE, 0x7F, 0x80, 0xFF, 0xFF, 0xFE, 0x03, 0x80, 0xE0,
    0x38, 0x0E, 0x03, 0x80, 0xE0, 0x38, 0x0E, 0x03, 0x80, 0xE0, 0x38, 0x0E, 0x00, 0x0F, 0xF8, 0x1F,
    0xF0, 0x38, 0x60, 0x70, 0xC0, 0xE1, 0x81, 0xC3, 0x03, 0x86, 0x07, 0x0C, 0x0C, 0x18, 0x38, 0x30,
    0x70, 0x60, 0xE0, 0xC3, 0x81, 0x9F, 0xFF, 0xFF, 0xFF, 0xF0, 0x07, 0xE0, 0x0F, 0xC0, 0x1F, 0x80,
    0x38, 0xFF, 0xDF, 0xFB, 0x80, 0x70, 0x0E, 0x01, 0xC0, 0x3F, 0xE7, 0xFC, 0xE0, 0x1C, 0x03, 0x80,
    0x70, 0x0E, 0x01, 0xFF, 0xFF, 0xF8, 0x70, 0xE1, 0xCF, 0x1C, 0x78, 0xE3, 0x8E, 0x0E, 0x73, 0x80,
    0xEE, 0xE0, 0x1F, 0xF8, 0x01, 0xFF, 0x00, 0x1F, 0xC0, 0x07, 0xFC, 0x01, 0xDD, 0xC0, 0x73, 0xBC,
    0x1E, 0x73, 0xC3, 0x8E, 0x38, 0xE1, 0xC3, 0xBC, 0x38, 0x78, 0x7F, 0x8F, 0xF9, 0xCF, 0x00, 0x70,
    0x0C, 0x07, 0x87, 0xE0, 0xFE, 0x03, 0xE0, 0x1C, 0x03, 0x80, 0x77, 0x3F, 0xFF, 0x9F, 0xE0, 0xE0,
    0x3F, 0x03, 0xF8, 0x1F, 0xC1, 0xFE, 0x1F, 0xF1, 0xDF, 0x8E, 0xFC, 0xE7, 0xEE, 0x3F, 0xF1, 0xFF,
    0x0F, 0xF0, 0x7F, 0x83, 0xF8, 0x1F, 0x80, 0xE0, 0x1D, 0xC0, 0x7E, 0x03, 0xE0, 0x00, 0x0E, 0x03,
    0xF0, 0x3F, 0x81, 0xFC, 0x1F, 0xE1, 0xFF, 0x1D, 0xF8, 0xEF, 0xCE, 0x7E, 0xE3, 0xFF, 0x1F, 0xF0,
    0xFF, 0x07, 0xF8, 0x3F, 0x81, 0xF8, 0x0E, 0xE0, 0xF7, 0x07, 0x38, 0x71, 0xC7, 0x0E, 0x70, 0x77,
    0x03, 0xF0, 0x1F, 0x80, 0xFE, 0x07, 0x78, 0x39, 0xE1, 0xC7, 0x8E, 0x1E, 0x70, 0x7B, 0x81, 0xC0,
    0x0F, 0xF8, 0x3F, 0xE0, 0xE1, 0x83, 0x86, 0x0E, 0x18, 0x38, 0x60, 0xE1, 0x83, 0x86, 0x0E, 0x18,
    0x30, 0x61, 0xC1, 0x87, 0x06, 0x78, 0x1B, 0xE0, 0x6E, 0x01, 0x80, 0x70, 0x0E, 0x70, 0x0E, 0x78,
    0x1E, 0x78, 0x1F, 0x6C, 0x3F, 0x6C, 0x37, 0x66, 0x37, 0xE6, 0x67, 0xE7, 0x67, 0xE3, 0xE7, 0xE3,
    0xC7, 0xE3, 0xC7, 0xE1, 0xC7, 0xE0, 0x07, 0xE0, 0x03, 0xE0, 0x3E, 0x03, 0xE0, 0x3E, 0x03, 0xE0,
    0x3E, 0x03, 0xFF, 0xFF, 0xFF, 0xE0, 0x3E, 0x03, 0xE0, 0x3E, 0x03, 0xE0, 0x3E, 0x03, 0xE0, 0x30,
    0x0F, 0xE0, 0x7F, 0xE1, 0xF3, 0xE3, 0x81, 0xEE, 0x01, 0xDC, 0x03, 0xB8, 0x07, 0x70, 0x06, 0xE0,
    0x1D, 0xC0, 0x3B, 0x80, 0x73, 0x81, 0xE7, 0xCF, 0x87, 0xFE, 0x03, 0xF8, 0x00, 0xFF, 0xFF, 0xFF,
    0xE0, 0x7E, 0x07, 0xE0, 0x7E, 0x07, 0xE0, 0x7E, 0x07, 0xE0, 0x7E, 0x07, 0xE0, 0x7E, 0x07, 0xE0,
    0x7E, 0x07, 0xE0, 0x70, 0x7F, 0x8F, 0xFC, 0xE3, 0xEE, 0x0E, 0xE0, 0xEE, 0x0E, 0xE3, 0xEF, 0xFC,
    0xFF, 0x8E, 0x00, 0xE0, 0x0E, 0x00, 0xE0, 0x0E, 0x00, 0xE0, 0x00, 0x0F, 0xE3, 0xFF, 0x7C, 0x67,
    0x00, 0xE0, 0x0E, 0x00, 0xE0, 0x0E, 0x00, 0xE0, 0x0E, 0x00, 0xE0, 0x07, 0x00, 0x7C, 0x63, 0xFF,
    0x0F, 0xE0, 0xFF, 0xFF, 0xFF, 0x06, 0x00, 0x60, 0x06, 0x00, 0x60, 0x06, 0x00, 0x60, 0x06, 0x00,
    0x60, 0x06, 0x00, 0x60, 0x06, 0x00, 0x60, 0x06, 0x00, 0xE0, 0x73, 0x83, 0x9C, 0x1C, 0xE0, 0xC3,
    0x8E, 0x1C, 0x70, 0x73, 0x03, 0xF8, 0x0F, 0xC0, 0x3C, 0x01, 0xE0, 0x0E, 0x04, 0xF0, 0x3F, 0x01,
    0xF0, 0x00, 0x01, 0x80, 0x01, 0x80, 0x1F, 0xF8, 0x3F, 0xFC, 0x7D, 0xBE, 0xF1, 0x8F, 0xE1, 0x87,
    0xE1, 0x87, 0xE1, 0x87, 0xE1, 0x87, 0xF1, 0x8F, 0x7D, 0xBE, 0x3F, 0xFC, 0x1F, 0xF8, 0x01, 0x80,
    0x01, 0x80, 0x70, 0x7B, 0x83, 0x8E, 0x38, 0x3B, 0xC1, 0xDC, 0x07, 0xC0, 0x1E, 0x00, 0xE0, 0x0F,
    0x80, 0x7E, 0x07, 0x70, 0x71, 0xC3, 0x87, 0x38, 0x3B, 0x80, 0xE0, 0xE0, 0x73, 0x81, 0xCE, 0x07,
    0x38, 0x1C, 0xE0, 0x73, 0x81, 0xCE, 0x07, 0x38, 0x1C, 0xE0, 0x73, 0x81, 0xCE, 0x07, 0x38, 0x1C,
    0xE0, 0x73, 0xFF, 0xFF, 0xFF, 0xC0, 0x07, 0x00, 0x1C, 0x00, 0x70, 0x01, 0xC0, 0xE0, 0xFC, 0x1F,
    0x83, 0xF0, 0x7E, 0x0F, 0xC1, 0xF8, 0x3F, 0x8F, 0x7F, 0xE7, 0xFC, 0x03, 0x80, 0x70, 0x0E, 0x01,
    0xC0, 0x38, 0xE0, 0xE1, 0xF8, 0x38, 0x7E, 0x0E, 0x1F, 0x83, 0x87, 0xE0, 0xE1, 0xF8, 0x38, 0x7E,
    0x0E, 0x1F, 0x83, 0x87, 0xE0, 0xE1, 0xF8, 0x38, 0x7E, 0x0E, 0x1F, 0x83, 0x87, 0xE0, 0xE1, 0xFF,
    0xFF, 0xFF, 0xFF, 0xFC, 0xE0, 0xE1, 0xCE, 0x0E, 0x1C, 0xE0, 0xE1, 0xCE, 0x0E, 0x1C, 0xE0, 0xE1,
    0xCE, 0x0E, 0x1C, 0xE0, 0xE1, 0xCE, 0x0E, 0x1C, 0xE0, 0xE1, 0xCE, 0x0E, 0x1C, 0xE0, 0xE1, 0xCE,
    0x0E, 0x1C, 0xE0, 0xE1, 0xCF, 0xFF, 0xFF, 0xFF, 0xFF, 0xF0, 0x00, 0x07, 0x00, 0x00, 0x70, 0x00,
    0x07, 0x00, 0x00, 0x70, 0xFE, 0x01, 0xFC, 0x00, 0x38, 0x00, 0x70, 0x00, 0xE0, 0x01, 0xFE, 0x03,
    0xFF, 0x07, 0x3E, 0x0E, 0x1E, 0x1C, 0x1C, 0x38, 0x38, 0x70, 0xF0, 0xE3, 0xC1, 0xFF, 0x83, 0xFC,
    0x00, 0xE0, 0x07, 0xE0, 0x07, 0xE0, 0x07, 0xE0, 0x07, 0xE0, 0x07, 0xFF, 0x87, 0xFF, 0xC7, 0xE3,
    0xE7, 0xE0, 0xE7, 0xE0, 0xE7, 0xE0, 0xE7, 0xE0, 0xE7, 0xE3, 0xE7, 0xFF, 0xC7, 0x7F, 0x87, 0xE0,
    0x0E, 0x00, 0xE0, 0x0E, 0x00, 0xE0, 0x0F, 0xF8, 0xFF, 0xCE, 0x3E, 0xE0, 0xEE, 0x06, 0xE0, 0x6E,
    0x0E, 0xE3, 0xEF, 0xFC, 0x7F, 0x80, 0x7F, 0x0F, 0xFC, 0x63, 0xE0, 0x0E, 0x00, 0x70, 0x07, 0x1F,
    0xF1, 0xFF, 0x00, 0x70, 0x07, 0x00, 0x70, 0x0E, 0x63, 0xEF, 0xFC, 0x7F, 0x00, 0xE0, 0x7F, 0x0E,
    0x0F, 0xF8, 0xE1, 0xF3, 0xCE, 0x3C, 0x0E, 0xE3, 0x80, 0xEE, 0x38, 0x07, 0xFF, 0x80, 0x7F, 0xF8,
    0x07, 0xE3, 0x80, 0x7E, 0x38, 0x07, 0xE3, 0x80, 0xEE, 0x1C, 0x0E, 0xE1, 0xF3, 0xCE, 0x0F, 0xFC,
    0xE0, 0x7F, 0x00, 0x1F, 0xF3, 0xFF, 0x7C, 0x77, 0x07, 0x70, 0x77, 0x07, 0x7C, 0x73, 0xFF, 0x1F,
    0xF1, 0xC7, 0x1C, 0x73, 0x87, 0x38, 0x77, 0x07, 0x70, 0x70, 0x3F, 0x0F, 0xE3, 0x3C, 0x07, 0x3F,
    0xDF, 0xF7, 0x9D, 0x87, 0x71, 0xDF, 0xF3, 0xFC, 0x07, 0xC3, 0xF8, 0xFE, 0x38, 0x06, 0x01, 0xFF,
    0x3F, 0xF7, 0x9E, 0xE0, 0xFC, 0x1F, 0x83, 0xF0, 0x7E, 0x1C, 0xF7, 0x9F, 0xE1, 0xF8, 0xFF, 0x3F,
    0xEE, 0x3B, 0x8E, 0xFF, 0xBF, 0xEE, 0x3F, 0x87, 0xE3, 0xFF, 0xEF, 0xF0, 0xFF, 0xFF, 0xE0, 0xE0,
    0xE0, 0xE0, 0xE0, 0xE0, 0xE0, 0xE0, 0xE0, 0x1F, 0xE0, 0xFF, 0x07, 0x38, 0x39, 0xC1, 0xCE, 0x0C,
    0x70, 0xE3, 0x87, 0x1C, 0x70, 0xE7, 0xFF, 0xFF, 0xFF, 0xC0, 0x7E, 0x03, 0xF0, 0x1C, 0x3F, 0x1F,
    0xEF, 0x3F, 0x87, 0xFF, 0xFF, 0xFE, 0x03, 0x80, 0xF9, 0x9F, 0xE3, 0xF8, 0x71, 0x8E, 0x39, 0x9C,
    0x39, 0x9C, 0x1D, 0xB8, 0x0F, 0xF0, 0x07, 0xE0, 0x0F, 0xF0, 0x1D, 0xB8, 0x39, 0x9C, 0x71, 0x8E,
    0xE1, 0x87, 0x7F, 0x1F, 0xE6, 0x38, 0x0E, 0x3F, 0x0F, 0xE0, 0x38, 0x07, 0x63, 0xDF, 0xE7, 0xF0,
    0xE1, 0xF8, 0xFE, 0x3F, 0x9F, 0xEE, 0xFB, 0x3F, 0xCF, 0xE3, 0xF0, 0xFC, 0x3E, 0x0C, 0x3B, 0x8F,
    0xC1, 0xF0, 0x00, 0x00, 0x38, 0x7E, 0x3F, 0x8F, 0xE7, 0xFB, 0xBE, 0xCF, 0xF3, 0xF8, 0xFC, 0x3F,
    0x0F, 0x83, 0xE3, 0xF9, 0xEE, 0x73, 0xB8, 0xFC, 0x3E, 0x0F, 0xE3, 0xBC, 0xE7, 0xB8, 0xEE, 0x1C,
    0x1F, 0xE3, 0xFC, 0x71, 0x8E, 0x31, 0xC6, 0x38, 0xC6, 0x19, 0xC3, 0x78, 0x7E, 0x0F, 0x81, 0x80,
    0x70, 0x3B, 0x83, 0xDE, 0x1E, 0xF1, 0xFF, 0xCF, 0xF6, 0xFF, 0xB6, 0xFC, 0xF3, 0xE7, 0x1F, 0x38,
    0xF8, 0x06, 0xE1, 0xF8, 0x7E, 0x1F, 0x87, 0xFF, 0xFF, 0xFE, 0x1F, 0x87, 0xE1, 0xF8, 0x7E, 0x1C,
    0x3F, 0x0F, 0xF3, 0xEF, 0x70, 0xEE, 0x0F, 0xC1, 0xF8, 0x3F, 0x0E, 0xF3, 0xCF, 0xF0, 0xFC, 0x00,
    0xFF, 0xFF, 0xFE, 0x1F, 0x87, 0xE1, 0xF8, 0x7E, 0x1F, 0x87, 0xE1, 0xF8, 0x7E, 0x1C, 0xFF, 0x1F,
    0xF3, 0x8F, 0x70, 0xEE, 0x0F, 0xC1, 0xF8, 0x3F, 0x0E, 0xF3, 0xDF, 0xF3, 0xFC, 0x70, 0x0E, 0x01,
    0xC0, 0x38, 0x00, 0x3F, 0x3F, 0xBE, 0x5C, 0x0E, 0x07, 0x03, 0x81, 0xC0, 0xF9, 0x3F, 0xCF, 0xE0,
    0xFF, 0xFF, 0xF0, 0xC0, 0x30, 0x0C, 0x03, 0x00, 0xC0, 0x30, 0x0C, 0x03, 0x00, 0xC0, 0xE0, 0xDC,
    0x39, 0xC7, 0x38, 0xC7, 0x18, 0x77, 0x0E, 0xE0, 0xD8, 0x1F, 0x01, 0xC0, 0x38, 0x07, 0x01, 0xC1,
    0xF8, 0x3E, 0x00, 0x03, 0x00, 0x06, 0x00, 0x0C, 0x00, 0x18, 0x00, 0x30, 0x03, 0xFC, 0x1F, 0xFE,
    0x3D, 0xBE, 0xE3, 0x1D, 0xC6, 0x1B, 0x0C, 0x37, 0x18, 0x6E, 0x31, 0xCF, 0x6F, 0x9F, 0xFE, 0x0F,
    0xF0, 0x03, 0x00, 0x06, 0x00, 0x0C, 0x00, 0x18, 0x00, 0xE1, 0xCE, 0x70, 0xEE, 0x0F, 0x81, 0xE0,
    0x1C, 0x07, 0xC1, 0xF8, 0x73, 0x8E, 0x3B, 0x83, 0x00, 0xE1, 0xDC, 0x3B, 0x87, 0x70, 0xEE, 0x1D,
    0xC3, 0xB8, 0x77, 0x0E, 0xE1, 0xDF, 0xFF, 0xFF, 0x80, 0x30, 0x06, 0x00, 0xC0, 0x61, 0xD8, 0x76,
    0x1D, 0x87, 0x71, 0xDF, 0xF3, 0xFC, 0x07, 0x01, 0xC0, 0x70, 0x1C, 0xE3, 0x8F, 0xC7, 0x1F, 0x8E,
    0x3F, 0x1C, 0x7E, 0x38, 0xFC, 0x71, 0xF8, 0xE3, 0xF1, 0xC7, 0xE3, 0x8F, 0xFF, 0xFF, 0xFF, 0xF8,
    0xE3, 0x8E, 0x71, 0xC7, 0x38, 0xE3, 0x9C, 0x71, 0xCE, 0x38, 0xE7, 0x1C, 0x73, 0x8E, 0x39, 0xC7,
    0x1C, 0xE3, 0x8E, 0x7F, 0xFF, 0xBF, 0xFF, 0xC0, 0x00, 0x60, 0x00, 0x30, 0x00, 0x18, 0xF8, 0x0F,
    0x80, 0x18, 0x01, 0xFE, 0x1F, 0xF1, 0xCF, 0x18, 0x71, 0x87, 0x1C, 0xF1, 0xFF, 0x1F, 0xE0, 0xE0,
    0x1F, 0x80, 0x7E, 0x01, 0xF8, 0x07, 0xFF, 0x1F, 0xFE, 0x7E, 0x39, 0xF8, 0x77, 0xE3, 0x9F, 0xFE,
    0x7F, 0xF1, 0xC0, 0xE0, 0x38, 0x0E, 0x03, 0xFC, 0xFF, 0xB8, 0xFE, 0x1F, 0x87, 0xE3, 0xFF, 0xEF,
    0xF0, 0x7E, 0x1F, 0xC6, 0x78, 0x06, 0x1F, 0xC7, 0xF0, 0x1C, 0x0E, 0x47, 0xBF, 0xCF, 0xE0, 0xE1,
    0xF9, 0xC7, 0xFB, 0x9E, 0x7F, 0x38, 0x7F, 0xE0, 0xFF, 0xC0, 0xF9, 0x83, 0xF3, 0x87, 0xE7, 0x9F,
    0xC7, 0xFB, 0x87, 0xE0, 0x1F, 0xCF, 0xF7, 0x9D, 0xC3, 0x78, 0xDF, 0xF3, 0xFC, 0xE3, 0x30, 0xDC,
    0x36, 0x0C, 0x18, 0x0F, 0x01, 0xC0, 0x30, 0x00, 0x0F, 0xC7, 0xFB, 0xCF, 0xE1, 0xFF, 0xFF, 0xFF,
    0x80, 0xE0, 0x3E, 0x67, 0xF8, 0xFE, 0x33, 0x0C, 0xC0, 0x00, 0x00, 0x3F, 0x1F, 0xEF, 0x3F, 0x87,
    0xFF, 0xFF, 0xFE, 0x03, 0x80, 0xF9, 0x9F, 0xE3, 0xF8, 0x70, 0x1F, 0xE3, 0xFC, 0x38, 0x07, 0x00,
    0xFF, 0x1F, 0xF3, 0xCE, 0x70, 0xEE, 0x1D, 0xC3, 0xB8, 0x77, 0x0E, 0xE1, 0xDC, 0x3B, 0x87, 0x00,
    0xE0, 0x1C, 0x0F, 0x01, 0xE0, 0x06, 0x0E, 0x1C, 0x18, 0x00, 0xFF, 0xFF, 0xE0, 0xE0, 0xE0, 0xE0,
    0xE0, 0xE0, 0xE0, 0xE0, 0xE0, 0x3F, 0xBF, 0xFC, 0x5C, 0x0F, 0xE7, 0xF3, 0x81, 0xC0, 0xF9, 0xBF,
    0xCF, 0xE0, 0x3F, 0x3F, 0x9C, 0xCE, 0x07, 0xC1, 0xF8, 0x3E, 0x07, 0x47, 0xBF, 0xDF, 0xC0, 0xFC,
    0x01, 0xFF, 0xFF, 0xFF, 0xFF, 0xEF, 0xDC, 0x00, 0x03, 0x87, 0x0E, 0x1C, 0x38, 0x70, 0xE1, 0xC3,
    0x87, 0x0E, 0x00, 0x1C, 0x70, 0x00, 0x00, 0x71, 0xC7, 0x1C, 0x71, 0xC7, 0x1C, 0x71, 0xC7, 0x1C,
    0xFF, 0xBE, 0x1F, 0xE0, 0x07, 0xF8, 0x01, 0xC6, 0x00, 0x71, 0x80, 0x1C, 0x7F, 0x07, 0x1F, 0xE1,
    0x86, 0x3C, 0xE1, 0x87, 0xF8, 0x63, 0xFC, 0x1F, 0xEE, 0x07, 0xF0, 0xE1, 0xC0, 0x70, 0xE0, 0x38,
    0x70, 0x1C, 0x38, 0x0F, 0xFF, 0xE7, 0xFF, 0xFB, 0x87, 0x1D, 0xC3, 0x87, 0xE1, 0xC7, 0x70, 0xFF,
    0xB8, 0x7F, 0x80, 0x70, 0x1F, 0xE3, 0xFC, 0x38, 0x07, 0x00, 0xFF, 0x1F, 0xF3, 0xCF, 0x70, 0xEE,
    0x1D, 0xC3, 0xB8, 0x77, 0x0E, 0xE1, 0xDC, 0x3B, 0x87, 0x06, 0x03, 0xC0, 0xE0, 0x30, 0x00, 0x38,
    0xFE, 0x7B, 0x9C, 0xEE, 0x3F, 0x0F, 0x83, 0xF8, 0xEF, 0x39, 0xEE, 0x3B, 0x87, 0x18, 0x07, 0x00,
    0xE0, 0x18, 0x00, 0x38, 0x7E, 0x3F, 0x8F, 0xE7, 0xFB, 0xBE, 0xCF, 0xF3, 0xF8, 0xFC, 0x3F, 0x0F,
    0x83, 0x3B, 0x87, 0xF0, 0x7C, 0x00, 0x00, 0x01, 0xC1, 0xB8, 0x73, 0x8E, 0x71, 0x8E, 0x30, 0xEE,
    0x1D, 0xC1, 0xB0, 0x3E, 0x03, 0x80, 0x70, 0x0E, 0x03, 0x83, 0xF0, 0x7C, 0x00, 0xE1, 0xF8, 0x7E,
    0x1F, 0x87, 0xE1, 0xF8, 0x7E, 0x1F, 0x87, 0xE1, 0xFF, 0xFF, 0xFC, 0x30, 0x0C, 0x03, 0x00, 0x0E,
    0x00, 0x1C, 0x03, 0xFF, 0x87, 0xFF, 0x00, 0xE0, 0x01, 0xC0, 0x03, 0xFC, 0x07, 0xFE, 0x0E, 0x7C,
    0x1C, 0x1C, 0x38, 0x38, 0x70, 0x70, 0xE1, 0xE1, 0xC7, 0x83, 0xFF, 0x07, 0xF8, 0x18, 0x01, 0x80,
    0x18, 0x01, 0x80, 0x18, 0x0F, 0xF8, 0xFF, 0x81, 0x80, 0x1F, 0xE1, 0xFF, 0x1C, 0xF1, 0x87, 0x18,
    0x71, 0xCF, 0x1F, 0xF1, 0xFE, 0x7F, 0xFC, 0x7F, 0xFC, 0x38, 0x18, 0x1C, 0x38, 0x0E, 0x70, 0x0E,
    0xE0, 0x07, 0xE0, 0x1F, 0xF8, 0x3F, 0xFC, 0x73, 0x9C, 0x73, 0x8C, 0x63, 0x8E, 0x63, 0x8E, 0xE3,
    0x86, 0xE3, 0x86, 0x7F, 0xF3, 0xFF, 0x9C, 0x38, 0x7B, 0x80, 0xF8, 0x1F, 0xE1, 0xFF, 0x8E, 0xEE,
    0x67, 0x77, 0x39, 0xB9, 0xCE, 0x0F, 0xE0, 0x7F, 0xE1, 0xF3, 0xE3, 0x81, 0xEE, 0x01, 0xDF, 0xC3,
    0xBF, 0xE7, 0x79, 0xFE, 0xE1, 0xFD, 0xC0, 0x3B, 0x80, 0x73, 0x81, 0xE7, 0xCF, 0x87, 0xFE, 0x03,
    0xF8, 0x00, 0x3F, 0x0F, 0xF3, 0xCF, 0x7C, 0xEF, 0xFF, 0xDF, 0xF9, 0xFF, 0x06, 0xFB, 0xCF, 0xF0,
    0xFC, 0x00, 0xE0, 0x0F, 0x70, 0x0F, 0x9C, 0x0F, 0xCE, 0x07, 0x07, 0x03, 0x01, 0xC3, 0x80, 0xE1,
    0xC0, 0x71, 0xC0, 0x1C, 0xE0, 0x0E, 0x60, 0x03, 0xF0, 0x01, 0xF8, 0x00, 0xF8, 0x00, 0x3C, 0x00,
    0x1C, 0x00, 0xE0, 0xFE, 0x0F, 0x71, 0xC7, 0x18, 0x73, 0x83, 0xB8, 0x3B, 0x01, 0xF0, 0x1F, 0x01,
    0xE0, 0x0E, 0x00, 0x1D, 0xC0, 0x1F, 0x80, 0x3E, 0x00, 0x00, 0x0E, 0x03, 0x9C, 0x0F, 0x38, 0x1E,
    0x70, 0x7C, 0xE1, 0xF9, 0xC7, 0x73, 0x8E, 0xE7, 0x39, 0xCE, 0xE3, 0x9F, 0xC7, 0x3F, 0x0E, 0x7C,
    0x1C, 0xF8, 0x39, 0xE0, 0x7F, 0x80, 0xF8, 0x00, 0x60, 0x01, 0xC0, 0x03, 0x00, 0x0E, 0x00, 0x3B,
    0x83, 0xF0, 0x1F, 0x00, 0x00, 0x00, 0x0E, 0x1C, 0xE3, 0xCE, 0x3C, 0xE7, 0xCE, 0xEC, 0xEC, 0xCF,
    0xCC, 0xF8, 0xCF, 0x0C, 0xF0, 0xCE, 0x0F, 0x00, 0x70, 0x07, 0x00, 0xE0, 0x0C, 0x30, 0x01, 0x80,
    0x3F, 0x81, 0xFC, 0x03, 0x00, 0x18, 0x00, 0xFF, 0x07, 0xFE, 0x39, 0xF1, 0x83, 0xCC, 0x0E, 0x60,
    0x73, 0x07, 0x9C, 0xF8, 0xFF, 0xC7, 0xF8, 0xFE, 0x1F, 0xC1, 0xC0, 0x38, 0x07, 0xF8, 0xFF, 0x9C,
    0x7B, 0x87, 0x71, 0xEF, 0xF8, 0xFE, 0x00, 0x7F, 0x8F, 0xFC, 0xE3, 0xEE, 0x0E, 0xE0, 0xEE, 0x6E,
    0xE7, 0xEF, 0xFC, 0xFF, 0x8E, 0x18, 0xE1, 0xCE, 0x0C, 0xE0, 0x0E, 0x00, 0xE0, 0x00, 0xFF, 0x1F,
    0xF3, 0x8F, 0x70, 0xEE, 0x0F, 0xC1, 0xF9, 0xBF, 0x3E, 0xF7, 0xDF, 0xF3, 0xFE, 0x70, 0xCE, 0x19,
    0xC0, 0x38, 0x00, 0x01, 0xC0, 0x70, 0x1F, 0xFF, 0xFF, 0xF8, 0x0E, 0x03, 0x80, 0xE0, 0x38, 0x0E,
    0x03, 0x80, 0xE0, 0x38, 0x0E, 0x03, 0x80, 0xE0, 0x38, 0x00, 0x03, 0x03, 0x03, 0xFF, 0xFF, 0xE0,
    0xE0, 0xE0, 0xE0, 0xE0, 0xE0, 0xE0, 0xE0, 0xE0, 0x3F, 0xE7, 0xFC, 0xC0, 0x18, 0x03, 0x00, 0x60,
    0x3F, 0xC7, 0xF8, 0x30, 0x06, 0x00, 0xC0, 0x18, 0x03, 0x00, 0x60, 0x0C, 0x00, 0x7F, 0xBF, 0xDC,
    0x0E, 0x07, 0x07, 0xF3, 0xF8, 0xE0, 0x70, 0x38, 0x1C, 0x00, 0xFF, 0xCF, 0xFC, 0xE0, 0x0E, 0x00,
    0xE0, 0x0E, 0x00, 0xFF, 0x8F, 0xFC, 0xF3, 0xEE, 0x0E, 0xE0, 0x6E, 0x07, 0xE0, 0x7E, 0x07, 0xE0,
    0xE0, 0x0E, 0x03, 0xE0, 0xFC, 0x0F, 0x80, 0xFF, 0x3F, 0xCE, 0x03, 0x80, 0xFF, 0x3F, 0xEE, 0x3F,
    0x87, 0xE1, 0xF8, 0x7E, 0x1C, 0x07, 0x03, 0x83, 0xE0, 0xF0, 0x70, 0xE1, 0xC7, 0x8E, 0x3C, 0x38,
    0xE7, 0x81, 0xCE, 0x70, 0x0E, 0xEE, 0x00, 0x7F, 0xC0, 0x07, 0xFC, 0x00, 0x3F, 0x80, 0x07, 0xFC,
    0x00, 0xEE, 0xE0, 0x1C, 0xEF, 0x03, 0xCE, 0x78, 0x38, 0xE3, 0xC7, 0x0E, 0x1F, 0xF0, 0xE1, 0xF0,
    0x00, 0x07, 0x00, 0x00, 0x70, 0x00, 0x07, 0x00, 0x00, 0x70, 0x71, 0x8E, 0x1C, 0xCE, 0x0E, 0x67,
    0x03, 0xB7, 0x00, 0xFF, 0x00, 0x3F, 0x80, 0x3F, 0xE0, 0x3B, 0xF8, 0x39, 0x9E, 0x38, 0xC7, 0xF8,
    0x61, 0xE0, 0x00, 0x70, 0x00, 0x38, 0x00, 0x1C, 0x7F, 0x8F, 0xF9, 0xCF, 0x00, 0x70, 0x0C, 0x07,
    0x87, 0xE0, 0xFE, 0x03, 0xE0, 0x1C, 0x03, 0x80, 0x77, 0x3F, 0xFF, 0x9F, 0xE0, 0x70, 0x07, 0x03,
    0xC0, 0x7F, 0x1F, 0xE6, 0x38, 0x0E, 0x3F, 0x0F, 0xE0, 0x38, 0x07, 0x63, 0x9F, 0xE7, 0xF0, 0x30,
    0x0E, 0x0F, 0x80, 0xE0, 0xF7, 0x0F, 0x38, 0x71, 0xC7, 0x0E, 0x70, 0x77, 0x03, 0xF0, 0x1F, 0x80,
    0xFE, 0x07, 0x78, 0x39, 0xE1, 0xC7, 0x8E, 0x1E, 0x70, 0x7F, 0x81, 0xE0, 0x07, 0x00, 0x38, 0x01,
    0xC0, 0x0E, 0xE3, 0xDC, 0xF3, 0x9C, 0x77, 0x0F, 0xC1, 0xF0, 0x3F, 0x87, 0x78, 0xE7, 0x9C, 0x7F,
    0x87, 0x80, 0x70, 0x0E, 0x01, 0xC0, 0x00, 0xE0, 0x3B, 0x81, 0xCE, 0x0F, 0x38, 0x38, 0xED, 0xC3,
    0xBE, 0x0E, 0xF8, 0x3F, 0xC0, 0xFF, 0x83, 0xBF, 0x0E, 0xDE, 0x3B, 0x38, 0xE0, 0x73, 0x80, 0xEE,
    0x03, 0x80, 0xE0, 0xEE, 0x1C, 0xE1, 0xCE, 0xF8, 0xEF, 0x0F, 0xE0, 0xEF, 0x0E, 0xF8, 0xE1, 0xCE,
    0x0E, 0xE0, 0x70, 0x30, 0x38, 0xC1, 0xCF, 0xEE, 0x3F, 0xF0, 0x33, 0x80, 0xDC, 0x03, 0xF0, 0x0F,
    0x80, 0x3F, 0x00, 0xCE, 0x03, 0x1C, 0x0C, 0x38, 0x30, 0x70, 0xC1, 0xE3, 0x03, 0x80, 0x70, 0xEF,
    0xDC, 0x73, 0x87, 0x70, 0x7E, 0x07, 0xE0, 0x77, 0x07, 0x38, 0x73, 0xC7, 0x1E, 0x70, 0xE0, 0xFE,
    0x0E, 0xFE, 0x1C, 0x0E, 0x38, 0x0E, 0x70, 0x0E, 0xE0, 0x0F, 0xC0, 0x0F, 0xC0, 0x0F, 0x80, 0x0F,
    0xC0, 0x0E, 0xE0, 0x0E, 0x70, 0x0E, 0x38, 0x0E, 0x1C, 0x0E, 0x1E, 0x0E, 0x0E, 0xF8, 0x77, 0xC7,
    0x06, 0x70, 0x37, 0x01, 0xF0, 0x0F, 0x80, 0x7E, 0x03, 0x38, 0x18, 0xE0, 0xC3, 0x86, 0x1E, 0xE0,
    0x33, 0x80, 0xCE, 0x03, 0x38, 0x0C, 0xE0, 0x33, 0x80, 0xCF, 0xFF, 0x3F, 0xFC, 0xE0, 0x33, 0x80,
    0xCE, 0x03, 0x38, 0x0C, 0xE0, 0x33, 0x80, 0xFE, 0x03, 0xC0, 0x03, 0x00, 0x0C, 0x00, 0x30, 0x00,
    0xC0, 0xE1, 0xCE, 0x1C, 0xE1, 0xCE, 0x1C, 0xFF, 0xCF, 0xFC, 0xE1, 0xCE, 0x1C, 0xE1, 0xCE, 0x1E,
    0xE1, 0xE0, 0x06, 0x00, 0x60, 0x06, 0xE0, 0x3F, 0xE0, 0x3F, 0xE0, 0x30, 0xE0, 0x30, 0xE0, 0x30,
    0xE0, 0x30, 0xFF, 0xF0, 0xFF, 0xF0, 0xE0, 0x30, 0xE0, 0x30, 0xE0, 0x30, 0xE0, 0x30, 0xE0, 0x30,
    0xE0, 0x30, 0xE0, 0x30, 0xE1, 0xFF, 0x0F, 0xF8, 0x71, 0xC3, 0x8F, 0xFC, 0x7F, 0xE3, 0x87, 0x1C,
    0x38, 0xE1, 0xC7, 0x0E, 0x38, 0x70, 0xFF, 0xF0, 0x0F, 0xFF, 0x00, 0xE0, 0x70, 0x0E, 0x07, 0x00,
    0xE0, 0x70, 0x0E, 0x07, 0x00, 0xE0, 0x7F, 0x8E, 0x07, 0xFE, 0xE0, 0x79, 0xEE, 0x07, 0x07, 0xE0,
    0x70, 0x7E, 0x07, 0x07, 0xE0, 0x70, 0x7E, 0x07, 0x07, 0xE0, 0x70, 0x70, 0x00, 0x0F, 0x00, 0x01,
    0xE0, 0x00, 0x7E, 0x00, 0x07, 0x80, 0xFF, 0xC0, 0x7F, 0xE0, 0x38, 0x70, 0x1C, 0x38, 0x0E, 0x1F,
    0xE7, 0x0F, 0xFB, 0x87, 0x3D, 0xC3, 0x87, 0xE1, 0xC3, 0xF0, 0xE1, 0xF8, 0x70, 0xE0, 0x00, 0x70,
    0x00, 0xF0, 0x00, 0xF8, 0x00, 0x78, 0x0F, 0xE0, 0x7F, 0xC1, 0xF1, 0x83, 0x80, 0x0E, 0x1F, 0x9C,
    0x7F, 0xB8, 0xF7, 0x71, 0x86, 0xE7, 0x0F, 0xCE, 0x1F, 0x9C, 0x33, 0x98, 0xE7, 0xFF, 0xC7, 0xFF,
    0x03, 0xF8, 0x00, 0xE0, 0x00, 0xF8, 0x00, 0xF8, 0x00, 0xF0, 0x3E, 0x0F, 0xC3, 0xE0, 0x73, 0xEC,
    0xFF, 0x9D, 0xF3, 0x1F, 0x67, 0xFF, 0xEF, 0xF8, 0xFE, 0x03, 0xC0, 0x3E, 0x03, 0xC0, 0x0F, 0xE3,
    0xFF, 0x7C, 0x67, 0x00, 0xE0, 0x0E, 0x00, 0xE0, 0x0E, 0x00, 0xE0, 0x0E, 0x00, 0xE0, 0x07, 0x00,
    0x7C, 0x63, 0xFF, 0x1F, 0xE0, 0x70, 0x03, 0x80, 0xF0, 0x3F, 0x3F, 0xBE, 0x5C, 0x0E, 0x07, 0x03,
    0x81, 0xC0, 0xF9, 0x3F, 0xCF, 0xE1, 0x80, 0xE0, 0x70, 0xF8, 0xFF, 0xFF, 0xFF, 0x06, 0x00, 0x60,
    0x06, 0x00, 0x60, 0x06, 0x00, 0x60, 0x06, 0x00, 0x60, 0x06, 0x00, 0x60, 0x06, 0x00, 0x78, 0x07,
    0x80, 0x18, 0x01, 0x80, 0x18, 0x01, 0x80, 0xFF, 0xFF, 0xF0, 0xC0, 0x30, 0x0C, 0x03, 0x00, 0xC0,
    0x30, 0x0C, 0x03, 0xC0, 0xF0, 0x1C, 0x07, 0x01, 0xC0, 0xE0, 0x3B, 0x83, 0x9C, 0x38, 0x71, 0xC3,
    0x9C, 0x0E, 0xE0, 0x7E, 0x01, 0xF0, 0x07, 0x00, 0x38, 0x01, 0xC0, 0x0E, 0x00, 0x70, 0x03, 0x80,
    0x1C, 0x00, 0xE0, 0xDC, 0x39, 0xC7, 0x38, 0xE7, 0x38, 0x77, 0x0E, 0xC1, 0xF8, 0x1F, 0x03, 0xC0,
    0x38, 0x07, 0x00, 0xE0, 0x1C, 0x03, 0x80, 0xE0, 0x3B, 0x83, 0x9C, 0x18, 0x71, 0xC3, 0x9C, 0x0E,
    0xE0, 0x7E, 0x01, 0xF0, 0x0F, 0x01, 0xFF, 0x0F, 0xF8, 0x0E, 0x00, 0x70, 0x03, 0x80, 0x1C, 0x00,
    0xE0, 0xDC, 0x39, 0xC7, 0x38, 0xC7, 0x38, 0x77, 0x0E, 0xC0, 0xF8, 0x1E, 0x0F, 0xF1, 0xFE, 0x07,
    0x00, 0xE0, 0x1C, 0x03, 0x80, 0x70, 0x79, 0xC1, 0xC3, 0x8E, 0x07, 0x78, 0x1F, 0xC0, 0x3E, 0x00,
    0x78, 0x01, 0xE0, 0x0F, 0x80, 0x3F, 0x01, 0xDE, 0x0E, 0x38, 0x38, 0x71, 0xC1, 0xFE, 0x03, 0xC0,
    0x07, 0x00, 0x1C, 0x00, 0x70, 0x01, 0xC0, 0xF1, 0xCE, 0x70, 0xEE, 0x0F, 0x81, 0xE0, 0x1C, 0x07,
    0xC1, 0xFC, 0x73, 0x8E, 0x3F, 0x83, 0x80, 0x30, 0x06, 0x00, 0xC0, 0xFF, 0xE7, 0x3F, 0xF9, 0xC0,
    0xE0, 0x70, 0x38, 0x1C, 0x0E, 0x07, 0x03, 0x81, 0xC0, 0xE0, 0x70, 0x38, 0x1C, 0x0E, 0x07, 0x03,
    0x81, 0xC0, 0xE0, 0x70, 0x38, 0x1C, 0x0E, 0x07, 0x03, 0xFF, 0xF0, 0xFF, 0xFC, 0x00, 0x07, 0x00,
    0x01, 0xC0, 0x00, 0x70, 0x00, 0x1C, 0xFF, 0x33, 0xFC, 0xC1, 0xC3, 0x07, 0x0C, 0x1C, 0x30, 0x70,
    0xC1, 0xC3, 0x07, 0x0C, 0x1C, 0x30, 0x7F, 0xF1, 0xFF, 0xC0, 0x07, 0x00, 0x1C, 0x00, 0x70, 0xE0,
    0xE7, 0x07, 0x38, 0x39, 0xC1, 0xCE, 0x0E, 0x70, 0x73, 0x83, 0x9E, 0x3C, 0x7F, 0xE1, 0xFF, 0x00,
    0x38, 0x01, 0xC0, 0x0E, 0x00, 0x7C, 0x03, 0xE0, 0x07, 0x00, 0x38, 0x01, 0xC0, 0x0E, 0x61, 0xCC,
    0x39, 0x87, 0x30, 0xE7, 0x1C, 0xFF, 0x8F, 0xF0, 0x0E, 0x01, 0xC0, 0x3C, 0x07, 0x80, 0x30, 0x06,
    0x00, 0xC0, 0xE0, 0xFC, 0x1F, 0x83, 0xF0, 0x7E, 0x0F, 0xDD, 0xFB, 0xBF, 0xFF, 0x7F, 0xE7, 0xFC,
    0x3B, 0x87, 0x70, 0xEE, 0x01, 0xC0, 0x38, 0xE1, 0xF8, 0x7E, 0x1F, 0xB7, 0x7D, 0xDF, 0xF3, 0xFC,
    0x37, 0x0D, 0xC0, 0x70, 0x1C, 0xE0, 0x0E, 0x00, 0xE0, 0x0E, 0x00, 0xE0, 0x0F, 0xFC, 0xFF, 0xEF,
    0x1E, 0xE0, 0xEE, 0x07, 0xE0, 0x7E, 0x07, 0xE0, 0x7E, 0x07, 0xE0, 0x70, 0xE0, 0x38, 0x0E, 0x03,
    0x80, 0xE0, 0x3F, 0xCF, 0xFB, 0xCF, 0xE1, 0xF8, 0x7E, 0x1F, 0x87, 0xE1, 0xF8, 0x7E, 0x1F, 0x87,
    0x01, 0xFC, 0x01, 0xFF, 0x01, 0xE7, 0xC1, 0xE0, 0xEC, 0xE0, 0x37, 0x70, 0x1F, 0xFF, 0xFE, 0xFF,
    0xFF, 0x0E, 0x00, 0x07, 0x00, 0x03, 0x80, 0x01, 0xE0, 0x00, 0x7C, 0x60, 0x1F, 0xF8, 0x07, 0xF8,
    0x07, 0xE0, 0x7F, 0xB3, 0xDF, 0xF8, 0x7F, 0xFF, 0xBF, 0xFC, 0x70, 0x03, 0x80, 0x0F, 0x10, 0x7F,
    0x81, 0xFC, 0x01, 0xFC, 0x01, 0xFF, 0x01, 0xE7, 0xC1, 0xE0, 0xEC, 0xE0, 0x37, 0x70, 0x1F, 0xFF,
    0xFE, 0xFF, 0xFF, 0x0E, 0x00, 0x07, 0x00, 0x03, 0x80, 0x01, 0xE0, 0x00, 0x7C, 0x60, 0x1F, 0xF8,
    0x07, 0xF8, 0x00, 0xE0, 0x00, 0x70, 0x00, 0x38, 0x00, 0x1C, 0x00, 0x07, 0xE0, 0x7F, 0xB3, 0xDF,
    0xF8, 0x7F, 0xFF, 0xBF, 0xFC, 0x70, 0x03, 0x80, 0x0F, 0x10, 0x7F, 0x80, 0xFC, 0x03, 0x80, 0x1C,
    0x00, 0xE0, 0xFF, 0xFF, 0xFF, 0xFF, 0xFF, 0xF8, 0x03, 0xB8, 0x00, 0x7F, 0x00, 0x07, 0xC0, 0x00,
    0x00, 0x07, 0x0E, 0x1C, 0xF1, 0xC7, 0x8E, 0x38, 0xE0, 0xE7, 0x38, 0x0E, 0xEE, 0x01, 0xFF, 0x80,
    0x1F, 0xF0, 0x01, 0xFC, 0x00, 0x7F, 0xC0, 0x1D, 0xDC, 0x07, 0x3B, 0xC1, 0xE7, 0x3C, 0x38, 0xE3,
    0x8E, 0x1C, 0x3B, 0xC3, 0x87, 0x80, 0x06, 0x60, 0x07, 0xE0, 0x03, 0xC0, 0x00, 0x00, 0x00, 0x00,
    0x71, 0x8E, 0x39, 0x9C, 0x39, 0x9C, 0x1D, 0xB8, 0x0F, 0xF0, 0x07, 0xE0, 0x0F, 0xF0, 0x1D, 0xB8,
    0x39, 0x9C, 0x71, 0x8E, 0xE1, 0x87, 0xE0, 0xEE, 0x1E, 0xE1, 0xCE, 0x38, 0xE7, 0x0E, 0xE0, 0xFC,
    0x0F, 0xF8, 0xFF, 0xCE, 0x3E, 0xE0, 0xEE, 0x07, 0xE0, 0x7E, 0x07, 0xE0, 0x70, 0x0E, 0x01, 0xE0,
    0xFC, 0x0F, 0x80, 0xE3, 0xF8, 0xEE, 0x73, 0xB8, 0xFC, 0x3F, 0xCF, 0xFB, 0x9F, 0xE1, 0xF8, 0x7E,
    0x1C, 0x07, 0x03, 0xC3, 0xE0, 0xF0, 0x0F, 0xF8, 0x1F, 0xF0, 0x38, 0x60, 0x70, 0xC0, 0xE1, 0x81,
    0xC3, 0x03, 0x86, 0x07, 0x0C, 0x0E, 0x18, 0x18, 0x30, 0x70, 0x60, 0xE0, 0xC7, 0x81, 0x9F, 0x03,
    0xF8, 0x07, 0x80, 0x07, 0x00, 0x0E, 0x00, 0x38, 0x00, 0x60, 0x1F, 0xE0, 0xFF, 0x07, 0x18, 0x38,
    0xC1, 0xC6, 0x0E, 0x30, 0x61, 0x87, 0x0C, 0x78, 0x67, 0x83, 0x38, 0x1E, 0x00, 0x70, 0x03, 0x80,
    0x38, 0x01, 0x80, 0xE0, 0x3E, 0x03, 0xE0, 0x3E, 0x03, 0xE0, 0x3E, 0x03, 0xFF, 0xFF, 0xFF, 0xE0,
    0x3E, 0x03, 0xE0, 0x3E, 0x03, 0xE0, 0x3E, 0x03, 0xE0, 0x30, 0x03, 0x00, 0x70, 0x1F, 0x01, 0xE0,
    0xE1, 0xF8, 0x7E, 0x1F, 0x87, 0xFF, 0xFF, 0xFE, 0x1F, 0x87, 0xE1, 0xF8, 0x7E, 0x1C, 0x07, 0x01,
    0xC1, 0xF0, 0x78, 0xE0, 0x33, 0x80, 0xCE, 0x03, 0x38, 0x0C, 0xE0, 0x33, 0x80, 0xCF, 0xFF, 0x3F,
    0xFC, 0xE0, 0x33, 0x80, 0xCE, 0x03, 0x38, 0x0C, 0xE0, 0x33, 0x80, 0xFE, 0x03, 0xC0, 0x07, 0x00,
    0x18, 0x00, 0xE0, 0x03, 0x00, 0xE1, 0xCE, 0x1C, 0xE1, 0xCE, 0x1C, 0xFF, 0xCF, 0xFC, 0xE1, 0xCE,
    0x1C, 0xE1, 0xCE, 0x1C, 0xE1, 0xF0, 0x07, 0x00, 0x60, 0x0E, 0x00, 0xC0, 0xE0, 0xFC, 0x1F, 0x83,
    0xF0, 0x7E, 0x0F, 0xC1, 0xF8, 0x3F, 0xCF, 0x7F, 0xE7, 0xFC, 0x03, 0x80, 0x70, 0x0E, 0x07, 0xC0,
    0xF8, 0x1C, 0x03, 0x80, 0x70, 0x0E, 0x00, 0x61, 0xD8, 0x76, 0x1D, 0x87, 0x71, 0xDF, 0xF3, 0xFC,
    0x07, 0x01, 0xC0, 0xF0, 0x3C, 0x0C, 0x03, 0x00, 0xC0, 0x70, 0x0E, 0x1C, 0x03, 0x87, 0x81, 0xE1,
    0xE0, 0x7C, 0x6C, 0x3F, 0x1B, 0x0D, 0xC6, 0x63, 0x73, 0x99, 0x9C, 0xE7, 0x67, 0x38, 0xF9, 0xCE,
    0x3C, 0x73, 0x8F, 0x1C, 0xE1, 0xC7, 0x38, 0x01, 0xFE, 0x00, 0x3C, 0x00, 0x07, 0x00, 0x01, 0x80,
    0x00, 0xE0, 0x00, 0x30, 0x70, 0x38, 0xE0, 0xF1, 0xE1, 0xE3, 0xC7, 0xCF, 0xCF, 0x9D, 0xBF, 0x3B,
    0x6E, 0x73, 0xCC, 0xE7, 0x19, 0xCE, 0x33, 0x80, 0x78, 0x00, 0x70, 0x00, 0xE0, 0x03, 0x80, 0x06,
    0x00, 0xFF, 0xFF, 0xFF, 0xFF, 0xFF, 0xF8, 0x0C, 0xC0, 0x3F, 0x00, 0x78, 0x00, 0x00, 0x07, 0x00,
    0x1E, 0x00, 0x78, 0x03, 0xF0, 0x0D, 0xC0, 0x73, 0x01, 0xCE, 0x06, 0x18, 0x38, 0x70, 0xFF, 0xC7,
    0xFF, 0x1C, 0x0E, 0x60, 0x3B, 0x80, 0x7E, 0x01, 0xC0, 0x3B, 0x8F, 0xE1, 0xF0, 0x00, 0x00, 0x0F,
    0xC3, 0xF8, 0xCF, 0x01, 0xCF, 0xF7, 0xFD, 0xE7, 0x61, 0xDC, 0x77, 0xFC, 0xFF, 0x0C, 0xC0, 0x33,
    0x00, 0x00, 0x01, 0xC0, 0x07, 0x80, 0x1E, 0x00, 0xFC, 0x03, 0x70, 0x1C, 0xC0, 0x73, 0x81, 0x86,
    0x0E, 0x1C, 0x3F, 0xF1, 0xFF, 0xC7, 0x03, 0x98, 0x0E, 0xE0, 0x1F, 0x80, 0x70, 0x3B, 0x8E, 0xE0,
    0x00, 0x00, 0x3F, 0x0F, 0xE3, 0x3C, 0x07, 0x3F, 0xDF, 0xF7, 0x9D, 0x87, 0x71, 0xDF, 0xF3, 0xFC,
    0x00, 0xFF, 0xE0, 0x1F, 0xFC, 0x07, 0xC0, 0x01, 0xD8, 0x00, 0x3B, 0x00, 0x0E, 0x60, 0x01, 0x8F,
    0xF0, 0x71, 0xFE, 0x1C, 0x30, 0x03, 0xFE, 0x00, 0xFF, 0xC0, 0x18, 0x18, 0x07, 0x03, 0x00, 0xC0,
    0x7F, 0xF8, 0x0F, 0xF8, 0x3F, 0x3E, 0x1F, 0xFF, 0x8C, 0xFD, 0xE0, 0x38, 0x73, 0xFF, 0xFB, 0xFF,
    0xFD, 0xE7, 0x00, 0xC3, 0x80, 0x71, 0xF1, 0x3F, 0xFF, 0x8F, 0xFF, 0xC0, 0x33, 0x07, 0xE0, 0x78,
    0x00, 0x0F, 0xFD, 0xFF, 0xB8, 0x07, 0x00, 0xE0, 0x1C, 0x03, 0xFE, 0x7F, 0xCE, 0x01, 0xC0, 0x38,
    0x07, 0x00, 0xE0, 0x1F, 0xFF, 0xFF, 0x80, 0x33, 0x0F, 0xC1, 0xE0, 0x00, 0x00, 0x0F, 0xC7, 0xFB,
    0xCF, 0xE1, 0xFF, 0xFF, 0xFF, 0x80, 0xE0, 0x3E, 0x67, 0xF8, 0xFE, 0x7F, 0x83, 0xFF, 0x1C, 0x7C,
    0x00, 0xE0, 0x07, 0x80, 0x1C, 0x00, 0xFF, 0xFF, 0xFF, 0xFF, 0x01, 0xF8, 0x0F, 0xC0, 0xE7, 0x9F,
    0x1F, 0xF0, 0x7E, 0x00, 0x7F, 0x1F, 0xE6, 0x78, 0x07, 0x01, 0xFF, 0xFF, 0xFF, 0x87, 0xF3, 0x9F,
    0xE3, 0xF0, 0x1D, 0xC0, 0xEE, 0x00, 0x00, 0xFF, 0x07, 0xFE, 0x38, 0xF8, 0x01, 0xC0, 0x0F, 0x00,
    0x38, 0x01, 0xFF, 0xFF, 0xFF, 0xFE, 0x03, 0xF0, 0x1F, 0x81, 0xCF, 0x3E, 0x3F, 0xE0, 0xFC, 0x00,
    0x77, 0x1D, 0xC0, 0x00, 0x00, 0x7F, 0x1F, 0xE6, 0x78, 0x07, 0x01, 0xFF, 0xFF, 0xFF, 0x87, 0xF3,
    0x9F, 0xE3, 0xF0, 0x03, 0xB8, 0x00, 0x77, 0x00, 0x00, 0x00, 0x38, 0x70, 0xE7, 0x8E, 0x3C, 0x71,
    0xC7, 0x07, 0x39, 0xC0, 0x77, 0x70, 0x0F, 0xFC, 0x00, 0xFF, 0x80, 0x0F, 0xE0, 0x03, 0xFE, 0x00,
    0xEE, 0xE0, 0x39, 0xDE, 0x0F, 0x39, 0xE1, 0xC7, 0x1C, 0x70, 0xE1, 0xDE, 0x1C, 0x3C, 0x06, 0x60,
    0x06, 0x60, 0x00, 0x00, 0x00, 0x00, 0x71, 0x8E, 0x39, 0x9C, 0x39, 0x9C, 0x1D, 0xB8, 0x0F, 0xF0,
    0x07, 0xE0, 0x0F, 0xF0, 0x1D, 0xB8, 0x39, 0x9C, 0x71, 0x8E, 0xE1, 0x87, 0x3B, 0x87, 0x70, 0x00,
    0x3F, 0xC7, 0xFC, 0xE7, 0x80, 0x38, 0x06, 0x03, 0xC3, 0xF0, 0x7F, 0x01, 0xF0, 0x0E, 0x01, 0xC0,
    0x3B, 0x9F, 0xFF, 0xCF, 0xF0, 0x77, 0x1D, 0xC0, 0x00, 0x00, 0x7F, 0x1F, 0xE6, 0x38, 0x0E, 0x3F,
    0x0F, 0xE0, 0x38, 0x07, 0x63, 0xDF, 0xE7, 0xF0, 0x7F, 0xEF, 0xFC, 0x07, 0x01, 0xE0, 0x38, 0x0E,
    0x03, 0x80, 0xFC, 0x03, 0xC0, 0x1C, 0x03, 0x80, 0x77, 0x3F, 0xFF, 0x9F, 0xE0, 0x7F, 0xCF, 0xF8,
    0x0E, 0x01, 0xC0, 0x70, 0x1C, 0x03, 0x80, 0xF8, 0x07, 0xC0, 0x38, 0x03, 0x00, 0xE6, 0x3C, 0xFF,
    0x1F, 0xC0, 0x1F, 0xC0, 0xFE, 0x00, 0x01, 0xC0, 0x7E, 0x07, 0xF0, 0x3F, 0x83, 0xFC, 0x3F, 0xE3,
    0xBF, 0x1D, 0xF9, 0xCF, 0xDC, 0x7F, 0xE3, 0xFE, 0x1F, 0xE0, 0xFF, 0x07, 0xF0, 0x3F, 0x01, 0xC0,
    0x3F, 0x8F, 0xE0, 0x00, 0x00, 0xE1, 0xF8, 0xFE, 0x3F, 0x9F, 0xEE, 0xFB, 0x3F, 0xCF, 0xE3, 0xF0,
    0xFC, 0x3E, 0x0C, 0x1D, 0xC0, 0xEE, 0x00, 0x01, 0xC0, 0x7E, 0x07, 0xF0, 0x3F, 0x83, 0xFC, 0x3F,
    0xE3, 0xBF, 0x1D, 0xF9, 0xCF, 0xDC, 0x7F, 0xE3, 0xFE, 0x1F, 0xE0, 0xFF, 0x07, 0xF0, 0x3F, 0x01,
    0xC0, 0x3B, 0x8E, 0xE0, 0x00, 0x00, 0xE1, 0xF8, 0xFE, 0x3F, 0x9F, 0xEE, 0xFB, 0x3F, 0xCF, 0xE3,
    0xF0, 0xFC, 0x3E, 0x0C, 0x0E, 0xE0, 0x1D, 0xC0, 0x00, 0x00, 0x7F, 0x03, 0xFF, 0x0F, 0x9F, 0x1C,
    0x0F, 0x70, 0x0E, 0xE0, 0x1D, 0xC0, 0x3B, 0x80, 0x37, 0x00, 0xEE, 0x01, 0xDC, 0x03, 0x9C, 0x0F,
    0x3E, 0x7C, 0x3F, 0xF0, 0x1F, 0xC0, 0x3B, 0x87, 0x70, 0x00, 0x00, 0x03, 0xF0, 0xFF, 0x3E, 0xF7,
    0x0E, 0xE0, 0xFC, 0x1F, 0x83, 0xF0, 0xEF, 0x3C, 0xFF, 0x0F, 0xC0, 0x0F, 0xE0, 0x7F, 0xE1, 0xF3,
    0xE3, 0x81, 0xEE, 0x01, 0xDC, 0x03, 0xBF, 0xFF, 0x7F, 0xFE, 0xE0, 0x1D, 0xC0, 0x3B, 0x80, 0x73,
    0x81, 0xE7, 0xCF, 0x87, 0xFE, 0x03, 0xF8, 0x00, 0x3F, 0x0F, 0xF3, 0xCF, 0x70, 0x6F, 0xFF, 0xFF,
    0xF8, 0x3F, 0x0E, 0xF3, 0xCF, 0xF0, 0xFC, 0x00, 0x0E, 0xE0, 0x1D, 0xC0, 0x00, 0x00, 0x7F, 0x03,
    0xFF, 0x0F, 0x9F, 0x1C, 0x0F, 0x70, 0x0E, 0xE0, 0x1D, 0xFF, 0xFB, 0xFF, 0xF7, 0x00, 0xEE, 0x01,
    0xDC, 0x03, 0x9C, 0x0F, 0x3E, 0x7C, 0x3F, 0xF0, 0x1F, 0xC0, 0x3B, 0x87, 0x70, 0x00, 0x00, 0x03,
    0xF0, 0xFF, 0x3C, 0xF7, 0x06, 0xFF, 0xFF, 0xFF, 0x83, 0xF0, 0xEF, 0x3C, 0xFF, 0x0F, 0xC0, 0x3B,
    0x83, 0xB8, 0x00, 0x07, 0xF0, 0xFF, 0xC6, 0x3E, 0x00, 0xE0, 0x07, 0x00, 0x71, 0xFF, 0x1F, 0xF0,
    0x07, 0x00, 0x70, 0x07, 0x00, 0xE6, 0x3E, 0xFF, 0xC7, 0xF0, 0x77, 0x1D, 0xC0, 0x00, 0x00, 0x7E,
    0x1F, 0xC6, 0x78, 0x06, 0x1F, 0xC7, 0xF0, 0x1C, 0x0E, 0x47, 0xBF, 0xCF, 0xE0, 0x1F, 0xC0, 0xFE,
    0x00, 0x01, 0xC0, 0xE7, 0x07, 0x38, 0x39, 0xC1, 0x87, 0x1C, 0x38, 0xE0, 0xE6, 0x07, 0xF0, 0x1F,
    0x80, 0x78, 0x03, 0xC0, 0x1C, 0x09, 0xE0, 0x7E, 0x03, 0xE0, 0x00, 0x3F, 0x87, 0xF0, 0x00, 0x00,
    0x0E, 0x0D, 0xC3, 0x9C, 0x73, 0x8C, 0x71, 0x87, 0x70, 0xEE, 0x0D, 0x81, 0xF0, 0x1C, 0x03, 0x80,
    0x70, 0x1C, 0x1F, 0x83, 0xE0, 0x00, 0x1D, 0xC0, 0xEE, 0x00, 0x01, 0xC0, 0xE7, 0x07, 0x38, 0x39,
    0xC1, 0x87, 0x1C, 0x38, 0xE0, 0xE6, 0x07, 0xF0, 0x1F, 0x80, 0x78, 0x03, 0xC0, 0x1C, 0x09, 0xE0,
    0x7E, 0x03, 0xE0, 0x00, 0x3B, 0x87, 0x70, 0x00, 0x00, 0x0E, 0x0D, 0xC3, 0x9C, 0x73, 0x8C, 0x71,
    0x87, 0x70, 0xEE, 0x0D, 0x81, 0xF0, 0x1C, 0x03, 0x80, 0x70, 0x1C, 0x1F, 0x83, 0xE0, 0x00, 0x06,
    0x60, 0x37, 0x03, 0xF0, 0x1B, 0x0E, 0x07, 0x38, 0x39, 0xC1, 0xCE, 0x0C, 0x38, 0xE1, 0xC7, 0x07,
    0x30, 0x3F, 0x80, 0xFC, 0x03, 0xC0, 0x1E, 0x00, 0xE0, 0x4F, 0x03, 0xF0, 0x1F, 0x00, 0x0C, 0xC1,
    0xB8, 0x7E, 0x0D, 0x80, 0x01, 0xC1, 0xB8, 0x73, 0x8E, 0x71, 0x8E, 0x30, 0xEE, 0x1D, 0xC1, 0xB0,
    0x3E, 0x03, 0x80, 0x70, 0x0E, 0x03, 0x83, 0xF0, 0x7C, 0x00, 0x3B, 0x87, 0x70, 0x00, 0x70, 0x7E,
    0x0F, 0xC1, 0xF8, 0x3F, 0x07, 0xE0, 0xFC, 0x1F, 0xC7, 0xBF, 0xF3, 0xFE, 0x01, 0xC0, 0x38, 0x07,
    0x00, 0xE0, 0x1C, 0x3B, 0x8E, 0xE0, 0x00, 0x00, 0x61, 0xD8, 0x76, 0x1D, 0x87, 0x71, 0xDF, 0xF3,
    0xFC, 0x07, 0x01, 0xC0, 0x70, 0x1C, 0xFF, 0xFF, 0xFE, 0x03, 0x80, 0xE0, 0x38, 0x0E, 0x03, 0x80,
    0xE0, 0x38, 0x0E, 0x03, 0x80, 0xE0, 0x3E, 0x0F, 0x80, 0xE0, 0x38, 0x0E, 0x03, 0x80, 0xFF, 0xFF,
    0xE0, 0xE0, 0xE0, 0xE0, 0xE0, 0xE0, 0xE0, 0xF0, 0xF0, 0x30, 0x30, 0x30, 0x06, 0x60, 0x06, 0x60,
    0x00, 0x00, 0xE0, 0x07, 0xE0, 0x07, 0xE0, 0x07, 0xE0, 0x07, 0xE0, 0x07, 0xFF, 0x87, 0xFF, 0xC7,
    0xE3, 0xE7, 0xE0, 0xE7, 0xE0, 0xE7, 0xE0, 0xE7, 0xE0, 0xE7, 0xE3, 0xE7, 0xFF, 0xC7, 0x7F, 0x87,
    0x0C, 0xC0, 0x33, 0x00, 0x00, 0x00, 0x00, 0xE0, 0x1F, 0x80, 0x7E, 0x01, 0xF8, 0x07, 0xFF, 0x1F,
    0xFE, 0x7E, 0x39, 0xF8, 0x77, 0xE3, 0x9F, 0xFE, 0x7F, 0xF1, 0xC0, 0x7F, 0xDF, 0xF7, 0x01, 0xC0,
    0x70, 0x1C, 0x07, 0x03, 0xFC, 0xFF, 0x1C, 0x07, 0x01, 0xC0, 0x70, 0x1F, 0x07, 0xC0, 0x60, 0x38,
    0x0E, 0x03, 0x00, 0x7F, 0xBF, 0xDC, 0x0E, 0x07, 0x07, 0xF3, 0xF8, 0xE0, 0x70, 0x3C, 0x1E, 0x07,
    0x03, 0x81, 0x80, 0x80, 0xE0, 0x33, 0x83, 0x8E, 0x38, 0x71, 0xC1, 0xDC, 0x07, 0xC0, 0x3E, 0x00,
    0xE0, 0x0F, 0x80, 0xFC, 0x07, 0x70, 0x71, 0xC7, 0x0E, 0x38, 0x3B, 0x80, 0xE0, 0x07, 0x00, 0x78,
    0x03, 0x80, 0x18, 0xE1, 0xD8, 0xE7, 0x38, 0xFC, 0x1E, 0x07, 0x81, 0xE0, 0xFC, 0x73, 0x1C, 0xEE,
    0x1C, 0x07, 0x03, 0xC0, 0xE0, 0x00, 0xE0, 0x33, 0x83, 0x8E, 0x38, 0x71, 0xC1, 0xDC, 0x07, 0xC0,
    0xFF, 0x87, 0xFC, 0x0F, 0x80, 0xFC, 0x07, 0x70, 0x71, 0xC7, 0x06, 0x38, 0x3B, 0x80, 0xE0, 0xE1,
    0xD8, 0xE7, 0x38, 0xFC, 0x1E, 0x1F, 0xE3, 0xF0, 0xFC, 0x73, 0x1C, 0xEE, 0x1C, 0x70, 0x39, 0xC1,
    0xC7, 0x0C, 0x1C, 0xE1, 0xF7, 0x1F, 0xF1, 0xCF, 0x0E, 0x38, 0x70, 0xC3, 0x07, 0x18, 0x1D, 0xC0,
    0xE0, 0x7F, 0x87, 0xF8, 0x01, 0xC0, 0x1C, 0x01, 0xC0, 0x1C, 0x01, 0xC0, 0x1C, 0x01, 0xC0, 0x1C,
    0x7F, 0xEF, 0xFE, 0x7C, 0x7E, 0x0E, 0x0E, 0x0E, 0x0E, 0x0E, 0x0E, 0x0E, 0x1E, 0xF6, 0xE7, 0x00,
    0xFF, 0xEF, 0xFC, 0x0E, 0x01, 0xC0, 0x38, 0x07, 0x00, 0xE0, 0x1C, 0x03, 0x80, 0x70, 0x0E, 0x01,
    0xC0, 0xFF, 0xDF, 0xF8, 0x03, 0x80, 0x70, 0x0F, 0xC1, 0xF8, 0x3F, 0x07, 0xE0, 0xFC, 0x1F, 0x83,
    0xF0, 0x70, 0x7B, 0xCE, 0x73, 0x9C, 0xE7, 0x39, 0xCE, 0x70, 0xFE, 0xF8, 0xE1, 0x87, 0x0E, 0x1C,
    0x18, 0x30, 0x70, 0xE1, 0xC0, 0x7F, 0xE3, 0xFF, 0x8C, 0x0C, 0x60, 0x73, 0x03, 0x98, 0x1C, 0xC0,
    0xE6, 0x07, 0x30, 0x39, 0x81, 0xCC, 0x0E, 0x60, 0x70, 0xC7, 0xCC, 0x7E, 0xC0, 0xEC, 0x06, 0xC0,
    0x6C, 0x06, 0xE0, 0x6E, 0x06, 0xE0, 0xE7, 0x1E, 0x7F, 0xC3, 0xF8, 0x7B, 0xCE, 0x73, 0x9C, 0xE0,
    0x7F, 0x9F, 0xF0, 0x1C, 0x03, 0x00, 0xC0, 0x30, 0x0C, 0x03, 0x00, 0xC0, 0x30, 0x0C, 0x03, 0x00,
    0xC0, 0x30, 0x0C, 0x03, 0x7F, 0x1F, 0xE0, 0x38, 0x07, 0x01, 0xC0, 0x70, 0x1C, 0x07, 0x01, 0xC0,
    0xE7, 0xF9, 0xFC, 0x60, 0x1C, 0x03, 0x80, 0x70, 0x0F, 0xFD, 0xFF, 0x80, 0x70, 0x0E, 0x03, 0x80,
    0x70, 0x0C, 0x03, 0x80, 0x70, 0x0C, 0x03, 0x80, 0x70, 0xFF, 0xEF, 0xFF, 0x70, 0x77, 0x07, 0x70,
    0x77, 0x07, 0x70, 0x77, 0x07, 0x70, 0x77, 0x07, 0x7F, 0xF7, 0xFF, 0x67, 0xE3, 0xBF, 0x9F, 0x1E,
    0x70, 0x73, 0x81, 0x9C, 0x0C, 0xE0, 0x66, 0x07, 0x30, 0x3B, 0x83, 0xDD, 0xFC, 0xEF, 0xC0, 0x7B,
    0xCE, 0x73, 0x9C, 0xE7, 0x39, 0xCE, 0x73, 0x9C, 0xE7, 0xFB, 0xE1, 0xC7, 0x1C, 0x71, 0xC7, 0x1C,
    0x7F, 0xFF, 0x7F, 0xE3, 0xFF, 0x8E, 0x1C, 0x60, 0x77, 0x03, 0xB8, 0x1D, 0xC0, 0xEE, 0x07, 0x30,
    0x71, 0xC3, 0x8F, 0xF8, 0x1F, 0x80, 0x00, 0x07, 0x07, 0x70, 0x73, 0x07, 0x30, 0x73, 0x86, 0x38,
    0x61, 0x8E, 0x18, 0xE1, 0xCC, 0x1D, 0xC1, 0xF8, 0x7F, 0x0F, 0x80, 0x00, 0x00, 0x3F, 0x0F, 0xF3,
    0x87, 0x60, 0x6C, 0x0F, 0xC1, 0xFC, 0x3B, 0xC7, 0x00, 0xE0, 0x1C, 0x03, 0x80, 0x70, 0x0E, 0x01,
    0xC0, 0x38, 0x07, 0x3F, 0x0F, 0xF3, 0x87, 0x60, 0x6C, 0x0F, 0xC1, 0xFE, 0x39, 0xC7, 0x00, 0xC0,
    0x7B, 0xFE, 0x7F, 0x80, 0xE0, 0xCE, 0x19, 0xC7, 0x1C, 0xE3, 0x9C, 0x37, 0x07, 0xE0, 0xF0, 0x0C,
    0x01, 0xC0, 0x38, 0x03, 0x00, 0x70, 0x0E, 0x01, 0xC0, 0x18, 0x70, 0xEF, 0x1C, 0xE3, 0x8E, 0x61,
    0xDC, 0x1F, 0x81, 0xE0, 0x38, 0x03, 0x80, 0x39, 0xFF, 0x3F, 0xE0, 0xFF, 0xFF, 0xFE, 0x00, 0xE0,
    0x0E, 0x60, 0xE6, 0x0C, 0x61, 0xC6, 0x1C, 0x61, 0x86, 0x38, 0x63, 0x86, 0x30, 0x60, 0x06, 0x00,
    0x60, 0x06, 0x00, 0x7F, 0x1F, 0xE0, 0x1C, 0x07, 0x01, 0xC0, 0x70, 0x1C, 0x07, 0x01, 0xC0, 0x70,
    0x1C, 0x07, 0xE7, 0x1F, 0x38, 0xF9, 0xC7, 0xCE, 0x3E, 0xE1, 0xFF, 0x0F, 0xF0, 0xFC, 0x07, 0x60,
    0x3B, 0x83, 0x8F, 0xF8, 0x3F, 0x80, 0x7F, 0xF3, 0xFF, 0xC6, 0x0E, 0x30, 0x71, 0x83, 0x8C, 0x1C,
    0x60, 0xE3, 0x07, 0x18, 0x38, 0xC1, 0xDE, 0x0F, 0xE0, 0x70, 0x27, 0x67, 0x70, 0x33, 0x77, 0x6E,
    0x00, 0x6E, 0xE4, 0x00, 0x3F, 0xBF, 0xFC, 0x2C, 0x07, 0x03, 0x80, 0xE0, 0x38, 0x0E, 0x03, 0x01,
    0x80, 0x00, 0x60, 0x78, 0x3C, 0x0C, 0x00, 0x1C, 0x3E, 0x7C, 0x60, 0x60, 0x73, 0x3F, 0xFE, 0xF8,
    0x00, 0xFF, 0xFC, 0x00, 0x77, 0x30, 0xFF, 0x00, 0x6F, 0xF2, 0x0C, 0xEE, 0x66, 0x67, 0x77, 0x77,
    0x73, 0x30, 0x00, 0x18, 0x76, 0x19, 0xFE, 0x7F, 0x1F, 0x07, 0x00, 0xC0, 0x30, 0x0C, 0x03, 0x00,
    0xC0, 0x38, 0x0E, 0x03, 0x80, 0x00, 0x00, 0x06, 0x36, 0x67, 0x67, 0x77, 0x7F, 0xE7, 0xFE, 0x70,
    0x03, 0x00, 0x30, 0x03, 0x00, 0x30, 0x03, 0x00, 0x38, 0x03, 0x80, 0x38, 0x00, 0x00, 0x00, 0x07,
    0x03, 0xE1, 0xE0, 0x60, 0x38, 0x0F, 0xC1, 0xF0, 0x3C, 0x1C, 0x06, 0x03, 0x80, 0xE0, 0x1F, 0xE3,
    0xF8, 0x00, 0x1E, 0x0F, 0xC7, 0x39, 0x86, 0x61, 0xB8, 0x7E, 0x1D, 0x86, 0x61, 0x9F, 0xE3, 0xF0,
    0x00, 0x00, 0x3F, 0xCF, 0xF0, 0x2C, 0x03, 0x00, 0xE0, 0x38, 0x0E, 0x03, 0x80, 0xE0, 0x18, 0x06,
    0x01, 0x80, 0x70, 0x1C, 0x00, 0x40, 0x0E, 0x07, 0xE0, 0x67, 0x0E, 0x70, 0xE3, 0x0C, 0x39, 0xC3,
    0x98, 0x19, 0x81, 0xF8, 0x1F, 0x00, 0xF0, 0x0F, 0x00, 0xE0, 0x06, 0x00, 0x00, 0x02, 0x00, 0x60,
    0x07, 0x00, 0xF0, 0x0F, 0x00, 0xF8, 0x1F, 0x81, 0x98, 0x39, 0xC3, 0x9C, 0x30, 0xC7, 0x0E, 0x70,
    0xEE, 0x06, 0xE0, 0x70, 0x00, 0x08, 0x0F, 0x87, 0xF1, 0x9C, 0xE3, 0x38, 0xC7, 0xF1, 0xFC, 0x1F,
    0x80, 0xE0, 0x38, 0x06, 0x01, 0x80, 0x60, 0x18, 0x00, 0x00, 0x10, 0x00, 0xE0, 0x03, 0x98, 0x06,
    0x60, 0x1B, 0x80, 0x7E, 0x01, 0xF8, 0x06, 0xE0, 0x39, 0xE3, 0xC3, 0xFF, 0x07, 0xF0, 0x7D, 0xF0,
    0x18, 0x1C, 0x3E, 0x7E, 0x67, 0xE3, 0xE3, 0xE3, 0x7F, 0x7E, 0x6F, 0xF2, 0x0C, 0xEE, 0x66, 0x67,
    0x77, 0x77, 0x73, 0x30, 0x00, 0x18, 0x76, 0x19, 0xFE, 0x7F, 0x1F, 0x07, 0x00, 0xC0, 0x30, 0x0C,
    0x03, 0x00, 0xC0, 0x38, 0x0E, 0x03, 0x80, 0x00, 0x00, 0x06, 0x36, 0x67, 0x67, 0x77, 0x7F, 0xE7,
    0xFE, 0x70, 0x03, 0x00, 0x30, 0x03, 0x00, 0x30, 0x03, 0x00, 0x38, 0x03, 0x80, 0x38, 0x00, 0x00,
    0x00, 0x39, 0xE6, 0xF1, 0xB0, 0x7F, 0x9F, 0xE7, 0xE1, 0xC0, 0x30, 0x0C, 0x03, 0x00, 0xC0, 0x30,
    0x0C, 0x03, 0x00, 0x00, 0x07, 0x01, 0xE0, 0x78, 0x1F, 0x0E, 0xC3, 0x39, 0xC6, 0x61, 0xB8, 0x6E,
    0x1F, 0x87, 0xED, 0xDF, 0xE7, 0xF8, 0x00, 0x3E, 0x7E, 0x60, 0x60, 0x60, 0x73, 0x3F, 0x1E, 0x1C,
    0x38, 0x70, 0x60, 0xE0, 0xC0, 0x00, 0x40, 0x0E, 0x07, 0xE0, 0x67, 0x0E, 0x70, 0xE3, 0x0C, 0x39,
    0xC3, 0x98, 0x19, 0x81, 0xF8, 0x1F, 0x00, 0xF0, 0x0F, 0x00, 0xE0, 0x06, 0x00, 0x00, 0x02, 0x00,
    0x60, 0x07, 0x00, 0xF0, 0x0F, 0x00, 0xF8, 0x1F, 0x81, 0x98, 0x39, 0xC3, 0x9C, 0x30, 0xC7, 0x0E,
    0x70, 0xEE, 0x06, 0xE0, 0x70, 0x00, 0x08, 0x0F, 0x87, 0xF1, 0x9C, 0xE3, 0x38, 0xC7, 0xF1, 0xFC,
    0x1F, 0x80, 0xE0, 0x38, 0x06, 0x01, 0x80, 0x60, 0x18, 0x00, 0x0F, 0x07, 0xF9, 0xE7, 0xF0, 0x76,
    0x06, 0xE0, 0xCC, 0x19, 0x83, 0x30, 0x66, 0x0C, 0xC1, 0x98, 0x30, 0x30, 0xDE, 0x3D, 0x8F, 0xE3,
    0x78, 0xCC, 0x33, 0x0D, 0xC3, 0x70, 0xCC, 0x73, 0xFC, 0x7E, 0x0E, 0x00, 0x74, 0xFF, 0x3D, 0xCF,
    0xF3, 0x78, 0xCE, 0x33, 0x0C, 0xC3, 0x30, 0xCC, 0x33, 0xFC, 0x7E, 0x0E, 0x00, 0x1F, 0x0F, 0xF1,
    0xCF, 0x70, 0x6E, 0xCF, 0xFD, 0xFE, 0xFF, 0xF7, 0xEC, 0xF8, 0x1F, 0x03, 0xE0, 0x70, 0x31, 0x8F,
    0xFB, 0xFB, 0xF2, 0x7C, 0xCF, 0xBF, 0xFE, 0xFF, 0xFF, 0xEE, 0xFC, 0x1F, 0x83, 0xF0, 0x70, 0x36,
    0x37, 0xE7, 0xDE, 0x77, 0xE7, 0x3C, 0x70, 0xC7, 0x1C, 0x71, 0xC7, 0x7E, 0x76, 0xFF, 0x6F, 0xF7,
    0xCF, 0x10, 0x00, 0x07, 0x07, 0xC3, 0x61, 0xFE, 0x7F, 0x0D, 0x86, 0xE3, 0x31, 0x9C, 0xC7, 0xE3,
    0xF0, 0x1E, 0x0F, 0xF3, 0xCF, 0x20, 0x63, 0x8E, 0xF9, 0xDB, 0x3B, 0xE7, 0x3C, 0xC3, 0xB8, 0x7E,
    0x0F, 0x80, 0x1F, 0x03, 0xFC, 0x71, 0xC2, 0x0E, 0x00, 0x67, 0x86, 0xD8, 0x6F, 0x8E, 0x79, 0xE1,
    0xFB, 0x1F, 0xB1, 0xDF, 0x00, 0x40, 0x30, 0x8F, 0x1B, 0x67, 0x7D, 0xC7, 0xBC, 0x61, 0x8C, 0x33,
    0x86, 0x70, 0xC6, 0x38, 0xFF, 0x0F, 0xC0, 0xE0, 0x74, 0x5F, 0x9B, 0x77, 0x7E, 0xC7, 0xBC, 0x71,
    0x8C, 0x31, 0x86, 0x30, 0xC6, 0x18, 0xFF, 0x0F, 0xC0, 0x60, 0x0F, 0x01, 0x9F, 0xE1, 0xDE, 0x78,
    0xFC, 0x1C, 0x76, 0x06, 0x3B, 0x83, 0x1C, 0xC1, 0x8E, 0x60, 0xC7, 0x3C, 0xF3, 0x9E, 0xFF, 0xCD,
    0xEF, 0xE7, 0xBC, 0xF0, 0x84, 0x00, 0x0F, 0x00, 0x8F, 0xF0, 0x77, 0x9E, 0x1F, 0x83, 0x87, 0x60,
    0x61, 0xDC, 0x18, 0x73, 0x06, 0x1C, 0xC1, 0x87, 0x3C, 0x61, 0xCF, 0x98, 0x73, 0x67, 0xFC, 0xF1,
    0xFF, 0x08, 0x00, 0x00, 0x1E, 0x60, 0x07, 0x98, 0x01, 0xFE, 0x00, 0x3F, 0x00, 0x0F, 0x81, 0xFC,
    0x38, 0xE7, 0x07, 0x70, 0x73, 0x87, 0x18, 0x71, 0x87, 0x78, 0x7F, 0x87, 0xF8, 0x77, 0x87, 0x0B,
    0x73, 0xF7, 0x37, 0x73, 0xFE, 0x1D, 0xC0, 0x0F, 0x81, 0xFC, 0x38, 0xE7, 0x07, 0x70, 0x73, 0x87,
    0x18, 0x71, 0x87, 0x78, 0x7F, 0x87, 0xF8, 0x77, 0x87, 0x1E, 0x73, 0xE7, 0x2F, 0xF3, 0xFE, 0x1A,
    0xC0, 0x00, 0x01, 0xE6, 0x7F, 0xEF, 0x3C, 0x40, 0xC3, 0x8E, 0x7C, 0xE6, 0xCE, 0x7C, 0xE3, 0xCC,
    0x1D, 0xC1, 0xF8, 0x1F, 0x00, 0x1E, 0x7D, 0xE7, 0xFE, 0xDF, 0xE7, 0xDC, 0x6D, 0xEF, 0xFF, 0xDE,
    0x7F, 0xC3, 0x78, 0x31, 0x83, 0x18, 0x31, 0x83, 0x18, 0x31, 0x83, 0x18, 0x31, 0x83, 0x33, 0x83,
    0x7F, 0xC3, 0xFE, 0xC3, 0xC4, 0xC3, 0xCE, 0xC3, 0xDE, 0xC3, 0xDE, 0xC3, 0xDE, 0xC3, 0xDD, 0xE3,
    0xFB, 0xFB, 0xF3, 0x7F, 0xE1, 0xEF, 0x00, 0x80, 0x0F, 0x01, 0x8F, 0xF0, 0x67, 0x9E, 0x1B, 0x83,
    0x86, 0x60, 0x61, 0x9C, 0x18, 0x63, 0x06, 0x18, 0xC1, 0x8E, 0x3C, 0x67, 0xCF, 0x9F, 0xF3, 0x67,
    0xEC, 0xF1, 0xCF, 0x08, 0x01, 0x00, 0x1F, 0x0F, 0xF1, 0xC7, 0x70, 0x6E, 0xEF, 0xBF, 0xF6, 0xFE,
    0xF7, 0xDE, 0xFF, 0x1F, 0xC3, 0xF0, 0x70, 0x31, 0x8F, 0xFB, 0xFB, 0xF2, 0x7C, 0xEF, 0xBF, 0xF6,
    0xFE, 0xF7, 0xCE, 0xFF, 0x9F, 0xC3, 0xF0, 0x70, 0x0F, 0x07, 0xF9, 0xE7, 0xF0, 0x76, 0x06, 0xE0,
    0xCC, 0x19, 0x83, 0x3C, 0x67, 0xCC, 0xD9, 0x9E, 0x30, 0x80, 0x73, 0xCF, 0xFE, 0xDE, 0x7F, 0xC3,
    0x78, 0x31, 0x83, 0x18, 0x31, 0x83, 0x18, 0x31, 0x83, 0x18, 0x31, 0x83, 0x3F, 0x1F, 0xEE, 0x1B,
    0x00, 0xFF, 0x3F, 0xE0, 0x1B, 0x86, 0xE1, 0xB8, 0x6F, 0xFB, 0xFE, 0x70, 0x67, 0xC3, 0xB6, 0x1D,
    0xF0, 0xE7, 0x87, 0x0C, 0x38, 0x61, 0x83, 0x1C, 0x19, 0xF0, 0xFF, 0x87, 0xFC, 0x39, 0xE0, 0x04,
    0x00, 0x70, 0x3F, 0x87, 0xD8, 0x7F, 0x87, 0x78, 0x71, 0x87, 0x18, 0x71, 0x87, 0x18, 0x71, 0x87,
    0x1F, 0xF1, 0xFF, 0x00, 0x70, 0x07, 0x00, 0x77, 0x07, 0xF8, 0x7D, 0x87, 0xF8, 0x77, 0x87, 0x18,
    0x71, 0x87, 0x18, 0x71, 0x87, 0x18, 0x71, 0xFF, 0x1F, 0xF0, 0x70, 0x7F, 0x0F, 0x61, 0xFC, 0x3F,
    0x07, 0x8C, 0xF3, 0x9E, 0xFB, 0xFB, 0xFE, 0x3F, 0xC7, 0xF0, 0x70, 0x00, 0x60, 0x0C, 0x01, 0xB8,
    0x3F, 0x87, 0xB0, 0xFE, 0x1F, 0x83, 0xC6, 0x79, 0xCF, 0x7D, 0xFD, 0xFF, 0x1F, 0xE3, 0xF8, 0x38,
    0x70, 0x1F, 0xC0, 0xF6, 0x67, 0xF3, 0x37, 0xBD, 0x8D, 0xEC, 0x7F, 0xE3, 0xCF, 0x1E, 0x78, 0xE1,
    0xC7, 0x0E, 0x30, 0x70, 0x00, 0x18, 0x00, 0xC0, 0x06, 0xE0, 0x3F, 0x81, 0xEC, 0xCF, 0xE6, 0x6F,
    0x7B, 0x1B, 0xD8, 0xFF, 0xC7, 0x9E, 0x3C, 0xF1, 0xC3, 0x8E, 0x1C, 0x60, 0xE0, 0x0F, 0x81, 0xFC,
    0x38, 0xE7, 0x07, 0x70, 0x73, 0x87, 0x18, 0x71, 0x87, 0x78, 0x7F, 0x87, 0xD8, 0x77, 0x87, 0x20,
    0x00, 0x60, 0x5E, 0x1F, 0x63, 0xFC, 0x77, 0x8E, 0x71, 0xCE, 0x39, 0xC7, 0xFC, 0xFB, 0xFF, 0x7F,
    0xF8, 0xF2, 0x00, 0x70, 0xFE, 0x3D, 0x8F, 0xE3, 0xF0, 0xFF, 0x37, 0xCD, 0xC3, 0xE0, 0xF8, 0x3F,
    0xFF, 0xFF, 0x1F, 0x3F, 0xDC, 0x7C, 0x0F, 0xE3, 0xF8, 0x0C, 0x06, 0x0F, 0x0F, 0x86, 0xC1, 0xE0,
    0x40, 0x0F, 0x07, 0xF9, 0xE7, 0xF0, 0x76, 0x06, 0xE0, 0xCC, 0x19, 0x83, 0x3C, 0x67, 0xCC, 0xD9,
    0x9E, 0x30, 0x86, 0x00, 0xC0, 0x18, 0x03, 0x00, 0x60, 0x3E, 0x1F, 0xEE, 0x39, 0x07, 0x1D, 0xDF,
    0xFF, 0xFF, 0x87, 0xF1, 0xFE, 0x7D, 0x9F, 0xE7, 0x20, 0x00, 0x0F, 0x81, 0xFC, 0x38, 0xE7, 0x07,
    0x70, 0x73, 0x87, 0x18, 0x71, 0x87, 0x78, 0x7F, 0x87, 0xD8, 0x77, 0x87, 0x20, 0x70, 0x07, 0x00,
    0x70, 0x07, 0x00, 0x20, 0x3C, 0x7F, 0xB1, 0xC0, 0x60, 0x30, 0x18, 0x0C, 0x06, 0x0F, 0x0F, 0x86,
    0xC1, 0xE0, 0x40, 0x00, 0x21, 0xEF, 0x7F, 0xE7, 0x3C, 0xE0, 0xCE, 0xCE, 0xFE, 0xEF, 0xBE, 0xFE,
    0xEE, 0xCE, 0xC0, 0xEC, 0x0E, 0xC0, 0xE0, 0x70, 0x33, 0xE0, 0xCD, 0x83, 0x3E, 0xEC, 0x7B, 0xBC,
    0x7F, 0xF1, 0xBF, 0x86, 0x7C, 0x18, 0x30, 0x60, 0xC1, 0xFF, 0x07, 0xFC, 0x00, 0x07, 0xDD, 0xFF,
    0xF1, 0xC4, 0x1C, 0x3B, 0x9F, 0xF7, 0xFE, 0xE1, 0xDE, 0x3B, 0xE7, 0x6C, 0xEF, 0x9C, 0x40, 0x00,
    0x70, 0xEF, 0x9F, 0xD9, 0xBF, 0x9F, 0x7F, 0xF1, 0xE7, 0x1C, 0x71, 0x87, 0x18, 0x71, 0x87, 0x18,
    0x71, 0x87, 0x00, 0x00, 0x00, 0x60, 0x03, 0x80, 0x1C, 0x70, 0xF3, 0xE3, 0xED, 0x81, 0xBE, 0x66,
    0x7B, 0x98, 0x6F, 0x61, 0xFD, 0x87, 0x9E, 0x1E, 0x78, 0x71, 0xE1, 0xC3, 0x87, 0x0E, 0x3E, 0x1F,
    0xCE, 0x39, 0x07, 0x31, 0xDE, 0x7D, 0x9F, 0xE7, 0xF1, 0xF8, 0x7F, 0xFF, 0xFF, 0x00, 0x07, 0xDD,
    0xFF, 0xF1, 0xC4, 0x1C, 0x63, 0x9E, 0x76, 0xCE, 0xF9, 0xDE, 0x3B, 0x87, 0x7F, 0xEF, 0xFC, 0x30,
    0x9E, 0x7D, 0x9F, 0xE7, 0xF1, 0xDC, 0xF7, 0xFC, 0x77, 0x01, 0xC0, 0x70, 0x1C, 0x07, 0x00, 0x72,
    0xDB, 0x7F, 0x7E, 0x00, 0x00, 0x70, 0x7B, 0xFF, 0x7E, 0x3C, 0x70, 0x79, 0xFD, 0xDF, 0xC3, 0xC0,
    0x79, 0xFA, 0x38, 0x70, 0x60, 0xC1, 0x83, 0x06, 0x0C, 0x18, 0x30, 0x70, 0x0F, 0x80, 0xD8, 0x07,
    0x80, 0x30, 0x00, 0x3C, 0x07, 0xE0, 0x47, 0x00, 0x70, 0x03, 0x00, 0x30, 0x03, 0x00, 0x30, 0x03,
    0x00, 0x30, 0x03, 0x00, 0x30, 0x1E, 0x1F, 0xCE, 0x3B, 0xFF, 0xFF, 0x80, 0x1D, 0xDF, 0xFE, 0x3F,
    0xFF, 0xFF, 0x80, 0x00, 0x03, 0xF9, 0xFD, 0x71, 0xEF, 0xFD, 0xFF, 0x00, 0x1F, 0xDF, 0xFE, 0x3F,
    0xFF, 0xFF, 0x80, 0x73, 0xDE, 0x71, 0x80, 0x73, 0x7B, 0x7B, 0x3F, 0x1F, 0x6E, 0xE4, 0x0C, 0x01,
    0x83, 0xFC, 0x7F, 0xCE, 0xDD, 0xD9, 0xBB, 0x37, 0x6E, 0xFF, 0x9F, 0xF3, 0xFF, 0x76, 0x6E, 0xCF,
    0xD9, 0xFB, 0x77, 0xFE, 0xFF, 0x81, 0x80, 0x30, 0x00, 0x47, 0x39, 0xCE, 0x73, 0x9C, 0xFF, 0xF6,
    0xF2, 0x00, 0x43, 0x1C, 0x73, 0x8E, 0x71, 0xCE, 0x39, 0xC7, 0x38, 0xE7, 0x1C, 0xFB, 0xFF, 0x7F,
    0x6D, 0xBC, 0xF2, 0x08, 0x3F, 0x3F, 0xF8, 0x78, 0x0F, 0x87, 0xE0, 0x70, 0x38, 0x1C, 0x0E, 0x07,
    0x03, 0x81, 0xC0, 0xE0, 0x70, 0x38, 0x1F, 0x0F, 0x87, 0xC1, 0xE0, 0x40, 0x3C, 0x3F, 0x3F, 0xDB,
    0x6D, 0xB3, 0xF8, 0x38, 0x18, 0x1C, 0x0E, 0x07, 0x03, 0x81, 0xC0, 0xE0, 0x70, 0x38, 0x1F, 0x0F,
    0x87, 0xC1, 0xE0, 0x40, 0x63, 0x1D, 0xE7, 0xF8, 0xF6, 0x19, 0x80, 0xE0, 0x70, 0x18, 0x0E, 0x03,
    0x80, 0xE0, 0x38, 0x0E, 0x03, 0x80, 0xE0, 0x38, 0x0F, 0x83, 0xE0, 0xF8, 0x1E, 0x02, 0x00, 0x79,
    0xFA, 0x38, 0x70, 0x60, 0xC1, 0x83, 0x06, 0x0C, 0x18, 0x30, 0x60, 0xC1, 0x83, 0x06, 0x13, 0x1F,
    0xE7, 0xFF, 0x87, 0xF9, 0xFE, 0x7F, 0x9D, 0xE7, 0x01, 0xC0, 0x70, 0x1C, 0x07, 0x01, 0xC0, 0x70,
    0x1C, 0x07, 0x00, 0xC0, 0x7E, 0xFE, 0xD6, 0xFF, 0xFF, 0x2E, 0x7F, 0xB4, 0xF2, 0xF3, 0xFF, 0xFE,
    0x70, 0x7E, 0x3F, 0xCF, 0x73, 0xDF, 0x63, 0x80, 0x37, 0xFE, 0xE2, 0x00, 0xFD, 0xFB, 0xC3, 0x00,
    0x77, 0xF6, 0xF3, 0x00, 0x76, 0xEE, 0x60, 0x1F, 0x83, 0xFC, 0x72, 0xE6, 0xFF, 0x7D, 0xB7, 0x9B,
    0x6F, 0xF7, 0xF6, 0x39, 0xE1, 0xFC, 0x07, 0x00, 0x1F, 0xC1, 0xFF, 0x1C, 0x1C, 0xC0, 0x66, 0x03,
    0x70, 0x1D, 0x80, 0xEC, 0x06, 0x70, 0x71, 0xFF, 0x07, 0xF0, 0x0E, 0x00, 0x1F, 0xC3, 0xFE, 0x70,
    0x76, 0x07, 0xE6, 0x3E, 0xF3, 0x6B, 0x37, 0xF3, 0x3F, 0x70, 0x0E, 0x03, 0xC0, 0x38, 0x00, 0x00,
    0xC0, 0x06, 0x00, 0x31, 0xB9, 0x9F, 0xED, 0xDB, 0x6F, 0x1B, 0x7C, 0xDB, 0x66, 0xCF, 0x36, 0x31,
    0xB0, 0x0D, 0xFF, 0xEF, 0xFF, 0x00, 0x7F, 0xEF, 0xFF, 0xC6, 0x7C, 0x63, 0xC6, 0x3C, 0x63, 0xC6,
    0x3F, 0x03, 0xF8, 0x3D, 0x83, 0xF8, 0x32, 0x00, 0x00, 0x30, 0x01, 0x83, 0xFC, 0x7F, 0xE7, 0x80,
    0x38, 0x01, 0x87, 0x1C, 0x7C, 0xE3, 0x63, 0x1F, 0x1C, 0x70, 0xFF, 0xF3, 0xFF, 0x87, 0x00, 0x07,
    0x00, 0x7D, 0x83, 0x6C, 0x1F, 0xE3, 0xFF, 0x3C, 0x01, 0xC0, 0x0C, 0x38, 0xE3, 0xE7, 0x1B, 0x18,
    0xF8, 0xE3, 0x87, 0xFF, 0x9F, 0xFC, 0x38, 0x00, 0xC0, 0x18, 0x03, 0xFC, 0x7F, 0xEE, 0x1C, 0x01,
    0xC0, 0x3B, 0x83, 0xF0, 0xFB, 0x1F, 0xC3, 0x7B, 0xE7, 0xF8, 0x3C, 0x00, 0x00, 0x07, 0x00, 0x07,
    0x7B, 0xE7, 0xFF, 0xE7, 0xCE, 0x77, 0xC6, 0x77, 0xC6, 0x77, 0xC6, 0x77, 0xC6, 0x77, 0xF0, 0x77,
    0xF8, 0x77, 0xD8, 0x7F, 0xF8, 0x7E, 0x20, 0x00, 0x00, 0x18, 0x00, 0x60, 0xFF, 0x8F, 0xFE, 0x78,
    0x01, 0xC0, 0xC6, 0x07, 0xB8, 0x16, 0xE0, 0x7D, 0x99, 0xE7, 0x71, 0x8F, 0xEE, 0x1D, 0xF0, 0x03,
    0x80, 0x00, 0x60, 0x0D, 0xFF, 0xFF, 0xFC, 0xE1, 0x8E, 0x31, 0xC6, 0x18, 0xC3, 0x9E, 0x33, 0xE7,
    0x6C, 0x6F, 0x8E, 0x40, 0x00, 0x30, 0x9B, 0xCE, 0xF6, 0x77, 0xF3, 0xBF, 0x1D, 0xB9, 0xED, 0xFF,
    0x63, 0xBB, 0x01, 0xD8, 0x0E, 0xC0, 0x76, 0x03, 0xB0, 0x0E, 0x00, 0x00, 0x0F, 0xE6, 0x00, 0x07,
    0xBD, 0x98, 0x01, 0x9B, 0x77, 0x60, 0x6F, 0xDD, 0xD8, 0x1B, 0x7F, 0xFF, 0x86, 0xFB, 0x7F, 0xFD,
    0x9C, 0xDE, 0xEF, 0x70, 0xF3, 0xB8, 0x0F, 0xF8, 0xE0, 0x01, 0xF8, 0x00, 0x00, 0x03, 0x00, 0x1E,
    0x00, 0x78, 0x03, 0xF0, 0x0F, 0xC0, 0x73, 0x01, 0xCE, 0x06, 0x38, 0x38, 0x70, 0xFF, 0xC7, 0xFF,
    0x1F, 0xFE, 0x70, 0x3B, 0x80, 0x6E, 0x01, 0xC0, 0x00, 0x03, 0x00, 0x1C, 0x00, 0x30, 0x00, 0x00,
    0x0F, 0xC3, 0xF8, 0x06, 0x01, 0xC7, 0xF7, 0xFD, 0xC7, 0x61, 0xD8, 0x77, 0xFC, 0xFF, 0x0E, 0x03,
    0x80, 0xE0, 0x38, 0x02, 0x00, 0x1E, 0x00, 0x78, 0x00, 0xE0, 0x03, 0x00, 0x0C, 0x00, 0x78, 0x01,
    0xE0, 0x0F, 0xC0, 0x3F, 0x01, 0xCC, 0x07, 0x38, 0x18, 0xE0, 0xE1, 0xC3, 0xFF, 0x1F, 0xFC, 0x7F,
    0xF9, 0xC0, 0xEE, 0x01, 0xB8, 0x07, 0x1E, 0x07, 0xC0, 0x70, 0x38, 0x04, 0x0F, 0xC3, 0xF8, 0x06,
    0x01, 0xC7, 0xF7, 0xFD, 0xC7, 0x61, 0xD8, 0x77, 0xFC, 0xFF, 0x0E, 0x00, 0x00, 0x10, 0x00, 0xE0,
    0x07, 0x80, 0xDC, 0x07, 0xC0, 0x3F, 0x00, 0xCC, 0x00, 0xC0, 0x07, 0x80, 0x1E, 0x00, 0xFC, 0x03,
    0xF0, 0x1C, 0xC0, 0x73, 0x81, 0x8E, 0x0E, 0x1C, 0x3F, 0xF1, 0xFF, 0xC7, 0xFF, 0x9C, 0x0E, 0xE0,
    0x1B, 0x80, 0x70, 0x00, 0x20, 0x07, 0x00, 0xE0, 0x5C, 0x0E, 0x81, 0xF0, 0x11, 0x00, 0x00, 0x3F,
    0x03, 0xF8, 0x01, 0x80, 0x1C, 0x1F, 0xC7, 0xFC, 0x71, 0xC6, 0x1C, 0x61, 0xC7, 0xFC, 0x3F, 0xC0,
    0xE0, 0x00, 0x80, 0x07, 0x00, 0x1E, 0x00, 0xF8, 0x07, 0xE0, 0x3F, 0x00, 0xCC, 0x00, 0xC0, 0x07,
    0x80, 0x1E, 0x00, 0xFC, 0x03, 0xF0, 0x1C, 0xC0, 0x73, 0x81, 0x8E, 0x0E, 0x1C, 0x3F, 0xF1, 0xFF,
    0xC7, 0xFF, 0x9C, 0x0E, 0xE0, 0x1B, 0x80, 0x70, 0x02, 0x01, 0xC0, 0x38, 0x17, 0x0E, 0x87, 0xC1,
    0x10, 0x00, 0x3F, 0x0F, 0xE0, 0x18, 0x07, 0x1F, 0xDF, 0xF7, 0x1D, 0x87, 0x61, 0xDF, 0xF3, 0xFC,
    0x38, 0x00, 0x00, 0x03, 0xC0, 0x0F, 0x00, 0x1C, 0x03, 0x60, 0x1E, 0x00, 0xFC, 0x03, 0x30, 0x03,
    0x00, 0x1E, 0x00, 0x78, 0x03, 0xF0, 0x0F, 0xC0, 0x73, 0x01, 0xCE, 0x06, 0x38, 0x38, 0x70, 0xFF,
    0xC7, 0xFF, 0x1F, 0xFE, 0x70, 0x3B, 0x80, 0x6E, 0x01, 0xC0, 0x03, 0xC0, 0x7C, 0x03, 0x82, 0xE0,
    0xE8, 0x3E, 0x04, 0x40, 0x00, 0x3F, 0x07, 0xF0, 0x06, 0x00, 0xE1, 0xFC, 0xFF, 0x9C, 0x73, 0x0E,
    0x61, 0xCF, 0xF8, 0xFF, 0x07, 0x00, 0x04, 0x40, 0x3F, 0x81, 0xFC, 0x00, 0x00, 0x03, 0x00, 0x1E,
    0x00, 0xFC, 0x03, 0x30, 0x03, 0x00, 0x1E, 0x00, 0x78, 0x03, 0xF0, 0x0F, 0xC0, 0x73, 0x01, 0xCE,
    0x06, 0x38, 0x38, 0x70, 0xFF, 0xC7, 0xFF, 0x1F, 0xFE, 0x70, 0x3B, 0x80, 0x6E, 0x01, 0xC0, 0x1D,
    0x8F, 0xE3, 0x30, 0x10, 0x0E, 0x07, 0xC1, 0x10, 0x00, 0x3F, 0x0F, 0xE0, 0x18, 0x07, 0x1F, 0xDF,
    0xF7, 0x1D, 0x87, 0x61, 0xDF, 0xF3, 0xFC, 0x38, 0x00, 0x00, 0x0C, 0x00, 0x78, 0x03, 0xF0, 0x0C,
    0xC0, 0x0C, 0x00, 0x78, 0x01, 0xE0, 0x0F, 0xC0, 0x3F, 0x01, 0xCC, 0x07, 0x38, 0x18, 0xE0, 0xE1,
    0xC3, 0xFF, 0x1F, 0xFC, 0x7F, 0xF9, 0xC0, 0xEE, 0x01, 0xB8, 0x07, 0x00, 0x00, 0x0C, 0x00, 0x70,
    0x00, 0xC0, 0x00, 0x01, 0x00, 0xE0, 0x7C, 0x11, 0x00, 0x03, 0xF0, 0xFE, 0x01, 0x80, 0x71, 0xFD,
    0xFF, 0x71, 0xD8, 0x76, 0x1D, 0xFF, 0x3F, 0xC3, 0x80, 0xE0, 0x38, 0x0E, 0x00, 0x00, 0x80, 0x07,
    0x00, 0x1C, 0x00, 0xE0, 0x0D, 0xC0, 0x3F, 0x00, 0x78, 0x00, 0x00, 0x03, 0x00, 0x1E, 0x00, 0x78,
    0x03, 0xF0, 0x0F, 0xC0, 0x73, 0x01, 0xCE, 0x06, 0x38, 0x38, 0x70, 0xFF, 0xC7, 0xFF, 0x1F, 0xFE,
    0x70, 0x3B, 0x80, 0x6E, 0x01, 0xC0, 0x01, 0x00, 0xE0, 0x70, 0x38, 0x35, 0x07, 0xC1, 0xF0, 0x10,
    0x00, 0x0F, 0xC3, 0xF8, 0x06, 0x01, 0xC7, 0xF7, 0xFD, 0xC7, 0x61, 0xD8, 0x77, 0xFC, 0xFF, 0x0E,
    0x00, 0x04, 0x00, 0x38, 0x00, 0xF0, 0x00, 0xC0, 0x0C, 0xC0, 0x3F, 0x00, 0x78, 0x00, 0x00, 0x03,
    0x00, 0x1E, 0x00, 0x78, 0x03, 0xF0, 0x0F, 0xC0, 0x73, 0x01, 0xCE, 0x06, 0x38, 0x38, 0x70, 0xFF,
    0xC7, 0xFF, 0x1F, 0xFE, 0x70, 0x3B, 0x80, 0x6E, 0x01, 0xC0, 0x10, 0x0E, 0x01, 0xC0, 0x38, 0x35,
    0x07, 0xC1, 0xF0, 0x10, 0x00, 0x0F, 0xC3, 0xF8, 0x06, 0x01, 0xC7, 0xF7, 0xFD, 0xC7, 0x61, 0xD8,
    0x77, 0xFC, 0xFF, 0x0E, 0x00, 0x07, 0x00, 0x1E, 0x00, 0x38, 0x00, 0xE0, 0x0F, 0xC0, 0x3F, 0x00,
    0x78, 0x00, 0x00, 0x03, 0x00, 0x1E, 0x00, 0x78, 0x03, 0xF0, 0x0F, 0xC0, 0x73, 0x01, 0xCE, 0x06,
    0x38, 0x38, 0x70, 0xFF, 0xC7, 0xFF, 0x1F, 0xFE, 0x70, 0x3B, 0x80, 0x6E, 0x01, 0xC0, 0x0C, 0x07,
    0xC0, 0x70, 0x38, 0x3D, 0x07, 0xC1, 0xF0, 0x10, 0x00, 0x0F, 0xC3, 0xF8, 0x06, 0x01, 0xC7, 0xF7,
    0xFD, 0xC7, 0x61, 0xD8, 0x77, 0xFC, 0xFF, 0x0E, 0x00, 0x0F, 0x60, 0x7F, 0x00, 0x98, 0x03, 0x30,
    0x0F, 0xC0, 0x1E, 0x00, 0x00, 0x00, 0xC0, 0x07, 0x80, 0x1E, 0x00, 0xFC, 0x03, 0xF0, 0x1C, 0xC0,
    0x73, 0x81, 0x8E, 0x0E, 0x1C, 0x3F, 0xF1, 0xFF, 0xC7, 0xFF, 0x9C, 0x0E, 0xE0, 0x1B, 0x80, 0x70,
    0x1D, 0x8F, 0xE3, 0x70, 0xC4, 0x1F, 0x07, 0xC0, 0x40, 0x00, 0x3F, 0x0F, 0xE0, 0x18, 0x07, 0x1F,
    0xDF, 0xF7, 0x1D, 0x87, 0x61, 0xDF, 0xF3, 0xFC, 0x38, 0x0C, 0xC0, 0x3F, 0x00, 0x78, 0x00, 0x00,
    0x03, 0x00, 0x1E, 0x00, 0x78, 0x03, 0xF0, 0x0F, 0xC0, 0x73, 0x01, 0xCE, 0x06, 0x38, 0x38, 0x70,
    0xFF, 0xC7, 0xFF, 0x1F, 0xFE, 0x70, 0x3B, 0x80, 0x6E, 0x01, 0xC0, 0x00, 0x03, 0x00, 0x1C, 0x00,
    0x30, 0x00, 0x31, 0x0F, 0xC1, 0xF0, 0x10, 0x00, 0x0F, 0xC3, 0xF8, 0x06, 0x01, 0xC7, 0xF7, 0xFD,
    0xC7, 0x61, 0xD8, 0x77, 0xFC, 0xFF, 0x0E, 0x03, 0x80, 0xE0, 0x38, 0x7F, 0xDF, 0xFB, 0xFF, 0x70,
    0x0E, 0x01, 0xC0, 0x3F, 0xE7, 0xFC, 0xFF, 0x9C, 0x03, 0x80, 0x70, 0x0E, 0x01, 0xFF, 0xBF, 0xF8,
    0x00, 0x0C, 0x03, 0xC0, 0x30, 0x00, 0x00, 0x0F, 0xC7, 0xFB, 0x8E, 0xE1, 0xFF, 0xFF, 0xFF, 0x80,
    0xE0, 0x38, 0x07, 0xF8, 0xFE, 0x0E, 0x03, 0x01, 0xC0, 0x30, 0x0C, 0x03, 0xE0, 0x1C, 0x07, 0x00,
    0xC0, 0xFF, 0xBF, 0xF7, 0xFE, 0xE0, 0x1C, 0x03, 0x80, 0x7F, 0xCF, 0xF9, 0xFF, 0x38, 0x07, 0x00,
    0xE0, 0x1C, 0x03, 0xFF, 0x7F, 0xF0, 0x1C, 0x07, 0x80, 0xE0, 0x30, 0x08, 0x0F, 0xC7, 0xFB, 0x8E,
    0xE1, 0xFF, 0xFF, 0xFF, 0x80, 0xE0, 0x38, 0x07, 0xF8, 0xFE, 0x0E, 0x00, 0x1D, 0x87, 0xF0, 0xCC,
    0x00, 0x07, 0xFD, 0xFF, 0xBF, 0xF7, 0x00, 0xE0, 0x1C, 0x03, 0xFE, 0x7F, 0xCF, 0xF9, 0xC0, 0x38,
    0x07, 0x00, 0xE0, 0x1F, 0xFB, 0xFF, 0x80, 0x11, 0x0F, 0xC7, 0xF0, 0x00, 0x00, 0x0F, 0xC7, 0xFB,
    0x8E, 0xE1, 0xFF, 0xFF, 0xFF, 0x80, 0xE0, 0x38, 0x07, 0xF8, 0xFE, 0x0E, 0x00, 0x00, 0x40, 0x06,
    0x00, 0xE0, 0xDC, 0x1F, 0x83, 0xF0, 0x11, 0x07, 0xFC, 0xFF, 0xCF, 0xFC, 0xE0, 0x0E, 0x00, 0xE0,
    0x0F, 0xF8, 0xFF, 0x8F, 0xF8, 0xE0, 0x0E, 0x00, 0xE0, 0x0E, 0x00, 0xFF, 0xCF, 0xFE, 0x00, 0x40,
    0x1C, 0x07, 0x86, 0xE1, 0xF8, 0x7E, 0x0C, 0xC0, 0x00, 0x3F, 0x0F, 0xF3, 0x8E, 0x70, 0xEF, 0xFD,
    0xFF, 0xB8, 0x07, 0x00, 0xE0, 0x0F, 0xF0, 0xFE, 0x07, 0x00, 0x02, 0x00, 0xE0, 0x1E, 0x07, 0xC1,
    0xF8, 0x7E, 0x04, 0x43, 0xFE, 0xFF, 0xDF, 0xFB, 0x80, 0x70, 0x0E, 0x01, 0xFF, 0x3F, 0xE7, 0xFC,
    0xE0, 0x1C, 0x03, 0x80, 0x70, 0x0F, 0xFD, 0xFF, 0xC0, 0x02, 0x01, 0x80, 0x70, 0x3E, 0x1F, 0x0F,
    0xC3, 0x30, 0x00, 0x3F, 0x1F, 0xEE, 0x3B, 0x87, 0xFF, 0xFF, 0xFE, 0x03, 0x80, 0xE0, 0x1F, 0xE3,
    0xF8, 0x38, 0x03, 0xC0, 0x78, 0x07, 0x06, 0xE1, 0xE8, 0x7E, 0x04, 0x43, 0xFE, 0xFF, 0xDF, 0xFB,
    0x80, 0x70, 0x0E, 0x01, 0xFF, 0x3F, 0xE7, 0xFC, 0xE0, 0x1C, 0x03, 0x80, 0x70, 0x0F, 0xFD, 0xFF,
    0xC0, 0x03, 0xC0, 0x78, 0x07, 0x06, 0xE1, 0xE8, 0x7E, 0x0C, 0xC0, 0x00, 0x3F, 0x0F, 0xF3, 0x8E,
    0x70, 0xEF, 0xFD, 0xFF, 0xB8, 0x07, 0x00, 0xE0, 0x0F, 0xF0, 0xFE, 0x07, 0x00, 0x19, 0x07, 0xF0,
    0xFC, 0x00, 0x00, 0xC0, 0x3C, 0x0F, 0xC0, 0x88, 0x7F, 0xDF, 0xFB, 0xFF, 0x70, 0x0E, 0x01, 0xC0,
    0x3F, 0xE7, 0xFC, 0xFF, 0x9C, 0x03, 0x80, 0x70, 0x0E, 0x01, 0xFF, 0xBF, 0xF8, 0x00, 0x0F, 0xE7,
    0xF0, 0x00, 0x0C, 0x07, 0x83, 0xF0, 0xCC, 0x00, 0x0F, 0xC7, 0xFB, 0x8E, 0xE1, 0xFF, 0xFF, 0xFF,
    0x80, 0xE0, 0x38, 0x07, 0xF8, 0xFE, 0x0E, 0x00, 0x00, 0x01, 0x80, 0x78, 0x1F, 0x81, 0x10, 0xFF,
    0xBF, 0xF7, 0xFE, 0xE0, 0x1C, 0x03, 0x80, 0x7F, 0xCF, 0xF9, 0xFF, 0x38, 0x07, 0x00, 0xE0, 0x1C,
    0x03, 0xFF, 0x7F, 0xF0, 0x00, 0x18, 0x07, 0x80, 0x60, 0x00, 0x03, 0x01, 0xE0, 0xFC, 0x33, 0x00,
    0x03, 0xF1, 0xFE, 0xE3, 0xB8, 0x7F, 0xFF, 0xFF, 0xE0, 0x38, 0x0E, 0x01, 0xFE, 0x3F, 0x83, 0x80,
    0xC0, 0x70, 0x0C, 0x00, 0x23, 0xDE, 0x73, 0x19, 0xCE, 0x73, 0x9C, 0xE7, 0x39, 0xCE, 0x73, 0x9C,
    0xE0, 0x73, 0xCE, 0x62, 0x39, 0xCE, 0x73, 0x9C, 0xE7, 0x39, 0xCE, 0x6E, 0xEE, 0xEE, 0xEE, 0xEE,
    0xEE, 0xEE, 0xE0, 0x6E, 0xE0, 0x5F, 0xA1, 0xFF, 0xFF, 0xFF, 0xFF, 0x1F, 0xF0, 0x0F, 0xC0, 0xFF,
    0xC3, 0xCF, 0x9C, 0x0E, 0xE0, 0x1F, 0x80, 0x7E, 0x01, 0xF8, 0x07, 0xE0, 0x1F, 0x80, 0x7E, 0x01,
    0xDC, 0x0F, 0x78, 0x78, 0xFF, 0xC1, 0xFE, 0x00, 0xE0, 0x03, 0x00, 0x0E, 0x00, 0x30, 0x00, 0x00,
    0x07, 0xE1, 0xFE, 0x78, 0xEE, 0x1D, 0xC1, 0xB0, 0x3F, 0x07, 0xE1, 0xDC, 0x39, 0xFE, 0x1F, 0x80,
    0xC0, 0x18, 0x03, 0x80, 0x60, 0x02, 0x00, 0x1E, 0x00, 0x18, 0x00, 0xE0, 0x03, 0x00, 0x3F, 0x03,
    0xFF, 0x0F, 0x3E, 0x70, 0x3B, 0x80, 0x7E, 0x01, 0xF8, 0x07, 0xE0, 0x1F, 0x80, 0x7E, 0x01, 0xF8,
    0x07, 0x70, 0x3D, 0xE1, 0xE3, 0xFF, 0x07, 0xF8, 0x03, 0x80, 0x1E, 0x03, 0xC0, 0x38, 0x07, 0x00,
    0xC0, 0x7E, 0x1F, 0xE7, 0x8E, 0xE1, 0xDC, 0x1B, 0x03, 0xF0, 0x7E, 0x1D, 0xC3, 0x9F, 0xE1, 0xF8,
    0x0C, 0x00, 0x00, 0x10, 0x00, 0xE0, 0x07, 0x00, 0xD8, 0x07, 0xC0, 0x3F, 0x00, 0xCC, 0x03, 0xF0,
    0x3F, 0xF0, 0xF3, 0xE7, 0x03, 0xB8, 0x07, 0xE0, 0x1F, 0x80, 0x7E, 0x01, 0xF8, 0x07, 0xE0, 0x1F,
    0x80, 0x77, 0x03, 0xDE, 0x1E, 0x3F, 0xF0, 0x7F, 0x80, 0x38, 0x00, 0x00, 0x40, 0x1C, 0x03, 0x86,
    0xE1, 0xF8, 0x7E, 0x0C, 0xC0, 0x00, 0x3F, 0x0F, 0xF3, 0xC7, 0x70, 0xEE, 0x0D, 0x81, 0xF8, 0x3F,
    0x0E, 0xE1, 0xCF, 0xF0, 0xFC, 0x06, 0x00, 0x01, 0x80, 0x07, 0x00, 0x0E, 0x00, 0xD8, 0x07, 0x80,
    0x3F, 0x00, 0xCC, 0x03, 0xF0, 0x3F, 0xF0, 0xF3, 0xE7, 0x03, 0xB8, 0x07, 0xE0, 0x1F, 0x80, 0x7E,
    0x01, 0xF8, 0x07, 0xE0, 0x1F, 0x80, 0x77, 0x03, 0xDE, 0x1E, 0x3F, 0xF0, 0x7F, 0x80, 0x38, 0x00,
    0x02, 0x00, 0xE0, 0x0E, 0x06, 0xC1, 0xE0, 0x7E, 0x0C, 0xC0, 0x00, 0x3F, 0x0F, 0xF3, 0xC7, 0x70,
    0xEE, 0x0D, 0x81, 0xF8, 0x3F, 0x0E, 0xE1, 0xCF, 0xF0, 0xFC, 0x06, 0x00, 0x00, 0xF0, 0x03, 0xC0,
    0x07, 0x00, 0xD8, 0x07, 0x80, 0x3F, 0x00, 0xCC, 0x03, 0xF0, 0x3F, 0xF0, 0xF3, 0xE7, 0x03, 0xB8,
    0x07, 0xE0, 0x1F, 0x80, 0x7E, 0x01, 0xF8, 0x07, 0xE0, 0x1F, 0x80, 0x77, 0x03, 0xDE, 0x1E, 0x3F,
    0xF0, 0x7F, 0x80, 0x38, 0x00, 0x01, 0x80, 0x78, 0x03, 0x86, 0xE1, 0xF8, 0x7E, 0x0C, 0xC0, 0x00,
    0x3F, 0x0F, 0xF3, 0xC7, 0x70, 0xEE, 0x0D, 0x81, 0xF8, 0x3F, 0x0E, 0xE1, 0xCF, 0xF0, 0xFC, 0x06,
    0x00, 0x0F, 0xE0, 0x3F, 0x00, 0x98, 0x00, 0xC0, 0x07, 0x80, 0x3F, 0x00, 0xCC, 0x03, 0xF0, 0x3F,
    0xF0, 0xF3, 0xE7, 0x03, 0xB8, 0x07, 0xE0, 0x1F, 0x80, 0x7E, 0x01, 0xF8, 0x07, 0xE0, 0x1F, 0x80,
    0x77, 0x03, 0xDE, 0x1E, 0x3F, 0xF0, 0x7F, 0x80, 0x38, 0x00, 0x3D, 0x87, 0xE0, 0x98, 0x06, 0x01,
    0xE0, 0x7E, 0x0C, 0xC0, 0x00, 0x3F, 0x0F, 0xF3, 0xC7, 0x70, 0xEE, 0x0D, 0x81, 0xF8, 0x3F, 0x0E,
    0xE1, 0xCF, 0xF0, 0xFC, 0x06, 0x00, 0x01, 0x00, 0x0E, 0x00, 0x7C, 0x03, 0x30, 0x00, 0x00, 0x3F,
    0x03, 0xFF, 0x0F, 0x3E, 0x70, 0x3B, 0x80, 0x7E, 0x01, 0xF8, 0x07, 0xE0, 0x1F, 0x80, 0x7E, 0x01,
    0xF8, 0x07, 0x70, 0x3D, 0xE1, 0xE3, 0xFF, 0x07, 0xF8, 0x03, 0x80, 0x0C, 0x00, 0x38, 0x00, 0xC0,
    0x00, 0x01, 0x80, 0x78, 0x1F, 0x83, 0x30, 0x00, 0x0F, 0xC3, 0xFC, 0xF1, 0xDC, 0x3B, 0x83, 0x60,
    0x7E, 0x0F, 0xC3, 0xB8, 0x73, 0xFC, 0x3F, 0x01, 0x80, 0x30, 0x07, 0x00, 0xC0, 0x00, 0x80, 0x03,
    0x80, 0x0E, 0x00, 0x18, 0x60, 0x20, 0xC1, 0xFB, 0x8F, 0xFF, 0x1E, 0x7C, 0x70, 0x39, 0xC0, 0x3B,
    0x80, 0x77, 0x00, 0xEE, 0x01, 0xDC, 0x03, 0xB8, 0x07, 0x70, 0x0E, 0x70, 0x3C, 0xF0, 0xF0, 0xFF,
    0xC0, 0xFF, 0x00, 0x38, 0x00, 0x00, 0x00, 0x70, 0x07, 0x00, 0xE0, 0x0C, 0x60, 0x06, 0x3F, 0xE7,
    0xFE, 0xF1, 0xCE, 0x1C, 0xE0, 0xCC, 0x0E, 0xE0, 0xEE, 0x1C, 0xE1, 0xC7, 0xF8, 0x3F, 0x00, 0xC0,
    0x04, 0x00, 0x1C, 0x00, 0x1C, 0x00, 0x1C, 0x60, 0x10, 0xC1, 0xFB, 0x8F, 0xFF, 0x1E, 0x7C, 0x70,
    0x39, 0xC0, 0x3B, 0x80, 0x77, 0x00, 0xEE, 0x01, 0xDC, 0x03, 0xB8, 0x07, 0x70, 0x0E, 0x70, 0x3C,
    0xF0, 0xF0, 0xFF, 0xC0, 0xFF, 0x00, 0x38, 0x00, 0x00, 0x01, 0x80, 0x1C, 0x00, 0xE0, 0x06, 0x60,
    0x06, 0x3F, 0xE7, 0xFE, 0xF1, 0xCE, 0x1C, 0xE0, 0xCC, 0x0E, 0xE0, 0xEE, 0x1C, 0xE1, 0xC7, 0xF8,
    0x3F, 0x00, 0xC0, 0x02, 0x00, 0x0F, 0x00, 0x06, 0x00, 0x1C, 0x60, 0x30, 0xC1, 0xFB, 0x8F, 0xFF,
    0x1E, 0x7C, 0x70, 0x39, 0xC0, 0x3B, 0x80, 0x77, 0x00, 0xEE, 0x01, 0xDC, 0x03, 0xB8, 0x07, 0x70,
    0x0E, 0x70, 0x3C, 0xF0, 0xF0, 0xFF, 0xC0, 0xFF, 0x00, 0x38, 0x00, 0x1E, 0x01, 0xE0, 0x0E, 0x00,
    0xE6, 0x0C, 0x63, 0xFE, 0x7F, 0xEF, 0x1C, 0xE1, 0xCE, 0x0C, 0xC0, 0xEE, 0x0E, 0xE1, 0xCE, 0x1C,
    0x7F, 0x83, 0xF0, 0x0C, 0x00, 0x06, 0x40, 0x1F, 0xC0, 0x3F, 0x30, 0x00, 0x60, 0xFD, 0xC7, 0xFF,
    0x8F, 0x3E, 0x38, 0x1C, 0xE0, 0x1D, 0xC0, 0x3B, 0x80, 0x77, 0x00, 0xEE, 0x01, 0xDC, 0x03, 0xB8,
    0x07, 0x38, 0x1E, 0x78, 0x78, 0x7F, 0xE0, 0x7F, 0x80, 0x1C, 0x00, 0x00, 0x03, 0xF8, 0x3F, 0x00,
    0x06, 0x00, 0x63, 0xFE, 0x7F, 0xEF, 0x1C, 0xE1, 0xCE, 0x0C, 0xC0, 0xEE, 0x0E, 0xE1, 0xCE, 0x1C,
    0x7F, 0x83, 0xF0, 0x0C, 0x00, 0x00, 0x0C, 0x00, 0x18, 0x3F, 0x71, 0xFF, 0xE3, 0xCF, 0x8E, 0x07,
    0x38, 0x07, 0x70, 0x0E, 0xE0, 0x1D, 0xC0, 0x3B, 0x80, 0x77, 0x00, 0xEE, 0x01, 0xCE, 0x07, 0x9E,
    0x1E, 0x1F, 0xF8, 0x1F, 0xE0, 0x07, 0x00, 0x0C, 0x00, 0x1C, 0x00, 0x30, 0x00, 0x00, 0x00, 0x06,
    0x00, 0x63, 0xFE, 0x7F, 0xEF, 0x1C, 0xE1, 0xCE, 0x0C, 0xC0, 0xEE, 0x0E, 0xE1, 0xCE, 0x1C, 0x7F,
    0x83, 0xF0, 0x0C, 0x00, 0xC0, 0x0E, 0x00, 0xC0, 0xE0, 0x7E, 0x07, 0xE0, 0x7E, 0x07, 0xE0, 0x7E,
    0x07, 0xE0, 0x7E, 0x07, 0xE0, 0x7E, 0x07, 0xE0, 0x76, 0x07, 0x70, 0xE7, 0xFE, 0x3F, 0xC0, 0x70,
    0x06, 0x00, 0x70, 0x06, 0x00, 0xE1, 0xF8, 0x7E, 0x1F, 0x87, 0xE1, 0xF8, 0x7E, 0x1F, 0x87, 0xE1,
    0xDF, 0xF3, 0xFC, 0x38, 0x0C, 0x07, 0x80, 0xC0, 0x04, 0x00, 0xF0, 0x03, 0x00, 0x70, 0x06, 0x0E,
    0x07, 0xE0, 0x7E, 0x07, 0xE0, 0x7E, 0x07, 0xE0, 0x7E, 0x07, 0xE0, 0x7E, 0x07, 0xE0, 0x7E, 0x07,
    0x60, 0x77, 0x0E, 0x7F, 0xE3, 0xFC, 0x07, 0x00, 0x1C, 0x07, 0x80, 0xE0, 0x30, 0x0C, 0x38, 0x7E,
    0x1F, 0x87, 0xE1, 0xF8, 0x7E, 0x1F, 0x87, 0xE1, 0xF8, 0x77, 0xFC, 0xFF, 0x0E, 0x00, 0x01, 0x00,
    0x07, 0x00, 0x1C, 0x00, 0x30, 0x70, 0x40, 0xFC, 0x0F, 0xB8, 0x1F, 0x70, 0x38, 0xE0, 0x71, 0xC0,
    0xE3, 0x81, 0xC7, 0x03, 0x8E, 0x07, 0x1C, 0x0E, 0x38, 0x1C, 0x70, 0x38, 0x60, 0x70, 0xE1, 0xC1,
    0xFF, 0x81, 0xFE, 0x00, 0x70, 0x00, 0x00, 0x00, 0x60, 0x0E, 0x00, 0xC0, 0x18, 0x30, 0x07, 0xE1,
    0xFE, 0x1E, 0xE1, 0xCE, 0x1C, 0xE1, 0xCE, 0x1C, 0xE1, 0xCE, 0x1C, 0xE1, 0xC7, 0xFC, 0x3F, 0xC0,
    0xE0, 0x00, 0x00, 0x18, 0x00, 0x38, 0x00, 0x38, 0x70, 0x20, 0xFC, 0x0F, 0xB8, 0x1F, 0x70, 0x38,
    0xE0, 0x71, 0xC0, 0xE3, 0x81, 0xC7, 0x03, 0x8E, 0x07, 0x1C, 0x0E, 0x38, 0x1C, 0x70, 0x38, 0x60,
    0x70, 0xE1, 0xC1, 0xFF, 0x81, 0xFE, 0x00, 0x70, 0x00, 0x00, 0x03, 0x80, 0x3C, 0x01, 0xC0, 0x0C,
    0x30, 0x07, 0xE1, 0xFE, 0x1E, 0xE1, 0xCE, 0x1C, 0xE1, 0xCE, 0x1C, 0xE1, 0xCE, 0x1C, 0xE1, 0xC7,
    0xFC, 0x3F, 0xC0, 0xE0, 0x04, 0x00, 0x1E, 0x00, 0x0C, 0x00, 0x38, 0x70, 0x60, 0xFC, 0x0F, 0xB8,
    0x1F, 0x70, 0x38, 0xE0, 0x71, 0xC0, 0xE3, 0x81, 0xC7, 0x03, 0x8E, 0x07, 0x1C, 0x0E, 0x38, 0x1C,
    0x70, 0x38, 0x60, 0x70, 0xE1, 0xC1, 0xFF, 0x81, 0xFE, 0x00, 0x70, 0x00, 0x1C, 0x01, 0xE0, 0x0E,
    0x00, 0xC3, 0x0C, 0x7E, 0x1F, 0xE1, 0xEE, 0x1C, 0xE1, 0xCE, 0x1C, 0xE1, 0xCE, 0x1C, 0xE1, 0xCE,
    0x1C, 0x7F, 0xC3, 0xFC, 0x0E, 0x00, 0x0C, 0xC0, 0x3F, 0x80, 0x7E, 0x38, 0x00, 0x7E, 0x07, 0xDC,
    0x0F, 0xB8, 0x1C, 0x70, 0x38, 0xE0, 0x71, 0xC0, 0xE3, 0x81, 0xC7, 0x03, 0x8E, 0x07, 0x1C, 0x0E,
    0x38, 0x1C, 0x30, 0x38, 0x70, 0xE0, 0xFF, 0xC0, 0xFF, 0x00, 0x38, 0x00, 0x01, 0x03, 0xF8, 0x7F,
    0x00, 0x03, 0x00, 0x7E, 0x1F, 0xE1, 0xEE, 0x1C, 0xE1, 0xCE, 0x1C, 0xE1, 0xCE, 0x1C, 0xE1, 0xCE,
    0x1C, 0x7F, 0xC3, 0xFC, 0x0E, 0x00, 0x00, 0x0E, 0x00, 0x1F, 0x81, 0xF7, 0x03, 0xEE, 0x07, 0x1C,
    0x0E, 0x38, 0x1C, 0x70, 0x38, 0xE0, 0x71, 0xC0, 0xE3, 0x81, 0xC7, 0x03, 0x8E, 0x07, 0x0C, 0x0E,
    0x1C, 0x38, 0x3F, 0xF0, 0x3F, 0xC0, 0x0E, 0x00, 0x18, 0x00, 0x38, 0x00, 0x60, 0x00, 0x00, 0x00,
    0x03, 0x00, 0x7E, 0x1F, 0xE1, 0xEE, 0x1C, 0xE1, 0xCE, 0x1C, 0xE1, 0xCE, 0x1C, 0xE1, 0xCE, 0x1C,
    0x7F, 0xC3, 0xFC, 0x0E, 0x00, 0xC0, 0x1E, 0x00, 0xC0, 0x0C, 0x00, 0x70, 0x01, 0xC0, 0x06, 0x00,
    0x00, 0x70, 0x1D, 0xC1, 0xCE, 0x1C, 0x38, 0xE1, 0xCE, 0x07, 0x70, 0x3F, 0x00, 0xF8, 0x03, 0x80,
    0x1C, 0x00, 0xE0, 0x07, 0x00, 0x38, 0x01, 0xC0, 0x0E, 0x00, 0x18, 0x03, 0x80, 0x38, 0x03, 0x00,
    0x00, 0x00, 0x38, 0x37, 0x0E, 0x71, 0xCE, 0x31, 0xC6, 0x1D, 0xC3, 0xB8, 0x36, 0x07, 0xC0, 0x70,
    0x0E, 0x01, 0xC0, 0x70, 0x7E, 0x0F, 0x80, 0xE0, 0x37, 0x03, 0x9C, 0x1C, 0xE1, 0xC3, 0x8E, 0x0E,
    0xE0, 0x7E, 0x01, 0xF0, 0x0F, 0x00, 0x38, 0x01, 0xC0, 0x0E, 0x00, 0x70, 0x03, 0x80, 0x1C, 0x00,
    0x00, 0x06, 0x00, 0x38, 0x01, 0xC0, 0xE0, 0xF8, 0x76, 0x1D, 0xC6, 0x71, 0x8C, 0xE3, 0xB8, 0x6C,
    0x1F, 0x07, 0x80, 0xE0, 0x38, 0x1C, 0xFE, 0x7F, 0x1C, 0x06, 0x00, 0x78, 0x00, 0xE0, 0x0E, 0x00,
    0x60, 0x70, 0x1B, 0x81, 0xCE, 0x0E, 0x70, 0xE1, 0xC7, 0x07, 0x70, 0x3F, 0x00, 0xF8, 0x07, 0x80,
    0x1C, 0x00, 0xE0, 0x07, 0x00, 0x38, 0x01, 0xC0, 0x0E, 0x00, 0x1E, 0x07, 0x80, 0xE0, 0x38, 0x0C,
    0x38, 0x3E, 0x1D, 0x87, 0x71, 0x9C, 0x63, 0x38, 0xEE, 0x1B, 0x07, 0xC1, 0xE0, 0x38, 0x0E, 0x07,
    0x0F, 0x83, 0xC0, 0x1E, 0xC0, 0xFE, 0x04, 0xE0, 0x00, 0x0E, 0x03, 0x70, 0x39, 0xC1, 0xCE, 0x1C,
    0x38, 0xE0, 0xEE, 0x07, 0xE0, 0x1F, 0x00, 0xF0, 0x03, 0x80, 0x1C, 0x00, 0xE0, 0x07, 0x00, 0x38,
    0x01, 0xC0, 0x00, 0x0F, 0xE3, 0xF0, 0x00, 0x00, 0x38, 0x3E, 0x1D, 0x87, 0x71, 0x9C, 0x63, 0x38,
    0xEE, 0x1B, 0x07, 0xC1, 0xE0, 0x38, 0x0E, 0x07, 0x0F, 0x83, 0xC0, 0xFF, 0xFF, 0xFF, 0xFF, 0x49,
    0xE3, 0x1E, 0x78, 0xC3, 0x0C, 0x30, 0xC3, 0x0C, 0x30, 0xC3, 0x0C, 0x00, 0x47, 0xBF, 0xFB, 0x4C,
    0x30, 0xC3, 0x0C, 0x30, 0xC3, 0x0C, 0x30, 0xC0, 0x00, 0x00, 0x87, 0xBF, 0x7C, 0xB0, 0xC3, 0x0C,
    0x30, 0xC3, 0x0C, 0x30, 0xC3, 0x0C, 0x00, 0x7F, 0xF7, 0xC0, 0x7F, 0xF7, 0xC0, 0x7F, 0xF7, 0xFF,
    0x7F, 0xFF, 0xFD, 0xFF, 0xFF, 0xF0, 0x7F, 0xFF, 0xFD, 0xFF, 0xFF, 0xF0, 0x66, 0xEE, 0xE0, 0x77,
    0x76, 0xE0, 0x77, 0x76, 0xE0, 0x66, 0x6E, 0xEE, 0xEE, 0xEE, 0x77, 0x77, 0x77, 0x66, 0xEE, 0x77,
    0x77, 0x77, 0x66, 0xEE, 0x0C, 0x03, 0x00, 0xC0, 0x30, 0x0C, 0x3F, 0xFF, 0xFC, 0x30, 0x0C, 0x03,
    0x00, 0xC0, 0x30, 0x0C, 0x03, 0x00, 0xC0, 0x30, 0x0C, 0x03, 0x00, 0x0C, 0x03, 0x00, 0xC0, 0x30,
    0x0C, 0x3F, 0xFF, 0xFC, 0x30, 0x0C, 0x03, 0x0F, 0xFF, 0xFF, 0x0C, 0x03, 0x00, 0xC0, 0x30, 0x0C,
    0x03, 0x00, 0x7B, 0xFF, 0xFF, 0x78, 0xE1, 0xC3, 0xF0, 0xE1, 0xF8, 0x70, 0xE0, 0x7C, 0x38, 0x00,
    0xEE, 0x38, 0x00, 0xC6, 0x70, 0x00, 0xC6, 0x70, 0x00, 0xC6, 0xE0, 0x00, 0xEE, 0xC0, 0x00, 0x7D,
    0xC0, 0x00, 0x01, 0x80, 0x00, 0x03, 0xBE, 0x3E, 0x03, 0x77, 0x77, 0x07, 0x63, 0x63, 0x0E, 0x63,
    0x63, 0x0E, 0x63, 0x63, 0x1C, 0x77, 0x77, 0x1C, 0x3E, 0x3E, 0x18, 0x00, 0x00, 0x03, 0xE0, 0xC0,
    0x00, 0x7F, 0x1C, 0x00, 0x06, 0x31, 0x80, 0x00, 0xE3, 0x38, 0x00, 0x06, 0x37, 0x00, 0x00, 0x7F,
    0x60, 0x00, 0x03, 0xEE, 0x00, 0x00, 0x01, 0xCC, 0x21, 0x80, 0x1B, 0xFF, 0xFE, 0x03, 0xFF, 0xFF,
    0xE0, 0x76, 0x38, 0xC7, 0x06, 0x63, 0x8C, 0x70, 0xE7, 0x38, 0xE7, 0x1C, 0x3F, 0xFF, 0xE1, 0x81,
    0xEF, 0xBC, 0x00, 0x00, 0x00, 0x00, 0x67, 0x66, 0xEC, 0xC0, 0x66, 0x76, 0x6E, 0x6E, 0xEC, 0xCC,
    0xCC, 0x18, 0xE3, 0x9C, 0xE1, 0xC3, 0x8E, 0x18, 0x61, 0xC3, 0x0E, 0x1C, 0xE3, 0x1C, 0x60, 0xE6,
    0xE6, 0xE6, 0xE6, 0xE6, 0xE6, 0xE6, 0xE6, 0xE6, 0xE6, 0xC6, 0x00, 0xE6, 0xEF, 0xE7, 0x00, 0x00,
    0xC0, 0x00, 0xB0, 0x00, 0x7F, 0x80, 0x0F, 0xC0, 0x01, 0xE0, 0x00, 0xFC, 0x00, 0x12, 0x00, 0x00,
    0x00, 0x18, 0x06, 0x06, 0x01, 0x87, 0xF3, 0xF9, 0xF8, 0x7E, 0x3C, 0x0F, 0x1F, 0x87, 0xE2, 0x61,
    0x90, 0xFF, 0xFF, 0xC0, 0x00, 0xE0, 0x38, 0x07, 0x01, 0xC0, 0x30, 0x0E, 0x01, 0x80, 0x70, 0x0C,
    0x03, 0x80, 0x60, 0x1C, 0x07, 0x00, 0xE0, 0x38, 0x00, 0x0C, 0x03, 0x07, 0xE1, 0xF9, 0xFE, 0x7F,
    0xB0, 0xDC, 0x72, 0x1D, 0x06, 0x03, 0x80, 0xC0, 0xE0, 0x38, 0x38, 0x0E, 0x0E, 0x03, 0x81, 0xC0,
    0x60, 0x30, 0x1C, 0x06, 0x03, 0x80, 0x00, 0x00, 0x18, 0x06, 0x07, 0x81, 0xC0, 0x70, 0x38, 0x00,
    0x00, 0x00, 0x0C, 0x00, 0xFC, 0x67, 0xF9, 0xD8, 0x67, 0x21, 0xDC, 0x07, 0x70, 0x39, 0x81, 0xC6,
    0x0E, 0x18, 0x38, 0x60, 0xC1, 0x83, 0x06, 0x00, 0x00, 0x30, 0x61, 0xE1, 0xC3, 0x87, 0x00, 0x00,
    0x01, 0xC7, 0x3F, 0xBB, 0xFD, 0xDC, 0x7E, 0x43, 0xF0, 0x1F, 0x80, 0xFC, 0x1E, 0xE0, 0xE7, 0x0E,
    0x38, 0x71, 0x83, 0x80, 0x00, 0x70, 0xC3, 0x87, 0x1C, 0x38, 0x00, 0x00, 0x1C, 0x0E, 0x1F, 0xCF,
    0xE3, 0xC1, 0xF1, 0xD8, 0x00, 0x6E, 0xE4, 0x00, 0xE6, 0x77, 0x31, 0x18, 0x18, 0x7F, 0x7E, 0x3C,
    0x7E, 0x26, 0x00, 0x18, 0x18, 0x7F, 0x7E, 0x3C, 0x7E, 0x26, 0x06, 0x00, 0x60, 0x76, 0xC3, 0xFC,
    0x1F, 0x8F, 0xFF, 0xFF, 0xF1, 0xF8, 0x3F, 0xC7, 0x6C, 0x26, 0x40, 0x60, 0x7C, 0xDF, 0x9F, 0x3E,
    0x7C, 0xDB, 0xBE, 0x0C, 0x1C, 0x3C, 0x7C, 0x6C, 0xFE, 0x0C, 0x0C, 0x7E, 0xC1, 0x83, 0xE1, 0xE0,
    0xD3, 0xBE, 0x1E, 0x71, 0x83, 0xEE, 0xEC, 0xDB, 0x9E, 0xFE, 0x1C, 0x70, 0xC1, 0x87, 0x0C, 0x18,
    0x7C, 0xDD, 0x9B, 0xE7, 0xFC, 0xFB, 0xBE, 0x7C, 0xDF, 0x9F, 0x37, 0xE1, 0xCF, 0x3C, 0x7C, 0xDF,
    0x9F, 0x3E, 0x7C, 0xDB, 0xBE, 0x3F, 0xF3, 0x33, 0x33, 0x7C, 0xD8, 0x38, 0xE3, 0xCF, 0x18, 0x3F,
    0x7C, 0xD8, 0x31, 0xE0, 0xE0, 0xD3, 0xFE, 0x0C, 0x1C, 0x3C, 0x7C, 0x6C, 0xFE, 0x0C, 0x0C, 0x7E,
    0xC1, 0x83, 0xE1, 0xE0, 0xD3, 0xBE, 0x1E, 0x71, 0x83, 0xEE, 0xEC, 0xDB, 0x9E, 0xFE, 0x1C, 0x70,
    0xC1, 0x87, 0x0C, 0x18, 0x7C, 0xDD, 0x9B, 0xE7, 0xFC, 0xFB, 0xBE, 0x7C, 0xDF, 0x9F, 0x37, 0xE1,
    0xCF, 0x3C, 0x3F, 0xE7, 0xFC, 0xC0, 0x18, 0x03, 0x00, 0x60, 0x0F, 0xF1, 0xFE, 0x3F, 0xC6, 0x01,
    0xF8, 0x7F, 0x07, 0xE0, 0x60, 0x0C, 0x00, 0x0E, 0x07, 0xE0, 0xFE, 0x38, 0xE6, 0x00, 0xC0, 0x1C,
    0x07, 0xF0, 0xFE, 0x07, 0x01, 0xF8, 0x7F, 0x07, 0xE0, 0x61, 0xDF, 0xFF, 0xFE, 0x70, 0x70, 0x77,
    0x07, 0x06, 0x70, 0xF0, 0xE3, 0x0F, 0x8E, 0x38, 0xF8, 0xE3, 0x9D, 0x8C, 0xFF, 0xFF, 0xFF, 0xFF,
    0xFF, 0x19, 0x8D, 0x81, 0xF8, 0xD8, 0x0F, 0x0D, 0x80, 0xF0, 0xF8, 0x0F, 0x07, 0x00, 0xF0, 0x70,
    0x06, 0x07, 0x00, 0xFF, 0x8F, 0xFF, 0x3E, 0x0C, 0xF9, 0x33, 0xEE, 0xCF, 0xBB, 0x3E, 0xEC, 0xFB,
    0xB3, 0xEE, 0xCF, 0xB8, 0x7E, 0xE1, 0xFB, 0xFE, 0xEF, 0xF8, 0x00, 0x60, 0x1F, 0x80, 0xFC, 0x00,
    0xC0, 0xE6, 0x1F, 0xF1, 0xEF, 0x8E, 0x1C, 0x60, 0x67, 0x03, 0x38, 0x18, 0xC1, 0xC7, 0x0E, 0x1F,
    0xF0, 0xFF, 0x81, 0xC0, 0x3F, 0xE3, 0xFF, 0x0F, 0xF8, 0x07, 0xE0, 0xFE, 0x1E, 0x21, 0xC0, 0x7F,
    0xC7, 0xFC, 0x38, 0x07, 0xF8, 0x7F, 0x81, 0x80, 0x1C, 0x01, 0xF2, 0x0F, 0xF0, 0x7F, 0x70, 0x73,
    0x87, 0x9C, 0x78, 0xE3, 0x87, 0x38, 0x3B, 0x81, 0xF8, 0x1F, 0xFC, 0xFF, 0xE3, 0xF8, 0x1D, 0xE0,
    0xE7, 0x87, 0x1E, 0x38, 0x79, 0xC1, 0xE0, 0xFF, 0xEF, 0xFE, 0x06, 0x00, 0x60, 0x07, 0xC0, 0x7C,
    0x1F, 0x83, 0xE0, 0x37, 0xC0, 0x7C, 0x1F, 0x83, 0xE0, 0x36, 0x00, 0x60, 0x06, 0x00, 0x3F, 0xC1,
    0xFF, 0x1F, 0xFF, 0xFF, 0xF7, 0xFF, 0xFF, 0xFF, 0xFF, 0xE6, 0x1C, 0x3F, 0xE1, 0xFC, 0x0C, 0x00,
    0x60, 0x03, 0x00, 0x18, 0x00, 0xC0, 0x00, 0x3F, 0x83, 0xFC, 0x33, 0xC0, 0x0C, 0x00, 0xCF, 0xFE,
    0x07, 0x81, 0xE0, 0xFF, 0xE7, 0x00, 0x70, 0x07, 0x00, 0x3C, 0xC3, 0xFE, 0x1F, 0xC0, 0xFF, 0xFF,
    0xFC, 0x00, 0x7F, 0xFF, 0xFE, 0x1C, 0x03, 0x80, 0x70, 0x0E, 0x01, 0xC0, 0x38, 0x07, 0x00, 0xE0,
    0x1C, 0x03, 0x80, 0xFF, 0xFF, 0xFC, 0x1C, 0x01, 0xCF, 0xFD, 0xFF, 0x80, 0xE0, 0x78, 0xFF, 0x1F,
    0x83, 0xC0, 0x1C, 0x01, 0xC0, 0x1C, 0x01, 0xC0, 0x1C, 0x03, 0x80, 0x7C, 0x0F, 0x81, 0xE0, 0xF8,
    0x3F, 0xC6, 0xF8, 0x1E, 0x0F, 0x8F, 0xF1, 0xEE, 0x71, 0xDC, 0x3F, 0x87, 0xC0, 0x3F, 0xC3, 0xFE,
    0x30, 0xE3, 0x07, 0x30, 0x73, 0x07, 0x30, 0xFF, 0xFE, 0xFF, 0xC3, 0x00, 0x7E, 0x0F, 0xE0, 0x7E,
    0x03, 0x00, 0x30, 0x00, 0x02, 0x60, 0x07, 0x60, 0x07, 0xE0, 0x0F, 0xF8, 0x3F, 0x7C, 0x3F, 0x6E,
    0x77, 0x6E, 0x67, 0x66, 0x67, 0x67, 0x67, 0x67, 0x60, 0x00, 0x60, 0x00, 0x70, 0x00, 0x38, 0x00,
    0x1C, 0x00, 0x3F, 0xFE, 0x3F, 0xFE, 0x00, 0x00, 0x0C, 0x00, 0x1B, 0x00, 0x36, 0x00, 0x6C, 0x00,
    0xD8, 0x01, 0xB1, 0x03, 0x7E, 0x0F, 0xFC, 0xFF, 0x81, 0xFB, 0xF0, 0x37, 0xE1, 0xEF, 0x1F, 0x81,
    0xBE, 0x3F, 0x00, 0x7C, 0x00, 0x00, 0x00, 0x00, 0x00, 0x20, 0x00, 0x01, 0x80, 0x00, 0x0F, 0xFF,
    0xFE, 0x7F, 0xFF, 0xFD, 0xFF, 0xFF, 0xE3, 0x80, 0x00, 0x06, 0x00, 0x00, 0x00, 0x00, 0x00, 0x00,
    0x06, 0x07, 0x87, 0xE7, 0xF8, 0x60, 0x30, 0x18, 0x0C, 0x06, 0x03, 0x01, 0x80, 0xC0, 0x60, 0x30,
    0x18, 0x0C, 0x06, 0x03, 0x01, 0x80, 0xC0, 0x00, 0x00, 0x00, 0x00, 0x06, 0x00, 0x00, 0x39, 0xFF,
    0xFF, 0xEF, 0xFF, 0xFF, 0xFF, 0xFF, 0xF8, 0x00, 0x03, 0x80, 0x00, 0x18, 0x00, 0x00, 0x00, 0x0C,
    0x06, 0x03, 0x01, 0x80, 0xC0, 0x60, 0x30, 0x18, 0x0C, 0x06, 0x03, 0x01, 0x80, 0xC0, 0x60, 0x30,
    0x18, 0x7F, 0x9F, 0x87, 0x81, 0x80, 0x00, 0xFC, 0x00, 0xF8, 0x00, 0xF8, 0x00, 0xFC, 0x00, 0xCE,
    0x00, 0x07, 0x00, 0x03, 0x80, 0x01, 0xC0, 0x00, 0xE0, 0x00, 0x70, 0x00, 0x38, 0x00, 0x1C, 0x00,
    0x0E, 0x00, 0x07, 0x00, 0x03, 0x00, 0x00, 0x00, 0x1F, 0x00, 0x0F, 0x80, 0x03, 0xC0, 0x03, 0xE0,
    0x03, 0xB0, 0x03, 0x88, 0x03, 0x80, 0x03, 0x80, 0x03, 0x80, 0x03, 0x80, 0x03, 0x80, 0x03, 0x80,
    0x03, 0x80, 0x03, 0x80, 0x01, 0x80, 0x00, 0x00, 0x00, 0x00, 0x00, 0x30, 0x00, 0x1C, 0x00, 0x07,
    0x00, 0x01, 0xC0, 0x00, 0x70, 0x00, 0x1C, 0x00, 0x07, 0x00, 0x01, 0xC0, 0x00, 0x70, 0x00, 0x1C,
    0x00, 0x07, 0x20, 0x01, 0xF0, 0x00, 0x78, 0x00, 0x3C, 0x00, 0x3E, 0x00, 0x00, 0x00, 0x03, 0x00,
    0x07, 0x00, 0x0E, 0x00, 0x1C, 0x00, 0x38, 0x00, 0x70, 0x00, 0xE0, 0x01, 0xC0, 0x03, 0x80, 0x07,
    0x00, 0xCE, 0x00, 0xFC, 0x00, 0xF8, 0x00, 0xF8, 0x00, 0xFC, 0x00, 0x00, 0x00, 0x00, 0x00, 0x00,
    0x80, 0x00, 0x03, 0x0F, 0xFF, 0xFE, 0x7F, 0xFF, 0xFD, 0xFF, 0xFF, 0xE0, 0x00, 0x03, 0x00, 0x00,
    0x08, 0x08, 0x00, 0x00, 0x60, 0x00, 0x03, 0xFF, 0xFF, 0x9F, 0xFF, 0xFF, 0x7F, 0xFF, 0xF8, 0xE0,
    0x00, 0x01, 0x80, 0x00, 0x00, 0x00, 0x00, 0x3F, 0x03, 0xFC, 0x33, 0xC0, 0x0E, 0x00, 0xE1, 0xFE,
    0x3F, 0xE7, 0x9F, 0x70, 0x76, 0x06, 0x60, 0x66, 0x0E, 0x60, 0xE7, 0xBC, 0x3F, 0x81, 0xF0, 0x07,
    0x00, 0x1E, 0x00, 0xF8, 0x03, 0xF0, 0x0D, 0xC0, 0x73, 0x81, 0x8E, 0x0E, 0x18, 0x38, 0x70, 0xC1,
    0xC7, 0x03, 0x1C, 0x0E, 0x60, 0x3B, 0xFF, 0xEF, 0xFF, 0xC0, 0xFF, 0xFF, 0xFF, 0xE0, 0x7E, 0x07,
    0xE0, 0x7E, 0x07, 0xE0, 0x7E, 0x07, 0xE0, 0x7E, 0x07, 0xE0, 0x7E, 0x07, 0xE0, 0x7E, 0x07, 0xE0,
    0x7E, 0x07, 0xE0, 0x70, 0xFF, 0xFF, 0xFD, 0xC0, 0x38, 0x03, 0x80, 0x38, 0x07, 0x00, 0x70, 0x07,
    0x01, 0xC0, 0x70, 0x1E, 0x03, 0x80, 0xE0, 0x38, 0x07, 0xFF, 0xFF, 0xE0, 0xFF, 0xFF, 0xF0, 0x00,
    0xE0, 0x38, 0x07, 0x01, 0xC0, 0x30, 0x0E, 0x01, 0x80, 0x70, 0x0C, 0x03, 0x80, 0x60, 0x1C, 0x07,
    0x00, 0xE0, 0x38, 0x00, 0xFF, 0x80, 0x00, 0x30, 0x01, 0x80, 0x1C, 0x00, 0xC0, 0x06, 0x00, 0x70,
    0x03, 0x80, 0x18, 0x70, 0xC7, 0xCE, 0x3E, 0x60, 0x3B, 0x01, 0xF8, 0x07, 0x80, 0x3C, 0x00, 0xE0,
    0x06, 0x00, 0x7D, 0xE7, 0xFF, 0xE7, 0x3E, 0x73, 0x7F, 0xF7, 0xDE, 0x0F, 0x1F, 0x1E, 0x18, 0x18,
    0x18, 0x18, 0x18, 0x18, 0x18, 0x18, 0x18, 0x18, 0x18, 0x18, 0x38, 0x38, 0x78, 0xF8, 0xF0, 0x3C,
    0x6F, 0xFD, 0xBF, 0xB1, 0xE3, 0xC6, 0xFF, 0xDB, 0xFB, 0x1E, 0x03, 0x00, 0xC0, 0x73, 0xFF, 0xFF,
    0xC3, 0x80, 0xC0, 0x70, 0xFF, 0xFF, 0xF3, 0x01, 0xC0, 0x60, 0x00, 0x01, 0xC3, 0xF7, 0xFB, 0xF0,
    0xF0, 0x3F, 0x07, 0xF8, 0x3F, 0x01, 0xC0, 0x0F, 0xFF, 0xFF, 0xE0, 0x3F, 0x07, 0xF8, 0x3F, 0x03,
    0xC3, 0xF7, 0xFB, 0xF0, 0xE0, 0x00, 0x0F, 0xFF, 0xFF, 0x6E, 0xE0, 0xE6, 0x37, 0x3B, 0xF9, 0xCE,
    0x00, 0x00, 0x3F, 0x3F, 0x7E, 0x7F, 0x72, 0x72, 0xE0, 0x60, 0xE0, 0x60, 0xFE, 0xFE, 0xFE, 0xFE,
    0xE0, 0xE0, 0xE0, 0xE0, 0xE0, 0xE0, 0xE0, 0xE0, 0xE0, 0xE0, 0xE0, 0xE0, 0xE0, 0xE0, 0xE0, 0xE0,
    0xE0, 0xE0, 0x3E, 0xE7, 0xEE, 0x70, 0x0E, 0x00, 0xE0, 0x0F, 0xEE, 0xFE, 0xEE, 0x0E, 0xE0, 0xEE,
    0x0E, 0xE0, 0xEE, 0x0E, 0xE0, 0xEE, 0x0E, 0xE0, 0xEE, 0x0E, 0x3E, 0x63, 0xF7, 0x1C, 0x39, 0xC1,
    0xCE, 0x0E, 0x7F, 0x73, 0xFB, 0x9C, 0x1C, 0xE0, 0xE7, 0x07, 0x38, 0x39, 0xC1, 0xCE, 0x0E, 0x70,
    0x3B, 0x81, 0xFC, 0x0F, 0x3F, 0x3E, 0x67, 0xE7, 0xE6, 0x72, 0x72, 0x0E, 0x06, 0x00, 0xE0, 0x60,
    0x0F, 0xEF, 0xE6, 0xFE, 0xFE, 0x6E, 0x0E, 0x06, 0xE0, 0xE0, 0x6E, 0x0E, 0x06, 0xE0, 0xE0, 0x6E,
    0x0E, 0x06, 0xE0, 0xE0, 0x6E, 0x0E, 0x06, 0xE0, 0xE0, 0x6E, 0x0E, 0x06, 0x3F, 0x3E, 0x63, 0xF3,
    0xF3, 0x1C, 0x9C, 0x99, 0xC0, 0xC0, 0xCE, 0x06, 0x06, 0x7F, 0x7F, 0x33, 0xFB, 0xF9, 0x9C, 0x1C,
    0x0C, 0xE0, 0xE0, 0x67, 0x07, 0x03, 0x38, 0x38, 0x19, 0xC1, 0xC0, 0xCE, 0x0E, 0x06, 0x70, 0x70,
    0x3B, 0x83, 0x81, 0xFC, 0x1C, 0x07, 0x00, 0x00, 0x20, 0x00, 0x06, 0x60, 0x00, 0x7E, 0x00, 0x07,
    0xE0, 0x00, 0x3E, 0x00, 0x03, 0xE0, 0x00, 0x77, 0xFF, 0xFE, 0x3F, 0xFF, 0xC0, 0xFF, 0xC0, 0x00,
    0x00, 0x00, 0x01, 0x00, 0x01, 0xF8, 0x00, 0x0F, 0x80, 0x00, 0x60, 0x00, 0x06, 0x00, 0x00, 0x00,
    0x00, 0x00, 0x00, 0x00, 0x60, 0x00, 0x00, 0xE0, 0x00, 0x00, 0xE0, 0x00, 0x30, 0xE0, 0x00, 0x78,
    0xE0, 0x01, 0xF8, 0x7F, 0xFF, 0xFF, 0x3F, 0xFF, 0x1F, 0x0F, 0xF0, 0x00, 0x00, 0x00, 0x00, 0x00,
    0x00, 0x00, 0x01, 0xF0, 0x00, 0x01, 0xB0, 0x00, 0x00, 0xE0, 0x00, 0x00, 0xE0, 0x00, 0x00, 0x40,
    0x00, 0x08, 0x71, 0xC3, 0x0C, 0x30, 0xDF, 0x78, 0x00, 0x1F, 0x6C, 0xE3, 0x84, 0x1C, 0x0C, 0x06,
    0x07, 0x0F, 0xFF, 0xFC, 0x00, 0x00, 0x7C, 0x3E, 0x06, 0x07, 0x00, 0x00, 0x00, 0x00, 0x00, 0x0C,
    0x00, 0x00, 0xF8, 0x00, 0x0F, 0x80, 0x00, 0xF8, 0x00, 0x1F, 0x80, 0x00, 0xF0, 0x20, 0x00, 0x06,
    0x60, 0x00, 0x7E, 0x00, 0x07, 0xE0, 0x00, 0x3E, 0x00, 0x03, 0xE0, 0x00, 0x77, 0xFF, 0xFE, 0x3F,
    0xFF, 0xC0, 0xFF, 0xC0, 0x00, 0x00, 0x00, 0x00, 0xC0, 0x00, 0x00, 0xF8, 0x00, 0x00, 0xF8, 0x00,
    0x00, 0xFC, 0x00, 0x01, 0xF8, 0x00, 0x00, 0xF0, 0x00, 0x00, 0x00, 0x00, 0x60, 0x00, 0x00, 0xE0,
    0x00, 0x00, 0xE0, 0x00, 0x30, 0xE0, 0x00, 0x78, 0xE0, 0x01, 0xF8, 0x7F, 0xFF, 0xFF, 0x3F, 0xFF,
    0x1F, 0x0F, 0xF0, 0x00, 0x01, 0x87, 0x9F, 0x6F, 0xFF, 0x00, 0x10, 0xC3, 0x0E, 0x38, 0x63, 0xBC,
    0xF0, 0x00, 0x00, 0x18, 0x0F, 0x07, 0xC3, 0xE3, 0xF0, 0xF0, 0x00, 0x00, 0x0E, 0x06, 0x03, 0x03,
    0x87, 0xFF, 0xFE, 0x00, 0x7E, 0x07, 0xFE, 0x13, 0xFE, 0x07, 0xF0, 0xFC, 0x0F, 0x00, 0xE0, 0x0E,
    0x00, 0x67, 0xC7, 0x36, 0x30, 0xC1, 0x87, 0x0C, 0x00, 0x70, 0x01, 0xE0, 0x07, 0xFF, 0x1F, 0xF8,
    0x0C, 0x00, 0x7E, 0x00, 0x7F, 0xE0, 0x13, 0xFE, 0x00, 0x7F, 0x00, 0xFF, 0x00, 0xF3, 0x80, 0xE0,
    0xE0, 0xE0, 0x7E, 0x67, 0xDF, 0x73, 0x60, 0x30, 0xC0, 0x18, 0x70, 0x0C, 0x00, 0x07, 0x00, 0x01,
    0xE0, 0x00, 0x7F, 0xF0, 0x1F, 0xF8, 0x00, 0xC0, 0x00, 0x38, 0x07, 0xF0, 0x7F, 0x80, 0x1F, 0x03,
    0xF0, 0xF8, 0xFE, 0x0F, 0x80, 0x00, 0x00, 0x80, 0x1F, 0x81, 0xF0, 0x06, 0x00, 0xE0, 0x00, 0x00,
    0x38, 0x00, 0xFE, 0x01, 0xFE, 0x00, 0x0F, 0x80, 0x3F, 0x01, 0xFC, 0x3F, 0x9F, 0x7C, 0x1F, 0x00,
    0x00, 0x00, 0x00, 0x6C, 0x00, 0xD8, 0x00, 0xE0, 0x01, 0xC0, 0x01, 0x00, 0x00, 0x00, 0x0C, 0x07,
    0x83, 0xE1, 0xB1, 0xF0, 0xF0, 0x00, 0x00, 0x03, 0x03, 0x80, 0xE0, 0x30, 0x1C, 0x06, 0x03, 0x41,
    0xBF, 0xDF, 0xC0, 0x00, 0x00, 0x00, 0xC0, 0x07, 0x80, 0x3E, 0x01, 0xB0, 0x1F, 0x80, 0xF0, 0x00,
    0x00, 0x00, 0x00, 0x30, 0x03, 0x80, 0x0E, 0x00, 0x30, 0x01, 0xC0, 0x06, 0x00, 0x38, 0x41, 0xC3,
    0xFF, 0x9F, 0xDC, 0x00, 0x00, 0x00, 0x1C, 0x1C, 0x36, 0x3E, 0x12, 0x00, 0x00, 0x0C, 0x0E, 0x06,
    0x07, 0x07, 0x07, 0x06, 0x0E, 0x1C, 0x7C, 0xF0, 0x60, 0x00, 0x03, 0x80, 0x70, 0x1B, 0x03, 0xE0,
    0x08, 0x00, 0x00, 0x00, 0x0C, 0x01, 0xC0, 0x18, 0x03, 0x80, 0x70, 0x0F, 0x81, 0xF8, 0x70, 0x1C,
    0x0F, 0x83, 0xE0, 0x30, 0x00, 0x00, 0x18, 0x1E, 0x1F, 0x1B, 0x3F, 0x3C, 0x00, 0x00, 0x0C, 0x0E,
    0x06, 0x07, 0x07, 0x07, 0x06, 0x0E, 0x1C, 0x7C, 0xF0, 0x60, 0x00, 0x06, 0x00, 0x78, 0x0F, 0x83,
    0xB0, 0x7C, 0x0F, 0x00, 0x00, 0x00, 0x01, 0x80, 0x38, 0x03, 0x00, 0x70, 0x0E, 0x01, 0xF0, 0x3F,
    0x0E, 0x03, 0x81, 0xF0, 0x7C, 0x06, 0x00, 0x00, 0x00, 0x40, 0x00, 0x3C, 0x00, 0x1F, 0x00, 0x0F,
    0x80, 0x03, 0xC0, 0x00, 0x70, 0x00, 0x0F, 0x00, 0x00, 0xF0, 0x60, 0x07, 0x1C, 0x00, 0x73, 0x80,
    0x06, 0x70, 0x00, 0xCE, 0x00, 0x18, 0xFF, 0xFF, 0x0F, 0xFF, 0xC0, 0x7F, 0xC0, 0x00, 0x00, 0x40,
    0x00, 0x07, 0x80, 0x00, 0x7C, 0x00, 0x07, 0xC0, 0x00, 0x3C, 0x00, 0x00, 0xE0, 0x00, 0x03, 0xC0,
    0x00, 0x07, 0x80, 0x60, 0x0F, 0x03, 0x80, 0x1E, 0x0E, 0x00, 0x38, 0x38, 0x00, 0x70, 0xE0, 0x01,
    0xE1, 0xFF, 0xFF, 0xE3, 0xFF, 0xF7, 0xC3, 0xFE, 0x00, 0x01, 0x83, 0xC7, 0xCF, 0x87, 0x07, 0x01,
    0xC0, 0x70, 0x1C, 0x07, 0x01, 0x80, 0xE0, 0x77, 0xF3, 0xF0, 0x00, 0x01, 0x80, 0x78, 0x1F, 0x07,
    0xC0, 0x70, 0x0E, 0x00, 0x70, 0x03, 0x80, 0x1C, 0x00, 0xE0, 0x06, 0x00, 0x70, 0x07, 0x8F, 0xFF,
    0xFC, 0xF0, 0x00, 0x00, 0x00, 0x00, 0x00, 0x30, 0x00, 0x1E, 0x00, 0x0F, 0xA0, 0x03, 0xDE, 0x00,
    0x6F, 0x80, 0x07, 0xC0, 0x01, 0xE0, 0x00, 0x38, 0x00, 0x07, 0x80, 0x00, 0x78, 0x30, 0x03, 0x8E,
    0x00, 0x39, 0xC0, 0x03, 0x38, 0x00, 0x67, 0x00, 0x0C, 0x7F, 0xFF, 0x87, 0xFF, 0xE0, 0x3F, 0xE0,
    0x00, 0x00, 0x00, 0x00, 0x00, 0x06, 0x00, 0x00, 0x78, 0x00, 0x07, 0xD0, 0x00, 0x3D, 0xE0, 0x00,
    0xDF, 0x00, 0x01, 0xF0, 0x00, 0x0F, 0x00, 0x00, 0x38, 0x00, 0x00, 0xF0, 0x00, 0x01, 0xE0, 0x18,
    0x03, 0xC0, 0xE0, 0x07, 0x83, 0x80, 0x0E, 0x0E, 0x00, 0x1C, 0x38, 0x00, 0x78, 0x7F, 0xFF, 0xF8,
    0xFF, 0xFD, 0xF0, 0xFF, 0x80, 0x00, 0x00, 0x03, 0x87, 0xC7, 0xBF, 0x7E, 0xF9, 0xF0, 0xE0, 0xE0,
    0x38, 0x0E, 0x03, 0x80, 0xE0, 0x30, 0x1C, 0x0E, 0xFE, 0x7E, 0x00, 0x00, 0x00, 0x00, 0x70, 0x1F,
    0x03, 0xD8, 0xF7, 0x8D, 0xF0, 0x7C, 0x07, 0x00, 0xE0, 0x07, 0x00, 0x38, 0x01, 0xC0, 0x0E, 0x00,
    0x60, 0x07, 0x00, 0x78, 0xFF, 0xFF, 0xCF, 0x00, 0x00, 0x00, 0x10, 0x00, 0xE0, 0x03, 0x98, 0x06,
    0x60, 0x1B, 0x80, 0x7E, 0x01, 0xF8, 0x06, 0xE0, 0x39, 0xE3, 0xC3, 0xFF, 0x07, 0xF0, 0x00, 0x38,
    0x00, 0x1C, 0x18, 0x06, 0x0C, 0x03, 0x8E, 0x01, 0xF7, 0x00, 0xFF, 0x80, 0x61, 0xC0, 0x70, 0x78,
    0x78, 0x1F, 0xF8, 0x07, 0xF0, 0x00, 0x18, 0x1C, 0x3E, 0x7E, 0x67, 0xE3, 0xE3, 0xE3, 0x7F, 0x7E,
    0x3E, 0x07, 0xE0, 0xE6, 0x0E, 0x70, 0xE3, 0x0E, 0x3E, 0x61, 0xE0, 0x00, 0x11, 0x8C, 0x73, 0x8C,
    0xFE, 0xF1, 0x08, 0xE7, 0x00, 0x00, 0x06, 0x03, 0xC7, 0x79, 0xE3, 0x78, 0x7C, 0x07, 0x80, 0xF0,
    0x0E, 0x00, 0x80, 0x00, 0x00, 0x1C, 0x00, 0x78, 0x03, 0xF0, 0x0D, 0xE0, 0x73, 0xC1, 0xCF, 0x83,
    0x76, 0x0F, 0x9B, 0xFF, 0xEF, 0xFF, 0x8C, 0x18, 0x01, 0xC0, 0x0F, 0x80, 0x7E, 0x03, 0x98, 0x0E,
    0x60, 0x33, 0x80, 0xDC, 0x3F, 0xFF, 0xFF, 0xFC, 0x30, 0xC0, 0xE3, 0x03, 0xFC, 0x07, 0xF0, 0x07,
    0x00, 0x00, 0x01, 0xC0, 0x1E, 0x03, 0xF0, 0x37, 0x87, 0x3C, 0x73, 0xE3, 0x76, 0x3E, 0x6F, 0xFE,
    0xFF, 0xE0, 0x18, 0x07, 0x01, 0xF0, 0x1F, 0x83, 0xB8, 0x33, 0x83, 0x38, 0x77, 0x0F, 0xFF, 0xFF,
    0xF7, 0x1C, 0x30, 0xC3, 0xFC, 0x1F, 0x80, 0xF0, 0x06, 0x00, 0x01, 0xE0, 0x00, 0x7E, 0x00, 0x0F,
    0xC0, 0x03, 0x98, 0x00, 0xE0, 0x00, 0x38, 0x00, 0x07, 0x00, 0x00, 0x7F, 0xFF, 0xE7, 0xFF, 0xFC,
    0x1F, 0xFC, 0x00, 0x07, 0xF9, 0xFF, 0xFF, 0xF9, 0xC0, 0x0C, 0x00, 0x7C, 0x01, 0xFF, 0xE1, 0xFF,
    0x38, 0x00, 0x07, 0x00, 0x00, 0xC0, 0x00, 0x1E, 0x00, 0x03, 0x80, 0x00, 0x0C, 0x00, 0x03, 0xC0,
    0x00, 0xFC, 0x00, 0x1F, 0x80, 0x07, 0x30, 0x01, 0xC0, 0x00, 0x70, 0x00, 0x0E, 0x00, 0x00, 0xFF,
    0xFF, 0xCF, 0xFF, 0xF8, 0x3F, 0xF8, 0x38, 0x01, 0xC0, 0x0C, 0x00, 0x78, 0x03, 0x80, 0x03, 0xFC,
    0xFF, 0xFF, 0xFC, 0xE0, 0x06, 0x00, 0x3E, 0x00, 0xFF, 0xF0, 0xFF, 0x80, 0x00, 0x1E, 0x00, 0x7F,
    0x00, 0x72, 0x00, 0xE0, 0x00, 0xC0, 0x60, 0xE0, 0x60, 0xF8, 0xE0, 0x7E, 0xE0, 0x0E, 0xE0, 0x0E,
    0xE0, 0x1E, 0x78, 0x7C, 0x3F, 0xF8, 0x1F, 0xE0, 0x60, 0x00, 0x30, 0x1C, 0x38, 0x0F, 0xDC, 0x03,
    0xFE, 0x00, 0x67, 0x00, 0x71, 0xE0, 0xF0, 0x7F, 0xF0, 0x1F, 0xE0, 0x00, 0x08, 0x71, 0xC3, 0x0C,
    0x30, 0xDF, 0x78, 0x00, 0x1B, 0x6C, 0x1C, 0x0C, 0x06, 0x07, 0x0F, 0xFF, 0xFC, 0x00, 0x00, 0x7E,
    0x3E, 0x00, 0x1C, 0x3E, 0x7C, 0x60, 0x60, 0x73, 0x3F, 0xFE, 0xF8, 0x00, 0x78, 0x7F, 0x0E, 0x00,
    0x18, 0x1C, 0x1C, 0x1C, 0x1C, 0x1C, 0x1C, 0x1C, 0x1C, 0x1C, 0x1C, 0x1C, 0x1C, 0x1C, 0x78, 0x1F,
    0xC0, 0xE0, 0x00, 0x1C, 0x07, 0x01, 0xC0, 0x70, 0x1C, 0x07, 0x01, 0xC0, 0x70, 0x1C, 0x07, 0x00,
    0xC0, 0x30, 0x0C, 0x03, 0xE0, 0x78, 0x00, 0xF7, 0x31, 0xFE, 0x01, 0x8E, 0x73, 0x9C, 0xE7, 0x39,
    0xCE, 0x73, 0x9C, 0xE0, 0xF0, 0xE0, 0xC0, 0xF8, 0xE0, 0x00, 0x70, 0x70, 0x70, 0x70, 0x70, 0x70,
    0x70, 0x70, 0x70, 0x70, 0x30, 0x30, 0x30, 0x3E, 0x1E, 0x00, 0x1C, 0x1E, 0x0E, 0x03, 0xC3, 0xC0,
    0x00, 0x78, 0x7E, 0x77, 0x31, 0x98, 0xEF, 0xF3, 0xF0, 0x78, 0x1C, 0x7C, 0x7C, 0x38, 0x00, 0x1C,
    0x07, 0x80, 0xE0, 0x0F, 0x03, 0xC0, 0x00, 0x07, 0x81, 0xF8, 0x77, 0x0C, 0x61, 0x8E, 0x3F, 0xF3,
    0xFE, 0x0E, 0x01, 0xC1, 0xF0, 0x7C, 0x0E, 0x00, 0xE7, 0x39, 0xCE, 0x73, 0x9C, 0xE7, 0x39, 0xCE,
    0x31, 0x80, 0xF7, 0x31, 0xEE, 0x00, 0xE1, 0xC3, 0x87, 0x0E, 0x1C, 0x38, 0x70, 0xE1, 0xC1, 0x83,
    0x06, 0x0F, 0x8F, 0x00, 0xF1, 0xC3, 0x07, 0x8E, 0x00, 0x1C, 0x1E, 0x38, 0x7F, 0x30, 0x72, 0x3E,
    0xE0, 0x3C, 0xC0, 0x60, 0xE0, 0x60, 0xF8, 0xE0, 0x7E, 0xE0, 0x0E, 0xE0, 0x0E, 0xE0, 0x1E, 0x78,
    0x7C, 0x3F, 0xF8, 0x1F, 0xE0, 0x1C, 0x00, 0x1C, 0x00, 0x0C, 0x00, 0x07, 0xC0, 0x03, 0xC0, 0x03,
    0x00, 0x01, 0x80, 0xE1, 0xC0, 0x7E, 0xE0, 0x1F, 0xF0, 0x03, 0x38, 0x03, 0x8F, 0x07, 0x83, 0xFF,
    0x80, 0xFF, 0x00, 0x77, 0x30, 0xFF, 0x00, 0x46, 0x31, 0xCE, 0x33, 0xFB, 0xC0, 0x78, 0x38, 0x18,
    0x0F, 0x07, 0x00, 0x00, 0x60, 0x30, 0x38, 0x1C, 0x3F, 0xDD, 0xE0, 0x00, 0xFF, 0xFF, 0xFF, 0xFF,
    0xFE, 0xD8, 0xE1, 0xC3, 0x87, 0x0E, 0x1C, 0x38, 0x70, 0xE1, 0xC1, 0x83, 0x06, 0x0F, 0x8F, 0x00,
    0x00, 0x00, 0x20, 0x00, 0x06, 0x60, 0x00, 0x7E, 0x00, 0x07, 0xE0, 0x00, 0x3E, 0x00, 0x03, 0xE0,
    0x00, 0x77, 0xFF, 0xFE, 0x3F, 0xFF, 0xC0, 0xFF, 0xC0, 0x00, 0x00, 0x00, 0x06, 0x00, 0x00, 0x60,
    0x00, 0x00, 0x00, 0x00, 0x60, 0x00, 0x00, 0xE0, 0x00, 0x00, 0xE0, 0x00, 0x30, 0xE0, 0x00, 0x78,
    0xE0, 0x01, 0xF8, 0x7F, 0xFF, 0xFF, 0x3F, 0xFF, 0x1F, 0x0F, 0xF0, 0x00, 0x00, 0x00, 0x00, 0x00,
    0xE0, 0x00, 0x00, 0xE0, 0x00, 0x11, 0x8C, 0x73, 0x8C, 0xFE, 0xF0, 0x00, 0xE6, 0x00, 0x18, 0x0C,
    0x0E, 0x07, 0x0F, 0xF7, 0x78, 0x00, 0x00, 0x38, 0x1C, 0x00, 0x36, 0x3E, 0x04, 0x00, 0x18, 0x1C,
    0x3E, 0x7E, 0x67, 0xE3, 0xE3, 0xE3, 0x7F, 0x7E, 0x1F, 0x03, 0xF0, 0x12, 0x00, 0x00, 0x03, 0x00,
    0x70, 0x1F, 0x03, 0xF0, 0x73, 0x0E, 0x30, 0xE3, 0x07, 0xF0, 0x7F, 0x80, 0xFE, 0x01, 0xE0, 0x00,
    0x00, 0xF8, 0x00, 0x1F, 0x80, 0x00, 0x90, 0x20, 0x00, 0x06, 0x60, 0x00, 0x7E, 0x00, 0x07, 0xE0,
    0x00, 0x3E, 0x00, 0x03, 0xE0, 0x00, 0x77, 0xFF, 0xFE, 0x3F, 0xFF, 0xC0, 0xFF, 0xC0, 0x00, 0xF8,
    0x00, 0x01, 0xF8, 0x00, 0x00, 0x90, 0x00, 0x00, 0x00, 0x00, 0x60, 0x00, 0x00, 0xE0, 0x00, 0x00,
    0xE0, 0x00, 0x30, 0xE0, 0x00, 0x78, 0xE0, 0x01, 0xF8, 0x7F, 0xFF, 0xFF, 0x3F, 0xFF, 0x1F, 0x0F,
    0xF0, 0x00, 0xDB, 0xE4, 0x00, 0x10, 0xC3, 0x0E, 0x38, 0x63, 0xBC, 0xF0, 0x00, 0x3E, 0x3F, 0x09,
    0x00, 0x01, 0xC0, 0xC0, 0x60, 0x70, 0xFF, 0xFF, 0xC0, 0x00, 0x00, 0x00, 0x00, 0x06, 0x00, 0x00,
    0x60, 0x00, 0x0F, 0x80, 0x01, 0xF8, 0x00, 0x09, 0x02, 0x00, 0x00, 0x66, 0x00, 0x07, 0xE0, 0x00,
    0x7E, 0x00, 0x03, 0xE0, 0x00, 0x3E, 0x00, 0x07, 0x7F, 0xFF, 0xE3, 0xFF, 0xFC, 0x0F, 0xFC, 0x00,
    0x00, 0x00, 0x00, 0x00, 0x70, 0x00, 0x00, 0x60, 0x00, 0x00, 0xF8, 0x00, 0x01, 0xF8, 0x00, 0x00,
    0x90, 0x00, 0x00, 0x00, 0x00, 0x60, 0x00, 0x00, 0xE0, 0x00, 0x00, 0xE0, 0x00, 0x30, 0xE0, 0x00,
    0x78, 0xE0, 0x01, 0xF8, 0x7F, 0xFF, 0xFF, 0x3F, 0xFF, 0x1F, 0x0F, 0xF0, 0x00, 0x01, 0xC7, 0x36,
    0xF9, 0x00, 0x04, 0x30, 0xC3, 0x8E, 0x18, 0xEF, 0x3C, 0x00, 0x00, 0x0C, 0x06, 0x07, 0xC7, 0xE1,
    0x20, 0x00, 0x38, 0x18, 0x0C, 0x0E, 0x1F, 0xFF, 0xF8, 0x00, 0x7C, 0x07, 0xFC, 0x13, 0xFC, 0x07,
    0xE0, 0xF8, 0x0F, 0x00, 0xE0, 0x0E, 0x00, 0xE0, 0x07, 0x1C, 0x30, 0xE1, 0x80, 0x0C, 0x00, 0x70,
    0x01, 0xC0, 0x4F, 0xFF, 0x1F, 0xF0, 0x1C, 0x00, 0x7C, 0x01, 0xFF, 0x01, 0x3F, 0xC0, 0x1F, 0x80,
    0xFC, 0x03, 0xD8, 0x0E, 0x38, 0x38, 0x3F, 0xE0, 0x3F, 0xC7, 0x03, 0x0E, 0x06, 0x00, 0x0C, 0x00,
    0x1C, 0x00, 0x1C, 0x04, 0x3F, 0xFC, 0x1F, 0xF0, 0x07, 0x00, 0x38, 0x07, 0xF0, 0x7F, 0x80, 0x1F,
    0x03, 0xF0, 0xF8, 0xFE, 0x0F, 0x80, 0x00, 0x00, 0x00, 0x06, 0x00, 0x60, 0x38, 0x00, 0xFE, 0x01,
    0xFE, 0x00, 0x0F, 0x80, 0x3F, 0x01, 0xFC, 0x3F, 0x9F, 0x7C, 0x1F, 0x00, 0x00, 0x00, 0x00, 0x38,
    0x00, 0x70, 0x00, 0x7C, 0x07, 0xFC, 0x13, 0xFC, 0x07, 0xE0, 0xF8, 0x0F, 0x00, 0xE0, 0x0E, 0x00,
    0xE0, 0x07, 0x00, 0x30, 0x01, 0x80, 0x0C, 0x00, 0x70, 0x01, 0xC0, 0x4F, 0xFF, 0x1F, 0xF0, 0x1C,
    0x00, 0x7C, 0x01, 0xFF, 0x01, 0x3F, 0xC0, 0x1F, 0x80, 0xFC, 0x03, 0xD8, 0x0E, 0x38, 0x38, 0x3F,
    0xE0, 0x3F, 0xC0, 0x03, 0x00, 0x06, 0x00, 0x0C, 0x00, 0x1C, 0x00, 0x1C, 0x04, 0x3F, 0xFC, 0x1F,
    0xF0, 0x07, 0x00, 0x38, 0x07, 0xF0, 0x7F, 0x80, 0x1F, 0x03, 0xF0, 0xF8, 0xFE, 0x0F, 0x80, 0x00,
    0x00, 0x38, 0x00, 0xFE, 0x01, 0xFE, 0x00, 0x0F, 0x80, 0x3F, 0x01, 0xFC, 0x3F, 0x9F, 0x7C, 0x1F,
    0x00, 0x00, 0x07, 0x00, 0x38, 0x00, 0x80, 0x00, 0x07, 0xC0, 0x7F, 0xC1, 0x3F, 0xC0, 0x7E, 0x0F,
    0x80, 0xF0, 0x0E, 0x00, 0xE0, 0x0E, 0x00, 0x70, 0x03, 0x00, 0x18, 0x00, 0xC0, 0x07, 0x00, 0x1C,
    0x04, 0xFF, 0xF1, 0xFF, 0x01, 0xC0, 0x07, 0x00, 0x0E, 0x00, 0x08, 0x00, 0x00, 0x07, 0xC0, 0x1F,
    0xF0, 0x13, 0xFC, 0x01, 0xF8, 0x0F, 0xC0, 0x3D, 0x80, 0xE3, 0x83, 0x83, 0xFE, 0x03, 0xFC, 0x00,
    0x30, 0x00, 0x60, 0x00, 0xC0, 0x01, 0xC0, 0x01, 0xC0, 0x43, 0xFF, 0xC1, 0xFF, 0x00, 0x70, 0x00,
    0x38, 0x03, 0x80, 0x10, 0x00, 0x00, 0x38, 0x07, 0xF0, 0x7F, 0x80, 0x1F, 0x03, 0xF0, 0xF8, 0xFE,
    0x0F, 0x80, 0x00, 0x00, 0x30, 0x00, 0x70, 0x00, 0x40, 0x00, 0x00, 0x03, 0x80, 0x0F, 0xE0, 0x1F,
    0xE0, 0x00, 0xF8, 0x03, 0xF0, 0x1F, 0xC3, 0xF9, 0xF7, 0xC1, 0xF0, 0x00, 0x00, 0x06, 0x07, 0x01,
    0xC0, 0x60, 0x38, 0x0C, 0x06, 0x83, 0x7F, 0xBF, 0x80, 0x00, 0x06, 0x00, 0x70, 0x01, 0xC0, 0x06,
    0x00, 0x38, 0x00, 0xC0, 0x07, 0x08, 0x38, 0x7F, 0xF3, 0xFB, 0x80, 0x00, 0x1C, 0x0E, 0x02, 0x00,
    0x00, 0x60, 0x70, 0x1C, 0x06, 0x03, 0x80, 0xC0, 0x68, 0x37, 0xFB, 0xF8, 0x00, 0x1C, 0x00, 0xE0,
    0x02, 0x00, 0x00, 0x00, 0x60, 0x07, 0x00, 0x1C, 0x00, 0x60, 0x03, 0x80, 0x0C, 0x00, 0x70, 0x83,
    0x87, 0xFF, 0x3F, 0xB8, 0x00, 0x00, 0x00, 0x0C, 0x0E, 0x06, 0x07, 0x07, 0x07, 0x06, 0x0E, 0x1C,
    0x7C, 0xF0, 0x60, 0x00, 0x01, 0x80, 0x38, 0x03, 0x00, 0x70, 0x0E, 0x01, 0xF0, 0x3F, 0x0E, 0x03,
    0x81, 0xF0, 0x7C, 0x06, 0x00, 0x0C, 0x1C, 0x08, 0x00, 0x00, 0x0C, 0x0E, 0x06, 0x07, 0x07, 0x07,
    0x06, 0x0E, 0x1C, 0x7C, 0xF0, 0x60, 0x1C, 0x03, 0x80, 0x20, 0x00, 0x00, 0x00, 0x18, 0x03, 0x80,
    0x30, 0x07, 0x00, 0xE0, 0x1F, 0x03, 0xF0, 0xE0, 0x38, 0x1F, 0x07, 0xC0, 0x60, 0x00, 0x00, 0x00,
    0x02, 0x00, 0x00, 0x03, 0x80, 0x00, 0x01, 0xC0, 0x07, 0x0C, 0x60, 0x03, 0x86, 0x33, 0x00, 0xC3,
    0x1D, 0x80, 0x73, 0x8D, 0xC0, 0x3F, 0xFE, 0xE0, 0x1F, 0xFE, 0x70, 0x0C, 0x00, 0x38, 0x0E, 0x00,
    0x0F, 0x0F, 0x00, 0x03, 0xFF, 0x00, 0x00, 0xFE, 0x00, 0x00, 0x00, 0x00, 0x00, 0x00, 0x00, 0x00,
    0x30, 0x00, 0x38, 0x63, 0x00, 0x03, 0x86, 0x30, 0x60, 0x18, 0x63, 0x86, 0x01, 0xCE, 0x38, 0xE0,
    0x1F, 0xFF, 0xFE, 0x01, 0xFF, 0xEF, 0xE0, 0x18, 0x00, 0x0E, 0x03, 0x80, 0x00, 0x78, 0x78, 0x00,
    0x03, 0xFF, 0x00, 0x00, 0x1F, 0xC0, 0x00, 0x00, 0x00, 0x04, 0x00, 0x0E, 0x00, 0x06, 0x18, 0xC6,
    0x38, 0xC7, 0x38, 0xC7, 0x39, 0xC7, 0xFF, 0xFE, 0xFF, 0xFC, 0x00, 0x00, 0x00, 0x02, 0x00, 0x00,
    0xC0, 0x63, 0x18, 0x1C, 0x63, 0x83, 0x8C, 0x70, 0x73, 0x8E, 0x3F, 0xFF, 0xFF, 0xFF, 0xEF, 0x00,
    0x00, 0x00, 0x00, 0x00, 0x00, 0x00, 0x00, 0x60, 0x00, 0x00, 0x30, 0x00, 0x00, 0x3E, 0x00, 0x00,
    0x3F, 0x00, 0x00, 0x09, 0x10, 0x00, 0x00, 0x1C, 0x00, 0x00, 0x0E, 0x00, 0x38, 0x63, 0x00, 0x1C,
    0x31, 0x98, 0x06, 0x18, 0xEC, 0x03, 0x9C, 0x6E, 0x01, 0xFF, 0xF7, 0x00, 0xFF, 0xF3, 0x80, 0x60,
    0x01, 0xC0, 0x70, 0x00, 0x78, 0x78, 0x00, 0x1F, 0xF8, 0x00, 0x07, 0xF0, 0x00, 0x00, 0x00, 0x00,
    0x00, 0x00, 0x00, 0x0C, 0x00, 0x00, 0x00, 0xC0, 0x00, 0x00, 0x1F, 0x00, 0x00, 0x03, 0xF0, 0x00,
    0x00, 0x12, 0x00, 0x00, 0x00, 0x00, 0x00, 0x00, 0x00, 0x30, 0x00, 0x38, 0x63, 0x00, 0x03, 0x86,
    0x30, 0x60, 0x18, 0x63, 0x86, 0x01, 0xCE, 0x38, 0xE0, 0x1F, 0xFF, 0xFE, 0x01, 0xFF, 0xEF, 0xE0,
    0x18, 0x00, 0x0E, 0x03, 0x80, 0x00, 0x78, 0x78, 0x00, 0x03, 0xFF, 0x00, 0x00, 0x1F, 0xC0, 0x00,
    0x00, 0x00, 0x00, 0x00, 0xC0, 0x00, 0xC0, 0x03, 0xF0, 0x03, 0xF0, 0x01, 0x24, 0x00, 0x0E, 0x00,
    0x06, 0x18, 0xC6, 0x38, 0xC7, 0x38, 0xC7, 0x39, 0xC7, 0xFF, 0xFE, 0xFF, 0xFC, 0x00, 0x00, 0x00,
    0x00, 0x00, 0x18, 0x00, 0x03, 0x00, 0x01, 0xF8, 0x00, 0x3F, 0x00, 0x02, 0x40, 0x00, 0x00, 0x80,
    0x00, 0x30, 0x18, 0xC6, 0x07, 0x18, 0xE0, 0xE3, 0x1C, 0x1C, 0xE3, 0x8F, 0xFF, 0xFF, 0xFF, 0xFB,
    0xC0, 0x00, 0x00, 0x00, 0x00, 0x0F, 0x80, 0x00, 0x07, 0xF8, 0x00, 0xE1, 0xE7, 0x00, 0x1C, 0x70,
    0x76, 0x01, 0x9C, 0x0E, 0xC0, 0x3F, 0x03, 0xB8, 0x07, 0xFF, 0xF7, 0x00, 0xFF, 0xF8, 0xE0, 0x18,
    0xF8, 0x1C, 0x07, 0x00, 0x01, 0xE1, 0xE0, 0x00, 0x1F, 0xF8, 0x00, 0x01, 0xFC, 0x00, 0x00, 0x00,
    0x00, 0x0F, 0x80, 0x00, 0x00, 0xFF, 0x00, 0x03, 0x87, 0x9C, 0x00, 0x0E, 0x38, 0x38, 0x60, 0x19,
    0xC0, 0xE1, 0x80, 0x7E, 0x07, 0x0E, 0x01, 0xFF, 0xFF, 0xB8, 0x07, 0xFF, 0xFE, 0xE0, 0x18, 0xF8,
    0x03, 0x80, 0xE0, 0x00, 0x07, 0x87, 0x80, 0x00, 0x0F, 0xFC, 0x00, 0x00, 0x1F, 0xC0, 0x00, 0x00,
    0x00, 0x0F, 0x00, 0x0F, 0xE1, 0x87, 0x9C, 0x63, 0x83, 0x39, 0xC0, 0xCE, 0xE0, 0x7F, 0xFF, 0xFB,
    0xBF, 0xFC, 0x03, 0xF8, 0x00, 0x00, 0x0F, 0x00, 0x01, 0xFC, 0x06, 0x1E, 0x70, 0x31, 0xC1, 0x83,
    0x9C, 0x0C, 0x1D, 0xC0, 0xE3, 0xFF, 0xFF, 0xFD, 0xFF, 0xFF, 0x03, 0xF8, 0x00, 0x00, 0x00, 0x06,
    0x00, 0x00, 0x00, 0xC0, 0x00, 0x00, 0x00, 0x00, 0x00, 0x00, 0x00, 0x00, 0x00, 0xF8, 0x00, 0x00,
    0x7F, 0x80, 0x0E, 0x1E, 0x70, 0x01, 0xC7, 0x07, 0x60, 0x19, 0xC0, 0xEC, 0x03, 0xF0, 0x3B, 0x80,
    0x7F, 0xFF, 0x70, 0x0F, 0xFF, 0x8E, 0x01, 0x8F, 0x81, 0xC0, 0x70, 0x00, 0x1E, 0x1E, 0x00, 0x01,
    0xFF, 0x80, 0x00, 0x1F, 0xC0, 0x00, 0x00, 0x00, 0x00, 0x06, 0x00, 0x00, 0x00, 0x18, 0x00, 0x00,
    0x00, 0x00, 0x00, 0x00, 0x00, 0x00, 0x00, 0x00, 0x0F, 0x80, 0x00, 0x00, 0xFF, 0x00, 0x03, 0x87,
    0x9C, 0x00, 0x0E, 0x38, 0x38, 0x60, 0x19, 0xC0, 0xE1, 0x80, 0x7E, 0x07, 0x0E, 0x01, 0xFF, 0xFF,
    0xB8, 0x07, 0xFF, 0xFE, 0xE0, 0x18, 0xF8, 0x03, 0x80, 0xE0, 0x00, 0x07, 0x87, 0x80, 0x00, 0x0F,
    0xFC, 0x00, 0x00, 0x1F, 0xC0, 0x00, 0x00, 0x00, 0x0E, 0x00, 0x03, 0x80, 0x00, 0x40, 0x00, 0x00,
    0x00, 0x0F, 0x00, 0x0F, 0xE1, 0x87, 0x9C, 0x63, 0x83, 0x39, 0xC0, 0xCE, 0xE0, 0x7F, 0xFF, 0xFB,
    0xBF, 0xFC, 0x03, 0xF8, 0x00, 0x00, 0x0E, 0x00, 0x00, 0x70, 0x00, 0x01, 0x00, 0x00, 0x00, 0x00,
    0x00, 0xF0, 0x00, 0x1F, 0xC0, 0x61, 0xE7, 0x03, 0x1C, 0x18, 0x39, 0xC0, 0xC1, 0xDC, 0x0E, 0x3F,
    0xFF, 0xFF, 0xDF, 0xFF, 0xF0, 0x3F, 0x80, 0x00, 0x0C, 0x00, 0x0C, 0x00, 0x0C, 0x00, 0x0C, 0x00,
    0x0C, 0x00, 0x0C, 0x00, 0x0C, 0x00, 0x0C, 0x7C, 0x0D, 0xFE, 0x0F, 0xC7, 0x0F, 0x87, 0x0F, 0x07,
    0x0E, 0x0E, 0xFF, 0xFE, 0xFF, 0xF8, 0x1F, 0xC0, 0x0C, 0x00, 0x01, 0x80, 0x00, 0x30, 0x00, 0x06,
    0x00, 0x00, 0xC0, 0x00, 0x18, 0x00, 0x03, 0x00, 0x00, 0x63, 0xE0, 0x0D, 0xFE, 0x01, 0xF8, 0xE0,
    0x3E, 0x1C, 0x07, 0x83, 0x80, 0xE0, 0xE1, 0xFF, 0xFF, 0xBF, 0xFF, 0xF8, 0xFE, 0x00, 0x70, 0x01,
    0xC0, 0x07, 0x00, 0x1C, 0x00, 0x70, 0x01, 0xC0, 0x07, 0x00, 0x1C, 0x7C, 0x77, 0xF9, 0xFE, 0xE3,
    0xE1, 0xCE, 0x06, 0x70, 0x3B, 0xFF, 0xCF, 0xFE, 0x00, 0x00, 0x70, 0x00, 0x70, 0x00, 0x70, 0x00,
    0x70, 0x00, 0x70, 0x00, 0x70, 0x00, 0x70, 0x00, 0x71, 0xF0, 0x77, 0xF8, 0x7F, 0xB8, 0x3E, 0x1C,
    0x38, 0x18, 0x70, 0x38, 0xFF, 0xFF, 0xFF, 0xFF, 0x00, 0x00, 0x0C, 0x00, 0x0C, 0x00, 0x0C, 0x00,
    0x0C, 0x18, 0x0C, 0x38, 0x0C, 0x10, 0x0C, 0x00, 0x0C, 0x7C, 0x0D, 0xFE, 0x0F, 0xC7, 0x0F, 0x87,
    0x0F, 0x07, 0x0E, 0x0E, 0xFF, 0xFE, 0xFF, 0xF8, 0x1F, 0xC0, 0x0C, 0x00, 0x01, 0x80, 0x00, 0x30,
    0x00, 0x06, 0x18, 0x00, 0xC7, 0x00, 0x18, 0x40, 0x03, 0x00, 0x00, 0x63, 0xE0, 0x0D, 0xFE, 0x01,
    0xF8, 0xE0, 0x3E, 0x1C, 0x07, 0x83, 0x80, 0xE0, 0xE1, 0xFF, 0xFF, 0xBF, 0xFF, 0xF8, 0xFE, 0x00,
    0x70, 0x01, 0xC0, 0x07, 0x00, 0x1C, 0x70, 0x71, 0xC1, 0xC2, 0x07, 0x00, 0x1C, 0x7C, 0x77, 0xF9,
    0xFE, 0xE3, 0xE1, 0xCE, 0x06, 0x70, 0x3B, 0xFF, 0xCF, 0xFE, 0x00, 0x00, 0x70, 0x00, 0x70, 0x00,
    0x70, 0x00, 0x71, 0xC0, 0x71, 0xC0, 0x70, 0x80, 0x70, 0x00, 0x71, 0xF0, 0x77, 0xF8, 0x7F, 0xB8,
    0x3E, 0x1C, 0x38, 0x18, 0x70, 0x38, 0xFF, 0xFF, 0xFF, 0xFF, 0x00, 0x00, 0x1E, 0x01, 0xF0, 0x1F,
    0x80, 0xC0, 0x0E, 0x00, 0x30, 0xC1, 0xFE, 0x07, 0xF0, 0x3C, 0x03, 0x80, 0x18, 0x01, 0xC0, 0x0C,
    0x00, 0x60, 0x03, 0x00, 0x1C, 0x00, 0x70, 0x03, 0xFF, 0x87, 0xFC, 0x06, 0x00, 0x0F, 0x01, 0xFC,
    0x1F, 0xF0, 0xE3, 0x83, 0x98, 0x0F, 0xC0, 0x3C, 0x03, 0xFE, 0x3B, 0xF3, 0x80, 0x38, 0x01, 0x80,
    0x0C, 0x00, 0x70, 0x03, 0x80, 0x8F, 0xFE, 0x3F, 0xE0, 0x30, 0x00, 0x00, 0x07, 0xC3, 0xF1, 0xC0,
    0x70, 0x1C, 0x03, 0x80, 0xFF, 0xFF, 0xFF, 0x80, 0x00, 0x0F, 0x03, 0xF8, 0x7F, 0xC7, 0x1C, 0x79,
    0x81, 0xF8, 0x1F, 0x0F, 0xFF, 0xFB, 0xF0, 0x00, 0x0C, 0x00, 0x60, 0x00, 0x00, 0x00, 0x01, 0xE0,
    0x1F, 0x01, 0xF8, 0x0C, 0x00, 0xE0, 0x03, 0x0C, 0x1F, 0xE0, 0x7F, 0x03, 0xC0, 0x38, 0x01, 0x80,
    0x1C, 0x00, 0xC0, 0x06, 0x00, 0x30, 0x01, 0xC0, 0x07, 0x00, 0x3F, 0xF8, 0x7F, 0xC0, 0x60, 0x06,
    0x00, 0x30, 0x00, 0x80, 0x00, 0x00, 0xF0, 0x1F, 0xC1, 0xFF, 0x0E, 0x38, 0x39, 0x80, 0xFC, 0x03,
    0xC0, 0x3F, 0xE3, 0xBF, 0x38, 0x03, 0x80, 0x18, 0x00, 0xC0, 0x07, 0x00, 0x38, 0x08, 0xFF, 0xE3,
    0xFE, 0x03, 0x00, 0x0E, 0x03, 0x80, 0x40, 0x00, 0x00, 0x07, 0xC3, 0xF1, 0xC0, 0x70, 0x1C, 0x03,
    0x80, 0xFF, 0xFF, 0xFF, 0x80, 0x00, 0x06, 0x00, 0xE0, 0x04, 0x00, 0x00, 0x0F, 0x03, 0xF8, 0x7F,
    0xC7, 0x1C, 0x79, 0x81, 0xF8, 0x1F, 0x0F, 0xFF, 0xFB, 0xF0, 0x00, 0x00, 0x01, 0x80, 0x00, 0x38,
    0x00, 0x01, 0x00, 0x00, 0x00, 0x00, 0x01, 0xC0, 0x00, 0x3E, 0x00, 0x07, 0xE0, 0x00, 0x67, 0x60,
    0x0E, 0x7E, 0x00, 0xE7, 0xE0, 0x07, 0xFE, 0x00, 0x3F, 0xE0, 0x00, 0x77, 0xFF, 0xFE, 0x3F, 0xFF,
    0xE0, 0xFF, 0xF0, 0x00, 0x00, 0x60, 0x00, 0x00, 0xE0, 0x00, 0x00, 0x40, 0x00, 0x00, 0x00, 0x00,
    0x00, 0xF0, 0x00, 0x01, 0xF8, 0x60, 0x03, 0xF8, 0xE0, 0x03, 0x9C, 0xE0, 0x03, 0x1C, 0xE0, 0x03,
    0x98, 0xE0, 0x01, 0xF8, 0x7F, 0xFF, 0xFF, 0x3F, 0xFF, 0xFF, 0x0F, 0xFC, 0x00, 0x1C, 0x0E, 0x02,
    0x00, 0x00, 0xC1, 0xF8, 0xFC, 0xE6, 0x73, 0xB9, 0xCF, 0xE3, 0xF0, 0x77, 0xF3, 0xF0, 0x00, 0x0C,
    0x00, 0xC0, 0x04, 0x00, 0x00, 0x0E, 0x03, 0xF0, 0x3B, 0x87, 0x38, 0x71, 0x83, 0x38, 0x3F, 0x0F,
    0xFE, 0xFF, 0xF0, 0x00, 0x00, 0x6C, 0x00, 0x6C, 0x00, 0x00, 0x00, 0x00, 0x00, 0x3C, 0x00, 0x7E,
    0x00, 0x6E, 0x00, 0xE6, 0x60, 0xC7, 0x60, 0xFF, 0xE0, 0xFF, 0xE0, 0x3E, 0xE0, 0x06, 0xE0, 0x0E,
    0x78, 0x3C, 0x3F, 0xF8, 0x1F, 0xE0, 0x00, 0x7C, 0x00, 0x1F, 0x80, 0x02, 0x40, 0x00, 0x00, 0x00,
    0x3C, 0x00, 0x1F, 0x80, 0x0E, 0xE0, 0x03, 0x18, 0x70, 0xC7, 0x18, 0x3F, 0xFE, 0x07, 0xFF, 0x80,
    0x18, 0xE0, 0x0E, 0x1C, 0x07, 0x87, 0xCF, 0xC0, 0xFF, 0xE0, 0x0F, 0xE0, 0x00, 0x36, 0x1F, 0x04,
    0x00, 0x00, 0xC1, 0xF8, 0xFC, 0xE6, 0x73, 0xB9, 0xCF, 0xE3, 0xF0, 0x77, 0xF3, 0xF0, 0x00, 0x1F,
    0x03, 0xF0, 0x12, 0x00, 0x00, 0x0E, 0x03, 0xF0, 0x3B, 0x87, 0x38, 0x71, 0x83, 0x38, 0x3F, 0x0F,
    0xFE, 0xFF, 0xF0, 0x00, 0x00, 0x01, 0x80, 0x00, 0x60, 0x00, 0x18, 0x00, 0x06, 0x00, 0x61, 0x80,
    0x38, 0x60, 0x0C, 0x18, 0x03, 0x86, 0x60, 0x61, 0xB8, 0x78, 0x6E, 0x18, 0x1B, 0x80, 0x06, 0xE0,
    0x03, 0x9F, 0xFF, 0xE3, 0xFF, 0xF0, 0x3F, 0xE0, 0x00, 0x01, 0x80, 0x00, 0x0C, 0x00, 0x00, 0x60,
    0x00, 0x03, 0x00, 0x06, 0x18, 0x00, 0x70, 0xC0, 0x03, 0x06, 0x00, 0x1C, 0x30, 0x60, 0x61, 0x87,
    0x0F, 0x0C, 0x38, 0x60, 0x61, 0xC0, 0x03, 0x8E, 0x00, 0x3C, 0x3F, 0xFF, 0xF8, 0xFF, 0xFD, 0xE1,
    0xFF, 0x00, 0x01, 0x83, 0xC7, 0xCF, 0x87, 0x07, 0x01, 0xC0, 0x70, 0x1C, 0x07, 0x01, 0x80, 0xE0,
    0x77, 0xF3, 0xF0, 0x00, 0x01, 0x80, 0x78, 0x1F, 0x07, 0xC0, 0x70, 0x0E, 0x00, 0x70, 0x03, 0x80,
    0x1C, 0x00, 0xE0, 0x06, 0x00, 0x70, 0x07, 0x8F, 0xFF, 0xFC, 0xF0, 0x00, 0x00, 0x18, 0x00, 0x60,
    0x01, 0x80, 0x06, 0x00, 0x18, 0x00, 0x60, 0x01, 0x80, 0x06, 0x00, 0x18, 0x00, 0x60, 0x01, 0x98,
    0x07, 0x60, 0x1B, 0x80, 0x6E, 0x01, 0xB8, 0x06, 0xE0, 0x39, 0xE3, 0xC3, 0xFE, 0x07, 0xF0, 0x00,
    0x18, 0x00, 0x0C, 0x00, 0x06, 0x00, 0x03, 0x00, 0x01, 0x80, 0x00, 0xC0, 0x00, 0x60, 0x00, 0x30,
    0x00, 0x18, 0x00, 0x0C, 0x00, 0x06, 0x0C, 0x03, 0x86, 0x01, 0xC7, 0x00, 0xFB, 0x80, 0x7F, 0xC0,
    0x30, 0xE0, 0x38, 0x3C, 0x78, 0x0F, 0xF8, 0x03, 0xF8, 0x00, 0x31, 0x8C, 0x63, 0x18, 0xC6, 0x31,
    0x8E, 0x73, 0x7B, 0x80, 0x30, 0x30, 0x30, 0x30, 0x30, 0x30, 0x30, 0x30, 0x30, 0x30, 0x38, 0x38,
    0x38, 0xFE, 0xEF, 0x00, 0x1F, 0x0F, 0xE7, 0x39, 0x86, 0x01, 0xCF, 0xF7, 0xFB, 0x86, 0xE0, 0x38,
    0x0E, 0x03, 0x80, 0xE0, 0x18, 0x06, 0x01, 0x80, 0x00, 0x00, 0x07, 0x00, 0x7C, 0x0F, 0xE0, 0x73,
    0x87, 0x8C, 0x7E, 0x73, 0xFF, 0xF9, 0xFF, 0xC3, 0x06, 0x00, 0x30, 0x01, 0xC0, 0x0E, 0x00, 0x30,
    0x01, 0x80, 0x0E, 0x00, 0x00, 0x00, 0x07, 0x03, 0xE1, 0xFC, 0xE7, 0x30, 0xDE, 0x3F, 0xFF, 0xBE,
    0x00, 0x00, 0x07, 0x00, 0x3E, 0x01, 0xF8, 0x0E, 0x70, 0x38, 0xC1, 0xE3, 0x8F, 0xFF, 0xBB, 0xFE,
    0x03, 0x00, 0x03, 0x00, 0x0C, 0x00, 0x00, 0x00, 0x00, 0x00, 0x10, 0x00, 0xE0, 0x03, 0x98, 0x06,
    0x60, 0x1B, 0x80, 0x7E, 0x01, 0xF8, 0x06, 0xE0, 0x39, 0xE3, 0xC3, 0xFF, 0x07, 0xF0, 0x03, 0x00,
    0x01, 0x80, 0x00, 0x00, 0x00, 0x00, 0x00, 0x00, 0x00, 0x01, 0xC0, 0x00, 0xE0, 0xC0, 0x30, 0x60,
    0x1C, 0x70, 0x0F, 0xB8, 0x07, 0xFC, 0x03, 0x0E, 0x03, 0x83, 0xC3, 0xC0, 0xFF, 0xC0, 0x3F, 0x80,
    0x73, 0x88, 0x01, 0x18, 0xC7, 0x38, 0xCF, 0xEF, 0x00, 0x30, 0x1C, 0x04, 0x00, 0x01, 0x80, 0xC0,
    0xE0, 0x70, 0xFF, 0x77, 0x80, 0x00, 0x18, 0x1C, 0x3E, 0x7E, 0x67, 0xE3, 0xE3, 0xE3, 0x7F, 0x7E,
    0x03, 0x00, 0x70, 0x1F, 0x03, 0xF0, 0x73, 0x0E, 0x30, 0xE3, 0x07, 0xF0, 0x7F, 0x80, 0xFE, 0x01,
    0xE0, 0x00, 0x00, 0x01, 0xC0, 0x1E, 0x03, 0xF0, 0x37, 0x87, 0x3C, 0x73, 0xE3, 0x76, 0x3E, 0x6F,
    0xFE, 0xFF, 0xE0, 0x18, 0x07, 0x01, 0xF0, 0x1F, 0x83, 0xB8, 0x33, 0x83, 0x38, 0x77, 0x0F, 0xFF,
    0xFF, 0xF7, 0x1C, 0x30, 0xC3, 0xFC, 0x1F, 0x80, 0xF0, 0x00, 0x0F, 0x0F, 0xCE, 0xE6, 0x33, 0x1D,
    0xFE, 0x7E, 0x0F, 0x03, 0x8F, 0x8F, 0x87, 0x00, 0x00, 0x03, 0xC0, 0xFC, 0x3B, 0x86, 0x30, 0xC7,
    0x1F, 0xF9, 0xFF, 0x07, 0x00, 0xE0, 0xF8, 0x3E, 0x07, 0x00, 0x00, 0x1E, 0x00, 0x7F, 0x00, 0x72,
    0x00, 0xE0, 0x00, 0xC0, 0x60, 0xE0, 0x60, 0xF8, 0xE0, 0x7E, 0xE0, 0x0E, 0xE0, 0x0E, 0xE0, 0x1E,
    0x78, 0x7C, 0x3F, 0xF8, 0x1F, 0xE0, 0x60, 0x00, 0x30, 0x1C, 0x38, 0x0F, 0xDC, 0x03, 0xFE, 0x00,
    0x67, 0x00, 0x71, 0xE0, 0xF0, 0x7F, 0xF0, 0x1F, 0xE0, 0x00, 0x00, 0x1E, 0x00, 0x7F, 0x00, 0x72,
    0x00, 0xE0, 0x00, 0xC0, 0x60, 0xE0, 0x60, 0xF8, 0xE0, 0x7E, 0xE0, 0x0E, 0xE0, 0x0E, 0xE0, 0x1E,
    0x78, 0x7C, 0x3F, 0xF8, 0x1F, 0xE0, 0x00, 0x00, 0x00, 0x00, 0x06, 0xC0, 0x06, 0xC0, 0x60, 0x00,
    0x30, 0x1C, 0x38, 0x0F, 0xDC, 0x03, 0xFE, 0x00, 0x67, 0x00, 0x71, 0xE0, 0xF0, 0x7F, 0xF0, 0x1F,
    0xE0, 0x00, 0x00, 0x00, 0x00, 0x01, 0xF8, 0x00, 0xFC, 0x00, 0x08, 0x71, 0xC3, 0x0C, 0x30, 0xDF,
    0x78, 0x00, 0x1B, 0x6C, 0x1C, 0x0C, 0x06, 0x07, 0x0F, 0xFF, 0xFC, 0x00, 0x00, 0x7E, 0x3E, 0x00,
    0x72, 0x07, 0xF9, 0x83, 0x8C, 0x00, 0x61, 0x83, 0x0F, 0x18, 0x3C, 0xC0, 0xFE, 0x01, 0xF0, 0x07,
    0x00, 0x3C, 0x03, 0xF0, 0x39, 0x83, 0x8C, 0x3F, 0xE1, 0xFE, 0x38, 0x00, 0x7F, 0x30, 0x06, 0x30,
    0x00, 0x30, 0x18, 0x30, 0x1C, 0x30, 0x1E, 0x30, 0x0F, 0x30, 0x07, 0x30, 0x03, 0xB0, 0x01, 0xF0,
    0x00, 0xF0, 0x00, 0x70, 0x00, 0xF8, 0x1F, 0xFF, 0x1F, 0x9F, 0x00, 0x00, 0x70, 0x07, 0x00, 0x60,
    0x07, 0x86, 0x70, 0x60, 0x06, 0x30, 0x63, 0xC6, 0x1E, 0x60, 0xFE, 0x03, 0xE0, 0x1C, 0x01, 0xE0,
    0x3F, 0x07, 0x30, 0xE3, 0x1F, 0xF1, 0xFE, 0x70, 0x03, 0x80, 0x0C, 0x00, 0x3E, 0x30, 0xF0, 0xC0,
    0x03, 0x06, 0x0C, 0x1C, 0x30, 0x78, 0xC0, 0xF3, 0x01, 0xCC, 0x03, 0xB0, 0x07, 0xC0, 0x0F, 0x00,
    0x1C, 0x00, 0xF8, 0x7F, 0xFD, 0xF9, 0xF0, 0x00, 0x00, 0x00, 0xC0, 0x18, 0x03, 0x30, 0x67, 0x8C,
    0x79, 0x87, 0xF0, 0x3E, 0x03, 0x80, 0x78, 0x1F, 0x87, 0x31, 0xC6, 0x7F, 0xCF, 0xF0, 0x00, 0x38,
    0x0F, 0x01, 0x80, 0x1E, 0x07, 0x80, 0x00, 0xC0, 0x03, 0x00, 0x0C, 0x18, 0x30, 0x70, 0xC1, 0xE3,
    0x03, 0xCC, 0x07, 0x30, 0x0E, 0xC0, 0x1F, 0x00, 0x3C, 0x00, 0x70, 0x03, 0xE1, 0xFF, 0xF7, 0xE7,
    0xC0, 0x00, 0x1C, 0x00, 0x70, 0x01, 0x80, 0x07, 0x80, 0x1C, 0x00, 0x00, 0xC0, 0x18, 0x03, 0x30,
    0x67, 0x8C, 0x79, 0x87, 0xF0, 0x3E, 0x03, 0x80, 0x78, 0x1F, 0x87, 0x31, 0xC6, 0x7F, 0xCF, 0xF0,
    0x00, 0xC0, 0x03, 0x00, 0x0C, 0x18, 0x30, 0x70, 0xC1, 0xE3, 0x03, 0xCC, 0x07, 0x30, 0x0E, 0xC0,
    0x1F, 0x00, 0x3C, 0x00, 0x70, 0x03, 0xE1, 0xFF, 0xF7, 0xE7, 0xC0, 0x00, 0x00, 0x00, 0x00, 0x00,
    0x00, 0x00, 0x00, 0x00, 0x00, 0x0C, 0x00, 0x00, 0x78, 0x00, 0x03, 0xF0, 0x00, 0x1F, 0xE0, 0x00,
    0xFF, 0xC0, 0x07, 0xCF, 0x80, 0x3C, 0xCF, 0x01, 0xF7, 0xBE, 0x0F, 0xFE, 0xFC, 0x7F, 0xFB, 0xFB,
    0xFF, 0xDF, 0xFF, 0xFE, 0xFF, 0xDF, 0xFB, 0xFE, 0x3F, 0xFF, 0xF0, 0x7F, 0xFF, 0x80, 0xFF, 0xFC,
    0x01, 0xF3, 0xE0, 0x03, 0xDF, 0x00, 0x07, 0xF8, 0x00, 0x0F, 0xC0, 0x00, 0x1E, 0x00, 0x00, 0x30,
    0x00, 0x00, 0x00, 0x00, 0x00, 0x00, 0x00, 0x00, 0x00,
};

static const EpdGlyph ubuntu_10_regularGlyphs[] = {
    { 0, 0, 0, 0, 0, 0, 0 }, // U+0000
    { 0, 0, 0, 0, 0, 0, 0 }, // U+0008
    { 0, 0, 77, 0, 0, 0, 0 }, // U+0009
    { 0, 0, 77, 0, 0, 0, 0 }, // U+000D
    { 0, 0, 0, 0, 0, 0, 0 }, // U+001D
    { 0, 0, 77, 0, 0, 0, 0 }, // U+0020
    { 4, 15, 92, 1, 15, 8, 0 }, // !
    { 7, 5, 139, 1, 16, 5, 8 }, // "
    { 12, 15, 222, 1, 15, 23, 13 }, // #
    { 10, 19, 188, 1, 16, 24, 36 }, // $
    { 16, 15, 286, 1, 15, 30, 60 }, // %
    { 14, 15, 222, 0, 15, 27, 90 }, // &
    { 3, 5, 80, 1, 16, 2, 117 }, // '
    { 6, 20, 108, 1, 16, 15, 119 }, // (
    { 6, 20, 108, 0, 16, 15, 134 }, // )
    { 10, 8, 160, 0, 15, 10, 149 }, // *
    { 10, 10, 188, 1, 11, 13, 159 }, // +
    { 4, 5, 82, 0, 2, 3, 172 }, // ,
    { 6, 2, 100, 0, 7, 2, 175 }, // -
    { 3, 3, 82, 1, 3, 2, 177 }, // .
    { 10, 20, 128, -1, 16, 25, 179 }, // /
    { 10, 15, 188, 1, 15, 19, 204 }, // 0
    { 7, 15, 188, 1, 15, 14, 223 }, // 1
    { 10, 15, 188, 1, 15, 19, 237 }, // 2
    { 10, 15, 188, 1, 15, 19, 256 }, // 3
    { 11, 15, 188, 0, 15, 21, 275 }, // 4
    { 10, 15, 188, 1, 15, 19, 296 }, // 5
    { 10, 15, 188, 1, 15, 19, 315 }, // 6
    { 10, 15, 188, 1, 15, 19, 334 }, // 7
    { 10, 15, 188, 1, 15, 19, 353 }, // 8
    { 10, 15, 188, 1, 15, 19, 372 }, // 9
    { 3, 11, 82, 1, 11, 5, 391 }, // :
    { 4, 14, 82, 0, 11, 7, 396 }, // ;
    { 10, 9, 188, 1, 11, 12, 403 }, // <
    { 10, 7, 188, 1, 10, 9, 415 }, // =
    { 10, 9, 188, 1, 11, 12, 424 }, // >
    { 8, 15, 135, 0, 15, 15, 436 }, // ?
    { 18, 20, 317, 1, 16, 45, 451 }, // @
    { 14, 15, 221, 0, 15, 27, 496 }, // A
    { 12, 15, 214, 1, 15, 23, 523 }, // B
    { 12, 15, 207, 1, 15, 23, 546 }, // C
    { 13, 15, 238, 1, 15, 25, 569 }, // D
    { 11, 15, 190, 1, 15, 21, 594 }, // E
    { 10, 15, 179, 1, 15, 19, 615 }, // F
    { 12, 15, 224, 1, 15, 23, 634 }, // G
    { 12, 15, 235, 1, 15, 23, 657 }, // H
    { 3, 15, 90, 1, 15, 6, 680 }, // I
    { 9, 15, 167, 0, 15, 17, 686 }, // J
    { 13, 15, 210, 1, 15, 25, 703 }, // K
    { 10, 15, 173, 1, 15, 19, 728 }, // L
    { 16, 15, 290, 1, 15, 30, 747 }, // M
    { 13, 15, 243, 1, 15, 25, 777 }, // N
    { 15, 15, 259, 1, 15, 29, 802 }, // O
    { 12, 15, 203, 1, 15, 23, 831 }, // P
    { 15, 19, 259, 1, 15, 36, 854 }, // Q
    { 12, 15, 210, 1, 15, 23, 890 }, // R
    { 11, 15, 177, 0, 15, 21, 913 }, // S
    { 12, 15, 188, 0, 15, 23, 934 }, // T
    { 12, 15, 229, 1, 15, 23, 957 }, // U
    { 14, 15, 219, 0, 15, 27, 980 }, // V
    { 19, 15, 310, 0, 15, 36, 1007 }, // W
    { 13, 15, 210, 0, 15, 25, 1043 }, // X
    { 13, 15, 199, 0, 15, 25, 1068 }, // Y
    { 12, 15, 191, 0, 15, 23, 1093 }, // Z
    { 5, 20, 110, 2, 16, 13, 1116 }, // [
    { 10, 20, 128, -1, 16, 25, 1129 }, // <backslash>
    { 5, 20, 110, 0, 16, 13, 1154 }, // ]
    { 11, 8, 188, 0, 15, 11, 1167 }, // ^
    { 12, 2, 164, -1, -2, 3, 1178 }, // _
    { 5, 4, 125, 1, 16, 3, 1181 }, // `
    { 10, 11, 174, 0, 11, 14, 1184 }, // a
    { 11, 16, 196, 1, 16, 22, 1198 }, // b
    { 9, 11, 155, 1, 11, 13, 1220 }, // c
    { 10, 16, 196, 1, 16, 20, 1233 }, // d
    { 10, 11, 186, 1, 11, 14, 1253 }, // e
    { 8, 16, 129, 1, 16, 16, 1267 }, // f
    { 10, 15, 193, 1, 11, 19, 1283 }, // g
    { 10, 16, 190, 1, 16, 20, 1302 }, // h
    { 3, 16, 84, 1, 16, 6, 1322 }, // i
    { 6, 20, 84, -2, 16, 15, 1328 }, // j
    { 10, 16, 174, 1, 16, 20, 1343 }, // k
    { 5, 16, 91, 1, 16, 10, 1363 }, // l
    { 16, 11, 287, 1, 11, 22, 1373 }, // m
    { 10, 11, 191, 1, 11, 14, 1395 }, // n
    { 11, 11, 197, 1, 11, 16, 1409 }, // o
    { 11, 15, 196, 1, 11, 21, 1425 }, // p
    { 10, 15, 196, 1, 11, 19, 1446 }, // q
    { 7, 11, 129, 1, 11, 10, 1465 }, // r
    { 9, 11, 149, 0, 11, 13, 1475 }, // s
    { 8, 14, 134, 1, 14, 14, 1488 }, // t
    { 10, 11, 191, 1, 11, 14, 1502 }, // u
    { 11, 11, 167, 0, 11, 16, 1516 }, // v
    { 16, 11, 259, 0, 11, 22, 1532 }, // w
    { 11, 11, 170, 0, 11, 16, 1554 }, // x
    { 11, 15, 166, 0, 11, 21, 1570 }, // y
    { 10, 11, 157, 0, 11, 14, 1591 }, // z
    { 7, 20, 111, 0, 16, 18, 1605 }, // {
    { 2, 20, 93, 2, 16, 5, 1623 }, // |
    { 7, 20, 111, 0, 16, 18, 1628 }, // }
    { 11, 4, 188, 0, 8, 6, 1646 }, // ~
    { 0, 0, 77, 0, 0, 0, 1652 }, // U+00A0
    { 4, 15, 92, 1, 11, 8, 1652 }, // U+00A1
    { 10, 17, 188, 1, 14, 22, 1660 }, // U+00A2
    { 10, 15, 188, 1, 15, 19, 1682 }, // U+00A3
    { 11, 10, 188, 0, 12, 14, 1701 }, // U+00A4
    { 12, 15, 188, 0, 15, 23, 1715 }, // U+00A5
    { 2, 20, 93, 2, 16, 5, 1738 }, // U+00A6
    { 10, 18, 164, 0, 16, 23, 1743 }, // U+00A7
    { 8, 2, 125, 0, 15, 2, 1766 }, // U+00A8
    { 15, 15, 271, 1, 15, 29, 1768 }, // U+00A9
    { 8, 8, 130, 0, 15, 8, 1797 }, // U+00AA
    { 10, 9, 166, 0, 10, 12, 1805 }, // U+00AB
    { 10, 8, 188, 1, 9, 10, 1817 }, // U+00AC
    { 6, 2, 100, 0, 7, 2, 1827 }, // U+00AD
    { 15, 15, 271, 1, 15, 29, 1829 }, // U+00AE
    { 7, 2, 125, 0, 15, 2, 1858 }, // U+00AF
    { 7, 6, 111, 0, 16, 6, 1860 }, // U+00B0
    { 10, 13, 188, 1, 13, 17, 1866 }, // U+00B1
    { 7, 8, 120, 0, 15, 7, 1883 }, // U+00B2
    { 7, 8, 120, 0, 15, 7, 1890 }, // U+00B3
    { 5, 4, 125, 2, 16, 3, 1897 }, // U+00B4
    { 10, 15, 193, 1, 11, 19, 1900 }, // U+00B5
    { 12, 19, 215, 0, 15, 29, 1919 }, // U+00B6
    { 3, 3, 82, 1, 8, 2, 1948 }, // U+00B7
    { 5, 4, 125, 1, 0, 3, 1950 }, // U+00B8
    { 4, 8, 120, 1, 15, 4, 1953 }, // U+00B9
    { 9, 8, 149, 0, 15, 9, 1957 }, // U+00BA
    { 10, 9, 166, 0, 10, 12, 1966 }, // U+00BB
    { 17, 15, 291, 1, 15, 32, 1978 }, // U+00BC
    { 17, 15, 291, 1, 15, 32, 2010 }, // U+00BD
    { 18, 15, 291, 0, 15, 34, 2042 }, // U+00BE
    { 9, 15, 135, 0, 11, 17, 2076 }, // U+00BF
    { 14, 20, 221, 0, 20, 35, 2093 }, // U+00C0
    { 14, 20, 221, 0, 20, 35, 2128 }, // U+00C1
    { 14, 20, 221, 0, 20, 35, 2163 }, // U+00C2
    { 14, 19, 221, 0, 19, 34, 2198 }, // U+00C3
    { 14, 18, 221, 0, 18, 32, 2232 }, // U+00C4
    { 14, 18, 221, 0, 18, 32, 2264 }, // U+00C5
    { 19, 15, 312, 0, 15, 36, 2296 }, // U+00C6
    { 12, 18, 207, 1, 15, 27, 2332 }, // U+00C7
    { 11, 20, 190, 1, 20, 28, 2359 }, // U+00C8
    { 11, 20, 190, 1, 20, 28, 2387 }, // U+00C9
    { 11, 20, 190, 1, 20, 28, 2415 }, // U+00CA
    { 11, 18, 190, 1, 18, 25, 2443 }, // U+00CB
    { 5, 20, 90, 0, 20, 13, 2468 }, // U+00CC
    { 5, 20, 90, 1, 20, 13, 2481 }, // U+00CD
    { 7, 20, 90, -1, 20, 18, 2494 }, // U+00CE
    { 8, 18, 90, -1, 18, 18, 2512 }, // U+00CF
    { 15, 15, 242, 0, 15, 29, 2530 }, // U+00D0
    { 13, 19, 243, 1, 19, 31, 2559 }, // U+00D1
    { 15, 20, 259, 1, 20, 38, 2590 }, // U+00D2
    { 15, 20, 259, 1, 20, 38, 2628 }, // U+00D3
    { 15, 20, 259, 1, 20, 38, 2666 }, // U+00D4
    { 15, 19, 259, 1, 19, 36, 2704 }, // U+00D5
    { 15, 18, 259, 1, 18, 34, 2740 }, // U+00D6
    { 10, 9, 188, 1, 11, 12, 2774 }, // U+00D7
    { 15, 15, 259, 1, 15, 29, 2786 }, // U+00D8
    { 12, 20, 229, 1, 20, 30, 2815 }, // U+00D9
    { 12, 20, 229, 1, 20, 30, 2845 }, // U+00DA
    { 12, 20, 229, 1, 20, 30, 2875 }, // U+00DB
    { 12, 18, 229, 1, 18, 27, 2905 }, // U+00DC
    { 13, 20, 199, 0, 20, 33, 2932 }, // U+00DD
    { 12, 15, 203, 1, 15, 23, 2965 }, // U+00DE
    { 12, 16, 208, 1, 16, 24, 2988 }, // U+00DF
    { 10, 16, 174, 0, 16, 20, 3012 }, // U+00E0
    { 10, 16, 174, 0, 16, 20, 3032 }, // U+00E1
    { 10, 16, 174, 0, 16, 20, 3052 }, // U+00E2
    { 10, 16, 174, 0, 16, 20, 3072 }, // U+00E3
    { 10, 15, 174, 0, 15, 19, 3092 }, // U+00E4
    { 10, 16, 174, 0, 16, 20, 3111 }, // U+00E5
    { 17, 11, 286, 0, 11, 24, 3131 }, // U+00E6
    { 9, 15, 155, 1, 11, 17, 3155 }, // U+00E7
    { 10, 16, 186, 1, 16, 20, 3172 }, // U+00E8
    { 10, 16, 186, 1, 16, 20, 3192 }, // U+00E9
    { 10, 16, 186, 1, 16, 20, 3212 }, // U+00EA
    { 10, 15, 186, 1, 15, 19, 3232 }, // U+00EB
    { 5, 16, 84, 0, 16, 10, 3251 }, // U+00EC
    { 5, 16, 84, 1, 16, 10, 3261 }, // U+00ED
    { 7, 16, 84, -1, 16, 14, 3271 }, // U+00EE
    { 7, 15, 84, -1, 15, 14, 3285 }, // U+00EF
    { 11, 16, 196, 1, 16, 22, 3299 }, // U+00F0
    { 10, 16, 191, 1, 16, 20, 3321 }, // U+00F1
    { 11, 16, 197, 1, 16, 22, 3341 }, // U+00F2
    { 11, 16, 197, 1, 16, 22, 3363 }, // U+00F3
    { 11, 16, 197, 1, 16, 22, 3385 }, // U+00F4
    { 11, 16, 197, 1, 16, 22, 3407 }, // U+00F5
    { 11, 15, 197, 1, 15, 21, 3429 }, // U+00F6
    { 10, 12, 188, 1, 12, 15, 3450 }, // U+00F7
    { 11, 11, 197, 1, 11, 16, 3465 }, // U+00F8
    { 10, 16, 191, 1, 16, 20, 3481 }, // U+00F9
    { 10, 16, 191, 1, 16, 20, 3501 }, // U+00FA
    { 10, 16, 191, 1, 16, 20, 3521 }, // U+00FB
    { 10, 15, 191, 1, 15, 19, 3541 }, // U+00FC
    { 11, 20, 166, 0, 16, 28, 3560 }, // U+00FD
    { 11, 20, 196, 1, 16, 28, 3588 }, // U+00FE
    { 11, 19, 166, 0, 15, 27, 3616 }, // U+00FF
    { 14, 18, 221, 0, 18, 32, 3643 }, // U+0100
    { 10, 15, 174, 0, 15, 19, 3675 }, // U+0101
    { 14, 19, 221, 0, 19, 34, 3694 }, // U+0102
    { 10, 16, 174, 0, 16, 20, 3728 }, // U+0103
    { 14, 19, 221, 0, 15, 34, 3748 }, // U+0104
    { 10, 14, 174, 0, 11, 18, 3782 }, // U+0105
    { 12, 20, 207, 1, 20, 30, 3800 }, // U+0106
    { 9, 16, 155, 1, 16, 18, 3830 }, // U+0107
    { 12, 20, 207, 1, 20, 30, 3848 }, // U+0108
    { 9, 16, 155, 1, 16, 18, 3878 }, // U+0109
    { 12, 19, 207, 1, 19, 29, 3896 }, // U+010A
    { 9, 16, 155, 1, 16, 18, 3925 }, // U+010B
    { 12, 20, 207, 1, 20, 30, 3943 }, // U+010C
    { 9, 16, 155, 1, 16, 18, 3973 }, // U+010D
    { 13, 20, 238, 1, 20, 33, 3991 }, // U+010E
    { 14, 16, 207, 1, 16, 28, 4024 }, // U+010F
    { 15, 15, 242, 0, 15, 29, 4052 }, // U+0110
    { 12, 16, 196, 1, 16, 24, 4081 }, // U+0111
    { 11, 18, 190, 1, 18, 25, 4105 }, // U+0112
    { 10, 15, 186, 1, 15, 19, 4130 }, // U+0113
    { 11, 19, 190, 1, 19, 27, 4149 }, // U+0114
    { 10, 16, 186, 1, 16, 20, 4176 }, // U+0115
    { 11, 19, 190, 1, 19, 27, 4196 }, // U+0116
    { 10, 16, 186, 1, 16, 20, 4223 }, // U+0117
    { 11, 19, 190, 1, 15, 27, 4243 }, // U+0118
    { 10, 14, 186, 1, 11, 18, 4270 }, // U+0119
    { 11, 20, 190, 1, 20, 28, 4288 }, // U+011A
    { 10, 17, 186, 1, 17, 22, 4316 }, // U+011B
    { 12, 20, 224, 1, 20, 30, 4338 }, // U+011C
    { 10, 20, 193, 1, 16, 25, 4368 }, // U+011D
    { 12, 19, 224, 1, 19, 29, 4393 }, // U+011E
    { 10, 20, 193, 1, 16, 25, 4422 }, // U+011F
    { 12, 19, 224, 1, 19, 29, 4447 }, // U+0120
    { 10, 20, 193, 1, 16, 25, 4476 }, // U+0121
    { 12, 19, 224, 1, 15, 29, 4501 }, // U+0122
    { 10, 21, 193, 1, 17, 27, 4530 }, // U+0123
    { 12, 20, 235, 1, 20, 30, 4557 }, // U+0124
    { 10, 20, 190, 1, 20, 25, 4587 }, // U+0125
    { 15, 15, 244, 0, 15, 29, 4612 }, // U+0126
    { 11, 16, 190, 0, 16, 22, 4641 }, // U+0127
    { 8, 19, 90, -1, 19, 19, 4663 }, // U+0128
    { 8, 16, 84, -1, 16, 16, 4682 }, // U+0129
    { 7, 18, 90, -1, 18, 16, 4698 }, // U+012A
    { 7, 15, 84, -1, 15, 14, 4714 }, // U+012B
    { 6, 19, 90, 0, 19, 15, 4728 }, // U+012C
    { 7, 16, 84, -1, 16, 14, 4743 }, // U+012D
    { 5, 19, 90, 0, 15, 12, 4757 }, // U+012E
    { 4, 20, 84, 0, 16, 10, 4769 }, // U+012F
    { 4, 19, 90, 1, 19, 10, 4779 }, // U+0130
    { 3, 11, 84, 1, 11, 5, 4789 }, // U+0131
    { 14, 15, 256, 1, 15, 27, 4794 }, // U+0132
    { 9, 20, 170, 1, 16, 23, 4821 }, // U+0133
    { 11, 20, 167, 0, 20, 28, 4844 }, // U+0134
    { 8, 20, 84, -2, 16, 20, 4872 }, // U+0135
    { 13, 19, 210, 1, 15, 31, 4892 }, // U+0136
    { 10, 20, 174, 1, 16, 25, 4923 }, // U+0137
    { 10, 11, 179, 1, 11, 14, 4948 }, // U+0138
    { 10, 20, 173, 1, 20, 25, 4962 }, // U+0139
    { 5, 20, 91, 1, 20, 13, 4987 }, // U+013A
    { 10, 19, 173, 1, 15, 24, 5000 }, // U+013B
    { 6, 20, 91, 0, 16, 15, 5024 }, // U+013C
    { 10, 15, 173, 1, 15, 19, 5039 }, // U+013D
    { 6, 16, 95, 1, 16, 12, 5058 }, // U+013E
    { 10, 15, 173, 1, 15, 19, 5070 }, // U+013F
    { 7, 16, 123, 1, 16, 14, 5089 }, // U+0140
    { 12, 15, 179, -1, 15, 23, 5103 }, // U+0141
    { 7, 16, 96, 0, 16, 14, 5126 }, // U+0142
    { 13, 20, 243, 1, 20, 33, 5140 }, // U+0143
    { 10, 16, 191, 1, 16, 20, 5173 }, // U+0144
    { 13, 19, 243, 1, 15, 31, 5193 }, // U+0145
    { 10, 15, 191, 1, 11, 19, 5224 }, // U+0146
    { 13, 20, 243, 1, 20, 33, 5243 }, // U+0147
    { 10, 16, 191, 1, 16, 20, 5276 }, // U+0148
    { 11, 16, 191, 0, 16, 22, 5296 }, // U+0149
    { 13, 19, 243, 1, 15, 31, 5318 }, // U+014A
    { 10, 15, 191, 1, 11, 19, 5349 }, // U+014B
    { 15, 18, 259, 1, 18, 34, 5368 }, // U+014C
    { 11, 15, 197, 1, 15, 21, 5402 }, // U+014D
    { 15, 19, 259, 1, 19, 36, 5423 }, // U+014E
    { 11, 16, 197, 1, 16, 22, 5459 }, // U+014F
    { 15, 20, 259, 1, 20, 38, 5481 }, // U+0150
    { 11, 16, 197, 1, 16, 22, 5519 }, // U+0151
    { 20, 15, 331, 1, 15, 38, 5541 }, // U+0152
    { 18, 11, 316, 1, 11, 25, 5579 }, // U+0153
    { 12, 20, 210, 1, 20, 30, 5604 }, // U+0154
    { 7, 16, 129, 1, 16, 14, 5634 }, // U+0155
    { 12, 19, 210, 1, 15, 29, 5648 }, // U+0156
    { 8, 15, 129, 0, 11, 15, 5677 }, // U+0157
    { 12, 20, 210, 1, 20, 30, 5692 }, // U+0158
    { 7, 16, 129, 1, 16, 14, 5722 }, // U+0159
    { 11, 20, 177, 0, 20, 28, 5736 }, // U+015A
    { 9, 16, 149, 0, 16, 18, 5764 }, // U+015B
    { 11, 20, 177, 0, 20, 28, 5782 }, // U+015C
    { 9, 16, 149, 0, 16, 18, 5810 }, // U+015D
    { 11, 18, 177, 0, 15, 25, 5828 }, // U+015E
    { 9, 14, 149, 0, 11, 16, 5853 }, // U+015F
    { 11, 20, 177, 0, 20, 28, 5869 }, // U+0160
    { 9, 16, 149, 0, 16, 18, 5897 }, // U+0161
    { 12, 18, 188, 0, 15, 27, 5915 }, // U+0162
    { 8, 17, 134, 1, 14, 17, 5942 }, // U+0163
    { 12, 20, 188, 0, 20, 30, 5959 }, // U+0164
    { 8, 16, 134, 1, 16, 16, 5989 }, // U+0165
    { 12, 15, 188, 0, 15, 23, 6005 }, // U+0166
    { 8, 14, 134, 1, 14, 14, 6028 }, // U+0167
    { 12, 19, 229, 1, 19, 29, 6042 }, // U+0168
    { 10, 16, 191, 1, 16, 20, 6071 }, // U+0169
    { 12, 18, 229, 1, 18, 27, 6091 }, // U+016A
    { 10, 15, 191, 1, 15, 19, 6118 }, // U+016B
    { 12, 19, 229, 1, 19, 29, 6137 }, // U+016C
    { 10, 16, 191, 1, 16, 20, 6166 }, // U+016D
    { 12, 19, 229, 1, 19, 29, 6186 }, // U+016E
    { 10, 16, 191, 1, 16, 20, 6215 }, // U+016F
    { 12, 20, 229, 1, 20, 30, 6235 }, // U+0170
    { 10, 16, 191, 1, 16, 20, 6265 }, // U+0171
    { 12, 18, 229, 1, 15, 27, 6285 }, // U+0172
    { 10, 14, 191, 1, 11, 18, 6312 }, // U+0173
    { 19, 20, 310, 0, 20, 48, 6330 }, // U+0174
    { 16, 16, 259, 0, 16, 32, 6378 }, // U+0175
    { 13, 20, 199, 0, 20, 33, 6410 }, // U+0176
    { 11, 20, 166, 0, 16, 28, 6443 }, // U+0177
    { 13, 18, 199, 0, 18, 30, 6471 }, // U+0178
    { 12, 20, 191, 0, 20, 30, 6501 }, // U+0179
    { 10, 16, 157, 0, 16, 20, 6531 }, // U+017A
    { 12, 19, 191, 0, 19, 29, 6551 }, // U+017B
    { 10, 16, 157, 0, 16, 20, 6580 }, // U+017C
    { 12, 20, 191, 0, 20, 30, 6600 }, // U+017D
    { 10, 16, 157, 0, 16, 20, 6630 }, // U+017E
    { 8, 16, 91, 1, 16, 16, 6650 }, // U+017F
    { 15, 17, 259, 1, 17, 32, 6666 }, // U+01A0
    { 12, 13, 197, 1, 13, 20, 6698 }, // U+01A1
    { 15, 17, 237, 1, 17, 32, 6718 }, // U+01AF
    { 12, 13, 199, 1, 13, 20, 6750 }, // U+01B0
    { 26, 19, 430, 1, 19, 62, 6770 }, // U+01C4
    { 24, 16, 396, 1, 16, 48, 6832 }, // U+01C5
    { 21, 16, 355, 1, 16, 42, 6880 }, // U+01C6
    { 19, 15, 339, 1, 15, 36, 6922 }, // U+01C7
    { 14, 20, 259, 1, 16, 35, 6958 }, // U+01C8
    { 9, 20, 177, 1, 16, 23, 6993 }, // U+01C9
    { 24, 15, 409, 1, 15, 45, 7016 }, // U+01CA
    { 19, 20, 328, 1, 16, 48, 7061 }, // U+01CB
    { 16, 20, 277, 1, 16, 40, 7109 }, // U+01CC
    { 14, 20, 221, 0, 20, 35, 7149 }, // U+01CD
    { 10, 16, 174, 0, 16, 20, 7184 }, // U+01CE
    { 6, 20, 90, 0, 20, 15, 7204 }, // U+01CF
    { 7, 16, 84, -1, 16, 14, 7219 }, // U+01D0
    { 15, 20, 259, 1, 20, 38, 7233 }, // U+01D1
    { 11, 16, 197, 1, 16, 22, 7271 }, // U+01D2
    { 12, 20, 229, 1, 20, 30, 7293 }, // U+01D3
    { 10, 16, 191, 1, 16, 20, 7323 }, // U+01D4
    { 12, 21, 229, 1, 21, 32, 7343 }, // U+01D5
    { 10, 17, 191, 1, 17, 22, 7375 }, // U+01D6
    { 12, 21, 229, 1, 21, 32, 7397 }, // U+01D7
    { 10, 18, 191, 1, 18, 23, 7429 }, // U+01D8
    { 12, 20, 229, 1, 20, 30, 7452 }, // U+01D9
    { 10, 17, 191, 1, 17, 22, 7482 }, // U+01DA
    { 12, 21, 229, 1, 21, 32, 7504 }, // U+01DB
    { 10, 18, 191, 1, 18, 23, 7536 }, // U+01DC
    { 10, 11, 186, 1, 11, 14, 7559 }, // U+01DD
    { 14, 21, 221, 0, 21, 37, 7573 }, // U+01DE
    { 10, 17, 174, 0, 17, 22, 7610 }, // U+01DF
    { 14, 21, 221, 0, 21, 37, 7632 }, // U+01E0
    { 10, 17, 174, 0, 17, 22, 7669 }, // U+01E1
    { 19, 18, 312, 0, 18, 43, 7691 }, // U+01E2
    { 17, 15, 286, 0, 15, 32, 7734 }, // U+01E3
    { 14, 15, 234, 1, 15, 27, 7766 }, // U+01E4
    { 12, 15, 197, 1, 11, 23, 7793 }, // U+01E5
    { 12, 20, 224, 1, 20, 30, 7816 }, // U+01E6
    { 10, 20, 193, 1, 16, 25, 7846 }, // U+01E7
    { 13, 20, 210, 1, 20, 33, 7871 }, // U+01E8
    { 10, 20, 174, 1, 20, 25, 7904 }, // U+01E9
    { 15, 18, 259, 1, 15, 34, 7929 }, // U+01EA
    { 11, 14, 197, 1, 11, 20, 7963 }, // U+01EB
    { 15, 21, 259, 1, 18, 40, 7983 }, // U+01EC
    { 11, 18, 197, 1, 15, 25, 8023 }, // U+01ED
    { 11, 20, 189, 0, 20, 28, 8048 }, // U+01EE
    { 11, 20, 157, -1, 16, 28, 8076 }, // U+01EF
    { 8, 20, 84, -2, 16, 20, 8104 }, // U+01F0
    { 26, 15, 430, 1, 15, 49, 8124 }, // U+01F1
    { 24, 15, 396, 1, 15, 45, 8173 }, // U+01F2
    { 21, 16, 355, 1, 16, 42, 8218 }, // U+01F3
    { 12, 20, 224, 1, 20, 30, 8260 }, // U+01F4
    { 10, 20, 193, 1, 16, 25, 8290 }, // U+01F5
    { 20, 15, 352, 1, 15, 38, 8315 }, // U+01F6
    { 12, 19, 214, 1, 15, 29, 8353 }, // U+01F7
    { 13, 20, 243, 1, 20, 33, 8382 }, // U+01F8
    { 10, 16, 191, 1, 16, 20, 8415 }, // U+01F9
    { 14, 21, 221, 0, 21, 37, 8435 }, // U+01FA
    { 10, 19, 174, 0, 19, 24, 8472 }, // U+01FB
    { 19, 20, 312, 0, 20, 48, 8496 }, // U+01FC
    { 17, 16, 286, 0, 16, 34, 8544 }, // U+01FD
    { 15, 20, 259, 1, 20, 38, 8578 }, // U+01FE
    { 11, 16, 197, 1, 16, 22, 8616 }, // U+01FF
    { 14, 20, 221, 0, 20, 35, 8638 }, // U+0200
    { 10, 16, 174, 0, 16, 20, 8673 }, // U+0201
    { 14, 19, 221, 0, 19, 34, 8693 }, // U+0202
    { 10, 16, 174, 0, 16, 20, 8727 }, // U+0203
    { 11, 20, 190, 1, 20, 28, 8747 }, // U+0204
    { 10, 16, 186, 1, 16, 20, 8775 }, // U+0205
    { 11, 19, 190, 1, 19, 27, 8795 }, // U+0206
    { 10, 16, 186, 1, 16, 20, 8822 }, // U+0207
    { 8, 20, 90, -2, 20, 20, 8842 }, // U+0208
    { 8, 16, 84, -2, 16, 16, 8862 }, // U+0209
    { 6, 19, 90, 0, 19, 15, 8878 }, // U+020A
    { 7, 16, 84, -1, 16, 14, 8893 }, // U+020B
    { 15, 20, 259, 1, 20, 38, 8907 }, // U+020C
    { 11, 16, 197, 1, 16, 22, 8945 }, // U+020D
    { 15, 19, 259, 1, 19, 36, 8967 }, // U+020E
    { 11, 16, 197, 1, 16, 22, 9003 }, // U+020F
    { 12, 20, 210, 1, 20, 30, 9025 }, // U+0210
    { 8, 16, 129, 0, 16, 16, 9055 }, // U+0211
    { 12, 19, 210, 1, 19, 29, 9071 }, // U+0212
    { 7, 16, 129, 1, 16, 14, 9100 }, // U+0213
    { 12, 20, 229, 1, 20, 30, 9114 }, // U+0214
    { 10, 16, 191, 1, 16, 20, 9144 }, // U+0215
    { 12, 19, 229, 1, 19, 29, 9164 }, // U+0216
    { 10, 16, 191, 1, 16, 20, 9193 }, // U+0217
    { 11, 19, 177, 0, 15, 27, 9213 }, // U+0218
    { 9, 15, 149, 0, 11, 17, 9240 }, // U+0219
    { 12, 19, 188, 0, 15, 29, 9257 }, // U+021A
    { 8, 18, 134, 1, 14, 18, 9286 }, // U+021B
    { 11, 19, 178, 0, 15, 27, 9304 }, // U+021C
    { 9, 15, 145, 0, 11, 17, 9331 }, // U+021D
    { 12, 20, 235, 1, 20, 30, 9348 }, // U+021E
    { 10, 20, 190, 1, 20, 25, 9378 }, // U+021F
    { 6, 4, 0, -11, 17, 3, 9403 }, // U+0300
    { 6, 4, 0, -6, 17, 3, 9406 }, // U+0301
    { 8, 4, 0, -4, 17, 4, 9409 }, // U+0302
    { 8, 4, 0, -11, 17, 4, 9413 }, // U+0303
    { 8, 3, 0, -4, 16, 3, 9417 }, // U+0304
    { 8, 4, 0, -4, 17, 4, 9420 }, // U+0306
    { 4, 3, 0, -2, 17, 2, 9424 }, // U+0307
    { 8, 3, 0, -4, 17, 3, 9426 }, // U+0308
    { 4, 6, 0, 0, 17, 3, 9429 }, // U+0309
    { 6, 7, 0, -3, 19, 6, 9432 }, // U+030A
    { 9, 4, 0, -3, 17, 5, 9438 }, // U+030B
    { 8, 4, 0, -4, 17, 4, 9443 }, // U+030C
    { 6, 3, 125, 1, 16, 3, 9447 }, // U+0311
    { 4, 6, 0, -2, 15, 3, 9450 }, // U+0312
    { 3, 4, 0, 0, 13, 2, 9453 }, // U+031B
    { 3, 3, 0, 1, -1, 2, 9455 }, // U+0323
    { 6, 4, 0, 0, -1, 3, 9457 }, // U+0324
    { 4, 4, 0, -2, -1, 2, 9460 }, // U+0326
    { 5, 7, 0, -3, 1, 5, 9462 }, // U+0327
    { 4, 7, 0, -2, 1, 4, 9467 }, // U+0328
    { 6, 4, 0, 1, -1, 3, 9471 }, // U+032E
    { 7, 2, 0, 1, -2, 2, 9474 }, // U+0331
    { 0, 0, 0, 0, 0, 0, 9476 }, // U+034F
    { 11, 20, 190, 1, 20, 28, 9476 }, // U+0400
    { 11, 18, 190, 1, 18, 25, 9504 }, // U+0401
    { 15, 15, 250, 0, 15, 29, 9529 }, // U+0402
    { 10, 20, 170, 1, 20, 25, 9558 }, // U+0403
    { 12, 15, 207, 1, 15, 23, 9583 }, // U+0404
    { 11, 15, 177, 0, 15, 21, 9606 }, // U+0405
    { 3, 15, 90, 1, 15, 6, 9627 }, // U+0406
    { 8, 18, 90, -1, 18, 18, 9633 }, // U+0407
    { 9, 15, 167, 0, 15, 17, 9651 }, // U+0408
    { 22, 16, 348, 0, 15, 44, 9668 }, // U+0409
    { 20, 15, 342, 1, 15, 38, 9712 }, // U+040A
    { 15, 15, 250, 0, 15, 29, 9750 }, // U+040B
    { 13, 20, 210, 1, 20, 33, 9779 }, // U+040C
    { 13, 20, 243, 1, 20, 33, 9812 }, // U+040D
    { 13, 19, 196, 0, 19, 31, 9845 }, // U+040E
    { 12, 19, 233, 1, 15, 29, 9876 }, // U+040F
    { 14, 15, 221, 0, 15, 27, 9905 }, // U+0410
    { 12, 15, 206, 1, 15, 23, 9932 }, // U+0411
    { 12, 15, 214, 1, 15, 23, 9955 }, // U+0412
    { 10, 15, 170, 1, 15, 19, 9978 }, // U+0413
    { 15, 19, 241, 0, 15, 36, 9997 }, // U+0414
    { 11, 15, 190, 1, 15, 21, 10033 }, // U+0415
    { 19, 15, 302, 0, 15, 36, 10054 }, // U+0416
    { 11, 15, 191, 0, 15, 21, 10090 }, // U+0417
    { 13, 15, 243, 1, 15, 25, 10111 }, // U+0418
    { 13, 19, 243, 1, 19, 31, 10136 }, // U+0419
    { 13, 15, 210, 1, 15, 25, 10167 }, // U+041A
    { 14, 15, 236, 0, 15, 27, 10192 }, // U+041B
    { 16, 15, 290, 1, 15, 30, 10219 }, // U+041C
    { 12, 15, 235, 1, 15, 23, 10249 }, // U+041D
    { 15, 15, 259, 1, 15, 29, 10272 }, // U+041E
    { 12, 15, 233, 1, 15, 23, 10301 }, // U+041F
    { 12, 15, 203, 1, 15, 23, 10324 }, // U+0420
    { 12, 15, 207, 1, 15, 23, 10347 }, // U+0421
    { 12, 15, 188, 0, 15, 23, 10370 }, // U+0422
    { 13, 15, 196, 0, 15, 25, 10393 }, // U+0423
    { 16, 16, 288, 1, 16, 32, 10418 }, // U+0424
    { 13, 15, 210, 0, 15, 25, 10450 }, // U+0425
    { 14, 19, 239, 1, 15, 34, 10475 }, // U+0426
    { 11, 15, 210, 1, 15, 21, 10509 }, // U+0427
    { 18, 15, 328, 1, 15, 34, 10530 }, // U+0428
    { 20, 19, 334, 1, 15, 48, 10564 }, // U+0429
    { 15, 15, 242, 0, 15, 29, 10612 }, // U+042A
    { 16, 15, 285, 1, 15, 30, 10641 }, // U+042B
    { 12, 15, 205, 1, 15, 23, 10671 }, // U+042C
    { 12, 15, 207, 0, 15, 23, 10694 }, // U+042D
    { 20, 15, 343, 1, 15, 38, 10717 }, // U+042E
    { 12, 15, 212, 0, 15, 23, 10755 }, // U+042F
    { 10, 11, 174, 0, 11, 14, 10778 }, // U+0430
    { 11, 16, 198, 1, 16, 22, 10792 }, // U+0431
    { 10, 11, 183, 1, 11, 14, 10814 }, // U+0432
    { 8, 11, 139, 1, 11, 11, 10828 }, // U+0433
    { 13, 14, 201, 0, 11, 23, 10839 }, // U+0434
    { 10, 11, 186, 1, 11, 14, 10862 }, // U+0435
    { 16, 11, 254, 0, 11, 22, 10876 }, // U+0436
    { 10, 11, 163, 0, 11, 14, 10898 }, // U+0437
    { 10, 11, 199, 1, 11, 14, 10912 }, // U+0438
    { 10, 16, 199, 1, 16, 20, 10926 }, // U+0439
    { 10, 11, 179, 1, 11, 14, 10946 }, // U+043A
    { 11, 11, 199, 0, 11, 16, 10960 }, // U+043B
    { 13, 11, 244, 1, 11, 18, 10976 }, // U+043C
    { 10, 11, 195, 1, 11, 14, 10994 }, // U+043D
    { 11, 11, 197, 1, 11, 16, 11008 }, // U+043E
    { 10, 11, 193, 1, 11, 14, 11024 }, // U+043F
    { 11, 15, 196, 1, 11, 21, 11038 }, // U+0440
    { 9, 11, 155, 1, 11, 13, 11059 }, // U+0441
    { 10, 11, 154, 0, 11, 14, 11072 }, // U+0442
    { 11, 15, 166, 0, 11, 21, 11086 }, // U+0443
    { 15, 20, 255, 1, 16, 38, 11107 }, // U+0444
    { 11, 11, 170, 0, 11, 16, 11145 }, // U+0445
    { 11, 14, 195, 1, 11, 20, 11161 }, // U+0446
    { 10, 11, 178, 0, 11, 14, 11181 }, // U+0447
    { 15, 11, 274, 1, 11, 21, 11195 }, // U+0448
    { 17, 14, 278, 1, 11, 30, 11216 }, // U+0449
    { 12, 11, 199, 0, 11, 17, 11246 }, // U+044A
    { 14, 11, 253, 1, 11, 20, 11263 }, // U+044B
    { 10, 11, 176, 1, 11, 14, 11283 }, // U+044C
    { 10, 11, 166, 0, 11, 14, 11297 }, // U+044D
    { 15, 11, 270, 1, 11, 21, 11311 }, // U+044E
    { 10, 11, 183, 0, 11, 14, 11332 }, // U+044F
    { 10, 16, 186, 1, 16, 20, 11346 }, // U+0450
    { 10, 15, 186, 1, 15, 19, 11366 }, // U+0451
    { 11, 20, 190, 0, 16, 28, 11385 }, // U+0452
    { 8, 16, 139, 1, 16, 16, 11413 }, // U+0453
    { 9, 11, 166, 1, 11, 13, 11429 }, // U+0454
    { 9, 11, 149, 0, 11, 13, 11442 }, // U+0455
    { 3, 16, 84, 1, 16, 6, 11455 }, // U+0456
    { 7, 15, 84, -1, 15, 14, 11461 }, // U+0457
    { 6, 20, 84, -2, 16, 15, 11475 }, // U+0458
    { 18, 11, 288, 0, 11, 25, 11490 }, // U+0459
    { 17, 11, 284, 1, 11, 24, 11515 }, // U+045A
    { 11, 16, 190, 0, 16, 22, 11539 }, // U+045B
    { 10, 16, 179, 1, 16, 20, 11561 }, // U+045C
    { 10, 16, 199, 1, 16, 20, 11581 }, // U+045D
    { 11, 20, 166, 0, 16, 28, 11601 }, // U+045E
    { 10, 14, 192, 1, 11, 18, 11629 }, // U+045F
    { 15, 16, 242, 0, 16, 30, 11647 }, // U+0462
    { 12, 16, 199, 0, 16, 24, 11677 }, // U+0463
    { 16, 15, 248, 0, 15, 30, 11701 }, // U+046A
    { 13, 11, 201, 0, 11, 18, 11731 }, // U+046B
    { 15, 15, 259, 1, 15, 29, 11749 }, // U+0472
    { 11, 11, 197, 1, 11, 16, 11778 }, // U+0473
    { 17, 15, 251, 0, 15, 32, 11794 }, // U+0474
    { 12, 11, 188, 0, 11, 17, 11826 }, // U+0475
    { 15, 23, 248, 1, 19, 44, 11843 }, // U+048A
    { 12, 20, 203, 1, 16, 30, 11887 }, // U+048B
    { 13, 16, 210, 0, 16, 26, 11917 }, // U+048C
    { 11, 11, 175, 0, 11, 16, 11943 }, // U+048D
    { 12, 15, 203, 1, 15, 23, 11959 }, // U+048E
    { 11, 15, 196, 1, 11, 21, 11982 }, // U+048F
    { 10, 18, 170, 1, 18, 23, 12003 }, // U+0490
    { 8, 14, 143, 1, 14, 14, 12026 }, // U+0491
    { 11, 15, 174, 0, 15, 21, 12040 }, // U+0492
    { 9, 11, 142, 0, 11, 13, 12061 }, // U+0493
    { 12, 19, 208, 1, 15, 29, 12074 }, // U+0494
    { 10, 15, 181, 1, 11, 19, 12103 }, // U+0495
    { 20, 19, 307, 0, 15, 48, 12122 }, // U+0496
    { 17, 14, 258, 0, 11, 30, 12170 }, // U+0497
    { 11, 18, 191, 0, 15, 25, 12200 }, // U+0498
    { 10, 14, 163, 0, 11, 18, 12225 }, // U+0499
    { 13, 19, 219, 1, 15, 31, 12243 }, // U+049A
    { 11, 15, 182, 1, 11, 21, 12274 }, // U+049B
    { 14, 15, 236, 1, 15, 27, 12295 }, // U+049C
    { 12, 11, 206, 1, 11, 17, 12322 }, // U+049D
    { 14, 15, 214, 0, 15, 27, 12339 }, // U+049E
    { 12, 11, 185, 0, 11, 17, 12366 }, // U+049F
    { 16, 15, 246, 0, 15, 30, 12383 }, // U+04A0
    { 13, 11, 202, 0, 11, 18, 12413 }, // U+04A1
    { 14, 19, 241, 1, 15, 34, 12431 }, // U+04A2
    { 12, 14, 199, 1, 11, 21, 12465 }, // U+04A3
    { 16, 15, 272, 1, 15, 30, 12486 }, // U+04A4
    { 13, 11, 219, 1, 11, 18, 12516 }, // U+04A5
    { 20, 19, 344, 1, 15, 48, 12534 }, // U+04A6
    { 17, 15, 287, 1, 11, 32, 12582 }, // U+04A7
    { 15, 19, 262, 1, 15, 36, 12614 }, // U+04A8
    { 11, 14, 203, 1, 11, 20, 12650 }, // U+04A9
    { 12, 18, 207, 1, 15, 27, 12670 }, // U+04AA
    { 9, 15, 155, 1, 11, 17, 12697 }, // U+04AB
    { 12, 19, 188, 0, 15, 29, 12714 }, // U+04AC
    { 10, 14, 154, 0, 11, 18, 12743 }, // U+04AD
    { 13, 15, 199, 0, 15, 25, 12761 }, // U+04AE
    { 11, 15, 167, 0, 11, 21, 12786 }, // U+04AF
    { 13, 15, 199, 0, 15, 25, 12807 }, // U+04B0
    { 11, 15, 167, 0, 11, 21, 12832 }, // U+04B1
    { 14, 19, 218, 0, 15, 34, 12853 }, // U+04B2
    { 11, 14, 175, 0, 11, 20, 12887 }, // U+04B3
    { 18, 19, 282, 0, 15, 43, 12907 }, // U+04B4
    { 14, 14, 220, 0, 11, 25, 12950 }, // U+04B5
    { 13, 19, 217, 1, 15, 31, 12975 }, // U+04B6
    { 11, 14, 181, 0, 11, 20, 13006 }, // U+04B7
    { 11, 15, 213, 1, 15, 21, 13026 }, // U+04B8
    { 10, 11, 178, 0, 11, 14, 13047 }, // U+04B9
    { 12, 15, 213, 1, 15, 23, 13061 }, // U+04BA
    { 10, 16, 190, 1, 16, 20, 13084 }, // U+04BB
    { 17, 15, 278, 0, 15, 32, 13104 }, // U+04BC
    { 13, 11, 223, 0, 11, 18, 13136 }, // U+04BD
    { 17, 19, 278, 0, 15, 41, 13154 }, // U+04BE
    { 13, 14, 223, 0, 11, 23, 13195 }, // U+04BF
    { 3, 15, 90, 1, 15, 6, 13218 }, // U+04C0
    { 19, 19, 302, 0, 19, 46, 13224 }, // U+04C1
    { 16, 16, 254, 0, 16, 32, 13270 }, // U+04C2
    { 12, 19, 210, 1, 15, 29, 13302 }, // U+04C3
    { 10, 15, 181, 1, 11, 19, 13331 }, // U+04C4
    { 15, 19, 241, 0, 15, 36, 13350 }, // U+04C5
    { 13, 15, 203, 0, 11, 25, 13386 }, // U+04C6
    { 12, 19, 235, 1, 15, 29, 13411 }, // U+04C7
    { 10, 15, 195, 1, 11, 19, 13440 }, // U+04C8
    { 14, 19, 241, 1, 15, 34, 13459 }, // U+04C9
    { 12, 15, 199, 1, 11, 23, 13493 }, // U+04CA
    { 11, 19, 213, 1, 15, 27, 13516 }, // U+04CB
    { 10, 14, 178, 0, 11, 18, 13543 }, // U+04CC
    { 18, 19, 300, 1, 15, 43, 13561 }, // U+04CD
    { 15, 15, 250, 1, 11, 29, 13604 }, // U+04CE
    { 3, 15, 90, 1, 15, 6, 13633 }, // U+04CF
    { 14, 19, 221, 0, 19, 34, 13639 }, // U+04D0
    { 10, 16, 174, 0, 16, 20, 13673 }, // U+04D1
    { 14, 18, 221, 0, 18, 32, 13693 }, // U+04D2
    { 10, 15, 174, 0, 15, 19, 13725 }, // U+04D3
    { 19, 15, 312, 0, 15, 36, 13744 }, // U+04D4
    { 17, 11, 286, 0, 11, 24, 13780 }, // U+04D5
    { 11, 19, 190, 1, 19, 27, 13804 }, // U+04D6
    { 10, 16, 186, 1, 16, 20, 13831 }, // U+04D7
    { 13, 15, 235, 1, 15, 25, 13851 }, // U+04D8
    { 10, 11, 186, 1, 11, 14, 13876 }, // U+04D9
    { 13, 18, 235, 1, 18, 30, 13890 }, // U+04DA
    { 10, 15, 186, 1, 15, 19, 13920 }, // U+04DB
    { 19, 18, 302, 0, 18, 43, 13939 }, // U+04DC
    { 16, 15, 254, 0, 15, 30, 13982 }, // U+04DD
    { 11, 18, 191, 0, 18, 25, 14012 }, // U+04DE
    { 10, 15, 163, 0, 15, 19, 14037 }, // U+04DF
    { 11, 15, 189, 0, 15, 21, 14056 }, // U+04E0
    { 11, 15, 157, -1, 11, 21, 14077 }, // U+04E1
    { 13, 18, 243, 1, 18, 30, 14098 }, // U+04E2
    { 10, 15, 199, 1, 15, 19, 14128 }, // U+04E3
    { 13, 18, 243, 1, 18, 30, 14147 }, // U+04E4
    { 10, 15, 199, 1, 15, 19, 14177 }, // U+04E5
    { 15, 18, 259, 1, 18, 34, 14196 }, // U+04E6
    { 11, 15, 197, 1, 15, 21, 14230 }, // U+04E7
    { 15, 15, 259, 1, 15, 29, 14251 }, // U+04E8
    { 11, 11, 197, 1, 11, 16, 14280 }, // U+04E9
    { 15, 18, 259, 1, 18, 34, 14296 }, // U+04EA
    { 11, 15, 197, 1, 15, 21, 14330 }, // U+04EB
    { 12, 18, 207, 0, 18, 27, 14351 }, // U+04EC
    { 10, 15, 166, 0, 15, 19, 14378 }, // U+04ED
    { 13, 18, 196, 0, 18, 30, 14397 }, // U+04EE
    { 11, 19, 166, 0, 15, 27, 14427 }, // U+04EF
    { 13, 18, 196, 0, 18, 30, 14454 }, // U+04F0
    { 11, 19, 166, 0, 15, 27, 14484 }, // U+04F1
    { 13, 19, 196, 0, 19, 31, 14511 }, // U+04F2
    { 11, 20, 166, 0, 16, 28, 14542 }, // U+04F3
    { 11, 18, 210, 1, 18, 25, 14570 }, // U+04F4
    { 10, 15, 178, 0, 15, 19, 14595 }, // U+04F5
    { 10, 19, 170, 1, 15, 24, 14614 }, // U+04F6
    { 8, 14, 139, 1, 11, 14, 14638 }, // U+04F7
    { 16, 18, 285, 1, 18, 36, 14652 }, // U+04F8
    { 14, 15, 253, 1, 15, 27, 14688 }, // U+04F9
    { 10, 19, 166, 0, 15, 24, 14715 }, // U+04FA
    { 9, 15, 141, 0, 11, 17, 14739 }, // U+04FB
    { 13, 19, 206, 0, 15, 31, 14756 }, // U+04FC
    { 10, 15, 158, 0, 11, 19, 14787 }, // U+04FD
    { 13, 15, 206, 0, 15, 25, 14806 }, // U+04FE
    { 10, 11, 158, 0, 11, 14, 14831 }, // U+04FF
    { 13, 12, 211, 0, 12, 20, 14845 }, // U+05D0
    { 12, 12, 191, 0, 12, 18, 14865 }, // U+05D1
    { 8, 13, 125, 0, 12, 13, 14883 }, // U+05D2
    { 11, 12, 181, 0, 12, 17, 14896 }, // U+05D3
    { 11, 12, 209, 1, 12, 17, 14913 }, // U+05D4
    { 5, 12, 100, 0, 12, 8, 14930 }, // U+05D5
    { 7, 12, 110, 0, 12, 11, 14938 }, // U+05D6
    { 13, 12, 221, 0, 12, 20, 14949 }, // U+05D7
    { 12, 12, 211, 1, 12, 18, 14969 }, // U+05D8
    { 5, 8, 98, 0, 12, 5, 14987 }, // U+05D9
    { 10, 16, 182, 0, 12, 20, 14992 }, // U+05DA
    { 10, 12, 172, 0, 12, 15, 15012 }, // U+05DB
    { 11, 16, 174, 0, 16, 22, 15027 }, // U+05DC
    { 12, 12, 228, 1, 12, 18, 15049 }, // U+05DD
    { 13, 12, 220, 0, 12, 20, 15067 }, // U+05DE
    { 5, 16, 110, 0, 12, 10, 15087 }, // U+05DF
    { 6, 12, 126, 1, 12, 9, 15097 }, // U+05E0
    { 13, 12, 214, 0, 12, 20, 15106 }, // U+05E1
    { 12, 15, 198, 0, 13, 23, 15126 }, // U+05E2
    { 11, 16, 207, 1, 12, 22, 15149 }, // U+05E3
    { 11, 12, 200, 1, 12, 17, 15171 }, // U+05E4
    { 11, 16, 176, 0, 12, 22, 15188 }, // U+05E5
    { 11, 12, 185, 0, 12, 17, 15210 }, // U+05E6
    { 12, 16, 209, 1, 12, 24, 15227 }, // U+05E7
    { 10, 12, 174, 0, 12, 15, 15251 }, // U+05E8
    { 13, 12, 243, 1, 12, 20, 15266 }, // U+05E9
    { 13, 12, 228, 0, 12, 20, 15286 }, // U+05EA
    { 4, 6, 109, 1, 5, 3, 15306 }, // U+060C
    { 4, 12, 115, 1, 11, 6, 15309 }, // U+061B
    { 9, 17, 145, 0, 16, 20, 15315 }, // U+061F
    { 8, 10, 137, 0, 8, 10, 15335 }, // U+0621
    { 7, 3, 90, 0, 2, 3, 15345 }, // U+0640
    { 5, 5, 0, 0, 17, 4, 15348 }, // U+0654
    { 4, 4, 191, 4, 8, 2, 15352 }, // U+0660
    { 4, 16, 191, 4, 15, 8, 15354 }, // U+0661
    { 10, 16, 191, 1, 15, 20, 15362 }, // U+0662
    { 12, 16, 191, 0, 15, 24, 15382 }, // U+0663
    { 10, 16, 191, 1, 15, 20, 15406 }, // U+0664
    { 10, 12, 191, 1, 11, 15, 15426 }, // U+0665
    { 10, 16, 191, 1, 15, 20, 15441 }, // U+0666
    { 12, 16, 191, 0, 15, 24, 15461 }, // U+0667
    { 12, 16, 191, 0, 15, 24, 15485 }, // U+0668
    { 10, 16, 191, 1, 15, 20, 15509 }, // U+0669
    { 14, 12, 228, 0, 7, 21, 15529 }, // U+06BA
    { 6, 2, 100, 0, 2, 2, 15550 }, // U+06D4
    { 8, 10, 135, 0, 10, 10, 15552 }, // U+06D5
    { 4, 4, 191, 4, 8, 2, 15562 }, // U+06F0
    { 4, 16, 191, 4, 15, 8, 15564 }, // U+06F1
    { 10, 16, 191, 1, 15, 20, 15572 }, // U+06F2
    { 12, 16, 191, 0, 15, 24, 15592 }, // U+06F3
    { 10, 15, 191, 1, 15, 19, 15616 }, // U+06F4
    { 10, 15, 191, 1, 15, 19, 15635 }, // U+06F5
    { 8, 16, 191, 2, 15, 16, 15654 }, // U+06F6
    { 12, 16, 191, 0, 15, 24, 15670 }, // U+06F7
    { 12, 16, 191, 0, 15, 24, 15694 }, // U+06F8
    { 10, 16, 191, 1, 15, 20, 15718 }, // U+06F9
    { 11, 12, 196, 0, 12, 17, 15738 }, // U+0E01
    { 10, 13, 176, 0, 12, 17, 15755 }, // U+0E02
    { 10, 13, 180, 0, 12, 17, 15772 }, // U+0E03
    { 11, 12, 201, 1, 12, 17, 15789 }, // U+0E04
    { 11, 12, 203, 1, 12, 17, 15806 }, // U+0E05
    { 12, 13, 208, 0, 12, 20, 15823 }, // U+0E06
    { 9, 12, 163, 0, 12, 14, 15843 }, // U+0E07
    { 11, 12, 181, 0, 12, 17, 15857 }, // U+0E08
    { 12, 13, 196, 0, 12, 20, 15874 }, // U+0E09
    { 11, 13, 177, 0, 12, 18, 15894 }, // U+0E0A
    { 11, 13, 181, 0, 12, 18, 15912 }, // U+0E0B
    { 17, 13, 287, 0, 12, 28, 15930 }, // U+0E0C
    { 18, 17, 300, 0, 12, 39, 15958 }, // U+0E0D
    { 12, 17, 204, 0, 12, 26, 15997 }, // U+0E0E
    { 12, 17, 204, 0, 12, 26, 16023 }, // U+0E0F
    { 12, 18, 183, 0, 13, 27, 16049 }, // U+0E10
    { 12, 12, 210, 0, 12, 18, 16076 }, // U+0E11
    { 16, 13, 289, 1, 12, 26, 16094 }, // U+0E12
    { 18, 13, 297, 0, 12, 30, 16120 }, // U+0E13
    { 11, 12, 203, 1, 12, 17, 16150 }, // U+0E14
    { 11, 12, 205, 1, 12, 17, 16167 }, // U+0E15
    { 11, 13, 197, 0, 12, 18, 16184 }, // U+0E16
    { 12, 12, 210, 0, 12, 18, 16202 }, // U+0E17
    { 10, 12, 182, 1, 12, 15, 16220 }, // U+0E18
    { 13, 13, 205, 0, 12, 22, 16235 }, // U+0E19
    { 12, 12, 208, 0, 12, 18, 16257 }, // U+0E1A
    { 12, 15, 208, 0, 15, 23, 16275 }, // U+0E1B
    { 11, 12, 209, 1, 12, 17, 16298 }, // U+0E1C
    { 11, 15, 209, 1, 15, 21, 16315 }, // U+0E1D
    { 13, 12, 230, 0, 12, 20, 16336 }, // U+0E1E
    { 13, 15, 230, 0, 15, 25, 16356 }, // U+0E1F
    { 12, 13, 204, 0, 12, 20, 16381 }, // U+0E20
    { 11, 13, 204, 1, 12, 18, 16401 }, // U+0E21
    { 10, 12, 196, 1, 12, 15, 16419 }, // U+0E22
    { 9, 13, 153, 0, 12, 15, 16434 }, // U+0E23
    { 11, 17, 197, 0, 12, 24, 16449 }, // U+0E24
    { 10, 13, 189, 1, 12, 17, 16473 }, // U+0E25
    { 12, 17, 204, 0, 12, 26, 16490 }, // U+0E26
    { 9, 13, 151, 0, 12, 15, 16516 }, // U+0E27
    { 12, 13, 203, 1, 13, 20, 16531 }, // U+0E28
    { 14, 12, 223, 0, 12, 21, 16551 }, // U+0E29
    { 11, 14, 191, 1, 13, 20, 16572 }, // U+0E2A
    { 12, 12, 210, 0, 12, 18, 16592 }, // U+0E2B
    { 14, 16, 230, 0, 16, 28, 16610 }, // U+0E2C
    { 10, 12, 189, 1, 12, 15, 16638 }, // U+0E2D
    { 11, 13, 191, 1, 13, 18, 16653 }, // U+0E2E
    { 10, 12, 173, 0, 12, 15, 16671 }, // U+0E2F
    { 8, 12, 143, 0, 12, 12, 16686 }, // U+0E30
    { 9, 5, 0, -7, 17, 6, 16698 }, // U+0E31
    { 7, 12, 129, 0, 12, 11, 16704 }, // U+0E32
    { 12, 17, 129, -5, 17, 26, 16715 }, // U+0E33
    { 10, 5, 0, -11, 17, 7, 16741 }, // U+0E34
    { 10, 5, 0, -11, 17, 7, 16748 }, // U+0E35
    { 11, 6, 0, -11, 18, 9, 16755 }, // U+0E36
    { 10, 5, 0, -11, 17, 7, 16764 }, // U+0E37
    { 5, 5, 0, -6, -1, 4, 16771 }, // U+0E38
    { 8, 5, 0, -9, -1, 5, 16775 }, // U+0E39
    { 4, 4, 0, -4, -1, 2, 16780 }, // U+0E3A
    { 11, 19, 192, 1, 17, 27, 16782 }, // U+0E3F
    { 5, 13, 100, 1, 12, 9, 16809 }, // U+0E40
    { 11, 13, 193, 1, 12, 18, 16818 }, // U+0E41
    { 9, 21, 118, -1, 20, 24, 16836 }, // U+0E42
    { 9, 21, 118, -1, 20, 24, 16860 }, // U+0E43
    { 10, 21, 118, -2, 20, 27, 16884 }, // U+0E44
    { 7, 17, 129, 0, 12, 15, 16911 }, // U+0E45
    { 10, 17, 174, 0, 12, 22, 16926 }, // U+0E46
    { 8, 6, 0, -9, 18, 6, 16948 }, // U+0E47
    { 3, 5, 0, -4, 17, 2, 16954 }, // U+0E48
    { 8, 5, 0, -7, 17, 5, 16956 }, // U+0E49
    { 10, 5, 0, -10, 17, 7, 16961 }, // U+0E4A
    { 5, 5, 0, -5, 17, 4, 16968 }, // U+0E4B
    { 7, 4, 0, -6, 16, 4, 16972 }, // U+0E4C
    { 5, 5, 0, -5, 17, 4, 16976 }, // U+0E4D
    { 4, 5, 0, -5, 17, 3, 16980 }, // U+0E4E
    { 12, 11, 199, 0, 11, 17, 16983 }, // U+0E4F
    { 13, 12, 209, 0, 11, 20, 17000 }, // U+0E50
    { 12, 13, 205, 0, 11, 20, 17020 }, // U+0E51
    { 13, 13, 229, 1, 13, 22, 17040 }, // U+0E52
    { 12, 12, 221, 1, 11, 18, 17062 }, // U+0E53
    { 13, 14, 214, 0, 13, 23, 17080 }, // U+0E54
    { 13, 15, 214, 0, 14, 25, 17103 }, // U+0E55
    { 11, 14, 200, 1, 13, 20, 17128 }, // U+0E56
    { 16, 14, 283, 1, 13, 28, 17148 }, // U+0E57
    { 14, 14, 224, 0, 13, 25, 17176 }, // U+0E58
    { 11, 14, 191, 1, 13, 20, 17201 }, // U+0E59
    { 13, 12, 231, 0, 12, 20, 17221 }, // U+0E5A
    { 26, 11, 421, 0, 11, 36, 17241 }, // U+0E5B
    { 14, 19, 221, 0, 15, 34, 17277 }, // U+1EA0
    { 10, 16, 174, 0, 12, 20, 17311 }, // U+1EA1
    { 14, 20, 221, 0, 20, 35, 17331 }, // U+1EA2
    { 10, 17, 174, 0, 16, 22, 17366 }, // U+1EA3
    { 14, 22, 221, 0, 22, 39, 17388 }, // U+1EA4
    { 12, 20, 174, 0, 19, 30, 17427 }, // U+1EA5
    { 14, 22, 221, 0, 22, 39, 17457 }, // U+1EA6
    { 10, 20, 174, 0, 19, 25, 17496 }, // U+1EA7
    { 14, 23, 221, 0, 23, 41, 17521 }, // U+1EA8
    { 11, 20, 174, 0, 19, 28, 17562 }, // U+1EA9
    { 14, 23, 221, 0, 23, 41, 17590 }, // U+1EAA
    { 10, 20, 174, 0, 19, 25, 17631 }, // U+1EAB
    { 14, 24, 221, 0, 20, 42, 17656 }, // U+1EAC
    { 10, 21, 174, 0, 17, 27, 17698 }, // U+1EAD
    { 14, 23, 221, 0, 23, 41, 17725 }, // U+1EAE
    { 10, 21, 174, 0, 20, 27, 17766 }, // U+1EAF
    { 14, 23, 221, 0, 23, 41, 17793 }, // U+1EB0
    { 10, 21, 174, 0, 20, 27, 17834 }, // U+1EB1
    { 14, 23, 221, 0, 23, 41, 17861 }, // U+1EB2
    { 10, 21, 174, 0, 20, 27, 17902 }, // U+1EB3
    { 14, 22, 221, 0, 22, 39, 17929 }, // U+1EB4
    { 10, 20, 174, 0, 19, 25, 17968 }, // U+1EB5
    { 14, 23, 221, 0, 19, 41, 17993 }, // U+1EB6
    { 10, 20, 174, 0, 16, 25, 18034 }, // U+1EB7
    { 11, 19, 190, 1, 15, 27, 18059 }, // U+1EB8
    { 10, 16, 186, 1, 12, 20, 18086 }, // U+1EB9
    { 11, 20, 190, 1, 20, 28, 18106 }, // U+1EBA
    { 10, 17, 186, 1, 16, 22, 18134 }, // U+1EBB
    { 11, 19, 190, 1, 19, 27, 18156 }, // U+1EBC
    { 10, 17, 186, 1, 16, 22, 18183 }, // U+1EBD
    { 12, 22, 190, 1, 22, 33, 18205 }, // U+1EBE
    { 11, 20, 186, 1, 19, 28, 18238 }, // U+1EBF
    { 11, 22, 190, 1, 22, 31, 18266 }, // U+1EC0
    { 10, 20, 186, 1, 19, 25, 18297 }, // U+1EC1
    { 11, 22, 190, 1, 22, 31, 18322 }, // U+1EC2
    { 11, 20, 186, 1, 19, 28, 18353 }, // U+1EC3
    { 11, 23, 190, 1, 23, 32, 18381 }, // U+1EC4
    { 10, 21, 186, 1, 20, 27, 18413 }, // U+1EC5
    { 11, 24, 190, 1, 20, 33, 18440 }, // U+1EC6
    { 10, 21, 186, 1, 17, 27, 18473 }, // U+1EC7
    { 5, 20, 90, 0, 20, 13, 18500 }, // U+1EC8
    { 5, 16, 84, 0, 16, 10, 18513 }, // U+1EC9
    { 4, 19, 90, 1, 15, 10, 18523 }, // U+1ECA
    { 3, 20, 84, 1, 16, 8, 18533 }, // U+1ECB
    { 14, 19, 259, 1, 15, 34, 18541 }, // U+1ECC
    { 11, 16, 197, 1, 12, 22, 18575 }, // U+1ECD
    { 14, 21, 259, 1, 20, 37, 18597 }, // U+1ECE
    { 11, 17, 197, 1, 16, 24, 18634 }, // U+1ECF
    { 14, 23, 259, 1, 22, 41, 18658 }, // U+1ED0
    { 11, 20, 197, 1, 19, 28, 18699 }, // U+1ED1
    { 14, 23, 259, 1, 22, 41, 18727 }, // U+1ED2
    { 11, 20, 197, 1, 19, 28, 18768 }, // U+1ED3
    { 14, 23, 259, 1, 22, 41, 18796 }, // U+1ED4
    { 11, 20, 197, 1, 19, 28, 18837 }, // U+1ED5
    { 14, 23, 259, 1, 22, 41, 18865 }, // U+1ED6
    { 11, 20, 197, 1, 19, 28, 18906 }, // U+1ED7
    { 14, 24, 259, 1, 20, 42, 18934 }, // U+1ED8
    { 11, 21, 197, 1, 17, 29, 18976 }, // U+1ED9
    { 15, 21, 259, 1, 20, 40, 19005 }, // U+1EDA
    { 12, 18, 197, 1, 17, 27, 19045 }, // U+1EDB
    { 15, 21, 259, 1, 20, 40, 19072 }, // U+1EDC
    { 12, 18, 197, 1, 17, 27, 19112 }, // U+1EDD
    { 15, 21, 259, 1, 20, 40, 19139 }, // U+1EDE
    { 12, 17, 197, 1, 16, 26, 19179 }, // U+1EDF
    { 15, 20, 259, 1, 19, 38, 19205 }, // U+1EE0
    { 12, 17, 197, 1, 16, 26, 19243 }, // U+1EE1
    { 15, 21, 259, 1, 17, 40, 19269 }, // U+1EE2
    { 12, 18, 197, 1, 14, 27, 19309 }, // U+1EE3
    { 12, 19, 229, 1, 15, 29, 19336 }, // U+1EE4
    { 10, 15, 191, 1, 11, 19, 19365 }, // U+1EE5
    { 12, 21, 229, 1, 20, 32, 19384 }, // U+1EE6
    { 10, 17, 191, 1, 16, 22, 19416 }, // U+1EE7
    { 15, 21, 237, 1, 20, 40, 19438 }, // U+1EE8
    { 12, 18, 199, 1, 17, 27, 19478 }, // U+1EE9
    { 15, 21, 237, 1, 20, 40, 19505 }, // U+1EEA
    { 12, 18, 199, 1, 17, 27, 19545 }, // U+1EEB
    { 15, 21, 237, 1, 20, 40, 19572 }, // U+1EEC
    { 12, 17, 199, 1, 16, 26, 19612 }, // U+1EED
    { 15, 20, 237, 1, 19, 38, 19638 }, // U+1EEE
    { 12, 17, 199, 1, 16, 26, 19676 }, // U+1EEF
    { 15, 21, 237, 1, 17, 40, 19702 }, // U+1EF0
    { 12, 18, 199, 1, 14, 27, 19742 }, // U+1EF1
    { 13, 20, 199, 0, 20, 33, 19769 }, // U+1EF2
    { 11, 21, 166, 0, 17, 29, 19802 }, // U+1EF3
    { 13, 19, 199, 0, 15, 31, 19831 }, // U+1EF4
    { 10, 15, 166, 0, 11, 19, 19862 }, // U+1EF5
    { 13, 20, 199, 0, 20, 33, 19881 }, // U+1EF6
    { 10, 20, 166, 0, 16, 25, 19914 }, // U+1EF7
    { 13, 19, 199, 0, 19, 31, 19939 }, // U+1EF8
    { 10, 20, 166, 0, 16, 25, 19970 }, // U+1EF9
    { 0, 0, 167, 0, 0, 0, 19995 }, // U+2000
    { 0, 0, 333, 0, 0, 0, 19995 }, // U+2001
    { 0, 0, 167, 0, 0, 0, 19995 }, // U+2002
    { 0, 0, 333, 0, 0, 0, 19995 }, // U+2003
    { 0, 0, 111, 0, 0, 0, 19995 }, // U+2004
    { 0, 0, 83, 0, 0, 0, 19995 }, // U+2005
    { 0, 0, 56, 0, 0, 0, 19995 }, // U+2006
    { 0, 0, 200, 0, 0, 0, 19995 }, // U+2007
    { 0, 0, 79, 0, 0, 0, 19995 }, // U+2008
    { 0, 0, 43, 0, 0, 0, 19995 }, // U+2009
    { 0, 0, 42, 0, 0, 0, 19995 }, // U+200A
    { 0, 0, 0, 0, 0, 0, 19995 }, // U+200B
    { 2, 16, 0, -1, 15, 4, 19995 }, // U+200C
    { 6, 16, 0, -3, 15, 12, 19999 }, // U+200D
    { 6, 18, 0, -1, 16, 14, 20011 }, // U+200E
    { 6, 18, 0, -5, 16, 14, 20025 }, // U+200F
    { 6, 3, 107, 0, 8, 3, 20039 }, // U+2010
    { 6, 3, 107, 0, 7, 3, 20042 }, // U+2011
    { 12, 2, 165, -1, 7, 3, 20045 }, // U+2013
    { 22, 2, 332, -1, 7, 6, 20048 }, // U+2014
    { 22, 2, 332, -1, 7, 6, 20054 }, // U+2015
    { 4, 5, 78, 1, 16, 3, 20060 }, // U+2018
    { 4, 5, 78, 0, 16, 3, 20063 }, // U+2019
    { 4, 5, 78, 0, 2, 3, 20066 }, // U+201A
    { 8, 5, 139, 1, 16, 5, 20069 }, // U+201C
    { 8, 5, 139, 0, 16, 5, 20074 }, // U+201D
    { 8, 5, 139, 0, 2, 5, 20079 }, // U+201E
    { 10, 18, 159, 0, 15, 23, 20084 }, // U+2020
    { 10, 18, 159, 0, 15, 23, 20107 }, // U+2021
    { 6, 5, 120, 1, 10, 4, 20130 }, // U+2022
    { 17, 3, 332, 2, 3, 7, 20134 }, // U+2026
    { 0, 0, 0, 0, 0, 0, 20141 }, // U+202A
    { 0, 0, 0, 0, 0, 0, 20141 }, // U+202B
    { 0, 0, 0, 0, 0, 0, 20141 }, // U+202C
    { 0, 0, 0, 0, 0, 0, 20141 }, // U+202D
    { 0, 0, 0, 0, 0, 0, 20141 }, // U+202E
    { 0, 0, 43, 0, 0, 0, 20141 }, // U+202F
    { 24, 15, 409, 1, 15, 45, 20141 }, // U+2030
    { 28, 17, 453, 0, 16, 60, 20186 }, // U+2031
    { 4, 7, 91, 1, 15, 4, 20246 }, // U+2032
    { 8, 7, 151, 1, 15, 7, 20250 }, // U+2033
    { 6, 9, 97, 0, 10, 7, 20257 }, // U+2039
    { 6, 9, 97, 0, 10, 7, 20264 }, // U+203A
    { 8, 16, 152, 1, 15, 16, 20271 }, // U+203C
    { 18, 15, 288, 0, 15, 34, 20287 }, // U+2042
    { 6, 3, 131, 1, 8, 3, 20321 }, // U+2043
    { 11, 15, 49, -4, 15, 21, 20324 }, // U+2044
    { 19, 17, 316, 0, 16, 41, 20345 }, // U+2047
    { 14, 17, 235, 0, 16, 30, 20386 }, // U+2048
    { 13, 17, 232, 1, 16, 28, 20416 }, // U+2049
    { 9, 8, 142, 0, 7, 9, 20444 }, // U+204E
    { 4, 12, 115, 1, 11, 6, 20453 }, // U+204F
    { 8, 15, 133, 0, 15, 15, 20459 }, // U+2051
    { 12, 12, 217, 1, 13, 18, 20474 }, // U+2055
    { 0, 0, 0, 0, 0, 0, 20492 }, // U+2066
    { 0, 0, 0, 0, 0, 0, 20492 }, // U+2067
    { 0, 0, 0, 0, 0, 0, 20492 }, // U+2068
    { 0, 0, 0, 0, 0, 0, 20492 }, // U+2069
    { 7, 8, 120, 0, 15, 7, 20492 }, // U+2070
    { 8, 8, 120, 0, 15, 8, 20499 }, // U+2074
    { 7, 8, 120, 0, 15, 7, 20507 }, // U+2075
    { 7, 8, 120, 0, 15, 7, 20514 }, // U+2076
    { 7, 8, 120, 0, 15, 7, 20521 }, // U+2077
    { 7, 8, 120, 0, 15, 7, 20528 }, // U+2078
    { 7, 8, 120, 0, 15, 7, 20535 }, // U+2079
    { 7, 8, 120, 0, 8, 7, 20542 }, // U+2080
    { 4, 8, 120, 1, 8, 4, 20549 }, // U+2081
    { 7, 8, 120, 0, 8, 7, 20553 }, // U+2082
    { 7, 8, 120, 0, 8, 7, 20560 }, // U+2083
    { 8, 8, 120, 0, 8, 8, 20567 }, // U+2084
    { 7, 8, 120, 0, 8, 7, 20575 }, // U+2085
    { 7, 8, 120, 0, 8, 7, 20582 }, // U+2086
    { 7, 8, 120, 0, 8, 7, 20589 }, // U+2087
    { 7, 8, 120, 0, 8, 7, 20596 }, // U+2088
    { 7, 8, 120, 0, 8, 7, 20603 }, // U+2089
    { 11, 15, 185, 0, 15, 21, 20610 }, // U+20A3
    { 11, 16, 175, 0, 16, 22, 20631 }, // U+20A4
    { 20, 15, 327, 0, 15, 38, 20653 }, // U+20A9
    { 14, 13, 264, 1, 13, 23, 20691 }, // U+20AA
    { 13, 19, 194, 0, 15, 31, 20714 }, // U+20AB
    { 12, 14, 188, 0, 14, 21, 20745 }, // U+20AC
    { 13, 15, 205, 0, 15, 25, 20766 }, // U+20AD
    { 12, 15, 188, 0, 15, 23, 20791 }, // U+20AE
    { 13, 15, 215, 0, 15, 25, 20814 }, // U+20B1
    { 12, 15, 188, 0, 15, 23, 20839 }, // U+20B4
    { 11, 15, 176, 0, 15, 21, 20862 }, // U+20B8
    { 11, 15, 188, 1, 15, 21, 20883 }, // U+20B9
    { 11, 15, 182, 0, 15, 21, 20904 }, // U+20BA
    { 12, 15, 196, 0, 15, 23, 20925 }, // U+20BD
    { 16, 17, 262, 0, 17, 34, 20948 }, // U+20BE
    { 15, 17, 259, 1, 16, 32, 20982 }, // U+20C1
    { 22, 9, 358, 0, 11, 25, 21014 }, // U+2190
    { 9, 21, 150, 0, 18, 24, 21039 }, // U+2191
    { 21, 9, 358, 1, 11, 24, 21063 }, // U+2192
    { 9, 21, 150, 0, 17, 24, 21087 }, // U+2193
    { 16, 16, 254, 0, 15, 32, 21111 }, // U+2196
    { 17, 16, 254, -1, 15, 34, 21143 }, // U+2197
    { 17, 16, 254, -1, 16, 34, 21177 }, // U+2198
    { 16, 16, 254, 0, 16, 32, 21211 }, // U+2199
    { 22, 16, 364, 0, 16, 44, 21243 }, // U+21C4
    { 12, 16, 195, 0, 16, 24, 21287 }, // U+2202
    { 14, 15, 217, 0, 15, 27, 21311 }, // U+2206
    { 12, 17, 232, 1, 15, 26, 21338 }, // U+220F
    { 11, 17, 172, 0, 15, 24, 21364 }, // U+2211
    { 10, 2, 188, 1, 7, 3, 21388 }, // U+2212
    { 11, 15, 49, -4, 15, 21, 21391 }, // U+2215
    { 3, 3, 82, 1, 8, 2, 21412 }, // U+2219
    { 13, 17, 188, 0, 16, 28, 21414 }, // U+221A
    { 12, 6, 196, 0, 9, 9, 21442 }, // U+221E
    { 8, 20, 123, 0, 16, 20, 21451 }, // U+222B
    { 11, 8, 188, 0, 10, 11, 21471 }, // U+2248
    { 10, 13, 188, 1, 13, 17, 21482 }, // U+2260
    { 10, 12, 188, 1, 12, 15, 21499 }, // U+2264
    { 10, 12, 188, 1, 12, 15, 21514 }, // U+2265
    { 4, 4, 89, 1, 9, 2, 21529 }, // U+22C5
    { 13, 4, 233, 1, 8, 7, 21531 }, // U+22EF
    { 16, 16, 259, 1, 16, 32, 21538 }, // U+FB00
    { 12, 16, 214, 1, 16, 24, 21570 }, // U+FB01
    { 13, 16, 221, 1, 16, 26, 21594 }, // U+FB02
    { 20, 16, 344, 1, 16, 40, 21620 }, // U+FB03
    { 21, 16, 351, 1, 16, 42, 21660 }, // U+FB04
    { 20, 17, 331, 0, 9, 43, 21702 }, // U+FB56
    { 24, 16, 364, 0, 8, 48, 21745 }, // U+FB57
    { 6, 16, 100, -1, 9, 12, 21793 }, // U+FB58
    { 9, 13, 124, 0, 6, 15, 21805 }, // U+FB59
    { 20, 16, 331, 0, 15, 40, 21820 }, // U+FB66
    { 24, 16, 364, 0, 15, 48, 21860 }, // U+FB67
    { 6, 18, 90, 0, 17, 14, 21908 }, // U+FB68
    { 9, 16, 124, 0, 15, 18, 21922 }, // U+FB69
    { 13, 18, 220, 0, 9, 30, 21940 }, // U+FB7A
    { 17, 18, 240, 0, 9, 39, 21970 }, // U+FB7B
    { 12, 15, 196, 0, 8, 23, 22009 }, // U+FB7C
    { 15, 15, 212, 0, 8, 29, 22032 }, // U+FB7D
    { 9, 20, 159, 0, 19, 23, 22061 }, // U+FB88
    { 13, 20, 177, 0, 19, 33, 22084 }, // U+FB89
    { 8, 20, 122, -1, 15, 20, 22117 }, // U+FB8A
    { 11, 20, 132, -1, 15, 28, 22137 }, // U+FB8B
    { 8, 21, 122, -1, 16, 21, 22165 }, // U+FB8C
    { 11, 21, 132, -1, 16, 29, 22186 }, // U+FB8D
    { 19, 16, 292, 0, 15, 38, 22215 }, // U+FB8E
    { 22, 16, 325, 0, 15, 44, 22253 }, // U+FB8F
    { 9, 16, 137, 0, 15, 18, 22297 }, // U+FB90
    { 12, 16, 169, 0, 15, 24, 22315 }, // U+FB91
    { 19, 19, 292, 0, 18, 46, 22339 }, // U+FB92
    { 22, 19, 325, 0, 18, 53, 22385 }, // U+FB93
    { 9, 19, 137, 0, 18, 22, 22438 }, // U+FB94
    { 12, 19, 169, 0, 18, 29, 22460 }, // U+FB95
    { 14, 12, 228, 0, 7, 21, 22489 }, // U+FB9E
    { 17, 11, 243, 0, 6, 24, 22510 }, // U+FB9F
    { 8, 10, 135, 0, 10, 10, 22534 }, // U+FBA6
    { 12, 8, 160, 0, 7, 12, 22544 }, // U+FBA7
    { 5, 13, 90, 0, 9, 9, 22556 }, // U+FBA8
    { 11, 10, 146, 0, 4, 14, 22565 }, // U+FBA9
    { 14, 12, 224, 0, 11, 21, 22579 }, // U+FBAA
    { 14, 14, 205, 0, 9, 25, 22600 }, // U+FBAB
    { 12, 12, 191, 0, 11, 18, 22625 }, // U+FBAC
    { 12, 14, 169, 0, 9, 21, 22643 }, // U+FBAD
    { 19, 11, 314, 0, 10, 27, 22664 }, // U+FBAE
    { 13, 8, 183, 0, 2, 13, 22691 }, // U+FBAF
    { 19, 16, 314, 0, 15, 38, 22704 }, // U+FBB0
    { 13, 13, 183, 0, 7, 22, 22742 }, // U+FBB1
    { 16, 14, 253, 0, 9, 28, 22764 }, // U+FBFC
    { 17, 9, 245, 0, 4, 20, 22792 }, // U+FBFD
    { 6, 13, 100, -1, 9, 10, 22812 }, // U+FBFE
    { 9, 10, 124, 0, 6, 12, 22822 }, // U+FBFF
    { 8, 10, 137, 0, 8, 10, 22834 }, // U+FE80
    { 8, 18, 78, -2, 18, 18, 22844 }, // U+FE81
    { 10, 20, 97, -2, 19, 25, 22862 }, // U+FE82
    { 5, 20, 78, 0, 20, 13, 22887 }, // U+FE83
    { 8, 22, 97, 0, 21, 22, 22900 }, // U+FE84
    { 9, 18, 149, 0, 13, 21, 22922 }, // U+FE85
    { 11, 18, 157, 0, 13, 25, 22943 }, // U+FE86
    { 5, 21, 79, 1, 15, 14, 22968 }, // U+FE87
    { 7, 21, 97, 1, 15, 19, 22982 }, // U+FE88
    { 16, 14, 253, 0, 9, 28, 23001 }, // U+FE89
    { 17, 14, 245, 0, 9, 30, 23029 }, // U+FE8A
    { 5, 16, 90, 0, 15, 10, 23059 }, // U+FE8B
    { 9, 13, 114, 0, 12, 15, 23069 }, // U+FE8C
    { 3, 15, 79, 1, 15, 6, 23084 }, // U+FE8D
    { 7, 16, 97, 1, 15, 14, 23090 }, // U+FE8E
    { 20, 13, 331, 0, 9, 33, 23104 }, // U+FE8F
    { 24, 12, 364, 0, 8, 36, 23137 }, // U+FE90
    { 5, 13, 90, 0, 9, 9, 23173 }, // U+FE91
    { 9, 10, 114, 0, 6, 12, 23182 }, // U+FE92
    { 8, 14, 135, 0, 14, 14, 23194 }, // U+FE93
    { 12, 16, 162, 0, 15, 24, 23208 }, // U+FE94
    { 20, 12, 331, 0, 11, 30, 23232 }, // U+FE95
    { 24, 12, 364, 0, 11, 36, 23262 }, // U+FE96
    { 6, 14, 90, 0, 13, 11, 23298 }, // U+FE97
    { 9, 11, 124, 0, 10, 13, 23309 }, // U+FE98
    { 20, 15, 331, 0, 14, 38, 23322 }, // U+FE99
    { 24, 15, 364, 0, 14, 45, 23360 }, // U+FE9A
    { 6, 17, 90, 0, 16, 13, 23405 }, // U+FE9B
    { 9, 14, 124, 0, 13, 16, 23418 }, // U+FE9C
    { 13, 18, 213, 0, 9, 30, 23434 }, // U+FE9D
    { 15, 18, 216, 0, 9, 34, 23464 }, // U+FE9E
    { 12, 12, 196, 0, 8, 18, 23498 }, // U+FE9F
    { 15, 12, 212, 0, 8, 23, 23516 }, // U+FEA0
    { 13, 18, 213, 0, 9, 30, 23539 }, // U+FEA1
    { 15, 18, 216, 0, 9, 34, 23569 }, // U+FEA2
    { 12, 9, 196, 0, 8, 14, 23603 }, // U+FEA3
    { 15, 9, 212, 0, 8, 17, 23617 }, // U+FEA4
    { 13, 22, 213, 0, 13, 36, 23634 }, // U+FEA5
    { 15, 22, 216, 0, 13, 42, 23670 }, // U+FEA6
    { 12, 13, 196, 0, 12, 20, 23712 }, // U+FEA7
    { 15, 13, 212, 0, 12, 25, 23732 }, // U+FEA8
    { 9, 11, 159, 0, 10, 13, 23757 }, // U+FEA9
    { 13, 11, 177, 0, 10, 18, 23770 }, // U+FEAA
    { 9, 15, 159, 0, 14, 17, 23788 }, // U+FEAB
    { 13, 15, 177, 0, 14, 25, 23805 }, // U+FEAC
    { 8, 13, 122, -1, 8, 13, 23830 }, // U+FEAD
    { 11, 13, 132, -1, 8, 18, 23843 }, // U+FEAE
    { 8, 17, 122, -1, 12, 17, 23861 }, // U+FEAF
    { 11, 17, 132, -1, 12, 24, 23878 }, // U+FEB0
    { 25, 14, 403, 0, 9, 44, 23902 }, // U+FEB1
    { 28, 13, 423, 0, 8, 46, 23946 }, // U+FEB2
    { 16, 10, 261, 0, 9, 20, 23992 }, // U+FEB3
    { 19, 9, 283, 0, 8, 22, 24012 }, // U+FEB4
    { 25, 19, 403, 0, 14, 60, 24034 }, // U+FEB5
    { 28, 19, 423, 0, 14, 67, 24094 }, // U+FEB6
    { 16, 15, 261, 0, 14, 30, 24161 }, // U+FEB7
    { 19, 15, 283, 0, 14, 36, 24191 }, // U+FEB8
    { 27, 13, 435, 0, 8, 44, 24227 }, // U+FEB9
    { 30, 13, 451, 0, 8, 49, 24271 }, // U+FEBA
    { 18, 9, 301, 0, 8, 21, 24320 }, // U+FEBB
    { 21, 9, 316, 0, 8, 24, 24341 }, // U+FEBC
    { 27, 17, 435, 0, 12, 58, 24365 }, // U+FEBD
    { 30, 17, 451, 0, 12, 64, 24423 }, // U+FEBE
    { 18, 13, 301, 0, 12, 30, 24487 }, // U+FEBF
    { 21, 13, 316, 0, 12, 35, 24517 }, // U+FEC0
    { 16, 16, 263, 0, 15, 32, 24552 }, // U+FEC1
    { 19, 16, 277, 0, 15, 38, 24584 }, // U+FEC2
    { 14, 16, 226, 0, 15, 28, 24622 }, // U+FEC3
    { 16, 16, 237, 0, 15, 32, 24650 }, // U+FEC4
    { 16, 16, 263, 0, 15, 32, 24682 }, // U+FEC5
    { 19, 16, 277, 0, 15, 38, 24714 }, // U+FEC6
    { 14, 16, 226, 0, 15, 28, 24752 }, // U+FEC7
    { 16, 16, 237, 0, 15, 32, 24780 }, // U+FEC8
    { 13, 20, 169, 0, 11, 33, 24812 }, // U+FEC9
    { 13, 18, 177, 0, 9, 30, 24845 }, // U+FECA
    { 10, 11, 168, 0, 10, 14, 24875 }, // U+FECB
    { 12, 10, 174, 0, 9, 15, 24889 }, // U+FECC
    { 13, 24, 169, 0, 15, 39, 24904 }, // U+FECD
    { 13, 22, 177, 0, 13, 36, 24943 }, // U+FECE
    { 10, 15, 168, 0, 14, 19, 24979 }, // U+FECF
    { 12, 14, 174, 0, 13, 21, 24998 }, // U+FED0
    { 20, 16, 328, 0, 15, 40, 25019 }, // U+FED1
    { 24, 14, 366, 0, 13, 42, 25059 }, // U+FED2
    { 9, 16, 149, 0, 15, 18, 25101 }, // U+FED3
    { 12, 14, 165, 0, 13, 21, 25119 }, // U+FED4
    { 16, 17, 258, 0, 13, 34, 25140 }, // U+FED5
    { 18, 17, 269, 0, 11, 39, 25174 }, // U+FED6
    { 9, 16, 149, 0, 15, 18, 25213 }, // U+FED7
    { 12, 14, 165, 0, 13, 21, 25231 }, // U+FED8
    { 18, 16, 294, 0, 15, 36, 25252 }, // U+FED9
    { 21, 16, 307, 0, 15, 42, 25288 }, // U+FEDA
    { 9, 16, 137, 0, 15, 18, 25330 }, // U+FEDB
    { 12, 16, 169, 0, 15, 24, 25348 }, // U+FEDC
    { 14, 20, 232, 0, 15, 35, 25372 }, // U+FEDD
    { 17, 20, 243, 0, 15, 43, 25407 }, // U+FEDE
    { 5, 16, 87, 0, 15, 10, 25450 }, // U+FEDF
    { 8, 16, 100, 0, 15, 16, 25460 }, // U+FEE0
    { 10, 17, 161, 0, 8, 22, 25476 }, // U+FEE1
    { 13, 17, 187, 0, 8, 28, 25498 }, // U+FEE2
    { 10, 9, 175, 0, 8, 12, 25526 }, // U+FEE3
    { 14, 9, 193, 0, 8, 16, 25538 }, // U+FEE4
    { 14, 16, 228, 0, 11, 28, 25554 }, // U+FEE5
    { 17, 16, 243, 0, 11, 34, 25582 }, // U+FEE6
    { 5, 14, 90, 0, 13, 9, 25616 }, // U+FEE7
    { 9, 11, 114, 0, 10, 13, 25625 }, // U+FEE8
    { 8, 10, 135, 0, 10, 10, 25638 }, // U+FEE9
    { 12, 12, 162, 0, 11, 18, 25648 }, // U+FEEA
    { 12, 12, 191, 0, 11, 18, 25666 }, // U+FEEB
    { 12, 14, 169, 0, 9, 21, 25684 }, // U+FEEC
    { 9, 13, 149, 0, 8, 15, 25705 }, // U+FEED
    { 11, 13, 157, 0, 8, 18, 25720 }, // U+FEEE
    { 16, 14, 253, 0, 9, 28, 25738 }, // U+FEEF
    { 17, 9, 245, 0, 4, 20, 25766 }, // U+FEF0
    { 16, 18, 253, 0, 9, 36, 25786 }, // U+FEF1
    { 17, 13, 245, 0, 4, 28, 25822 }, // U+FEF2
    { 6, 13, 100, -1, 9, 10, 25850 }, // U+FEF3
    { 9, 10, 124, 0, 6, 12, 25860 }, // U+FEF4
    { 13, 16, 194, -2, 16, 26, 25872 }, // U+FEF5
    { 16, 17, 200, -2, 16, 34, 25898 }, // U+FEF6
    { 12, 18, 194, -1, 18, 27, 25932 }, // U+FEF7
    { 14, 19, 200, 0, 18, 34, 25959 }, // U+FEF8
    { 11, 21, 194, 0, 15, 29, 25993 }, // U+FEF9
    { 14, 21, 200, 0, 15, 37, 26022 }, // U+FEFA
    { 11, 15, 194, 0, 15, 21, 26059 }, // U+FEFB
    { 14, 16, 200, 0, 15, 28, 26080 }, // U+FEFC
    { 22, 28, 350, 0, 22, 77, 26108 }, // U+FFFD
};

static const EpdUnicodeInterval ubuntu_10_regularIntervals[] = {
    { 0x0, 0x0, 0x0 },
    { 0x8, 0x9, 0x1 },
    { 0xD, 0xD, 0x3 },
    { 0x1D, 0x1D, 0x4 },
    { 0x20, 0x7E, 0x5 },
    { 0xA0, 0x17F, 0x64 },
    { 0x1A0, 0x1A1, 0x144 },
    { 0x1AF, 0x1B0, 0x146 },
    { 0x1C4, 0x21F, 0x148 },
    { 0x300, 0x304, 0x1A4 },
    { 0x306, 0x30C, 0x1A9 },
    { 0x311, 0x312, 0x1B0 },
    { 0x31B, 0x31B, 0x1B2 },
    { 0x323, 0x324, 0x1B3 },
    { 0x326, 0x328, 0x1B5 },
    { 0x32E, 0x32E, 0x1B8 },
    { 0x331, 0x331, 0x1B9 },
    { 0x34F, 0x34F, 0x1BA },
    { 0x400, 0x45F, 0x1BB },
    { 0x462, 0x463, 0x21B },
    { 0x46A, 0x46B, 0x21D },
    { 0x472, 0x475, 0x21F },
    { 0x48A, 0x4FF, 0x223 },
    { 0x5D0, 0x5EA, 0x299 },
    { 0x60C, 0x60C, 0x2B4 },
    { 0x61B, 0x61B, 0x2B5 },
    { 0x61F, 0x61F, 0x2B6 },
    { 0x621, 0x621, 0x2B7 },
    { 0x640, 0x640, 0x2B8 },
    { 0x654, 0x654, 0x2B9 },
    { 0x660, 0x669, 0x2BA },
    { 0x6BA, 0x6BA, 0x2C4 },
    { 0x6D4, 0x6D5, 0x2C5 },
    { 0x6F0, 0x6F9, 0x2C7 },
    { 0xE01, 0xE3A, 0x2D1 },
    { 0xE3F, 0xE5B, 0x30B },
    { 0x1EA0, 0x1EF9, 0x328 },
    { 0x2000, 0x2011, 0x382 },
    { 0x2013, 0x2015, 0x394 },
    { 0x2018, 0x201A, 0x397 },
    { 0x201C, 0x201E, 0x39A },
    { 0x2020, 0x2022, 0x39D },
    { 0x2026, 0x2026, 0x3A0 },
    { 0x202A, 0x2033, 0x3A1 },
    { 0x2039, 0x203A, 0x3AB },
    { 0x203C, 0x203C, 0x3AD },
    { 0x2042, 0x2044, 0x3AE },
    { 0x2047, 0x2049, 0x3B1 },
    { 0x204E, 0x204F, 0x3B4 },
    { 0x2051, 0x2051, 0x3B6 },
    { 0x2055, 0x2055, 0x3B7 },
    { 0x2066, 0x2069, 0x3B8 },
    { 0x2070, 0x2070, 0x3BC },
    { 0x2074, 0x2079, 0x3BD },
    { 0x2080, 0x2089, 0x3C3 },
    { 0x20A3, 0x20A4, 0x3CD },
    { 0x20A9, 0x20AE, 0x3CF },
    { 0x20B1, 0x20B1, 0x3D5 },
    { 0x20B4, 0x20B4, 0x3D6 },
    { 0x20B8, 0x20BA, 0x3D7 },
    { 0x20BD, 0x20BE, 0x3DA },
    { 0x20C1, 0x20C1, 0x3DC },
    { 0x2190, 0x2193, 0x3DD },
    { 0x2196, 0x2199, 0x3E1 },
    { 0x21C4, 0x21C4, 0x3E5 },
    { 0x2202, 0x2202, 0x3E6 },
    { 0x2206, 0x2206, 0x3E7 },
    { 0x220F, 0x220F, 0x3E8 },
    { 0x2211, 0x2212, 0x3E9 },
    { 0x2215, 0x2215, 0x3EB },
    { 0x2219, 0x221A, 0x3EC },
    { 0x221E, 0x221E, 0x3EE },
    { 0x222B, 0x222B, 0x3EF },
    { 0x2248, 0x2248, 0x3F0 },
    { 0x2260, 0x2260, 0x3F1 },
    { 0x2264, 0x2265, 0x3F2 },
    { 0x22C5, 0x22C5, 0x3F4 },
    { 0x22EF, 0x22EF, 0x3F5 },
    { 0xFB00, 0xFB04, 0x3F6 },
    { 0xFB56, 0xFB59, 0x3FB },
    { 0xFB66, 0xFB69, 0x3FF },
    { 0xFB7A, 0xFB7D, 0x403 },
    { 0xFB88, 0xFB95, 0x407 },
    { 0xFB9E, 0xFB9F, 0x415 },
    { 0xFBA6, 0xFBB1, 0x417 },
    { 0xFBFC, 0xFBFF, 0x423 },
    { 0xFE80, 0xFEFC, 0x427 },
    { 0xFFFD, 0xFFFD, 0x4A4 },
};

static const uint16_t ubuntu_10_regularKernLeftCodepoints[] = {
    0x0022, 0x0027, 0x0028, 0x0029, 0x002A, 0x002C, 0x002D, 0x002E, 0x002F, 0x003A, 0x003B, 0x0040,
    0x0041, 0x0042, 0x0043, 0x0044, 0x0045, 0x0046, 0x0047, 0x004A, 0x004B, 0x004C, 0x004D, 0x004F,
    0x0050, 0x0051, 0x0052, 0x0054, 0x0055, 0x0056, 0x0057, 0x0058, 0x0059, 0x005A, 0x005B, 0x005D,
    0x0061, 0x0062, 0x0063, 0x0066, 0x0068, 0x006A, 0x006B, 0x006D, 0x006E, 0x006F, 0x0070, 0x0071,
    0x0072, 0x0074, 0x0076, 0x0077, 0x0078, 0x007A, 0x007B, 0x007D, 0x00A1, 0x00AB, 0x00BB, 0x00BF,
    0x00C0, 0x00C1, 0x00C2, 0x00C3, 0x00C4, 0x00C5, 0x00C6, 0x00C7, 0x00C8, 0x00C9, 0x00CA, 0x00CB,
    0x00D0, 0x00D2, 0x00D3, 0x00D4, 0x00D5, 0x00D6, 0x00D8, 0x00D9, 0x00DA, 0x00DB, 0x00DC, 0x00DD,
    0x00DE, 0x00DF, 0x00E0, 0x00E1, 0x00E2, 0x00E3, 0x00E4, 0x00E5, 0x00E7, 0x00F0, 0x00F1, 0x00F2,
    0x00F3, 0x00F4, 0x00F5, 0x00F6, 0x00F8, 0x00FE, 0x0100, 0x0101, 0x0102, 0x0103, 0x0104, 0x0105,
    0x0106, 0x0107, 0x0108, 0x0109, 0x010A, 0x010B, 0x010C, 0x010D, 0x010E, 0x010F, 0x0110, 0x0112,
    0x0114, 0x0116, 0x0118, 0x011A, 0x011C, 0x011E, 0x0120, 0x0122, 0x0125, 0x0127, 0x0132, 0x0133,
    0x0134, 0x0135, 0x0136, 0x0137, 0x0138, 0x0139, 0x013B, 0x013D, 0x013E, 0x013F, 0x0141, 0x0144,
    0x0146, 0x0148, 0x0149, 0x014A, 0x014B, 0x014C, 0x014D, 0x014E, 0x014F, 0x0150, 0x0151, 0x0152,
    0x0154, 0x0155, 0x0156, 0x0157, 0x0158, 0x0159, 0x0162, 0x0163, 0x0164, 0x0165, 0x0166, 0x0167,
    0x0168, 0x016A, 0x016C, 0x016E, 0x0170, 0x0172, 0x0174, 0x0175, 0x0176, 0x0178, 0x0179, 0x017A,
    0x017B, 0x017C, 0x017D, 0x017E, 0x017F, 0x01C4, 0x01C5, 0x01C6, 0x01C7, 0x01C8, 0x01C9, 0x01CA,
    0x01CB, 0x01CC, 0x01CD, 0x01CE, 0x01D1, 0x01D2, 0x01D3, 0x01D5, 0x01D7, 0x01D9, 0x01DB, 0x01DD,
    0x01DE, 0x01DF, 0x01E0, 0x01E1, 0x01E2, 0x01E4, 0x01E6, 0x01E8, 0x01E9, 0x01EA, 0x01EB, 0x01EC,
    0x01ED, 0x01EE, 0x01F0, 0x01F1, 0x01F2, 0x01F3, 0x01F4, 0x01F7, 0x01F9, 0x01FA, 0x01FB, 0x01FC,
    0x01FE, 0x01FF, 0x0200, 0x0201, 0x0202, 0x0203, 0x0204, 0x0206, 0x020C, 0x020D, 0x020E, 0x020F,
    0x0210, 0x0211, 0x0212, 0x0213, 0x0214, 0x0216, 0x021A, 0x021B, 0x021C, 0x021F, 0x0400, 0x0401,
    0x0402, 0x0403, 0x0404, 0x0405, 0x040B, 0x040C, 0x040E, 0x0410, 0x0411, 0x0412, 0x0413, 0x0414,
    0x0415, 0x0417, 0x041A, 0x041C, 0x041E, 0x0420, 0x0421, 0x0422, 0x0423, 0x0424, 0x0425, 0x0426,
    0x0429, 0x042D, 0x042E, 0x0430, 0x0431, 0x0432, 0x0433, 0x0434, 0x0435, 0x0436, 0x0437, 0x043A,
    0x043E, 0x0440, 0x0441, 0x0442, 0x0443, 0x0444, 0x0445, 0x0446, 0x0449, 0x044A, 0x044C, 0x044D,
    0x044E, 0x0450, 0x0451, 0x0452, 0x0453, 0x0454, 0x0455, 0x0459, 0x045A, 0x045B, 0x045C, 0x045E,
    0x0462, 0x0463, 0x046A, 0x046B, 0x0472, 0x0473, 0x0474, 0x0475, 0x048A, 0x048B, 0x048D, 0x048F,
    0x0490, 0x0491, 0x0492, 0x0493, 0x0494, 0x0495, 0x0497, 0x0498, 0x0499, 0x049A, 0x049B, 0x049C,
    0x049D, 0x049E, 0x049F, 0x04A0, 0x04A1, 0x04A2, 0x04A3, 0x04A4, 0x04A5, 0x04A7, 0x04A8, 0x04A9,
    0x04AA, 0x04AB, 0x04AC, 0x04AD, 0x04AE, 0x04AF, 0x04B0, 0x04B1, 0x04B2, 0x04B3, 0x04B4, 0x04B5,
    0x04B6, 0x04B7, 0x04BA, 0x04BB, 0x04BC, 0x04BD, 0x04BE, 0x04BF, 0x04C2, 0x04C4, 0x04C6, 0x04C8,
    0x04C9, 0x04CA, 0x04CD, 0x04CE, 0x04D0, 0x04D1, 0x04D2, 0x04D3, 0x04D5, 0x04D6, 0x04D7, 0x04D8,
    0x04D9, 0x04DA, 0x04DB, 0x04DD, 0x04DE, 0x04DF, 0x04E0, 0x04E1, 0x04E6, 0x04E7, 0x04E8, 0x04E9,
    0x04EA, 0x04EB, 0x04EC, 0x04ED, 0x04EE, 0x04EF, 0x04F0, 0x04F1, 0x04F2, 0x04F3, 0x04F6, 0x04F7,
    0x04FA, 0x04FC, 0x04FE, 0x05D0, 0x05D1, 0x05D2, 0x05D3, 0x05D5, 0x05D6, 0x05D8, 0x05D9, 0x05DB,
    0x05DC, 0x05DE, 0x05E0, 0x05E1, 0x05E2, 0x05E4, 0x05E6, 0x05E8, 0x05E9, 0x05EA, 0x0E40, 0x0E41,
    0x0E42, 0x0E43, 0x0E44, 0x0E54, 0x0E55, 0x0E58, 0x0E59, 0x1EF2, 0x2013, 0x2014, 0x2018, 0x201A,
    0x201C, 0x201E, 0x2026, 0x2039, 0x203A, 0x2047, 0x2049, 0xFB00, 0xFB8C, 0xFEAD, 0xFEAE, 0xFEAF,
};

static const uint8_t ubuntu_10_regularKernLeftClassIds[] = {
      1,   1,   2,   3,   4,   5,   6,   5,   7,   8,   8,   9,  10,  11,  12,  13,
     14,  15,  16,  17,  18,  19,  20,  21,  22,  23,  24,  25,  26,  27,  28,  29,
     30,  31,  32,  33,  34,  35,  36,  37,  38,  39,  40,  41,  41,  42,  43,  44,
     45,  46,  47,  48,  49,  50,  51,  52,  53,  54,  55,  56,  10,  10,  10,  10,
     10,  10,  14,  12,  14,  14,  14,  14,  13,  21,  21,  21,  21,  21,  21,  26,
     26,  26,  26,  30,  57,  58,  34,  34,  34,  34,  34,  34,  36,  59,  41,  42,
     42,  42,  42,  42,  42,  60,  10,  34,  10,  34,  10,  34,  12,  36,  12,  36,
     12,  36,  12,  36,  13,  61,  13,  14,  14,  14,  14,  14,  16,  16,  16,  16,
     38,  38,  17,  39,  17,  39,  18,  40,  40,  19,  19,  19,  61,  19,  19,  41,
     41,  41,  41,  62,  63,  21,  42,  21,  42,  21,  42,  14,  24,  45,  24,  45,
     24,  45,  25,  46,  25,  46,  25,  46,  26,  26,  26,  26,  26,  26,  28,  48,
     30,  30,  31,  50,  31,  50,  31,  50,  37,  31,  50,  50,  17,  39,  39,  17,
     39,  39,  10,  34,  21,  42,  26,  26,  26,  26,  26,  42,  10,  34,  10,  34,
     14,  16,  16,  18,  40,  21,  42,  21,  42,  64,  39,  31,  50,  50,  16,  65,
     41,  10,  34,  14,  21,  42,  10,  34,  10,  34,  14,  14,  21,  42,  21,  42,
     24,  45,  24,  45,  26,  26,  25,  46,  66,  38,  67,  67,  68,  69,  70,  71,
     72,  73,  74,  75,  68,  76,  69,  77,  67,  78,  73,  79,  80,  81,  70,  82,
     74,  83,  84,  85,  85,  86,  80,  87,  88,  89,  90,  91,  92,  93,  94,  95,
     96,  97,  98,  99, 100, 101, 102, 103, 103, 104, 104, 105, 106,  92,  92, 107,
     90, 108, 109, 104, 104, 110,  95, 100,  68, 111, 112, 113,  80,  96, 114, 115,
     85, 103, 104,  97,  69,  90,  69,  90,  68, 116,  93,  78,  94,  73,  95,  73,
     95,  73,  95,  73,  95,  85, 103,  82,  90, 117, 118, 119,  70,  98,  82,  99,
    120, 121, 120, 121,  84, 102,  85, 103,  85, 103, 122, 123, 124, 125, 124, 125,
     93, 126, 103, 127,  85, 103,  85, 103,  75,  87,  75,  87, 128,  67,  92, 129,
    130, 129, 130,  93,  78,  94, 131, 132,  80,  96,  80,  96,  80,  96,  86,  94,
     74, 100,  74, 100,  74, 100,  69,  90, 133, 134, 134, 135, 136, 137, 138, 139,
    140, 141, 142, 143, 144, 145, 146, 147, 148, 149, 150, 151, 152, 153, 154, 154,
    154, 154, 154, 155, 155, 156, 157,  30,   6,   6, 158, 159, 158, 159,   5,  54,
     55, 160, 160,  37, 161, 161, 161, 161,
};

static const uint16_t ubuntu_10_regularKernRightCodepoints[] = {
    0x0021, 0x0022, 0x0027, 0x0028, 0x0029, 0x002A, 0x002C, 0x002D, 0x002E, 0x002F, 0x003A, 0x003B,
    0x003F, 0x0040, 0x0041, 0x0043, 0x0047, 0x004A, 0x004D, 0x004F, 0x0051, 0x0053, 0x0054, 0x0055,
    0x0056, 0x0057, 0x0058, 0x0059, 0x005A, 0x005B, 0x005C, 0x005D, 0x0061, 0x0062, 0x0063, 0x0064,
    0x0065, 0x0066, 0x0067, 0x0068, 0x0069, 0x006A, 0x006B, 0x006C, 0x006D, 0x006E, 0x006F, 0x0070,
    0x0071, 0x0072, 0x0073, 0x0074, 0x0075, 0x0076, 0x0077, 0x0078, 0x0079, 0x007A, 0x007B, 0x007D,
    0x00AB, 0x00BB, 0x00C0, 0x00C1, 0x00C2, 0x00C3, 0x00C4, 0x00C5, 0x00C6, 0x00C7, 0x00D2, 0x00D3,
    0x00D4, 0x00D5, 0x00D6, 0x00D8, 0x00D9, 0x00DA, 0x00DB, 0x00DC, 0x00DD, 0x00DF, 0x00E0, 0x00E1,
    0x00E2, 0x00E3, 0x00E4, 0x00E5, 0x00E6, 0x00E7, 0x00E8, 0x00E9, 0x00EA, 0x00EB, 0x00EC, 0x00ED,
    0x00EE, 0x00EF, 0x00F0, 0x00F1, 0x00F2, 0x00F3, 0x00F4, 0x00F5, 0x00F6, 0x00F8, 0x00F9, 0x00FA,
    0x00FB, 0x00FC, 0x00FD, 0x00FE, 0x00FF, 0x0100, 0x0101, 0x0102, 0x0103, 0x0104, 0x0105, 0x0106,
    0x0107, 0x0108, 0x0109, 0x010A, 0x010B, 0x010C, 0x010D, 0x010F, 0x0111, 0x0113, 0x0115, 0x0117,
    0x0119, 0x011B, 0x011C, 0x011D, 0x011E, 0x011F, 0x0120, 0x0121, 0x0122, 0x0123, 0x0125, 0x0127,
    0x0129, 0x012B, 0x012D, 0x012F, 0x0131, 0x0133, 0x0134, 0x0135, 0x0137, 0x013A, 0x013C, 0x013E,
    0x0140, 0x0142, 0x0144, 0x0146, 0x0148, 0x0149, 0x014A, 0x014B, 0x014C, 0x014D, 0x014E, 0x014F,
    0x0150, 0x0151, 0x0152, 0x0153, 0x0155, 0x0157, 0x0159, 0x015A, 0x015B, 0x015C, 0x015D, 0x015E,
    0x015F, 0x0160, 0x0161, 0x0162, 0x0163, 0x0164, 0x0165, 0x0166, 0x0167, 0x0168, 0x0169, 0x016A,
    0x016B, 0x016C, 0x016D, 0x016E, 0x016F, 0x0170, 0x0171, 0x0172, 0x0173, 0x0174, 0x0175, 0x0176,
    0x0177, 0x0178, 0x0179, 0x017A, 0x017B, 0x017C, 0x017D, 0x017E, 0x017F, 0x01A0, 0x01A1, 0x01AF,
    0x01B0, 0x01C6, 0x01C9, 0x01CC, 0x01CD, 0x01CE, 0x01D0, 0x01D1, 0x01D2, 0x01D3, 0x01D4, 0x01D5,
    0x01D6, 0x01D7, 0x01D8, 0x01D9, 0x01DA, 0x01DB, 0x01DC, 0x01DD, 0x01DE, 0x01DF, 0x01E0, 0x01E1,
    0x01E2, 0x01E3, 0x01E4, 0x01E5, 0x01E6, 0x01E7, 0x01E9, 0x01EA, 0x01EB, 0x01EC, 0x01ED, 0x01EE,
    0x01EF, 0x01F0, 0x01F3, 0x01F4, 0x01F5, 0x01F7, 0x01F9, 0x01FA, 0x01FB, 0x01FC, 0x01FD, 0x01FE,
    0x01FF, 0x0200, 0x0201, 0x0202, 0x0203, 0x0205, 0x0207, 0x0209, 0x020B, 0x020C, 0x020D, 0x020E,
    0x020F, 0x0211, 0x0213, 0x0214, 0x0215, 0x0216, 0x0217, 0x0218, 0x0219, 0x021A, 0x021B, 0x021C,
    0x021D, 0x021F, 0x0402, 0x0404, 0x0405, 0x0408, 0x0409, 0x040B, 0x040E, 0x0410, 0x0414, 0x0416,
    0x0417, 0x041B, 0x041C, 0x041E, 0x0421, 0x0422, 0x0423, 0x0424, 0x0425, 0x0427, 0x042A, 0x042D,
    0x042F, 0x0430, 0x0431, 0x0432, 0x0433, 0x0434, 0x0435, 0x0436, 0x0437, 0x0438, 0x0439, 0x043A,
    0x043B, 0x043C, 0x043D, 0x043E, 0x043F, 0x0440, 0x0441, 0x0442, 0x0443, 0x0444, 0x0445, 0x0446,
    0x0447, 0x0448, 0x0449, 0x044A, 0x044B, 0x044C, 0x044D, 0x044E, 0x044F, 0x0450, 0x0451, 0x0452,
    0x0453, 0x0454, 0x0455, 0x0456, 0x0457, 0x0458, 0x0459, 0x045A, 0x045B, 0x045C, 0x045D, 0x045E,
    0x045F, 0x0462, 0x0463, 0x046B, 0x0472, 0x0473, 0x0474, 0x0475, 0x048B, 0x048D, 0x048F, 0x0491,
    0x0493, 0x0495, 0x0496, 0x0497, 0x0498, 0x0499, 0x049B, 0x049D, 0x049F, 0x04A1, 0x04A3, 0x04A5,
    0x04A7, 0x04A8, 0x04A9, 0x04AA, 0x04AB, 0x04AC, 0x04AD, 0x04AE, 0x04AF, 0x04B0, 0x04B1, 0x04B2,
    0x04B3, 0x04B4, 0x04B5, 0x04B6, 0x04B7, 0x04B8, 0x04B9, 0x04BB, 0x04BC, 0x04BD, 0x04BE, 0x04BF,
    0x04C1, 0x04C2, 0x04C4, 0x04C5, 0x04C6, 0x04C8, 0x04CA, 0x04CB, 0x04CC, 0x04CE, 0x04D0, 0x04D1,
    0x04D2, 0x04D3, 0x04D5, 0x04D7, 0x04D8, 0x04D9, 0x04DA, 0x04DB, 0x04DC, 0x04DD, 0x04DE, 0x04DF,
    0x04E0, 0x04E1, 0x04E3, 0x04E5, 0x04E6, 0x04E7, 0x04E8, 0x04E9, 0x04EA, 0x04EB, 0x04EC, 0x04ED,
    0x04EE, 0x04EF, 0x04F0, 0x04F1, 0x04F2, 0x04F3, 0x04F4, 0x04F5, 0x04F7, 0x04F9, 0x04FB, 0x04FC,
    0x04FD, 0x04FE, 0x04FF, 0x05D0, 0x05D1, 0x05D2, 0x05D3, 0x05D4, 0x05D6, 0x05D7, 0x05D8, 0x05D9,
    0x05DA, 0x05DB, 0x05DC, 0x05DD, 0x05DE, 0x05E1, 0x05E2, 0x05E3, 0x05E4, 0x05E5, 0x05E7, 0x05E8,
    0x05E9, 0x05EA, 0x06D5, 0x0E01, 0x0E03, 0x0E0B, 0x0E0C, 0x0E0D, 0x0E11, 0x0E13, 0x0E16, 0x0E17,
    0x0E19, 0x0E1A, 0x0E1B, 0x0E1E, 0x0E1F, 0x0E23, 0x0E24, 0x0E27, 0x0E29, 0x0E2B, 0x0E2C, 0x0E50,
    0x0E51, 0x0E53, 0x0E54, 0x0E55, 0x0E58, 0x1EF2, 0x1EF3, 0x2013, 0x2014, 0x2018, 0x2019, 0x201A,
    0x201C, 0x201D, 0x201E, 0x2026, 0x2039, 0x203A, 0x2047, 0x2048, 0xFB00, 0xFB01, 0xFB02, 0xFB03,
    0xFB04, 0xFB8E, 0xFBA6, 0xFBAA, 0xFE8D, 0xFEA3, 0xFEA9, 0xFEB1, 0xFEB3, 0xFEB9, 0xFEBB, 0xFEC1,
    0xFEC3, 0xFECB, 0xFEDB, 0xFEDF, 0xFEE1, 0xFEE3, 0xFEEB,
};

static const uint8_t ubuntu_10_regularKernRightClassIds[] = {
      1,   2,   2,   3,   4,   5,   6,   7,   6,   8,   9,   9,  10,  11,  12,  13,
     14,  15,  16,  17,  18,  19,  20,  21,  22,  23,  24,  25,  26,  27,  28,  29,
     30,  31,  32,  33,  34,  35,  36,  31,  37,  38,  31,  39,  40,  40,  41,  40,
     42,  40,  43,  44,  45,  46,  47,  48,  49,  50,  51,  52,  53,  54,  12,  12,
     12,  12,  12,  12,  55,  13,  17,  17,  17,  17,  17,  17,  21,  21,  21,  21,
     25,  56,  30,  30,  30,  30,  30,  30,  30,  32,  34,  34,  34,  34,  57,  37,
     58,  59,  60,  40,  41,  41,  41,  41,  41,  41,  45,  45,  45,  45,  49,  56,
     49,  12,  30,  12,  30,  12,  30,  13,  32,  13,  32,  13,  32,  13,  32,  33,
     33,  34,  34,  34,  34,  34,  14,  36,  14,  36,  14,  36,  14,  36,  31,  31,
     61,  62,  63,  37,  37,  37,  15,  38,  31,  39,  39,  39,  39,  39,  40,  40,
     40,  40,  64,  65,  17,  41,  17,  41,  17,  41,  17,  41,  40,  40,  40,  19,
     43,  19,  43,  19,  43,  19,  43,  20,  44,  20,  44,  20,  44,  21,  45,  21,
     45,  21,  45,  21,  45,  21,  45,  21,  45,  23,  47,  25,  49,  25,  26,  50,
     26,  50,  26,  50,  35,  17,  41,  21,  45,  33,  39,  40,  12,  30,  37,  17,
     41,  21,  45,  21,  45,  21,  45,  21,  45,  21,  45,  66,  12,  30,  12,  30,
     55,  30,  14,  36,  14,  36,  31,  17,  41,  17,  41,  67,  68,  38,  33,  14,
     36,  56,  40,  12,  30,  55,  30,  17,  41,  12,  30,  12,  30,  34,  34,  37,
     37,  17,  41,  17,  41,  40,  40,  21,  45,  21,  45,  19,  43,  20,  44,  69,
     70,  31,  71,  72,  73,  74,  75,  71,  76,  77,  78,  79,  80,  75,  81,  82,
     72,  71,  76,  83,  84,  85,  71,  86,  87,  88,  89,  90,  91,  92,  93,  94,
     95,  91,  91,  91,  96,  97,  91,  98,  91,  99, 100, 101, 102, 103, 104,  91,
    105,  91, 106, 107,  91,  91, 108,  90, 109,  93,  93, 110,  91, 111, 112, 113,
    114, 115,  96,  91, 116,  91,  91, 102, 106,  71, 117, 118,  82,  98,  76, 102,
     91, 119,  99,  91,  91,  91,  79,  94,  80,  95,  91,  91,  91,  91,  91,  91,
     91, 120, 121,  72, 100,  71, 101, 122, 123, 122, 123,  84, 104,  71, 101,  85,
    105,  85, 105, 124, 125, 126, 125, 126,  79,  94,  91,  75,  96,  91,  91,  85,
    105,  97,  77,  88,  77,  88, 127,  93, 128, 129, 128, 129,  79,  94,  80, 130,
    131, 132,  91,  91,  82,  98,  82,  98,  82,  98,  86, 133,  76, 102,  76, 102,
     76, 102,  85, 105,  91,  91, 134, 135, 136, 135, 136, 137, 138, 139, 140, 141,
    142, 143, 144, 145, 146, 147, 148, 149, 150, 151, 152, 153, 154, 155, 156, 157,
    158, 159, 160, 161, 162, 162, 161, 161, 161, 161, 161, 161, 161, 161, 161, 161,
    161, 163, 161, 163, 161, 161, 161, 164, 165, 166, 167, 167, 167,  25,  49,   7,
      7, 168, 169, 170, 168, 169, 170,   6,  53,  54, 171, 171,  35,  35,  35,  35,
     35, 160, 160, 160, 172, 160, 173, 173, 173, 173, 173, 173, 173, 172, 160, 172,
    160, 160, 160,
};

static const uint16_t ubuntu_10_regularKernRowOffsets[] = {
        0,    20,    40,    71,    87,   114,   137,   164,   179,   212,   255,   272,   307,   334,   366,   401,
      407,   419,   461,   502,   504,   531,   557,   580,   604,   652,   667,   715,   754,   789,   836,   870,
      905,   921,   931,   944,   956,   978,   989,   990,  1004,  1015,  1029,  1043,  1044,  1059,  1072,  1090,
     1104,  1115,  1129,  1152,  1177,  1183,  1188,  1214,  1229,  1252,  1265,  1269,  1283,  1314,  1316,  1323,
     1330,  1351,  1355,  1387,  1417,  1477,  1518,  1526,  1558,  1611,  1663,  1716,  1738,  1771,  1787,  1800,
     1838,  1865,  1926,  1970,  2009,  2042,  2076,  2085,  2099,  2105,  2124,  2137,  2154,  2174,  2180,  2198,
     2218,  2240,  2256,  2275,  2296,  2320,  2338,  2352,  2363,  2382,  2401,  2409,  2425,  2431,  2442,  2453,
     2454,  2455,  2515,  2536,  2541,  2550,  2587,  2598,  2650,  2671,  2683,  2694,  2716,  2730,  2734,  2739,
     2753,  2781,  2801,  2825,  2834,  2837,  2838,  2844,  2849,  2856,  2867,  2873,  2874,  2883,  2894,  2900,
     2910,  2915,  2918,  2925,  2927,  2934,  2941,  2951,  2958,  2968,  2971,  2975,  2976,  2979,  2994,  3016,
     3017,  3020,
};

static const uint8_t ubuntu_10_regularKernSparseCols[] = {
     11,  12,  13,  14,  16,  17,  21,  22,  25,  54,  71,  73,  74,  76,  77,  81,
     82, 119, 127, 130,   3,  12,  13,  16,  17,  18,  19,  20,  21,  24,  70,  71,
     72,  77,  81,  82, 119, 121, 124, 127,  11,  12,  13,  14,  16,  17,  18,  19,
     21,  22,  23,  24,  25,  54,  70,  71,  72,  75,  76,  78,  79,  81,  82,  83,
     84,  85,  86, 119, 121, 127, 130,  11,  12,  13,  14,  23,  54,  71,  73,  74,
     76,  77,  78,  79,  83, 127, 130,  11,  12,  13,  14,  16,  17,  18,  19,  20,
     21,  22,  23,  24,  25,  54,  70,  71,  76,  77,  81,  82,  83,  84, 119, 121,
    124, 127,  14,  19,  21,  23,  24,  25,  54,  70,  71,  72,  73,  74,  75,  77,
     78,  79,  81,  83,  85, 119, 121, 127, 130,  11,  12,  13,  14,  16,  17,  19,
     21,  22,  23,  24,  25,  54,  70,  71,  73,  74,  75,  76,  77,  78,  81,  82,
     83,  85, 119, 121,  12,  13,  16,  17,  19,  20,  21,  22,  24,  70,  71,  81,
     82, 121, 127,  11,  12,  13,  14,  16,  17,  18,  19,  20,  21,  22,  23,  24,
     25,  54,  70,  71,  72,  73,  74,  75,  76,  77,  78,  79,  81,  82,  83,  84,
     85,  86, 121, 130,   1,   2,   4,   5,   7,  10,  11,  12,  13,  14,  16,  17,
     18,  19,  20,  21,  22,  23,  24,  25,  28,  31,  32,  33,  35,  40,  41,  42,
     44,  45,  46,  47,  48,  49,  50,  51,  52,  54,  59,  68, 167, 168, 169,   1,
      2,   3,   4,   5,   7,   8,   9,  21,  22,  23,  24,  28,  49,  51,  54,  68,
      2,   5,   6,   9,  10,  11,  12,  13,  14,  16,  17,  18,  19,  21,  23,  24,
     25,  26,  31,  32,  33,  35,  40,  41,  44,  45,  46,  47,  48,  50,  52,  54,
     59, 168, 169,   0,   1,   2,   3,   5,   7,   9,  10,  11,  14,  18,  19,  21,
     22,  23,  24,  25,  26,  28,  29,  51,  54,  66,  68, 167, 168, 169,   1,   2,
      4,   5,  10,  11,  12,  13,  14,  16,  17,  20,  26,  28,  31,  32,  33,  35,
     40,  41,  43,  44,  45,  46,  47,  48,  50,  51,  52,  54,  59, 167,   0,   2,
      5,   7,   8,   9,  10,  11,  12,  13,  14,  16,  17,  19,  21,  24,  26,  28,
     29,  31,  32,  33,  35,  39,  40,  41,  44,  47,  49,  53,  54,  59,  64,  65,
    169,   3,   4,  28,  45,  48,  51,   3,   5,   7,  11,  14,  25,  28,  49,  51,
     54,  66, 169,   2,   4,   5,   6,   7,   9,  10,  11,  12,  13,  14,  16,  17,
     19,  21,  22,  23,  24,  25,  28,  31,  32,  33,  35,  40,  41,  42,  44,  45,
     46,  47,  48,  49,  50,  52,  54,  58,  59,  60,  61,  65, 169,   1,   2,   4,
      5,   6,   7,  11,  12,  13,  14,  16,  17,  18,  19,  20,  21,  22,  23,  24,
     25,  28,  31,  32,  33,  35,  40,  41,  45,  46,  47,  48,  49,  50,  51,  52,
     53,  54,  68, 167, 168, 169,  21,  24,   0,   1,   2,   3,   5,   7,   9,  10,
     11,  14,  18,  19,  21,  22,  23,  24,  25,  26,  28,  29,  51,  54,  66,  68,
    167, 168, 169,   0,   2,   3,   5,   7,  11,  14,  23,  26,  28,  29,  31,  32,
     33,  35,  40,  41,  45,  46,  48,  51,  52,  54,  59, 168, 169,   0,   1,   2,
      5,   9,  10,  11,  14,  18,  19,  21,  22,  23,  24,  25,  26,  29,  37,  54,
     66, 167, 168, 169,   2,   5,   7,   9,  10,  11,  12,  13,  14,  16,  17,  21,
     23,  24,  25,  28,  47,  49,  50,  51,  52,  54,  59, 169,   2,   3,   5,   6,
      7,   8,   9,  10,  11,  12,  13,  14,  16,  17,  19,  21,  22,  23,  24,  28,
     29,  31,  32,  33,  35,  39,  40,  41,  42,  44,  45,  46,  47,  48,  49,  50,
     52,  53,  54,  57,  58,  59,  60,  61,  62,  64,  65, 169,   2,   5,   7,   8,
     11,  14,  25,  28,  29,  49,  50,  51,  54,  66, 169,   1,   2,   3,   5,   6,
      7,   8,   9,  10,  11,  12,  13,  14,  15,  16,  17,  19,  21,  22,  23,  24,
     28,  29,  31,  32,  33,  35,  39,  40,  41,  42,  44,  49,  50,  52,  53,  54,
     56,  58,  59,  60,  61,  62,  64,  65, 167, 168, 169,   1,   2,   5,   7,   8,
      9,  10,  11,  12,  13,  14,  16,  17,  19,  21,  22,  23,  24,  28,  29,  31,
     32,  33,  35,  39,  40,  41,  42,  44,  50,  52,  54,  58,  59,  60,  64, 167,
    168, 169,   2,   4,   5,   6,   7,  10,  11,  12,  13,  14,  16,  17,  19,  21,
     23,  24,  25,  28,  31,  32,  33,  35,  40,  41,  44,  45,  46,  47,  48,  50,
     52,  54,  59,  65, 169,   2,   3,   5,   6,   7,   8,   9,  10,  11,  12,  13,
     14,  15,  16,  17,  19,  21,  22,  23,  24,  25,  28,  29,  31,  32,  33,  35,
     39,  40,  41,  42,  44,  47,  49,  50,  52,  53,  54,  58,  59,  60,  61,  64,
     65, 167, 168, 169,   2,   5,   6,  10,  11,  12,  13,  14,  16,  17,  20,  21,
     24,  26,  28,  31,  32,  33,  35,  40,  41,  43,  44,  45,  46,  47,  48,  50,
     51,  52,  54,  58,  59,  60,  11,  12,  13,  14,  16,  17,  18,  19,  20,  21,
     22,  23,  24,  25,  28,  54,  70,  71,  72,  73,  74,  75,  76,  77,  78,  81,
     82,  83,  84,  86, 119, 121, 124, 127, 130,  12,  13,  16,  17,  22,  23,  25,
     71,  72,  81,  82,  83,  84,  86, 119, 127,   1,   3,   4,   9,  28,  45,  46,
     48,  51, 168,   1,   3,   7,   9,  28,  45,  46,  47,  48,  49,  51, 167, 168,
      5,   6,  28,  32,  35,  40,  45,  46,  47,  48,  50,  52,   3,   4,   5,   6,
      7,   9,  28,  45,  46,  47,  48,  51,  52,  53,  56,  58,  59,  60,  61,  62,
    168, 169,   1,   3,   4,   9,  28,  45,  46,  48,  51, 167, 168,  37,   6,   7,
     10,  28,  31,  32,  33,  35,  40,  41,  47,  50,  52,  59,   1,   3,   4,   9,
     28,  45,  46,  48,  51, 167, 168,   1,   3,   4,   7,   9,  28,  45,  46,  47,
     48,  49,  51, 167, 168,   1,   3,   4,   7,   9,  28,  45,  46,  47,  48,  49,
     51, 167, 168,  37,   4,   5,   6,   7,   9,  28,  41,  45,  46,  47,  48,  52,
     59, 168, 169,   5,   6,  28,  31,  32,  33,  35,  40,  41,  47,  50,  52,  59,
      4,   5,   7,   9,  28,  31,  32,  33,  35,  40,  41,  45,  46,  47,  48,  59,
    168, 169,   4,   5,   7,   9,  28,  31,  40,  45,  46,  47,  48,  59, 168, 169,
     28,  31,  32,  33,  35,  40,  41,  47,  50,  52,  59,  28,  31,  32,  33,  34,
     35,  40,  41,  43,  44,  50,  51,  52,  59,  11,  12,  13,  14,  16,  17,  18,
     20,  25,  51,  54,  71,  72,  76,  77,  81,  82,  84,  86, 119, 124, 127, 130,
     11,  14,  18,  19,  20,  21,  22,  23,  24,  25,  54,  70,  72,  73,  74,  75,
     76,  77,  78,  79,  83,  85,  86, 121, 130,  19,  20,  21,  22,  24,  25,  19,
     21,  24,  70, 121,  11,  14,  18,  19,  21,  22,  23,  24,  25,  54,  70,  72,
     73,  74,  75,  76,  77,  78,  79,  83,  84,  85,  86, 121, 124, 130,  11,  12,
     13,  14,  16,  17,  18,  19,  20,  21,  22,  23,  24,  25,  54,   0,   1,   3,
      5,   7,   9,  11,  14,  19,  21,  23,  24,  25,  26,  28,  29,  51,  54,  66,
     68, 167, 168, 169,   1,   3,   4,   9,  28,  45,  46,  48,  51,  67,  69, 167,
    168,   7,   9,  28,  51,   1,   3,   4,   7,   9,  28,  45,  46,  47,  48,  49,
     51, 167, 168,   1,   3,   5,   6,   8,   9,  27,  28,  29,  30,  31,  32,  33,
     35,  36,  37,  38,  39,  40,  41,  42,  43,  44,  51,  56,  57,  58,  60,  61,
     62, 168,  37,  49,   1,   4,   9,  45,  46, 167, 168,  37,  45,  46,  47,  48,
     67,  69,  11,  14,  23,  24,  25,  29,  30,  34,  36,  37,  39,  54,  55,  56,
     57,  58,  60,  61,  62,  63,  66,  21,  24,  63,  68,   1,   2,   4,   5,  10,
     26,  28,  50,  51,  52,  71,  73,  76,  81,  82,  88,  92,  97,  99, 100, 101,
    102, 103, 104, 106, 116, 119, 120, 122, 127, 131, 167,   0,   1,   3,   4,   5,
      6,   7,   8,   9,  26,  28,  51,  75,  78,  83,  84,  86,  93,  94, 100, 101,
    103, 106, 116, 118, 122, 124, 129, 131, 132,   2,   3,   5,   6,   7,   8,   9,
     10,  28,  50,  52,  53,  70,  71,  73,  74,  75,  76,  77,  81,  82,  83,  85,
     87,  89,  90,  91,  92,  93,  94,  95,  96,  97,  98,  99, 100, 101, 102, 103,
    104, 105, 106, 107, 108, 109, 110, 111, 113, 115, 118, 119, 120, 122, 125, 126,
    128, 129, 131, 132, 169,   2,   5,   6,   9,  10,  26,  50,  52,  70,  71,  73,
     74,  76,  77,  81,  82,  83,  88,  91,  92,  93,  95,  97,  99, 100, 101, 102,
    103, 104, 106, 109, 115, 119, 120, 121, 122, 125, 127, 131, 168, 169,   1,   4,
    100, 101, 106, 116, 122, 131,   0,   1,   2,   3,   4,   9,  10,  26,  28,  51,
     70,  71,  81,  82,  84,  88, 100, 101, 106, 109, 112, 113, 114, 115, 116, 118,
    119, 122, 123, 124, 127, 131,   2,   4,   5,   6,   7,   9,  10,  28,  50,  52,
     70,  71,  73,  74,  76,  77,  78,  79,  81,  82,  83,  85,  86,  88,  91,  92,
     93,  95,  97,  99, 100, 101, 102, 103, 104, 106, 107, 108, 109, 110, 111, 115,
    116, 119, 120, 122, 124, 125, 127, 128, 130, 131, 169,   1,   2,   3,   5,   6,
      7,   8,   9,  10,  28,  50,  52,  53,  70,  71,  73,  74,  75,  76,  77,  78,
     80,  81,  82,  83,  85,  87,  88,  89,  90,  91,  92,  95,  96,  97,  98,  99,
    102, 105, 108, 109, 110, 111, 113, 115, 119, 120, 126, 128, 167, 168, 169,   1,
      2,   4,   5,   7,  10,  28,  50,  51,  52,  70,  71,  72,  73,  74,  76,  77,
     78,  79,  81,  82,  83,  84,  85,  86,  88,  91,  92,  93,  95,  97,  99, 100,
    101, 102, 103, 104, 106, 107, 108, 111, 116, 119, 121, 122, 124, 125, 127, 130,
    131, 167, 168, 169,   1,   2,   3,   4,   5,   7,   8,   9,  26,  28,  51,  75,
     78,  82,  83,  84,  86,  94, 114, 121, 129, 132,   1,   3,   4,   5,   7,  28,
     50,  51,  52,  71,  73,  74,  76,  77,  78,  79,  81,  82,  83,  84,  85,  91,
     93,  95, 101, 103, 104, 108, 114, 119, 127, 130, 131,   1,   2,   3,   7,   8,
      9,  26,  28,  51,  75,  78,  82,  83,  84,  86, 114,   1,   2,   3,   4,   9,
     10,  26,  28,  51,  75, 102, 104, 121,   0,   1,   2,   3,   5,   6,   7,   9,
     10,  26,  28,  51,  70,  73,  74,  75,  76,  77,  78,  79,  83,  85,  87,  91,
     93,  94,  95, 109, 112, 113, 114, 121, 129, 130, 132, 167, 168, 169,   0,   2,
      3,   5,   7,  26,  28,  51,  52,  73,  74,  76,  77,  78,  79,  83,  87,  91,
     95,  96, 101, 118, 122, 124, 126, 168, 169,   2,   3,   5,   6,   7,   8,   9,
     10,  28,  50,  52,  53,  70,  71,  73,  74,  75,  76,  77,  81,  82,  83,  85,
     87,  89,  90,  91,  92,  93,  94,  95,  96,  97,  98,  99, 100, 101, 102, 103,
    104, 105, 106, 107, 108, 109, 110, 111, 113, 115, 118, 119, 120, 121, 122, 125,
    126, 128, 129, 131, 132, 169,   0,   1,   2,   3,   5,   7,   9,  10,  26,  28,
     51,  70,  73,  74,  75,  76,  77,  78,  79,  83,  85,  87,  89,  90,  91,  93,
     94,  95,  96,  98, 105, 109, 112, 113, 114, 115, 123, 126, 129, 130, 132, 167,
    168, 169,   2,   4,   5,   6,   7,  10,  28,  50,  52,  70,  71,  76,  81,  82,
     83,  88,  91,  92,  93,  95,  97,  99, 100, 101, 102, 103, 104, 106, 109, 110,
    115, 116, 120, 121, 122, 125, 128, 131, 169,   1,   3,   4,   5,   7,  28,  50,
     51,  52,  71,  73,  74,  76,  77,  78,  79,  81,  82,  83,  84,  85,  91,  93,
     95, 101, 103, 104, 108, 114, 119, 127, 130, 131,   0,   1,   2,   3,   5,   6,
      7,   9,  10,  26,  28,  51,  70,  73,  74,  75,  76,  77,  78,  79,  83,  85,
     91,  94,  95, 112, 113, 114, 129, 130, 132, 167, 168, 169,   1,   3,   4,   9,
     28,  51, 101, 122, 168,   0,   1,   2,   4,   5,   6,   7,   8,  26,  93,  94,
    103, 129, 132,   1,   3,   4,   9,  28,  51,   3,   5,   6,   7,   9,  28,  50,
     51,  52,  91,  95, 100, 101, 103, 106, 118, 122, 125, 131,   1,   3,   7,  28,
     51,  91,  93,  95, 101, 102, 103, 104, 131,   1,   3,   4,   5,   6,   7,   8,
      9,  26,  28,  51,  94, 101, 122, 129, 132, 168,   1,   2,   6,   7,  10,  28,
     50,  52,  91,  92,  93,  95,  97,  99, 102, 103, 108, 110, 120, 128,   1,   3,
      4,   9,  28,  51,   2,   6,   7,  10,  28,  50,  52,  91,  92,  93,  95,  97,
     99, 102, 103, 108, 110, 120,   1,   3,   4,   5,   6,   7,   8,   9,  28,  51,
     93,  94, 101, 103, 107, 122, 129, 132, 167, 168,   1,   2,   3,   4,   5,   6,
      7,   8,   9,  26,  28,  51,  93,  94, 101, 103, 109, 122, 129, 132, 167, 168,
      5,   6,  28,  50,  51,  52,  91,  93,  95,  97, 100, 101, 102, 103, 106, 122,
      3,   5,   6,   7,   9,  28,  50,  51,  52,  91,  95, 100, 101, 103, 106, 118,
    122, 125, 131,   3,   5,   7,   9,  28,  51,  91,  92,  95,  97,  99, 100, 101,
    102, 103, 106, 118, 122, 131, 168, 169,   0,   1,   3,   4,   5,   6,   7,   8,
      9,  26,  28,  51,  93,  94,  95, 101, 103, 107, 109, 129, 131, 132, 167, 168,
      2,   6,   9,  10,  28,  50,  51,  52,  91,  92,  93,  95,  97,  99, 102, 103,
    110, 120,   1,   3,   7,  28,  51,  91,  93,  95, 101, 102, 103, 104, 114, 131,
      1,   3,   4,   9,  28,  51, 100, 101, 106, 122, 131,   1,   3,   4,   5,   6,
      7,   8,   9,  28,  51,  93,  94, 101, 103, 107, 129, 132, 167, 168,   1,   3,
      4,   5,   6,   7,   8,   9,  28,  51,  93,  94, 101, 103, 107, 129, 132, 167,
    168,   1,   2,   4,   9,  10,  26,  88, 109,   1,   2,   6,   9,  10,  26,  28,
     50,  51,  52,  92,  97,  99, 102, 110, 120,   1,   3,   9,  28,  50,  51,   1,
      2,   3,   4,   9,  10,  26,  28,  51,  88, 109,   1,   3,   4,   9,  28,  51,
    100, 101, 106, 122, 131, 135, 117,   2,   3,   6,   7,   8,   9,  10,  28,  51,
     52,  53,  70,  71,  74,  75,  76,  77,  78,  79,  81,  82,  83,  84,  85,  87,
     89,  90,  91,  92,  93,  94,  95,  96,  97,  98,  99, 100, 101, 102, 103, 104,
    105, 106, 107, 108, 109, 110, 111, 115, 118, 119, 120, 122, 125, 126, 128, 129,
    130, 131, 132,   4,   5,   6,   7,   9,  28,  52,  53,  91,  93,  95, 100, 101,
    103, 104, 106, 107, 118, 122, 125, 131,   1,   2,   4,   9, 104,   1,   4,   9,
     95, 100, 104, 106, 122, 125,   0,   1,   2,   4,   5,   6,   8,   9,  26,  70,
     72,  73,  74,  75,  76,  78,  79,  83,  84,  85,  86,  93,  94,  95,  98, 103,
    105, 107, 109, 112, 113, 114, 115, 123, 129, 130, 132,   1,   4,   5,   8,   9,
     26,  93, 100, 103, 106, 122,   2,   3,   5,   6,   7,   8,   9,  10,  28,  50,
     52,  53,  70,  71,  76,  80,  81,  83,  87,  88,  89,  90,  91,  92,  93,  94,
     95,  96,  97,  98,  99, 102, 103, 104, 105, 107, 108, 109, 110, 111, 115, 118,
    120, 121, 125, 126, 128, 129, 132, 167, 168, 169,   3,   4,   5,   7,   9,  28,
     51,  91,  92,  95,  97,  99, 100, 101, 103, 106, 118, 122, 131, 168, 169,   0,
      1,   2,   3,   4,   9,  26,  28,  51,  70,  84, 124,   1,   2,   3,   4,   9,
     10,  26,  28,  51,  88, 109,   1,   2,   3,   5,   7,   9,  26,  28,  51,  75,
     78,  79,  83,  85,  87,  96, 112, 113, 114, 126, 128, 130,   1,   3,   4,   5,
      6,   7,   8,   9,  26,  28,  51,  94, 129, 132,   2,   9,  50,  52,   1,   2,
      9, 102, 120,   1,   3,   4,   5,   6,   7,   8,   9,  26,  28,  51,  94, 129,
    132,   0,   1,   2,   3,   5,   6,   7,   9,  10,  26,  28,  51,  70,  76,  83,
     87,  91,  94,  95, 112, 113, 114, 121, 129, 132, 167, 168, 169,   1,   3,   4,
      5,   6,   7,   8,   9,  28,  51,  93,  94, 101, 103, 107, 122, 129, 132, 167,
    168,   2,   4,   5,   7,   8,  26,  28,  51,  82,  86,  93, 100, 101, 103, 106,
    108, 112, 113, 114, 116, 118, 122, 124, 131,   1,   2,   9,  10,  50,  52,  97,
    102, 120, 117, 133, 135, 170, 144, 146, 147, 153, 155, 157, 139, 145, 150, 153,
    156, 137, 143, 144, 146, 147, 149, 153, 137, 140, 143, 145, 146, 148, 149, 150,
    152, 153, 156, 137, 143, 148, 150, 153, 156, 137, 139, 143, 145, 146, 152, 153,
    154, 155, 156, 137, 140, 142, 143, 146, 148, 149, 150, 153, 156, 158, 143, 146,
    149, 150, 152, 153, 137, 138, 143, 145, 146, 150, 152, 153, 157, 158, 146, 148,
    149, 150, 153, 143, 144, 146, 143, 145, 147, 150, 152, 153, 156, 143, 150, 145,
    146, 147, 150, 152, 153, 157, 136, 137, 139, 144, 148, 150, 153, 137, 143, 145,
    146, 149, 150, 152, 153, 156, 158, 137, 143, 146, 148, 150, 153, 156, 139, 141,
    144, 146, 147, 149, 150, 151, 153, 157, 160, 161, 162, 163, 164, 165, 166, 164,
    163, 164, 166,  11,  12,  13,  14,  16,  17,  21,  22,  24,  54,  71,  76,  81,
     82, 121,  11,  12,  13,  14,  16,  17,  18,  19,  20,  21,  22,  23,  24,  25,
     54,  70,  71,  76,  81,  82,  83, 121, 134, 159, 171, 172,
};

static const int8_t ubuntu_10_regularKernSparseValues[] = {
     -26,   -8,   -8,  -41,   -8,   -8,    4,    3,   -4,  -45,   -8,  -38,  -24,  -26,  -23,   -8,
      -8,   -9,  -11,   -4,   27,  -10,  -10,  -10,  -10,   -6,    4,   -3,    5,    6,    4,  -10,
      -4,    9,  -10,  -10,  -15,    6,   -4,   -7,   -7,   -4,   -4,   -4,   -4,   -4,   -4,   -9,
     -11,   -6,   -9,  -14,   -7,   -7,   -9,   -4,   -5,   -9,   -7,   -7,   -6,   -4,   -4,   -9,
      -6,   -6,   -6,   -5,  -14,   -4,   -6,  -21,   -3,   -3,  -41,   -8,  -32,   -3,  -37,  -25,
     -21,  -24,  -10,   -5,   -8,   -6,   -6,    8,  -10,  -10,    9,  -11,  -11,    5,  -23,   -8,
     -26,  -13,    3,  -27,    6,    6,  -23,  -10,    8,    6,  -11,  -11,    3,  -39,  -14,  -27,
     -34,  -10,   -9,  -17,   -4,  -10,  -17,   -5,   -5,  -17,    5,   -4,   -7,  -11,  -14,   -7,
     -13,   -5,    5,  -10,   -6,    5,  -17,    5,   -8,  -17,   -9,   -9,  -24,   -9,   -9,   10,
      11,    7,    7,   11,    3,  -26,   10,   -9,  -21,  -20,    9,  -17,  -20,    6,   -9,   -9,
       7,    6,   -7,   11,   -4,   -4,   -4,   -4,  -28,   -4,   -7,   -4,  -13,  -28,   -4,   -4,
      -4,  -13,   -7,   -9,   -3,   -3,   -9,   -3,   -3,   -6,  -15,   -4,  -12,   -8,  -13,  -18,
     -11,  -13,  -15,   -3,   -5,   -7,   -8,  -13,   -9,   -7,  -15,  -10,   -3,   -3,  -13,   -4,
      -9,   -5,  -18,   -9,  -26,   -6,  -21,    9,    6,   -5,   11,   -6,   -6,   10,   -6,   -6,
       5,  -21,   -3,  -21,   -6,    8,  -26,    6,   -9,   -4,   -4,   -4,   -5,   -4,   -4,    4,
      -5,   -7,   -6,    9,   -5,    5,   -7,   -3,   -6,   11,   -4,  -17,  -24,  -23,    8,   -4,
      -4,   -8,   -4,   -3,   -7,   -4,   -7,   -6,   -4,   -7,   -8,  -11,   -4,   -7,   -4,   -5,
      -8,    7,  -10,    5,   -6,    7,   -7,   -7,    8,   -7,   -7,    3,    6,    6,    4,    6,
       3,   -3,   -5,   -5,   -5,   -5,   -5,   -5,   -7,   -5,   -6,    5,   -5,   -9,  -15,    7,
      -5,    4,    6,   -5,   -9,   -4,  -11,  -11,  -14,  -13,   -4,   -6,   -8,   -4,   -9,   -6,
      -6,   -8,  -14,   -5,   -4,  -14,   -5,  -10,  -14,  -10,  -10,   -7,   -4,  -11,   -5,   -7,
      -4,    4,   -5,    6,   -9,   -9,    6,   -9,   -9,   -7,   -6,  -14,   -5,   -6,   -5,   -8,
      -6,   -5,   -5,   -6,   -8,   -8,    3,   -8,   -6,   -7,   -8,    6,   -5,   -4,   -3,   -8,
     -22,  -20,   -6,    4,   -6,  -15,   -4,   -4,  -27,   -4,   -4,    5,    6,    7,   -5,  -14,
     -17,   -5,   -5,   -5,   -5,   -9,   -5,   -5,   -8,  -12,   -9,   -7,  -25,   -5,   -8,   -6,
     -34,   -3,   -8,   -3,   -6,   -6,   -3,   -3,   -3,  -12,   -3,   -5,   -6,  -11,   -6,   -6,
      -8,   -5,   -4,   -6,  -11,    5,  -16,    6,    4,   -6,   11,  -12,  -12,    9,  -12,  -12,
       6,    7,    3,    9,    7,    7,   -9,   -7,   -7,   -7,   -7,   -7,   -7,    5,   -4,   -5,
     -16,    9,   -3,    5,   -6,  -20,   12,    7,   -8,    4,    4,   -4,    5,  -42,   -3,  -46,
       8,  -23,    4,    9,  -15,  -15,    9,  -15,  -15,    5,  -38,   -6,  -33,  -15,    7,  -38,
       5,  -11,   -4,   -4,   -4,   -4,   -4,   -4,  -13,  -12,    7,   -7,    3,   -8,   -5,  -13,
       4,   10,  -28,  -40,  -39,    5,   -2,   -3,   -5,   -8,   -4,   -9,  -11,  -14,  -11,   -4,
      -6,   -8,   -3,   -9,   -6,   -5,   -8,  -14,   -5,   -3,  -14,   -4,  -10,  -13,   -9,   -9,
      -5,   -3,  -10,   -4,   -4,   -8,  -30,  -21,  -17,  -32,   -6,   -5,  -14,   -6,   -7,   -7,
     -11,   -7,   -7,   -4,    3,    3,    3,   -8,   -6,  -28,   -5,    3,  -38,   -5,   -8,   -4,
     -11,  -11,   -4,   -6,   -8,   -3,   -9,   -6,   -5,   -8,  -14,   -5,   -3,   -5,    5,  -13,
      -9,   -5,   -3,   -7,   -4,    5,    4,   -4,   -5,    9,   -4,   -4,    7,   -4,   -4,   -3,
       6,   -6,    5,  -11,    7,    3,   -6,   -5,   -7,   10,   -5,    5,   -9,    4,  -25,  -16,
     -29,  -28,    7,  -17,  -21,   -9,   -9,  -30,   -9,   -9,    8,    9,    6,    5,   10,  -11,
     -15,  -18,  -18,  -18,  -18,  -13,  -18,  -18,  -15,  -11,   -7,  -27,   -6,   -7,  -10,   -8,
     -28,  -25,  -24,    7,   10,  -26,   17,    7,    4,  -24,  -22,  -22,   -3,   -3,  -14,   -3,
      -3,   -5,   -5,  -12,   -5,   -6,   -3,   -7,  -11,   -5,   -7,    5,  -11,    5,  -25,   -3,
     -22,   -7,    8,  -13,  -21,   -6,   -6,  -32,   -2,   -6,   -6,    9,   10,    7,    6,   11,
      -9,   -8,  -15,  -15,  -15,  -15,  -10,  -15,  -15,   -5,   -8,   -1,   -8,  -14,   -4,  -27,
       4,   11,  -17,   14,   10,    4,   -9,   -8,    6,    8,  -25,    4,   -5,  -12,  -16,   -4,
       5,   -6,   -6,   -5,   -5,  -20,   -5,   -5,    6,    7,    4,    3,    8,  -12,  -10,   -7,
      -7,   -7,   -9,   -7,   -7,   -7,   -6,   -6,   -6,   -7,  -16,    6,   -9,    4,   -5,    6,
       8,  -13,   -8,   -9,    4,   -9,    3,   -9,    9,   -8,   -8,    7,   -8,   -8,    4,    6,
       6,    6,    4,  -11,   -6,   -6,   -6,   -6,   -6,   -6,   -3,   -4,  -12,    6,   -2,   -9,
     -16,    9,  -10,   -6,    3,  -14,    6,  -22,  -16,  -27,  -13,    8,  -19,  -26,  -14,  -14,
     -38,   -3,  -14,  -14,   10,   11,    8,    7,   12,    4,   -9,  -14,  -16,  -16,  -16,  -16,
     -13,  -16,  -16,   -7,  -11,   -5,   -9,   -7,  -25,  -11,  -27,   14,  -26,   13,   11,  -14,
     -13,    4,    6,  -26,   -7,    4,  -20,   -5,    6,  -12,  -12,    6,  -12,  -12,   -5,    3,
       4,   -6,  -14,   -5,   -6,   -5,   -8,   -6,   -5,   -4,   -6,   -8,   -8,    3,   -8,  -12,
      -5,  -17,    6,    3,   -5,    4,   -9,  -14,  -14,   -9,  -14,  -14,   -9,  -11,  -13,  -10,
     -12,  -12,   -9,  -14,   27,   -9,  -11,  -14,   -6,   -7,   -8,  -10,   -9,    9,  -10,  -14,
     -14,  -12,  -16,  -12,  -16,   -9,   -9,   -5,  -10,   -3,   -3,   -3,   -3,   -3,   -3,   -5,
      -3,   -3,   -3,   -3,   -3,   -7,   -4,   -7,   -6,   -9,   -8,   -7,   -9,  -10,   -5,   -4,
      -5,   -7,   -8,  -12,   -9,   -7,   -9,  -10,   -4,   -4,   -6,   -4,   -7,   -7,  -11,  -11,
       3,  -11,   -9,   -4,   -5,   -4,    4,    3,    5,    4,   -7,  -10,   13,    4,  -17,  -12,
     -14,    8,   13,    6,    6,    5,    6,   13,   -6,    3,   10,   13,   -6,   13,   10,   13,
       7,  -18,  -12,   -8,   -7,   -9,  -10,   -5,   -4,   -6,   -7,  -10,  -10,    3,   -9,    4,
      -7,   -8,   -9,   -9,   -9,  -10,  -10,   -9,    6,   -6,  -11,   -9,  -10,   -8,   -7,   -9,
     -10,   -5,   -5,   -6,   -7,   -7,   -9,  -11,   -9,   -7,   -8,  -10,  -10,   -5,   -4,   -6,
      -5,   -7,   -7,   -7,   -9,  -11,   -9,   -7,   -7,   -9,  -10,   -5,   -4,   -6,   -5,   -6,
      -7,   -7,   -9,   10,    4,  -18,  -11,  -15,  -14,   -8,   -4,    7,    6,    5,    7,   -7,
      -6,    5,  -17,    4,  -13,   -9,   -4,   -5,   -3,   -3,   -5,   -4,    6,   -7,   -9,   -4,
       3,  -12,  -11,  -13,   -9,   -5,   -5,   -5,   -4,   -5,   -5,    6,    6,    5,    6,   -6,
       4,  -12,    3,  -11,   -9,  -12,   -9,   -4,   -4,    6,    6,    5,    6,   -5,    4,  -10,
      -9,   -7,   -7,   -7,   -7,   -7,   -7,    6,   -7,  -10,   -8,  -11,   -6,   -7,   -6,   -4,
      -7,   -7,   -6,   -4,   -4,   -9,   -7,  -11,   -6,   -4,   -9,  -10,   -4,  -10,  -10,   -7,
      -8,   -6,   27,   -4,   -9,   -6,   -4,    9,  -10,  -10,   -4,   -7,  -11,   -3,   -5,   -3,
      -7,   -7,   -6,   -8,   -4,   -8,   -6,  -10,   -8,  -11,   -7,   -8,   -6,   -5,   -6,   -8,
      -7,   -6,   -8,   -9,  -10,   -8,   -5,   -8,   -8,  -28,   -4,  -10,   -7,  -16,   -4,  -26,
      -4,  -11,  -26,  -11,   -7,  -14,   -7,  -29,  -15,   -7,  -17,  -26,  -14,  -15,  -29,   -8,
     -12,  -12,  -18,   -7,  -11,  -19,  -13,  -17,   -5,  -14,   -8,  -26,   -3,  -13,  -15,  -12,
     -12,  -21,  -12,  -12,  -10,  -37,  -15,  -16,  -13,  -23,  -22,  -23,  -24,   -5,  -11,  -13,
     -20,  -14,  -11,   -9,  -19,  -15,   -7,  -14,  -14,  -16,   -5,  -14,   -5,   -9,  -16,  -14,
      -8,   -8,   -5,  -19,  -13,   -9,  -11,   -7,   -7,   -9,   -8,   -9,   -7,  -11,   -7,  -10,
     -10,   -7,    5,    4,    4,  -13,   -9,   -7,   -7,   -9,  -10,   -5,   -4,   -6,   -5,   -6,
      -7,  -12,  -12,    6,   20,   -4,   -4,   -4,   15,   30,   23,   -4,    5,   -4,   -4,   -4,
      -4,    3,    3,    5,   -4,   -4,   -4,   -4,    3,   -4,   23,   23,   31,   37,   37,   37,
      29,    7,    6,   -4,  -14,   -7,   -8,   -5,   -4,  -11,  -11,   -5,   -8,   -7,   -5,   -8,
     -11,   -8,  -12,  -21,  -10,   -5,   -5,   -7,   -4,   -4,   -4,   -4,   -4,  -19,   -4,   -4,
      -4,   -4,   -4,   -4,   -4,   -4,   -6,   -5,   -7,   -4,   -5,   -5,   -7,   -4,    4,   -5,
      -6,  -14,   -6,   -7,   -8,   -9,    5,    6,   -9,   -9,   -5,   -5,   -6,   -5,   -5,   -8,
      -6,    3,   -6,   -5,   -5,   -8,   -4,   -8,   -6,   -6,   -4,   -4,  -12,   -6,  -10,   -4,
       5,   -5,   -4,   -4,   -6,  -14,   -9,   -4,   -6,   -6,   -7,   -6,   -6,   -3,  -11,   -5,
      -5,  -11,  -11,   -3,   -5,   -6,   -3,  -10,   -3,   -9,    4,  -25,  -16,  -29,  -28,    7,
     -17,  -11,   -8,  -28,  -25,    8,   -9,  -37,  -22,    7,  -21,  -21,   -9,   -9,    5,    6,
     -32,  -30,  -31,  -38,  -38,  -25,  -27,  -38,  -35,  -38,  -31,  -38,  -21,  -21,  -26,  -22,
     -25,  -31,  -21,  -26,  -37,    9,  -38,  -35,   14,    9,  -25,   -7,  -40,  -21,  -31,  -32,
     -32,  -44,  -21,  -37,  -22,   -8,    7,  -10,    5,   -6,   -3,   -9,  -15,    6,   -7,    7,
       6,    7,    6,   -7,   -7,    4,   -5,    6,   -5,    5,    6,   -5,   -5,  -11,   -5,   -5,
       5,  -16,  -11,    7,    7,  -10,   -3,    6,   -5,  -17,   -4,  -12,    4,    6,   -4,   -6,
     -15,   -5,  -11,   -8,   -5,   -7,   -5,  -25,   -6,   -7,  -12,  -10,   -4,   -6,  -17,  -12,
     -17,   -4,   -4,   -5,  -10,   -4,  -12,   -8,  -12,   -5,   -6,   -6,   -6,   -5,  -12,   -4,
      -4,   -7,   -4,   -7,   -3,  -13,   -6,  -11,    5,  -16,    6,    4,   -6,   -9,   -6,  -20,
       6,  -12,    8,    8,   11,    9,    8,    5,  -12,  -12,    9,    7,    6,   -8,    9,   -6,
       9,    8,   -6,   -6,  -13,  -16,   -9,    9,  -20,   -8,    6,    6,    7,   -6,    5,    7,
      -8,  -14,   -7,  -16,  -13,  -20,   -6,   -5,    6,  -17,    5,    5,  -11,    5,  -25,   -3,
     -22,   -7,    8,  -13,   -9,   -8,  -14,   -4,    9,   -6,  -27,  -21,    8,  -21,  -20,    5,
      -2,   -6,   -6,    6,    6,   -9,   -6,   -6,   -6,  -21,  -13,  -21,  -10,  -13,   -6,  -13,
     -13,   -6,  -10,   11,  -13,   -6,   14,   11,   -7,  -13,   -9,   -8,    6,    8,  -25,  -26,
      -6,  -21,    9,    6,   -5,   -9,   -7,   -3,   -6,  -21,   -6,    5,    9,    8,   11,    9,
       7,    5,   -6,   -6,    8,  -17,    7,    5,   -5,    9,   -4,    9,    8,   -4,   -4,  -13,
      -5,   -4,    9,   -9,   -8,    6,    6,    5,   -8,   -8,  -26,   -7,  -12,   -6,   -5,    6,
     -12,  -24,  -23,    8,   -4,   -4,   -8,   -4,   -3,   -7,   -4,   -7,   -4,  -11,   -7,   -4,
      -6,   -3,   -7,   -6,   -5,   -4,   -3,   -8,   -4,   -4,   -4,    9,   -6,    6,   14,    8,
      -5,    8,   -5,   -6,    8,    7,    8,    7,    6,    5,   -6,   -9,    6,   -9,    6,    7,
       7,    7,   10,    7,   -6,    5,   22,   -8,   -3,    6,   10,   -4,   -4,   -9,   -5,   -4,
      -4,   -4,  -13,   -9,   -3,   -5,   -4,   -5,   -5,   -5,   -3,   -5,   -5,   -7,   -5,   -4,
      -4,   -4,  -11,   -8,   -2,   -3,   -4,   -3,   -5,   -8,   -4,   -9,  -11,    5,  -14,  -11,
      -4,   -3,  -14,  -10,   -9,   -8,   -8,  -12,   -6,   -7,  -16,  -10,   -8,  -10,   -4,   -8,
      -3,   -4,   -9,   -4,   -4,   -4,   -5,  -14,   -4,   -9,   -4,   -5,   -3,  -10,   -4,   -4,
      -8,  -30,  -21,   -5,  -14,   -8,   -6,  -31,  -24,  -17,  -23,   -9,   -5,   -6,   -6,  -15,
     -16,   -4,    3,    5,    3,    5,   -4,    3,  -38,   -9,    4,  -25,  -16,  -29,  -28,    7,
     -17,  -11,   -8,  -28,  -25,    8,   -9,  -22,  -22,    7,  -21,  -21,   -9,   -9,    5,    6,
     -15,  -25,  -25,  -23,  -18,  -23,  -27,  -23,  -25,  -18,  -13,  -18,  -21,   -7,  -18,   -6,
     -25,  -25,  -21,  -26,  -25,    9,  -26,  -26,   14,    9,  -23,   -7,  -26,   10,   -7,  -22,
     -27,  -27,  -45,  -21,  -38,  -22,   -5,   -8,   -4,   -9,  -11,  -14,  -11,   -4,   -3,  -14,
     -10,   -9,  -18,  -19,  -12,   -6,  -18,  -20,  -15,   -8,  -13,   -6,   -5,   -4,  -13,   -4,
      -3,  -14,   -6,   -5,   -4,   -5,   -5,   -5,   -5,   -5,   -5,   -6,   -3,  -19,   -3,   -5,
      -3,  -10,   -8,   -9,    4,   -9,    3,   -9,  -11,   -9,  -16,    4,   -8,    9,   -8,   -8,
       6,   -9,    7,   -6,    7,    6,   -6,   -6,  -10,   -2,   -6,    6,  -15,  -10,    6,   -7,
       6,   -9,   -8,    6,   -4,  -16,   -6,  -11,    3,   -4,    9,   -6,    6,   14,    8,   -5,
       8,   -5,   -6,    8,    7,    8,    7,    6,    5,   -6,   -9,    6,   -9,    6,    7,    7,
       7,   10,    7,   -6,    5,   23,   -8,   -3,    6,   10,   -5,   -8,   -4,   -9,  -11,    5,
     -14,  -11,   -4,   -3,  -14,  -10,   -9,   -7,   -7,  -11,   -6,   -6,  -15,  -10,   -8,   -9,
      -8,   -4,   -9,   -4,   -4,   -5,   -4,   -9,   -4,   -5,   -3,  -10,   -9,   -8,   -7,   -9,
     -10,   -7,   -5,   -5,   -8,   -4,   -8,   -4,   -6,   -6,    6,   -7,   -6,   -6,   -7,   -5,
      -4,   -5,   -5,  -12,   -8,   -5,   -7,   -9,   -6,   -5,  -26,  -19,  -15,  -17,   -9,   -6,
      -4,   -7,  -15,  -12,    7,    7,    6,    7,    8,    7,    7,    7,  -10,    8,   11,    8,
       8,    7,    7,    7,    8,   -4,    7,   -4,   10,   -9,   -9,   -6,   -4,    5,   -4,   -4,
     -10,   -4,  -10,   -7,   -4,   -4,   -4,   -4,   -4,   -8,   -4,   -6,   -9,    4,   -7,   -8,
      -6,  -11,    8,   -9,    8,    7,  -10,   -9,  -10,    6,    5,   -7,   -8,   -4,  -12,   -8,
      -6,   -8,  -11,   -7,   -5,   -9,    4,   -7,   -8,   -6,  -11,    8,   -9,    8,    7,  -10,
      -9,  -10,    6,    5,   -8,   -8,  -11,   -9,   -7,   -7,    6,   -8,   -6,  -10,  -10,   -7,
      -8,   -6,   -5,   -6,   -4,   -5,   -6,   -6,   -7,   -9,  -11,   -4,   -9,   -7,   -6,    6,
      -7,   -6,   -9,   -6,  -10,   -7,   -7,   -5,   -5,   -6,   -4,   -5,   -5,   -5,   -7,   -9,
       3,  -11,   -9,   -7,   -4,  -10,    7,    7,    6,   -4,    5,    4,   -4,    5,    5,    4,
      -4,  -17,  -10,  -15,  -16,   -8,   -6,   -4,   -6,  -12,  -12,    7,    7,    6,    7,    8,
       7,    7,    7,   -5,   -7,  -10,  -11,   -9,   -4,   -8,   -4,   -9,   -4,   -4,    7,    6,
      -4,    4,    7,    6,    6,    6,    4,  -10,   -7,  -11,   -9,   -7,   -8,    6,   -8,   -7,
     -10,   -6,  -10,   -7,   -9,   -7,   -4,   -5,   -6,   -5,   -4,   -7,   -4,   -7,   -7,   -9,
      -5,   -5,   -4,   -4,   -9,   -7,   -4,  -10,    7,   -7,    7,    6,   -7,   -7,   -7,    6,
      -5,   -5,  -10,    8,   11,    8,    8,    7,    7,    7,    8,   -4,    7,   -4,   28,   10,
     -27,   -8,  -17,   -6,  -11,   -6,  -16,   -6,  -11,   -6,   -7,  -11,   -9,   -7,   -6,    6,
      -8,   -5,  -10,  -10,   -7,   -7,   -5,   -5,   -6,   -4,   -5,   -5,   -7,   -9,  -11,   -9,
      -7,   -7,    6,   -8,   -6,  -10,  -10,   -7,   -8,   -6,   -5,   -6,   -4,   -6,   -6,   -7,
      -9,  -19,   -6,   -8,  -10,   -4,   -4,   -4,   -6,   -4,   -6,   -5,   -5,   -4,   -4,  -11,
      -8,   -6,  -10,   -4,   -4,   -4,   -5,   -4,   -4,   -8,   -9,   -6,  -12,   -4,   -7,  -19,
      -6,   -8,   -8,  -10,   -4,   -4,  -14,  -11,   -4,   -4,  -25,   -8,  -17,   -6,  -11,   -6,
     -13,   -6,  -10,   -6,   -7,    3,    3,   -6,    7,  -22,  -23,  -16,   12,  -13,    8,    8,
     -30,  -15,   13,   -6,  -17,   11,  -23,  -17,    7,    6,   -6,  -10,    8,    6,   11,  -18,
     -15,  -17,  -35,  -29,  -11,  -13,  -32,  -21,  -29,  -17,  -30,   -6,   -6,  -26,   -8,  -12,
     -17,   -6,  -12,  -25,   15,  -29,  -21,   15,  -11,   -7,  -30,   -6,  -17,  -18,  -19,  -13,
       6,   -7,  -13,    7,  -26,   -7,  -15,  -12,   -5,   -5,    6,   -9,    7,   -9,   11,   11,
      10,    6,   11,    6,   10,   11,    8,   10,  -14,   -4,   -6,   -5,   -6,  -32,  -22,   -4,
       5,  -17,   -5,  -11,   -9,   -5,   -6,  -19,   -4,   -6,  -11,    6,   -5,  -11,   -7,  -21,
      -6,   -5,   -6,  -11,   -5,  -13,   -7,  -12,   -4,   -7,   -6,  -10,   -7,   -7,   -3,   -6,
      -5,   -6,   -5,   -5,   -5,    9,   -5,   -5,   -7,   -7,   -7,  -22,  -10,   -4,   -4,  -10,
      -5,   -5,  -11,   -5,  -11,   -5,  -14,    6,  -22,  -16,  -27,  -13,    8,  -19,   -9,   -7,
     -25,  -11,   10,  -14,  -26,   -3,  -14,    7,  -14,   -9,  -11,  -12,  -25,  -16,   -6,   -8,
     -25,  -16,  -16,  -13,  -16,  -23,   -5,   -7,  -12,   -7,  -18,   11,  -22,  -14,   11,   -4,
     -22,   12,   -9,  -14,  -14,   -8,   -8,    4,    6,  -26,   -4,    3,  -12,  -11,  -13,   -9,
      -4,   -9,   -5,  -12,   -5,   -5,    7,    6,    5,    7,    6,    6,    7,    4,  -12,   -4,
     -29,   -5,   -6,   -9,   -9,   -6,  -16,  -11,  -27,   -7,   -4,  -19,   -6,   -8,   -8,  -10,
      -4,   -5,  -15,  -12,   -4,   -4,   -6,   -4,  -11,   -6,   -7,   -6,   -6,  -15,  -10,   -7,
      -4,   -4,   -4,   -3,   -6,   -4,   -5,   -5,   -5,   -6,   -5,   -3,  -15,  -10,   -6,   -4,
       5,   -4,   -4,  -11,   -4,  -13,   -9,   -4,   -4,   -4,   -4,   -4,   -6,   -5,   -8,   -4,
      -8,   -4,   -4,  -14,  -10,   -6,   -5,    5,   -4,   -4,  -10,   -4,  -13,   -9,   -4,   -4,
      -4,   -5,   -8,   -4,   -9,  -11,    5,  -14,  -11,   -4,   -3,  -14,  -10,   -9,   -6,   -8,
      -4,   -7,   -4,   -8,   -4,   -4,   -4,  -14,   -4,   -4,   -5,   -3,  -10,  -11,   -9,   -7,
      -6,    6,   -8,   -5,  -10,  -10,   -7,   -7,   -6,   -5,   -6,   -4,   -5,   -6,   -6,   -7,
      -9,   -4,   -6,   -4,   -5,   -4,   -5,  -14,   -5,   -4,   -6,   -5,  -11,   -7,   -4,  -11,
      -4,   -4,   -4,   -4,   -9,   -4,   -7,   -8,  -10,   -7,   -6,   -5,   -4,   -7,   -8,   -4,
      -4,   -4,  -20,  -23,  -20,   -7,   -7,   -2,   -2,   -7,   -3,   -7,   -4,   -6,  -11,  -11,
      -8,    1,   -6,  -11,   -4,   -5,   -7,   -8,  -13,   -7,   -6,  -17,  -12,   -8,   -4,  -11,
     -17,  -12,  -12,   -2,   -5,   -3,   -2,   -7,   -4,   -6,   -4,   -7,   -6,   -2,   -4,   -7,
      -6,   -6,   -4,  -21,   -7,   -2,   -2,   -2,  -10,   -2,   -2,   -8,   -7,   -7,   -6,   -4,
      -5,   -5,   -9,   -9,  -13,   -1,   -6,  -10,   -9,   -6,  -12,   -5,    6,   -2,   -7,   -4,
      -7,   -7,   -9,   -5,   -5,   -8,   -1,  -10,   -1,   -1,  -10,   -4,   -4,   -2,   -8,   -2,
      -7,   -2,   -2,   -9,   -1,   -2,   -4,   -8,   -6,   -7,   -8,  -11,   -9,  -13,   -7,   -5,
      -6,   -2,   -4,  -10,   -4,   -7,   -7,   -8,   -1,   -8,   -2,   -4,   -2,   -2,  -15,  -17,
      -5,   -6,   -1,  -11,  -13,  -13,   -8,   -7,   -3,   -2,   -7,   -7,   -7,   -2,   -3,   -3,
      -3,   -3,   -3,  -25,   -7,   -7,  -38,   -7,   -7,    6,    6,    4,  -44,   -7,  -25,   -7,
      -7,    4,    9,   -8,   -8,    9,   -9,  -10,    5,  -22,   -6,  -25,  -11,    4,  -26,    7,
       7,  -22,   -8,    9,   -9,   -9,    4,  -26,   -3,  -13,   -8,  -10,
};

static const EpdLigaturePair ubuntu_10_regularLigaturePairs[] = {
    { 0x00660066, 0xFB00 }, // f f -> U+FB00
    { 0x00660069, 0xFB01 }, // f i -> U+FB01
    { 0x0066006C, 0xFB02 }, // f l -> U+FB02
    { 0xFB000069, 0xFB03 }, // U+FB00 i -> U+FB03
    { 0xFB00006C, 0xFB04 }, // U+FB00 l -> U+FB04
};

static const EpdFontData ubuntu_10_regular = {
    ubuntu_10_regularBitmaps,
    ubuntu_10_regularGlyphs,
    ubuntu_10_regularIntervals,
    88,
    24,
    20,
    -4,
    false,
    nullptr,
    0,
    nullptr,
    nullptr,  // kernLeftClasses: built-in fonts use the split arrays below
    nullptr,  // kernRightClasses
    ubuntu_10_regularKernLeftCodepoints,
    ubuntu_10_regularKernLeftClassIds,
    ubuntu_10_regularKernRightCodepoints,
    ubuntu_10_regularKernRightClassIds,
    nullptr,  // kernMatrix: built-in fonts use the sparse form below
    ubuntu_10_regularKernRowOffsets,
    ubuntu_10_regularKernSparseCols,
    ubuntu_10_regularKernSparseValues,
    456,
    547,
    161,
    173,
    ubuntu_10_regularLigaturePairs,
    5,
};
